sample,work_ns,cpu_utilization
1,25854,100.00
2,25929,100.00
3,22276,100.00
4,48174,0.00
5,33879,100.00
6,25043,100.00
7,43931,100.00
8,25219,100.00
9,42906,0.00
10,36225,100.00
11,29138,100.00
12,24913,100.00
13,38365,100.00
14,32563,0.00
15,28745,100.00
16,29204,100.00
17,21998,100.00
18,33146,100.00
19,31016,0.00
20,26351,100.00
21,24549,100.00
22,23629,100.00
23,32516,100.00
24,33290,0.00
25,25737,100.00
26,24300,100.00
27,25221,100.00
28,33011,100.00
29,34413,0.00
30,29257,100.00
31,23681,100.00
32,31814,100.00
33,27153,100.00
34,29016,0.00
35,27391,100.00
36,29879,100.00
37,27843,100.00
38,27972,100.00
39,30731,0.00
40,22416,100.00
41,24815,100.00
42,20823,100.00
43,35224,100.00
44,25524,0.00
45,23386,100.00
46,25208,100.00
47,26080,100.00
48,38277,100.00
49,34815,0.00
50,30159,100.00
51,24527,100.00
52,36483,100.00
53,33564,100.00
54,28161,0.00
55,23731,100.00
56,21877,100.00
57,34920,100.00
58,31547,100.00
59,24341,0.00
60,22021,100.00
61,21570,100.00
62,33027,100.00
63,30160,100.00
64,27258,0.00
65,26101,100.00
66,23906,100.00
67,35171,100.00
68,32060,100.00
69,26792,0.00
70,25953,100.00
71,32582,100.00
72,32328,100.00
73,28225,100.00
74,25033,0.00
75,23750,100.00
76,28438,100.00
77,30405,100.00
78,25452,100.00
79,20361,0.00
80,23569,100.00
81,28510,100.00
82,28031,100.00
83,27744,100.00
84,24459,0.00
85,24293,100.00
86,30304,100.00
87,33195,100.00
88,31488,100.00
89,24760,0.00
90,24063,100.00
91,43378,100.00
92,32336,100.00
93,27377,100.00
94,23705,0.00
95,22069,100.00
96,31260,100.00
97,30952,100.00
98,25309,100.00
99,24596,0.00
100,20762,100.00
101,37973,100.00
102,30820,100.00
103,26647,100.00
104,24523,0.00
105,22671,100.00
106,40178,100.00
107,33491,100.00
108,26762,100.00
109,27431,0.00
110,38006,100.00
111,37395,100.00
112,34496,100.00
113,27018,100.00
114,25966,0.00
115,38599,100.00
116,35124,100.00
117,29195,100.00
118,23882,100.00
119,24242,0.00
120,32636,100.00
121,33497,100.00
122,23945,100.00
123,25110,100.00
124,25389,0.00
125,35681,100.00
126,36670,100.00
127,30999,100.00
128,25950,100.00
129,32204,0.00
130,33240,100.00
131,35930,100.00
132,28941,100.00
133,25025,100.00
134,28982,0.00
135,26639,100.00
136,31244,100.00
137,23433,100.00
138,24483,100.00
139,20782,0.00
140,40603,100.00
141,29145,100.00
142,23145,100.00
143,25162,100.00
144,25810,0.00
145,31624,100.00
146,32727,100.00
147,28318,100.00
148,24754,100.00
149,33318,0.00
150,31206,100.00
151,28201,100.00
152,24584,100.00
153,21138,100.00
154,36334,0.00
155,32275,100.00
156,26006,100.00
157,19923,100.00
158,21792,100.00
159,31327,0.00
160,27628,100.00
161,23868,100.00
162,25806,100.00
163,23028,100.00
164,35767,0.00
165,33830,100.00
166,30954,100.00
167,27539,100.00
168,35208,100.00
169,34546,0.00
170,30141,100.00
171,24013,100.00
172,24968,100.00
173,31819,100.00
174,35096,0.00
175,28047,100.00
176,22674,100.00
177,24990,100.00
178,28744,100.00
179,31592,0.00
180,23343,100.00
181,23477,100.00
182,24521,100.00
183,33762,100.00
184,30624,0.00
185,31522,100.00
186,25339,100.00
187,30173,100.00
188,28921,100.00
189,34336,0.00
190,28253,100.00
191,24395,100.00
192,28670,100.00
193,31512,100.00
194,29519,0.00
195,22261,100.00
196,23928,100.00
197,20341,100.00
198,32948,100.00
199,26169,0.00
200,23269,100.00
201,25175,100.00
202,24174,100.00
203,36091,100.00
204,33993,0.00
205,27824,100.00
206,24526,100.00
207,33824,100.00
208,36428,100.00
209,29522,0.00
210,24234,100.00
211,20266,100.00
212,34019,100.00
213,30640,100.00
214,24598,0.00
215,21055,100.00
216,22021,100.00
217,32452,100.00
218,29150,100.00
219,24583,0.00
220,27325,100.00
221,25250,100.00
222,35557,100.00
223,35581,100.00
224,29010,0.00
225,28641,100.00
226,33711,100.00
227,28725,100.00
228,27945,100.00
229,23877,0.00
230,24047,100.00
231,29944,100.00
232,29327,100.00
233,25286,100.00
234,23784,0.00
235,23826,100.00
236,28903,100.00
237,29253,100.00
238,22389,100.00
239,23634,0.00
240,24459,100.00
241,33098,100.00
242,34491,100.00
243,30647,100.00
244,25558,0.00
245,30343,100.00
246,28217,100.00
247,33540,100.00
248,27587,100.00
249,25625,0.00
250,28423,100.00
251,31333,100.00
252,33043,100.00
253,28971,100.00
254,24061,0.00
255,20729,100.00
256,40477,100.00
257,30670,100.00
258,25657,100.00
259,27548,0.00
260,24117,100.00
261,40673,100.00
262,34023,100.00
263,28939,100.00
264,30120,0.00
265,33883,100.00
266,34064,100.00
267,29766,100.00
268,25008,100.00
269,20938,0.00
270,33158,100.00
271,31442,100.00
272,24632,100.00
273,22020,100.00
274,23524,0.00
275,33844,100.00
276,29409,100.00
277,23317,100.00
278,23510,100.00
279,23543,0.00
280,31790,100.00
281,33011,100.00
282,29444,100.00
283,23811,100.00
284,28889,0.00
285,26221,100.00
286,29096,100.00
287,25777,100.00
288,39290,100.00
289,30136,0.00
290,27745,100.00
291,28880,100.00
292,24310,100.00
293,24122,100.00
294,20832,0.00
295,35720,100.00
296,29038,100.00
297,24112,100.00
298,24970,100.00
299,28325,0.00
300,31602,100.00
301,31134,100.00
302,28850,100.00
303,26007,100.00
304,35433,0.00
305,34581,100.00
306,28373,100.00
307,25652,100.00
308,22918,100.00
309,35356,0.00
310,33179,100.00
311,25099,100.00
312,20335,100.00
313,22666,100.00
314,34539,0.00
315,30106,100.00
316,25529,100.00
317,26108,100.00
318,24488,100.00
319,35593,0.00
320,34826,100.00
321,29095,100.00
322,29222,100.00
323,34251,100.00
324,36393,0.00
325,30817,100.00
326,25480,100.00
327,24509,100.00
328,34374,100.00
329,35316,0.00
330,26003,100.00
331,23922,100.00
332,25420,100.00
333,29076,100.00
334,31914,0.00
335,27138,100.00
336,27214,100.00
337,26137,100.00
338,40852,100.00
339,35819,0.00
340,37032,100.00
341,28295,100.00
342,28247,100.00
343,45499,100.00
344,41468,0.00
345,32110,100.00
346,25871,100.00
347,23245,100.00
348,48777,100.00
349,41486,0.00
350,27934,100.00
351,26327,100.00
352,21320,100.00
353,45404,100.00
354,28087,0.00
355,23541,100.00
356,26443,100.00
357,26417,100.00
358,47872,100.00
359,42444,0.00
360,33966,100.00
361,27996,100.00
362,44875,100.00
363,44407,100.00
364,32384,0.00
365,24524,100.00
366,24532,100.00
367,45133,100.00
368,37762,100.00
369,27745,0.00
370,23454,100.00
371,23301,100.00
372,43101,100.00
373,34825,100.00
374,28319,0.00
375,25664,100.00
376,25973,100.00
377,49310,100.00
378,39913,100.00
379,32358,0.00
380,29861,100.00
381,43068,100.00
382,36959,100.00
383,30648,100.00
384,24449,0.00
385,23768,100.00
386,35475,100.00
387,33857,100.00
388,27371,100.00
389,22056,0.00
390,24317,100.00
391,30686,100.00
392,34650,100.00
393,22883,100.00
394,23757,0.00
395,23923,100.00
396,33452,100.00
397,33486,100.00
398,28156,100.00
399,24688,0.00
400,29706,100.00
401,28840,100.00
402,33032,100.00
403,30837,100.00
404,25419,0.00
405,29075,100.00
406,26773,100.00
407,28391,100.00
408,24402,100.00
409,23823,0.00
410,20775,100.00
411,36164,100.00
412,26395,100.00
413,23098,100.00
414,25325,0.00
415,27732,100.00
416,35346,100.00
417,36985,100.00
418,31368,100.00
419,25597,0.00
420,47051,100.00
421,39510,100.00
422,31691,100.00
423,24440,100.00
424,20341,0.00
425,43370,100.00
426,36525,100.00
427,25045,100.00
428,20646,100.00
429,22245,0.00
430,36292,100.00
431,35534,100.00
432,26977,100.00
433,27414,100.00
434,25228,0.00
435,45140,100.00
436,42417,100.00
437,30618,100.00
438,29332,100.00
439,36846,0.00
440,35858,100.00
441,29370,100.00
442,24636,100.00
443,23506,100.00
444,31415,0.00
445,31722,100.00
446,25085,100.00
447,22673,100.00
448,25246,100.00
449,28216,0.00
450,27731,100.00
451,24160,100.00
452,23817,100.00
453,24230,100.00
454,30675,0.00
455,30705,100.00
456,32995,100.00
457,25614,100.00
458,24773,100.00
459,35594,0.00
460,36839,100.00
461,29737,100.00
462,23546,100.00
463,24564,100.00
464,41503,0.00
465,42619,100.00
466,26342,100.00
467,24035,100.00
468,20654,100.00
469,42028,0.00
470,29369,100.00
471,23156,100.00
472,26198,100.00
473,25197,100.00
474,40277,0.00
475,36340,100.00
476,30421,100.00
477,26076,100.00
478,36197,100.00
479,33023,0.00
480,27756,100.00
481,24246,100.00
482,20858,100.00
483,35542,100.00
484,33328,0.00
485,26226,100.00
486,21173,100.00
487,21963,100.00
488,34185,100.00
489,30216,0.00
490,27050,100.00
491,26038,100.00
492,23742,100.00
493,40495,100.00
494,41119,0.00
495,29656,100.00
496,27721,100.00
497,39952,100.00
498,36555,100.00
499,31617,0.00
500,34227,100.00
501,28816,100.00
502,36626,100.00
503,35633,100.00
504,28126,0.00
505,23921,100.00
506,26239,100.00
507,31473,100.00
508,37279,100.00
509,27075,0.00
510,24532,100.00
511,25179,100.00
512,36592,100.00
513,32037,100.00
514,30233,0.00
515,25928,100.00
516,23775,100.00
517,34233,100.00
518,33334,100.00
519,28653,0.00
520,23346,100.00
521,22434,100.00
522,37803,100.00
523,37406,100.00
524,26387,0.00
525,22334,100.00
526,26759,100.00
527,35085,100.00
528,29766,100.00
529,27266,0.00
530,26348,100.00
531,24013,100.00
532,35120,100.00
533,34022,100.00
534,29243,0.00
535,26572,100.00
536,32801,100.00
537,30102,100.00
538,30559,100.00
539,23457,0.00
540,23427,100.00
541,30876,100.00
542,31358,100.00
543,23934,100.00
544,24281,0.00
545,23852,100.00
546,28272,100.00
547,26253,100.00
548,22881,100.00
549,23670,0.00
550,25095,100.00
551,31787,100.00
552,32576,100.00
553,31375,100.00
554,26682,0.00
555,32046,100.00
556,28141,100.00
557,30396,100.00
558,28452,100.00
559,24538,0.00
560,28613,100.00
561,24675,100.00
562,28870,100.00
563,22920,100.00
564,23834,0.00
565,20437,100.00
566,41847,100.00
567,27394,100.00
568,24457,100.00
569,24941,0.00
570,22370,100.00
571,38933,100.00
572,37895,100.00
573,30290,100.00
574,26894,0.00
575,40199,100.00
576,37591,100.00
577,29436,100.00
578,24093,100.00
579,21108,0.00
580,37072,100.00
581,31846,100.00
582,24550,100.00
583,21610,100.00
584,21906,0.00
585,30773,100.00
586,26442,100.00
587,23179,100.00
588,24994,100.00
589,24445,0.00
590,32519,100.00
591,32497,100.00
592,27954,100.00
593,24540,100.00
594,29573,0.00
595,27804,100.00
596,25319,100.00
597,24308,100.00
598,23426,100.00
599,27415,0.00
600,27855,100.00
601,29584,100.00
602,21763,100.00
603,24029,100.00
604,27294,0.00
605,32074,100.00
606,28214,100.00
607,24115,100.00
608,25464,100.00
609,32947,0.00
610,34106,100.00
611,35816,100.00
612,27842,100.00
613,28760,100.00
614,29568,0.00
615,29871,100.00
616,27906,100.00
617,24044,100.00
618,22811,100.00
619,38207,0.00
620,34380,100.00
621,26815,100.00
622,25417,100.00
623,20898,100.00
624,39054,0.00
625,28250,100.00
626,23734,100.00
627,25424,100.00
628,23448,100.00
629,48030,0.00
630,40560,100.00
631,30663,100.00
632,27207,100.00
633,41829,100.00
634,38945,0.00
635,30559,100.00
636,25265,100.00
637,21469,100.00
638,37596,100.00
639,33901,0.00
640,26178,100.00
641,21635,100.00
642,23921,100.00
643,35194,100.00
644,33657,0.00
645,23588,100.00
646,24602,100.00
647,24496,100.00
648,35862,100.00
649,33701,0.00
650,26125,100.00
651,22979,100.00
652,30414,100.00
653,27259,100.00
654,25412,0.00
655,24122,100.00
656,24855,100.00
657,28579,100.00
658,26811,100.00
659,24962,0.00
660,21092,100.00
661,24678,100.00
662,26130,100.00
663,35511,100.00
664,29791,0.00
665,23372,100.00
666,25040,100.00
667,30690,100.00
668,34085,100.00
669,31325,0.00
670,26661,100.00
671,26673,100.00
672,31596,100.00
673,33336,100.00
674,29950,0.00
675,24482,100.00
676,22946,100.00
677,40239,100.00
678,37150,100.00
679,27328,0.00
680,23892,100.00
681,20934,100.00
682,36512,100.00
683,29104,100.00
684,25289,0.00
685,25766,100.00
686,23620,100.00
687,39104,100.00
688,38751,100.00
689,27631,0.00
690,26757,100.00
691,37105,100.00
692,35442,100.00
693,29843,100.00
694,24188,0.00
695,23737,100.00
696,32855,100.00
697,34178,100.00
698,25851,100.00
699,23734,0.00
700,24876,100.00
701,31725,100.00
702,30118,100.00
703,24318,100.00
704,24673,0.00
705,24207,100.00
706,31672,100.00
707,32032,100.00
708,29921,100.00
709,25994,0.00
710,32011,100.00
711,30108,100.00
712,34920,100.00
713,28814,100.00
714,24892,0.00
715,28092,100.00
716,28035,100.00
717,26735,100.00
718,25043,100.00
719,24848,0.00
720,24986,100.00
721,38345,100.00
722,28504,100.00
723,23524,100.00
724,25142,0.00
725,31160,100.00
726,28841,100.00
727,32116,100.00
728,25319,100.00
729,29931,0.00
730,26434,100.00
731,34365,100.00
732,30347,100.00
733,24389,100.00
734,22963,0.00
735,33362,100.00
736,32563,100.00
737,26643,100.00
738,24569,100.00
739,20561,0.00
740,34626,100.00
741,25428,100.00
742,23103,100.00
743,26130,100.00
744,22826,0.00
745,40027,100.00
746,39175,100.00
747,32109,100.00
748,27045,100.00
749,36268,0.00
750,32195,100.00
751,28879,100.00
752,26638,100.00
753,22669,100.00
754,33755,0.00
755,33695,100.00
756,25430,100.00
757,23695,100.00
758,24314,100.00
759,29634,0.00
760,30298,100.00
761,23232,100.00
762,24890,100.00
763,24568,100.00
764,31546,0.00
765,35351,100.00
766,34026,100.00
767,27238,100.00
768,35415,100.00
769,29667,0.00
770,33393,100.00
771,31308,100.00
772,24676,100.00
773,23733,100.00
774,36510,0.00
775,32100,100.00
776,24505,100.00
777,25357,100.00
778,20656,100.00
779,36978,0.00
780,26456,100.00
781,23625,100.00
782,25196,100.00
783,24710,100.00
784,39387,0.00
785,37097,100.00
786,26803,100.00
787,24716,100.00
788,33995,100.00
789,31217,0.00
790,30657,100.00
791,25203,100.00
792,23761,100.00
793,35067,100.00
794,30191,0.00
795,25025,100.00
796,23347,100.00
797,24294,100.00
798,29954,100.00
799,31422,0.00
800,24908,100.00
801,26591,100.00
802,26383,100.00
803,32088,100.00
804,36483,0.00
805,31327,100.00
806,24742,100.00
807,33038,100.00
808,31738,100.00
809,34105,0.00
810,27817,100.00
811,25225,100.00
812,27627,100.00
813,31110,100.00
814,32735,0.00
815,24071,100.00
816,25963,100.00
817,21857,100.00
818,40070,100.00
819,28237,0.00
820,24004,100.00
821,26435,100.00
822,22768,100.00
823,43413,100.00
824,36536,0.00
825,30195,100.00
826,23268,100.00
827,40423,100.00
828,35302,100.00
829,28787,0.00
830,25070,100.00
831,21739,100.00
832,39137,100.00
833,37244,100.00
834,27001,0.00
835,24366,100.00
836,24991,100.00
837,34592,100.00
838,33694,100.00
839,24135,0.00
840,25233,100.00
841,24423,100.00
842,35052,100.00
843,34151,100.00
844,31147,0.00
845,27354,100.00
846,32772,100.00
847,31526,100.00
848,28148,100.00
849,26079,0.00
850,24237,100.00
851,29246,100.00
852,26605,100.00
853,32163,100.00
854,23792,0.00
855,24272,100.00
856,28401,100.00
857,30493,100.00
858,24406,100.00
859,22918,0.00
860,24725,100.00
861,27027,100.00
862,37750,100.00
863,35673,100.00
864,32077,0.00
865,32259,100.00
866,30746,100.00
867,36515,100.00
868,31293,100.00
869,26008,0.00
870,23259,100.00
871,32731,100.00
872,34138,100.00
873,27682,100.00
874,22485,0.00
875,22764,100.00
876,35244,100.00
877,31014,100.00
878,26044,100.00
879,23592,0.00
880,23895,100.00
881,34353,100.00
882,32918,100.00
883,29170,100.00
884,25220,0.00
885,34491,100.00
886,29121,100.00
887,29382,100.00
888,25287,100.00
889,24046,0.00
890,28694,100.00
891,28546,100.00
892,24962,100.00
893,21667,100.00
894,24012,0.00
895,28676,100.00
896,27359,100.00
897,23285,100.00
898,25435,100.00
899,24303,0.00
900,28962,100.00
901,31790,100.00
902,31042,100.00
903,24564,100.00
904,34288,0.00
905,33335,100.00
906,25900,100.00
907,23841,100.00
908,24432,100.00
909,26973,0.00
910,30399,100.00
911,30214,100.00
912,22838,100.00
913,27580,100.00
914,26227,0.00
915,34482,100.00
916,25928,100.00
917,22230,100.00
918,24591,100.00
919,20338,0.00
920,33102,100.00
921,32155,100.00
922,29176,100.00
923,30775,100.00
924,29774,0.00
925,34345,100.00
926,29849,100.00
927,25384,100.00
928,22005,100.00
929,32263,0.00
930,30017,100.00
931,25149,100.00
932,21441,100.00
933,23457,100.00
934,31170,0.00
935,28135,100.00
936,24155,100.00
937,24743,100.00
938,24774,100.00
939,33236,0.00
940,35128,100.00
941,28255,100.00
942,24232,100.00
943,33095,100.00
944,31428,0.00
945,30178,100.00
946,24812,100.00
947,23032,100.00
948,30339,100.00
949,25497,0.00
950,28966,100.00
951,23647,100.00
952,23753,100.00
953,27298,100.00
954,27074,0.00
955,21935,100.00
956,21879,100.00
957,24009,100.00
958,25727,100.00
959,30292,0.00
960,30809,100.00
961,28639,100.00
962,30346,100.00
963,29792,100.00
964,33285,0.00
965,28484,100.00
966,23869,100.00
967,21161,100.00
968,31846,100.00
969,28360,0.00
970,24452,100.00
971,22425,100.00
972,20642,100.00
973,30675,100.00
974,24118,0.00
975,23342,100.00
976,24116,100.00
977,22580,100.00
978,33081,100.00
979,30772,0.00
980,25011,100.00
981,22246,100.00
982,32290,100.00
983,28824,100.00
984,27172,0.00
985,24720,100.00
986,23182,100.00
987,29574,100.00
988,31942,100.00
989,25093,0.00
990,23210,100.00
991,23691,100.00
992,31109,100.00
993,29813,100.00
994,22684,0.00
995,23014,100.00
996,24001,100.00
997,33586,100.00
998,43045,100.00
999,39081,0.00
1000,55233,100.00
1001,40365,100.00
1002,33982,100.00
1003,30552,100.00
1004,24486,0.00
1005,25178,100.00
1006,24096,100.00
1007,41699,100.00
1008,40787,100.00
1009,29330,0.00
1010,24401,100.00
1011,22553,100.00
1012,48544,100.00
1013,38008,100.00
1014,24006,0.00
1015,24790,100.00
1016,27926,100.00
1017,42439,100.00
1018,37670,100.00
1019,27727,0.00
1020,23498,100.00
1021,39028,100.00
1022,32369,100.00
1023,32135,100.00
1024,26402,0.00
1025,24315,100.00
1026,33654,100.00
1027,31668,100.00
1028,26067,100.00
1029,23392,0.00
1030,23671,100.00
1031,30196,100.00
1032,26761,100.00
1033,24111,100.00
1034,24026,0.00
1035,24231,100.00
1036,30276,100.00
1037,35144,100.00
1038,44288,100.00
1039,28955,0.00
1040,35231,100.00
1041,32449,100.00
1042,35598,100.00
1043,30747,100.00
1044,25382,0.00
1045,22537,100.00
1046,40252,100.00
1047,34181,100.00
1048,32843,100.00
1049,26356,0.00
1050,21259,100.00
1051,40504,100.00
1052,30073,100.00
1053,26481,100.00
1054,26121,0.00
1055,23423,100.00
1056,42470,100.00
1057,36121,100.00
1058,25609,100.00
1059,24324,0.00
1060,41054,100.00
1061,34512,100.00
1062,31651,100.00
1063,26483,100.00
1064,25426,0.00
1065,34809,100.00
1066,31850,100.00
1067,25037,100.00
1068,23159,100.00
1069,23687,0.00
1070,32537,100.00
1071,28573,100.00
1072,22554,100.00
1073,24415,100.00
1074,24378,0.00
1075,33331,100.00
1076,39542,100.00
1077,30500,100.00
1078,25702,100.00
1079,36026,0.00
1080,31893,100.00
1081,26722,100.00
1082,24334,100.00
1083,25154,100.00
1084,29478,0.00
1085,30164,100.00
1086,30676,100.00
1087,23872,100.00
1088,26910,100.00
1089,23195,0.00
1090,38892,100.00
1091,29393,100.00
1092,23335,100.00
1093,26691,100.00
1094,21624,0.00
1095,43930,100.00
1096,39665,100.00
1097,30168,100.00
1098,23522,100.00
1099,44680,0.00
1100,34912,100.00
1101,29188,100.00
1102,26799,100.00
1103,22195,100.00
1104,34835,0.00
1105,30926,100.00
1106,26774,100.00
1107,21154,100.00
1108,23889,100.00
1109,30584,0.00
1110,30477,100.00
1111,23204,100.00
1112,24186,100.00
1113,24965,100.00
1114,35811,0.00
1115,35426,100.00
1116,28011,100.00
1117,23657,100.00
1118,35160,100.00
1119,34019,0.00
1120,28963,100.00
1121,24954,100.00
1122,23429,100.00
1123,32140,100.00
1124,28406,0.00
1125,32076,100.00
1126,23523,100.00
1127,24846,100.00
1128,28238,100.00
1129,27314,0.00
1130,21821,100.00
1131,22666,100.00
1132,24561,100.00
1133,24717,100.00
1134,32250,0.00
1135,33863,100.00
1136,29274,100.00
1137,30883,100.00
1138,28206,100.00
1139,33335,0.00
1140,29683,100.00
1141,24933,100.00
1142,24061,100.00
1143,32820,100.00
1144,31777,0.00
1145,24501,100.00
1146,22094,100.00
1147,20657,100.00
1148,33993,100.00
1149,26418,0.00
1150,23933,100.00
1151,24994,100.00
1152,23540,100.00
1153,35623,100.00
1154,32965,0.00
1155,24671,100.00
1156,22493,100.00
1157,35719,100.00
1158,34073,100.00
1159,28261,0.00
1160,24124,100.00
1161,24010,100.00
1162,30566,100.00
1163,30789,100.00
1164,24642,0.00
1165,23926,100.00
1166,24420,100.00
1167,30150,100.00
1168,30261,100.00
1169,22711,0.00
1170,24124,100.00
1171,24762,100.00
1172,30539,100.00
1173,37028,100.00
1174,36334,0.00
1175,28069,100.00
1176,34942,100.00
1177,34651,100.00
1178,27536,100.00
1179,24314,0.00
1180,23899,100.00
1181,26717,100.00
1182,32749,100.00
1183,35838,100.00
1184,23926,0.00
1185,25131,100.00
1186,25534,100.00
1187,40869,100.00
1188,29018,100.00
1189,23103,0.00
1190,25294,100.00
1191,21480,100.00
1192,44700,100.00
1193,41721,100.00
1194,32447,0.00
1195,34400,100.00
1196,29395,100.00
1197,35541,100.00
1198,33072,100.00
1199,24377,0.00
1200,20861,100.00
1201,37610,100.00
1202,35101,100.00
1203,28108,100.00
1204,21103,0.00
1205,22076,100.00
1206,35878,100.00
1207,29113,100.00
1208,24954,100.00
1209,25573,0.00
1210,24805,100.00
1211,39666,100.00
1212,40967,100.00
1213,29135,100.00
1214,24427,0.00
1215,34238,100.00
1216,32297,100.00
1217,32553,100.00
1218,25720,100.00
1219,24822,0.00
1220,29903,100.00
1221,28246,100.00
1222,31223,100.00
1223,24287,100.00
1224,24428,0.00
1225,28452,100.00
1226,28174,100.00
1227,23487,100.00
1228,24140,100.00
1229,24930,0.00
1230,26894,100.00
1231,36495,100.00
1232,35546,100.00
1233,30599,100.00
1234,33180,0.00
1235,29496,100.00
1236,34355,100.00
1237,28444,100.00
1238,25468,100.00
1239,23038,0.00
1240,37801,100.00
1241,32548,100.00
1242,26004,100.00
1243,23970,100.00
1244,21044,0.00
1245,37590,100.00
1246,31279,100.00
1247,26552,100.00
1248,26430,100.00
1249,25565,0.00
1250,39574,100.00
1251,39969,100.00
1252,29833,100.00
1253,24656,100.00
1254,38786,0.00
1255,34522,100.00
1256,29303,100.00
1257,25223,100.00
1258,25647,100.00
1259,33639,0.00
1260,32984,100.00
1261,32751,100.00
1262,24521,100.00
1263,25329,100.00
1264,33768,0.00
1265,34929,100.00
1266,25178,100.00
1267,23386,100.00
1268,25147,100.00
1269,21790,0.00
1270,39514,100.00
1271,39871,100.00
1272,31415,100.00
1273,33686,100.00
1274,29731,0.00
1275,36137,100.00
1276,31106,100.00
1277,24367,100.00
1278,22441,100.00
1279,32756,0.00
1280,32023,100.00
1281,26140,100.00
1282,21922,100.00
1283,20992,100.00
1284,29930,0.00
1285,25344,100.00
1286,21864,100.00
1287,23501,100.00
1288,23771,100.00
1289,32244,0.00
1290,32008,100.00
1291,25900,100.00
1292,23077,100.00
1293,31347,100.00
1294,29504,0.00
1295,26027,100.00
1296,24345,100.00
1297,23660,100.00
1298,26805,100.00
1299,26955,0.00
1300,30220,100.00
1301,25214,100.00
1302,23871,100.00
1303,30239,100.00
1304,34426,0.00
1305,25408,100.00
1306,23357,100.00
1307,24901,100.00
1308,28799,100.00
1309,36770,0.00
1310,41398,100.00
1311,32140,100.00
1312,32969,100.00
1313,33138,100.00
1314,33644,0.00
1315,29040,100.00
1316,25525,100.00
1317,21898,100.00
1318,34041,100.00
1319,35511,0.00
1320,25978,100.00
1321,21676,100.00
1322,20532,100.00
1323,36784,100.00
1324,27772,0.00
1325,25576,100.00
1326,21830,100.00
1327,24283,100.00
1328,35656,100.00
1329,33464,0.00
1330,26067,100.00
1331,22935,100.00
1332,34932,100.00
1333,28000,100.00
1334,26452,0.00
1335,25090,100.00
1336,24021,100.00
1337,28803,100.00
1338,33112,100.00
1339,28468,0.00
1340,22676,100.00
1341,23744,100.00
1342,32314,100.00
1343,33799,100.00
1344,23004,0.00
1345,23197,100.00
1346,23490,100.00
1347,29669,100.00
1348,30778,100.00
1349,29150,0.00
1350,24900,100.00
1351,30567,100.00
1352,44814,100.00
1353,26281,100.00
1354,24327,0.00
1355,22899,100.00
1356,21034,100.00
1357,40178,100.00
1358,30560,100.00
1359,24117,0.00
1360,27588,100.00
1361,25900,100.00
1362,34044,100.00
1363,27831,100.00
1364,24113,0.00
1365,24849,100.00
1366,22710,100.00
1367,42194,100.00
1368,34564,100.00
1369,28894,0.00
1370,30640,100.00
1371,27578,100.00
1372,32679,100.00
1373,29575,100.00
1374,23619,0.00
1375,21485,100.00
1376,32938,100.00
1377,34979,100.00
1378,26619,100.00
1379,22133,0.00
1380,23666,100.00
1381,37716,100.00
1382,29947,100.00
1383,24992,100.00
1384,23811,0.00
1385,24327,100.00
1386,34778,100.00
1387,35686,100.00
1388,28393,100.00
1389,25317,0.00
1390,38436,100.00
1391,34048,100.00
1392,29557,100.00
1393,25112,100.00
1394,24090,0.00
1395,30288,100.00
1396,30397,100.00
1397,25449,100.00
1398,23728,100.00
1399,25007,0.00
1400,28686,100.00
1401,26164,100.00
1402,24092,100.00
1403,24185,100.00
1404,24994,0.00
1405,30671,100.00
1406,41027,100.00
1407,38712,100.00
1408,28171,100.00
1409,36958,0.00
1410,31244,100.00
1411,25667,100.00
1412,24738,100.00
1413,24749,100.00
1414,25771,0.00
1415,39186,100.00
1416,35041,100.00
1417,27533,100.00
1418,26100,100.00
1419,25623,0.00
1420,32447,100.00
1421,23427,100.00
1422,22344,100.00
1423,24360,100.00
1424,21004,0.00
1425,41291,100.00
1426,40379,100.00
1427,32883,100.00
1428,33781,100.00
1429,31296,0.00
1430,33298,100.00
1431,30679,100.00
1432,25812,100.00
1433,22477,100.00
1434,37482,0.00
1435,37586,100.00
1436,29811,100.00
1437,22439,100.00
1438,23954,100.00
1439,38362,0.00
1440,32235,100.00
1441,22864,100.00
1442,24401,100.00
1443,24464,100.00
1444,33772,0.00
1445,35820,100.00
1446,26279,100.00
1447,23588,100.00
1448,33328,100.00
1449,29358,0.00
1450,27165,100.00
1451,24964,100.00
1452,24251,100.00
1453,27924,100.00
1454,30252,0.00
1455,32947,100.00
1456,24284,100.00
1457,23434,100.00
1458,30200,100.00
1459,29335,0.00
1460,22951,100.00
1461,23743,100.00
1462,25925,100.00
1463,28472,100.00
1464,39554,0.00
1465,44573,100.00
1466,35259,100.00
1467,34412,100.00
1468,32144,100.00
1469,35518,0.00
1470,28821,100.00
1471,25071,100.00
1472,23310,100.00
1473,34624,100.00
1474,36005,0.00
1475,28306,100.00
1476,23299,100.00
1477,20928,100.00
1478,39022,100.00
1479,30805,0.00
1480,23531,100.00
1481,23788,100.00
1482,24052,100.00
1483,36581,100.00
1484,38165,0.00
1485,29634,100.00
1486,24580,100.00
1487,40704,100.00
1488,39201,100.00
1489,30307,0.00
1490,25820,100.00
1491,25291,100.00
1492,33814,100.00
1493,30598,100.00
1494,25620,0.00
1495,21582,100.00
1496,23533,100.00
1497,30317,100.00
1498,39886,100.00
1499,26719,0.00
1500,25933,100.00
1501,25583,100.00
1502,28120,100.00
1503,38532,100.00
1504,37812,0.00
1505,29495,100.00
1506,33971,100.00
1507,31029,100.00
1508,33820,100.00
1509,30483,0.00
1510,25729,100.00
1511,22987,100.00
1512,40384,100.00
1513,36997,100.00
1514,30105,0.00
1515,20700,100.00
1516,24771,100.00
1517,35895,100.00
1518,31687,100.00
1519,26116,0.00
1520,23784,100.00
1521,24231,100.00
1522,38203,100.00
1523,43392,100.00
1524,31924,0.00
1525,29424,100.00
1526,37999,100.00
1527,35633,100.00
1528,30401,100.00
1529,26337,0.00
1530,24042,100.00
1531,29296,100.00
1532,28643,100.00
1533,29682,100.00
1534,23519,0.00
1535,25844,100.00
1536,28398,100.00
1537,36410,100.00
1538,26340,100.00
1539,23061,0.00
1540,24925,100.00
1541,23266,100.00
1542,47115,100.00
1543,47021,100.00
1544,34157,0.00
1545,37546,100.00
1546,32112,100.00
1547,37212,100.00
1548,32229,100.00
1549,24074,0.00
1550,21640,100.00
1551,36417,100.00
1552,39108,100.00
1553,29522,100.00
1554,22146,0.00
1555,24233,100.00
1556,34213,100.00
1557,27148,100.00
1558,22747,100.00
1559,24316,0.00
1560,24129,100.00
1561,34065,100.00
1562,36255,100.00
1563,26710,100.00
1564,23479,0.00
1565,34721,100.00
1566,33790,100.00
1567,27724,100.00
1568,25662,100.00
1569,24336,0.00
1570,29482,100.00
1571,26993,100.00
1572,29640,100.00
1573,25580,100.00
1574,23927,0.00
1575,28507,100.00
1576,31742,100.00
1577,23664,100.00
1578,22556,100.00
1579,25488,0.00
1580,27389,100.00
1581,41313,100.00
1582,37947,100.00
1583,31198,100.00
1584,32979,0.00
1585,31969,100.00
1586,34733,100.00
1587,30303,100.00
1588,25050,100.00
1589,21887,0.00
1590,34587,100.00
1591,32556,100.00
1592,25260,100.00
1593,22005,100.00
1594,21044,0.00
1595,36947,100.00
1596,28899,100.00
1597,25045,100.00
1598,25092,100.00
1599,23243,0.00
1600,42910,100.00
1601,43559,100.00
1602,29421,100.00
1603,22720,100.00
1604,40692,0.00
1605,29527,100.00
1606,28247,100.00
1607,27197,100.00
1608,24602,100.00
1609,33146,0.00
1610,35455,100.00
1611,28155,100.00
1612,23347,100.00
1613,23487,100.00
1614,31354,0.00
1615,32538,100.00
1616,24147,100.00
1617,25870,100.00
1618,24326,100.00
1619,31640,0.00
1620,35761,100.00
1621,36278,100.00
1622,27639,100.00
1623,35207,100.00
1624,34700,0.00
1625,29281,100.00
1626,24289,100.00
1627,24109,100.00
1628,22721,100.00
1629,44508,0.00
1630,35833,100.00
1631,27573,100.00
1632,25726,100.00
1633,21699,100.00
1634,42313,0.00
1635,28474,100.00
1636,23313,100.00
1637,25060,100.00
1638,23267,100.00
1639,47179,0.00
1640,40408,100.00
1641,29782,100.00
1642,25585,100.00
1643,41396,100.00
1644,34129,0.00
1645,29302,100.00
1646,24718,100.00
1647,23742,100.00
1648,33618,100.00
1649,33595,0.00
1650,25552,100.00
1651,22697,100.00
1652,24057,100.00
1653,33194,100.00
1654,30950,0.00
1655,22551,100.00
1656,23623,100.00
1657,24039,100.00
1658,32171,100.00
1659,31856,0.00
1660,32503,100.00
1661,24450,100.00
1662,33278,100.00
1663,32403,100.00
1664,30060,0.00
1665,23645,100.00
1666,24107,100.00
1667,27346,100.00
1668,23635,100.00
1669,25793,0.00
1670,22698,100.00
1671,25709,100.00
1672,25992,100.00
1673,24768,100.00
1674,22771,0.00
1675,23222,100.00
1676,24534,100.00
1677,19361,100.00
1678,32620,100.00
1679,33342,0.00
1680,27796,100.00
1681,29151,100.00
1682,26721,100.00
1683,27606,100.00
1684,26784,0.00
1685,25016,100.00
1686,20879,100.00
1687,27254,100.00
1688,29352,100.00
1689,26151,0.00
1690,21715,100.00
1691,23843,100.00
1692,31173,100.00
1693,28425,100.00
1694,24059,0.00
1695,23528,100.00
1696,23485,100.00
1697,30128,100.00
1698,31374,100.00
1699,32789,0.00
1700,24955,100.00
1701,34677,100.00
1702,30996,100.00
1703,26074,100.00
1704,23938,0.00
1705,23905,100.00
1706,26524,100.00
1707,25842,100.00
1708,26270,100.00
1709,25173,0.00
1710,23352,100.00
1711,24278,100.00
1712,35664,100.00
1713,30378,100.00
1714,25020,0.00
1715,25307,100.00
1716,24887,100.00
1717,41280,100.00
1718,37913,100.00
1719,25212,0.00
1720,24462,100.00
1721,37209,100.00
1722,30963,100.00
1723,27090,100.00
1724,24818,0.00
1725,23717,100.00
1726,33152,100.00
1727,34453,100.00
1728,28039,100.00
1729,23683,0.00
1730,24785,100.00
1731,31745,100.00
1732,30925,100.00
1733,23945,100.00
1734,23890,0.00
1735,25563,100.00
1736,32154,100.00
1737,34461,100.00
1738,36286,100.00
1739,28163,0.00
1740,34898,100.00
1741,33661,100.00
1742,35375,100.00
1743,28582,100.00
1744,27089,0.00
1745,24163,100.00
1746,33384,100.00
1747,33872,100.00
1748,28461,100.00
1749,23210,0.00
1750,23777,100.00
1751,39043,100.00
1752,33540,100.00
1753,27245,100.00
1754,27273,0.00
1755,27126,100.00
1756,37401,100.00
1757,39960,100.00
1758,34391,100.00
1759,27094,0.00
1760,37259,100.00
1761,34747,100.00
1762,27304,100.00
1763,25914,100.00
1764,23418,0.00
1765,23879,100.00
1766,35903,100.00
1767,31967,100.00
1768,31529,100.00
1769,26409,0.00
1770,23414,100.00
1771,31907,100.00
1772,24991,100.00
1773,23494,100.00
1774,24547,0.00
1775,22292,100.00
1776,34610,100.00
1777,30446,100.00
1778,24913,100.00
1779,26219,0.00
1780,33585,100.00
1781,29223,100.00
1782,26029,100.00
1783,24941,100.00
1784,22416,0.00
1785,30183,100.00
1786,30054,100.00
1787,26041,100.00
1788,35680,100.00
1789,26725,0.00
1790,30755,100.00
1791,26667,100.00
1792,28364,100.00
1793,24631,100.00
1794,25338,0.00
1795,30667,100.00
1796,31066,100.00
1797,27499,100.00
1798,23979,100.00
1799,30652,0.00
1800,28192,100.00
1801,25580,100.00
1802,24310,100.00
1803,23534,100.00
1804,26747,0.00
1805,27915,100.00
1806,30497,100.00
1807,22726,100.00
1808,25756,100.00
1809,25227,0.00
1810,41460,100.00
1811,29905,100.00
1812,23864,100.00
1813,24087,100.00
1814,21700,0.00
1815,42560,100.00
1816,51159,100.00
1817,31015,100.00
1818,25046,100.00
1819,39209,0.00
1820,31815,100.00
1821,27204,100.00
1822,24542,100.00
1823,21784,100.00
1824,32330,0.00
1825,32521,100.00
1826,26987,100.00
1827,20981,100.00
1828,23418,100.00
1829,31877,0.00
1830,27588,100.00
1831,22145,100.00
1832,23237,100.00
1833,24174,100.00
1834,32807,0.00
1835,34347,100.00
1836,30077,100.00
1837,26275,100.00
1838,35792,100.00
1839,29503,0.00
1840,25221,100.00
1841,24419,100.00
1842,23436,100.00
1843,28178,100.00
1844,28799,0.00
1845,30004,100.00
1846,23603,100.00
1847,23357,100.00
1848,27064,100.00
1849,29267,0.00
1850,23316,100.00
1851,22829,100.00
1852,24063,100.00
1853,27579,100.00
1854,33026,0.00
1855,35715,100.00
1856,30774,100.00
1857,31541,100.00
1858,29398,100.00
1859,35089,0.00
1860,28961,100.00
1861,24128,100.00
1862,23468,100.00
1863,33701,100.00
1864,34056,0.00
1865,27953,100.00
1866,21104,100.00
1867,20791,100.00
1868,31457,100.00
1869,25740,0.00
1870,22734,100.00
1871,24552,100.00
1872,23895,100.00
1873,35696,100.00
1874,30948,0.00
1875,28723,100.00
1876,24130,100.00
1877,33167,100.00
1878,32884,100.00
1879,29796,0.00
1880,25706,100.00
1881,24259,100.00
1882,31141,100.00
1883,30850,100.00
1884,25605,0.00
1885,24344,100.00
1886,24001,100.00
1887,32662,100.00
1888,33444,100.00
1889,25978,0.00
1890,24723,100.00
1891,23553,100.00
1892,33557,100.00
1893,34488,100.00
1894,33122,0.00
1895,26088,100.00
1896,33512,100.00
1897,28586,100.00
1898,25148,100.00
1899,24342,0.00
1900,24210,100.00
1901,27602,100.00
1902,27909,100.00
1903,28411,100.00
1904,25431,0.00
1905,23755,100.00
1906,28781,100.00
1907,34037,100.00
1908,24851,100.00
1909,23574,0.00
1910,25305,100.00
1911,27250,100.00
1912,33363,100.00
1913,37451,100.00
1914,31117,0.00
1915,32452,100.00
1916,29100,100.00
1917,34695,100.00
1918,28209,100.00
1919,23990,0.00
1920,21168,100.00
1921,32394,100.00
1922,35022,100.00
1923,28943,100.00
1924,23902,0.00
1925,22003,100.00
1926,40247,100.00
1927,32958,100.00
1928,23148,100.00
1929,23908,0.00
1930,23694,100.00
1931,43624,100.00
1932,39246,100.00
1933,29985,100.00
1934,23574,0.00
1935,40996,100.00
1936,35065,100.00
1937,31245,100.00
1938,25264,100.00
1939,23906,0.00
1940,31255,100.00
1941,34621,100.00
1942,27700,100.00
1943,22240,100.00
1944,24244,0.00
1945,28896,100.00
1946,27251,100.00
1947,22362,100.00
1948,22941,100.00
1949,24650,0.00
1950,28969,100.00
1951,27440,100.00
1952,31087,100.00
1953,25686,100.00
1954,29979,0.00
1955,34444,100.00
1956,26150,100.00
1957,23777,100.00
1958,23579,100.00
1959,23970,0.00
1960,45238,100.00
1961,41414,100.00
1962,25524,100.00
1963,25115,100.00
1964,32288,0.00
1965,35853,100.00
1966,25359,100.00
1967,22675,100.00
1968,24961,100.00
1969,23328,0.00
1970,36309,100.00
1971,33130,100.00
1972,27854,100.00
1973,31030,100.00
1974,26908,0.00
1975,33231,100.00
1976,28596,100.00
1977,24104,100.00
1978,20904,100.00
1979,31350,0.00
1980,29611,100.00
1981,25925,100.00
1982,22119,100.00
1983,20693,100.00
1984,30914,0.00
1985,27383,100.00
1986,21742,100.00
1987,23341,100.00
1988,23912,100.00
1989,32245,0.00
1990,31330,100.00
1991,24908,100.00
1992,23077,100.00
1993,32933,100.00
1994,31079,0.00
1995,25943,100.00
1996,25069,100.00
1997,24671,100.00
1998,30638,100.00
1999,35674,0.00
2000,54280,100.00
2001,28249,100.00
2002,26044,100.00
2003,30339,100.00
2004,33128,0.00
2005,23866,100.00
2006,23715,100.00
2007,26407,100.00
2008,25146,100.00
2009,40665,0.00
2010,41852,100.00
2011,32350,100.00
2012,31977,100.00
2013,31282,100.00
2014,31837,0.00
2015,29879,100.00
2016,28187,100.00
2017,22122,100.00
2018,30919,100.00
2019,29758,0.00
2020,25508,100.00
2021,21823,100.00
2022,23406,100.00
2023,31189,100.00
2024,27455,0.00
2025,23166,100.00
2026,24031,100.00
2027,23989,100.00
2028,31803,100.00
2029,36480,0.00
2030,28304,100.00
2031,24029,100.00
2032,35172,100.00
2033,30029,100.00
2034,25482,0.00
2035,24127,100.00
2036,23953,100.00
2037,26882,100.00
2038,26620,100.00
2039,32000,0.00
2040,24969,100.00
2041,23766,100.00
2042,28233,100.00
2043,29723,100.00
2044,23214,0.00
2045,22439,100.00
2046,24469,100.00
2047,24288,100.00
2048,38506,100.00
2049,37554,0.00
2050,33035,100.00
2051,34735,100.00
2052,29401,100.00
2053,36384,100.00
2054,30902,0.00
2055,25351,100.00
2056,25167,100.00
2057,38559,100.00
2058,36167,100.00
2059,27760,0.00
2060,22964,100.00
2061,22774,100.00
2062,37318,100.00
2063,33112,100.00
2064,24989,0.00
2065,24669,100.00
2066,24305,100.00
2067,34965,100.00
2068,33878,100.00
2069,25579,0.00
2070,21320,100.00
2071,29377,100.00
2072,29577,100.00
2073,27057,100.00
2074,25785,0.00
2075,23465,100.00
2076,28177,100.00
2077,25372,100.00
2078,27753,100.00
2079,24205,0.00
2080,23272,100.00
2081,29137,100.00
2082,31007,100.00
2083,22548,100.00
2084,22598,0.00
2085,25518,100.00
2086,24913,100.00
2087,36307,100.00
2088,39236,100.00
2089,30358,0.00
2090,33786,100.00
2091,28211,100.00
2092,31057,100.00
2093,26578,100.00
2094,24754,0.00
2095,23473,100.00
2096,31918,100.00
2097,28924,100.00
2098,25243,100.00
2099,22717,0.00
2100,21365,100.00
2101,36383,100.00
2102,31040,100.00
2103,22994,100.00
2104,22902,0.00
2105,24246,100.00
2106,34004,100.00
2107,34905,100.00
2108,25333,100.00
2109,22322,0.00
2110,37159,100.00
2111,31582,100.00
2112,29234,100.00
2113,25662,100.00
2114,24339,0.00
2115,31996,100.00
2116,31045,100.00
2117,24935,100.00
2118,22968,100.00
2119,24228,0.00
2120,29795,100.00
2121,24993,100.00
2122,22078,100.00
2123,23341,100.00
2124,23770,0.00
2125,31092,100.00
2126,38520,100.00
2127,28668,100.00
2128,25720,100.00
2129,34168,0.00
2130,29827,100.00
2131,25515,100.00
2132,24806,100.00
2133,24508,100.00
2134,27776,0.00
2135,33951,100.00
2136,27878,100.00
2137,21933,100.00
2138,24432,100.00
2139,32141,0.00
2140,30734,100.00
2141,23007,100.00
2142,25462,100.00
2143,23695,100.00
2144,32338,0.00
2145,35642,100.00
2146,33016,100.00
2147,26199,100.00
2148,36305,100.00
2149,30125,0.00
2150,26614,100.00
2151,24814,100.00
2152,24290,100.00
2153,27555,100.00
2154,33084,0.00
2155,35241,100.00
2156,26486,100.00
2157,24120,100.00
2158,32243,100.00
2159,36731,0.00
2160,25971,100.00
2161,22966,100.00
2162,25506,100.00
2163,29786,100.00
2164,40262,0.00
2165,38972,100.00
2166,29738,100.00
2167,33459,100.00
2168,33332,100.00
2169,36047,0.00
2170,27889,100.00
2171,24515,100.00
2172,22544,100.00
2173,36528,100.00
2174,33755,0.00
2175,26893,100.00
2176,24611,100.00
2177,22292,100.00
2178,39562,100.00
2179,28204,0.00
2180,23523,100.00
2181,25420,100.00
2182,22989,100.00
2183,41059,100.00
2184,36949,0.00
2185,29520,100.00
2186,27351,100.00
2187,47598,100.00
2188,39570,100.00
2189,32555,0.00
2190,25678,100.00
2191,23998,100.00
2192,38788,100.00
2193,37244,100.00
2194,26314,0.00
2195,24573,100.00
2196,24301,100.00
2197,36559,100.00
2198,33519,100.00
2199,23335,0.00
2200,24747,100.00
2201,23811,100.00
2202,33763,100.00
2203,34892,100.00
2204,33415,0.00
2205,25701,100.00
2206,37191,100.00
2207,34895,100.00
2208,27844,100.00
2209,25390,0.00
2210,25211,100.00
2211,23998,100.00
2212,43083,100.00
2213,36827,100.00
2214,24099,0.00
2215,26182,100.00
2216,30906,100.00
2217,31788,100.00
2218,23555,100.00
2219,23126,0.00
2220,26963,100.00
2221,31110,100.00
2222,36868,100.00
2223,34524,100.00
2224,29302,0.00
2225,32197,100.00
2226,26307,100.00
2227,29380,100.00
2228,27195,100.00
2229,23821,0.00
2230,23497,100.00
2231,31885,100.00
2232,28604,100.00
2233,27218,100.00
2234,22334,0.00
2235,21294,100.00
2236,33640,100.00
2237,27419,100.00
2238,24038,100.00
2239,24636,0.00
2240,23510,100.00
2241,37286,100.00
2242,36240,100.00
2243,26768,100.00
2244,23404,0.00
2245,38237,100.00
2246,33775,100.00
2247,31421,100.00
2248,32914,100.00
2249,34721,0.00
2250,42957,100.00
2251,43584,100.00
2252,42314,100.00
2253,31018,100.00
2254,33454,0.00
2255,39267,100.00
2256,46207,100.00
2257,34488,100.00
2258,29855,100.00
2259,31466,0.00
2260,28109,100.00
2261,54991,100.00
2262,52353,100.00
2263,41453,100.00
2264,40341,0.00
2265,60320,100.00
2266,45533,100.00
2267,35142,100.00
2268,28298,100.00
2269,26631,0.00
2270,48048,100.00
2271,45092,100.00
2272,28859,100.00
2273,27003,100.00
2274,25425,0.00
2275,46832,100.00
2276,42095,100.00
2277,26101,100.00
2278,28164,100.00
2279,28643,0.00
2280,42640,100.00
2281,45836,100.00
2282,34970,100.00
2283,29791,100.00
2284,45244,0.00
2285,41800,100.00
2286,32579,100.00
2287,26256,100.00
2288,26385,100.00
2289,33122,0.00
2290,34623,100.00
2291,36785,100.00
2292,24293,100.00
2293,26946,100.00
2294,23380,0.00
2295,49451,100.00
2296,32978,100.00
2297,24416,100.00
2298,26451,100.00
2299,25045,0.00
2300,51841,100.00
2301,42417,100.00
2302,33641,100.00
2303,23000,100.00
2304,50913,0.00
2305,44099,100.00
2306,35290,100.00
2307,25065,100.00
2308,20237,100.00
2309,42968,0.00
2310,38761,100.00
2311,27337,100.00
2312,21236,100.00
2313,25302,100.00
2314,41222,0.00
2315,38065,100.00
2316,25671,100.00
2317,27953,100.00
2318,26928,100.00
2319,40787,0.00
2320,42094,100.00
2321,34246,100.00
2322,27085,100.00
2323,39234,100.00
2324,34862,0.00
2325,30926,100.00
2326,25174,100.00
2327,24604,100.00
2328,31473,100.00
2329,32174,0.00
2330,35699,100.00
2331,24694,100.00
2332,25045,100.00
2333,27357,100.00
2334,44076,0.00
2335,32128,100.00
2336,25877,100.00
2337,26606,100.00
2338,30731,100.00
2339,42719,0.00
2340,42794,100.00
2341,32188,100.00
2342,27575,100.00
2343,40576,100.00
2344,40555,0.00
2345,29087,100.00
2346,24756,100.00
2347,24541,100.00
2348,38757,100.00
2349,35403,0.00
2350,26721,100.00
2351,21040,100.00
2352,22188,100.00
2353,39973,100.00
2354,30644,0.00
2355,26801,100.00
2356,28210,100.00
2357,24021,100.00
2358,41420,100.00
2359,38624,0.00
2360,30053,100.00
2361,26438,100.00
2362,39647,100.00
2363,37410,100.00
2364,30115,0.00
2365,25288,100.00
2366,24660,100.00
2367,38449,100.00
2368,37598,100.00
2369,27463,0.00
2370,25889,100.00
2371,25645,100.00
2372,38675,100.00
2373,35515,100.00
2374,25335,0.00
2375,26749,100.00
2376,25215,100.00
2377,44289,100.00
2378,43785,100.00
2379,35222,0.00
2380,26267,100.00
2381,43368,100.00
2382,36318,100.00
2383,30640,100.00
2384,27988,0.00
2385,30040,100.00
2386,33603,100.00
2387,37762,100.00
2388,37990,100.00
2389,28370,0.00
2390,27328,100.00
2391,25857,100.00
2392,46884,100.00
2393,33795,100.00
2394,26018,0.00
2395,26287,100.00
2396,30001,100.00
2397,47657,100.00
2398,42696,100.00
2399,31974,0.00
2400,27081,100.00
2401,50691,100.00
2402,42384,100.00
2403,32513,100.00
2404,26564,0.00
2405,25265,100.00
2406,47601,100.00
2407,39607,100.00
2408,27669,100.00
2409,21576,0.00
2410,23750,100.00
2411,43740,100.00
2412,37424,100.00
2413,28581,100.00
2414,26823,0.00
2415,27806,100.00
2416,44835,100.00
2417,39700,100.00
2418,31017,100.00
2419,27532,0.00
2420,39817,100.00
2421,35079,100.00
2422,29316,100.00
2423,25747,100.00
2424,25422,0.00
2425,32500,100.00
2426,35323,100.00
2427,26430,100.00
2428,23417,100.00
2429,24255,0.00
2430,32893,100.00
2431,38267,100.00
2432,24402,100.00
2433,24051,100.00
2434,25295,0.00
2435,36043,100.00
2436,40130,100.00
2437,41192,100.00
2438,30378,100.00
2439,36664,0.00
2440,33600,100.00
2441,38689,100.00
2442,31388,100.00
2443,24381,100.00
2444,24027,0.00
2445,48964,100.00
2446,38402,100.00
2447,25382,100.00
2448,26197,100.00
2449,21069,0.00
2450,45235,100.00
2451,27335,100.00
2452,24009,100.00
2453,25669,100.00
2454,24375,0.00
2455,48118,100.00
2456,40352,100.00
2457,31398,100.00
2458,24324,100.00
2459,38240,0.00
2460,40111,100.00
2461,30008,100.00
2462,25935,100.00
2463,22464,100.00
2464,37758,0.00
2465,33981,100.00
2466,31407,100.00
2467,23627,100.00
2468,25319,100.00
2469,35352,0.00
2470,44636,100.00
2471,23886,100.00
2472,24826,100.00
2473,22378,100.00
2474,33774,0.00
2475,39437,100.00
2476,36236,100.00
2477,28540,100.00
2478,35211,100.00
2479,36409,0.00
2480,29633,100.00
2481,25516,100.00
2482,23790,100.00
2483,20554,100.00
2484,43061,0.00
2485,35120,100.00
2486,28116,100.00
2487,25916,100.00
2488,28067,100.00
2489,44021,0.00
2490,34969,100.00
2491,24284,100.00
2492,24840,100.00
2493,22270,100.00
2494,42660,0.00
2495,42507,100.00
2496,27477,100.00
2497,33723,100.00
2498,35172,100.00
2499,33412,0.00
2500,26917,100.00
2501,26209,100.00
2502,22831,100.00
2503,31172,100.00
2504,31003,0.00
2505,35636,100.00
2506,28024,100.00
2507,24819,100.00
2508,41627,100.00
2509,34333,0.00
2510,28660,100.00
2511,23643,100.00
2512,27352,100.00
2513,22489,100.00
2514,45847,0.00
2515,45835,100.00
2516,30413,100.00
2517,38252,100.00
2518,36481,100.00
2519,25890,0.00
2520,20837,100.00
2521,24528,100.00
2522,22839,100.00
2523,30306,100.00
2524,30561,0.00
2525,32081,100.00
2526,25658,100.00
2527,26574,100.00
2528,38359,100.00
2529,36106,0.00
2530,21512,100.00
2531,23437,100.00
2532,22581,100.00
2533,22999,100.00
2534,49957,0.00
2535,46673,100.00
2536,26856,100.00
2537,53106,100.00
2538,50031,100.00
2539,25223,0.00
2540,21810,100.00
2541,24091,100.00
2542,21642,100.00
2543,41017,100.00
2544,37724,0.00
2545,32556,100.00
2546,25020,100.00
2547,37960,100.00
2548,41477,100.00
2549,25744,0.00
2550,20301,100.00
2551,21758,100.00
2552,23193,100.00
2553,31539,100.00
2554,49879,0.00
2555,48038,100.00
2556,38689,100.00
2557,40056,100.00
2558,38444,100.00
2559,23860,0.00
2560,29268,100.00
2561,25436,100.00
2562,25710,100.00
2563,46635,100.00
2564,46362,0.00
2565,35801,100.00
2566,28589,100.00
2567,53826,100.00
2568,44950,100.00
2569,32442,0.00
2570,25290,100.00
2571,25002,100.00
2572,27666,100.00
2573,42413,100.00
2574,44353,0.00
2575,42647,100.00
2576,49964,100.00
2577,46960,100.00
2578,30253,100.00
2579,26312,0.00
2580,27184,100.00
2581,26962,100.00
2582,26597,100.00
2583,50762,100.00
2584,46327,0.00
2585,34606,100.00
2586,34995,100.00
2587,42600,100.00
2588,40586,100.00
2589,24673,0.00
2590,26218,100.00
2591,28214,100.00
2592,28291,100.00
2593,45176,100.00
2594,45062,0.00
2595,35341,100.00
2596,49795,100.00
2597,47066,100.00
2598,29252,100.00
2599,21453,0.00
2600,26758,100.00
2601,23041,100.00
2602,32110,100.00
2603,36554,100.00
2604,39582,0.00
2605,33497,100.00
2606,44877,100.00
2607,42675,100.00
2608,26514,100.00
2609,21482,0.00
2610,21979,100.00
2611,24176,100.00
2612,25352,100.00
2613,51192,100.00
2614,40753,0.00
2615,36970,100.00
2616,40590,100.00
2617,39388,100.00
2618,23869,100.00
2619,23922,0.00
2620,23743,100.00
2621,24792,100.00
2622,36997,100.00
2623,40163,100.00
2624,34179,0.00
2625,25291,100.00
2626,51273,100.00
2627,40156,100.00
2628,29837,100.00
2629,24622,0.00
2630,25600,100.00
2631,27026,100.00
2632,31129,100.00
2633,52431,100.00
2634,44414,0.00
2635,50701,100.00
2636,46006,100.00
2637,30731,100.00
2638,24123,100.00
2639,28430,0.00
2640,27254,100.00
2641,26845,100.00
2642,45528,100.00
2643,46685,100.00
2644,38620,0.00
2645,37957,100.00
2646,43750,100.00
2647,36490,100.00
2648,24769,100.00
2649,25443,0.00
2650,25681,100.00
2651,27827,100.00
2652,42949,100.00
2653,44815,100.00
2654,36532,0.00
2655,53364,100.00
2656,46550,100.00
2657,29729,100.00
2658,27673,100.00
2659,25491,0.00
2660,26015,100.00
2661,33398,100.00
2662,40611,100.00
2663,44801,100.00
2664,31054,0.00
2665,48812,100.00
2666,43669,100.00
2667,28206,100.00
2668,23645,100.00
2669,24143,0.00
2670,26201,100.00
2671,29409,100.00
2672,52428,100.00
2673,43101,100.00
2674,41516,0.00
2675,46694,100.00
2676,39535,100.00
2677,25007,100.00
2678,28139,100.00
2679,25761,0.00
2680,28082,100.00
2681,38964,100.00
2682,41076,100.00
2683,45351,100.00
2684,27540,0.00
2685,57647,100.00
2686,42552,100.00
2687,31285,100.00
2688,22654,100.00
2689,24614,0.00
2690,29456,100.00
2691,29431,100.00
2692,59276,100.00
2693,44604,100.00
2694,50521,0.00
2695,51843,100.00
2696,32177,100.00
2697,25236,100.00
2698,28937,100.00
2699,30510,0.00
2700,27568,100.00
2701,44893,100.00
2702,61879,100.00
2703,34992,100.00
2704,39026,0.00
2705,46616,100.00
2706,36556,100.00
2707,26243,100.00
2708,26222,100.00
2709,24484,0.00
2710,29090,100.00
2711,30501,100.00
2712,55759,100.00
2713,42355,100.00
2714,56227,0.00
2715,51532,100.00
2716,31607,100.00
2717,23516,100.00
2718,24594,100.00
2719,27688,0.00
2720,25210,100.00
2721,49159,100.00
2722,46018,100.00
2723,27710,100.00
2724,46322,0.00
2725,39776,100.00
2726,28921,100.00
2727,25686,100.00
2728,22844,100.00
2729,23480,0.00
2730,30643,100.00
2731,44975,100.00
2732,48522,100.00
2733,44206,100.00
2734,51768,0.00
2735,41025,100.00
2736,28248,100.00
2737,26522,100.00
2738,30654,100.00
2739,29264,0.00
2740,33923,100.00
2741,39618,100.00
2742,45873,100.00
2743,30975,100.00
2744,49383,0.00
2745,41304,100.00
2746,27947,100.00
2747,27973,100.00
2748,28687,100.00
2749,28826,0.00
2750,31028,100.00
2751,59352,100.00
2752,54715,100.00
2753,41496,100.00
2754,45015,0.00
2755,43861,100.00
2756,29340,100.00
2757,28261,100.00
2758,30409,100.00
2759,29428,0.00
2760,45745,100.00
2761,40893,100.00
2762,35087,100.00
2763,27986,100.00
2764,42305,0.00
2765,37223,100.00
2766,28222,100.00
2767,22808,100.00
2768,31444,100.00
2769,28332,0.00
2770,28997,100.00
2771,54926,100.00
2772,48096,100.00
2773,38093,100.00
2774,43802,0.00
2775,42461,100.00
2776,31450,100.00
2777,30066,100.00
2778,29300,100.00
2779,29271,0.00
2780,47314,100.00
2781,42129,100.00
2782,32187,100.00
2783,28445,100.00
2784,43595,0.00
2785,40934,100.00
2786,29943,100.00
2787,23984,100.00
2788,29512,100.00
2789,29836,0.00
2790,48993,100.00
2791,53310,100.00
2792,37471,100.00
2793,43003,100.00
2794,39805,0.00
2795,40543,100.00
2796,30312,100.00
2797,31273,100.00
2798,31819,100.00
2799,39111,0.00
2800,36508,100.00
2801,43912,100.00
2802,27539,100.00
2803,28319,100.00
2804,48471,0.00
2805,41992,100.00
2806,31575,100.00
2807,27828,100.00
2808,30794,100.00
2809,29724,0.00
2810,54757,100.00
2811,47087,100.00
2812,36076,100.00
2813,47648,100.00
2814,39731,0.00
2815,31140,100.00
2816,30184,100.00
2817,31508,100.00
2818,27110,100.00
2819,48829,0.00
2820,39678,100.00
2821,32676,100.00
2822,28097,100.00
2823,27891,100.00
2824,54561,0.00
2825,43047,100.00
2826,27398,100.00
2827,30095,100.00
2828,31264,100.00
2829,53688,0.00
2830,51325,100.00
2831,39146,100.00
2832,29774,100.00
2833,52596,100.00
2834,46102,0.00
2835,34252,100.00
2836,31800,100.00
2837,30794,100.00
2838,45556,100.00
2839,39751,0.00
2840,40923,100.00
2841,29307,100.00
2842,30927,100.00
2843,41778,100.00
2844,44735,0.00
2845,29345,100.00
2846,30771,100.00
2847,32429,100.00
2848,29574,100.00
2849,52431,0.00
2850,48622,100.00
2851,35187,100.00
2852,42530,100.00
2853,36201,100.00
2854,42181,0.00
2855,33448,100.00
2856,32703,100.00
2857,27402,100.00
2858,48621,100.00
2859,45682,0.00
2860,31292,100.00
2861,28312,100.00
2862,29177,100.00
2863,50675,100.00
2864,45258,0.00
2865,27917,100.00
2866,34283,100.00
2867,32624,100.00
2868,52221,100.00
2869,51112,0.00
2870,35323,100.00
2871,32124,100.00
2872,50498,100.00
2873,44345,100.00
2874,34411,0.00
2875,31495,100.00
2876,31243,100.00
2877,39877,100.00
2878,40437,100.00
2879,41522,0.00
2880,29595,100.00
2881,30424,100.00
2882,34887,100.00
2883,44822,100.00
2884,31822,0.00
2885,29348,100.00
2886,30221,100.00
2887,31965,100.00
2888,53374,100.00
2889,48850,0.00
2890,39238,100.00
2891,37599,100.00
2892,48517,100.00
2893,44292,100.00
2894,34839,0.00
2895,29307,100.00
2896,28705,100.00
2897,52216,100.00
2898,47929,100.00
2899,33398,0.00
2900,27285,100.00
2901,28038,100.00
2902,50107,100.00
2903,42604,100.00
2904,28468,0.00
2905,31821,100.00
2906,31039,100.00
2907,51640,100.00
2908,49575,100.00
2909,36449,0.00
2910,31149,100.00
2911,48929,100.00
2912,43891,100.00
2913,35572,100.00
2914,31275,0.00
2915,29908,100.00
2916,38532,100.00
2917,40706,100.00
2918,40270,100.00
2919,28048,0.00
2920,29519,100.00
2921,31429,100.00
2922,50982,100.00
2923,35565,100.00
2924,28449,0.00
2925,30915,100.00
2926,30187,100.00
2927,68489,100.00
2928,50433,100.00
2929,36832,0.00
2930,31686,100.00
2931,59033,100.00
2932,44733,100.00
2933,36352,100.00
2934,32158,0.00
2935,28612,100.00
2936,53893,100.00
2937,46790,100.00
2938,32981,100.00
2939,28834,0.00
2940,30962,100.00
2941,50699,100.00
2942,47190,100.00
2943,29482,100.00
2944,29815,0.00
2945,32739,100.00
2946,51499,100.00
2947,50710,100.00
2948,38775,100.00
2949,32040,0.00
2950,44483,100.00
2951,40704,100.00
2952,43950,100.00
2953,35890,100.00
2954,30635,0.00
2955,40600,100.00
2956,41960,100.00
2957,41556,100.00
2958,29641,100.00
2959,31681,0.00
2960,28824,100.00
2961,54518,100.00
2962,36508,100.00
2963,30370,100.00
2964,32407,0.00
2965,37194,100.00
2966,45740,100.00
2967,44516,100.00
2968,35895,100.00
2969,32650,0.00
2970,54697,100.00
2971,46803,100.00
2972,36559,100.00
2973,30813,100.00
2974,31269,0.00
2975,50686,100.00
2976,45608,100.00
2977,29478,100.00
2978,27375,100.00
2979,29593,0.00
2980,47795,100.00
2981,43465,100.00
2982,29965,100.00
2983,31632,100.00
2984,32031,0.00
2985,52157,100.00
2986,45538,100.00
2987,35571,100.00
2988,32068,100.00
2989,41323,0.00
2990,38583,100.00
2991,45721,100.00
2992,34930,100.00
2993,29312,100.00
2994,43664,0.00
2995,44192,100.00
2996,32994,100.00
2997,26086,100.00
2998,31420,100.00
2999,25224,0.00
3000,75563,100.00
3001,39381,100.00
3002,32204,100.00
3003,33077,100.00
3004,43461,0.00
3005,43595,100.00
3006,45335,100.00
3007,31783,100.00
3008,33130,100.00
3009,44734,0.00
3010,42085,100.00
3011,37177,100.00
3012,29625,100.00
3013,28457,100.00
3014,47982,0.00
3015,44610,100.00
3016,41046,100.00
3017,24701,100.00
3018,23595,100.00
3019,35951,0.00
3020,39333,100.00
3021,30004,100.00
3022,29917,100.00
3023,28712,100.00
3024,47351,0.00
3025,44509,100.00
3026,35207,100.00
3027,34219,100.00
3028,35784,100.00
3029,36271,0.00
3030,44707,100.00
3031,34867,100.00
3032,27797,100.00
3033,40460,100.00
3034,37731,0.00
3035,31797,100.00
3036,25081,100.00
3037,27834,100.00
3038,22933,100.00
3039,52841,0.00
3040,35210,100.00
3041,32040,100.00
3042,29559,100.00
3043,41932,100.00
3044,40560,0.00
3045,38592,100.00
3046,31050,100.00
3047,29663,100.00
3048,45591,100.00
3049,51619,0.00
3050,36215,100.00
3051,26539,100.00
3052,27621,100.00
3053,48435,100.00
3054,43703,0.00
3055,27358,100.00
3056,27154,100.00
3057,23718,100.00
3058,43306,100.00
3059,36751,0.00
3060,29224,100.00
3061,28493,100.00
3062,27096,100.00
3063,46496,100.00
3064,45864,0.00
3065,33634,100.00
3066,30326,100.00
3067,37801,100.00
3068,38711,100.00
3069,40740,0.00
3070,29795,100.00
3071,26299,100.00
3072,46971,100.00
3073,40679,100.00
3074,28270,0.00
3075,21937,100.00
3076,24230,100.00
3077,27506,100.00
3078,50825,100.00
3079,40360,0.00
3080,29740,100.00
3081,29386,100.00
3082,51680,100.00
3083,39982,100.00
3084,30277,0.00
3085,30390,100.00
3086,26310,100.00
3087,49130,100.00
3088,46236,100.00
3089,35688,0.00
3090,27113,100.00
3091,43821,100.00
3092,45630,100.00
3093,30115,100.00
3094,24327,0.00
3095,24851,100.00
3096,22921,100.00
3097,46892,100.00
3098,34961,100.00
3099,29832,0.00
3100,28788,100.00
3101,43988,100.00
3102,37152,100.00
3103,28884,100.00
3104,25436,0.00
3105,24098,100.00
3106,43247,100.00
3107,46505,100.00
3108,35470,100.00
3109,26957,0.00
3110,36105,100.00
3111,40702,100.00
3112,32787,100.00
3113,22055,100.00
3114,25221,0.00
3115,25838,100.00
3116,47488,100.00
3117,38101,100.00
3118,31334,100.00
3119,29590,0.00
3120,42684,100.00
3121,37155,100.00
3122,33782,100.00
3123,29738,100.00
3124,29477,0.00
3125,37773,100.00
3126,40270,100.00
3127,48720,100.00
3128,29655,100.00
3129,32260,0.00
3130,42374,100.00
3131,42182,100.00
3132,26436,100.00
3133,24699,100.00
3134,23628,0.00
3135,32052,100.00
3136,33880,100.00
3137,41733,100.00
3138,32452,100.00
3139,31977,0.00
3140,41890,100.00
3141,36250,100.00
3142,29434,100.00
3143,27598,100.00
3144,32629,0.00
3145,35229,100.00
3146,42584,100.00
3147,28302,100.00
3148,24422,100.00
3149,42876,0.00
3150,39106,100.00
3151,26911,100.00
3152,23538,100.00
3153,23397,100.00
3154,21134,0.00
3155,49113,100.00
3156,41490,100.00
3157,31311,100.00
3158,25421,100.00
3159,49648,0.00
3160,35700,100.00
3161,31411,100.00
3162,24888,100.00
3163,22471,100.00
3164,48258,0.00
3165,48980,100.00
3166,29213,100.00
3167,22262,100.00
3168,42757,100.00
3169,41769,0.00
3170,27183,100.00
3171,20937,100.00
3172,26017,100.00
3173,22225,100.00
3174,47529,0.00
3175,37613,100.00
3176,29550,100.00
3177,28407,100.00
3178,47403,100.00
3179,37343,0.00
3180,28877,100.00
3181,29305,100.00
3182,23999,100.00
3183,40616,100.00
3184,42968,0.00
3185,33307,100.00
3186,25226,100.00
3187,37492,100.00
3188,42071,100.00
3189,29138,0.00
3190,23202,100.00
3191,25071,100.00
3192,24096,100.00
3193,40736,100.00
3194,31795,0.00
3195,27958,100.00
3196,28248,100.00
3197,37083,100.00
3198,31750,100.00
3199,27398,0.00
3200,23631,100.00
3201,23185,100.00
3202,33002,100.00
3203,36864,100.00
3204,34367,0.00
3205,23928,100.00
3206,32366,100.00
3207,39844,100.00
3208,29033,100.00
3209,22979,0.00
3210,23476,100.00
3211,22342,100.00
3212,34062,100.00
3213,30201,100.00
3214,26891,0.00
3215,25911,100.00
3216,36262,100.00
3217,29562,100.00
3218,29061,100.00
3219,25107,0.00
3220,23437,100.00
3221,32813,100.00
3222,35922,100.00
3223,31753,100.00
3224,23708,0.00
3225,33308,100.00
3226,37212,100.00
3227,24717,100.00
3228,22192,100.00
3229,23466,0.00
3230,22142,100.00
3231,32741,100.00
3232,28638,100.00
3233,32776,100.00
3234,27653,0.00
3235,38626,100.00
3236,36565,100.00
3237,29494,100.00
3238,28081,100.00
3239,23458,0.00
3240,38871,100.00
3241,43120,100.00
3242,32086,100.00
3243,24942,100.00
3244,36010,0.00
3245,35794,100.00
3246,26154,100.00
3247,22538,100.00
3248,24212,100.00
3249,22437,0.00
3250,36313,100.00
3251,36757,100.00
3252,31754,100.00
3253,29362,100.00
3254,38928,0.00
3255,36132,100.00
3256,30999,100.00
3257,28515,100.00
3258,28098,100.00
3259,32254,0.00
3260,35379,100.00
3261,42814,100.00
3262,28486,100.00
3263,23217,100.00
3264,51275,0.00
3265,42112,100.00
3266,29263,100.00
3267,23346,100.00
3268,22113,100.00
3269,22137,0.00
3270,39611,100.00
3271,36167,100.00
3272,31351,100.00
3273,26237,100.00
3274,48092,0.00
3275,37551,100.00
3276,33375,100.00
3277,27778,100.00
3278,22300,100.00
3279,47084,0.00
3280,47209,100.00
3281,33209,100.00
3282,22574,100.00
3283,41992,100.00
3284,40144,0.00
3285,28512,100.00
3286,21131,100.00
3287,21064,100.00
3288,34442,100.00
3289,41658,0.00
3290,39168,100.00
3291,30973,100.00
3292,28711,100.00
3293,47611,100.00
3294,38704,0.00
3295,27623,100.00
3296,28547,100.00
3297,24916,100.00
3298,33963,100.00
3299,40574,0.00
3300,34343,100.00
3301,23712,100.00
3302,35008,100.00
3303,33552,100.00
3304,35547,0.00
3305,22770,100.00
3306,22652,100.00
3307,21687,100.00
3308,31876,100.00
3309,36332,0.00
3310,34270,100.00
3311,29324,100.00
3312,38442,100.00
3313,36346,100.00
3314,29774,0.00
3315,28534,100.00
3316,29548,100.00
3317,30277,100.00
3318,37535,100.00
3319,44508,0.00
3320,28720,100.00
3321,21969,100.00
3322,50213,100.00
3323,41165,100.00
3324,27745,0.00
3325,23306,100.00
3326,22262,100.00
3327,24004,100.00
3328,39480,100.00
3329,35930,0.00
3330,28110,100.00
3331,26577,100.00
3332,45296,100.00
3333,37051,100.00
3334,31455,0.00
3335,27585,100.00
3336,23474,100.00
3337,54266,100.00
3338,46648,100.00
3339,30666,0.00
3340,21760,100.00
3341,46212,100.00
3342,42870,100.00
3343,28674,100.00
3344,22114,0.00
3345,21733,100.00
3346,23115,100.00
3347,45519,100.00
3348,35764,100.00
3349,29261,0.00
3350,25752,100.00
3351,45710,100.00
3352,33311,100.00
3353,27993,100.00
3354,25719,0.00
3355,22727,100.00
3356,36072,100.00
3357,36952,100.00
3358,29482,100.00
3359,24344,0.00
3360,34605,100.00
3361,39359,100.00
3362,27856,100.00
3363,21820,100.00
3364,24586,0.00
3365,24214,100.00
3366,37190,100.00
3367,34406,100.00
3368,31663,100.00
3369,29389,0.00
3370,35598,100.00
3371,31318,100.00
3372,28207,100.00
3373,25072,100.00
3374,24766,0.00
3375,31912,100.00
3376,38060,100.00
3377,33878,100.00
3378,23965,100.00
3379,31830,0.00
3380,32882,100.00
3381,34668,100.00
3382,21760,100.00
3383,23497,100.00
3384,22465,0.00
3385,34553,100.00
3386,29072,100.00
3387,28223,100.00
3388,26575,100.00
3389,33688,0.00
3390,36441,100.00
3391,30730,100.00
3392,29045,100.00
3393,27517,100.00
3394,32838,0.00
3395,35454,100.00
3396,36802,100.00
3397,24825,100.00
3398,29082,100.00
3399,31946,0.00
3400,37615,100.00
3401,25996,100.00
3402,23645,100.00
3403,23081,100.00
3404,32606,0.00
3405,30678,100.00
3406,30417,100.00
3407,27165,100.00
3408,34241,100.00
3409,33092,0.00
3410,31987,100.00
3411,28281,100.00
3412,28403,100.00
3413,33497,100.00
3414,39159,0.00
3415,43330,100.00
3416,27268,100.00
3417,30112,100.00
3418,36201,100.00
3419,36913,0.00
3420,24218,100.00
3421,21834,100.00
3422,22386,100.00
3423,32261,100.00
3424,30689,0.00
3425,32898,100.00
3426,30518,100.00
3427,34720,100.00
3428,42304,100.00
3429,34513,0.00
3430,29992,100.00
3431,29215,100.00
3432,31886,100.00
3433,40852,100.00
3434,42396,0.00
3435,28503,100.00
3436,24649,100.00
3437,50608,100.00
3438,44827,100.00
3439,26954,0.00
3440,22595,100.00
3441,23485,100.00
3442,34370,100.00
3443,35954,100.00
3444,35763,0.00
3445,30783,100.00
3446,33713,100.00
3447,44128,100.00
3448,33942,100.00
3449,28334,0.00
3450,27582,100.00
3451,34055,100.00
3452,37653,100.00
3453,40776,100.00
3454,29713,0.00
3455,23814,100.00
3456,44278,100.00
3457,39239,100.00
3458,29613,100.00
3459,23478,0.00
3460,22852,100.00
3461,21715,100.00
3462,48630,100.00
3463,38773,100.00
3464,31623,0.00
3465,21321,100.00
3466,55287,100.00
3467,37026,100.00
3468,31689,100.00
3469,28724,0.00
3470,23129,100.00
3471,52621,100.00
3472,47438,100.00
3473,30927,100.00
3474,22035,0.00
3475,46074,100.00
3476,40650,100.00
3477,28251,100.00
3478,20218,100.00
3479,21350,0.00
3480,22130,100.00
3481,49283,100.00
3482,36153,100.00
3483,31067,100.00
3484,24944,0.00
3485,48923,100.00
3486,32889,100.00
3487,30090,100.00
3488,26817,100.00
3489,22267,0.00
3490,45099,100.00
3491,47390,100.00
3492,29162,100.00
3493,22334,100.00
3494,39544,0.00
3495,38797,100.00
3496,29016,100.00
3497,20834,100.00
3498,25230,100.00
3499,23773,0.00
3500,41870,100.00
3501,31022,100.00
3502,30310,100.00
3503,29376,100.00
3504,38009,0.00
3505,38104,100.00
3506,30526,100.00
3507,28265,100.00
3508,27370,100.00
3509,37225,0.00
3510,43927,100.00
3511,45790,100.00
3512,38161,100.00
3513,31729,100.00
3514,33880,0.00
3515,37768,100.00
3516,23357,100.00
3517,23066,100.00
3518,22909,100.00
3519,30831,0.00
3520,37422,100.00
3521,42175,100.00
3522,35429,100.00
3523,29802,100.00
3524,45876,0.00
3525,39477,100.00
3526,33962,100.00
3527,29423,100.00
3528,24192,100.00
3529,55794,0.00
3530,49076,100.00
3531,30646,100.00
3532,22377,100.00
3533,48792,100.00
3534,42123,0.00
3535,28028,100.00
3536,20502,100.00
3537,22555,100.00
3538,21357,100.00
3539,46040,0.00
3540,35205,100.00
3541,30360,100.00
3542,24862,100.00
3543,46678,100.00
3544,33680,0.00
3545,28305,100.00
3546,27989,100.00
3547,23000,100.00
3548,37733,100.00
3549,38335,0.00
3550,33873,100.00
3551,24504,100.00
3552,39615,100.00
3553,38360,100.00
3554,27586,0.00
3555,21984,100.00
3556,24167,100.00
3557,21542,100.00
3558,40379,100.00
3559,32902,0.00
3560,30717,100.00
3561,29431,100.00
3562,44499,100.00
3563,36071,100.00
3564,29375,0.00
3565,27164,100.00
3566,26237,100.00
3567,37043,100.00
3568,45233,100.00
3569,32635,0.00
3570,23753,100.00
3571,31690,100.00
3572,34441,100.00
3573,32198,100.00
3574,23567,0.00
3575,23205,100.00
3576,22785,100.00
3577,31681,100.00
3578,30068,100.00
3579,30201,0.00
3580,28191,100.00
3581,33597,100.00
3582,33076,100.00
3583,30912,100.00
3584,27535,0.00
3585,28769,100.00
3586,33399,100.00
3587,35158,100.00
3588,41052,100.00
3589,27663,0.00
3590,24445,100.00
3591,46008,100.00
3592,37705,100.00
3593,26923,100.00
3594,23038,0.00
3595,21795,100.00
3596,22665,100.00
3597,47386,100.00
3598,37790,100.00
3599,29651,0.00
3600,25318,100.00
3601,58185,100.00
3602,37637,100.00
3603,30452,100.00
3604,27988,0.00
3605,21531,100.00
3606,52851,100.00
3607,49928,100.00
3608,28711,100.00
3609,22470,0.00
3610,48129,100.00
3611,42934,100.00
3612,29802,100.00
3613,22449,100.00
3614,22841,0.00
3615,26258,100.00
3616,53905,100.00
3617,41347,100.00
3618,32840,100.00
3619,26675,0.00
3620,49094,100.00
3621,36579,100.00
3622,30486,100.00
3623,28187,100.00
3624,22744,0.00
3625,44690,100.00
3626,41713,100.00
3627,33353,100.00
3628,23707,100.00
3629,36587,0.00
3630,39379,100.00
3631,26672,100.00
3632,21940,100.00
3633,23669,100.00
3634,22355,0.00
3635,38692,100.00
3636,33715,100.00
3637,30420,100.00
3638,27752,100.00
3639,38287,0.00
3640,33635,100.00
3641,30752,100.00
3642,27627,100.00
3643,24233,100.00
3644,37248,0.00
3645,42035,100.00
3646,39518,100.00
3647,24461,100.00
3648,37027,100.00
3649,36246,0.00
3650,38869,100.00
3651,24044,100.00
3652,23688,100.00
3653,22519,100.00
3654,35137,0.00
3655,32034,100.00
3656,32012,100.00
3657,28342,100.00
3658,35663,100.00
3659,34043,0.00
3660,34295,100.00
3661,29487,100.00
3662,27714,100.00
3663,33237,100.00
3664,38999,0.00
3665,45729,100.00
3666,28354,100.00
3667,30618,100.00
3668,37311,100.00
3669,41925,0.00
3670,24400,100.00
3671,23106,100.00
3672,23549,100.00
3673,32337,100.00
3674,40268,0.00
3675,37943,100.00
3676,32018,100.00
3677,38740,100.00
3678,42579,100.00
3679,36184,0.00
3680,28120,100.00
3681,29570,100.00
3682,32377,100.00
3683,44495,100.00
3684,53653,0.00
3685,29146,100.00
3686,26728,100.00
3687,49054,100.00
3688,41762,100.00
3689,27008,0.00
3690,23496,100.00
3691,24181,100.00
3692,37327,100.00
3693,38114,100.00
3694,37748,0.00
3695,31569,100.00
3696,39279,100.00
3697,42676,100.00
3698,33638,100.00
3699,32604,0.00
3700,29315,100.00
3701,32519,100.00
3702,37994,100.00
3703,41796,100.00
3704,28572,0.00
3705,24245,100.00
3706,51318,100.00
3707,43184,100.00
3708,27942,100.00
3709,22901,0.00
3710,22972,100.00
3711,22444,100.00
3712,49472,100.00
3713,39686,100.00
3714,30973,0.00
3715,24871,100.00
3716,52724,100.00
3717,36334,100.00
3718,32030,100.00
3719,29047,0.00
3720,23656,100.00
3721,55091,100.00
3722,44085,100.00
3723,31203,100.00
3724,24156,0.00
3725,49360,100.00
3726,38747,100.00
3727,28899,100.00
3728,20782,100.00
3729,22036,0.00
3730,22162,100.00
3731,46892,100.00
3732,37789,100.00
3733,30210,100.00
3734,26093,0.00
3735,51958,100.00
3736,36815,100.00
3737,36682,100.00
3738,32766,100.00
3739,23390,0.00
3740,43016,100.00
3741,45663,100.00
3742,31685,100.00
3743,22320,100.00
3744,41549,0.00
3745,39159,100.00
3746,28792,100.00
3747,21997,100.00
3748,25197,100.00
3749,22877,0.00
3750,38425,100.00
3751,34353,100.00
3752,30299,100.00
3753,29027,100.00
3754,39958,0.00
3755,37013,100.00
3756,30318,100.00
3757,27926,100.00
3758,30628,100.00
3759,38434,0.00
3760,44385,100.00
3761,49357,100.00
3762,29632,100.00
3763,27128,100.00
3764,51944,0.00
3765,44646,100.00
3766,26814,100.00
3767,24683,100.00
3768,29586,100.00
3769,32435,0.00
3770,45414,100.00
3771,38205,100.00
3772,31226,100.00
3773,27165,100.00
3774,52010,0.00
3775,41842,100.00
3776,43223,100.00
3777,32884,100.00
3778,22533,100.00
3779,54881,0.00
3780,45870,100.00
3781,29772,100.00
3782,23258,100.00
3783,42123,100.00
3784,41486,0.00
3785,29268,100.00
3786,20692,100.00
3787,21813,100.00
3788,21684,100.00
3789,45711,0.00
3790,33834,100.00
3791,28802,100.00
3792,25198,100.00
3793,47829,100.00
3794,36244,0.00
3795,28271,100.00
3796,29155,100.00
3797,24746,100.00
3798,38251,100.00
3799,41001,0.00
3800,32621,100.00
3801,24274,100.00
3802,37818,100.00
3803,40363,100.00
3804,29583,0.00
3805,21922,100.00
3806,24712,100.00
3807,23888,100.00
3808,38485,100.00
3809,36557,0.00
3810,33038,100.00
3811,30307,100.00
3812,47624,100.00
3813,37951,100.00
3814,31588,0.00
3815,27953,100.00
3816,29424,100.00
3817,39418,100.00
3818,39995,100.00
3819,42760,0.00
3820,27023,100.00
3821,31911,100.00
3822,39893,100.00
3823,41513,100.00
3824,24947,0.00
3825,24898,100.00
3826,25395,100.00
3827,34181,100.00
3828,38219,100.00
3829,38084,0.00
3830,29713,100.00
3831,29108,100.00
3832,43672,100.00
3833,35138,100.00
3834,32657,0.00
3835,30880,100.00
3836,23880,100.00
3837,55982,100.00
3838,49421,100.00
3839,29911,0.00
3840,23389,100.00
3841,48920,100.00
3842,41499,100.00
3843,29924,100.00
3844,20198,0.00
3845,23194,100.00
3846,22075,100.00
3847,53634,100.00
3848,41621,100.00
3849,32586,0.00
3850,25794,100.00
3851,51655,100.00
3852,37846,100.00
3853,28747,100.00
3854,31555,0.00
3855,23843,100.00
3856,45077,100.00
3857,45469,100.00
3858,33279,100.00
3859,27131,0.00
3860,41826,100.00
3861,42936,100.00
3862,30988,100.00
3863,23404,100.00
3864,26327,0.00
3865,23053,100.00
3866,44244,100.00
3867,36266,100.00
3868,30697,100.00
3869,28395,0.00
3870,46658,100.00
3871,46099,100.00
3872,31603,100.00
3873,28042,100.00
3874,26514,0.00
3875,37276,100.00
3876,37146,100.00
3877,34297,100.00
3878,24873,100.00
3879,32625,0.00
3880,36132,100.00
3881,40159,100.00
3882,24272,100.00
3883,23484,100.00
3884,22927,0.00
3885,35882,100.00
3886,39484,100.00
3887,35227,100.00
3888,29555,100.00
3889,37409,0.00
3890,40504,100.00
3891,34918,100.00
3892,29817,100.00
3893,27600,100.00
3894,32529,0.00
3895,35716,100.00
3896,44576,100.00
3897,29969,100.00
3898,24433,100.00
3899,51185,0.00
3900,42852,100.00
3901,30008,100.00
3902,25054,100.00
3903,23549,100.00
3904,24527,0.00
3905,50621,100.00
3906,43694,100.00
3907,32688,100.00
3908,28397,100.00
3909,54002,0.00
3910,36296,100.00
3911,32505,100.00
3912,28392,100.00
3913,25273,100.00
3914,47961,0.00
3915,49731,100.00
3916,30416,100.00
3917,23739,100.00
3918,46139,100.00
3919,48625,0.00
3920,29782,100.00
3921,22077,100.00
3922,25338,100.00
3923,23903,100.00
3924,46833,0.00
3925,39708,100.00
3926,27482,100.00
3927,28856,100.00
3928,48677,100.00
3929,36168,0.00
3930,29732,100.00
3931,30960,100.00
3932,25548,100.00
3933,42736,100.00
3934,47381,0.00
3935,35637,100.00
3936,25136,100.00
3937,44041,100.00
3938,44757,100.00
3939,29528,0.00
3940,23572,100.00
3941,24584,100.00
3942,22594,100.00
3943,38280,100.00
3944,31234,0.00
3945,27355,100.00
3946,27597,100.00
3947,40151,100.00
3948,34487,100.00
3949,29354,0.00
3950,27686,100.00
3951,25011,100.00
3952,35544,100.00
3953,41811,100.00
3954,39031,0.00
3955,24878,100.00
3956,32867,100.00
3957,36990,100.00
3958,37877,100.00
3959,25846,0.00
3960,23698,100.00
3961,23379,100.00
3962,33991,100.00
3963,33541,100.00
3964,30846,0.00
3965,30655,100.00
3966,37404,100.00
3967,38959,100.00
3968,33380,100.00
3969,29506,0.00
3970,27706,100.00
3971,34247,100.00
3972,38647,100.00
3973,48206,100.00
3974,30119,0.00
3975,24567,100.00
3976,56839,100.00
3977,45919,100.00
3978,26874,100.00
3979,25645,0.00
3980,24589,100.00
3981,26867,100.00
3982,46441,100.00
3983,40359,100.00
3984,33379,0.00
3985,31241,100.00
3986,48425,100.00
3987,36570,100.00
3988,28038,100.00
3989,27063,0.00
3990,28452,100.00
3991,43235,100.00
3992,47713,100.00
3993,30398,100.00
3994,23780,0.00
3995,54186,100.00
3996,42445,100.00
3997,28646,100.00
3998,27794,100.00
3999,26894,0.00
4000,45683,100.00
4001,52103,100.00
4002,44233,100.00
4003,32825,100.00
4004,29578,0.00
4005,55570,100.00
4006,37386,100.00
4007,31690,100.00
4008,30355,100.00
4009,25267,0.00
4010,46357,100.00
4011,44233,100.00
4012,34789,100.00
4013,25975,100.00
4014,40597,0.00
4015,42315,100.00
4016,36318,100.00
4017,22889,100.00
4018,24948,100.00
4019,23563,0.00
4020,43085,100.00
4021,36956,100.00
4022,30303,100.00
4023,29017,100.00
4024,44858,0.00
4025,37296,100.00
4026,29274,100.00
4027,28494,100.00
4028,27999,100.00
4029,37608,0.00
4030,40225,100.00
4031,39599,100.00
4032,26648,100.00
4033,31167,100.00
4034,35331,0.00
4035,38877,100.00
4036,23895,100.00
4037,23113,100.00
4038,22190,100.00
4039,53220,0.00
4040,44816,100.00
4041,41144,100.00
4042,31999,0.00
4043,31251,100.00
4044,43957,100.00
4045,35551,100.00
4046,30245,100.00
4047,28718,0.00
4048,23922,100.00
4049,52454,100.00
4050,44590,100.00
4051,31640,100.00
4052,25146,0.00
4053,53634,100.00
4054,42869,100.00
4055,28807,100.00
4056,21944,100.00
4057,20590,0.00
4058,21355,100.00
4059,54546,100.00
4060,35258,100.00
4061,30015,100.00
4062,26032,0.00
4063,47788,100.00
4064,41202,100.00
4065,29701,100.00
4066,27814,100.00
4067,25127,0.00
4068,39049,100.00
4069,41223,100.00
4070,34132,100.00
4071,24095,100.00
4072,36203,0.00
4073,35090,100.00
4074,33625,100.00
4075,22060,100.00
4076,25393,100.00
4077,24358,0.00
4078,44481,100.00
4079,31806,100.00
4080,25825,100.00
4081,27403,100.00
4082,30763,0.00
4083,35827,100.00
4084,36931,100.00
4085,29709,100.00
4086,23564,100.00
4087,40239,0.00
4088,39646,100.00
4089,33783,100.00
4090,24178,100.00
4091,23943,100.00
4092,42120,0.00
4093,36519,100.00
4094,26029,100.00
4095,25032,100.00
4096,25261,100.00
4097,45442,0.00
4098,36571,100.00
4099,24921,100.00
4100,26462,100.00
4101,24246,100.00
4102,44027,0.00
4103,46290,100.00
4104,40859,100.00
4105,26254,100.00
4106,45781,100.00
4107,41164,0.00
4108,29810,100.00
4109,24523,100.00
4110,24326,100.00
4111,21397,100.00
4112,50678,0.00
4113,38918,100.00
4114,28620,100.00
4115,27327,100.00
4116,41975,100.00
4117,43298,0.00
4118,28038,100.00
4119,24265,100.00
4120,25124,100.00
4121,23273,100.00
4122,48503,0.00
4123,47828,100.00
4124,31018,100.00
4125,33900,100.00
4126,35954,100.00
4127,37118,0.00
4128,25776,100.00
4129,26908,100.00
4130,23330,100.00
4131,37737,100.00
4132,31705,0.00
4133,34698,100.00
4134,26256,100.00
4135,25237,100.00
4136,51272,100.00
4137,38899,0.00
4138,22012,100.00
4139,23082,100.00
4140,22345,100.00
4141,24275,100.00
4142,54714,0.00
4143,41201,100.00
4144,25988,100.00
4145,45500,100.00
4146,37173,100.00
4147,27279,0.00
4148,22360,100.00
4149,21747,100.00
4150,20289,100.00
4151,36705,100.00
4152,34118,0.00
4153,26170,100.00
4154,23482,100.00
4155,34083,100.00
4156,34316,100.00
4157,25817,0.00
4158,22001,100.00
4159,21552,100.00
4160,25832,100.00
4161,35608,100.00
4162,43377,0.00
4163,39910,100.00
4164,42837,100.00
4165,54058,100.00
4166,31078,100.00
4167,22038,0.00
4168,23691,100.00
4169,20797,100.00
4170,21821,100.00
4171,38677,100.00
4172,38068,0.00
4173,31026,100.00
4174,24091,100.00
4175,41647,100.00
4176,39984,100.00
4177,26901,0.00
4178,22383,100.00
4179,19870,100.00
4180,23793,100.00
4181,37155,100.00
4182,37161,0.00
4183,33497,100.00
4184,38868,100.00
4185,39722,100.00
4186,28011,100.00
4187,23377,0.00
4188,24042,100.00
4189,22288,100.00
4190,22413,100.00
4191,41619,100.00
4192,44294,0.00
4193,31902,100.00
4194,30562,100.00
4195,36212,100.00
4196,33905,100.00
4197,22296,0.00
4198,22459,100.00
4199,22394,100.00
4200,26040,100.00
4201,38275,100.00
4202,38644,0.00
4203,33282,100.00
4204,43143,100.00
4205,40733,100.00
4206,28954,100.00
4207,24842,0.00
4208,24964,100.00
4209,21319,100.00
4210,21571,100.00
4211,38626,100.00
4212,36477,0.00
4213,28529,100.00
4214,35012,100.00
4215,37403,100.00
4216,30220,100.00
4217,22083,0.00
4218,21575,100.00
4219,21452,100.00
4220,25994,100.00
4221,42352,100.00
4222,39150,0.00
4223,29572,100.00
4224,45000,100.00
4225,45325,100.00
4226,30084,100.00
4227,22111,0.00
4228,22534,100.00
4229,20434,100.00
4230,31277,100.00
4231,34035,100.00
4232,35579,0.00
4233,28391,100.00
4234,36802,100.00
4235,36704,100.00
4236,24143,100.00
4237,21714,0.00
4238,20884,100.00
4239,24271,100.00
4240,24935,100.00
4241,57188,100.00
4242,44413,0.00
4243,39240,100.00
4244,42294,100.00
4245,29932,100.00
4246,20265,100.00
4247,23563,0.00
4248,23532,100.00
4249,23683,100.00
4250,35978,100.00
4251,39615,100.00
4252,36808,0.00
4253,28035,100.00
4254,54884,100.00
4255,44154,100.00
4256,34112,100.00
4257,25270,0.00
4258,23117,100.00
4259,25439,100.00
4260,25406,100.00
4261,57836,100.00
4262,49356,0.00
4263,44287,100.00
4264,54927,100.00
4265,29785,100.00
4266,22976,100.00
4267,23300,0.00
4268,22527,100.00
4269,22191,100.00
4270,41316,100.00
4271,39529,100.00
4272,30687,0.00
4273,31447,100.00
4274,40496,100.00
4275,36935,100.00
4276,25086,100.00
4277,22268,0.00
4278,21096,100.00
4279,24066,100.00
4280,35169,100.00
4281,40102,100.00
4282,33664,0.00
4283,47125,100.00
4284,47124,100.00
4285,26990,100.00
4286,20277,100.00
4287,23081,0.00
4288,22862,100.00
4289,22179,100.00
4290,48839,100.00
4291,47043,100.00
4292,32765,0.00
4293,43481,100.00
4294,38512,100.00
4295,24361,100.00
4296,19504,100.00
4297,19690,0.00
4298,20924,100.00
4299,26878,100.00
4300,43258,100.00
4301,38575,100.00
4302,38551,0.00
4303,35505,100.00
4304,42825,100.00
4305,22305,100.00
4306,22972,100.00
4307,21596,0.00
4308,23106,100.00
4309,30043,100.00
4310,37133,100.00
4311,42810,100.00
4312,26761,0.00
4313,47715,100.00
4314,41475,100.00
4315,25845,100.00
4316,23784,100.00
4317,22583,0.00
4318,24705,100.00
4319,25583,100.00
4320,56146,100.00
4321,42150,100.00
4322,44833,0.00
4323,44870,100.00
4324,29982,100.00
4325,22741,100.00
4326,24048,100.00
4327,29301,0.00
4328,22696,100.00
4329,39597,100.00
4330,43245,100.00
4331,35712,100.00
4332,29299,0.00
4333,38832,100.00
4334,34032,100.00
4335,23839,100.00
4336,24067,100.00
4337,23386,0.00
4338,25689,100.00
4339,33120,100.00
4340,41550,100.00
4341,35759,100.00
4342,47340,0.00
4343,43665,100.00
4344,28233,100.00
4345,21519,100.00
4346,22925,100.00
4347,21966,0.00
4348,21842,100.00
4349,56543,100.00
4350,43830,100.00
4351,33433,100.00
4352,47958,0.00
4353,43312,100.00
4354,25349,100.00
4355,20029,100.00
4356,22321,100.00
4357,22528,0.00
4358,23798,100.00
4359,48942,100.00
4360,43842,100.00
4361,39275,100.00
4362,41049,0.00
4363,45042,100.00
4364,23341,100.00
4365,23505,100.00
4366,23081,100.00
4367,23865,0.00
4368,36408,100.00
4369,36469,100.00
4370,41002,100.00
4371,24648,100.00
4372,46794,0.00
4373,40053,100.00
4374,26047,100.00
4375,21955,100.00
4376,20445,100.00
4377,22785,0.00
4378,25546,100.00
4379,48696,100.00
4380,38092,100.00
4381,45616,100.00
4382,52099,0.00
4383,29590,100.00
4384,22031,100.00
4385,23556,100.00
4386,22079,100.00
4387,22879,0.00
4388,45074,100.00
4389,45154,100.00
4390,36393,100.00
4391,38052,100.00
4392,39280,0.00
4393,31246,100.00
4394,19652,100.00
4395,21530,100.00
4396,22814,100.00
4397,23376,0.00
4398,37514,100.00
4399,37333,100.00
4400,30728,100.00
4401,42545,100.00
4402,41132,0.00
4403,26082,100.00
4404,21008,100.00
4405,22440,100.00
4406,22302,100.00
4407,31108,0.00
4408,35016,100.00
4409,38921,100.00
4410,27253,100.00
4411,43688,100.00
4412,40922,0.00
4413,25354,100.00
4414,20258,100.00
4415,21978,100.00
4416,24189,100.00
4417,25060,0.00
4418,43945,100.00
4419,38341,100.00
4420,37668,100.00
4421,42793,100.00
4422,29614,0.00
4423,20406,100.00
4424,23412,100.00
4425,23796,100.00
4426,24120,100.00
4427,40667,0.00
4428,44117,100.00
4429,32938,100.00
4430,24249,100.00
4431,49312,100.00
4432,41590,0.00
4433,25164,100.00
4434,21472,100.00
4435,21733,100.00
4436,24160,100.00
4437,30318,0.00
4438,44869,100.00
4439,34332,100.00
4440,46741,100.00
4441,42843,100.00
4442,29490,0.00
4443,21438,100.00
4444,24953,100.00
4445,21874,100.00
4446,22369,100.00
4447,44669,0.00
4448,44856,100.00
4449,33861,100.00
4450,45141,100.00
4451,41241,100.00
4452,24454,0.00
4453,19962,100.00
4454,20345,100.00
4455,23086,100.00
4456,25057,100.00
4457,43304,0.00
4458,44278,100.00
4459,37886,100.00
4460,39978,100.00
4461,42233,100.00
4462,23263,0.00
4463,22179,100.00
4464,22194,100.00
4465,23063,100.00
4466,40044,100.00
4467,37307,0.00
4468,42494,100.00
4469,24668,100.00
4470,47893,100.00
4471,36575,100.00
4472,25894,0.00
4473,21571,100.00
4474,22062,100.00
4475,24398,100.00
4476,24674,100.00
4477,50296,0.00
4478,37632,100.00
4479,38750,100.00
4480,45494,100.00
4481,28314,100.00
4482,21213,0.00
4483,22949,100.00
4484,22115,100.00
4485,22358,100.00
4486,37102,100.00
4487,36509,0.00
4488,29293,100.00
4489,33277,100.00
4490,39087,100.00
4491,31787,100.00
4492,20920,0.00
4493,21987,100.00
4494,21911,100.00
4495,23494,100.00
4496,33867,100.00
4497,35904,0.00
4498,38273,100.00
4499,38507,100.00
4500,42405,100.00
4501,30534,100.00
4502,24647,0.00
4503,24012,100.00
4504,24698,100.00
4505,25642,100.00
4506,44713,100.00
4507,41119,0.00
4508,30137,100.00
4509,44302,100.00
4510,39582,100.00
4511,25539,100.00
4512,26765,0.00
4513,21175,100.00
4514,21454,100.00
4515,24173,100.00
4516,41749,100.00
4517,41814,0.00
4518,39374,100.00
4519,37086,100.00
4520,38947,100.00
4521,22285,100.00
4522,24253,0.00
4523,23090,100.00
4524,22710,100.00
4525,31001,100.00
4526,37911,100.00
4527,41448,0.00
4528,25516,100.00
4529,48060,100.00
4530,40573,100.00
4531,26178,100.00
4532,21582,0.00
4533,20427,100.00
4534,24080,100.00
4535,23718,100.00
4536,51060,100.00
4537,42587,0.00
4538,46590,100.00
4539,48734,100.00
4540,30681,100.00
4541,23491,100.00
4542,23426,0.00
4543,24154,100.00
4544,24622,100.00
4545,41188,100.00
4546,44294,100.00
4547,32702,0.00
4548,32050,100.00
4549,39045,100.00
4550,38518,100.00
4551,21790,100.00
4552,23570,0.00
4553,22167,100.00
4554,25454,100.00
4555,34499,100.00
4556,40662,100.00
4557,35822,0.00
4558,48923,100.00
4559,45033,100.00
4560,29440,100.00
4561,20997,100.00
4562,22596,0.00
4563,22765,100.00
4564,21864,100.00
4565,50517,100.00
4566,43999,100.00
4567,32116,0.00
4568,46949,100.00
4569,41308,100.00
4570,26885,100.00
4571,20743,100.00
4572,18750,0.00
4573,21303,100.00
4574,24063,100.00
4575,45767,100.00
4576,43793,100.00
4577,36870,0.00
4578,35797,100.00
4579,33676,100.00
4580,22492,100.00
4581,23560,100.00
4582,21643,0.00
4583,22229,100.00
4584,29014,100.00
4585,33152,100.00
4586,35093,100.00
4587,24157,0.00
4588,38758,100.00
4589,32365,100.00
4590,25857,100.00
4591,22115,100.00
4592,20766,0.00
4593,23657,100.00
4594,25587,100.00
4595,45482,100.00
4596,37828,100.00
4597,39018,0.00
4598,41280,100.00
4599,28823,100.00
4600,24257,100.00
4601,24579,100.00
4602,22456,0.00
4603,21316,100.00
4604,36789,100.00
4605,39657,100.00
4606,30226,100.00
4607,35351,0.00
4608,36836,100.00
4609,30970,100.00
4610,20296,100.00
4611,21884,100.00
4612,21989,0.00
4613,24860,100.00
4614,39990,100.00
4615,41914,100.00
4616,36320,100.00
4617,34384,0.00
4618,36363,100.00
4619,23231,100.00
4620,22554,100.00
4621,22079,100.00
4622,23151,0.00
4623,35567,100.00
4624,42317,100.00
4625,35993,100.00
4626,21986,100.00
4627,49201,0.00
4628,39611,100.00
4629,25725,100.00
4630,22718,100.00
4631,22695,100.00
4632,24210,0.00
4633,32104,100.00
4634,46476,100.00
4635,39565,100.00
4636,46402,100.00
4637,45215,0.00
4638,26718,100.00
4639,21006,100.00
4640,22647,100.00
4641,21302,100.00
4642,20650,0.00
4643,48094,100.00
4644,40715,100.00
4645,31369,100.00
4646,41359,100.00
4647,34261,0.00
4648,22890,100.00
4649,18862,100.00
4650,19543,100.00
4651,22358,100.00
4652,23208,0.00
4653,40230,100.00
4654,37025,100.00
4655,31387,100.00
4656,33134,100.00
4657,37181,0.00
4658,22686,100.00
4659,22992,100.00
4660,21772,100.00
4661,23034,100.00
4662,33307,0.00
4663,37030,100.00
4664,32138,100.00
4665,23103,100.00
4666,47475,100.00
4667,34447,0.00
4668,25074,100.00
4669,22097,100.00
4670,21397,100.00
4671,24215,100.00
4672,27295,0.00
4673,43682,100.00
4674,35551,100.00
4675,48040,100.00
4676,42386,100.00
4677,26890,0.00
4678,23682,100.00
4679,23356,100.00
4680,22775,100.00
4681,22661,100.00
4682,37382,0.00
4683,41070,100.00
4684,32876,100.00
4685,33403,100.00
4686,33850,100.00
4687,31318,0.00
4688,22006,100.00
4689,22204,100.00
4690,22001,100.00
4691,24046,100.00
4692,34898,0.00
4693,37332,100.00
4694,33651,100.00
4695,30133,100.00
4696,32697,100.00
4697,24528,0.00
4698,24020,100.00
4699,22680,100.00
4700,22315,100.00
4701,28719,100.00
4702,34480,0.00
4703,41449,100.00
4704,25635,100.00
4705,40993,100.00
4706,36079,100.00
4707,22599,0.00
4708,20555,100.00
4709,20099,100.00
4710,23712,100.00
4711,23346,100.00
4712,47454,0.00
4713,37876,100.00
4714,33044,100.00
4715,40574,100.00
4716,25435,100.00
4717,21459,0.00
4718,22871,100.00
4719,22746,100.00
4720,23397,100.00
4721,32038,100.00
4722,34612,0.00
4723,26624,100.00
4724,28107,100.00
4725,29836,100.00
4726,27896,100.00
4727,20517,0.00
4728,21241,100.00
4729,30926,100.00
4730,23016,100.00
4731,37765,100.00
4732,31173,0.00
4733,29417,100.00
4734,34171,100.00
4735,34899,100.00
4736,25230,100.00
4737,21104,0.00
4738,21324,100.00
4739,20690,100.00
4740,23332,100.00
4741,33912,100.00
4742,39074,0.00
4743,30843,100.00
4744,37606,100.00
4745,33968,100.00
4746,23571,100.00
4747,19362,0.00
4748,21655,100.00
4749,23588,100.00
4750,25117,100.00
4751,42773,100.00
4752,37008,0.00
4753,35146,100.00
4754,34728,100.00
4755,32812,100.00
4756,25504,100.00
4757,24323,0.00
4758,22800,100.00
4759,22486,100.00
4760,36988,100.00
4761,33279,100.00
4762,39681,0.00
4763,25950,100.00
4764,37290,100.00
4765,36436,100.00
4766,25275,100.00
4767,21082,0.00
4768,23901,100.00
4769,22319,100.00
4770,23198,100.00
4771,38518,100.00
4772,36454,0.00
4773,33562,100.00
4774,42425,100.00
4775,29676,100.00
4776,20468,100.00
4777,22393,0.00
4778,21930,100.00
4779,22982,100.00
4780,39503,100.00
4781,44927,100.00
4782,35076,0.00
4783,24529,100.00
4784,51685,100.00
4785,39432,100.00
4786,26246,100.00
4787,21953,0.00
4788,21042,100.00
4789,41670,100.00
4790,35178,100.00
4791,46757,100.00
4792,38256,0.00
4793,41695,100.00
4794,40977,100.00
4795,25369,100.00
4796,23454,100.00
4797,23996,0.00
4798,20867,100.00
4799,22972,100.00
4800,43644,100.00
4801,41128,100.00
4802,30698,0.00
4803,32953,100.00
4804,33042,100.00
4805,29183,100.00
4806,20466,100.00
4807,21842,0.00
4808,21882,100.00
4809,22957,100.00
4810,36596,100.00
4811,40582,100.00
4812,29580,0.00
4813,42274,100.00
4814,41599,100.00
4815,27738,100.00
4816,23195,100.00
4817,21940,0.00
4818,21634,100.00
4819,29858,100.00
4820,34146,100.00
4821,37615,100.00
4822,25242,0.00
4823,39029,100.00
4824,35307,100.00
4825,25988,100.00
4826,20177,100.00
4827,20719,0.00
4828,23389,100.00
4829,22884,100.00
4830,39489,100.00
4831,40002,100.00
4832,33704,0.00
4833,34871,100.00
4834,26119,100.00
4835,20008,100.00
4836,22195,100.00
4837,20820,0.00
4838,21440,100.00
4839,31190,100.00
4840,33124,100.00
4841,31686,100.00
4842,23683,0.00
4843,38367,100.00
4844,34078,100.00
4845,25621,100.00
4846,21863,100.00
4847,21381,0.00
4848,23767,100.00
4849,34146,100.00
4850,37603,100.00
4851,35353,100.00
4852,39782,0.00
4853,38678,100.00
4854,25352,100.00
4855,20152,100.00
4856,21798,100.00
4857,20474,0.00
4858,20891,100.00
4859,43387,100.00
4860,41610,100.00
4861,33474,100.00
4862,42488,0.00
4863,42144,100.00
4864,26324,100.00
4865,19164,100.00
4866,19816,100.00
4867,22054,0.00
4868,23571,100.00
4869,41111,100.00
4870,37691,100.00
4871,34306,100.00
4872,36483,0.00
4873,39255,100.00
4874,22673,100.00
4875,21629,100.00
4876,23337,100.00
4877,22204,0.00
4878,35147,100.00
4879,40542,100.00
4880,33921,100.00
4881,19985,100.00
4882,45552,0.00
4883,39532,100.00
4884,26224,100.00
4885,22135,100.00
4886,21313,100.00
4887,23954,0.00
4888,36706,100.00
4889,45334,100.00
4890,39675,100.00
4891,51598,100.00
4892,46372,0.00
4893,28142,100.00
4894,21204,100.00
4895,23249,100.00
4896,21499,100.00
4897,21770,0.00
4898,51170,100.00
4899,43804,100.00
4900,33982,100.00
4901,47870,100.00
4902,42257,0.00
4903,25681,100.00
4904,21661,100.00
4905,20861,100.00
4906,23610,100.00
4907,25159,0.00
4908,51220,100.00
4909,44596,100.00
4910,42885,100.00
4911,47554,100.00
4912,31127,0.00
4913,22242,100.00
4914,24435,100.00
4915,24268,100.00
4916,25618,100.00
4917,39128,0.00
4918,47582,100.00
4919,33820,100.00
4920,27863,100.00
4921,41484,100.00
4922,35273,0.00
4923,22981,100.00
4924,23109,100.00
4925,23318,100.00
4926,24916,100.00
4927,39345,0.00
4928,46817,100.00
4929,34985,100.00
4930,48988,100.00
4931,51687,100.00
4932,28650,0.00
4933,26137,100.00
4934,23614,100.00
4935,22637,100.00
4936,34595,100.00
4937,37979,0.00
4938,45098,100.00
4939,30302,100.00
4940,51526,100.00
4941,43990,100.00
4942,27193,0.00
4943,22924,100.00
4944,22047,100.00
4945,22691,100.00
4946,23853,100.00
4947,49446,0.00
4948,42093,100.00
4949,40479,100.00
4950,46954,100.00
4951,30463,100.00
4952,22616,0.00
4953,22734,100.00
4954,23646,100.00
4955,22767,100.00
4956,38014,100.00
4957,40837,0.00
4958,32344,100.00
4959,35234,100.00
4960,39204,100.00
4961,37362,100.00
4962,22578,0.00
4963,22702,100.00
4964,22863,100.00
4965,24791,100.00
4966,41704,100.00
4967,44106,0.00
4968,41403,100.00
4969,44896,100.00
4970,44589,100.00
4971,25223,100.00
4972,24155,0.00
4973,23597,100.00
4974,24500,100.00
4975,33059,100.00
4976,38560,100.00
4977,43151,0.00
4978,25381,100.00
4979,45827,100.00
4980,38065,100.00
4981,27873,100.00
4982,24387,0.00
4983,22286,100.00
4984,24338,100.00
4985,26504,100.00
4986,53052,100.00
4987,46004,0.00
4988,43036,100.00
4989,41851,100.00
4990,31994,100.00
4991,22376,100.00
4992,22111,0.00
4993,22454,100.00
4994,21894,100.00
4995,34164,100.00
4996,34509,100.00
4997,29652,0.00
4998,32006,100.00
4999,33438,100.00
5000,63413,100.00
5001,30773,100.00
5002,25626,0.00
5003,23693,100.00
5004,24487,100.00
5005,28084,100.00
5006,45152,100.00
5007,35295,0.00
5008,45113,100.00
5009,45474,100.00
5010,30209,100.00
5011,23605,100.00
5012,24924,0.00
5013,24124,100.00
5014,22957,100.00
5015,46042,100.00
5016,52849,100.00
5017,33339,0.00
5018,40612,100.00
5019,43236,100.00
5020,33474,100.00
5021,23522,100.00
5022,22377,0.00
5023,23369,100.00
5024,24162,100.00
5025,36153,100.00
5026,37387,100.00
5027,33258,0.00
5028,44227,100.00
5029,41249,100.00
5030,25299,100.00
5031,21777,100.00
5032,23388,0.00
5033,21898,100.00
5034,21471,100.00
5035,53405,100.00
5036,42366,100.00
5037,28393,0.00
5038,39380,100.00
5039,34364,100.00
5040,22927,100.00
5041,19811,100.00
5042,19093,0.00
5043,21190,100.00
5044,24920,100.00
5045,40007,100.00
5046,38048,100.00
5047,34525,0.00
5048,36020,100.00
5049,36576,100.00
5050,24366,100.00
5051,23409,100.00
5052,21819,0.00
5053,23853,100.00
5054,29760,100.00
5055,35425,100.00
5056,41396,100.00
5057,25212,0.00
5058,47648,100.00
5059,41994,100.00
5060,29374,100.00
5061,21411,100.00
5062,20492,0.00
5063,28063,100.00
5064,25003,100.00
5065,54152,100.00
5066,42179,100.00
5067,45334,0.00
5068,47979,100.00
5069,28138,100.00
5070,22522,100.00
5071,22789,100.00
5072,23413,0.00
5073,23844,100.00
5074,40158,100.00
5075,43012,100.00
5076,34250,100.00
5077,34301,0.00
5078,34982,100.00
5079,29085,100.00
5080,25008,100.00
5081,24923,100.00
5082,21699,0.00
5083,23712,100.00
5084,32696,100.00
5085,38398,100.00
5086,32527,100.00
5087,43237,0.00
5088,39439,100.00
5089,26587,100.00
5090,19473,100.00
5091,22166,100.00
5092,21173,0.00
5093,20486,100.00
5094,41693,100.00
5095,39109,100.00
5096,25733,100.00
5097,36849,0.00
5098,34737,100.00
5099,23849,100.00
5100,19148,100.00
5101,19211,100.00
5102,21428,0.00
5103,23653,100.00
5104,38607,100.00
5105,40524,100.00
5106,38574,100.00
5107,38218,0.00
5108,40715,100.00
5109,24545,100.00
5110,22577,100.00
5111,23523,100.00
5112,23189,0.00
5113,32209,100.00
5114,36258,100.00
5115,36312,100.00
5116,23932,100.00
5117,41427,0.00
5118,31320,100.00
5119,26684,100.00
5120,20635,100.00
5121,19987,100.00
5122,23909,0.00
5123,24673,100.00
5124,48573,100.00
5125,37250,100.00
5126,44485,100.00
5127,41876,0.00
5128,25693,100.00
5129,19411,100.00
5130,21999,100.00
5131,21380,100.00
5132,21787,0.00
5133,43148,100.00
5134,42636,100.00
5135,33269,100.00
5136,39612,100.00
5137,39570,0.00
5138,24117,100.00
5139,20088,100.00
5140,20746,100.00
5141,22680,100.00
5142,24128,0.00
5143,39181,100.00
5144,39044,100.00
5145,30459,100.00
5146,37798,100.00
5147,26924,0.00
5148,20195,100.00
5149,22119,100.00
5150,22498,100.00
5151,23089,100.00
5152,32776,0.00
5153,36809,100.00
5154,29142,100.00
5155,26431,100.00
5156,35013,100.00
5157,29437,0.00
5158,22380,100.00
5159,21605,100.00
5160,22148,100.00
5161,23738,100.00
5162,31431,0.00
5163,39126,100.00
5164,38782,100.00
5165,42920,100.00
5166,42107,100.00
5167,25290,0.00
5168,20102,100.00
5169,21894,100.00
5170,21798,100.00
5171,21225,100.00
5172,39774,0.00
5173,41002,100.00
5174,31163,100.00
5175,43035,100.00
5176,42739,100.00
5177,27259,0.00
5178,19845,100.00
5179,20992,100.00
5180,21714,100.00
5181,24078,100.00
5182,46486,0.00
5183,45365,100.00
5184,45495,100.00
5185,43258,100.00
5186,45870,100.00
5187,27775,0.00
5188,23350,100.00
5189,21980,100.00
5190,22839,100.00
5191,38760,100.00
5192,34628,0.00
5193,36320,100.00
5194,24253,100.00
5195,40906,100.00
5196,32149,100.00
5197,25803,0.00
5198,21844,100.00
5199,20866,100.00
5200,23452,100.00
5201,25123,100.00
5202,42035,0.00
5203,32782,100.00
5204,33366,100.00
5205,35767,100.00
5206,28688,100.00
5207,21654,0.00
5208,22940,100.00
5209,21712,100.00
5210,21592,100.00
5211,34751,100.00
5212,36145,0.00
5213,28609,100.00
5214,31062,100.00
5215,35130,100.00
5216,35812,100.00
5217,21511,0.00
5218,22012,100.00
5219,22007,100.00
5220,23639,100.00
5221,35402,100.00
5222,36425,0.00
5223,34703,100.00
5224,42504,100.00
5225,39025,100.00
5226,24773,100.00
5227,21739,0.00
5228,22110,100.00
5229,20042,100.00
5230,29410,100.00
5231,32505,100.00
5232,37095,0.00
5233,28768,100.00
5234,37386,100.00
5235,35756,100.00
5236,25258,100.00
5237,20198,0.00
5238,21140,100.00
5239,23636,100.00
5240,23535,100.00
5241,46077,100.00
5242,43377,0.00
5243,38702,100.00
5244,44153,100.00
5245,31493,100.00
5246,21964,100.00
5247,23068,0.00
5248,22789,100.00
5249,23888,100.00
5250,36540,100.00
5251,37390,100.00
5252,34207,0.00
5253,25328,100.00
5254,44758,100.00
5255,34397,100.00
5256,27008,100.00
5257,23135,0.00
5258,21056,100.00
5259,24538,100.00
5260,25738,100.00
5261,50657,100.00
5262,42793,0.00
5263,41916,100.00
5264,52236,100.00
5265,28340,100.00
5266,21878,100.00
5267,22864,0.00
5268,23735,100.00
5269,24523,100.00
5270,39303,100.00
5271,39954,100.00
5272,32562,0.00
5273,28902,100.00
5274,45535,100.00
5275,38321,100.00
5276,25129,100.00
5277,22846,0.00
5278,20652,100.00
5279,24584,100.00
5280,34580,100.00
5281,42508,100.00
5282,38570,0.00
5283,43728,100.00
5284,43794,100.00
5285,24922,100.00
5286,20662,100.00
5287,22029,0.00
5288,21309,100.00
5289,20729,100.00
5290,45405,100.00
5291,41670,100.00
5292,29394,0.00
5293,37257,100.00
5294,38539,100.00
5295,26786,100.00
5296,21752,100.00
5297,21131,0.00
5298,22480,100.00
5299,24612,100.00
5300,40323,100.00
5301,35852,100.00
5302,34473,0.00
5303,32684,100.00
5304,32441,100.00
5305,24053,100.00
5306,23569,100.00
5307,21062,0.00
5308,21840,100.00
5309,27194,100.00
5310,36714,100.00
5311,39530,100.00
5312,25211,0.00
5313,41872,100.00
5314,38420,100.00
5315,23862,100.00
5316,22468,100.00
5317,20081,0.00
5318,22296,100.00
5319,24137,100.00
5320,46790,100.00
5321,36955,100.00
5322,35451,0.00
5323,40187,100.00
5324,28784,100.00
5325,22496,100.00
5326,24087,100.00
5327,21699,0.00
5328,22310,100.00
5329,32057,100.00
5330,35780,100.00
5331,29401,100.00
5332,27999,0.00
5333,31696,100.00
5334,29224,100.00
5335,21594,100.00
5336,22060,100.00
5337,28416,0.00
5338,23158,100.00
5339,33851,100.00
5340,37847,100.00
5341,35944,100.00
5342,39894,0.00
5343,34183,100.00
5344,25083,100.00
5345,20074,100.00
5346,21747,100.00
5347,21364,0.00
5348,23628,100.00
5349,34530,100.00
5350,32769,100.00
5351,29486,100.00
5352,35258,0.00
5353,34247,100.00
5354,22718,100.00
5355,18779,100.00
5356,20209,100.00
5357,22414,0.00
5358,22700,100.00
5359,36995,100.00
5360,37239,100.00
5361,31711,100.00
5362,31492,0.00
5363,36845,100.00
5364,23242,100.00
5365,22429,100.00
5366,22042,100.00
5367,22607,0.00
5368,32231,100.00
5369,37744,100.00
5370,32083,100.00
5371,24616,100.00
5372,46921,0.00
5373,37318,100.00
5374,27498,100.00
5375,22660,100.00
5376,22230,100.00
5377,24884,0.00
5378,27322,100.00
5379,49899,100.00
5380,38234,100.00
5381,44280,100.00
5382,45183,0.00
5383,26156,100.00
5384,21833,100.00
5385,24070,100.00
5386,22842,100.00
5387,22700,0.00
5388,39719,100.00
5389,39858,100.00
5390,31888,100.00
5391,36003,100.00
5392,41768,0.00
5393,35960,100.00
5394,21513,100.00
5395,22386,100.00
5396,22354,100.00
5397,24709,0.00
5398,39049,100.00
5399,44139,100.00
5400,38321,100.00
5401,70831,100.00
5402,45012,0.00
5403,26810,100.00
5404,21650,100.00
5405,22257,100.00
5406,21050,100.00
5407,25718,0.00
5408,40109,100.00
5409,41233,100.00
5410,28475,100.00
5411,39805,100.00
5412,38308,0.00
5413,26098,100.00
5414,20217,100.00
5415,20961,100.00
5416,23153,100.00
5417,23424,0.00
5418,47265,100.00
5419,40390,100.00
5420,34906,100.00
5421,37618,100.00
5422,42616,0.00
5423,23139,100.00
5424,22574,100.00
5425,23447,100.00
5426,24610,100.00
5427,36764,0.00
5428,44120,100.00
5429,36873,100.00
5430,23676,100.00
5431,51377,100.00
5432,39427,0.00
5433,24767,100.00
5434,21022,100.00
5435,20204,100.00
5436,25196,100.00
5437,24885,0.00
5438,50775,100.00
5439,39595,100.00
5440,47617,100.00
5441,49595,100.00
5442,28511,0.00
5443,21522,100.00
5444,23060,100.00
5445,22475,100.00
5446,22024,100.00
5447,40296,0.00
5448,39300,100.00
5449,29480,100.00
5450,32855,100.00
5451,34412,100.00
5452,31226,0.00
5453,20701,100.00
5454,21542,100.00
5455,21671,100.00
5456,25501,100.00
5457,39409,0.00
5458,37153,100.00
5459,37813,100.00
5460,40225,100.00
5461,42672,100.00
5462,29078,0.00
5463,25035,100.00
5464,23545,100.00
5465,23847,100.00
5466,35429,100.00
5467,37281,0.00
5468,46595,100.00
5469,28250,100.00
5470,47969,100.00
5471,41344,100.00
5472,26597,0.00
5473,23333,100.00
5474,22316,100.00
5475,24427,100.00
5476,26052,100.00
5477,55790,0.00
5478,46074,100.00
5479,41381,100.00
5480,43958,100.00
5481,34128,100.00
5482,22836,0.00
5483,23688,100.00
5484,23916,100.00
5485,24870,100.00
5486,43653,100.00
5487,43061,0.00
5488,34211,100.00
5489,37876,100.00
5490,38246,100.00
5491,39521,100.00
5492,23588,0.00
5493,23172,100.00
5494,25328,100.00
5495,24733,100.00
5496,40849,100.00
5497,44907,0.00
5498,42791,100.00
5499,51501,100.00
5500,50217,100.00
5501,29459,100.00
5502,22333,0.00
5503,25069,100.00
5504,24661,100.00
5505,23760,100.00
5506,46620,100.00
5507,42120,0.00
5508,32263,100.00
5509,43743,100.00
5510,41197,100.00
5511,31273,100.00
5512,29567,0.00
5513,22811,100.00
5514,22828,100.00
5515,24933,100.00
5516,41380,100.00
5517,45328,0.00
5518,40965,100.00
5519,40417,100.00
5520,47264,100.00
5521,28557,100.00
5522,24143,0.00
5523,23302,100.00
5524,23350,100.00
5525,31197,100.00
5526,48774,100.00
5527,48253,0.00
5528,28203,100.00
5529,45370,100.00
5530,39089,100.00
5531,24757,100.00
5532,19833,0.00
5533,21058,100.00
5534,23370,100.00
5535,25098,100.00
5536,49620,100.00
5537,43961,0.00
5538,36798,100.00
5539,40004,100.00
5540,50053,100.00
5541,22746,100.00
5542,23023,0.00
5543,22121,100.00
5544,25035,100.00
5545,35048,100.00
5546,38861,100.00
5547,39375,0.00
5548,24866,100.00
5549,51356,100.00
5550,42671,100.00
5551,29285,100.00
5552,22285,0.00
5553,21519,100.00
5554,23705,100.00
5555,24732,100.00
5556,56844,100.00
5557,41025,0.00
5558,42309,100.00
5559,44541,100.00
5560,25992,100.00
5561,21841,100.00
5562,23658,0.00
5563,21958,100.00
5564,21609,100.00
5565,37477,100.00
5566,42351,100.00
5567,32050,0.00
5568,35496,100.00
5569,37764,100.00
5570,34335,100.00
5571,22406,100.00
5572,22559,0.00
5573,22115,100.00
5574,25561,100.00
5575,35117,100.00
5576,36568,100.00
5577,34459,0.00
5578,42835,100.00
5579,35637,100.00
5580,26835,100.00
5581,20984,100.00
5582,21959,0.00
5583,22606,100.00
5584,24305,100.00
5585,44902,100.00
5586,37458,100.00
5587,31291,0.00
5588,41739,100.00
5589,36229,100.00
5590,25141,100.00
5591,24446,100.00
5592,21318,0.00
5593,22793,100.00
5594,23553,100.00
5595,42739,100.00
5596,38970,100.00
5597,36684,0.00
5598,37034,100.00
5599,32166,100.00
5600,21796,100.00
5601,23012,100.00
5602,22834,0.00
5603,21836,100.00
5604,38396,100.00
5605,39304,100.00
5606,30324,100.00
5607,32594,0.00
5608,33101,100.00
5609,33260,100.00
5610,22561,100.00
5611,22859,100.00
5612,21855,0.00
5613,25168,100.00
5614,38559,100.00
5615,41870,100.00
5616,37539,100.00
5617,37702,0.00
5618,37337,100.00
5619,24832,100.00
5620,23298,100.00
5621,22818,100.00
5622,23313,0.00
5623,29479,100.00
5624,35535,100.00
5625,33318,100.00
5626,23277,100.00
5627,39420,0.00
5628,32965,100.00
5629,26185,100.00
5630,21703,100.00
5631,21699,100.00
5632,23561,0.00
5633,29412,100.00
5634,39011,100.00
5635,33608,100.00
5636,39577,100.00
5637,38258,0.00
5638,24401,100.00
5639,21432,100.00
5640,21562,100.00
5641,21426,100.00
5642,22462,0.00
5643,46495,100.00
5644,36346,100.00
5645,28661,100.00
5646,41090,100.00
5647,39596,0.00
5648,23914,100.00
5649,19321,100.00
5650,20636,100.00
5651,22482,100.00
5652,23527,0.00
5653,44893,100.00
5654,35497,100.00
5655,34299,100.00
5656,39074,100.00
5657,27786,0.00
5658,22250,100.00
5659,23933,100.00
5660,21818,100.00
5661,22648,100.00
5662,36709,0.00
5663,40832,100.00
5664,31491,100.00
5665,32063,100.00
5666,34249,100.00
5667,31837,0.00
5668,20597,100.00
5669,21788,100.00
5670,22092,100.00
5671,28710,100.00
5672,38326,0.00
5673,36385,100.00
5674,33000,100.00
5675,33907,100.00
5676,37173,100.00
5677,23094,0.00
5678,23494,100.00
5679,22557,100.00
5680,23561,100.00
5681,35539,100.00
5682,36090,0.00
5683,30447,100.00
5684,22782,100.00
5685,44411,100.00
5686,38273,100.00
5687,27657,0.00
5688,20935,100.00
5689,20547,100.00
5690,24878,100.00
5691,28946,100.00
5692,49552,0.00
5693,39429,100.00
5694,45215,100.00
5695,41122,100.00
5696,25289,100.00
5697,22184,0.00
5698,23982,100.00
5699,23226,100.00
5700,23308,100.00
5701,38390,100.00
5702,39674,0.00
5703,28463,100.00
5704,35047,100.00
5705,33559,100.00
5706,30409,100.00
5707,20201,0.00
5708,22747,100.00
5709,22896,100.00
5710,24615,100.00
5711,39441,100.00
5712,43615,0.00
5713,37401,100.00
5714,33506,100.00
5715,38093,100.00
5716,26651,100.00
5717,23337,0.00
5718,22288,100.00
5719,21301,100.00
5720,30433,100.00
5721,32664,100.00
5722,35378,0.00
5723,25019,100.00
5724,35557,100.00
5725,36073,100.00
5726,24904,100.00
5727,22032,0.00
5728,20656,100.00
5729,22539,100.00
5730,23508,100.00
5731,45220,100.00
5732,40650,0.00
5733,34970,100.00
5734,37402,100.00
5735,29432,100.00
5736,21184,100.00
5737,23592,0.00
5738,21997,100.00
5739,23103,100.00
5740,37406,100.00
5741,42424,100.00
5742,30889,0.00
5743,35055,100.00
5744,37976,100.00
5745,34126,100.00
5746,22941,100.00
5747,23888,0.00
5748,25066,100.00
5749,24263,100.00
5750,38163,100.00
5751,35792,100.00
5752,31097,0.00
5753,37152,100.00
5754,37923,100.00
5755,27515,100.00
5756,22791,100.00
5757,22489,0.00
5758,21419,100.00
5759,21813,100.00
5760,45867,100.00
5761,43393,100.00
5762,32985,0.00
5763,39671,100.00
5764,38761,100.00
5765,35884,100.00
5766,21374,100.00
5767,22424,0.00
5768,27004,100.00
5769,25265,100.00
5770,44310,100.00
5771,41348,100.00
5772,38026,0.00
5773,39434,100.00
5774,37003,100.00
5775,25854,100.00
5776,24241,100.00
5777,21728,0.00
5778,22789,100.00
5779,28264,100.00
5780,30625,100.00
5781,34525,100.00
5782,24894,0.00
5783,38339,100.00
5784,34952,100.00
5785,26676,100.00
5786,22029,100.00
5787,20577,0.00
5788,22480,100.00
5789,23308,100.00
5790,47795,100.00
5791,41587,100.00
5792,39981,0.00
5793,39354,100.00
5794,26448,100.00
5795,20813,100.00
5796,24198,100.00
5797,23489,0.00
5798,23091,100.00
5799,32359,100.00
5800,34392,100.00
5801,31776,100.00
5802,25344,0.00
5803,39234,100.00
5804,34933,100.00
5805,23039,100.00
5806,21385,100.00
5807,20379,0.00
5808,24675,100.00
5809,31000,100.00
5810,39244,100.00
5811,35464,100.00
5812,42511,0.00
5813,40290,100.00
5814,25679,100.00
5815,20943,100.00
5816,22667,100.00
5817,20919,0.00
5818,21680,100.00
5819,36980,100.00
5820,39525,100.00
5821,29690,100.00
5822,34266,0.00
5823,33025,100.00
5824,24614,100.00
5825,19571,100.00
5826,20790,100.00
5827,21468,0.00
5828,23511,100.00
5829,33702,100.00
5830,35856,100.00
5831,35455,100.00
5832,32334,0.00
5833,37520,100.00
5834,25082,100.00
5835,23852,100.00
5836,21264,100.00
5837,22413,0.00
5838,30103,100.00
5839,30142,100.00
5840,34542,100.00
5841,23415,100.00
5842,43678,0.00
5843,37258,100.00
5844,26991,100.00
5845,23134,100.00
5846,21062,100.00
5847,23768,0.00
5848,24698,100.00
5849,49612,100.00
5850,37516,100.00
5851,39264,100.00
5852,39494,0.00
5853,25497,100.00
5854,22121,100.00
5855,22944,100.00
5856,22616,100.00
5857,22597,0.00
5858,36335,100.00
5859,43624,100.00
5860,34469,100.00
5861,35509,100.00
5862,41241,0.00
5863,32791,100.00
5864,21694,100.00
5865,22741,100.00
5866,23392,100.00
5867,26118,0.00
5868,37975,100.00
5869,37016,100.00
5870,36418,100.00
5871,36771,100.00
5872,41195,0.00
5873,24816,100.00
5874,25122,100.00
5875,22947,100.00
5876,22801,100.00
5877,30849,0.00
5878,34724,100.00
5879,30062,100.00
5880,20491,100.00
5881,43904,100.00
5882,36785,0.00
5883,26650,100.00
5884,23241,100.00
5885,20543,100.00
5886,25124,100.00
5887,33935,0.00
5888,43134,100.00
5889,40979,100.00
5890,45877,100.00
5891,41764,100.00
5892,27546,0.00
5893,19844,100.00
5894,22436,100.00
5895,21381,100.00
5896,30140,100.00
5897,31315,0.00
5898,33299,100.00
5899,24290,100.00
5900,32808,100.00
5901,29993,100.00
5902,23468,0.00
5903,21816,100.00
5904,19750,100.00
5905,23356,100.00
5906,24248,100.00
5907,44348,0.00
5908,37247,100.00
5909,38501,100.00
5910,47310,100.00
5911,27954,100.00
5912,22750,0.00
5913,23613,100.00
5914,24016,100.00
5915,24199,100.00
5916,40832,100.00
5917,42095,0.00
5918,30369,100.00
5919,34685,100.00
5920,37082,100.00
5921,34655,100.00
5922,21015,0.00
5923,20883,100.00
5924,23119,100.00
5925,25008,100.00
5926,41239,100.00
5927,39539,0.00
5928,35718,100.00
5929,39302,100.00
5930,38490,100.00
5931,26792,100.00
5932,22711,0.00
5933,22093,100.00
5934,23122,100.00
5935,41713,100.00
5936,42260,100.00
5937,34452,0.00
5938,22810,100.00
5939,47472,100.00
5940,37926,100.00
5941,27726,100.00
5942,22011,0.00
5943,20254,100.00
5944,23702,100.00
5945,30415,100.00
5946,48419,100.00
5947,41837,0.00
5948,46955,100.00
5949,43495,100.00
5950,25627,100.00
5951,21272,100.00
5952,24014,0.00
5953,21254,100.00
5954,21438,100.00
5955,43742,100.00
5956,40151,100.00
5957,30283,0.00
5958,37661,100.00
5959,39024,100.00
5960,24194,100.00
5961,19114,100.00
5962,20485,0.00
5963,23024,100.00
5964,23801,100.00
5965,45576,100.00
5966,43949,100.00
5967,34039,0.00
5968,38930,100.00
5969,35283,100.00
5970,22934,100.00
5971,22553,100.00
5972,20840,0.00
5973,21680,100.00
5974,30995,100.00
5975,33271,100.00
5976,29212,100.00
5977,23961,0.00
5978,33589,100.00
5979,31764,100.00
5980,22218,100.00
5981,22262,100.00
5982,21400,0.00
5983,22762,100.00
5984,32634,100.00
5985,31122,100.00
5986,28271,100.00
5987,47089,0.00
5988,40538,100.00
5989,26371,100.00
5990,20913,100.00
5991,21861,100.00
5992,19898,0.00
5993,30314,100.00
5994,30201,100.00
5995,34848,100.00
5996,24967,100.00
5997,41627,0.00
5998,40858,100.00
5999,28438,100.00
6000,42489,100.00
6001,22314,100.00
6002,23970,0.00
6003,24732,100.00
6004,45071,100.00
6005,37833,100.00
6006,33598,100.00
6007,33964,0.00
6008,34116,100.00
6009,22948,100.00
6010,23118,100.00
6011,23101,100.00
6012,23758,0.00
6013,30735,100.00
6014,36239,100.00
6015,33160,100.00
6016,27905,100.00
6017,42497,0.00
6018,33798,100.00
6019,25660,100.00
6020,20275,100.00
6021,19372,100.00
6022,22399,0.00
6023,23798,100.00
6024,40793,100.00
6025,35319,100.00
6026,38383,100.00
6027,38212,0.00
6028,25342,100.00
6029,21392,100.00
6030,22577,100.00
6031,22714,100.00
6032,22562,0.00
6033,35318,100.00
6034,36577,100.00
6035,30044,100.00
6036,30320,100.00
6037,31956,0.00
6038,29947,100.00
6039,21066,100.00
6040,21573,100.00
6041,21568,100.00
6042,23283,0.00
6043,33458,100.00
6044,32189,100.00
6045,30990,100.00
6046,35452,100.00
6047,33908,0.00
6048,27308,100.00
6049,19494,100.00
6050,21364,100.00
6051,20922,100.00
6052,28175,0.00
6053,27991,100.00
6054,30809,100.00
6055,27649,100.00
6056,35210,100.00
6057,32136,0.00
6058,24138,100.00
6059,19465,100.00
6060,20026,100.00
6061,22681,100.00
6062,24625,0.00
6063,40958,100.00
6064,40328,100.00
6065,34412,100.00
6066,36520,100.00
6067,36728,0.00
6068,22433,100.00
6069,22019,100.00
6070,22226,100.00
6071,22816,100.00
6072,30029,0.00
6073,33179,100.00
6074,29807,100.00
6075,23586,100.00
6076,43567,100.00
6077,34602,0.00
6078,25736,100.00
6079,22088,100.00
6080,20112,100.00
6081,23915,100.00
6082,26438,0.00
6083,38632,100.00
6084,31389,100.00
6085,36701,100.00
6086,34752,100.00
6087,25816,0.00
6088,23232,100.00
6089,22763,100.00
6090,20569,100.00
6091,21103,100.00
6092,36001,0.00
6093,36068,100.00
6094,27981,100.00
6095,32647,100.00
6096,32633,100.00
6097,27649,0.00
6098,18456,100.00
6099,21423,100.00
6100,21891,100.00
6101,23935,100.00
6102,34259,0.00
6103,30881,100.00
6104,30807,100.00
6105,30651,100.00
6106,32501,100.00
6107,24543,0.00
6108,22542,100.00
6109,22464,100.00
6110,20838,100.00
6111,28123,100.00
6112,34335,0.00
6113,37898,100.00
6114,24418,100.00
6115,34721,100.00
6116,33315,100.00
6117,24234,0.00
6118,21048,100.00
6119,20255,100.00
6120,21737,100.00
6121,22961,100.00
6122,39222,0.00
6123,33331,100.00
6124,30880,100.00
6125,38113,100.00
6126,25954,100.00
6127,19995,0.00
6128,23287,100.00
6129,21015,100.00
6130,21595,100.00
6131,34923,100.00
6132,32778,0.00
6133,30483,100.00
6134,23105,100.00
6135,35935,100.00
6136,29666,100.00
6137,20988,0.00
6138,21372,100.00
6139,20542,100.00
6140,22754,100.00
6141,33254,100.00
6142,36547,0.00
6143,30525,100.00
6144,34147,100.00
6145,32561,100.00
6146,26131,100.00
6147,20370,0.00
6148,21209,100.00
6149,19909,100.00
6150,27372,100.00
6151,27809,100.00
6152,30687,0.00
6153,28507,100.00
6154,33114,100.00
6155,30842,100.00
6156,23316,100.00
6157,18949,0.00
6158,19804,100.00
6159,21656,100.00
6160,22721,100.00
6161,36212,100.00
6162,34394,0.00
6163,30338,100.00
6164,34481,100.00
6165,29552,100.00
6166,20687,100.00
6167,21848,0.00
6168,22202,100.00
6169,21852,100.00
6170,31997,100.00
6171,33884,100.00
6172,29289,0.00
6173,19465,100.00
6174,37547,100.00
6175,33061,100.00
6176,26754,100.00
6177,21898,0.00
6178,20121,100.00
6179,23354,100.00
6180,30991,100.00
6181,40231,100.00
6182,33575,0.00
6183,41132,100.00
6184,40558,100.00
6185,26088,100.00
6186,20899,100.00
6187,23762,0.00
6188,21842,100.00
6189,21722,100.00
6190,46007,100.00
6191,46565,100.00
6192,32015,0.00
6193,37600,100.00
6194,35899,100.00
6195,23464,100.00
6196,20048,100.00
6197,20973,0.00
6198,22213,100.00
6199,24055,100.00
6200,40695,100.00
6201,38554,100.00
6202,32173,0.00
6203,35083,100.00
6204,35706,100.00
6205,22603,100.00
6206,23226,100.00
6207,21747,0.00
6208,22940,100.00
6209,33870,100.00
6210,36123,100.00
6211,29545,100.00
6212,23618,0.00
6213,40308,100.00
6214,34615,100.00
6215,25905,100.00
6216,19398,100.00
6217,19309,0.00
6218,23480,100.00
6219,28160,100.00
6220,43280,100.00
6221,37373,100.00
6222,39530,0.00
6223,37299,100.00
6224,26856,100.00
6225,19844,100.00
6226,23689,100.00
6227,20647,0.00
6228,21005,100.00
6229,32959,100.00
6230,35737,100.00
6231,28714,100.00
6232,36450,0.00
6233,37138,100.00
6234,23657,100.00
6235,18789,100.00
6236,20645,100.00
6237,22142,0.00
6238,23116,100.00
6239,40237,100.00
6240,38757,100.00
6241,34487,100.00
6242,37192,0.00
6243,37653,100.00
6244,21798,100.00
6245,22017,100.00
6246,20813,100.00
6247,23031,0.00
6248,32366,100.00
6249,34091,100.00
6250,30742,100.00
6251,24378,100.00
6252,39360,0.00
6253,33359,100.00
6254,24462,100.00
6255,22750,100.00
6256,20653,100.00
6257,23337,0.00
6258,23534,100.00
6259,44668,100.00
6260,38202,100.00
6261,34871,100.00
6262,38034,0.00
6263,27117,100.00
6264,24137,100.00
6265,22700,100.00
6266,22581,100.00
6267,22485,0.00
6268,34586,100.00
6269,34802,100.00
6270,32291,100.00
6271,21417,100.00
6272,41586,0.00
6273,35137,100.00
6274,23399,100.00
6275,21799,100.00
6276,20841,100.00
6277,23940,0.00
6278,29667,100.00
6279,36891,100.00
6280,28701,100.00
6281,36808,100.00
6282,34162,0.00
6283,22686,100.00
6284,19897,100.00
6285,23274,100.00
6286,20320,100.00
6287,21413,0.00
6288,31852,100.00
6289,32082,100.00
6290,37538,100.00
6291,32622,100.00
6292,31077,0.00
6293,26179,100.00
6294,20193,100.00
6295,21787,100.00
6296,22219,100.00
6297,23498,0.00
6298,37483,100.00
6299,35479,100.00
6300,35304,100.00
6301,41512,100.00
6302,45504,0.00
6303,30312,100.00
6304,23494,100.00
6305,22574,100.00
6306,20744,100.00
6307,30094,0.00
6308,32112,100.00
6309,36075,100.00
6310,25009,100.00
6311,37455,100.00
6312,35735,0.00
6313,25415,100.00
6314,25172,100.00
6315,21578,100.00
6316,24771,100.00
6317,23964,0.00
6318,46665,100.00
6319,40849,100.00
6320,42591,100.00
6321,45672,100.00
6322,28733,0.00
6323,20802,100.00
6324,22799,100.00
6325,21578,100.00
6326,23265,100.00
6327,36978,0.00
6328,41034,100.00
6329,35270,100.00
6330,24835,100.00
6331,45475,100.00
6332,38812,0.00
6333,24666,100.00
6334,21683,100.00
6335,21342,100.00
6336,23666,100.00
6337,33093,0.00
6338,42629,100.00
6339,36672,100.00
6340,45644,100.00
6341,44746,100.00
6342,24895,0.00
6343,21458,100.00
6344,22869,100.00
6345,21066,100.00
6346,20794,100.00
6347,38751,0.00
6348,39347,100.00
6349,29332,100.00
6350,33621,100.00
6351,31588,100.00
6352,23154,0.00
6353,19234,100.00
6354,20047,100.00
6355,22154,100.00
6356,23623,100.00
6357,36949,0.00
6358,30837,100.00
6359,28946,100.00
6360,36389,100.00
6361,28443,100.00
6362,20431,0.00
6363,23214,100.00
6364,21383,100.00
6365,22504,100.00
6366,32720,100.00
6367,33457,0.00
6368,31358,100.00
6369,23000,100.00
6370,34260,100.00
6371,32407,100.00
6372,24063,0.00
6373,23455,100.00
6374,20813,100.00
6375,22773,100.00
6376,31275,100.00
6377,37468,0.00
6378,34417,100.00
6379,38009,100.00
6380,35603,100.00
6381,24136,100.00
6382,20864,0.00
6383,22605,100.00
6384,21915,100.00
6385,26040,100.00
6386,38474,100.00
6387,36307,0.00
6388,31879,100.00
6389,40189,100.00
6390,40744,100.00
6391,26732,100.00
6392,21038,0.00
6393,20210,100.00
6394,22452,100.00
6395,22691,100.00
6396,43754,100.00
6397,41797,0.00
6398,42087,100.00
6399,38275,100.00
6400,38031,100.00
6401,22661,100.00
6402,22142,0.00
6403,22115,100.00
6404,21800,100.00
6405,31415,100.00
6406,34138,100.00
6407,30300,0.00
6408,22860,100.00
6409,37544,100.00
6410,32057,100.00
6411,24487,100.00
6412,22624,0.00
6413,20072,100.00
6414,23466,100.00
6415,30717,100.00
6416,42363,100.00
6417,36395,0.00
6418,41038,100.00
6419,38271,100.00
6420,25196,100.00
6421,20629,100.00
6422,24440,0.00
6423,21395,100.00
6424,20386,100.00
6425,41605,100.00
6426,38766,100.00
6427,31203,0.00
6428,39112,100.00
6429,37864,100.00
6430,29074,100.00
6431,21278,100.00
6432,21401,0.00
6433,22213,100.00
6434,23943,100.00
6435,43029,100.00
6436,41991,100.00
6437,39357,0.00
6438,42173,100.00
6439,42160,100.00
6440,26794,100.00
6441,24557,100.00
6442,23817,0.00
6443,23242,100.00
6444,33791,100.00
6445,34611,100.00
6446,42934,100.00
6447,25492,0.00
6448,40729,100.00
6449,36089,100.00
6450,23655,100.00
6451,22212,100.00
6452,20755,0.00
6453,23399,100.00
6454,24743,100.00
6455,50376,100.00
6456,40233,100.00
6457,42914,0.00
6458,41913,100.00
6459,27463,100.00
6460,21329,100.00
6461,23882,100.00
6462,21153,0.00
6463,21877,100.00
6464,37477,100.00
6465,40152,100.00
6466,37915,100.00
6467,35464,0.00
6468,37497,100.00
6469,31844,100.00
6470,20620,100.00
6471,21406,100.00
6472,21262,0.00
6473,23652,100.00
6474,39369,100.00
6475,40132,100.00
6476,38445,100.00
6477,35546,0.00
6478,36634,100.00
6479,24149,100.00
6480,23383,100.00
6481,22012,100.00
6482,24448,0.00
6483,32070,100.00
6484,34852,100.00
6485,34405,100.00
6486,25325,100.00
6487,44751,0.00
6488,36727,100.00
6489,30554,100.00
6490,22628,100.00
6491,22009,100.00
6492,24030,0.00
6493,27360,100.00
6494,51172,100.00
6495,42326,100.00
6496,47241,100.00
6497,53860,0.00
6498,31299,100.00
6499,23283,100.00
6500,25297,100.00
6501,23604,100.00
6502,22712,0.00
6503,41324,100.00
6504,39301,100.00
6505,32678,100.00
6506,31356,100.00
6507,33331,0.00
6508,34903,100.00
6509,22504,100.00
6510,23626,100.00
6511,22974,100.00
6512,27497,0.00
6513,31196,100.00
6514,42486,100.00
6515,35511,100.00
6516,39118,100.00
6517,37568,0.00
6518,25272,100.00
6519,20231,100.00
6520,21631,100.00
6521,20401,100.00
6522,22229,0.00
6523,38790,100.00
6524,36163,100.00
6525,28335,100.00
6526,38523,100.00
6527,38938,0.00
6528,35904,100.00
6529,24118,100.00
6530,21888,100.00
6531,21329,100.00
6532,23941,0.00
6533,37037,100.00
6534,33011,100.00
6535,32643,100.00
6536,33290,100.00
6537,37692,0.00
6538,24738,100.00
6539,23468,100.00
6540,22723,100.00
6541,23548,100.00
6542,29492,0.00
6543,35817,100.00
6544,36981,100.00
6545,25103,100.00
6546,38732,100.00
6547,31659,0.00
6548,22223,100.00
6549,21518,100.00
6550,20398,100.00
6551,22716,100.00
6552,23375,0.00
6553,37284,100.00
6554,33702,100.00
6555,33375,100.00
6556,38846,100.00
6557,28470,0.00
6558,21876,100.00
6559,23858,100.00
6560,22982,100.00
6561,24500,100.00
6562,33291,0.00
6563,36920,100.00
6564,32009,100.00
6565,27348,100.00
6566,38688,100.00
6567,36040,0.00
6568,21411,100.00
6569,22554,100.00
6570,20423,100.00
6571,23930,100.00
6572,33797,0.00
6573,36097,100.00
6574,35047,100.00
6575,40256,100.00
6576,39475,100.00
6577,26046,0.00
6578,20699,100.00
6579,21853,100.00
6580,20995,100.00
6581,21448,100.00
6582,38907,0.00
6583,39766,100.00
6584,30530,100.00
6585,39916,100.00
6586,38312,100.00
6587,25153,0.00
6588,20307,100.00
6589,21398,100.00
6590,22525,100.00
6591,22966,100.00
6592,44566,0.00
6593,38175,100.00
6594,33168,100.00
6595,37698,100.00
6596,26765,100.00
6597,20160,0.00
6598,22245,100.00
6599,22278,100.00
6600,23062,100.00
6601,37635,100.00
6602,40695,0.00
6603,33324,100.00
6604,30371,100.00
6605,37263,100.00
6606,37426,100.00
6607,24886,0.00
6608,25521,100.00
6609,22887,100.00
6610,25572,100.00
6611,36253,100.00
6612,38261,0.00
6613,35732,100.00
6614,48707,100.00
6615,44086,100.00
6616,28870,100.00
6617,20806,0.00
6618,22744,100.00
6619,21899,100.00
6620,22611,100.00
6621,50447,100.00
6622,40034,0.00
6623,31058,100.00
6624,42920,100.00
6625,36922,100.00
6626,26325,100.00
6627,20344,0.00
6628,20202,100.00
6629,23135,100.00
6630,24102,100.00
6631,48599,100.00
6632,39388,0.00
6633,37753,100.00
6634,40054,100.00
6635,30635,100.00
6636,21223,100.00
6637,24090,0.00
6638,23490,100.00
6639,24995,100.00
6640,37505,100.00
6641,44160,100.00
6642,35144,0.00
6643,30028,100.00
6644,39918,100.00
6645,38400,100.00
6646,23092,100.00
6647,21459,0.00
6648,22077,100.00
6649,24238,100.00
6650,38000,100.00
6651,39398,100.00
6652,32804,0.00
6653,49234,100.00
6654,43736,100.00
6655,26877,100.00
6656,23422,100.00
6657,23133,0.00
6658,23853,100.00
6659,32152,100.00
6660,35334,100.00
6661,41990,100.00
6662,25841,0.00
6663,46138,100.00
6664,37893,100.00
6665,28885,100.00
6666,22048,100.00
6667,20715,0.00
6668,23056,100.00
6669,23802,100.00
6670,48061,100.00
6671,41192,100.00
6672,58978,0.00
6673,46697,100.00
6674,30515,100.00
6675,20628,100.00
6676,24199,100.00
6677,23052,0.00
6678,25084,100.00
6679,36564,100.00
6680,39434,100.00
6681,36269,100.00
6682,22959,0.00
6683,48952,100.00
6684,44392,100.00
6685,27302,100.00
6686,22338,100.00
6687,21414,0.00
6688,26239,100.00
6689,26627,100.00
6690,57641,100.00
6691,42543,100.00
6692,49248,0.00
6693,49242,100.00
6694,29078,100.00
6695,23154,100.00
6696,24139,100.00
6697,23865,0.00
6698,23532,100.00
6699,44714,100.00
6700,38749,100.00
6701,32319,100.00
6702,26071,0.00
6703,40090,100.00
6704,35535,100.00
6705,23664,100.00
6706,21632,100.00
6707,20943,0.00
6708,23352,100.00
6709,29033,100.00
6710,47212,100.00
6711,39800,100.00
6712,44792,0.00
6713,45603,100.00
6714,26716,100.00
6715,20609,100.00
6716,23113,100.00
6717,21105,0.00
6718,22198,100.00
6719,41577,100.00
6720,46665,100.00
6721,28396,100.00
6722,36421,0.00
6723,38087,100.00
6724,29232,100.00
6725,20270,100.00
6726,21625,100.00
6727,21242,0.00
6728,23712,100.00
6729,34885,100.00
6730,35432,100.00
6731,34121,100.00
6732,33240,0.00
6733,33946,100.00
6734,23759,100.00
6735,23713,100.00
6736,22441,100.00
6737,22254,0.00
6738,28371,100.00
6739,33882,100.00
6740,45411,100.00
6741,28293,100.00
6742,42788,0.00
6743,36201,100.00
6744,24924,100.00
6745,21835,100.00
6746,20023,100.00
6747,23047,0.00
6748,25484,100.00
6749,47410,100.00
6750,41369,100.00
6751,35247,100.00
6752,39602,0.00
6753,30628,100.00
6754,23165,100.00
6755,22606,100.00
6756,22138,100.00
6757,23043,0.00
6758,32772,100.00
6759,35057,100.00
6760,33504,100.00
6761,24353,100.00
6762,45215,0.00
6763,34628,100.00
6764,27585,100.00
6765,22974,100.00
6766,19841,100.00
6767,23721,0.00
6768,30971,100.00
6769,45289,100.00
6770,36674,100.00
6771,36664,100.00
6772,39377,0.00
6773,27612,100.00
6774,21348,100.00
6775,23281,100.00
6776,22584,100.00
6777,25565,0.00
6778,31436,100.00
6779,35995,100.00
6780,30832,100.00
6781,30862,100.00
6782,33050,0.00
6783,30998,100.00
6784,20274,100.00
6785,22411,100.00
6786,21398,100.00
6787,23365,0.00
6788,35741,100.00
6789,39812,100.00
6790,34792,100.00
6791,44221,100.00
6792,41888,0.00
6793,26017,100.00
6794,19245,100.00
6795,21289,100.00
6796,20149,100.00
6797,21924,0.00
6798,41755,100.00
6799,34893,100.00
6800,31618,100.00
6801,40366,100.00
6802,36708,0.00
6803,23102,100.00
6804,19474,100.00
6805,19633,100.00
6806,22463,100.00
6807,22620,0.00
6808,40387,100.00
6809,37819,100.00
6810,34129,100.00
6811,34690,100.00
6812,37356,0.00
6813,24990,100.00
6814,23119,100.00
6815,22666,100.00
6816,22796,100.00
6817,32851,0.00
6818,36313,100.00
6819,30572,100.00
6820,23488,100.00
6821,42024,100.00
6822,32408,0.00
6823,25174,100.00
6824,20298,100.00
6825,19558,100.00
6826,22617,100.00
6827,24746,0.00
6828,42197,100.00
6829,31969,100.00
6830,33827,100.00
6831,40099,100.00
6832,28303,0.00
6833,22064,100.00
6834,22567,100.00
6835,22501,100.00
6836,21838,100.00
6837,39374,0.00
6838,40580,100.00
6839,29052,100.00
6840,31353,100.00
6841,34357,100.00
6842,28395,0.00
6843,20630,100.00
6844,21214,100.00
6845,20894,100.00
6846,23070,100.00
6847,36129,0.00
6848,34672,100.00
6849,28558,100.00
6850,32948,100.00
6851,30976,100.00
6852,24642,0.00
6853,22692,100.00
6854,21564,100.00
6855,20308,100.00
6856,26677,100.00
6857,27318,0.00
6858,28207,100.00
6859,23745,100.00
6860,31142,100.00
6861,28962,100.00
6862,22536,0.00
6863,22318,100.00
6864,21038,100.00
6865,22217,100.00
6866,23969,100.00
6867,38430,0.00
6868,33272,100.00
6869,31278,100.00
6870,36883,100.00
6871,24894,100.00
6872,21418,0.00
6873,23963,100.00
6874,21884,100.00
6875,21609,100.00
6876,32989,100.00
6877,37236,0.00
6878,31883,100.00
6879,23919,100.00
6880,40574,100.00
6881,34569,100.00
6882,22888,0.00
6883,21056,100.00
6884,20450,100.00
6885,23802,100.00
6886,38124,100.00
6887,38922,0.00
6888,36447,100.00
6889,42979,100.00
6890,38076,100.00
6891,25103,100.00
6892,19354,0.00
6893,21679,100.00
6894,20402,100.00
6895,29061,100.00
6896,28444,100.00
6897,35930,0.00
6898,26789,100.00
6899,34179,100.00
6900,30516,100.00
6901,25212,100.00
6902,21152,0.00
6903,20191,100.00
6904,22759,100.00
6905,22845,100.00
6906,37977,100.00
6907,32241,0.00
6908,29374,100.00
6909,31829,100.00
6910,24657,100.00
6911,21989,100.00
6912,23400,0.00
6913,20842,100.00
6914,21912,100.00
6915,33751,100.00
6916,38625,100.00
6917,29749,0.00
6918,31141,100.00
6919,29703,100.00
6920,28858,100.00
6921,20010,100.00
6922,21923,0.00
6923,21447,100.00
6924,23611,100.00
6925,35113,100.00
6926,35034,100.00
6927,35193,0.00
6928,32047,100.00
6929,33189,100.00
6930,24033,100.00
6931,24732,100.00
6932,21358,0.00
6933,22602,100.00
6934,29376,100.00
6935,32968,100.00
6936,30974,100.00
6937,23008,0.00
6938,40437,100.00
6939,30753,100.00
6940,24557,100.00
6941,20738,100.00
6942,21121,0.00
6943,22458,100.00
6944,25496,100.00
6945,47282,100.00
6946,38983,100.00
6947,39914,0.00
6948,44495,100.00
6949,28869,100.00
6950,22427,100.00
6951,22996,100.00
6952,21536,0.00
6953,21739,100.00
6954,38048,100.00
6955,36903,100.00
6956,28417,100.00
6957,31197,0.00
6958,30951,100.00
6959,26796,100.00
6960,20786,100.00
6961,23289,100.00
6962,22066,0.00
6963,23291,100.00
6964,36464,100.00
6965,35498,100.00
6966,28931,100.00
6967,37388,0.00
6968,32954,100.00
6969,24281,100.00
6970,21260,100.00
6971,21260,100.00
6972,20003,0.00
6973,27653,100.00
6974,28479,100.00
6975,31782,100.00
6976,24619,100.00
6977,32797,0.00
6978,28357,100.00
6979,21959,100.00
6980,20233,100.00
6981,19892,100.00
6982,22376,0.00
6983,22824,100.00
6984,36911,100.00
6985,34838,100.00
6986,31096,100.00
6987,33651,0.00
6988,26724,100.00
6989,19636,100.00
6990,23024,100.00
6991,22311,100.00
6992,22949,0.00
6993,34495,100.00
6994,30711,100.00
6995,30060,100.00
6996,21384,100.00
6997,41110,0.00
6998,36892,100.00
6999,25710,100.00
7000,40584,100.00
7001,23828,100.00
7002,24764,0.00
7003,28448,100.00
7004,50784,100.00
7005,39115,100.00
7006,42415,100.00
7007,44853,0.00
7008,28201,100.00
7009,22904,100.00
7010,24377,100.00
7011,21943,100.00
7012,21624,0.00
7013,37770,100.00
7014,39219,100.00
7015,33929,100.00
7016,37138,100.00
7017,38123,0.00
7018,34810,100.00
7019,21918,100.00
7020,23514,100.00
7021,22094,100.00
7022,24056,0.00
7023,36611,100.00
7024,32175,100.00
7025,29181,100.00
7026,37260,100.00
7027,35077,0.00
7028,23950,100.00
7029,20765,100.00
7030,20901,100.00
7031,20491,100.00
7032,21607,0.00
7033,36867,100.00
7034,31823,100.00
7035,28737,100.00
7036,33127,100.00
7037,31530,0.00
7038,23340,100.00
7039,19067,100.00
7040,39050,100.00
7041,26126,100.00
7042,24109,0.00
7043,34195,100.00
7044,32381,100.00
7045,29239,100.00
7046,32703,100.00
7047,33300,0.00
7048,25724,100.00
7049,23241,100.00
7050,24378,100.00
7051,22549,100.00
7052,27261,0.00
7053,31477,100.00
7054,30135,100.00
7055,23277,100.00
7056,34847,100.00
7057,28862,0.00
7058,20889,100.00
7059,21368,100.00
7060,20186,100.00
7061,24112,100.00
7062,24240,0.00
7063,48144,100.00
7064,47418,100.00
7065,42761,100.00
7066,47713,100.00
7067,29088,0.00
7068,21355,100.00
7069,22978,100.00
7070,21398,100.00
7071,21817,100.00
7072,36324,0.00
7073,38810,100.00
7074,30138,100.00
7075,25412,100.00
7076,36744,100.00
7077,34126,0.00
7078,21828,100.00
7079,22013,100.00
7080,20567,100.00
7081,23513,100.00
7082,36041,0.00
7083,36812,100.00
7084,33155,100.00
7085,41128,100.00
7086,38575,100.00
7087,26383,0.00
7088,20783,100.00
7089,23109,100.00
7090,20528,100.00
7091,24871,100.00
7092,38283,0.00
7093,39258,100.00
7094,31848,100.00
7095,36304,100.00
7096,35929,100.00
7097,23723,0.00
7098,19857,100.00
7099,20509,100.00
7100,22166,100.00
7101,22881,100.00
7102,36802,0.00
7103,35141,100.00
7104,30060,100.00
7105,30177,100.00
7106,30967,100.00
7107,21650,0.00
7108,21690,100.00
7109,21120,100.00
7110,21458,100.00
7111,27575,100.00
7112,30708,0.00
7113,29236,100.00
7114,22895,100.00
7115,41092,100.00
7116,31841,100.00
7117,26019,0.00
7118,21965,100.00
7119,20555,100.00
7120,24080,100.00
7121,28596,100.00
7122,38985,0.00
7123,31879,100.00
7124,38320,100.00
7125,37041,100.00
7126,25815,100.00
7127,21883,0.00
7128,23627,100.00
7129,20858,100.00
7130,22038,100.00
7131,33143,100.00
7132,31962,0.00
7133,27566,100.00
7134,31704,100.00
7135,34513,100.00
7136,32361,100.00
7137,20232,0.00
7138,21723,100.00
7139,21790,100.00
7140,24061,100.00
7141,38067,100.00
7142,36275,0.00
7143,35030,100.00
7144,32795,100.00
7145,33649,100.00
7146,21799,100.00
7147,24077,0.00
7148,21338,100.00
7149,21400,100.00
7150,28209,100.00
7151,30371,100.00
7152,28649,0.00
7153,22530,100.00
7154,33430,100.00
7155,26449,100.00
7156,24209,100.00
7157,20164,0.00
7158,20293,100.00
7159,22863,100.00
7160,26792,100.00
7161,43357,100.00
7162,36306,0.00
7163,40166,100.00
7164,39212,100.00
7165,25575,100.00
7166,19909,100.00
7167,24233,0.00
7168,20296,100.00
7169,20490,100.00
7170,33574,100.00
7171,31789,100.00
7172,28374,0.00
7173,31894,100.00
7174,32626,100.00
7175,25421,100.00
7176,18999,100.00
7177,21248,0.00
7178,21182,100.00
7179,23608,100.00
7180,37001,100.00
7181,36011,100.00
7182,31548,0.00
7183,31958,100.00
7184,30734,100.00
7185,25013,100.00
7186,23458,100.00
7187,21863,0.00
7188,22332,100.00
7189,29225,100.00
7190,29429,100.00
7191,28154,100.00
7192,22511,0.00
7193,33284,100.00
7194,27822,100.00
7195,23894,100.00
7196,20675,100.00
7197,19631,0.00
7198,22301,100.00
7199,27968,100.00
7200,37782,100.00
7201,33516,100.00
7202,35224,0.00
7203,34862,100.00
7204,24716,100.00
7205,20035,100.00
7206,23068,100.00
7207,21294,0.00
7208,20942,100.00
7209,35963,100.00
7210,38742,100.00
7211,30672,100.00
7212,35409,0.00
7213,32301,100.00
7214,22223,100.00
7215,19461,100.00
7216,20167,100.00
7217,22973,0.00
7218,22778,100.00
7219,40333,100.00
7220,34709,100.00
7221,28136,100.00
7222,28307,0.00
7223,30907,100.00
7224,21824,100.00
7225,21536,100.00
7226,21452,100.00
7227,22502,0.00
7228,26978,100.00
7229,29458,100.00
7230,28541,100.00
7231,23621,100.00
7232,35153,0.00
7233,32442,100.00
7234,23538,100.00
7235,21929,100.00
7236,20007,100.00
7237,23518,0.00
7238,29672,100.00
7239,36403,100.00
7240,35641,100.00
7241,42987,100.00
7242,39364,0.00
7243,25946,100.00
7244,20278,100.00
7245,22746,100.00
7246,21964,100.00
7247,21532,0.00
7248,49298,100.00
7249,45673,100.00
7250,30996,100.00
7251,35322,100.00
7252,37630,0.00
7253,32147,100.00
7254,20251,100.00
7255,22037,100.00
7256,22421,100.00
7257,24488,0.00
7258,35465,100.00
7259,32445,100.00
7260,29217,100.00
7261,40441,100.00
7262,38123,0.00
7263,26101,100.00
7264,23949,100.00
7265,21845,100.00
7266,20458,100.00
7267,26604,0.00
7268,35342,100.00
7269,34502,100.00
7270,28062,100.00
7271,39311,100.00
7272,39191,0.00
7273,25660,100.00
7274,19418,100.00
7275,20579,100.00
7276,22844,100.00
7277,22951,0.00
7278,42249,100.00
7279,37746,100.00
7280,33298,100.00
7281,37489,100.00
7282,37145,0.00
7283,21471,100.00
7284,21558,100.00
7285,21980,100.00
7286,23067,100.00
7287,29272,0.00
7288,28594,100.00
7289,27555,100.00
7290,23371,100.00
7291,33146,100.00
7292,26523,0.00
7293,23971,100.00
7294,20775,100.00
7295,19688,100.00
7296,23481,100.00
7297,24878,0.00
7298,35552,100.00
7299,32835,100.00
7300,32957,100.00
7301,31486,100.00
7302,24560,0.00
7303,22869,100.00
7304,23144,100.00
7305,21170,100.00
7306,21948,100.00
7307,30707,0.00
7308,37186,100.00
7309,30938,100.00
7310,31401,100.00
7311,32384,100.00
7312,30421,0.00
7313,19983,100.00
7314,21922,100.00
7315,21001,100.00
7316,23985,100.00
7317,34325,0.00
7318,37706,100.00
7319,32488,100.00
7320,38507,100.00
7321,39504,100.00
7322,26170,0.00
7323,21098,100.00
7324,22094,100.00
7325,20787,100.00
7326,29041,100.00
7327,30892,0.00
7328,39088,100.00
7329,24591,100.00
7330,36074,100.00
7331,34173,100.00
7332,25017,0.00
7333,20425,100.00
7334,20370,100.00
7335,22733,100.00
7336,23004,100.00
7337,40270,0.00
7338,36043,100.00
7339,30832,100.00
7340,32581,100.00
7341,24180,100.00
7342,20040,0.00
7343,22414,100.00
7344,20472,100.00
7345,21207,100.00
7346,31306,100.00
7347,38056,0.00
7348,28097,100.00
7349,26995,100.00
7350,34400,100.00
7351,30293,100.00
7352,21207,0.00
7353,20844,100.00
7354,21068,100.00
7355,23160,100.00
7356,32194,100.00
7357,32799,0.00
7358,27696,100.00
7359,30157,100.00
7360,29981,100.00
7361,25320,100.00
7362,21395,0.00
7363,21561,100.00
7364,20965,100.00
7365,25007,100.00
7366,28556,100.00
7367,30752,0.00
7368,26200,100.00
7369,33167,100.00
7370,27789,100.00
7371,22322,100.00
7372,19051,0.00
7373,19981,100.00
7374,21935,100.00
7375,22717,100.00
7376,34535,100.00
7377,36060,0.00
7378,29632,100.00
7379,33293,100.00
7380,32523,100.00
7381,21061,100.00
7382,21695,0.00
7383,21620,100.00
7384,21946,100.00
7385,29580,100.00
7386,31028,100.00
7387,28706,0.00
7388,22603,100.00
7389,36180,100.00
7390,30384,100.00
7391,25605,100.00
7392,21323,0.00
7393,21211,100.00
7394,23281,100.00
7395,30845,100.00
7396,40218,100.00
7397,32715,0.00
7398,35160,100.00
7399,34558,100.00
7400,23390,100.00
7401,19872,100.00
7402,23628,0.00
7403,20814,100.00
7404,20754,100.00
7405,34581,100.00
7406,37092,100.00
7407,28262,0.00
7408,33518,100.00
7409,31110,100.00
7410,23295,100.00
7411,18731,100.00
7412,20288,0.00
7413,22738,100.00
7414,23450,100.00
7415,37787,100.00
7416,31405,100.00
7417,29242,0.00
7418,31106,100.00
7419,24087,100.00
7420,19675,100.00
7421,23514,100.00
7422,21537,0.00
7423,22602,100.00
7424,28516,100.00
7425,31333,100.00
7426,27374,100.00
7427,26489,0.00
7428,29244,100.00
7429,29126,100.00
7430,21338,100.00
7431,21940,100.00
7432,21229,0.00
7433,23441,100.00
7434,33116,100.00
7435,34253,100.00
7436,31923,100.00
7437,43347,0.00
7438,37618,100.00
7439,25394,100.00
7440,23550,100.00
7441,21966,100.00
7442,19727,0.00
7443,29623,100.00
7444,28749,100.00
7445,31451,100.00
7446,23675,100.00
7447,30569,0.00
7448,26744,100.00
7449,21626,100.00
7450,21704,100.00
7451,20264,100.00
7452,22518,0.00
7453,22677,100.00
7454,41554,100.00
7455,36486,100.00
7456,37503,100.00
7457,42510,0.00
7458,26716,100.00
7459,21351,100.00
7460,23403,100.00
7461,21700,100.00
7462,22242,0.00
7463,35395,100.00
7464,40429,100.00
7465,32649,100.00
7466,34169,100.00
7467,38830,0.00
7468,37228,100.00
7469,23000,100.00
7470,23377,100.00
7471,23546,100.00
7472,24377,0.00
7473,35489,100.00
7474,42492,100.00
7475,33748,100.00
7476,41382,100.00
7477,37033,0.00
7478,24707,100.00
7479,21977,100.00
7480,21683,100.00
7481,20466,100.00
7482,28748,0.00
7483,31175,100.00
7484,35694,100.00
7485,26290,100.00
7486,35037,100.00
7487,31829,0.00
7488,26419,100.00
7489,19181,100.00
7490,20706,100.00
7491,22784,100.00
7492,23345,0.00
7493,41111,100.00
7494,37160,100.00
7495,38332,100.00
7496,34943,100.00
7497,26222,0.00
7498,20762,100.00
7499,23164,100.00
7500,23569,100.00
7501,23642,100.00
7502,33000,0.00
7503,33118,100.00
7504,31171,100.00
7505,23196,100.00
7506,42535,100.00
7507,33299,0.00
7508,26677,100.00
7509,21839,100.00
7510,21091,100.00
7511,24936,100.00
7512,28260,0.00
7513,49219,100.00
7514,39275,100.00
7515,43756,100.00
7516,42296,100.00
7517,26847,0.00
7518,21559,100.00
7519,23335,100.00
7520,21549,100.00
7521,21643,100.00
7522,40559,0.00
7523,46351,100.00
7524,32449,100.00
7525,37336,100.00
7526,37381,100.00
7527,33500,0.00
7528,23879,100.00
7529,21744,100.00
7530,21673,100.00
7531,23228,100.00
7532,33869,0.00
7533,35634,100.00
7534,28529,100.00
7535,33349,100.00
7536,31034,100.00
7537,23522,0.00
7538,20002,100.00
7539,21698,100.00
7540,20623,100.00
7541,25781,100.00
7542,30984,0.00
7543,31061,100.00
7544,27322,100.00
7545,31807,100.00
7546,30033,100.00
7547,22843,0.00
7548,19728,100.00
7549,20688,100.00
7550,21554,100.00
7551,22715,100.00
7552,38720,0.00
7553,34490,100.00
7554,28691,100.00
7555,29094,100.00
7556,33935,100.00
7557,20795,0.00
7558,22211,100.00
7559,21588,100.00
7560,21939,100.00
7561,27792,100.00
7562,31215,0.00
7563,28968,100.00
7564,22485,100.00
7565,35199,100.00
7566,29967,100.00
7567,25685,0.00
7568,21418,100.00
7569,19835,100.00
7570,22053,100.00
7571,26189,100.00
7572,34116,0.00
7573,31609,100.00
7574,33166,100.00
7575,31044,100.00
7576,25993,100.00
7577,22005,0.00
7578,22957,100.00
7579,20886,100.00
7580,21976,100.00
7581,31814,100.00
7582,36617,0.00
7583,29059,100.00
7584,31420,100.00
7585,31736,100.00
7586,29032,100.00
7587,20615,0.00
7588,21905,100.00
7589,21617,100.00
7590,23367,100.00
7591,35590,100.00
7592,35347,0.00
7593,30087,100.00
7594,35646,100.00
7595,31607,100.00
7596,23761,100.00
7597,21366,0.00
7598,22228,100.00
7599,20699,100.00
7600,29042,100.00
7601,30068,100.00
7602,33263,0.00
7603,24593,100.00
7604,34233,100.00
7605,29005,100.00
7606,21938,100.00
7607,19736,0.00
7608,19591,100.00
7609,21659,100.00
7610,23495,100.00
7611,33702,100.00
7612,31443,0.00
7613,29765,100.00
7614,33941,100.00
7615,27969,100.00
7616,20822,100.00
7617,23349,0.00
7618,21601,100.00
7619,21822,100.00
7620,27668,100.00
7621,29594,100.00
7622,28467,0.00
7623,24738,100.00
7624,33606,100.00
7625,29631,100.00
7626,20612,100.00
7627,21126,0.00
7628,20153,100.00
7629,22601,100.00
7630,31584,100.00
7631,32573,100.00
7632,30092,0.00
7633,34082,100.00
7634,31123,100.00
7635,24520,100.00
7636,20603,100.00
7637,21193,0.00
7638,20402,100.00
7639,26226,100.00
7640,29706,100.00
7641,30827,100.00
7642,27491,0.00
7643,30367,100.00
7644,28684,100.00
7645,21540,100.00
7646,18907,100.00
7647,20102,0.00
7648,22023,100.00
7649,22691,100.00
7650,33199,100.00
7651,30813,100.00
7652,26917,0.00
7653,28296,100.00
7654,30712,100.00
7655,21348,100.00
7656,21756,100.00
7657,21266,0.00
7658,21485,100.00
7659,27855,100.00
7660,29506,100.00
7661,28377,100.00
7662,23400,0.00
7663,35649,100.00
7664,30484,100.00
7665,23839,100.00
7666,21745,100.00
7667,20506,0.00
7668,22699,100.00
7669,30666,100.00
7670,30566,100.00
7671,27031,100.00
7672,27862,0.00
7673,30264,100.00
7674,23262,100.00
7675,20391,100.00
7676,21602,100.00
7677,20805,0.00
7678,20175,100.00
7679,33436,100.00
7680,38042,100.00
7681,29415,100.00
7682,35447,0.00
7683,35777,100.00
7684,25568,100.00
7685,18805,100.00
7686,21084,100.00
7687,20859,0.00
7688,23203,100.00
7689,38489,100.00
7690,36107,100.00
7691,31247,100.00
7692,29003,0.00
7693,29916,100.00
7694,20194,100.00
7695,22044,100.00
7696,21280,100.00
7697,21905,0.00
7698,26521,100.00
7699,30981,100.00
7700,28810,100.00
7701,23199,100.00
7702,35491,0.00
7703,30995,100.00
7704,23443,100.00
7705,20960,100.00
7706,20281,100.00
7707,23636,0.00
7708,26921,100.00
7709,43664,100.00
7710,38639,100.00
7711,42575,100.00
7712,36656,0.00
7713,24478,100.00
7714,21549,100.00
7715,22368,100.00
7716,21251,100.00
7717,21677,0.00
7718,40036,100.00
7719,39744,100.00
7720,30049,100.00
7721,32995,100.00
7722,35110,0.00
7723,31245,100.00
7724,21495,100.00
7725,22244,100.00
7726,21801,100.00
7727,24123,0.00
7728,38435,100.00
7729,35237,100.00
7730,32974,100.00
7731,38279,100.00
7732,35728,0.00
7733,24178,100.00
7734,22335,100.00
7735,21854,100.00
7736,21098,100.00
7737,27599,0.00
7738,30876,100.00
7739,35564,100.00
7740,24882,100.00
7741,37996,100.00
7742,35980,0.00
7743,24376,100.00
7744,24708,100.00
7745,20656,100.00
7746,22498,100.00
7747,24906,0.00
7748,45489,100.00
7749,39604,100.00
7750,37148,100.00
7751,40973,100.00
7752,29644,0.00
7753,23322,100.00
7754,23050,100.00
7755,22743,100.00
7756,25299,100.00
7757,37079,0.00
7758,35204,100.00
7759,32595,100.00
7760,24780,100.00
7761,44119,100.00
7762,38331,0.00
7763,26335,100.00
7764,20516,100.00
7765,20368,100.00
7766,23143,100.00
7767,24226,0.00
7768,48542,100.00
7769,36472,100.00
7770,41523,100.00
7771,44988,100.00
7772,28336,0.00
7773,22731,100.00
7774,23533,100.00
7775,22103,100.00
7776,22977,100.00
7777,37013,0.00
7778,42100,100.00
7779,31198,100.00
7780,31331,100.00
7781,34631,100.00
7782,32519,0.00
7783,21759,100.00
7784,21292,100.00
7785,21725,100.00
7786,24069,100.00
7787,33281,0.00
7788,31921,100.00
7789,31383,100.00
7790,43586,100.00
7791,38609,100.00
7792,25889,0.00
7793,20360,100.00
7794,21857,100.00
7795,20630,100.00
7796,20862,100.00
7797,41314,0.00
7798,38995,100.00
7799,30559,100.00
7800,37612,100.00
7801,34059,100.00
7802,23166,0.00
7803,19346,100.00
7804,21850,100.00
7805,22402,100.00
7806,23056,100.00
7807,36279,0.00
7808,36893,100.00
7809,31566,100.00
7810,28898,100.00
7811,31471,100.00
7812,20913,0.00
7813,24013,100.00
7814,21164,100.00
7815,22299,100.00
7816,29721,100.00
7817,30543,0.00
7818,34252,100.00
7819,24197,100.00
7820,41546,100.00
7821,34460,100.00
7822,24759,0.00
7823,20872,100.00
7824,19584,100.00
7825,22743,100.00
7826,23368,100.00
7827,39734,0.00
7828,30870,100.00
7829,33791,100.00
7830,33667,100.00
7831,25732,100.00
7832,21146,0.00
7833,22879,100.00
7834,21543,100.00
7835,22017,100.00
7836,29009,100.00
7837,32253,0.00
7838,27722,100.00
7839,30055,100.00
7840,28960,100.00
7841,25178,100.00
7842,20317,0.00
7843,21478,100.00
7844,21289,100.00
7845,23284,100.00
7846,31760,100.00
7847,31068,0.00
7848,27321,100.00
7849,33699,100.00
7850,31354,100.00
7851,24200,100.00
7852,21152,0.00
7853,20858,100.00
7854,19944,100.00
7855,27060,100.00
7856,31334,100.00
7857,29927,0.00
7858,24196,100.00
7859,32648,100.00
7860,30110,100.00
7861,22661,100.00
7862,18053,0.00
7863,20251,100.00
7864,21665,100.00
7865,22974,100.00
7866,36112,100.00
7867,39283,0.00
7868,32995,100.00
7869,34116,100.00
7870,25797,100.00
7871,20275,100.00
7872,23215,0.00
7873,20963,100.00
7874,21681,100.00
7875,30146,100.00
7876,29810,100.00
7877,29646,0.00
7878,24186,100.00
7879,34039,100.00
7880,31108,100.00
7881,20703,100.00
7882,21571,0.00
7883,20739,100.00
7884,23223,100.00
7885,32986,100.00
7886,33536,100.00
7887,31561,0.00
7888,34722,100.00
7889,31372,100.00
7890,23733,100.00
7891,20907,100.00
7892,22222,0.00
7893,20844,100.00
7894,25668,100.00
7895,30651,100.00
7896,31513,100.00
7897,27387,0.00
7898,34568,100.00
7899,34558,100.00
7900,24019,100.00
7901,19952,100.00
7902,19768,0.00
7903,22454,100.00
7904,22360,100.00
7905,37429,100.00
7906,33242,100.00
7907,28116,0.00
7908,26801,100.00
7909,31328,100.00
7910,22226,100.00
7911,23323,100.00
7912,21895,0.00
7913,22292,100.00
7914,28716,100.00
7915,32763,100.00
7916,31211,100.00
7917,24723,0.00
7918,32847,100.00
7919,28434,100.00
7920,20301,100.00
7921,21561,100.00
7922,21600,0.00
7923,23549,100.00
7924,31316,100.00
7925,32452,100.00
7926,27931,100.00
7927,33992,0.00
7928,34030,100.00
7929,26531,100.00
7930,23139,100.00
7931,22364,100.00
7932,20971,0.00
7933,29863,100.00
7934,37421,100.00
7935,41195,100.00
7936,26045,100.00
7937,46553,0.00
7938,36922,100.00
7939,23930,100.00
7940,22136,100.00
7941,19654,100.00
7942,23710,0.00
7943,23100,100.00
7944,45858,100.00
7945,37671,100.00
7946,36778,100.00
7947,38987,0.00
7948,25469,100.00
7949,21255,100.00
7950,22801,100.00
7951,20564,100.00
7952,21205,0.00
7953,32903,100.00
7954,33074,100.00
7955,30483,100.00
7956,30180,100.00
7957,37457,0.00
7958,32202,100.00
7959,21402,100.00
7960,22762,100.00
7961,22697,100.00
7962,24352,0.00
7963,37115,100.00
7964,40528,100.00
7965,37390,100.00
7966,46405,100.00
7967,41199,0.00
7968,27501,100.00
7969,19756,100.00
7970,21495,100.00
7971,20094,100.00
7972,28622,0.00
7973,28650,100.00
7974,35380,100.00
7975,28114,100.00
7976,41475,100.00
7977,37664,0.00
7978,25620,100.00
7979,18978,100.00
7980,19961,100.00
7981,22463,100.00
7982,23432,0.00
7983,41073,100.00
7984,34988,100.00
7985,33526,100.00
7986,38683,100.00
7987,26005,0.00
7988,20398,100.00
7989,22219,100.00
7990,22890,100.00
7991,23021,100.00
7992,33417,0.00
7993,33868,100.00
7994,29124,100.00
7995,26768,100.00
7996,35422,100.00
7997,35458,0.00
7998,21653,100.00
7999,21911,100.00
8000,52841,100.00
8001,24833,100.00
8002,32880,0.00
8003,41671,100.00
8004,39052,100.00
8005,41483,100.00
8006,42024,100.00
8007,26588,0.00
8008,24233,100.00
8009,23986,100.00
8010,23726,100.00
8011,25051,100.00
8012,40767,0.00
8013,44284,100.00
8014,32436,100.00
8015,35516,100.00
8016,44940,100.00
8017,37503,0.00
8018,21199,100.00
8019,22016,100.00
8020,22140,100.00
8021,24233,100.00
8022,39855,0.00
8023,44389,100.00
8024,38725,100.00
8025,51361,100.00
8026,42736,100.00
8027,27324,0.00
8028,22053,100.00
8029,22658,100.00
8030,20477,100.00
8031,30799,100.00
8032,36844,0.00
8033,36837,100.00
8034,26969,100.00
8035,36585,100.00
8036,35254,100.00
8037,25430,0.00
8038,18651,100.00
8039,20218,100.00
8040,22290,100.00
8041,23472,100.00
8042,38798,0.00
8043,33312,100.00
8044,29587,100.00
8045,29812,100.00
8046,31383,100.00
8047,20987,0.00
8048,21702,100.00
8049,21172,100.00
8050,21643,100.00
8051,30484,100.00
8052,33258,0.00
8053,32231,100.00
8054,24169,100.00
8055,43921,100.00
8056,36713,100.00
8057,25211,0.00
8058,21629,100.00
8059,21051,100.00
8060,23394,100.00
8061,28347,100.00
8062,46710,0.00
8063,34734,100.00
8064,43980,100.00
8065,41286,100.00
8066,26907,100.00
8067,22502,0.00
8068,23272,100.00
8069,21083,100.00
8070,21837,100.00
8071,35824,100.00
8072,37471,0.00
8073,30032,100.00
8074,32527,100.00
8075,34566,100.00
8076,29752,100.00
8077,20304,0.00
8078,21806,100.00
8079,21454,100.00
8080,23547,100.00
8081,37939,100.00
8082,36388,0.00
8083,32334,100.00
8084,37963,100.00
8085,38889,100.00
8086,28020,100.00
8087,22512,0.00
8088,22251,100.00
8089,21274,100.00
8090,29111,100.00
8091,34021,100.00
8092,39750,0.00
8093,25750,100.00
8094,38598,100.00
8095,33217,100.00
8096,23521,100.00
8097,20928,0.00
8098,20265,100.00
8099,22218,100.00
8100,23447,100.00
8101,41559,100.00
8102,38859,0.00
8103,35260,100.00
8104,38881,100.00
8105,27337,100.00
8106,20613,100.00
8107,22738,0.00
8108,21580,100.00
8109,22057,100.00
8110,33598,100.00
8111,34842,100.00
8112,29029,0.00
8113,29481,100.00
8114,34946,100.00
8115,32119,100.00
8116,22951,100.00
8117,21166,0.00
8118,20849,100.00
8119,23530,100.00
8120,32652,100.00
8121,33575,100.00
8122,28716,0.00
8123,32650,100.00
8124,32369,100.00
8125,26537,100.00
8126,21348,100.00
8127,22203,0.00
8128,21620,100.00
8129,26035,100.00
8130,29515,100.00
8131,32540,100.00
8132,28460,0.00
8133,33536,100.00
8134,32414,100.00
8135,23717,100.00
8136,20053,100.00
8137,20390,0.00
8138,22927,100.00
8139,23240,100.00
8140,38993,100.00
8141,36562,100.00
8142,31575,0.00
8143,31689,100.00
8144,30299,100.00
8145,21020,100.00
8146,22379,100.00
8147,20911,0.00
8148,21599,100.00
8149,27147,100.00
8150,29927,100.00
8151,29788,100.00
8152,23062,0.00
8153,36676,100.00
8154,30612,100.00
8155,24729,100.00
8156,22130,100.00
8157,20552,0.00
8158,23431,100.00
8159,29229,100.00
8160,42599,100.00
8161,36792,100.00
8162,38905,0.00
8163,39878,100.00
8164,24842,100.00
8165,21154,100.00
8166,24468,100.00
8167,21563,0.00
8168,21457,100.00
8169,37000,100.00
8170,34086,100.00
8171,27796,100.00
8172,31750,0.00
8173,30354,100.00
8174,32546,100.00
8175,20131,100.00
8176,22996,100.00
8177,21782,0.00
8178,23604,100.00
8179,36289,100.00
8180,40911,100.00
8181,36380,100.00
8182,36972,0.00
8183,41037,100.00
8184,26533,100.00
8185,23359,100.00
8186,24052,100.00
8187,22359,0.00
8188,29465,100.00
8189,37228,100.00
8190,41788,100.00
8191,26499,100.00
8192,42653,0.00
8193,36699,100.00
8194,22524,100.00
8195,20315,100.00
8196,19988,100.00
8197,22093,0.00
8198,22781,100.00
8199,41500,100.00
8200,36433,100.00
8201,32898,100.00
8202,38228,0.00
8203,27426,100.00
8204,20701,100.00
8205,23041,100.00
8206,21997,100.00
8207,22397,0.00
8208,33013,100.00
8209,34867,100.00
8210,33140,100.00
8211,23400,100.00
8212,42437,0.00
8213,36373,100.00
8214,21893,100.00
8215,21972,100.00
8216,21761,100.00
8217,22979,0.00
8218,35722,100.00
8219,35240,100.00
8220,34623,100.00
8221,36546,100.00
8222,33711,0.00
8223,25642,100.00
8224,20809,100.00
8225,21098,100.00
8226,20476,100.00
8227,20869,0.00
8228,37329,100.00
8229,33155,100.00
8230,27515,100.00
8231,35010,100.00
8232,33750,0.00
8233,26822,100.00
8234,18568,100.00
8235,19952,100.00
8236,23157,100.00
8237,23018,0.00
8238,37587,100.00
8239,36214,100.00
8240,31371,100.00
8241,34413,100.00
8242,36239,0.00
8243,21381,100.00
8244,21653,100.00
8245,21185,100.00
8246,21624,100.00
8247,31812,0.00
8248,35164,100.00
8249,29977,100.00
8250,23922,100.00
8251,38206,100.00
8252,30609,0.00
8253,25168,100.00
8254,21690,100.00
8255,20774,100.00
8256,23144,100.00
8257,23862,0.00
8258,41097,100.00
8259,35985,100.00
8260,36537,100.00
8261,40235,100.00
8262,29220,0.00
8263,20346,100.00
8264,25984,100.00
8265,21928,100.00
8266,22829,100.00
8267,33270,0.00
8268,34266,100.00
8269,29867,100.00
8270,24767,100.00
8271,41354,100.00
8272,40506,0.00
8273,27373,100.00
8274,22339,100.00
8275,22147,100.00
8276,23947,100.00
8277,32612,0.00
8278,36677,100.00
8279,33413,100.00
8280,36512,100.00
8281,39802,100.00
8282,24999,0.00
8283,19927,100.00
8284,23770,100.00
8285,20766,100.00
8286,20477,100.00
8287,35506,0.00
8288,35013,100.00
8289,31670,100.00
8290,36599,100.00
8291,40860,100.00
8292,28252,0.00
8293,19236,100.00
8294,20985,100.00
8295,21587,100.00
8296,25157,100.00
8297,39705,0.00
8298,35634,100.00
8299,31845,100.00
8300,30180,100.00
8301,35207,100.00
8302,25248,0.00
8303,24207,100.00
8304,21648,100.00
8305,21843,100.00
8306,29753,100.00
8307,31146,0.00
8308,35213,100.00
8309,24801,100.00
8310,39157,100.00
8311,38890,100.00
8312,26355,0.00
8313,23118,100.00
8314,20616,100.00
8315,22810,100.00
8316,24093,100.00
8317,50407,0.00
8318,42086,100.00
8319,45048,100.00
8320,43077,100.00
8321,27771,100.00
8322,21594,0.00
8323,23127,100.00
8324,21543,100.00
8325,21039,100.00
8326,38944,100.00
8327,41407,0.00
8328,31315,100.00
8329,26818,100.00
8330,42781,100.00
8331,39476,100.00
8332,23346,0.00
8333,22536,100.00
8334,20906,100.00
8335,23660,100.00
8336,36721,100.00
8337,43393,0.00
8338,35621,100.00
8339,44670,100.00
8340,40573,100.00
8341,27198,100.00
8342,21128,0.00
8343,21842,100.00
8344,20990,100.00
8345,20824,100.00
8346,42507,100.00
8347,41309,0.00
8348,30904,100.00
8349,39975,100.00
8350,37904,100.00
8351,24071,100.00
8352,19502,0.00
8353,19500,100.00
8354,22043,100.00
8355,23132,100.00
8356,39722,100.00
8357,37059,0.00
8358,31372,100.00
8359,31334,100.00
8360,40936,100.00
8361,21883,100.00
8362,21338,0.00
8363,21535,100.00
8364,21506,100.00
8365,32096,100.00
8366,35409,100.00
8367,31960,0.00
8368,23590,100.00
8369,42198,100.00
8370,33524,100.00
8371,26681,100.00
8372,20768,0.00
8373,20405,100.00
8374,22808,100.00
8375,25802,100.00
8376,50764,100.00
8377,41286,0.00
8378,44116,100.00
8379,42064,100.00
8380,27889,100.00
8381,22886,100.00
8382,22990,0.00
8383,22460,100.00
8384,22541,100.00
8385,38552,100.00
8386,41192,100.00
8387,29985,0.00
8388,34490,100.00
8389,34127,100.00
8390,32335,100.00
8391,20995,100.00
8392,21977,0.00
8393,21906,100.00
8394,23507,100.00
8395,36283,100.00
8396,36129,100.00
8397,33095,0.00
8398,32414,100.00
8399,37614,100.00
8400,27087,100.00
8401,24231,100.00
8402,22214,0.00
8403,21695,100.00
8404,28742,100.00
8405,31985,100.00
8406,37132,100.00
8407,25933,0.00
8408,41243,100.00
8409,35666,100.00
8410,28174,100.00
8411,21535,100.00
8412,20254,0.00
8413,23705,100.00
8414,26890,100.00
8415,46797,100.00
8416,38519,100.00
8417,47718,0.00
8418,44024,100.00
8419,26933,100.00
8420,21264,100.00
8421,22778,100.00
8422,21967,0.00
8423,22811,100.00
8424,43334,100.00
8425,40810,100.00
8426,30677,100.00
8427,37737,0.00
8428,36246,100.00
8429,33712,100.00
8430,21355,100.00
8431,22402,100.00
8432,21502,0.00
8433,23530,100.00
8434,39765,100.00
8435,43158,100.00
8436,36153,100.00
8437,36328,0.00
8438,35971,100.00
8439,25944,100.00
8440,22995,100.00
8441,21878,100.00
8442,20094,0.00
8443,30402,100.00
8444,32647,100.00
8445,39940,100.00
8446,26507,100.00
8447,39863,0.00
8448,34271,100.00
8449,24799,100.00
8450,21916,100.00
8451,19589,100.00
8452,22512,0.00
8453,23807,100.00
8454,38926,100.00
8455,38460,100.00
8456,34455,100.00
8457,37706,0.00
8458,27007,100.00
8459,20252,100.00
8460,22913,100.00
8461,22101,100.00
8462,21959,0.00
8463,34829,100.00
8464,40270,100.00
8465,31123,100.00
8466,33208,100.00
8467,36100,0.00
8468,34466,100.00
8469,21510,100.00
8470,21880,100.00
8471,22043,100.00
8472,24078,0.00
8473,36595,100.00
8474,36226,100.00
8475,30954,100.00
8476,28563,100.00
8477,32173,0.00
8478,23305,100.00
8479,22735,100.00
8480,21953,100.00
8481,22379,100.00
8482,27382,0.00
8483,30411,100.00
8484,35029,100.00
8485,23858,100.00
8486,38046,100.00
8487,30413,0.00
8488,21661,100.00
8489,21361,100.00
8490,19627,100.00
8491,23463,100.00
8492,23804,0.00
8493,44157,100.00
8494,34970,100.00
8495,38480,100.00
8496,34219,100.00
8497,25905,0.00
8498,23670,100.00
8499,23732,100.00
8500,21813,100.00
8501,22368,100.00
8502,35058,0.00
8503,35739,100.00
8504,29638,100.00
8505,29916,100.00
8506,36601,100.00
8507,34355,0.00
8508,22491,100.00
8509,23652,100.00
8510,21932,100.00
8511,24461,100.00
8512,36478,0.00
8513,35227,100.00
8514,28798,100.00
8515,32920,100.00
8516,37051,100.00
8517,25599,0.00
8518,20163,100.00
8519,20469,100.00
8520,20130,100.00
8521,20776,100.00
8522,32068,0.00
8523,37160,100.00
8524,29204,100.00
8525,35503,100.00
8526,39505,100.00
8527,28692,0.00
8528,23131,100.00
8529,21372,100.00
8530,22572,100.00
8531,23714,100.00
8532,38200,0.00
8533,34733,100.00
8534,32551,100.00
8535,34297,100.00
8536,36625,100.00
8537,25467,0.00
8538,23467,100.00
8539,21032,100.00
8540,33705,100.00
8541,30610,100.00
8542,36545,0.00
8543,37456,100.00
8544,23552,100.00
8545,35509,100.00
8546,32534,100.00
8547,22087,0.00
8548,21967,100.00
8549,20062,100.00
8550,22054,100.00
8551,23731,100.00
8552,39952,0.00
8553,35025,100.00
8554,29604,100.00
8555,33600,100.00
8556,26334,100.00
8557,20108,0.00
8558,22590,100.00
8559,20718,100.00
8560,21586,100.00
8561,33382,100.00
8562,34912,0.00
8563,31514,100.00
8564,24120,100.00
8565,42411,100.00
8566,37876,100.00
8567,25194,0.00
8568,21019,100.00
8569,21773,100.00
8570,23437,100.00
8571,34528,100.00
8572,37252,0.00
8573,33444,100.00
8574,37174,100.00
8575,34938,100.00
8576,24887,100.00
8577,21647,0.00
8578,21146,100.00
8579,21011,100.00
8580,21138,100.00
8581,44033,100.00
8582,39714,0.00
8583,31414,100.00
8584,35111,100.00
8585,38451,100.00
8586,26659,100.00
8587,20337,0.00
8588,22497,100.00
8589,22227,100.00
8590,23371,100.00
8591,39600,100.00
8592,35521,0.00
8593,30368,100.00
8594,28974,100.00
8595,38504,100.00
8596,24537,100.00
8597,22827,0.00
8598,23439,100.00
8599,22347,100.00
8600,30839,100.00
8601,36185,100.00
8602,33140,0.00
8603,23487,100.00
8604,41271,100.00
8605,32827,100.00
8606,27959,100.00
8607,21078,0.00
8608,20399,100.00
8609,23858,100.00
8610,23804,100.00
8611,44843,100.00
8612,38312,0.00
8613,36669,100.00
8614,41708,100.00
8615,26666,100.00
8616,21522,100.00
8617,22912,0.00
8618,22000,100.00
8619,21951,100.00
8620,39375,100.00
8621,37092,100.00
8622,30573,0.00
8623,31560,100.00
8624,33596,100.00
8625,29917,100.00
8626,20634,100.00
8627,21071,0.00
8628,21169,100.00
8629,23249,100.00
8630,33753,100.00
8631,30763,100.00
8632,26599,0.00
8633,33050,100.00
8634,31940,100.00
8635,23560,100.00
8636,19736,100.00
8637,21505,0.00
8638,20370,100.00
8639,27853,100.00
8640,29101,100.00
8641,28896,100.00
8642,26809,0.00
8643,33869,100.00
8644,29374,100.00
8645,21478,100.00
8646,18035,100.00
8647,20118,0.00
8648,21825,100.00
8649,22850,100.00
8650,33733,100.00
8651,31147,100.00
8652,27057,0.00
8653,28717,100.00
8654,25075,100.00
8655,21715,100.00
8656,23146,100.00
8657,21484,0.00
8658,22301,100.00
8659,28490,100.00
8660,32073,100.00
8661,28303,100.00
8662,22949,0.00
8663,37694,100.00
8664,31288,100.00
8665,24101,100.00
8666,22125,100.00
8667,21766,0.00
8668,23200,100.00
8669,30916,100.00
8670,32259,100.00
8671,27557,100.00
8672,29499,0.00
8673,30497,100.00
8674,23781,100.00
8675,20324,100.00
8676,20536,100.00
8677,20481,0.00
8678,21670,100.00
8679,31800,100.00
8680,37458,100.00
8681,30097,100.00
8682,37833,0.00
8683,34705,100.00
8684,23085,100.00
8685,19007,100.00
8686,20864,100.00
8687,24242,0.00
8688,23010,100.00
8689,39414,100.00
8690,36791,100.00
8691,30839,100.00
8692,31376,0.00
8693,32242,100.00
8694,21660,100.00
8695,23450,100.00
8696,21987,100.00
8697,22597,0.00
8698,31003,100.00
8699,40775,100.00
8700,31153,100.00
8701,23752,100.00
8702,40769,0.00
8703,33584,100.00
8704,25929,100.00
8705,20860,100.00
8706,19516,100.00
8707,22760,0.00
8708,26099,100.00
8709,46676,100.00
8710,37604,100.00
8711,41935,100.00
8712,43435,0.00
8713,28147,100.00
8714,22986,100.00
8715,23767,100.00
8716,23174,100.00
8717,22111,0.00
8718,43379,100.00
8719,49864,100.00
8720,32744,100.00
8721,35012,100.00
8722,39742,0.00
8723,34562,100.00
8724,21708,100.00
8725,22136,100.00
8726,22433,100.00
8727,23756,0.00
8728,40926,100.00
8729,38785,100.00
8730,33832,100.00
8731,53346,100.00
8732,47708,0.00
8733,28395,100.00
8734,22572,100.00
8735,23421,100.00
8736,21772,100.00
8737,31708,0.00
8738,34443,100.00
8739,38936,100.00
8740,25650,100.00
8741,39988,100.00
8742,34394,0.00
8743,23958,100.00
8744,19054,100.00
8745,19995,100.00
8746,22351,100.00
8747,23463,0.00
8748,45179,100.00
8749,43082,100.00
8750,39879,100.00
8751,36555,100.00
8752,35646,0.00
8753,24060,100.00
8754,24628,100.00
8755,22360,100.00
8756,22795,100.00
8757,30353,0.00
8758,33738,100.00
8759,39368,100.00
8760,25196,100.00
8761,43427,100.00
8762,33394,0.00
8763,23690,100.00
8764,22809,100.00
8765,20369,100.00
8766,22362,100.00
8767,23613,0.00
8768,47968,100.00
8769,42142,100.00
8770,39032,100.00
8771,43104,100.00
8772,30611,0.00
8773,20847,100.00
8774,23045,100.00
8775,23903,100.00
8776,24272,100.00
8777,32872,0.00
8778,35199,100.00
8779,29312,100.00
8780,25063,100.00
8781,38331,100.00
8782,35086,0.00
8783,23305,100.00
8784,22501,100.00
8785,21646,100.00
8786,23007,100.00
8787,31612,0.00
8788,34596,100.00
8789,31427,100.00
8790,38143,100.00
8791,35380,100.00
8792,23922,0.00
8793,19892,100.00
8794,21635,100.00
8795,20433,100.00
8796,20335,100.00
8797,37212,0.00
8798,38102,100.00
8799,28715,100.00
8800,38454,100.00
8801,37566,100.00
8802,25994,0.00
8803,20032,100.00
8804,20874,100.00
8805,21917,100.00
8806,23671,100.00
8807,40750,0.00
8808,40959,100.00
8809,36294,100.00
8810,35516,100.00
8811,39886,100.00
8812,24327,0.00
8813,24050,100.00
8814,21738,100.00
8815,23342,100.00
8816,33021,100.00
8817,31431,0.00
8818,33291,100.00
8819,24058,100.00
8820,33567,100.00
8821,33803,100.00
8822,22244,0.00
8823,21366,100.00
8824,19955,100.00
8825,23508,100.00
8826,23771,100.00
8827,42296,0.00
8828,35766,100.00
8829,34787,100.00
8830,41109,100.00
8831,28292,100.00
8832,22014,0.00
8833,23088,100.00
8834,21417,100.00
8835,22518,100.00
8836,32147,100.00
8837,35866,0.00
8838,29820,100.00
8839,29240,100.00
8840,34955,100.00
8841,30693,100.00
8842,22431,0.00
8843,21282,100.00
8844,21309,100.00
8845,22876,100.00
8846,34551,100.00
8847,32523,0.00
8848,28266,100.00
8849,33871,100.00
8850,33614,100.00
8851,24716,100.00
8852,20210,0.00
8853,21967,100.00
8854,20985,100.00
8855,26481,100.00
8856,28644,100.00
8857,29994,0.00
8858,25589,100.00
8859,31948,100.00
8860,33669,100.00
8861,24111,100.00
8862,18496,0.00
8863,19817,100.00
8864,22079,100.00
8865,23372,100.00
8866,37011,100.00
8867,35135,0.00
8868,29462,100.00
8869,28669,100.00
8870,31691,100.00
8871,21529,100.00
8872,21911,0.00
8873,21871,100.00
8874,22353,100.00
8875,30237,100.00
8876,31297,100.00
8877,28781,0.00
8878,23856,100.00
8879,31669,100.00
8880,28617,100.00
8881,20669,100.00
8882,21079,0.00
8883,21230,100.00
8884,23690,100.00
8885,31055,100.00
8886,38498,100.00
8887,31292,0.00
8888,34822,100.00
8889,34837,100.00
8890,23858,100.00
8891,20902,100.00
8892,20811,0.00
8893,20337,100.00
8894,20614,100.00
8895,36334,100.00
8896,34847,100.00
8897,29331,0.00
8898,34902,100.00
8899,34417,100.00
8900,22882,100.00
8901,18855,100.00
8902,21001,0.00
8903,21091,100.00
8904,22784,100.00
8905,34864,100.00
8906,30479,100.00
8907,28513,0.00
8908,28382,100.00
8909,31159,100.00
8910,22063,100.00
8911,23066,100.00
8912,22394,0.00
8913,23083,100.00
8914,29025,100.00
8915,32000,100.00
8916,27584,100.00
8917,22213,0.00
8918,31916,100.00
8919,27259,100.00
8920,24213,100.00
8921,20964,100.00
8922,19438,0.00
8923,23172,100.00
8924,26765,100.00
8925,45083,100.00
8926,33217,100.00
8927,42264,0.00
8928,40210,100.00
8929,25480,100.00
8930,20583,100.00
8931,24191,100.00
8932,20420,0.00
8933,22303,100.00
8934,35510,100.00
8935,36046,100.00
8936,29965,100.00
8937,32385,0.00
8938,33566,100.00
8939,29461,100.00
8940,19621,100.00
8941,20897,100.00
8942,21665,0.00
8943,22872,100.00
8944,36242,100.00
8945,37394,100.00
8946,34440,100.00
8947,32204,0.00
8948,34612,100.00
8949,25358,100.00
8950,22756,100.00
8951,20844,100.00
8952,20717,0.00
8953,28815,100.00
8954,26243,100.00
8955,30239,100.00
8956,23293,100.00
8957,35835,0.00
8958,31193,100.00
8959,23862,100.00
8960,21268,100.00
8961,19800,100.00
8962,21815,0.00
8963,23337,100.00
8964,38977,100.00
8965,35795,100.00
8966,36957,100.00
8967,41706,0.00
8968,26179,100.00
8969,19230,100.00
8970,23481,100.00
8971,22052,100.00
8972,23268,0.00
8973,38212,100.00
8974,38314,100.00
8975,32193,100.00
8976,27828,100.00
8977,38042,0.00
8978,35898,100.00
8979,23033,100.00
8980,21703,100.00
8981,20421,100.00
8982,23183,0.00
8983,35021,100.00
8984,36714,100.00
8985,32371,100.00
8986,42652,100.00
8987,40217,0.00
8988,26441,100.00
8989,20526,100.00
8990,22077,100.00
8991,21693,100.00
8992,25968,0.00
8993,40625,100.00
8994,38027,100.00
8995,30569,100.00
8996,38052,100.00
8997,38575,0.00
8998,25503,100.00
8999,20109,100.00
9000,39891,100.00
9001,24874,100.00
9002,24133,0.00
9003,36948,100.00
9004,34745,100.00
9005,30977,100.00
9006,31124,100.00
9007,34807,0.00
9008,23629,100.00
9009,23883,100.00
9010,22089,100.00
9011,23776,100.00
9012,28815,0.00
9013,32190,100.00
9014,35162,100.00
9015,25119,100.00
9016,41251,100.00
9017,34937,0.00
9018,24209,100.00
9019,21639,100.00
9020,19425,100.00
9021,22782,100.00
9022,23949,0.00
9023,47703,100.00
9024,38435,100.00
9025,37721,100.00
9026,36400,100.00
9027,26012,0.00
9028,19798,100.00
9029,22713,100.00
9030,20976,100.00
9031,22573,100.00
9032,31965,0.00
9033,35478,100.00
9034,32798,100.00
9035,25490,100.00
9036,42379,100.00
9037,37826,0.00
9038,23832,100.00
9039,22980,100.00
9040,21312,100.00
9041,23356,100.00
9042,33972,0.00
9043,34271,100.00
9044,32202,100.00
9045,39507,100.00
9046,39280,100.00
9047,26002,0.00
9048,21034,100.00
9049,22251,100.00
9050,23434,100.00
9051,22383,100.00
9052,44613,0.00
9053,41937,100.00
9054,31539,100.00
9055,36194,100.00
9056,38481,100.00
9057,26286,0.00
9058,18933,100.00
9059,20820,100.00
9060,22445,100.00
9061,23854,100.00
9062,40251,0.00
9063,35790,100.00
9064,34877,100.00
9065,36643,100.00
9066,37368,100.00
9067,24786,0.00
9068,23219,100.00
9069,21587,100.00
9070,21940,100.00
9071,31740,100.00
9072,29234,0.00
9073,33800,100.00
9074,23395,100.00
9075,40880,100.00
9076,36291,100.00
9077,24018,0.00
9078,21714,100.00
9079,19452,100.00
9080,23172,100.00
9081,23008,100.00
9082,38056,0.00
9083,30983,100.00
9084,32295,100.00
9085,32012,100.00
9086,24551,100.00
9087,21517,0.00
9088,27531,100.00
9089,23946,100.00
9090,22924,100.00
9091,29463,100.00
9092,33155,0.00
9093,28851,100.00
9094,30174,100.00
9095,31425,100.00
9096,31580,100.00
9097,21701,0.00
9098,21820,100.00
9099,21724,100.00
9100,23484,100.00
9101,33660,100.00
9102,34739,0.00
9103,31434,100.00
9104,36639,100.00
9105,33225,100.00
9106,25240,100.00
9107,19004,0.00
9108,21743,100.00
9109,20189,100.00
9110,25060,100.00
9111,33451,100.00
9112,36597,0.00
9113,29848,100.00
9114,36566,100.00
9115,34904,100.00
9116,22713,100.00
9117,18526,0.00
9118,20339,100.00
9119,22033,100.00
9120,23087,100.00
9121,38279,100.00
9122,33871,0.00
9123,31764,100.00
9124,32634,100.00
9125,34843,100.00
9126,21327,100.00
9127,22366,0.00
9128,20381,100.00
9129,21842,100.00
9130,30580,100.00
9131,32499,100.00
9132,29473,0.00
9133,22600,100.00
9134,38347,100.00
9135,32511,100.00
9136,26719,100.00
9137,22099,0.00
9138,20690,100.00
9139,23263,100.00
9140,32284,100.00
9141,33447,100.00
9142,31836,0.00
9143,33752,100.00
9144,32572,100.00
9145,23417,100.00
9146,19054,100.00
9147,21478,0.00
9148,20693,100.00
9149,27755,100.00
9150,27534,100.00
9151,32825,100.00
9152,24984,0.00
9153,31684,100.00
9154,28926,100.00
9155,22916,100.00
9156,20291,100.00
9157,19393,0.00
9158,22762,100.00
9159,23539,100.00
9160,39946,100.00
9161,33581,100.00
9162,34919,0.00
9163,37696,100.00
9164,26277,100.00
9165,21840,100.00
9166,23191,100.00
9167,21065,0.00
9168,22067,100.00
9169,31475,100.00
9170,35040,100.00
9171,28541,100.00
9172,26847,0.00
9173,35975,100.00
9174,33705,100.00
9175,21898,100.00
9176,22575,100.00
9177,20700,0.00
9178,22994,100.00
9179,33334,100.00
9180,31947,100.00
9181,28907,100.00
9182,34734,0.00
9183,35021,100.00
9184,23730,100.00
9185,21621,100.00
9186,33607,100.00
9187,19916,0.00
9188,21348,100.00
9189,40950,100.00
9190,37221,100.00
9191,30369,100.00
9192,35076,0.00
9193,36745,100.00
9194,22912,100.00
9195,18546,100.00
9196,21234,100.00
9197,21019,0.00
9198,22930,100.00
9199,37516,100.00
9200,35109,100.00
9201,31847,100.00
9202,30059,0.00
9203,30186,100.00
9204,23652,100.00
9205,22985,100.00
9206,21312,100.00
9207,21724,0.00
9208,25645,100.00
9209,32759,100.00
9210,36578,100.00
9211,23918,100.00
9212,34743,0.00
9213,29908,100.00
9214,22937,100.00
9215,21336,100.00
9216,19756,100.00
9217,22521,0.00
9218,23921,100.00
9219,42234,100.00
9220,38051,100.00
9221,36798,100.00
9222,40452,0.00
9223,29248,100.00
9224,19855,100.00
9225,22188,100.00
9226,22940,100.00
9227,21958,0.00
9228,33911,100.00
9229,32937,100.00
9230,30644,100.00
9231,22533,100.00
9232,35260,0.00
9233,31125,100.00
9234,24412,100.00
9235,22183,100.00
9236,21466,100.00
9237,23197,0.00
9238,26399,100.00
9239,41410,100.00
9240,33439,100.00
9241,38802,100.00
9242,41267,0.00
9243,27463,100.00
9244,22543,100.00
9245,24191,100.00
9246,21769,100.00
9247,23379,0.00
9248,38991,100.00
9249,39727,100.00
9250,31777,100.00
9251,28352,100.00
9252,41253,0.00
9253,33229,100.00
9254,22839,100.00
9255,22232,100.00
9256,20802,100.00
9257,23871,0.00
9258,31092,100.00
9259,39371,100.00
9260,34742,100.00
9261,38114,100.00
9262,36677,0.00
9263,26332,100.00
9264,24633,100.00
9265,23414,100.00
9266,21977,100.00
9267,21571,0.00
9268,29854,100.00
9269,29981,100.00
9270,26462,100.00
9271,29467,100.00
9272,32173,0.00
9273,33000,100.00
9274,20124,100.00
9275,21072,100.00
9276,21546,100.00
9277,22649,0.00
9278,32002,100.00
9279,34332,100.00
9280,34435,100.00
9281,33607,100.00
9282,32502,0.00
9283,23781,100.00
9284,18858,100.00
9285,20790,100.00
9286,20568,100.00
9287,21461,0.00
9288,32214,100.00
9289,31469,100.00
9290,36631,100.00
9291,31858,100.00
9292,31212,0.00
9293,22840,100.00
9294,19434,100.00
9295,20704,100.00
9296,22685,100.00
9297,22667,0.00
9298,32911,100.00
9299,30360,100.00
9300,28677,100.00
9301,28379,100.00
9302,31524,0.00
9303,22108,100.00
9304,23050,100.00
9305,21876,100.00
9306,21942,100.00
9307,26411,0.00
9308,28071,100.00
9309,27674,100.00
9310,22788,100.00
9311,30670,100.00
9312,26572,0.00
9313,23896,100.00
9314,20220,100.00
9315,19860,100.00
9316,23218,100.00
9317,24532,0.00
9318,33669,100.00
9319,28921,100.00
9320,31300,100.00
9321,32515,100.00
9322,25140,0.00
9323,20971,100.00
9324,22626,100.00
9325,21610,100.00
9326,21726,100.00
9327,31703,0.00
9328,33523,100.00
9329,26497,100.00
9330,28395,100.00
9331,30599,100.00
9332,27102,0.00
9333,19763,100.00
9334,21481,100.00
9335,22267,100.00
9336,24007,100.00
9337,32289,0.00
9338,32892,100.00
9339,28479,100.00
9340,43653,100.00
9341,39216,100.00
9342,26346,0.00
9343,18377,100.00
9344,21866,100.00
9345,20062,100.00
9346,29733,100.00
9347,34421,0.00
9348,41976,100.00
9349,29249,100.00
9350,40529,100.00
9351,37802,100.00
9352,24243,0.00
9353,20217,100.00
9354,20750,100.00
9355,22346,100.00
9356,22894,100.00
9357,38811,0.00
9358,34689,100.00
9359,30592,100.00
9360,33908,100.00
9361,36626,100.00
9362,21643,0.00
9363,22287,100.00
9364,21639,100.00
9365,22158,100.00
9366,31695,100.00
9367,33648,0.00
9368,29408,100.00
9369,22496,100.00
9370,37100,100.00
9371,30465,100.00
9372,24573,0.00
9373,22036,100.00
9374,20812,100.00
9375,23878,100.00
9376,31383,100.00
9377,43148,0.00
9378,37817,100.00
9379,42346,100.00
9380,43033,100.00
9381,25990,100.00
9382,20351,0.00
9383,22490,100.00
9384,21675,100.00
9385,20882,100.00
9386,43701,100.00
9387,40753,0.00
9388,31615,100.00
9389,38895,100.00
9390,36419,100.00
9391,26417,100.00
9392,19369,0.00
9393,21392,100.00
9394,21561,100.00
9395,24665,100.00
9396,37833,100.00
9397,39081,0.00
9398,33460,100.00
9399,35063,100.00
9400,32651,100.00
9401,22415,100.00
9402,23156,0.00
9403,21796,100.00
9404,21911,100.00
9405,28994,100.00
9406,37283,100.00
9407,31085,0.00
9408,23428,100.00
9409,42521,100.00
9410,32965,100.00
9411,26170,100.00
9412,21945,0.00
9413,22168,100.00
9414,24220,100.00
9415,33256,100.00
9416,37105,100.00
9417,33815,0.00
9418,39756,100.00
9419,35877,100.00
9420,24652,100.00
9421,20162,100.00
9422,22044,0.00
9423,20867,100.00
9424,22904,100.00
9425,39364,100.00
9426,36019,100.00
9427,28676,0.00
9428,35424,100.00
9429,31905,100.00
9430,22736,100.00
9431,19437,100.00
9432,19717,0.00
9433,22363,100.00
9434,23227,100.00
9435,42551,100.00
9436,37451,100.00
9437,35803,0.00
9438,41029,100.00
9439,26038,100.00
9440,21697,100.00
9441,22790,100.00
9442,21149,0.00
9443,21337,100.00
9444,32978,100.00
9445,35758,100.00
9446,29302,100.00
9447,31895,0.00
9448,30714,100.00
9449,27035,100.00
9450,19618,100.00
9451,22112,100.00
9452,20766,0.00
9453,23592,100.00
9454,35649,100.00
9455,35225,100.00
9456,32080,100.00
9457,29955,0.00
9458,32040,100.00
9459,21449,100.00
9460,23342,100.00
9461,22114,100.00
9462,21716,0.00
9463,26921,100.00
9464,30564,100.00
9465,28680,100.00
9466,24024,100.00
9467,35691,0.00
9468,28051,100.00
9469,25486,100.00
9470,21156,100.00
9471,20369,100.00
9472,22243,0.00
9473,23839,100.00
9474,39650,100.00
9475,31205,100.00
9476,29701,100.00
9477,30420,0.00
9478,24929,100.00
9479,22350,100.00
9480,23417,100.00
9481,20698,100.00
9482,21823,0.00
9483,31717,100.00
9484,34919,100.00
9485,31107,100.00
9486,31498,100.00
9487,31509,0.00
9488,27028,100.00
9489,19819,100.00
9490,21751,100.00
9491,21496,100.00
9492,23419,0.00
9493,34143,100.00
9494,33513,100.00
9495,31058,100.00
9496,32004,100.00
9497,35322,0.00
9498,27299,100.00
9499,24535,100.00
9500,22522,100.00
9501,20843,100.00
9502,27507,0.00
9503,33759,100.00
9504,31689,100.00
9505,25328,100.00
9506,34278,100.00
9507,31304,0.00
9508,23711,100.00
9509,19587,100.00
9510,21420,100.00
9511,23323,100.00
9512,26434,0.00
9513,36501,100.00
9514,33267,100.00
9515,30290,100.00
9516,33164,100.00
9517,36465,0.00
9518,21744,100.00
9519,22536,100.00
9520,21854,100.00
9521,21619,100.00
9522,32654,0.00
9523,36833,100.00
9524,31047,100.00
9525,23647,100.00
9526,42040,100.00
9527,36271,0.00
9528,27314,100.00
9529,23180,100.00
9530,21075,100.00
9531,22856,100.00
9532,25541,0.00
9533,44130,100.00
9534,36703,100.00
9535,41183,100.00
9536,39529,100.00
9537,25890,0.00
9538,21963,100.00
9539,24038,100.00
9540,22366,100.00
9541,23050,100.00
9542,44067,0.00
9543,43471,100.00
9544,31459,100.00
9545,34600,100.00
9546,34851,100.00
9547,32524,0.00
9548,20385,100.00
9549,21982,100.00
9550,22338,100.00
9551,24179,100.00
9552,35974,0.00
9553,36195,100.00
9554,28458,100.00
9555,38859,100.00
9556,35417,100.00
9557,25028,0.00
9558,19944,100.00
9559,21049,100.00
9560,20924,100.00
9561,29012,100.00
9562,33450,0.00
9563,32803,100.00
9564,29054,100.00
9565,40169,100.00
9566,37981,100.00
9567,25258,0.00
9568,19573,100.00
9569,20274,100.00
9570,21955,100.00
9571,22333,100.00
9572,41139,0.00
9573,37075,100.00
9574,30176,100.00
9575,31034,100.00
9576,35567,100.00
9577,22282,0.00
9578,23094,100.00
9579,21509,100.00
9580,22625,100.00
9581,32756,100.00
9582,35623,0.00
9583,32619,100.00
9584,23987,100.00
9585,42503,100.00
9586,35240,100.00
9587,24784,0.00
9588,23096,100.00
9589,20956,100.00
9590,23970,100.00
9591,31305,100.00
9592,32019,0.00
9593,30207,100.00
9594,33392,100.00
9595,34613,100.00
9596,24172,100.00
9597,20436,0.00
9598,20900,100.00
9599,20804,100.00
9600,27886,100.00
9601,32682,100.00
9602,35014,0.00
9603,26539,100.00
9604,33520,100.00
9605,29982,100.00
9606,22562,100.00
9607,21918,0.00
9608,19904,100.00
9609,22050,100.00
9610,23886,100.00
9611,41823,100.00
9612,37312,0.00
9613,32919,100.00
9614,37697,100.00
9615,27886,100.00
9616,23883,100.00
9617,22697,0.00
9618,20772,100.00
9619,23233,100.00
9620,38436,100.00
9621,36811,100.00
9622,29216,0.00
9623,30993,100.00
9624,32934,100.00
9625,29970,100.00
9626,19346,100.00
9627,21058,0.00
9628,21684,100.00
9629,22818,100.00
9630,35888,100.00
9631,33062,100.00
9632,30172,0.00
9633,37346,100.00
9634,37055,100.00
9635,28973,100.00
9636,23513,100.00
9637,22199,0.00
9638,21603,100.00
9639,31096,100.00
9640,34490,100.00
9641,37507,100.00
9642,23618,0.00
9643,38118,100.00
9644,32540,100.00
9645,24615,100.00
9646,21480,100.00
9647,20468,0.00
9648,23393,100.00
9649,23229,100.00
9650,41139,100.00
9651,34923,100.00
9652,36739,0.00
9653,39042,100.00
9654,25355,100.00
9655,21614,100.00
9656,23371,100.00
9657,21398,0.00
9658,20828,100.00
9659,32776,100.00
9660,36092,100.00
9661,29768,100.00
9662,30501,0.00
9663,30772,100.00
9664,28641,100.00
9665,20788,100.00
9666,21075,100.00
9667,21558,0.00
9668,23043,100.00
9669,32409,100.00
9670,33771,100.00
9671,27596,100.00
9672,40485,0.00
9673,37007,100.00
9674,25390,100.00
9675,22421,100.00
9676,21626,100.00
9677,20740,0.00
9678,29193,100.00
9679,31490,100.00
9680,42767,100.00
9681,25754,100.00
9682,41787,0.00
9683,35414,100.00
9684,25776,100.00
9685,23465,100.00
9686,20956,100.00
9687,22799,0.00
9688,23263,100.00
9689,52408,100.00
9690,37817,100.00
9691,41260,100.00
9692,42480,0.00
9693,27691,100.00
9694,21736,100.00
9695,23356,100.00
9696,21480,100.00
9697,21478,0.00
9698,36161,100.00
9699,41274,100.00
9700,33148,100.00
9701,31552,100.00
9702,35383,0.00
9703,31829,100.00
9704,20162,100.00
9705,21702,100.00
9706,21494,100.00
9707,23024,0.00
9708,34359,100.00
9709,30515,100.00
9710,34696,100.00
9711,48037,100.00
9712,44323,0.00
9713,27265,100.00
9714,22765,100.00
9715,22667,100.00
9716,21752,100.00
9717,30611,0.00
9718,30939,100.00
9719,40866,100.00
9720,26676,100.00
9721,37987,100.00
9722,32160,0.00
9723,23650,100.00
9724,18772,100.00
9725,19981,100.00
9726,21976,100.00
9727,23266,0.00
9728,39602,100.00
9729,34878,100.00
9730,32113,100.00
9731,32601,100.00
9732,26159,0.00
9733,22145,100.00
9734,22638,100.00
9735,23746,100.00
9736,22881,100.00
9737,31019,0.00
9738,34901,100.00
9739,30575,100.00
9740,20294,100.00
9741,39051,100.00
9742,34791,0.00
9743,24428,100.00
9744,21845,100.00
9745,21061,100.00
9746,23964,100.00
9747,34204,0.00
9748,47126,100.00
9749,42271,100.00
9750,52813,100.00
9751,45971,100.00
9752,26339,0.00
9753,23636,100.00
9754,24831,100.00
9755,21961,100.00
9756,23435,100.00
9757,40344,0.00
9758,40610,100.00
9759,31837,100.00
9760,34202,100.00
9761,40129,100.00
9762,34541,0.00
9763,22387,100.00
9764,23962,100.00
9765,21646,100.00
9766,23410,100.00
9767,37288,0.00
9768,46445,100.00
9769,32886,100.00
9770,39463,100.00
9771,33444,100.00
9772,25838,0.00
9773,19140,100.00
9774,21629,100.00
9775,23437,100.00
9776,23632,100.00
9777,35944,0.00
9778,37248,100.00
9779,30017,100.00
9780,37368,100.00
9781,36728,100.00
9782,25715,0.00
9783,20518,100.00
9784,20211,100.00
9785,22114,100.00
9786,24363,100.00
9787,41767,0.00
9788,37643,100.00
9789,32458,100.00
9790,37415,100.00
9791,38444,100.00
9792,24292,0.00
9793,21336,100.00
9794,20717,100.00
9795,21272,100.00
9796,28503,100.00
9797,28786,0.00
9798,29309,100.00
9799,22786,100.00
9800,36559,100.00
9801,30042,100.00
9802,24886,0.00
9803,21443,100.00
9804,19926,100.00
9805,23061,100.00
9806,26139,100.00
9807,33948,0.00
9808,30296,100.00
9809,30482,100.00
9810,31895,100.00
9811,24398,100.00
9812,21502,0.00
9813,23213,100.00
9814,20529,100.00
9815,21578,100.00
9816,38491,100.00
9817,38699,0.00
9818,30563,100.00
9819,31998,100.00
9820,34815,100.00
9821,35044,100.00
9822,21761,0.00
9823,22781,100.00
9824,21220,100.00
9825,24216,100.00
9826,37463,100.00
9827,35349,0.00
9828,32663,100.00
9829,36704,100.00
9830,36339,100.00
9831,26746,100.00
9832,22240,0.00
9833,21817,100.00
9834,20240,100.00
9835,27486,100.00
9836,28224,100.00
9837,32748,0.00
9838,24882,100.00
9839,35318,100.00
9840,32963,100.00
9841,23012,100.00
9842,20609,0.00
9843,20026,100.00
9844,21868,100.00
9845,23571,100.00
9846,38672,100.00
9847,33329,0.00
9848,29021,100.00
9849,34836,100.00
9850,24238,100.00
9851,20009,100.00
9852,22764,0.00
9853,21274,100.00
9854,21785,100.00
9855,34666,100.00
9856,36742,100.00
9857,28603,0.00
9858,28091,100.00
9859,30358,100.00
9860,29828,100.00
9861,21763,100.00
9862,21426,0.00
9863,23425,100.00
9864,23365,100.00
9865,33761,100.00
9866,35679,100.00
9867,30342,0.00
9868,41280,100.00
9869,36591,100.00
9870,26269,100.00
9871,21995,100.00
9872,21909,0.00
9873,20799,100.00
9874,29003,100.00
9875,35917,100.00
9876,37513,100.00
9877,25284,0.00
9878,36310,100.00
9879,32474,100.00
9880,25482,100.00
9881,22090,100.00
9882,19527,0.00
9883,22061,100.00
9884,22745,100.00
9885,41236,100.00
9886,37381,100.00
9887,38778,0.00
9888,41548,100.00
9889,28032,100.00
9890,22083,100.00
9891,22709,100.00
9892,22031,0.00
9893,22047,100.00
9894,31502,100.00
9895,35519,100.00
9896,27618,100.00
9897,31558,0.00
9898,31579,100.00
9899,30720,100.00
9900,20994,100.00
9901,21710,100.00
9902,21540,0.00
9903,23963,100.00
9904,34762,100.00
9905,35677,100.00
9906,32071,100.00
9907,48610,0.00
9908,43200,100.00
9909,28696,100.00
9910,21782,100.00
9911,24016,100.00
9912,21493,0.00
9913,31159,100.00
9914,33341,100.00
9915,38144,100.00
9916,25425,100.00
9917,35772,0.00
9918,29747,100.00
9919,23088,100.00
9920,22789,100.00
9921,19359,100.00
9922,22682,0.00
9923,23051,100.00
9924,47687,100.00
9925,40430,100.00
9926,43409,100.00
9927,42388,0.00
9928,28463,100.00
9929,22161,100.00
9930,22694,100.00
9931,23230,100.00
9932,21267,0.00
9933,34924,100.00
9934,36258,100.00
9935,28140,100.00
9936,31359,100.00
9937,35552,0.00
9938,31190,100.00
9939,20795,100.00
9940,22608,100.00
9941,22081,100.00
9942,23245,0.00
9943,35669,100.00
9944,36609,100.00
9945,34366,100.00
9946,34085,100.00
9947,34799,0.00
9948,24146,100.00
9949,23113,100.00
9950,21825,100.00
9951,21945,100.00
9952,27476,0.00
9953,32153,100.00
9954,33107,100.00
9955,24245,100.00
9956,36652,100.00
9957,30283,0.00
9958,26011,100.00
9959,20381,100.00
9960,19762,100.00
9961,22471,100.00
9962,23389,0.00
9963,39816,100.00
9964,31762,100.00
9965,33655,100.00
9966,38246,100.00
9967,27177,0.00
9968,22883,100.00
9969,23154,100.00
9970,22498,100.00
9971,22466,100.00
9972,38035,0.00
9973,39045,100.00
9974,29747,100.00
9975,31390,100.00
9976,34881,100.00
9977,29759,0.00
9978,19561,100.00
9979,21277,100.00
9980,21756,100.00
9981,23116,100.00
9982,34837,0.00
9983,33291,100.00
9984,33295,100.00
9985,44709,100.00
9986,42192,100.00
9987,25455,0.00
9988,22988,100.00
9989,22115,100.00
9990,20176,100.00
9991,30480,100.00
9992,34807,0.00
9993,36572,100.00
9994,24691,100.00
9995,35272,100.00
9996,32745,100.00
9997,24105,0.00
9998,22544,100.00
9999,21199,100.00
10000,43065,100.00
10001,25657,100.00
10002,51720,0.00
10003,45920,100.00
10004,41314,100.00
10005,43635,100.00
10006,40955,100.00
10007,23144,0.00
10008,23615,100.00
10009,21962,100.00
10010,23643,100.00
10011,31444,100.00
10012,31677,0.00
10013,35718,100.00
10014,24260,100.00
10015,42374,100.00
10016,41702,100.00
10017,23146,0.00
10018,21360,100.00
10019,20853,100.00
10020,23746,100.00
10021,23723,100.00
10022,54002,0.00
10023,44035,100.00
10024,43381,100.00
10025,44816,100.00
10026,28063,100.00
10027,22328,0.00
10028,22893,100.00
10029,22424,100.00
10030,23086,100.00
10031,39285,100.00
10032,44252,0.00
10033,31859,100.00
10034,32294,100.00
10035,39483,100.00
10036,32875,100.00
10037,22080,0.00
10038,23595,100.00
10039,23062,100.00
10040,27716,100.00
10041,49390,100.00
10042,43573,0.00
10043,34709,100.00
10044,42858,100.00
10045,41003,100.00
10046,27222,100.00
10047,20888,0.00
10048,25167,100.00
10049,23901,100.00
10050,21806,100.00
10051,48169,100.00
10052,43559,0.00
10053,33416,100.00
10054,41527,100.00
10055,39074,100.00
10056,27823,100.00
10057,20790,0.00
10058,22095,100.00
10059,22446,100.00
10060,25289,100.00
10061,44809,100.00
10062,42669,0.00
10063,39294,100.00
10064,46149,100.00
10065,44822,100.00
10066,26623,100.00
10067,23299,0.00
10068,21744,100.00
10069,22888,100.00
10070,29967,100.00
10071,32432,100.00
10072,32976,0.00
10073,23459,100.00
10074,34756,100.00
10075,32077,100.00
10076,22998,100.00
10077,22024,0.00
10078,21064,100.00
10079,22612,100.00
10080,23930,100.00
10081,49427,100.00
10082,40355,0.00
10083,40068,100.00
10084,43512,100.00
10085,28862,100.00
10086,22409,100.00
10087,23669,0.00
10088,21666,100.00
10089,24008,100.00
10090,38867,100.00
10091,40224,100.00
10092,31075,0.00
10093,33008,100.00
10094,41151,100.00
10095,34421,100.00
10096,21961,100.00
10097,22564,0.00
10098,22441,100.00
10099,24098,100.00
10100,36710,100.00
10101,38609,100.00
10102,35151,0.00
10103,48983,100.00
10104,44036,100.00
10105,27473,100.00
10106,23400,100.00
10107,23006,0.00
10108,21546,100.00
10109,36564,100.00
10110,37958,100.00
10111,45677,100.00
10112,25655,0.00
10113,44026,100.00
10114,37549,100.00
10115,24317,100.00
10116,22236,100.00
10117,20545,0.00
10118,23761,100.00
10119,23588,100.00
10120,59468,100.00
10121,42746,100.00
10122,46028,0.00
10123,45629,100.00
10124,28675,100.00
10125,21702,100.00
10126,22788,100.00
10127,23564,0.00
10128,22828,100.00
10129,42441,100.00
10130,44755,100.00
10131,32177,100.00
10132,37352,0.00
10133,35897,100.00
10134,30418,100.00
10135,21827,100.00
10136,22225,100.00
10137,21300,0.00
10138,23269,100.00
10139,37117,100.00
10140,36491,100.00
10141,36883,100.00
10142,37686,0.00
10143,39846,100.00
10144,23416,100.00
10145,23903,100.00
10146,21762,100.00
10147,23727,0.00
10148,31961,100.00
10149,34800,100.00
10150,32784,100.00
10151,24406,100.00
10152,42467,0.00
10153,33893,100.00
10154,25080,100.00
10155,21157,100.00
10156,21556,100.00
10157,23903,0.00
10158,29504,100.00
10159,43168,100.00
10160,35676,100.00
10161,37812,100.00
10162,38589,0.00
10163,24152,100.00
10164,20177,100.00
10165,22212,100.00
10166,21733,100.00
10167,21954,0.00
10168,47019,100.00
10169,37379,100.00
10170,31268,100.00
10171,41442,100.00
10172,33135,0.00
10173,22710,100.00
10174,19925,100.00
10175,20464,100.00
10176,21620,100.00
10177,23872,0.00
10178,39289,100.00
10179,37438,100.00
10180,33006,100.00
10181,41263,100.00
10182,26928,0.00
10183,22215,100.00
10184,22725,100.00
10185,21721,100.00
10186,21950,100.00
10187,34990,0.00
10188,41545,100.00
10189,31639,100.00
10190,32858,100.00
10191,39340,100.00
10192,37868,0.00
10193,21171,100.00
10194,21868,100.00
10195,22060,100.00
10196,24463,100.00
10197,38260,0.00
10198,36247,100.00
10199,33291,100.00
10200,38692,100.00
10201,37296,100.00
10202,24495,0.00
10203,23115,100.00
10204,22103,100.00
10205,22267,100.00
10206,29216,100.00
10207,33835,0.00
10208,37799,100.00
10209,24806,100.00
10210,41168,100.00
10211,32952,100.00
10212,24208,0.00
10213,20082,100.00
10214,20209,100.00
10215,23373,100.00
10216,25549,100.00
10217,45786,0.00
10218,35592,100.00
10219,42817,100.00
10220,46861,100.00
10221,28633,100.00
10222,22709,0.00
10223,22820,100.00
10224,22760,100.00
10225,21699,100.00
10226,38675,100.00
10227,41015,0.00
10228,31010,100.00
10229,31858,100.00
10230,38631,100.00
10231,32484,100.00
10232,21575,0.00
10233,22512,100.00
10234,21230,100.00
10235,23747,100.00
10236,36440,100.00
10237,32519,0.00
10238,33419,100.00
10239,35472,100.00
10240,37859,100.00
10241,26046,100.00
10242,22530,0.00
10243,21865,100.00
10244,22542,100.00
10245,28160,100.00
10246,31674,100.00
10247,33015,0.00
10248,26314,100.00
10249,34888,100.00
10250,33414,100.00
10251,23975,100.00
10252,22455,0.00
10253,21018,100.00
10254,23079,100.00
10255,23780,100.00
10256,42072,100.00
10257,39715,0.00
10258,33949,100.00
10259,32474,100.00
10260,35318,100.00
10261,23382,100.00
10262,22471,0.00
10263,21427,100.00
10264,26351,100.00
10265,28267,100.00
10266,32353,100.00
10267,31740,0.00
10268,22800,100.00
10269,41597,100.00
10270,30604,100.00
10271,25493,100.00
10272,23348,0.00
10273,19947,100.00
10274,22571,100.00
10275,25499,100.00
10276,43216,100.00
10277,32972,0.00
10278,34681,100.00
10279,36614,100.00
10280,25961,100.00
10281,21961,100.00
10282,23335,0.00
10283,22331,100.00
10284,22157,100.00
10285,36431,100.00
10286,34071,100.00
10287,27831,0.00
10288,29500,100.00
10289,30356,100.00
10290,30139,100.00
10291,20581,100.00
10292,21728,0.00
10293,22003,100.00
10294,22838,100.00
10295,32978,100.00
10296,30235,100.00
10297,28495,0.00
10298,33634,100.00
10299,32171,100.00
10300,26002,100.00
10301,20298,100.00
10302,22817,0.00
10303,21731,100.00
10304,29029,100.00
10305,29796,100.00
10306,29824,100.00
10307,27583,0.00
10308,32446,100.00
10309,29796,100.00
10310,21383,100.00
10311,19311,100.00
10312,20175,0.00
10313,21823,100.00
10314,22237,100.00
10315,35646,100.00
10316,38740,100.00
10317,30776,0.00
10318,30888,100.00
10319,32906,100.00
10320,23036,100.00
10321,22022,100.00
10322,22347,0.00
10323,21945,100.00
10324,29052,100.00
10325,33030,100.00
10326,31106,100.00
10327,23477,0.00
10328,38280,100.00
10329,29458,100.00
10330,23510,100.00
10331,22285,100.00
10332,19910,0.00
10333,22979,100.00
10334,29054,100.00
10335,39511,100.00
10336,31563,100.00
10337,34598,0.00
10338,32998,100.00
10339,23584,100.00
10340,21630,100.00
10341,23908,100.00
10342,20181,0.00
10343,21139,100.00
10344,35692,100.00
10345,33833,100.00
10346,26422,100.00
10347,30937,0.00
10348,30067,100.00
10349,26688,100.00
10350,19851,100.00
10351,21578,100.00
10352,21398,0.00
10353,23593,100.00
10354,32462,100.00
10355,31381,100.00
10356,28161,100.00
10357,29052,0.00
10358,32004,100.00
10359,24496,100.00
10360,22951,100.00
10361,22199,100.00
10362,21145,0.00
10363,26798,100.00
10364,28215,100.00
10365,31006,100.00
10366,23247,100.00
10367,32238,0.00
10368,38471,100.00
10369,22756,100.00
10370,21143,100.00
10371,19901,100.00
10372,22887,0.00
10373,22811,100.00
10374,38820,100.00
10375,32178,100.00
10376,33653,100.00
10377,41487,0.00
10378,25982,100.00
10379,21209,100.00
10380,23195,100.00
10381,21972,100.00
10382,21277,0.00
10383,36031,100.00
10384,37446,100.00
10385,29608,100.00
10386,31449,100.00
10387,29613,0.00
10388,26438,100.00
10389,19597,100.00
10390,21500,100.00
10391,21559,100.00
10392,22754,0.00
10393,33292,100.00
10394,30149,100.00
10395,29962,100.00
10396,39782,100.00
10397,35524,0.00
10398,26010,100.00
10399,21358,100.00
10400,21623,100.00
10401,20647,100.00
10402,28025,0.00
10403,30900,100.00
10404,32821,100.00
10405,24130,100.00
10406,32821,100.00
10407,31055,0.00
10408,22323,100.00
10409,20288,100.00
10410,21298,100.00
10411,22193,100.00
10412,22745,0.00
10413,39343,100.00
10414,32927,100.00
10415,32764,100.00
10416,36060,100.00
10417,26395,0.00
10418,19782,100.00
10419,23237,100.00
10420,20844,100.00
10421,21874,100.00
10422,32926,0.00
10423,32287,100.00
10424,27610,100.00
10425,22132,100.00
10426,31865,100.00
10427,29360,0.00
10428,21991,100.00
10429,21583,100.00
10430,21289,100.00
10431,23580,100.00
10432,33620,0.00
10433,35514,100.00
10434,31079,100.00
10435,39188,100.00
10436,38994,100.00
10437,25624,0.00
10438,20257,100.00
10439,22334,100.00
10440,22045,100.00
10441,22844,100.00
10442,38102,0.00
10443,37192,100.00
10444,29244,100.00
10445,35394,100.00
10446,36303,100.00
10447,24886,0.00
10448,20229,100.00
10449,19925,100.00
10450,22518,100.00
10451,23253,100.00
10452,40008,0.00
10453,35533,100.00
10454,29663,100.00
10455,36088,100.00
10456,25140,100.00
10457,19758,0.00
10458,21799,100.00
10459,21105,100.00
10460,21923,100.00
10461,29062,100.00
10462,29192,0.00
10463,30826,100.00
10464,23694,100.00
10465,43500,100.00
10466,39590,100.00
10467,26948,0.00
10468,21808,100.00
10469,20616,100.00
10470,24926,100.00
10471,32944,100.00
10472,43649,0.00
10473,37312,100.00
10474,41956,100.00
10475,37788,100.00
10476,26094,100.00
10477,20442,0.00
10478,23897,100.00
10479,20663,100.00
10480,20692,100.00
10481,39821,100.00
10482,36602,0.00
10483,28927,100.00
10484,36203,100.00
10485,37246,100.00
10486,28632,100.00
10487,19724,0.00
10488,21830,100.00
10489,21441,100.00
10490,24129,100.00
10491,40504,100.00
10492,40742,0.00
10493,35161,100.00
10494,33345,100.00
10495,34088,100.00
10496,25558,100.00
10497,23967,0.00
10498,23649,100.00
10499,25765,100.00
10500,30969,100.00
10501,35435,100.00
10502,41457,0.00
10503,27092,100.00
10504,39998,100.00
10505,35000,100.00
10506,24349,100.00
10507,19977,0.00
10508,21728,100.00
10509,25427,100.00
10510,25918,100.00
10511,41485,100.00
10512,42778,0.00
10513,34000,100.00
10514,36193,100.00
10515,40900,100.00
10516,23899,100.00
10517,21590,0.00
10518,21341,100.00
10519,22691,100.00
10520,30730,100.00
10521,34123,100.00
10522,31529,0.00
10523,23923,100.00
10524,39849,100.00
10525,34893,100.00
10526,26991,100.00
10527,21474,0.00
10528,21268,100.00
10529,24025,100.00
10530,26583,100.00
10531,41638,100.00
10532,35366,0.00
10533,35194,100.00
10534,43557,100.00
10535,27601,100.00
10536,21342,100.00
10537,23622,0.00
10538,22016,100.00
10539,22211,100.00
10540,36919,100.00
10541,38221,100.00
10542,29450,0.00
10543,30793,100.00
10544,37654,100.00
10545,31784,100.00
10546,21054,100.00
10547,21721,0.00
10548,22182,100.00
10549,24082,100.00
10550,38581,100.00
10551,39494,100.00
10552,33778,0.00
10553,43364,100.00
10554,42738,100.00
10555,27764,100.00
10556,23497,100.00
10557,23522,0.00
10558,22828,100.00
10559,31306,100.00
10560,37975,100.00
10561,45411,100.00
10562,28661,0.00
10563,41530,100.00
10564,38471,100.00
10565,24275,100.00
10566,20026,100.00
10567,22589,0.00
10568,23194,100.00
10569,24238,100.00
10570,45630,100.00
10571,41863,100.00
10572,35208,0.00
10573,36600,100.00
10574,28262,100.00
10575,22418,100.00
10576,23371,100.00
10577,22904,0.00
10578,22655,100.00
10579,31191,100.00
10580,33878,100.00
10581,30849,100.00
10582,23980,0.00
10583,44546,100.00
10584,36338,100.00
10585,26010,100.00
10586,21937,100.00
10587,21359,0.00
10588,23708,100.00
10589,27923,100.00
10590,41875,100.00
10591,37713,100.00
10592,43335,0.00
10593,41067,100.00
10594,26063,100.00
10595,21671,100.00
10596,24422,100.00
10597,20909,0.00
10598,21605,100.00
10599,39975,100.00
10600,39464,100.00
10601,30471,100.00
10602,33824,0.00
10603,34070,100.00
10604,30562,100.00
10605,20216,100.00
10606,22392,100.00
10607,21723,0.00
10608,23229,100.00
10609,38445,100.00
10610,41209,100.00
10611,35905,100.00
10612,35974,0.00
10613,38159,100.00
10614,26218,100.00
10615,23536,100.00
10616,22406,100.00
10617,21644,0.00
10618,30419,100.00
10619,31855,100.00
10620,37681,100.00
10621,25240,100.00
10622,36715,0.00
10623,32873,100.00
10624,27306,100.00
10625,22558,100.00
10626,20530,100.00
10627,22276,0.00
10628,23431,100.00
10629,40842,100.00
10630,37680,100.00
10631,38150,100.00
10632,41849,0.00
10633,27571,100.00
10634,22301,100.00
10635,23440,100.00
10636,22088,100.00
10637,21624,0.00
10638,36345,100.00
10639,39699,100.00
10640,29881,100.00
10641,28511,100.00
10642,31809,0.00
10643,29055,100.00
10644,20210,100.00
10645,21080,100.00
10646,20678,100.00
10647,23876,0.00
10648,32027,100.00
10649,34312,100.00
10650,30912,100.00
10651,35185,100.00
10652,33541,0.00
10653,25431,100.00
10654,20044,100.00
10655,21621,100.00
10656,21042,100.00
10657,23715,0.00
10658,37594,100.00
10659,36747,100.00
10660,30319,100.00
10661,36452,100.00
10662,34768,0.00
10663,22178,100.00
10664,18440,100.00
10665,19546,100.00
10666,21524,100.00
10667,22492,0.00
10668,35937,100.00
10669,32878,100.00
10670,28932,100.00
10671,31064,100.00
10672,36543,0.00
10673,22173,100.00
10674,21229,100.00
10675,21166,100.00
10676,22034,100.00
10677,29370,0.00
10678,31542,100.00
10679,28553,100.00
10680,22667,100.00
10681,38251,100.00
10682,32425,0.00
10683,24168,100.00
10684,20472,100.00
10685,19387,100.00
10686,22773,100.00
10687,27549,0.00
10688,48119,100.00
10689,36395,100.00
10690,42322,100.00
10691,42132,100.00
10692,27718,0.00
10693,22385,100.00
10694,22926,100.00
10695,22347,100.00
10696,22550,100.00
10697,37980,0.00
10698,39895,100.00
10699,29356,100.00
10700,32246,100.00
10701,30829,100.00
10702,25955,0.00
10703,19658,100.00
10704,21965,100.00
10705,21687,100.00
10706,23374,100.00
10707,33278,0.00
10708,30371,100.00
10709,31728,100.00
10710,34721,100.00
10711,35499,100.00
10712,24717,0.00
10713,23650,100.00
10714,21419,100.00
10715,22349,100.00
10716,30181,100.00
10717,32117,0.00
10718,31077,100.00
10719,23015,100.00
10720,43350,100.00
10721,35760,100.00
10722,25653,0.00
10723,21135,100.00
10724,20325,100.00
10725,24124,100.00
10726,31291,100.00
10727,36116,0.00
10728,33580,100.00
10729,36009,100.00
10730,34344,100.00
10731,25159,100.00
10732,21132,0.00
10733,22146,100.00
10734,20213,100.00
10735,21138,100.00
10736,34101,100.00
10737,31786,0.00
10738,28201,100.00
10739,33287,100.00
10740,31075,100.00
10741,23053,100.00
10742,18852,0.00
10743,20209,100.00
10744,21874,100.00
10745,22928,100.00
10746,40498,100.00
10747,34862,0.00
10748,34517,100.00
10749,38468,100.00
10750,26007,100.00
10751,20582,100.00
10752,23374,0.00
10753,22178,100.00
10754,23376,100.00
10755,32093,100.00
10756,35885,100.00
10757,30549,0.00
10758,24343,100.00
10759,43595,100.00
10760,34445,100.00
10761,27330,100.00
10762,21784,0.00
10763,20910,100.00
10764,22642,100.00
10765,23158,100.00
10766,49345,100.00
10767,37670,0.00
10768,43857,100.00
10769,41624,100.00
10770,26810,100.00
10771,21247,100.00
10772,23678,0.00
10773,23233,100.00
10774,21621,100.00
10775,36662,100.00
10776,38813,100.00
10777,29083,0.00
10778,30683,100.00
10779,35599,100.00
10780,30368,100.00
10781,20558,100.00
10782,21580,0.00
10783,22347,100.00
10784,22940,100.00
10785,34765,100.00
10786,35001,100.00
10787,28914,0.00
10788,35143,100.00
10789,35034,100.00
10790,25234,100.00
10791,35553,100.00
10792,25435,0.00
10793,21138,100.00
10794,28497,100.00
10795,27514,100.00
10796,33320,100.00
10797,28971,0.00
10798,32914,100.00
10799,32822,100.00
10800,23221,100.00
10801,18379,100.00
10802,20631,0.00
10803,23229,100.00
10804,23552,100.00
10805,35844,100.00
10806,31651,100.00
10807,27243,0.00
10808,29522,100.00
10809,28285,100.00
10810,20659,100.00
10811,23372,100.00
10812,21938,0.00
10813,21364,100.00
10814,27653,100.00
10815,33517,100.00
10816,31068,100.00
10817,23694,0.00
10818,37313,100.00
10819,32968,100.00
10820,24964,100.00
10821,21048,100.00
10822,21027,0.00
10823,22643,100.00
10824,26511,100.00
10825,39123,100.00
10826,36197,100.00
10827,36934,0.00
10828,37879,100.00
10829,25993,100.00
10830,22305,100.00
10831,23520,100.00
10832,23517,0.00
10833,23697,100.00
10834,33402,100.00
10835,38581,100.00
10836,28548,100.00
10837,29724,0.00
10838,32751,100.00
10839,28576,100.00
10840,20017,100.00
10841,21306,100.00
10842,21921,0.00
10843,23195,100.00
10844,33919,100.00
10845,31694,100.00
10846,27675,100.00
10847,33962,0.00
10848,35963,100.00
10849,24601,100.00
10850,19385,100.00
10851,21190,100.00
10852,21220,0.00
10853,26870,100.00
10854,30772,100.00
10855,33421,100.00
10856,24712,100.00
10857,34817,0.00
10858,29621,100.00
10859,23245,100.00
10860,21607,100.00
10861,20218,100.00
10862,21937,0.00
10863,23198,100.00
10864,40292,100.00
10865,38803,100.00
10866,35970,100.00
10867,39833,0.00
10868,27747,100.00
10869,22775,100.00
10870,23209,100.00
10871,21764,100.00
10872,21445,0.00
10873,38460,100.00
10874,36764,100.00
10875,31060,100.00
10876,33649,100.00
10877,39140,0.00
10878,32129,100.00
10879,21378,100.00
10880,22578,100.00
10881,23255,100.00
10882,23961,0.00
10883,39968,100.00
10884,38541,100.00
10885,34092,100.00
10886,32498,100.00
10887,35982,0.00
10888,23071,100.00
10889,22681,100.00
10890,21741,100.00
10891,22184,100.00
10892,32590,0.00
10893,36381,100.00
10894,32546,100.00
10895,23122,100.00
10896,39408,100.00
10897,33067,0.00
10898,25069,100.00
10899,21749,100.00
10900,21362,100.00
10901,23514,100.00
10902,30529,0.00
10903,41599,100.00
10904,36514,100.00
10905,39111,100.00
10906,39737,100.00
10907,26294,0.00
10908,20877,100.00
10909,22109,100.00
10910,21806,100.00
10911,20144,100.00
10912,38457,0.00
10913,38981,100.00
10914,31319,100.00
10915,39019,100.00
10916,35919,100.00
10917,23235,0.00
10918,19096,100.00
10919,20282,100.00
10920,22319,100.00
10921,23069,100.00
10922,39939,0.00
10923,36577,100.00
10924,32087,100.00
10925,38402,100.00
10926,31366,100.00
10927,20126,0.00
10928,22341,100.00
10929,22368,100.00
10930,22643,100.00
10931,33167,100.00
10932,36413,0.00
10933,30808,100.00
10934,25347,100.00
10935,38771,100.00
10936,34857,100.00
10937,22756,0.00
10938,22680,100.00
10939,21994,100.00
10940,23157,100.00
10941,36318,100.00
10942,38142,0.00
10943,31282,100.00
10944,37029,100.00
10945,36608,100.00
10946,25553,100.00
10947,19882,0.00
10948,22130,100.00
10949,20536,100.00
10950,29436,100.00
10951,30369,100.00
10952,33821,0.00
10953,25462,100.00
10954,33359,100.00
10955,30211,100.00
10956,22294,100.00
10957,20420,0.00
10958,20913,100.00
10959,22618,100.00
10960,23693,100.00
10961,40410,100.00
10962,34834,0.00
10963,33964,100.00
10964,38439,100.00
10965,28022,100.00
10966,22170,100.00
10967,24036,0.00
10968,22287,100.00
10969,22358,100.00
10970,42418,100.00
10971,40723,100.00
10972,30935,0.00
10973,29328,100.00
10974,35387,100.00
10975,31395,100.00
10976,21496,100.00
10977,21371,0.00
10978,22087,100.00
10979,22959,100.00
10980,33740,100.00
10981,37771,100.00
10982,32884,0.00
10983,43972,100.00
10984,36133,100.00
10985,26334,100.00
10986,18923,100.00
10987,21885,0.00
10988,20897,100.00
10989,29363,100.00
10990,32785,100.00
10991,33503,100.00
10992,30740,0.00
10993,40668,100.00
10994,36509,100.00
10995,24077,100.00
10996,19701,100.00
10997,21872,0.00
10998,25483,100.00
10999,26029,100.00
11000,81118,100.00
11001,47241,100.00
11002,37507,0.00
11003,40117,100.00
11004,43664,100.00
11005,24946,100.00
11006,26702,100.00
11007,25038,0.00
11008,22923,100.00
11009,35702,100.00
11010,37787,100.00
11011,42842,100.00
11012,26924,0.00
11013,43712,100.00
11014,39454,100.00
11015,24916,100.00
11016,29800,100.00
11017,21361,0.00
11018,24522,100.00
11019,25803,100.00
11020,52596,100.00
11021,46282,100.00
11022,46730,0.00
11023,48071,100.00
11024,30451,100.00
11025,21755,100.00
11026,23910,100.00
11027,21704,0.00
11028,24109,100.00
11029,40018,100.00
11030,41332,100.00
11031,32015,100.00
11032,27859,0.00
11033,45252,100.00
11034,34568,100.00
11035,24481,100.00
11036,21748,100.00
11037,20102,0.00
11038,23145,100.00
11039,30574,100.00
11040,41013,100.00
11041,40505,100.00
11042,45365,0.00
11043,56301,100.00
11044,23160,100.00
11045,22382,100.00
11046,25130,100.00
11047,30306,0.00
11048,22058,100.00
11049,45812,100.00
11050,43640,100.00
11051,32295,100.00
11052,34713,0.00
11053,35364,100.00
11054,32189,100.00
11055,23324,100.00
11056,23619,100.00
11057,23787,0.00
11058,23885,100.00
11059,45602,100.00
11060,47613,100.00
11061,27233,100.00
11062,54183,0.00
11063,48759,100.00
11064,31446,100.00
11065,24314,100.00
11066,24815,100.00
11067,24669,0.00
11068,42407,100.00
11069,37800,100.00
11070,31831,100.00
11071,23373,100.00
11072,37909,0.00
11073,40925,100.00
11074,25868,100.00
11075,22201,100.00
11076,23137,100.00
11077,26595,0.00
11078,28391,100.00
11079,41616,100.00
11080,40108,100.00
11081,29947,100.00
11082,49228,0.00
11083,36885,100.00
11084,27354,100.00
11085,26240,100.00
11086,25267,100.00
11087,22615,0.00
11088,45111,100.00
11089,37793,100.00
11090,27636,100.00
11091,23467,100.00
11092,36742,0.00
11093,31778,100.00
11094,22458,100.00
11095,22623,100.00
11096,24136,100.00
11097,22508,0.00
11098,43651,100.00
11099,38949,100.00
11100,29190,100.00
11101,37034,100.00
11102,35934,0.00
11103,34857,100.00
11104,25915,100.00
11105,25673,100.00
11106,25320,100.00
11107,34174,0.00
11108,30464,100.00
11109,27806,100.00
11110,24597,100.00
11111,23145,100.00
11112,35379,0.00
11113,26257,100.00
11114,21997,100.00
11115,24486,100.00
11116,24483,100.00
11117,31965,0.00
11118,32993,100.00
11119,36401,100.00
11120,24835,100.00
11121,36827,100.00
11122,32264,0.00
11123,27388,100.00
11124,25206,100.00
11125,24689,100.00
11126,27595,100.00
11127,36792,0.00
11128,34598,100.00
11129,25850,100.00
11130,26108,100.00
11131,31416,100.00
11132,33263,0.00
11133,24035,100.00
11134,22515,100.00
11135,24570,100.00
11136,23248,100.00
11137,43498,0.00
11138,41312,100.00
11139,29764,100.00
11140,35686,100.00
11141,29791,100.00
11142,31128,0.00
11143,27193,100.00
11144,26106,100.00
11145,21362,100.00
11146,35363,100.00
11147,30142,0.00
11148,25715,100.00
11149,23713,100.00
11150,22212,100.00
11151,31538,100.00
11152,27281,0.00
11153,21020,100.00
11154,23598,100.00
11155,25529,100.00
11156,34446,100.00
11157,36130,0.00
11158,29283,100.00
11159,23711,100.00
11160,41376,100.00
11161,33750,100.00
11162,27715,0.00
11163,25002,100.00
11164,23953,100.00
11165,29203,100.00
11166,28987,100.00
11167,30767,0.00
11168,24456,100.00
11169,24584,100.00
11170,31873,100.00
11171,34700,100.00
11172,24071,0.00
11173,23454,100.00
11174,25722,100.00
11175,31282,100.00
11176,38343,100.00
11177,37775,0.00
11178,28073,100.00
11179,37501,100.00
11180,33712,100.00
11181,28574,100.00
11182,24200,0.00
11183,26498,100.00
11184,24441,100.00
11185,40472,100.00
11186,32671,100.00
11187,26838,0.00
11188,24762,100.00
11189,22928,100.00
11190,48215,100.00
11191,32618,100.00
11192,25212,0.00
11193,25384,100.00
11194,23413,100.00
11195,45240,100.00
11196,36719,100.00
11197,25940,0.00
11198,23920,100.00
11199,44180,100.00
11200,38191,100.00
11201,33314,100.00
11202,27734,0.00
11203,23863,100.00
11204,33937,100.00
11205,33557,100.00
11206,27911,100.00
11207,21076,0.00
11208,23912,100.00
11209,36855,100.00
11210,32849,100.00
11211,25270,100.00
11212,25784,0.00
11213,25330,100.00
11214,36774,100.00
11215,38478,100.00
11216,30152,100.00
11217,25652,0.00
11218,41341,100.00
11219,36677,100.00
11220,32399,100.00
11221,26617,100.00
11222,24268,0.00
11223,31736,100.00
11224,32703,100.00
11225,33975,100.00
11226,26190,100.00
11227,24434,0.00
11228,30234,100.00
11229,32767,100.00
11230,23507,100.00
11231,23255,100.00
11232,24514,0.00
11233,30387,100.00
11234,34717,100.00
11235,31891,100.00
11236,25797,100.00
11237,31273,0.00
11238,28104,100.00
11239,26203,100.00
11240,23278,100.00
11241,22880,100.00
11242,22020,0.00
11243,34204,100.00
11244,32027,100.00
11245,26881,100.00
11246,25238,100.00
11247,21768,0.00
11248,51192,100.00
11249,33641,100.00
11250,26402,100.00
11251,26913,100.00
11252,24512,0.00
11253,49287,100.00
11254,44118,100.00
11255,29191,100.00
11256,25208,100.00
11257,48288,0.00
11258,38500,100.00
11259,34067,100.00
11260,28741,100.00
11261,26656,100.00
11262,36317,0.00
11263,31468,100.00
11264,36051,100.00
11265,25171,100.00
11266,24543,100.00
11267,30530,0.00
11268,31437,100.00
11269,21467,100.00
11270,22822,100.00
11271,25066,100.00
11272,28782,0.00
11273,34638,100.00
11274,34980,100.00
11275,32796,100.00
11276,34154,100.00
11277,32010,0.00
11278,34678,100.00
11279,26838,100.00
11280,25019,100.00
11281,23431,100.00
11282,32248,0.00
11283,32758,100.00
11284,28014,100.00
11285,22590,100.00
11286,21047,100.00
11287,36393,0.00
11288,29156,100.00
11289,24150,100.00
11290,23729,100.00
11291,23834,100.00
11292,36195,0.00
11293,35101,100.00
11294,26571,100.00
11295,21665,100.00
11296,36762,100.00
11297,37968,0.00
11298,28874,100.00
11299,24544,100.00
11300,24472,100.00
11301,31699,100.00
11302,35027,0.00
11303,26901,100.00
11304,21790,100.00
11305,25232,100.00
11306,32092,100.00
11307,36964,0.00
11308,23222,100.00
11309,22634,100.00
11310,24759,100.00
11311,31020,100.00
11312,35956,0.00
11313,39734,100.00
11314,26417,100.00
11315,34389,100.00
11316,35185,100.00
11317,39572,0.00
11318,28567,100.00
11319,25409,100.00
11320,23753,100.00
11321,44415,100.00
11322,34738,0.00
11323,27112,100.00
11324,22734,100.00
11325,21510,100.00
11326,44302,100.00
11327,29397,0.00
11328,25637,100.00
11329,24773,100.00
11330,23341,100.00
11331,43901,100.00
11332,35508,0.00
11333,27229,100.00
11334,23732,100.00
11335,42765,100.00
11336,34757,100.00
11337,29689,0.00
11338,26111,100.00
11339,24108,100.00
11340,35790,100.00
11341,35403,100.00
11342,25362,0.00
11343,24028,100.00
11344,24110,100.00
11345,34199,100.00
11346,30976,100.00
11347,22708,0.00
11348,24378,100.00
11349,25548,100.00
11350,32468,100.00
11351,35004,100.00
11352,31482,0.00
11353,25092,100.00
11354,34458,100.00
11355,37661,100.00
11356,30438,100.00
11357,24073,0.00
11358,23406,100.00
11359,28731,100.00
11360,28737,100.00
11361,30624,100.00
11362,23348,0.00
11363,23939,100.00
11364,27837,100.00
11365,31818,100.00
11366,24392,100.00
11367,23841,0.00
11368,25171,100.00
11369,27415,100.00
11370,36604,100.00
11371,34627,100.00
11372,27421,0.00
11373,35817,100.00
11374,30418,100.00
11375,34924,100.00
11376,27645,100.00
11377,25831,0.00
11378,22653,100.00
11379,38481,100.00
11380,33249,100.00
11381,25272,100.00
11382,24874,0.00
11383,22000,100.00
11384,40714,100.00
11385,29104,100.00
11386,24356,100.00
11387,25496,0.00
11388,24117,100.00
11389,45155,100.00
11390,41294,100.00
11391,33160,100.00
11392,24632,0.00
11393,48565,100.00
11394,40800,100.00
11395,30039,100.00
11396,25779,100.00
11397,22539,0.00
11398,42929,100.00
11399,38477,100.00
11400,30207,100.00
11401,23880,100.00
11402,22646,0.00
11403,42157,100.00
11404,31216,100.00
11405,24464,100.00
11406,23967,100.00
11407,23628,0.00
11408,40331,100.00
11409,38750,100.00
11410,28329,100.00
11411,23967,100.00
11412,33951,0.00
11413,34339,100.00
11414,29759,100.00
11415,26168,100.00
11416,25685,100.00
11417,30992,0.00
11418,31682,100.00
11419,25869,100.00
11420,21503,100.00
11421,24123,100.00
11422,28883,0.00
11423,30458,100.00
11424,22832,100.00
11425,23276,100.00
11426,25420,100.00
11427,31034,0.00
11428,35215,100.00
11429,36007,100.00
11430,29319,100.00
11431,34179,100.00
11432,31079,0.00
11433,36809,100.00
11434,28761,100.00
11435,25398,100.00
11436,23821,100.00
11437,37608,0.00
11438,36523,100.00
11439,28208,100.00
11440,24003,100.00
11441,22343,100.00
11442,38444,0.00
11443,29512,100.00
11444,24781,100.00
11445,25920,100.00
11446,25274,100.00
11447,47763,0.00
11448,44454,100.00
11449,30904,100.00
11450,26830,100.00
11451,54364,100.00
11452,39967,0.00
11453,31760,100.00
11454,26616,100.00
11455,22706,100.00
11456,44243,100.00
11457,35964,0.00
11458,27131,100.00
11459,23897,100.00
11460,23509,100.00
11461,46426,100.00
11462,35287,0.00
11463,27118,100.00
11464,26000,100.00
11465,23285,100.00
11466,46176,100.00
11467,42611,0.00
11468,30581,100.00
11469,28634,100.00
11470,46159,100.00
11471,39099,100.00
11472,30867,0.00
11473,27624,100.00
11474,25078,100.00
11475,38276,100.00
11476,36331,100.00
11477,25112,0.00
11478,23421,100.00
11479,24834,100.00
11480,38617,100.00
11481,33903,100.00
11482,26747,0.00
11483,24530,100.00
11484,24215,100.00
11485,38514,100.00
11486,38923,100.00
11487,26435,0.00
11488,23553,100.00
11489,36334,100.00
11490,31847,100.00
11491,37490,100.00
11492,24167,0.00
11493,22949,100.00
11494,29761,100.00
11495,26260,100.00
11496,25988,100.00
11497,25436,0.00
11498,25501,100.00
11499,31191,100.00
11500,31505,100.00
11501,42407,100.00
11502,21292,0.00
11503,23629,100.00
11504,22491,100.00
11505,39229,100.00
11506,39860,100.00
11507,29071,0.00
11508,32405,100.00
11509,34449,100.00
11510,34107,100.00
11511,27801,100.00
11512,30129,0.00
11513,22615,100.00
11514,30397,100.00
11515,26965,100.00
11516,27826,100.00
11517,26447,0.00
11518,23582,100.00
11519,36493,100.00
11520,29419,100.00
11521,24173,100.00
11522,23187,0.00
11523,22291,100.00
11524,22000,100.00
11525,47721,100.00
11526,39184,100.00
11527,24717,0.00
11528,38761,100.00
11529,37262,100.00
11530,26541,100.00
11531,23358,100.00
11532,24851,0.00
11533,21072,100.00
11534,32379,100.00
11535,29689,100.00
11536,25587,100.00
11537,24424,0.00
11538,29557,100.00
11539,34728,100.00
11540,24763,100.00
11541,34172,100.00
11542,26252,0.00
11543,22475,100.00
11544,28509,100.00
11545,32500,100.00
11546,30947,100.00
11547,23936,0.00
11548,35347,100.00
11549,30677,100.00
11550,26478,100.00
11551,21394,100.00
11552,21006,0.00
11553,20207,100.00
11554,29939,100.00
11555,29867,100.00
11556,25800,100.00
11557,23795,0.00
11558,31648,100.00
11559,28975,100.00
11560,22948,100.00
11561,21605,100.00
11562,20960,0.00
11563,22231,100.00
11564,32785,100.00
11565,35787,100.00
11566,34696,100.00
11567,34226,0.00
11568,33255,100.00
11569,29482,100.00
11570,22130,100.00
11571,24033,100.00
11572,21357,0.00
11573,27864,100.00
11574,25153,100.00
11575,31017,100.00
11576,29422,100.00
11577,24947,0.00
11578,34289,100.00
11579,31660,100.00
11580,22935,100.00
11581,24453,100.00
11582,21505,0.00
11583,23072,100.00
11584,38092,100.00
11585,34852,100.00
11586,24517,100.00
11587,33521,0.00
11588,32785,100.00
11589,25094,100.00
11590,21142,100.00
11591,21891,100.00
11592,19971,0.00
11593,28479,100.00
11594,40798,100.00
11595,28965,100.00
11596,23169,100.00
11597,33620,0.00
11598,34089,100.00
11599,24132,100.00
11600,20501,100.00
11601,19894,100.00
11602,22112,0.00
11603,22322,100.00
11604,40481,100.00
11605,35501,100.00
11606,29918,100.00
11607,31514,0.00
11608,27438,100.00
11609,21347,100.00
11610,22838,100.00
11611,20772,100.00
11612,22041,0.00
11613,27526,100.00
11614,31234,100.00
11615,29162,100.00
11616,23174,100.00
11617,36323,0.00
11618,32214,100.00
11619,25993,100.00
11620,20075,100.00
11621,20997,100.00
11622,23258,0.00
11623,32671,100.00
11624,33422,100.00
11625,30465,100.00
11626,34866,100.00
11627,36466,0.00
11628,26057,100.00
11629,22282,100.00
11630,23172,100.00
11631,21117,100.00
11632,22397,0.00
11633,39304,100.00
11634,37398,100.00
11635,31728,100.00
11636,34662,100.00
11637,35018,0.00
11638,29249,100.00
11639,20791,100.00
11640,23290,100.00
11641,21490,100.00
11642,24112,0.00
11643,40904,100.00
11644,40669,100.00
11645,33113,100.00
11646,39408,100.00
11647,39378,0.00
11648,37276,100.00
11649,26577,100.00
11650,22996,100.00
11651,21071,100.00
11652,28255,0.00
11653,27690,100.00
11654,32440,100.00
11655,24667,100.00
11656,34465,100.00
11657,29126,0.00
11658,22572,100.00
11659,21011,100.00
11660,19631,100.00
11661,23059,100.00
11662,23246,0.00
11663,41057,100.00
11664,34940,100.00
11665,32387,100.00
11666,36930,100.00
11667,24083,0.00
11668,19800,100.00
11669,22035,100.00
11670,21843,100.00
11671,22114,100.00
11672,30947,0.00
11673,32119,100.00
11674,28962,100.00
11675,23334,100.00
11676,34388,100.00
11677,29690,0.00
11678,23046,100.00
11679,21349,100.00
11680,21086,100.00
11681,23242,100.00
11682,30451,0.00
11683,36530,100.00
11684,32915,100.00
11685,36270,100.00
11686,34400,100.00
11687,23496,0.00
11688,20091,100.00
11689,23840,100.00
11690,20261,100.00
11691,20175,100.00
11692,30741,0.00
11693,35988,100.00
11694,28434,100.00
11695,31664,100.00
11696,31502,100.00
11697,29565,0.00
11698,19493,100.00
11699,22337,100.00
11700,21474,100.00
11701,23802,100.00
11702,36220,0.00
11703,36368,100.00
11704,30230,100.00
11705,35421,100.00
11706,34320,100.00
11707,25213,0.00
11708,21816,100.00
11709,22641,100.00
11710,20672,100.00
11711,27130,100.00
11712,26471,0.00
11713,34058,100.00
11714,24775,100.00
11715,33122,100.00
11716,29628,100.00
11717,22935,0.00
11718,18520,100.00
11719,19767,100.00
11720,22521,100.00
11721,23577,100.00
11722,34659,0.00
11723,32905,100.00
11724,29795,100.00
11725,32083,100.00
11726,39044,100.00
11727,23059,0.00
11728,22949,100.00
11729,21070,100.00
11730,22331,100.00
11731,32515,100.00
11732,45327,0.00
11733,32259,100.00
11734,22571,100.00
11735,41439,100.00
11736,32845,100.00
11737,24001,0.00
11738,20613,100.00
11739,19734,100.00
11740,22669,100.00
11741,23561,100.00
11742,43961,0.00
11743,32158,100.00
11744,33867,100.00
11745,39981,100.00
11746,25218,100.00
11747,22843,0.00
11748,25853,100.00
11749,23445,100.00
11750,23679,100.00
11751,32889,100.00
11752,36671,0.00
11753,35078,100.00
11754,25998,100.00
11755,40086,100.00
11756,38876,100.00
11757,27100,0.00
11758,22798,100.00
11759,22874,100.00
11760,25510,100.00
11761,30147,100.00
11762,48499,0.00
11763,35757,100.00
11764,41117,100.00
11765,37605,100.00
11766,26847,100.00
11767,23014,0.00
11768,25747,100.00
11769,22449,100.00
11770,22001,100.00
11771,32637,100.00
11772,35529,0.00
11773,31641,100.00
11774,32705,100.00
11775,33243,100.00
11776,33808,100.00
11777,21252,0.00
11778,22583,100.00
11779,21443,100.00
11780,24345,100.00
11781,37610,100.00
11782,36925,0.00
11783,31082,100.00
11784,44440,100.00
11785,41463,100.00
11786,27803,100.00
11787,20369,0.00
11788,22346,100.00
11789,21663,100.00
11790,22730,100.00
11791,38835,100.00
11792,37590,0.00
11793,31061,100.00
11794,34856,100.00
11795,35931,100.00
11796,23354,100.00
11797,19249,0.00
11798,21950,100.00
11799,22013,100.00
11800,25295,100.00
11801,35587,100.00
11802,35361,0.00
11803,34375,100.00
11804,33249,100.00
11805,32815,100.00
11806,24715,100.00
11807,20902,0.00
11808,21831,100.00
11809,20193,100.00
11810,26662,100.00
11811,31128,100.00
11812,33686,0.00
11813,24985,100.00
11814,34044,100.00
11815,32250,100.00
11816,25856,100.00
11817,19208,0.00
11818,20013,100.00
11819,21936,100.00
11820,24292,100.00
11821,40152,100.00
11822,35126,0.00
11823,30630,100.00
11824,34516,100.00
11825,25895,100.00
11826,21464,100.00
11827,21997,0.00
11828,21955,100.00
11829,21269,100.00
11830,27918,100.00
11831,32364,100.00
11832,29094,0.00
11833,23210,100.00
11834,40419,100.00
11835,28440,100.00
11836,24039,100.00
11837,22015,0.00
11838,21153,100.00
11839,23056,100.00
11840,29799,100.00
11841,37085,100.00
11842,30143,0.00
11843,31352,100.00
11844,30922,100.00
11845,23467,100.00
11846,20087,100.00
11847,23239,0.00
11848,20897,100.00
11849,20879,100.00
11850,31036,100.00
11851,32653,100.00
11852,27086,0.00
11853,31380,100.00
11854,30940,100.00
11855,26492,100.00
11856,20935,100.00
11857,20921,0.00
11858,21484,100.00
11859,23490,100.00
11860,34335,100.00
11861,30240,100.00
11862,29570,0.00
11863,28559,100.00
11864,30510,100.00
11865,26302,100.00
11866,22834,100.00
11867,21428,0.00
11868,19852,100.00
11869,26293,100.00
11870,27332,100.00
11871,29303,100.00
11872,22953,0.00
11873,32866,100.00
11874,26324,100.00
11875,23021,100.00
11876,21108,100.00
11877,20117,0.00
11878,22031,100.00
11879,23349,100.00
11880,43287,100.00
11881,41956,100.00
11882,38789,0.00
11883,40588,100.00
11884,27630,100.00
11885,19898,100.00
11886,23634,100.00
11887,22623,0.00
11888,21950,100.00
11889,33017,100.00
11890,44992,100.00
11891,29036,100.00
11892,25634,0.00
11893,33665,100.00
11894,28495,100.00
11895,21841,100.00
11896,20451,100.00
11897,22880,0.00
11898,24623,100.00
11899,33915,100.00
11900,33700,100.00
11901,33110,100.00
11902,42438,0.00
11903,36885,100.00
11904,24722,100.00
11905,21945,100.00
11906,24158,100.00
11907,23992,0.00
11908,28134,100.00
11909,26401,100.00
11910,29818,100.00
11911,24830,100.00
11912,30660,0.00
11913,40841,100.00
11914,37660,100.00
11915,30044,100.00
11916,23447,100.00
11917,34090,0.00
11918,36013,100.00
11919,48932,100.00
11920,48148,100.00
11921,38037,100.00
11922,40694,0.00
11923,28904,100.00
11924,52433,100.00
11925,48847,100.00
11926,39220,100.00
11927,28792,0.00
11928,31267,100.00
11929,29353,100.00
11930,22361,100.00
11931,20633,100.00
11932,18731,0.00
11933,24212,100.00
11934,27972,100.00
11935,33690,100.00
11936,34282,100.00
11937,31305,0.00
11938,40085,100.00
11939,32099,100.00
11940,23085,100.00
11941,25664,100.00
11942,32763,0.00
11943,21949,100.00
11944,45466,100.00
11945,39830,100.00
11946,24703,100.00
11947,41904,0.00
11948,37563,100.00
11949,25503,100.00
11950,21762,100.00
11951,20409,100.00
11952,23033,0.00
11953,21627,100.00
11954,41500,100.00
11955,39881,100.00
11956,27999,100.00
11957,43959,0.00
11958,36759,100.00
11959,24547,100.00
11960,22996,100.00
11961,22414,100.00
11962,22255,0.00
11963,36938,100.00
11964,36994,100.00
11965,37492,100.00
11966,40155,100.00
11967,39087,0.00
11968,27849,100.00
11969,19756,100.00
11970,19149,100.00
11971,18735,100.00
11972,23476,0.00
11973,23412,100.00
11974,40965,100.00
11975,38933,100.00
11976,37424,100.00
11977,34747,0.00
11978,24302,100.00
11979,22712,100.00
11980,23543,100.00
11981,22923,100.00
11982,23749,0.00
11983,35514,100.00
11984,34666,100.00
11985,34588,100.00
11986,32564,100.00
11987,29123,0.00
11988,21966,100.00
11989,21607,100.00
11990,17850,100.00
11991,20780,100.00
11992,22499,0.00
11993,30058,100.00
11994,36056,100.00
11995,36769,100.00
11996,32839,100.00
11997,24387,0.00
11998,20725,100.00
11999,24350,100.00
12000,43772,100.00
12001,24942,100.00
12002,24622,0.00
12003,33849,100.00
12004,31426,100.00
12005,27274,100.00
12006,29355,100.00
12007,24051,0.00
12008,24098,100.00
12009,20266,100.00
12010,19660,100.00
12011,22042,100.00
12012,23869,0.00
12013,31264,100.00
12014,38104,100.00
12015,46441,100.00
12016,45911,100.00
12017,29356,0.00
12018,22590,100.00
12019,19637,100.00
12020,23741,100.00
12021,23802,100.00
12022,24911,0.00
12023,49737,100.00
12024,50611,100.00
12025,44695,100.00
12026,33678,100.00
12027,23663,0.00
12028,21724,100.00
12029,19558,100.00
12030,18744,100.00
12031,21723,100.00
12032,24935,0.00
12033,45375,100.00
12034,46719,100.00
12035,43833,100.00
12036,35971,100.00
12037,27461,0.00
12038,24175,100.00
12039,22099,100.00
12040,24207,100.00
12041,26099,100.00
12042,23014,0.00
12043,46351,100.00
12044,46110,100.00
12045,39050,100.00
12046,27660,100.00
12047,21749,0.00
12048,19915,100.00
12049,18134,100.00
12050,18054,100.00
12051,22222,100.00
12052,24274,0.00
12053,36236,100.00
12054,41255,100.00
12055,42746,100.00
12056,27873,100.00
12057,22585,0.00
12058,19896,100.00
12059,21099,100.00
12060,23697,100.00
12061,24543,100.00
12062,24233,0.00
12063,42506,100.00
12064,47554,100.00
12065,36988,100.00
12066,21716,100.00
12067,22476,0.00
12068,18682,100.00
12069,19205,100.00
12070,18495,100.00
12071,23820,100.00
12072,24706,0.00
12073,33577,100.00
12074,44229,100.00
12075,42270,100.00
12076,25825,100.00
12077,24958,0.00
12078,19347,100.00
12079,21474,100.00
12080,35182,100.00
12081,25677,100.00
12082,23725,0.00
12083,39900,100.00
12084,43456,100.00
12085,32554,100.00
12086,21096,100.00
12087,22120,0.00
12088,20244,100.00
12089,19421,100.00
12090,18879,100.00
12091,21969,100.00
12092,23684,0.00
12093,23062,100.00
12094,51795,100.00
12095,42188,100.00
12096,24055,100.00
12097,24286,0.00
12098,20673,100.00
12099,19852,100.00
12100,22693,100.00
12101,24325,100.00
12102,32677,0.00
12103,33319,100.00
12104,36278,100.00
12105,39601,100.00
12106,23746,100.00
12107,21843,0.00
12108,18805,100.00
12109,18538,100.00
12110,17868,100.00
12111,20962,100.00
12112,23526,0.00
12113,24131,100.00
12114,40519,100.00
12115,41930,100.00
12116,40070,100.00
12117,26495,0.00
12118,20465,100.00
12119,21398,100.00
12120,24109,100.00
12121,24500,100.00
12122,22350,0.00
12123,37860,100.00
12124,46465,100.00
12125,35256,100.00
12126,25296,100.00
12127,22348,0.00
12128,18837,100.00
12129,18945,100.00
12130,17800,100.00
12131,22906,100.00
12132,23066,0.00
12133,33925,100.00
12134,39515,100.00
12135,40233,100.00
12136,37396,100.00
12137,28663,0.00
12138,21994,100.00
12139,22450,100.00
12140,24738,100.00
12141,24471,100.00
12142,23294,0.00
12143,43355,100.00
12144,42560,100.00
12145,38178,100.00
12146,24836,100.00
12147,20163,0.00
12148,18479,100.00
12149,18246,100.00
12150,20493,100.00
12151,24000,100.00
12152,24143,0.00
12153,41748,100.00
12154,42652,100.00
12155,34252,100.00
12156,29721,100.00
12157,21035,0.00
12158,20237,100.00
12159,21920,100.00
12160,25049,100.00
12161,23844,100.00
12162,32394,0.00
12163,35270,100.00
12164,28623,100.00
12165,25943,100.00
12166,24401,100.00
12167,19088,0.00
12168,19579,100.00
12169,18597,100.00
12170,21476,100.00
12171,22853,100.00
12172,28680,0.00
12173,33527,100.00
12174,39563,100.00
12175,34121,100.00
12176,27735,100.00
12177,20777,0.00
12178,21629,100.00
12179,24161,100.00
12180,24950,100.00
12181,22848,100.00
12182,37534,0.00
12183,36528,100.00
12184,31007,100.00
12185,25050,100.00
12186,20380,100.00
12187,18829,0.00
12188,19208,100.00
12189,18329,100.00
12190,22778,100.00
12191,23969,100.00
12192,33463,0.00
12193,33052,100.00
12194,29147,100.00
12195,25499,100.00
12196,22759,100.00
12197,21427,0.00
12198,21865,100.00
12199,25194,100.00
12200,23737,100.00
12201,29065,100.00
12202,28438,0.00
12203,35915,100.00
12204,31256,100.00
12205,28006,100.00
12206,19857,100.00
12207,21363,0.00
12208,18514,100.00
12209,21115,100.00
12210,24176,100.00
12211,21933,100.00
12212,37436,0.00
12213,37337,100.00
12214,33644,100.00
12215,25881,100.00
12216,21172,100.00
12217,21836,0.00
12218,22978,100.00
12219,24233,100.00
12220,23903,100.00
12221,41217,100.00
12222,39964,0.00
12223,35996,100.00
12224,28839,100.00
12225,22025,100.00
12226,18665,100.00
12227,20095,0.00
12228,18819,100.00
12229,20151,100.00
12230,23656,100.00
12231,34633,100.00
12232,36684,0.00
12233,32587,100.00
12234,34542,100.00
12235,25707,100.00
12236,20921,100.00
12237,23640,0.00
12238,24191,100.00
12239,23382,100.00
12240,32263,100.00
12241,34292,100.00
12242,41635,0.00
12243,31822,100.00
12244,26184,100.00
12245,18712,100.00
12246,20861,100.00
12247,19114,0.00
12248,22991,100.00
12249,25103,100.00
12250,32505,100.00
12251,30592,100.00
12252,33828,0.00
12253,29639,100.00
12254,25461,100.00
12255,21170,100.00
12256,22957,100.00
12257,24307,0.00
12258,24267,100.00
12259,24138,100.00
12260,36642,100.00
12261,34458,100.00
12262,30628,0.00
12263,30111,100.00
12264,27701,100.00
12265,20074,100.00
12266,19807,100.00
12267,18361,0.00
12268,22334,100.00
12269,23780,100.00
12270,34478,100.00
12271,31507,100.00
12272,38037,0.00
12273,33845,100.00
12274,25947,100.00
12275,21513,100.00
12276,22213,100.00
12277,24110,0.00
12278,23594,100.00
12279,29995,100.00
12280,32864,100.00
12281,34416,100.00
12282,31153,0.00
12283,28093,100.00
12284,19576,100.00
12285,20528,100.00
12286,19180,100.00
12287,21535,0.00
12288,23592,100.00
12289,23969,100.00
12290,40717,100.00
12291,49205,100.00
12292,40955,0.00
12293,35944,100.00
12294,23650,100.00
12295,22165,100.00
12296,24299,100.00
12297,24236,0.00
12298,23411,100.00
12299,40769,100.00
12300,33035,100.00
12301,38738,100.00
12302,32676,0.00
12303,24040,100.00
12304,19252,100.00
12305,20309,100.00
12306,20691,100.00
12307,23144,0.00
12308,22590,100.00
12309,34489,100.00
12310,30365,100.00
12311,33423,100.00
12312,29376,0.00
12313,24656,100.00
12314,20724,100.00
12315,22025,100.00
12316,23424,100.00
12317,24403,0.00
12318,32706,100.00
12319,33672,100.00
12320,30892,100.00
12321,31257,100.00
12322,27783,0.00
12323,19048,100.00
12324,19875,100.00
12325,19504,100.00
12326,21998,100.00
12327,22894,0.00
12328,29899,100.00
12329,31125,100.00
12330,32629,100.00
12331,29446,100.00
12332,30636,0.00
12333,22428,100.00
12334,22522,100.00
12335,23595,100.00
12336,22491,100.00
12337,23138,0.00
12338,36187,100.00
12339,30888,100.00
12340,37642,100.00
12341,34754,100.00
12342,25991,0.00
12343,18823,100.00
12344,19756,100.00
12345,21415,100.00
12346,23411,100.00
12347,23511,0.00
12348,39463,100.00
12349,33295,100.00
12350,38841,100.00
12351,34396,100.00
12352,24707,0.00
12353,21280,100.00
12354,22186,100.00
12355,23942,100.00
12356,21997,100.00
12357,34488,0.00
12358,35062,100.00
12359,33335,100.00
12360,32142,100.00
12361,27014,100.00
12362,19142,0.00
12363,20432,100.00
12364,19083,100.00
12365,22118,100.00
12366,23572,100.00
12367,34557,0.00
12368,34930,100.00
12369,32415,100.00
12370,33754,100.00
12371,24311,100.00
12372,20724,0.00
12373,22714,100.00
12374,23903,100.00
12375,23529,100.00
12376,29894,100.00
12377,33631,0.00
12378,36757,100.00
12379,33159,100.00
12380,34262,100.00
12381,23445,100.00
12382,20688,0.00
12383,19830,100.00
12384,22442,100.00
12385,22995,100.00
12386,30205,100.00
12387,33089,0.00
12388,31420,100.00
12389,38276,100.00
12390,35090,100.00
12391,23199,100.00
12392,22750,0.00
12393,23835,100.00
12394,22358,100.00
12395,22319,100.00
12396,33833,100.00
12397,28856,0.00
12398,33698,100.00
12399,31742,100.00
12400,26239,100.00
12401,19514,100.00
12402,20820,0.00
12403,21479,100.00
12404,23832,100.00
12405,23268,100.00
12406,37344,100.00
12407,33776,0.00
12408,35350,100.00
12409,34261,100.00
12410,22367,100.00
12411,21124,100.00
12412,22753,0.00
12413,23221,100.00
12414,23583,100.00
12415,33572,100.00
12416,32399,100.00
12417,32856,0.00
12418,30046,100.00
12419,25564,100.00
12420,19568,100.00
12421,20338,100.00
12422,19759,0.00
12423,22592,100.00
12424,23309,100.00
12425,33087,100.00
12426,38011,100.00
12427,37506,0.00
12428,35207,100.00
12429,34777,100.00
12430,24209,100.00
12431,20551,100.00
12432,24054,0.00
12433,23137,100.00
12434,28921,100.00
12435,33940,100.00
12436,34873,100.00
12437,39487,0.00
12438,39818,100.00
12439,25748,100.00
12440,19483,100.00
12441,21780,100.00
12442,21164,0.00
12443,23166,100.00
12444,19308,100.00
12445,40260,100.00
12446,35488,100.00
12447,47869,0.00
12448,36731,100.00
12449,23357,100.00
12450,31175,100.00
12451,21001,100.00
12452,22493,0.00
12453,23332,100.00
12454,40169,100.00
12455,31459,100.00
12456,31690,100.00
12457,30299,0.00
12458,26409,100.00
12459,20045,100.00
12460,19486,100.00
12461,17490,100.00
12462,20734,0.00
12463,23121,100.00
12464,31012,100.00
12465,32059,100.00
12466,37092,100.00
12467,36231,0.00
12468,24323,100.00
12469,20938,100.00
12470,19865,100.00
12471,22621,100.00
12472,23446,0.00
12473,24426,100.00
12474,55057,100.00
12475,50369,100.00
12476,39525,100.00
12477,32412,0.00
12478,24510,100.00
12479,20702,100.00
12480,19104,100.00
12481,20618,100.00
12482,23089,0.00
12483,23709,100.00
12484,43671,100.00
12485,38968,100.00
12486,31378,100.00
12487,28645,0.00
12488,20716,100.00
12489,19629,100.00
12490,21535,100.00
12491,23183,100.00
12492,23366,0.00
12493,33735,100.00
12494,29831,100.00
12495,28634,100.00
12496,27458,100.00
12497,22544,0.00
12498,22727,100.00
12499,19475,100.00
12500,19781,100.00
12501,21639,100.00
12502,24456,0.00
12503,29590,100.00
12504,42127,100.00
12505,42706,100.00
12506,36089,100.00
12507,27437,0.00
12508,22928,100.00
12509,21220,100.00
12510,23335,100.00
12511,24191,100.00
12512,29755,0.00
12513,32333,100.00
12514,40472,100.00
12515,33536,100.00
12516,25494,100.00
12517,22374,0.00
12518,21137,100.00
12519,17941,100.00
12520,18667,100.00
12521,20118,100.00
12522,24356,0.00
12523,25322,100.00
12524,43961,100.00
12525,44075,100.00
12526,32397,100.00
12527,25127,0.00
12528,23366,100.00
12529,20741,100.00
12530,21857,100.00
12531,23593,100.00
12532,23122,0.00
12533,32165,100.00
12534,37705,100.00
12535,38516,100.00
12536,25983,100.00
12537,20422,0.00
12538,19697,100.00
12539,17547,100.00
12540,18166,100.00
12541,20004,100.00
12542,24389,0.00
12543,23335,100.00
12544,47109,100.00
12545,46812,100.00
12546,28364,100.00
12547,22077,0.00
12548,22210,100.00
12549,19774,100.00
12550,21500,100.00
12551,25282,100.00
12552,22620,0.00
12553,34470,100.00
12554,36636,100.00
12555,42370,100.00
12556,24929,100.00
12557,20150,0.00
12558,19373,100.00
12559,17674,100.00
12560,18475,100.00
12561,18447,100.00
12562,23788,0.00
12563,24197,100.00
12564,41633,100.00
12565,43215,100.00
12566,39282,100.00
12567,26575,0.00
12568,22712,100.00
12569,19483,100.00
12570,21489,100.00
12571,23768,100.00
12572,23952,0.00
12573,22063,100.00
12574,45302,100.00
12575,46005,100.00
12576,24523,100.00
12577,21596,0.00
12578,21381,100.00
12579,18540,100.00
12580,18998,100.00
12581,18486,100.00
12582,22868,0.00
12583,24413,100.00
12584,31885,100.00
12585,44733,100.00
12586,40540,100.00
12587,26846,0.00
12588,23923,100.00
12589,19661,100.00
12590,21362,100.00
12591,23459,100.00
12592,23422,0.00
12593,24402,100.00
12594,45810,100.00
12595,47525,100.00
12596,37140,100.00
12597,23888,0.00
12598,22466,100.00
12599,18969,100.00
12600,18990,100.00
12601,17760,100.00
12602,22613,0.00
12603,24290,100.00
12604,34155,100.00
12605,40562,100.00
12606,36360,100.00
12607,23587,0.00
12608,26930,100.00
12609,21349,100.00
12610,21795,100.00
12611,24537,100.00
12612,24014,0.00
12613,30019,100.00
12614,33488,100.00
12615,35273,100.00
12616,33481,100.00
12617,21741,0.00
12618,20073,100.00
12619,17960,100.00
12620,18930,100.00
12621,20648,100.00
12622,23741,0.00
12623,23563,100.00
12624,40559,100.00
12625,49474,100.00
12626,39688,100.00
12627,30369,0.00
12628,23676,100.00
12629,21032,100.00
12630,22717,100.00
12631,23885,100.00
12632,24254,0.00
12633,38342,100.00
12634,39172,100.00
12635,29210,100.00
12636,24149,100.00
12637,21458,0.00
12638,18867,100.00
12639,19209,100.00
12640,20027,100.00
12641,21177,100.00
12642,24815,0.00
12643,27416,100.00
12644,38889,100.00
12645,38760,100.00
12646,37932,100.00
12647,28075,0.00
12648,20313,100.00
12649,21313,100.00
12650,23163,100.00
12651,24295,100.00
12652,23002,0.00
12653,35174,100.00
12654,38325,100.00
12655,33716,100.00
12656,26815,100.00
12657,21353,0.00
12658,19129,100.00
12659,20113,100.00
12660,18629,100.00
12661,23061,100.00
12662,24113,0.00
12663,37019,100.00
12664,41211,100.00
12665,36257,100.00
12666,34542,100.00
12667,24803,0.00
12668,21012,100.00
12669,22240,100.00
12670,23597,100.00
12671,25194,100.00
12672,31605,0.00
12673,29733,100.00
12674,43705,100.00
12675,35615,100.00
12676,29249,100.00
12677,20311,0.00
12678,20982,100.00
12679,19512,100.00
12680,21616,100.00
12681,24108,100.00
12682,24550,0.00
12683,50724,100.00
12684,53228,100.00
12685,44769,100.00
12686,30545,100.00
12687,22426,0.00
12688,22140,100.00
12689,23425,100.00
12690,24116,100.00
12691,23636,100.00
12692,56330,0.00
12693,47449,100.00
12694,37470,100.00
12695,33889,100.00
12696,22357,100.00
12697,19193,0.00
12698,20783,100.00
12699,20579,100.00
12700,22945,100.00
12701,22784,100.00
12702,43096,0.00
12703,35503,100.00
12704,42957,100.00
12705,36224,100.00
12706,27748,100.00
12707,21205,0.00
12708,21734,100.00
12709,23866,100.00
12710,23584,100.00
12711,34667,100.00
12712,39727,0.00
12713,40070,100.00
12714,36081,100.00
12715,29088,100.00
12716,19361,100.00
12717,20213,0.00
12718,20397,100.00
12719,21785,100.00
12720,23311,100.00
12721,34936,100.00
12722,42516,0.00
12723,40025,100.00
12724,36999,100.00
12725,29768,100.00
12726,23041,100.00
12727,23220,0.00
12728,24034,100.00
12729,24253,100.00
12730,24365,100.00
12731,44342,100.00
12732,41052,0.00
12733,35706,100.00
12734,36945,100.00
12735,24697,100.00
12736,19426,100.00
12737,20272,0.00
12738,21191,100.00
12739,24176,100.00
12740,24806,100.00
12741,50998,100.00
12742,42684,0.00
12743,50544,100.00
12744,47578,100.00
12745,25731,100.00
12746,20966,100.00
12747,23971,0.00
12748,26885,100.00
12749,22086,100.00
12750,39465,100.00
12751,41351,100.00
12752,41621,0.00
12753,35050,100.00
12754,28758,100.00
12755,20387,100.00
12756,21054,100.00
12757,20361,0.00
12758,22789,100.00
12759,25521,100.00
12760,33242,100.00
12761,37612,100.00
12762,38609,0.00
12763,36077,100.00
12764,35076,100.00
12765,22295,100.00
12766,22499,100.00
12767,36648,0.00
12768,30228,100.00
12769,24286,100.00
12770,44800,100.00
12771,34444,100.00
12772,40129,0.00
12773,36469,100.00
12774,26829,100.00
12775,21903,100.00
12776,20979,100.00
12777,17860,0.00
12778,21744,100.00
12779,23127,100.00
12780,38524,100.00
12781,34071,100.00
12782,39660,0.00
12783,32671,100.00
12784,25335,100.00
12785,25165,100.00
12786,20752,100.00
12787,24403,0.00
12788,24385,100.00
12789,33336,100.00
12790,37817,100.00
12791,44212,100.00
12792,39409,0.00
12793,31887,100.00
12794,24178,100.00
12795,21344,100.00
12796,18109,100.00
12797,19764,0.00
12798,22672,100.00
12799,23457,100.00
12800,45036,100.00
12801,43289,100.00
12802,36515,0.00
12803,33244,100.00
12804,23431,100.00
12805,21882,100.00
12806,22914,100.00
12807,24296,0.00
12808,24223,100.00
12809,32894,100.00
12810,34310,100.00
12811,37291,100.00
12812,34874,0.00
12813,28724,100.00
12814,22540,100.00
12815,19036,100.00
12816,18910,100.00
12817,20647,0.00
12818,23482,100.00
12819,24039,100.00
12820,43314,100.00
12821,42368,100.00
12822,35706,0.00
12823,27170,100.00
12824,23988,100.00
12825,20402,100.00
12826,22003,100.00
12827,24909,0.00
12828,24222,100.00
12829,34162,100.00
12830,38593,100.00
12831,35252,100.00
12832,28289,0.00
12833,23702,100.00
12834,23317,100.00
12835,19018,100.00
12836,18529,100.00
12837,20427,0.00
12838,23892,100.00
12839,23497,100.00
12840,44583,100.00
12841,42460,100.00
12842,33363,0.00
12843,26953,100.00
12844,22817,100.00
12845,19501,100.00
12846,22736,100.00
12847,33596,0.00
12848,21500,100.00
12849,34085,100.00
12850,36278,100.00
12851,29260,100.00
12852,22677,0.00
12853,22714,100.00
12854,19230,100.00
12855,18960,100.00
12856,18221,100.00
12857,21596,0.00
12858,23639,100.00
12859,28134,100.00
12860,39123,100.00
12861,46176,100.00
12862,36869,0.00
12863,27039,100.00
12864,20436,100.00
12865,21493,100.00
12866,23396,100.00
12867,23775,0.00
12868,22677,100.00
12869,36309,100.00
12870,43828,100.00
12871,36143,100.00
12872,24194,0.00
12873,22236,100.00
12874,18977,100.00
12875,18778,100.00
12876,18040,100.00
12877,20883,0.00
12878,24135,100.00
12879,23598,100.00
12880,44142,100.00
12881,41825,100.00
12882,31191,0.00
12883,25174,100.00
12884,24385,100.00
12885,20600,100.00
12886,21517,100.00
12887,24463,0.00
12888,24317,100.00
12889,21705,100.00
12890,40625,100.00
12891,42358,100.00
12892,24247,0.00
12893,21209,100.00
12894,22337,100.00
12895,18182,100.00
12896,18379,100.00
12897,17603,0.00
12898,21584,100.00
12899,23858,100.00
12900,35187,100.00
12901,36126,100.00
12902,34183,0.00
12903,25472,100.00
12904,22120,100.00
12905,20235,100.00
12906,20830,100.00
12907,23783,0.00
12908,22571,100.00
12909,22893,100.00
12910,36683,100.00
12911,39805,100.00
12912,24258,0.00
12913,21393,100.00
12914,22395,100.00
12915,17722,100.00
12916,18373,100.00
12917,17175,0.00
12918,22256,100.00
12919,24310,100.00
12920,31459,100.00
12921,35594,100.00
12922,36791,0.00
12923,23693,100.00
12924,22892,100.00
12925,20345,100.00
12926,21849,100.00
12927,24562,0.00
12928,33507,100.00
12929,26231,100.00
12930,44687,100.00
12931,45014,100.00
12932,37270,0.00
12933,24257,100.00
12934,19890,100.00
12935,19114,100.00
12936,18969,100.00
12937,17709,0.00
12938,22284,100.00
12939,24608,100.00
12940,36332,100.00
12941,45050,100.00
12942,39584,0.00
12943,26231,100.00
12944,23460,100.00
12945,20656,100.00
12946,22020,100.00
12947,24135,0.00
12948,23497,100.00
12949,31147,100.00
12950,32678,100.00
12951,38937,100.00
12952,26527,0.00
12953,22120,100.00
12954,19958,100.00
12955,19685,100.00
12956,18372,100.00
12957,20480,0.00
12958,22976,100.00
12959,24801,100.00
12960,38717,100.00
12961,35985,100.00
12962,32430,0.00
12963,28220,100.00
12964,20491,100.00
12965,21946,100.00
12966,22905,100.00
12967,24261,0.00
12968,23495,100.00
12969,36311,100.00
12970,38987,100.00
12971,32415,100.00
12972,25279,0.00
12973,21726,100.00
12974,18462,100.00
12975,19135,100.00
12976,18763,100.00
12977,21899,0.00
12978,23484,100.00
12979,33830,100.00
12980,35104,100.00
12981,32751,100.00
12982,27478,0.00
12983,25413,100.00
12984,21245,100.00
12985,22963,100.00
12986,24735,100.00
12987,23597,0.00
12988,29714,100.00
12989,27620,100.00
12990,38823,100.00
12991,37080,100.00
12992,28961,0.00
12993,21515,100.00
12994,20541,100.00
12995,18963,100.00
12996,21202,100.00
12997,25315,0.00
12998,25761,100.00
12999,43738,100.00
13000,77693,100.00
13001,47883,100.00
13002,32406,0.00
13003,22924,100.00
13004,21804,100.00
13005,22543,100.00
13006,25148,100.00
13007,24327,0.00
13008,39308,100.00
13009,36319,100.00
13010,29223,100.00
13011,29009,100.00
13012,27088,0.00
13013,18574,100.00
13014,28851,100.00
13015,18834,100.00
13016,23980,100.00
13017,23887,0.00
13018,31173,100.00
13019,45841,100.00
13020,41240,100.00
13021,36224,100.00
13022,24442,0.00
13023,24800,100.00
13024,19711,100.00
13025,22672,100.00
13026,24138,100.00
13027,23854,0.00
13028,37849,100.00
13029,37431,100.00
13030,32862,100.00
13031,29803,100.00
13032,23653,0.00
13033,21489,100.00
13034,17810,100.00
13035,18637,100.00
13036,21681,100.00
13037,23948,0.00
13038,32987,100.00
13039,37112,100.00
13040,36987,100.00
13041,48988,100.00
13042,27801,0.00
13043,22438,100.00
13044,21277,100.00
13045,23652,100.00
13046,25424,100.00
13047,25260,0.00
13048,45788,100.00
13049,47927,100.00
13050,36509,100.00
13051,27823,100.00
13052,20083,0.00
13053,20861,100.00
13054,18219,100.00
13055,19249,100.00
13056,23273,100.00
13057,24383,0.00
13058,32689,100.00
13059,46918,100.00
13060,46938,100.00
13061,28719,100.00
13062,23899,0.00
13063,19824,100.00
13064,21150,100.00
13065,23383,100.00
13066,24149,100.00
13067,24395,0.00
13068,47162,100.00
13069,48984,100.00
13070,37276,100.00
13071,24758,100.00
13072,23886,0.00
13073,19623,100.00
13074,19867,100.00
13075,18562,100.00
13076,23009,100.00
13077,24670,0.00
13078,23051,100.00
13079,50065,100.00
13080,47507,100.00
13081,27704,100.00
13082,21211,0.00
13083,19733,100.00
13084,20256,100.00
13085,22919,100.00
13086,24946,100.00
13087,22993,0.00
13088,40972,100.00
13089,45365,100.00
13090,48205,100.00
13091,27362,100.00
13092,21372,0.00
13093,20143,100.00
13094,17566,100.00
13095,19097,100.00
13096,21557,100.00
13097,20199,0.00
13098,24696,100.00
13099,44922,100.00
13100,47242,100.00
13101,32257,100.00
13102,24651,0.00
13103,24367,100.00
13104,22372,100.00
13105,23323,100.00
13106,25506,100.00
13107,24133,0.00
13108,23764,100.00
13109,51389,100.00
13110,56202,100.00
13111,28679,100.00
13112,19796,0.00
13113,19867,100.00
13114,18760,100.00
13115,18610,100.00
13116,18357,100.00
13117,22653,0.00
13118,25489,100.00
13119,44047,100.00
13120,47593,100.00
13121,41495,100.00
13122,28692,0.00
13123,23860,100.00
13124,20583,100.00
13125,22070,100.00
13126,26120,100.00
13127,24992,0.00
13128,28791,100.00
13129,53406,100.00
13130,55100,100.00
13131,31371,100.00
13132,21232,0.00
13133,21274,100.00
13134,19758,100.00
13135,20112,100.00
13136,19921,100.00
13137,24074,0.00
13138,29911,100.00
13139,44961,100.00
13140,58920,100.00
13141,45553,100.00
13142,27282,0.00
13143,26727,100.00
13144,25492,100.00
13145,23033,100.00
13146,24869,100.00
13147,25503,0.00
13148,32926,100.00
13149,35436,100.00
13150,46751,100.00
13151,30148,100.00
13152,22384,0.00
13153,21618,100.00
13154,18296,100.00
13155,19149,100.00
13156,21773,100.00
13157,25524,0.00
13158,23673,100.00
13159,49105,100.00
13160,53147,100.00
13161,41092,100.00
13162,33659,0.00
13163,24378,100.00
13164,21419,100.00
13165,23704,100.00
13166,27722,100.00
13167,25926,0.00
13168,48142,100.00
13169,57497,100.00
13170,39494,100.00
13171,31469,100.00
13172,21957,0.00
13173,22839,100.00
13174,19614,100.00
13175,18797,100.00
13176,21322,100.00
13177,23772,0.00
13178,27811,100.00
13179,47914,100.00
13180,48305,100.00
13181,38933,100.00
13182,27011,0.00
13183,24016,100.00
13184,22624,100.00
13185,23976,100.00
13186,25052,100.00
13187,23950,0.00
13188,41541,100.00
13189,53428,100.00
13190,41943,100.00
13191,30351,100.00
13192,21423,0.00
13193,21387,100.00
13194,20042,100.00
13195,20881,100.00
13196,22874,100.00
13197,26614,0.00
13198,24798,100.00
13199,61990,100.00
13200,57293,100.00
13201,30357,100.00
13202,24045,0.00
13203,22100,100.00
13204,20360,100.00
13205,23520,100.00
13206,25441,100.00
13207,24853,0.00
13208,49490,100.00
13209,52051,100.00
13210,54925,100.00
13211,28631,100.00
13212,24832,0.00
13213,20076,100.00
13214,17861,100.00
13215,18850,100.00
13216,22745,100.00
13217,24953,0.00
13218,23094,100.00
13219,53732,100.00
13220,48915,100.00
13221,30044,100.00
13222,21374,0.00
13223,22435,100.00
13224,20463,100.00
13225,21839,100.00
13226,25075,100.00
13227,22932,0.00
13228,20877,100.00
13229,44780,100.00
13230,47289,100.00
13231,26202,100.00
13232,20986,0.00
13233,21209,100.00
13234,18684,100.00
13235,19010,100.00
13236,18897,100.00
13237,22879,0.00
13238,23298,100.00
13239,41361,100.00
13240,39656,100.00
13241,35540,100.00
13242,23830,0.00
13243,22195,100.00
13244,20490,100.00
13245,21529,100.00
13246,24493,100.00
13247,24159,0.00
13248,24535,100.00
13249,48058,100.00
13250,49511,100.00
13251,27972,100.00
13252,23008,0.00
13253,22825,100.00
13254,18175,100.00
13255,19063,100.00
13256,18913,100.00
13257,23285,0.00
13258,24765,100.00
13259,30690,100.00
13260,44053,100.00
13261,40307,100.00
13262,24529,0.00
13263,23107,100.00
13264,26747,100.00
13265,22438,100.00
13266,24124,100.00
13267,23688,0.00
13268,23529,100.00
13269,57408,100.00
13270,40094,100.00
13271,33244,100.00
13272,24956,0.00
13273,24322,100.00
13274,19407,100.00
13275,20110,100.00
13276,19625,100.00
13277,23581,0.00
13278,25660,100.00
13279,32717,100.00
13280,47332,100.00
13281,41538,100.00
13282,38260,0.00
13283,26616,100.00
13284,20562,100.00
13285,22178,100.00
13286,24325,100.00
13287,24126,0.00
13288,23302,100.00
13289,35807,100.00
13290,52439,100.00
13291,41037,100.00
13292,26780,0.00
13293,22577,100.00
13294,18958,100.00
13295,18727,100.00
13296,18630,100.00
13297,21322,0.00
13298,23754,100.00
13299,36696,100.00
13300,39868,100.00
13301,36043,100.00
13302,29826,0.00
13303,25156,100.00
13304,20629,100.00
13305,22308,100.00
13306,24267,100.00
13307,24508,0.00
13308,29947,100.00
13309,31766,100.00
13310,35743,100.00
13311,32732,100.00
13312,26934,0.00
13313,19248,100.00
13314,18913,100.00
13315,19404,100.00
13316,20670,100.00
13317,23438,0.00
13318,23131,100.00
13319,37217,100.00
13320,35767,100.00
13321,32871,100.00
13322,30804,0.00
13323,20122,100.00
13324,21227,100.00
13325,21810,100.00
13326,24242,100.00
13327,20928,0.00
13328,34268,100.00
13329,34074,100.00
13330,29466,100.00
13331,28414,100.00
13332,23392,0.00
13333,18761,100.00
13334,19502,100.00
13335,18621,100.00
13336,22439,100.00
13337,23030,0.00
13338,31408,100.00
13339,34584,100.00
13340,38376,100.00
13341,33830,100.00
13342,26980,0.00
13343,20998,100.00
13344,21607,100.00
13345,23181,100.00
13346,23815,100.00
13347,22172,0.00
13348,46333,100.00
13349,44947,100.00
13350,34978,100.00
13351,26605,100.00
13352,20010,0.00
13353,19022,100.00
13354,19231,100.00
13355,21177,100.00
13356,23288,100.00
13357,22937,0.00
13358,37745,100.00
13359,38670,100.00
13360,33557,100.00
13361,33874,100.00
13362,21460,0.00
13363,21157,100.00
13364,20443,100.00
13365,23925,100.00
13366,21595,100.00
13367,37471,0.00
13368,30321,100.00
13369,37716,100.00
13370,32264,100.00
13371,26180,100.00
13372,18647,0.00
13373,20803,100.00
13374,18483,100.00
13375,21706,100.00
13376,23491,100.00
13377,35324,0.00
13378,35804,100.00
13379,44640,100.00
13380,33968,100.00
13381,29677,100.00
13382,21505,0.00
13383,21760,100.00
13384,23870,100.00
13385,23628,100.00
13386,30338,100.00
13387,31297,0.00
13388,33307,100.00
13389,32455,100.00
13390,28986,100.00
13391,21894,100.00
13392,22393,0.00
13393,20023,100.00
13394,21317,100.00
13395,23262,100.00
13396,23194,100.00
13397,43062,0.00
13398,40824,100.00
13399,36720,100.00
13400,32907,100.00
13401,23580,100.00
13402,22969,0.00
13403,24727,100.00
13404,23915,100.00
13405,23520,100.00
13406,38812,100.00
13407,32880,0.00
13408,44138,100.00
13409,36809,100.00
13410,24990,100.00
13411,19278,100.00
13412,20235,0.00
13413,20944,100.00
13414,23886,100.00
13415,23374,100.00
13416,40929,100.00
13417,36050,0.00
13418,40804,100.00
13419,40291,100.00
13420,30029,100.00
13421,22250,100.00
13422,22770,0.00
13423,23380,100.00
13424,24162,100.00
13425,37571,100.00
13426,38269,100.00
13427,38704,0.00
13428,31509,100.00
13429,27710,100.00
13430,20656,100.00
13431,20716,100.00
13432,19559,0.00
13433,21638,100.00
13434,22980,100.00
13435,30403,100.00
13436,36000,100.00
13437,37999,0.00
13438,38546,100.00
13439,35221,100.00
13440,23349,100.00
13441,23935,100.00
13442,24883,0.00
13443,23545,100.00
13444,22347,100.00
13445,39400,100.00
13446,33944,100.00
13447,40308,0.00
13448,34323,100.00
13449,27815,100.00
13450,19579,100.00
13451,20794,100.00
13452,21289,0.00
13453,23833,100.00
13454,22749,100.00
13455,43108,100.00
13456,37651,100.00
13457,39170,0.00
13458,41338,100.00
13459,26573,100.00
13460,20994,100.00
13461,23492,100.00
13462,23033,0.00
13463,23139,100.00
13464,36112,100.00
13465,36673,100.00
13466,36240,100.00
13467,34802,0.00
13468,30518,100.00
13469,18953,100.00
13470,20497,100.00
13471,20409,100.00
13472,21979,0.00
13473,25113,100.00
13474,34703,100.00
13475,37300,100.00
13476,38969,100.00
13477,35089,0.00
13478,34279,100.00
13479,21919,100.00
13480,22400,100.00
13481,24116,100.00
13482,23098,0.00
13483,23025,100.00
13484,41706,100.00
13485,33974,100.00
13486,42673,100.00
13487,35338,0.00
13488,26524,100.00
13489,19507,100.00
13490,20169,100.00
13491,21590,100.00
13492,23548,0.00
13493,22499,100.00
13494,41179,100.00
13495,34584,100.00
13496,40138,100.00
13497,35976,0.00
13498,27967,100.00
13499,24014,100.00
13500,23834,100.00
13501,24524,100.00
13502,24235,0.00
13503,39329,100.00
13504,41142,100.00
13505,36588,100.00
13506,32387,100.00
13507,35115,0.00
13508,22397,100.00
13509,22194,100.00
13510,20301,100.00
13511,22794,100.00
13512,28137,0.00
13513,25711,100.00
13514,37321,100.00
13515,33671,100.00
13516,39367,100.00
13517,39890,0.00
13518,23582,100.00
13519,23879,100.00
13520,25273,100.00
13521,25883,100.00
13522,22427,0.00
13523,40392,100.00
13524,43782,100.00
13525,36884,100.00
13526,39138,100.00
13527,36729,0.00
13528,22606,100.00
13529,21592,100.00
13530,20598,100.00
13531,21963,100.00
13532,23240,0.00
13533,31556,100.00
13534,34576,100.00
13535,37092,100.00
13536,43609,100.00
13537,39522,0.00
13538,24008,100.00
13539,22720,100.00
13540,24903,100.00
13541,23512,100.00
13542,23878,0.00
13543,46288,100.00
13544,44290,100.00
13545,42474,100.00
13546,36100,100.00
13547,28372,0.00
13548,19067,100.00
13549,20681,100.00
13550,21467,100.00
13551,23411,100.00
13552,23308,0.00
13553,44410,100.00
13554,39785,100.00
13555,36403,100.00
13556,37097,100.00
13557,25975,0.00
13558,20188,100.00
13559,22529,100.00
13560,24303,100.00
13561,23878,100.00
13562,34214,0.00
13563,33938,100.00
13564,31252,100.00
13565,26460,100.00
13566,29374,100.00
13567,21494,0.00
13568,20179,100.00
13569,19588,100.00
13570,21557,100.00
13571,22859,100.00
13572,29931,0.00
13573,30310,100.00
13574,26004,100.00
13575,31468,100.00
13576,31512,100.00
13577,23592,0.00
13578,21558,100.00
13579,23890,100.00
13580,22859,100.00
13581,22730,100.00
13582,40883,0.00
13583,37242,100.00
13584,34294,100.00
13585,30260,100.00
13586,25175,100.00
13587,18719,0.00
13588,20875,100.00
13589,21384,100.00
13590,23368,100.00
13591,22571,100.00
13592,38644,0.00
13593,33081,100.00
13594,33252,100.00
13595,33356,100.00
13596,26241,100.00
13597,21258,0.00
13598,22607,100.00
13599,23862,100.00
13600,20126,100.00
13601,34243,100.00
13602,36603,0.00
13603,31675,100.00
13604,29574,100.00
13605,33746,100.00
13606,23945,100.00
13607,21829,0.00
13608,20573,100.00
13609,23931,100.00
13610,25422,100.00
13611,33450,100.00
13612,36063,0.00
13613,30410,100.00
13614,39914,100.00
13615,37671,100.00
13616,24349,100.00
13617,22360,0.00
13618,23659,100.00
13619,22851,100.00
13620,30670,100.00
13621,30674,100.00
13622,29482,0.00
13623,32529,100.00
13624,34911,100.00
13625,24388,100.00
13626,21446,100.00
13627,20184,0.00
13628,21533,100.00
13629,23902,100.00
13630,24306,100.00
13631,36088,100.00
13632,33717,0.00
13633,35361,100.00
13634,37669,100.00
13635,25921,100.00
13636,23029,100.00
13637,24443,0.00
13638,23633,100.00
13639,22811,100.00
13640,44953,100.00
13641,43872,100.00
13642,33160,0.00
13643,34411,100.00
13644,32317,100.00
13645,22330,100.00
13646,20564,100.00
13647,22626,0.00
13648,26975,100.00
13649,23559,100.00
13650,35801,100.00
13651,32229,100.00
13652,24689,0.00
13653,35854,100.00
13654,28568,100.00
13655,22534,100.00
13656,24761,100.00
13657,23746,0.00
13658,20163,100.00
13659,32989,100.00
13660,36516,100.00
13661,30511,100.00
13662,34429,0.00
13663,36980,100.00
13664,25919,100.00
13665,20161,100.00
13666,20500,100.00
13667,22621,0.00
13668,23779,100.00
13669,36068,100.00
13670,33283,100.00
13671,27546,100.00
13672,37146,0.00
13673,31299,100.00
13674,23575,100.00
13675,25822,100.00
13676,24778,100.00
13677,24612,0.00
13678,33143,100.00
13679,38137,100.00
13680,29635,100.00
13681,29303,100.00
13682,31252,0.00
13683,32506,100.00
13684,22758,100.00
13685,21019,100.00
13686,23044,100.00
13687,22885,0.00
13688,30712,100.00
13689,30090,100.00
13690,26684,100.00
13691,27733,100.00
13692,38051,0.00
13693,34783,100.00
13694,26131,100.00
13695,26878,100.00
13696,24659,100.00
13697,31100,0.00
13698,36862,100.00
13699,29045,100.00
13700,23666,100.00
13701,35246,100.00
13702,31728,0.00
13703,25816,100.00
13704,20817,100.00
13705,22966,100.00
13706,23927,100.00
13707,33994,0.00
13708,34235,100.00
13709,27694,100.00
13710,24528,100.00
13711,33898,100.00
13712,28586,0.00
13713,26364,100.00
13714,26142,100.00
13715,23261,100.00
13716,30470,100.00
13717,38653,0.00
13718,30730,100.00
13719,22026,100.00
13720,23173,100.00
13721,39879,100.00
13722,37701,0.00
13723,24005,100.00
13724,23070,100.00
13725,24470,100.00
13726,33757,100.00
13727,29717,0.00
13728,25244,100.00
13729,24756,100.00
13730,21031,100.00
13731,36261,100.00
13732,33573,0.00
13733,29656,100.00
13734,24144,100.00
13735,29896,100.00
13736,33420,100.00
13737,28397,0.00
13738,21845,100.00
13739,23350,100.00
13740,32644,100.00
13741,34059,100.00
13742,25061,0.00
13743,23720,100.00
13744,24108,100.00
13745,33788,100.00
13746,35943,100.00
13747,24582,0.00
13748,21570,100.00
13749,23060,100.00
13750,31553,100.00
13751,34211,100.00
13752,33270,0.00
13753,27946,100.00
13754,31099,100.00
13755,31696,100.00
13756,34693,100.00
13757,25284,0.00
13758,24588,100.00
13759,22195,100.00
13760,36796,100.00
13761,36637,100.00
13762,28441,0.00
13763,24267,100.00
13764,24014,100.00
13765,41540,100.00
13766,29818,100.00
13767,20369,0.00
13768,27404,100.00
13769,21187,100.00
13770,33408,100.00
13771,32663,100.00
13772,34629,0.00
13773,24576,100.00
13774,37038,100.00
13775,34277,100.00
13776,31168,100.00
13777,23374,0.00
13778,21764,100.00
13779,24219,100.00
13780,33092,100.00
13781,30321,100.00
13782,27097,0.00
13783,23520,100.00
13784,35363,100.00
13785,34123,100.00
13786,23167,100.00
13787,22650,0.00
13788,21728,100.00
13789,21995,100.00
13790,35868,100.00
13791,43103,100.00
13792,46771,0.00
13793,38822,100.00
13794,38445,100.00
13795,34990,100.00
13796,25231,100.00
13797,24298,0.00
13798,20840,100.00
13799,33032,100.00
13800,31667,100.00
13801,29414,100.00
13802,25004,0.00
13803,24300,100.00
13804,45631,100.00
13805,33572,100.00
13806,21273,100.00
13807,23386,0.00
13808,23072,100.00
13809,23614,100.00
13810,49023,100.00
13811,39879,100.00
13812,26415,0.00
13813,47961,100.00
13814,36449,100.00
13815,27080,100.00
13816,22268,100.00
13817,22979,0.00
13818,21151,100.00
13819,38815,100.00
13820,34492,100.00
13821,30525,100.00
13822,24438,0.00
13823,34481,100.00
13824,35281,100.00
13825,22757,100.00
13826,18129,100.00
13827,21134,0.00
13828,22059,100.00
13829,31384,100.00
13830,33595,100.00
13831,29585,100.00
13832,30278,0.00
13833,31599,100.00
13834,28245,100.00
13835,21509,100.00
13836,23196,100.00
13837,21282,0.00
13838,21279,100.00
13839,39406,100.00
13840,38446,100.00
13841,30786,100.00
13842,24378,0.00
13843,51148,100.00
13844,38892,100.00
13845,28880,100.00
13846,22347,100.00
13847,20552,0.00
13848,22999,100.00
13849,36259,100.00
13850,35377,100.00
13851,28800,100.00
13852,36586,0.00
13853,36000,100.00
13854,29096,100.00
13855,23233,100.00
13856,24007,100.00
13857,21126,0.00
13858,28268,100.00
13859,30670,100.00
13860,37050,100.00
13861,30699,100.00
13862,34021,0.00
13863,36704,100.00
13864,31228,100.00
13865,21794,100.00
13866,22771,100.00
13867,22361,0.00
13868,23921,100.00
13869,43048,100.00
13870,43130,100.00
13871,30136,100.00
13872,47874,0.00
13873,43364,100.00
13874,28981,100.00
13875,24175,100.00
13876,22586,100.00
13877,21181,0.00
13878,34393,100.00
13879,35770,100.00
13880,32596,100.00
13881,24602,100.00
13882,38300,0.00
13883,31722,100.00
13884,23520,100.00
13885,22650,100.00
13886,20927,100.00
13887,23687,0.00
13888,25190,100.00
13889,49546,100.00
13890,39050,100.00
13891,41742,100.00
13892,45441,0.00
13893,29390,100.00
13894,20761,100.00
13895,23549,100.00
13896,21607,100.00
13897,21630,0.00
13898,37014,100.00
13899,34882,100.00
13900,31024,100.00
13901,25182,100.00
13902,47372,0.00
13903,37026,100.00
13904,25136,100.00
13905,23363,100.00
13906,22165,100.00
13907,23238,0.00
13908,36735,100.00
13909,34783,100.00
13910,31420,100.00
13911,50087,100.00
13912,43908,0.00
13913,27160,100.00
13914,22374,100.00
13915,23323,100.00
13916,21909,100.00
13917,32300,0.00
13918,32956,100.00
13919,36054,100.00
13920,25053,100.00
13921,36519,100.00
13922,34752,0.00
13923,23356,100.00
13924,21552,100.00
13925,19694,100.00
13926,22332,100.00
13927,24989,0.00
13928,50639,100.00
13929,40123,100.00
13930,47634,100.00
13931,43736,100.00
13932,28872,0.00
13933,22589,100.00
13934,24953,100.00
13935,22088,100.00
13936,22510,100.00
13937,42569,0.00
13938,40744,100.00
13939,32387,100.00
13940,35817,100.00
13941,35692,100.00
13942,33138,0.00
13943,21696,100.00
13944,23162,100.00
13945,22483,100.00
13946,23948,100.00
13947,43742,0.00
13948,38729,100.00
13949,36475,100.00
13950,36281,100.00
13951,35881,100.00
13952,23716,0.00
13953,22387,100.00
13954,21683,100.00
13955,22736,100.00
13956,27878,100.00
13957,31099,0.00
13958,35031,100.00
13959,24828,100.00
13960,38420,100.00
13961,32651,100.00
13962,22505,0.00
13963,21342,100.00
13964,19514,100.00
13965,22270,100.00
13966,23053,100.00
13967,46301,0.00
13968,41474,100.00
13969,40141,100.00
13970,39959,100.00
13971,26880,100.00
13972,22054,0.00
13973,22996,100.00
13974,20791,100.00
13975,21946,100.00
13976,33933,100.00
13977,37171,0.00
13978,28960,100.00
13979,29125,100.00
13980,34289,100.00
13981,33002,100.00
13982,21321,0.00
13983,22101,100.00
13984,22038,100.00
13985,23517,100.00
13986,34278,100.00
13987,34850,0.00
13988,31890,100.00
13989,37872,100.00
13990,37772,100.00
13991,25628,100.00
13992,19863,0.00
13993,22063,100.00
13994,21682,100.00
13995,29710,100.00
13996,37195,100.00
13997,38041,0.00
13998,32931,100.00
13999,38079,100.00
14000,57293,100.00
14001,27448,100.00
14002,20562,0.00
14003,20106,100.00
14004,21848,100.00
14005,24271,100.00
14006,37010,100.00
14007,34450,0.00
14008,32911,100.00
14009,34479,100.00
14010,35193,100.00
14011,25884,100.00
14012,23924,0.00
14013,23097,100.00
14014,21377,100.00
14015,26865,100.00
14016,34063,100.00
14017,36396,0.00
14018,24773,100.00
14019,38017,100.00
14020,34268,100.00
14021,23385,100.00
14022,22684,0.00
14023,20098,100.00
14024,21971,100.00
14025,23282,100.00
14026,35609,100.00
14027,32496,0.00
14028,29888,100.00
14029,33038,100.00
14030,25656,100.00
14031,20129,100.00
14032,22993,0.00
14033,20900,100.00
14034,21759,100.00
14035,28631,100.00
14036,32682,100.00
14037,30118,0.00
14038,21524,100.00
14039,34642,100.00
14040,35686,100.00
14041,25766,100.00
14042,22347,0.00
14043,21075,100.00
14044,23552,100.00
14045,33609,100.00
14046,37160,100.00
14047,32151,0.00
14048,36704,100.00
14049,36372,100.00
14050,24304,100.00
14051,20246,100.00
14052,23792,0.00
14053,21127,100.00
14054,21031,100.00
14055,35436,100.00
14056,37116,100.00
14057,28103,0.00
14058,32964,100.00
14059,32573,100.00
14060,26416,100.00
14061,21780,100.00
14062,23311,0.00
14063,23619,100.00
14064,25571,100.00
14065,38266,100.00
14066,37928,100.00
14067,32465,0.00
14068,33470,100.00
14069,33514,100.00
14070,23712,100.00
14071,22385,100.00
14072,21488,0.00
14073,21568,100.00
14074,29397,100.00
14075,29437,100.00
14076,32757,100.00
14077,23429,0.00
14078,33222,100.00
14079,30186,100.00
14080,23517,100.00
14081,22619,100.00
14082,20046,0.00
14083,24168,100.00
14084,23950,100.00
14085,44514,100.00
14086,41678,100.00
14087,38525,0.00
14088,40785,100.00
14089,27520,100.00
14090,22773,100.00
14091,23870,100.00
14092,20946,0.00
14093,21828,100.00
14094,33346,100.00
14095,34066,100.00
14096,29261,100.00
14097,29457,0.00
14098,34876,100.00
14099,37299,100.00
14100,23639,100.00
14101,23428,100.00
14102,23412,0.00
14103,23735,100.00
14104,34587,100.00
14105,36714,100.00
14106,31186,100.00
14107,42885,0.00
14108,37794,100.00
14109,28585,100.00
14110,21981,100.00
14111,22563,100.00
14112,20630,0.00
14113,30956,100.00
14114,36512,100.00
14115,42763,100.00
14116,26595,100.00
14117,42261,0.00
14118,38699,100.00
14119,26610,100.00
14120,21898,100.00
14121,20901,100.00
14122,24337,0.00
14123,23643,100.00
14124,46792,100.00
14125,38952,100.00
14126,34742,100.00
14127,36408,0.00
14128,26392,100.00
14129,21679,100.00
14130,22829,100.00
14131,22651,100.00
14132,21965,0.00
14133,36942,100.00
14134,40564,100.00
14135,32893,100.00
14136,32970,100.00
14137,36472,0.00
14138,31856,100.00
14139,21933,100.00
14140,22413,100.00
14141,22375,100.00
14142,23704,0.00
14143,38281,100.00
14144,42202,100.00
14145,36384,100.00
14146,50837,100.00
14147,44269,0.00
14148,26729,100.00
14149,22303,100.00
14150,21916,100.00
14151,21883,100.00
14152,33660,0.00
14153,28644,100.00
14154,32465,100.00
14155,24904,100.00
14156,37147,100.00
14157,31449,0.00
14158,22438,100.00
14159,21595,100.00
14160,20895,100.00
14161,22796,100.00
14162,23355,0.00
14163,39381,100.00
14164,34995,100.00
14165,34655,100.00
14166,40815,100.00
14167,28476,0.00
14168,20937,100.00
14169,21702,100.00
14170,21782,100.00
14171,22144,100.00
14172,37329,0.00
14173,35873,100.00
14174,32930,100.00
14175,22481,100.00
14176,46345,100.00
14177,35964,0.00
14178,25342,100.00
14179,22385,100.00
14180,21549,100.00
14181,23907,100.00
14182,29492,0.00
14183,45964,100.00
14184,35654,100.00
14185,49668,100.00
14186,43336,100.00
14187,27976,0.00
14188,21855,100.00
14189,24529,100.00
14190,22152,100.00
14191,22353,100.00
14192,43000,0.00
14193,43701,100.00
14194,30439,100.00
14195,34923,100.00
14196,33734,100.00
14197,29109,0.00
14198,19804,100.00
14199,21950,100.00
14200,21663,100.00
14201,24917,100.00
14202,35344,0.00
14203,33513,100.00
14204,29269,100.00
14205,38115,100.00
14206,39543,100.00
14207,25566,0.00
14208,28864,100.00
14209,25076,100.00
14210,22417,100.00
14211,29252,100.00
14212,31336,0.00
14213,36094,100.00
14214,24950,100.00
14215,38124,100.00
14216,33352,100.00
14217,21972,0.00
14218,18786,100.00
14219,20408,100.00
14220,24290,100.00
14221,26283,100.00
14222,41211,0.00
14223,36197,100.00
14224,33225,100.00
14225,34833,100.00
14226,33957,100.00
14227,21431,0.00
14228,21729,100.00
14229,21702,100.00
14230,22325,100.00
14231,33330,100.00
14232,35760,0.00
14233,35095,100.00
14234,24710,100.00
14235,45717,100.00
14236,36299,100.00
14237,26286,0.00
14238,21417,100.00
14239,19705,100.00
14240,24201,100.00
14241,24433,100.00
14242,53209,0.00
14243,41696,100.00
14244,44706,100.00
14245,46200,100.00
14246,27570,100.00
14247,21970,0.00
14248,24623,100.00
14249,23187,100.00
14250,23236,100.00
14251,40924,100.00
14252,47216,0.00
14253,32408,100.00
14254,33507,100.00
14255,37565,100.00
14256,38784,100.00
14257,24189,0.00
14258,22495,100.00
14259,22123,100.00
14260,25358,100.00
14261,31653,100.00
14262,46407,0.00
14263,36687,100.00
14264,50461,100.00
14265,43683,100.00
14266,27174,100.00
14267,21102,0.00
14268,23466,100.00
14269,21266,100.00
14270,22948,100.00
14271,40682,100.00
14272,53664,0.00
14273,32407,100.00
14274,36586,100.00
14275,39050,100.00
14276,35427,100.00
14277,22367,0.00
14278,21680,100.00
14279,21653,100.00
14280,24561,100.00
14281,36394,100.00
14282,38438,0.00
14283,35079,100.00
14284,31774,100.00
14285,33444,100.00
14286,25486,100.00
14287,22500,0.00
14288,22223,100.00
14289,21644,100.00
14290,27385,100.00
14291,32364,100.00
14292,38137,0.00
14293,25617,100.00
14294,38848,100.00
14295,37609,100.00
14296,29472,100.00
14297,22494,0.00
14298,21163,100.00
14299,23303,100.00
14300,24024,100.00
14301,42167,100.00
14302,38439,0.00
14303,30423,100.00
14304,34145,100.00
14305,26545,100.00
14306,21671,100.00
14307,21482,0.00
14308,21350,100.00
14309,22006,100.00
14310,27954,100.00
14311,31666,100.00
14312,30164,0.00
14313,22981,100.00
14314,42691,100.00
14315,37665,100.00
14316,26994,100.00
14317,21592,0.00
14318,20786,100.00
14319,23771,100.00
14320,28915,100.00
14321,49987,100.00
14322,34944,0.00
14323,39852,100.00
14324,56051,100.00
14325,25197,100.00
14326,22564,100.00
14327,24373,0.00
14328,21001,100.00
14329,21249,100.00
14330,33420,100.00
14331,32906,100.00
14332,26152,0.00
14333,30667,100.00
14334,29714,100.00
14335,25678,100.00
14336,19345,100.00
14337,21641,0.00
14338,21177,100.00
14339,24497,100.00
14340,34183,100.00
14341,37081,100.00
14342,36558,0.00
14343,33557,100.00
14344,32417,100.00
14345,24831,100.00
14346,23084,100.00
14347,21930,0.00
14348,20519,100.00
14349,27746,100.00
14350,29099,100.00
14351,31019,100.00
14352,24151,0.00
14353,34019,100.00
14354,31100,100.00
14355,21780,100.00
14356,21408,100.00
14357,19312,0.00
14358,23146,100.00
14359,23160,100.00
14360,46808,100.00
14361,33629,100.00
14362,34997,0.00
14363,36404,100.00
14364,25828,100.00
14365,21780,100.00
14366,22541,100.00
14367,20856,0.00
14368,21304,100.00
14369,31146,100.00
14370,32537,100.00
14371,27374,100.00
14372,31480,0.00
14373,36715,100.00
14374,30563,100.00
14375,20505,100.00
14376,22651,100.00
14377,22526,0.00
14378,23560,100.00
14379,35722,100.00
14380,33019,100.00
14381,30559,100.00
14382,31226,0.00
14383,32693,100.00
14384,24714,100.00
14385,22671,100.00
14386,21392,100.00
14387,21788,0.00
14388,30770,100.00
14389,35278,100.00
14390,30479,100.00
14391,23226,100.00
14392,37856,0.00
14393,30542,100.00
14394,25618,100.00
14395,21428,100.00
14396,20161,100.00
14397,22191,0.00
14398,24591,100.00
14399,38439,100.00
14400,35360,100.00
14401,34314,100.00
14402,35588,0.00
14403,24359,100.00
14404,22166,100.00
14405,23806,100.00
14406,21374,100.00
14407,21728,0.00
14408,32416,100.00
14409,34792,100.00
14410,28371,100.00
14411,29744,100.00
14412,29796,0.00
14413,26197,100.00
14414,20664,100.00
14415,21342,100.00
14416,22410,100.00
14417,24120,0.00
14418,33703,100.00
14419,34903,100.00
14420,31460,100.00
14421,42666,100.00
14422,41675,0.00
14423,27657,100.00
14424,22743,100.00
14425,22423,100.00
14426,21531,100.00
14427,29283,0.00
14428,30516,100.00
14429,34499,100.00
14430,25123,100.00
14431,34384,100.00
14432,29580,0.00
14433,22839,100.00
14434,18702,100.00
14435,20088,100.00
14436,22033,100.00
14437,23164,0.00
14438,40642,100.00
14439,34837,100.00
14440,30941,100.00
14441,35737,100.00
14442,28737,0.00
14443,20564,100.00
14444,21946,100.00
14445,22283,100.00
14446,22607,100.00
14447,31156,0.00
14448,33000,100.00
14449,30895,100.00
14450,24061,100.00
14451,42582,100.00
14452,37253,0.00
14453,25354,100.00
14454,21869,100.00
14455,21278,100.00
14456,24045,100.00
14457,31083,0.00
14458,32498,100.00
14459,30766,100.00
14460,34805,100.00
14461,33403,100.00
14462,23913,0.00
14463,19876,100.00
14464,22767,100.00
14465,22436,100.00
14466,21160,100.00
14467,35337,0.00
14468,36276,100.00
14469,28815,100.00
14470,33431,100.00
14471,35710,100.00
14472,23827,0.00
14473,18795,100.00
14474,20941,100.00
14475,21910,100.00
14476,23769,100.00
14477,36548,0.00
14478,33718,100.00
14479,30184,100.00
14480,32628,100.00
14481,34207,100.00
14482,20575,0.00
14483,23808,100.00
14484,21089,100.00
14485,21183,100.00
14486,27401,100.00
14487,30390,0.00
14488,33182,100.00
14489,23470,100.00
14490,34903,100.00
14491,33131,100.00
14492,22745,0.00
14493,20961,100.00
14494,19417,100.00
14495,22805,100.00
14496,23502,100.00
14497,43508,0.00
14498,38051,100.00
14499,37781,100.00
14500,39682,100.00
14501,27518,100.00
14502,21478,0.00
14503,23881,100.00
14504,22152,100.00
14505,22568,100.00
14506,31259,100.00
14507,31824,0.00
14508,29923,100.00
14509,23798,100.00
14510,35555,100.00
14511,30622,100.00
14512,32279,0.00
14513,21677,100.00
14514,31293,100.00
14515,22529,100.00
14516,24330,100.00
14517,38021,0.00
14518,29529,100.00
14519,32943,100.00
14520,35999,100.00
14521,26435,100.00
14522,22171,0.00
14523,23451,100.00
14524,21741,100.00
14525,21996,100.00
14526,33131,100.00
14527,34456,0.00
14528,28259,100.00
14529,27383,100.00
14530,34502,100.00
14531,30181,100.00
14532,21218,0.00
14533,21181,100.00
14534,20559,100.00
14535,22730,100.00
14536,32650,100.00
14537,30179,0.00
14538,27967,100.00
14539,31770,100.00
14540,33583,100.00
14541,27515,100.00
14542,35700,0.00
14543,26163,100.00
14544,23119,100.00
14545,27110,100.00
14546,33284,100.00
14547,40799,0.00
14548,31374,100.00
14549,34807,100.00
14550,38823,100.00
14551,34585,100.00
14552,21952,0.00
14553,23217,100.00
14554,22276,100.00
14555,23914,100.00
14556,43506,100.00
14557,36649,0.00
14558,42093,100.00
14559,46210,100.00
14560,44463,100.00
14561,27782,100.00
14562,24283,0.00
14563,25744,100.00
14564,25542,100.00
14565,35111,100.00
14566,33464,100.00
14567,38829,0.00
14568,29607,100.00
14569,34308,100.00
14570,36251,100.00
14571,31566,100.00
14572,24266,0.00
14573,24857,100.00
14574,24657,100.00
14575,24252,100.00
14576,42158,100.00
14577,35795,0.00
14578,25730,100.00
14579,39871,100.00
14580,32636,100.00
14581,28170,100.00
14582,24530,0.00
14583,25918,100.00
14584,23624,100.00
14585,33220,100.00
14586,30609,100.00
14587,28665,0.00
14588,23071,100.00
14589,29968,100.00
14590,28901,100.00
14591,28840,100.00
14592,20528,0.00
14593,22614,100.00
14594,24260,100.00
14595,28675,100.00
14596,37184,100.00
14597,35397,0.00
14598,26953,100.00
14599,39452,100.00
14600,32517,100.00
14601,30325,100.00
14602,25427,0.00
14603,24576,100.00
14604,22486,100.00
14605,43529,100.00
14606,34785,100.00
14607,28516,0.00
14608,23670,100.00
14609,37015,100.00
14610,36547,100.00
14611,25240,100.00
14612,23988,0.00
14613,24582,100.00
14614,23324,100.00
14615,40883,100.00
14616,45537,100.00
14617,31031,0.00
14618,35071,100.00
14619,30294,100.00
14620,31783,100.00
14621,29232,100.00
14622,27219,0.00
14623,25684,100.00
14624,36463,100.00
14625,38541,100.00
14626,29359,100.00
14627,25902,0.00
14628,23636,100.00
14629,36178,100.00
14630,31038,100.00
14631,25164,100.00
14632,24435,0.00
14633,24622,100.00
14634,32700,100.00
14635,35189,100.00
14636,31453,100.00
14637,26178,0.00
14638,34127,100.00
14639,32966,100.00
14640,29834,100.00
14641,25048,100.00
14642,24604,0.00
14643,23109,100.00
14644,41031,100.00
14645,32639,100.00
14646,28934,100.00
14647,25204,0.00
14648,31964,100.00
14649,35709,100.00
14650,23833,100.00
14651,23167,100.00
14652,24777,0.00
14653,20493,100.00
14654,47202,100.00
14655,43573,100.00
14656,37249,100.00
14657,35357,0.00
14658,31639,100.00
14659,33382,100.00
14660,29738,100.00
14661,26836,100.00
14662,21894,0.00
14663,34478,100.00
14664,31126,100.00
14665,26158,100.00
14666,22883,100.00
14667,20484,0.00
14668,35846,100.00
14669,27171,100.00
14670,20854,100.00
14671,23857,100.00
14672,23955,0.00
14673,36341,100.00
14674,37428,100.00
14675,29268,100.00
14676,24555,100.00
14677,42963,0.00
14678,36979,100.00
14679,28436,100.00
14680,25812,100.00
14681,24364,100.00
14682,33795,0.00
14683,37095,100.00
14684,27621,100.00
14685,23978,100.00
14686,23650,100.00
14687,33185,0.00
14688,29100,100.00
14689,21811,100.00
14690,24563,100.00
14691,24526,100.00
14692,33102,0.00
14693,35225,100.00
14694,35979,100.00
14695,25298,100.00
14696,33318,100.00
14697,28816,0.00
14698,26040,100.00
14699,24168,100.00
14700,23917,100.00
14701,21954,100.00
14702,36231,0.00
14703,31623,100.00
14704,24985,100.00
14705,24645,100.00
14706,24421,100.00
14707,31486,0.00
14708,23918,100.00
14709,22810,100.00
14710,25288,100.00
14711,22909,100.00
14712,38231,0.00
14713,34438,100.00
14714,27396,100.00
14715,25992,100.00
14716,35438,100.00
14717,32701,0.00
14718,30711,100.00
14719,26981,100.00
14720,25922,100.00
14721,33623,100.00
14722,38842,0.00
14723,26738,100.00
14724,23453,100.00
14725,24172,100.00
14726,36755,100.00
14727,32383,0.00
14728,24221,100.00
14729,24350,100.00
14730,25414,100.00
14731,33921,100.00
14732,37587,0.00
14733,32304,100.00
14734,26507,100.00
14735,38413,100.00
14736,33215,100.00
14737,25707,0.00
14738,24068,100.00
14739,23733,100.00
14740,27780,100.00
14741,32510,100.00
14742,33745,0.00
14743,24355,100.00
14744,25892,100.00
14745,28921,100.00
14746,37779,100.00
14747,27709,0.00
14748,24748,100.00
14749,25584,100.00
14750,25264,100.00
14751,45704,100.00
14752,42041,0.00
14753,29717,100.00
14754,25365,100.00
14755,43147,100.00
14756,41496,100.00
14757,32031,0.00
14758,26256,100.00
14759,25005,100.00
14760,38600,100.00
14761,35810,100.00
14762,27145,0.00
14763,24095,100.00
14764,24647,100.00
14765,35861,100.00
14766,34889,100.00
14767,23460,0.00
14768,28434,100.00
14769,25490,100.00
14770,32382,100.00
14771,36150,100.00
14772,36047,0.00
14773,28308,100.00
14774,33306,100.00
14775,34571,100.00
14776,34682,100.00
14777,26946,0.00
14778,24590,100.00
14779,22096,100.00
14780,33832,100.00
14781,29978,100.00
14782,25957,0.00
14783,22927,100.00
14784,21606,100.00
14785,43851,100.00
14786,27855,100.00
14787,23022,0.00
14788,24598,100.00
14789,22890,100.00
14790,43343,100.00
14791,35662,100.00
14792,26933,0.00
14793,24265,100.00
14794,47466,100.00
14795,37595,100.00
14796,32080,100.00
14797,25806,0.00
14798,24139,100.00
14799,35709,100.00
14800,38324,100.00
14801,28290,100.00
14802,23935,0.00
14803,27094,100.00
14804,36957,100.00
14805,34742,100.00
14806,24961,100.00
14807,24092,0.00
14808,24272,100.00
14809,34251,100.00
14810,36057,100.00
14811,31834,100.00
14812,25217,0.00
14813,35855,100.00
14814,35197,100.00
14815,30060,100.00
14816,24432,100.00
14817,24979,0.00
14818,22644,100.00
14819,45106,100.00
14820,38916,100.00
14821,26571,100.00
14822,25845,0.00
14823,21523,100.00
14824,45251,100.00
14825,29488,100.00
14826,23605,100.00
14827,25137,0.00
14828,23299,100.00
14829,45316,100.00
14830,36395,100.00
14831,26864,100.00
14832,24642,0.00
14833,42492,100.00
14834,35093,100.00
14835,30261,100.00
14836,25022,100.00
14837,21826,0.00
14838,35332,100.00
14839,33181,100.00
14840,26014,100.00
14841,23926,100.00
14842,25332,0.00
14843,34516,100.00
14844,28945,100.00
14845,22119,100.00
14846,23958,100.00
14847,24524,0.00
14848,30638,100.00
14849,30751,100.00
14850,29245,100.00
14851,24145,100.00
14852,34599,0.00
14853,30484,100.00
14854,25364,100.00
14855,24398,100.00
14856,23831,100.00
14857,27335,0.00
14858,27001,100.00
14859,30892,100.00
14860,22632,100.00
14861,24811,100.00
14862,25091,0.00
14863,31550,100.00
14864,24927,100.00
14865,23298,100.00
14866,24657,100.00
14867,23462,0.00
14868,34425,100.00
14869,36838,100.00
14870,30564,100.00
14871,32002,100.00
14872,24863,0.00
14873,31266,100.00
14874,27574,100.00
14875,24804,100.00
14876,22658,100.00
14877,35433,0.00
14878,31995,100.00
14879,25666,100.00
14880,23370,100.00
14881,21354,100.00
14882,34612,0.00
14883,28337,100.00
14884,24335,100.00
14885,24554,100.00
14886,25456,100.00
14887,37223,0.00
14888,35538,100.00
14889,28562,100.00
14890,23784,100.00
14891,35886,100.00
14892,33022,0.00
14893,28114,100.00
14894,25643,100.00
14895,25075,100.00
14896,34175,100.00
14897,37797,0.00
14898,26848,100.00
14899,23792,100.00
14900,24707,100.00
14901,34356,100.00
14902,31540,0.00
14903,23773,100.00
14904,24159,100.00
14905,23981,100.00
14906,35207,100.00
14907,37443,0.00
14908,27713,100.00
14909,22738,100.00
14910,35783,100.00
14911,33274,100.00
14912,28456,0.00
14913,24697,100.00
14914,24271,100.00
14915,29984,100.00
14916,28740,100.00
14917,26893,0.00
14918,23038,100.00
14919,23993,100.00
14920,29870,100.00
14921,28472,100.00
14922,23507,0.00
14923,24080,100.00
14924,25160,100.00
14925,32759,100.00
14926,37786,100.00
14927,40308,0.00
14928,28093,100.00
14929,35372,100.00
14930,34527,100.00
14931,31929,100.00
14932,24518,0.00
14933,25059,100.00
14934,22106,100.00
14935,38323,100.00
14936,32053,100.00
14937,25773,0.00
14938,24293,100.00
14939,21108,100.00
14940,46768,100.00
14941,31423,100.00
14942,25086,0.00
14943,24050,100.00
14944,22563,100.00
14945,40756,100.00
14946,32505,100.00
14947,29588,0.00
14948,23510,100.00
14949,38027,100.00
14950,31776,100.00
14951,28989,100.00
14952,24491,0.00
14953,24167,100.00
14954,29874,100.00
14955,31411,100.00
14956,25388,100.00
14957,23075,0.00
14958,23435,100.00
14959,32294,100.00
14960,29283,100.00
14961,23174,100.00
14962,25021,0.00
14963,23278,100.00
14964,32040,100.00
14965,32668,100.00
14966,28992,100.00
14967,25332,0.00
14968,33192,100.00
14969,31518,100.00
14970,26363,100.00
14971,24607,100.00
14972,24258,0.00
14973,24991,100.00
14974,36591,100.00
14975,32612,100.00
14976,25751,100.00
14977,24720,0.00
14978,26228,100.00
14979,35021,100.00
14980,25333,100.00
14981,22674,100.00
14982,24932,0.00
14983,23743,100.00
14984,38919,100.00
14985,37108,100.00
14986,30801,100.00
14987,29075,0.00
14988,34478,100.00
14989,32910,100.00
14990,30288,100.00
14991,24480,100.00
14992,22346,0.00
14993,35220,100.00
14994,34766,100.00
14995,28850,100.00
14996,23285,100.00
14997,22526,0.00
14998,42600,100.00
14999,31370,100.00
15000,57437,100.00
