sample,work_ns,cpu_utilization
1,40259,100.00
2,33703,0.00
3,49578,100.00
4,40215,100.00
5,52008,50.00
6,38198,100.00
7,33841,0.00
8,59093,0.00
9,51616,0.00
10,54350,0.00
11,50875,0.00
12,59379,0.00
13,47155,100.00
14,37625,50.00
15,51703,0.00
16,37805,100.00
17,35442,50.00
18,45056,100.00
19,65633,100.00
20,37214,0.00
21,51671,50.00
22,24243,50.00
23,14528,0.00
24,17166,50.00
25,42299,50.00
26,55153,0.00
27,59354,0.00
28,58207,0.00
29,59478,0.00
30,55712,0.00
31,72605,50.00
32,37868,0.00
33,31314,100.00
34,42502,50.00
35,48431,0.00
36,33610,100.00
37,43286,100.00
38,25165,0.00
39,53265,100.00
40,61871,50.00
41,52107,0.00
42,67665,0.00
43,56728,0.00
44,56268,0.00
45,52816,0.00
46,51599,0.00
47,56456,0.00
48,61390,0.00
49,36605,100.00
50,48117,50.00
51,52297,100.00
52,51253,100.00
53,22018,0.00
54,26699,100.00
55,25592,100.00
56,28125,100.00
57,46070,100.00
58,39146,100.00
59,18344,50.00
60,48721,0.00
61,60679,0.00
62,52365,0.00
63,54364,0.00
64,53343,0.00
65,63230,0.00
66,51487,0.00
67,47637,0.00
68,52974,0.00
69,86069,0.00
70,56593,50.00
71,35469,0.00
72,35665,100.00
73,63425,100.00
74,31786,0.00
75,38508,100.00
76,33856,100.00
77,23137,100.00
78,38130,50.00
79,49361,0.00
80,63710,0.00
81,69316,0.00
82,61754,0.00
83,69694,0.00
84,59250,0.00
85,58042,0.00
86,63127,0.00
87,62414,0.00
88,71190,50.00
89,68818,66.67
90,29645,0.00
91,25167,100.00
92,21694,100.00
93,30336,100.00
94,57343,100.00
95,49189,100.00
96,63929,100.00
97,54167,50.00
98,55122,0.00
99,57853,0.00
100,55723,0.00
101,55460,0.00
102,56229,0.00
103,61101,0.00
104,64480,0.00
105,38813,50.00
106,37090,50.00
107,59015,0.00
108,63093,50.00
109,43977,100.00
110,23981,0.00
111,31756,100.00
112,56889,100.00
113,54742,50.00
114,36612,0.00
115,29918,100.00
116,42824,0.00
117,61751,0.00
118,60684,0.00
119,54979,0.00
120,56059,0.00
121,57995,0.00
122,83266,0.00
123,67741,50.00
124,40230,50.00
125,43178,100.00
126,56007,100.00
127,67122,100.00
128,42134,0.00
129,38293,100.00
130,35958,100.00
131,27575,100.00
132,54825,0.00
133,50825,0.00
134,59611,0.00
135,59233,0.00
136,59785,0.00
137,57472,0.00
138,59139,0.00
139,60908,0.00
140,55992,0.00
141,54809,0.00
142,68302,50.00
143,45418,100.00
144,60330,100.00
145,40980,100.00
146,23132,0.00
147,49236,100.00
148,41657,100.00
149,37476,100.00
150,55013,100.00
151,54093,100.00
152,44124,0.00
153,52820,0.00
154,55208,0.00
155,50790,0.00
156,49852,0.00
157,56963,0.00
158,52971,0.00
159,51643,0.00
160,53302,0.00
161,56444,0.00
162,55157,0.00
163,52380,0.00
164,61259,100.00
165,38003,100.00
166,49321,100.00
167,30921,0.00
168,42050,100.00
169,33738,100.00
170,45467,100.00
171,35897,100.00
172,34591,0.00
173,55444,0.00
174,55402,0.00
175,73463,0.00
176,54035,0.00
177,58865,0.00
178,54233,0.00
179,66205,0.00
180,55131,0.00
181,67011,0.00
182,55780,50.00
183,57171,100.00
184,58947,66.67
185,27623,0.00
186,52013,100.00
187,51749,100.00
188,45363,100.00
189,44337,100.00
190,26341,50.00
191,31401,0.00
192,43115,50.00
193,56265,0.00
194,54632,0.00
195,52306,0.00
196,52803,0.00
197,51939,0.00
198,63042,0.00
199,55714,100.00
200,37908,0.00
201,39119,50.00
202,63120,100.00
203,23373,0.00
204,22139,100.00
205,26118,100.00
206,25991,100.00
207,48575,50.00
208,47090,0.00
209,49624,0.00
210,53646,0.00
211,55092,0.00
212,55141,0.00
213,55837,0.00
214,58672,0.00
215,69305,0.00
216,55981,50.00
217,66958,100.00
218,29605,0.00
219,51135,100.00
220,51585,100.00
221,29032,100.00
222,25504,100.00
223,43429,100.00
224,49181,100.00
225,57554,100.00
226,36160,100.00
227,53011,0.00
228,55960,0.00
229,50361,0.00
230,55098,0.00
231,62653,0.00
232,54361,0.00
233,59785,0.00
234,55115,0.00
235,56940,0.00
236,67675,0.00
237,59039,0.00
238,68218,100.00
239,25677,0.00
240,56443,100.00
241,45062,100.00
242,31398,100.00
243,64611,0.00
244,41468,100.00
245,30502,100.00
246,42423,100.00
247,56771,50.00
248,55133,0.00
249,54673,0.00
250,55376,0.00
251,51242,0.00
252,58967,0.00
253,58166,0.00
254,57447,0.00
255,62898,0.00
256,59992,0.00
257,60012,0.00
258,58531,0.00
259,75728,0.00
260,58532,100.00
261,66484,100.00
262,45766,100.00
263,23701,0.00
264,59065,100.00
265,49436,100.00
266,46517,100.00
267,62448,50.00
268,41745,0.00
269,55747,0.00
270,60802,0.00
271,59300,0.00
272,62657,0.00
273,56922,0.00
274,60848,0.00
275,64684,50.00
276,37302,0.00
277,43096,100.00
278,66946,50.00
279,62956,0.00
280,44251,100.00
281,28678,0.00
282,28101,100.00
283,63882,100.00
284,60383,0.00
285,35483,100.00
286,35443,50.00
287,39713,0.00
288,55634,0.00
289,60742,0.00
290,64827,0.00
291,58191,0.00
292,61426,0.00
293,59449,0.00
294,65691,0.00
295,57379,50.00
296,47014,100.00
297,40451,100.00
298,54904,100.00
299,49927,100.00
300,47007,100.00
301,37935,100.00
302,28196,100.00
303,62105,100.00
304,50502,50.00
305,52350,0.00
306,59003,0.00
307,56966,0.00
308,59419,0.00
309,54435,0.00
310,72493,0.00
311,68506,0.00
312,60808,0.00
313,80100,0.00
314,73185,100.00
315,59705,100.00
316,62662,100.00
317,23335,0.00
318,50574,100.00
319,42643,100.00
320,40656,100.00
321,41462,100.00
322,60371,100.00
323,30115,50.00
324,58123,0.00
325,65279,0.00
326,60989,0.00
327,63907,0.00
328,59425,0.00
329,61470,0.00
330,55707,0.00
331,59564,0.00
332,54782,0.00
333,58848,0.00
334,74216,0.00
335,73510,0.00
336,69447,100.00
337,47619,100.00
338,21411,0.00
339,55442,100.00
340,48333,100.00
341,56453,100.00
342,44639,100.00
343,39437,100.00
344,33271,0.00
345,52827,0.00
346,54242,0.00
347,60808,0.00
348,59944,0.00
349,71798,0.00
350,58078,0.00
351,62589,0.00
352,64799,0.00
353,57878,0.00
354,67805,50.00
355,66183,0.00
356,73434,100.00
357,36135,100.00
358,67254,100.00
359,23193,0.00
360,53392,100.00
361,48086,100.00
362,45219,50.00
363,53455,100.00
364,57236,0.00
365,56338,0.00
366,56996,0.00
367,64879,0.00
368,53500,0.00
369,53755,0.00
370,66865,0.00
371,78390,50.00
372,34371,100.00
373,36018,0.00
374,54836,50.00
375,57359,100.00
376,42443,100.00
377,22140,0.00
378,26801,100.00
379,42806,50.00
380,27515,100.00
381,47091,0.00
382,55480,0.00
383,276199,0.00
384,53821,0.00
385,68963,0.00
386,57960,0.00
387,68263,0.00
388,31172,50.00
389,50233,100.00
390,48213,100.00
391,48646,100.00
392,41448,100.00
393,35588,100.00
394,25630,100.00
395,28152,100.00
396,52753,100.00
397,61687,50.00
398,42149,0.00
399,60535,50.00
400,69199,0.00
401,67621,0.00
402,58451,0.00
403,62806,0.00
404,59913,0.00
405,57944,0.00
406,56562,0.00
407,55880,0.00
408,59358,0.00
409,68749,0.00
410,43115,50.00
411,41768,100.00
412,59409,100.00
413,27345,0.00
414,39162,100.00
415,44733,100.00
416,33667,100.00
417,27521,100.00
418,42752,100.00
419,50964,100.00
420,52693,0.00
421,52755,0.00
422,57196,0.00
423,58787,0.00
424,61256,0.00
425,60326,0.00
426,56923,0.00
427,65474,0.00
428,65295,0.00
429,56574,0.00
430,60748,0.00
431,69958,0.00
432,67319,100.00
433,56794,100.00
434,26983,0.00
435,26059,100.00
436,57650,100.00
437,31391,100.00
438,54716,100.00
439,58285,50.00
440,50606,0.00
441,56980,0.00
442,64621,0.00
443,57213,0.00
444,55155,0.00
445,56293,0.00
446,65620,0.00
447,33372,100.00
448,41049,50.00
449,66044,0.00
450,46136,100.00
451,47604,66.67
452,27025,0.00
453,36789,100.00
454,58693,100.00
455,52627,0.00
456,40052,100.00
457,28510,50.00
458,32373,0.00
459,63536,50.00
460,56803,0.00
461,69411,0.00
462,56892,0.00
463,56391,0.00
464,57550,0.00
465,67431,0.00
466,43663,50.00
467,26678,0.00
468,35385,50.00
469,62017,100.00
470,22315,0.00
471,24620,100.00
472,29483,100.00
473,37317,100.00
474,67567,50.00
475,58297,50.00
476,67865,0.00
477,57631,0.00
478,58497,0.00
479,71862,0.00
480,54844,0.00
481,69911,0.00
482,67605,0.00
483,57610,50.00
484,33081,0.00
485,54534,100.00
486,60667,100.00
487,53314,100.00
488,24239,0.00
489,24557,100.00
490,35675,100.00
491,31882,100.00
492,37044,50.00
493,44599,0.00
494,56499,0.00
495,54825,0.00
496,58828,0.00
497,56685,0.00
498,63112,0.00
499,61622,0.00
500,55280,0.00
501,55106,0.00
502,70337,33.33
503,62671,0.00
504,43447,50.00
505,47101,100.00
506,20486,0.00
507,59107,100.00
508,57389,100.00
509,41828,100.00
510,32260,100.00
511,27267,100.00
512,29254,0.00
513,50621,50.00
514,57334,0.00
515,59966,0.00
516,54901,0.00
517,62068,0.00
518,52808,0.00
519,68309,0.00
520,52894,0.00
521,63259,0.00
522,58267,0.00
523,71212,50.00
524,61841,0.00
525,58300,100.00
526,38930,100.00
527,23876,0.00
528,29529,100.00
529,55835,100.00
530,39513,0.00
531,58868,50.00
532,55188,0.00
533,56355,0.00
534,54603,0.00
535,69254,0.00
536,54661,0.00
537,57534,0.00
538,67189,50.00
539,51031,0.00
540,31492,100.00
541,40077,50.00
542,62034,0.00
543,54469,100.00
544,38998,100.00
545,24818,0.00
546,25747,100.00
547,60851,0.00
548,42877,50.00
549,59141,0.00
550,76327,0.00
551,58492,0.00
552,61706,0.00
553,63816,0.00
554,64546,0.00
555,71702,0.00
556,45728,50.00
557,66060,100.00
558,60806,100.00
559,62825,100.00
560,26240,0.00
561,25826,100.00
562,33358,100.00
563,52028,100.00
564,57026,100.00
565,62824,100.00
566,32695,0.00
567,60055,0.00
568,64624,0.00
569,62800,0.00
570,59992,0.00
571,59042,0.00
572,62557,0.00
573,61689,0.00
574,64505,0.00
575,59677,0.00
576,62773,0.00
577,81161,0.00
578,51603,50.00
579,57297,100.00
580,63114,100.00
581,27001,0.00
582,27805,100.00
583,53349,100.00
584,26751,100.00
585,30769,100.00
586,48972,100.00
587,55806,100.00
588,48672,0.00
589,61733,0.00
590,61001,0.00
591,59445,0.00
592,62971,0.00
593,54763,0.00
594,62722,0.00
595,72084,0.00
596,67136,0.00
597,72926,0.00
598,57270,0.00
599,59942,0.00
600,71065,50.00
601,69738,100.00
602,27274,0.00
603,28461,100.00
604,56007,100.00
605,47272,100.00
606,32038,100.00
607,58127,0.00
608,43711,50.00
609,37354,0.00
610,61836,0.00
611,63303,0.00
612,54714,0.00
613,58496,0.00
614,78484,0.00
615,52394,50.00
616,40948,50.00
617,53091,0.00
618,55264,50.00
619,47963,50.00
620,44937,0.00
621,37703,100.00
622,60398,100.00
623,33238,0.00
624,47452,100.00
625,28797,0.00
626,26855,50.00
627,45780,100.00
628,59765,0.00
629,55286,0.00
630,52443,0.00
631,55695,0.00
632,57961,0.00
633,67367,0.00
634,39560,50.00
635,29557,50.00
636,34563,0.00
637,65163,66.67
638,23305,0.00
639,21839,100.00
640,33634,100.00
641,24664,0.00
642,49528,50.00
643,50920,50.00
644,57265,0.00
645,57087,0.00
646,60276,0.00
647,61109,0.00
648,69733,0.00
649,60752,0.00
650,73288,0.00
651,54378,0.00
652,63041,66.67
653,36953,0.00
654,53341,100.00
655,47509,100.00
656,35609,0.00
657,25539,100.00
658,29029,100.00
659,56029,0.00
660,55774,100.00
661,36969,50.00
662,56803,0.00
663,58838,0.00
664,57893,0.00
665,58102,0.00
666,59075,0.00
667,59535,0.00
668,54901,0.00
669,59393,0.00
670,57599,0.00
671,71084,0.00
672,48597,100.00
673,49921,66.67
674,27364,0.00
675,51666,100.00
676,61644,100.00
677,43213,100.00
678,32954,100.00
679,25492,100.00
680,25711,0.00
681,40251,50.00
682,114477,0.00
683,73014,0.00
684,56945,0.00
685,65246,0.00
686,53513,0.00
687,57858,0.00
688,69640,0.00
689,62837,0.00
690,74306,50.00
691,56686,0.00
692,65957,100.00
693,35657,100.00
694,34082,100.00
695,21442,0.00
696,50380,100.00
697,50602,100.00
698,53409,100.00
699,57267,50.00
700,61054,0.00
701,55206,0.00
702,57551,0.00
703,63625,0.00
704,58403,0.00
705,63855,0.00
706,74959,0.00
707,48242,50.00
708,36724,50.00
709,43491,0.00
710,60305,50.00
711,51121,100.00
712,42991,100.00
713,25054,0.00
714,48478,100.00
715,57689,50.00
716,43189,0.00
717,54404,0.00
718,54912,0.00
719,56641,0.00
720,65954,0.00
721,57983,0.00
722,61734,0.00
723,68810,100.00
724,36909,0.00
725,67525,100.00
726,59619,100.00
727,55491,100.00
728,24844,0.00
729,20954,100.00
730,28011,100.00
731,46318,100.00
732,56848,100.00
733,41347,100.00
734,27635,0.00
735,55338,0.00
736,66755,0.00
737,59573,0.00
738,56280,0.00
739,61355,0.00
740,71063,0.00
741,62753,0.00
742,63132,0.00
743,60228,0.00
744,55653,0.00
745,73771,33.33
746,56688,100.00
747,37915,100.00
748,64143,100.00
749,25408,0.00
750,62638,100.00
751,52759,100.00
752,31926,100.00
753,28190,100.00
754,62818,100.00
755,41996,100.00
756,53520,0.00
757,59483,0.00
758,58177,0.00
759,56060,0.00
760,60261,0.00
761,56867,0.00
762,60558,0.00
763,56981,0.00
764,55404,0.00
765,61245,0.00
766,60165,0.00
767,71565,0.00
768,67740,66.67
769,27093,0.00
770,25073,100.00
771,24998,100.00
772,62833,100.00
773,52594,100.00
774,53209,100.00
775,50129,50.00
776,52154,0.00
777,60322,0.00
778,61367,0.00
779,58074,0.00
780,56075,0.00
781,59401,0.00
782,66583,0.00
783,40010,50.00
784,43766,100.00
785,64993,0.00
786,48614,50.00
787,51693,100.00
788,26593,0.00
789,48651,100.00
790,65935,100.00
791,36400,50.00
792,34704,100.00
793,31356,0.00
794,34132,50.00
795,57183,0.00
796,69705,0.00
797,57234,0.00
798,59000,0.00
799,62394,0.00
800,69058,0.00
801,60129,0.00
802,70299,50.00
803,42004,0.00
804,35134,50.00
805,63554,100.00
806,36492,0.00
807,40826,100.00
808,64071,100.00
809,73498,0.00
810,53380,100.00
811,59082,100.00
812,46809,0.00
813,59778,0.00
814,59890,0.00
815,58604,0.00
816,59138,0.00
817,57248,0.00
818,56674,0.00
819,59442,0.00
820,60776,0.00
821,68551,50.00
822,38809,0.00
823,71674,100.00
824,45388,0.00
825,44216,100.00
826,36483,100.00
827,28832,0.00
828,27443,100.00
829,30815,100.00
830,40954,50.00
831,28933,0.00
832,44068,50.00
833,50115,0.00
834,54114,0.00
835,59976,0.00
836,54791,0.00
837,54862,0.00
838,55224,0.00
839,52727,0.00
840,62080,0.00
841,57980,100.00
842,37809,0.00
843,35881,50.00
844,49183,100.00
845,43029,0.00
846,59839,100.00
847,33305,100.00
848,25873,100.00
849,40535,100.00
850,35945,50.00
851,59401,0.00
852,63091,0.00
853,67065,0.00
854,61573,0.00
855,61563,0.00
856,59444,0.00
857,59840,0.00
858,61196,0.00
859,74331,0.00
860,65848,100.00
861,66001,50.00
862,44751,100.00
863,20854,0.00
864,22173,100.00
865,27429,100.00
866,54987,100.00
867,59450,100.00
868,36015,100.00
869,59365,0.00
870,60277,0.00
871,70050,0.00
872,58982,0.00
873,59611,0.00
874,59719,0.00
875,59702,0.00
876,59254,0.00
877,70872,100.00
878,35912,0.00
879,38912,50.00
880,71876,100.00
881,25546,0.00
882,34836,100.00
883,52103,100.00
884,53525,100.00
885,39505,100.00
886,38153,50.00
887,67843,0.00
888,53587,0.00
889,56799,0.00
890,56927,0.00
891,56912,0.00
892,71030,0.00
893,64415,0.00
894,58580,0.00
895,63743,0.00
896,68241,0.00
897,65672,100.00
898,52192,66.67
899,23077,0.00
900,48122,100.00
901,49442,100.00
902,53712,100.00
903,35088,100.00
904,36175,100.00
905,33375,100.00
906,47657,50.00
907,50879,0.00
908,55482,0.00
909,60148,0.00
910,57607,0.00
911,62315,0.00
912,57470,0.00
913,63088,0.00
914,62334,0.00
915,56273,0.00
916,69610,100.00
917,26017,0.00
918,60293,100.00
919,31341,100.00
920,26501,100.00
921,51510,100.00
922,33737,100.00
923,31923,100.00
924,57883,100.00
925,50619,100.00
926,53777,0.00
927,59320,0.00
928,57696,0.00
929,61283,0.00
930,58121,0.00
931,61672,0.00
932,68045,0.00
933,63999,0.00
934,62905,0.00
935,77757,0.00
936,54405,0.00
937,68137,0.00
938,65616,100.00
939,24559,100.00
940,36583,100.00
941,41736,0.00
942,51980,100.00
943,45910,100.00
944,49848,100.00
945,34418,100.00
946,43838,100.00
947,47587,0.00
948,58036,0.00
949,74013,0.00
950,60069,0.00
951,60347,0.00
952,59266,0.00
953,54549,0.00
954,68309,0.00
955,74340,0.00
956,73191,0.00
957,64253,100.00
958,57014,66.67
959,24533,0.00
960,57807,100.00
961,57190,100.00
962,56252,100.00
963,63282,100.00
964,66918,50.00
965,49177,100.00
966,65059,0.00
967,62128,0.00
968,62577,0.00
969,59649,0.00
970,58047,0.00
971,59141,0.00
972,61633,0.00
973,67932,50.00
974,32488,0.00
975,64438,50.00
976,270896,50.00
977,65002,0.00
978,68498,100.00
979,45094,100.00
980,36971,0.00
981,38758,100.00
982,60869,100.00
983,28075,0.00
984,59655,0.00
985,61352,0.00
986,63698,0.00
987,63362,0.00
988,60883,0.00
989,58933,0.00
990,70470,0.00
991,74041,50.00
992,53319,0.00
993,38160,100.00
994,69880,66.67
995,50823,0.00
996,34236,100.00
997,26997,100.00
998,27311,100.00
999,28789,100.00
1000,104196,100.00
1001,66413,0.00
1002,67190,50.00
1003,42142,50.00
1004,61338,0.00
1005,84273,0.00
1006,65628,0.00
1007,57941,0.00
1008,58758,0.00
1009,63641,0.00
1010,61988,0.00
1011,60614,0.00
1012,85944,0.00
1013,61240,0.00
1014,52389,66.67
1015,31499,100.00
1016,44569,0.00
1017,57858,100.00
1018,47597,100.00
1019,40792,0.00
1020,26274,100.00
1021,42096,100.00
1022,56306,50.00
1023,52581,0.00
1024,66447,0.00
1025,68606,0.00
1026,74039,0.00
1027,59049,0.00
1028,79176,0.00
1029,59352,0.00
1030,61798,0.00
1031,54926,0.00
1032,69048,0.00
1033,67111,66.67
1034,38209,0.00
1035,30589,100.00
1036,30242,100.00
1037,45463,0.00
1038,49565,100.00
1039,32431,100.00
1040,65182,0.00
1041,48269,50.00
1042,61970,0.00
1043,74044,0.00
1044,55079,0.00
1045,59011,0.00
1046,71723,0.00
1047,63710,0.00
1048,68413,50.00
1049,44464,0.00
1050,42778,50.00
1051,60378,50.00
1052,41905,0.00
1053,41514,100.00
1054,39120,100.00
1055,24622,0.00
1056,57762,100.00
1057,66890,50.00
1058,38463,0.00
1059,26833,100.00
1060,37240,50.00
1061,49621,0.00
1062,58027,0.00
1063,61145,0.00
1064,55033,0.00
1065,54068,0.00
1066,55360,0.00
1067,72797,0.00
1068,67414,0.00
1069,47457,50.00
1070,60249,100.00
1071,53519,100.00
1072,64343,100.00
1073,31665,0.00
1074,33588,100.00
1075,27188,100.00
1076,48535,100.00
1077,57755,0.00
1078,60905,0.00
1079,56493,0.00
1080,60169,0.00
1081,61659,0.00
1082,59420,0.00
1083,60807,0.00
1084,63217,0.00
1085,83704,0.00
1086,69016,0.00
1087,66772,100.00
1088,53198,0.00
1089,52026,100.00
1090,35188,100.00
1091,55743,0.00
1092,34807,100.00
1093,26581,100.00
1094,45563,0.00
1095,52362,100.00
1096,36110,100.00
1097,50112,0.00
1098,52949,0.00
1099,57333,0.00
1100,84587,0.00
1101,61912,0.00
1102,61245,0.00
1103,56227,0.00
1104,54835,0.00
1105,72892,0.00
1106,62202,0.00
1107,59177,0.00
1108,72865,50.00
1109,41204,100.00
1110,33445,100.00
1111,55567,100.00
1112,31965,0.00
1113,33611,100.00
1114,51693,100.00
1115,32233,100.00
1116,34422,100.00
1117,42982,50.00
1118,54041,0.00
1119,54379,0.00
1120,56469,0.00
1121,55213,0.00
1122,59543,0.00
1123,69226,0.00
1124,61924,0.00
1125,58408,0.00
1126,59073,0.00
1127,69127,50.00
1128,64406,100.00
1129,31960,100.00
1130,42770,100.00
1131,51768,100.00
1132,33957,100.00
1133,56191,100.00
1134,40567,100.00
1135,41568,50.00
1136,57433,50.00
1137,44045,0.00
1138,56943,0.00
1139,63815,0.00
1140,57219,0.00
1141,58488,0.00
1142,58490,0.00
1143,68061,0.00
1144,62185,100.00
1145,38573,0.00
1146,44105,50.00
1147,61984,100.00
1148,50606,100.00
1149,30173,100.00
1150,41420,100.00
1151,26798,0.00
1152,54914,50.00
1153,33058,0.00
1154,55981,0.00
1155,57836,0.00
1156,57962,0.00
1157,73137,0.00
1158,62309,0.00
1159,64106,0.00
1160,74637,0.00
1161,66861,100.00
1162,67862,66.67
1163,27397,0.00
1164,41118,100.00
1165,45565,100.00
1166,35943,100.00
1167,26080,100.00
1168,44511,100.00
1169,46955,100.00
1170,47207,100.00
1171,57978,100.00
1172,52839,0.00
1173,59610,0.00
1174,58926,0.00
1175,62099,0.00
1176,61738,0.00
1177,60911,0.00
1178,58826,0.00
1179,62881,0.00
1180,58885,0.00
1181,74328,0.00
1182,60217,0.00
1183,86188,50.00
1184,27251,0.00
1185,49486,100.00
1186,49959,100.00
1187,29766,100.00
1188,46218,100.00
1189,53277,100.00
1190,32805,100.00
1191,46774,100.00
1192,65508,100.00
1193,53582,100.00
1194,55557,0.00
1195,71071,0.00
1196,59050,0.00
1197,60180,0.00
1198,60626,0.00
1199,60080,0.00
1200,57863,0.00
1201,57601,0.00
1202,61896,0.00
1203,69004,0.00
1204,59822,0.00
1205,70149,0.00
1206,68288,100.00
1207,62598,100.00
1208,24685,0.00
1209,57394,100.00
1210,47385,100.00
1211,31081,50.00
1212,51841,100.00
1213,35947,0.00
1214,51519,0.00
1215,57192,0.00
1216,61083,0.00
1217,56940,0.00
1218,63156,0.00
1219,70077,50.00
1220,37790,50.00
1221,44506,0.00
1222,64362,100.00
1223,39557,50.00
1224,39870,100.00
1225,41976,100.00
1226,37512,0.00
1227,52926,100.00
1228,168642,50.00
1229,56443,0.00
1230,38658,100.00
1231,29113,0.00
1232,44785,50.00
1233,58569,0.00
1234,68599,0.00
1235,58744,0.00
1236,60792,0.00
1237,58615,0.00
1238,70327,0.00
1239,50574,50.00
1240,41626,100.00
1241,43077,0.00
1242,58133,50.00
1243,56319,100.00
1244,28346,0.00
1245,27134,100.00
1246,39993,100.00
1247,53490,50.00
1248,47821,0.00
1249,58335,0.00
1250,53679,0.00
1251,55946,0.00
1252,57356,0.00
1253,59705,0.00
1254,59246,0.00
1255,73831,50.00
1256,41418,0.00
1257,54896,100.00
1258,69192,100.00
1259,43408,0.00
1260,47950,100.00
1261,36854,100.00
1262,25406,100.00
1263,30870,100.00
1264,49471,100.00
1265,23090,0.00
1266,44722,50.00
1267,50062,0.00
1268,54189,0.00
1269,61335,0.00
1270,59655,0.00
1271,54598,0.00
1272,54227,0.00
1273,57189,0.00
1274,54468,0.00
1275,55197,0.00
1276,82484,50.00
1277,35408,0.00
1278,40192,100.00
1279,56857,100.00
1280,31779,0.00
1281,52682,100.00
1282,51171,100.00
1283,33036,0.00
1284,29066,100.00
1285,27788,100.00
1286,52264,50.00
1287,55630,0.00
1288,58318,0.00
1289,58211,0.00
1290,62493,0.00
1291,58175,0.00
1292,58823,0.00
1293,60542,0.00
1294,63185,0.00
1295,62977,0.00
1296,72070,0.00
1297,70081,66.67
1298,36620,0.00
1299,37497,100.00
1300,32190,100.00
1301,30305,100.00
1302,63222,100.00
1303,56320,100.00
1304,61622,100.00
1305,48211,0.00
1306,65905,0.00
1307,75587,0.00
1308,74832,0.00
1309,58368,0.00
1310,55350,0.00
1311,60418,0.00
1312,69116,50.00
1313,35221,0.00
1314,36156,50.00
1315,49762,50.00
1316,68225,100.00
1317,23224,0.00
1318,25889,100.00
1319,28551,100.00
1320,45699,100.00
1321,60540,50.00
1322,51709,0.00
1323,57113,0.00
1324,66883,0.00
1325,58789,0.00
1326,54177,0.00
1327,66869,0.00
1328,56155,0.00
1329,66630,0.00
1330,37056,50.00
1331,62753,100.00
1332,52466,100.00
1333,58234,100.00
1334,23398,0.00
1335,24248,100.00
1336,30259,100.00
1337,52600,100.00
1338,57361,100.00
1339,50018,0.00
1340,38416,50.00
1341,50503,0.00
1342,47264,0.00
1343,60274,0.00
1344,52141,0.00
1345,53389,0.00
1346,53306,0.00
1347,54726,0.00
1348,58503,0.00
1349,56362,0.00
1350,55148,0.00
1351,69103,50.00
1352,53175,0.00
1353,37416,100.00
1354,64076,100.00
1355,23288,0.00
1356,50536,100.00
1357,45076,100.00
1358,31916,0.00
1359,28613,100.00
1360,58063,100.00
1361,46884,0.00
1362,53178,0.00
1363,57256,0.00
1364,61940,0.00
1365,71844,0.00
1366,58849,0.00
1367,55988,0.00
1368,53558,0.00
1369,57901,0.00
1370,55038,0.00
1371,54034,0.00
1372,53225,0.00
1373,70374,50.00
1374,56540,100.00
1375,37876,100.00
1376,32070,0.00
1377,47117,100.00
1378,44874,100.00
1379,33993,0.00
1380,54376,66.67
1381,38033,0.00
1382,35283,50.00
1383,47716,0.00
1384,56394,0.00
1385,64282,0.00
1386,54516,0.00
1387,71145,0.00
1388,31185,100.00
1389,32719,0.00
1390,51154,50.00
1391,49084,100.00
1392,37624,0.00
1393,41705,66.67
1394,35105,0.00
1395,55371,100.00
1396,60218,100.00
1397,38612,0.00
1398,35483,50.00
1399,38899,100.00
1400,45429,0.00
1401,48805,50.00
1402,50092,0.00
1403,53330,0.00
1404,57743,0.00
1405,62506,0.00
1406,40697,0.00
1407,32810,100.00
1408,38575,50.00
1409,51718,0.00
1410,52276,100.00
1411,42591,100.00
1412,20887,0.00
1413,27887,100.00
1414,49933,100.00
1415,55195,0.00
1416,47474,50.00
1417,54187,0.00
1418,51387,0.00
1419,53405,0.00
1420,52903,0.00
1421,59369,0.00
1422,52847,0.00
1423,65824,0.00
1424,36076,0.00
1425,49393,100.00
1426,63997,100.00
1427,34046,0.00
1428,43021,100.00
1429,29559,100.00
1430,24773,100.00
1431,27465,100.00
1432,52078,100.00
1433,21006,0.00
1434,46876,100.00
1435,52839,0.00
1436,55929,0.00
1437,54028,0.00
1438,62604,0.00
1439,52335,0.00
1440,50531,0.00
1441,64022,0.00
1442,53256,0.00
1443,54913,0.00
1444,70529,0.00
1445,40435,50.00
1446,41297,100.00
1447,41342,100.00
1448,45205,0.00
1449,60167,100.00
1450,41500,100.00
1451,32933,0.00
1452,43800,100.00
1453,44835,50.00
1454,56425,0.00
1455,54356,0.00
1456,57725,0.00
1457,59026,0.00
1458,62795,0.00
1459,58740,0.00
1460,53990,0.00
1461,52427,0.00
1462,53034,0.00
1463,64764,0.00
1464,55346,50.00
1465,64352,100.00
1466,24413,0.00
1467,24245,100.00
1468,25849,100.00
1469,25594,100.00
1470,56492,100.00
1471,55056,100.00
1472,57457,50.00
1473,47134,0.00
1474,60380,0.00
1475,48228,0.00
1476,54679,0.00
1477,53652,0.00
1478,62851,0.00
1479,58275,0.00
1480,71507,33.33
1481,47517,0.00
1482,38139,50.00
1483,60230,100.00
1484,46209,0.00
1485,34554,100.00
1486,38623,100.00
1487,23383,0.00
1488,65270,100.00
1489,51138,50.00
1490,60436,0.00
1491,57696,0.00
1492,59147,0.00
1493,57895,0.00
1494,57087,0.00
1495,59405,0.00
1496,71006,0.00
1497,44259,50.00
1498,70470,100.00
1499,25629,0.00
1500,54338,100.00
1501,39706,100.00
1502,21614,100.00
1503,26010,100.00
1504,38463,100.00
1505,56333,100.00
1506,51730,100.00
1507,36969,0.00
1508,47143,0.00
1509,64013,0.00
1510,57491,0.00
1511,51130,0.00
1512,54312,0.00
1513,53877,0.00
1514,61207,0.00
1515,57756,0.00
1516,56033,0.00
1517,54333,0.00
1518,56088,0.00
1519,68246,66.67
1520,28597,0.00
1521,44942,100.00
1522,48689,100.00
1523,32718,100.00
1524,48158,100.00
1525,45019,100.00
1526,29178,100.00
1527,32081,100.00
1528,63495,100.00
1529,32532,100.00
1530,59919,0.00
1531,81651,0.00
1532,60444,0.00
1533,56606,0.00
1534,64625,0.00
1535,53158,0.00
1536,54852,0.00
1537,73087,0.00
1538,59415,0.00
1539,61190,0.00
1540,65976,0.00
1541,71079,0.00
1542,67612,100.00
1543,37355,100.00
1544,23362,0.00
1545,44014,100.00
1546,44358,100.00
1547,42058,100.00
1548,52458,100.00
1549,38858,50.00
1550,49399,0.00
1551,60118,0.00
1552,64054,0.00
1553,55108,0.00
1554,57236,0.00
1555,57416,0.00
1556,70543,0.00
1557,68119,50.00
1558,50500,100.00
1559,63254,0.00
1560,49537,50.00
1561,50942,100.00
1562,27562,0.00
1563,53515,100.00
1564,58170,100.00
1565,47708,50.00
1566,31605,0.00
1567,28572,50.00
1568,44429,50.00
1569,55972,0.00
1570,60018,0.00
1571,53485,0.00
1572,68171,0.00
1573,56546,0.00
1574,57691,0.00
1575,69281,0.00
1576,66648,0.00
1577,36199,50.00
1578,36010,50.00
1579,59595,100.00
1580,36112,0.00
1581,42371,100.00
1582,40045,100.00
1583,42266,100.00
1584,61194,100.00
1585,44885,0.00
1586,59175,0.00
1587,58944,0.00
1588,57380,0.00
1589,60978,0.00
1590,59457,0.00
1591,56161,0.00
1592,57560,0.00
1593,53931,50.00
1594,52816,100.00
1595,35522,0.00
1596,57100,50.00
1597,67415,100.00
1598,28506,0.00
1599,30450,100.00
1600,28374,100.00
1601,30877,100.00
1602,67099,100.00
1603,62518,0.00
1604,38879,100.00
1605,29928,50.00
1606,62641,0.00
1607,73528,0.00
1608,58367,0.00
1609,54895,0.00
1610,58323,0.00
1611,59077,0.00
1612,58595,0.00
1613,70595,0.00
1614,54479,100.00
1615,46488,50.00
1616,38866,0.00
1617,43324,100.00
1618,63964,100.00
1619,33069,0.00
1620,40590,100.00
1621,41717,100.00
1622,41659,0.00
1623,41452,50.00
1624,59795,50.00
1625,72076,0.00
1626,58969,0.00
1627,65285,0.00
1628,58034,0.00
1629,60114,0.00
1630,63174,0.00
1631,157435,0.00
1632,71503,0.00
1633,85438,50.00
1634,70246,0.00
1635,47385,100.00
1636,39851,100.00
1637,22982,0.00
1638,30836,100.00
1639,52493,100.00
1640,57763,100.00
1641,44301,100.00
1642,60017,0.00
1643,59735,0.00
1644,57368,0.00
1645,62268,0.00
1646,68475,0.00
1647,60923,0.00
1648,61389,0.00
1649,153561,0.00
1650,60381,0.00
1651,72116,100.00
1652,67922,0.00
1653,70965,100.00
1654,70034,100.00
1655,28528,0.00
1656,51343,100.00
1657,54098,100.00
1658,38218,100.00
1659,46877,100.00
1660,61694,50.00
1661,54199,0.00
1662,62457,0.00
1663,61434,0.00
1664,57385,0.00
1665,61348,0.00
1666,58124,0.00
1667,63632,0.00
1668,76805,0.00
1669,57216,0.00
1670,62866,0.00
1671,68045,0.00
1672,70979,100.00
1673,40756,0.00
1674,45794,100.00
1675,31992,100.00
1676,28379,100.00
1677,55902,100.00
1678,60197,100.00
1679,55435,100.00
1680,46041,100.00
1681,62372,0.00
1682,69033,0.00
1683,63583,0.00
1684,57333,0.00
1685,58749,0.00
1686,61223,0.00
1687,57238,0.00
1688,53177,0.00
1689,57957,0.00
1690,56803,0.00
1691,69720,0.00
1692,52551,100.00
1693,56571,100.00
1694,33277,0.00
1695,56473,100.00
1696,51937,100.00
1697,39567,100.00
1698,38149,100.00
1699,31794,100.00
1700,42797,100.00
1701,46650,50.00
1702,58834,0.00
1703,58287,0.00
1704,60371,0.00
1705,57810,0.00
1706,58948,0.00
1707,62005,0.00
1708,59252,0.00
1709,60177,0.00
1710,61015,0.00
1711,70270,0.00
1712,67717,50.00
1713,61737,100.00
1714,26502,100.00
1715,28087,100.00
1716,31224,100.00
1717,63657,100.00
1718,58501,100.00
1719,39550,100.00
1720,37999,66.67
1721,27276,0.00
1722,54243,0.00
1723,60054,0.00
1724,60221,0.00
1725,58792,0.00
1726,56186,0.00
1727,58277,0.00
1728,58819,0.00
1729,55988,0.00
1730,62744,0.00
1731,74631,50.00
1732,33312,100.00
1733,58029,100.00
1734,63023,100.00
1735,28413,100.00
1736,27063,100.00
1737,31520,100.00
1738,49850,100.00
1739,51754,100.00
1740,58666,100.00
1741,56691,0.00
1742,53203,0.00
1743,53812,0.00
1744,60781,0.00
1745,56677,0.00
1746,58448,0.00
1747,52962,0.00
1748,59032,0.00
1749,57953,0.00
1750,61096,0.00
1751,65239,0.00
1752,61577,100.00
1753,39779,100.00
1754,25901,0.00
1755,61509,100.00
1756,54578,100.00
1757,50173,0.00
1758,35750,100.00
1759,56655,50.00
1760,54834,0.00
1761,58890,0.00
1762,57286,0.00
1763,62918,0.00
1764,67573,0.00
1765,59107,0.00
1766,66755,0.00
1767,69231,0.00
1768,56896,50.00
1769,40029,0.00
1770,68298,100.00
1771,38170,100.00
1772,47715,100.00
1773,27353,100.00
1774,39238,100.00
1775,38349,100.00
1776,62053,100.00
1777,63230,50.00
1778,45870,0.00
1779,53082,0.00
1780,58635,0.00
1781,64546,0.00
1782,59850,0.00
1783,59003,0.00
1784,72935,0.00
1785,58668,0.00
1786,59387,0.00
1787,73254,0.00
1788,59716,50.00
1789,37264,100.00
1790,40354,100.00
1791,34070,100.00
1792,65020,100.00
1793,22268,0.00
1794,26783,100.00
1795,31147,100.00
1796,35322,0.00
1797,40478,50.00
1798,59404,100.00
1799,61958,0.00
1800,60849,0.00
1801,57898,0.00
1802,63284,0.00
1803,59823,0.00
1804,58689,0.00
1805,71695,0.00
1806,67567,0.00
1807,59927,100.00
1808,62018,66.67
1809,21282,0.00
1810,23826,100.00
1811,26401,100.00
1812,31464,100.00
1813,64085,100.00
1814,58422,100.00
1815,54550,50.00
1816,57824,0.00
1817,61555,0.00
1818,60184,0.00
1819,59769,0.00
1820,57905,0.00
1821,58182,0.00
1822,63808,0.00
1823,71722,0.00
1824,54943,50.00
1825,40820,100.00
1826,59599,0.00
1827,56872,100.00
1828,53281,100.00
1829,41159,0.00
1830,54247,100.00
1831,31694,100.00
1832,58961,0.00
1833,60878,100.00
1834,70292,0.00
1835,61366,0.00
1836,59484,0.00
1837,64770,0.00
1838,59435,0.00
1839,56343,0.00
1840,57221,0.00
1841,54083,0.00
1842,59827,0.00
1843,58344,0.00
1844,80986,0.00
1845,59408,100.00
1846,59944,100.00
1847,24641,0.00
1848,30288,100.00
1849,29603,100.00
1850,58989,100.00
1851,64381,100.00
1852,60342,100.00
1853,30375,0.00
1854,53029,0.00
1855,54121,0.00
1856,55096,0.00
1857,53675,0.00
1858,62438,0.00
1859,60211,0.00
1860,54910,0.00
1861,58192,0.00
1862,57193,0.00
1863,69908,50.00
1864,65818,50.00
1865,26824,0.00
1866,56879,100.00
1867,58512,100.00
1868,51400,0.00
1869,34351,100.00
1870,26304,100.00
1871,28082,0.00
1872,48761,100.00
1873,52951,50.00
1874,49424,0.00
1875,52988,0.00
1876,53256,0.00
1877,54026,0.00
1878,66798,0.00
1879,63026,0.00
1880,57559,0.00
1881,65399,0.00
1882,62817,0.00
1883,58658,0.00
1884,68691,100.00
1885,40827,0.00
1886,35530,100.00
1887,29106,100.00
1888,52321,100.00
1889,43680,0.00
1890,51113,100.00
1891,35655,100.00
1892,33141,100.00
1893,24138,50.00
1894,50312,50.00
1895,56600,0.00
1896,62925,0.00
1897,61820,0.00
1898,59232,0.00
1899,58681,0.00
1900,75853,0.00
1901,60661,0.00
1902,62121,0.00
1903,65300,0.00
1904,73595,100.00
1905,64331,100.00
1906,65895,100.00
1907,27730,0.00
1908,31958,100.00
1909,30495,100.00
1910,40968,100.00
1911,52825,100.00
1912,62639,100.00
1913,53117,50.00
1914,57419,0.00
1915,50117,0.00
1916,54415,0.00
1917,60165,0.00
1918,62095,0.00
1919,56686,0.00
1920,54002,0.00
1921,59952,0.00
1922,79279,0.00
1923,59148,100.00
1924,35083,0.00
1925,44975,100.00
1926,42511,100.00
1927,56824,100.00
1928,24299,0.00
1929,45479,100.00
1930,50341,100.00
1931,38203,100.00
1932,44277,33.33
1933,48435,0.00
1934,48325,0.00
1935,56320,0.00
1936,68095,0.00
1937,56313,0.00
1938,57020,0.00
1939,69632,0.00
1940,38721,0.00
1941,32623,50.00
1942,60833,50.00
1943,56982,100.00
1944,54051,100.00
1945,40273,100.00
1946,23518,0.00
1947,42854,100.00
1948,54040,100.00
1949,46702,0.00
1950,41406,50.00
1951,30887,0.00
1952,54171,0.00
1953,55263,0.00
1954,65978,0.00
1955,57655,0.00
1956,57925,0.00
1957,58038,0.00
1958,60727,0.00
1959,65407,100.00
1960,46084,0.00
1961,33442,50.00
1962,39492,100.00
1963,58305,100.00
1964,38207,0.00
1965,40629,100.00
1966,30379,100.00
1967,34495,0.00
1968,28746,100.00
1969,28997,0.00
1970,30490,100.00
1971,53302,0.00
1972,53397,0.00
1973,57989,0.00
1974,56701,0.00
1975,54038,0.00
1976,55100,0.00
1977,60139,0.00
1978,58813,0.00
1979,54663,0.00
1980,73582,50.00
1981,63509,66.67
1982,25361,0.00
1983,23493,100.00
1984,30622,100.00
1985,41155,100.00
1986,55994,100.00
1987,38413,100.00
1988,34807,100.00
1989,49002,0.00
1990,62116,0.00
1991,61862,0.00
1992,55525,0.00
1993,57939,0.00
1994,55036,0.00
1995,70251,0.00
1996,36021,0.00
1997,34345,50.00
1998,47561,100.00
1999,62950,100.00
2000,49443,0.00
2001,29919,100.00
2002,66273,100.00
2003,29792,100.00
2004,55371,100.00
2005,50391,0.00
2006,35005,50.00
2007,46223,100.00
2008,50347,0.00
2009,56133,0.00
2010,49888,0.00
2011,60210,0.00
2012,54556,0.00
2013,54710,0.00
2014,60077,0.00
2015,57372,0.00
2016,69450,0.00
2017,46134,100.00
2018,30746,50.00
2019,37667,100.00
2020,53479,100.00
2021,27519,0.00
2022,34122,100.00
2023,37825,100.00
2024,59552,100.00
2025,36389,100.00
2026,59265,0.00
2027,58473,0.00
2028,59254,0.00
2029,60912,0.00
2030,58993,0.00
2031,55277,0.00
2032,56828,0.00
2033,70735,50.00
2034,44657,0.00
2035,31617,50.00
2036,36998,0.00
2037,54822,100.00
2038,63734,100.00
2039,19924,0.00
2040,26598,100.00
2041,32261,100.00
2042,43385,100.00
2043,46464,0.00
2044,57322,50.00
2045,41185,50.00
2046,53896,0.00
2047,52685,0.00
2048,58065,0.00
2049,56208,0.00
2050,56408,0.00
2051,60340,0.00
2052,70228,0.00
2053,67117,0.00
2054,39505,50.00
2055,49974,50.00
2056,47962,100.00
2057,25483,0.00
2058,63307,100.00
2059,58328,100.00
2060,28983,100.00
2061,45455,100.00
2062,43490,0.00
2063,32826,50.00
2064,52752,50.00
2065,58226,0.00
2066,59732,0.00
2067,57452,0.00
2068,58029,0.00
2069,51498,0.00
2070,54200,0.00
2071,57662,0.00
2072,74399,0.00
2073,60895,0.00
2074,62611,100.00
2075,38460,50.00
2076,41394,100.00
2077,33618,100.00
2078,31046,0.00
2079,56034,100.00
2080,58532,100.00
2081,61520,0.00
2082,52099,50.00
2083,57988,0.00
2084,55070,0.00
2085,57164,0.00
2086,62736,0.00
2087,66135,0.00
2088,62076,0.00
2089,71021,0.00
2090,36958,0.00
2091,53112,100.00
2092,44318,100.00
2093,48456,0.00
2094,52721,100.00
2095,55348,100.00
2096,58098,100.00
2097,33876,100.00
2098,36703,0.00
2099,52372,0.00
2100,56344,0.00
2101,65614,0.00
2102,84523,0.00
2103,62358,0.00
2104,66346,0.00
2105,85493,0.00
2106,55408,100.00
2107,36367,50.00
2108,48970,0.00
2109,63350,100.00
2110,44412,0.00
2111,29388,100.00
2112,29395,100.00
2113,38632,100.00
2114,59650,50.00
2115,49955,100.00
2116,56673,50.00
2117,40930,0.00
2118,54906,33.33
2119,56737,0.00
2120,57053,0.00
2121,56182,0.00
2122,55216,0.00
2123,58405,0.00
2124,58965,0.00
2125,65580,0.00
2126,43510,0.00
2127,35606,50.00
2128,49915,100.00
2129,61710,0.00
2130,57277,100.00
2131,58262,100.00
2132,42871,100.00
2133,35742,100.00
2134,37615,100.00
2135,36191,50.00
2136,42390,50.00
2137,55824,0.00
2138,64414,0.00
2139,73403,0.00
2140,60783,0.00
2141,58040,0.00
2142,58642,0.00
2143,63139,0.00
2144,63024,0.00
2145,59320,0.00
2146,73551,0.00
2147,68896,50.00
2148,49386,100.00
2149,40047,100.00
2150,25503,0.00
2151,28317,100.00
2152,64518,100.00
2153,59171,0.00
2154,39074,100.00
2155,51456,0.00
2156,56609,0.00
2157,54422,0.00
2158,63949,0.00
2159,56549,0.00
2160,59085,0.00
2161,71227,0.00
2162,67031,50.00
2163,44296,0.00
2164,39701,100.00
2165,55592,0.00
2166,62663,100.00
2167,47118,100.00
2168,23905,0.00
2169,66121,100.00
2170,50766,100.00
2171,57588,50.00
2172,30727,100.00
2173,34737,50.00
2174,54795,0.00
2175,56249,0.00
2176,65846,0.00
2177,57784,0.00
2178,61147,0.00
2179,60749,0.00
2180,59389,0.00
2181,62224,0.00
2182,73239,50.00
2183,48775,0.00
2184,38421,50.00
2185,41225,100.00
2186,41487,0.00
2187,47800,100.00
2188,41293,100.00
2189,30341,0.00
2190,61465,100.00
2191,45365,100.00
2192,69427,0.00
2193,59092,0.00
2194,60910,0.00
2195,59670,0.00
2196,56811,0.00
2197,57807,0.00
2198,57386,0.00
2199,83115,0.00
2200,55768,50.00
2201,35140,0.00
2202,51543,50.00
2203,68530,100.00
2204,29648,0.00
2205,50140,100.00
2206,27520,100.00
2207,29772,100.00
2208,43397,100.00
2209,49246,50.00
2210,56537,50.00
2211,43793,0.00
2212,58019,0.00
2213,64433,0.00
2214,58841,0.00
2215,56957,0.00
2216,66868,0.00
2217,61338,0.00
2218,59363,0.00
2219,83922,100.00
2220,44306,50.00
2221,33895,0.00
2222,33889,100.00
2223,33948,0.00
2224,56164,100.00
2225,64038,100.00
2226,54485,100.00
2227,34344,100.00
2228,34760,0.00
2229,35826,100.00
2230,49213,50.00
2231,52653,0.00
2232,60245,0.00
2233,59882,0.00
2234,67873,0.00
2235,58071,0.00
2236,59962,0.00
2237,56663,0.00
2238,56760,0.00
2239,64415,50.00
2240,64983,0.00
2241,47883,100.00
2242,29508,100.00
2243,24140,0.00
2244,27729,100.00
2245,43048,100.00
2246,58340,0.00
2247,49984,100.00
2248,55271,0.00
2249,51476,0.00
2250,52954,0.00
2251,58437,0.00
2252,53141,0.00
2253,54632,0.00
2254,60505,0.00
2255,73622,0.00
2256,65831,50.00
2257,38944,50.00
2258,33512,0.00
2259,54863,100.00
2260,60128,100.00
2261,24978,0.00
2262,53804,100.00
2263,52045,100.00
2264,30087,100.00
2265,53703,50.00
2266,56622,0.00
2267,63695,0.00
2268,61247,0.00
2269,62435,0.00
2270,55303,0.00
2271,59095,0.00
2272,84862,0.00
2273,38385,100.00
2274,49186,0.00
2275,63514,50.00
2276,68307,100.00
2277,65481,100.00
2278,45878,100.00
2279,25804,0.00
2280,47993,100.00
2281,55818,100.00
2282,63090,0.00
2283,44441,50.00
2284,48494,50.00
2285,53317,0.00
2286,57559,0.00
2287,68650,0.00
2288,65462,0.00
2289,53848,0.00
2290,55363,0.00
2291,56849,0.00
2292,58741,0.00
2293,69224,0.00
2294,42831,50.00
2295,46795,50.00
2296,32869,100.00
2297,52845,100.00
2298,56890,100.00
2299,37120,100.00
2300,26906,100.00
2301,30699,100.00
2302,46148,100.00
2303,53121,0.00
2304,51878,50.00
2305,70021,0.00
2306,57182,0.00
2307,53732,0.00
2308,57602,0.00
2309,72790,0.00
2310,55795,0.00
2311,54828,0.00
2312,55969,0.00
2313,71665,0.00
2314,68940,100.00
2315,42978,0.00
2316,39674,100.00
2317,40454,100.00
2318,24676,0.00
2319,54007,100.00
2320,56225,100.00
2321,37321,100.00
2322,48311,50.00
2323,58467,0.00
2324,61255,0.00
2325,68079,0.00
2326,59259,0.00
2327,61534,0.00
2328,60547,0.00
2329,60215,0.00
2330,67107,0.00
2331,36341,100.00
2332,42873,50.00
2333,61131,50.00
2334,46600,100.00
2335,38435,100.00
2336,53163,0.00
2337,32016,100.00
2338,63120,100.00
2339,41450,0.00
2340,45738,50.00
2341,59204,100.00
2342,52313,0.00
2343,58497,0.00
2344,62562,0.00
2345,58685,0.00
2346,55329,0.00
2347,60018,0.00
2348,64148,0.00
2349,59885,0.00
2350,71755,0.00
2351,42305,0.00
2352,55212,66.67
2353,38523,100.00
2354,25668,0.00
2355,59946,100.00
2356,47615,100.00
2357,57568,100.00
2358,43717,100.00
2359,54843,0.00
2360,57401,0.00
2361,56649,0.00
2362,54121,0.00
2363,50483,0.00
2364,51810,0.00
2365,53202,0.00
2366,56573,0.00
2367,56181,0.00
2368,57838,50.00
2369,36122,50.00
2370,48075,0.00
2371,62467,75.00
2372,39413,0.00
2373,25298,100.00
2374,27721,100.00
2375,25323,100.00
2376,45920,100.00
2377,57068,0.00
2378,44988,50.00
2379,32623,100.00
2380,55710,0.00
2381,53858,0.00
2382,57439,0.00
2383,60192,0.00
2384,54068,0.00
2385,58899,0.00
2386,69351,0.00
2387,37853,50.00
2388,31343,100.00
2389,32167,0.00
2390,52511,100.00
2391,62641,100.00
2392,64175,100.00
2393,21694,0.00
2394,36761,50.00
2395,29402,100.00
2396,28181,50.00
2397,41852,0.00
2398,53392,50.00
2399,54440,0.00
2400,55540,0.00
2401,59688,0.00
2402,57421,0.00
2403,53429,0.00
2404,64481,0.00
2405,47059,50.00
2406,60271,0.00
2407,32804,100.00
2408,32954,100.00
2409,27121,100.00
2410,50635,100.00
2411,31807,0.00
2412,45825,100.00
2413,49925,50.00
2414,33197,0.00
2415,50218,0.00
2416,60063,0.00
2417,66737,0.00
2418,52358,0.00
2419,55168,0.00
2420,54861,0.00
2421,54215,0.00
2422,58696,50.00
2423,29238,0.00
2424,37000,66.67
2425,58489,100.00
2426,35392,0.00
2427,41743,100.00
2428,44892,100.00
2429,32542,100.00
2430,38592,100.00
2431,34006,100.00
2432,48001,0.00
2433,59148,0.00
2434,57415,0.00
2435,55873,0.00
2436,59065,0.00
2437,56442,0.00
2438,54196,0.00
2439,57007,0.00
2440,59586,0.00
2441,67501,0.00
2442,72420,100.00
2443,65593,100.00
2444,20686,0.00
2445,26405,100.00
2446,24259,100.00
2447,29014,0.00
2448,50380,100.00
2449,61377,100.00
2450,24782,0.00
2451,36068,100.00
2452,49176,0.00
2453,53679,0.00
2454,55089,0.00
2455,58785,0.00
2456,60115,0.00
2457,59356,0.00
2458,58433,0.00
2459,56648,0.00
2460,55877,0.00
2461,67266,50.00
2462,30503,0.00
2463,46849,100.00
2464,65245,100.00
2465,44711,0.00
2466,35526,100.00
2467,26628,100.00
2468,25845,0.00
2469,33314,100.00
2470,31180,100.00
2471,40888,0.00
2472,45297,50.00
2473,52306,0.00
2474,61279,0.00
2475,55771,0.00
2476,55229,0.00
2477,56997,0.00
2478,55556,0.00
2479,52277,0.00
2480,58836,0.00
2481,67202,0.00
2482,62477,50.00
2483,31897,0.00
2484,36954,100.00
2485,36750,100.00
2486,39060,0.00
2487,53429,100.00
2488,53398,100.00
2489,25500,100.00
2490,35386,100.00
2491,16945,50.00
2492,66215,0.00
2493,52225,0.00
2494,62243,0.00
2495,57686,0.00
2496,64607,0.00
2497,59149,0.00
2498,53691,0.00
2499,60536,0.00
2500,58541,0.00
2501,70512,100.00
2502,57507,100.00
2503,64056,100.00
2504,22212,0.00
2505,24648,100.00
2506,22906,100.00
2507,26295,100.00
2508,52024,100.00
2509,60621,100.00
2510,43673,50.00
2511,50099,0.00
2512,61712,0.00
2513,64483,0.00
2514,56430,0.00
2515,55216,0.00
2516,58833,0.00
2517,55498,0.00
2518,54316,0.00
2519,58948,0.00
2520,54492,0.00
2521,92156,0.00
2522,44485,100.00
2523,29153,100.00
2524,34814,100.00
2525,44144,0.00
2526,54130,100.00
2527,53961,100.00
2528,28422,100.00
2529,40983,50.00
2530,68798,0.00
2531,57446,0.00
2532,58117,0.00
2533,63432,0.00
2534,61486,0.00
2535,61164,0.00
2536,63816,0.00
2537,63264,0.00
2538,37895,100.00
2539,44324,50.00
2540,62679,100.00
2541,52377,100.00
2542,50734,100.00
2543,31738,100.00
2544,30322,100.00
2545,54040,100.00
2546,60966,50.00
2547,59945,0.00
2548,40411,100.00
2549,43404,50.00
2550,45959,0.00
2551,52739,0.00
2552,54141,0.00
2553,54595,0.00
2554,55724,0.00
2555,54950,0.00
2556,52215,0.00
2557,52916,0.00
2558,32984,50.00
2559,24561,50.00
2560,46307,100.00
2561,38251,0.00
2562,50719,100.00
2563,35308,100.00
2564,24551,100.00
2565,25147,100.00
2566,18597,50.00
2567,37034,0.00
2568,49735,50.00
2569,52621,0.00
2570,55415,0.00
2571,52186,0.00
2572,52034,0.00
2573,68203,0.00
2574,53128,0.00
2575,53847,0.00
2576,65246,0.00
2577,63262,50.00
2578,47139,100.00
2579,22000,0.00
2580,22721,100.00
2581,29756,100.00
2582,53404,100.00
2583,57248,100.00
2584,36922,100.00
2585,51301,0.00
2586,58400,0.00
2587,59316,0.00
2588,56364,0.00
2589,57770,0.00
2590,53282,0.00
2591,52292,0.00
2592,51391,0.00
2593,58955,100.00
2594,33643,0.00
2595,50974,66.67
2596,41341,0.00
2597,43811,100.00
2598,29538,100.00
2599,55457,100.00
2600,32169,100.00
2601,43900,100.00
2602,50549,100.00
2603,31112,0.00
2604,50190,0.00
2605,53503,0.00
2606,57861,0.00
2607,61656,0.00
2608,63923,0.00
2609,57850,0.00
2610,55929,0.00
2611,150152,0.00
2612,58911,0.00
2613,70264,0.00
2614,70818,100.00
2615,35089,0.00
2616,33235,100.00
2617,25002,100.00
2618,28405,100.00
2619,48577,100.00
2620,55826,100.00
2621,51267,100.00
2622,33061,100.00
2623,54424,0.00
2624,54985,0.00
2625,58267,0.00
2626,55969,0.00
2627,55103,0.00
2628,57518,0.00
2629,53957,0.00
2630,56698,0.00
2631,60083,0.00
2632,83467,0.00
2633,45423,66.67
2634,32917,0.00
2635,56312,100.00
2636,58719,100.00
2637,37409,100.00
2638,26870,100.00
2639,25505,100.00
2640,36272,100.00
2641,55387,100.00
2642,41997,50.00
2643,53592,0.00
2644,61011,0.00
2645,59405,0.00
2646,59423,0.00
2647,62942,0.00
2648,56182,0.00
2649,58539,0.00
2650,60663,0.00
2651,64786,0.00
2652,69569,0.00
2653,66429,50.00
2654,43356,100.00
2655,33778,100.00
2656,40208,100.00
2657,39847,0.00
2658,52315,100.00
2659,33058,100.00
2660,26913,100.00
2661,51030,50.00
2662,37575,100.00
2663,55769,0.00
2664,52732,0.00
2665,64816,0.00
2666,61537,0.00
2667,61855,0.00
2668,60776,0.00
2669,62582,0.00
2670,55789,0.00
2671,61207,0.00
2672,71301,0.00
2673,62186,100.00
2674,69830,100.00
2675,23983,0.00
2676,23394,100.00
2677,27589,100.00
2678,22837,100.00
2679,64646,100.00
2680,61758,100.00
2681,61942,50.00
2682,53650,0.00
2683,63157,0.00
2684,57832,0.00
2685,62727,0.00
2686,57661,0.00
2687,61430,0.00
2688,62631,0.00
2689,57440,0.00
2690,55139,0.00
2691,68971,0.00
2692,38876,100.00
2693,45854,100.00
2694,36963,100.00
2695,58517,100.00
2696,24103,0.00
2697,51559,100.00
2698,50072,100.00
2699,47570,50.00
2700,52457,0.00
2701,53847,0.00
2702,54875,0.00
2703,60154,0.00
2704,73070,0.00
2705,56854,0.00
2706,55828,0.00
2707,64933,0.00
2708,34155,100.00
2709,36807,50.00
2710,58344,0.00
2711,51520,100.00
2712,49069,100.00
2713,44833,100.00
2714,24325,0.00
2715,47210,100.00
2716,59941,100.00
2717,57601,0.00
2718,48034,50.00
2719,33181,0.00
2720,59244,0.00
2721,59593,0.00
2722,57064,0.00
2723,64520,0.00
2724,53360,0.00
2725,59914,0.00
2726,60114,0.00
2727,54889,100.00
2728,54277,50.00
2729,30818,0.00
2730,42399,100.00
2731,63765,100.00
2732,42421,0.00
2733,40901,100.00
2734,30770,100.00
2735,40829,100.00
2736,39634,100.00
2737,49387,50.00
2738,42917,100.00
2739,58868,0.00
2740,55831,0.00
2741,54218,0.00
2742,56230,0.00
2743,60104,0.00
2744,65020,0.00
2745,56861,0.00
2746,60264,0.00
2747,57633,0.00
2748,72312,0.00
2749,70013,100.00
2750,23213,0.00
2751,24953,100.00
2752,28285,100.00
2753,61586,0.00
2754,66262,100.00
2755,35738,100.00
2756,50904,0.00
2757,59115,0.00
2758,60091,0.00
2759,57498,0.00
2760,63230,0.00
2761,58207,0.00
2762,61213,0.00
2763,70875,0.00
2764,40959,50.00
2765,35988,50.00
2766,60828,0.00
2767,57020,100.00
2768,24276,0.00
2769,27778,100.00
2770,60749,100.00
2771,45916,100.00
2772,52517,50.00
2773,29029,100.00
2774,26168,0.00
2775,52754,50.00
2776,55378,0.00
2777,54481,0.00
2778,61870,0.00
2779,56173,0.00
2780,55194,0.00
2781,58512,0.00
2782,56763,0.00
2783,66190,0.00
2784,42524,100.00
2785,38095,50.00
2786,33323,0.00
2787,42754,100.00
2788,56724,100.00
2789,27906,0.00
2790,25662,100.00
2791,50978,100.00
2792,54120,0.00
2793,61738,50.00
2794,56284,0.00
2795,63233,0.00
2796,56046,0.00
2797,79041,0.00
2798,56386,0.00
2799,57505,0.00
2800,53714,0.00
2801,67534,0.00
2802,54407,50.00
2803,40232,100.00
2804,54965,100.00
2805,56027,100.00
2806,45629,100.00
2807,20952,0.00
2808,29930,100.00
2809,32279,50.00
2810,30111,100.00
2811,44878,50.00
2812,44996,0.00
2813,55375,0.00
2814,60099,0.00
2815,62195,0.00
2816,61508,0.00
2817,59799,0.00
2818,60805,0.00
2819,58450,0.00
2820,72156,0.00
2821,62638,50.00
2822,43515,100.00
2823,28810,100.00
2824,34124,100.00
2825,45618,100.00
2826,56458,100.00
2827,32524,100.00
2828,33701,100.00
2829,34553,50.00
2830,43607,100.00
2831,57293,0.00
2832,52880,0.00
2833,53577,0.00
2834,61977,0.00
2835,59731,0.00
2836,59376,0.00
2837,59720,0.00
2838,60197,0.00
2839,80404,0.00
2840,60528,0.00
2841,62753,50.00
2842,47951,100.00
2843,23597,0.00
2844,24771,100.00
2845,24363,100.00
2846,35835,100.00
2847,40943,100.00
2848,39709,50.00
2849,42986,0.00
2850,48817,0.00
2851,52586,0.00
2852,58113,0.00
2853,58006,0.00
2854,58334,0.00
2855,55800,0.00
2856,54935,0.00
2857,59650,50.00
2858,30159,0.00
2859,46722,66.67
2860,60614,100.00
2861,36389,0.00
2862,33530,100.00
2863,53778,100.00
2864,29258,100.00
2865,46922,100.00
2866,47722,0.00
2867,54782,0.00
2868,52941,0.00
2869,57186,0.00
2870,53144,0.00
2871,56289,0.00
2872,58955,0.00
2873,66028,50.00
2874,39129,50.00
2875,41116,0.00
2876,60597,50.00
2877,61996,100.00
2878,57915,100.00
2879,25599,0.00
2880,29597,100.00
2881,62090,100.00
2882,62964,0.00
2883,60217,100.00
2884,47248,50.00
2885,186197,0.00
2886,54106,0.00
2887,58875,0.00
2888,56821,0.00
2889,72323,0.00
2890,57427,0.00
2891,55940,0.00
2892,80334,0.00
2893,52080,50.00
2894,46663,0.00
2895,35110,100.00
2896,46140,50.00
2897,58288,100.00
2898,39723,100.00
2899,61223,100.00
2900,27569,0.00
2901,33079,50.00
2902,18601,100.00
2903,16907,0.00
2904,36424,50.00
2905,43023,0.00
2906,58589,0.00
2907,60306,0.00
2908,60127,0.00
2909,62817,0.00
2910,55277,0.00
2911,54346,0.00
2912,68188,50.00
2913,62643,0.00
2914,36103,100.00
2915,25839,50.00
2916,44490,100.00
2917,53866,100.00
2918,30250,0.00
2919,34253,100.00
2920,60373,100.00
2921,34361,0.00
2922,53672,0.00
2923,54945,0.00
2924,59813,0.00
2925,58541,0.00
2926,60309,0.00
2927,62914,0.00
2928,69748,0.00
2929,52353,50.00
2930,31617,100.00
2931,45102,50.00
2932,63050,100.00
2933,44365,0.00
2934,57040,100.00
2935,29910,100.00
2936,29067,100.00
2937,43650,100.00
2938,42750,100.00
2939,55364,0.00
2940,52183,0.00
2941,61744,0.00
2942,57180,0.00
2943,60452,0.00
2944,65812,0.00
2945,59596,0.00
2946,59603,0.00
2947,59773,0.00
2948,61805,0.00
2949,60757,0.00
2950,72161,100.00
2951,28711,0.00
2952,47204,100.00
2953,27728,100.00
2954,32975,0.00
2955,62016,100.00
2956,59534,100.00
2957,49585,0.00
2958,44190,100.00
2959,54370,50.00
2960,55310,0.00
2961,56793,0.00
2962,60533,0.00
2963,54762,0.00
2964,54344,0.00
2965,65509,0.00
2966,56084,0.00
2967,37936,100.00
2968,40916,50.00
2969,57757,0.00
2970,45783,100.00
2971,65362,100.00
2972,32061,0.00
2973,25002,100.00
2974,34370,50.00
2975,19896,0.00
2976,23167,100.00
2977,47116,50.00
2978,33847,0.00
2979,54780,0.00
2980,53964,0.00
2981,56518,0.00
2982,61347,0.00
2983,54425,0.00
2984,65325,50.00
2985,43070,100.00
2986,31636,0.00
2987,25089,50.00
2988,42347,100.00
2989,63355,66.67
2990,27703,0.00
2991,27124,100.00
2992,64164,100.00
2993,33669,0.00
2994,30262,50.00
2995,32393,100.00
2996,41872,0.00
2997,47579,50.00
2998,54410,0.00
2999,62878,0.00
3000,91223,0.00
3001,73687,0.00
3002,55951,50.00
3003,62172,0.00
3004,36904,50.00
3005,26189,50.00
3006,35159,100.00
3007,57272,100.00
3008,28729,0.00
3009,29436,100.00
3010,33703,50.00
3011,28908,0.00
3012,54233,0.00
3013,57674,0.00
3014,69844,0.00
3015,53364,0.00
3016,56938,0.00
3017,62693,0.00
3018,58606,0.00
3019,68317,100.00
3020,45437,50.00
3021,35086,100.00
3022,58546,100.00
3023,32739,0.00
3024,57019,100.00
3025,34452,100.00
3026,25755,100.00
3027,44609,0.00
3028,58570,0.00
3029,56280,0.00
3030,53767,0.00
3031,63452,0.00
3032,71319,0.00
3033,60577,0.00
3034,65969,50.00
3035,38767,0.00
3036,40488,50.00
3037,57973,100.00
3038,52153,50.00
3039,41308,100.00
3040,35613,100.00
3041,26890,100.00
3042,44560,100.00
3043,48996,100.00
3044,43880,0.00
3045,50055,100.00
3046,34171,50.00
3047,50878,0.00
3048,52574,0.00
3049,57553,0.00
3050,53360,0.00
3051,58530,0.00
3052,70452,0.00
3053,53283,0.00
3054,71436,0.00
3055,43942,50.00
3056,28303,50.00
3057,35432,100.00
3058,61742,100.00
3059,38429,0.00
3060,50065,100.00
3061,33544,100.00
3062,28459,100.00
3063,36901,100.00
3064,23144,50.00
3065,43955,100.00
3066,53857,0.00
3067,70302,0.00
3068,57742,0.00
3069,57147,0.00
3070,57448,0.00
3071,69379,0.00
3072,57132,0.00
3073,59184,0.00
3074,71608,0.00
3075,66889,100.00
3076,47146,50.00
3077,40380,50.00
3078,22122,100.00
3079,30394,100.00
3080,52097,100.00
3081,63086,100.00
3082,57654,100.00
3083,33396,100.00
3084,54523,0.00
3085,58864,0.00
3086,66339,0.00
3087,56906,0.00
3088,61129,0.00
3089,59666,0.00
3090,60325,0.00
3091,69249,0.00
3092,34256,100.00
3093,39419,50.00
3094,62771,0.00
3095,48242,100.00
3096,36083,100.00
3097,67070,100.00
3098,24485,0.00
3099,62595,100.00
3100,56360,100.00
3101,32721,0.00
3102,63691,100.00
3103,63164,0.00
3104,56983,0.00
3105,58012,0.00
3106,59194,0.00
3107,73284,0.00
3108,70786,0.00
3109,59846,0.00
3110,60223,0.00
3111,62654,0.00
3112,74414,100.00
3113,52393,50.00
3114,51032,100.00
3115,51115,100.00
3116,46687,0.00
3117,55254,100.00
3118,52709,100.00
3119,51120,100.00
3120,48474,100.00
3121,56078,0.00
3122,57238,0.00
3123,60578,0.00
3124,76337,0.00
3125,61138,0.00
3126,59179,0.00
3127,61638,0.00
3128,80625,0.00
3129,69727,50.00
3130,39968,0.00
3131,34746,50.00
3132,62058,100.00
3133,65930,100.00
3134,26221,0.00
3135,23505,100.00
3136,34110,100.00
3137,43338,100.00
3138,49102,50.00
3139,60541,50.00
3140,42403,0.00
3141,46805,0.00
3142,56618,0.00
3143,43916,0.00
3144,48042,0.00
3145,67271,0.00
3146,56336,0.00
3147,57250,0.00
3148,68825,50.00
3149,39287,100.00
3150,29580,0.00
3151,32580,50.00
3152,60457,100.00
3153,57881,100.00
3154,64189,100.00
3155,23023,0.00
3156,22504,100.00
3157,17530,50.00
3158,16199,0.00
3159,36845,100.00
3160,52494,50.00
3161,59703,0.00
3162,56816,0.00
3163,60979,0.00
3164,51479,0.00
3165,59466,0.00
3166,68221,0.00
3167,68519,0.00
3168,64791,100.00
3169,31232,50.00
3170,37462,100.00
3171,35847,100.00
3172,52592,100.00
3173,35859,0.00
3174,49089,100.00
3175,48115,66.67
3176,51696,0.00
3177,56399,0.00
3178,56188,0.00
3179,61764,0.00
3180,56982,0.00
3181,62859,0.00
3182,59707,0.00
3183,64377,0.00
3184,71446,50.00
3185,39385,0.00
3186,41392,100.00
3187,60839,100.00
3188,38787,0.00
3189,44941,100.00
3190,53923,100.00
3191,30971,100.00
3192,38011,100.00
3193,36716,66.67
3194,53964,0.00
3195,63134,0.00
3196,58079,0.00
3197,55863,0.00
3198,55677,0.00
3199,67029,0.00
3200,59279,0.00
3201,57541,0.00
3202,56466,0.00
3203,59814,0.00
3204,69861,100.00
3205,67273,100.00
3206,24273,0.00
3207,24121,100.00
3208,26803,100.00
3209,28314,100.00
3210,49327,100.00
3211,59271,100.00
3212,27326,50.00
3213,35830,100.00
3214,51032,0.00
3215,51480,0.00
3216,50570,0.00
3217,53160,0.00
3218,56937,0.00
3219,52873,0.00
3220,55656,0.00
3221,51488,0.00
3222,65101,0.00
3223,55578,50.00
3224,31214,0.00
3225,40212,50.00
3226,62162,100.00
3227,39526,0.00
3228,47243,100.00
3229,36390,100.00
3230,28891,100.00
3231,38540,100.00
3232,33503,100.00
3233,55875,50.00
3234,47836,0.00
3235,52238,0.00
3236,60466,0.00
3237,56327,0.00
3238,57250,0.00
3239,53824,0.00
3240,59254,0.00
3241,57558,0.00
3242,68251,0.00
3243,71259,50.00
3244,39738,50.00
3245,39456,0.00
3246,29289,100.00
3247,46576,100.00
3248,34017,0.00
3249,56381,100.00
3250,50311,100.00
3251,31570,100.00
3252,56365,50.00
3253,29053,100.00
3254,53601,0.00
3255,55306,0.00
3256,64540,0.00
3257,57185,0.00
3258,57505,0.00
3259,58773,0.00
3260,57947,0.00
3261,54845,0.00
3262,59609,0.00
3263,82221,0.00
3264,49760,100.00
3265,65180,100.00
3266,23935,0.00
3267,27417,100.00
3268,25285,100.00
3269,27937,100.00
3270,52620,100.00
3271,58946,100.00
3272,50894,50.00
3273,59997,0.00
3274,61362,0.00
3275,129512,0.00
3276,62876,0.00
3277,64825,0.00
3278,59149,0.00
3279,53660,0.00
3280,62591,0.00
3281,60178,0.00
3282,60477,0.00
3283,68616,66.67
3284,23650,0.00
3285,25993,100.00
3286,31712,100.00
3287,56590,100.00
3288,60630,100.00
3289,56764,100.00
3290,34437,100.00
3291,48236,0.00
3292,65514,0.00
3293,64579,0.00
3294,62642,0.00
3295,56898,0.00
3296,61081,0.00
3297,56199,0.00
3298,90099,33.33
3299,37001,0.00
3300,33667,50.00
3301,54852,50.00
3302,57045,100.00
3303,59523,100.00
3304,37818,100.00
3305,25239,0.00
3306,41210,100.00
3307,59791,100.00
3308,55375,50.00
3309,55782,100.00
3310,34551,0.00
3311,47184,0.00
3312,54517,0.00
3313,57186,0.00
3314,55196,0.00
3315,55785,0.00
3316,58854,0.00
3317,59428,0.00
3318,72770,50.00
3319,53330,50.00
3320,33068,0.00
3321,38922,100.00
3322,57916,100.00
3323,51073,0.00
3324,59088,100.00
3325,28698,100.00
3326,25893,100.00
3327,31497,0.00
3328,23977,100.00
3329,46593,50.00
3330,56679,0.00
3331,56474,0.00
3332,77202,0.00
3333,60915,0.00
3334,60133,0.00
3335,57866,0.00
3336,55234,0.00
3337,71046,0.00
3338,56571,0.00
3339,57904,100.00
3340,53233,100.00
3341,20306,0.00
3342,27407,100.00
3343,31626,100.00
3344,63313,100.00
3345,60549,100.00
3346,54197,50.00
3347,58094,0.00
3348,55972,0.00
3349,60677,0.00
3350,59631,0.00
3351,56162,0.00
3352,58740,0.00
3353,58412,0.00
3354,69855,0.00
3355,35262,50.00
3356,32721,50.00
3357,60491,100.00
3358,59122,100.00
3359,26020,0.00
3360,53297,100.00
3361,60370,100.00
3362,28778,100.00
3363,56880,100.00
3364,56453,100.00
3365,50141,0.00
3366,58707,0.00
3367,60809,0.00
3368,71433,0.00
3369,57175,0.00
3370,55356,0.00
3371,58278,0.00
3372,56741,0.00
3373,61262,0.00
3374,68624,0.00
3375,69667,50.00
3376,66131,100.00
3377,27897,0.00
3378,27373,100.00
3379,26587,100.00
3380,31214,100.00
3381,60857,100.00
3382,61024,100.00
3383,27706,100.00
3384,51329,50.00
3385,61198,0.00
3386,59205,0.00
3387,60195,0.00
3388,73246,0.00
3389,85410,0.00
3390,61927,0.00
3391,57366,0.00
3392,78198,0.00
3393,71772,0.00
3394,69880,50.00
3395,41300,0.00
3396,55973,100.00
3397,65662,100.00
3398,30029,0.00
3399,34067,100.00
3400,31288,100.00
3401,26471,100.00
3402,45729,100.00
3403,62180,100.00
3404,53821,0.00
3405,49891,50.00
3406,55166,0.00
3407,55898,0.00
3408,58525,0.00
3409,57317,0.00
3410,61102,0.00
3411,58712,0.00
3412,61443,0.00
3413,59211,0.00
3414,79567,0.00
3415,69567,50.00
3416,54219,0.00
3417,36689,100.00
3418,43034,100.00
3419,24592,0.00
3420,61342,100.00
3421,59118,100.00
3422,31072,100.00
3423,41146,100.00
3424,31826,50.00
3425,65697,0.00
3426,59653,0.00
3427,62251,0.00
3428,61511,0.00
3429,60949,0.00
3430,59047,0.00
3431,67432,0.00
3432,60052,0.00
3433,59687,0.00
3434,72987,0.00
3435,54521,100.00
3436,66229,100.00
3437,27002,0.00
3438,25686,100.00
3439,24427,100.00
3440,29155,100.00
3441,56120,100.00
3442,65451,100.00
3443,51386,100.00
3444,59248,0.00
3445,62007,0.00
3446,62260,0.00
3447,57538,0.00
3448,60483,0.00
3449,57516,0.00
3450,57246,0.00
3451,71688,0.00
3452,71113,0.00
3453,69581,0.00
3454,45740,50.00
3455,48133,100.00
3456,35621,100.00
3457,61649,100.00
3458,25294,0.00
3459,57771,100.00
3460,50428,100.00
3461,41200,100.00
3462,47951,0.00
3463,56863,0.00
3464,65795,0.00
3465,69193,0.00
3466,70758,0.00
3467,69244,0.00
3468,56881,0.00
3469,72180,0.00
3470,41582,50.00
3471,36494,50.00
3472,59374,0.00
3473,59859,50.00
3474,59610,100.00
3475,41682,100.00
3476,24443,0.00
3477,52332,100.00
3478,61106,100.00
3479,56503,0.00
3480,51107,100.00
3481,35324,50.00
3482,61596,0.00
3483,58835,0.00
3484,64199,0.00
3485,62730,0.00
3486,64105,0.00
3487,59673,0.00
3488,73701,0.00
3489,65730,0.00
3490,45640,100.00
3491,29410,0.00
3492,43492,100.00
3493,66487,100.00
3494,46623,0.00
3495,48466,100.00
3496,41682,100.00
3497,35325,100.00
3498,46365,100.00
3499,52189,50.00
3500,54329,0.00
3501,73884,0.00
3502,59574,0.00
3503,59764,0.00
3504,65800,0.00
3505,58439,0.00
3506,62189,0.00
3507,57576,0.00
3508,57840,0.00
3509,56455,0.00
3510,66123,100.00
3511,66552,66.67
3512,22539,0.00
3513,24000,100.00
3514,31288,100.00
3515,54544,100.00
3516,59185,100.00
3517,37631,100.00
3518,48229,50.00
3519,51049,0.00
3520,57832,0.00
3521,61749,0.00
3522,56216,0.00
3523,57294,0.00
3524,57420,0.00
3525,67395,0.00
3526,38773,100.00
3527,52269,0.00
3528,66898,50.00
3529,64826,100.00
3530,28117,0.00
3531,27613,100.00
3532,67573,100.00
3533,46939,0.00
3534,59630,100.00
3535,40318,0.00
3536,32912,100.00
3537,53845,50.00
3538,60342,0.00
3539,59958,0.00
3540,54945,0.00
3541,63918,0.00
3542,72401,0.00
3543,62710,0.00
3544,72615,0.00
3545,84696,0.00
3546,56060,0.00
3547,37500,50.00
3548,48836,100.00
3549,25444,0.00
3550,55646,100.00
3551,42039,100.00
3552,49576,100.00
3553,54681,100.00
3554,65614,100.00
3555,51296,0.00
3556,59890,0.00
3557,60193,0.00
3558,61972,0.00
3559,62109,0.00
3560,66234,0.00
3561,59498,0.00
3562,66261,0.00
3563,68646,0.00
3564,56792,50.00
3565,39501,100.00
3566,65701,66.67
3567,27408,0.00
3568,67270,100.00
3569,26164,0.00
3570,27918,100.00
3571,29197,100.00
3572,42654,0.00
3573,60795,100.00
3574,44991,50.00
3575,53218,0.00
3576,55521,0.00
3577,55768,0.00
3578,69652,0.00
3579,58524,0.00
3580,65618,0.00
3581,60730,0.00
3582,68755,0.00
3583,84064,50.00
3584,38727,0.00
3585,37170,50.00
3586,43376,100.00
3587,24624,0.00
3588,75179,100.00
3589,54666,100.00
3590,30909,100.00
3591,45937,100.00
3592,29837,50.00
3593,67917,0.00
3594,61323,50.00
3595,60184,0.00
3596,59941,0.00
3597,54900,0.00
3598,60135,0.00
3599,64276,0.00
3600,63966,0.00
3601,57414,0.00
3602,70933,0.00
3603,62716,0.00
3604,64730,50.00
3605,38362,100.00
3606,37013,100.00
3607,37441,100.00
3608,25193,0.00
3609,56583,100.00
3610,56961,100.00
3611,50253,0.00
3612,53280,0.00
3613,61809,0.00
3614,68495,0.00
3615,53564,0.00
3616,52455,0.00
3617,57591,0.00
3618,54973,0.00
3619,68876,50.00
3620,38086,0.00
3621,44848,100.00
3622,52993,100.00
3623,36843,0.00
3624,51951,100.00
3625,54278,100.00
3626,40489,100.00
3627,41068,100.00
3628,67732,50.00
3629,62763,0.00
3630,64013,0.00
3631,60136,0.00
3632,61590,0.00
3633,59510,0.00
3634,61662,0.00
3635,66031,0.00
3636,51547,0.00
3637,41165,100.00
3638,56870,50.00
3639,60558,50.00
3640,59718,100.00
3641,24039,0.00
3642,29024,100.00
3643,45121,100.00
3644,56962,100.00
3645,55456,0.00
3646,41252,50.00
3647,33302,50.00
3648,56056,0.00
3649,70304,0.00
3650,63303,0.00
3651,58482,0.00
3652,58964,0.00
3653,60068,0.00
3654,58109,0.00
3655,68659,0.00
3656,43636,100.00
3657,30474,50.00
3658,45352,100.00
3659,29855,0.00
3660,54517,100.00
3661,49355,100.00
3662,29507,100.00
3663,34453,100.00
3664,28310,50.00
3665,22382,0.00
3666,38873,50.00
3667,43960,0.00
3668,58776,0.00
3669,52787,0.00
3670,56070,0.00
3671,60577,0.00
3672,54335,0.00
3673,57118,0.00
3674,55195,0.00
3675,60910,0.00
3676,68606,100.00
3677,63910,0.00
3678,49433,100.00
3679,36389,100.00
3680,23841,0.00
3681,41160,100.00
3682,47612,100.00
3683,35151,100.00
3684,41569,100.00
3685,47478,0.00
3686,52139,0.00
3687,50172,0.00
3688,54052,0.00
3689,54612,0.00
3690,53071,0.00
3691,52801,0.00
3692,68000,100.00
3693,40863,50.00
3694,44227,0.00
3695,61706,100.00
3696,51036,50.00
3697,40635,100.00
3698,39807,0.00
3699,55113,100.00
3700,49897,100.00
3701,56013,0.00
3702,38281,50.00
3703,37038,100.00
3704,43245,0.00
3705,55920,0.00
3706,57234,0.00
3707,59479,0.00
3708,58197,0.00
3709,62841,0.00
3710,58417,0.00
3711,56791,0.00
3712,62183,50.00
3713,36781,0.00
3714,30221,100.00
3715,64107,66.67
3716,39376,0.00
3717,50363,100.00
3718,42582,100.00
3719,37723,0.00
3720,51512,100.00
3721,28467,100.00
3722,57466,0.00
3723,55216,0.00
3724,55199,0.00
3725,62501,0.00
3726,62099,0.00
3727,61187,0.00
3728,63950,0.00
3729,74598,0.00
3730,60551,50.00
3731,31031,0.00
3732,38678,100.00
3733,65710,66.67
3734,35468,0.00
3735,42144,100.00
3736,28968,100.00
3737,29621,100.00
3738,37178,100.00
3739,55610,50.00
3740,54177,0.00
3741,45936,50.00
3742,51441,0.00
3743,53077,0.00
3744,53583,0.00
3745,54229,0.00
3746,52033,0.00
3747,54593,0.00
3748,69877,0.00
3749,55769,100.00
3750,45504,50.00
3751,32294,0.00
3752,44613,100.00
3753,53632,0.00
3754,54638,100.00
3755,59662,100.00
3756,45514,100.00
3757,46434,50.00
3758,27003,50.00
3759,28042,0.00
3760,48439,50.00
3761,54407,0.00
3762,55296,0.00
3763,60317,0.00
3764,54251,0.00
3765,53306,0.00
3766,54883,0.00
3767,65539,0.00
3768,60056,50.00
3769,64784,100.00
3770,32429,0.00
3771,33820,100.00
3772,34267,100.00
3773,22988,0.00
3774,56233,100.00
3775,49398,100.00
3776,61148,0.00
3777,50884,50.00
3778,54426,0.00
3779,54945,0.00
3780,69549,0.00
3781,59575,0.00
3782,68206,0.00
3783,68231,0.00
3784,61974,0.00
3785,68972,0.00
3786,37154,50.00
3787,49620,100.00
3788,36493,0.00
3789,47051,100.00
3790,49564,100.00
3791,46931,0.00
3792,32457,100.00
3793,49858,100.00
3794,48757,0.00
3795,52171,0.00
3796,52211,0.00
3797,58209,0.00
3798,56649,0.00
3799,55816,0.00
3800,54748,0.00
3801,72991,50.00
3802,39325,0.00
3803,47327,50.00
3804,57418,100.00
3805,67773,100.00
3806,23382,0.00
3807,28895,100.00
3808,43205,100.00
3809,44126,100.00
3810,55269,50.00
3811,61681,100.00
3812,40155,0.00
3813,43660,50.00
3814,53912,0.00
3815,58418,0.00
3816,69154,0.00
3817,55074,0.00
3818,55640,0.00
3819,66247,0.00
3820,66327,0.00
3821,66201,0.00
3822,42375,50.00
3823,32184,100.00
3824,46947,50.00
3825,43529,100.00
3826,63813,100.00
3827,21028,0.00
3828,23525,100.00
3829,39748,100.00
3830,37187,100.00
3831,48921,0.00
3832,55865,50.00
3833,49908,0.00
3834,55505,0.00
3835,50894,0.00
3836,52873,0.00
3837,55853,0.00
3838,57875,0.00
3839,54825,0.00
3840,52309,0.00
3841,76370,0.00
3842,64889,100.00
3843,42312,0.00
3844,48048,100.00
3845,21219,0.00
3846,29635,100.00
3847,47682,100.00
3848,51006,0.00
3849,43556,100.00
3850,31311,100.00
3851,58000,0.00
3852,57424,0.00
3853,56286,0.00
3854,54122,0.00
3855,55684,0.00
3856,57364,0.00
3857,76497,0.00
3858,56312,0.00
3859,44429,100.00
3860,35404,0.00
3861,63108,50.00
3862,59738,100.00
3863,22016,0.00
3864,51243,100.00
3865,53248,100.00
3866,53626,0.00
3867,57589,100.00
3868,36602,100.00
3869,45315,0.00
3870,48286,50.00
3871,47411,0.00
3872,52962,0.00
3873,56396,0.00
3874,55773,0.00
3875,53266,0.00
3876,53790,0.00
3877,54000,0.00
3878,53719,0.00
3879,63632,0.00
3880,56174,100.00
3881,20695,0.00
3882,25850,100.00
3883,56213,100.00
3884,47889,100.00
3885,56152,100.00
3886,40247,100.00
3887,42193,100.00
3888,53204,0.00
3889,63366,0.00
3890,71460,0.00
3891,69003,0.00
3892,59292,0.00
3893,71663,0.00
3894,57069,0.00
3895,69483,0.00
3896,41705,100.00
3897,33842,50.00
3898,42247,0.00
3899,61702,50.00
3900,58774,100.00
3901,38237,100.00
3902,23476,0.00
3903,32477,100.00
3904,37451,100.00
3905,59383,0.00
3906,39224,50.00
3907,33230,100.00
3908,51089,0.00
3909,57002,0.00
3910,58666,0.00
3911,55853,0.00
3912,57190,0.00
3913,58176,0.00
3914,69407,0.00
3915,64833,50.00
3916,40684,100.00
3917,39359,0.00
3918,46181,100.00
3919,66542,100.00
3920,44809,0.00
3921,58055,100.00
3922,36802,100.00
3923,32183,0.00
3924,22782,50.00
3925,20946,100.00
3926,49008,0.00
3927,72605,0.00
3928,57442,0.00
3929,53637,0.00
3930,59524,0.00
3931,60488,0.00
3932,57247,0.00
3933,70141,50.00
3934,63879,0.00
3935,63845,50.00
3936,50089,100.00
3937,45257,100.00
3938,23573,0.00
3939,27324,100.00
3940,54244,100.00
3941,53696,0.00
3942,51009,100.00
3943,53985,0.00
3944,65352,0.00
3945,60559,0.00
3946,58332,0.00
3947,58756,0.00
3948,58080,0.00
3949,59374,0.00
3950,66655,0.00
3951,60880,0.00
3952,42970,50.00
3953,47214,100.00
3954,57391,100.00
3955,56694,100.00
3956,24641,0.00
3957,54196,100.00
3958,39305,100.00
3959,37174,100.00
3960,36530,50.00
3961,48156,0.00
3962,56765,0.00
3963,58415,0.00
3964,68467,0.00
3965,57979,0.00
3966,57494,0.00
3967,129514,0.00
3968,61537,0.00
3969,59787,0.00
3970,59354,0.00
3971,69175,100.00
3972,43391,100.00
3973,62903,100.00
3974,25283,0.00
3975,24870,100.00
3976,28258,100.00
3977,58845,100.00
3978,55474,100.00
3979,61000,100.00
3980,51882,50.00
3981,59661,0.00
3982,62632,0.00
3983,61217,0.00
3984,61734,0.00
3985,57915,0.00
3986,54495,0.00
3987,55567,0.00
3988,57874,0.00
3989,52289,0.00
3990,60156,0.00
3991,69499,0.00
3992,52478,100.00
3993,50102,100.00
3994,64241,100.00
3995,36523,0.00
3996,47358,100.00
3997,33091,100.00
3998,25078,100.00
3999,30481,100.00
4000,70489,100.00
4001,24283,0.00
4002,60056,0.00
4003,62452,0.00
4004,55126,0.00
4005,72095,0.00
4006,57272,0.00
4007,61978,0.00
4008,60287,0.00
4009,63554,0.00
4010,56606,0.00
4011,67436,0.00
4012,68740,50.00
4013,49404,100.00
4014,19635,0.00
4015,26874,100.00
4016,29136,100.00
4017,62154,100.00
4018,60948,100.00
4019,34184,100.00
4020,40188,100.00
4021,26526,50.00
4022,50565,0.00
4023,56274,0.00
4024,58794,0.00
4025,58426,0.00
4026,61135,0.00
4027,60923,0.00
4028,61166,0.00
4029,60834,0.00
4030,121152,0.00
4031,73480,50.00
4032,38510,100.00
4033,63325,100.00
4034,56880,100.00
4035,62793,100.00
4036,30516,100.00
4037,68299,0.00
4038,34486,100.00
4039,36550,100.00
4040,68546,100.00
4041,60220,100.00
4042,59134,0.00
4043,58218,0.00
4044,55433,0.00
4045,74931,0.00
4046,68863,0.00
4047,61404,0.00
4048,58988,0.00
4049,62401,0.00
4050,56932,0.00
4051,63240,0.00
4052,63350,0.00
4053,55005,0.00
4054,70119,0.00
4055,44103,50.00
4056,37673,100.00
4057,49641,100.00
4058,37329,0.00
4059,54469,100.00
4060,58845,100.00
4061,24219,100.00
4062,43637,100.00
4063,57360,0.00
4064,52376,0.00
4065,52101,0.00
4066,56127,0.00
4067,56705,0.00
4068,60306,0.00
4069,56917,0.00
4070,64646,50.00
4071,44695,50.00
4072,36898,0.00
4073,67265,100.00
4074,22828,0.00
4075,53275,100.00
4076,28610,100.00
4077,29177,100.00
4078,48382,100.00
4079,57397,0.00
4080,55875,50.00
4081,36784,50.00
4082,44037,0.00
4083,52495,0.00
4084,54061,0.00
4085,60361,0.00
4086,59796,0.00
4087,58208,0.00
4088,56380,0.00
4089,58358,0.00
4090,81197,50.00
4091,47034,0.00
4092,32605,100.00
4093,55429,100.00
4094,26338,0.00
4095,61180,100.00
4096,52416,100.00
4097,29157,0.00
4098,34073,100.00
4099,33510,50.00
4100,66934,0.00
4101,56957,50.00
4102,58414,0.00
4103,71884,0.00
4104,58843,0.00
4105,60762,0.00
4106,60744,0.00
4107,57134,0.00
4108,63519,0.00
4109,72962,0.00
4110,67888,100.00
4111,55266,66.67
4112,23917,0.00
4113,23104,100.00
4114,28213,100.00
4115,43438,100.00
4116,50264,100.00
4117,45885,100.00
4118,44814,0.00
4119,53317,0.00
4120,53094,0.00
4121,60146,0.00
4122,52330,0.00
4123,53832,0.00
4124,69514,0.00
4125,60746,0.00
4126,65548,50.00
4127,34871,0.00
4128,54873,100.00
4129,46567,100.00
4130,48614,0.00
4131,39719,100.00
4132,58621,100.00
4133,39954,0.00
4134,44680,100.00
4135,56633,100.00
4136,31120,50.00
4137,67414,0.00
4138,58171,0.00
4139,68707,0.00
4140,54267,0.00
4141,56849,0.00
4142,56118,0.00
4143,59337,0.00
4144,62295,0.00
4145,58139,0.00
4146,59664,0.00
4147,71491,100.00
4148,35952,0.00
4149,36088,100.00
4150,27690,100.00
4151,30516,100.00
4152,51683,100.00
4153,56460,100.00
4154,55244,100.00
4155,36906,50.00
4156,53278,50.00
4157,51304,0.00
4158,69736,0.00
4159,56328,0.00
4160,57818,0.00
4161,61681,0.00
4162,58518,0.00
4163,60262,0.00
4164,57960,0.00
4165,69791,0.00
4166,65285,0.00
4167,55332,100.00
4168,60742,100.00
4169,54620,0.00
4170,58463,100.00
4171,36600,100.00
4172,26029,100.00
4173,33159,100.00
4174,27120,100.00
4175,52527,0.00
4176,45953,50.00
4177,56453,0.00
4178,62726,0.00
4179,60649,0.00
4180,58921,0.00
4181,70162,0.00
4182,59051,0.00
4183,58821,0.00
4184,55591,0.00
4185,55010,0.00
4186,70760,50.00
4187,63818,0.00
4188,53316,50.00
4189,42478,100.00
4190,23461,0.00
4191,54309,100.00
4192,59974,100.00
4193,32735,100.00
4194,26483,100.00
4195,46907,100.00
4196,44334,0.00
4197,56055,0.00
4198,55261,0.00
4199,55536,0.00
4200,51469,0.00
4201,55197,0.00
4202,64948,0.00
4203,56300,0.00
4204,62269,0.00
4205,67218,0.00
4206,67483,100.00
4207,59686,100.00
4208,59269,100.00
4209,33665,100.00
4210,22978,100.00
4211,25431,100.00
4212,27434,100.00
4213,62369,100.00
4214,52748,100.00
4215,53329,0.00
4216,58579,0.00
4217,52594,0.00
4218,68131,0.00
4219,56934,0.00
4220,70239,0.00
4221,59212,0.00
4222,55564,0.00
4223,62455,0.00
4224,53963,0.00
4225,54621,50.00
4226,30808,0.00
4227,45966,50.00
4228,57875,100.00
4229,37990,0.00
4230,40087,100.00
4231,51342,100.00
4232,30616,100.00
4233,61791,100.00
4234,53629,0.00
4235,74830,0.00
4236,56575,0.00
4237,59160,0.00
4238,57353,0.00
4239,57778,0.00
4240,55171,0.00
4241,66653,0.00
4242,34993,100.00
4243,39115,50.00
4244,51997,0.00
4245,55042,100.00
4246,52069,100.00
4247,25515,0.00
4248,26579,100.00
4249,59391,100.00
4250,29743,0.00
4251,53975,100.00
4252,36706,50.00
4253,46033,0.00
4254,54757,0.00
4255,57507,0.00
4256,56980,0.00
4257,57502,0.00
4258,53986,0.00
4259,64010,0.00
4260,68312,0.00
4261,44413,100.00
4262,34217,0.00
4263,36629,66.67
4264,55524,100.00
4265,37359,0.00
4266,48695,100.00
4267,37961,100.00
4268,24800,100.00
4269,39001,100.00
4270,28839,0.00
4271,38351,50.00
4272,49951,0.00
4273,54203,0.00
4274,54995,0.00
4275,55948,0.00
4276,57412,0.00
4277,70529,0.00
4278,61845,0.00
4279,58177,0.00
4280,59341,0.00
4281,66929,50.00
4282,64355,0.00
4283,43616,100.00
4284,27316,100.00
4285,37110,100.00
4286,24130,0.00
4287,63596,100.00
4288,50937,100.00
4289,61601,50.00
4290,57055,0.00
4291,56246,0.00
4292,56392,0.00
4293,55970,0.00
4294,59140,0.00
4295,58914,0.00
4296,56366,0.00
4297,59131,100.00
4298,44433,0.00
4299,44166,50.00
4300,63891,100.00
4301,25528,0.00
4302,53011,100.00
4303,51845,100.00
4304,51119,100.00
4305,60013,100.00
4306,61095,50.00
4307,46235,0.00
4308,39549,50.00
4309,54467,0.00
4310,58523,0.00
4311,59288,0.00
4312,56908,0.00
4313,62917,0.00
4314,61766,0.00
4315,52012,0.00
4316,56240,0.00
4317,71304,50.00
4318,51393,0.00
4319,49121,100.00
4320,36566,50.00
4321,64569,100.00
4322,31063,0.00
4323,34041,100.00
4324,29222,100.00
4325,58751,0.00
4326,57365,100.00
4327,49221,0.00
4328,53526,0.00
4329,53433,0.00
4330,56655,0.00
4331,56572,0.00
4332,59614,0.00
4333,72779,0.00
4334,55454,0.00
4335,58130,0.00
4336,35241,50.00
4337,38715,100.00
4338,67626,100.00
4339,65397,100.00
4340,24081,0.00
4341,28437,100.00
4342,34910,100.00
4343,40135,50.00
4344,62555,100.00
4345,55579,50.00
4346,56043,0.00
4347,54978,0.00
4348,61009,0.00
4349,55991,0.00
4350,55742,0.00
4351,72299,0.00
4352,61702,0.00
4353,56786,0.00
4354,72025,50.00
4355,33183,0.00
4356,33876,100.00
4357,42893,100.00
4358,25425,0.00
4359,52194,100.00
4360,54158,100.00
4361,36846,100.00
4362,37316,100.00
4363,19573,0.00
4364,19845,100.00
4365,50298,0.00
4366,62773,0.00
4367,65952,0.00
4368,69133,0.00
4369,56765,0.00
4370,60421,0.00
4371,60758,0.00
4372,59854,0.00
4373,72927,0.00
4374,61358,100.00
4375,64608,50.00
4376,34584,100.00
4377,35497,100.00
4378,33220,100.00
4379,27600,0.00
4380,52519,100.00
4381,57769,100.00
4382,55285,0.00
4383,56110,0.00
4384,62951,0.00
4385,59883,0.00
4386,62867,0.00
4387,61220,0.00
4388,56767,0.00
4389,58662,0.00
4390,70787,50.00
4391,43656,0.00
4392,41702,100.00
4393,57269,100.00
4394,34499,0.00
4395,49964,100.00
4396,55540,100.00
4397,46199,100.00
4398,35549,100.00
4399,47314,50.00
4400,56760,0.00
4401,55610,0.00
4402,57414,0.00
4403,62321,0.00
4404,58513,0.00
4405,59783,0.00
4406,69712,0.00
4407,66673,0.00
4408,47730,50.00
4409,43211,0.00
4410,66671,66.67
4411,45410,100.00
4412,24960,100.00
4413,27385,100.00
4414,28043,100.00
4415,59451,100.00
4416,51964,0.00
4417,50432,100.00
4418,31731,50.00
4419,58988,0.00
4420,56198,0.00
4421,56188,0.00
4422,58457,0.00
4423,58813,0.00
4424,54702,0.00
4425,55287,0.00
4426,73325,0.00
4427,45606,50.00
4428,30464,100.00
4429,52836,66.67
4430,25493,0.00
4431,62459,100.00
4432,54448,100.00
4433,28402,100.00
4434,27061,100.00
4435,47610,100.00
4436,38519,100.00
4437,59946,50.00
4438,57224,0.00
4439,57099,0.00
4440,62651,0.00
4441,56289,0.00
4442,54441,0.00
4443,56611,0.00
4444,58733,0.00
4445,55640,0.00
4446,67068,0.00
4447,68445,50.00
4448,63238,0.00
4449,54603,100.00
4450,38008,100.00
4451,26376,0.00
4452,34689,100.00
4453,62922,100.00
4454,59155,100.00
4455,38668,100.00
4456,61201,33.33
4457,62058,0.00
4458,57388,0.00
4459,71685,0.00
4460,59892,0.00
4461,57898,0.00
4462,60194,0.00
4463,65800,0.00
4464,43345,100.00
4465,34683,0.00
4466,57096,50.00
4467,49975,100.00
4468,40055,100.00
4469,34733,0.00
4470,54753,100.00
4471,51874,100.00
4472,51954,0.00
4473,25550,50.00
4474,30298,100.00
4475,36487,0.00
4476,49855,0.00
4477,53587,0.00
4478,48996,0.00
4479,50571,0.00
4480,52071,0.00
4481,56320,0.00
4482,51257,0.00
4483,62833,50.00
4484,35324,0.00
4485,29243,50.00
4486,47346,100.00
4487,34908,0.00
4488,40572,100.00
4489,35792,100.00
4490,37049,0.00
4491,50182,100.00
4492,25825,100.00
4493,57063,0.00
4494,53372,0.00
4495,55320,0.00
4496,56088,0.00
4497,65885,0.00
4498,57921,0.00
4499,56646,0.00
4500,69940,0.00
4501,58879,50.00
4502,27117,0.00
4503,44898,100.00
4504,66453,66.67
4505,33417,0.00
4506,33659,100.00
4507,25886,100.00
4508,31299,100.00
4509,37613,100.00
4510,45334,50.00
4511,48654,0.00
4512,36391,100.00
4513,48964,0.00
4514,49966,0.00
4515,56789,0.00
4516,55050,0.00
4517,55024,0.00
4518,63705,0.00
4519,67288,0.00
4520,56710,50.00
4521,39743,100.00
4522,29876,0.00
4523,39000,100.00
4524,59532,100.00
4525,63870,100.00
4526,37882,0.00
4527,33271,100.00
4528,49716,50.00
4529,27193,50.00
4530,37521,0.00
4531,51509,50.00
4532,51536,0.00
4533,56121,0.00
4534,59752,0.00
4535,54802,0.00
4536,52026,0.00
4537,55402,0.00
4538,63748,0.00
4539,74287,50.00
4540,64004,100.00
4541,36858,0.00
4542,37848,100.00
4543,38478,100.00
4544,24294,0.00
4545,57715,100.00
4546,51729,100.00
4547,53860,100.00
4548,43863,0.00
4549,50905,0.00
4550,54969,0.00
4551,56904,0.00
4552,54645,0.00
4553,53501,0.00
4554,57787,0.00
4555,70368,50.00
4556,54916,0.00
4557,49294,66.67
4558,31764,0.00
4559,48160,100.00
4560,53093,100.00
4561,56890,100.00
4562,47838,100.00
4563,42857,100.00
4564,42192,0.00
4565,54156,0.00
4566,54200,0.00
4567,57418,0.00
4568,52888,0.00
4569,54125,0.00
4570,53599,0.00
4571,62191,33.33
4572,36154,0.00
4573,34205,50.00
4574,51027,0.00
4575,61194,100.00
4576,34637,100.00
4577,28154,0.00
4578,28208,100.00
4579,41484,100.00
4580,38408,0.00
4581,54684,50.00
4582,51717,50.00
4583,39006,0.00
4584,51980,50.00
4585,55390,0.00
4586,55747,0.00
4587,51400,0.00
4588,60166,0.00
4589,57241,0.00
4590,58090,0.00
4591,58001,0.00
4592,58774,0.00
4593,32137,50.00
4594,46232,100.00
4595,24031,0.00
4596,56029,100.00
4597,58124,100.00
4598,39866,100.00
4599,28366,100.00
4600,36491,100.00
4601,37198,50.00
4602,62866,0.00
4603,59640,100.00
4604,60303,0.00
4605,58543,0.00
4606,60295,0.00
4607,60869,0.00
4608,56145,0.00
4609,55912,0.00
4610,58664,0.00
4611,58830,0.00
4612,66947,50.00
4613,63787,0.00
4614,42654,50.00
4615,41586,100.00
4616,24345,0.00
4617,31439,100.00
4618,56605,100.00
4619,60408,100.00
4620,44605,100.00
4621,32390,50.00
4622,58042,0.00
4623,56363,0.00
4624,56819,0.00
4625,56056,0.00
4626,57852,0.00
4627,56693,0.00
4628,64195,0.00
4629,66410,50.00
4630,35668,0.00
4631,39708,100.00
4632,64894,50.00
4633,39346,100.00
4634,30772,100.00
4635,56766,100.00
4636,36212,100.00
4637,57158,100.00
4638,59413,100.00
4639,37039,50.00
4640,50661,0.00
4641,55509,50.00
4642,57880,0.00
4643,56440,0.00
4644,58876,0.00
4645,58145,0.00
4646,56126,0.00
4647,63366,0.00
4648,61089,0.00
4649,69800,0.00
4650,56580,50.00
4651,50775,100.00
4652,25593,0.00
4653,27790,100.00
4654,57384,100.00
4655,47718,100.00
4656,56097,100.00
4657,33558,100.00
4658,50596,0.00
4659,60803,0.00
4660,58642,0.00
4661,56389,0.00
4662,63844,0.00
4663,66469,0.00
4664,61187,0.00
4665,55123,0.00
4666,84639,50.00
4667,40558,0.00
4668,33370,50.00
4669,52235,50.00
4670,60031,0.00
4671,54612,100.00
4672,33237,100.00
4673,24364,0.00
4674,29707,100.00
4675,40870,100.00
4676,63164,0.00
4677,47039,50.00
4678,48529,0.00
4679,57346,0.00
4680,68532,0.00
4681,57426,0.00
4682,65803,0.00
4683,78560,0.00
4684,61174,0.00
4685,71820,50.00
4686,47328,50.00
4687,38666,0.00
4688,30551,100.00
4689,41689,100.00
4690,62910,100.00
4691,32519,0.00
4692,55667,100.00
4693,32307,100.00
4694,22664,50.00
4695,20205,0.00
4696,37646,100.00
4697,43779,0.00
4698,52591,0.00
4699,55722,0.00
4700,56585,0.00
4701,59459,0.00
4702,59991,0.00
4703,56145,0.00
4704,68437,50.00
4705,56822,0.00
4706,56778,50.00
4707,70470,100.00
4708,27005,0.00
4709,30270,100.00
4710,33019,100.00
4711,58565,100.00
4712,68597,100.00
4713,41453,100.00
4714,57291,0.00
4715,60028,0.00
4716,57819,0.00
4717,56213,0.00
4718,75865,0.00
4719,56396,0.00
4720,66677,0.00
4721,58258,0.00
4722,60466,100.00
4723,38557,50.00
4724,40923,100.00
4725,57913,100.00
4726,62504,100.00
4727,39106,0.00
4728,42424,100.00
4729,41653,100.00
4730,27832,100.00
4731,38696,50.00
4732,50916,0.00
4733,55977,0.00
4734,53073,0.00
4735,58769,0.00
4736,59278,0.00
4737,58410,0.00
4738,65733,0.00
4739,59048,0.00
4740,59215,0.00
4741,72917,0.00
4742,70438,100.00
4743,51859,100.00
4744,59362,100.00
4745,22745,0.00
4746,27391,100.00
4747,29557,100.00
4748,53888,100.00
4749,60468,100.00
4750,63962,100.00
4751,47901,0.00
4752,60122,0.00
4753,60445,0.00
4754,56316,0.00
4755,61014,0.00
4756,55800,0.00
4757,63066,0.00
4758,60258,0.00
4759,56547,0.00
4760,60913,0.00
4761,63560,0.00
4762,69696,50.00
4763,43677,100.00
4764,52075,100.00
4765,67444,100.00
4766,35007,0.00
4767,41162,100.00
4768,30120,100.00
4769,24093,100.00
4770,30568,100.00
4771,56580,100.00
4772,54203,50.00
4773,56969,0.00
4774,58278,0.00
4775,56661,0.00
4776,58297,0.00
4777,61555,0.00
4778,57990,0.00
4779,63421,0.00
4780,57420,0.00
4781,56086,0.00
4782,72122,0.00
4783,69346,50.00
4784,35681,0.00
4785,40390,100.00
4786,42853,100.00
4787,25949,0.00
4788,58506,100.00
4789,60829,100.00
4790,28393,0.00
4791,27375,100.00
4792,29504,0.00
4793,65244,0.00
4794,61395,0.00
4795,61038,0.00
4796,56677,0.00
4797,54873,0.00
4798,60017,0.00
4799,69668,0.00
4800,53242,0.00
4801,54325,0.00
4802,70100,0.00
4803,59349,100.00
4804,66139,100.00
4805,32353,0.00
4806,35878,100.00
4807,24047,100.00
4808,25019,0.00
4809,43194,100.00
4810,57420,100.00
4811,50123,0.00
4812,66558,0.00
4813,65349,0.00
4814,66806,0.00
4815,57768,0.00
4816,58319,0.00
4817,58249,0.00
4818,54976,0.00
4819,55912,0.00
4820,57443,0.00
4821,62721,0.00
4822,69894,50.00
4823,45859,50.00
4824,30964,100.00
4825,48489,100.00
4826,37596,0.00
4827,55279,100.00
4828,57371,100.00
4829,27862,100.00
4830,54310,100.00
4831,55284,0.00
4832,59347,0.00
4833,57533,0.00
4834,57988,0.00
4835,60702,0.00
4836,56990,0.00
4837,61198,0.00
4838,68657,0.00
4839,40990,50.00
4840,45450,100.00
4841,62124,50.00
4842,61406,100.00
4843,49181,100.00
4844,28173,100.00
4845,30041,100.00
4846,51591,100.00
4847,63089,100.00
4848,58417,50.00
4849,39765,0.00
4850,47029,50.00
4851,59688,0.00
4852,56837,0.00
4853,58284,0.00
4854,56509,0.00
4855,54327,0.00
4856,56351,0.00
4857,57498,0.00
4858,74333,0.00
4859,44402,100.00
4860,33873,0.00
4861,50597,100.00
4862,25059,0.00
4863,60867,100.00
4864,47660,100.00
4865,28644,100.00
4866,20566,100.00
4867,20793,50.00
4868,38544,50.00
4869,50321,0.00
4870,62190,0.00
4871,64263,0.00
4872,54320,0.00
4873,59559,0.00
4874,58325,0.00
4875,55128,0.00
4876,64412,0.00
4877,73812,0.00
4878,65482,100.00
4879,65516,66.67
4880,23177,0.00
4881,22417,100.00
4882,28534,100.00
4883,25974,100.00
4884,63195,100.00
4885,38935,100.00
4886,49248,0.00
4887,47705,0.00
4888,49796,0.00
4889,50099,0.00
4890,48951,0.00
4891,50549,0.00
4892,55149,0.00
4893,56512,0.00
4894,73845,50.00
4895,34022,0.00
4896,34535,100.00
4897,64682,100.00
4898,26411,0.00
4899,36464,100.00
4900,56077,100.00
4901,55671,0.00
4902,32565,100.00
4903,61496,100.00
4904,31620,0.00
4905,52522,0.00
4906,59713,0.00
4907,57732,0.00
4908,56888,0.00
4909,55315,0.00
4910,58270,0.00
4911,58078,0.00
4912,60003,0.00
4913,59673,0.00
4914,59399,0.00
4915,71937,66.67
4916,44808,0.00
4917,53167,100.00
4918,33621,100.00
4919,25779,100.00
4920,27072,100.00
4921,54870,100.00
4922,53328,100.00
4923,52817,100.00
4924,44234,0.00
4925,58279,0.00
4926,54183,0.00
4927,55192,0.00
4928,67693,0.00
4929,57533,0.00
4930,57329,0.00
4931,56245,0.00
4932,55327,0.00
4933,53401,0.00
4934,70443,0.00
4935,60078,66.67
4936,29974,100.00
4937,57935,100.00
4938,60339,100.00
4939,44083,100.00
4940,34209,100.00
4941,24936,100.00
4942,30398,100.00
4943,60664,100.00
4944,58209,0.00
4945,55118,50.00
4946,55273,0.00
4947,55601,0.00
4948,57921,0.00
4949,55707,0.00
4950,59875,0.00
4951,62071,0.00
4952,58130,0.00
4953,57112,0.00
4954,56955,0.00
4955,71683,0.00
4956,45485,50.00
4957,42878,100.00
4958,23465,0.00
4959,28746,100.00
4960,60106,100.00
4961,58352,0.00
4962,31677,100.00
4963,28380,100.00
4964,21851,0.00
4965,45794,0.00
4966,55111,0.00
4967,65677,0.00
4968,55242,0.00
4969,60673,0.00
4970,60309,0.00
4971,57470,0.00
4972,59165,0.00
4973,60127,0.00
4974,55249,0.00
4975,74363,100.00
4976,42329,0.00
4977,58805,100.00
4978,46534,100.00
4979,22652,0.00
4980,26827,100.00
4981,40610,100.00
4982,52919,0.00
4983,55473,100.00
4984,54923,0.00
4985,59026,0.00
4986,55589,0.00
4987,61119,0.00
4988,60511,0.00
4989,56162,0.00
4990,56981,0.00
4991,60005,0.00
4992,55807,0.00
4993,64113,33.33
4994,41053,0.00
4995,33419,50.00
4996,54534,100.00
4997,45076,0.00
4998,52943,100.00
4999,40833,100.00
5000,74289,0.00
5001,44715,100.00
5002,38976,100.00
5003,55814,0.00
5004,58797,0.00
5005,61799,0.00
5006,65322,0.00
5007,56069,0.00
5008,57092,0.00
5009,56781,0.00
5010,63691,50.00
5011,39263,0.00
5012,38474,50.00
5013,59829,50.00
5014,66951,100.00
5015,22082,0.00
5016,23870,100.00
5017,33686,100.00
5018,47798,100.00
5019,63233,100.00
5020,60216,50.00
5021,42537,0.00
5022,35823,50.00
5023,53738,0.00
5024,58445,0.00
5025,61928,0.00
5026,53128,0.00
5027,56313,0.00
5028,63522,0.00
5029,55838,0.00
5030,68422,50.00
5031,44625,0.00
5032,29467,50.00
5033,35407,100.00
5034,29831,100.00
5035,61617,100.00
5036,30302,0.00
5037,24855,100.00
5038,31609,100.00
5039,21295,100.00
5040,30528,50.00
5041,44105,100.00
5042,50004,0.00
5043,52975,0.00
5044,65588,0.00
5045,57333,0.00
5046,55954,0.00
5047,59604,0.00
5048,77402,0.00
5049,62937,0.00
5050,60726,0.00
5051,71740,0.00
5052,71310,50.00
5053,60608,100.00
5054,19735,0.00
5055,29144,100.00
5056,45303,100.00
5057,59813,100.00
5058,47364,100.00
5059,47765,100.00
5060,48666,0.00
5061,54469,0.00
5062,65513,0.00
5063,54663,0.00
5064,51721,0.00
5065,55297,0.00
5066,54190,0.00
5067,61458,0.00
5068,36543,100.00
5069,42237,50.00
5070,58337,0.00
5071,50981,100.00
5072,24541,0.00
5073,42988,100.00
5074,47063,100.00
5075,47275,100.00
5076,58540,100.00
5077,29387,0.00
5078,31774,50.00
5079,50410,50.00
5080,61130,0.00
5081,67259,0.00
5082,57013,0.00
5083,61995,0.00
5084,62186,0.00
5085,60516,0.00
5086,68026,0.00
5087,49071,0.00
5088,34828,50.00
5089,28326,50.00
5090,35125,0.00
5091,53932,100.00
5092,56066,100.00
5093,28353,0.00
5094,26864,100.00
5095,64787,100.00
5096,55172,0.00
5097,58536,0.00
5098,53549,0.00
5099,57694,0.00
5100,57942,0.00
5101,54561,0.00
5102,59108,0.00
5103,58887,0.00
5104,85124,0.00
5105,40128,50.00
5106,31534,100.00
5107,65352,66.67
5108,40691,0.00
5109,48101,100.00
5110,27654,100.00
5111,25817,100.00
5112,26338,100.00
5113,46179,100.00
5114,49973,50.00
5115,45058,100.00
5116,51446,0.00
5117,49056,0.00
5118,54512,0.00
5119,68305,0.00
5120,54937,0.00
5121,54806,0.00
5122,56215,0.00
5123,63551,0.00
5124,67489,0.00
5125,42580,100.00
5126,32617,100.00
5127,32389,100.00
5128,63385,100.00
5129,41895,0.00
5130,59284,100.00
5131,34482,100.00
5132,39030,50.00
5133,60388,100.00
5134,55576,50.00
5135,49270,0.00
5136,56424,0.00
5137,62701,0.00
5138,59628,0.00
5139,56967,0.00
5140,67009,0.00
5141,58436,0.00
5142,53238,0.00
5143,67399,0.00
5144,51840,0.00
5145,58661,100.00
5146,46636,75.00
5147,20866,0.00
5148,23835,100.00
5149,29172,100.00
5150,57737,100.00
5151,59400,100.00
5152,47235,50.00
5153,56162,0.00
5154,60269,0.00
5155,72568,0.00
5156,61922,0.00
5157,56706,0.00
5158,59770,0.00
5159,63279,0.00
5160,70314,0.00
5161,35317,100.00
5162,44107,100.00
5163,41492,100.00
5164,61975,100.00
5165,25528,0.00
5166,57300,100.00
5167,37001,100.00
5168,36348,50.00
5169,54117,0.00
5170,62991,0.00
5171,59470,0.00
5172,56176,0.00
5173,58241,0.00
5174,60334,0.00
5175,58286,0.00
5176,69517,0.00
5177,47761,100.00
5178,43515,50.00
5179,58974,0.00
5180,61197,100.00
5181,43941,100.00
5182,43799,100.00
5183,19434,0.00
5184,45326,100.00
5185,53910,100.00
5186,51421,0.00
5187,42373,50.00
5188,53681,0.00
5189,55754,0.00
5190,54274,0.00
5191,54606,0.00
5192,65297,0.00
5193,57936,0.00
5194,58834,0.00
5195,66120,50.00
5196,54011,0.00
5197,28443,50.00
5198,34103,100.00
5199,41552,100.00
5200,64351,100.00
5201,25664,0.00
5202,28019,100.00
5203,27014,100.00
5204,38645,100.00
5205,48517,0.00
5206,57929,50.00
5207,49717,50.00
5208,51925,0.00
5209,71307,0.00
5210,54905,0.00
5211,60270,0.00
5212,61786,0.00
5213,56276,0.00
5214,57808,0.00
5215,58582,0.00
5216,70201,0.00
5217,69947,0.00
5218,55278,100.00
5219,19346,0.00
5220,22946,100.00
5221,33914,100.00
5222,55086,0.00
5223,53311,100.00
5224,30760,100.00
5225,45641,0.00
5226,51200,0.00
5227,51001,0.00
5228,55605,0.00
5229,55075,0.00
5230,56714,0.00
5231,61923,0.00
5232,69253,0.00
5233,53989,50.00
5234,30448,0.00
5235,48071,100.00
5236,63023,66.67
5237,30823,0.00
5238,26719,100.00
5239,64483,100.00
5240,36894,100.00
5241,57309,100.00
5242,31849,0.00
5243,26452,50.00
5244,53883,50.00
5245,63247,0.00
5246,60186,0.00
5247,58335,0.00
5248,59556,0.00
5249,62656,0.00
5250,63107,0.00
5251,73868,0.00
5252,71348,0.00
5253,57829,0.00
5254,34679,100.00
5255,35863,50.00
5256,41072,100.00
5257,58386,100.00
5258,27021,0.00
5259,31727,100.00
5260,59428,100.00
5261,46062,100.00
5262,51825,100.00
5263,55182,0.00
5264,51456,0.00
5265,47254,0.00
5266,68008,0.00
5267,57752,0.00
5268,54505,0.00
5269,55741,0.00
5270,54313,0.00
5271,45377,100.00
5272,34838,50.00
5273,67948,66.67
5274,19935,0.00
5275,58935,100.00
5276,30446,100.00
5277,32115,100.00
5278,37484,100.00
5279,32104,0.00
5280,50364,100.00
5281,33341,50.00
5282,51049,0.00
5283,56882,0.00
5284,55009,0.00
5285,58005,0.00
5286,62580,0.00
5287,53357,0.00
5288,67169,0.00
5289,63971,50.00
5290,41505,50.00
5291,24757,0.00
5292,49582,66.67
5293,47736,0.00
5294,46036,100.00
5295,46573,100.00
5296,51057,100.00
5297,34814,0.00
5298,29775,100.00
5299,29011,50.00
5300,43200,0.00
5301,42909,0.00
5302,48065,0.00
5303,45229,0.00
5304,53549,0.00
5305,54740,0.00
5306,51848,0.00
5307,67529,100.00
5308,67980,50.00
5309,60458,0.00
5310,35989,100.00
5311,46975,100.00
5312,27492,0.00
5313,44390,100.00
5314,51765,100.00
5315,37771,100.00
5316,43348,50.00
5317,70065,0.00
5318,57986,0.00
5319,60987,0.00
5320,58274,0.00
5321,55851,0.00
5322,60480,0.00
5323,59900,0.00
5324,54256,0.00
5325,58322,50.00
5326,49858,100.00
5327,30154,0.00
5328,58024,100.00
5329,55644,100.00
5330,61873,100.00
5331,36518,100.00
5332,32534,100.00
5333,47482,0.00
5334,51682,0.00
5335,61715,0.00
5336,56856,0.00
5337,51578,0.00
5338,53517,0.00
5339,51389,0.00
5340,56226,50.00
5341,31978,50.00
5342,34460,0.00
5343,49671,100.00
5344,61988,66.67
5345,24601,0.00
5346,25722,100.00
5347,29598,100.00
5348,59309,100.00
5349,70696,100.00
5350,74816,0.00
5351,73151,0.00
5352,73514,0.00
5353,71643,50.00
5354,71430,0.00
5355,70278,0.00
5356,70877,100.00
5357,69544,0.00
5358,58086,50.00
5359,57263,0.00
5360,71808,0.00
5361,70295,0.00
5362,36176,50.00
5363,47548,0.00
5364,70950,50.00
5365,68483,50.00
5366,68551,0.00
5367,60180,50.00
5368,60504,0.00
5369,64974,0.00
5370,61645,0.00
5371,68192,0.00
5372,60717,0.00
5373,59106,0.00
5374,58509,0.00
5375,59961,0.00
5376,70452,50.00
5377,70356,66.67
5378,29716,0.00
5379,50281,100.00
5380,30865,100.00
5381,24815,100.00
5382,26207,100.00
5383,56817,100.00
5384,55287,100.00
5385,50743,100.00
5386,23475,100.00
5387,50659,0.00
5388,53276,0.00
5389,62414,0.00
5390,78555,0.00
5391,59523,0.00
5392,57963,0.00
5393,54357,0.00
5394,54393,0.00
5395,69220,0.00
5396,57870,0.00
5397,66736,50.00
5398,68592,66.67
5399,49742,0.00
5400,52004,100.00
5401,53337,100.00
5402,39799,100.00
5403,36568,0.00
5404,29821,100.00
5405,40427,50.00
5406,51781,0.00
5407,54019,0.00
5408,60248,0.00
5409,62232,50.00
5410,50459,50.00
5411,57670,0.00
5412,58826,100.00
5413,45394,50.00
5414,38557,0.00
5415,45232,50.00
5416,52398,100.00
5417,39156,0.00
5418,47662,50.00
5419,54380,100.00
5420,34876,0.00
5421,56072,0.00
5422,57133,0.00
5423,68237,0.00
5424,61404,0.00
5425,64597,0.00
5426,57323,100.00
5427,38932,100.00
5428,27900,100.00
5429,23838,0.00
5430,60179,100.00
5431,66825,100.00
5432,46135,100.00
5433,25198,100.00
5434,35334,100.00
5435,38093,100.00
5436,57711,0.00
5437,57592,0.00
5438,58909,0.00
5439,56662,0.00
5440,59634,0.00
5441,64438,0.00
5442,58028,0.00
5443,56568,0.00
5444,62386,0.00
5445,55872,0.00
5446,54401,0.00
5447,66022,50.00
5448,66508,100.00
5449,36471,100.00
5450,20054,0.00
5451,20124,100.00
5452,25817,100.00
5453,25649,100.00
5454,61301,100.00
5455,48368,100.00
5456,37051,100.00
5457,48050,100.00
5458,59685,0.00
5459,71930,0.00
5460,59222,0.00
5461,58467,0.00
5462,57535,0.00
5463,55386,0.00
5464,55165,0.00
5465,58184,0.00
5466,57668,0.00
5467,58441,0.00
5468,59432,0.00
5469,58461,0.00
5470,72112,100.00
5471,26575,0.00
5472,61758,100.00
5473,49588,100.00
5474,28382,100.00
5475,22421,100.00
5476,24789,100.00
5477,26654,100.00
5478,67557,100.00
5479,61626,100.00
5480,58289,0.00
5481,57972,0.00
5482,55747,0.00
5483,71884,0.00
5484,62113,0.00
5485,61793,0.00
5486,62596,0.00
5487,57453,0.00
5488,57268,0.00
5489,57860,0.00
5490,60450,0.00
5491,65201,0.00
5492,41438,50.00
5493,57965,100.00
5494,50959,100.00
5495,40816,0.00
5496,52847,100.00
5497,56522,100.00
5498,31282,50.00
5499,26023,0.00
5500,46396,100.00
5501,62414,0.00
5502,66074,0.00
5503,75484,0.00
5504,67770,0.00
5505,67592,0.00
5506,42158,100.00
5507,50028,0.00
5508,61630,50.00
5509,60837,100.00
5510,25135,0.00
5511,49861,100.00
5512,42182,100.00
5513,35247,100.00
5514,49301,50.00
5515,50968,100.00
5516,50939,0.00
5517,57354,0.00
5518,58644,0.00
5519,69811,0.00
5520,56078,0.00
5521,74604,0.00
5522,683685,0.00
5523,69956,50.00
5524,71922,0.00
5525,68250,100.00
5526,63480,100.00
5527,69783,100.00
5528,25009,0.00
5529,29252,100.00
5530,68675,100.00
5531,57522,100.00
5532,60635,100.00
5533,96175,50.00
5534,70740,0.00
5535,113534,50.00
5536,312519,0.00
5537,59647,0.00
5538,126405,0.00
5539,57492,0.00
5540,59961,0.00
5541,59567,0.00
5542,67066,0.00
5543,59904,0.00
5544,59659,0.00
5545,71427,0.00
5546,71880,0.00
5547,69846,100.00
5548,72844,100.00
5549,18494,0.00
5550,73414,0.00
5551,21865,0.00
5552,25974,100.00
5553,72413,100.00
5554,69043,100.00
5555,69794,0.00
5556,45256,100.00
5557,83899,100.00
5558,70833,0.00
5559,63387,100.00
5560,70109,0.00
5561,66271,100.00
5562,69122,100.00
5563,24488,0.00
5564,71804,100.00
5565,59861,0.00
5566,181426,0.00
5567,65694,0.00
5568,60152,0.00
5569,58470,0.00
5570,64348,0.00
5571,60367,0.00
5572,60407,0.00
5573,60276,0.00
5574,58402,0.00
5575,60517,0.00
5576,61382,0.00
5577,60648,0.00
5578,62771,0.00
5579,59571,0.00
5580,57463,0.00
5581,64279,0.00
5582,62205,0.00
5583,63889,0.00
5584,60701,0.00
5585,59882,0.00
5586,59511,0.00
5587,72059,100.00
5588,70441,0.00
5589,74450,0.00
5590,70952,100.00
5591,71917,0.00
5592,16257,0.00
5593,14491,0.00
5594,74494,0.00
5595,71342,0.00
5596,279572,0.00
5597,71849,100.00
5598,80722,0.00
5599,19827,0.00
5600,17812,0.00
5601,17483,0.00
5602,74957,100.00
5603,18889,0.00
5604,71229,100.00
5605,71220,100.00
5606,57025,100.00
5607,56670,100.00
5608,40138,100.00
5609,53561,0.00
5610,311144,50.00
5611,636374,0.00
5612,693462,0.00
5613,15971,0.00
5614,56318,0.00
5615,61367,0.00
5616,62780,0.00
5617,64569,0.00
5618,61218,0.00
5619,62634,0.00
5620,58688,0.00
5621,69622,0.00
5622,59758,0.00
5623,61134,0.00
5624,71681,0.00
5625,61656,0.00
5626,61188,0.00
5627,70311,0.00
5628,130562,0.00
5629,59532,0.00
5630,60498,0.00
5631,61603,0.00
5632,60551,0.00
5633,61538,0.00
5634,60927,0.00
5635,60902,0.00
5636,77209,0.00
5637,74130,0.00
5638,70995,100.00
5639,71092,0.00
5640,18325,0.00
5641,16563,0.00
5642,20479,0.00
5643,70859,100.00
5644,78314,0.00
5645,56281,0.00
5646,186668,100.00
5647,73345,0.00
5648,75929,100.00
5649,23934,0.00
5650,72535,0.00
5651,73576,0.00
5652,32713,100.00
5653,79302,100.00
5654,79862,0.00
5655,76599,100.00
5656,68528,0.00
5657,71000,100.00
5658,178289,0.00
5659,73755,100.00
5660,46112,0.00
5661,77085,100.00
5662,89964,50.00
5663,61039,0.00
5664,59198,0.00
5665,61871,0.00
5666,60823,0.00
5667,58933,0.00
5668,60431,0.00
5669,58355,0.00
5670,63386,0.00
5671,477927,0.00
5672,61070,0.00
5673,189655,0.00
5674,61248,0.00
5675,63371,0.00
5676,61545,0.00
5677,59197,0.00
5678,61682,0.00
5679,65875,0.00
5680,59992,0.00
5681,61104,0.00
5682,59702,0.00
5683,62333,0.00
5684,56946,0.00
5685,57905,0.00
5686,60497,0.00
5687,61537,0.00
5688,60661,0.00
5689,254638,0.00
5690,72723,0.00
5691,69880,0.00
5692,70792,50.00
5693,69817,0.00
5694,69904,0.00
5695,71624,66.67
5696,59341,0.00
5697,65811,100.00
5698,69454,100.00
5699,63863,0.00
5700,70702,100.00
5701,67975,100.00
5702,67043,100.00
5703,66735,50.00
5704,470756,100.00
5705,72754,0.00
5706,60455,0.00
5707,59594,0.00
5708,60206,0.00
5709,65806,0.00
5710,61221,0.00
5711,83053,0.00
5712,79924,0.00
5713,60642,0.00
5714,76092,0.00
5715,60205,0.00
5716,60959,0.00
5717,60141,0.00
5718,561487,100.00
5719,73838,100.00
5720,67081,0.00
5721,154605,100.00
5722,42776,100.00
5723,33797,0.00
5724,43755,100.00
5725,61416,100.00
5726,63339,0.00
5727,53479,100.00
5728,30408,100.00
5729,63543,0.00
5730,130641,0.00
5731,63635,0.00
5732,68806,0.00
5733,61519,0.00
5734,66055,0.00
5735,67056,0.00
5736,60830,0.00
5737,62913,0.00
5738,209280,0.00
5739,58538,0.00
5740,60164,0.00
5741,74665,0.00
5742,70203,100.00
5743,71211,66.67
5744,27383,0.00
5745,55601,100.00
5746,57213,100.00
5747,29415,100.00
5748,31311,100.00
5749,56461,100.00
5750,40082,100.00
5751,66187,100.00
5752,91598,0.00
5753,76439,0.00
5754,61044,0.00
5755,64237,0.00
5756,66354,0.00
5757,60026,0.00
5758,63193,0.00
5759,68107,0.00
5760,60956,0.00
5761,70257,0.00
5762,61719,0.00
5763,70425,100.00
5764,74534,100.00
5765,27309,0.00
5766,74547,100.00
5767,44493,100.00
5768,73201,0.00
5769,73257,100.00
5770,65062,100.00
5771,54777,100.00
5772,46922,100.00
5773,37721,50.00
5774,53100,0.00
5775,56316,0.00
5776,58477,0.00
5777,59907,0.00
5778,75458,0.00
5779,64602,0.00
5780,61426,0.00
5781,67916,0.00
5782,125570,0.00
5783,62599,0.00
5784,57193,0.00
5785,71168,50.00
5786,41152,100.00
5787,48286,0.00
5788,67074,66.67
5789,41809,0.00
5790,49561,100.00
5791,74128,100.00
5792,28629,0.00
5793,72707,100.00
5794,56404,100.00
5795,36310,0.00
5796,59599,0.00
5797,56157,0.00
5798,66064,0.00
5799,61704,0.00
5800,63361,0.00
5801,72151,0.00
5802,59737,0.00
5803,60047,0.00
5804,75397,33.33
5805,61408,100.00
5806,41206,100.00
5807,66213,100.00
5808,59939,100.00
5809,57185,100.00
5810,57365,100.00
5811,56542,100.00
5812,41990,100.00
5813,32686,100.00
5814,47281,100.00
5815,72425,0.00
5816,60685,0.00
5817,61914,0.00
5818,60872,0.00
5819,58193,0.00
5820,58938,0.00
5821,77187,0.00
5822,74658,0.00
5823,65882,0.00
5824,62760,0.00
5825,65003,0.00
5826,75321,0.00
5827,71617,100.00
5828,37486,0.00
5829,35086,100.00
5830,26948,100.00
5831,21357,100.00
5832,32234,100.00
5833,63922,100.00
5834,64631,100.00
5835,54317,100.00
5836,44564,50.00
5837,58377,0.00
5838,61481,0.00
5839,62613,0.00
5840,61020,0.00
5841,60883,0.00
5842,61172,0.00
5843,65309,0.00
5844,74147,0.00
5845,63437,0.00
5846,60934,0.00
5847,59133,0.00
5848,71388,50.00
5849,53898,100.00
5850,48264,100.00
5851,70288,100.00
5852,42135,0.00
5853,32906,100.00
5854,26686,100.00
5855,24537,100.00
5856,25968,100.00
5857,65130,0.00
5858,56050,0.00
5859,57593,0.00
5860,56889,0.00
5861,72339,0.00
5862,62711,0.00
5863,62226,0.00
5864,59718,0.00
5865,57572,0.00
5866,71982,0.00
5867,71008,33.33
5868,63990,50.00
5869,55663,66.67
5870,23460,0.00
5871,28172,100.00
5872,39860,100.00
5873,51699,100.00
5874,56666,100.00
5875,51671,50.00
5876,53209,0.00
5877,56142,0.00
5878,63671,0.00
5879,56019,0.00
5880,58907,0.00
5881,58474,0.00
5882,74380,0.00
5883,55353,100.00
5884,50214,100.00
5885,23826,0.00
5886,57222,100.00
5887,48148,100.00
5888,58857,100.00
5889,37496,100.00
5890,31719,100.00
5891,44157,100.00
5892,45612,50.00
5893,52333,0.00
5894,56155,0.00
5895,57351,0.00
5896,54850,0.00
5897,57856,0.00
5898,55330,0.00
5899,56703,0.00
5900,62146,0.00
5901,59920,0.00
5902,63639,0.00
5903,54482,0.00
5904,68061,50.00
5905,60840,100.00
5906,23475,0.00
5907,24695,100.00
5908,24903,100.00
5909,37573,100.00
5910,50890,100.00
5911,45065,100.00
5912,30865,100.00
5913,44114,100.00
5914,38989,100.00
5915,45720,0.00
5916,60741,0.00
5917,50974,0.00
5918,61487,0.00
5919,58270,0.00
5920,62217,0.00
5921,59826,0.00
5922,53657,0.00
5923,57439,0.00
5924,60796,0.00
5925,61707,0.00
5926,66530,66.67
5927,35183,0.00
5928,61775,100.00
5929,33104,100.00
5930,23308,100.00
5931,20804,100.00
5932,35226,100.00
5933,50869,100.00
5934,61872,100.00
5935,54647,100.00
5936,55183,0.00
5937,62226,0.00
5938,57402,0.00
5939,62900,0.00
5940,56834,0.00
5941,59710,0.00
5942,64429,0.00
5943,59304,0.00
5944,61839,0.00
5945,55944,0.00
5946,68611,0.00
5947,69258,50.00
5948,43698,0.00
5949,38018,100.00
5950,64358,100.00
5951,61746,0.00
5952,69140,100.00
5953,32870,100.00
5954,35822,0.00
5955,35536,100.00
5956,55245,50.00
5957,55376,0.00
5958,57701,0.00
5959,68184,0.00
5960,57809,0.00
5961,70635,0.00
5962,57260,0.00
5963,31505,50.00
5964,44452,100.00
5965,64069,0.00
5966,43229,50.00
5967,39900,100.00
5968,61641,66.67
5969,33811,0.00
5970,20461,0.00
5971,20616,50.00
5972,35111,50.00
5973,37289,0.00
5974,44028,0.00
5975,50676,0.00
5976,61833,0.00
5977,58514,0.00
5978,54156,0.00
5979,65524,50.00
5980,38778,100.00
5981,19586,0.00
5982,25948,100.00
5983,50560,100.00
5984,50472,100.00
5985,49055,100.00
5986,33568,100.00
5987,28113,100.00
5988,45946,100.00
5989,54787,0.00
5990,66239,0.00
5991,57886,0.00
5992,57612,0.00
5993,63547,0.00
5994,59435,0.00
5995,65378,0.00
5996,55808,0.00
5997,62824,0.00
5998,59723,0.00
5999,53345,0.00
6000,90941,50.00
6001,68890,50.00
6002,28517,0.00
6003,49024,100.00
6004,65494,100.00
6005,29835,100.00
6006,33820,100.00
6007,51757,100.00
6008,44220,100.00
6009,52473,100.00
6010,44671,100.00
6011,46340,0.00
6012,52084,0.00
6013,54143,0.00
6014,51047,0.00
6015,51631,0.00
6016,52695,0.00
6017,54469,0.00
6018,51969,0.00
6019,57503,0.00
6020,61018,0.00
6021,53686,0.00
6022,67568,50.00
6023,23926,0.00
6024,65570,100.00
6025,52460,100.00
6026,56910,100.00
6027,31878,100.00
6028,28674,100.00
6029,28259,100.00
6030,59168,100.00
6031,58362,100.00
6032,49372,0.00
6033,56458,0.00
6034,68323,0.00
6035,64309,0.00
6036,84170,0.00
6037,64483,0.00
6038,58597,0.00
6039,55790,0.00
6040,54312,0.00
6041,56712,0.00
6042,61509,0.00
6043,70209,100.00
6044,29311,0.00
6045,32769,100.00
6046,44320,100.00
6047,46735,100.00
6048,45771,100.00
6049,54022,50.00
6050,54891,0.00
6051,56848,0.00
6052,69078,0.00
6053,55906,0.00
6054,59177,0.00
6055,55472,0.00
6056,54535,0.00
6057,64267,100.00
6058,47059,100.00
6059,24224,0.00
6060,48925,100.00
6061,53215,100.00
6062,54653,100.00
6063,34475,100.00
6064,29356,100.00
6065,26284,100.00
6066,59092,100.00
6067,51662,50.00
6068,114402,0.00
6069,59190,0.00
6070,58996,0.00
6071,60700,0.00
6072,64140,0.00
6073,61544,0.00
6074,66454,0.00
6075,56706,0.00
6076,52703,0.00
6077,64808,0.00
6078,69894,0.00
6079,69162,100.00
6080,25869,0.00
6081,23156,100.00
6082,21912,100.00
6083,26425,100.00
6084,56673,100.00
6085,61141,100.00
6086,44246,100.00
6087,39212,100.00
6088,30887,100.00
6089,59278,0.00
6090,57633,0.00
6091,64545,0.00
6092,72253,0.00
6093,61955,0.00
6094,62310,0.00
6095,61863,0.00
6096,62870,0.00
6097,63096,0.00
6098,55139,0.00
6099,56185,0.00
6100,73839,0.00
6101,48878,100.00
6102,68160,100.00
6103,54412,100.00
6104,23456,0.00
6105,21991,100.00
6106,23001,100.00
6107,34661,100.00
6108,56276,100.00
6109,57968,100.00
6110,47936,0.00
6111,60143,50.00
6112,55092,0.00
6113,53715,0.00
6114,56187,0.00
6115,62671,0.00
6116,57376,0.00
6117,63206,0.00
6118,61693,0.00
6119,62235,0.00
6120,61425,0.00
6121,68762,0.00
6122,66683,0.00
6123,62021,50.00
6124,36148,100.00
6125,30836,100.00
6126,59670,100.00
6127,66161,100.00
6128,28669,100.00
6129,45913,50.00
6130,34429,100.00
6131,39487,0.00
6132,58675,0.00
6133,61101,0.00
6134,73252,0.00
6135,62117,0.00
6136,69855,50.00
6137,48079,0.00
6138,37909,100.00
6139,60704,50.00
6140,54751,0.00
6141,35692,100.00
6142,34085,50.00
6143,48780,100.00
6144,47078,100.00
6145,51834,50.00
6146,47652,0.00
6147,62319,100.00
6148,66597,0.00
6149,55710,0.00
6150,59430,0.00
6151,61451,0.00
6152,59750,0.00
6153,57872,0.00
6154,68957,100.00
6155,24712,0.00
6156,30032,100.00
6157,29251,100.00
6158,59577,100.00
6159,60056,100.00
6160,60769,100.00
6161,34526,100.00
6162,40564,100.00
6163,35501,50.00
6164,53564,0.00
6165,55616,0.00
6166,59184,0.00
6167,58774,0.00
6168,59137,0.00
6169,62001,0.00
6170,63635,0.00
6171,61318,0.00
6172,60088,0.00
6173,58214,0.00
6174,58719,0.00
6175,71235,0.00
6176,53217,100.00
6177,61785,100.00
6178,37219,100.00
6179,22113,0.00
6180,30187,100.00
6181,57560,100.00
6182,37704,100.00
6183,56510,100.00
6184,56912,100.00
6185,46262,0.00
6186,56089,0.00
6187,61186,0.00
6188,55277,0.00
6189,56194,0.00
6190,62154,0.00
6191,60619,0.00
6192,56999,0.00
6193,84303,0.00
6194,58651,0.00
6195,80217,0.00
6196,61116,50.00
6197,62773,100.00
6198,43231,100.00
6199,57930,100.00
6200,33444,0.00
6201,28442,100.00
6202,30333,100.00
6203,55191,100.00
6204,39685,100.00
6205,48249,0.00
6206,54755,0.00
6207,59077,0.00
6208,61480,0.00
6209,58437,0.00
6210,63345,0.00
6211,57454,0.00
6212,71949,0.00
6213,80077,0.00
6214,61818,0.00
6215,59382,0.00
6216,65421,66.67
6217,33018,0.00
6218,32798,100.00
6219,46557,100.00
6220,54207,100.00
6221,49438,100.00
6222,55821,100.00
6223,52502,0.00
6224,52565,0.00
6225,52414,0.00
6226,54102,0.00
6227,57022,0.00
6228,55843,0.00
6229,72916,0.00
6230,69370,50.00
6231,50864,100.00
6232,61375,100.00
6233,40792,0.00
6234,44902,100.00
6235,59466,100.00
6236,37335,100.00
6237,33781,100.00
6238,47365,100.00
6239,56607,100.00
6240,51269,100.00
6241,64103,0.00
6242,60509,0.00
6243,61388,0.00
6244,62970,0.00
6245,57695,0.00
6246,62079,0.00
6247,70668,0.00
6248,59852,0.00
6249,59442,0.00
6250,59229,0.00
6251,71874,0.00
6252,71423,100.00
6253,34410,100.00
6254,20202,0.00
6255,22939,100.00
6256,34684,100.00
6257,50144,100.00
6258,63321,100.00
6259,51141,100.00
6260,35584,100.00
6261,53905,100.00
6262,54018,50.00
6263,73771,0.00
6264,55157,0.00
6265,53245,0.00
6266,52789,0.00
6267,54129,0.00
6268,60686,0.00
6269,55963,0.00
6270,63932,0.00
6271,62705,0.00
6272,60962,0.00
6273,68208,0.00
6274,70483,100.00
6275,28989,0.00
6276,48971,100.00
6277,32285,100.00
6278,25407,100.00
6279,29568,100.00
6280,49503,100.00
6281,72978,100.00
6282,61989,100.00
6283,35744,100.00
6284,58663,0.00
6285,59003,0.00
6286,59379,0.00
6287,56153,0.00
6288,61132,0.00
6289,64512,0.00
6290,60730,0.00
6291,63631,0.00
6292,60287,0.00
6293,61113,0.00
6294,60150,0.00
6295,59589,0.00
6296,69514,100.00
6297,43692,100.00
6298,65496,100.00
6299,29244,0.00
6300,48749,100.00
6301,36545,100.00
6302,40352,100.00
6303,38351,50.00
6304,54436,0.00
6305,57141,0.00
6306,59004,0.00
6307,59028,0.00
6308,58284,0.00
6309,66078,0.00
6310,60494,50.00
6311,37835,0.00
6312,51777,100.00
6313,47939,50.00
6314,34079,0.00
6315,47003,66.67
6316,51591,100.00
6317,32787,0.00
6318,52792,100.00
6319,56473,0.00
6320,37802,100.00
6321,49198,0.00
6322,51249,0.00
6323,52797,0.00
6324,68090,0.00
6325,57549,0.00
6326,57647,0.00
6327,70013,0.00
6328,42254,50.00
6329,35120,100.00
6330,33772,100.00
6331,59817,100.00
6332,25330,0.00
6333,38782,100.00
6334,49800,100.00
6335,40269,100.00
6336,46362,100.00
6337,43235,50.00
6338,56905,0.00
6339,54085,0.00
6340,54640,0.00
6341,62981,0.00
6342,58721,0.00
6343,63729,0.00
6344,57469,0.00
6345,56371,0.00
6346,59900,0.00
6347,65330,0.00
6348,64024,50.00
6349,63642,100.00
6350,36037,0.00
6351,26770,100.00
6352,41100,100.00
6353,48416,100.00
6354,42124,100.00
6355,57503,100.00
6356,48655,100.00
6357,22638,0.00
6358,59289,50.00
6359,72864,0.00
6360,56236,0.00
6361,62025,0.00
6362,60175,0.00
6363,57687,0.00
6364,62456,0.00
6365,56620,0.00
6366,58470,0.00
6367,72723,50.00
6368,65628,0.00
6369,58409,100.00
6370,52607,100.00
6371,39275,0.00
6372,50893,100.00
6373,37780,100.00
6374,57471,100.00
6375,31666,100.00
6376,29693,50.00
6377,38200,0.00
6378,56718,0.00
6379,55321,0.00
6380,58524,0.00
6381,61404,0.00
6382,77780,0.00
6383,60556,0.00
6384,59027,0.00
6385,55844,0.00
6386,59570,0.00
6387,67410,50.00
6388,64177,100.00
6389,27879,0.00
6390,50671,100.00
6391,57910,100.00
6392,51140,100.00
6393,50216,100.00
6394,34992,100.00
6395,53917,0.00
6396,55603,0.00
6397,58232,0.00
6398,70652,0.00
6399,59652,0.00
6400,64254,0.00
6401,57209,0.00
6402,66249,0.00
6403,58380,100.00
6404,38332,0.00
6405,41049,100.00
6406,68553,100.00
6407,32716,0.00
6408,33161,100.00
6409,32955,100.00
6410,31307,100.00
6411,51770,100.00
6412,61802,100.00
6413,53070,0.00
6414,61525,0.00
6415,60176,0.00
6416,60578,0.00
6417,57014,0.00
6418,57509,0.00
6419,60206,0.00
6420,58075,0.00
6421,56678,0.00
6422,55440,0.00
6423,72327,50.00
6424,50330,100.00
6425,28248,0.00
6426,28215,100.00
6427,45006,100.00
6428,43297,0.00
6429,37464,100.00
6430,49667,100.00
6431,38076,0.00
6432,42720,100.00
6433,53379,0.00
6434,69648,0.00
6435,61254,0.00
6436,57899,0.00
6437,63678,0.00
6438,56513,0.00
6439,185693,0.00
6440,57850,0.00
6441,73552,0.00
6442,67987,0.00
6443,64438,0.00
6444,69284,50.00
6445,68810,100.00
6446,35036,0.00
6447,47434,100.00
6448,32470,100.00
6449,27535,100.00
6450,48293,100.00
6451,47154,100.00
6452,48684,100.00
6453,57679,100.00
6454,36416,0.00
6455,58423,0.00
6456,54456,0.00
6457,59241,0.00
6458,64143,0.00
6459,61042,0.00
6460,58433,0.00
6461,59271,0.00
6462,56857,0.00
6463,62438,0.00
6464,56158,0.00
6465,67537,50.00
6466,53929,0.00
6467,56808,100.00
6468,28654,100.00
6469,49649,100.00
6470,24791,0.00
6471,46234,100.00
6472,43576,100.00
6473,51238,100.00
6474,47342,50.00
6475,52477,0.00
6476,59574,0.00
6477,53623,0.00
6478,56059,0.00
6479,55583,0.00
6480,57197,0.00
6481,60844,0.00
6482,57789,0.00
6483,58668,0.00
6484,74026,66.67
6485,28196,0.00
6486,57364,100.00
6487,43511,100.00
6488,50119,100.00
6489,49273,100.00
6490,41437,100.00
6491,51325,0.00
6492,44465,100.00
6493,50976,0.00
6494,50829,0.00
6495,53709,0.00
6496,61470,0.00
6497,60742,0.00
6498,54599,0.00
6499,69274,0.00
6500,37107,50.00
6501,35491,50.00
6502,67791,100.00
6503,21870,0.00
6504,23432,100.00
6505,25621,100.00
6506,27992,100.00
6507,56977,100.00
6508,66783,100.00
6509,35329,50.00
6510,39783,50.00
6511,50493,0.00
6512,51302,0.00
6513,62260,0.00
6514,55174,0.00
6515,56738,0.00
6516,59921,0.00
6517,74038,0.00
6518,57742,0.00
6519,60865,0.00
6520,58905,50.00
6521,51175,100.00
6522,41739,100.00
6523,35687,100.00
6524,38932,100.00
6525,48508,100.00
6526,37413,100.00
6527,27723,100.00
6528,55973,50.00
6529,43387,100.00
6530,41011,50.00
6531,56837,0.00
6532,59981,0.00
6533,57171,0.00
6534,58869,0.00
6535,57888,0.00
6536,61136,0.00
6537,61833,0.00
6538,64544,0.00
6539,68908,0.00
6540,63831,50.00
6541,58172,50.00
6542,47403,0.00
6543,36816,100.00
6544,70539,100.00
6545,41460,0.00
6546,54292,100.00
6547,44564,100.00
6548,28328,0.00
6549,29539,50.00
6550,57139,0.00
6551,63340,0.00
6552,59444,0.00
6553,62099,0.00
6554,57490,0.00
6555,62589,0.00
6556,64275,0.00
6557,61246,0.00
6558,69651,0.00
6559,55938,50.00
6560,54501,50.00
6561,57857,100.00
6562,46536,100.00
6563,36400,0.00
6564,32058,100.00
6565,53450,100.00
6566,40668,0.00
6567,57697,50.00
6568,61750,0.00
6569,57577,0.00
6570,61795,0.00
6571,59142,0.00
6572,59027,0.00
6573,59459,0.00
6574,72383,0.00
6575,54000,0.00
6576,44982,100.00
6577,67900,100.00
6578,49471,0.00
6579,48182,100.00
6580,34973,100.00
6581,32015,100.00
6582,54264,100.00
6583,50584,100.00
6584,45552,100.00
6585,56967,0.00
6586,57389,0.00
6587,65470,0.00
6588,63894,0.00
6589,61961,0.00
6590,59771,0.00
6591,57109,0.00
6592,72654,0.00
6593,61727,0.00
6594,68098,0.00
6595,56556,50.00
6596,40166,50.00
6597,29589,100.00
6598,45171,100.00
6599,45091,0.00
6600,33537,100.00
6601,27481,100.00
6602,56618,0.00
6603,54494,100.00
6604,50565,100.00
6605,50259,0.00
6606,57309,0.00
6607,54834,0.00
6608,66664,0.00
6609,63496,0.00
6610,60658,0.00
6611,58934,0.00
6612,65563,0.00
6613,61038,0.00
6614,56263,0.00
6615,71065,50.00
6616,67412,100.00
6617,39039,0.00
6618,53569,100.00
6619,29247,100.00
6620,28380,100.00
6621,46828,100.00
6622,34282,100.00
6623,37048,100.00
6624,46302,100.00
6625,35267,50.00
6626,52440,0.00
6627,53414,0.00
6628,59165,0.00
6629,56285,0.00
6630,53684,0.00
6631,54863,0.00
6632,56270,0.00
6633,55806,0.00
6634,59001,0.00
6635,68495,0.00
6636,62718,0.00
6637,66996,100.00
6638,24734,0.00
6639,28267,100.00
6640,49501,100.00
6641,49943,0.00
6642,31472,100.00
6643,59859,100.00
6644,34141,0.00
6645,42827,50.00
6646,62026,0.00
6647,55635,0.00
6648,57503,0.00
6649,69973,0.00
6650,59629,0.00
6651,64121,0.00
6652,64873,0.00
6653,72601,0.00
6654,57537,0.00
6655,74410,50.00
6656,43293,0.00
6657,51814,100.00
6658,34201,100.00
6659,58410,0.00
6660,60146,100.00
6661,53521,100.00
6662,54136,50.00
6663,55708,0.00
6664,58228,0.00
6665,62502,0.00
6666,62911,0.00
6667,56531,0.00
6668,57162,0.00
6669,65201,0.00
6670,39071,50.00
6671,39296,0.00
6672,64048,100.00
6673,46366,100.00
6674,19358,0.00
6675,27752,100.00
6676,55614,100.00
6677,54935,100.00
6678,62336,100.00
6679,34043,50.00
6680,42837,0.00
6681,53085,0.00
6682,54593,0.00
6683,53413,0.00
6684,52494,0.00
6685,58308,0.00
6686,55649,0.00
6687,54506,0.00
6688,52458,0.00
6689,59420,0.00
6690,48630,50.00
6691,60693,100.00
6692,21667,0.00
6693,29812,100.00
6694,51588,100.00
6695,38034,100.00
6696,36304,100.00
6697,47332,100.00
6698,52881,100.00
6699,39282,50.00
6700,28037,50.00
6701,45687,0.00
6702,51785,0.00
6703,60078,0.00
6704,58034,0.00
6705,54654,0.00
6706,65172,0.00
6707,58749,0.00
6708,66787,0.00
6709,56772,0.00
6710,79644,0.00
6711,70223,100.00
6712,33160,100.00
6713,30490,100.00
6714,55587,100.00
6715,35639,100.00
6716,42566,100.00
6717,48056,100.00
6718,40074,100.00
6719,45282,0.00
6720,63597,100.00
6721,53315,0.00
6722,54333,0.00
6723,55534,0.00
6724,56409,0.00
6725,68877,0.00
6726,59305,0.00
6727,56214,0.00
6728,76975,0.00
6729,56808,0.00
6730,67354,50.00
6731,47614,0.00
6732,60304,100.00
6733,49966,100.00
6734,25978,0.00
6735,26718,100.00
6736,57140,100.00
6737,31563,100.00
6738,62689,100.00
6739,55813,0.00
6740,54390,0.00
6741,55008,0.00
6742,56144,0.00
6743,73234,0.00
6744,56893,0.00
6745,62595,0.00
6746,66401,50.00
6747,36370,0.00
6748,41026,100.00
6749,57701,50.00
6750,45294,100.00
6751,28242,100.00
6752,24332,0.00
6753,24653,100.00
6754,56721,100.00
6755,64791,0.00
6756,55774,50.00
6757,59064,0.00
6758,62459,0.00
6759,58316,0.00
6760,57879,0.00
6761,59932,0.00
6762,53892,0.00
6763,66369,0.00
6764,43503,0.00
6765,30266,50.00
6766,46393,100.00
6767,43938,0.00
6768,43299,100.00
6769,29844,100.00
6770,24649,100.00
6771,39462,100.00
6772,43000,100.00
6773,24249,50.00
6774,17227,50.00
6775,40438,0.00
6776,56694,0.00
6777,56774,0.00
6778,67802,0.00
6779,57797,0.00
6780,55651,0.00
6781,56610,0.00
6782,57207,0.00
6783,57583,0.00
6784,71904,50.00
6785,34991,0.00
6786,41448,100.00
6787,42503,100.00
6788,48727,0.00
6789,46088,100.00
6790,46916,100.00
6791,29821,0.00
6792,30613,100.00
6793,48915,50.00
6794,45708,0.00
6795,41295,50.00
6796,53236,0.00
6797,52982,0.00
6798,68316,0.00
6799,57727,0.00
6800,56315,0.00
6801,54797,0.00
6802,53966,0.00
6803,57312,0.00
6804,66448,0.00
6805,63783,100.00
6806,60126,100.00
6807,36229,100.00
6808,57621,100.00
6809,28552,0.00
6810,31822,100.00
6811,49307,100.00
6812,43640,100.00
6813,39015,0.00
6814,39829,50.00
6815,65654,0.00
6816,56484,0.00
6817,59626,0.00
6818,57637,0.00
6819,58723,0.00
6820,59608,0.00
6821,58616,0.00
6822,59967,0.00
6823,71516,50.00
6824,41073,0.00
6825,47901,66.67
6826,43057,0.00
6827,47270,100.00
6828,32960,100.00
6829,42589,100.00
6830,54480,0.00
6831,50377,50.00
6832,52328,0.00
6833,52041,0.00
6834,51818,0.00
6835,62144,0.00
6836,68189,0.00
6837,33916,100.00
6838,67420,66.67
6839,38290,0.00
6840,36766,100.00
6841,34905,100.00
6842,48352,0.00
6843,53635,100.00
6844,52991,100.00
6845,41859,0.00
6846,43206,100.00
6847,51925,0.00
6848,54308,0.00
6849,77333,0.00
6850,59128,0.00
6851,62796,0.00
6852,57339,0.00
6853,55971,0.00
6854,52872,0.00
6855,54729,0.00
6856,54058,0.00
6857,71208,50.00
6858,52252,100.00
6859,34356,100.00
6860,26549,100.00
6861,38475,100.00
6862,53461,100.00
6863,46469,100.00
6864,51744,100.00
6865,47205,100.00
6866,43100,100.00
6867,41584,0.00
6868,52962,0.00
6869,52855,0.00
6870,66718,0.00
6871,53710,0.00
6872,56932,0.00
6873,52071,0.00
6874,54054,0.00
6875,54206,0.00
6876,54917,0.00
6877,59253,0.00
6878,75839,0.00
6879,71846,100.00
6880,71379,100.00
6881,37819,0.00
6882,33308,100.00
6883,25369,100.00
6884,24845,100.00
6885,36543,100.00
6886,47323,100.00
6887,53794,100.00
6888,52814,100.00
6889,69538,0.00
6890,59248,0.00
6891,72418,0.00
6892,71382,0.00
6893,61085,0.00
6894,65230,0.00
6895,69774,0.00
6896,59078,0.00
6897,57170,0.00
6898,61421,0.00
6899,55895,0.00
6900,66858,0.00
6901,63964,100.00
6902,26585,0.00
6903,52680,100.00
6904,53848,100.00
6905,44547,100.00
6906,33421,100.00
6907,35217,100.00
6908,33392,0.00
6909,55744,50.00
6910,61122,0.00
6911,72127,0.00
6912,56926,0.00
6913,58146,0.00
6914,68075,0.00
6915,67807,50.00
6916,73900,0.00
6917,60518,50.00
6918,60036,0.00
6919,62858,100.00
6920,54236,50.00
6921,31579,100.00
6922,36896,100.00
6923,39675,0.00
6924,60478,100.00
6925,68054,100.00
6926,57108,0.00
6927,55385,0.00
6928,56550,0.00
6929,57199,0.00
6930,77834,0.00
6931,57542,0.00
6932,56971,0.00
6933,66023,0.00
6934,38925,50.00
6935,32846,50.00
6936,60611,100.00
6937,34952,100.00
6938,34797,100.00
6939,32482,100.00
6940,30743,100.00
6941,30614,100.00
6942,60043,50.00
6943,42741,0.00
6944,27088,100.00
6945,45237,0.00
6946,53178,0.00
6947,59002,0.00
6948,57156,0.00
6949,59502,0.00
6950,67056,0.00
6951,60926,0.00
6952,72421,50.00
6953,69086,0.00
6954,42185,100.00
6955,33820,50.00
6956,43511,0.00
6957,61572,100.00
6958,58388,100.00
6959,23524,0.00
6960,23799,100.00
6961,40140,50.00
6962,53852,100.00
6963,49090,0.00
6964,43090,50.00
6965,59154,0.00
6966,62088,0.00
6967,61238,0.00
6968,60910,0.00
6969,68745,0.00
6970,62878,0.00
6971,65188,0.00
6972,70701,50.00
6973,62169,0.00
6974,40269,50.00
6975,40352,100.00
6976,52523,100.00
6977,37346,0.00
6978,54868,100.00
6979,49878,100.00
6980,35510,0.00
6981,20767,50.00
6982,23017,50.00
6983,53115,0.00
6984,60747,0.00
6985,63054,0.00
6986,83242,0.00
6987,56157,0.00
6988,60169,0.00
6989,64794,0.00
6990,56400,0.00
6991,71626,50.00
6992,62815,100.00
6993,65962,50.00
6994,44995,100.00
6995,28386,100.00
6996,39315,100.00
6997,51196,50.00
6998,56944,0.00
6999,65065,0.00
7000,77961,0.00
7001,65172,0.00
7002,71983,33.33
7003,47301,0.00
7004,40725,50.00
7005,64892,100.00
7006,58353,100.00
7007,36641,0.00
7008,29827,100.00
7009,61069,100.00
7010,59789,0.00
7011,61360,100.00
7012,51516,100.00
7013,42799,50.00
7014,58751,0.00
7015,67529,0.00
7016,61496,0.00
7017,57551,0.00
7018,61443,0.00
7019,58234,0.00
7020,58787,0.00
7021,69551,0.00
7022,51614,0.00
7023,60931,0.00
7024,72113,0.00
7025,64818,100.00
7026,53670,100.00
7027,42545,100.00
7028,25611,0.00
7029,63470,100.00
7030,53145,100.00
7031,61530,100.00
7032,47447,100.00
7033,56605,100.00
7034,53480,50.00
7035,70149,0.00
7036,59172,0.00
7037,70663,0.00
7038,60050,0.00
7039,63526,0.00
7040,61089,0.00
7041,55759,0.00
7042,68322,0.00
7043,58054,0.00
7044,60110,0.00
7045,61008,0.00
7046,69894,50.00
7047,60734,100.00
7048,64194,100.00
7049,21697,0.00
7050,22829,100.00
7051,30048,100.00
7052,49488,100.00
7053,45292,100.00
7054,59950,100.00
7055,53340,100.00
7056,45927,0.00
7057,51813,0.00
7058,65214,0.00
7059,60871,0.00
7060,63464,0.00
7061,77517,0.00
7062,56970,0.00
7063,57349,0.00
7064,58331,0.00
7065,56998,0.00
7066,57916,0.00
7067,70347,0.00
7068,65358,66.67
7069,45096,0.00
7070,53040,100.00
7071,37636,100.00
7072,55575,100.00
7073,40967,100.00
7074,34633,100.00
7075,58116,100.00
7076,53370,0.00
7077,55090,0.00
7078,55114,0.00
7079,55129,0.00
7080,60753,0.00
7081,57509,0.00
7082,65397,0.00
7083,47856,0.00
7084,37198,50.00
7085,57153,100.00
7086,54520,100.00
7087,35355,100.00
7088,23034,0.00
7089,26248,100.00
7090,41144,100.00
7091,51386,100.00
7092,39660,50.00
7093,59902,0.00
7094,62800,0.00
7095,55302,0.00
7096,64809,0.00
7097,59244,0.00
7098,58415,0.00
7099,61218,0.00
7100,75857,0.00
7101,56910,50.00
7102,38852,50.00
7103,41268,0.00
7104,65498,100.00
7105,55399,100.00
7106,25918,0.00
7107,24879,100.00
7108,48526,100.00
7109,56569,0.00
7110,46877,100.00
7111,34433,50.00
7112,42574,0.00
7113,65379,0.00
7114,75356,0.00
7115,58781,0.00
7116,58183,0.00
7117,60074,0.00
7118,92666,0.00
7119,59886,0.00
7120,68411,50.00
7121,64084,0.00
7122,39215,100.00
7123,62970,66.67
7124,32524,0.00
7125,36466,100.00
7126,51793,100.00
7127,29534,100.00
7128,35166,100.00
7129,34317,100.00
7130,36449,0.00
7131,27883,100.00
7132,55795,0.00
7133,59199,0.00
7134,56592,0.00
7135,57576,0.00
7136,61558,0.00
7137,57283,0.00
7138,57263,0.00
7139,56483,0.00
7140,73923,100.00
7141,62657,0.00
7142,50208,50.00
7143,46209,100.00
7144,55087,100.00
7145,34350,0.00
7146,38672,100.00
7147,60410,100.00
7148,34784,0.00
7149,37059,100.00
7150,35386,0.00
7151,67705,50.00
7152,59359,0.00
7153,60311,0.00
7154,63481,0.00
7155,65114,0.00
7156,61798,0.00
7157,58616,0.00
7158,61434,0.00
7159,60768,0.00
7160,69397,0.00
7161,57329,50.00
7162,56165,100.00
7163,25716,0.00
7164,47811,100.00
7165,31026,100.00
7166,53586,100.00
7167,45505,100.00
7168,55713,0.00
7169,56646,0.00
7170,52808,0.00
7171,58690,0.00
7172,59169,0.00
7173,59016,0.00
7174,62068,0.00
7175,59549,0.00
7176,68628,50.00
7177,56317,100.00
7178,40725,0.00
7179,53098,100.00
7180,54437,100.00
7181,36011,100.00
7182,28495,100.00
7183,32716,100.00
7184,60750,100.00
7185,61116,100.00
7186,55124,0.00
7187,60262,0.00
7188,60439,0.00
7189,57483,0.00
7190,58568,0.00
7191,60450,0.00
7192,61945,0.00
7193,62315,0.00
7194,60885,0.00
7195,57035,0.00
7196,67457,50.00
7197,49373,100.00
7198,31369,100.00
7199,32012,0.00
7200,43499,100.00
7201,44090,100.00
7202,45852,0.00
7203,46103,100.00
7204,43780,100.00
7205,47092,0.00
7206,44846,50.00
7207,50630,0.00
7208,51949,0.00
7209,58660,0.00
7210,55551,0.00
7211,54199,0.00
7212,64745,0.00
7213,58388,0.00
7214,52570,0.00
7215,60272,0.00
7216,57237,0.00
7217,63919,0.00
7218,46372,100.00
7219,60086,100.00
7220,35905,0.00
7221,31752,100.00
7222,26950,100.00
7223,57050,100.00
7224,35141,100.00
7225,45966,100.00
7226,52291,100.00
7227,37434,50.00
7228,64170,0.00
7229,59106,0.00
7230,57784,0.00
7231,57135,0.00
7232,54775,0.00
7233,54850,0.00
7234,55991,0.00
7235,53078,0.00
7236,53860,0.00
7237,65389,0.00
7238,61814,0.00
7239,62310,100.00
7240,22520,0.00
7241,24023,100.00
7242,27810,100.00
7243,56205,100.00
7244,36411,100.00
7245,52246,100.00
7246,50342,100.00
7247,51164,0.00
7248,53621,0.00
7249,54310,0.00
7250,58635,0.00
7251,62729,0.00
7252,59760,0.00
7253,70958,0.00
7254,59772,0.00
7255,56819,0.00
7256,66109,0.00
7257,56485,100.00
7258,59686,100.00
7259,36933,0.00
7260,34471,100.00
7261,59517,100.00
7262,40609,100.00
7263,42873,50.00
7264,59353,100.00
7265,52898,0.00
7266,53671,0.00
7267,59863,0.00
7268,62434,0.00
7269,59043,0.00
7270,59941,0.00
7271,69509,0.00
7272,50252,50.00
7273,35355,100.00
7274,50667,0.00
7275,62776,100.00
7276,41716,100.00
7277,19757,0.00
7278,29345,100.00
7279,44226,100.00
7280,43015,100.00
7281,34638,0.00
7282,22238,50.00
7283,39985,100.00
7284,56850,0.00
7285,55623,0.00
7286,56744,0.00
7287,54778,0.00
7288,59998,0.00
7289,54460,0.00
7290,54861,0.00
7291,52604,0.00
7292,65390,0.00
7293,46793,100.00
7294,69815,100.00
7295,23695,0.00
7296,30378,100.00
7297,50618,100.00
7298,29484,100.00
7299,28614,100.00
7300,49047,100.00
7301,42092,0.00
7302,46361,50.00
7303,46593,50.00
7304,52520,0.00
7305,55084,0.00
7306,68054,0.00
7307,58414,0.00
7308,59039,0.00
7309,59927,0.00
7310,65930,0.00
7311,72709,0.00
7312,63503,50.00
7313,49124,0.00
7314,43732,50.00
7315,47438,100.00
7316,43893,0.00
7317,58695,100.00
7318,47505,100.00
7319,30697,100.00
7320,38966,100.00
7321,34476,50.00
7322,46629,0.00
7323,50293,0.00
7324,56767,0.00
7325,55092,0.00
7326,62815,0.00
7327,61408,0.00
7328,55323,0.00
7329,57265,0.00
7330,74119,50.00
7331,48160,0.00
7332,39843,100.00
7333,68322,66.67
7334,23788,0.00
7335,24450,100.00
7336,26382,100.00
7337,53780,100.00
7338,60384,100.00
7339,64210,0.00
7340,59190,0.00
7341,63473,0.00
7342,63781,0.00
7343,61589,0.00
7344,61102,0.00
7345,58051,0.00
7346,65499,0.00
7347,57067,100.00
7348,64900,100.00
7349,27722,0.00
7350,56745,100.00
7351,43947,100.00
7352,36882,100.00
7353,51334,100.00
7354,63063,100.00
7355,58493,50.00
7356,54513,0.00
7357,58432,0.00
7358,57887,0.00
7359,58562,0.00
7360,59698,0.00
7361,56235,0.00
7362,57024,0.00
7363,57144,0.00
7364,57969,0.00
7365,65499,0.00
7366,47338,50.00
7367,35597,50.00
7368,30462,100.00
7369,56034,100.00
7370,40922,100.00
7371,33890,100.00
7372,28845,100.00
7373,52031,100.00
7374,54346,100.00
7375,42066,100.00
7376,39220,0.00
7377,52358,0.00
7378,61871,0.00
7379,56458,0.00
7380,57185,0.00
7381,67124,0.00
7382,69471,0.00
7383,57148,0.00
7384,59298,0.00
7385,60752,0.00
7386,71385,50.00
7387,57354,100.00
7388,29103,0.00
7389,55703,100.00
7390,30858,100.00
7391,30322,100.00
7392,54429,100.00
7393,37279,100.00
7394,29343,100.00
7395,52702,50.00
7396,59035,100.00
7397,55370,0.00
7398,57258,0.00
7399,58446,0.00
7400,60919,0.00
7401,57944,0.00
7402,57750,0.00
7403,57861,0.00
7404,58067,0.00
7405,59242,0.00
7406,71780,0.00
7407,60655,50.00
7408,81329,100.00
7409,20385,0.00
7410,27971,100.00
7411,45264,100.00
7412,46926,100.00
7413,38784,100.00
7414,47640,100.00
7415,35826,50.00
7416,35804,0.00
7417,57926,0.00
7418,55103,0.00
7419,56637,0.00
7420,55754,0.00
7421,59319,0.00
7422,62729,0.00
7423,59329,0.00
7424,55382,0.00
7425,55882,0.00
7426,65519,66.67
7427,48282,0.00
7428,55878,100.00
7429,44059,100.00
7430,53896,100.00
7431,57440,100.00
7432,46076,100.00
7433,58824,0.00
7434,57595,50.00
7435,69648,0.00
7436,56580,0.00
7437,56212,0.00
7438,61963,0.00
7439,55768,0.00
7440,62271,0.00
7441,36480,50.00
7442,38959,0.00
7443,58581,100.00
7444,49144,100.00
7445,19354,0.00
7446,26042,100.00
7447,38750,100.00
7448,56529,100.00
7449,59426,100.00
7450,39099,50.00
7451,44622,0.00
7452,58408,50.00
7453,60058,0.00
7454,57922,0.00
7455,61725,0.00
7456,59483,0.00
7457,59098,0.00
7458,56703,0.00
7459,57764,0.00
7460,65961,0.00
7461,62866,0.00
7462,61041,100.00
7463,33034,0.00
7464,33241,100.00
7465,53523,100.00
7466,42197,0.00
7467,36164,100.00
7468,28323,100.00
7469,58059,0.00
7470,54403,66.67
7471,44425,0.00
7472,50032,0.00
7473,52137,0.00
7474,55115,0.00
7475,54235,0.00
7476,53145,0.00
7477,54037,0.00
7478,51871,0.00
7479,57913,0.00
7480,57668,0.00
7481,56454,0.00
7482,63247,100.00
7483,68235,66.67
7484,25462,0.00
7485,53565,100.00
7486,46361,100.00
7487,35541,100.00
7488,52606,100.00
7489,45002,100.00
7490,38642,100.00
7491,54239,100.00
7492,45829,0.00
7493,53646,0.00
7494,54103,0.00
7495,53909,0.00
7496,51974,0.00
7497,51780,0.00
7498,53134,0.00
7499,54564,0.00
7500,50763,0.00
7501,63127,50.00
7502,45506,0.00
7503,61773,100.00
7504,43180,100.00
7505,22905,0.00
7506,27871,100.00
7507,43741,100.00
7508,45330,0.00
7509,41779,100.00
7510,56553,0.00
7511,58702,0.00
7512,55201,0.00
7513,53971,0.00
7514,55000,0.00
7515,54506,0.00
7516,62198,0.00
7517,56232,0.00
7518,58632,50.00
7519,37931,100.00
7520,61250,0.00
7521,50950,100.00
7522,32856,100.00
7523,22044,0.00
7524,27195,100.00
7525,44432,100.00
7526,60783,0.00
7527,61242,50.00
7528,55079,0.00
7529,53740,0.00
7530,54150,0.00
7531,58263,0.00
7532,54638,0.00
7533,57453,0.00
7534,58953,0.00
7535,68198,0.00
7536,31948,50.00
7537,41340,66.67
7538,23376,0.00
7539,56369,100.00
7540,31484,100.00
7541,22761,100.00
7542,26276,100.00
7543,58283,100.00
7544,39770,100.00
7545,19411,0.00
7546,26923,100.00
7547,52609,0.00
7548,60748,0.00
7549,67070,0.00
7550,61101,0.00
7551,65797,0.00
7552,58081,0.00
7553,57760,0.00
7554,60861,0.00
7555,71079,50.00
7556,68988,0.00
7557,42243,100.00
7558,61848,100.00
7559,35728,0.00
7560,34894,100.00
7561,57083,100.00
7562,32143,100.00
7563,30265,100.00
7564,45296,50.00
7565,52724,0.00
7566,34733,50.00
7567,54681,0.00
7568,52196,0.00
7569,56729,0.00
7570,61036,0.00
7571,56211,0.00
7572,55742,0.00
7573,60754,0.00
7574,56935,0.00
7575,67295,50.00
7576,54890,0.00
7577,54471,100.00
7578,32513,100.00
7579,55591,100.00
7580,27825,0.00
7581,37797,100.00
7582,43374,100.00
7583,45396,100.00
7584,23625,50.00
7585,36812,50.00
7586,53241,0.00
7587,54783,0.00
7588,58426,0.00
7589,57083,0.00
7590,62685,0.00
7591,60160,0.00
7592,59930,0.00
7593,57192,0.00
7594,58881,0.00
7595,68356,50.00
7596,53347,0.00
7597,64091,100.00
7598,30706,0.00
7599,30819,100.00
7600,38012,100.00
7601,42969,0.00
7602,43428,100.00
7603,57077,0.00
7604,57911,0.00
7605,57350,0.00
7606,57957,0.00
7607,68525,0.00
7608,38635,100.00
7609,51179,66.67
7610,44457,0.00
7611,49031,100.00
7612,40463,100.00
7613,27164,100.00
7614,58218,100.00
7615,43113,100.00
7616,46585,100.00
7617,30853,50.00
7618,41092,0.00
7619,53450,0.00
7620,54498,0.00
7621,54909,0.00
7622,57428,0.00
7623,56099,0.00
7624,58893,0.00
7625,62956,0.00
7626,64275,0.00
7627,60277,0.00
7628,67405,0.00
7629,67201,50.00
7630,60243,100.00
7631,20405,0.00
7632,28499,100.00
7633,48873,100.00
7634,41764,100.00
7635,50174,100.00
7636,48590,100.00
7637,55318,100.00
7638,36934,100.00
7639,54246,0.00
7640,58664,0.00
7641,56294,0.00
7642,58496,0.00
7643,57007,0.00
7644,51858,0.00
7645,60644,0.00
7646,73998,0.00
7647,62650,0.00
7648,61456,0.00
7649,67275,0.00
7650,64969,100.00
7651,62416,100.00
7652,32682,0.00
7653,46624,100.00
7654,29099,100.00
7655,29272,100.00
7656,51761,100.00
7657,45135,100.00
7658,59331,100.00
7659,58450,100.00
7660,72095,0.00
7661,60145,0.00
7662,58290,0.00
7663,57010,0.00
7664,64491,0.00
7665,62172,0.00
7666,57174,0.00
7667,58039,0.00
7668,60884,0.00
7669,60206,0.00
7670,70493,0.00
7671,67014,0.00
7672,60025,100.00
7673,36773,0.00
7674,51846,100.00
7675,42727,100.00
7676,43767,100.00
7677,23597,100.00
7678,43784,50.00
7679,51627,0.00
7680,52738,0.00
7681,54155,0.00
7682,56202,0.00
7683,56519,0.00
7684,58224,0.00
7685,71808,0.00
7686,60453,100.00
7687,40590,50.00
7688,47865,0.00
7689,51679,100.00
7690,48198,100.00
7691,23499,0.00
7692,36964,100.00
7693,40937,100.00
7694,44904,100.00
7695,42901,50.00
7696,50120,0.00
7697,53415,0.00
7698,58237,0.00
7699,67348,0.00
7700,56264,0.00
7701,59681,0.00
7702,60609,0.00
7703,64000,0.00
7704,39465,50.00
7705,50344,100.00
7706,25740,0.00
7707,54924,100.00
7708,35429,100.00
7709,26076,100.00
7710,37310,100.00
7711,61139,100.00
7712,37999,100.00
7713,35386,0.00
7714,42231,50.00
7715,59969,0.00
7716,57470,0.00
7717,59235,0.00
7718,54429,0.00
7719,54299,0.00
7720,60880,0.00
7721,56617,0.00
7722,52254,0.00
7723,68719,0.00
7724,60583,100.00
7725,35486,0.00
7726,57042,100.00
7727,34308,0.00
7728,35278,100.00
7729,57954,100.00
7730,30146,100.00
7731,24222,100.00
7732,45534,100.00
7733,55933,0.00
7734,46084,50.00
7735,52964,0.00
7736,51530,0.00
7737,53366,0.00
7738,58686,0.00
7739,53787,0.00
7740,52971,0.00
7741,58538,0.00
7742,50166,0.00
7743,64479,0.00
7744,50679,50.00
7745,56395,0.00
7746,39534,100.00
7747,47222,100.00
7748,23007,0.00
7749,47643,100.00
7750,46958,100.00
7751,41234,100.00
7752,39239,66.67
7753,33678,0.00
7754,44190,50.00
7755,54378,0.00
7756,57314,0.00
7757,56710,0.00
7758,59384,0.00
7759,57162,0.00
7760,48635,0.00
7761,51121,0.00
7762,57517,0.00
7763,60268,0.00
7764,73129,50.00
7765,62906,100.00
7766,24327,0.00
7767,58237,100.00
7768,36367,100.00
7769,47224,100.00
7770,62030,50.00
7771,56360,0.00
7772,53061,0.00
7773,56546,0.00
7774,58004,0.00
7775,54865,0.00
7776,69166,0.00
7777,48312,50.00
7778,34111,0.00
7779,38605,100.00
7780,59889,100.00
7781,27928,0.00
7782,45179,100.00
7783,53111,100.00
7784,42828,100.00
7785,56009,100.00
7786,60185,100.00
7787,41984,0.00
7788,61060,0.00
7789,63206,0.00
7790,60843,0.00
7791,60542,0.00
7792,60021,0.00
7793,53684,0.00
7794,54703,0.00
7795,54158,0.00
7796,60217,0.00
7797,56150,0.00
7798,70758,50.00
7799,65150,0.00
7800,35397,100.00
7801,27649,100.00
7802,20822,0.00
7803,33967,100.00
7804,57850,100.00
7805,59463,0.00
7806,37285,100.00
7807,34102,100.00
7808,43200,0.00
7809,51442,0.00
7810,51424,0.00
7811,52945,0.00
7812,52490,0.00
7813,51981,0.00
7814,55787,0.00
7815,53470,0.00
7816,55513,0.00
7817,58106,0.00
7818,55750,0.00
7819,56882,0.00
7820,72097,50.00
7821,67615,100.00
7822,59829,100.00
7823,20826,0.00
7824,21721,100.00
7825,24620,100.00
7826,25190,100.00
7827,54960,100.00
7828,63324,100.00
7829,53175,100.00
7830,51455,50.00
7831,66094,0.00
7832,60263,0.00
7833,59989,0.00
7834,59388,0.00
7835,56076,0.00
7836,61658,0.00
7837,61746,0.00
7838,73788,0.00
7839,56987,0.00
7840,59805,0.00
7841,59999,0.00
7842,72423,0.00
7843,50060,100.00
7844,40690,0.00
7845,48364,100.00
7846,52903,100.00
7847,29144,100.00
7848,26576,100.00
7849,28132,50.00
7850,39496,100.00
7851,56072,0.00
7852,61287,0.00
7853,66670,0.00
7854,64657,0.00
7855,57824,0.00
7856,73755,0.00
7857,37683,100.00
7858,39226,50.00
7859,63240,0.00
7860,46544,100.00
7861,53363,66.67
7862,25240,0.00
7863,44063,100.00
7864,52958,100.00
7865,58496,100.00
7866,53268,50.00
7867,53634,0.00
7868,54730,0.00
7869,55600,0.00
7870,55280,0.00
7871,73583,0.00
7872,64341,0.00
7873,66207,0.00
7874,67735,0.00
7875,38375,100.00
7876,48397,100.00
7877,39624,0.00
7878,47094,100.00
7879,35088,100.00
7880,36162,100.00
7881,48075,100.00
7882,43095,100.00
7883,27624,50.00
7884,34655,50.00
7885,50638,0.00
7886,51721,0.00
7887,51748,0.00
7888,55605,0.00
7889,56214,0.00
7890,55869,0.00
7891,56292,0.00
7892,56299,0.00
7893,58963,0.00
7894,70692,0.00
7895,42838,66.67
7896,61962,0.00
7897,47424,100.00
7898,34806,100.00
7899,54033,100.00
7900,42859,100.00
7901,35989,100.00
7902,52602,100.00
7903,57040,100.00
7904,44186,50.00
7905,49898,0.00
7906,56115,0.00
7907,52843,0.00
7908,52072,0.00
7909,59161,0.00
7910,55447,0.00
7911,54986,0.00
7912,56170,0.00
7913,71033,0.00
7914,61545,100.00
7915,58461,50.00
7916,48130,100.00
7917,37546,100.00
7918,48807,100.00
7919,49969,100.00
7920,43266,100.00
7921,48012,100.00
7922,45966,50.00
7923,45509,100.00
7924,57646,50.00
7925,51008,0.00
7926,57331,0.00
7927,60082,0.00
7928,53286,0.00
7929,52926,0.00
7930,68006,0.00
7931,66783,0.00
7932,57354,0.00
7933,68857,0.00
7934,54379,0.00
7935,49567,100.00
7936,62293,100.00
7937,26647,0.00
7938,29784,100.00
7939,51931,100.00
7940,51786,0.00
7941,51123,50.00
7942,57106,0.00
7943,61376,0.00
7944,71267,0.00
7945,56165,0.00
7946,55719,0.00
7947,60230,0.00
7948,55183,0.00
7949,64814,50.00
7950,50880,50.00
7951,62195,100.00
7952,28698,0.00
7953,59433,100.00
7954,44140,100.00
7955,28990,100.00
7956,28765,100.00
7957,62393,100.00
7958,57704,100.00
7959,62578,0.00
7960,57887,0.00
7961,59660,0.00
7962,54615,0.00
7963,58759,0.00
7964,68683,0.00
7965,57451,0.00
7966,58990,0.00
7967,57769,0.00
7968,59029,0.00
7969,72462,50.00
7970,66131,0.00
7971,30939,100.00
7972,35991,100.00
7973,43416,0.00
7974,45970,100.00
7975,41748,100.00
7976,54204,0.00
7977,44132,100.00
7978,39429,100.00
7979,45062,0.00
7980,62535,0.00
7981,55903,0.00
7982,55139,0.00
7983,72369,0.00
7984,59783,0.00
7985,59573,0.00
7986,58576,0.00
7987,60290,0.00
7988,69731,0.00
7989,71791,0.00
7990,71243,66.67
7991,24482,0.00
7992,41594,100.00
7993,46533,100.00
7994,32320,100.00
7995,28844,100.00
7996,46857,100.00
7997,34135,100.00
7998,42853,100.00
7999,49733,100.00
8000,58011,0.00
8001,49953,0.00
8002,55544,0.00
8003,56498,0.00
8004,60945,0.00
8005,68995,0.00
8006,59936,0.00
8007,72110,0.00
8008,64143,0.00
8009,68442,0.00
8010,72013,0.00
8011,61945,50.00
8012,63333,100.00
8013,44710,100.00
8014,42529,100.00
8015,23259,0.00
8016,54737,100.00
8017,40499,100.00
8018,57944,100.00
8019,54399,50.00
8020,54173,0.00
8021,54785,0.00
8022,53317,0.00
8023,58162,0.00
8024,59650,0.00
8025,57625,0.00
8026,58008,0.00
8027,57848,0.00
8028,57605,0.00
8029,68917,50.00
8030,54574,0.00
8031,48441,100.00
8032,69213,100.00
8033,31481,0.00
8034,59937,100.00
8035,50817,100.00
8036,46780,0.00
8037,61730,100.00
8038,47405,50.00
8039,53331,0.00
8040,52596,0.00
8041,60341,0.00
8042,58991,0.00
8043,72354,0.00
8044,62536,0.00
8045,67036,0.00
8046,41167,50.00
8047,49192,0.00
8048,57984,50.00
8049,46763,100.00
8050,36098,100.00
8051,24386,0.00
8052,50581,100.00
8053,62615,100.00
8054,68144,0.00
8055,43334,50.00
8056,48738,100.00
8057,69362,0.00
8058,57157,0.00
8059,58922,0.00
8060,57673,0.00
8061,58306,0.00
8062,57005,0.00
8063,60129,0.00
8064,59020,0.00
8065,66302,0.00
8066,43806,50.00
8067,39422,100.00
8068,66747,100.00
8069,28638,0.00
8070,54463,100.00
8071,54214,100.00
8072,32982,100.00
8073,28521,100.00
8074,60689,100.00
8075,49787,0.00
8076,43391,50.00
8077,52425,0.00
8078,51914,0.00
8079,63613,0.00
8080,67330,0.00
8081,68711,0.00
8082,61895,0.00
8083,57578,0.00
8084,50960,0.00
8085,62194,0.00
8086,62105,50.00
8087,34483,100.00
8088,42007,50.00
8089,59767,100.00
8090,35128,0.00
8091,41788,100.00
8092,45681,100.00
8093,33093,100.00
8094,36375,100.00
8095,39512,50.00
8096,50972,0.00
8097,52188,0.00
8098,55632,0.00
8099,53567,0.00
8100,51415,0.00
8101,54647,0.00
8102,57805,0.00
8103,56923,0.00
8104,84278,50.00
8105,41448,0.00
8106,49407,100.00
8107,65207,100.00
8108,24333,0.00
8109,27761,100.00
8110,41169,100.00
8111,39047,100.00
8112,32787,50.00
8113,47231,0.00
8114,48988,0.00
8115,52877,0.00
8116,53624,0.00
8117,49590,0.00
8118,51177,0.00
8119,53139,0.00
8120,54740,0.00
8121,53133,50.00
8122,63314,100.00
8123,36155,0.00
8124,48121,100.00
8125,45968,100.00
8126,32797,100.00
8127,33164,100.00
8128,50365,100.00
8129,52289,100.00
8130,43010,100.00
8131,50615,0.00
8132,56117,0.00
8133,53335,0.00
8134,56846,0.00
8135,56052,0.00
8136,51935,0.00
8137,58533,0.00
8138,61979,0.00
8139,51649,0.00
8140,65408,0.00
8141,39771,50.00
8142,36176,100.00
8143,45945,100.00
8144,41579,0.00
8145,39495,100.00
8146,35499,100.00
8147,25154,100.00
8148,52060,100.00
8149,52666,100.00
8150,34405,0.00
8151,46306,50.00
8152,59388,0.00
8153,61751,0.00
8154,59301,0.00
8155,59735,0.00
8156,63995,0.00
8157,58929,0.00
8158,55106,0.00
8159,58669,0.00
8160,61141,0.00
8161,72252,50.00
8162,52610,0.00
8163,58601,100.00
8164,59242,100.00
8165,26100,0.00
8166,32319,100.00
8167,47293,100.00
8168,37856,0.00
8169,42758,100.00
8170,46837,100.00
8171,42352,50.00
8172,51506,0.00
8173,57250,0.00
8174,56560,0.00
8175,59060,0.00
8176,59898,0.00
8177,61237,0.00
8178,56661,0.00
8179,58072,0.00
8180,60126,0.00
8181,68465,0.00
8182,60328,50.00
8183,55880,100.00
8184,39959,100.00
8185,39573,100.00
8186,36739,0.00
8187,44409,100.00
8188,34958,100.00
8189,47476,100.00
8190,40181,100.00
8191,37130,0.00
8192,47262,0.00
8193,58705,0.00
8194,52635,0.00
8195,59852,0.00
8196,58645,0.00
8197,57038,0.00
8198,62473,0.00
8199,58528,0.00
8200,60405,0.00
8201,68949,50.00
8202,61842,100.00
8203,55061,100.00
8204,25830,0.00
8205,51741,100.00
8206,56695,100.00
8207,28717,100.00
8208,58822,0.00
8209,53658,33.33
8210,75264,0.00
8211,53730,0.00
8212,54772,0.00
8213,54426,0.00
8214,52730,0.00
8215,64740,0.00
8216,35193,50.00
8217,35333,0.00
8218,65594,66.67
8219,24868,0.00
8220,26440,100.00
8221,24013,100.00
8222,27230,0.00
8223,54516,100.00
8224,63177,100.00
8225,35712,50.00
8226,39429,0.00
8227,46713,50.00
8228,55325,0.00
8229,54773,0.00
8230,55204,0.00
8231,51582,0.00
8232,53884,0.00
8233,51072,0.00
8234,51511,0.00
8235,57734,0.00
8236,61258,50.00
8237,46926,0.00
8238,59514,100.00
8239,54692,100.00
8240,29926,0.00
8241,46919,100.00
8242,31061,100.00
8243,27924,100.00
8244,56371,100.00
8245,47109,50.00
8246,30279,0.00
8247,52248,50.00
8248,55316,0.00
8249,55813,0.00
8250,57092,0.00
8251,62228,0.00
8252,55648,0.00
8253,58699,0.00
8254,61928,0.00
8255,61033,0.00
8256,57915,0.00
8257,70038,0.00
8258,66094,0.00
8259,47490,100.00
8260,61652,100.00
8261,31934,0.00
8262,34249,100.00
8263,50735,100.00
8264,44471,0.00
8265,34132,100.00
8266,38041,100.00
8267,41554,0.00
8268,56165,50.00
8269,58188,0.00
8270,57415,0.00
8271,55926,0.00
8272,53456,0.00
8273,58867,0.00
8274,62650,0.00
8275,55792,0.00
8276,69350,0.00
8277,68267,0.00
8278,41897,50.00
8279,60487,100.00
8280,30604,100.00
8281,35966,100.00
8282,22268,0.00
8283,61400,100.00
8284,54594,100.00
8285,45995,50.00
8286,53639,0.00
8287,55460,0.00
8288,48428,0.00
8289,49025,0.00
8290,48344,0.00
8291,50482,0.00
8292,56350,0.00
8293,56051,0.00
8294,30404,100.00
8295,37783,50.00
8296,61439,100.00
8297,24114,0.00
8298,21828,100.00
8299,26788,100.00
8300,25623,100.00
8301,51789,100.00
8302,56901,50.00
8303,53665,0.00
8304,54778,0.00
8305,60564,0.00
8306,53542,0.00
8307,52295,0.00
8308,56386,0.00
8309,53671,0.00
8310,56109,0.00
8311,67567,50.00
8312,33851,0.00
8313,39064,100.00
8314,57834,100.00
8315,28474,0.00
8316,25457,100.00
8317,24030,100.00
8318,26190,100.00
8319,52027,100.00
8320,36323,100.00
8321,23120,50.00
8322,36534,0.00
8323,55703,0.00
8324,43209,0.00
8325,51664,0.00
8326,57769,0.00
8327,51883,0.00
8328,53677,0.00
8329,56134,0.00
8330,53192,0.00
8331,63708,50.00
8332,55770,50.00
8333,37379,0.00
8334,47665,100.00
8335,58945,100.00
8336,40134,0.00
8337,53173,100.00
8338,31264,100.00
8339,26518,100.00
8340,52716,100.00
8341,56313,50.00
8342,40205,0.00
8343,53505,0.00
8344,58403,0.00
8345,55711,0.00
8346,56533,0.00
8347,54122,0.00
8348,53266,0.00
8349,54351,0.00
8350,54475,0.00
8351,72177,50.00
8352,62269,50.00
8353,60785,100.00
8354,26783,0.00
8355,26478,100.00
8356,56024,100.00
8357,30148,100.00
8358,39203,100.00
8359,45114,100.00
8360,40085,100.00
8361,46441,0.00
8362,49375,0.00
8363,52891,0.00
8364,55808,0.00
8365,57291,0.00
8366,53483,0.00
8367,51769,0.00
8368,54974,0.00
8369,54211,0.00
8370,54315,0.00
8371,66455,50.00
8372,41656,0.00
8373,49843,100.00
8374,62247,100.00
8375,23762,0.00
8376,28973,100.00
8377,47580,50.00
8378,41797,50.00
8379,59041,0.00
8380,58257,0.00
8381,60437,0.00
8382,57367,0.00
8383,73129,0.00
8384,36165,0.00
8385,39081,66.67
8386,31398,100.00
8387,53180,100.00
8388,32404,100.00
8389,27520,100.00
8390,58301,100.00
8391,48575,100.00
8392,57062,100.00
8393,63527,0.00
8394,37223,50.00
8395,68274,0.00
8396,64002,0.00
8397,58548,0.00
8398,61874,0.00
8399,55675,0.00
8400,58773,0.00
8401,55843,0.00
8402,52265,0.00
8403,54905,0.00
8404,54592,0.00
8405,60099,0.00
8406,55715,100.00
8407,35143,100.00
8408,19326,0.00
8409,25738,100.00
8410,52073,100.00
8411,46830,0.00
8412,46265,100.00
8413,39109,100.00
8414,37200,0.00
8415,48172,50.00
8416,52159,0.00
8417,54108,0.00
8418,54505,0.00
8419,59054,0.00
8420,67610,0.00
8421,59847,0.00
8422,56632,0.00
8423,54788,0.00
8424,58135,0.00
8425,56059,0.00
8426,58155,0.00
8427,71404,100.00
8428,67878,100.00
8429,31121,0.00
8430,30472,100.00
8431,22050,100.00
8432,22769,0.00
8433,24867,100.00
8434,56932,100.00
8435,60249,0.00
8436,40467,100.00
8437,52521,0.00
8438,51479,0.00
8439,53534,0.00
8440,68007,0.00
8441,54808,0.00
8442,53085,0.00
8443,58397,0.00
8444,52151,0.00
8445,52792,0.00
8446,53729,0.00
8447,54689,0.00
8448,66783,0.00
8449,57364,100.00
8450,26173,0.00
8451,43347,100.00
8452,43719,100.00
8453,39675,100.00
8454,24759,100.00
8455,22190,50.00
8456,20235,100.00
8457,41206,0.00
8458,54286,0.00
8459,55030,0.00
8460,56832,0.00
8461,63220,0.00
8462,71567,50.00
8463,54430,50.00
8464,41798,0.00
8465,60207,100.00
8466,53856,50.00
8467,41070,0.00
8468,45812,100.00
8469,45116,100.00
8470,65044,100.00
8471,24861,0.00
8472,61948,100.00
8473,45050,50.00
8474,48802,0.00
8475,56102,0.00
8476,61208,0.00
8477,62024,0.00
8478,64744,0.00
8479,76030,0.00
8480,54135,0.00
8481,30808,100.00
8482,41758,100.00
8483,36801,0.00
8484,45041,100.00
8485,45196,100.00
8486,49197,0.00
8487,44663,100.00
8488,42716,100.00
8489,45220,100.00
8490,52192,0.00
8491,57324,0.00
8492,56177,0.00
8493,53978,0.00
8494,62000,0.00
8495,73544,0.00
8496,61757,0.00
8497,58605,0.00
8498,59306,0.00
8499,72919,0.00
8500,69655,50.00
8501,42198,0.00
8502,63322,100.00
8503,71770,100.00
8504,27993,0.00
8505,53999,100.00
8506,43211,100.00
8507,38875,100.00
8508,53418,66.67
8509,63519,100.00
8510,49302,0.00
8511,60150,0.00
8512,65326,0.00
8513,55244,0.00
8514,60628,0.00
8515,50226,0.00
8516,63212,0.00
8517,59080,0.00
8518,59198,0.00
8519,80949,0.00
8520,61703,100.00
8521,61694,50.00
8522,36033,0.00
8523,31325,100.00
8524,63988,100.00
8525,25230,0.00
8526,34539,100.00
8527,49429,100.00
8528,25247,0.00
8529,25614,50.00
8530,43412,100.00
8531,60011,0.00
8532,63517,0.00
8533,62600,0.00
8534,78619,0.00
8535,61210,0.00
8536,60057,0.00
8537,63657,0.00
8538,61252,0.00
8539,58714,0.00
8540,69987,0.00
8541,46190,100.00
8542,56155,100.00
8543,25937,0.00
8544,53279,100.00
8545,31310,100.00
8546,51737,50.00
8547,56088,0.00
8548,59822,0.00
8549,81029,0.00
8550,71528,0.00
8551,54528,0.00
8552,59547,0.00
8553,70253,0.00
8554,49838,66.67
8555,26644,0.00
8556,56224,100.00
8557,42261,100.00
8558,44796,0.00
8559,52415,100.00
8560,42508,100.00
8561,39636,0.00
8562,48859,100.00
8563,42406,100.00
8564,58331,0.00
8565,59301,0.00
8566,60668,0.00
8567,88828,0.00
8568,57137,0.00
8569,58671,0.00
8570,52759,0.00
8571,53170,0.00
8572,58232,0.00
8573,55365,0.00
8574,59805,0.00
8575,72353,100.00
8576,23858,0.00
8577,22961,100.00
8578,23862,100.00
8579,26170,100.00
8580,59660,100.00
8581,59238,100.00
8582,44163,100.00
8583,29059,100.00
8584,57584,100.00
8585,47728,0.00
8586,57952,0.00
8587,58229,0.00
8588,58950,0.00
8589,50191,0.00
8590,52371,0.00
8591,46396,0.00
8592,53521,0.00
8593,49832,0.00
8594,48967,0.00
8595,50778,0.00
8596,65582,50.00
8597,33295,0.00
8598,59505,100.00
8599,47380,100.00
8600,28739,100.00
8601,23654,100.00
8602,27305,100.00
8603,49374,100.00
8604,51998,100.00
8605,61207,100.00
8606,49659,100.00
8607,51927,0.00
8608,51182,0.00
8609,53749,0.00
8610,69916,0.00
8611,63171,0.00
8612,58781,0.00
8613,56889,0.00
8614,57513,0.00
8615,63136,0.00
8616,60093,0.00
8617,60655,0.00
8618,65901,0.00
8619,60175,100.00
8620,63924,100.00
8621,44237,0.00
8622,46494,100.00
8623,28767,100.00
8624,28915,100.00
8625,36058,100.00
8626,41652,0.00
8627,53481,0.00
8628,52811,0.00
8629,49450,0.00
8630,50422,0.00
8631,64186,0.00
8632,47542,100.00
8633,32187,0.00
8634,49761,50.00
8635,49739,100.00
8636,45679,66.67
8637,23445,0.00
8638,24537,100.00
8639,46880,100.00
8640,56528,100.00
8641,57437,50.00
8642,42936,50.00
8643,56383,0.00
8644,58766,0.00
8645,60761,0.00
8646,60676,0.00
8647,55386,0.00
8648,58500,0.00
8649,77003,0.00
8650,42133,100.00
8651,37430,50.00
8652,47996,100.00
8653,60729,100.00
8654,24075,0.00
8655,34379,100.00
8656,55024,100.00
8657,49654,100.00
8658,31441,100.00
8659,27654,100.00
8660,39347,0.00
8661,42519,0.00
8662,50414,0.00
8663,51635,0.00
8664,52960,0.00
8665,52195,0.00
8666,55302,0.00
8667,60125,0.00
8668,54563,0.00
8669,67583,0.00
8670,59777,50.00
8671,59796,100.00
8672,27492,0.00
8673,33344,100.00
8674,32666,100.00
8675,48578,100.00
8676,37585,100.00
8677,30296,100.00
8678,62144,100.00
8679,45221,50.00
8680,46189,50.00
8681,54988,0.00
8682,53214,0.00
8683,58422,0.00
8684,63069,0.00
8685,59496,0.00
8686,57150,0.00
8687,58051,0.00
8688,56631,0.00
8689,69259,0.00
8690,49827,50.00
8691,56701,0.00
8692,53365,100.00
8693,24446,0.00
8694,51633,100.00
8695,47708,100.00
8696,48798,100.00
8697,41756,100.00
8698,36550,100.00
8699,21845,0.00
8700,49859,0.00
8701,52191,0.00
8702,56522,0.00
8703,56467,0.00
8704,63239,0.00
8705,62550,0.00
8706,59460,0.00
8707,57634,0.00
8708,61491,0.00
8709,69718,50.00
8710,63957,66.67
8711,29517,0.00
8712,39174,100.00
8713,50469,100.00
8714,25516,100.00
8715,49935,100.00
8716,39195,100.00
8717,46340,0.00
8718,52780,0.00
8719,60337,0.00
8720,60247,0.00
8721,59012,0.00
8722,61085,0.00
8723,56942,0.00
8724,59525,0.00
8725,70012,0.00
8726,42141,100.00
8727,41176,100.00
8728,64288,100.00
8729,39205,0.00
8730,49324,100.00
8731,27414,100.00
8732,29198,100.00
8733,46414,100.00
8734,51884,100.00
8735,44847,0.00
8736,53962,0.00
8737,53763,0.00
8738,49236,0.00
8739,48734,0.00
8740,56294,0.00
8741,64198,0.00
8742,57997,0.00
8743,53632,0.00
8744,65567,0.00
8745,60594,0.00
8746,69404,100.00
8747,25153,0.00
8748,26457,100.00
8749,30495,100.00
8750,47285,100.00
8751,34200,100.00
8752,50510,100.00
8753,43364,100.00
8754,52042,100.00
8755,37743,0.00
8756,49333,0.00
8757,64092,0.00
8758,67963,0.00
8759,67642,0.00
8760,54192,0.00
8761,61100,0.00
8762,60237,0.00
8763,60201,0.00
8764,65143,0.00
8765,56262,0.00
8766,68304,0.00
8767,69439,100.00
8768,26467,0.00
8769,53481,100.00
8770,27912,100.00
8771,27082,100.00
8772,50910,100.00
8773,40064,100.00
8774,42879,100.00
8775,46672,100.00
8776,32982,50.00
8777,56741,0.00
8778,59059,0.00
8779,61206,0.00
8780,55700,0.00
8781,55788,0.00
8782,57567,0.00
8783,58647,0.00
8784,57943,0.00
8785,60365,0.00
8786,64762,0.00
8787,72843,50.00
8788,55968,0.00
8789,57194,100.00
8790,32128,100.00
8791,47274,100.00
8792,24992,0.00
8793,42407,100.00
8794,41722,100.00
8795,49466,100.00
8796,42973,50.00
8797,54367,0.00
8798,68115,0.00
8799,60117,0.00
8800,55926,0.00
8801,56035,0.00
8802,63139,0.00
8803,58547,0.00
8804,69162,0.00
8805,62832,0.00
8806,71672,66.67
8807,26692,0.00
8808,57541,100.00
8809,43201,100.00
8810,40344,100.00
8811,44603,100.00
8812,32527,100.00
8813,48310,0.00
8814,40205,50.00
8815,50299,0.00
8816,49697,0.00
8817,53377,0.00
8818,52579,0.00
8819,53693,0.00
8820,53308,0.00
8821,64472,0.00
8822,37511,100.00
8823,34837,50.00
8824,61816,66.67
8825,22316,0.00
8826,24296,100.00
8827,24320,100.00
8828,27039,100.00
8829,60804,100.00
8830,60586,100.00
8831,39724,50.00
8832,39840,100.00
8833,48577,0.00
8834,50878,0.00
8835,59076,0.00
8836,57401,0.00
8837,72315,0.00
8838,59023,0.00
8839,62695,0.00
8840,56305,0.00
8841,67806,0.00
8842,53713,100.00
8843,44804,50.00
8844,52009,100.00
8845,41495,100.00
8846,48332,100.00
8847,53392,100.00
8848,36040,100.00
8849,27198,100.00
8850,62566,100.00
8851,48437,50.00
8852,42018,100.00
8853,55933,0.00
8854,64293,0.00
8855,59953,0.00
8856,60801,0.00
8857,56987,0.00
8858,55760,0.00
8859,56483,0.00
8860,70773,0.00
8861,68789,0.00
8862,65071,100.00
8863,46757,50.00
8864,45745,0.00
8865,28627,100.00
8866,62940,100.00
8867,44862,0.00
8868,49891,100.00
8869,43737,100.00
8870,43133,0.00
8871,51246,50.00
8872,56601,0.00
8873,55813,0.00
8874,55749,0.00
8875,63506,0.00
8876,58272,0.00
8877,58326,0.00
8878,60153,0.00
8879,58410,0.00
8880,65688,50.00
8881,44477,0.00
8882,38380,100.00
8883,62244,100.00
8884,43673,100.00
8885,21723,0.00
8886,41633,100.00
8887,48647,100.00
8888,29316,100.00
8889,53656,0.00
8890,57869,0.00
8891,52281,0.00
8892,59514,0.00
8893,64808,0.00
8894,63421,0.00
8895,58638,0.00
8896,68463,0.00
8897,38496,100.00
8898,54884,100.00
8899,61947,100.00
8900,36240,0.00
8901,32863,100.00
8902,27275,100.00
8903,25417,100.00
8904,58285,100.00
8905,58405,100.00
8906,55369,0.00
8907,54359,0.00
8908,57178,0.00
8909,57816,0.00
8910,69914,0.00
8911,56725,0.00
8912,69509,0.00
8913,60177,0.00
8914,59099,0.00
8915,69329,0.00
8916,64269,0.00
8917,38039,50.00
8918,35784,100.00
8919,33196,100.00
8920,58427,100.00
8921,23033,0.00
8922,23815,100.00
8923,43488,100.00
8924,51808,100.00
8925,52510,100.00
8926,41002,50.00
8927,53807,0.00
8928,56119,0.00
8929,60696,0.00
8930,59667,0.00
8931,58908,0.00
8932,58603,0.00
8933,55016,0.00
8934,53374,0.00
8935,53054,0.00
8936,63942,0.00
8937,64227,100.00
8938,33503,100.00
8939,58455,100.00
8940,43978,100.00
8941,40467,100.00
8942,46980,100.00
8943,43935,100.00
8944,41147,100.00
8945,54268,100.00
8946,63746,50.00
8947,57405,0.00
8948,72198,0.00
8949,59736,0.00
8950,58174,0.00
8951,57069,0.00
8952,62053,0.00
8953,62291,0.00
8954,61370,0.00
8955,62257,0.00
8956,58263,0.00
8957,67531,50.00
8958,64601,0.00
8959,69605,100.00
8960,24377,0.00
8961,31510,100.00
8962,50177,100.00
8963,46520,100.00
8964,47626,100.00
8965,51299,100.00
8966,35460,0.00
8967,54587,50.00
8968,62678,0.00
8969,58832,0.00
8970,60163,0.00
8971,59578,0.00
8972,57004,0.00
8973,54690,0.00
8974,61039,0.00
8975,55711,0.00
8976,51781,0.00
8977,70220,100.00
8978,39224,0.00
8979,46752,100.00
8980,32346,100.00
8981,55570,100.00
8982,40410,100.00
8983,49517,66.67
8984,49176,0.00
8985,53034,0.00
8986,58311,0.00
8987,64643,0.00
8988,57810,0.00
8989,62975,0.00
8990,61752,0.00
8991,66019,0.00
8992,38059,50.00
8993,38489,100.00
8994,63019,100.00
8995,45539,100.00
8996,18715,0.00
8997,26231,100.00
8998,44912,100.00
8999,46481,100.00
9000,76095,50.00
