sample,work_ns,cpu_utilization
1,54067,100.00
2,33006,0.00
3,66111,0.00
4,44024,100.00
5,21829,0.00
6,21537,0.00
7,24166,100.00
8,25774,100.00
9,23188,100.00
10,32809,100.00
11,40354,0.00
12,39618,100.00
13,66056,100.00
14,36695,100.00
15,22696,100.00
16,21862,0.00
17,20568,100.00
18,21238,100.00
19,26789,100.00
20,23906,100.00
21,42575,0.00
22,51013,0.00
23,49139,100.00
24,21463,0.00
25,29149,100.00
26,28937,100.00
27,26121,0.00
28,34614,100.00
29,25933,0.00
30,26462,50.00
31,48864,100.00
32,22312,0.00
33,31227,0.00
34,35269,100.00
35,34260,100.00
36,23331,100.00
37,25454,100.00
38,21901,0.00
39,32256,100.00
40,25650,0.00
41,40738,100.00
42,71247,100.00
43,23288,0.00
44,26776,0.00
45,31158,100.00
46,43602,50.00
47,27872,100.00
48,20747,0.00
49,22297,100.00
50,22842,0.00
51,28874,100.00
52,30178,100.00
53,33521,100.00
54,24298,100.00
55,43458,0.00
56,42265,100.00
57,23478,0.00
58,28762,66.67
59,20134,0.00
60,24955,100.00
61,38287,0.00
62,41239,100.00
63,48825,100.00
64,26954,0.00
65,61166,100.00
66,20530,0.00
67,22194,0.00
68,30623,100.00
69,40070,50.00
70,22069,0.00
71,22583,100.00
72,47039,100.00
73,31532,100.00
74,25409,100.00
75,36455,0.00
76,46659,100.00
77,48776,100.00
78,20930,0.00
79,22760,100.00
80,20728,100.00
81,23804,100.00
82,24598,100.00
83,47032,0.00
84,40310,100.00
85,52572,100.00
86,49808,50.00
87,18113,0.00
88,31298,100.00
89,24156,0.00
90,24701,100.00
91,22673,100.00
92,32233,0.00
93,42614,100.00
94,21658,0.00
95,32624,0.00
96,23636,100.00
97,35223,100.00
98,34881,100.00
99,21724,100.00
100,18473,0.00
101,21268,100.00
102,22045,100.00
103,46972,0.00
104,40587,100.00
105,39714,100.00
106,21758,0.00
107,21577,100.00
108,38474,100.00
109,45547,0.00
110,29829,66.67
111,21337,0.00
112,21148,0.00
113,22306,100.00
114,33067,100.00
115,31149,100.00
116,25264,100.00
117,22702,0.00
118,37251,100.00
119,31815,100.00
120,23540,100.00
121,30415,0.00
122,25539,100.00
123,34297,0.00
124,40153,100.00
125,33137,0.00
126,22985,100.00
127,33372,0.00
128,49132,100.00
129,56372,100.00
130,20702,0.00
131,20702,100.00
132,25899,100.00
133,33105,0.00
134,56432,100.00
135,20041,0.00
136,20996,100.00
137,20941,0.00
138,35863,100.00
139,58713,50.00
140,20029,0.00
141,21885,100.00
142,22806,100.00
143,22258,100.00
144,24371,100.00
145,50976,0.00
146,45208,100.00
147,28422,100.00
148,45730,100.00
149,42789,100.00
150,35759,0.00
151,26777,0.00
152,30860,100.00
153,27787,0.00
154,33819,100.00
155,33697,100.00
156,35565,0.00
157,31777,100.00
158,21481,0.00
159,28906,100.00
160,36947,100.00
161,29369,100.00
162,21549,0.00
163,23745,100.00
164,24118,100.00
165,31317,100.00
166,31811,100.00
167,29843,0.00
168,31904,100.00
169,28181,50.00
170,24363,0.00
171,29138,100.00
172,32433,100.00
173,25086,0.00
174,33411,100.00
175,33838,100.00
176,19522,0.00
177,25555,100.00
178,25740,100.00
179,25200,100.00
180,33277,100.00
181,35158,0.00
182,27538,100.00
183,21125,100.00
184,24149,100.00
185,23254,100.00
186,38235,0.00
187,39780,0.00
188,43430,100.00
189,20018,0.00
190,20752,100.00
191,44208,100.00
192,38560,0.00
193,32020,100.00
194,18855,0.00
195,21800,0.00
196,20302,100.00
197,34015,100.00
198,32061,100.00
199,24877,100.00
200,25182,0.00
201,36506,100.00
202,39830,100.00
203,24318,0.00
204,23718,100.00
205,29855,100.00
206,21575,0.00
207,38296,100.00
208,42827,0.00
209,32361,50.00
210,26989,100.00
211,53430,100.00
212,20849,0.00
213,22315,100.00
214,33062,100.00
215,27608,0.00
216,46719,100.00
217,20371,0.00
218,29461,100.00
219,22381,0.00
220,29512,100.00
221,27006,100.00
222,62377,100.00
223,20155,0.00
224,20682,100.00
225,21923,100.00
226,23481,100.00
227,24062,0.00
228,36608,100.00
229,38964,100.00
230,32556,100.00
231,33871,0.00
232,21896,50.00
233,65185,100.00
234,20846,0.00
235,23623,100.00
236,24267,100.00
237,31970,100.00
238,21172,0.00
239,44924,100.00
240,50155,100.00
241,21393,0.00
242,24960,100.00
243,49340,100.00
244,38459,100.00
245,21457,100.00
246,21629,0.00
247,21521,100.00
248,22916,100.00
249,44645,0.00
250,52134,50.00
251,47134,100.00
252,22225,0.00
253,26757,100.00
254,47183,100.00
255,41113,0.00
256,25366,50.00
257,27992,100.00
258,19844,0.00
259,32553,100.00
260,26023,0.00
261,32029,100.00
262,27032,100.00
263,25055,100.00
264,39641,100.00
265,30784,0.00
266,21375,100.00
267,35198,100.00
268,25199,0.00
269,47733,100.00
270,18877,0.00
271,21544,0.00
272,36680,100.00
273,22662,50.00
274,39962,0.00
275,44922,100.00
276,22578,0.00
277,23462,100.00
278,23712,100.00
279,21128,0.00
280,44099,100.00
281,44153,100.00
282,26224,0.00
283,28389,100.00
284,19044,0.00
285,35977,100.00
286,33200,100.00
287,37272,0.00
288,39041,100.00
289,19523,0.00
290,31989,0.00
291,36465,100.00
292,37709,100.00
293,25722,100.00
294,39888,100.00
295,40015,0.00
296,24538,100.00
297,35412,100.00
298,22952,0.00
299,53007,100.00
300,19692,0.00
301,21497,0.00
302,27549,100.00
303,28414,100.00
304,22103,0.00
305,31047,100.00
306,32207,100.00
307,25356,100.00
308,23486,100.00
309,28997,0.00
310,25649,100.00
311,38131,100.00
312,39423,100.00
313,27867,100.00
314,36741,0.00
315,23005,0.00
316,54505,100.00
317,27431,0.00
318,25476,100.00
319,31825,0.00
320,36936,100.00
321,19235,0.00
322,27816,100.00
323,25000,100.00
324,24486,100.00
325,23737,100.00
326,37324,0.00
327,29712,100.00
328,21045,100.00
329,24377,100.00
330,22250,100.00
331,43332,0.00
332,49521,100.00
333,27432,100.00
334,29934,100.00
335,19616,0.00
336,42252,100.00
337,36191,0.00
338,32517,100.00
339,21576,0.00
340,20801,0.00
341,33089,100.00
342,29371,100.00
343,24701,100.00
344,24404,100.00
345,23295,0.00
346,35996,100.00
347,32593,100.00
348,33737,0.00
349,24153,100.00
350,53275,100.00
351,24157,0.00
352,34089,100.00
353,38320,0.00
354,28236,0.00
355,44664,100.00
356,21394,0.00
357,34826,100.00
358,22111,100.00
359,34105,0.00
360,33349,100.00
361,37148,0.00
362,27942,0.00
363,30387,100.00
364,21805,100.00
365,34863,100.00
366,46104,50.00
367,22304,0.00
368,22601,100.00
369,20416,100.00
370,23575,0.00
371,22693,100.00
372,23480,100.00
373,41122,100.00
374,33895,100.00
375,29986,0.00
376,29582,100.00
377,39271,100.00
378,23464,0.00
379,28409,100.00
380,20045,0.00
381,30164,0.00
382,27696,100.00
383,42938,100.00
384,28692,100.00
385,20326,0.00
386,24455,100.00
387,25960,0.00
388,36907,100.00
389,28363,100.00
390,21452,100.00
391,24775,100.00
392,23448,0.00
393,32053,100.00
394,38439,100.00
395,37082,0.00
396,36520,100.00
397,18182,0.00
398,30719,0.00
399,41534,100.00
400,24936,100.00
401,24184,0.00
402,24750,100.00
403,18109,0.00
404,39378,100.00
405,38246,100.00
406,29051,0.00
407,25758,100.00
408,48765,100.00
409,40596,100.00
410,25638,100.00
411,22188,0.00
412,35504,50.00
413,61604,100.00
414,23503,0.00
415,35194,100.00
416,26600,100.00
417,34204,0.00
418,59410,50.00
419,28183,0.00
420,23558,100.00
421,25597,100.00
422,24701,100.00
423,22215,0.00
424,44802,100.00
425,31961,100.00
426,26542,100.00
427,33605,0.00
428,21388,100.00
429,39186,100.00
430,20368,0.00
431,31670,100.00
432,34695,0.00
433,28195,50.00
434,40598,100.00
435,23268,0.00
436,32023,100.00
437,29883,100.00
438,23090,100.00
439,36388,100.00
440,31991,0.00
441,25338,100.00
442,36982,100.00
443,40653,100.00
444,20754,0.00
445,28129,100.00
446,22146,0.00
447,32297,50.00
448,23727,100.00
449,29586,100.00
450,23851,0.00
451,30967,100.00
452,20898,100.00
453,22732,100.00
454,23649,0.00
455,28941,100.00
456,32258,100.00
457,40905,100.00
458,30210,100.00
459,37947,0.00
460,22225,0.00
461,55987,100.00
462,22428,0.00
463,22507,100.00
464,32304,0.00
465,51399,100.00
466,19378,0.00
467,30057,100.00
468,22990,100.00
469,25283,100.00
470,24534,100.00
471,39270,0.00
472,28476,100.00
473,22655,100.00
474,25049,100.00
475,23629,100.00
476,44763,0.00
477,49408,0.00
478,38867,100.00
479,21773,0.00
480,22734,100.00
481,41233,0.00
482,34396,100.00
483,35848,50.00
484,22949,0.00
485,21249,100.00
486,34872,100.00
487,29561,100.00
488,26121,0.00
489,25379,100.00
490,24189,100.00
491,36960,100.00
492,29390,100.00
493,30590,0.00
494,23484,0.00
495,28176,100.00
496,50812,100.00
497,20013,0.00
498,48774,100.00
499,36946,0.00
500,49722,100.00
501,21355,0.00
502,31450,100.00
503,24424,100.00
504,23449,100.00
505,32343,0.00
506,50855,100.00
507,19210,0.00
508,27924,0.00
509,22744,100.00
510,35648,100.00
511,36571,0.00
512,42690,100.00
513,18202,0.00
514,19986,100.00
515,24005,100.00
516,23426,0.00
517,25946,100.00
518,51529,100.00
519,45462,100.00
520,26342,100.00
521,50413,0.00
522,52452,100.00
523,25281,0.00
524,44713,100.00
525,20646,0.00
526,39919,100.00
527,48252,0.00
528,23230,50.00
529,22389,100.00
530,26710,100.00
531,21155,0.00
532,23170,100.00
533,41164,100.00
534,31431,100.00
535,23085,0.00
536,25247,100.00
537,23833,100.00
538,39403,100.00
539,38023,100.00
540,52782,0.00
541,23730,100.00
542,25986,50.00
543,27466,0.00
544,36471,100.00
545,34730,100.00
546,35177,0.00
547,28030,100.00
548,25262,0.00
549,27379,0.00
550,26644,100.00
551,37811,100.00
552,24718,100.00
553,32442,100.00
554,34214,0.00
555,22583,100.00
556,22203,100.00
557,25933,0.00
558,31552,100.00
559,65770,100.00
560,32815,0.00
561,25769,100.00
562,36306,100.00
563,40747,0.00
564,45798,100.00
565,29092,100.00
566,20087,0.00
567,22515,100.00
568,21650,0.00
569,42463,100.00
570,33895,100.00
571,26131,100.00
572,24739,100.00
573,37026,0.00
574,41029,100.00
575,23142,100.00
576,22778,0.00
577,31413,100.00
578,21758,0.00
579,38136,100.00
580,40965,100.00
581,29578,0.00
582,26237,100.00
583,53541,100.00
584,22462,0.00
585,22066,100.00
586,34585,100.00
587,34965,100.00
588,21256,0.00
589,41030,100.00
590,35404,0.00
591,23653,100.00
592,34980,50.00
593,46110,100.00
594,22835,0.00
595,30246,100.00
596,21015,100.00
597,22603,100.00
598,20653,0.00
599,23691,100.00
600,27407,100.00
601,41037,100.00
602,36084,100.00
603,37277,0.00
604,43955,50.00
605,19855,0.00
606,30041,100.00
607,25712,100.00
608,24762,100.00
609,34761,0.00
610,20302,100.00
611,31770,100.00
612,49313,100.00
613,21430,0.00
614,23022,100.00
615,37560,100.00
616,33392,100.00
617,23481,0.00
618,20857,100.00
619,23609,100.00
620,22747,100.00
621,49149,0.00
622,34725,50.00
623,39149,100.00
624,22014,0.00
625,20697,100.00
626,30582,100.00
627,43983,0.00
628,29236,50.00
629,22203,0.00
630,22323,100.00
631,21209,100.00
632,39256,100.00
633,34000,100.00
634,26925,0.00
635,23665,100.00
636,41031,100.00
637,32197,100.00
638,34293,100.00
639,22912,0.00
640,28947,100.00
641,41756,100.00
642,22283,0.00
643,26433,100.00
644,37001,100.00
645,23745,0.00
646,37212,100.00
647,44171,100.00
648,20772,0.00
649,22721,100.00
650,36148,0.00
651,24355,100.00
652,56252,100.00
653,20069,0.00
654,21117,100.00
655,20837,100.00
656,36577,0.00
657,52087,50.00
658,44112,100.00
659,21326,0.00
660,23120,100.00
661,21929,0.00
662,22624,100.00
663,42255,100.00
664,41180,100.00
665,30902,100.00
666,41146,0.00
667,46188,100.00
668,24574,100.00
669,26778,0.00
670,27834,100.00
671,17831,0.00
672,38350,100.00
673,45012,0.00
674,23467,50.00
675,27379,100.00
676,21509,0.00
677,25359,100.00
678,41692,100.00
679,38307,100.00
680,25498,0.00
681,21977,100.00
682,24289,100.00
683,23974,100.00
684,34952,100.00
685,39917,0.00
686,53618,100.00
687,24805,0.00
688,22477,50.00
689,42640,100.00
690,22262,0.00
691,34533,0.00
692,32421,100.00
693,22075,0.00
694,35713,100.00
695,19080,0.00
696,26878,100.00
697,22849,0.00
698,24174,100.00
699,34406,100.00
700,32347,100.00
701,23407,100.00
702,21638,0.00
703,22197,100.00
704,34256,50.00
705,41754,0.00
706,46794,100.00
707,20585,0.00
708,23566,0.00
709,30843,100.00
710,45249,50.00
711,44781,0.00
712,33145,100.00
713,22693,0.00
714,23060,100.00
715,38451,100.00
716,31959,0.00
717,25926,100.00
718,24936,100.00
719,29340,100.00
720,37913,100.00
721,41775,0.00
722,29813,100.00
723,20546,0.00
724,27909,100.00
725,35026,100.00
726,33276,100.00
727,46131,0.00
728,37949,100.00
729,25969,0.00
730,36974,100.00
731,34626,100.00
732,22216,100.00
733,36397,0.00
734,31611,100.00
735,19700,0.00
736,45328,0.00
737,34484,100.00
738,28512,100.00
739,36272,0.00
740,43194,100.00
741,47030,100.00
742,17928,0.00
743,18487,100.00
744,22579,0.00
745,22948,100.00
746,23709,100.00
747,47066,100.00
748,41745,100.00
749,48976,0.00
750,24198,0.00
751,51108,66.67
752,21390,0.00
753,24281,100.00
754,24302,100.00
755,23030,0.00
756,30095,100.00
757,41033,100.00
758,18567,0.00
759,29133,100.00
760,25822,100.00
761,24009,0.00
762,38989,100.00
763,30905,100.00
764,20066,100.00
765,21891,100.00
766,21869,0.00
767,33666,100.00
768,35597,50.00
769,45986,100.00
770,19345,0.00
771,23507,100.00
772,23016,100.00
773,45116,0.00
774,34969,100.00
775,34215,50.00
776,21791,0.00
777,20623,100.00
778,31106,100.00
779,25233,100.00
780,24953,0.00
781,24885,100.00
782,31475,100.00
783,28599,100.00
784,21432,100.00
785,20070,0.00
786,35036,100.00
787,41095,100.00
788,21513,0.00
789,25515,100.00
790,25724,100.00
791,36433,0.00
792,25061,0.00
793,60397,100.00
794,21102,0.00
795,21234,100.00
796,25316,100.00
797,31164,0.00
798,51502,100.00
799,51137,100.00
800,21410,0.00
801,22009,100.00
802,23766,100.00
803,46151,0.00
804,55905,100.00
805,19197,0.00
806,20977,100.00
807,21709,100.00
808,22662,0.00
809,36282,100.00
810,41687,100.00
811,38612,100.00
812,40172,100.00
813,33554,0.00
814,32271,100.00
815,36732,100.00
816,31316,100.00
817,20008,0.00
818,42402,100.00
819,34531,0.00
820,34280,50.00
821,25078,100.00
822,20902,0.00
823,24355,100.00
824,34798,100.00
825,39814,0.00
826,21217,100.00
827,23130,100.00
828,23555,100.00
829,23825,100.00
830,34888,0.00
831,40266,100.00
832,38155,100.00
833,24832,0.00
834,22390,50.00
835,58198,100.00
836,27434,0.00
837,23776,100.00
838,33627,0.00
839,41306,100.00
840,19370,0.00
841,28374,0.00
842,23991,100.00
843,25791,100.00
844,25005,100.00
845,36421,100.00
846,27417,0.00
847,20826,100.00
848,24689,100.00
849,23157,100.00
850,43759,0.00
851,45423,100.00
852,36908,100.00
853,22507,0.00
854,21758,100.00
855,42878,0.00
856,39657,50.00
857,33064,100.00
858,21829,0.00
859,21173,100.00
860,29644,100.00
861,28346,100.00
862,26868,100.00
863,25574,0.00
864,23646,100.00
865,33344,100.00
866,39129,100.00
867,21401,0.00
868,30178,100.00
869,21215,0.00
870,44353,100.00
871,33517,0.00
872,38765,100.00
873,26099,0.00
874,42503,100.00
875,19407,0.00
876,28855,100.00
877,21505,0.00
878,37895,100.00
879,38020,100.00
880,21197,0.00
881,35175,100.00
882,33109,100.00
883,23276,0.00
884,33290,100.00
885,49988,50.00
886,23222,0.00
887,26763,100.00
888,19979,100.00
889,22681,100.00
890,36015,100.00
891,23799,0.00
892,37645,100.00
893,32819,100.00
894,27557,100.00
895,33088,0.00
896,47896,100.00
897,19392,0.00
898,32487,100.00
899,25052,100.00
900,24825,100.00
901,29683,0.00
902,19363,100.00
903,55484,100.00
904,21303,0.00
905,24005,100.00
906,22590,100.00
907,46446,100.00
908,36765,0.00
909,22303,100.00
910,21956,100.00
911,21393,100.00
912,21726,100.00
913,46966,0.00
914,53167,0.00
915,46381,100.00
916,23715,0.00
917,21822,100.00
918,47418,100.00
919,38595,0.00
920,25641,100.00
921,27109,100.00
922,18656,0.00
923,29923,100.00
924,25742,100.00
925,28552,100.00
926,25865,100.00
927,24297,0.00
928,36480,100.00
929,31682,100.00
930,23393,100.00
931,34654,0.00
932,26577,100.00
933,39569,0.00
934,55945,100.00
935,34156,0.00
936,24713,100.00
937,32956,0.00
938,53220,50.00
939,19667,0.00
940,21883,100.00
941,23485,100.00
942,23706,100.00
943,20802,100.00
944,36853,0.00
945,30273,100.00
946,40773,100.00
947,29550,0.00
948,26885,100.00
949,28056,0.00
950,32570,100.00
951,39772,0.00
952,35843,100.00
953,22510,0.00
954,22924,100.00
955,42241,100.00
956,41280,100.00
957,28639,100.00
958,33377,0.00
959,33943,100.00
960,33221,100.00
961,38083,100.00
962,27682,0.00
963,55198,100.00
964,51859,100.00
965,21346,0.00
966,32632,0.00
967,22295,50.00
968,29504,100.00
969,21922,0.00
970,42750,100.00
971,40600,100.00
972,22447,100.00
973,26543,100.00
974,25186,0.00
975,31606,100.00
976,36780,100.00
977,33913,100.00
978,28148,100.00
979,37791,0.00
980,38282,50.00
981,20177,0.00
982,33997,100.00
983,26603,100.00
984,29946,0.00
985,37357,100.00
986,19572,0.00
987,27371,100.00
988,24012,100.00
989,25125,100.00
990,23579,100.00
991,39832,0.00
992,30945,100.00
993,20644,100.00
994,22955,100.00
995,22220,100.00
996,42482,0.00
997,46317,0.00
998,25486,100.00
999,30737,100.00
1000,50224,0.00
1001,37566,100.00
1002,31724,0.00
1003,25849,50.00
1004,28482,100.00
1005,17836,0.00
1006,28009,100.00
1007,26858,100.00
1008,29365,100.00
1009,25323,100.00
1010,24154,0.00
1011,33390,100.00
1012,32740,100.00
1013,35040,0.00
1014,32368,100.00
1015,21646,0.00
1016,32480,100.00
1017,33868,100.00
1018,38584,0.00
1019,29014,50.00
1020,25937,100.00
1021,61519,100.00
1022,20546,0.00
1023,22102,100.00
1024,32813,100.00
1025,30170,0.00
1026,51991,100.00
1027,21590,0.00
1028,29994,100.00
1029,36609,0.00
1030,34508,100.00
1031,37358,50.00
1032,44236,100.00
1033,18461,0.00
1034,18613,100.00
1035,22464,100.00
1036,21794,100.00
1037,23304,0.00
1038,43951,100.00
1039,38165,100.00
1040,25149,100.00
1041,38765,100.00
1042,43740,0.00
1043,23341,0.00
1044,30540,100.00
1045,21554,0.00
1046,22103,100.00
1047,44473,100.00
1048,46031,0.00
1049,21990,0.00
1050,24889,100.00
1051,21827,0.00
1052,23144,100.00
1053,44286,100.00
1054,34463,0.00
1055,24644,100.00
1056,23266,100.00
1057,22984,100.00
1058,22849,100.00
1059,52160,0.00
1060,45839,0.00
1061,43442,100.00
1062,21768,0.00
1063,24768,100.00
1064,38667,100.00
1065,46002,0.00
1066,34943,100.00
1067,21542,0.00
1068,19762,100.00
1069,34961,100.00
1070,29675,100.00
1071,25123,0.00
1072,24098,100.00
1073,35658,100.00
1074,35767,100.00
1075,21215,100.00
1076,22822,0.00
1077,35926,50.00
1078,49492,100.00
1079,22462,0.00
1080,36847,100.00
1081,24705,100.00
1082,36343,0.00
1083,39283,0.00
1084,48645,100.00
1085,20486,0.00
1086,24182,100.00
1087,23464,100.00
1088,20864,0.00
1089,40160,100.00
1090,31786,100.00
1091,25976,100.00
1092,34455,0.00
1093,28928,100.00
1094,23548,0.00
1095,35234,100.00
1096,36878,100.00
1097,37092,0.00
1098,31468,100.00
1099,20539,0.00
1100,42012,100.00
1101,39516,100.00
1102,26476,0.00
1103,32280,100.00
1104,31079,100.00
1105,29690,100.00
1106,36548,100.00
1107,27627,0.00
1108,50548,100.00
1109,20433,0.00
1110,28161,0.00
1111,32821,100.00
1112,23777,50.00
1113,29612,100.00
1114,21374,0.00
1115,44396,100.00
1116,29801,100.00
1117,22926,100.00
1118,24779,0.00
1119,21763,100.00
1120,38374,100.00
1121,37414,100.00
1122,26596,100.00
1123,32404,0.00
1124,21773,100.00
1125,34876,50.00
1126,51272,100.00
1127,21528,0.00
1128,30009,100.00
1129,20699,0.00
1130,51666,100.00
1131,21442,0.00
1132,23959,0.00
1133,24942,100.00
1134,23456,100.00
1135,42901,100.00
1136,32217,100.00
1137,24542,0.00
1138,23396,100.00
1139,22541,100.00
1140,40498,100.00
1141,32598,0.00
1142,27981,100.00
1143,30796,100.00
1144,19078,0.00
1145,37544,0.00
1146,34698,100.00
1147,25596,100.00
1148,28145,100.00
1149,18939,0.00
1150,29226,100.00
1151,26279,100.00
1152,27345,100.00
1153,23451,0.00
1154,25563,100.00
1155,32696,100.00
1156,30652,100.00
1157,33359,50.00
1158,24535,0.00
1159,30654,100.00
1160,58424,100.00
1161,23597,0.00
1162,35935,100.00
1163,35475,100.00
1164,48295,50.00
1165,20349,0.00
1166,32067,100.00
1167,22285,0.00
1168,21037,100.00
1169,37471,100.00
1170,46866,100.00
1171,20674,0.00
1172,30120,100.00
1173,37760,100.00
1174,33820,100.00
1175,43177,50.00
1176,22542,0.00
1177,26868,100.00
1178,22928,0.00
1179,23617,100.00
1180,21906,100.00
1181,25090,100.00
1182,37818,100.00
1183,36843,0.00
1184,24863,100.00
1185,34054,100.00
1186,54259,100.00
1187,24684,0.00
1188,26761,100.00
1189,30046,100.00
1190,19569,0.00
1191,41489,0.00
1192,43921,50.00
1193,21026,0.00
1194,25467,100.00
1195,20457,0.00
1196,24518,100.00
1197,37812,0.00
1198,29729,100.00
1199,21454,100.00
1200,23496,100.00
1201,23106,100.00
1202,22509,0.00
1203,38806,100.00
1204,36699,100.00
1205,51014,0.00
1206,40605,50.00
1207,41053,100.00
1208,22497,0.00
1209,33657,100.00
1210,35159,100.00
1211,24527,0.00
1212,25339,100.00
1213,25098,0.00
1214,25233,100.00
1215,26960,100.00
1216,24945,0.00
1217,22657,100.00
1218,33933,100.00
1219,29989,100.00
1220,20896,100.00
1221,24668,0.00
1222,36386,50.00
1223,35590,0.00
1224,63363,100.00
1225,33172,0.00
1226,25767,100.00
1227,33559,0.00
1228,39090,100.00
1229,44102,50.00
1230,27067,100.00
1231,20586,0.00
1232,21127,100.00
1233,20615,100.00
1234,37815,100.00
1235,33141,0.00
1236,26755,100.00
1237,24624,100.00
1238,41093,100.00
1239,42618,0.00
1240,22317,100.00
1241,28074,100.00
1242,18025,0.00
1243,24396,100.00
1244,35090,100.00
1245,37177,100.00
1246,27951,0.00
1247,25982,100.00
1248,47289,100.00
1249,19972,0.00
1250,21374,100.00
1251,32829,100.00
1252,27543,0.00
1253,37629,100.00
1254,20011,0.00
1255,30828,100.00
1256,25045,100.00
1257,32621,0.00
1258,45719,66.67
1259,22602,0.00
1260,27434,0.00
1261,22327,100.00
1262,22122,100.00
1263,21609,100.00
1264,23905,100.00
1265,33311,0.00
1266,33600,100.00
1267,50054,100.00
1268,24058,0.00
1269,34427,100.00
1270,40869,100.00
1271,21056,0.00
1272,23111,100.00
1273,23300,0.00
1274,29082,50.00
1275,18941,0.00
1276,49908,100.00
1277,24967,0.00
1278,26913,100.00
1279,24078,0.00
1280,44581,100.00
1281,31701,100.00
1282,23741,100.00
1283,20305,100.00
1284,20269,0.00
1285,22407,100.00
1286,46261,100.00
1287,53055,50.00
1288,20391,0.00
1289,24094,100.00
1290,22853,0.00
1291,49979,100.00
1292,41485,0.00
1293,39051,100.00
1294,21566,0.00
1295,20702,100.00
1296,36544,0.00
1297,32369,100.00
1298,27628,100.00
1299,24374,100.00
1300,32109,100.00
1301,34728,0.00
1302,24825,100.00
1303,32019,50.00
1304,24563,0.00
1305,46680,100.00
1306,22303,0.00
1307,29762,0.00
1308,37158,100.00
1309,35456,100.00
1310,45447,50.00
1311,20996,0.00
1312,28157,100.00
1313,19005,0.00
1314,23608,100.00
1315,35522,100.00
1316,42027,100.00
1317,19466,0.00
1318,25407,100.00
1319,20360,100.00
1320,34039,100.00
1321,32358,0.00
1322,46815,100.00
1323,17888,0.00
1324,18126,0.00
1325,22261,100.00
1326,23074,100.00
1327,23807,100.00
1328,45731,100.00
1329,35462,0.00
1330,29721,100.00
1331,36295,100.00
1332,46553,0.00
1333,31260,100.00
1334,21542,0.00
1335,22945,0.00
1336,32672,100.00
1337,29475,100.00
1338,41799,0.00
1339,26067,100.00
1340,20148,0.00
1341,24297,0.00
1342,28344,100.00
1343,32582,100.00
1344,26399,100.00
1345,20371,100.00
1346,22794,0.00
1347,21942,100.00
1348,30626,100.00
1349,31027,100.00
1350,50883,100.00
1351,25031,0.00
1352,32622,50.00
1353,26649,0.00
1354,29782,100.00
1355,37896,100.00
1356,34742,0.00
1357,23548,100.00
1358,20032,0.00
1359,44299,100.00
1360,20682,0.00
1361,24458,100.00
1362,24124,100.00
1363,34039,0.00
1364,29999,100.00
1365,22015,100.00
1366,18052,100.00
1367,21886,100.00
1368,33610,0.00
1369,35178,0.00
1370,34915,100.00
1371,35474,100.00
1372,22522,0.00
1373,20921,100.00
1374,42455,0.00
1375,45560,50.00
1376,18581,0.00
1377,23294,100.00
1378,21413,100.00
1379,29532,100.00
1380,25888,0.00
1381,27403,100.00
1382,25235,100.00
1383,23833,100.00
1384,30688,100.00
1385,37082,0.00
1386,20399,0.00
1387,30142,100.00
1388,21222,0.00
1389,37575,100.00
1390,29058,100.00
1391,40112,0.00
1392,25678,0.00
1393,43233,100.00
1394,19162,0.00
1395,27579,100.00
1396,19339,100.00
1397,31363,0.00
1398,29417,100.00
1399,19851,0.00
1400,37099,0.00
1401,30594,100.00
1402,24042,100.00
1403,32953,0.00
1404,36636,100.00
1405,49250,100.00
1406,18262,0.00
1407,18157,100.00
1408,21747,0.00
1409,21898,100.00
1410,24513,100.00
1411,46301,100.00
1412,39890,100.00
1413,50498,0.00
1414,25827,0.00
1415,50112,100.00
1416,21214,0.00
1417,25252,100.00
1418,25335,100.00
1419,24396,0.00
1420,32111,50.00
1421,42080,100.00
1422,18942,0.00
1423,31879,100.00
1424,27248,100.00
1425,24959,0.00
1426,40077,100.00
1427,34868,100.00
1428,23529,100.00
1429,22819,100.00
1430,22044,0.00
1431,22244,100.00
1432,52800,100.00
1433,56907,50.00
1434,19568,0.00
1435,24285,100.00
1436,22082,0.00
1437,51998,100.00
1438,41532,0.00
1439,37885,100.00
1440,21510,0.00
1441,21996,100.00
1442,33227,0.00
1443,28589,100.00
1444,27402,100.00
1445,23338,100.00
1446,30041,100.00
1447,30183,0.00
1448,23879,100.00
1449,20061,100.00
1450,34262,0.00
1451,25237,100.00
1452,55056,100.00
1453,19720,0.00
1454,20926,100.00
1455,37455,100.00
1456,25096,0.00
1457,49271,100.00
1458,42435,100.00
1459,20413,0.00
1460,24413,100.00
1461,34588,0.00
1462,37594,100.00
1463,46587,100.00
1464,19459,0.00
1465,35910,100.00
1466,23683,100.00
1467,40075,0.00
1468,41176,50.00
1469,32462,100.00
1470,16371,0.00
1471,20990,100.00
1472,22456,0.00
1473,23137,100.00
1474,45757,100.00
1475,37963,100.00
1476,31324,100.00
1477,35717,0.00
1478,36136,100.00
1479,40876,100.00
1480,35643,100.00
1481,20473,0.00
1482,39068,100.00
1483,39090,0.00
1484,33450,100.00
1485,22206,50.00
1486,24948,0.00
1487,29394,100.00
1488,27530,0.00
1489,30154,100.00
1490,21187,100.00
1491,19107,0.00
1492,22750,100.00
1493,22235,100.00
1494,34550,100.00
1495,34464,100.00
1496,24387,0.00
1497,34711,100.00
1498,36001,50.00
1499,20760,0.00
1500,32822,100.00
1501,25457,100.00
1502,34356,0.00
1503,21315,100.00
1504,37214,100.00
1505,18555,0.00
1506,27277,100.00
1507,23884,100.00
1508,24063,100.00
1509,36751,100.00
1510,34596,0.00
1511,23564,100.00
1512,21558,100.00
1513,20232,100.00
1514,34050,100.00
1515,38921,0.00
1516,44557,100.00
1517,20787,0.00
1518,36131,0.00
1519,22016,100.00
1520,49807,100.00
1521,49590,50.00
1522,21573,0.00
1523,23596,100.00
1524,21377,0.00
1525,40963,100.00
1526,29674,100.00
1527,24955,100.00
1528,23444,100.00
1529,35384,0.00
1530,36503,100.00
1531,41134,100.00
1532,30714,100.00
1533,21546,0.00
1534,30920,100.00
1535,39537,0.00
1536,37734,100.00
1537,43912,50.00
1538,38000,100.00
1539,22623,0.00
1540,32549,100.00
1541,23951,0.00
1542,20278,100.00
1543,31631,100.00
1544,41322,100.00
1545,24028,0.00
1546,30828,100.00
1547,24667,100.00
1548,21074,100.00
1549,34657,0.00
1550,51508,100.00
1551,19266,0.00
1552,19272,0.00
1553,21247,100.00
1554,21201,100.00
1555,22494,100.00
1556,25727,100.00
1557,44974,0.00
1558,42374,100.00
1559,33935,100.00
1560,27074,0.00
1561,56742,100.00
1562,20441,0.00
1563,24393,0.00
1564,24602,100.00
1565,23085,100.00
1566,31618,0.00
1567,50954,100.00
1568,18211,0.00
1569,27361,100.00
1570,23518,100.00
1571,34541,0.00
1572,32219,100.00
1573,25472,100.00
1574,19636,100.00
1575,23089,100.00
1576,22878,0.00
1577,51136,100.00
1578,33020,0.00
1579,37035,100.00
1580,21576,0.00
1581,21446,100.00
1582,33236,0.00
1583,40842,100.00
1584,33149,100.00
1585,22741,0.00
1586,21784,100.00
1587,19855,100.00
1588,44383,0.00
1589,33710,100.00
1590,25294,100.00
1591,23031,100.00
1592,37790,100.00
1593,29777,0.00
1594,23431,100.00
1595,33317,100.00
1596,26136,0.00
1597,37168,100.00
1598,73941,100.00
1599,33742,0.00
1600,21727,100.00
1601,34931,0.00
1602,49794,50.00
1603,24400,0.00
1604,23056,100.00
1605,23370,100.00
1606,23872,100.00
1607,20503,0.00
1608,38234,100.00
1609,28836,100.00
1610,36272,0.00
1611,27034,100.00
1612,19791,0.00
1613,25807,100.00
1614,26554,100.00
1615,35707,0.00
1616,33390,50.00
1617,22359,0.00
1618,21376,100.00
1619,37147,100.00
1620,34975,100.00
1621,23864,0.00
1622,28875,100.00
1623,27111,100.00
1624,26872,100.00
1625,33847,100.00
1626,26933,0.00
1627,31938,100.00
1628,59575,100.00
1629,19856,0.00
1630,28013,100.00
1631,21550,50.00
1632,28257,100.00
1633,21608,0.00
1634,35828,100.00
1635,27675,100.00
1636,21161,100.00
1637,25439,0.00
1638,20911,100.00
1639,32968,100.00
1640,39480,100.00
1641,27423,100.00
1642,36553,0.00
1643,22620,100.00
1644,25529,50.00
1645,52988,100.00
1646,20900,0.00
1647,28516,100.00
1648,20567,0.00
1649,53457,100.00
1650,19402,0.00
1651,21555,0.00
1652,21670,100.00
1653,24204,100.00
1654,47693,100.00
1655,34918,100.00
1656,24361,0.00
1657,23451,100.00
1658,23319,100.00
1659,45565,100.00
1660,64203,0.00
1661,28655,100.00
1662,37523,100.00
1663,19146,0.00
1664,39045,0.00
1665,33949,100.00
1666,31300,100.00
1667,23121,0.00
1668,20845,100.00
1669,32851,100.00
1670,28956,100.00
1671,25689,100.00
1672,24729,0.00
1673,23733,100.00
1674,34106,100.00
1675,30906,100.00
1676,31640,0.00
1677,33099,100.00
1678,22543,0.00
1679,34080,100.00
1680,32213,0.00
1681,38400,100.00
1682,29044,100.00
1683,27433,0.00
1684,50498,100.00
1685,19402,0.00
1686,20857,100.00
1687,18905,100.00
1688,37772,0.00
1689,45443,100.00
1690,19930,0.00
1691,34453,0.00
1692,22556,100.00
1693,34361,100.00
1694,36307,0.00
1695,56655,66.67
1696,19832,0.00
1697,18502,100.00
1698,21842,100.00
1699,21471,0.00
1700,23500,100.00
1701,46726,100.00
1702,40976,100.00
1703,29599,100.00
1704,41743,0.00
1705,45373,100.00
1706,22700,0.00
1707,30807,100.00
1708,22566,0.00
1709,22399,100.00
1710,40270,0.00
1711,46428,100.00
1712,24061,0.00
1713,26203,100.00
1714,21602,0.00
1715,23739,100.00
1716,41720,0.00
1717,33287,100.00
1718,24848,100.00
1719,22430,100.00
1720,23347,100.00
1721,23026,0.00
1722,48314,100.00
1723,63516,100.00
1724,34839,0.00
1725,29949,100.00
1726,19699,0.00
1727,40651,100.00
1728,42750,0.00
1729,33085,100.00
1730,21527,0.00
1731,21039,100.00
1732,34343,100.00
1733,30854,100.00
1734,24703,100.00
1735,24260,0.00
1736,30835,100.00
1737,29512,100.00
1738,26595,100.00
1739,20694,100.00
1740,34501,0.00
1741,25565,0.00
1742,64353,100.00
1743,20161,0.00
1744,23518,100.00
1745,39812,100.00
1746,25168,0.00
1747,54246,100.00
1748,44760,100.00
1749,19683,0.00
1750,23499,100.00
1751,21568,100.00
1752,32721,100.00
1753,29083,100.00
1754,33350,0.00
1755,34755,50.00
1756,26578,100.00
1757,39764,100.00
1758,21286,0.00
1759,30387,100.00
1760,25053,100.00
1761,36212,0.00
1762,26342,50.00
1763,48008,100.00
1764,25305,0.00
1765,31785,0.00
1766,24122,100.00
1767,37352,100.00
1768,37862,100.00
1769,26144,100.00
1770,37533,0.00
1771,34996,0.00
1772,57292,100.00
1773,23761,0.00
1774,23445,100.00
1775,32435,0.00
1776,28999,50.00
1777,21667,0.00
1778,36284,100.00
1779,33005,100.00
1780,23304,100.00
1781,22060,100.00
1782,23105,0.00
1783,22417,100.00
1784,44972,100.00
1785,44017,100.00
1786,28136,100.00
1787,37005,0.00
1788,22678,0.00
1789,59731,100.00
1790,22795,0.00
1791,22943,100.00
1792,32146,100.00
1793,20809,0.00
1794,42215,100.00
1795,44118,100.00
1796,21766,0.00
1797,24007,100.00
1798,24728,100.00
1799,40099,100.00
1800,32514,100.00
1801,23562,0.00
1802,22695,100.00
1803,21859,100.00
1804,24538,100.00
1805,49468,0.00
1806,38270,66.67
1807,21776,0.00
1808,21177,100.00
1809,21886,0.00
1810,54201,100.00
1811,37375,100.00
1812,20194,0.00
1813,23147,100.00
1814,20482,100.00
1815,40039,0.00
1816,28200,100.00
1817,24642,100.00
1818,24232,100.00
1819,34904,100.00
1820,27914,0.00
1821,21179,100.00
1822,31295,50.00
1823,53179,100.00
1824,27150,0.00
1825,28841,100.00
1826,53024,100.00
1827,36801,0.00
1828,22561,50.00
1829,58853,100.00
1830,19788,0.00
1831,21192,100.00
1832,22510,100.00
1833,38031,0.00
1834,27631,100.00
1835,61110,100.00
1836,21617,0.00
1837,21840,0.00
1838,33426,100.00
1839,56059,100.00
1840,23207,0.00
1841,28789,100.00
1842,20717,100.00
1843,23263,100.00
1844,21919,100.00
1845,23221,0.00
1846,45753,100.00
1847,41154,100.00
1848,23781,100.00
1849,41750,100.00
1850,48542,0.00
1851,23572,0.00
1852,31910,100.00
1853,20346,0.00
1854,32853,100.00
1855,36644,100.00
1856,47010,0.00
1857,25537,50.00
1858,20423,0.00
1859,24333,100.00
1860,24023,100.00
1861,45008,100.00
1862,35776,0.00
1863,24298,100.00
1864,24918,100.00
1865,21645,100.00
1866,29475,100.00
1867,39204,0.00
1868,34441,100.00
1869,38347,100.00
1870,25156,0.00
1871,44973,100.00
1872,21341,0.00
1873,35803,0.00
1874,35564,50.00
1875,25579,0.00
1876,22035,100.00
1877,47126,100.00
1878,21761,0.00
1879,24071,0.00
1880,24301,100.00
1881,33124,100.00
1882,38203,100.00
1883,28456,100.00
1884,21411,0.00
1885,24033,100.00
1886,36152,100.00
1887,56261,50.00
1888,19993,0.00
1889,23636,100.00
1890,27092,0.00
1891,32632,100.00
1892,43390,0.00
1893,52903,100.00
1894,19636,0.00
1895,24733,100.00
1896,21680,0.00
1897,31435,100.00
1898,28966,100.00
1899,29552,100.00
1900,26681,100.00
1901,24127,0.00
1902,42314,100.00
1903,45134,50.00
1904,23235,0.00
1905,32252,100.00
1906,21878,0.00
1907,39922,0.00
1908,36962,100.00
1909,42146,100.00
1910,29324,0.00
1911,49768,100.00
1912,20434,0.00
1913,32403,0.00
1914,19407,100.00
1915,37256,100.00
1916,29724,100.00
1917,19768,0.00
1918,39798,100.00
1919,37585,100.00
1920,39992,100.00
1921,36920,0.00
1922,55532,66.67
1923,25993,0.00
1924,25455,0.00
1925,21636,100.00
1926,23365,100.00
1927,22763,100.00
1928,25094,100.00
1929,48089,0.00
1930,44825,100.00
1931,58954,100.00
1932,28638,0.00
1933,43524,100.00
1934,49115,100.00
1935,21057,0.00
1936,24523,100.00
1937,23785,0.00
1938,31336,100.00
1939,20971,0.00
1940,61146,100.00
1941,22360,0.00
1942,24832,100.00
1943,23246,0.00
1944,51292,100.00
1945,37105,100.00
1946,24556,100.00
1947,24191,100.00
1948,20796,0.00
1949,23368,100.00
1950,48927,100.00
1951,51345,50.00
1952,20002,0.00
1953,23746,100.00
1954,21661,0.00
1955,50251,100.00
1956,43053,100.00
1957,28171,0.00
1958,33157,100.00
1959,17967,0.00
1960,36043,100.00
1961,28491,100.00
1962,26301,0.00
1963,24563,100.00
1964,31955,100.00
1965,32888,100.00
1966,25424,100.00
1967,28516,0.00
1968,23113,0.00
1969,38275,100.00
1970,22698,0.00
1971,26022,100.00
1972,37606,100.00
1973,34282,0.00
1974,41325,50.00
1975,20171,0.00
1976,28788,100.00
1977,21695,100.00
1978,22142,100.00
1979,35501,0.00
1980,44248,100.00
1981,19521,0.00
1982,26611,0.00
1983,19379,100.00
1984,22875,100.00
1985,40328,0.00
1986,50204,100.00
1987,18361,0.00
1988,18426,100.00
1989,22964,100.00
1990,22881,0.00
1991,23131,100.00
1992,53275,100.00
1993,45174,100.00
1994,33293,100.00
1995,37060,0.00
1996,46775,50.00
1997,24228,0.00
1998,28989,100.00
1999,20247,0.00
2000,66529,100.00
2001,34422,0.00
2002,41951,100.00
2003,26928,50.00
2004,20188,0.00
2005,24027,100.00
2006,25666,100.00
2007,39479,0.00
2008,32042,100.00
2009,21604,100.00
2010,23731,100.00
2011,35722,100.00
2012,30117,0.00
2013,37490,100.00
2014,33153,100.00
2015,33753,0.00
2016,28775,100.00
2017,22116,0.00
2018,33891,0.00
2019,37199,100.00
2020,34832,100.00
2021,25450,0.00
2022,21551,100.00
2023,44112,100.00
2024,20783,0.00
2025,24535,100.00
2026,24379,0.00
2027,33811,100.00
2028,33673,100.00
2029,22661,100.00
2030,21513,100.00
2031,21819,0.00
2032,36025,100.00
2033,38314,0.00
2034,49463,100.00
2035,20513,0.00
2036,24448,100.00
2037,22000,0.00
2038,53257,100.00
2039,39443,100.00
2040,31681,100.00
2041,21868,0.00
2042,21708,100.00
2043,38106,100.00
2044,28859,100.00
2045,27907,0.00
2046,25125,100.00
2047,29406,100.00
2048,33345,100.00
2049,38000,0.00
2050,27069,100.00
2051,21298,0.00
2052,27152,100.00
2053,35838,100.00
2054,31912,100.00
2055,41234,0.00
2056,38705,50.00
2057,20190,0.00
2058,32351,100.00
2059,24258,100.00
2060,20273,100.00
2061,35443,0.00
2062,31153,100.00
2063,27430,0.00
2064,25621,100.00
2065,26120,0.00
2066,21954,100.00
2067,32939,100.00
2068,46720,50.00
2069,19045,0.00
2070,19249,100.00
2071,20663,100.00
2072,19937,100.00
2073,22639,0.00
2074,23368,100.00
2075,44973,100.00
2076,38265,100.00
2077,35102,0.00
2078,43000,100.00
2079,19380,0.00
2080,31003,100.00
2081,25052,100.00
2082,24133,100.00
2083,32497,100.00
2084,21488,0.00
2085,36310,100.00
2086,45115,100.00
2087,21179,0.00
2088,23806,100.00
2089,37790,100.00
2090,34440,100.00
2091,24321,100.00
2092,19488,0.00
2093,23462,100.00
2094,22602,100.00
2095,47567,0.00
2096,38347,100.00
2097,43631,50.00
2098,22731,0.00
2099,23100,100.00
2100,38270,100.00
2101,51352,0.00
2102,31587,100.00
2103,22544,0.00
2104,23313,0.00
2105,23679,100.00
2106,46454,100.00
2107,36754,100.00
2108,27394,100.00
2109,23879,0.00
2110,46146,100.00
2111,37527,100.00
2112,24400,100.00
2113,33813,0.00
2114,25609,50.00
2115,40496,0.00
2116,56685,100.00
2117,33604,0.00
2118,24197,100.00
2119,37326,0.00
2120,57618,50.00
2121,20670,0.00
2122,21224,100.00
2123,21871,100.00
2124,24340,100.00
2125,35685,0.00
2126,61059,100.00
2127,20711,0.00
2128,22122,100.00
2129,33068,0.00
2130,33538,100.00
2131,57464,100.00
2132,19880,0.00
2133,20073,100.00
2134,22222,100.00
2135,21066,100.00
2136,23624,100.00
2137,47287,0.00
2138,41439,100.00
2139,30345,100.00
2140,39807,100.00
2141,38156,100.00
2142,35021,0.00
2143,30104,0.00
2144,31958,100.00
2145,27920,0.00
2146,35067,100.00
2147,34366,100.00
2148,38235,0.00
2149,28679,66.67
2150,21955,0.00
2151,25566,0.00
2152,51881,100.00
2153,38071,100.00
2154,23214,100.00
2155,23479,100.00
2156,22333,0.00
2157,34460,100.00
2158,38700,100.00
2159,37058,100.00
2160,37389,0.00
2161,24446,100.00
2162,49150,100.00
2163,21180,0.00
2164,44650,100.00
2165,36212,100.00
2166,24319,0.00
2167,22617,100.00
2168,54861,100.00
2169,20736,0.00
2170,23364,0.00
2171,25228,100.00
2172,37733,100.00
2173,36326,100.00
2174,25244,100.00
2175,20903,0.00
2176,25554,100.00
2177,25343,100.00
2178,47679,0.00
2179,39555,50.00
2180,44515,100.00
2181,23558,0.00
2182,22819,100.00
2183,41169,100.00
2184,36597,0.00
2185,25238,100.00
2186,27054,100.00
2187,19214,0.00
2188,28740,100.00
2189,34443,0.00
2190,34422,100.00
2191,29202,100.00
2192,23466,100.00
2193,39116,100.00
2194,40163,0.00
2195,23056,50.00
2196,23930,100.00
2197,34293,100.00
2198,22301,0.00
2199,43603,100.00
2200,45040,100.00
2201,30640,0.00
2202,28317,50.00
2203,60165,100.00
2204,20263,0.00
2205,22396,0.00
2206,33080,100.00
2207,38463,100.00
2208,18537,0.00
2209,46756,100.00
2210,33688,100.00
2211,24061,100.00
2212,33001,100.00
2213,29830,0.00
2214,59758,100.00
2215,20396,0.00
2216,21169,0.00
2217,21391,100.00
2218,21339,100.00
2219,24507,100.00
2220,42486,100.00
2221,39345,0.00
2222,30839,100.00
2223,35985,50.00
2224,54535,100.00
2225,20946,0.00
2226,35825,100.00
2227,27077,0.00
2228,24107,100.00
2229,33779,100.00
2230,20527,0.00
2231,54121,100.00
2232,21590,0.00
2233,23408,0.00
2234,23255,100.00
2235,48008,100.00
2236,38670,100.00
2237,28615,100.00
2238,23254,0.00
2239,22486,100.00
2240,22622,100.00
2241,52528,0.00
2242,50399,100.00
2243,43235,100.00
2244,22679,0.00
2245,21229,100.00
2246,44714,100.00
2247,36902,0.00
2248,25369,100.00
2249,28747,100.00
2250,18212,0.00
2251,32111,100.00
2252,28207,0.00
2253,25891,100.00
2254,24861,100.00
2255,27049,100.00
2256,35651,100.00
2257,31895,0.00
2258,22124,100.00
2259,34516,100.00
2260,26466,0.00
2261,55742,100.00
2262,19984,0.00
2263,21043,0.00
2264,36370,100.00
2265,23678,100.00
2266,44192,0.00
2267,42572,100.00
2268,20882,0.00
2269,21763,100.00
2270,22336,100.00
2271,19131,0.00
2272,41823,100.00
2273,40228,100.00
2274,23884,0.00
2275,26753,100.00
2276,19177,0.00
2277,32893,100.00
2278,29299,100.00
2279,35306,0.00
2280,27472,100.00
2281,26770,100.00
2282,26975,0.00
2283,33014,100.00
2284,36716,100.00
2285,24421,100.00
2286,36352,100.00
2287,35536,0.00
2288,27227,100.00
2289,34485,50.00
2290,26061,0.00
2291,47977,100.00
2292,25129,0.00
2293,22556,0.00
2294,32313,100.00
2295,28427,50.00
2296,21759,0.00
2297,22074,100.00
2298,38467,100.00
2299,28770,0.00
2300,22626,100.00
2301,25597,100.00
2302,22564,100.00
2303,43076,100.00
2304,41517,0.00
2305,25063,100.00
2306,35092,100.00
2307,23586,0.00
2308,56932,100.00
2309,22827,0.00
2310,40815,0.00
2311,33240,50.00
2312,22808,0.00
2313,59700,100.00
2314,21678,0.00
2315,23403,100.00
2316,21503,0.00
2317,26336,100.00
2318,51021,100.00
2319,41824,100.00
2320,26926,100.00
2321,23698,0.00
2322,23508,100.00
2323,28137,100.00
2324,47579,0.00
2325,39865,66.67
2326,21995,0.00
2327,21025,0.00
2328,21287,100.00
2329,56366,100.00
2330,37763,100.00
2331,20064,0.00
2332,23747,100.00
2333,19844,0.00
2334,48531,100.00
2335,31192,100.00
2336,24425,100.00
2337,24661,100.00
2338,37767,0.00
2339,33067,100.00
2340,34941,50.00
2341,31004,100.00
2342,22007,0.00
2343,23614,100.00
2344,41007,0.00
2345,34728,100.00
2346,41517,100.00
2347,45228,50.00
2348,20201,0.00
2349,33903,100.00
2350,24247,100.00
2351,21062,100.00
2352,36454,0.00
2353,45783,100.00
2354,20329,0.00
2355,31224,0.00
2356,22540,100.00
2357,21912,100.00
2358,33110,0.00
2359,60542,100.00
2360,20975,0.00
2361,22029,100.00
2362,22008,100.00
2363,21254,0.00
2364,23598,100.00
2365,45252,100.00
2366,43705,100.00
2367,29298,100.00
2368,37367,0.00
2369,56440,50.00
2370,30755,0.00
2371,30641,100.00
2372,21535,0.00
2373,22328,100.00
2374,42864,0.00
2375,42685,100.00
2376,21345,0.00
2377,24639,100.00
2378,20104,0.00
2379,46821,100.00
2380,40892,0.00
2381,33472,100.00
2382,24751,100.00
2383,23372,100.00
2384,21567,100.00
2385,25893,0.00
2386,49408,100.00
2387,44470,0.00
2388,47358,100.00
2389,34333,0.00
2390,31561,100.00
2391,29945,0.00
2392,44045,50.00
2393,34837,100.00
2394,19689,0.00
2395,20155,100.00
2396,38418,100.00
2397,26745,100.00
2398,24588,100.00
2399,25083,0.00
2400,35283,100.00
2401,32062,100.00
2402,21987,100.00
2403,22584,100.00
2404,38388,0.00
2405,51322,50.00
2406,23000,0.00
2407,35881,100.00
2408,25305,100.00
2409,35244,0.00
2410,35871,100.00
2411,52021,100.00
2412,21830,0.00
2413,21418,100.00
2414,24368,100.00
2415,22340,100.00
2416,37318,0.00
2417,26467,100.00
2418,24239,100.00
2419,33888,0.00
2420,22805,50.00
2421,42519,100.00
2422,20732,0.00
2423,30080,100.00
2424,33867,100.00
2425,26805,0.00
2426,38195,100.00
2427,23235,0.00
2428,35234,0.00
2429,34215,100.00
2430,29450,100.00
2431,42275,100.00
2432,36533,100.00
2433,26024,0.00
2434,37647,50.00
2435,41212,100.00
2436,21150,0.00
2437,32373,100.00
2438,23229,100.00
2439,30993,0.00
2440,29796,100.00
2441,21628,0.00
2442,32419,100.00
2443,27609,100.00
2444,21728,100.00
2445,22166,0.00
2446,21988,100.00
2447,25867,100.00
2448,34482,100.00
2449,36912,100.00
2450,26870,0.00
2451,34563,50.00
2452,22542,0.00
2453,53923,100.00
2454,22571,0.00
2455,23185,100.00
2456,31591,0.00
2457,20207,0.00
2458,51800,100.00
2459,18365,0.00
2460,22006,100.00
2461,24051,100.00
2462,23098,0.00
2463,48920,100.00
2464,32049,100.00
2465,21702,100.00
2466,23479,100.00
2467,22488,0.00
2468,44520,100.00
2469,37369,100.00
2470,28946,0.00
2471,30644,100.00
2472,18994,0.00
2473,39459,100.00
2474,39411,0.00
2475,28046,100.00
2476,28899,100.00
2477,17951,0.00
2478,30834,0.00
2479,25967,100.00
2480,28523,100.00
2481,24506,100.00
2482,23777,100.00
2483,36818,0.00
2484,31694,100.00
2485,35067,100.00
2486,23855,0.00
2487,28500,100.00
2488,53411,100.00
2489,22113,0.00
2490,35215,100.00
2491,32438,0.00
2492,21580,0.00
2493,55930,100.00
2494,19222,0.00
2495,21281,100.00
2496,22067,100.00
2497,37822,0.00
2498,52143,100.00
2499,20187,0.00
2500,32670,0.00
2501,37828,100.00
2502,33514,100.00
2503,53783,100.00
2504,23218,0.00
2505,30262,100.00
2506,21758,100.00
2507,23014,100.00
2508,22421,0.00
2509,22920,100.00
2510,38486,100.00
2511,36145,100.00
2512,24168,100.00
2513,39463,0.00
2514,43732,100.00
2515,25552,0.00
2516,34960,100.00
2517,20256,0.00
2518,31942,100.00
2519,30511,0.00
2520,45286,100.00
2521,24786,50.00
2522,20510,0.00
2523,23666,100.00
2524,23929,100.00
2525,42738,0.00
2526,34586,100.00
2527,24350,100.00
2528,23475,100.00
2529,22062,100.00
2530,28292,0.00
2531,38515,100.00
2532,38371,100.00
2533,39722,0.00
2534,24651,100.00
2535,45750,100.00
2536,22042,0.00
2537,36734,100.00
2538,35928,100.00
2539,25795,0.00
2540,22146,100.00
2541,48673,100.00
2542,19980,0.00
2543,24881,100.00
2544,24514,0.00
2545,32587,100.00
2546,29836,100.00
2547,24423,100.00
2548,19817,100.00
2549,22817,0.00
2550,36351,100.00
2551,57765,50.00
2552,20252,0.00
2553,23038,100.00
2554,27077,100.00
2555,34086,0.00
2556,39899,0.00
2557,47198,100.00
2558,19476,0.00
2559,22493,100.00
2560,21686,100.00
2561,35354,0.00
2562,25552,100.00
2563,28999,100.00
2564,26941,100.00
2565,23257,100.00
2566,38543,0.00
2567,40040,100.00
2568,21803,0.00
2569,30168,100.00
2570,21779,0.00
2571,37263,100.00
2572,31351,0.00
2573,38530,100.00
2574,25927,0.00
2575,38637,66.67
2576,19814,0.00
2577,28779,100.00
2578,21698,0.00
2579,30929,100.00
2580,29826,100.00
2581,18075,0.00
2582,37675,100.00
2583,33410,100.00
2584,24296,100.00
2585,33767,0.00
2586,35960,100.00
2587,45379,100.00
2588,18511,0.00
2589,18325,0.00
2590,22032,100.00
2591,22789,100.00
2592,24614,100.00
2593,44463,100.00
2594,38466,0.00
2595,54030,100.00
2596,26188,50.00
2597,37948,0.00
2598,44865,100.00
2599,20539,0.00
2600,24448,100.00
2601,25008,100.00
2602,30471,0.00
2603,20796,0.00
2604,55060,100.00
2605,20437,0.00
2606,23590,100.00
2607,23337,100.00
2608,43439,0.00
2609,33678,100.00
2610,25230,100.00
2611,22448,100.00
2612,21794,100.00
2613,36347,0.00
2614,42437,100.00
2615,46561,100.00
2616,19374,0.00
2617,23953,100.00
2618,31994,100.00
2619,40199,0.00
2620,24195,100.00
2621,29341,100.00
2622,19429,0.00
2623,20241,100.00
2624,35530,100.00
2625,30929,100.00
2626,23677,100.00
2627,24174,0.00
2628,33138,100.00
2629,28086,100.00
2630,21381,100.00
2631,30446,0.00
2632,35179,50.00
2633,22088,0.00
2634,32418,100.00
2635,28414,100.00
2636,33744,100.00
2637,25760,0.00
2638,34795,100.00
2639,45511,100.00
2640,20533,0.00
2641,22696,0.00
2642,36896,100.00
2643,40446,50.00
2644,19547,0.00
2645,29385,100.00
2646,22384,100.00
2647,22849,100.00
2648,35187,0.00
2649,45481,100.00
2650,19727,0.00
2651,20902,100.00
2652,20506,0.00
2653,21003,100.00
2654,22504,100.00
2655,34187,100.00
2656,30203,100.00
2657,26311,0.00
2658,30941,100.00
2659,41759,100.00
2660,22213,0.00
2661,25969,100.00
2662,26815,100.00
2663,17199,0.00
2664,35038,100.00
2665,41300,0.00
2666,21844,100.00
2667,21902,100.00
2668,26450,100.00
2669,21976,0.00
2670,35387,100.00
2671,33215,100.00
2672,22099,100.00
2673,19355,0.00
2674,21948,100.00
2675,22956,100.00
2676,31774,100.00
2677,33277,100.00
2678,54213,0.00
2679,23516,0.00
2680,23222,100.00
2681,50581,100.00
2682,20899,0.00
2683,41111,100.00
2684,34930,0.00
2685,25794,0.00
2686,21811,100.00
2687,50004,100.00
2688,21912,0.00
2689,24982,100.00
2690,24043,0.00
2691,44097,100.00
2692,38819,100.00
2693,23504,100.00
2694,19538,100.00
2695,20598,0.00
2696,34798,100.00
2697,43073,0.00
2698,53865,66.67
2699,24300,0.00
2700,25711,100.00
2701,21987,0.00
2702,44281,100.00
2703,43293,100.00
2704,18029,0.00
2705,23742,100.00
2706,21536,100.00
2707,29572,0.00
2708,23370,100.00
2709,27132,100.00
2710,25569,100.00
2711,24847,100.00
2712,34383,0.00
2713,36489,50.00
2714,28331,100.00
2715,20141,0.00
2716,25701,100.00
2717,39175,100.00
2718,33738,0.00
2719,43902,100.00
2720,26555,0.00
2721,47528,66.67
2722,18837,0.00
2723,28092,100.00
2724,19442,0.00
2725,34395,100.00
2726,27692,100.00
2727,19977,0.00
2728,34851,100.00
2729,29223,100.00
2730,24121,100.00
2731,34988,0.00
2732,35073,100.00
2733,43048,100.00
2734,17811,0.00
2735,18618,0.00
2736,21949,100.00
2737,22063,100.00
2738,23717,100.00
2739,37991,100.00
2740,38091,0.00
2741,50338,50.00
2742,23633,0.00
2743,50765,100.00
2744,22506,0.00
2745,24331,100.00
2746,24686,0.00
2747,23629,100.00
2748,30854,100.00
2749,20515,0.00
2750,46344,100.00
2751,20338,0.00
2752,23576,0.00
2753,22619,100.00
2754,37742,100.00
2755,28996,100.00
2756,23670,100.00
2757,22211,0.00
2758,22128,100.00
2759,34642,100.00
2760,42788,0.00
2761,50978,100.00
2762,20260,0.00
2763,23561,100.00
2764,27447,100.00
2765,49450,0.00
2766,35236,0.00
2767,36807,100.00
2768,19987,0.00
2769,19829,100.00
2770,35332,100.00
2771,27146,0.00
2772,24620,100.00
2773,23847,100.00
2774,33108,100.00
2775,29506,100.00
2776,21712,0.00
2777,18743,100.00
2778,32606,100.00
2779,43044,50.00
2780,21317,0.00
2781,25280,100.00
2782,27079,0.00
2783,36717,100.00
2784,30350,0.00
2785,53094,100.00
2786,20501,0.00
2787,20206,100.00
2788,23635,0.00
2789,35475,50.00
2790,42129,100.00
2791,43187,100.00
2792,20870,0.00
2793,22677,100.00
2794,24440,100.00
2795,42527,0.00
2796,56007,100.00
2797,18669,0.00
2798,21096,100.00
2799,20258,0.00
2800,22377,100.00
2801,35336,100.00
2802,40872,100.00
2803,35486,100.00
2804,38788,0.00
2805,35845,100.00
2806,34731,100.00
2807,24489,0.00
2808,29290,100.00
2809,17162,0.00
2810,36694,100.00
2811,31531,100.00
2812,33192,0.00
2813,20669,0.00
2814,29331,66.67
2815,21590,0.00
2816,33560,100.00
2817,29665,100.00
2818,20393,0.00
2819,23838,100.00
2820,22707,100.00
2821,21347,100.00
2822,35647,100.00
2823,35540,0.00
2824,49933,100.00
2825,29767,100.00
2826,24141,0.00
2827,53793,100.00
2828,22515,0.00
2829,24483,100.00
2830,32331,0.00
2831,33133,100.00
2832,21459,0.00
2833,24251,100.00
2834,26264,100.00
2835,25551,100.00
2836,23200,100.00
2837,39526,0.00
2838,32761,100.00
2839,19602,100.00
2840,22802,100.00
2841,22573,100.00
2842,50294,0.00
2843,36547,0.00
2844,43841,50.00
2845,31816,100.00
2846,18866,0.00
2847,36093,100.00
2848,31981,0.00
2849,32902,100.00
2850,19289,0.00
2851,21216,0.00
2852,20062,100.00
2853,33544,100.00
2854,29198,100.00
2855,23528,100.00
2856,24426,0.00
2857,34910,100.00
2858,35554,100.00
2859,21949,0.00
2860,23399,100.00
2861,30416,100.00
2862,21768,0.00
2863,36388,100.00
2864,37067,0.00
2865,26724,100.00
2866,25190,100.00
2867,57057,100.00
2868,20023,0.00
2869,21573,100.00
2870,32017,50.00
2871,33366,100.00
2872,17698,0.00
2873,38754,100.00
2874,31483,100.00
2875,23103,0.00
2876,32120,100.00
2877,24783,100.00
2878,51681,100.00
2879,20573,0.00
2880,20580,100.00
2881,21351,100.00
2882,21595,100.00
2883,24049,0.00
2884,33839,100.00
2885,31604,100.00
2886,26186,100.00
2887,32533,0.00
2888,40445,100.00
2889,19196,0.00
2890,30520,100.00
2891,25285,100.00
2892,24225,100.00
2893,30162,0.00
2894,19171,100.00
2895,46834,50.00
2896,20862,0.00
2897,23288,100.00
2898,24254,100.00
2899,40819,100.00
2900,33117,0.00
2901,20969,100.00
2902,22356,100.00
2903,20752,100.00
2904,21803,100.00
2905,42762,0.00
2906,45180,0.00
2907,40201,100.00
2908,22949,0.00
2909,21408,100.00
2910,43367,100.00
2911,37448,0.00
2912,25060,100.00
2913,28272,100.00
2914,17666,0.00
2915,35294,100.00
2916,29229,100.00
2917,25623,100.00
2918,24620,100.00
2919,27554,0.00
2920,38964,100.00
2921,34232,100.00
2922,24421,100.00
2923,36709,0.00
2924,27322,50.00
2925,56916,100.00
2926,20476,0.00
2927,36404,100.00
2928,38466,100.00
2929,23283,0.00
2930,57411,100.00
2931,20386,0.00
2932,22426,100.00
2933,24757,0.00
2934,24046,100.00
2935,23312,100.00
2936,41298,100.00
2937,28938,100.00
2938,37184,0.00
2939,24772,100.00
2940,29579,100.00
2941,30043,0.00
2942,32564,100.00
2943,38372,100.00
2944,24905,0.00
2945,26946,100.00
2946,22469,0.00
2947,39589,100.00
2948,38093,100.00
2949,28983,0.00
2950,30528,100.00
2951,28032,100.00
2952,30333,100.00
2953,38775,100.00
2954,26610,0.00
2955,42926,100.00
2956,19149,0.00
2957,32889,0.00
2958,32227,100.00
2959,20932,0.00
2960,28925,66.67
2961,21796,0.00
2962,36431,100.00
2963,28568,0.00
2964,25353,100.00
2965,23315,100.00
2966,21386,100.00
2967,35606,100.00
2968,36389,0.00
2969,26440,100.00
2970,31810,100.00
2971,22980,0.00
2972,30246,100.00
2973,56949,100.00
2974,21706,0.00
2975,31590,0.00
2976,23515,50.00
2977,60648,100.00
2978,19525,0.00
2979,23551,100.00
2980,23209,100.00
2981,24211,100.00
2982,42109,0.00
2983,36960,100.00
2984,21925,100.00
2985,23587,100.00
2986,23608,100.00
2987,21597,0.00
2988,55813,100.00
2989,39463,100.00
2990,22208,0.00
2991,21916,100.00
2992,22475,100.00
2993,54120,0.00
2994,49801,100.00
2995,22116,0.00
2996,23550,100.00
2997,22097,100.00
2998,46667,100.00
2999,33661,0.00
3000,41617,100.00
3001,25389,100.00
3002,35435,100.00
3003,29958,100.00
3004,35170,0.00
3005,27133,0.00
3006,36038,100.00
3007,22370,0.00
3008,38710,100.00
3009,33557,100.00
3010,39157,0.00
3011,39414,100.00
3012,19810,0.00
3013,33917,100.00
3014,23679,100.00
3015,22269,100.00
3016,36790,0.00
3017,27229,100.00
3018,53122,100.00
3019,23849,0.00
3020,22312,100.00
3021,24541,100.00
3022,38530,0.00
3023,53163,100.00
3024,47789,100.00
3025,18405,0.00
3026,21191,100.00
3027,20476,0.00
3028,20938,100.00
3029,33866,100.00
3030,37612,100.00
3031,34407,100.00
3032,36336,0.00
3033,44917,100.00
3034,23781,50.00
3035,29180,100.00
3036,22002,0.00
3037,22655,100.00
3038,35173,100.00
3039,40462,100.00
3040,22641,0.00
3041,21189,50.00
3042,26021,100.00
3043,21204,0.00
3044,33248,100.00
3045,30692,100.00
3046,23259,100.00
3047,19842,100.00
3048,21538,0.00
3049,22213,100.00
3050,35137,100.00
3051,45859,0.00
3052,40800,100.00
3053,22377,0.00
3054,20503,0.00
3055,51304,100.00
3056,44106,100.00
3057,23817,0.00
3058,31444,100.00
3059,17395,0.00
3060,29776,0.00
3061,29128,100.00
3062,30694,100.00
3063,26017,100.00
3064,23495,100.00
3065,37911,0.00
3066,28531,100.00
3067,19969,100.00
3068,33180,100.00
3069,25954,0.00
3070,39554,50.00
3071,57074,100.00
3072,32786,0.00
3073,24995,0.00
3074,33433,100.00
3075,50722,100.00
3076,20066,0.00
3077,22418,100.00
3078,22133,100.00
3079,23788,0.00
3080,19936,100.00
3081,38970,100.00
3082,28793,100.00
3083,24370,100.00
3084,34077,0.00
3085,29348,100.00
3086,25897,0.00
3087,32350,0.00
3088,32263,100.00
3089,43302,100.00
3090,38571,100.00
3091,20251,0.00
3092,35946,100.00
3093,34807,0.00
3094,26067,100.00
3095,30658,100.00
3096,31013,100.00
3097,32620,100.00
3098,26803,0.00
3099,34234,50.00
3100,27215,100.00
3101,59930,100.00
3102,21215,0.00
3103,26977,100.00
3104,32272,0.00
3105,31387,100.00
3106,22107,0.00
3107,42059,100.00
3108,33547,100.00
3109,20497,0.00
3110,24463,100.00
3111,22096,100.00
3112,34394,100.00
3113,34803,100.00
3114,32883,0.00
3115,23793,100.00
3116,33561,50.00
3117,38914,100.00
3118,25583,0.00
3119,32454,100.00
3120,22480,0.00
3121,33975,100.00
3122,35404,50.00
3123,19038,0.00
3124,25519,100.00
3125,23371,100.00
3126,24360,0.00
3127,24057,100.00
3128,30308,100.00
3129,42352,100.00
3130,23711,100.00
3131,24534,0.00
3132,22209,100.00
3133,46726,100.00
3134,47645,0.00
3135,27422,100.00
3136,30926,100.00
3137,18897,0.00
3138,34219,100.00
3139,34121,0.00
3140,24533,100.00
3141,26531,100.00
3142,17648,0.00
3143,29565,100.00
3144,25465,100.00
3145,30041,100.00
3146,26067,100.00
3147,23991,0.00
3148,37262,100.00
3149,33803,100.00
3150,34181,100.00
3151,23929,0.00
3152,28828,100.00
3153,54838,100.00
3154,21221,0.00
3155,35965,0.00
3156,37749,100.00
3157,43200,100.00
3158,20315,0.00
3159,30932,100.00
3160,22858,100.00
3161,21841,0.00
3162,37925,50.00
3163,52355,100.00
3164,20941,0.00
3165,34087,100.00
3166,19962,100.00
3167,36167,100.00
3168,51745,100.00
3169,24062,0.00
3170,28163,100.00
3171,20961,100.00
3172,24654,0.00
3173,22890,100.00
3174,24222,100.00
3175,42080,100.00
3176,40222,100.00
3177,25552,0.00
3178,39368,100.00
3179,45310,100.00
3180,25282,0.00
3181,28297,100.00
3182,29820,100.00
3183,29453,0.00
3184,39601,100.00
3185,41350,100.00
3186,21082,0.00
3187,25422,66.67
3188,20887,0.00
3189,30851,0.00
3190,42116,100.00
3191,41669,100.00
3192,23434,100.00
3193,22695,100.00
3194,22012,0.00
3195,23130,100.00
3196,41309,100.00
3197,38439,100.00
3198,51959,0.00
3199,33904,100.00
3200,45049,100.00
3201,22927,0.00
3202,35400,100.00
3203,35030,100.00
3204,24893,0.00
3205,26818,100.00
3206,27094,0.00
3207,24460,100.00
3208,28485,0.00
3209,26343,100.00
3210,22269,100.00
3211,38796,100.00
3212,32722,100.00
3213,22285,0.00
3214,23437,100.00
3215,35163,100.00
3216,38492,0.00
3217,74118,100.00
3218,33623,0.00
3219,26685,0.00
3220,34627,100.00
3221,39127,100.00
3222,38170,0.00
3223,25818,100.00
3224,21432,0.00
3225,22725,100.00
3226,20386,100.00
3227,40700,0.00
3228,35079,100.00
3229,26308,100.00
3230,24874,100.00
3231,41179,100.00
3232,46080,0.00
3233,22337,0.00
3234,29972,100.00
3235,22146,0.00
3236,25366,100.00
3237,44562,100.00
3238,44578,0.00
3239,31006,100.00
3240,27652,100.00
3241,57059,100.00
3242,20538,0.00
3243,21387,100.00
3244,32570,0.00
3245,30202,100.00
3246,40796,100.00
3247,20054,0.00
3248,28343,100.00
3249,24688,0.00
3250,34211,100.00
3251,47636,100.00
3252,21809,0.00
3253,26561,100.00
3254,23614,100.00
3255,22466,100.00
3256,21126,100.00
3257,24163,0.00
3258,32712,100.00
3259,36873,100.00
3260,31066,100.00
3261,37763,0.00
3262,45381,100.00
3263,20140,0.00
3264,32155,100.00
3265,26831,0.00
3266,25813,100.00
3267,30760,100.00
3268,21759,0.00
3269,36239,50.00
3270,49868,100.00
3271,22947,0.00
3272,23410,100.00
3273,43576,0.00
3274,36027,100.00
3275,22582,100.00
3276,21230,100.00
3277,20598,100.00
3278,22712,0.00
3279,43296,100.00
3280,65546,100.00
3281,24933,0.00
3282,24836,100.00
3283,22816,100.00
3284,46335,0.00
3285,42190,50.00
3286,26483,100.00
3287,28784,100.00
3288,17462,0.00
3289,30267,100.00
3290,23812,100.00
3291,26999,100.00
3292,24817,0.00
3293,25810,100.00
3294,35810,100.00
3295,27659,100.00
3296,31512,0.00
3297,23281,50.00
3298,54305,100.00
3299,26766,0.00
3300,33722,100.00
3301,43012,100.00
3302,39049,0.00
3303,24887,100.00
3304,62619,100.00
3305,20026,0.00
3306,20562,100.00
3307,23064,100.00
3308,38304,0.00
3309,49762,100.00
3310,20491,0.00
3311,28635,100.00
3312,37299,0.00
3313,24863,100.00
3314,45133,100.00
3315,54230,100.00
3316,18872,0.00
3317,18772,100.00
3318,22933,100.00
3319,22893,100.00
3320,22762,0.00
3321,51510,100.00
3322,40037,100.00
3323,31978,100.00
3324,33699,100.00
3325,43129,0.00
3326,31838,50.00
3327,21948,0.00
3328,30179,100.00
3329,32428,100.00
3330,33059,100.00
3331,48769,0.00
3332,58910,100.00
3333,20247,0.00
3334,25361,100.00
3335,31763,100.00
3336,37307,100.00
3337,26734,0.00
3338,20188,100.00
3339,23494,100.00
3340,22324,100.00
3341,32694,100.00
3342,35322,0.00
3343,56106,100.00
3344,30471,50.00
3345,31970,100.00
3346,31951,0.00
3347,36925,100.00
3348,40692,100.00
3349,36863,0.00
3350,22814,50.00
3351,20724,0.00
3352,50935,100.00
3353,22467,0.00
3354,26050,100.00
3355,25366,100.00
3356,44866,0.00
3357,38888,100.00
3358,22631,100.00
3359,21128,100.00
3360,22387,100.00
3361,36505,0.00
3362,42451,0.00
3363,61398,66.67
3364,25998,0.00
3365,25039,100.00
3366,22289,100.00
3367,53931,0.00
3368,50203,100.00
3369,20100,0.00
3370,23539,100.00
3371,22509,100.00
3372,32136,100.00
3373,27306,0.00
3374,28724,100.00
3375,26101,100.00
3376,28563,100.00
3377,30742,100.00
3378,36299,0.00
3379,27221,50.00
3380,19771,0.00
3381,27400,100.00
3382,40536,100.00
3383,31564,100.00
3384,43574,0.00
3385,25946,0.00
3386,48136,100.00
3387,19154,0.00
3388,28692,100.00
3389,22807,100.00
3390,36797,0.00
3391,31793,100.00
3392,20108,0.00
3393,40129,0.00
3394,29998,100.00
3395,23798,100.00
3396,36519,0.00
3397,39690,100.00
3398,45834,100.00
3399,18207,0.00
3400,18788,100.00
3401,20701,0.00
3402,23117,100.00
3403,24952,100.00
3404,47366,100.00
3405,39826,100.00
3406,51167,0.00
3407,26504,0.00
3408,55221,100.00
3409,25627,0.00
3410,26392,100.00
3411,24654,100.00
3412,25070,0.00
3413,30458,100.00
3414,41233,50.00
3415,18270,0.00
3416,30264,100.00
3417,25170,100.00
3418,27532,0.00
3419,37084,100.00
3420,32740,100.00
3421,21402,100.00
3422,23348,100.00
3423,21286,0.00
3424,35175,100.00
3425,43483,100.00
3426,54533,0.00
3427,42396,100.00
3428,22526,0.00
3429,25728,100.00
3430,45755,0.00
3431,41719,50.00
3432,38624,100.00
3433,22303,0.00
3434,21867,100.00
3435,34514,100.00
3436,32349,100.00
3437,31279,0.00
3438,24565,100.00
3439,33121,100.00
3440,33956,100.00
3441,25602,100.00
3442,20497,0.00
3443,35559,100.00
3444,53120,50.00
3445,24141,0.00
3446,30224,100.00
3447,36763,100.00
3448,40021,0.00
3449,26516,100.00
3450,49500,100.00
3451,43403,100.00
3452,20954,0.00
3453,26390,100.00
3454,38501,0.00
3455,37865,50.00
3456,50980,100.00
3457,20400,0.00
3458,20908,100.00
3459,23985,0.00
3460,41824,100.00
3461,48575,100.00
3462,31458,100.00
3463,17164,0.00
3464,22696,100.00
3465,21920,100.00
3466,24066,100.00
3467,53834,0.00
3468,44255,100.00
3469,38135,100.00
3470,41433,100.00
3471,37898,100.00
3472,56472,0.00
3473,72314,50.00
3474,24972,0.00
3475,33931,100.00
3476,34796,100.00
3477,33604,0.00
3478,34917,100.00
3479,29467,100.00
3480,21385,0.00
3481,35731,100.00
3482,38935,100.00
3483,25309,0.00
3484,20620,100.00
3485,26331,100.00
3486,22842,100.00
3487,29108,100.00
3488,48495,0.00
3489,43840,100.00
3490,44435,50.00
3491,40426,100.00
3492,30018,0.00
3493,30962,100.00
3494,30100,0.00
3495,25330,100.00
3496,35526,100.00
3497,28064,50.00
3498,26306,0.00
3499,25641,100.00
3500,31191,0.00
3501,26513,100.00
3502,32348,100.00
3503,36559,100.00
3504,28706,100.00
3505,19936,0.00
3506,23439,100.00
3507,22826,100.00
3508,51205,0.00
3509,35428,100.00
3510,41801,100.00
3511,22644,0.00
3512,22819,100.00
3513,39123,50.00
3514,40576,0.00
3515,27466,100.00
3516,29018,100.00
3517,20130,0.00
3518,30098,100.00
3519,28158,0.00
3520,33502,100.00
3521,26884,100.00
3522,24211,100.00
3523,41632,100.00
3524,42556,0.00
3525,22446,0.00
3526,30539,100.00
3527,21646,0.00
3528,38988,100.00
3529,38666,100.00
3530,46803,0.00
3531,27944,0.00
3532,51449,100.00
3533,19356,0.00
3534,31123,100.00
3535,20870,100.00
3536,35887,0.00
3537,28440,100.00
3538,46795,100.00
3539,20239,0.00
3540,28276,100.00
3541,20536,100.00
3542,36637,0.00
3543,42155,100.00
3544,51493,100.00
3545,18448,0.00
3546,18607,100.00
3547,21338,0.00
3548,23219,100.00
3549,23635,100.00
3550,52344,100.00
3551,41310,100.00
3552,49917,0.00
3553,25664,0.00
3554,61339,100.00
3555,20924,0.00
3556,24834,100.00
3557,25097,100.00
3558,28618,0.00
3559,31875,100.00
3560,42232,100.00
3561,50071,100.00
3562,20875,0.00
3563,24306,100.00
3564,44285,100.00
3565,38193,100.00
3566,23324,0.00
3567,19029,100.00
3568,21201,100.00
3569,21979,100.00
3570,45426,0.00
3571,43369,100.00
3572,37784,100.00
3573,22298,0.00
3574,21787,100.00
3575,44929,100.00
3576,40060,0.00
3577,27341,100.00
3578,27291,100.00
3579,18102,0.00
3580,34430,0.00
3581,30168,100.00
3582,25914,100.00
3583,23878,100.00
3584,30049,100.00
3585,28845,0.00
3586,24875,100.00
3587,19624,100.00
3588,36455,0.00
3589,41460,100.00
3590,53543,100.00
3591,20836,0.00
3592,22927,100.00
3593,33692,50.00
3594,24342,0.00
3595,58484,100.00
3596,20266,0.00
3597,21212,0.00
3598,25126,100.00
3599,22703,100.00
3600,33591,100.00
3601,27017,100.00
3602,39953,0.00
3603,22805,0.00
3604,29299,100.00
3605,19679,0.00
3606,39658,100.00
3607,40513,100.00
3608,25754,0.00
3609,30884,100.00
3610,19903,0.00
3611,38185,0.00
3612,38794,100.00
3613,31385,100.00
3614,25321,100.00
3615,48746,100.00
3616,37009,0.00
3617,25964,100.00
3618,48869,50.00
3619,47852,100.00
3620,21454,0.00
3621,32962,100.00
3622,33149,100.00
3623,21541,0.00
3624,23987,100.00
3625,38031,100.00
3626,23029,0.00
3627,28731,0.00
3628,19937,100.00
3629,24439,100.00
3630,22493,100.00
3631,31389,100.00
3632,34319,0.00
3633,28913,100.00
3634,32632,100.00
3635,21686,0.00
3636,45223,100.00
3637,55368,100.00
3638,21920,0.00
3639,31383,100.00
3640,23335,0.00
3641,54916,66.67
3642,21906,0.00
3643,26332,0.00
3644,24151,100.00
3645,24223,100.00
3646,37995,100.00
3647,34330,100.00
3648,20249,0.00
3649,23156,100.00
3650,22169,100.00
3651,22872,100.00
3652,49437,0.00
3653,34185,100.00
3654,22247,0.00
3655,21504,100.00
3656,21549,100.00
3657,50772,0.00
3658,35773,100.00
3659,19938,0.00
3660,21735,100.00
3661,19528,100.00
3662,39566,0.00
3663,32104,100.00
3664,23996,100.00
3665,25898,100.00
3666,40866,100.00
3667,33491,0.00
3668,35811,100.00
3669,80126,50.00
3670,24854,0.00
3671,76311,100.00
3672,73153,0.00
3673,74520,100.00
3674,55016,100.00
3675,74665,0.00
3676,72642,100.00
3677,23974,0.00
3678,63318,100.00
3679,47037,100.00
3680,28854,100.00
3681,28776,100.00
3682,70620,0.00
3683,17631,0.00
3684,16144,0.00
3685,31862,0.00
3686,35353,100.00
3687,69190,0.00
3688,31617,100.00
3689,51982,100.00
3690,51909,100.00
3691,34378,0.00
3692,79664,50.00
3693,71692,100.00
3694,18744,0.00
3695,39878,100.00
3696,26675,100.00
3697,32582,100.00
3698,32875,0.00
3699,43659,100.00
3700,59035,100.00
3701,51801,100.00
3702,54125,100.00
3703,39240,100.00
3704,18745,0.00
3705,24636,100.00
3706,28536,100.00
3707,27834,100.00
3708,27557,0.00
3709,49000,100.00
3710,64870,100.00
3711,64362,0.00
3712,67872,100.00
3713,31926,0.00
3714,25233,100.00
3715,27173,100.00
3716,23762,100.00
3717,24211,100.00
3718,36244,0.00
3719,40673,0.00
3720,70841,100.00
3721,22755,0.00
3722,65256,100.00
3723,40014,100.00
3724,35965,0.00
3725,22938,100.00
3726,33378,100.00
3727,25574,0.00
3728,26632,100.00
3729,28739,100.00
3730,20913,0.00
3731,53037,100.00
3732,44339,0.00
3733,41418,100.00
3734,35490,100.00
3735,24988,100.00
3736,30791,100.00
3737,23510,0.00
3738,22075,50.00
3739,26640,100.00
3740,21481,0.00
3741,42009,100.00
3742,42426,100.00
3743,37298,100.00
3744,40139,100.00
3745,46271,0.00
3746,24252,0.00
3747,24773,100.00
3748,17164,0.00
3749,22913,100.00
3750,22262,100.00
3751,22840,0.00
3752,46396,50.00
3753,75903,100.00
3754,20315,0.00
3755,46768,100.00
3756,36255,100.00
3757,22935,100.00
3758,20542,100.00
3759,22430,0.00
3760,32910,100.00
3761,32496,100.00
3762,19721,0.00
3763,46815,100.00
3764,41692,100.00
3765,24050,0.00
3766,35352,50.00
3767,27255,100.00
3768,20769,0.00
3769,25081,100.00
3770,25142,100.00
3771,30275,0.00
3772,29218,100.00
3773,32882,100.00
3774,37345,100.00
3775,49894,0.00
3776,32528,100.00
3777,34743,100.00
3778,17670,0.00
3779,19754,0.00
3780,22800,100.00
3781,23792,100.00
3782,24764,100.00
3783,46825,0.00
3784,53541,100.00
3785,19498,0.00
3786,37420,100.00
3787,22438,100.00
3788,22977,100.00
3789,24743,100.00
3790,25345,0.00
3791,31628,100.00
3792,20589,0.00
3793,55644,100.00
3794,27632,0.00
3795,40308,100.00
3796,31272,0.00
3797,23769,100.00
3798,22758,100.00
3799,20481,100.00
3800,19205,100.00
3801,38450,0.00
3802,54969,100.00
3803,26276,0.00
3804,33669,100.00
3805,23845,100.00
3806,44346,100.00
3807,38908,0.00
3808,26902,100.00
3809,23473,50.00
3810,23466,0.00
3811,28711,100.00
3812,18743,0.00
3813,39653,100.00
3814,35556,100.00
3815,40518,0.00
3816,33057,100.00
3817,28822,100.00
3818,32698,0.00
3819,21172,50.00
3820,30111,100.00
3821,20571,0.00
3822,23250,100.00
3823,41455,100.00
3824,40490,100.00
3825,36546,100.00
3826,37300,0.00
3827,44459,100.00
3828,30767,100.00
3829,27794,50.00
3830,20415,0.00
3831,32244,100.00
3832,21438,0.00
3833,19459,100.00
3834,37716,100.00
3835,35984,100.00
3836,26564,100.00
3837,34686,0.00
3838,43840,100.00
3839,35824,100.00
3840,21020,0.00
3841,20234,100.00
3842,21855,100.00
3843,24517,100.00
3844,24689,100.00
3845,35146,0.00
3846,38195,100.00
3847,61942,100.00
3848,25290,0.00
3849,26408,100.00
3850,18966,0.00
3851,22356,0.00
3852,25554,100.00
3853,22461,100.00
3854,40266,100.00
3855,45697,0.00
3856,26432,100.00
3857,58997,50.00
3858,22327,0.00
3859,20618,100.00
3860,23997,100.00
3861,19325,100.00
3862,19498,0.00
3863,23273,100.00
3864,27194,100.00
3865,52602,0.00
3866,47221,100.00
3867,50766,100.00
3868,21946,0.00
3869,31327,100.00
3870,22006,100.00
3871,24616,100.00
3872,24887,100.00
3873,32596,0.00
3874,21556,0.00
3875,39551,100.00
3876,21490,0.00
3877,35945,100.00
3878,37521,100.00
3879,55605,0.00
3880,24917,100.00
3881,23042,100.00
3882,30268,100.00
3883,21146,0.00
3884,26014,50.00
3885,44831,100.00
3886,25736,0.00
3887,36771,0.00
3888,25451,100.00
3889,39460,100.00
3890,44638,0.00
3891,23366,100.00
3892,25023,100.00
3893,17619,0.00
3894,24397,100.00
3895,22678,100.00
3896,40765,100.00
3897,38231,100.00
3898,33745,0.00
3899,32312,100.00
3900,39009,100.00
3901,27841,50.00
3902,16925,0.00
3903,21839,100.00
3904,22574,0.00
3905,22837,100.00
3906,35240,100.00
3907,43385,100.00
3908,22996,0.00
3909,34901,100.00
3910,44693,100.00
3911,20517,0.00
3912,31541,0.00
3913,28397,100.00
3914,21776,0.00
3915,23092,0.00
3916,36587,100.00
3917,35510,100.00
3918,29054,100.00
3919,36442,100.00
3920,42504,0.00
3921,49846,100.00
3922,18660,0.00
3923,23526,0.00
3924,21802,100.00
3925,24577,100.00
3926,25595,100.00
3927,25228,100.00
3928,51711,0.00
3929,64529,50.00
3930,40367,100.00
3931,52181,100.00
3932,21024,0.00
3933,26140,100.00
3934,25990,100.00
3935,25786,100.00
3936,32145,0.00
3937,30541,100.00
3938,44613,50.00
3939,64406,100.00
3940,22767,0.00
3941,51142,100.00
3942,42484,100.00
3943,25953,100.00
3944,24748,0.00
3945,19767,100.00
3946,19957,100.00
3947,35857,0.00
3948,62820,100.00
3949,22421,0.00
3950,37011,0.00
3951,27448,100.00
3952,49861,100.00
3953,38684,100.00
3954,46002,0.00
3955,41361,100.00
3956,22268,0.00
3957,25339,100.00
3958,23669,100.00
3959,54892,100.00
3960,47860,100.00
3961,28286,0.00
3962,50289,100.00
3963,41881,100.00
3964,34059,100.00
3965,39954,0.00
3966,56883,50.00
3967,33960,100.00
3968,21505,0.00
3969,52879,0.00
3970,48643,100.00
3971,42526,100.00
3972,62536,0.00
3973,69136,100.00
3974,23430,0.00
3975,45183,100.00
3976,30556,100.00
3977,74173,50.00
3978,25912,0.00
3979,49896,100.00
3980,61310,100.00
3981,62245,0.00
3982,58371,100.00
3983,59795,100.00
3984,57243,100.00
3985,66668,0.00
3986,60566,100.00
3987,19591,0.00
3988,45028,100.00
3989,24885,100.00
3990,27223,100.00
3991,27838,100.00
3992,52980,0.00
3993,42979,100.00
3994,58262,100.00
3995,54483,0.00
3996,62911,50.00
3997,58177,100.00
3998,25028,0.00
3999,28555,100.00
4000,61762,100.00
4001,41535,100.00
4002,48787,0.00
4003,103757,100.00
4004,70941,100.00
4005,30012,0.00
4006,85228,100.00
4007,57450,100.00
4008,49403,0.00
4009,51815,100.00
4010,51162,100.00
4011,30404,100.00
4012,39895,100.00
4013,56015,0.00
4014,59266,100.00
4015,63156,0.00
4016,52585,100.00
4017,69404,100.00
4018,23611,0.00
4019,94498,100.00
4020,65983,100.00
4021,30542,0.00
4022,46004,100.00
4023,58263,50.00
4024,69268,100.00
4025,24983,0.00
4026,64941,0.00
4027,68147,100.00
4028,146471,100.00
4029,57386,100.00
4030,65329,0.00
4031,61020,100.00
4032,45045,100.00
4033,40600,100.00
4034,55457,0.00
4035,45143,100.00
4036,75626,0.00
4037,77966,50.00
4038,20950,0.00
4039,17978,0.00
4040,17430,0.00
4041,21283,0.00
4042,77960,0.00
4043,21867,0.00
4044,19628,0.00
4045,21494,100.00
4046,91672,0.00
4047,37689,0.00
4048,35665,0.00
4049,73873,0.00
4050,20261,0.00
4051,17471,0.00
4052,16705,0.00
4053,16406,0.00
4054,16722,0.00
4055,21554,100.00
4056,75106,0.00
4057,19366,0.00
4058,17122,0.00
4059,52846,0.00
4060,75374,0.00
4061,18318,0.00
4062,15518,0.00
4063,71785,100.00
4064,75885,0.00
4065,19816,0.00
4066,16853,0.00
4067,16400,0.00
4068,74423,100.00
4069,18935,0.00
4070,16871,0.00
4071,16017,0.00
4072,17880618,0.00
4073,57928,100.00
4074,19106,0.00
4075,17913,0.00
4076,17330,0.00
4077,16805,0.00
4078,47152,0.00
4079,83596,0.00
4080,16018,0.00
4081,49088,100.00
4082,69218,0.00
4083,68254,100.00
4084,70099,0.00
4085,16037,0.00
4086,73934,100.00
4087,30911,0.00
4088,7207563,100.00
4089,35271,0.00
4090,16341,0.00
4091,68660,0.00
4092,57392,0.00
4093,76632,100.00
4094,20269,0.00
4095,18149,0.00
4096,73333,0.00
4097,83285,100.00
4098,29756,0.00
4099,77280,0.00
4100,20210,0.00
4101,70056,100.00
4102,19573,0.00
4103,72787,0.00
4104,19144,0.00
4105,69838,33.33
4106,17094,0.00
4107,14353,0.00
4108,13639,0.00
4109,63728,0.00
4110,63344,0.00
4111,57109,0.00
4112,78042,100.00
4113,22755,0.00
4114,19018,0.00
4115,22029,0.00
4116,73361,100.00
4117,49965,0.00
4118,6194357,100.00
4119,47086,0.00
4120,65086,100.00
4121,62301,0.00
4122,59820,0.00
4123,68743,100.00
4124,69657,100.00
4125,19120,0.00
4126,71998,0.00
4127,21205,0.00
4128,71656,0.00
4129,30511,0.00
4130,38900,100.00
4131,30622,100.00
4132,73465,100.00
4133,19089,0.00
4134,35298,0.00
4135,67805,100.00
4136,71583,100.00
4137,46016,0.00
4138,68163,0.00
4139,22981420,100.00
4140,53838,100.00
4141,19486,0.00
4142,17922,0.00
4143,17226,0.00
4144,17200,0.00
4145,72085,0.00
4146,17835,0.00
4147,15810,0.00
4148,30746,0.00
4149,75684,0.00
4150,17229,0.00
4151,15518,0.00
4152,73727,100.00
4153,19615,0.00
4154,17356,0.00
4155,16898,0.00
4156,75822,0.00
4157,20031,0.00
4158,75213,100.00
4159,20761,0.00
4160,18194,0.00
4161,17400,0.00
4162,62334,0.00
4163,69932,100.00
4164,71239,0.00
4165,31774,0.00
4166,17744,0.00
4167,72754,0.00
4168,1798994,0.00
4169,71151,100.00
4170,142048,0.00
4171,18134,0.00
4172,4489777,100.00
4173,45756,0.00
4174,524429,0.00
4175,73345,0.00
4176,70283,0.00
4177,73349,100.00
4178,19097,0.00
4179,17317,0.00
4180,73755,0.00
4181,19614,0.00
4182,70861,0.00
4183,16867,0.00
4184,67797,0.00
4185,46721,100.00
4186,70421,0.00
4187,72610,0.00
4188,41867,100.00
4189,78397,0.00
4190,730265,0.00
4191,65089,100.00
4192,72362,0.00
4193,70980,0.00
4194,73250,0.00
4195,16366,0.00
4196,73985,0.00
4197,18435,0.00
4198,16741,0.00
4199,68485,100.00
4200,19841331,100.00
4201,67679,100.00
4202,18111,0.00
4203,26470,0.00
4204,16429,0.00
4205,16591,0.00
4206,61089,0.00
4207,59932,0.00
4208,73951,0.00
4209,61718,0.00
4210,68155,0.00
4211,1042758,100.00
4212,62245,0.00
4213,78234,0.00
4214,27612,100.00
4215,74785,0.00
4216,19832,0.00
4217,69505,0.00
4218,66992,50.00
4219,71356,0.00
4220,69322,0.00
4221,67931,0.00
4222,73255,100.00
4223,1966494,0.00
4224,36349,0.00
4225,71508,100.00
4226,73126,0.00
4227,20172,0.00
4228,77181,100.00
4229,72269,0.00
4230,72712,0.00
4231,71669,0.00
4232,84154,100.00
4233,74251,0.00
4234,73980,100.00
4235,24453,0.00
4236,74136,0.00
4237,21946,0.00
4238,71748,100.00
4239,72284,0.00
4240,60940,0.00
4241,67161,100.00
4242,71342,0.00
4243,70302,100.00
4244,68378,0.00
4245,64084,0.00
4246,49828,0.00
4247,1644470,0.00
4248,70350,50.00
4249,72112,0.00
4250,89450,0.00
4251,72133,100.00
4252,20778,0.00
4253,53145,0.00
4254,71136,0.00
4255,28048,0.00
4256,39149,100.00
4257,419107,0.00
4258,47955,100.00
4259,72838,0.00
4260,18987,0.00
4261,17584,0.00
4262,17141,0.00
4263,21117,100.00
4264,72334,0.00
4265,16666,0.00
4266,21094,100.00
4267,72830,0.00
4268,71404,0.00
4269,64939,100.00
4270,75892,0.00
4271,205621,0.00
4272,74864,0.00
4273,71331,100.00
4274,22697,0.00
4275,82766,0.00
4276,37067,100.00
4277,71908,0.00
4278,72282,0.00
4279,67262,100.00
4280,92129,0.00
4281,61818,100.00
4282,72973,0.00
4283,76120,0.00
4284,77876,100.00
4285,26050,0.00
4286,76275,0.00
4287,71798,0.00
4288,74274,100.00
4289,71883,0.00
4290,77058,0.00
4291,69290,100.00
4292,59207,0.00
4293,52678,100.00
4294,61836,50.00
4295,63212,0.00
4296,45588,0.00
4297,63075,50.00
4298,65764,0.00
4299,71976,100.00
4300,36105,0.00
4301,25386,100.00
4302,67592,0.00
4303,34866,0.00
4304,65647,100.00
4305,2821030,100.00
4306,19832,0.00
4307,74034,0.00
4308,18307,0.00
4309,73895,0.00
4310,20643,0.00
4311,26658,100.00
4312,62434,100.00
4313,71181,50.00
4314,23078,0.00
4315,63140,0.00
4316,40615,100.00
4317,30761,100.00
4318,35876,100.00
4319,67658,0.00
4320,66894,100.00
4321,18654,0.00
4322,32363,0.00
4323,49333,100.00
4324,44376,100.00
4325,38747,100.00
4326,47183,100.00
4327,42409,0.00
4328,30082,100.00
4329,56028,100.00
4330,45503,100.00
4331,69090,0.00
4332,98665,0.00
4333,71420,66.67
4334,21822,0.00
4335,55089,100.00
4336,50029,0.00
4337,40392,100.00
4338,67083,0.00
4339,37935,100.00
4340,39992,100.00
4341,32707,0.00
4342,43214,100.00
4343,26475,0.00
4344,25125,100.00
4345,29788,100.00
4346,30316,100.00
4347,45664,100.00
4348,48412,0.00
4349,53994,100.00
4350,45844,50.00
4351,62566,100.00
4352,36218,0.00
4353,43608,100.00
4354,61201,0.00
4355,31171,100.00
4356,72477,0.00
4357,27140,0.00
4358,68174,100.00
4359,68348,0.00
4360,55043,100.00
4361,26416,100.00
4362,34693,100.00
4363,28878,0.00
4364,26100,100.00
4365,57886,100.00
4366,43257,100.00
4367,30049,100.00
4368,34402,0.00
4369,51474,100.00
4370,38389,100.00
4371,81866,100.00
4372,83077,0.00
4373,32998,0.00
4374,27445,100.00
4375,37131,100.00
4376,25614,100.00
4377,55083,0.00
4378,44249,100.00
4379,43877,100.00
4380,22570,0.00
4381,24757,100.00
4382,43124,100.00
4383,37190,100.00
4384,30863,0.00
4385,28381,100.00
4386,38475,100.00
4387,42595,100.00
4388,42691,0.00
4389,39144,100.00
4390,21440,0.00
4391,28637,100.00
4392,46425,0.00
4393,46812,100.00
4394,53104,100.00
4395,32875,0.00
4396,63970,100.00
4397,19322,0.00
4398,23041,0.00
4399,34809,100.00
4400,40432,50.00
4401,22590,0.00
4402,24396,100.00
4403,55673,100.00
4404,35977,0.00
4405,27258,100.00
4406,39994,100.00
4407,65436,100.00
4408,22419,0.00
4409,23993,100.00
4410,24282,100.00
4411,21226,100.00
4412,24452,0.00
4413,27194,100.00
4414,46790,100.00
4415,39458,100.00
4416,59998,0.00
4417,66798,100.00
4418,22569,0.00
4419,39239,100.00
4420,79841,0.00
4421,26655,100.00
4422,65027,100.00
4423,111087,0.00
4424,62327,100.00
4425,73530,0.00
4426,21428,0.00
4427,70304,0.00
4428,65638,0.00
4429,73834,100.00
4430,19824,0.00
4431,70641,0.00
4432,34664,0.00
4433,72105,100.00
4434,87743,100.00
4435,25290,0.00
4436,50221,0.00
4437,78280,100.00
4438,41891,0.00
4439,24908,100.00
4440,70907,0.00
4441,67695,100.00
4442,47001,100.00
4443,24754,0.00
4444,61870,100.00
4445,62724,0.00
4446,63540,100.00
4447,53583,100.00
4448,69625,100.00
4449,36198,0.00
4450,25170,100.00
4451,67346,0.00
4452,42744,100.00
4453,39673,100.00
4454,21724,0.00
4455,42449,100.00
4456,39848,0.00
4457,30531,100.00
4458,25476,100.00
4459,26129,100.00
4460,36939,100.00
4461,42334,0.00
4462,23944,100.00
4463,24658,100.00
4464,51080,0.00
4465,66606,100.00
4466,20366,0.00
4467,34945,100.00
4468,36050,100.00
4469,28361,0.00
4470,42845,100.00
4471,50435,100.00
4472,21890,0.00
4473,23955,100.00
4474,25610,0.00
4475,22620,100.00
4476,49687,100.00
4477,40419,100.00
4478,39763,100.00
4479,41299,0.00
4480,40107,100.00
4481,21258,0.00
4482,52983,0.00
4483,53783,50.00
4484,62378,100.00
4485,24563,0.00
4486,22696,100.00
4487,49121,100.00
4488,45898,100.00
4489,31104,100.00
4490,27280,0.00
4491,48536,100.00
4492,39392,100.00
4493,28679,100.00
4494,41191,0.00
4495,29464,100.00
4496,66191,100.00
4497,21182,0.00
4498,30416,100.00
4499,22758,0.00
4500,25427,100.00
4501,32654,100.00
4502,25565,0.00
4503,43765,100.00
4504,29005,0.00
4505,26473,100.00
4506,28472,100.00
4507,37999,100.00
4508,39757,100.00
4509,34651,0.00
4510,34360,100.00
4511,49374,100.00
4512,23166,0.00
4513,64612,100.00
4514,23825,0.00
4515,47318,0.00
4516,24858,0.00
4517,54336,100.00
4518,18493,0.00
4519,26371,100.00
4520,22130,100.00
4521,26411,0.00
4522,25572,100.00
4523,49700,100.00
4524,32402,100.00
4525,26400,100.00
4526,26859,0.00
4527,32328,100.00
4528,45588,100.00
4529,61787,0.00
4530,37940,100.00
4531,39187,100.00
4532,20092,0.00
4533,48337,0.00
4534,43989,50.00
4535,45901,100.00
4536,20977,0.00
4537,26351,100.00
4538,42682,100.00
4539,36347,100.00
4540,23927,0.00
4541,24114,100.00
4542,29991,100.00
4543,44484,100.00
4544,39670,100.00
4545,36560,0.00
4546,37841,100.00
4547,22524,0.00
4548,49793,100.00
4549,36416,100.00
4550,41565,0.00
4551,32322,100.00
4552,20500,0.00
4553,44491,100.00
4554,38888,0.00
4555,26107,100.00
4556,21658,100.00
4557,34150,0.00
4558,65663,100.00
4559,22926,0.00
4560,22437,100.00
4561,21999,100.00
4562,36959,0.00
4563,58865,100.00
4564,25571,0.00
4565,22982,0.00
4566,20630,100.00
4567,24445,100.00
4568,23407,100.00
4569,38942,100.00
4570,40616,0.00
4571,33833,100.00
4572,34014,100.00
4573,32441,100.00
4574,46200,0.00
4575,34794,100.00
4576,22140,0.00
4577,23402,100.00
4578,48321,100.00
4579,48851,0.00
4580,22094,100.00
4581,27058,100.00
4582,20536,0.00
4583,25058,100.00
4584,37444,100.00
4585,35497,100.00
4586,23072,100.00
4587,22135,0.00
4588,23911,100.00
4589,23257,100.00
4590,44433,100.00
4591,62069,0.00
4592,46926,50.00
4593,22633,0.00
4594,24456,100.00
4595,47093,100.00
4596,54383,0.00
4597,39173,100.00
4598,21998,0.00
4599,21273,0.00
4600,39681,100.00
4601,35452,100.00
4602,26372,100.00
4603,26082,100.00
4604,24261,0.00
4605,45454,100.00
4606,32495,100.00
4607,24113,100.00
4608,36751,0.00
4609,26970,50.00
4610,56240,0.00
4611,46887,100.00
4612,19383,0.00
4613,38973,100.00
4614,25783,0.00
4615,55368,50.00
4616,50501,100.00
4617,21185,0.00
4618,23851,0.00
4619,23534,100.00
4620,36511,100.00
4621,34170,100.00
4622,26604,100.00
4623,24920,0.00
4624,31739,100.00
4625,23321,100.00
4626,43109,100.00
4627,23419,0.00
4628,34748,100.00
4629,40222,0.00
4630,38133,100.00
4631,24426,0.00
4632,32473,100.00
4633,32061,100.00
4634,25992,0.00
4635,32962,100.00
4636,30639,100.00
4637,25120,100.00
4638,34181,100.00
4639,22670,0.00
4640,52277,100.00
4641,25365,0.00
4642,22530,0.00
4643,31883,100.00
4644,26133,50.00
4645,22603,0.00
4646,22990,100.00
4647,40647,100.00
4648,30094,0.00
4649,23413,100.00
4650,24750,100.00
4651,28573,100.00
4652,31714,100.00
4653,33933,0.00
4654,27123,100.00
4655,33101,100.00
4656,24027,0.00
4657,36907,100.00
4658,57704,100.00
4659,17950,0.00
4660,34106,0.00
4661,51750,100.00
4662,18514,0.00
4663,29184,100.00
4664,22669,0.00
4665,25239,100.00
4666,24455,100.00
4667,39467,100.00
4668,29203,100.00
4669,25799,0.00
4670,27359,100.00
4671,23922,100.00
4672,50366,100.00
4673,52167,0.00
4674,28107,100.00
4675,32271,100.00
4676,20134,0.00
4677,41460,0.00
4678,41094,0.00
4679,36558,100.00
4680,22332,0.00
4681,23072,100.00
4682,33251,100.00
4683,27979,0.00
4684,28813,100.00
4685,27899,100.00
4686,25202,100.00
4687,36270,100.00
4688,36359,0.00
4689,33964,100.00
4690,24226,50.00
4691,60879,100.00
4692,25010,0.00
4693,34451,100.00
4694,36762,100.00
4695,36767,0.00
4696,47104,50.00
4697,21726,0.00
4698,32140,100.00
4699,22600,100.00
4700,23439,100.00
4701,36854,0.00
4702,47760,100.00
4703,60722,100.00
4704,20969,0.00
4705,21152,100.00
4706,34444,100.00
4707,53820,100.00
4708,23203,0.00
4709,31169,100.00
4710,23675,100.00
4711,22938,100.00
4712,23103,0.00
4713,23399,100.00
4714,44377,100.00
4715,39452,100.00
4716,24946,100.00
4717,39612,0.00
4718,45373,50.00
4719,24273,0.00
4720,29915,100.00
4721,27177,100.00
4722,29252,0.00
4723,36979,0.00
4724,40704,100.00
4725,25906,50.00
4726,20468,0.00
4727,22603,100.00
4728,24414,100.00
4729,42303,0.00
4730,36924,100.00
4731,24527,100.00
4732,22527,100.00
4733,21871,100.00
4734,31086,0.00
4735,35050,100.00
4736,35444,100.00
4737,34925,0.00
4738,38331,100.00
4739,42458,50.00
4740,22243,0.00
4741,39856,100.00
4742,37596,100.00
4743,26188,0.00
4744,39712,100.00
4745,18860,0.00
4746,27515,0.00
4747,26101,100.00
4748,24244,100.00
4749,33163,100.00
4750,34317,100.00
4751,24540,0.00
4752,22047,100.00
4753,24417,100.00
4754,34615,0.00
4755,58965,100.00
4756,34256,0.00
4757,22774,0.00
4758,25306,100.00
4759,34008,100.00
4760,59615,100.00
4761,20066,0.00
4762,20617,100.00
4763,24281,0.00
4764,22654,100.00
4765,39171,100.00
4766,31466,100.00
4767,27454,100.00
4768,24173,0.00
4769,22675,100.00
4770,42121,100.00
4771,43322,0.00
4772,29471,100.00
4773,20598,0.00
4774,27916,0.00
4775,35233,100.00
4776,32694,100.00
4777,43930,0.00
4778,34245,66.67
4779,30721,0.00
4780,41657,0.00
4781,39975,100.00
4782,22081,100.00
4783,35490,0.00
4784,31865,100.00
4785,19627,0.00
4786,46584,100.00
4787,34483,100.00
4788,39058,0.00
4789,38192,50.00
4790,60447,100.00
4791,25670,0.00
4792,23706,100.00
4793,22045,100.00
4794,24214,100.00
4795,25361,100.00
4796,25641,0.00
4797,51737,100.00
4798,46344,100.00
4799,52497,0.00
4800,26795,100.00
4801,58297,100.00
4802,26959,0.00
4803,24355,100.00
4804,24445,100.00
4805,22680,100.00
4806,36702,0.00
4807,63995,100.00
4808,21271,0.00
4809,36286,100.00
4810,28166,100.00
4811,32161,100.00
4812,51427,100.00
4813,58634,0.00
4814,26377,100.00
4815,26123,100.00
4816,22719,100.00
4817,34824,100.00
4818,47038,0.00
4819,50381,66.67
4820,19855,0.00
4821,24558,0.00
4822,22259,100.00
4823,54850,100.00
4824,30155,0.00
4825,34732,100.00
4826,22562,0.00
4827,21798,0.00
4828,40833,100.00
4829,31564,100.00
4830,27109,100.00
4831,25689,100.00
4832,33796,0.00
4833,32851,100.00
4834,23466,100.00
4835,31256,0.00
4836,34356,100.00
4837,22299,0.00
4838,40719,0.00
4839,31823,100.00
4840,41531,100.00
4841,35229,0.00
4842,45096,66.67
4843,25061,0.00
4844,24798,100.00
4845,23442,100.00
4846,35074,0.00
4847,40322,100.00
4848,20057,0.00
4849,32526,0.00
4850,25371,100.00
4851,23602,100.00
4852,36317,100.00
4853,60330,100.00
4854,21823,0.00
4855,21886,100.00
4856,22719,100.00
4857,24172,0.00
4858,24782,100.00
4859,30516,100.00
4860,54537,100.00
4861,42861,100.00
4862,41437,0.00
4863,39807,100.00
4864,51029,50.00
4865,36065,100.00
4866,21714,0.00
4867,24478,100.00
4868,39898,0.00
4869,45324,100.00
4870,24551,100.00
4871,23523,0.00
4872,28505,100.00
4873,21801,0.00
4874,36280,100.00
4875,35028,100.00
4876,23412,0.00
4877,20766,100.00
4878,24663,100.00
4879,24599,100.00
4880,38585,100.00
4881,44812,0.00
4882,60896,100.00
4883,35999,0.00
4884,26502,100.00
4885,57992,100.00
4886,22383,0.00
4887,39527,0.00
4888,37891,50.00
4889,24380,0.00
4890,23281,100.00
4891,51483,100.00
4892,25669,0.00
4893,25842,0.00
4894,25756,100.00
4895,47631,100.00
4896,40803,100.00
4897,26796,100.00
4898,22242,0.00
4899,23328,100.00
4900,37614,100.00
4901,47046,0.00
4902,59734,100.00
4903,26963,0.00
4904,26843,0.00
4905,23772,100.00
4906,58891,100.00
4907,53760,100.00
4908,18836,0.00
4909,25750,100.00
4910,24188,0.00
4911,37828,100.00
4912,30948,100.00
4913,35362,100.00
4914,29826,100.00
4915,32743,0.00
4916,34592,100.00
4917,41971,50.00
4918,30209,100.00
4919,20641,0.00
4920,27584,100.00
4921,42933,0.00
4922,35529,100.00
4923,48171,100.00
4924,29438,0.00
4925,56540,100.00
4926,21974,0.00
4927,35768,0.00
4928,24123,100.00
4929,36848,100.00
4930,30760,0.00
4931,48396,100.00
4932,21235,0.00
4933,37330,100.00
4934,23722,100.00
4935,35252,0.00
4936,50466,50.00
4937,22174,0.00
4938,32775,100.00
4939,24481,100.00
4940,25886,100.00
4941,37492,0.00
4942,26645,100.00
4943,38223,100.00
4944,38887,100.00
4945,58622,100.00
4946,26826,0.00
4947,52764,100.00
4948,48047,100.00
4949,20981,0.00
4950,25184,100.00
4951,25695,100.00
4952,32106,0.00
4953,23689,50.00
4954,60616,100.00
4955,24931,0.00
4956,28152,100.00
4957,23215,100.00
4958,48237,100.00
4959,36352,100.00
4960,36093,0.00
4961,22720,100.00
4962,21893,100.00
4963,23774,100.00
4964,47331,0.00
4965,52717,50.00
4966,21102,0.00
4967,24552,100.00
4968,22295,100.00
4969,49563,100.00
4970,41153,0.00
4971,27990,100.00
4972,33143,100.00
4973,18602,0.00
4974,36521,0.00
4975,35487,100.00
4976,29055,100.00
4977,25905,100.00
4978,33856,100.00
4979,40277,0.00
4980,31784,100.00
4981,24390,100.00
4982,34754,0.00
4983,27859,50.00
4984,61375,100.00
4985,21257,0.00
4986,36675,100.00
4987,41896,100.00
4988,51633,0.00
4989,62000,66.67
4990,20222,0.00
4991,22938,100.00
4992,22745,100.00
4993,35644,0.00
4994,55691,100.00
4995,20978,0.00
4996,31005,0.00
4997,21007,100.00
4998,23792,100.00
4999,37310,0.00
5000,68331,100.00
5001,44962,100.00
5002,16905,0.00
5003,23357,100.00
5004,24526,0.00
5005,24006,100.00
5006,51841,100.00
5007,45385,100.00
5008,25584,100.00
5009,49661,0.00
5010,44592,100.00
5011,39043,50.00
5012,28586,0.00
5013,41308,100.00
5014,20482,0.00
5015,32806,0.00
5016,31899,100.00
5017,20769,100.00
5018,25575,0.00
5019,29876,100.00
5020,22335,0.00
5021,41509,100.00
5022,31855,100.00
5023,23128,0.00
5024,25128,100.00
5025,24274,100.00
5026,41246,100.00
5027,38824,100.00
5028,32630,0.00
5029,34901,100.00
5030,28729,100.00
5031,28351,0.00
5032,38012,100.00
5033,36397,100.00
5034,35283,0.00
5035,22771,0.00
5036,45659,100.00
5037,18887,0.00
5038,27543,100.00
5039,22903,100.00
5040,24433,0.00
5041,38563,100.00
5042,30475,100.00
5043,25078,100.00
5044,26855,100.00
5045,22850,0.00
5046,31413,100.00
5047,40257,100.00
5048,45694,0.00
5049,34991,100.00
5050,20561,0.00
5051,20847,100.00
5052,51561,0.00
5053,35551,100.00
5054,20748,0.00
5055,23429,100.00
5056,21253,0.00
5057,42664,100.00
5058,30358,100.00
5059,24488,100.00
5060,24711,100.00
5061,40437,0.00
5062,35553,100.00
5063,33420,50.00
5064,25001,0.00
5065,31099,100.00
5066,22210,0.00
5067,47321,100.00
5068,39940,100.00
5069,31455,0.00
5070,45223,100.00
5071,20729,0.00
5072,34102,0.00
5073,23060,100.00
5074,32065,50.00
5075,29397,100.00
5076,21494,0.00
5077,38131,100.00
5078,31549,100.00
5079,23640,100.00
5080,35423,0.00
5081,51320,100.00
5082,24544,0.00
5083,26998,100.00
5084,21860,100.00
5085,24499,100.00
5086,24116,0.00
5087,24881,100.00
5088,46472,100.00
5089,42000,100.00
5090,52018,100.00
5091,45420,0.00
5092,41754,100.00
5093,48849,100.00
5094,23530,0.00
5095,24798,100.00
5096,22257,100.00
5097,32849,0.00
5098,46017,66.67
5099,18839,0.00
5100,32301,0.00
5101,26488,100.00
5102,29214,100.00
5103,41716,100.00
5104,35398,100.00
5105,25045,0.00
5106,24123,100.00
5107,23052,100.00
5108,35424,100.00
5109,47736,0.00
5110,47057,100.00
5111,41842,100.00
5112,19008,0.00
5113,30779,0.00
5114,44471,50.00
5115,26942,0.00
5116,31507,100.00
5117,20990,0.00
5118,21311,100.00
5119,35951,0.00
5120,29623,100.00
5121,25682,100.00
5122,25384,100.00
5123,35586,100.00
5124,36447,0.00
5125,23641,100.00
5126,21169,100.00
5127,36439,0.00
5128,54621,66.67
5129,22502,0.00
5130,36830,0.00
5131,22727,100.00
5132,37969,100.00
5133,32333,0.00
5134,44948,100.00
5135,20189,0.00
5136,22019,0.00
5137,24715,100.00
5138,21710,100.00
5139,36665,100.00
5140,29914,100.00
5141,39904,0.00
5142,27231,50.00
5143,19597,0.00
5144,22803,100.00
5145,40449,100.00
5146,40159,0.00
5147,38284,100.00
5148,22715,0.00
5149,24658,100.00
5150,41421,100.00
5151,38814,100.00
5152,41963,100.00
5153,25376,0.00
5154,41013,100.00
5155,32063,100.00
5156,25584,100.00
5157,31974,0.00
5158,31399,100.00
5159,52365,100.00
5160,20128,0.00
5161,31155,0.00
5162,21458,100.00
5163,32036,50.00
5164,21922,0.00
5165,40841,100.00
5166,34963,100.00
5167,21714,100.00
5168,25411,100.00
5169,25075,0.00
5170,33086,100.00
5171,38896,100.00
5172,36762,100.00
5173,27941,100.00
5174,47856,0.00
5175,45470,100.00
5176,23425,0.00
5177,40420,100.00
5178,25614,100.00
5179,37768,0.00
5180,44771,100.00
5181,20692,0.00
5182,31984,100.00
5183,27500,100.00
5184,25713,100.00
5185,24318,100.00
5186,41446,0.00
5187,30664,100.00
5188,20919,100.00
5189,28340,100.00
5190,21939,100.00
5191,42039,0.00
5192,52179,100.00
5193,28034,100.00
5194,30083,100.00
5195,18556,0.00
5196,37401,50.00
5197,36259,0.00
5198,26235,100.00
5199,27817,100.00
5200,18298,0.00
5201,29353,100.00
5202,26018,0.00
5203,28389,100.00
5204,25938,100.00
5205,23992,100.00
5206,41859,100.00
5207,37730,0.00
5208,37403,100.00
5209,30723,50.00
5210,21497,0.00
5211,31552,100.00
5212,30374,100.00
5213,36586,100.00
5214,28734,0.00
5215,42341,100.00
5216,19736,0.00
5217,28311,100.00
5218,22392,0.00
5219,33346,100.00
5220,27014,50.00
5221,48057,100.00
5222,20502,0.00
5223,30771,100.00
5224,38096,100.00
5225,35621,100.00
5226,51999,100.00
5227,27440,0.00
5228,25900,100.00
5229,20849,0.00
5230,24070,100.00
5231,22717,100.00
5232,23244,100.00
5233,43441,100.00
5234,39877,0.00
5235,25666,100.00
5236,46876,100.00
5237,53247,0.00
5238,26399,50.00
5239,32318,100.00
5240,22721,0.00
5241,22245,100.00
5242,53236,100.00
5243,52926,0.00
5244,23226,50.00
5245,26549,100.00
5246,22168,0.00
5247,23580,100.00
5248,47481,100.00
5249,35027,100.00
5250,25581,100.00
5251,23964,0.00
5252,22534,100.00
5253,24625,100.00
5254,54029,0.00
5255,66204,100.00
5256,46081,100.00
5257,22515,0.00
5258,21976,100.00
5259,46154,100.00
5260,51216,0.00
5261,40569,100.00
5262,22619,0.00
5263,21864,0.00
5264,41511,100.00
5265,35015,100.00
5266,27317,100.00
5267,25336,100.00
5268,39988,0.00
5269,36970,100.00
5270,22762,100.00
5271,21288,100.00
5272,36637,0.00
5273,46856,100.00
5274,53176,50.00
5275,33677,0.00
5276,22210,100.00
5277,39678,0.00
5278,33618,100.00
5279,56691,100.00
5280,20478,0.00
5281,20936,100.00
5282,24583,100.00
5283,22649,100.00
5284,41367,100.00
5285,32669,0.00
5286,27454,100.00
5287,33136,100.00
5288,21988,0.00
5289,40332,100.00
5290,19608,0.00
5291,30711,100.00
5292,33079,100.00
5293,26401,0.00
5294,38779,100.00
5295,24195,0.00
5296,36214,0.00
5297,30991,100.00
5298,24155,100.00
5299,35796,100.00
5300,35496,100.00
5301,25621,0.00
5302,37185,100.00
5303,43445,50.00
5304,21582,0.00
5305,31109,100.00
5306,24130,100.00
5307,33018,0.00
5308,30352,100.00
5309,22098,0.00
5310,34871,0.00
5311,34343,100.00
5312,22045,100.00
5313,22904,100.00
5314,23310,100.00
5315,27643,0.00
5316,35569,100.00
5317,39650,100.00
5318,29738,100.00
5319,37452,0.00
5320,23859,100.00
5321,56525,100.00
5322,22303,0.00
5323,23397,100.00
5324,29152,0.00
5325,21990,50.00
5326,54842,100.00
5327,19177,0.00
5328,21720,100.00
5329,24019,100.00
5330,24188,100.00
5331,45884,100.00
5332,31870,0.00
5333,21712,100.00
5334,23947,100.00
5335,23132,100.00
5336,48692,0.00
5337,51689,100.00
5338,27749,0.00
5339,29475,100.00
5340,29277,0.00
5341,40212,100.00
5342,38997,0.00
5343,32339,100.00
5344,22655,0.00
5345,21574,100.00
5346,32908,0.00
5347,26257,100.00
5348,28480,100.00
5349,25226,100.00
5350,23666,100.00
5351,35841,0.00
5352,32809,100.00
5353,32524,100.00
5354,24399,0.00
5355,28777,50.00
5356,56783,100.00
5357,20466,0.00
5358,49042,100.00
5359,37948,0.00
5360,53913,100.00
5361,19761,0.00
5362,30259,100.00
5363,22207,100.00
5364,23354,100.00
5365,34469,0.00
5366,50701,100.00
5367,20690,0.00
5368,29759,0.00
5369,21157,100.00
5370,36137,100.00
5371,49717,100.00
5372,24343,0.00
5373,25519,100.00
5374,20236,100.00
5375,23096,100.00
5376,23081,0.00
5377,23606,100.00
5378,46838,100.00
5379,47002,100.00
5380,25218,100.00
5381,47074,0.00
5382,50287,100.00
5383,25336,0.00
5384,32508,100.00
5385,35850,0.00
5386,33802,100.00
5387,30385,0.00
5388,39179,100.00
5389,28158,100.00
5390,20146,0.00
5391,24426,100.00
5392,24416,100.00
5393,38389,100.00
5394,30453,100.00
5395,21134,0.00
5396,24526,100.00
5397,22242,100.00
5398,33661,100.00
5399,32589,100.00
5400,28033,0.00
5401,32373,50.00
5402,30883,100.00
5403,20948,0.00
5404,41150,100.00
5405,42226,100.00
5406,34558,0.00
5407,23561,0.00
5408,39953,100.00
5409,19277,0.00
5410,24531,100.00
5411,23506,100.00
5412,23824,0.00
5413,34358,100.00
5414,31692,100.00
5415,22098,100.00
5416,22072,100.00
5417,33862,0.00
5418,42208,100.00
5419,46947,100.00
5420,33785,100.00
5421,20900,0.00
5422,25854,100.00
5423,37090,0.00
5424,55439,100.00
5425,21676,0.00
5426,24744,100.00
5427,24888,100.00
5428,22331,0.00
5429,39924,100.00
5430,31542,100.00
5431,26757,100.00
5432,25618,100.00
5433,25602,0.00
5434,44056,100.00
5435,44742,100.00
5436,22783,0.00
5437,39948,100.00
5438,22280,0.00
5439,35294,0.00
5440,35297,100.00
5441,51338,100.00
5442,32532,100.00
5443,21106,0.00
5444,40870,100.00
5445,38304,0.00
5446,23819,100.00
5447,37657,50.00
5448,29657,100.00
5449,20804,0.00
5450,37417,100.00
5451,31080,100.00
5452,41345,100.00
5453,35740,0.00
5454,59649,100.00
5455,26014,0.00
5456,27105,0.00
5457,21018,100.00
5458,24592,100.00
5459,23301,100.00
5460,24039,100.00
5461,47373,0.00
5462,39866,100.00
5463,47661,100.00
5464,25454,0.00
5465,33535,100.00
5466,45021,100.00
5467,22812,0.00
5468,24437,100.00
5469,22289,0.00
5470,31752,100.00
5471,42340,50.00
5472,18448,0.00
5473,32680,100.00
5474,26964,100.00
5475,24045,0.00
5476,39854,100.00
5477,30903,100.00
5478,24981,100.00
5479,22767,100.00
5480,21820,0.00
5481,34488,100.00
5482,38544,100.00
5483,49370,100.00
5484,19672,0.00
5485,25128,100.00
5486,24185,100.00
5487,55389,0.00
5488,42020,50.00
5489,40218,100.00
5490,22145,0.00
5491,21059,100.00
5492,42243,100.00
5493,32303,100.00
5494,26390,0.00
5495,25086,100.00
5496,37127,100.00
5497,33970,100.00
5498,22787,100.00
5499,30099,0.00
5500,30735,50.00
5501,22974,0.00
5502,37608,100.00
5503,29964,100.00
5504,40143,100.00
5505,35600,0.00
5506,47927,100.00
5507,20876,0.00
5508,25720,0.00
5509,21990,100.00
5510,35087,100.00
5511,39820,50.00
5512,19705,0.00
5513,28840,100.00
5514,23234,100.00
5515,23994,100.00
5516,34868,0.00
5517,51541,100.00
5518,19788,0.00
5519,20696,0.00
5520,20926,100.00
5521,22184,100.00
5522,23227,100.00
5523,35499,100.00
5524,36208,0.00
5525,32326,100.00
5526,36103,100.00
5527,45973,100.00
5528,23065,0.00
5529,28257,66.67
5530,21697,0.00
5531,20738,100.00
5532,36285,0.00
5533,38432,100.00
5534,21205,0.00
5535,24658,100.00
5536,21006,0.00
5537,24059,100.00
5538,32986,0.00
5539,27463,100.00
5540,20758,100.00
5541,22897,100.00
5542,22217,100.00
5543,22985,0.00
5544,35577,100.00
5545,35350,100.00
5546,50416,0.00
5547,26335,100.00
5548,53029,100.00
5549,21480,0.00
5550,33997,100.00
5551,34994,100.00
5552,24422,0.00
5553,23771,50.00
5554,50400,100.00
5555,20086,0.00
5556,28521,100.00
5557,25315,0.00
5558,31622,100.00
5559,31611,100.00
5560,27863,100.00
5561,20600,100.00
5562,23503,0.00
5563,35580,100.00
5564,33685,100.00
5565,33456,0.00
5566,33151,100.00
5567,22817,0.00
5568,20577,100.00
5569,41618,0.00
5570,52395,100.00
5571,20545,0.00
5572,24342,100.00
5573,22109,100.00
5574,33283,100.00
5575,29681,100.00
5576,33528,0.00
5577,26586,100.00
5578,24258,100.00
5579,38440,100.00
5580,42621,0.00
5581,29688,50.00
5582,31742,100.00
5583,22219,0.00
5584,24632,100.00
5585,42301,100.00
5586,43102,0.00
5587,29979,100.00
5588,44238,100.00
5589,20764,0.00
5590,35916,100.00
5591,23725,100.00
5592,33722,0.00
5593,32374,66.67
5594,17958,0.00
5595,35209,100.00
5596,32813,0.00
5597,23379,100.00
5598,35560,100.00
5599,49042,100.00
5600,22661,0.00
5601,29542,100.00
5602,23922,100.00
5603,22240,100.00
5604,21363,0.00
5605,25099,100.00
5606,34969,100.00
5607,40621,100.00
5608,35419,100.00
5609,38542,0.00
5610,44972,100.00
5611,21052,0.00
5612,31372,100.00
5613,25683,100.00
5614,28331,100.00
5615,32758,0.00
5616,22365,100.00
5617,32622,100.00
5618,42347,100.00
5619,21877,0.00
5620,24144,100.00
5621,34376,100.00
5622,35015,100.00
5623,27848,0.00
5624,22245,100.00
5625,25353,100.00
5626,24002,100.00
5627,33525,0.00
5628,41756,100.00
5629,45768,0.00
5630,37463,100.00
5631,19314,0.00
5632,32138,100.00
5633,43250,0.00
5634,32622,50.00
5635,21530,0.00
5636,23060,100.00
5637,21164,100.00
5638,34781,100.00
5639,30182,100.00
5640,24727,0.00
5641,25258,100.00
5642,37522,100.00
5643,35980,100.00
5644,22845,100.00
5645,30071,0.00
5646,26541,100.00
5647,48238,50.00
5648,22296,0.00
5649,38423,100.00
5650,24446,100.00
5651,36560,0.00
5652,32226,100.00
5653,53608,100.00
5654,20465,0.00
5655,21918,100.00
5656,25509,100.00
5657,33625,0.00
5658,55809,66.67
5659,20012,0.00
5660,21131,100.00
5661,20332,100.00
5662,23729,0.00
5663,50613,100.00
5664,47751,100.00
5665,21395,0.00
5666,21050,100.00
5667,21642,100.00
5668,22968,100.00
5669,46632,100.00
5670,41138,0.00
5671,36005,100.00
5672,39293,100.00
5673,40198,100.00
5674,36431,100.00
5675,25917,0.00
5676,31338,66.67
5677,21536,0.00
5678,45063,0.00
5679,35677,100.00
5680,36003,100.00
5681,22342,0.00
5682,29563,100.00
5683,23012,0.00
5684,36135,0.00
5685,39124,100.00
5686,22889,100.00
5687,21655,100.00
5688,23337,100.00
5689,22731,0.00
5690,44387,100.00
5691,50454,100.00
5692,52015,100.00
5693,27615,0.00
5694,39744,100.00
5695,22642,0.00
5696,33875,100.00
5697,25286,0.00
5698,42817,100.00
5699,21004,0.00
5700,47842,100.00
5701,19403,0.00
5702,26519,100.00
5703,25053,0.00
5704,24161,100.00
5705,44172,100.00
5706,38420,100.00
5707,23707,100.00
5708,23805,0.00
5709,22817,100.00
5710,33436,100.00
5711,45805,0.00
5712,57175,100.00
5713,37714,100.00
5714,20078,0.00
5715,21669,100.00
5716,50844,0.00
5717,35754,100.00
5718,20082,0.00
5719,22919,100.00
5720,20709,100.00
5721,40044,100.00
5722,33271,0.00
5723,26654,100.00
5724,24216,100.00
5725,39884,100.00
5726,35104,100.00
5727,34843,0.00
5728,26825,66.67
5729,19366,0.00
5730,24137,0.00
5731,36627,100.00
5732,31058,100.00
5733,40480,0.00
5734,24590,100.00
5735,55595,100.00
5736,21450,0.00
5737,22126,100.00
5738,23569,0.00
5739,38488,50.00
5740,47103,100.00
5741,19884,0.00
5742,32497,100.00
5743,24165,100.00
5744,24657,100.00
5745,36817,0.00
5746,53734,100.00
5747,19955,0.00
5748,21289,100.00
5749,21177,0.00
5750,20665,100.00
5751,22980,100.00
5752,35185,100.00
5753,34739,100.00
5754,30490,0.00
5755,34443,100.00
5756,24264,0.00
5757,63570,100.00
5758,20872,0.00
5759,24167,100.00
5760,24559,0.00
5761,32643,100.00
5762,22087,100.00
5763,39342,0.00
5764,43808,100.00
5765,21436,0.00
5766,23545,100.00
5767,39715,100.00
5768,32185,0.00
5769,23329,100.00
5770,20230,100.00
5771,22949,100.00
5772,24413,100.00
5773,44249,0.00
5774,37803,0.00
5775,39144,100.00
5776,22423,0.00
5777,21628,100.00
5778,37356,100.00
5779,41738,0.00
5780,29661,100.00
5781,21567,0.00
5782,21571,0.00
5783,30107,100.00
5784,24056,100.00
5785,29008,100.00
5786,27158,100.00
5787,23271,0.00
5788,34935,100.00
5789,26715,100.00
5790,19835,100.00
5791,34462,0.00
5792,24724,100.00
5793,56058,100.00
5794,20338,0.00
5795,35233,100.00
5796,38394,100.00
5797,24433,0.00
5798,46373,100.00
5799,45569,100.00
5800,21085,0.00
5801,21219,0.00
5802,22396,100.00
5803,21023,100.00
5804,42914,100.00
5805,44379,100.00
5806,23652,0.00
5807,27781,100.00
5808,19164,0.00
5809,35834,0.00
5810,30880,100.00
5811,38273,100.00
5812,29229,0.00
5813,28214,100.00
5814,24368,0.00
5815,39709,100.00
5816,40627,100.00
5817,28103,0.00
5818,40051,100.00
5819,35514,100.00
5820,25165,100.00
5821,36078,0.00
5822,25147,50.00
5823,53415,100.00
5824,24056,0.00
5825,22410,100.00
5826,29147,0.00
5827,26806,100.00
5828,22873,0.00
5829,23077,0.00
5830,39439,100.00
5831,25412,100.00
5832,21966,100.00
5833,25771,100.00
5834,22245,0.00
5835,38402,100.00
5836,38969,100.00
5837,27265,100.00
5838,35855,0.00
5839,22335,100.00
5840,48846,100.00
5841,22989,0.00
5842,31942,100.00
5843,34960,0.00
5844,22561,50.00
5845,51142,100.00
5846,21074,0.00
5847,24200,100.00
5848,24636,100.00
5849,24879,100.00
5850,41991,100.00
5851,35344,0.00
5852,25207,100.00
5853,24781,100.00
5854,23725,100.00
5855,28728,100.00
5856,45572,0.00
5857,36967,100.00
5858,21947,0.00
5859,20978,0.00
5860,21625,100.00
5861,47484,50.00
5862,35217,100.00
5863,20088,0.00
5864,22026,100.00
5865,20708,100.00
5866,39940,100.00
5867,28008,0.00
5868,24400,100.00
5869,25437,100.00
5870,33500,100.00
5871,28686,100.00
5872,32301,0.00
5873,30841,50.00
5874,21856,0.00
5875,24637,100.00
5876,42867,100.00
5877,33729,100.00
5878,40842,0.00
5879,45337,100.00
5880,19901,0.00
5881,30219,0.00
5882,22926,100.00
5883,20755,100.00
5884,34830,0.00
5885,39277,100.00
5886,19451,0.00
5887,27612,100.00
5888,22034,100.00
5889,32957,0.00
5890,37211,100.00
5891,60043,100.00
5892,20162,0.00
5893,19031,100.00
5894,22235,100.00
5895,21458,100.00
5896,26029,100.00
5897,49365,0.00
5898,42248,100.00
5899,32494,100.00
5900,42674,100.00
5901,46387,0.00
5902,23932,50.00
5903,28224,100.00
5904,21465,0.00
5905,22150,100.00
5906,40954,100.00
5907,42427,0.00
5908,21247,100.00
5909,24037,100.00
5910,22181,0.00
5911,24287,100.00
5912,40302,100.00
5913,28465,100.00
5914,22085,0.00
5915,24035,100.00
5916,23232,100.00
5917,30602,100.00
5918,42270,0.00
5919,39176,100.00
5920,38310,100.00
5921,19779,0.00
5922,30982,100.00
5923,30351,100.00
5924,43872,0.00
5925,26347,50.00
5926,28001,100.00
5927,18206,0.00
5928,34455,0.00
5929,26206,100.00
5930,25211,100.00
5931,25332,100.00
5932,33023,100.00
5933,34656,0.00
5934,21676,100.00
5935,18283,100.00
5936,33102,0.00
5937,43819,100.00
5938,52793,100.00
5939,33054,0.00
5940,21293,100.00
5941,38688,100.00
5942,26141,0.00
5943,57076,100.00
5944,20104,0.00
5945,22278,0.00
5946,25091,100.00
5947,25958,100.00
5948,34256,100.00
5949,28015,100.00
5950,31152,0.00
5951,37253,100.00
5952,22053,100.00
5953,33825,50.00
5954,21225,0.00
5955,28107,100.00
5956,34963,100.00
5957,25235,0.00
5958,33511,100.00
5959,24368,0.00
5960,33278,100.00
5961,33260,0.00
5962,24018,100.00
5963,34419,100.00
5964,32536,100.00
5965,26186,100.00
5966,36621,0.00
5967,25657,0.00
5968,51232,100.00
5969,23517,0.00
5970,25123,100.00
5971,32961,0.00
5972,30173,100.00
5973,22295,0.00
5974,28415,100.00
5975,38303,100.00
5976,27941,100.00
5977,23930,100.00
5978,24836,0.00
5979,23126,100.00
5980,38292,100.00
5981,35275,100.00
5982,26417,100.00
5983,34534,0.00
5984,25252,0.00
5985,53052,100.00
5986,27946,0.00
5987,24472,100.00
5988,33951,0.00
5989,22172,100.00
5990,53386,50.00
5991,19147,0.00
5992,22137,100.00
5993,23880,100.00
5994,24112,100.00
5995,45689,0.00
5996,28687,100.00
5997,22912,100.00
5998,23984,100.00
5999,22420,100.00
6000,63504,0.00
6001,35398,100.00
6002,27871,100.00
6003,28732,100.00
6004,19475,0.00
6005,38266,100.00
6006,35975,0.00
6007,27885,100.00
6008,29344,100.00
6009,18551,0.00
6010,29162,100.00
6011,25823,0.00
6012,28697,100.00
6013,27979,100.00
6014,26877,100.00
6015,33453,100.00
6016,32393,0.00
6017,32046,100.00
6018,24033,100.00
6019,27133,0.00
6020,46811,100.00
6021,20852,0.00
6022,35006,100.00
6023,36053,0.00
6024,43206,100.00
6025,21522,0.00
6026,29768,100.00
6027,21848,100.00
6028,21430,100.00
6029,35103,0.00
6030,41204,66.67
6031,20554,0.00
6032,28429,100.00
6033,20771,0.00
6034,31534,100.00
6035,45958,100.00
6036,21794,0.00
6037,25497,100.00
6038,21110,100.00
6039,23519,0.00
6040,22909,100.00
6041,26913,100.00
6042,38377,100.00
6043,34573,100.00
6044,31500,0.00
6045,39735,100.00
6046,47644,100.00
6047,32248,0.00
6048,31340,100.00
6049,18223,0.00
6050,40085,0.00
6051,44294,100.00
6052,22999,100.00
6053,21805,0.00
6054,26780,100.00
6055,21438,0.00
6056,26621,100.00
6057,42535,100.00
6058,30961,0.00
6059,23165,100.00
6060,25966,100.00
6061,24203,100.00
6062,47901,100.00
6063,47200,0.00
6064,55234,100.00
6065,28981,50.00
6066,23281,0.00
6067,51717,100.00
6068,23959,0.00
6069,36337,100.00
6070,39102,0.00
6071,29609,50.00
6072,26044,0.00
6073,31954,100.00
6074,36418,100.00
6075,25163,100.00
6076,25884,100.00
6077,41020,0.00
6078,34149,100.00
6079,25339,100.00
6080,25314,100.00
6081,35994,0.00
6082,36276,100.00
6083,83165,100.00
6084,34102,0.00
6085,23478,100.00
6086,34517,100.00
6087,35605,0.00
6088,42775,100.00
6089,28308,100.00
6090,21472,0.00
6091,24877,0.00
6092,22015,100.00
6093,39730,100.00
6094,30591,100.00
6095,25254,100.00
6096,25241,0.00
6097,36752,100.00
6098,44543,100.00
6099,22731,0.00
6100,23279,50.00
6101,31083,100.00
6102,22387,0.00
6103,35962,100.00
6104,41737,0.00
6105,28860,100.00
6106,24868,100.00
6107,52386,100.00
6108,21136,0.00
6109,21782,100.00
6110,32752,0.00
6111,46331,66.67
6112,20350,0.00
6113,38144,100.00
6114,33220,100.00
6115,23913,0.00
6116,34068,100.00
6117,41629,100.00
6118,22281,0.00
6119,28507,100.00
6120,23550,100.00
6121,21913,0.00
6122,21360,100.00
6123,24573,100.00
6124,34636,100.00
6125,34843,100.00
6126,33294,0.00
6127,35240,100.00
6128,41135,50.00
6129,34127,0.00
6130,30159,100.00
6131,26202,100.00
6132,23484,100.00
6133,33455,0.00
6134,19414,100.00
6135,39068,100.00
6136,21612,0.00
6137,23746,100.00
6138,22741,100.00
6139,38549,100.00
6140,34628,0.00
6141,27052,100.00
6142,22604,100.00
6143,23145,100.00
6144,23478,100.00
6145,42320,0.00
6146,49888,100.00
6147,19850,0.00
6148,24109,100.00
6149,21956,100.00
6150,45921,0.00
6151,38150,50.00
6152,38724,100.00
6153,22277,0.00
6154,22702,100.00
6155,33797,100.00
6156,29819,100.00
6157,27161,0.00
6158,25421,100.00
6159,34401,100.00
6160,31682,100.00
6161,23261,100.00
6162,32061,0.00
6163,33915,100.00
6164,22580,0.00
6165,37878,100.00
6166,30023,100.00
6167,39437,100.00
6168,35155,0.00
6169,55733,100.00
6170,26451,0.00
6171,25426,100.00
6172,22729,100.00
6173,35548,100.00
6174,32577,100.00
6175,30306,0.00
6176,28256,100.00
6177,29246,0.00
6178,38260,100.00
6179,36166,100.00
6180,53694,50.00
6181,24804,0.00
6182,21206,100.00
6183,19725,100.00
6184,23465,100.00
6185,22886,0.00
6186,23030,100.00
6187,43288,100.00
6188,40572,100.00
6189,36792,100.00
6190,31474,0.00
6191,43370,100.00
6192,24242,0.00
6193,28116,100.00
6194,20684,0.00
6195,30023,100.00
6196,29703,0.00
6197,39649,50.00
6198,27653,100.00
6199,20213,0.00
6200,23618,100.00
6201,23128,100.00
6202,33376,0.00
6203,28520,100.00
6204,21189,100.00
6205,23874,100.00
6206,32950,100.00
6207,31150,0.00
6208,39183,100.00
6209,34350,100.00
6210,37570,0.00
6211,29247,100.00
6212,19744,0.00
6213,40226,0.00
6214,39813,100.00
6215,35941,100.00
6216,25347,0.00
6217,33471,66.67
6218,20453,0.00
6219,26581,100.00
6220,30575,100.00
6221,25643,0.00
6222,32549,100.00
6223,35509,100.00
6224,27409,100.00
6225,20867,100.00
6226,23656,0.00
6227,34035,100.00
6228,35000,100.00
6229,39402,0.00
6230,35978,100.00
6231,21863,0.00
6232,22270,100.00
6233,44125,0.00
6234,54574,50.00
6235,19276,0.00
6236,24542,100.00
6237,25330,100.00
6238,24041,100.00
6239,36347,100.00
6240,32709,0.00
6241,27643,100.00
6242,24312,100.00
6243,42515,100.00
6244,40820,0.00
6245,23235,100.00
6246,30233,100.00
6247,22163,0.00
6248,23026,100.00
6249,38744,100.00
6250,43085,0.00
6251,29989,100.00
6252,47359,100.00
6253,20463,0.00
6254,34081,100.00
6255,22330,100.00
6256,29466,0.00
6257,27023,50.00
6258,38373,100.00
6259,20381,0.00
6260,30837,0.00
6261,24189,100.00
6262,34601,100.00
6263,45462,100.00
6264,22619,0.00
6265,24445,100.00
6266,21164,100.00
6267,23424,100.00
6268,22964,0.00
6269,25969,100.00
6270,39567,100.00
6271,38932,100.00
6272,49764,0.00
6273,24839,50.00
6274,52000,100.00
6275,22345,0.00
6276,25580,100.00
6277,25516,100.00
6278,22735,100.00
6279,29916,0.00
6280,44417,100.00
6281,19043,0.00
6282,35039,100.00
6283,26320,100.00
6284,32306,100.00
6285,37624,0.00
6286,30904,100.00
6287,24021,100.00
6288,24843,100.00
6289,22139,100.00
6290,33947,0.00
6291,43869,0.00
6292,44786,100.00
6293,38021,100.00
6294,19067,0.00
6295,32832,100.00
6296,48463,0.00
6297,33683,50.00
6298,21650,0.00
6299,22647,100.00
6300,20697,100.00
6301,39032,100.00
6302,34317,0.00
6303,26161,100.00
6304,24629,100.00
6305,39400,100.00
6306,35177,100.00
6307,21817,0.00
6308,32655,100.00
6309,27545,100.00
6310,37223,0.00
6311,48427,100.00
6312,34554,0.00
6313,25747,100.00
6314,34268,0.00
6315,37244,100.00
6316,52079,100.00
6317,21145,0.00
6318,23577,100.00
6319,25739,100.00
6320,33108,0.00
6321,62486,100.00
6322,19660,0.00
6323,21407,100.00
6324,21206,0.00
6325,34034,100.00
6326,61755,50.00
6327,20071,0.00
6328,21922,100.00
6329,22450,100.00
6330,21469,100.00
6331,23038,100.00
6332,43438,0.00
6333,39992,100.00
6334,29337,100.00
6335,46921,100.00
6336,43989,100.00
6337,34427,0.00
6338,26156,100.00
6339,27129,100.00
6340,46515,100.00
6341,20877,0.00
6342,29440,100.00
6343,32880,0.00
6344,26277,100.00
6345,22472,0.00
6346,24061,0.00
6347,41488,100.00
6348,34820,100.00
6349,25519,100.00
6350,23883,100.00
6351,23974,0.00
6352,35950,100.00
6353,38768,100.00
6354,38734,100.00
6355,41472,0.00
6356,24366,50.00
6357,54096,100.00
6358,20709,0.00
6359,44623,100.00
6360,37262,100.00
6361,25679,0.00
6362,23212,100.00
6363,56636,100.00
6364,19755,0.00
6365,22642,0.00
6366,24502,100.00
6367,38645,100.00
6368,36796,100.00
6369,22531,100.00
6370,20194,0.00
6371,24792,100.00
6372,23986,100.00
6373,50874,0.00
6374,56676,100.00
6375,44537,100.00
6376,22461,0.00
6377,21641,100.00
6378,50405,100.00
6379,45668,0.00
6380,41372,100.00
6381,21446,0.00
6382,23561,0.00
6383,41049,100.00
6384,33674,100.00
6385,29604,100.00
6386,25088,100.00
6387,20428,0.00
6388,44943,100.00
6389,44049,100.00
6390,23744,0.00
6391,35218,100.00
6392,21664,0.00
6393,31915,0.00
6394,32878,100.00
6395,44945,50.00
6396,29169,0.00
6397,54381,100.00
6398,21910,0.00
6399,34040,0.00
6400,20799,100.00
6401,36784,100.00
6402,26977,0.00
6403,54209,100.00
6404,21959,0.00
6405,33631,100.00
6406,21514,100.00
6407,37193,0.00
6408,43940,100.00
6409,50979,100.00
6410,18660,0.00
6411,18672,100.00
6412,21975,100.00
6413,23465,100.00
6414,24234,100.00
6415,55209,0.00
6416,47959,100.00
6417,50072,100.00
6418,26756,0.00
6419,45756,100.00
6420,51237,100.00
6421,23439,0.00
6422,24860,100.00
6423,23882,0.00
6424,34361,50.00
6425,53082,100.00
6426,19864,0.00
6427,35819,100.00
6428,28362,100.00
6429,23303,0.00
6430,52441,100.00
6431,38905,100.00
6432,28071,100.00
6433,25036,100.00
6434,23553,0.00
6435,23745,100.00
6436,58311,100.00
6437,53147,50.00
6438,20303,0.00
6439,23960,100.00
6440,23141,0.00
6441,60600,100.00
6442,49003,0.00
6443,40971,100.00
6444,22710,0.00
6445,23129,100.00
6446,45726,0.00
6447,35635,100.00
6448,32090,100.00
6449,27257,100.00
6450,35771,100.00
6451,40071,0.00
6452,30302,100.00
6453,24965,100.00
6454,37125,0.00
6455,40366,100.00
6456,61655,100.00
6457,20574,0.00
6458,24340,100.00
6459,40665,100.00
6460,26228,0.00
6461,64063,100.00
6462,21969,0.00
6463,24336,0.00
6464,25154,100.00
6465,24651,100.00
6466,34050,100.00
6467,31475,100.00
6468,42639,0.00
6469,27015,100.00
6470,28231,100.00
6471,19226,0.00
6472,38635,100.00
6473,42084,100.00
6474,27915,0.00
6475,35586,100.00
6476,19663,0.00
6477,36378,100.00
6478,39062,100.00
6479,35032,0.00
6480,27325,100.00
6481,44413,100.00
6482,37811,100.00
6483,27244,100.00
6484,35820,0.00
6485,24816,0.00
6486,63642,100.00
6487,22240,0.00
6488,22100,100.00
6489,33700,0.00
6490,31599,100.00
6491,22182,0.00
6492,27045,100.00
6493,43661,100.00
6494,29405,100.00
6495,25278,100.00
6496,27446,0.00
6497,23433,100.00
6498,40017,100.00
6499,38609,100.00
6500,27324,100.00
6501,33255,0.00
6502,22083,0.00
6503,48702,100.00
6504,24903,0.00
6505,28671,100.00
6506,33442,0.00
6507,36468,100.00
6508,18387,0.00
6509,26894,100.00
6510,25753,100.00
6511,24922,100.00
6512,24141,100.00
6513,37903,0.00
6514,32840,100.00
6515,23088,100.00
6516,24495,100.00
6517,22877,100.00
6518,40478,0.00
6519,34107,50.00
6520,28922,100.00
6521,29416,100.00
6522,19445,0.00
6523,34826,100.00
6524,30724,0.00
6525,26608,50.00
6526,27461,100.00
6527,19396,0.00
6528,26460,100.00
6529,24725,0.00
6530,26692,100.00
6531,24579,100.00
6532,24263,100.00
6533,33027,100.00
6534,29891,0.00
6535,35062,100.00
6536,30337,100.00
6537,21535,0.00
6538,44934,100.00
6539,29875,100.00
6540,36288,0.00
6541,29340,50.00
6542,26106,100.00
6543,52133,100.00
6544,20258,0.00
6545,21734,100.00
6546,19217,100.00
6547,36994,0.00
6548,52004,100.00
6549,20552,0.00
6550,32615,100.00
6551,24478,0.00
6552,34023,100.00
6553,33965,50.00
6554,57311,100.00
6555,20346,0.00
6556,19372,100.00
6557,22862,100.00
6558,22140,100.00
6559,23813,0.00
6560,47428,100.00
6561,45728,100.00
6562,25431,100.00
6563,45771,100.00
6564,52149,0.00
6565,23699,0.00
6566,30791,100.00
6567,21271,0.00
6568,28516,100.00
6569,40835,100.00
6570,46559,0.00
6571,28019,100.00
6572,20138,0.00
6573,23716,100.00
6574,23790,100.00
6575,41944,100.00
6576,31412,0.00
6577,22912,100.00
6578,23534,100.00
6579,23529,100.00
6580,27694,100.00
6581,46621,0.00
6582,43727,0.00
6583,44183,100.00
6584,18876,0.00
6585,30973,100.00
6586,32696,100.00
6587,47078,0.00
6588,29120,100.00
6589,29149,100.00
6590,17940,0.00
6591,38289,100.00
6592,32689,100.00
6593,24958,100.00
6594,24092,100.00
6595,36455,0.00
6596,33383,100.00
6597,23562,100.00
6598,22821,100.00
6599,37659,0.00
6600,48537,100.00
6601,22446,0.00
6602,37108,100.00
6603,25698,100.00
6604,38794,0.00
6605,32279,50.00
6606,52246,100.00
6607,21627,0.00
6608,24337,100.00
6609,25629,100.00
6610,23481,100.00
6611,43691,100.00
6612,33777,0.00
6613,25809,100.00
6614,45489,100.00
6615,26155,100.00
6616,19923,0.00
6617,37106,100.00
6618,32541,0.00
6619,37218,100.00
6620,31811,50.00
6621,21224,0.00
6622,41241,100.00
6623,40341,100.00
6624,28149,0.00
6625,32321,100.00
6626,31708,100.00
6627,33682,100.00
6628,27143,100.00
6629,36232,0.00
6630,32852,100.00
6631,50376,100.00
6632,20356,0.00
6633,31008,100.00
6634,23328,50.00
6635,28905,100.00
6636,22099,0.00
6637,51044,100.00
6638,35974,100.00
6639,23933,100.00
6640,25631,0.00
6641,23864,100.00
6642,47119,100.00
6643,47273,100.00
6644,29342,100.00
6645,38205,0.00
6646,21690,0.00
6647,38620,100.00
6648,47624,100.00
6649,21326,0.00
6650,33443,0.00
6651,21615,100.00
6652,57228,100.00
6653,19445,0.00
6654,22556,100.00
6655,23813,100.00
6656,23989,100.00
6657,50262,0.00
6658,37927,100.00
6659,23967,100.00
6660,24428,100.00
6661,22896,100.00
6662,44528,0.00
6663,38907,50.00
6664,27423,100.00
6665,29934,100.00
6666,19028,0.00
6667,39586,100.00
6668,33560,0.00
6669,29331,100.00
6670,31451,100.00
6671,20273,0.00
6672,30667,100.00
6673,28107,0.00
6674,30191,100.00
6675,25085,100.00
6676,25101,100.00
6677,34663,100.00
6678,35050,0.00
6679,23122,100.00
6680,34944,50.00
6681,51788,100.00
6682,29948,0.00
6683,38511,100.00
6684,43293,0.00
6685,39723,100.00
6686,33617,0.00
6687,56871,100.00
6688,26271,0.00
6689,22626,100.00
6690,22165,0.00
6691,38753,100.00
6692,26081,100.00
6693,56100,100.00
6694,19264,0.00
6695,21457,100.00
6696,19829,100.00
6697,37877,0.00
6698,62566,66.67
6699,21051,0.00
6700,22050,100.00
6701,22039,0.00
6702,22154,100.00
6703,23582,100.00
6704,46654,100.00
6705,42254,100.00
6706,33661,0.00
6707,40013,100.00
6708,46060,100.00
6709,23312,0.00
6710,29110,100.00
6711,22848,0.00
6712,22155,100.00
6713,36962,100.00
6714,38678,0.00
6715,20795,0.00
6716,25767,100.00
6717,21322,0.00
6718,24230,100.00
6719,35675,100.00
6720,34649,0.00
6721,24056,100.00
6722,24889,100.00
6723,22272,100.00
6724,23171,100.00
6725,47079,0.00
6726,40795,100.00
6727,50572,100.00
6728,28563,0.00
6729,43314,66.67
6730,21198,0.00
6731,37205,0.00
6732,31688,100.00
6733,24494,100.00
6734,21772,0.00
6735,50214,100.00
6736,19394,0.00
6737,26559,100.00
6738,25598,100.00
6739,25037,0.00
6740,43253,100.00
6741,36808,100.00
6742,21352,100.00
6743,24117,100.00
6744,35211,0.00
6745,39089,0.00
6746,62073,100.00
6747,33342,0.00
6748,27044,100.00
6749,33939,100.00
6750,35742,0.00
6751,53687,66.67
6752,21828,0.00
6753,22857,0.00
6754,23543,100.00
6755,20360,100.00
6756,51054,100.00
6757,38030,100.00
6758,27262,0.00
6759,24799,100.00
6760,44214,100.00
6761,44984,0.00
6762,21626,100.00
6763,27866,100.00
6764,23100,0.00
6765,23919,100.00
6766,44126,100.00
6767,45825,0.00
6768,30923,50.00
6769,44525,100.00
6770,21781,0.00
6771,37570,100.00
6772,23979,100.00
6773,34370,0.00
6774,29734,100.00
6775,40946,100.00
6776,20075,0.00
6777,28616,100.00
6778,24182,0.00
6779,35578,50.00
6780,33655,100.00
6781,46439,100.00
6782,23768,0.00
6783,20548,100.00
6784,21974,100.00
6785,21768,100.00
6786,24007,0.00
6787,40187,100.00
6788,39136,100.00
6789,51013,0.00
6790,25877,100.00
6791,54629,100.00
6792,24697,0.00
6793,25442,100.00
6794,25102,100.00
6795,23926,100.00
6796,33705,0.00
6797,43510,100.00
6798,18971,0.00
6799,30727,100.00
6800,25838,100.00
6801,26213,100.00
6802,36876,100.00
6803,33293,0.00
6804,22669,100.00
6805,23575,100.00
6806,21533,100.00
6807,35005,100.00
6808,41958,0.00
6809,51130,50.00
6810,40772,100.00
6811,21075,0.00
6812,30936,100.00
6813,45010,100.00
6814,26974,0.00
6815,34040,100.00
6816,22730,0.00
6817,20246,0.00
6818,33912,100.00
6819,30748,100.00
6820,27827,100.00
6821,24470,100.00
6822,36061,0.00
6823,34595,100.00
6824,23486,100.00
6825,30344,0.00
6826,33939,100.00
6827,22692,0.00
6828,39953,0.00
6829,31153,100.00
6830,39577,100.00
6831,36192,0.00
6832,58539,66.67
6833,24906,0.00
6834,24498,0.00
6835,22030,100.00
6836,36730,100.00
6837,44013,100.00
6838,20949,0.00
6839,30479,100.00
6840,25092,100.00
6841,22267,100.00
6842,35149,0.00
6843,59618,100.00
6844,20648,0.00
6845,19960,0.00
6846,20982,100.00
6847,20890,100.00
6848,22469,100.00
6849,27280,100.00
6850,49299,0.00
6851,39924,100.00
6852,39389,100.00
6853,35798,100.00
6854,46512,0.00
6855,36168,100.00
6856,22119,0.00
6857,23253,100.00
6858,39998,100.00
6859,46747,100.00
6860,25310,0.00
6861,22906,100.00
6862,27787,100.00
6863,21589,0.00
6864,33785,0.00
6865,33086,100.00
6866,21407,100.00
6867,19699,100.00
6868,22945,100.00
6869,22926,0.00
6870,35396,100.00
6871,37153,100.00
6872,54975,100.00
6873,23749,0.00
6874,23388,100.00
6875,44913,100.00
6876,20430,0.00
6877,37826,0.00
6878,34855,50.00
6879,28854,0.00
6880,59055,100.00
6881,20030,0.00
6882,35045,100.00
6883,24941,0.00
6884,25877,100.00
6885,37577,100.00
6886,35321,100.00
6887,22446,100.00
6888,22431,0.00
6889,20827,100.00
6890,36819,100.00
6891,42068,0.00
6892,47823,100.00
6893,21163,0.00
6894,23801,0.00
6895,31102,100.00
6896,51044,100.00
6897,32582,0.00
6898,27664,100.00
6899,21835,0.00
6900,21301,100.00
6901,36770,100.00
6902,30073,0.00
6903,26814,100.00
6904,24946,100.00
6905,31446,100.00
6906,31470,100.00
6907,32587,0.00
6908,27343,100.00
6909,22158,0.00
6910,25074,0.00
6911,34554,100.00
6912,33506,100.00
6913,44940,0.00
6914,41823,66.67
6915,21328,0.00
6916,37062,0.00
6917,25047,100.00
6918,33830,100.00
6919,37061,100.00
6920,21368,0.00
6921,31849,100.00
6922,30350,100.00
6923,29444,100.00
6924,24920,0.00
6925,37043,100.00
6926,52089,50.00
6927,20623,0.00
6928,20204,100.00
6929,21329,100.00
6930,21880,100.00
6931,24030,100.00
6932,24376,0.00
6933,49451,100.00
6934,42418,100.00
6935,47768,0.00
6936,26605,100.00
6937,50947,100.00
6938,23452,0.00
6939,25755,100.00
6940,24552,100.00
6941,22537,100.00
6942,28332,0.00
6943,43708,100.00
6944,19811,0.00
6945,30461,100.00
6946,25093,100.00
6947,34239,100.00
6948,33652,100.00
6949,26279,0.00
6950,21726,100.00
6951,22253,100.00
6952,22020,100.00
6953,35571,100.00
6954,34812,0.00
6955,46678,50.00
6956,40656,100.00
6957,33175,0.00
6958,31317,100.00
6959,42388,100.00
6960,26530,0.00
6961,29273,100.00
6962,20083,0.00
6963,20222,0.00
6964,30713,100.00
6965,27589,100.00
6966,24420,100.00
6967,24043,100.00
6968,33049,0.00
6969,29528,100.00
6970,21309,100.00
6971,31050,100.00
6972,25591,0.00
6973,40846,100.00
6974,21830,0.00
6975,35544,100.00
6976,24003,0.00
6977,36458,100.00
6978,33336,0.00
6979,56977,100.00
6980,20766,0.00
6981,20975,100.00
6982,24849,0.00
6983,35862,100.00
6984,49435,100.00
6985,52404,100.00
6986,20963,0.00
6987,21791,100.00
6988,24303,100.00
6989,55202,0.00
6990,57506,100.00
6991,18992,0.00
6992,22428,100.00
6993,21074,0.00
6994,24276,100.00
6995,40320,100.00
6996,43460,100.00
6997,35860,100.00
6998,40969,0.00
6999,39418,100.00
7000,67448,100.00
7001,26685,0.00
7002,29179,100.00
7003,19970,0.00
7004,46530,100.00
7005,37647,100.00
7006,38001,0.00
7007,28267,50.00
7008,20849,0.00
7009,25705,100.00
7010,43808,100.00
7011,35598,100.00
7012,21788,0.00
7013,23930,100.00
7014,22880,100.00
7015,25045,100.00
7016,42461,100.00
7017,38504,0.00
7018,38214,100.00
7019,24210,100.00
7020,23954,0.00
7021,56741,100.00
7022,22286,0.00
7023,22542,100.00
7024,34397,0.00
7025,45371,100.00
7026,19526,0.00
7027,27581,100.00
7028,23746,0.00
7029,23921,100.00
7030,26127,100.00
7031,34643,100.00
7032,26759,100.00
7033,19767,0.00
7034,24102,100.00
7035,22565,100.00
7036,41360,0.00
7037,47613,50.00
7038,39463,100.00
7039,22673,0.00
7040,21813,100.00
7041,40648,100.00
7042,41686,0.00
7043,32839,100.00
7044,22279,0.00
7045,22025,0.00
7046,33523,100.00
7047,29888,100.00
7048,25780,100.00
7049,24712,100.00
7050,23965,0.00
7051,42189,100.00
7052,43827,50.00
7053,23188,0.00
7054,36137,100.00
7055,22055,0.00
7056,37227,0.00
7057,33491,100.00
7058,44121,100.00
7059,53656,50.00
7060,43621,0.00
7061,39917,100.00
7062,32646,0.00
7063,22998,100.00
7064,32648,100.00
7065,29098,0.00
7066,49781,100.00
7067,19850,0.00
7068,27936,100.00
7069,21842,100.00
7070,33801,0.00
7071,51640,100.00
7072,45561,100.00
7073,17981,0.00
7074,21324,100.00
7075,21094,100.00
7076,22093,100.00
7077,28696,100.00
7078,47532,0.00
7079,38087,100.00
7080,37808,50.00
7081,26211,0.00
7082,55610,100.00
7083,20914,0.00
7084,24006,0.00
7085,25080,100.00
7086,32908,100.00
7087,21455,0.00
7088,45565,100.00
7089,48912,100.00
7090,21382,0.00
7091,24211,100.00
7092,47762,0.00
7093,37107,100.00
7094,22503,100.00
7095,23437,100.00
7096,21303,100.00
7097,23941,0.00
7098,47912,100.00
7099,42754,0.00
7100,46807,100.00
7101,23830,0.00
7102,21777,100.00
7103,50039,0.00
7104,43187,50.00
7105,29087,100.00
7106,31701,100.00
7107,18107,0.00
7108,31520,100.00
7109,27912,100.00
7110,31626,100.00
7111,27850,0.00
7112,25578,100.00
7113,41067,100.00
7114,33584,100.00
7115,24253,100.00
7116,36200,0.00
7117,28305,0.00
7118,61188,100.00
7119,20685,0.00
7120,35386,100.00
7121,42888,100.00
7122,24746,0.00
7123,50154,100.00
7124,48423,100.00
7125,22025,0.00
7126,25234,100.00
7127,23134,100.00
7128,22266,100.00
7129,46877,100.00
7130,45098,0.00
7131,25921,50.00
7132,29346,100.00
7133,19261,0.00
7134,42917,100.00
7135,34122,100.00
7136,41618,0.00
7137,35724,100.00
7138,20833,0.00
7139,38078,100.00
7140,39333,100.00
7141,36247,0.00
7142,25380,100.00
7143,41423,100.00
7144,36907,100.00
7145,25638,100.00
7146,36911,0.00
7147,43767,100.00
7148,21070,0.00
7149,34087,100.00
7150,24322,100.00
7151,32447,0.00
7152,23660,50.00
7153,29626,100.00
7154,25705,0.00
7155,29037,0.00
7156,20807,100.00
7157,24401,100.00
7158,22522,100.00
7159,30109,100.00
7160,33356,0.00
7161,33868,100.00
7162,28378,100.00
7163,47967,0.00
7164,47143,100.00
7165,22658,0.00
7166,40015,100.00
7167,24302,100.00
7168,34084,0.00
7169,44055,100.00
7170,20213,0.00
7171,26222,0.00
7172,23370,100.00
7173,26610,100.00
7174,25291,100.00
7175,39312,100.00
7176,29570,0.00
7177,22271,100.00
7178,24302,100.00
7179,23946,100.00
7180,47256,0.00
7181,88029,100.00
7182,30873,0.00
7183,33932,100.00
7184,20547,0.00
7185,38775,100.00
7186,45895,0.00
7187,26411,100.00
7188,36005,100.00
7189,22066,0.00
7190,29810,0.00
7191,34502,100.00
7192,34809,100.00
7193,26282,100.00
7194,24350,100.00
7195,40033,0.00
7196,34691,100.00
7197,36554,50.00
7198,32536,100.00
7199,22419,0.00
7200,41356,100.00
7201,37172,0.00
7202,30087,100.00
7203,40674,100.00
7204,26278,0.00
7205,57320,100.00
7206,20671,0.00
7207,21700,100.00
7208,20790,100.00
7209,37321,0.00
7210,56465,100.00
7211,21697,0.00
7212,37459,0.00
7213,22698,100.00
7214,21291,100.00
7215,37510,0.00
7216,62224,100.00
7217,21500,0.00
7218,20637,100.00
7219,23240,100.00
7220,22217,0.00
7221,25068,100.00
7222,51318,100.00
7223,44076,100.00
7224,31284,100.00
7225,49832,0.00
7226,71539,100.00
7227,23597,0.00
7228,32989,100.00
7229,21991,0.00
7230,23780,100.00
7231,45494,0.00
7232,46971,100.00
7233,22815,0.00
7234,27488,100.00
7235,18191,0.00
7236,24929,100.00
7237,43787,0.00
7238,39651,100.00
7239,25233,100.00
7240,25163,100.00
7241,22228,100.00
7242,22238,0.00
7243,48387,100.00
7244,49464,100.00
7245,33333,0.00
7246,30735,100.00
7247,26438,0.00
7248,43079,100.00
7249,47757,0.00
7250,36086,100.00
7251,22283,0.00
7252,22070,100.00
7253,37103,100.00
7254,32859,100.00
7255,26484,100.00
7256,25262,0.00
7257,27575,100.00
7258,39687,100.00
7259,29880,100.00
7260,23969,100.00
7261,34795,0.00
7262,26430,0.00
7263,62688,66.67
7264,20751,0.00
7265,24156,100.00
7266,37438,100.00
7267,25930,0.00
7268,47455,100.00
7269,48555,100.00
7270,19763,0.00
7271,23924,100.00
7272,23493,100.00
7273,32163,100.00
7274,31154,100.00
7275,32552,0.00
7276,32887,100.00
7277,24675,50.00
7278,37657,100.00
7279,22627,0.00
7280,34361,100.00
7281,26653,100.00
7282,37126,0.00
7283,25690,100.00
7284,47848,100.00
7285,24417,0.00
7286,34420,0.00
7287,23962,100.00
7288,39593,100.00
7289,33055,100.00
7290,24861,100.00
7291,36140,0.00
7292,38746,100.00
7293,21276,0.00
7294,34043,100.00
7295,23880,100.00
7296,35455,0.00
7297,32917,100.00
7298,21909,0.00
7299,33711,100.00
7300,33732,100.00
7301,21724,100.00
7302,24141,0.00
7303,26704,100.00
7304,29874,100.00
7305,37875,100.00
7306,43491,100.00
7307,29424,0.00
7308,37002,50.00
7309,29856,0.00
7310,64655,100.00
7311,23294,0.00
7312,23495,100.00
7313,38009,0.00
7314,54976,50.00
7315,19183,0.00
7316,29287,100.00
7317,25303,100.00
7318,26680,100.00
7319,22874,0.00
7320,46109,100.00
7321,30799,100.00
7322,21487,100.00
7323,24324,100.00
7324,23549,0.00
7325,52611,100.00
7326,54489,0.00
7327,46624,100.00
7328,22355,0.00
7329,22429,100.00
7330,45452,0.00
7331,38230,0.00
7332,33661,100.00
7333,22825,0.00
7334,22488,100.00
7335,33971,100.00
7336,33967,0.00
7337,27387,100.00
7338,24742,100.00
7339,25026,100.00
7340,47019,100.00
7341,39454,0.00
7342,33319,100.00
7343,34079,50.00
7344,32543,0.00
7345,60425,100.00
7346,21447,0.00
7347,35252,100.00
7348,37472,0.00
7349,56833,100.00
7350,21081,0.00
7351,31546,100.00
7352,24477,100.00
7353,22026,100.00
7354,35446,0.00
7355,61771,100.00
7356,26326,0.00
7357,23735,100.00
7358,23365,0.00
7359,33620,100.00
7360,40663,100.00
7361,44768,100.00
7362,18858,0.00
7363,19012,100.00
7364,22735,100.00
7365,25197,100.00
7366,33724,0.00
7367,44608,100.00
7368,39919,100.00
7369,33795,100.00
7370,39802,100.00
7371,47833,0.00
7372,26926,0.00
7373,32361,100.00
7374,18037,0.00
7375,39665,100.00
7376,43170,100.00
7377,23663,0.00
7378,22470,100.00
7379,27745,100.00
7380,21552,0.00
7381,27904,100.00
7382,39515,100.00
7383,29089,100.00
7384,22896,100.00
7385,24183,0.00
7386,23178,100.00
7387,38484,100.00
7388,38770,100.00
7389,50349,50.00
7390,28786,0.00
7391,24144,100.00
7392,48926,100.00
7393,24702,0.00
7394,38916,100.00
7395,38198,50.00
7396,27802,100.00
7397,27002,0.00
7398,26341,100.00
7399,30343,0.00
7400,26646,100.00
7401,23685,100.00
7402,41382,100.00
7403,37375,100.00
7404,26160,0.00
7405,25084,100.00
7406,36645,100.00
7407,35545,0.00
7408,62900,100.00
7409,33068,0.00
7410,27467,0.00
7411,35158,50.00
7412,39070,100.00
7413,41680,0.00
7414,26208,100.00
7415,21132,0.00
7416,22064,100.00
7417,21733,100.00
7418,45055,0.00
7419,40713,100.00
7420,31977,100.00
7421,28743,100.00
7422,52535,100.00
7423,50389,0.00
7424,25917,0.00
7425,32199,100.00
7426,23457,0.00
7427,25807,100.00
7428,45879,100.00
7429,51730,0.00
7430,33225,100.00
7431,29874,100.00
7432,58572,100.00
7433,22044,0.00
7434,22771,100.00
7435,34761,0.00
7436,40473,100.00
7437,20642,0.00
7438,36649,0.00
7439,34478,100.00
7440,24394,100.00
7441,33497,100.00
7442,47379,100.00
7443,23607,0.00
7444,32653,100.00
7445,21399,100.00
7446,25027,0.00
7447,21740,100.00
7448,24184,100.00
7449,27301,100.00
7450,50365,100.00
7451,43185,0.00
7452,39331,50.00
7453,48243,100.00
7454,19795,0.00
7455,30423,100.00
7456,24838,100.00
7457,24586,0.00
7458,33221,100.00
7459,22688,100.00
7460,31576,0.00
7461,44108,100.00
7462,21416,0.00
7463,24028,100.00
7464,37273,100.00
7465,39178,0.00
7466,24130,100.00
7467,21501,100.00
7468,22080,100.00
7469,22578,100.00
7470,51850,0.00
7471,38290,0.00
7472,37618,100.00
7473,21687,0.00
7474,21475,100.00
7475,37827,100.00
7476,43059,0.00
7477,29058,100.00
7478,22993,0.00
7479,22107,100.00
7480,21460,100.00
7481,33291,100.00
7482,30132,0.00
7483,26817,100.00
7484,23279,100.00
7485,39124,100.00
7486,34052,100.00
7487,32387,0.00
7488,23021,100.00
7489,28457,50.00
7490,40488,100.00
7491,21892,0.00
7492,38870,100.00
7493,37369,0.00
7494,22967,100.00
7495,58424,100.00
7496,20202,0.00
7497,21680,100.00
7498,20678,100.00
7499,37529,0.00
7500,24304,50.00
7501,58675,100.00
7502,20495,0.00
7503,21950,100.00
7504,22648,0.00
7505,36941,100.00
7506,55817,100.00
7507,46857,100.00
7508,22241,0.00
7509,23147,100.00
7510,22418,100.00
7511,25251,100.00
7512,48919,0.00
7513,44078,100.00
7514,32343,100.00
7515,43163,100.00
7516,53552,0.00
7517,24558,50.00
7518,27431,0.00
7519,28688,100.00
7520,17333,0.00
7521,43195,100.00
7522,46754,0.00
7523,22196,100.00
7524,27104,100.00
7525,20417,0.00
7526,24030,100.00
7527,40804,100.00
7528,33589,100.00
7529,24600,0.00
7530,22494,100.00
7531,21933,100.00
7532,22512,100.00
7533,39121,100.00
7534,35084,0.00
7535,49128,50.00
7536,25653,0.00
7537,40030,100.00
7538,22277,0.00
7539,32839,100.00
7540,24036,0.00
7541,33169,100.00
7542,26982,50.00
7543,26411,0.00
7544,23368,100.00
7545,28288,100.00
7546,26285,0.00
7547,23736,100.00
7548,34821,100.00
7549,33273,100.00
7550,27023,100.00
7551,26854,0.00
7552,22565,100.00
7553,40191,100.00
7554,69367,100.00
7555,33152,0.00
7556,26931,100.00
7557,23122,100.00
7558,46669,0.00
7559,39292,100.00
7560,32702,100.00
7561,21580,0.00
7562,22778,100.00
7563,20350,100.00
7564,43383,100.00
7565,38038,0.00
7566,25702,100.00
7567,25748,100.00
7568,41763,100.00
7569,45189,100.00
7570,23018,0.00
7571,29626,100.00
7572,23300,0.00
7573,25408,0.00
7574,42718,100.00
7575,46725,100.00
7576,33555,0.00
7577,51549,100.00
7578,21195,0.00
7579,35304,0.00
7580,22755,100.00
7581,34108,50.00
7582,28035,0.00
7583,40083,100.00
7584,19935,0.00
7585,28368,100.00
7586,22621,100.00
7587,34617,0.00
7588,48072,100.00
7589,21303,0.00
7590,27644,100.00
7591,22122,100.00
7592,23133,100.00
7593,22348,0.00
7594,24010,100.00
7595,38152,100.00
7596,41644,100.00
7597,52511,100.00
7598,25159,0.00
7599,35121,100.00
7600,48904,100.00
7601,20414,0.00
7602,23800,100.00
7603,24150,100.00
7604,40381,0.00
7605,34012,100.00
7606,62985,100.00
7607,22178,0.00
7608,24181,100.00
7609,24662,100.00
7610,56657,100.00
7611,40312,100.00
7612,25148,0.00
7613,23831,100.00
7614,22351,100.00
7615,35809,100.00
7616,44101,0.00
7617,49555,100.00
7618,20285,0.00
7619,23789,100.00
7620,24282,0.00
7621,54776,100.00
7622,27474,0.00
7623,32688,100.00
7624,22112,0.00
7625,21663,100.00
7626,39728,0.00
7627,29948,100.00
7628,25060,100.00
7629,24527,100.00
7630,46087,100.00
7631,37739,0.00
7632,23100,100.00
7633,30478,100.00
7634,26009,0.00
7635,47769,100.00
7636,22359,0.00
7637,52637,100.00
7638,25718,100.00
7639,36186,0.00
7640,34605,0.00
7641,53825,100.00
7642,20444,0.00
7643,26242,100.00
7644,24633,100.00
7645,35971,0.00
7646,46541,100.00
7647,45223,100.00
7648,20307,0.00
7649,21980,100.00
7650,34363,50.00
7651,59537,100.00
7652,19721,0.00
7653,21992,100.00
7654,21960,100.00
7655,20884,100.00
7656,23635,0.00
7657,43212,100.00
7658,36242,100.00
7659,27317,100.00
7660,38398,100.00
7661,33898,0.00
7662,35341,100.00
7663,26388,0.00
7664,26372,50.00
7665,42270,100.00
7666,20817,0.00
7667,27527,0.00
7668,32192,100.00
7669,27079,100.00
7670,23306,0.00
7671,24588,100.00
7672,40552,100.00
7673,31024,100.00
7674,26824,100.00
7675,26225,0.00
7676,22610,100.00
7677,33813,100.00
7678,37590,100.00
7679,40159,100.00
7680,40647,0.00
7681,39647,0.00
7682,43724,100.00
7683,23048,0.00
7684,40768,100.00
7685,36363,100.00
7686,33608,0.00
7687,39296,66.67
7688,19075,0.00
7689,26437,0.00
7690,24127,100.00
7691,24593,100.00
7692,26542,100.00
7693,33640,100.00
7694,26778,0.00
7695,20415,100.00
7696,23364,100.00
7697,23002,100.00
7698,39225,0.00
7699,31067,100.00
7700,35680,100.00
7701,22514,0.00
7702,21359,100.00
7703,37824,0.00
7704,31671,50.00
7705,27095,100.00
7706,27591,100.00
7707,18769,0.00
7708,28692,100.00
7709,24483,100.00
7710,28071,100.00
7711,28234,0.00
7712,25125,100.00
7713,36359,100.00
7714,38077,100.00
7715,21437,0.00
7716,30113,66.67
7717,21665,0.00
7718,39265,100.00
7719,39847,0.00
7720,41527,100.00
7721,30481,0.00
7722,43870,100.00
7723,19658,0.00
7724,30356,100.00
7725,22963,0.00
7726,32322,100.00
7727,29273,50.00
7728,21083,0.00
7729,38743,100.00
7730,34221,100.00
7731,23933,100.00
7732,35707,0.00
7733,53228,100.00
7734,24336,0.00
7735,28869,100.00
7736,21303,100.00
7737,22119,100.00
7738,28018,100.00
7739,24133,0.00
7740,42737,100.00
7741,37226,100.00
7742,29448,100.00
7743,32280,0.00
7744,45440,50.00
7745,20644,0.00
7746,31006,100.00
7747,25424,100.00
7748,24704,100.00
7749,32732,0.00
7750,21806,100.00
7751,51146,100.00
7752,20971,0.00
7753,23742,100.00
7754,25357,100.00
7755,44220,100.00
7756,34446,0.00
7757,23714,100.00
7758,21172,100.00
7759,21761,100.00
7760,23835,100.00
7761,48322,0.00
7762,52043,100.00
7763,20578,0.00
7764,23482,100.00
7765,23876,100.00
7766,50326,0.00
7767,40061,50.00
7768,37897,100.00
7769,22053,0.00
7770,21714,100.00
7771,42180,100.00
7772,33195,100.00
7773,26438,0.00
7774,23910,100.00
7775,34282,100.00
7776,35054,100.00
7777,24271,100.00
7778,19499,0.00
7779,34736,100.00
7780,41994,0.00
7781,55846,100.00
7782,20568,0.00
7783,22754,100.00
7784,38675,0.00
7785,26220,0.00
7786,61051,100.00
7787,20234,0.00
7788,22094,100.00
7789,24855,100.00
7790,22296,0.00
7791,34158,100.00
7792,28267,100.00
7793,40252,100.00
7794,22789,0.00
7795,27048,66.67
7796,19203,0.00
7797,35695,100.00
7798,40931,0.00
7799,30403,100.00
7800,36656,100.00
7801,20204,0.00
7802,38202,100.00
7803,37484,100.00
7804,28201,100.00
7805,23505,100.00
7806,42233,0.00
7807,35070,100.00
7808,26777,100.00
7809,35545,0.00
7810,50443,66.67
7811,22883,0.00
7812,31990,0.00
7813,22130,100.00
7814,32783,100.00
7815,25004,0.00
7816,28300,100.00
7817,31592,0.00
7818,32261,100.00
7819,22242,100.00
7820,24278,0.00
7821,26134,100.00
7822,33103,100.00
7823,36348,100.00
7824,34419,100.00
7825,29926,0.00
7826,33011,50.00
7827,40578,100.00
7828,24617,0.00
7829,37186,100.00
7830,36691,0.00
7831,24366,100.00
7832,48465,100.00
7833,21015,0.00
7834,21887,100.00
7835,23563,100.00
7836,25102,100.00
7837,36269,0.00
7838,31773,100.00
7839,21882,100.00
7840,25203,100.00
7841,23401,100.00
7842,30922,0.00
7843,41004,50.00
7844,35896,100.00
7845,22899,0.00
7846,22340,100.00
7847,23491,100.00
7848,50109,0.00
7849,39196,50.00
7850,22398,0.00
7851,25104,100.00
7852,22283,100.00
7853,43178,100.00
7854,32013,0.00
7855,25443,100.00
7856,24997,100.00
7857,42221,100.00
7858,37906,100.00
7859,37456,0.00
7860,30570,100.00
7861,22624,0.00
7862,33969,100.00
7863,32211,100.00
7864,37287,100.00
7865,29431,0.00
7866,41966,100.00
7867,20898,0.00
7868,31035,0.00
7869,25604,100.00
7870,22327,100.00
7871,34711,0.00
7872,50486,100.00
7873,20565,0.00
7874,32531,100.00
7875,20646,100.00
7876,33290,0.00
7877,61634,100.00
7878,25557,0.00
7879,26504,100.00
7880,22533,100.00
7881,24656,100.00
7882,23529,0.00
7883,24302,100.00
7884,52757,100.00
7885,44898,100.00
7886,35579,100.00
7887,39542,0.00
7888,51109,100.00
7889,37326,50.00
7890,22042,0.00
7891,24429,100.00
7892,42676,100.00
7893,43426,0.00
7894,23512,100.00
7895,39059,100.00
7896,30661,100.00
7897,21930,0.00
7898,29548,100.00
7899,39813,100.00
7900,30070,100.00
7901,24146,0.00
7902,27218,100.00
7903,23853,100.00
7904,45879,100.00
7905,56793,0.00
7906,57267,50.00
7907,23439,0.00
7908,22477,100.00
7909,44675,100.00
7910,49687,0.00
7911,27489,100.00
7912,34113,100.00
7913,18188,0.00
7914,31492,100.00
7915,32397,100.00
7916,33026,100.00
7917,29695,100.00
7918,24183,0.00
7919,45886,100.00
7920,41578,100.00
7921,28492,100.00
7922,27646,100.00
7923,38523,0.00
7924,59401,100.00
7925,22758,0.00
7926,37226,100.00
7927,25184,100.00
7928,40342,0.00
7929,63688,50.00
7930,26812,0.00
7931,24974,100.00
7932,24813,100.00
7933,32784,100.00
7934,24872,100.00
7935,38914,0.00
7936,31848,100.00
7937,25251,100.00
7938,33419,0.00
7939,23415,100.00
7940,46073,100.00
7941,21381,0.00
7942,33553,100.00
7943,34941,100.00
7944,28547,0.00
7945,40657,100.00
7946,22430,0.00
7947,34473,0.00
7948,28316,100.00
7949,25055,100.00
7950,35304,100.00
7951,30885,100.00
7952,24392,0.00
7953,38055,100.00
7954,23210,0.00
7955,55789,100.00
7956,20154,0.00
7957,21380,100.00
7958,29614,0.00
7959,30471,100.00
7960,21734,0.00
7961,35053,0.00
7962,32801,100.00
7963,21281,100.00
7964,23033,100.00
7965,25300,100.00
7966,30047,0.00
7967,35042,100.00
7968,34148,100.00
7969,27719,100.00
7970,33744,0.00
7971,26932,50.00
7972,53803,100.00
7973,27441,0.00
7974,24991,100.00
7975,31360,0.00
7976,43074,100.00
7977,20336,0.00
7978,29448,0.00
7979,22845,100.00
7980,23426,100.00
7981,21721,100.00
7982,37252,100.00
7983,29657,0.00
7984,26746,100.00
7985,25731,100.00
7986,23703,100.00
7987,43580,100.00
7988,55763,0.00
7989,42974,100.00
7990,22074,0.00
7991,23068,0.00
7992,48740,100.00
7993,43056,0.00
7994,34795,66.67
7995,22941,0.00
7996,21982,100.00
7997,36359,0.00
7998,31012,100.00
7999,27647,100.00
8000,43417,100.00
8001,24455,100.00
8002,42547,0.00
8003,33316,100.00
8004,34169,100.00
8005,25114,0.00
8006,29779,100.00
8007,55277,100.00
8008,21355,0.00
8009,35524,100.00
8010,38558,50.00
8011,53548,100.00
8012,20986,0.00
8013,31258,100.00
8014,23157,0.00
8015,21852,100.00
8016,35962,100.00
8017,52134,100.00
8018,19741,0.00
8019,30610,100.00
8020,20912,100.00
8021,37495,0.00
8022,61306,66.67
8023,26673,0.00
8024,28479,100.00
8025,22993,0.00
8026,23603,100.00
8027,23769,100.00
8028,25314,100.00
8029,49576,100.00
8030,41672,0.00
8031,32192,100.00
8032,42673,100.00
8033,47103,0.00
8034,28380,100.00
8035,33084,100.00
8036,25630,0.00
8037,40894,100.00
8038,43862,100.00
8039,24778,0.00
8040,21481,100.00
8041,27970,100.00
8042,21525,0.00
8043,20728,100.00
8044,44155,0.00
8045,31572,100.00
8046,24526,100.00
8047,25681,100.00
8048,24973,100.00
8049,40028,0.00
8050,38523,100.00
8051,55450,100.00
8052,23503,0.00
8053,29112,66.67
8054,27956,0.00
8055,35182,0.00
8056,40282,100.00
8057,38015,100.00
8058,23179,0.00
8059,45916,100.00
8060,18903,0.00
8061,28463,0.00
8062,24175,100.00
8063,24875,100.00
8064,40939,100.00
8065,36076,100.00
8066,21761,0.00
8067,23129,100.00
8068,33733,100.00
8069,38132,0.00
8070,43547,100.00
8071,39531,100.00
8072,20917,0.00
8073,23972,100.00
8074,34874,0.00
8075,57350,50.00
8076,22235,0.00
8077,24293,100.00
8078,24847,100.00
8079,22897,100.00
8080,46000,0.00
8081,36460,100.00
8082,27642,100.00
8083,24657,100.00
8084,31004,100.00
8085,39248,0.00
8086,44100,100.00
8087,32705,100.00
8088,20891,0.00
8089,28112,100.00
8090,38260,100.00
8091,50327,0.00
8092,44575,50.00
8093,32463,100.00
8094,26705,0.00
8095,33266,100.00
8096,36561,100.00
8097,22499,0.00
8098,37592,100.00
8099,29012,100.00
8100,20320,0.00
8101,40701,100.00
8102,34733,100.00
8103,25198,100.00
8104,38831,0.00
8105,40001,100.00
8106,55846,100.00
8107,20015,0.00
8108,19614,0.00
8109,23684,100.00
8110,24588,100.00
8111,26693,100.00
8112,46620,100.00
8113,46450,0.00
8114,56101,100.00
8115,52048,100.00
8116,53080,0.00
8117,50707,100.00
8118,21623,0.00
8119,24606,100.00
8120,25787,100.00
8121,31458,0.00
8122,19995,0.00
8123,50234,100.00
8124,25450,0.00
8125,26775,100.00
8126,24511,100.00
8127,44619,0.00
8128,35835,100.00
8129,22445,100.00
8130,20135,100.00
8131,21286,100.00
8132,23094,0.00
8133,42528,100.00
8134,38626,0.00
8135,41560,100.00
8136,21948,0.00
8137,21703,100.00
8138,36746,0.00
8139,47119,100.00
8140,32861,50.00
8141,21363,0.00
8142,22393,100.00
8143,30271,100.00
8144,27231,100.00
8145,30029,100.00
8146,26589,0.00
8147,24040,100.00
8148,39590,100.00
8149,33475,100.00
8150,33002,0.00
8151,22853,100.00
8152,29258,0.00
8153,43312,100.00
8154,21910,0.00
8155,39304,100.00
8156,37573,0.00
8157,23017,50.00
8158,64414,100.00
8159,20285,0.00
8160,21617,100.00
8161,20759,100.00
8162,38166,0.00
8163,52722,100.00
8164,20174,0.00
8165,33164,100.00
8166,23066,0.00
8167,33114,100.00
8168,37048,50.00
8169,63536,100.00
8170,21182,0.00
8171,19914,100.00
8172,24194,100.00
8173,24489,100.00
8174,26508,0.00
8175,49307,100.00
8176,42812,100.00
8177,33956,100.00
8178,43706,100.00
8179,52254,0.00
8180,24511,0.00
8181,28745,100.00
8182,29121,100.00
8183,18040,0.00
8184,40674,100.00
8185,44744,0.00
8186,23395,50.00
8187,23535,100.00
8188,27926,100.00
8189,23161,0.00
8190,36745,100.00
8191,37249,100.00
8192,23543,100.00
8193,23488,0.00
8194,22500,100.00
8195,23253,100.00
8196,38214,100.00
8197,41620,100.00
8198,56931,0.00
8199,25139,0.00
8200,41001,100.00
8201,20055,0.00
8202,33091,100.00
8203,29358,100.00
8204,35463,0.00
8205,23860,0.00
8206,37156,100.00
8207,19024,0.00
8208,29949,100.00
8209,26752,100.00
8210,23493,0.00
8211,39439,100.00
8212,32180,100.00
8213,22348,100.00
8214,22229,100.00
8215,21352,0.00
8216,35341,50.00
8217,37362,0.00
8218,45233,100.00
8219,19903,0.00
8220,23729,100.00
8221,31830,0.00
8222,41097,50.00
8223,29482,100.00
8224,28861,100.00
8225,21694,0.00
8226,22584,100.00
8227,33988,100.00
8228,30352,100.00
8229,28512,0.00
8230,23810,100.00
8231,34254,100.00
8232,31388,100.00
8233,33825,0.00
8234,26860,100.00
8235,20280,0.00
8236,27091,100.00
8237,32933,100.00
8238,35104,100.00
8239,44288,0.00
8240,27251,100.00
8241,54834,100.00
8242,25552,0.00
8243,25800,100.00
8244,21088,100.00
8245,38301,0.00
8246,31306,100.00
8247,20089,0.00
8248,40816,100.00
8249,30238,0.00
8250,28772,100.00
8251,35924,50.00
8252,42572,0.00
8253,52388,100.00
8254,18834,0.00
8255,20300,100.00
8256,20446,100.00
8257,23074,0.00
8258,23457,100.00
8259,52424,100.00
8260,47846,100.00
8261,52581,0.00
8262,28116,100.00
8263,59646,50.00
8264,20145,0.00
8265,22857,100.00
8266,24460,100.00
8267,24107,100.00
8268,33167,0.00
8269,46966,100.00
8270,19056,0.00
8271,31777,100.00
8272,24234,100.00
8273,32020,100.00
8274,35434,0.00
8275,33056,100.00
8276,22731,100.00
8277,23264,100.00
8278,22097,100.00
8279,35573,0.00
8280,44486,0.00
8281,52222,100.00
8282,41113,100.00
8283,32906,0.00
8284,32698,100.00
8285,41981,0.00
8286,25094,0.00
8287,30767,66.67
8288,19957,0.00
8289,20618,100.00
8290,34646,100.00
8291,34409,0.00
8292,24446,100.00
8293,24921,100.00
8294,39150,100.00
8295,37693,100.00
8296,23469,0.00
8297,31705,100.00
8298,26398,100.00
8299,51717,100.00
8300,21329,0.00
8301,38092,100.00
8302,24965,100.00
8303,35841,0.00
8304,32760,50.00
8305,54277,100.00
8306,20841,0.00
8307,21244,100.00
8308,24839,100.00
8309,35780,0.00
8310,57057,100.00
8311,24011,0.00
8312,22333,100.00
8313,23161,0.00
8314,24618,100.00
8315,49669,50.00
8316,53219,100.00
8317,22024,0.00
8318,21858,100.00
8319,21159,100.00
8320,23159,100.00
8321,37684,0.00
8322,36988,100.00
8323,30210,100.00
8324,42359,100.00
8325,41214,100.00
8326,33004,0.00
8327,27012,100.00
8328,27052,100.00
8329,42247,100.00
8330,20281,0.00
8331,30012,100.00
8332,36936,0.00
8333,22575,100.00
8334,29477,100.00
8335,21915,0.00
8336,35071,100.00
8337,31998,100.00
8338,23813,100.00
8339,22475,100.00
8340,22520,0.00
8341,22493,100.00
8342,42136,100.00
8343,40322,100.00
8344,51467,0.00
8345,28136,50.00
8346,26714,0.00
8347,59674,100.00
8348,21200,0.00
8349,24130,100.00
8350,36069,0.00
8351,36181,100.00
8352,20405,0.00
8353,27989,100.00
8354,34930,100.00
8355,30299,100.00
8356,25304,100.00
8357,46518,0.00
8358,35045,100.00
8359,25055,100.00
8360,25740,100.00
8361,23204,100.00
8362,54130,0.00
8363,59728,0.00
8364,46023,100.00
8365,49995,100.00
8366,18529,0.00
8367,33259,100.00
8368,44870,0.00
8369,30269,66.67
8370,18976,0.00
8371,22661,0.00
8372,21286,100.00
8373,41241,100.00
8374,34361,100.00
8375,25219,100.00
8376,25894,0.00
8377,41528,100.00
8378,41407,100.00
8379,24428,0.00
8380,37897,100.00
8381,38738,100.00
8382,22526,0.00
8383,41371,100.00
8384,37056,0.00
8385,48602,50.00
8386,28336,100.00
8387,59455,100.00
8388,20773,0.00
8389,21835,100.00
8390,29514,100.00
8391,27061,0.00
8392,48273,100.00
8393,20526,0.00
8394,32307,100.00
8395,24370,0.00
8396,24256,100.00
8397,35543,50.00
8398,59783,100.00
8399,21129,0.00
8400,21270,100.00
8401,22542,100.00
8402,21624,100.00
8403,25015,0.00
8404,39917,100.00
8405,38201,100.00
8406,33900,100.00
8407,33814,0.00
8408,33016,100.00
8409,56958,100.00
8410,21692,0.00
8411,23990,100.00
8412,24772,100.00
8413,32604,100.00
8414,20521,0.00
8415,46111,100.00
8416,55231,100.00
8417,22248,0.00
8418,22131,100.00
8419,53021,100.00
8420,40291,100.00
8421,22925,100.00
8422,21064,0.00
8423,24709,100.00
8424,24948,100.00
8425,44344,0.00
8426,36827,50.00
8427,41311,100.00
8428,22534,0.00
8429,23289,100.00
8430,34267,100.00
8431,47147,0.00
8432,29039,100.00
8433,23444,0.00
8434,23112,0.00
8435,21043,100.00
8436,36257,100.00
8437,33411,100.00
8438,25175,100.00
8439,23726,0.00
8440,37979,100.00
8441,33832,100.00
8442,24000,100.00
8443,30888,100.00
8444,26613,0.00
8445,38188,100.00
8446,72672,100.00
8447,33251,0.00
8448,23385,100.00
8449,35751,100.00
8450,50184,50.00
8451,26548,0.00
8452,22236,100.00
8453,24996,0.00
8454,23929,100.00
8455,22680,100.00
8456,34077,100.00
8457,28864,100.00
8458,37062,0.00
8459,25581,100.00
8460,19782,0.00
8461,26367,0.00
8462,30378,100.00
8463,37247,100.00
8464,34808,50.00
8465,23045,0.00
8466,22134,100.00
8467,36894,0.00
8468,36319,100.00
8469,25663,100.00
8470,30116,100.00
8471,28572,100.00
8472,30354,0.00
8473,34586,100.00
8474,28685,100.00
8475,31759,0.00
8476,40738,100.00
8477,19674,0.00
8478,30592,100.00
8479,22763,0.00
8480,29816,100.00
8481,21350,0.00
8482,39311,100.00
8483,35995,0.00
8484,22363,100.00
8485,25941,100.00
8486,23141,100.00
8487,36189,100.00
8488,36338,0.00
8489,36844,100.00
8490,34463,100.00
8491,22916,0.00
8492,22616,50.00
8493,54239,100.00
8494,22175,0.00
8495,33295,100.00
8496,24244,0.00
8497,33026,100.00
8498,43548,100.00
8499,18786,0.00
8500,22677,100.00
8501,24389,100.00
8502,36170,100.00
8503,33785,100.00
8504,22796,0.00
8505,21771,100.00
8506,24072,100.00
8507,22161,100.00
8508,49052,0.00
8509,44434,50.00
8510,40020,100.00
8511,19950,0.00
8512,23150,100.00
8513,48326,0.00
8514,47735,50.00
8515,35315,100.00
8516,21945,0.00
8517,21024,100.00
8518,37796,100.00
8519,29652,100.00
8520,24629,100.00
8521,24898,0.00
8522,26234,100.00
8523,36505,100.00
8524,37629,0.00
8525,21771,100.00
8526,32294,100.00
8527,22634,0.00
8528,38966,100.00
8529,32249,100.00
8530,37509,0.00
8531,37862,66.67
8532,20701,0.00
8533,33637,0.00
8534,24440,100.00
8535,21079,100.00
8536,34800,0.00
8537,26571,100.00
8538,54079,100.00
8539,22255,0.00
8540,22391,100.00
8541,23740,0.00
8542,37190,100.00
8543,47385,50.00
8544,47990,100.00
8545,18201,0.00
8546,22112,100.00
8547,21814,100.00
8548,23514,100.00
8549,37601,0.00
8550,33346,100.00
8551,30923,100.00
8552,33058,100.00
8553,45058,100.00
8554,26432,0.00
8555,26421,100.00
8556,27561,100.00
8557,17694,0.00
8558,42164,100.00
8559,45324,100.00
8560,23766,0.00
8561,22776,100.00
8562,27637,100.00
8563,21393,0.00
8564,37559,100.00
8565,34447,0.00
8566,22483,100.00
8567,22673,100.00
8568,21570,100.00
8569,22385,100.00
8570,38274,0.00
8571,63174,100.00
8572,40446,50.00
8573,22653,0.00
8574,22419,100.00
8575,41121,100.00
8576,44668,0.00
8577,21095,100.00
8578,32666,100.00
8579,18345,0.00
8580,33478,100.00
8581,30422,100.00
8582,28467,100.00
8583,26499,100.00
8584,22906,0.00
8585,42519,100.00
8586,33419,100.00
8587,22198,100.00
8588,33747,100.00
8589,26897,0.00
8590,43741,100.00
8591,56682,100.00
8592,22021,0.00
8593,25855,100.00
8594,32005,100.00
8595,57721,50.00
8596,21116,0.00
8597,23135,100.00
8598,22535,100.00
8599,23050,100.00
8600,26581,0.00
8601,36424,100.00
8602,31041,100.00
8603,24654,100.00
8604,35576,0.00
8605,23492,100.00
8606,48072,100.00
8607,21410,0.00
8608,27909,0.00
8609,34901,50.00
8610,28110,100.00
8611,40940,100.00
8612,22441,0.00
8613,33400,100.00
8614,27403,100.00
8615,36491,100.00
8616,36596,0.00
8617,26000,100.00
8618,35238,100.00
8619,26024,0.00
8620,60682,100.00
8621,24511,0.00
8622,33264,100.00
8623,35737,0.00
8624,24643,50.00
8625,31324,100.00
8626,18333,0.00
8627,47668,100.00
8628,31283,100.00
8629,25871,100.00
8630,26076,0.00
8631,24304,100.00
8632,47040,100.00
8633,42634,100.00
8634,27456,100.00
8635,35028,0.00
8636,22731,100.00
8637,39438,50.00
8638,60173,100.00
8639,22629,0.00
8640,34246,100.00
8641,23924,0.00
8642,59404,100.00
8643,21578,0.00
8644,24738,100.00
8645,25585,100.00
8646,25835,0.00
8647,47656,100.00
8648,38239,100.00
8649,25499,100.00
8650,24998,100.00
8651,24443,0.00
8652,31699,100.00
8653,44794,50.00
8654,40732,100.00
8655,21438,0.00
8656,22666,100.00
8657,22362,100.00
8658,54787,0.00
8659,40653,100.00
8660,20772,0.00
8661,22218,100.00
8662,29768,0.00
8663,37321,100.00
8664,32690,100.00
8665,26676,100.00
8666,27684,100.00
8667,41160,0.00
8668,39310,100.00
8669,24513,100.00
8670,35784,0.00
8671,49779,100.00
8672,31585,0.00
8673,31703,100.00
8674,44451,100.00
8675,37384,0.00
8676,25515,0.00
8677,57653,100.00
8678,27707,0.00
8679,23236,100.00
8680,21489,100.00
8681,38173,0.00
8682,24951,100.00
8683,58218,100.00
8684,20398,0.00
8685,23277,100.00
8686,21266,100.00
8687,36138,0.00
8688,63100,66.67
8689,20270,0.00
8690,19835,100.00
8691,24998,100.00
8692,22060,0.00
8693,23367,100.00
8694,41401,100.00
8695,43264,100.00
8696,34508,100.00
8697,39982,0.00
8698,48160,100.00
8699,24023,100.00
8700,31979,100.00
8701,21970,0.00
8702,22652,100.00
8703,44183,100.00
8704,47938,0.00
8705,22180,50.00
8706,25650,100.00
8707,20867,0.00
8708,24320,100.00
8709,39713,100.00
8710,32603,100.00
8711,24794,0.00
8712,21274,100.00
8713,21954,100.00
8714,21693,100.00
8715,36686,100.00
8716,38753,0.00
8717,51505,100.00
8718,26409,0.00
8719,37011,66.67
8720,21327,0.00
8721,31925,100.00
8722,23192,0.00
8723,30301,100.00
8724,26307,100.00
8725,25473,0.00
8726,26504,100.00
8727,28589,100.00
8728,26153,100.00
8729,24300,100.00
8730,36029,0.00
8731,30536,100.00
8732,24523,100.00
8733,23401,100.00
8734,35137,0.00
8735,34480,50.00
8736,67501,100.00
8737,33325,0.00
8738,26333,100.00
8739,33773,100.00
8740,38224,0.00
8741,43846,50.00
8742,28503,100.00
8743,18352,0.00
8744,22421,0.00
8745,19990,100.00
8746,39410,100.00
8747,34247,100.00
8748,24019,100.00
8749,25414,0.00
8750,38952,100.00
8751,41138,100.00
8752,23903,0.00
8753,23473,100.00
8754,30840,100.00
8755,21971,0.00
8756,37869,100.00
8757,41261,0.00
8758,29513,50.00
8759,24036,100.00
8760,56010,100.00
8761,20998,0.00
8762,21894,100.00
8763,32110,0.00
8764,34263,100.00
8765,20902,0.00
8766,41685,100.00
8767,37461,100.00
8768,24202,0.00
8769,32823,100.00
8770,43689,50.00
8771,24164,0.00
8772,30060,100.00
8773,23840,100.00
8774,22527,100.00
8775,20483,100.00
8776,22755,0.00
8777,29257,100.00
8778,39744,100.00
8779,34654,100.00
8780,38472,0.00
8781,41948,100.00
8782,20023,0.00
8783,30435,100.00
8784,25422,100.00
8785,24619,100.00
8786,31518,100.00
8787,21175,0.00
8788,32372,100.00
8789,39301,100.00
8790,21098,0.00
8791,22912,100.00
8792,37444,100.00
8793,34073,100.00
8794,23402,100.00
8795,20051,0.00
8796,22166,100.00
8797,22524,100.00
8798,52290,0.00
8799,40733,50.00
8800,40974,100.00
8801,22439,0.00
8802,21263,100.00
8803,39790,100.00
8804,50291,0.00
8805,32480,100.00
8806,21758,0.00
8807,22293,0.00
8808,24469,100.00
8809,28247,100.00
8810,31629,100.00
8811,26355,100.00
8812,23697,0.00
8813,41559,100.00
8814,35077,100.00
8815,31441,100.00
8816,24114,0.00
8817,29565,100.00
8818,46913,100.00
8819,22586,0.00
8820,41207,0.00
8821,38504,100.00
8822,25297,0.00
8823,57587,100.00
8824,20693,0.00
8825,21321,100.00
8826,20945,0.00
8827,36952,100.00
8828,23755,100.00
8829,59052,100.00
8830,20285,0.00
8831,21016,100.00
8832,20414,100.00
8833,35791,0.00
8834,54776,50.00
8835,45409,100.00
8836,17112,0.00
8837,21599,0.00
8838,20881,100.00
8839,23497,100.00
8840,41359,100.00
8841,37698,100.00
8842,28725,0.00
8843,38780,100.00
8844,46951,100.00
8845,25775,0.00
8846,30761,100.00
8847,21758,0.00
8848,23287,0.00
8849,44052,100.00
8850,43936,100.00
8851,21433,0.00
8852,26968,100.00
8853,22171,0.00
8854,23551,0.00
8855,44157,100.00
8856,35799,100.00
8857,24693,100.00
8858,23404,100.00
8859,21471,0.00
8860,24142,100.00
8861,44561,100.00
8862,39380,100.00
8863,51810,0.00
8864,26887,50.00
8865,43296,100.00
8866,26865,0.00
8867,35676,100.00
8868,24253,100.00
8869,34411,0.00
8870,26500,100.00
8871,19629,0.00
8872,33455,100.00
8873,30668,100.00
8874,26107,100.00
8875,28478,100.00
8876,30841,0.00
8877,28896,100.00
8878,22514,100.00
8879,23355,100.00
8880,21467,100.00
8881,51836,0.00
8882,65974,100.00
8883,32905,0.00
8884,26549,100.00
8885,24271,100.00
8886,45222,0.00
8887,37533,100.00
8888,29298,50.00
8889,22251,0.00
8890,22523,100.00
8891,22409,100.00
8892,38774,100.00
8893,32567,0.00
8894,26657,100.00
8895,24051,100.00
8896,41140,100.00
8897,43006,0.00
8898,21332,100.00
8899,28919,100.00
8900,22136,0.00
8901,23969,100.00
8902,41988,100.00
8903,42626,100.00
8904,30658,0.00
8905,33376,100.00
8906,50231,100.00
8907,21110,0.00
8908,21680,100.00
8909,33023,100.00
8910,28963,0.00
8911,44194,100.00
8912,19917,0.00
8913,29912,100.00
8914,24195,100.00
8915,36073,0.00
8916,49153,66.67
8917,22121,0.00
8918,25916,0.00
8919,22088,100.00
8920,23598,100.00
8921,25083,100.00
8922,24768,100.00
8923,37262,0.00
8924,36601,100.00
8925,54340,100.00
8926,23434,0.00
8927,34769,100.00
8928,38970,100.00
8929,20741,0.00
8930,24399,100.00
8931,24931,0.00
8932,31467,100.00
8933,25120,50.00
8934,32772,0.00
8935,45142,100.00
8936,21405,0.00
8937,24341,100.00
8938,39138,100.00
8939,31689,0.00
8940,20556,100.00
8941,21737,100.00
8942,21655,100.00
8943,23165,100.00
8944,54432,0.00
8945,32190,0.00
8946,33727,100.00
8947,31266,100.00
8948,20744,0.00
8949,34945,100.00
8950,43970,0.00
8951,29141,100.00
8952,21752,0.00
8953,21716,100.00
8954,28245,100.00
8955,24147,100.00
8956,29087,0.00
8957,27607,100.00
8958,23393,100.00
8959,34149,100.00
8960,28649,100.00
8961,22925,0.00
8962,34562,100.00
8963,25986,0.00
8964,48416,100.00
8965,22474,0.00
8966,34837,100.00
8967,26041,0.00
8968,35080,100.00
8969,53132,50.00
8970,20234,0.00
8971,21397,100.00
8972,20773,100.00
8973,30983,0.00
8974,47321,100.00
8975,20885,0.00
8976,30650,0.00
8977,22465,100.00
8978,34121,100.00
8979,34868,100.00
8980,55009,100.00
8981,19435,0.00
8982,18717,100.00
8983,22689,100.00
8984,21718,0.00
8985,24466,100.00
8986,49344,100.00
8987,43380,100.00
8988,26027,100.00
8989,43679,0.00
8990,38969,100.00
8991,35983,50.00
8992,25645,0.00
8993,30913,100.00
8994,28213,0.00
8995,29306,0.00
8996,29036,100.00
8997,32702,50.00
8998,28151,100.00
8999,21485,0.00
9000,48577,100.00
9001,33680,0.00
9002,28320,100.00
9003,20401,100.00
9004,23724,100.00
9005,22857,100.00
9006,30083,0.00
9007,35207,100.00
9008,33611,100.00
9009,35876,0.00
9010,25142,50.00
9011,42999,100.00
9012,20747,0.00
9013,34771,100.00
9014,23797,100.00
9015,33417,0.00
9016,35880,100.00
9017,19763,0.00
9018,26951,0.00
9019,25207,100.00
9020,23581,100.00
9021,35050,100.00
9022,38163,100.00
9023,23848,0.00
9024,20585,100.00
9025,22964,100.00
9026,22791,100.00
9027,40966,0.00
9028,30259,50.00
9029,36588,100.00
9030,22494,0.00
9031,22330,100.00
9032,38262,100.00
9033,32688,0.00
9034,24380,50.00
9035,27231,100.00
9036,17989,0.00
9037,30454,0.00
9038,26053,100.00
9039,29222,100.00
9040,25502,100.00
9041,23530,100.00
9042,33981,0.00
9043,37489,100.00
9044,21942,0.00
9045,31010,100.00
9046,21538,0.00
9047,39287,100.00
9048,33529,0.00
9049,43780,100.00
9050,29018,0.00
9051,46696,100.00
9052,19968,0.00
9053,29877,100.00
9054,21026,0.00
9055,32307,100.00
9056,28124,100.00
9057,40690,100.00
9058,20445,0.00
9059,28861,100.00
9060,22447,100.00
9061,34354,0.00
9062,52002,50.00
9063,24971,0.00
9064,23815,100.00
9065,20966,100.00
9066,21584,100.00
9067,22792,100.00
9068,23647,0.00
9069,46048,100.00
9070,40638,100.00
9071,48037,100.00
9072,24752,0.00
9073,38698,100.00
9074,43664,100.00
9075,22398,0.00
9076,23859,0.00
9077,23777,100.00
9078,31798,50.00
9079,48153,100.00
9080,18700,0.00
9081,28886,100.00
9082,24309,0.00
9083,35262,100.00
9084,36925,100.00
9085,24905,100.00
9086,20208,100.00
9087,22009,0.00
9088,22826,100.00
9089,41990,100.00
9090,33082,0.00
9091,39940,66.67
9092,23010,0.00
9093,20912,0.00
9094,38111,100.00
9095,44112,100.00
9096,25064,0.00
9097,26979,100.00
9098,17791,0.00
9099,32690,100.00
9100,26755,100.00
9101,32461,0.00
9102,27000,100.00
9103,25853,100.00
9104,37433,100.00
9105,30174,100.00
9106,22909,0.00
9107,35113,100.00
9108,25489,0.00
9109,63074,100.00
9110,19965,0.00
9111,22970,100.00
9112,35684,0.00
9113,25120,100.00
9114,50081,50.00
9115,46927,100.00
9116,19599,0.00
9117,24903,100.00
9118,22027,100.00
9119,32648,100.00
9120,25250,0.00
9121,40049,100.00
9122,29151,100.00
9123,18833,0.00
9124,20575,100.00
9125,34349,100.00
9126,37432,0.00
9127,25892,50.00
9128,32517,100.00
9129,20939,0.00
9130,39738,100.00
9131,36154,100.00
9132,32022,100.00
9133,24626,100.00
9134,35482,0.00
9135,30802,100.00
9136,23870,100.00
9137,36438,0.00
9138,37567,100.00
9139,21178,0.00
9140,28120,0.00
9141,23013,100.00
9142,32267,50.00
9143,23406,0.00
9144,29084,100.00
9145,26865,0.00
9146,38563,100.00
9147,24285,100.00
9148,24932,0.00
9149,24002,100.00
9150,32464,100.00
9151,33961,100.00
9152,32611,100.00
9153,28408,0.00
9154,49587,100.00
9155,39284,100.00
9156,21161,0.00
9157,36607,100.00
9158,31841,100.00
9159,25079,0.00
9160,23162,100.00
9161,50079,100.00
9162,19332,0.00
9163,22327,100.00
9164,24959,100.00
9165,29014,100.00
9166,37139,100.00
9167,26881,0.00
9168,22489,100.00
9169,27307,100.00
9170,23663,100.00
9171,52394,0.00
9172,65400,50.00
9173,43748,100.00
9174,22767,0.00
9175,23362,100.00
9176,41239,0.00
9177,33929,100.00
9178,32042,100.00
9179,22435,0.00
9180,24122,100.00
9181,31485,100.00
9182,28862,100.00
9183,25672,100.00
9184,25292,0.00
9185,23914,100.00
9186,33972,100.00
9187,30135,100.00
9188,33336,0.00
9189,35450,100.00
9190,21538,0.00
9191,31731,100.00
9192,30532,0.00
9193,34837,100.00
9194,26600,0.00
9195,41693,66.67
9196,20774,0.00
9197,30483,100.00
9198,23774,0.00
9199,30715,100.00
9200,26621,100.00
9201,42167,100.00
9202,20625,0.00
9203,27481,100.00
9204,35397,100.00
9205,35803,100.00
9206,47789,100.00
9207,23111,0.00
9208,24010,100.00
9209,20141,0.00
9210,23190,100.00
9211,22694,100.00
9212,22807,100.00
9213,38540,100.00
9214,32865,0.00
9215,23056,100.00
9216,36935,100.00
9217,44510,0.00
9218,22920,100.00
9219,29420,100.00
9220,21337,0.00
9221,31600,100.00
9222,30780,100.00
9223,37983,0.00
9224,27942,66.67
9225,20234,0.00
9226,23898,0.00
9227,23448,100.00
9228,37190,100.00
9229,31842,100.00
9230,20772,100.00
9231,24174,0.00
9232,22829,100.00
9233,25673,100.00
9234,45956,0.00
9235,43407,100.00
9236,42716,100.00
9237,32919,0.00
9238,30711,100.00
9239,30139,100.00
9240,41983,0.00
9241,35680,100.00
9242,22689,0.00
9243,20485,100.00
9244,34136,100.00
9245,28298,0.00
9246,25332,100.00
9247,24535,100.00
9248,33749,100.00
9249,28355,100.00
9250,21805,0.00
9251,19455,100.00
9252,35611,100.00
9253,32435,0.00
9254,46415,100.00
9255,33158,0.00
9256,24124,0.00
9257,36371,100.00
9258,31885,0.00
9259,46744,100.00
9260,20804,0.00
9261,21766,100.00
9262,24474,0.00
9263,22868,100.00
9264,38234,100.00
9265,29241,100.00
9266,26690,100.00
9267,32636,0.00
9268,23491,0.00
9269,39886,100.00
9270,19660,0.00
9271,30047,100.00
9272,36203,0.00
9273,23932,50.00
9274,36943,100.00
9275,21824,0.00
9276,31283,100.00
9277,24237,100.00
9278,27515,100.00
9279,31463,0.00
9280,29874,100.00
9281,25925,100.00
9282,35991,0.00
9283,25284,100.00
9284,56413,100.00
9285,20123,0.00
9286,35598,100.00
9287,30595,0.00
9288,31253,66.67
9289,22202,0.00
9290,48131,0.00
9291,37813,100.00
9292,25279,100.00
9293,24335,100.00
9294,23427,100.00
9295,40295,0.00
9296,38891,100.00
9297,28169,100.00
9298,31723,100.00
9299,23145,0.00
9300,33774,100.00
9301,43461,100.00
9302,22452,0.00
9303,31634,0.00
9304,22232,50.00
9305,35277,100.00
9306,44318,100.00
9307,22044,0.00
9308,23023,100.00
9309,24327,100.00
9310,43437,100.00
9311,36220,0.00
9312,24289,100.00
9313,23228,100.00
9314,22245,100.00
9315,40179,100.00
9316,31316,0.00
9317,34408,66.67
9318,21795,0.00
9319,21000,0.00
9320,35021,100.00
9321,32849,100.00
9322,26995,0.00
9323,27868,100.00
9324,19122,0.00
9325,27994,100.00
9326,26165,100.00
9327,29436,0.00
9328,23973,100.00
9329,24803,100.00
9330,31902,100.00
9331,29075,100.00
9332,30429,0.00
9333,23435,50.00
9334,27863,100.00
9335,51903,100.00
9336,22004,0.00
9337,35336,100.00
9338,38577,0.00
9339,46626,100.00
9340,20964,0.00
9341,32301,0.00
9342,24995,100.00
9343,23372,100.00
9344,33910,0.00
9345,41000,100.00
9346,19316,0.00
9347,25948,100.00
9348,20842,100.00
9349,34259,0.00
9350,44122,100.00
9351,22795,0.00
9352,26121,0.00
9353,22069,100.00
9354,23856,100.00
9355,24263,100.00
9356,24590,100.00
9357,45472,0.00
9358,40747,100.00
9359,24965,100.00
9360,46087,100.00
9361,49719,0.00
9362,24875,50.00
9363,31396,100.00
9364,20581,0.00
9365,35763,100.00
9366,33189,100.00
9367,40389,0.00
9368,27611,66.67
9369,20207,0.00
9370,23617,100.00
9371,24570,0.00
9372,42623,100.00
9373,31641,100.00
9374,22235,100.00
9375,24968,100.00
9376,21806,0.00
9377,34736,100.00
9378,36276,100.00
9379,32564,100.00
9380,35971,0.00
9381,31106,100.00
9382,20113,0.00
9383,43513,100.00
9384,41937,100.00
9385,37044,0.00
9386,25231,100.00
9387,43096,100.00
9388,19170,0.00
9389,25218,100.00
9390,24306,100.00
9391,23276,100.00
9392,33675,100.00
9393,33798,0.00
9394,23008,100.00
9395,18915,100.00
9396,31426,100.00
9397,26227,0.00
9398,43686,50.00
9399,35232,100.00
9400,20315,0.00
9401,25003,0.00
9402,33874,100.00
9403,54062,100.00
9404,21794,0.00
9405,24084,100.00
9406,24182,100.00
9407,20413,0.00
9408,42154,100.00
9409,30654,100.00
9410,25675,100.00
9411,24149,100.00
9412,33756,0.00
9413,40483,100.00
9414,23019,50.00
9415,21194,0.00
9416,29424,100.00
9417,22066,0.00
9418,35668,100.00
9419,43592,100.00
9420,31733,0.00
9421,29221,50.00
9422,55873,100.00
9423,26459,0.00
9424,27199,100.00
9425,34162,100.00
9426,38766,0.00
9427,35251,100.00
9428,28893,0.00
9429,28436,100.00
9430,32062,100.00
9431,23271,0.00
9432,36678,100.00
9433,53015,100.00
9434,24026,0.00
9435,21126,100.00
9436,18971,100.00
9437,24553,100.00
9438,22864,100.00
9439,23142,0.00
9440,46157,100.00
9441,42317,100.00
9442,50657,0.00
9443,26009,100.00
9444,54125,100.00
9445,24273,0.00
9446,25406,100.00
9447,24892,100.00
9448,22187,100.00
9449,31855,0.00
9450,40956,50.00
9451,18471,0.00
9452,31037,100.00
9453,26771,100.00
9454,27363,100.00
9455,37292,100.00
9456,30524,0.00
9457,21090,100.00
9458,22729,100.00
9459,20889,100.00
9460,31511,100.00
9461,39922,0.00
9462,48844,100.00
9463,42990,100.00
9464,33436,0.00
9465,29616,100.00
9466,41390,50.00
9467,26697,0.00
9468,33725,100.00
9469,19854,0.00
9470,20972,0.00
9471,36928,100.00
9472,29084,100.00
9473,25231,100.00
9474,24654,100.00
9475,36681,0.00
9476,35273,100.00
9477,22167,100.00
9478,30235,0.00
9479,34196,66.67
9480,22532,0.00
9481,37441,0.00
9482,30362,100.00
9483,26678,100.00
9484,36562,0.00
9485,58285,100.00
9486,26873,0.00
9487,24417,100.00
9488,21065,100.00
9489,35600,0.00
9490,40337,66.67
9491,20376,0.00
9492,30318,0.00
9493,23143,100.00
9494,23087,100.00
9495,35778,0.00
9496,56206,100.00
9497,19246,0.00
9498,20166,0.00
9499,21403,100.00
9500,21307,100.00
9501,22866,100.00
9502,34389,100.00
9503,44056,0.00
9504,38037,100.00
9505,35421,100.00
9506,34993,100.00
9507,35844,0.00
9508,33679,100.00
9509,21675,0.00
9510,23478,100.00
9511,38472,100.00
9512,42466,100.00
9513,24314,0.00
9514,21639,50.00
9515,26550,100.00
9516,22104,0.00
9517,35147,0.00
9518,35416,100.00
9519,22341,100.00
9520,21621,100.00
9521,22990,100.00
9522,23037,0.00
9523,37416,100.00
9524,33746,100.00
9525,50439,0.00
9526,22614,100.00
9527,22892,100.00
9528,42829,100.00
9529,22597,0.00
9530,31820,100.00
9531,36602,0.00
9532,22823,50.00
9533,37621,100.00
9534,18692,0.00
9535,28064,100.00
9536,22971,100.00
9537,23384,100.00
9538,35664,100.00
9539,28839,0.00
9540,23538,100.00
9541,22461,100.00
9542,21106,100.00
9543,34990,0.00
9544,37571,50.00
9545,41981,100.00
9546,19898,0.00
9547,23478,100.00
9548,32251,100.00
9549,42811,0.00
9550,32163,100.00
9551,35068,100.00
9552,21831,0.00
9553,21101,0.00
9554,37927,100.00
9555,31454,100.00
9556,26679,100.00
9557,24659,100.00
9558,33221,0.00
9559,36180,100.00
9560,34511,50.00
9561,27958,100.00
9562,21233,0.00
9563,25050,100.00
9564,37529,100.00
9565,29394,100.00
9566,40373,0.00
9567,38575,50.00
9568,19847,0.00
9569,36058,100.00
9570,24169,100.00
9571,31751,100.00
9572,32844,100.00
9573,20421,0.00
9574,30310,100.00
9575,26123,0.00
9576,24654,100.00
9577,38014,100.00
9578,34005,0.00
9579,56889,100.00
9580,20193,0.00
9581,19428,100.00
9582,23053,100.00
9583,20465,0.00
9584,22857,100.00
9585,24122,100.00
9586,50437,100.00
9587,40280,100.00
9588,48518,0.00
9589,49778,100.00
9590,21104,0.00
9591,33812,100.00
9592,24955,100.00
9593,24983,100.00
9594,23713,0.00
9595,31399,100.00
9596,46064,50.00
9597,18492,0.00
9598,31513,100.00
9599,25295,100.00
9600,36024,100.00
9601,36838,100.00
9602,23982,0.00
9603,19603,100.00
9604,22666,100.00
9605,22969,100.00
9606,49496,0.00
9607,40880,100.00
9608,41674,100.00
9609,21726,0.00
9610,21772,100.00
9611,39054,100.00
9612,44527,0.00
9613,30992,100.00
9614,22822,0.00
9615,21929,100.00
9616,20930,100.00
9617,36765,100.00
9618,32203,100.00
9619,25787,0.00
9620,23549,100.00
9621,35203,100.00
9622,31925,100.00
9623,23780,100.00
9624,35167,0.00
9625,26108,0.00
9626,37018,100.00
9627,57993,100.00
9628,33707,0.00
9629,24545,100.00
9630,34735,0.00
9631,57142,100.00
9632,19451,0.00
9633,21972,100.00
9634,22122,100.00
9635,36770,100.00
9636,48799,50.00
9637,20278,0.00
9638,30623,100.00
9639,23290,0.00
9640,21754,100.00
9641,33663,100.00
9642,55876,100.00
9643,19586,0.00
9644,20408,100.00
9645,23556,100.00
9646,22476,100.00
9647,23095,0.00
9648,45175,100.00
9649,43318,100.00
9650,24676,100.00
9651,46039,100.00
9652,40090,0.00
9653,37124,100.00
9654,26675,0.00
9655,40204,100.00
9656,28335,0.00
9657,31734,100.00
9658,40237,0.00
9659,23074,100.00
9660,24439,50.00
9661,26881,100.00
9662,28010,0.00
9663,37692,100.00
9664,27531,100.00
9665,23591,100.00
9666,24739,0.00
9667,22737,100.00
9668,37044,100.00
9669,45336,100.00
9670,34901,100.00
9671,37327,0.00
9672,33181,100.00
9673,26100,0.00
9674,38609,100.00
9675,40226,100.00
9676,33405,100.00
9677,26853,0.00
9678,24470,100.00
9679,54651,100.00
9680,19543,0.00
9681,24070,100.00
9682,24575,100.00
9683,41576,100.00
9684,34703,100.00
9685,26446,0.00
9686,20305,100.00
9687,23310,100.00
9688,22733,100.00
9689,43727,0.00
9690,46085,50.00
9691,37496,100.00
9692,22390,0.00
9693,21857,100.00
9694,41812,0.00
9695,37810,100.00
9696,35468,100.00
9697,21160,0.00
9698,21775,100.00
9699,31258,100.00
9700,27453,100.00
9701,30658,100.00
9702,26794,0.00
9703,23918,100.00
9704,38398,100.00
9705,38934,0.00
9706,21666,50.00
9707,28143,100.00
9708,21711,0.00
9709,41208,100.00
9710,30584,100.00
9711,40221,0.00
9712,27107,100.00
9713,41440,100.00
9714,18929,0.00
9715,30237,100.00
9716,21840,100.00
9717,32892,0.00
9718,27995,100.00
9719,20622,0.00
9720,35193,100.00
9721,29799,100.00
9722,23859,0.00
9723,34324,100.00
9724,45846,100.00
9725,23752,0.00
9726,23441,100.00
9727,19826,100.00
9728,23106,0.00
9729,21501,100.00
9730,23614,100.00
9731,36543,100.00
9732,30386,100.00
9733,23588,0.00
9734,32520,50.00
9735,41410,100.00
9736,19744,0.00
9737,28052,100.00
9738,24217,100.00
9739,20902,100.00
9740,32460,0.00
9741,22020,50.00
9742,52674,100.00
9743,20780,0.00
9744,23648,100.00
9745,23837,100.00
9746,52397,100.00
9747,37504,0.00
9748,24987,100.00
9749,23161,100.00
9750,21689,100.00
9751,23503,100.00
9752,45612,0.00
9753,45884,100.00
9754,19650,0.00
9755,23696,100.00
9756,22503,100.00
9757,51370,0.00
9758,41681,50.00
9759,41733,100.00
9760,23320,0.00
9761,21202,100.00
9762,40370,100.00
9763,30924,100.00
9764,25815,0.00
9765,24261,100.00
9766,32512,100.00
9767,31403,100.00
9768,21660,100.00
9769,20383,0.00
9770,35661,100.00
9771,45361,50.00
9772,22579,0.00
9773,38240,100.00
9774,22725,100.00
9775,36562,0.00
9776,24570,0.00
9777,52252,100.00
9778,19611,0.00
9779,21906,100.00
9780,24044,100.00
9781,22594,0.00
9782,34449,100.00
9783,26742,100.00
9784,39051,0.00
9785,22707,50.00
9786,27138,100.00
9787,19106,0.00
9788,33596,100.00
9789,37858,100.00
9790,24738,0.00
9791,28673,100.00
9792,20203,0.00
9793,31672,100.00
9794,34223,100.00
9795,28423,0.00
9796,25321,100.00
9797,36160,100.00
9798,30879,100.00
9799,24776,100.00
9800,35834,0.00
9801,42399,100.00
9802,20510,0.00
9803,30523,100.00
9804,22243,100.00
9805,31834,0.00
9806,24440,50.00
9807,29172,100.00
9808,27725,0.00
9809,34149,0.00
9810,24448,100.00
9811,23221,100.00
9812,25860,100.00
9813,30975,100.00
9814,34516,0.00
9815,36550,100.00
9816,27376,100.00
9817,33791,0.00
9818,36030,100.00
9819,22786,0.00
9820,36625,0.00
9821,37411,100.00
9822,25671,50.00
9823,29626,0.00
9824,44662,100.00
9825,19687,0.00
9826,21800,100.00
9827,24506,100.00
9828,32390,0.00
9829,30157,100.00
9830,20689,100.00
9831,21170,100.00
9832,21743,100.00
9833,23103,0.00
9834,46275,100.00
9835,36890,100.00
9836,21939,0.00
9837,21617,100.00
9838,21688,100.00
9839,43336,0.00
9840,44471,100.00
9841,21932,0.00
9842,23241,100.00
9843,21169,100.00
9844,39644,100.00
9845,27435,0.00
9846,25211,100.00
9847,23738,100.00
9848,31380,100.00
9849,32135,100.00
9850,33828,0.00
9851,23027,0.00
9852,31016,100.00
9853,21606,0.00
9854,35793,100.00
9855,27769,100.00
9856,39114,0.00
9857,37957,100.00
9858,20523,0.00
9859,30213,100.00
9860,24403,100.00
9861,22588,100.00
9862,36125,0.00
9863,26227,100.00
9864,45794,100.00
9865,23087,0.00
9866,22662,100.00
9867,23908,100.00
9868,33297,0.00
9869,53974,100.00
9870,20036,0.00
9871,21481,100.00
9872,20930,100.00
9873,20421,0.00
9874,22772,100.00
9875,37506,100.00
9876,37889,100.00
9877,31781,100.00
9878,37191,0.00
9879,47006,100.00
9880,22897,50.00
9881,47909,0.00
9882,31847,100.00
9883,20117,0.00
9884,36034,100.00
9885,40785,100.00
9886,30270,0.00
9887,22642,50.00
9888,26309,100.00
9889,21407,0.00
9890,33854,100.00
9891,29775,100.00
9892,22650,100.00
9893,24187,100.00
9894,22002,0.00
9895,23329,100.00
9896,46610,100.00
9897,53852,0.00
9898,29607,100.00
9899,28093,100.00
9900,19402,0.00
9901,44295,100.00
9902,49215,0.00
9903,35770,50.00
9904,22632,0.00
9905,21157,100.00
9906,39460,100.00
9907,29946,100.00
9908,26437,0.00
9909,25274,100.00
9910,32862,100.00
9911,37103,100.00
9912,25800,100.00
9913,21041,0.00
9914,34837,100.00
9915,26050,0.00
9916,60255,100.00
9917,19657,0.00
9918,23530,100.00
9919,39929,0.00
9920,25814,100.00
9921,55130,100.00
9922,47433,100.00
9923,20525,0.00
9924,25026,100.00
9925,22731,100.00
9926,32432,100.00
9927,28757,0.00
9928,31234,100.00
9929,25669,100.00
9930,36160,0.00
9931,26431,100.00
9932,48983,100.00
9933,24783,0.00
9934,28176,100.00
9935,35463,0.00
9936,32169,100.00
9937,21872,0.00
9938,42920,0.00
9939,40048,100.00
9940,27130,100.00
9941,36599,100.00
9942,36448,100.00
9943,25467,0.00
9944,35850,100.00
9945,26792,50.00
9946,54549,100.00
9947,22270,0.00
9948,35956,100.00
9949,31749,100.00
9950,23332,0.00
9951,32750,100.00
9952,19611,0.00
9953,37409,100.00
9954,28634,0.00
9955,22762,100.00
9956,25213,100.00
9957,22316,100.00
9958,39916,100.00
9959,37288,0.00
9960,27485,100.00
9961,36531,100.00
9962,21764,0.00
9963,36948,100.00
9964,52372,100.00
9965,21848,0.00
9966,30516,100.00
9967,21296,100.00
9968,33669,0.00
9969,47800,100.00
9970,21276,0.00
9971,22107,100.00
9972,25069,100.00
9973,38342,0.00
9974,31654,100.00
9975,24186,100.00
9976,22562,100.00
9977,21956,100.00
9978,23403,0.00
9979,44413,100.00
9980,36382,100.00
9981,22094,0.00
9982,20737,100.00
9983,23511,100.00
9984,50274,0.00
9985,47411,100.00
9986,24955,0.00
9987,24161,100.00
9988,21521,100.00
9989,46171,100.00
9990,30278,0.00
9991,24895,100.00
9992,24614,100.00
9993,32971,100.00
9994,33821,100.00
9995,23449,0.00
9996,29704,100.00
9997,36589,50.00
9998,40741,0.00
9999,35965,100.00
10000,50761,100.00
10001,36613,0.00
10002,28107,100.00
10003,55045,100.00
10004,21581,0.00
10005,28459,100.00
10006,23389,100.00
10007,37553,0.00
10008,46546,66.67
10009,20354,0.00
10010,32104,0.00
10011,22902,100.00
10012,20914,100.00
10013,36489,0.00
10014,62951,100.00
10015,21241,0.00
10016,25952,100.00
10017,22540,100.00
10018,21785,0.00
10019,24811,100.00
10020,50966,100.00
10021,49832,100.00
10022,34927,100.00
10023,52626,0.00
10024,70021,100.00
10025,26927,50.00
10026,27450,0.00
10027,24844,100.00
10028,22397,0.00
10029,45550,100.00
10030,47480,0.00
10031,25089,100.00
10032,20566,0.00
10033,20240,100.00
10034,24719,100.00
10035,45139,100.00
10036,34673,100.00
10037,24681,0.00
10038,24187,100.00
10039,23008,100.00
10040,33417,100.00
10041,35639,100.00
10042,33545,0.00
10043,36823,50.00
10044,29878,100.00
10045,19519,0.00
10046,45241,100.00
10047,43711,100.00
10048,38972,0.00
10049,25509,0.00
10050,39206,100.00
10051,19464,0.00
10052,27178,100.00
10053,23499,100.00
10054,23383,0.00
10055,32659,100.00
10056,31971,100.00
10057,22566,100.00
10058,20261,100.00
10059,33318,0.00
10060,26296,100.00
10061,44796,100.00
10062,39404,100.00
10063,20591,0.00
10064,24375,100.00
10065,38786,0.00
10066,44023,100.00
10067,20359,0.00
10068,22816,0.00
10069,24020,100.00
10070,21294,100.00
10071,37126,100.00
10072,29317,100.00
10073,25142,0.00
10074,23744,100.00
10075,32820,100.00
10076,38916,100.00
10077,23429,0.00
10078,21506,50.00
10079,31450,100.00
10080,21967,0.00
10081,37795,0.00
10082,39892,100.00
10083,29772,100.00
10084,25958,0.00
10085,53919,100.00
10086,21138,0.00
10087,21913,100.00
10088,33370,0.00
10089,35481,50.00
10090,20972,0.00
10091,40414,100.00
10092,37723,100.00
10093,24964,100.00
10094,34451,100.00
10095,44096,100.00
10096,23175,0.00
10097,34169,100.00
10098,23037,0.00
10099,22031,100.00
10100,20200,100.00
10101,23120,100.00
10102,32601,100.00
10103,43107,0.00
10104,37537,100.00
10105,38743,50.00
10106,48044,100.00
10107,34301,0.00
10108,34261,100.00
10109,27061,0.00
10110,25766,100.00
10111,31387,100.00
10112,20462,0.00
10113,35674,100.00
10114,52476,100.00
10115,21438,0.00
10116,24304,100.00
10117,45123,0.00
10118,39644,100.00
10119,24047,100.00
10120,20085,100.00
10121,22745,100.00
10122,22542,0.00
10123,44615,50.00
10124,38957,0.00
10125,42141,100.00
10126,22579,0.00
10127,21527,100.00
10128,50007,0.00
10129,46059,50.00
10130,26040,100.00
10131,28902,100.00
10132,17783,0.00
10133,31931,100.00
10134,27262,100.00
10135,30549,100.00
10136,27127,0.00
10137,29861,100.00
10138,31553,100.00
10139,28838,100.00
10140,32991,0.00
10141,24956,100.00
10142,54843,100.00
10143,26714,0.00
10144,30836,100.00
10145,42316,100.00
10146,39084,0.00
10147,25592,100.00
10148,64579,100.00
10149,20821,0.00
10150,21643,100.00
10151,24743,100.00
10152,37675,0.00
10153,55186,66.67
10154,20944,0.00
10155,33051,100.00
10156,38141,0.00
10157,26022,100.00
10158,40945,100.00
10159,52596,100.00
10160,18977,0.00
10161,18669,100.00
10162,23691,100.00
10163,24214,100.00
10164,23666,0.00
10165,49112,100.00
10166,40539,100.00
10167,32955,100.00
10168,31613,100.00
10169,45908,0.00
10170,32666,50.00
10171,22690,0.00
10172,23756,100.00
10173,23702,100.00
10174,43839,100.00
10175,47777,0.00
10176,20910,0.00
10177,27866,100.00
10178,22521,0.00
10179,22581,100.00
10180,45335,100.00
10181,37570,0.00
10182,23560,100.00
10183,25124,100.00
10184,24917,100.00
10185,24405,100.00
10186,45517,0.00
10187,42471,100.00
10188,54294,50.00
10189,32446,0.00
10190,55020,100.00
10191,21417,0.00
10192,39059,0.00
10193,24817,100.00
10194,34281,100.00
10195,20457,0.00
10196,42151,100.00
10197,19164,0.00
10198,30485,0.00
10199,24994,100.00
10200,20462,100.00
10201,41779,100.00
10202,32465,100.00
10203,24239,0.00
10204,23380,100.00
10205,21118,100.00
10206,36304,0.00
10207,67115,100.00
10208,32866,0.00
10209,24052,0.00
10210,25469,100.00
10211,38572,100.00
10212,41385,0.00
10213,23728,100.00
10214,28224,100.00
10215,19582,0.00
10216,21186,100.00
10217,38822,0.00
10218,32242,100.00
10219,25621,100.00
10220,24000,100.00
10221,35613,100.00
10222,41216,0.00
10223,23423,100.00
10224,21899,50.00
10225,32081,100.00
10226,22459,0.00
10227,32513,100.00
10228,30066,100.00
10229,39881,0.00
10230,36647,100.00
10231,19675,0.00
10232,30694,100.00
10233,24249,100.00
10234,31023,100.00
10235,32116,50.00
10236,20457,0.00
10237,29876,100.00
10238,29740,100.00
10239,28407,0.00
10240,24581,100.00
10241,36289,100.00
10242,58870,100.00
10243,19478,0.00
10244,20290,100.00
10245,22408,100.00
10246,20094,100.00
10247,22202,0.00
10248,24107,100.00
10249,47403,100.00
10250,38326,100.00
10251,48624,0.00
10252,42301,50.00
10253,18121,0.00
10254,31596,100.00
10255,25486,100.00
10256,23985,100.00
10257,20654,100.00
10258,31339,0.00
10259,43831,100.00
10260,18422,0.00
10261,30947,100.00
10262,25682,100.00
10263,33221,100.00
10264,33599,0.00
10265,25591,100.00
10266,22213,100.00
10267,24042,100.00
10268,22755,100.00
10269,33900,0.00
10270,36865,0.00
10271,37895,100.00
10272,21598,0.00
10273,21042,100.00
10274,35206,100.00
10275,45467,0.00
10276,26587,50.00
10277,22145,0.00
10278,21512,100.00
10279,20966,100.00
10280,33041,100.00
10281,30503,0.00
10282,25993,100.00
10283,24111,100.00
10284,43222,100.00
10285,36973,100.00
10286,25147,0.00
10287,34669,100.00
10288,26320,0.00
10289,36585,100.00
10290,55637,100.00
10291,33476,0.00
10292,24626,0.00
10293,35418,50.00
10294,51762,100.00
10295,20234,0.00
10296,21479,100.00
10297,21916,100.00
10298,35204,0.00
10299,46318,66.67
10300,20769,0.00
10301,28011,0.00
10302,23187,100.00
10303,23972,100.00
10304,33487,0.00
10305,54223,100.00
10306,18829,0.00
10307,19355,0.00
10308,22890,100.00
10309,23404,100.00
10310,24446,100.00
10311,54281,100.00
10312,41862,0.00
10313,32069,100.00
10314,31605,100.00
10315,29557,100.00
10316,33920,0.00
10317,30433,50.00
10318,20585,0.00
10319,34983,100.00
10320,32278,100.00
10321,36027,0.00
10322,20832,100.00
10323,28809,100.00
10324,21277,0.00
10325,35849,100.00
10326,31093,100.00
10327,21942,100.00
10328,22116,100.00
10329,21134,0.00
10330,21866,100.00
10331,36498,100.00
10332,36300,100.00
10333,49447,100.00
10334,27417,0.00
10335,22119,100.00
10336,56530,100.00
10337,30017,0.00
10338,24825,100.00
10339,29118,100.00
10340,21741,0.00
10341,52805,100.00
10342,19744,0.00
10343,28671,0.00
10344,24555,100.00
10345,23636,100.00
10346,43465,100.00
10347,34393,100.00
10348,24813,0.00
10349,23270,100.00
10350,23442,100.00
10351,33370,100.00
10352,42044,0.00
10353,42917,100.00
10354,33140,100.00
10355,20493,0.00
10356,21819,0.00
10357,51637,50.00
10358,35822,100.00
10359,19917,0.00
10360,21813,100.00
10361,20160,100.00
10362,36964,0.00
10363,31939,100.00
10364,25359,100.00
10365,24256,100.00
10366,38972,100.00
10367,34311,0.00
10368,34227,100.00
10369,23248,50.00
10370,30943,100.00
10371,22432,0.00
10372,34448,100.00
10373,30973,100.00
10374,41267,0.00
10375,25371,100.00
10376,48247,100.00
10377,20108,0.00
10378,21626,0.00
10379,31843,100.00
10380,26939,50.00
10381,37820,100.00
10382,19516,0.00
10383,29425,100.00
10384,23039,100.00
10385,23655,100.00
10386,34399,0.00
10387,60459,100.00
10388,20610,0.00
10389,22348,0.00
10390,19456,100.00
10391,20806,100.00
10392,23401,100.00
10393,37092,100.00
10394,33743,0.00
10395,28510,100.00
10396,35803,100.00
10397,51977,50.00
10398,19951,0.00
10399,34795,100.00
10400,25106,0.00
10401,23089,100.00
10402,30984,100.00
10403,19407,0.00
10404,37147,100.00
10405,46606,100.00
10406,21117,0.00
10407,23560,100.00
10408,41392,0.00
10409,36123,100.00
10410,22238,100.00
10411,21752,100.00
10412,21884,100.00
10413,23223,0.00
10414,45259,50.00
10415,49456,0.00
10416,40028,100.00
10417,23128,0.00
10418,21564,100.00
10419,49095,0.00
10420,39288,100.00
10421,24774,50.00
10422,28893,100.00
10423,18950,0.00
10424,35905,100.00
10425,28769,100.00
10426,31618,100.00
10427,28211,0.00
10428,24518,100.00
10429,43229,100.00
10430,40439,100.00
10431,24509,100.00
10432,34325,0.00
10433,26274,0.00
10434,42013,100.00
10435,57372,100.00
10436,34930,0.00
10437,29501,100.00
10438,36877,0.00
10439,53418,100.00
10440,19330,0.00
10441,21883,100.00
10442,23302,100.00
10443,24434,100.00
10444,21381,0.00
10445,38172,100.00
10446,29144,100.00
10447,35983,0.00
10448,24346,50.00
10449,26247,100.00
10450,26430,0.00
10451,24545,100.00
10452,36249,0.00
10453,33926,100.00
10454,20937,0.00
10455,21909,0.00
10456,39395,100.00
10457,36658,100.00
10458,25882,100.00
10459,30424,100.00
10460,27682,0.00
10461,28046,100.00
10462,34641,100.00
10463,25891,0.00
10464,44179,100.00
10465,19419,0.00
10466,28464,100.00
10467,31230,0.00
10468,20660,100.00
10469,29188,100.00
10470,21784,0.00
10471,38735,100.00
10472,30940,100.00
10473,24334,100.00
10474,24383,0.00
10475,20908,100.00
10476,36889,100.00
10477,34988,100.00
10478,25673,100.00
10479,32330,0.00
10480,21834,50.00
10481,28999,100.00
10482,53853,100.00
10483,23782,0.00
10484,33116,100.00
10485,23718,0.00
10486,51944,66.67
10487,19275,0.00
10488,24946,0.00
10489,23417,100.00
10490,23654,100.00
10491,37419,100.00
10492,31086,100.00
10493,21693,0.00
10494,28387,100.00
10495,23711,100.00
10496,22256,100.00
10497,46176,0.00
10498,35381,100.00
10499,21902,0.00
10500,21395,100.00
10501,21692,100.00
10502,43000,0.00
10503,41438,100.00
10504,22750,0.00
10505,24143,0.00
10506,21098,100.00
10507,37621,100.00
10508,29388,100.00
10509,26748,100.00
10510,24583,0.00
10511,31492,100.00
10512,26565,100.00
10513,35340,0.00
10514,23458,100.00
10515,31023,100.00
10516,22219,0.00
10517,32259,100.00
10518,27512,100.00
10519,35906,0.00
10520,37170,100.00
10521,20117,0.00
10522,30481,0.00
10523,24018,100.00
10524,22561,100.00
10525,34879,0.00
10526,24762,50.00
10527,33882,100.00
10528,20930,0.00
10529,21786,100.00
10530,25168,0.00
10531,34404,100.00
10532,49132,100.00
10533,19070,0.00
10534,20722,100.00
10535,20708,100.00
10536,20289,100.00
10537,22143,100.00
10538,37164,0.00
10539,33852,100.00
10540,29359,100.00
10541,38367,100.00
10542,46706,100.00
10543,23836,0.00
10544,26521,50.00
10545,27641,100.00
10546,17423,0.00
10547,34211,100.00
10548,38535,100.00
10549,21641,0.00
10550,25217,100.00
10551,20546,0.00
10552,23478,0.00
10553,36742,100.00
10554,32147,100.00
10555,22134,100.00
10556,23027,100.00
10557,22179,0.00
10558,21864,100.00
10559,41811,100.00
10560,46597,0.00
10561,29570,100.00
10562,26917,100.00
10563,19213,0.00
10564,40482,100.00
10565,42503,0.00
10566,33896,50.00
10567,22194,0.00
10568,21770,100.00
10569,34069,100.00
10570,31739,100.00
10571,26641,0.00
10572,24686,100.00
10573,32123,100.00
10574,32654,100.00
10575,27829,100.00
10576,20662,0.00
10577,36013,100.00
10578,26044,0.00
10579,55753,100.00
10580,20337,0.00
10581,22494,100.00
10582,38394,0.00
10583,22024,50.00
10584,51363,100.00
10585,47474,100.00
10586,20854,0.00
10587,24564,100.00
10588,22116,100.00
10589,31703,100.00
10590,23841,0.00
10591,26851,100.00
10592,23617,100.00
10593,33828,0.00
10594,24083,50.00
10595,37223,100.00
10596,20560,0.00
10597,24709,100.00
10598,34844,0.00
10599,26047,100.00
10600,42396,100.00
10601,22795,0.00
10602,34407,100.00
10603,27290,100.00
10604,32999,100.00
10605,30581,100.00
10606,24237,0.00
10607,36604,100.00
10608,25442,50.00
10609,46186,100.00
10610,20573,0.00
10611,27665,100.00
10612,31164,100.00
10613,23933,0.00
10614,28667,100.00
10615,22196,0.00
10616,37963,100.00
10617,29335,0.00
10618,23510,100.00
10619,24391,100.00
10620,23606,100.00
10621,34483,100.00
10622,38484,0.00
10623,29693,100.00
10624,23951,100.00
10625,33444,0.00
10626,42143,100.00
10627,24448,0.00
10628,32214,0.00
10629,21737,100.00
10630,34538,100.00
10631,56949,100.00
10632,19688,0.00
10633,25001,100.00
10634,23002,100.00
10635,24770,100.00
10636,33651,0.00
10637,31017,100.00
10638,22554,100.00
10639,21332,100.00
10640,24426,100.00
10641,21976,0.00
10642,46257,50.00
10643,44452,0.00
10644,39963,100.00
10645,22319,0.00
10646,22391,100.00
10647,45616,0.00
10648,35713,0.00
10649,39469,100.00
10650,22364,0.00
10651,21331,100.00
10652,37446,100.00
10653,28428,0.00
10654,24254,100.00
10655,24695,100.00
10656,24013,100.00
10657,34369,100.00
10658,27078,0.00
10659,31475,100.00
10660,24983,0.00
10661,43477,100.00
10662,22560,0.00
10663,28324,100.00
10664,34125,0.00
10665,27239,50.00
10666,34232,100.00
10667,41131,100.00
10668,19948,0.00
10669,22698,100.00
10670,35816,100.00
10671,37557,100.00
10672,20572,0.00
10673,33302,100.00
10674,27012,100.00
10675,21826,0.00
10676,34755,50.00
10677,35299,100.00
10678,48179,100.00
10679,19787,0.00
10680,19431,100.00
10681,23305,100.00
10682,24036,100.00
10683,24262,0.00
10684,52375,100.00
10685,39220,100.00
10686,27439,100.00
10687,44175,100.00
10688,46816,0.00
10689,24240,0.00
10690,32643,100.00
10691,21036,0.00
10692,34135,100.00
10693,32465,100.00
10694,41410,0.00
10695,27632,100.00
10696,20421,0.00
10697,24409,0.00
10698,23351,100.00
10699,40233,100.00
10700,29384,100.00
10701,20839,100.00
10702,23751,0.00
10703,22259,100.00
10704,32125,100.00
10705,32180,100.00
10706,32828,100.00
10707,34458,0.00
10708,27941,100.00
10709,19504,0.00
10710,37227,100.00
10711,39028,100.00
10712,35395,0.00
10713,23051,50.00
10714,36376,100.00
10715,19037,0.00
10716,25953,100.00
10717,25140,100.00
10718,24941,100.00
10719,31621,0.00
10720,32018,100.00
10721,21239,100.00
10722,19446,100.00
10723,22769,100.00
10724,35546,0.00
10725,56421,100.00
10726,34967,0.00
10727,23456,0.00
10728,24583,100.00
10729,34391,50.00
10730,53209,100.00
10731,20665,0.00
10732,21400,100.00
10733,25470,0.00
10734,21881,100.00
10735,36828,100.00
10736,28876,100.00
10737,26491,100.00
10738,25036,0.00
10739,24492,100.00
10740,40753,100.00
10741,42002,0.00
10742,28988,66.67
10743,20489,0.00
10744,27393,0.00
10745,46416,100.00
10746,30719,100.00
10747,41339,0.00
10748,34375,100.00
10749,26213,0.00
10750,29638,0.00
10751,32408,100.00
10752,20239,100.00
10753,34992,0.00
10754,27159,100.00
10755,20519,0.00
10756,31502,100.00
10757,29323,100.00
10758,24034,0.00
10759,35779,100.00
10760,48945,100.00
10761,25378,0.00
10762,21972,100.00
10763,20859,100.00
10764,22264,100.00
10765,23268,100.00
10766,23465,0.00
10767,41787,100.00
10768,36079,100.00
10769,50203,0.00
10770,24964,50.00
10771,54302,100.00
10772,22821,0.00
10773,25679,100.00
10774,24186,100.00
10775,23598,100.00
10776,31534,0.00
10777,37584,100.00
10778,18072,0.00
10779,28915,100.00
10780,24820,100.00
10781,27710,100.00
10782,35655,100.00
10783,32732,0.00
10784,21490,100.00
10785,23464,100.00
10786,20530,100.00
10787,34189,100.00
10788,38695,0.00
10789,47177,100.00
10790,33800,100.00
10791,18942,0.00
10792,29886,100.00
10793,38457,100.00
10794,24828,0.00
10795,28980,100.00
10796,19573,0.00
10797,20374,0.00
10798,31519,100.00
10799,33335,100.00
10800,24327,100.00
10801,24493,100.00
10802,35803,0.00
10803,33124,100.00
10804,22119,100.00
10805,29671,0.00
10806,33723,100.00
10807,22106,0.00
10808,35418,100.00
10809,30164,100.00
10810,34539,0.00
10811,25175,50.00
10812,37680,100.00
10813,51405,100.00
10814,20777,0.00
10815,22383,100.00
10816,37498,0.00
10817,25185,100.00
10818,53239,100.00
10819,20107,0.00
10820,21086,100.00
10821,21716,0.00
10822,36679,50.00
10823,51075,100.00
10824,48031,100.00
10825,21201,0.00
10826,22878,100.00
10827,20323,100.00
10828,24156,100.00
10829,41122,0.00
10830,42995,100.00
10831,36061,100.00
10832,40720,100.00
10833,48271,0.00
10834,23152,100.00
10835,27216,0.00
10836,28618,100.00
10837,28399,0.00
10838,40125,100.00
10839,40956,0.00
10840,22191,100.00
10841,26311,100.00
10842,20227,0.00
10843,23915,100.00
10844,42792,100.00
10845,35527,100.00
10846,26000,0.00
10847,22616,100.00
10848,22947,100.00
10849,22576,100.00
10850,42661,100.00
10851,38106,0.00
10852,49268,100.00
10853,27323,0.00
10854,40587,100.00
10855,20724,0.00
10856,34136,100.00
10857,24656,0.00
10858,31905,100.00
10859,21220,0.00
10860,38009,100.00
10861,18706,0.00
10862,26559,100.00
10863,26127,0.00
10864,23724,100.00
10865,40426,100.00
10866,30537,100.00
10867,20239,100.00
10868,22535,0.00
10869,20767,100.00
10870,49697,100.00
10871,62763,100.00
10872,33159,0.00
10873,25788,100.00
10874,21700,0.00
10875,42770,100.00
10876,37079,0.00
10877,28827,100.00
10878,23089,0.00
10879,21637,100.00
10880,21951,0.00
10881,34981,100.00
10882,31894,100.00
10883,25257,100.00
10884,23414,100.00
10885,39459,0.00
10886,40479,100.00
10887,21441,0.00
10888,30070,66.67
10889,22679,0.00
10890,24057,100.00
10891,45759,0.00
10892,47996,100.00
10893,33904,0.00
10894,52785,100.00
10895,21918,0.00
10896,37300,100.00
10897,25356,0.00
10898,33834,100.00
10899,29800,50.00
10900,37781,100.00
10901,20204,0.00
10902,31780,100.00
10903,23727,100.00
10904,35149,0.00
10905,34874,100.00
10906,46807,100.00
10907,18351,0.00
10908,20086,0.00
10909,21974,100.00
10910,21953,100.00
10911,24753,100.00
10912,42820,100.00
10913,41637,0.00
10914,46977,100.00
10915,26703,0.00
10916,53130,66.67
10917,22503,0.00
10918,25421,100.00
10919,25898,0.00
10920,24533,100.00
10921,31675,100.00
10922,40613,100.00
10923,18676,0.00
10924,28784,100.00
10925,27499,0.00
10926,19993,100.00
10927,36795,100.00
10928,30470,100.00
10929,24859,100.00
10930,23091,0.00
10931,21527,100.00
10932,22990,100.00
10933,43605,0.00
10934,46377,100.00
10935,19807,0.00
10936,23854,0.00
10937,22576,100.00
10938,46887,100.00
10939,39824,0.00
10940,38369,66.67
10941,21483,0.00
10942,20836,0.00
10943,36573,100.00
10944,28433,100.00
10945,25874,100.00
10946,24406,100.00
10947,37576,0.00
10948,33443,100.00
10949,30279,100.00
10950,22823,100.00
10951,35757,0.00
10952,26478,100.00
10953,59189,100.00
10954,20483,0.00
10955,35444,100.00
10956,40752,100.00
10957,26548,0.00
10958,45974,100.00
10959,43432,100.00
10960,21197,0.00
10961,24821,0.00
10962,35269,100.00
10963,52930,100.00
10964,21375,0.00
10965,29126,100.00
10966,21422,100.00
10967,22846,100.00
10968,38272,0.00
10969,38943,100.00
10970,27323,100.00
10971,16335,0.00
10972,20432,0.00
10973,22952,100.00
10974,23366,100.00
10975,48660,100.00
10976,45466,100.00
10977,34172,0.00
10978,32543,100.00
10979,28790,100.00
10980,35591,0.00
10981,30807,100.00
10982,20791,0.00
10983,37355,0.00
10984,33016,100.00
10985,34330,50.00
10986,21470,0.00
10987,24223,100.00
10988,29832,100.00
10989,25442,0.00
10990,29227,100.00
10991,22698,0.00
10992,19042,100.00
10993,22751,100.00
10994,22472,100.00
10995,34508,100.00
10996,38041,0.00
10997,28567,100.00
10998,32010,50.00
10999,34179,100.00
11000,49700,0.00
11001,36103,100.00
11002,25683,0.00
11003,34115,100.00
11004,22761,0.00
11005,37643,100.00
11006,19178,0.00
11007,27929,100.00
11008,24217,0.00
11009,23336,100.00
11010,32691,100.00
11011,28626,100.00
11012,24248,100.00
11013,21487,0.00
11014,22185,100.00
11015,32575,50.00
11016,39784,0.00
11017,38318,100.00
11018,20962,0.00
11019,21329,100.00
11020,21869,100.00
11021,46696,0.00
11022,30945,50.00
11023,19734,0.00
11024,23582,100.00
11025,20217,100.00
11026,35906,100.00
11027,27598,0.00
11028,24705,100.00
11029,25878,100.00
11030,31620,100.00
11031,33660,100.00
11032,34697,0.00
11033,28947,100.00
11034,22298,0.00
11035,24100,0.00
11036,37228,100.00
11037,39265,100.00
11038,29340,0.00
11039,25907,100.00
11040,47500,100.00
11041,20413,0.00
11042,21569,100.00
11043,31489,0.00
11044,31456,100.00
11045,18329,0.00
11046,38524,0.00
11047,34215,100.00
11048,22897,100.00
11049,34429,50.00
11050,45550,100.00
11051,22625,0.00
11052,25170,100.00
11053,20355,100.00
11054,21961,0.00
11055,22279,100.00
11056,24364,100.00
11057,37847,100.00
11058,35553,100.00
11059,28022,0.00
11060,33129,100.00
11061,53506,50.00
11062,21032,0.00
11063,34051,100.00
11064,25628,100.00
11065,21426,100.00
11066,32090,0.00
11067,20415,100.00
11068,56623,100.00
11069,21137,0.00
11070,24127,100.00
11071,23421,100.00
11072,48633,100.00
11073,35433,0.00
11074,24433,100.00
11075,22178,100.00
11076,21701,100.00
11077,23206,100.00
11078,48381,0.00
11079,47269,100.00
11080,19863,0.00
11081,23714,100.00
11082,20942,100.00
11083,49890,0.00
11084,38012,100.00
11085,39256,50.00
11086,21900,0.00
11087,20634,100.00
11088,38175,100.00
11089,29052,100.00
11090,25201,0.00
11091,23679,100.00
11092,30883,100.00
11093,30519,100.00
11094,21939,100.00
11095,18703,0.00
11096,36994,100.00
11097,43106,100.00
11098,22572,0.00
11099,52257,100.00
11100,23873,100.00
11101,37908,0.00
11102,27755,0.00
11103,58034,100.00
11104,20206,0.00
11105,22859,100.00
11106,24682,100.00
11107,22989,0.00
11108,36181,100.00
11109,27966,100.00
11110,42280,0.00
11111,24963,100.00
11112,26547,100.00
11113,20008,0.00
11114,36958,100.00
11115,39012,50.00
11116,33716,100.00
11117,22909,0.00
11118,31425,100.00
11119,38902,0.00
11120,35146,100.00
11121,25294,100.00
11122,26024,100.00
11123,32092,100.00
11124,28340,0.00
11125,24602,100.00
11126,35293,100.00
11127,31792,0.00
11128,48597,100.00
11129,20548,0.00
11130,31721,0.00
11131,20590,100.00
11132,32107,100.00
11133,21917,0.00
11134,43414,100.00
11135,34485,100.00
11136,25511,100.00
11137,24225,100.00
11138,21083,0.00
11139,34831,100.00
11140,33876,100.00
11141,25927,100.00
11142,36819,100.00
11143,23295,0.00
11144,27889,100.00
11145,55355,100.00
11146,20903,0.00
11147,33091,100.00
11148,46488,100.00
11149,18889,0.00
11150,30433,100.00
11151,23510,100.00
11152,23041,0.00
11153,24190,100.00
11154,41007,100.00
11155,33193,100.00
11156,26285,100.00
11157,26359,0.00
11158,25704,100.00
11159,50410,100.00
11160,52356,0.00
11161,31559,100.00
11162,30483,100.00
11163,19799,0.00
11164,38972,0.00
11165,36496,50.00
11166,35408,100.00
11167,21431,0.00
11168,21881,100.00
11169,42025,100.00
11170,37304,100.00
11171,28415,0.00
11172,26568,100.00
11173,25963,100.00
11174,42627,100.00
11175,38811,100.00
11176,37016,0.00
11177,25390,100.00
11178,54308,100.00
11179,26160,0.00
11180,35638,100.00
11181,40746,100.00
11182,31454,0.00
11183,45761,100.00
11184,20757,0.00
11185,32338,0.00
11186,22589,100.00
11187,20860,100.00
11188,36300,0.00
11189,56293,100.00
11190,21462,0.00
11191,33635,100.00
11192,32971,100.00
11193,35614,0.00
11194,55419,66.67
11195,24895,0.00
11196,31744,0.00
11197,23161,100.00
11198,23857,100.00
11199,23927,100.00
11200,23681,100.00
11201,49757,0.00
11202,42726,100.00
11203,28580,100.00
11204,45875,100.00
11205,51224,0.00
11206,25487,100.00
11207,32623,100.00
11208,21471,0.00
11209,36954,100.00
11210,48002,100.00
11211,50026,0.00
11212,25871,100.00
11213,20963,0.00
11214,25951,100.00
11215,24889,100.00
11216,45024,100.00
11217,37293,100.00
11218,24934,0.00
11219,23879,100.00
11220,22712,100.00
11221,24122,100.00
11222,52894,0.00
11223,50447,50.00
11224,49302,100.00
11225,22382,0.00
11226,22441,100.00
11227,48246,100.00
11228,47327,0.00
11229,36064,100.00
11230,21753,0.00
11231,20289,100.00
11232,36072,100.00
11233,26696,100.00
11234,24739,100.00
11235,23901,0.00
11236,33511,100.00
11237,29550,100.00
11238,22443,100.00
11239,19141,100.00
11240,35804,0.00
11241,43229,0.00
11242,50506,100.00
11243,33239,0.00
11244,22150,100.00
11245,37999,0.00
11246,23794,50.00
11247,58773,100.00
11248,19603,0.00
11249,19950,100.00
11250,23864,100.00
11251,21060,100.00
11252,38321,0.00
11253,28494,100.00
11254,28219,100.00
11255,32720,100.00
11256,21129,0.00
11257,36475,100.00
11258,19357,0.00
11259,28066,100.00
11260,32894,0.00
11261,25785,50.00
11262,35881,100.00
11263,23049,0.00
11264,31270,100.00
11265,27087,100.00
11266,25429,100.00
11267,34768,100.00
11268,33937,0.00
11269,24538,100.00
11270,35880,100.00
11271,41108,100.00
11272,21027,0.00
11273,30099,100.00
11274,22717,0.00
11275,28412,50.00
11276,23519,100.00
11277,36327,100.00
11278,22784,0.00
11279,29872,100.00
11280,20865,100.00
11281,24872,100.00
11282,22407,0.00
11283,31062,100.00
11284,35670,100.00
11285,36734,100.00
11286,25538,100.00
11287,32787,0.00
11288,36860,50.00
11289,23661,0.00
11290,30637,100.00
11291,21859,100.00
11292,32808,0.00
11293,40962,100.00
11294,18791,0.00
11295,23632,100.00
11296,23411,0.00
11297,24422,100.00
11298,34152,100.00
11299,30573,100.00
11300,21021,100.00
11301,23534,0.00
11302,22912,100.00
11303,22964,100.00
11304,42197,0.00
11305,36246,100.00
11306,21598,0.00
11307,21842,0.00
11308,22622,100.00
11309,51252,100.00
11310,36276,100.00
11311,20113,0.00
11312,21610,100.00
11313,21698,0.00
11314,32447,100.00
11315,26906,100.00
11316,25864,100.00
11317,25123,100.00
11318,34550,0.00
11319,29631,100.00
11320,33031,100.00
11321,24137,0.00
11322,30374,100.00
11323,46846,100.00
11324,22477,0.00
11325,37740,100.00
11326,35455,0.00
11327,44410,50.00
11328,21645,0.00
11329,29271,100.00
11330,23077,100.00
11331,22306,100.00
11332,35512,0.00
11333,44473,100.00
11334,20144,0.00
11335,25853,0.00
11336,21397,100.00
11337,35056,100.00
11338,45020,50.00
11339,22686,0.00
11340,21687,100.00
11341,19321,100.00
11342,23375,100.00
11343,23544,0.00
11344,29375,100.00
11345,38896,100.00
11346,37351,100.00
11347,33300,100.00
11348,33537,0.00
11349,46151,100.00
11350,34786,100.00
11351,22296,0.00
11352,20226,100.00
11353,40437,100.00
11354,44045,0.00
11355,31669,0.00
11356,29104,100.00
11357,20471,0.00
11358,24332,100.00
11359,33210,100.00
11360,42933,0.00
11361,28727,100.00
11362,23847,100.00
11363,24594,100.00
11364,22702,100.00
11365,45331,0.00
11366,41259,100.00
11367,53195,100.00
11368,27561,0.00
11369,24976,50.00
11370,50264,100.00
11371,25167,0.00
11372,34788,100.00
11373,36406,100.00
11374,24325,100.00
11375,26200,0.00
11376,26451,100.00
11377,27991,0.00
11378,24769,100.00
11379,23210,100.00
11380,34845,100.00
11381,43264,100.00
11382,24732,0.00
11383,21759,100.00
11384,33814,100.00
11385,33822,0.00
11386,58281,100.00
11387,32829,0.00
11388,22876,0.00
11389,25184,100.00
11390,39107,100.00
11391,34945,0.00
11392,25738,100.00
11393,19878,0.00
11394,22924,100.00
11395,21187,100.00
11396,38200,0.00
11397,31305,100.00
11398,24512,100.00
11399,23910,100.00
11400,36045,100.00
11401,38649,0.00
11402,21238,100.00
11403,20697,100.00
11404,33727,100.00
11405,22238,0.00
11406,34837,100.00
11407,42662,100.00
11408,28600,0.00
11409,23823,100.00
11410,51079,100.00
11411,20649,0.00
11412,22295,0.00
11413,32685,100.00
11414,27278,100.00
11415,40080,100.00
11416,20249,0.00
11417,28738,100.00
11418,22398,100.00
11419,35265,0.00
11420,45340,66.67
11421,23560,0.00
11422,33328,100.00
11423,23913,0.00
11424,24507,100.00
11425,22836,100.00
11426,25375,100.00
11427,36888,100.00
11428,36905,0.00
11429,34381,100.00
11430,38994,100.00
11431,46021,100.00
11432,20341,0.00
11433,35954,100.00
11434,29064,0.00
11435,25182,100.00
11436,33368,100.00
11437,23992,0.00
11438,33005,100.00
11439,45053,100.00
11440,21232,0.00
11441,24690,100.00
11442,39345,0.00
11443,34224,100.00
11444,22156,100.00
11445,19634,100.00
11446,21494,100.00
11447,23362,0.00
11448,50817,100.00
11449,35387,0.00
11450,41465,100.00
11451,22137,0.00
11452,22347,100.00
11453,37070,0.00
11454,49045,100.00
11455,32328,100.00
11456,22905,0.00
11457,23742,100.00
11458,22075,100.00
11459,42360,0.00
11460,35516,100.00
11461,27364,100.00
11462,23676,100.00
11463,43987,100.00
11464,33560,0.00
11465,32802,100.00
11466,24534,50.00
11467,32191,0.00
11468,51530,100.00
11469,24135,0.00
11470,43281,100.00
11471,36570,100.00
11472,24284,0.00
11473,45256,50.00
11474,48390,100.00
11475,20143,0.00
11476,21695,100.00
11477,37637,100.00
11478,24426,0.00
11479,58658,100.00
11480,19886,0.00
11481,21961,100.00
11482,21621,100.00
11483,37733,0.00
11484,57960,100.00
11485,51740,100.00
11486,25482,0.00
11487,23258,100.00
11488,22483,100.00
11489,25182,100.00
11490,45476,100.00
11491,40912,0.00
11492,31166,100.00
11493,43512,100.00
11494,50710,0.00
11495,22137,100.00
11496,27319,100.00
11497,29503,100.00
11498,17586,0.00
11499,43398,100.00
11500,47202,0.00
11501,21170,50.00
11502,26106,100.00
11503,21260,0.00
11504,24986,100.00
11505,40620,100.00
11506,32102,100.00
11507,24101,100.00
11508,22514,0.00
11509,21868,100.00
11510,22560,100.00
11511,38862,100.00
11512,37853,100.00
11513,49753,0.00
11514,25795,0.00
11515,36711,100.00
11516,21203,0.00
11517,32056,100.00
11518,24618,100.00
11519,33875,0.00
11520,27008,100.00
11521,23012,0.00
11522,28412,100.00
11523,34869,100.00
11524,28630,100.00
11525,30772,0.00
11526,35047,100.00
11527,32463,100.00
11528,22997,100.00
11529,24178,100.00
11530,34085,0.00
11531,33737,50.00
11532,41249,100.00
11533,36343,100.00
11534,21883,0.00
11535,22830,100.00
11536,47836,0.00
11537,50879,100.00
11538,19869,0.00
11539,23004,0.00
11540,22492,100.00
11541,32839,100.00
11542,26769,100.00
11543,30027,100.00
11544,26964,0.00
11545,25593,100.00
11546,36641,100.00
11547,37644,0.00
11548,27473,100.00
11549,19735,0.00
11550,25766,0.00
11551,42284,100.00
11552,36227,100.00
11553,43429,0.00
11554,26457,50.00
11555,43702,100.00
11556,22307,0.00
11557,23764,100.00
11558,21342,100.00
11559,35090,0.00
11560,29402,100.00
11561,26869,0.00
11562,29898,100.00
11563,30413,100.00
11564,22154,0.00
11565,36452,100.00
11566,61901,50.00
11567,20246,0.00
11568,20758,100.00
11569,22798,100.00
11570,20565,100.00
11571,22953,100.00
11572,24136,0.00
11573,49380,100.00
11574,35901,100.00
11575,34902,0.00
11576,41421,100.00
11577,20020,0.00
11578,29565,0.00
11579,24066,100.00
11580,24115,100.00
11581,32239,100.00
11582,20071,0.00
11583,29689,100.00
11584,43555,100.00
11585,21126,0.00
11586,23690,0.00
11587,37010,100.00
11588,36343,100.00
11589,21808,100.00
11590,19690,100.00
11591,21037,0.00
11592,22833,100.00
11593,49081,100.00
11594,30778,0.00
11595,39490,66.67
11596,22009,0.00
11597,21783,0.00
11598,34715,100.00
11599,44611,100.00
11600,31733,100.00
11601,21002,0.00
11602,21934,100.00
11603,29207,100.00
11604,24708,100.00
11605,28320,0.00
11606,26204,100.00
11607,23961,100.00
11608,36074,100.00
11609,30058,100.00
11610,22067,0.00
11611,33810,100.00
11612,25356,0.00
11613,53440,100.00
11614,22021,0.00
11615,34801,100.00
11616,37377,0.00
11617,22713,100.00
11618,50861,50.00
11619,19565,0.00
11620,21781,100.00
11621,23549,100.00
11622,35378,100.00
11623,50538,100.00
11624,20309,0.00
11625,28099,100.00
11626,19943,100.00
11627,23875,0.00
11628,35009,100.00
11629,41134,100.00
11630,28107,100.00
11631,16645,0.00
11632,20893,100.00
11633,22876,100.00
11634,23000,100.00
11635,43400,0.00
11636,35903,100.00
11637,30849,100.00
11638,31003,100.00
11639,29438,100.00
11640,36434,0.00
11641,33509,100.00
11642,21138,0.00
11643,39663,100.00
11644,32854,100.00
11645,33325,100.00
11646,20861,0.00
11647,23970,100.00
11648,28397,100.00
11649,25794,0.00
11650,26710,100.00
11651,20722,100.00
11652,19380,100.00
11653,21240,100.00
11654,22533,0.00
11655,31978,100.00
11656,34182,100.00
11657,48762,100.00
11658,25078,0.00
11659,21689,100.00
11660,46804,100.00
11661,23146,0.00
11662,23199,0.00
11663,34079,50.00
11664,21076,0.00
11665,47245,100.00
11666,19100,0.00
11667,27225,100.00
11668,23974,0.00
11669,24050,100.00
11670,36997,100.00
11671,29121,100.00
11672,25405,100.00
11673,23975,0.00
11674,21138,100.00
11675,32579,100.00
11676,40035,0.00
11677,60681,50.00
11678,37166,100.00
11679,35212,0.00
11680,22928,100.00
11681,47001,0.00
11682,47856,100.00
11683,21573,0.00
11684,24832,100.00
11685,25292,100.00
11686,34678,100.00
11687,29452,0.00
11688,25832,100.00
11689,24144,100.00
11690,32215,100.00
11691,34438,100.00
11692,37264,0.00
11693,27955,100.00
11694,20939,0.00
11695,25932,100.00
11696,31809,100.00
11697,30581,100.00
11698,41745,0.00
11699,36951,50.00
11700,19570,0.00
11701,34715,100.00
11702,25917,100.00
11703,21052,100.00
11704,35026,0.00
11705,30030,100.00
11706,27093,0.00
11707,31776,0.00
11708,30564,100.00
11709,22906,100.00
11710,37669,0.00
11711,40287,100.00
11712,48338,100.00
11713,18660,0.00
11714,18262,100.00
11715,21245,0.00
11716,22198,100.00
11717,23258,100.00
11718,48887,100.00
11719,38411,100.00
11720,46960,0.00
11721,26049,0.00
11722,53392,100.00
11723,22378,0.00
11724,23422,100.00
11725,24936,100.00
11726,22932,0.00
11727,32403,100.00
11728,44759,50.00
11729,18217,0.00
11730,28297,100.00
11731,24730,100.00
11732,33596,0.00
11733,32560,100.00
11734,29206,100.00
11735,21069,100.00
11736,24214,100.00
11737,22550,0.00
11738,33201,100.00
11739,39194,0.00
11740,40074,100.00
11741,34032,100.00
11742,19499,0.00
11743,30365,0.00
11744,39652,50.00
11745,28248,100.00
11746,19145,0.00
11747,23422,100.00
11748,20410,100.00
11749,30996,0.00
11750,27951,100.00
11751,23852,100.00
11752,24126,100.00
11753,34065,100.00
11754,28656,0.00
11755,20897,100.00
11756,31160,100.00
11757,25344,0.00
11758,44834,100.00
11759,21843,0.00
11760,35932,100.00
11761,24288,100.00
11762,36696,0.00
11763,43716,100.00
11764,24449,0.00
11765,22083,100.00
11766,21487,100.00
11767,25029,100.00
11768,21634,0.00
11769,32404,100.00
11770,28323,100.00
11771,35762,0.00
11772,25937,100.00
11773,20270,0.00
11774,22045,0.00
11775,34520,100.00
11776,38566,100.00
11777,36885,50.00
11778,22940,0.00
11779,21718,100.00
11780,39974,0.00
11781,39725,100.00
11782,26339,100.00
11783,30786,100.00
11784,28134,100.00
11785,41229,0.00
11786,36052,100.00
11787,26248,100.00
11788,32590,0.00
11789,39950,100.00
11790,19654,0.00
11791,31359,0.00
11792,20325,50.00
11793,28017,100.00
11794,22419,0.00
11795,34006,100.00
11796,26536,100.00
11797,23967,100.00
11798,24869,100.00
11799,22326,0.00
11800,32828,100.00
11801,30957,100.00
11802,25970,100.00
11803,35833,0.00
11804,22262,100.00
11805,31859,0.00
11806,45290,100.00
11807,21519,0.00
11808,30541,0.00
11809,21132,100.00
11810,47619,100.00
11811,21040,0.00
11812,20522,100.00
11813,22013,100.00
11814,24700,100.00
11815,36027,100.00
11816,29687,0.00
11817,20803,100.00
11818,23131,100.00
11819,21924,100.00
11820,28646,100.00
11821,36100,0.00
11822,33216,50.00
11823,21640,0.00
11824,20333,100.00
11825,21178,100.00
11826,50685,0.00
11827,37744,100.00
11828,20378,0.00
11829,23642,100.00
11830,20186,100.00
11831,39891,100.00
11832,27952,100.00
11833,25127,0.00
11834,23990,100.00
11835,36173,100.00
11836,28640,100.00
11837,36826,0.00
11838,30526,100.00
11839,21797,0.00
11840,41017,100.00
11841,33628,100.00
11842,37609,100.00
11843,28856,0.00
11844,26112,50.00
11845,53962,100.00
11846,19951,0.00
11847,21391,0.00
11848,19183,100.00
11849,38390,100.00
11850,48146,100.00
11851,19675,0.00
11852,28647,100.00
11853,42938,100.00
11854,33992,100.00
11855,48852,100.00
11856,24519,0.00
11857,26371,100.00
11858,20605,0.00
11859,23497,100.00
11860,23114,100.00
11861,23293,100.00
11862,39768,100.00
11863,35799,0.00
11864,24185,100.00
11865,37029,100.00
11866,44135,0.00
11867,22700,100.00
11868,31830,100.00
11869,20420,0.00
11870,31439,100.00
11871,28873,100.00
11872,42634,0.00
11873,26968,66.67
11874,20700,0.00
11875,23642,0.00
11876,23337,100.00
11877,44614,100.00
11878,32297,100.00
11879,23073,100.00
11880,24481,0.00
11881,22487,100.00
11882,29167,100.00
11883,43938,0.00
11884,40881,100.00
11885,45558,100.00
11886,18994,0.00
11887,31206,100.00
11888,31879,100.00
11889,45210,0.00
11890,26062,100.00
11891,31269,100.00
11892,18058,0.00
11893,34767,100.00
11894,32716,0.00
11895,25638,100.00
11896,27489,100.00
11897,39434,100.00
11898,34836,100.00
11899,23097,0.00
11900,21652,100.00
11901,40236,100.00
11902,47429,50.00
11903,24080,0.00
11904,37235,100.00
11905,23699,0.00
11906,35917,100.00
11907,40164,0.00
11908,60160,100.00
11909,20095,0.00
11910,22570,100.00
11911,23904,0.00
11912,22559,100.00
11913,43808,100.00
11914,32002,100.00
11915,25549,100.00
11916,33621,0.00
11917,22699,0.00
11918,42055,100.00
11919,21833,0.00
11920,30970,100.00
11921,33762,100.00
11922,27832,0.00
11923,37116,100.00
11924,23445,0.00
11925,36624,0.00
11926,34739,100.00
11927,25319,100.00
11928,40775,100.00
11929,34894,100.00
11930,27053,0.00
11931,36354,50.00
11932,25698,0.00
11933,52205,100.00
11934,25162,0.00
11935,22142,100.00
11936,30512,0.00
11937,29109,50.00
11938,22027,0.00
11939,30642,100.00
11940,31028,100.00
11941,25176,100.00
11942,23615,0.00
11943,25306,100.00
11944,22374,100.00
11945,42998,100.00
11946,37843,100.00
11947,29727,0.00
11948,34126,100.00
11949,22895,0.00
11950,58064,100.00
11951,30493,0.00
11952,26063,100.00
11953,34451,0.00
11954,21298,0.00
11955,53436,100.00
11956,22511,0.00
11957,23381,100.00
11958,24389,100.00
11959,23625,0.00
11960,46997,100.00
11961,36719,100.00
11962,24922,100.00
11963,24185,100.00
11964,23244,0.00
11965,43648,100.00
11966,43225,100.00
11967,44350,100.00
11968,23029,0.00
11969,21762,100.00
11970,22609,100.00
11971,56323,0.00
11972,39962,100.00
11973,20333,0.00
11974,21474,100.00
11975,24357,0.00
11976,31548,100.00
11977,27874,100.00
11978,26039,100.00
11979,25049,100.00
11980,36311,0.00
11981,29767,100.00
11982,21490,100.00
11983,32615,0.00
11984,39299,66.67
11985,24806,0.00
11986,27639,100.00
11987,26968,100.00
11988,33786,0.00
11989,23271,0.00
11990,51416,100.00
11991,20725,0.00
11992,21054,100.00
11993,22854,100.00
11994,36620,0.00
11995,25327,100.00
11996,49590,100.00
11997,19754,0.00
11998,35579,100.00
11999,32483,100.00
12000,71853,100.00
12001,23933,0.00
12002,29620,100.00
12003,23402,100.00
12004,23787,100.00
12005,22998,0.00
12006,22130,100.00
12007,38500,100.00
12008,34723,100.00
12009,23017,100.00
12010,34052,0.00
12011,42293,100.00
12012,23967,50.00
12013,26966,0.00
12014,26901,100.00
12015,28432,0.00
12016,29055,100.00
12017,38352,0.00
12018,24390,50.00
12019,18423,0.00
12020,22533,100.00
12021,24141,100.00
12022,35522,100.00
12023,31213,100.00
12024,23421,0.00
12025,23115,100.00
12026,21470,100.00
12027,30405,100.00
12028,32248,100.00
12029,34386,0.00
12030,34499,100.00
12031,22490,0.00
12032,36820,100.00
12033,20276,0.00
12034,33932,100.00
12035,34681,0.00
12036,24058,0.00
12037,35879,100.00
12038,18911,0.00
12039,24220,100.00
12040,22941,100.00
12041,24012,0.00
12042,30412,100.00
12043,29387,100.00
12044,21463,100.00
12045,19750,100.00
12046,23025,0.00
12047,35765,100.00
12048,66266,50.00
12049,33273,0.00
12050,23120,100.00
12051,24345,100.00
12052,33770,0.00
12053,54947,100.00
12054,22081,0.00
12055,21570,100.00
12056,24468,100.00
12057,22075,0.00
12058,41652,100.00
12059,31661,100.00
12060,24215,100.00
12061,24476,100.00
12062,30332,0.00
12063,34251,100.00
12064,34664,50.00
12065,24940,100.00
12066,20378,0.00
12067,26644,100.00
12068,34577,100.00
12069,37243,100.00
12070,26092,0.00
12071,23642,50.00
12072,45772,100.00
12073,25273,0.00
12074,23515,100.00
12075,33687,100.00
12076,33198,100.00
12077,20194,0.00
12078,36052,100.00
12079,33894,0.00
12080,23733,100.00
12081,33350,100.00
12082,46044,100.00
12083,21832,0.00
12084,30071,100.00
12085,22776,100.00
12086,22644,100.00
12087,21844,0.00
12088,24188,100.00
12089,35560,100.00
12090,36594,100.00
12091,31107,100.00
12092,35062,0.00
12093,33955,100.00
12094,47356,100.00
12095,20797,0.00
12096,23532,100.00
12097,24938,100.00
12098,34540,0.00
12099,22070,50.00
12100,57675,100.00
12101,21310,0.00
12102,24512,100.00
12103,23184,100.00
12104,50596,100.00
12105,37634,100.00
12106,24817,0.00
12107,21115,100.00
12108,21334,100.00
12109,22717,100.00
12110,46606,0.00
12111,50843,100.00
12112,20674,0.00
12113,24598,100.00
12114,23004,100.00
12115,54707,0.00
12116,43581,50.00
12117,37880,100.00
12118,21882,0.00
12119,21064,100.00
12120,33821,100.00
12121,27644,100.00
12122,25940,100.00
12123,24026,0.00
12124,32035,100.00
12125,30685,100.00
12126,25256,100.00
12127,31819,0.00
12128,24745,50.00
12129,42068,100.00
12130,21589,0.00
12131,31891,100.00
12132,66178,100.00
12133,48744,0.00
12134,54822,100.00
12135,21317,0.00
12136,31601,0.00
12137,23279,100.00
12138,25334,100.00
12139,35850,0.00
12140,54722,100.00
12141,26600,0.00
12142,23988,100.00
12143,23060,100.00
12144,34827,0.00
12145,53495,100.00
12146,22498,0.00
12147,20624,0.00
12148,18530,100.00
12149,21897,100.00
12150,22428,100.00
12151,31483,100.00
12152,41683,0.00
12153,35790,100.00
12154,33773,100.00
12155,32106,100.00
12156,43279,0.00
12157,36069,50.00
12158,22049,0.00
12159,20489,100.00
12160,37887,100.00
12161,40671,0.00
12162,21704,100.00
12163,24756,100.00
12164,20651,0.00
12165,25200,100.00
12166,35612,100.00
12167,33020,100.00
12168,22165,100.00
12169,25295,0.00
12170,24388,100.00
12171,24667,100.00
12172,42394,100.00
12173,40958,100.00
12174,52769,0.00
12175,27421,0.00
12176,24820,100.00
12177,51666,100.00
12178,27882,0.00
12179,26777,100.00
12180,33202,0.00
12181,43950,50.00
12182,19561,0.00
12183,42911,100.00
12184,35309,100.00
12185,26501,100.00
12186,25680,0.00
12187,42843,100.00
12188,35828,100.00
12189,28126,100.00
12190,23414,100.00
12191,22175,0.00
12192,34886,100.00
12193,38270,0.00
12194,34199,100.00
12195,19960,0.00
12196,22139,100.00
12197,33600,0.00
12198,41852,0.00
12199,36301,100.00
12200,22758,0.00
12201,24051,100.00
12202,22865,100.00
12203,44059,0.00
12204,33391,100.00
12205,24825,100.00
12206,25127,100.00
12207,32377,100.00
12208,38745,0.00
12209,39107,100.00
12210,30913,50.00
12211,20452,0.00
12212,27043,100.00
12213,39712,100.00
12214,40090,0.00
12215,28982,100.00
12216,25982,100.00
12217,48796,100.00
12218,25373,0.00
12219,22941,100.00
12220,20881,100.00
12221,37010,0.00
12222,41322,100.00
12223,25209,0.00
12224,34351,100.00
12225,25249,0.00
12226,21426,100.00
12227,36300,100.00
12228,56920,100.00
12229,22212,0.00
12230,20344,100.00
12231,21401,100.00
12232,21853,100.00
12233,23209,0.00
12234,24796,100.00
12235,51167,100.00
12236,45584,100.00
12237,36834,0.00
12238,28283,50.00
12239,62458,100.00
12240,23322,0.00
12241,24425,100.00
12242,25238,100.00
12243,35047,100.00
12244,20762,0.00
12245,35371,50.00
12246,51649,100.00
12247,22105,0.00
12248,24192,100.00
12249,36787,100.00
12250,36360,100.00
12251,26308,100.00
12252,21109,0.00
12253,22999,100.00
12254,24220,100.00
12255,49046,0.00
12256,38214,100.00
12257,38898,100.00
12258,21612,0.00
12259,21646,100.00
12260,34136,100.00
12261,42322,0.00
12262,27696,100.00
12263,22540,0.00
12264,21523,0.00
12265,19550,100.00
12266,32886,100.00
12267,30882,100.00
12268,25396,100.00
12269,23633,0.00
12270,34463,100.00
12271,33581,100.00
12272,23539,100.00
12273,33866,0.00
12274,25312,100.00
12275,37086,0.00
12276,53562,100.00
12277,34278,0.00
12278,23670,100.00
12279,33943,0.00
12280,51364,100.00
12281,20116,0.00
12282,21894,100.00
12283,23437,100.00
12284,24674,100.00
12285,35766,0.00
12286,55795,100.00
12287,19309,0.00
12288,36655,100.00
12289,23124,0.00
12290,34531,100.00
12291,57012,100.00
12292,20190,0.00
12293,19064,100.00
12294,23265,100.00
12295,22533,100.00
12296,22784,100.00
12297,49523,0.00
12298,40959,100.00
12299,24627,100.00
12300,44048,100.00
12301,39501,100.00
12302,35141,0.00
12303,26614,0.00
12304,41493,100.00
12305,20093,0.00
12306,31229,100.00
12307,30860,100.00
12308,21042,0.00
12309,24350,100.00
12310,27676,100.00
12311,22075,0.00
12312,43070,100.00
12313,32303,100.00
12314,22100,100.00
12315,23560,100.00
12316,23122,0.00
12317,36701,100.00
12318,38223,100.00
12319,28765,100.00
12320,37133,0.00
12321,27459,100.00
12322,30379,0.00
12323,33860,100.00
12324,35610,100.00
12325,36787,0.00
12326,25997,66.67
12327,26617,0.00
12328,29985,0.00
12329,31056,100.00
12330,26703,100.00
12331,24507,100.00
12332,40116,100.00
12333,33730,0.00
12334,24446,100.00
12335,24635,100.00
12336,23801,100.00
12337,40052,0.00
12338,40136,100.00
12339,33525,0.00
12340,30358,100.00
12341,18485,0.00
12342,39477,100.00
12343,39745,0.00
12344,29397,100.00
12345,29124,100.00
12346,19190,0.00
12347,31175,0.00
12348,29490,100.00
12349,31443,100.00
12350,27059,100.00
12351,23838,100.00
12352,40065,0.00
12353,42690,100.00
12354,22677,0.00
12355,31745,100.00
12356,22537,0.00
12357,45358,100.00
12358,28672,0.00
12359,36222,100.00
12360,27703,0.00
12361,47710,100.00
12362,20337,0.00
12363,30897,100.00
12364,22588,0.00
12365,34372,100.00
12366,32724,50.00
12367,28326,0.00
12368,38329,100.00
12369,33704,100.00
12370,21277,100.00
12371,37107,0.00
12372,39057,100.00
12373,49882,100.00
12374,18587,0.00
12375,18261,0.00
12376,22177,100.00
12377,22806,100.00
12378,24175,100.00
12379,56248,100.00
12380,47275,0.00
12381,48310,100.00
12382,27832,50.00
12383,47788,0.00
12384,54063,100.00
12385,21746,0.00
12386,23899,100.00
12387,25012,100.00
12388,34157,0.00
12389,53855,100.00
12390,18000,0.00
12391,30111,100.00
12392,24991,100.00
12393,34467,100.00
12394,33767,0.00
12395,29048,100.00
12396,22134,100.00
12397,24094,100.00
12398,22881,100.00
12399,45691,0.00
12400,37948,50.00
12401,41782,100.00
12402,49433,100.00
12403,18243,0.00
12404,34223,100.00
12405,50786,0.00
12406,31135,66.67
12407,22535,0.00
12408,21674,0.00
12409,20626,100.00
12410,43102,100.00
12411,32789,100.00
12412,27427,100.00
12413,24504,0.00
12414,44880,100.00
12415,38177,100.00
12416,25821,100.00
12417,34838,100.00
12418,28470,0.00
12419,49149,100.00
12420,61865,100.00
12421,35396,0.00
12422,24959,100.00
12423,39719,50.00
12424,54043,100.00
12425,24759,0.00
12426,24409,100.00
12427,22914,0.00
12428,25669,100.00
12429,24658,100.00
12430,41086,100.00
12431,35481,100.00
12432,39521,0.00
12433,31712,50.00
12434,20035,0.00
12435,24957,100.00
12436,49041,100.00
12437,51129,0.00
12438,38743,100.00
12439,22810,0.00
12440,22128,100.00
12441,46889,100.00
12442,45094,100.00
12443,28184,100.00
12444,25134,0.00
12445,47001,100.00
12446,37215,100.00
12447,26276,100.00
12448,37117,0.00
12449,51304,50.00
12450,21167,0.00
12451,34985,100.00
12452,21922,100.00
12453,30997,0.00
12454,25354,100.00
12455,35569,100.00
12456,28216,0.00
12457,37062,100.00
12458,21566,0.00
12459,24483,100.00
12460,24965,100.00
12461,39039,100.00
12462,40092,100.00
12463,43758,0.00
12464,29628,100.00
12465,50978,50.00
12466,44790,100.00
12467,24107,0.00
12468,43057,100.00
12469,37462,0.00
12470,33365,100.00
12471,25111,50.00
12472,58609,100.00
12473,19755,0.00
12474,22405,100.00
12475,27091,100.00
12476,27133,100.00
12477,49806,0.00
12478,34315,100.00
12479,26330,100.00
12480,29170,100.00
12481,24083,100.00
12482,62606,0.00
12483,73985,0.00
12484,51402,100.00
12485,23519,0.00
12486,23963,100.00
12487,56258,0.00
12488,49586,50.00
12489,37945,100.00
12490,22530,0.00
12491,22201,100.00
12492,41104,100.00
12493,33109,100.00
12494,27338,0.00
12495,24329,100.00
12496,24379,100.00
12497,43886,100.00
12498,43044,100.00
12499,35441,0.00
12500,26842,100.00
12501,51694,100.00
12502,24869,0.00
12503,32454,100.00
12504,38796,50.00
12505,27182,0.00
12506,54061,100.00
12507,21951,0.00
12508,30242,0.00
12509,22681,100.00
12510,35422,100.00
12511,35071,100.00
12512,28711,0.00
12513,31157,100.00
12514,33820,100.00
12515,21762,100.00
12516,35578,0.00
12517,54971,100.00
12518,24269,0.00
12519,21860,100.00
12520,19117,100.00
12521,23184,100.00
12522,22940,0.00
12523,24342,100.00
12524,49322,100.00
12525,38661,100.00
12526,32591,100.00
12527,33401,0.00
12528,50126,100.00
12529,34109,50.00
12530,21812,0.00
12531,23929,100.00
12532,40076,100.00
12533,38663,0.00
12534,40649,100.00
12535,26868,100.00
12536,20078,0.00
12537,24171,100.00
12538,29377,100.00
12539,36488,100.00
12540,27224,100.00
12541,21256,0.00
12542,23468,100.00
12543,23341,100.00
12544,34099,100.00
12545,38656,0.00
12546,34802,100.00
12547,21932,0.00
12548,21491,100.00
12549,31857,100.00
12550,41376,100.00
12551,24998,0.00
12552,29798,66.67
12553,19616,0.00
12554,28109,100.00
12555,26631,0.00
12556,29095,100.00
12557,27917,100.00
12558,24896,100.00
12559,42892,100.00
12560,34103,0.00
12561,25285,100.00
12562,22573,100.00
12563,37094,0.00
12564,53449,100.00
12565,21479,0.00
12566,35076,0.00
12567,26910,100.00
12568,36303,50.00
12569,48836,100.00
12570,20109,0.00
12571,22207,100.00
12572,23686,0.00
12573,23268,100.00
12574,20026,100.00
12575,37792,100.00
12576,26211,100.00
12577,25681,0.00
12578,33766,100.00
12579,28839,100.00
12580,21078,0.00
12581,32932,100.00
12582,31706,100.00
12583,32902,0.00
12584,31868,100.00
12585,20214,0.00
12586,39460,0.00
12587,38291,100.00
12588,25681,100.00
12589,32549,100.00
12590,27872,100.00
12591,28868,0.00
12592,35505,100.00
12593,26996,100.00
12594,47582,50.00
12595,20522,0.00
12596,30830,100.00
12597,32542,0.00
12598,22114,100.00
12599,29807,100.00
12600,18116,0.00
12601,41068,100.00
12602,28516,100.00
12603,23345,100.00
12604,25333,100.00
12605,23318,0.00
12606,44619,100.00
12607,38584,100.00
12608,24654,100.00
12609,35583,0.00
12610,36438,50.00
12611,58693,100.00
12612,27102,0.00
12613,25128,100.00
12614,31080,0.00
12615,20568,100.00
12616,53081,100.00
12617,19246,0.00
12618,22168,100.00
12619,25357,100.00
12620,25470,100.00
12621,48212,100.00
12622,30453,0.00
12623,21294,100.00
12624,23738,100.00
12625,23041,100.00
12626,47560,0.00
12627,52565,50.00
12628,42542,100.00
12629,22550,0.00
12630,22091,100.00
12631,42165,0.00
12632,34487,50.00
12633,32614,100.00
12634,23039,0.00
12635,22075,100.00
12636,30224,100.00
12637,29637,100.00
12638,25962,100.00
12639,24936,0.00
12640,24186,100.00
12641,38868,100.00
12642,32288,100.00
12643,32564,0.00
12644,24724,100.00
12645,48267,100.00
12646,23849,0.00
12647,30014,100.00
12648,34025,100.00
12649,29432,0.00
12650,38781,100.00
12651,51124,100.00
12652,20446,0.00
12653,22710,0.00
12654,35755,100.00
12655,41390,100.00
12656,20868,0.00
12657,28047,100.00
12658,24438,100.00
12659,23701,100.00
12660,36774,0.00
12661,37473,100.00
12662,49109,100.00
12663,18143,0.00
12664,19468,0.00
12665,22429,100.00
12666,23249,100.00
12667,38140,100.00
12668,40462,100.00
12669,38805,0.00
12670,37623,100.00
12671,34371,100.00
12672,52723,0.00
12673,38401,100.00
12674,22588,0.00
12675,21853,0.00
12676,40785,100.00
12677,47234,100.00
12678,25220,0.00
12679,22451,100.00
12680,26860,100.00
12681,22194,0.00
12682,22672,100.00
12683,43056,0.00
12684,30980,100.00
12685,27842,100.00
12686,26617,100.00
12687,24825,100.00
12688,39499,0.00
12689,44051,100.00
12690,54630,100.00
12691,27395,0.00
12692,30081,66.67
12693,27667,0.00
12694,36710,0.00
12695,36878,100.00
12696,35128,100.00
12697,22478,0.00
12698,38723,100.00
12699,19496,0.00
12700,24657,0.00
12701,24308,100.00
12702,24875,100.00
12703,32078,100.00
12704,32209,100.00
12705,22253,0.00
12706,20042,100.00
12707,33776,50.00
12708,25492,0.00
12709,44714,100.00
12710,39460,100.00
12711,20515,0.00
12712,25265,100.00
12713,34686,0.00
12714,54442,50.00
12715,20652,0.00
12716,22664,100.00
12717,26044,100.00
12718,22256,100.00
12719,43388,0.00
12720,32593,100.00
12721,27201,100.00
12722,25617,100.00
12723,31524,100.00
12724,36026,0.00
12725,41032,100.00
12726,28531,100.00
12727,20898,0.00
12728,26201,100.00
12729,34846,100.00
12730,29750,0.00
12731,46786,50.00
12732,38379,100.00
12733,25806,0.00
12734,29619,100.00
12735,32554,100.00
12736,21195,0.00
12737,35736,100.00
12738,31150,100.00
12739,19817,0.00
12740,43915,100.00
12741,34476,100.00
12742,37602,100.00
12743,35655,0.00
12744,61475,100.00
12745,26449,0.00
12746,23639,100.00
12747,20594,0.00
12748,24731,100.00
12749,23109,100.00
12750,23536,100.00
12751,42703,100.00
12752,37562,0.00
12753,44823,100.00
12754,26337,0.00
12755,50878,66.67
12756,23693,0.00
12757,25772,100.00
12758,25539,0.00
12759,21568,100.00
12760,31204,100.00
12761,41665,100.00
12762,18053,0.00
12763,29821,100.00
12764,25801,0.00
12765,26102,100.00
12766,34899,100.00
12767,28269,100.00
12768,21407,100.00
12769,22481,0.00
12770,25534,100.00
12771,33075,100.00
12772,36039,0.00
12773,45100,100.00
12774,39291,100.00
12775,18239,0.00
12776,29762,100.00
12777,41550,0.00
12778,26228,0.00
12779,30578,100.00
12780,19699,0.00
12781,20823,100.00
12782,34565,100.00
12783,29518,0.00
12784,25211,100.00
12785,24010,100.00
12786,33067,100.00
12787,31799,100.00
12788,21572,0.00
12789,32688,100.00
12790,34203,100.00
12791,37988,0.00
12792,37765,100.00
12793,44696,100.00
12794,37419,0.00
12795,23477,50.00
12796,52075,100.00
12797,20919,0.00
12798,21560,100.00
12799,21125,100.00
12800,38395,0.00
12801,25259,100.00
12802,58340,100.00
12803,20482,0.00
12804,21456,100.00
12805,22495,0.00
12806,33802,50.00
12807,60875,100.00
12808,20707,0.00
12809,19974,100.00
12810,24207,100.00
12811,24643,100.00
12812,24085,100.00
12813,60929,0.00
12814,46805,100.00
12815,24798,100.00
12816,49335,100.00
12817,58387,0.00
12818,26851,100.00
12819,31825,100.00
12820,20627,0.00
12821,35750,100.00
12822,34171,100.00
12823,45789,0.00
12824,28546,100.00
12825,20600,0.00
12826,24980,100.00
12827,29860,100.00
12828,42938,100.00
12829,31926,100.00
12830,24193,0.00
12831,25930,100.00
12832,24839,100.00
12833,42210,100.00
12834,46648,100.00
12835,60876,0.00
12836,28103,100.00
12837,24848,50.00
12838,50949,100.00
12839,22755,0.00
12840,37594,100.00
12841,35699,0.00
12842,24068,100.00
12843,40657,100.00
12844,19137,0.00
12845,29665,100.00
12846,26266,100.00
12847,24126,100.00
12848,35921,100.00
12849,32667,0.00
12850,21865,100.00
12851,22622,100.00
12852,22004,100.00
12853,37176,0.00
12854,40505,100.00
12855,43530,100.00
12856,20237,0.00
12857,23481,100.00
12858,31923,100.00
12859,46485,0.00
12860,30509,50.00
12861,28382,100.00
12862,20133,0.00
12863,21557,0.00
12864,36637,100.00
12865,32564,100.00
12866,25622,100.00
12867,24289,100.00
12868,35722,0.00
12869,42242,100.00
12870,22000,100.00
12871,21322,0.00
12872,31363,100.00
12873,22462,0.00
12874,36621,100.00
12875,43899,100.00
12876,32563,0.00
12877,27753,100.00
12878,59866,100.00
12879,20776,0.00
12880,22189,100.00
12881,34313,100.00
12882,65854,100.00
12883,20804,0.00
12884,44109,100.00
12885,37281,100.00
12886,25312,100.00
12887,33812,0.00
12888,25575,50.00
12889,56052,100.00
12890,18961,0.00
12891,21456,100.00
12892,22234,100.00
12893,22495,100.00
12894,23902,100.00
12895,37277,0.00
12896,41498,100.00
12897,44026,100.00
12898,23967,0.00
12899,33735,100.00
12900,44146,100.00
12901,20614,0.00
12902,24013,100.00
12903,24834,0.00
12904,31826,100.00
12905,21970,0.00
12906,52331,100.00
12907,23634,0.00
12908,27679,100.00
12909,24761,0.00
12910,45268,100.00
12911,35780,100.00
12912,24747,100.00
12913,21925,100.00
12914,20271,0.00
12915,23692,100.00
12916,44507,100.00
12917,58139,50.00
12918,25363,0.00
12919,26030,100.00
12920,23380,0.00
12921,49144,100.00
12922,42974,100.00
12923,28140,0.00
12924,29830,100.00
12925,18570,0.00
12926,33180,100.00
12927,27060,100.00
12928,30442,0.00
12929,27116,100.00
12930,25331,100.00
12931,41898,100.00
12932,34356,100.00
12933,29881,0.00
12934,34759,100.00
12935,34846,0.00
12936,41493,100.00
12937,61949,100.00
12938,29850,0.00
12939,25644,0.00
12940,38266,100.00
12941,64864,50.00
12942,20991,0.00
12943,21611,100.00
12944,23709,100.00
12945,25807,0.00
12946,35796,100.00
12947,60998,100.00
12948,19941,0.00
12949,22354,100.00
12950,21783,100.00
12951,35702,100.00
12952,57804,50.00
12953,20327,0.00
12954,19054,100.00
12955,23040,100.00
12956,22785,0.00
12957,23430,100.00
12958,43936,100.00
12959,35270,100.00
12960,28519,100.00
12961,34827,0.00
12962,36205,100.00
12963,36462,100.00
12964,26479,0.00
12965,27134,100.00
12966,42193,100.00
12967,20586,0.00
12968,28165,100.00
12969,31907,50.00
12970,26396,100.00
12971,22286,0.00
12972,24474,100.00
12973,39485,0.00
12974,35749,100.00
12975,21203,100.00
12976,24276,100.00
12977,22484,100.00
12978,30417,0.00
12979,40793,100.00
12980,37551,100.00
12981,39090,0.00
12982,25515,100.00
12983,48335,50.00
12984,21281,0.00
12985,41723,100.00
12986,24779,100.00
12987,33829,0.00
12988,36232,100.00
12989,18642,0.00
12990,25310,0.00
12991,25519,100.00
12992,24174,100.00
12993,30968,100.00
12994,31253,100.00
12995,25466,0.00
12996,20095,100.00
12997,23112,100.00
12998,22389,100.00
12999,40435,0.00
13000,64031,50.00
13001,43176,100.00
13002,23013,0.00
13003,20990,100.00
13004,42388,100.00
13005,36890,0.00
13006,25219,50.00
13007,25966,100.00
13008,20860,0.00
13009,29585,0.00
13010,26828,100.00
13011,28495,100.00
13012,25445,100.00
13013,23838,100.00
13014,32439,0.00
13015,35644,100.00
13016,21925,100.00
13017,29470,100.00
13018,21979,0.00
13019,36000,100.00
13020,30267,100.00
13021,38925,0.00
13022,29209,50.00
13023,40674,100.00
13024,19285,0.00
13025,27502,100.00
13026,21838,100.00
13027,32497,0.00
13028,27122,100.00
13029,20187,0.00
13030,30087,100.00
13031,28424,0.00
13032,23091,100.00
13033,35095,100.00
13034,46276,50.00
13035,23676,0.00
13036,23133,100.00
13037,19545,0.00
13038,23019,100.00
13039,21411,100.00
13040,24079,100.00
13041,42536,100.00
13042,36735,0.00
13043,46084,100.00
13044,24215,100.00
13045,31656,0.00
13046,37193,100.00
13047,22438,0.00
13048,23122,100.00
13049,20941,100.00
13050,30195,0.00
13051,20546,0.00
13052,55095,100.00
13053,21579,0.00
13054,23394,100.00
13055,19937,100.00
13056,49791,0.00
13057,35892,100.00
13058,25329,100.00
13059,22957,100.00
13060,21507,100.00
13061,36093,0.00
13062,42506,100.00
13063,49553,50.00
13064,20129,0.00
13065,35580,100.00
13066,22805,100.00
13067,50232,0.00
13068,25590,0.00
13069,31186,100.00
13070,20685,0.00
13071,19633,100.00
13072,39080,100.00
13073,27835,0.00
13074,24903,100.00
13075,24754,100.00
13076,35220,100.00
13077,30837,100.00
13078,21820,0.00
13079,19981,100.00
13080,35623,50.00
13081,49696,100.00
13082,22795,0.00
13083,37267,100.00
13084,22645,0.00
13085,36671,100.00
13086,34458,0.00
13087,52095,100.00
13088,20045,0.00
13089,22673,100.00
13090,23854,0.00
13091,21984,100.00
13092,33126,100.00
13093,27691,100.00
13094,42302,0.00
13095,29677,100.00
13096,18726,0.00
13097,21722,100.00
13098,34098,100.00
13099,38003,0.00
13100,25011,50.00
13101,31143,100.00
13102,20880,0.00
13103,34919,100.00
13104,35825,100.00
13105,29967,100.00
13106,26560,100.00
13107,40832,0.00
13108,43838,100.00
13109,35769,100.00
13110,34892,0.00
13111,40549,100.00
13112,20056,0.00
13113,31820,0.00
13114,22477,100.00
13115,32113,50.00
13116,28138,100.00
13117,22452,0.00
13118,30866,100.00
13119,33117,100.00
13120,24303,100.00
13121,23750,0.00
13122,26502,100.00
13123,24024,100.00
13124,34621,100.00
13125,35318,100.00
13126,26191,0.00
13127,35137,100.00
13128,23786,0.00
13129,54579,66.67
13130,24169,0.00
13131,36764,100.00
13132,35334,0.00
13133,22810,0.00
13134,57863,100.00
13135,23594,0.00
13136,24226,100.00
13137,23666,100.00
13138,25624,0.00
13139,40600,100.00
13140,31377,100.00
13141,21503,100.00
13142,23216,100.00
13143,24285,0.00
13144,24144,100.00
13145,50352,50.00
13146,39130,100.00
13147,22527,0.00
13148,22633,100.00
13149,23230,0.00
13150,50034,100.00
13151,49031,50.00
13152,22596,0.00
13153,23983,100.00
13154,20363,100.00
13155,43072,0.00
13156,34251,100.00
13157,24058,100.00
13158,22497,100.00
13159,32103,100.00
13160,35638,0.00
13161,32924,100.00
13162,24856,0.00
13163,32635,100.00
13164,36220,0.00
13165,37821,100.00
13166,32831,0.00
13167,41211,100.00
13168,46277,50.00
13169,22151,0.00
13170,38406,100.00
13171,25263,100.00
13172,24554,0.00
13173,38495,100.00
13174,27962,100.00
13175,48594,100.00
13176,23237,0.00
13177,22689,100.00
13178,23853,100.00
13179,35168,0.00
13180,44104,50.00
13181,44585,100.00
13182,18371,0.00
13183,18795,0.00
13184,22587,100.00
13185,23804,100.00
13186,24019,100.00
13187,50080,100.00
13188,38528,0.00
13189,37781,100.00
13190,38059,100.00
13191,50745,0.00
13192,36324,100.00
13193,21922,0.00
13194,23279,0.00
13195,33265,100.00
13196,31901,100.00
13197,41521,0.00
13198,28662,100.00
13199,20199,0.00
13200,24852,0.00
13201,29338,100.00
13202,35858,100.00
13203,27675,100.00
13204,21985,100.00
13205,24009,0.00
13206,23268,100.00
13207,26367,100.00
13208,48657,0.00
13209,42254,50.00
13210,45814,100.00
13211,20117,0.00
13212,41074,100.00
13213,40848,100.00
13214,56957,0.00
13215,32218,100.00
13216,31331,100.00
13217,18244,0.00
13218,44472,100.00
13219,36329,0.00
13220,26590,100.00
13221,24905,100.00
13222,43000,100.00
13223,35875,100.00
13224,22180,0.00
13225,33203,100.00
13226,41953,50.00
13227,55031,100.00
13228,24995,0.00
13229,38925,100.00
13230,27139,0.00
13231,37392,100.00
13232,35380,0.00
13233,58525,100.00
13234,20225,0.00
13235,22169,100.00
13236,25109,0.00
13237,22256,100.00
13238,38421,100.00
13239,29510,100.00
13240,25217,100.00
13241,37389,0.00
13242,22983,0.00
13243,41595,100.00
13244,20696,0.00
13245,28982,100.00
13246,33156,100.00
13247,27011,0.00
13248,37370,100.00
13249,22660,0.00
13250,31992,0.00
13251,27430,100.00
13252,22650,100.00
13253,35347,100.00
13254,32799,100.00
13255,25569,0.00
13256,37247,100.00
13257,44812,100.00
13258,23542,0.00
13259,33180,100.00
13260,22704,100.00
13261,30394,0.00
13262,27927,100.00
13263,21677,0.00
13264,31713,0.00
13265,27552,100.00
13266,21082,100.00
13267,24753,100.00
13268,22233,100.00
13269,27976,0.00
13270,30429,100.00
13271,30650,100.00
13272,26216,100.00
13273,31863,0.00
13274,35804,100.00
13275,23096,0.00
13276,31917,100.00
13277,21824,100.00
13278,32591,0.00
13279,36808,100.00
13280,18517,0.00
13281,24453,0.00
13282,22434,100.00
13283,24785,100.00
13284,28293,100.00
13285,29083,100.00
13286,24066,0.00
13287,22466,100.00
13288,24350,100.00
13289,23473,100.00
13290,42881,0.00
13291,44834,50.00
13292,37874,100.00
13293,21882,0.00
13294,22515,100.00
13295,41652,0.00
13296,35917,100.00
13297,36290,100.00
13298,20951,0.00
13299,20864,100.00
13300,34250,100.00
13301,29193,100.00
13302,25146,100.00
13303,24435,0.00
13304,20161,100.00
13305,41161,100.00
13306,31043,100.00
13307,31897,0.00
13308,25273,100.00
13309,34896,0.00
13310,44005,100.00
13311,32128,100.00
13312,33600,100.00
13313,26253,0.00
13314,33720,100.00
13315,42103,100.00
13316,19930,0.00
13317,20226,0.00
13318,31825,100.00
13319,40324,100.00
13320,19668,0.00
13321,28204,100.00
13322,22253,100.00
13323,21110,100.00
13324,35531,0.00
13325,51383,66.67
13326,19691,0.00
13327,20010,100.00
13328,26876,0.00
13329,21692,100.00
13330,22355,100.00
13331,37127,100.00
13332,35611,100.00
13333,28466,0.00
13334,31618,100.00
13335,30237,100.00
13336,41586,0.00
13337,33728,100.00
13338,21803,0.00
13339,22351,0.00
13340,36185,100.00
13341,40032,100.00
13342,20161,0.00
13343,27444,100.00
13344,20568,0.00
13345,24863,0.00
13346,32479,100.00
13347,33204,100.00
13348,21458,100.00
13349,22142,100.00
13350,23146,0.00
13351,21851,100.00
13352,39838,100.00
13353,37015,100.00
13354,49578,0.00
13355,26002,100.00
13356,23290,0.00
13357,54225,100.00
13358,27062,0.00
13359,35796,100.00
13360,22742,0.00
13361,21763,100.00
13362,44774,100.00
13363,18803,0.00
13364,25959,0.00
13365,24665,100.00
13366,24573,100.00
13367,42520,100.00
13368,30768,100.00
13369,21486,0.00
13370,23258,100.00
13371,35315,100.00
13372,37542,0.00
13373,74478,100.00
13374,33403,0.00
13375,25036,0.00
13376,33078,100.00
13377,35289,100.00
13378,45905,50.00
13379,21405,0.00
13380,23714,100.00
13381,21640,100.00
13382,19226,100.00
13383,43498,0.00
13384,33091,100.00
13385,24420,100.00
13386,24876,100.00
13387,40733,100.00
13388,41004,0.00
13389,22379,0.00
13390,28115,100.00
13391,22715,0.00
13392,23699,100.00
13393,36251,100.00
13394,40081,0.00
13395,27901,0.00
13396,42974,100.00
13397,20767,0.00
13398,34841,100.00
13399,23688,100.00
13400,30652,0.00
13401,26257,100.00
13402,37575,100.00
13403,19580,0.00
13404,30074,100.00
13405,22397,100.00
13406,33441,0.00
13407,42516,66.67
13408,21451,0.00
13409,27073,0.00
13410,22462,100.00
13411,22401,100.00
13412,22108,100.00
13413,24683,100.00
13414,32643,0.00
13415,33912,100.00
13416,26013,100.00
13417,34205,0.00
13418,41047,100.00
13419,21026,0.00
13420,32193,0.00
13421,27589,100.00
13422,25435,100.00
13423,31536,100.00
13424,19023,0.00
13425,29259,100.00
13426,38764,100.00
13427,21686,0.00
13428,24745,0.00
13429,37710,100.00
13430,35008,100.00
13431,24101,100.00
13432,20829,100.00
13433,24013,0.00
13434,23798,100.00
13435,46609,100.00
13436,37336,0.00
13437,42388,100.00
13438,22431,0.00
13439,21530,0.00
13440,34537,100.00
13441,48062,100.00
13442,32029,100.00
13443,19568,0.00
13444,21748,100.00
13445,20381,0.00
13446,40840,100.00
13447,32394,100.00
13448,24827,100.00
13449,26564,100.00
13450,39514,0.00
13451,35774,100.00
13452,23005,100.00
13453,30586,0.00
13454,35483,100.00
13455,36541,0.00
13456,34342,0.00
13457,28064,100.00
13458,34486,100.00
13459,25363,0.00
13460,35547,50.00
13461,47358,100.00
13462,21854,0.00
13463,22266,100.00
13464,35831,0.00
13465,42417,100.00
13466,20237,0.00
13467,30100,100.00
13468,22859,100.00
13469,20874,100.00
13470,34515,0.00
13471,37458,100.00
13472,42250,100.00
13473,21152,0.00
13474,20425,100.00
13475,22621,100.00
13476,22410,100.00
13477,35310,100.00
13478,35599,0.00
13479,31907,100.00
13480,35548,100.00
13481,45125,100.00
13482,23101,0.00
13483,26439,100.00
13484,26470,100.00
13485,20011,0.00
13486,40306,0.00
13487,45160,100.00
13488,21458,0.00
13489,26101,100.00
13490,20450,0.00
13491,24703,100.00
13492,36617,0.00
13493,30113,100.00
13494,21506,100.00
13495,23087,100.00
13496,22670,100.00
13497,22033,0.00
13498,36372,100.00
13499,35716,100.00
13500,50746,0.00
13501,27388,100.00
13502,38728,100.00
13503,21693,0.00
13504,34728,100.00
13505,26067,100.00
13506,31816,0.00
13507,27642,100.00
13508,26031,0.00
13509,26573,0.00
13510,29145,100.00
13511,26277,100.00
13512,24395,100.00
13513,34487,100.00
13514,29522,0.00
13515,23065,100.00
13516,23980,100.00
13517,22604,100.00
13518,48773,0.00
13519,61998,50.00
13520,33209,0.00
13521,25301,100.00
13522,21963,100.00
13523,40369,0.00
13524,33654,100.00
13525,31097,100.00
13526,21661,0.00
13527,23213,100.00
13528,20495,100.00
13529,32093,100.00
13530,25174,100.00
13531,24417,0.00
13532,24622,100.00
13533,32305,100.00
13534,39838,100.00
13535,21691,0.00
13536,23824,100.00
13537,31323,100.00
13538,22016,0.00
13539,34757,0.00
13540,37872,100.00
13541,27046,50.00
13542,22985,0.00
13543,47771,100.00
13544,20423,0.00
13545,21881,100.00
13546,32159,100.00
13547,32768,100.00
13548,17810,0.00
13549,35138,100.00
13550,29202,0.00
13551,22426,100.00
13552,32763,100.00
13553,41516,50.00
13554,21398,0.00
13555,27084,100.00
13556,23932,100.00
13557,22262,100.00
13558,20673,0.00
13559,23385,100.00
13560,33230,100.00
13561,32365,100.00
13562,28634,100.00
13563,31964,0.00
13564,35134,100.00
13565,19587,0.00
13566,27822,100.00
13567,24557,100.00
13568,23803,100.00
13569,29528,0.00
13570,18985,0.00
13571,42169,100.00
13572,23910,0.00
13573,25101,100.00
13574,22834,100.00
13575,36812,0.00
13576,30057,100.00
13577,21640,100.00
13578,21801,100.00
13579,21210,100.00
13580,23301,0.00
13581,41384,100.00
13582,45352,0.00
13583,36458,100.00
13584,22411,0.00
13585,21328,100.00
13586,41604,0.00
13587,35225,100.00
13588,24706,100.00
13589,27339,100.00
13590,17991,0.00
13591,30950,100.00
13592,27076,100.00
13593,25178,100.00
13594,24696,0.00
13595,30376,100.00
13596,29664,100.00
13597,25250,100.00
13598,20098,100.00
13599,34219,0.00
13600,42754,100.00
13601,22212,0.00
13602,24807,100.00
13603,24788,100.00
13604,37017,0.00
13605,25483,100.00
13606,53893,50.00
13607,19944,0.00
13608,22228,100.00
13609,24113,100.00
13610,38185,0.00
13611,54547,100.00
13612,24262,0.00
13613,22757,100.00
13614,22964,0.00
13615,25057,100.00
13616,44796,100.00
13617,49589,100.00
13618,18292,0.00
13619,17550,100.00
13620,21527,100.00
13621,22777,100.00
13622,32895,0.00
13623,39614,100.00
13624,35051,100.00
13625,32309,100.00
13626,32204,100.00
13627,28418,0.00
13628,37852,50.00
13629,32211,100.00
13630,20143,0.00
13631,39789,100.00
13632,48026,100.00
13633,29477,0.00
13634,20793,0.00
13635,27519,100.00
13636,21875,0.00
13637,32365,100.00
13638,29096,100.00
13639,22286,0.00
13640,21007,100.00
13641,25421,100.00
13642,23279,100.00
13643,41771,100.00
13644,38293,0.00
13645,27692,100.00
13646,35128,100.00
13647,22746,0.00
13648,46340,100.00
13649,27510,0.00
13650,24473,100.00
13651,31774,0.00
13652,34783,100.00
13653,19423,0.00
13654,28070,100.00
13655,24536,100.00
13656,25349,100.00
13657,23013,100.00
13658,33307,0.00
13659,27475,100.00
13660,20847,100.00
13661,23411,100.00
13662,23824,100.00
13663,43873,0.00
13664,37536,0.00
13665,43019,100.00
13666,22636,0.00
13667,22057,100.00
13668,36490,0.00
13669,36560,0.00
13670,35181,100.00
13671,22631,0.00
13672,21810,100.00
13673,31510,100.00
13674,26947,0.00
13675,28677,100.00
13676,24561,100.00
13677,24895,100.00
13678,33156,100.00
13679,35775,0.00
13680,23099,50.00
13681,25114,100.00
13682,32762,100.00
13683,22749,0.00
13684,37989,100.00
13685,40217,100.00
13686,28120,0.00
13687,26845,50.00
13688,49171,100.00
13689,19952,0.00
13690,21215,0.00
13691,32035,100.00
13692,27972,100.00
13693,42744,100.00
13694,20078,0.00
13695,28697,100.00
13696,22359,100.00
13697,32942,100.00
13698,22021,0.00
13699,54257,66.67
13700,20621,0.00
13701,22211,0.00
13702,21390,100.00
13703,20804,100.00
13704,23890,100.00
13705,37874,100.00
13706,34109,0.00
13707,28393,100.00
13708,34931,100.00
13709,39493,100.00
13710,20267,0.00
13711,28996,100.00
13712,25739,0.00
13713,23409,100.00
13714,29829,100.00
13715,19105,0.00
13716,45969,100.00
13717,21193,0.00
13718,22894,0.00
13719,22821,100.00
13720,41355,100.00
13721,32826,100.00
13722,21732,100.00
13723,21577,0.00
13724,20565,100.00
13725,21717,100.00
13726,42896,0.00
13727,45229,100.00
13728,38073,100.00
13729,22634,0.00
13730,20807,100.00
13731,42137,50.00
13732,33895,0.00
13733,23487,100.00
13734,28758,100.00
13735,18519,0.00
13736,31330,100.00
13737,26274,0.00
13738,25323,100.00
13739,24786,100.00
13740,22855,100.00
13741,30837,100.00
13742,27869,0.00
13743,19544,100.00
13744,32764,100.00
13745,25586,0.00
13746,54760,100.00
13747,19070,0.00
13748,34576,0.00
13749,37659,100.00
13750,23863,100.00
13751,47732,0.00
13752,49922,100.00
13753,21974,0.00
13754,23906,100.00
13755,23400,100.00
13756,20994,0.00
13757,49502,100.00
13758,35693,100.00
13759,37143,0.00
13760,25584,100.00
13761,31499,100.00
13762,22213,0.00
13763,28634,100.00
13764,38208,0.00
13765,30052,50.00
13766,29077,100.00
13767,24505,0.00
13768,43540,100.00
13769,41658,100.00
13770,27326,100.00
13771,34002,100.00
13772,31094,0.00
13773,22804,100.00
13774,34509,100.00
13775,27325,0.00
13776,52332,100.00
13777,24761,0.00
13778,24571,100.00
13779,33992,0.00
13780,23785,50.00
13781,33076,100.00
13782,21677,0.00
13783,43873,100.00
13784,33196,100.00
13785,25678,100.00
13786,24393,0.00
13787,21837,100.00
13788,37658,100.00
13789,32173,100.00
13790,24884,100.00
13791,35691,0.00
13792,22037,0.00
13793,33548,100.00
13794,48780,100.00
13795,20734,0.00
13796,26812,0.00
13797,21510,100.00
13798,47130,100.00
13799,22301,0.00
13800,20326,100.00
13801,23172,100.00
13802,24899,100.00
13803,40437,0.00
13804,36721,100.00
13805,23384,100.00
13806,24346,100.00
13807,24088,100.00
13808,30447,0.00
13809,45857,100.00
13810,36029,50.00
13811,21805,0.00
13812,21133,100.00
13813,21358,100.00
13814,43312,0.00
13815,32015,100.00
13816,20555,0.00
13817,21928,0.00
13818,25700,100.00
13819,27277,100.00
13820,23878,100.00
13821,24402,100.00
13822,23996,0.00
13823,31998,100.00
13824,30958,100.00
13825,34695,0.00
13826,32413,100.00
13827,22298,0.00
13828,43380,0.00
13829,33012,100.00
13830,37569,100.00
13831,29172,0.00
13832,26416,50.00
13833,54894,100.00
13834,20177,0.00
13835,21175,100.00
13836,21426,0.00
13837,35742,100.00
13838,48159,100.00
13839,20061,0.00
13840,28910,100.00
13841,22469,100.00
13842,33668,100.00
13843,34345,0.00
13844,54388,100.00
13845,20161,0.00
13846,19297,100.00
13847,21695,0.00
13848,20983,100.00
13849,24074,100.00
13850,45009,100.00
13851,39722,100.00
13852,27969,0.00
13853,37554,100.00
13854,47550,50.00
13855,24528,0.00
13856,30607,100.00
13857,21193,0.00
13858,23052,0.00
13859,43844,100.00
13860,46799,100.00
13861,21781,0.00
13862,25381,100.00
13863,21618,0.00
13864,23463,0.00
13865,42890,100.00
13866,32850,100.00
13867,21374,100.00
13868,23317,100.00
13869,22772,0.00
13870,28179,100.00
13871,50413,100.00
13872,47916,0.00
13873,47007,100.00
13874,18971,0.00
13875,31421,0.00
13876,31403,100.00
13877,47117,50.00
13878,25813,0.00
13879,28256,100.00
13880,17579,0.00
13881,37675,100.00
13882,31058,100.00
13883,25010,0.00
13884,25481,100.00
13885,36487,100.00
13886,36118,100.00
13887,23249,100.00
13888,22038,0.00
13889,36250,100.00
13890,34452,0.00
13891,61955,100.00
13892,32862,0.00
13893,23445,100.00
13894,36331,0.00
13895,34646,0.00
13896,55659,100.00
13897,21531,0.00
13898,21936,100.00
13899,23584,100.00
13900,21947,0.00
13901,42406,100.00
13902,32687,100.00
13903,25942,100.00
13904,32832,0.00
13905,22538,100.00
13906,39741,100.00
13907,19897,0.00
13908,29123,100.00
13909,33444,0.00
13910,26920,100.00
13911,40382,100.00
13912,22809,0.00
13913,33591,100.00
13914,25930,100.00
13915,24112,100.00
13916,42825,100.00
13917,32670,0.00
13918,25323,100.00
13919,37539,50.00
13920,43537,100.00
13921,20391,0.00
13922,31344,100.00
13923,24603,100.00
13924,32934,0.00
13925,25146,50.00
13926,38451,100.00
13927,23140,0.00
13928,27430,0.00
13929,22175,100.00
13930,25817,100.00
13931,24241,100.00
13932,30414,100.00
13933,34622,0.00
13934,36436,100.00
13935,27793,100.00
13936,39279,0.00
13937,25441,100.00
13938,59350,100.00
13939,22597,0.00
13940,23337,100.00
13941,32134,100.00
13942,21535,0.00
13943,54788,100.00
13944,18581,0.00
13945,21658,0.00
13946,24659,100.00
13947,28757,100.00
13948,45644,100.00
13949,29930,100.00
13950,21897,0.00
13951,25098,100.00
13952,23004,100.00
13953,43016,100.00
13954,69936,0.00
13955,27707,50.00
13956,33073,100.00
13957,19624,0.00
13958,40972,0.00
13959,36394,100.00
13960,25110,100.00
13961,27345,100.00
13962,18031,0.00
13963,30604,100.00
13964,30495,100.00
13965,31939,100.00
13966,29440,0.00
13967,25098,100.00
13968,40939,100.00
13969,36607,100.00
13970,33731,100.00
13971,23723,0.00
13972,29401,100.00
13973,50152,100.00
13974,24163,0.00
13975,37255,100.00
13976,37933,100.00
13977,23170,0.00
13978,61348,100.00
13979,21043,0.00
13980,22412,0.00
13981,24144,100.00
13982,39078,50.00
13983,26849,0.00
13984,58581,100.00
13985,19862,0.00
13986,21771,100.00
13987,21911,100.00
13988,33234,0.00
13989,57911,100.00
13990,20977,0.00
13991,21869,0.00
13992,21605,100.00
13993,20775,100.00
13994,22526,100.00
13995,45967,100.00
13996,41994,0.00
13997,26462,100.00
13998,41936,100.00
13999,46172,100.00
14000,50459,0.00
14001,29107,100.00
14002,24333,100.00
14003,20819,0.00
14004,37679,0.00
14005,43910,100.00
14006,21709,0.00
14007,24238,100.00
14008,21045,0.00
14009,23897,100.00
14010,37037,0.00
14011,35696,100.00
14012,21356,100.00
14013,25143,100.00
14014,22442,100.00
14015,25703,0.00
14016,36803,100.00
14017,36361,100.00
14018,37605,0.00
14019,25808,100.00
14020,39428,100.00
14021,21865,0.00
14022,31594,100.00
14023,35735,100.00
14024,24045,0.00
14025,21850,100.00
14026,49592,100.00
14027,21441,0.00
14028,24705,100.00
14029,24203,100.00
14030,27945,100.00
14031,42637,100.00
14032,32256,0.00
14033,21608,100.00
14034,23009,100.00
14035,35468,0.00
14036,48923,66.67
14037,19230,0.00
14038,22242,0.00
14039,25812,100.00
14040,33404,100.00
14041,41772,0.00
14042,50653,100.00
14043,21260,0.00
14044,24400,0.00
14045,21737,100.00
14046,32920,100.00
14047,27291,100.00
14048,28579,100.00
14049,25491,0.00
14050,24411,100.00
14051,38121,100.00
14052,44506,0.00
14053,21516,50.00
14054,31083,100.00
14055,22396,0.00
14056,42370,100.00
14057,36979,100.00
14058,43513,0.00
14059,30160,50.00
14060,46469,100.00
14061,20009,0.00
14062,34296,100.00
14063,23815,100.00
14064,33149,0.00
14065,28549,100.00
14066,43331,100.00
14067,20245,0.00
14068,28059,100.00
14069,21834,0.00
14070,36442,100.00
14071,28865,100.00
14072,52992,100.00
14073,20599,0.00
14074,19351,100.00
14075,22769,100.00
14076,20860,100.00
14077,23957,0.00
14078,42565,100.00
14079,38704,100.00
14080,50773,50.00
14081,23780,0.00
14082,33937,100.00
14083,45048,100.00
14084,20222,0.00
14085,24524,0.00
14086,23267,100.00
14087,31340,100.00
14088,20996,0.00
14089,54466,100.00
14090,21610,0.00
14091,23174,0.00
14092,23115,100.00
14093,47625,100.00
14094,34898,100.00
14095,24668,100.00
14096,21890,0.00
14097,21446,100.00
14098,22753,100.00
14099,49772,0.00
14100,52054,100.00
14101,21985,0.00
14102,25131,0.00
14103,23287,100.00
14104,50866,50.00
14105,43379,0.00
14106,40444,100.00
14107,21971,0.00
14108,21647,0.00
14109,36835,100.00
14110,29621,100.00
14111,27536,100.00
14112,24258,100.00
14113,32120,0.00
14114,27978,100.00
14115,24606,100.00
14116,29698,0.00
14117,23709,50.00
14118,44743,100.00
14119,21775,0.00
14120,26122,100.00
14121,38441,100.00
14122,35352,0.00
14123,39272,100.00
14124,20213,0.00
14125,27787,0.00
14126,21853,100.00
14127,23993,100.00
14128,34730,0.00
14129,40971,100.00
14130,19387,0.00
14131,26628,100.00
14132,35804,100.00
14133,34887,0.00
14134,55663,100.00
14135,23967,0.00
14136,21380,0.00
14137,18528,100.00
14138,21678,100.00
14139,22804,100.00
14140,23285,100.00
14141,46904,0.00
14142,37071,100.00
14143,31043,100.00
14144,33669,100.00
14145,44106,0.00
14146,32686,100.00
14147,21733,0.00
14148,22369,100.00
14149,32309,100.00
14150,36689,100.00
14151,21619,0.00
14152,21100,50.00
14153,25380,100.00
14154,21965,0.00
14155,32948,0.00
14156,35049,100.00
14157,24685,100.00
14158,20313,100.00
14159,24524,100.00
14160,24152,0.00
14161,39178,100.00
14162,39389,100.00
14163,57646,100.00
14164,26041,0.00
14165,30209,100.00
14166,29653,0.00
14167,34448,100.00
14168,39682,0.00
14169,39062,50.00
14170,23119,0.00
14171,37039,100.00
14172,20245,0.00
14173,25677,100.00
14174,24567,0.00
14175,24891,100.00
14176,32295,100.00
14177,29118,100.00
14178,21000,100.00
14179,20525,0.00
14180,22851,100.00
14181,35750,100.00
14182,38502,0.00
14183,47498,100.00
14184,37843,100.00
14185,22811,0.00
14186,21771,100.00
14187,43165,100.00
14188,54872,100.00
14189,18854,0.00
14190,27660,100.00
14191,22610,100.00
14192,31798,100.00
14193,28067,0.00
14194,28369,100.00
14195,26269,100.00
14196,23804,100.00
14197,35903,100.00
14198,37982,0.00
14199,21296,0.00
14200,30751,100.00
14201,21356,0.00
14202,37334,100.00
14203,32745,100.00
14204,43226,0.00
14205,28922,0.00
14206,43436,100.00
14207,19509,0.00
14208,29944,100.00
14209,22207,100.00
14210,34116,0.00
14211,26739,100.00
14212,39549,100.00
14213,20476,0.00
14214,29860,100.00
14215,23882,100.00
14216,37115,0.00
14217,35762,100.00
14218,50160,100.00
14219,19634,0.00
14220,19478,100.00
14221,23760,0.00
14222,23045,100.00
14223,23911,100.00
14224,49868,100.00
14225,44542,100.00
14226,53410,0.00
14227,26067,100.00
14228,34967,100.00
14229,46539,100.00
14230,21625,0.00
14231,24416,100.00
14232,24382,100.00
14233,30057,0.00
14234,21597,50.00
14235,60161,100.00
14236,21444,0.00
14237,23146,100.00
14238,23510,100.00
14239,50722,100.00
14240,39712,0.00
14241,24822,100.00
14242,23471,100.00
14243,22882,100.00
14244,23118,100.00
14245,52367,0.00
14246,52563,100.00
14247,20673,0.00
14248,23353,100.00
14249,21348,100.00
14250,53242,0.00
14251,41783,100.00
14252,38222,100.00
14253,21834,0.00
14254,21026,100.00
14255,38763,100.00
14256,31993,100.00
14257,28522,0.00
14258,23847,100.00
14259,32736,100.00
14260,34053,100.00
14261,25635,100.00
14262,20311,0.00
14263,34002,100.00
14264,38728,0.00
14265,54006,100.00
14266,19843,0.00
14267,22529,100.00
14268,41239,0.00
14269,26592,0.00
14270,63702,100.00
14271,21157,0.00
14272,22262,100.00
14273,24598,100.00
14274,37573,0.00
14275,56021,100.00
14276,23938,0.00
14277,23015,0.00
14278,21022,100.00
14279,24624,100.00
14280,38500,0.00
14281,54955,100.00
14282,18649,0.00
14283,18489,100.00
14284,22491,100.00
14285,22682,0.00
14286,27785,100.00
14287,49803,100.00
14288,38462,100.00
14289,35686,100.00
14290,31689,0.00
14291,31771,100.00
14292,34309,50.00
14293,27077,0.00
14294,38372,100.00
14295,20438,0.00
14296,28876,0.00
14297,32400,100.00
14298,20317,0.00
14299,28205,100.00
14300,22016,0.00
14301,32922,100.00
14302,33451,0.00
14303,21804,100.00
14304,21998,100.00
14305,24313,100.00
14306,22083,100.00
14307,38267,0.00
14308,38498,100.00
14309,25881,100.00
14310,32141,0.00
14311,34805,100.00
14312,21856,0.00
14313,34000,0.00
14314,25684,100.00
14315,31363,50.00
14316,30305,100.00
14317,21624,0.00
14318,25762,100.00
14319,27016,0.00
14320,24960,100.00
14321,23698,100.00
14322,33398,100.00
14323,30687,100.00
14324,23280,0.00
14325,23851,100.00
14326,21742,100.00
14327,45959,100.00
14328,34635,0.00
14329,52916,50.00
14330,45422,100.00
14331,19748,0.00
14332,21182,0.00
14333,41702,100.00
14334,32858,100.00
14335,21219,0.00
14336,22039,100.00
14337,20892,100.00
14338,34719,100.00
14339,27302,100.00
14340,25712,0.00
14341,25139,100.00
14342,33014,100.00
14343,31914,100.00
14344,35079,0.00
14345,27041,100.00
14346,23970,0.00
14347,24541,100.00
14348,35722,0.00
14349,42304,100.00
14350,33500,100.00
14351,25666,0.00
14352,52460,100.00
14353,20602,0.00
14354,22324,100.00
14355,22419,100.00
14356,35947,0.00
14357,44574,100.00
14358,20872,0.00
14359,31471,0.00
14360,24890,100.00
14361,23640,100.00
14362,35330,0.00
14363,56161,100.00
14364,19507,0.00
14365,21594,100.00
14366,21161,100.00
14367,21107,0.00
14368,22795,100.00
14369,36633,100.00
14370,33180,100.00
14371,29322,100.00
14372,33404,0.00
14373,21609,0.00
14374,49354,100.00
14375,21326,0.00
14376,24064,100.00
14377,23969,100.00
14378,30670,0.00
14379,18833,50.00
14380,49839,100.00
14381,21278,0.00
14382,37494,100.00
14383,27021,100.00
14384,40641,100.00
14385,34546,100.00
14386,22003,0.00
14387,18626,100.00
14388,22358,100.00
14389,22451,100.00
14390,49646,0.00
14391,48510,100.00
14392,39024,100.00
14393,23129,0.00
14394,21997,100.00
14395,45828,100.00
14396,38360,0.00
14397,24925,100.00
14398,29669,100.00
14399,18465,0.00
14400,32742,0.00
14401,25794,100.00
14402,27545,100.00
14403,25167,100.00
14404,23885,100.00
14405,30989,0.00
14406,25872,100.00
14407,19602,100.00
14408,33946,0.00
14409,24998,50.00
14410,53022,100.00
14411,19336,0.00
14412,35666,100.00
14413,37635,100.00
14414,23771,0.00
14415,45567,100.00
14416,44928,100.00
14417,21412,0.00
14418,21860,100.00
14419,23181,0.00
14420,20979,100.00
14421,47058,100.00
14422,31793,100.00
14423,36167,0.00
14424,25900,100.00
14425,30247,100.00
14426,23957,0.00
14427,24493,0.00
14428,36749,100.00
14429,33079,100.00
14430,21639,0.00
14431,22545,100.00
14432,40884,100.00
14433,39291,100.00
14434,26323,100.00
14435,31699,0.00
14436,32588,100.00
14437,30124,100.00
14438,40307,100.00
14439,27559,0.00
14440,33502,100.00
14441,52622,100.00
14442,20527,0.00
14443,30360,0.00
14444,20803,100.00
14445,30514,50.00
14446,22064,0.00
14447,38734,100.00
14448,31586,100.00
14449,25398,100.00
14450,23251,100.00
14451,23126,0.00
14452,32493,100.00
14453,32372,100.00
14454,27921,100.00
14455,32583,100.00
14456,21600,0.00
14457,23651,100.00
14458,53056,100.00
14459,22510,0.00
14460,32277,100.00
14461,30363,50.00
14462,47698,100.00
14463,18961,0.00
14464,23118,100.00
14465,23035,100.00
14466,24615,100.00
14467,37330,0.00
14468,30678,100.00
14469,21123,100.00
14470,23449,100.00
14471,22426,100.00
14472,21940,0.00
14473,45772,100.00
14474,39217,0.00
14475,39133,100.00
14476,20991,0.00
14477,21615,100.00
14478,48262,0.00
14479,45967,100.00
14480,22134,0.00
14481,23494,100.00
14482,20158,100.00
14483,36655,100.00
14484,27941,0.00
14485,24631,100.00
14486,24280,100.00
14487,28992,100.00
14488,31022,100.00
14489,34931,0.00
14490,22328,0.00
14491,32925,100.00
14492,22476,0.00
14493,36106,100.00
14494,30565,100.00
14495,38455,0.00
14496,41133,100.00
14497,22415,0.00
14498,32176,100.00
14499,24116,100.00
14500,23679,100.00
14501,34659,0.00
14502,27398,100.00
14503,55171,100.00
14504,23941,0.00
14505,22991,100.00
14506,22593,100.00
14507,36391,0.00
14508,48973,100.00
14509,48815,100.00
14510,18466,0.00
14511,21473,100.00
14512,20774,0.00
14513,22374,100.00
14514,32389,100.00
14515,39969,100.00
14516,34371,100.00
14517,33309,0.00
14518,40842,100.00
14519,22051,50.00
14520,29370,100.00
14521,21844,0.00
14522,23960,100.00
14523,33467,0.00
14524,36697,100.00
14525,22208,100.00
14526,21843,0.00
14527,25689,100.00
14528,21449,0.00
14529,31992,100.00
14530,27784,100.00
14531,22743,0.00
14532,18616,100.00
14533,22616,100.00
14534,22357,100.00
14535,32709,100.00
14536,38895,0.00
14537,38946,100.00
14538,22352,0.00
14539,20240,100.00
14540,45401,100.00
14541,40367,0.00
14542,24846,50.00
14543,27916,100.00
14544,17755,0.00
14545,29779,100.00
14546,26135,100.00
14547,29556,100.00
14548,26245,0.00
14549,23373,100.00
14550,35335,100.00
14551,28926,100.00
14552,23023,100.00
14553,33182,0.00
14554,25182,100.00
14555,51404,50.00
14556,20035,0.00
14557,34820,100.00
14558,26019,100.00
14559,33227,0.00
14560,59261,100.00
14561,20639,0.00
14562,23319,0.00
14563,24859,100.00
14564,24212,100.00
14565,21634,100.00
14566,47162,100.00
14567,33089,0.00
14568,23891,100.00
14569,33136,50.00
14570,28788,100.00
14571,22182,0.00
14572,34133,100.00
14573,30761,0.00
14574,35215,100.00
14575,31703,100.00
14576,20226,0.00
14577,40573,100.00
14578,36354,100.00
14579,26761,0.00
14580,33226,100.00
14581,28857,100.00
14582,28750,100.00
14583,23532,100.00
14584,36961,0.00
14585,33984,100.00
14586,47637,100.00
14587,20095,0.00
14588,31187,100.00
14589,23110,100.00
14590,29295,100.00
14591,21668,0.00
14592,40524,100.00
14593,30155,100.00
14594,22725,100.00
14595,25065,0.00
14596,23753,100.00
14597,37568,100.00
14598,34990,100.00
14599,25582,100.00
14600,35854,0.00
14601,21921,100.00
14602,34270,100.00
14603,47429,100.00
14604,20973,0.00
14605,32394,100.00
14606,21815,0.00
14607,54332,100.00
14608,19557,0.00
14609,21433,0.00
14610,24160,100.00
14611,24199,100.00
14612,45247,100.00
14613,33361,100.00
14614,21597,0.00
14615,23831,100.00
14616,22884,100.00
14617,48622,0.00
14618,49375,100.00
14619,28114,100.00
14620,31886,100.00
14621,20266,0.00
14622,43998,50.00
14623,38657,0.00
14624,33441,100.00
14625,23418,0.00
14626,22622,0.00
14627,36020,100.00
14628,29911,100.00
14629,25219,100.00
14630,24538,100.00
14631,23377,0.00
14632,37475,100.00
14633,28251,100.00
14634,33465,0.00
14635,25611,50.00
14636,45752,100.00
14637,23659,0.00
14638,27728,100.00
14639,35340,100.00
14640,28701,0.00
14641,34340,100.00
14642,48312,100.00
14643,20478,0.00
14644,22984,100.00
14645,35894,0.00
14646,40764,66.67
14647,19558,0.00
14648,29384,0.00
14649,23586,100.00
14650,23820,100.00
14651,33635,0.00
14652,36751,100.00
14653,49741,100.00
14654,18539,0.00
14655,18894,100.00
14656,21045,0.00
14657,22594,100.00
14658,32066,100.00
14659,36197,100.00
14660,31200,100.00
14661,30849,0.00
14662,30517,100.00
14663,40544,100.00
14664,32475,50.00
14665,21749,0.00
14666,19684,100.00
14667,38078,0.00
14668,39427,100.00
14669,23141,0.00
14670,26955,100.00
14671,21115,0.00
14672,25500,100.00
14673,33645,0.00
14674,36973,100.00
14675,27058,100.00
14676,21155,100.00
14677,25773,100.00
14678,24664,0.00
14679,36375,100.00
14680,37475,100.00
14681,52923,100.00
14682,25031,0.00
14683,28142,100.00
14684,27052,0.00
14685,33833,100.00
14686,37330,100.00
14687,33660,0.00
14688,24315,50.00
14689,44131,100.00
14690,20436,0.00
14691,30941,100.00
14692,26404,100.00
14693,26453,100.00
14694,33626,100.00
14695,32427,0.00
14696,22529,100.00
14697,19630,100.00
14698,24581,100.00
14699,37442,0.00
14700,49942,50.00
14701,34981,0.00
14702,22330,100.00
14703,26418,100.00
14704,33541,0.00
14705,46086,100.00
14706,46775,100.00
14707,21727,0.00
14708,25141,100.00
14709,21421,100.00
14710,32647,100.00
14711,31156,100.00
14712,32090,0.00
14713,25742,100.00
14714,24559,100.00
14715,36974,100.00
14716,38629,0.00
14717,23973,50.00
14718,38892,100.00
14719,22623,0.00
14720,26341,100.00
14721,33164,100.00
14722,37000,0.00
14723,28820,100.00
14724,43435,100.00
14725,19643,0.00
14726,30435,100.00
14727,23272,100.00
14728,34639,0.00
14729,28021,100.00
14730,41804,100.00
14731,19666,0.00
14732,28301,0.00
14733,23053,100.00
14734,35465,100.00
14735,32706,0.00
14736,42030,100.00
14737,19835,0.00
14738,19400,100.00
14739,22102,100.00
14740,21478,0.00
14741,23771,100.00
14742,39714,100.00
14743,34741,100.00
14744,50401,100.00
14745,21954,0.00
14746,30663,100.00
14747,43400,100.00
14748,21214,0.00
14749,23978,100.00
14750,23731,100.00
14751,30717,0.00
14752,20723,50.00
14753,51961,100.00
14754,21230,0.00
14755,23843,100.00
14756,23118,100.00
14757,44675,100.00
14758,30511,100.00
14759,25570,0.00
14760,21390,100.00
14761,20639,100.00
14762,22325,100.00
14763,44353,0.00
14764,49431,100.00
14765,19966,0.00
14766,24401,100.00
14767,21555,100.00
14768,42829,0.00
14769,36458,50.00
14770,34840,100.00
14771,21979,0.00
14772,20741,100.00
14773,31016,100.00
14774,25934,100.00
14775,25220,100.00
14776,24320,0.00
14777,30246,100.00
14778,27812,100.00
14779,24086,100.00
14780,30530,0.00
14781,23269,50.00
14782,42889,100.00
14783,22454,0.00
14784,26864,100.00
14785,51493,100.00
14786,36237,0.00
14787,41786,100.00
14788,19968,0.00
14789,27517,100.00
14790,21509,100.00
14791,24211,100.00
14792,36358,0.00
14793,44166,100.00
14794,19982,0.00
14795,25358,100.00
14796,21365,0.00
14797,34175,100.00
14798,50100,100.00
14799,21233,0.00
14800,20253,100.00
14801,18288,100.00
14802,20538,100.00
14803,22723,100.00
14804,24761,0.00
14805,38951,100.00
14806,33501,100.00
14807,30951,100.00
14808,27386,100.00
14809,38564,0.00
14810,32623,50.00
14811,22459,0.00
14812,22221,100.00
14813,31280,100.00
14814,37635,100.00
14815,21972,0.00
14816,21121,100.00
14817,25304,100.00
14818,21067,0.00
14819,32476,100.00
14820,31261,100.00
14821,21454,100.00
14822,19542,100.00
14823,23625,0.00
14824,22965,100.00
14825,33843,100.00
14826,31691,100.00
14827,48361,50.00
14828,22628,0.00
14829,22504,100.00
14830,37775,100.00
14831,22042,0.00
14832,29303,100.00
14833,33548,100.00
14834,22204,0.00
14835,33707,100.00
14836,19438,0.00
14837,26634,0.00
14838,23510,100.00
14839,23894,100.00
14840,30898,100.00
14841,29287,100.00
14842,21283,0.00
14843,21666,100.00
14844,20730,100.00
14845,33692,0.00
14846,33827,100.00
14847,37008,50.00
14848,20484,0.00
14849,23882,100.00
14850,31475,100.00
14851,40498,0.00
14852,30379,100.00
14853,27757,100.00
14854,21680,0.00
14855,21630,100.00
14856,34285,0.00
14857,28151,100.00
14858,25032,100.00
14859,23988,100.00
14860,30699,100.00
14861,29097,0.00
14862,33150,50.00
14863,25384,100.00
14864,20956,0.00
14865,23974,100.00
14866,31717,100.00
14867,30978,100.00
14868,41487,0.00
14869,35346,100.00
14870,19231,0.00
14871,30218,100.00
14872,23693,100.00
14873,27969,100.00
14874,26147,0.00
14875,29743,100.00
14876,26175,0.00
14877,25836,100.00
14878,25911,0.00
14879,22171,100.00
14880,32386,100.00
14881,49997,100.00
14882,19976,0.00
14883,19686,100.00
14884,21007,100.00
14885,20852,100.00
14886,22648,0.00
14887,23482,100.00
14888,44743,100.00
14889,37560,100.00
14890,46179,0.00
14891,26016,100.00
14892,53831,100.00
14893,21730,0.00
14894,24163,100.00
14895,24654,100.00
14896,21795,100.00
14897,30172,0.00
14898,45956,66.67
14899,18641,0.00
14900,32998,0.00
14901,24829,100.00
14902,36255,100.00
14903,40606,100.00
14904,26027,100.00
14905,20807,0.00
14906,24004,100.00
14907,23412,100.00
14908,46290,0.00
14909,37892,100.00
14910,38091,100.00
14911,22099,0.00
14912,21907,100.00
14913,37413,100.00
14914,45567,0.00
14915,28937,100.00
14916,21978,0.00
14917,21234,0.00
14918,20241,100.00
14919,44684,100.00
14920,37710,100.00
14921,29114,100.00
14922,25598,0.00
14923,44872,100.00
14924,38560,100.00
14925,30440,100.00
14926,31882,100.00
14927,27173,0.00
14928,35749,50.00
14929,45392,100.00
14930,34555,0.00
14931,24652,100.00
14932,38027,100.00
14933,36587,0.00
14934,55747,100.00
14935,22047,0.00
14936,22001,0.00
14937,26271,100.00
14938,39212,50.00
14939,44331,0.00
14940,54861,100.00
14941,22572,0.00
14942,21931,100.00
14943,25631,100.00
14944,39109,0.00
14945,43570,100.00
14946,30986,100.00
14947,32808,100.00
14948,21809,0.00
14949,23073,100.00
14950,25052,100.00
14951,48907,100.00
14952,42053,0.00
14953,23826,100.00
14954,48342,100.00
14955,40125,100.00
14956,42697,0.00
14957,25955,50.00
14958,40197,100.00
14959,21252,0.00
14960,31850,100.00
14961,35887,100.00
14962,21524,0.00
14963,23658,100.00
14964,27750,100.00
14965,22953,0.00
14966,35673,0.00
14967,30490,100.00
14968,22102,100.00
14969,24752,100.00
14970,22558,100.00
14971,32987,0.00
14972,34119,100.00
14973,28952,100.00
14974,33520,0.00
14975,29166,100.00
14976,26523,0.00
14977,30101,0.00
14978,33752,100.00
14979,32276,100.00
14980,21840,0.00
14981,35655,100.00
14982,19066,0.00
14983,24511,0.00
14984,23863,100.00
14985,24297,100.00
14986,34024,100.00
14987,28768,100.00
14988,22026,0.00
14989,22227,100.00
14990,21431,100.00
14991,22785,100.00
14992,43749,0.00
14993,40282,50.00
14994,20090,0.00
14995,23447,100.00
14996,24789,100.00
14997,43136,0.00
14998,35647,100.00
14999,39950,100.00
15000,54000,0.00
