sample,work_ns,cpu_utilization
1,53364,100.00
2,19800,0.00
3,23948,100.00
4,27461,100.00
5,57742,100.00
6,54461,100.00
7,54045,0.00
8,62919,100.00
9,34944,100.00
10,36957,100.00
11,25479,0.00
12,59948,100.00
13,46827,100.00
14,33909,100.00
15,55520,0.00
16,54827,0.00
17,62241,0.00
18,66401,50.00
19,30439,100.00
20,23819,0.00
21,40330,100.00
22,63074,100.00
23,47071,100.00
24,28891,100.00
25,25038,100.00
26,28005,100.00
27,55852,100.00
28,54636,100.00
29,63206,0.00
30,61397,0.00
31,62648,0.00
32,61539,0.00
33,57252,0.00
34,71003,100.00
35,29618,0.00
36,25161,100.00
37,22066,100.00
38,27126,100.00
39,47671,100.00
40,52459,100.00
41,31931,100.00
42,31475,100.00
43,34840,100.00
44,28026,100.00
45,50501,0.00
46,51189,0.00
47,55718,0.00
48,56149,0.00
49,67891,0.00
50,62974,0.00
51,63288,100.00
52,62646,100.00
53,24910,0.00
54,21242,100.00
55,19880,100.00
56,27131,100.00
57,44340,100.00
58,44217,100.00
59,33835,100.00
60,24272,100.00
61,45481,0.00
62,54501,0.00
63,59636,0.00
64,57008,0.00
65,59786,0.00
66,67136,0.00
67,43314,100.00
68,19829,0.00
69,60705,100.00
70,59303,100.00
71,30450,100.00
72,24128,100.00
73,19483,100.00
74,33095,100.00
75,53578,100.00
76,52349,100.00
77,66625,0.00
78,58084,0.00
79,57228,0.00
80,54923,0.00
81,56454,0.00
82,66951,100.00
83,24424,0.00
84,22958,100.00
85,27682,100.00
86,39527,100.00
87,57149,100.00
88,58268,100.00
89,51512,0.00
90,52725,0.00
91,59389,0.00
92,63095,0.00
93,65876,100.00
94,32031,100.00
95,22809,0.00
96,26117,100.00
97,62899,100.00
98,56788,100.00
99,40037,100.00
100,23063,100.00
101,44807,100.00
102,36878,100.00
103,49032,0.00
104,50953,0.00
105,53567,0.00
106,54707,0.00
107,60905,0.00
108,65998,0.00
109,66006,100.00
110,24373,0.00
111,24553,100.00
112,21553,100.00
113,25533,100.00
114,25454,100.00
115,66389,100.00
116,53981,100.00
117,44430,100.00
118,36172,100.00
119,57068,0.00
120,54812,0.00
121,61471,0.00
122,57101,0.00
123,57673,0.00
124,68808,66.67
125,29303,0.00
126,64270,100.00
127,57937,100.00
128,27137,100.00
129,24970,100.00
130,20170,100.00
131,22775,100.00
132,32089,100.00
133,65096,100.00
134,46627,100.00
135,48341,100.00
136,48984,0.00
137,54322,0.00
138,57318,0.00
139,55422,0.00
140,53886,0.00
141,62715,0.00
142,39197,100.00
143,24497,0.00
144,47192,100.00
145,45614,100.00
146,21008,100.00
147,20510,100.00
148,49283,0.00
149,62162,0.00
150,57123,0.00
151,64842,66.67
152,21514,0.00
153,24695,100.00
154,27862,100.00
155,55704,100.00
156,32102,100.00
157,27212,100.00
158,23950,100.00
159,27319,100.00
160,53172,100.00
161,55541,100.00
162,51587,50.00
163,59693,0.00
164,61450,0.00
165,60130,0.00
166,58609,0.00
167,59178,0.00
168,67243,50.00
169,38088,100.00
170,19201,0.00
171,23988,100.00
172,35995,100.00
173,63708,100.00
174,56669,100.00
175,43245,100.00
176,23008,100.00
177,45564,100.00
178,42567,0.00
179,49268,0.00
180,57173,0.00
181,54709,0.00
182,57400,0.00
183,59449,0.00
184,67982,100.00
185,55942,0.00
186,26646,100.00
187,23140,100.00
188,21829,100.00
189,23540,100.00
190,27148,100.00
191,60384,100.00
192,59294,100.00
193,40984,100.00
194,22734,100.00
195,56064,0.00
196,70457,0.00
197,53837,0.00
198,56873,0.00
199,65931,0.00
200,65847,0.00
201,56107,100.00
202,64120,100.00
203,52376,0.00
204,29257,100.00
205,26131,100.00
206,20441,100.00
207,24063,100.00
208,26792,100.00
209,57763,100.00
210,50870,100.00
211,54461,0.00
212,60466,0.00
213,55440,0.00
214,61669,0.00
215,65209,0.00
216,35404,100.00
217,27718,100.00
218,25495,100.00
219,25854,100.00
220,55260,100.00
221,54261,100.00
222,33813,100.00
223,61695,0.00
224,52253,0.00
225,57144,0.00
226,68221,33.33
227,27292,0.00
228,22747,100.00
229,25147,100.00
230,30744,0.00
231,57547,100.00
232,32842,100.00
233,22276,0.00
234,22994,100.00
235,39921,100.00
236,47498,0.00
237,52507,0.00
238,60715,0.00
239,60946,0.00
240,58612,0.00
241,72374,33.33
242,51781,0.00
243,61830,100.00
244,31290,100.00
245,24474,100.00
246,22548,100.00
247,29315,100.00
248,48316,100.00
249,50861,100.00
250,44508,100.00
251,35041,100.00
252,46419,100.00
253,46620,0.00
254,54224,0.00
255,52095,0.00
256,55391,0.00
257,72786,66.67
258,27100,0.00
259,41650,100.00
260,57725,100.00
261,59362,100.00
262,30236,100.00
263,23606,100.00
264,20999,100.00
265,33948,100.00
266,59978,100.00
267,62813,100.00
268,33992,100.00
269,58210,0.00
270,59356,0.00
271,73420,0.00
272,60358,0.00
273,63559,0.00
274,66998,50.00
275,25486,0.00
276,27714,100.00
277,25694,100.00
278,63491,100.00
279,59651,100.00
280,28659,100.00
281,25426,100.00
282,23169,100.00
283,64994,100.00
284,52790,0.00
285,61024,0.00
286,57047,0.00
287,70207,33.33
288,45996,0.00
289,82307,100.00
290,62089,100.00
291,40663,100.00
292,27415,100.00
293,30969,100.00
294,24678,100.00
295,56205,100.00
296,61050,100.00
297,54013,100.00
298,79419,0.00
299,60356,0.00
300,65159,0.00
301,57722,0.00
302,65223,0.00
303,56508,100.00
304,27080,100.00
305,22815,0.00
306,44454,100.00
307,55376,100.00
308,39939,0.00
309,25864,100.00
310,31188,100.00
311,36260,0.00
312,61145,50.00
313,53730,0.00
314,56144,0.00
315,62461,0.00
316,64948,0.00
317,68440,0.00
318,63701,100.00
319,63669,100.00
320,23101,0.00
321,27808,100.00
322,25204,100.00
323,27412,100.00
324,54851,100.00
325,58713,100.00
326,49278,100.00
327,28803,100.00
328,55142,50.00
329,62191,0.00
330,60421,0.00
331,58159,0.00
332,56297,0.00
333,60993,0.00
334,71783,100.00
335,22102,0.00
336,79247,100.00
337,62165,100.00
338,23756,100.00
339,22790,100.00
340,20194,100.00
341,22706,100.00
342,45542,100.00
343,53990,100.00
344,50967,0.00
345,55408,0.00
346,62573,0.00
347,53909,0.00
348,58103,0.00
349,68888,66.67
350,27107,0.00
351,24709,100.00
352,29716,100.00
353,28795,100.00
354,60045,100.00
355,60373,100.00
356,51019,100.00
357,62050,0.00
358,81462,0.00
359,68502,0.00
360,67557,50.00
361,38834,100.00
362,20253,0.00
363,30542,100.00
364,64243,100.00
365,59208,100.00
366,39525,100.00
367,26388,100.00
368,29642,100.00
369,29007,100.00
370,59253,100.00
371,54280,0.00
372,65602,0.00
373,60467,0.00
374,63111,0.00
375,59576,0.00
376,56511,0.00
377,72801,100.00
378,29795,100.00
379,28834,100.00
380,17463,0.00
381,27464,100.00
382,63797,100.00
383,68735,100.00
384,34908,100.00
385,37958,100.00
386,26304,50.00
387,50094,0.00
388,50452,0.00
389,58579,0.00
390,55448,0.00
391,66685,50.00
392,26044,0.00
393,59519,100.00
394,60815,100.00
395,25486,100.00
396,24464,100.00
397,21787,100.00
398,23745,100.00
399,26508,100.00
400,66316,100.00
401,46646,100.00
402,51623,50.00
403,53292,0.00
404,54836,0.00
405,57734,0.00
406,56124,0.00
407,55586,0.00
408,62038,0.00
409,38739,100.00
410,24489,0.00
411,59148,100.00
412,62632,100.00
413,26085,100.00
414,24346,100.00
415,22001,100.00
416,37931,100.00
417,60907,50.00
418,67079,0.00
419,454891,0.00
420,63483,0.00
421,56839,0.00
422,69703,0.00
423,66851,100.00
424,57807,100.00
425,22463,0.00
426,24341,100.00
427,33154,100.00
428,48022,0.00
429,53983,100.00
430,49427,100.00
431,57766,0.00
432,56074,0.00
433,63591,0.00
434,60549,0.00
435,72222,0.00
436,60890,100.00
437,21377,0.00
438,25876,100.00
439,29925,100.00
440,62766,100.00
441,42072,100.00
442,30572,100.00
443,26906,100.00
444,45590,100.00
445,47371,0.00
446,54397,0.00
447,58119,0.00
448,60922,0.00
449,58804,0.00
450,70407,50.00
451,70975,100.00
452,23069,0.00
453,24490,100.00
454,23995,100.00
455,22826,100.00
456,25265,100.00
457,62557,100.00
458,54990,100.00
459,51261,100.00
460,28802,100.00
461,59635,0.00
462,64132,0.00
463,57273,0.00
464,56844,0.00
465,60534,0.00
466,74803,100.00
467,48371,0.00
468,59916,100.00
469,60907,100.00
470,23545,100.00
471,23997,100.00
472,21731,100.00
473,26430,100.00
474,35730,100.00
475,63227,100.00
476,37946,100.00
477,56182,0.00
478,57815,0.00
479,55195,0.00
480,56394,0.00
481,62087,0.00
482,72998,100.00
483,42180,100.00
484,43925,100.00
485,21882,0.00
486,59321,100.00
487,61531,100.00
488,28221,50.00
489,62116,0.00
490,58464,0.00
491,64895,0.00
492,65333,50.00
493,33725,100.00
494,23679,0.00
495,25785,100.00
496,62752,100.00
497,54113,100.00
498,39865,100.00
499,25453,100.00
500,26607,100.00
501,45335,100.00
502,56619,100.00
503,58899,0.00
504,66335,0.00
505,54534,0.00
506,56843,0.00
507,66261,0.00
508,69996,100.00
509,28539,100.00
510,25215,100.00
511,23461,100.00
512,22305,0.00
513,28724,100.00
514,67005,100.00
515,55017,100.00
516,54252,100.00
517,26097,100.00
518,26375,100.00
519,54489,50.00
520,76168,0.00
521,66793,0.00
522,54669,0.00
523,59436,0.00
524,67909,50.00
525,30639,0.00
526,56409,100.00
527,24338,100.00
528,23327,100.00
529,21014,100.00
530,23750,100.00
531,26474,100.00
532,62124,100.00
533,55430,100.00
534,30209,100.00
535,56289,0.00
536,55827,0.00
537,61166,0.00
538,89398,0.00
539,58781,0.00
540,63603,100.00
541,44558,100.00
542,25658,0.00
543,63220,100.00
544,61088,100.00
545,25762,0.00
546,27036,100.00
547,26324,100.00
548,25445,0.00
549,32913,100.00
550,49390,100.00
551,55845,0.00
552,59725,0.00
553,61351,0.00
554,58672,0.00
555,65843,0.00
556,72067,100.00
557,28573,0.00
558,28239,100.00
559,27848,100.00
560,27466,100.00
561,59550,100.00
562,58848,100.00
563,37609,50.00
564,54292,0.00
565,65626,0.00
566,54887,0.00
567,70572,100.00
568,48756,100.00
569,24300,0.00
570,26908,100.00
571,45994,100.00
572,60762,0.00
573,35637,100.00
574,25837,100.00
575,23662,0.00
576,48160,100.00
577,73605,50.00
578,58442,0.00
579,60861,0.00
580,67599,0.00
581,57444,0.00
582,65878,0.00
583,70477,100.00
584,24625,0.00
585,25022,100.00
586,24168,100.00
587,19386,100.00
588,26910,100.00
589,60094,100.00
590,57548,100.00
591,48997,100.00
592,25005,100.00
593,53376,0.00
594,54181,0.00
595,55781,0.00
596,55906,0.00
597,56982,0.00
598,67747,66.67
599,27708,0.00
600,45284,100.00
601,51823,100.00
602,26512,100.00
603,26558,100.00
604,22673,100.00
605,22683,100.00
606,25195,100.00
607,60522,100.00
608,55700,100.00
609,59781,50.00
610,58304,0.00
611,58015,0.00
612,61531,0.00
613,67741,0.00
614,66153,0.00
615,52875,100.00
616,37311,100.00
617,25633,0.00
618,52944,100.00
619,59785,100.00
620,25898,100.00
621,60735,50.00
622,71598,0.00
623,60739,0.00
624,58957,0.00
625,60733,100.00
626,19893,0.00
627,27785,100.00
628,29360,100.00
629,64934,100.00
630,59967,100.00
631,32653,100.00
632,25642,100.00
633,50607,100.00
634,26476,100.00
635,62516,100.00
636,57852,0.00
637,58103,0.00
638,59710,0.00
639,64963,0.00
640,56037,0.00
641,69715,0.00
642,51447,100.00
643,32776,100.00
644,19715,0.00
645,23846,100.00
646,27142,100.00
647,63329,100.00
648,57012,100.00
649,42882,100.00
650,40338,100.00
651,29021,100.00
652,74992,100.00
653,58677,0.00
654,60434,0.00
655,58340,0.00
656,53836,0.00
657,55868,0.00
658,68598,100.00
659,48541,0.00
660,28194,100.00
661,25061,100.00
662,20108,100.00
663,23368,100.00
664,28645,100.00
665,51976,100.00
666,59243,100.00
667,37433,100.00
668,46788,50.00
669,54317,0.00
670,60323,0.00
671,60601,0.00
672,54419,0.00
673,64982,0.00
674,72601,100.00
675,37179,100.00
676,62226,100.00
677,33129,0.00
678,27015,100.00
679,24391,100.00
680,20674,100.00
681,23930,100.00
682,47250,100.00
683,61361,100.00
684,58238,0.00
685,64162,0.00
686,57623,0.00
687,58782,0.00
688,61271,0.00
689,57300,100.00
690,39890,100.00
691,33951,100.00
692,23680,0.00
693,37896,100.00
694,59705,100.00
695,44305,100.00
696,49554,0.00
697,53457,0.00
698,52125,0.00
699,55433,0.00
700,58925,100.00
701,20546,0.00
702,24867,100.00
703,27015,100.00
704,62833,100.00
705,56041,100.00
706,30551,100.00
707,23623,100.00
708,41698,100.00
709,36931,50.00
710,54152,0.00
711,62401,0.00
712,53924,0.00
713,55913,0.00
714,70033,50.00
715,56177,100.00
716,59093,100.00
717,30624,100.00
718,26326,100.00
719,22428,100.00
720,27126,100.00
721,60430,100.00
722,58796,100.00
723,52802,100.00
724,28835,100.00
725,42782,0.00
726,47629,0.00
727,68433,0.00
728,50017,0.00
729,48446,0.00
730,51045,0.00
731,58526,100.00
732,28365,100.00
733,59901,100.00
734,23091,0.00
735,24461,100.00
736,23482,100.00
737,20328,100.00
738,32214,100.00
739,44010,100.00
740,52569,100.00
741,32458,100.00
742,49474,0.00
743,53505,0.00
744,55264,0.00
745,55576,0.00
746,74354,0.00
747,53262,0.00
748,60613,100.00
749,25579,0.00
750,28207,100.00
751,47595,100.00
752,51339,100.00
753,27795,100.00
754,25770,50.00
755,51867,0.00
756,56946,0.00
757,55964,0.00
758,63256,50.00
759,24883,100.00
760,33958,100.00
761,32643,0.00
762,56813,100.00
763,39852,100.00
764,26632,100.00
765,25876,100.00
766,45765,100.00
767,50736,100.00
768,59607,100.00
769,47914,50.00
770,55856,0.00
771,60040,0.00
772,88799,0.00
773,58698,0.00
774,59202,0.00
775,68408,66.67
776,24896,0.00
777,20417,100.00
778,24821,100.00
779,26258,100.00
780,60347,100.00
781,55758,100.00
782,36530,100.00
783,28099,100.00
784,37293,100.00
785,43717,100.00
786,54160,0.00
787,55537,0.00
788,57454,0.00
789,58463,0.00
790,72357,0.00
791,70798,100.00
792,61576,100.00
793,34023,100.00
794,20330,0.00
795,23632,100.00
796,25519,100.00
797,26723,100.00
798,58911,100.00
799,62273,100.00
800,36481,100.00
801,19953,100.00
802,59510,0.00
803,59047,0.00
804,63928,0.00
805,64609,0.00
806,70815,0.00
807,66045,0.00
808,60814,100.00
809,42449,0.00
810,58487,100.00
811,58627,100.00
812,30911,100.00
813,24908,100.00
814,20852,100.00
815,25367,100.00
816,57804,100.00
817,56221,100.00
818,55404,0.00
819,56938,0.00
820,57038,0.00
821,57995,0.00
822,54916,0.00
823,66343,100.00
824,22461,0.00
825,24817,100.00
826,31234,100.00
827,50346,0.00
828,51275,100.00
829,30755,100.00
830,56721,0.00
831,60020,0.00
832,55872,0.00
833,70372,33.33
834,20556,0.00
835,24483,100.00
836,25380,100.00
837,27099,100.00
838,65028,100.00
839,41545,100.00
840,28498,100.00
841,26027,100.00
842,42530,100.00
843,22600,100.00
844,49817,0.00
845,56222,0.00
846,55659,0.00
847,73527,0.00
848,66399,0.00
849,61880,50.00
850,65196,100.00
851,22865,0.00
852,21447,100.00
853,22065,100.00
854,27758,0.00
855,49973,100.00
856,54191,100.00
857,31909,0.00
858,35961,100.00
859,44961,100.00
860,53386,0.00
861,53214,0.00
862,55667,0.00
863,50434,0.00
864,68539,50.00
865,34530,0.00
866,46313,100.00
867,49218,100.00
868,54087,100.00
869,27096,100.00
870,21023,100.00
871,21385,100.00
872,26822,100.00
873,55093,100.00
874,62088,100.00
875,35031,100.00
876,62214,0.00
877,64911,0.00
878,67827,0.00
879,57674,0.00
880,59652,0.00
881,70947,33.33
882,28518,100.00
883,29637,100.00
884,27436,100.00
885,64032,100.00
886,62670,100.00
887,24739,100.00
888,24459,100.00
889,20368,100.00
890,54500,0.00
891,56395,0.00
892,59696,0.00
893,55434,0.00
894,52770,0.00
895,62918,100.00
896,56469,0.00
897,52150,100.00
898,34196,100.00
899,25129,100.00
900,26696,100.00
901,25423,100.00
902,44275,100.00
903,51893,100.00
904,40422,100.00
905,55464,0.00
906,56168,0.00
907,53156,0.00
908,51995,0.00
909,62217,100.00
910,35120,100.00
911,18613,0.00
912,25348,100.00
913,38690,100.00
914,55391,0.00
915,30118,100.00
916,33651,100.00
917,29332,0.00
918,40395,100.00
919,40945,50.00
920,47920,0.00
921,59215,0.00
922,57886,0.00
923,56330,0.00
924,68860,50.00
925,60516,0.00
926,61526,100.00
927,30380,100.00
928,25655,100.00
929,20220,100.00
930,23464,100.00
931,41532,100.00
932,50001,100.00
933,45122,100.00
934,25663,100.00
935,36131,50.00
936,47318,0.00
937,52482,0.00
938,56683,0.00
939,55647,0.00
940,60483,0.00
941,61957,50.00
942,50356,100.00
943,65822,100.00
944,22943,0.00
945,23296,100.00
946,25008,100.00
947,20418,100.00
948,24167,100.00
949,40666,100.00
950,61900,100.00
951,52969,50.00
952,59563,0.00
953,57041,0.00
954,53674,0.00
955,51897,0.00
956,63547,0.00
957,57526,100.00
958,34844,100.00
959,26683,0.00
960,22938,100.00
961,59890,100.00
962,59330,100.00
963,25261,100.00
964,51275,0.00
965,55188,0.00
966,53510,0.00
967,66804,50.00
968,32856,100.00
969,23321,100.00
970,30007,100.00
971,51987,0.00
972,50758,100.00
973,36451,100.00
974,23363,100.00
975,30779,100.00
976,29607,100.00
977,47439,100.00
978,45792,50.00
979,47073,0.00
980,60167,0.00
981,54057,0.00
982,56893,0.00
983,58766,0.00
984,56141,100.00
985,39468,100.00
986,18477,0.00
987,20377,100.00
988,27368,100.00
989,54334,0.00
990,54534,100.00
991,35452,100.00
992,22925,0.00
993,50602,66.67
994,51298,0.00
995,48770,0.00
996,55678,0.00
997,54925,0.00
998,63840,0.00
999,31155,100.00
1000,94437,100.00
1001,59547,100.00
1002,26775,100.00
1003,21782,100.00
1004,19517,100.00
1005,22980,100.00
1006,36322,100.00
1007,52577,100.00
1008,36465,100.00
1009,44044,50.00
1010,52599,0.00
1011,57787,0.00
1012,57522,0.00
1013,53882,0.00
1014,72812,33.33
1015,24843,100.00
1016,29664,0.00
1017,31317,100.00
1018,60693,100.00
1019,60874,0.00
1020,24104,100.00
1021,25245,100.00
1022,20757,0.00
1023,36793,100.00
1024,52704,0.00
1025,52765,0.00
1026,58249,0.00
1027,79083,0.00
1028,71163,66.67
1029,47383,0.00
1030,53527,100.00
1031,34883,100.00
1032,25682,100.00
1033,26736,100.00
1034,26795,100.00
1035,48143,100.00
1036,50627,100.00
1037,40791,100.00
1038,58719,0.00
1039,54529,0.00
1040,59619,0.00
1041,52651,0.00
1042,73280,100.00
1043,30015,0.00
1044,39917,100.00
1045,28271,100.00
1046,26695,100.00
1047,58854,100.00
1048,49361,100.00
1049,24805,100.00
1050,23875,100.00
1051,26875,100.00
1052,42137,50.00
1053,53903,0.00
1054,79281,0.00
1055,55167,0.00
1056,54389,0.00
1057,57875,0.00
1058,66471,100.00
1059,59062,100.00
1060,37499,100.00
1061,19217,0.00
1062,20027,100.00
1063,23927,100.00
1064,48169,100.00
1065,56163,100.00
1066,48056,100.00
1067,30753,100.00
1068,41707,50.00
1069,57605,0.00
1070,50179,0.00
1071,51773,0.00
1072,48338,0.00
1073,46400,0.00
1074,60390,50.00
1075,49339,100.00
1076,34732,0.00
1077,53362,100.00
1078,26761,100.00
1079,25741,0.00
1080,22130,100.00
1081,24888,100.00
1082,31738,0.00
1083,55911,100.00
1084,38749,100.00
1085,48990,0.00
1086,53116,0.00
1087,55003,0.00
1088,55138,0.00
1089,58241,0.00
1090,72000,100.00
1091,21501,0.00
1092,25373,100.00
1093,29460,100.00
1094,53832,100.00
1095,54700,100.00
1096,23223,100.00
1097,50194,0.00
1098,55969,0.00
1099,65385,0.00
1100,68614,66.67
1101,20698,0.00
1102,21986,100.00
1103,25472,0.00
1104,49960,100.00
1105,56507,100.00
1106,36383,0.00
1107,27841,100.00
1108,25459,100.00
1109,39295,0.00
1110,49873,100.00
1111,55282,100.00
1112,51384,0.00
1113,59742,0.00
1114,59631,0.00
1115,57624,0.00
1116,60571,0.00
1117,84329,50.00
1118,25286,0.00
1119,27006,100.00
1120,22595,100.00
1121,25441,0.00
1122,29967,100.00
1123,57414,100.00
1124,31631,0.00
1125,23672,100.00
1126,37475,100.00
1127,27239,0.00
1128,58316,0.00
1129,55783,0.00
1130,55013,0.00
1131,58360,0.00
1132,54996,0.00
1133,63347,0.00
1134,61938,100.00
1135,62508,100.00
1136,23988,0.00
1137,22583,100.00
1138,22486,100.00
1139,24391,0.00
1140,25884,100.00
1141,64958,100.00
1142,58631,0.00
1143,27276,100.00
1144,60829,0.00
1145,61430,0.00
1146,61978,0.00
1147,58323,0.00
1148,63299,0.00
1149,67884,100.00
1150,44126,100.00
1151,25437,0.00
1152,58024,100.00
1153,54048,100.00
1154,23480,100.00
1155,21911,100.00
1156,23395,100.00
1157,29422,100.00
1158,40187,100.00
1159,48408,100.00
1160,55996,0.00
1161,57214,0.00
1162,52974,0.00
1163,60388,0.00
1164,59401,0.00
1165,71026,66.67
1166,26329,0.00
1167,24092,100.00
1168,27818,100.00
1169,26673,100.00
1170,63586,100.00
1171,62697,100.00
1172,67114,100.00
1173,54627,0.00
1174,79305,0.00
1175,63307,0.00
1176,69887,50.00
1177,37122,100.00
1178,20237,0.00
1179,28203,100.00
1180,53928,100.00
1181,57127,100.00
1182,38420,100.00
1183,26284,100.00
1184,40706,100.00
1185,27574,100.00
1186,59260,100.00
1187,61657,0.00
1188,62562,0.00
1189,51491,0.00
1190,70024,0.00
1191,66717,0.00
1192,69962,100.00
1193,23315,0.00
1194,25012,100.00
1195,24866,100.00
1196,20757,100.00
1197,25641,100.00
1198,59528,100.00
1199,59177,100.00
1200,48432,100.00
1201,24712,100.00
1202,54531,0.00
1203,58083,0.00
1204,72003,0.00
1205,63737,0.00
1206,69328,0.00
1207,71157,66.67
1208,30420,0.00
1209,42553,100.00
1210,51862,100.00
1211,41246,100.00
1212,31738,100.00
1213,25120,100.00
1214,21885,100.00
1215,27033,100.00
1216,53881,100.00
1217,58809,100.00
1218,51939,100.00
1219,51785,0.00
1220,61674,0.00
1221,57920,0.00
1222,61063,0.00
1223,58945,0.00
1224,63541,0.00
1225,33881,100.00
1226,26421,0.00
1227,34758,100.00
1228,61520,100.00
1229,60815,100.00
1230,28232,100.00
1231,69528,0.00
1232,78362,0.00
1233,58932,0.00
1234,80038,66.67
1235,22865,0.00
1236,26391,100.00
1237,27965,100.00
1238,63974,100.00
1239,56514,100.00
1240,44254,100.00
1241,24807,100.00
1242,27144,100.00
1243,41966,100.00
1244,59272,100.00
1245,63050,50.00
1246,60149,0.00
1247,59933,0.00
1248,56590,0.00
1249,72736,0.00
1250,68427,33.33
1251,22966,0.00
1252,25738,100.00
1253,25730,100.00
1254,22959,100.00
1255,28230,100.00
1256,59058,100.00
1257,58533,100.00
1258,47068,100.00
1259,33580,100.00
1260,30995,100.00
1261,40258,100.00
1262,50791,0.00
1263,57537,0.00
1264,57211,0.00
1265,55449,0.00
1266,56641,0.00
1267,67498,100.00
1268,45997,0.00
1269,42904,100.00
1270,31414,100.00
1271,24422,100.00
1272,21826,100.00
1273,26824,100.00
1274,57413,100.00
1275,54768,100.00
1276,45401,100.00
1277,33261,100.00
1278,49358,0.00
1279,58248,0.00
1280,53526,0.00
1281,55776,0.00
1282,70060,0.00
1283,65920,100.00
1284,34888,100.00
1285,69970,100.00
1286,49128,0.00
1287,32038,100.00
1288,24731,100.00
1289,22314,100.00
1290,22198,100.00
1291,36994,100.00
1292,51230,100.00
1293,53954,50.00
1294,57249,0.00
1295,56926,0.00
1296,58338,0.00
1297,54368,0.00
1298,63184,33.33
1299,36372,0.00
1300,28775,100.00
1301,24711,100.00
1302,26426,100.00
1303,43031,100.00
1304,46532,100.00
1305,24740,100.00
1306,52590,0.00
1307,51712,0.00
1308,51920,0.00
1309,69369,50.00
1310,26081,0.00
1311,21871,100.00
1312,26323,100.00
1313,26732,100.00
1314,59023,100.00
1315,34078,100.00
1316,23884,100.00
1317,27805,100.00
1318,33159,100.00
1319,37930,100.00
1320,52335,0.00
1321,55081,0.00
1322,55461,0.00
1323,62706,0.00
1324,72606,66.67
1325,51334,0.00
1326,65172,100.00
1327,30234,100.00
1328,22247,100.00
1329,21163,100.00
1330,28432,100.00
1331,44169,100.00
1332,51937,100.00
1333,44244,100.00
1334,23701,100.00
1335,43277,50.00
1336,46655,0.00
1337,56139,0.00
1338,56609,0.00
1339,53204,0.00
1340,54514,0.00
1341,60738,100.00
1342,59647,100.00
1343,40392,0.00
1344,57643,100.00
1345,27645,100.00
1346,21064,100.00
1347,19646,100.00
1348,27495,100.00
1349,41997,100.00
1350,55910,100.00
1351,35319,100.00
1352,57978,0.00
1353,52285,0.00
1354,56597,0.00
1355,55662,0.00
1356,56569,0.00
1357,70462,50.00
1358,23462,0.00
1359,27742,100.00
1360,27578,100.00
1361,57515,100.00
1362,61443,100.00
1363,24831,100.00
1364,22158,100.00
1365,59239,0.00
1366,54601,0.00
1367,61024,0.00
1368,65092,0.00
1369,34954,100.00
1370,24066,0.00
1371,46368,100.00
1372,49518,100.00
1373,29213,100.00
1374,23377,100.00
1375,25872,100.00
1376,35953,100.00
1377,48295,100.00
1378,52756,100.00
1379,57829,0.00
1380,55448,0.00
1381,54245,0.00
1382,56514,0.00
1383,52178,0.00
1384,56274,0.00
1385,70200,100.00
1386,34433,100.00
1387,24510,100.00
1388,22402,0.00
1389,25918,100.00
1390,63924,100.00
1391,47182,100.00
1392,28017,100.00
1393,34323,100.00
1394,27487,100.00
1395,34373,50.00
1396,47946,0.00
1397,55725,0.00
1398,59844,0.00
1399,58801,0.00
1400,69405,0.00
1401,82857,100.00
1402,61236,100.00
1403,28602,100.00
1404,25708,100.00
1405,21337,100.00
1406,26229,100.00
1407,35470,100.00
1408,58722,100.00
1409,46936,100.00
1410,27177,100.00
1411,44291,50.00
1412,54138,0.00
1413,54646,0.00
1414,57695,0.00
1415,53553,0.00
1416,62124,0.00
1417,73289,66.67
1418,30638,0.00
1419,62031,100.00
1420,63203,100.00
1421,27221,100.00
1422,22595,100.00
1423,21174,100.00
1424,22514,100.00
1425,31669,100.00
1426,63457,100.00
1427,56898,0.00
1428,51558,0.00
1429,55977,0.00
1430,49539,0.00
1431,59034,0.00
1432,63252,66.67
1433,25935,0.00
1434,21435,100.00
1435,26724,100.00
1436,21529,100.00
1437,58362,100.00
1438,63466,100.00
1439,42157,100.00
1440,55691,0.00
1441,63664,0.00
1442,59125,0.00
1443,70609,50.00
1444,45658,100.00
1445,20500,0.00
1446,27109,100.00
1447,56284,100.00
1448,56778,100.00
1449,37039,100.00
1450,23813,100.00
1451,25649,100.00
1452,41698,100.00
1453,35486,0.00
1454,54657,0.00
1455,66502,0.00
1456,54507,0.00
1457,56945,0.00
1458,69219,50.00
1459,65534,100.00
1460,20444,0.00
1461,25098,100.00
1462,67323,100.00
1463,25525,100.00
1464,29339,100.00
1465,59451,100.00
1466,59289,100.00
1467,56230,100.00
1468,26341,100.00
1469,55836,0.00
1470,63179,0.00
1471,59423,0.00
1472,58528,0.00
1473,55740,0.00
1474,69182,50.00
1475,27634,0.00
1476,29053,100.00
1477,59959,100.00
1478,60590,100.00
1479,30160,100.00
1480,23641,100.00
1481,19348,100.00
1482,26026,100.00
1483,59437,100.00
1484,59745,100.00
1485,36650,100.00
1486,53657,0.00
1487,59723,0.00
1488,55367,0.00
1489,57210,0.00
1490,57337,0.00
1491,74967,50.00
1492,28518,0.00
1493,29572,100.00
1494,26881,100.00
1495,60064,100.00
1496,58093,100.00
1497,24590,100.00
1498,25554,100.00
1499,20464,100.00
1500,55173,50.00
1501,54774,0.00
1502,52503,0.00
1503,62262,0.00
1504,57368,0.00
1505,58194,100.00
1506,61689,100.00
1507,66741,100.00
1508,22722,0.00
1509,22457,100.00
1510,27578,100.00
1511,26924,100.00
1512,59576,100.00
1513,63972,100.00
1514,50590,50.00
1515,57834,0.00
1516,60983,0.00
1517,59152,0.00
1518,73470,0.00
1519,72242,50.00
1520,25950,0.00
1521,32150,100.00
1522,27257,100.00
1523,25434,0.00
1524,64599,100.00
1525,50447,100.00
1526,28825,0.00
1527,37440,100.00
1528,27691,100.00
1529,46896,0.00
1530,62106,0.00
1531,59721,0.00
1532,63697,0.00
1533,65502,0.00
1534,72622,50.00
1535,47865,0.00
1536,59972,100.00
1537,28341,100.00
1538,23331,100.00
1539,21749,100.00
1540,25842,100.00
1541,40664,100.00
1542,54545,100.00
1543,46097,100.00
1544,28357,100.00
1545,23076,100.00
1546,51151,0.00
1547,55503,0.00
1548,63183,0.00
1549,57511,0.00
1550,55950,0.00
1551,67038,100.00
1552,50873,100.00
1553,38245,0.00
1554,51690,100.00
1555,25207,100.00
1556,23598,100.00
1557,19357,100.00
1558,30304,100.00
1559,28666,100.00
1560,59618,100.00
1561,50581,50.00
1562,53067,0.00
1563,51994,0.00
1564,50494,0.00
1565,51172,0.00
1566,59473,0.00
1567,56686,100.00
1568,25496,0.00
1569,31694,100.00
1570,27227,100.00
1571,55413,0.00
1572,56456,100.00
1573,26720,100.00
1574,51765,0.00
1575,50164,0.00
1576,50862,0.00
1577,63987,0.00
1578,47009,100.00
1579,29353,100.00
1580,24377,0.00
1581,49978,100.00
1582,48013,100.00
1583,32796,100.00
1584,22749,100.00
1585,35255,100.00
1586,25462,100.00
1587,46864,100.00
1588,52860,50.00
1589,56183,0.00
1590,56654,0.00
1591,72445,0.00
1592,75185,0.00
1593,66472,0.00
1594,68476,100.00
1595,26880,0.00
1596,22977,100.00
1597,21713,100.00
1598,27621,100.00
1599,46360,100.00
1600,51604,100.00
1601,33726,100.00
1602,37226,100.00
1603,27447,0.00
1604,53333,0.00
1605,49736,0.00
1606,54516,0.00
1607,54031,0.00
1608,67273,0.00
1609,61177,100.00
1610,48765,0.00
1611,55729,100.00
1612,30143,100.00
1613,24509,100.00
1614,23055,100.00
1615,25834,100.00
1616,28975,100.00
1617,67963,100.00
1618,52741,100.00
1619,47273,100.00
1620,53881,0.00
1621,63582,0.00
1622,58803,0.00
1623,58490,0.00
1624,57953,0.00
1625,65822,100.00
1626,34232,100.00
1627,48082,100.00
1628,41975,0.00
1629,55609,100.00
1630,28275,100.00
1631,23409,100.00
1632,21331,100.00
1633,31017,100.00
1634,58404,0.00
1635,60685,0.00
1636,55470,0.00
1637,59434,0.00
1638,67635,0.00
1639,67663,100.00
1640,29765,0.00
1641,33095,100.00
1642,23064,100.00
1643,27183,100.00
1644,23057,100.00
1645,57666,100.00
1646,59511,100.00
1647,55038,0.00
1648,54940,0.00
1649,57773,0.00
1650,57250,0.00
1651,53782,0.00
1652,67540,50.00
1653,32346,100.00
1654,30626,100.00
1655,24529,0.00
1656,63001,100.00
1657,75792,100.00
1658,41555,100.00
1659,23036,100.00
1660,39641,100.00
1661,22298,100.00
1662,56621,0.00
1663,66851,0.00
1664,55620,0.00
1665,61327,0.00
1666,65480,0.00
1667,71067,50.00
1668,62672,100.00
1669,46200,100.00
1670,22100,0.00
1671,21820,100.00
1672,26694,100.00
1673,28252,100.00
1674,63280,100.00
1675,42796,100.00
1676,43628,100.00
1677,30711,100.00
1678,60078,0.00
1679,67711,0.00
1680,62975,0.00
1681,61642,0.00
1682,62120,0.00
1683,69656,50.00
1684,54555,100.00
1685,40383,0.00
1686,54736,100.00
1687,25477,100.00
1688,24539,0.00
1689,21810,100.00
1690,24920,100.00
1691,41520,0.00
1692,60192,100.00
1693,47396,100.00
1694,52727,0.00
1695,53263,0.00
1696,50448,0.00
1697,49045,0.00
1698,56624,0.00
1699,69056,100.00
1700,22989,0.00
1701,29992,100.00
1702,27521,100.00
1703,56934,100.00
1704,54910,100.00
1705,31896,100.00
1706,53627,0.00
1707,56065,0.00
1708,55589,0.00
1709,62930,50.00
1710,27435,100.00
1711,32575,100.00
1712,22731,0.00
1713,59199,100.00
1714,40557,100.00
1715,30494,100.00
1716,25461,100.00
1717,47460,100.00
1718,42097,100.00
1719,37755,100.00
1720,56853,0.00
1721,59906,0.00
1722,62095,0.00
1723,58497,0.00
1724,61261,0.00
1725,70997,0.00
1726,36148,100.00
1727,19799,0.00
1728,21732,100.00
1729,25913,100.00
1730,45992,100.00
1731,53585,100.00
1732,34853,100.00
1733,25641,100.00
1734,37557,100.00
1735,26649,100.00
1736,45689,0.00
1737,46165,0.00
1738,54141,0.00
1739,53522,0.00
1740,62975,0.00
1741,70739,50.00
1742,43037,0.00
1743,57872,100.00
1744,29975,100.00
1745,24546,100.00
1746,21130,100.00
1747,27856,100.00
1748,57074,100.00
1749,56624,100.00
1750,52298,100.00
1751,51583,0.00
1752,49289,0.00
1753,50641,0.00
1754,49954,0.00
1755,51265,0.00
1756,72526,100.00
1757,28013,0.00
1758,28837,100.00
1759,56630,100.00
1760,54512,100.00
1761,28955,100.00
1762,24001,100.00
1763,19739,100.00
1764,27388,100.00
1765,32695,100.00
1766,64318,100.00
1767,60383,0.00
1768,62982,0.00
1769,55754,0.00
1770,55478,0.00
1771,57270,0.00
1772,65801,0.00
1773,58292,100.00
1774,32033,100.00
1775,26332,0.00
1776,26051,100.00
1777,59160,100.00
1778,56363,0.00
1779,35302,100.00
1780,56948,0.00
1781,57380,0.00
1782,58726,0.00
1783,67593,66.67
1784,22323,0.00
1785,24226,100.00
1786,28233,100.00
1787,52101,100.00
1788,59732,100.00
1789,38593,100.00
1790,25748,100.00
1791,26510,100.00
1792,47181,100.00
1793,53548,0.00
1794,53531,0.00
1795,58251,0.00
1796,55034,0.00
1797,57671,0.00
1798,64931,50.00
1799,60394,0.00
1800,32263,100.00
1801,32346,100.00
1802,18358,0.00
1803,19466,100.00
1804,28509,100.00
1805,53795,0.00
1806,59022,100.00
1807,53093,100.00
1808,23821,0.00
1809,45476,50.00
1810,57793,0.00
1811,70271,0.00
1812,58534,0.00
1813,68588,0.00
1814,71660,50.00
1815,39515,100.00
1816,31015,100.00
1817,63473,100.00
1818,62154,100.00
1819,27414,100.00
1820,24807,100.00
1821,22750,100.00
1822,29382,100.00
1823,53105,100.00
1824,58334,100.00
1825,55882,50.00
1826,49593,0.00
1827,53331,0.00
1828,54977,0.00
1829,55791,0.00
1830,61385,0.00
1831,77268,50.00
1832,25263,0.00
1833,27817,100.00
1834,27100,100.00
1835,63732,100.00
1836,63402,100.00
1837,27326,100.00
1838,61529,0.00
1839,57712,0.00
1840,57058,0.00
1841,65194,50.00
1842,18794,0.00
1843,19471,100.00
1844,26393,0.00
1845,53948,100.00
1846,53769,100.00
1847,32218,0.00
1848,22979,100.00
1849,24989,100.00
1850,39090,0.00
1851,51201,100.00
1852,60998,100.00
1853,47572,0.00
1854,51187,0.00
1855,50717,0.00
1856,55519,0.00
1857,52985,0.00
1858,69567,100.00
1859,24813,0.00
1860,27351,100.00
1861,23879,100.00
1862,24434,0.00
1863,42919,100.00
1864,48679,100.00
1865,35053,0.00
1866,23857,100.00
1867,34226,100.00
1868,26522,0.00
1869,54563,0.00
1870,49722,0.00
1871,51928,0.00
1872,50391,0.00
1873,56944,0.00
1874,55815,0.00
1875,55191,100.00
1876,61282,100.00
1877,21087,0.00
1878,23775,100.00
1879,22162,100.00
1880,24047,0.00
1881,40467,100.00
1882,47870,100.00
1883,41284,0.00
1884,23602,100.00
1885,46737,0.00
1886,56861,0.00
1887,53639,0.00
1888,61272,0.00
1889,52409,0.00
1890,66287,0.00
1891,54317,100.00
1892,22784,0.00
1893,60978,100.00
1894,58075,100.00
1895,26425,0.00
1896,22476,100.00
1897,20777,100.00
1898,25034,0.00
1899,51342,100.00
1900,53408,100.00
1901,59227,0.00
1902,55497,0.00
1903,84055,0.00
1904,56901,0.00
1905,54984,0.00
1906,64078,100.00
1907,26639,0.00
1908,23635,100.00
1909,28400,100.00
1910,25951,100.00
1911,59445,100.00
1912,57003,100.00
1913,55056,0.00
1914,54285,0.00
1915,56562,0.00
1916,54855,0.00
1917,64534,100.00
1918,32234,100.00
1919,21627,0.00
1920,37036,100.00
1921,65859,100.00
1922,58922,100.00
1923,38440,100.00
1924,26381,100.00
1925,28682,100.00
1926,39732,100.00
1927,59997,0.00
1928,60383,0.00
1929,59545,0.00
1930,59727,0.00
1931,61559,0.00
1932,73655,100.00
1933,70168,100.00
1934,23406,0.00
1935,23254,100.00
1936,20807,100.00
1937,22807,100.00
1938,28847,100.00
1939,62298,100.00
1940,59346,100.00
1941,38715,100.00
1942,25030,100.00
1943,55959,0.00
1944,55632,0.00
1945,54648,0.00
1946,55032,0.00
1947,50301,0.00
1948,71450,100.00
1949,26655,0.00
1950,63232,100.00
1951,58921,100.00
1952,26803,0.00
1953,22108,100.00
1954,20168,100.00
1955,22919,0.00
1956,31839,100.00
1957,60514,100.00
1958,43979,0.00
1959,42360,50.00
1960,56006,0.00
1961,56264,0.00
1962,55000,0.00
1963,57657,0.00
1964,57016,0.00
1965,64950,100.00
1966,45058,100.00
1967,33249,0.00
1968,47972,100.00
1969,55489,100.00
1970,23403,0.00
1971,47193,100.00
1972,75011,0.00
1973,75339,0.00
1974,58799,0.00
1975,65382,66.67
1976,21283,0.00
1977,25445,100.00
1978,38483,100.00
1979,50018,100.00
1980,32961,100.00
1981,23726,100.00
1982,23665,100.00
1983,30692,100.00
1984,51052,100.00
1985,55064,100.00
1986,44337,0.00
1987,71165,0.00
1988,50156,0.00
1989,56066,0.00
1990,56168,0.00
1991,55416,0.00
1992,61002,50.00
1993,34895,100.00
1994,19786,0.00
1995,23420,100.00
1996,38786,100.00
1997,60457,100.00
1998,55188,100.00
1999,41114,100.00
2000,57885,100.00
2001,48376,100.00
2002,47253,100.00
2003,57855,0.00
2004,60033,0.00
2005,59934,0.00
2006,57673,0.00
2007,69210,33.33
2008,63520,100.00
2009,62122,0.00
2010,32061,100.00
2011,26280,100.00
2012,23096,0.00
2013,25286,100.00
2014,29404,100.00
2015,64864,0.00
2016,60478,100.00
2017,27577,100.00
2018,36709,0.00
2019,60074,0.00
2020,72721,0.00
2021,57604,0.00
2022,59382,0.00
2023,59216,0.00
2024,71093,100.00
2025,52408,100.00
2026,65569,100.00
2027,53751,0.00
2028,34496,100.00
2029,25494,100.00
2030,20400,100.00
2031,23563,100.00
2032,43636,100.00
2033,59037,100.00
2034,68853,50.00
2035,62099,0.00
2036,57554,0.00
2037,57115,0.00
2038,61495,0.00
2039,65062,0.00
2040,56321,100.00
2041,33407,100.00
2042,24852,0.00
2043,24939,100.00
2044,59445,100.00
2045,62255,100.00
2046,33536,100.00
2047,48784,0.00
2048,54250,0.00
2049,53241,0.00
2050,83514,66.67
2051,22326,0.00
2052,20330,100.00
2053,26887,100.00
2054,47641,100.00
2055,51952,100.00
2056,31866,100.00
2057,22958,100.00
2058,34123,100.00
2059,35640,100.00
2060,47665,50.00
2061,51406,0.00
2062,56886,0.00
2063,60592,0.00
2064,54452,0.00
2065,70107,50.00
2066,52540,0.00
2067,34178,100.00
2068,26699,100.00
2069,26419,0.00
2070,23075,100.00
2071,27399,100.00
2072,62141,0.00
2073,60798,100.00
2074,57766,100.00
2075,24690,0.00
2076,61270,50.00
2077,59993,0.00
2078,62694,0.00
2079,57157,0.00
2080,56868,0.00
2081,66366,0.00
2082,54564,100.00
2083,64553,100.00
2084,41661,0.00
2085,29007,100.00
2086,25748,100.00
2087,22331,100.00
2088,23822,100.00
2089,27788,100.00
2090,59979,100.00
2091,55955,100.00
2092,48724,50.00
2093,55750,0.00
2094,59566,0.00
2095,55930,0.00
2096,52243,0.00
2097,57821,0.00
2098,67543,100.00
2099,28653,0.00
2100,29243,100.00
2101,54125,100.00
2102,61566,100.00
2103,29355,100.00
2104,23469,100.00
2105,19858,100.00
2106,45432,100.00
2107,53565,0.00
2108,57320,0.00
2109,60958,0.00
2110,57641,0.00
2111,65268,100.00
2112,43731,100.00
2113,57463,100.00
2114,26065,0.00
2115,25325,100.00
2116,25401,100.00
2117,38061,100.00
2118,45267,100.00
2119,53597,100.00
2120,20804,100.00
2121,50891,0.00
2122,49900,0.00
2123,50631,0.00
2124,54702,0.00
2125,56961,0.00
2126,53831,0.00
2127,31908,100.00
2128,30465,100.00
2129,24324,0.00
2130,61752,100.00
2131,58169,100.00
2132,38920,0.00
2133,23119,100.00
2134,42794,100.00
2135,21431,0.00
2136,59092,0.00
2137,61551,0.00
2138,58244,0.00
2139,59515,0.00
2140,58266,0.00
2141,69547,50.00
2142,64697,100.00
2143,39216,100.00
2144,20718,0.00
2145,20223,100.00
2146,23779,100.00
2147,27083,100.00
2148,62640,100.00
2149,65207,100.00
2150,39994,100.00
2151,26678,100.00
2152,53179,0.00
2153,63021,0.00
2154,56153,0.00
2155,71893,0.00
2156,62099,0.00
2157,70376,100.00
2158,39851,100.00
2159,55128,0.00
2160,60018,100.00
2161,31102,100.00
2162,22570,100.00
2163,20019,100.00
2164,24743,100.00
2165,28208,100.00
2166,66031,100.00
2167,50653,0.00
2168,60562,0.00
2169,58726,0.00
2170,66712,0.00
2171,59878,0.00
2172,71558,50.00
2173,56016,100.00
2174,42619,100.00
2175,25007,100.00
2176,28611,100.00
2177,58783,100.00
2178,57559,100.00
2179,35449,100.00
2180,51808,0.00
2181,54111,0.00
2182,57400,0.00
2183,55843,0.00
2184,59400,100.00
2185,30682,100.00
2186,23415,0.00
2187,36813,100.00
2188,57221,100.00
2189,32444,0.00
2190,24339,100.00
2191,24982,100.00
2192,27915,0.00
2193,58389,100.00
2194,58718,50.00
2195,59464,0.00
2196,59876,0.00
2197,59899,0.00
2198,56692,0.00
2199,57585,0.00
2200,70042,50.00
2201,27975,0.00
2202,28964,100.00
2203,23204,100.00
2204,24447,0.00
2205,33193,100.00
2206,42520,100.00
2207,44638,0.00
2208,31240,100.00
2209,40299,100.00
2210,59406,0.00
2211,59181,0.00
2212,59765,0.00
2213,58725,0.00
2214,55024,0.00
2215,67625,66.67
2216,44746,0.00
2217,56381,100.00
2218,30996,100.00
2219,24931,100.00
2220,25502,100.00
2221,22911,100.00
2222,27216,100.00
2223,55398,100.00
2224,57160,100.00
2225,38405,100.00
2226,61811,0.00
2227,76254,0.00
2228,67216,0.00
2229,57318,0.00
2230,56373,0.00
2231,68862,50.00
2232,25375,100.00
2233,28117,100.00
2234,23281,100.00
2235,59083,100.00
2236,60170,100.00
2237,29347,100.00
2238,22484,100.00
2239,22245,100.00
2240,35845,100.00
2241,51921,0.00
2242,52965,0.00
2243,62302,0.00
2244,59577,0.00
2245,71923,66.67
2246,55069,0.00
2247,56436,100.00
2248,35475,100.00
2249,27634,100.00
2250,25400,100.00
2251,26862,100.00
2252,50605,100.00
2253,52406,100.00
2254,40900,100.00
2255,58715,0.00
2256,60231,0.00
2257,67858,0.00
2258,59211,0.00
2259,67073,50.00
2260,36384,100.00
2261,20842,0.00
2262,27381,100.00
2263,46894,100.00
2264,59302,100.00
2265,40544,100.00
2266,28019,100.00
2267,42234,100.00
2268,32827,100.00
2269,52014,100.00
2270,57325,0.00
2271,53803,0.00
2272,77633,0.00
2273,55069,0.00
2274,71399,0.00
2275,70432,100.00
2276,23299,0.00
2277,24647,100.00
2278,31522,100.00
2279,25651,100.00
2280,30391,100.00
2281,53200,100.00
2282,62316,100.00
2283,55901,100.00
2284,37195,100.00
2285,47625,50.00
2286,56150,0.00
2287,56181,0.00
2288,57108,0.00
2289,54276,0.00
2290,71133,0.00
2291,56204,0.00
2292,31567,100.00
2293,64978,100.00
2294,30181,0.00
2295,28584,100.00
2296,28749,100.00
2297,20634,0.00
2298,27687,100.00
2299,55355,100.00
2300,54327,0.00
2301,58817,50.00
2302,54221,0.00
2303,56387,0.00
2304,60665,0.00
2305,60946,0.00
2306,74118,0.00
2307,68760,100.00
2308,41504,100.00
2309,25734,0.00
2310,38470,100.00
2311,55692,100.00
2312,45216,100.00
2313,53932,100.00
2314,67579,0.00
2315,60172,0.00
2316,58338,0.00
2317,71503,100.00
2318,21216,0.00
2319,24897,100.00
2320,27095,100.00
2321,64289,0.00
2322,49879,100.00
2323,26740,100.00
2324,24688,0.00
2325,42791,100.00
2326,45039,100.00
2327,55331,0.00
2328,69398,0.00
2329,75415,0.00
2330,61442,0.00
2331,60242,0.00
2332,81112,0.00
2333,67853,0.00
2334,54080,100.00
2335,58226,100.00
2336,22053,0.00
2337,24078,100.00
2338,30340,100.00
2339,65918,0.00
2340,55013,100.00
2341,46288,100.00
2342,41891,0.00
2343,29892,100.00
2344,60005,50.00
2345,62330,0.00
2346,57164,0.00
2347,72785,0.00
2348,58037,0.00
2349,70691,50.00
2350,51750,0.00
2351,58427,100.00
2352,30793,100.00
2353,24112,100.00
2354,21360,100.00
2355,23243,100.00
2356,27481,100.00
2357,60544,100.00
2358,60250,100.00
2359,36337,100.00
2360,53436,0.00
2361,58463,0.00
2362,54249,0.00
2363,52716,0.00
2364,56066,0.00
2365,70124,66.67
2366,28622,0.00
2367,31258,100.00
2368,57650,100.00
2369,56913,100.00
2370,27925,100.00
2371,25341,100.00
2372,21706,100.00
2373,27554,100.00
2374,32173,100.00
2375,62512,100.00
2376,64630,50.00
2377,72849,0.00
2378,65492,0.00
2379,57661,0.00
2380,60319,0.00
2381,69206,0.00
2382,69442,100.00
2383,34061,100.00
2384,24153,0.00
2385,26244,100.00
2386,58471,100.00
2387,55949,100.00
2388,42190,100.00
2389,55786,0.00
2390,55487,0.00
2391,57732,0.00
2392,72081,66.67
2393,27185,0.00
2394,21784,100.00
2395,26463,100.00
2396,30152,100.00
2397,59658,100.00
2398,35753,100.00
2399,28440,100.00
2400,24147,100.00
2401,43379,100.00
2402,41368,100.00
2403,57767,0.00
2404,53439,0.00
2405,58961,0.00
2406,56044,0.00
2407,59608,0.00
2408,64570,100.00
2409,63106,100.00
2410,39711,100.00
2411,17923,0.00
2412,21763,100.00
2413,25536,100.00
2414,41680,100.00
2415,52200,100.00
2416,42530,100.00
2417,25437,100.00
2418,24677,100.00
2419,58771,0.00
2420,72888,0.00
2421,54249,0.00
2422,69736,0.00
2423,54007,0.00
2424,66564,0.00
2425,56651,100.00
2426,35737,0.00
2427,50488,100.00
2428,27133,100.00
2429,22255,100.00
2430,22032,100.00
2431,25778,100.00
2432,40552,100.00
2433,50608,100.00
2434,47644,50.00
2435,50235,0.00
2436,56049,0.00
2437,68566,0.00
2438,53152,0.00
2439,53113,0.00
2440,66123,66.67
2441,22396,0.00
2442,27117,100.00
2443,26917,100.00
2444,53864,100.00
2445,60374,100.00
2446,27685,100.00
2447,51053,0.00
2448,52210,0.00
2449,55406,0.00
2450,80927,0.00
2451,47819,100.00
2452,30847,100.00
2453,24937,0.00
2454,59329,100.00
2455,54798,100.00
2456,37690,100.00
2457,22943,100.00
2458,28413,100.00
2459,41281,100.00
2460,58959,100.00
2461,55270,0.00
2462,60519,0.00
2463,64249,0.00
2464,55714,0.00
2465,61347,0.00
2466,54027,0.00
2467,62821,100.00
2468,23626,0.00
2469,24821,100.00
2470,22869,100.00
2471,28673,100.00
2472,55222,100.00
2473,55593,100.00
2474,39487,100.00
2475,38574,100.00
2476,30817,100.00
2477,34246,100.00
2478,56247,0.00
2479,59721,0.00
2480,64218,0.00
2481,60079,0.00
2482,59937,0.00
2483,67387,50.00
2484,69043,100.00
2485,64948,100.00
2486,25101,0.00
2487,25425,100.00
2488,20893,100.00
2489,26767,100.00
2490,54464,100.00
2491,57733,100.00
2492,45082,100.00
2493,26817,100.00
2494,59286,0.00
2495,57814,0.00
2496,58165,0.00
2497,61257,0.00
2498,65741,0.00
2499,69421,50.00
2500,56872,100.00
2501,22016,0.00
2502,63018,100.00
2503,66114,100.00
2504,26603,100.00
2505,24568,100.00
2506,21117,100.00
2507,22895,100.00
2508,52824,100.00
2509,52112,100.00
2510,57136,0.00
2511,60671,0.00
2512,58849,0.00
2513,59884,0.00
2514,57501,0.00
2515,71416,100.00
2516,28818,0.00
2517,22417,100.00
2518,27776,100.00
2519,24407,0.00
2520,57813,100.00
2521,60039,100.00
2522,55897,50.00
2523,59739,0.00
2524,58039,0.00
2525,59910,0.00
2526,66295,100.00
2527,33977,100.00
2528,17763,0.00
2529,26396,100.00
2530,61702,100.00
2531,55674,100.00
2532,42161,100.00
2533,26351,100.00
2534,35764,100.00
2535,33447,100.00
2536,58676,0.00
2537,60042,0.00
2538,56748,0.00
2539,55671,0.00
2540,55263,0.00
2541,77835,100.00
2542,65528,100.00
2543,22027,0.00
2544,22675,100.00
2545,20048,100.00
2546,23024,100.00
2547,26295,100.00
2548,63025,100.00
2549,55371,100.00
2550,57885,100.00
2551,30369,100.00
2552,52550,0.00
2553,54897,0.00
2554,57107,0.00
2555,62003,0.00
2556,59447,0.00
2557,72181,66.67
2558,26794,0.00
2559,56469,100.00
2560,62673,100.00
2561,24921,100.00
2562,23399,100.00
2563,22108,100.00
2564,23113,100.00
2565,26043,100.00
2566,60736,100.00
2567,61317,100.00
2568,39509,100.00
2569,54728,0.00
2570,57342,0.00
2571,57749,0.00
2572,60001,0.00
2573,51424,0.00
2574,76412,100.00
2575,45971,100.00
2576,28975,0.00
2577,24687,100.00
2578,56401,100.00
2579,54797,100.00
2580,27027,100.00
2581,46247,50.00
2582,46498,0.00
2583,51512,0.00
2584,64108,0.00
2585,23814,0.00
2586,27633,100.00
2587,28369,100.00
2588,71224,0.00
2589,53179,100.00
2590,39772,100.00
2591,23794,0.00
2592,26379,100.00
2593,32685,100.00
2594,53737,0.00
2595,45687,100.00
2596,53266,0.00
2597,53116,0.00
2598,55548,0.00
2599,54899,0.00
2600,63619,0.00
2601,72991,50.00
2602,34856,100.00
2603,27437,0.00
2604,21001,100.00
2605,27585,100.00
2606,59600,0.00
2607,55337,100.00
2608,36887,100.00
2609,24262,0.00
2610,31353,100.00
2611,29089,100.00
2612,59765,0.00
2613,59875,0.00
2614,57690,0.00
2615,57009,0.00
2616,54949,0.00
2617,66572,50.00
2618,44680,0.00
2619,42577,100.00
2620,30743,100.00
2621,25046,100.00
2622,19455,100.00
2623,26283,100.00
2624,48883,100.00
2625,49577,100.00
2626,46095,100.00
2627,23290,100.00
2628,44163,50.00
2629,53297,0.00
2630,68959,0.00
2631,137114,0.00
2632,63731,0.00
2633,68850,33.33
2634,35329,100.00
2635,30297,100.00
2636,64778,100.00
2637,61542,100.00
2638,29111,100.00
2639,21485,100.00
2640,19558,100.00
2641,38080,100.00
2642,44806,100.00
2643,48296,100.00
2644,59380,0.00
2645,56910,0.00
2646,56267,0.00
2647,58121,0.00
2648,53212,0.00
2649,64094,0.00
2650,38900,100.00
2651,25701,0.00
2652,32077,100.00
2653,42341,100.00
2654,46554,100.00
2655,24573,100.00
2656,55067,100.00
2657,56251,0.00
2658,53412,0.00
2659,53692,0.00
2660,59395,50.00
2661,28068,100.00
2662,29981,100.00
2663,22591,0.00
2664,63505,100.00
2665,57203,100.00
2666,38359,100.00
2667,22646,100.00
2668,40277,100.00
2669,27211,100.00
2670,47455,50.00
2671,65577,0.00
2672,54898,0.00
2673,56841,0.00
2674,52383,0.00
2675,65956,50.00
2676,64122,100.00
2677,50240,100.00
2678,20569,0.00
2679,22398,100.00
2680,25721,100.00
2681,25339,100.00
2682,63035,100.00
2683,44150,100.00
2684,30922,100.00
2685,41207,100.00
2686,53030,0.00
2687,51374,0.00
2688,52769,0.00
2689,63716,0.00
2690,52970,0.00
2691,62981,50.00
2692,53358,100.00
2693,41802,0.00
2694,55016,100.00
2695,26110,100.00
2696,24777,0.00
2697,22948,100.00
2698,25624,100.00
2699,32683,0.00
2700,63427,100.00
2701,36320,100.00
2702,55733,0.00
2703,59280,0.00
2704,76008,0.00
2705,56679,0.00
2706,60046,0.00
2707,61821,0.00
2708,67502,0.00
2709,31370,100.00
2710,33356,100.00
2711,49549,0.00
2712,62829,100.00
2713,29183,100.00
2714,25986,0.00
2715,23774,100.00
2716,26244,100.00
2717,61407,0.00
2718,59783,0.00
2719,58349,0.00
2720,57488,0.00
2721,70879,50.00
2722,67317,100.00
2723,50396,0.00
2724,56833,100.00
2725,38234,100.00
2726,25970,0.00
2727,31217,100.00
2728,44604,100.00
2729,53993,0.00
2730,53089,100.00
2731,50054,0.00
2732,65526,0.00
2733,55857,0.00
2734,56795,0.00
2735,64447,0.00
2736,64583,100.00
2737,33640,100.00
2738,19094,0.00
2739,27812,100.00
2740,63893,100.00
2741,62536,100.00
2742,39174,100.00
2743,23957,100.00
2744,32780,100.00
2745,34839,100.00
2746,56760,0.00
2747,58880,0.00
2748,61242,0.00
2749,59785,0.00
2750,66954,0.00
2751,72854,100.00
2752,69638,100.00
2753,19382,0.00
2754,21980,100.00
2755,20323,100.00
2756,24305,100.00
2757,27229,100.00
2758,62800,100.00
2759,56432,100.00
2760,48521,100.00
2761,26055,100.00
2762,72865,0.00
2763,63108,0.00
2764,65452,0.00
2765,59370,0.00
2766,62209,0.00
2767,72599,50.00
2768,28232,0.00
2769,35522,100.00
2770,57769,100.00
2771,61381,0.00
2772,27315,100.00
2773,24322,100.00
2774,19813,0.00
2775,25841,100.00
2776,59534,100.00
2777,57398,0.00
2778,56496,0.00
2779,57366,0.00
2780,59341,0.00
2781,61677,0.00
2782,69045,0.00
2783,65334,50.00
2784,32877,100.00
2785,33125,100.00
2786,23472,0.00
2787,55976,100.00
2788,61965,100.00
2789,25562,100.00
2790,58756,100.00
2791,70657,0.00
2792,60076,0.00
2793,56332,0.00
2794,69754,66.67
2795,23504,0.00
2796,26953,100.00
2797,29759,100.00
2798,66840,100.00
2799,54738,100.00
2800,41854,100.00
2801,27210,100.00
2802,37507,100.00
2803,33705,100.00
2804,58193,100.00
2805,59045,0.00
2806,59043,0.00
2807,57946,0.00
2808,63316,0.00
2809,62682,0.00
2810,73887,0.00
2811,46382,100.00
2812,35651,100.00
2813,20113,0.00
2814,24045,100.00
2815,27616,100.00
2816,67485,0.00
2817,57396,100.00
2818,55606,100.00
2819,34267,0.00
2820,51499,50.00
2821,51722,0.00
2822,55616,0.00
2823,53174,0.00
2824,54620,0.00
2825,66085,0.00
2826,49050,100.00
2827,61835,100.00
2828,22623,0.00
2829,23991,100.00
2830,23356,100.00
2831,20045,100.00
2832,26248,100.00
2833,55577,100.00
2834,58745,100.00
2835,40569,100.00
2836,59187,0.00
2837,59730,0.00
2838,55871,0.00
2839,57471,0.00
2840,52792,0.00
2841,64733,33.33
2842,24406,0.00
2843,28262,100.00
2844,25810,100.00
2845,56957,100.00
2846,60226,100.00
2847,26033,100.00
2848,20216,100.00
2849,20527,100.00
2850,34218,100.00
2851,47669,0.00
2852,49078,0.00
2853,47569,0.00
2854,53671,0.00
2855,68915,0.00
2856,68876,100.00
2857,59951,100.00
2858,22982,0.00
2859,21786,100.00
2860,26966,100.00
2861,22690,100.00
2862,53201,100.00
2863,57737,100.00
2864,49016,50.00
2865,57287,0.00
2866,51857,0.00
2867,59111,0.00
2868,55695,0.00
2869,63966,100.00
2870,22335,0.00
2871,21273,100.00
2872,28268,100.00
2873,50208,100.00
2874,50226,100.00
2875,34122,100.00
2876,23761,100.00
2877,26533,100.00
2878,37333,100.00
2879,46651,0.00
2880,49617,0.00
2881,54219,0.00
2882,51447,0.00
2883,53172,0.00
2884,68255,66.67
2885,52113,0.00
2886,33085,100.00
2887,26560,100.00
2888,23257,100.00
2889,23213,100.00
2890,26799,100.00
2891,51480,100.00
2892,53740,100.00
2893,41690,100.00
2894,22664,100.00
2895,61334,0.00
2896,53797,0.00
2897,62362,0.00
2898,52631,0.00
2899,57200,0.00
2900,68865,50.00
2901,38902,100.00
2902,43648,100.00
2903,56353,0.00
2904,34355,100.00
2905,26231,100.00
2906,22904,0.00
2907,21174,100.00
2908,28053,100.00
2909,61664,0.00
2910,62266,100.00
2911,62407,50.00
2912,56111,0.00
2913,59206,0.00
2914,73504,0.00
2915,56272,0.00
2916,71132,50.00
2917,28228,0.00
2918,23959,100.00
2919,31423,100.00
2920,26875,100.00
2921,61679,100.00
2922,61308,100.00
2923,37334,100.00
2924,45702,0.00
2925,50527,0.00
2926,75239,0.00
2927,79575,0.00
2928,39012,100.00
2929,33843,100.00
2930,22929,0.00
2931,62377,100.00
2932,59306,100.00
2933,38414,0.00
2934,26109,100.00
2935,39079,100.00
2936,32977,0.00
2937,59899,100.00
2938,80881,0.00
2939,59906,0.00
2940,63405,0.00
2941,58500,0.00
2942,56938,0.00
2943,71308,50.00
2944,29251,100.00
2945,26414,0.00
2946,26807,100.00
2947,22846,100.00
2948,26967,0.00
2949,58249,100.00
2950,57367,100.00
2951,39680,0.00
2952,33939,100.00
2953,29836,100.00
2954,47258,0.00
2955,50414,0.00
2956,57982,0.00
2957,59163,0.00
2958,65574,0.00
2959,76948,0.00
2960,70231,100.00
2961,63165,100.00
2962,57585,100.00
2963,34999,0.00
2964,45009,100.00
2965,26803,100.00
2966,27314,100.00
2967,60226,100.00
2968,64498,100.00
2969,37478,100.00
2970,54357,50.00
2971,56800,0.00
2972,59004,0.00
2973,58927,0.00
2974,60749,0.00
2975,63706,0.00
2976,50232,100.00
2977,38125,100.00
2978,47966,0.00
2979,58705,100.00
2980,29287,100.00
2981,22966,100.00
2982,21199,100.00
2983,22907,100.00
2984,41992,100.00
2985,59368,100.00
2986,51652,0.00
2987,55539,0.00
2988,53753,0.00
2989,51606,0.00
2990,56189,0.00
2991,64218,50.00
2992,30622,100.00
2993,24463,100.00
2994,25402,100.00
2995,30088,100.00
2996,45329,100.00
2997,52372,100.00
2998,24240,100.00
2999,62326,0.00
3000,70996,0.00
3001,51689,0.00
3002,68106,33.33
3003,30827,100.00
3004,26396,100.00
3005,31366,100.00
3006,27549,100.00
3007,63743,100.00
3008,50533,100.00
3009,39501,100.00
3010,26814,100.00
3011,44269,100.00
3012,25181,100.00
3013,58490,0.00
3014,59844,0.00
3015,69423,0.00
3016,66401,0.00
3017,63600,0.00
3018,71126,0.00
3019,64791,100.00
3020,27486,0.00
3021,24329,100.00
3022,22074,100.00
3023,24347,100.00
3024,30508,100.00
3025,62387,100.00
3026,37487,100.00
3027,42880,100.00
3028,41072,100.00
3029,49621,0.00
3030,58679,0.00
3031,53705,0.00
3032,52806,0.00
3033,53815,0.00
3034,68159,100.00
3035,27602,0.00
3036,61901,100.00
3037,61276,100.00
3038,25178,100.00
3039,23825,100.00
3040,21462,100.00
3041,23656,100.00
3042,35958,100.00
3043,55027,100.00
3044,37238,100.00
3045,52229,0.00
3046,50480,0.00
3047,55458,0.00
3048,54476,0.00
3049,54534,0.00
3050,61391,100.00
3051,32318,100.00
3052,39506,100.00
3053,24324,0.00
3054,58429,100.00
3055,58128,100.00
3056,23274,100.00
3057,52366,50.00
3058,51855,0.00
3059,52932,0.00
3060,66860,50.00
3061,22223,0.00
3062,24430,100.00
3063,29577,100.00
3064,53222,100.00
3065,55077,100.00
3066,36845,100.00
3067,25969,100.00
3068,25520,100.00
3069,39434,100.00
3070,48292,100.00
3071,45444,50.00
3072,60569,0.00
3073,51787,0.00
3074,56600,0.00
3075,58268,0.00
3076,56675,0.00
3077,72890,50.00
3078,31016,100.00
3079,32262,100.00
3080,19537,0.00
3081,25587,100.00
3082,45038,100.00
3083,53247,100.00
3084,31684,100.00
3085,35752,100.00
3086,25326,100.00
3087,25780,100.00
3088,48207,0.00
3089,51364,0.00
3090,55367,0.00
3091,65732,0.00
3092,51556,0.00
3093,64407,0.00
3094,71680,100.00
3095,23939,0.00
3096,20548,100.00
3097,22864,100.00
3098,20564,100.00
3099,23120,100.00
3100,38936,100.00
3101,55520,100.00
3102,32311,100.00
3103,23718,100.00
3104,44426,0.00
3105,58097,0.00
3106,56917,0.00
3107,55425,0.00
3108,48315,0.00
3109,65185,50.00
3110,26762,0.00
3111,31149,100.00
3112,59152,100.00
3113,61325,100.00
3114,23943,100.00
3115,23492,100.00
3116,21168,100.00
3117,26234,100.00
3118,44572,100.00
3119,62144,100.00
3120,58370,0.00
3121,56787,0.00
3122,57731,0.00
3123,61246,0.00
3124,63377,0.00
3125,66097,0.00
3126,50046,100.00
3127,32693,100.00
3128,24401,0.00
3129,22083,100.00
3130,62298,100.00
3131,61871,0.00
3132,53518,100.00
3133,69373,0.00
3134,64127,0.00
3135,58650,0.00
3136,68465,66.67
3137,20479,0.00
3138,20267,100.00
3139,27964,100.00
3140,56146,100.00
3141,57064,100.00
3142,43533,100.00
3143,25235,100.00
3144,32950,100.00
3145,32543,100.00
3146,53765,0.00
3147,57062,0.00
3148,55267,0.00
3149,57739,0.00
3150,54827,0.00
3151,67046,66.67
3152,45583,0.00
3153,29923,100.00
3154,26955,100.00
3155,20771,100.00
3156,24146,100.00
3157,29209,100.00
3158,53836,100.00
3159,55379,100.00
3160,52221,100.00
3161,24580,100.00
3162,55212,0.00
3163,69460,0.00
3164,54928,0.00
3165,55691,0.00
3166,81202,0.00
3167,68958,50.00
3168,64577,100.00
3169,31090,100.00
3170,62462,100.00
3171,61870,100.00
3172,40870,100.00
3173,24020,100.00
3174,22809,100.00
3175,32724,100.00
3176,57121,100.00
3177,57581,100.00
3178,47068,100.00
3179,53075,0.00
3180,58472,0.00
3181,56624,0.00
3182,57860,0.00
3183,57603,0.00
3184,66910,66.67
3185,24546,0.00
3186,29108,100.00
3187,26770,100.00
3188,55494,100.00
3189,58432,100.00
3190,53771,100.00
3191,60957,100.00
3192,61341,0.00
3193,57317,0.00
3194,67537,0.00
3195,62565,0.00
3196,34379,100.00
3197,25675,0.00
3198,48993,100.00
3199,48740,100.00
3200,32487,100.00
3201,24515,100.00
3202,30579,100.00
3203,33880,100.00
3204,45161,100.00
3205,50600,100.00
3206,43333,0.00
3207,46834,0.00
3208,54289,0.00
3209,60177,0.00
3210,55185,0.00
3211,56835,0.00
3212,66446,100.00
3213,31722,100.00
3214,25400,100.00
3215,23973,0.00
3216,25985,100.00
3217,65746,100.00
3218,45810,100.00
3219,25647,100.00
3220,34640,100.00
3221,26757,100.00
3222,30187,50.00
3223,41709,0.00
3224,49997,0.00
3225,62807,0.00
3226,59011,0.00
3227,67957,0.00
3228,60858,100.00
3229,60699,100.00
3230,24129,100.00
3231,23545,100.00
3232,22276,100.00
3233,24759,100.00
3234,39701,100.00
3235,53380,100.00
3236,47687,100.00
3237,26582,100.00
3238,45708,100.00
3239,50735,0.00
3240,56495,0.00
3241,55763,0.00
3242,53520,0.00
3243,56971,0.00
3244,70305,100.00
3245,48023,0.00
3246,57703,100.00
3247,56011,100.00
3248,24448,0.00
3249,25190,100.00
3250,21516,100.00
3251,25540,0.00
3252,32743,100.00
3253,60596,100.00
3254,49983,0.00
3255,53959,0.00
3256,52688,0.00
3257,53621,0.00
3258,58826,0.00
3259,63953,100.00
3260,26157,0.00
3261,23269,100.00
3262,29115,100.00
3263,23126,100.00
3264,59185,100.00
3265,57387,100.00
3266,39627,50.00
3267,56182,0.00
3268,67272,0.00
3269,58386,0.00
3270,68067,100.00
3271,33911,100.00
3272,20180,0.00
3273,26832,100.00
3274,58409,100.00
3275,52099,0.00
3276,37766,100.00
3277,26355,100.00
3278,41051,0.00
3279,27194,100.00
3280,51807,50.00
3281,54726,0.00
3282,55693,0.00
3283,64705,0.00
3284,49398,0.00
3285,64891,0.00
3286,68059,100.00
3287,20645,0.00
3288,23002,100.00
3289,22645,100.00
3290,23431,100.00
3291,32873,100.00
3292,64461,100.00
3293,57284,100.00
3294,46087,100.00
3295,23052,100.00
3296,53375,0.00
3297,51920,0.00
3298,52095,0.00
3299,54846,0.00
3300,52438,0.00
3301,66686,50.00
3302,27599,0.00
3303,49404,100.00
3304,55830,100.00
3305,24522,0.00
3306,24934,100.00
3307,20677,100.00
3308,39755,0.00
3309,25887,100.00
3310,69904,100.00
3311,59130,0.00
3312,53914,100.00
3313,59407,0.00
3314,56373,0.00
3315,61932,0.00
3316,62657,0.00
3317,61901,0.00
3318,70499,0.00
3319,33066,100.00
3320,26391,0.00
3321,31831,100.00
3322,60188,100.00
3323,60913,100.00
3324,29863,100.00
3325,24528,100.00
3326,19395,100.00
3327,41522,50.00
3328,55947,0.00
3329,51157,0.00
3330,51175,0.00
3331,69064,0.00
3332,29133,0.00
3333,58771,100.00
3334,57954,100.00
3335,38189,0.00
3336,24326,100.00
3337,26460,100.00
3338,25594,0.00
3339,57625,100.00
3340,62712,100.00
3341,50474,0.00
3342,56851,0.00
3343,53457,0.00
3344,57646,0.00
3345,55750,0.00
3346,68422,66.67
3347,25389,0.00
3348,22754,100.00
3349,25377,100.00
3350,26443,100.00
3351,65733,100.00
3352,53564,100.00
3353,36543,100.00
3354,23715,100.00
3355,43385,100.00
3356,32002,50.00
3357,56872,0.00
3358,56874,0.00
3359,59663,0.00
3360,56992,0.00
3361,63309,0.00
3362,68936,100.00
3363,62917,100.00
3364,35385,100.00
3365,19878,0.00
3366,21909,100.00
3367,26506,100.00
3368,25324,100.00
3369,64196,100.00
3370,57831,100.00
3371,32787,100.00
3372,22314,100.00
3373,53209,0.00
3374,57301,0.00
3375,54941,0.00
3376,53287,0.00
3377,54987,0.00
3378,67631,50.00
3379,55184,100.00
3380,43036,0.00
3381,53781,100.00
3382,28629,100.00
3383,25715,100.00
3384,23799,100.00
3385,23334,100.00
3386,25150,100.00
3387,60399,100.00
3388,52518,100.00
3389,58664,0.00
3390,60905,0.00
3391,59826,0.00
3392,61473,0.00
3393,55939,0.00
3394,75610,100.00
3395,23195,0.00
3396,26758,100.00
3397,31899,100.00
3398,45406,100.00
3399,57684,100.00
3400,28315,100.00
3401,41758,50.00
3402,55694,0.00
3403,69578,0.00
3404,57538,0.00
3405,69639,100.00
3406,30548,100.00
3407,23234,0.00
3408,27712,100.00
3409,60869,100.00
3410,56149,100.00
3411,39350,100.00
3412,25383,100.00
3413,30304,100.00
3414,39752,100.00
3415,57259,100.00
3416,60187,0.00
3417,61913,0.00
3418,68370,0.00
3419,59418,0.00
3420,62107,0.00
3421,60838,0.00
3422,71312,100.00
3423,27334,100.00
3424,29082,100.00
3425,20104,0.00
3426,26411,100.00
3427,37998,100.00
3428,57703,100.00
3429,38180,100.00
3430,39072,100.00
3431,24714,100.00
3432,56768,50.00
3433,55537,0.00
3434,55673,0.00
3435,57506,0.00
3436,57289,0.00
3437,72962,50.00
3438,45029,100.00
3439,63704,100.00
3440,22837,0.00
3441,23313,100.00
3442,22981,100.00
3443,23261,100.00
3444,27804,100.00
3445,56710,100.00
3446,58823,100.00
3447,38046,100.00
3448,55035,0.00
3449,53823,0.00
3450,56179,0.00
3451,57015,0.00
3452,62155,0.00
3453,67103,50.00
3454,25521,100.00
3455,29556,100.00
3456,41830,100.00
3457,56345,100.00
3458,58414,100.00
3459,23715,100.00
3460,24069,100.00
3461,20428,100.00
3462,37204,100.00
3463,56194,0.00
3464,57369,0.00
3465,60423,0.00
3466,61536,0.00
3467,72808,50.00
3468,25949,0.00
3469,66680,100.00
3470,52150,0.00
3471,29834,100.00
3472,24571,100.00
3473,30384,0.00
3474,45115,100.00
3475,56789,100.00
3476,43533,0.00
3477,57220,50.00
3478,58621,0.00
3479,60783,0.00
3480,61539,0.00
3481,71526,50.00
3482,27667,0.00
3483,23182,100.00
3484,26996,100.00
3485,37174,0.00
3486,63005,100.00
3487,38308,100.00
3488,27861,0.00
3489,29582,100.00
3490,37441,100.00
3491,47772,0.00
3492,56735,0.00
3493,59848,0.00
3494,56429,0.00
3495,54130,0.00
3496,65644,66.67
3497,41900,0.00
3498,53144,100.00
3499,29476,100.00
3500,22690,100.00
3501,25434,100.00
3502,27564,100.00
3503,44554,100.00
3504,45018,100.00
3505,44002,100.00
3506,25559,100.00
3507,43621,0.00
3508,49756,0.00
3509,51788,0.00
3510,52470,0.00
3511,49735,0.00
3512,64412,50.00
3513,34825,100.00
3514,45496,100.00
3515,58204,0.00
3516,48083,100.00
3517,34663,100.00
3518,22788,0.00
3519,19493,100.00
3520,26201,100.00
3521,55183,0.00
3522,59376,100.00
3523,48095,50.00
3524,55424,0.00
3525,55891,0.00
3526,52479,0.00
3527,54225,0.00
3528,62899,50.00
3529,25718,0.00
3530,23581,100.00
3531,25597,100.00
3532,35348,100.00
3533,53866,100.00
3534,58394,100.00
3535,49729,100.00
3536,58297,0.00
3537,55220,0.00
3538,53324,0.00
3539,56227,0.00
3540,31263,100.00
3541,36828,100.00
3542,23907,0.00
3543,62690,100.00
3544,52835,100.00
3545,31144,0.00
3546,24303,100.00
3547,36010,100.00
3548,26774,0.00
3549,51435,100.00
3550,56062,0.00
3551,57619,0.00
3552,57300,0.00
3553,57222,0.00
3554,56671,0.00
3555,71644,0.00
3556,58386,100.00
3557,49017,0.00
3558,28415,100.00
3559,26040,100.00
3560,27033,0.00
3561,59215,100.00
3562,56924,100.00
3563,43525,0.00
3564,33936,100.00
3565,30312,100.00
3566,52817,0.00
3567,63423,0.00
3568,58317,0.00
3569,65350,0.00
3570,59515,0.00
3571,66989,0.00
3572,57848,0.00
3573,63767,100.00
3574,25769,100.00
3575,22802,0.00
3576,26215,100.00
3577,25401,100.00
3578,27479,0.00
3579,62662,100.00
3580,57742,100.00
3581,38581,0.00
3582,67683,33.33
3583,71404,0.00
3584,63790,0.00
3585,58622,0.00
3586,53657,0.00
3587,67739,0.00
3588,52987,100.00
3589,39589,100.00
3590,48558,0.00
3591,59344,100.00
3592,26045,100.00
3593,21954,100.00
3594,22254,100.00
3595,24853,100.00
3596,26645,100.00
3597,66697,100.00
3598,58814,0.00
3599,60748,0.00
3600,54848,0.00
3601,55875,0.00
3602,58369,0.00
3603,68541,0.00
3604,61452,100.00
3605,20150,0.00
3606,24542,100.00
3607,27701,100.00
3608,60885,100.00
3609,58773,100.00
3610,25277,100.00
3611,59026,0.00
3612,55502,0.00
3613,61311,0.00
3614,86825,0.00
3615,54401,100.00
3616,28282,100.00
3617,36670,0.00
3618,34211,100.00
3619,60879,100.00
3620,46796,100.00
3621,33556,100.00
3622,25717,100.00
3623,43546,100.00
3624,26059,100.00
3625,57718,0.00
3626,50111,0.00
3627,58192,0.00
3628,75052,0.00
3629,56760,0.00
3630,69350,100.00
3631,66722,100.00
3632,22692,0.00
3633,23332,100.00
3634,22556,100.00
3635,24296,100.00
3636,26754,100.00
3637,68780,100.00
3638,37643,100.00
3639,42960,100.00
3640,34951,0.00
3641,59391,0.00
3642,56441,0.00
3643,64868,0.00
3644,54249,0.00
3645,51523,0.00
3646,69601,66.67
3647,30345,0.00
3648,59019,100.00
3649,60935,100.00
3650,25320,100.00
3651,23356,100.00
3652,31079,100.00
3653,26188,100.00
3654,27377,100.00
3655,61326,100.00
3656,42108,100.00
3657,60109,0.00
3658,55870,0.00
3659,60019,0.00
3660,61157,0.00
3661,59815,0.00
3662,70937,50.00
3663,39874,100.00
3664,33563,100.00
3665,23624,0.00
3666,62300,100.00
3667,59421,100.00
3668,23676,100.00
3669,47382,50.00
3670,63158,0.00
3671,58994,0.00
3672,66107,0.00
3673,30634,100.00
3674,21025,100.00
3675,28112,100.00
3676,52385,100.00
3677,54481,100.00
3678,50873,100.00
3679,26393,100.00
3680,26687,100.00
3681,39528,100.00
3682,58824,100.00
3683,52784,100.00
3684,57733,0.00
3685,56293,0.00
3686,58070,0.00
3687,57945,0.00
3688,56550,0.00
3689,63756,100.00
3690,31991,100.00
3691,26994,100.00
3692,18055,0.00
3693,25351,100.00
3694,48903,100.00
3695,51433,100.00
3696,41162,100.00
3697,35762,100.00
3698,24709,100.00
3699,24621,100.00
3700,59554,0.00
3701,55785,0.00
3702,55007,0.00
3703,57730,0.00
3704,54560,0.00
3705,69978,50.00
3706,67257,100.00
3707,20977,0.00
3708,21497,100.00
3709,23479,100.00
3710,18927,100.00
3711,22705,100.00
3712,27561,100.00
3713,56517,100.00
3714,48717,100.00
3715,25131,100.00
3716,51381,0.00
3717,53799,0.00
3718,65619,0.00
3719,56048,0.00
3720,73740,0.00
3721,73876,50.00
3722,27384,0.00
3723,26132,100.00
3724,65290,100.00
3725,63586,100.00
3726,32846,100.00
3727,24593,100.00
3728,19703,100.00
3729,22802,100.00
3730,37098,100.00
3731,62702,100.00
3732,60178,0.00
3733,57363,0.00
3734,62189,0.00
3735,51515,0.00
3736,54975,0.00
3737,69856,0.00
3738,56693,100.00
3739,36216,100.00
3740,25568,0.00
3741,33664,100.00
3742,48841,100.00
3743,57122,0.00
3744,27761,100.00
3745,53946,0.00
3746,56063,0.00
3747,58515,0.00
3748,65111,0.00
3749,61076,100.00
3750,27602,100.00
3751,29324,100.00
3752,23137,0.00
3753,58510,100.00
3754,57674,100.00
3755,39835,100.00
3756,22253,100.00
3757,38821,100.00
3758,25755,100.00
3759,48376,0.00
3760,65789,0.00
3761,58858,0.00
3762,60441,0.00
3763,56772,0.00
3764,67946,50.00
3765,64550,100.00
3766,34188,100.00
3767,23566,0.00
3768,23397,100.00
3769,26333,100.00
3770,25486,100.00
3771,61145,100.00
3772,58691,100.00
3773,26915,100.00
3774,21021,100.00
3775,51745,0.00
3776,73694,0.00
3777,53064,0.00
3778,52155,0.00
3779,59943,0.00
3780,65398,50.00
3781,45087,100.00
3782,50510,0.00
3783,52123,100.00
3784,26413,100.00
3785,22456,0.00
3786,23486,100.00
3787,23954,100.00
3788,25471,0.00
3789,61824,100.00
3790,54988,100.00
3791,56341,0.00
3792,47614,0.00
3793,57964,0.00
3794,56047,0.00
3795,58921,0.00
3796,58473,0.00
3797,62743,50.00
3798,33284,100.00
3799,37799,100.00
3800,30839,0.00
3801,53176,100.00
3802,57546,100.00
3803,26234,100.00
3804,51757,50.00
3805,51364,0.00
3806,65945,0.00
3807,63560,0.00
3808,48821,100.00
3809,24603,0.00
3810,27027,100.00
3811,63826,100.00
3812,49588,100.00
3813,39016,100.00
3814,25158,100.00
3815,28386,100.00
3816,43582,100.00
3817,58707,100.00
3818,58944,100.00
3819,55727,0.00
3820,57983,0.00
3821,58219,0.00
3822,54869,0.00
3823,82894,0.00
3824,82936,0.00
3825,64224,100.00
3826,36351,100.00
3827,19338,0.00
3828,28238,100.00
3829,48593,100.00
3830,54309,100.00
3831,37053,100.00
3832,30653,100.00
3833,31069,100.00
3834,25055,100.00
3835,49596,0.00
3836,53157,0.00
3837,55991,0.00
3838,60680,0.00
3839,61512,0.00
3840,71874,50.00
3841,66883,100.00
3842,23452,0.00
3843,23851,100.00
3844,25706,100.00
3845,20165,100.00
3846,27462,100.00
3847,57740,100.00
3848,55632,100.00
3849,46503,100.00
3850,23191,100.00
3851,50366,0.00
3852,48296,0.00
3853,52010,0.00
3854,56637,0.00
3855,55067,0.00
3856,68836,50.00
3857,29637,0.00
3858,34904,100.00
3859,58003,100.00
3860,57581,100.00
3861,29975,100.00
3862,22084,100.00
3863,20178,100.00
3864,28004,100.00
3865,50944,100.00
3866,71067,100.00
3867,59416,0.00
3868,68837,0.00
3869,59452,0.00
3870,60915,0.00
3871,56296,0.00
3872,67714,100.00
3873,35235,100.00
3874,35359,100.00
3875,24595,0.00
3876,49268,100.00
3877,59051,100.00
3878,26852,100.00
3879,57186,50.00
3880,58131,0.00
3881,59377,0.00
3882,54873,0.00
3883,67879,100.00
3884,20491,0.00
3885,22959,100.00
3886,26795,100.00
3887,65852,100.00
3888,54124,100.00
3889,39936,100.00
3890,22871,100.00
3891,46087,100.00
3892,31205,100.00
3893,69573,0.00
3894,59555,0.00
3895,55472,0.00
3896,65190,0.00
3897,59374,0.00
3898,69869,100.00
3899,24765,0.00
3900,21080,100.00
3901,26004,100.00
3902,21012,100.00
3903,23956,100.00
3904,29971,100.00
3905,55882,100.00
3906,32567,100.00
3907,39107,100.00
3908,30139,100.00
3909,48587,0.00
3910,58450,0.00
3911,60010,0.00
3912,54876,0.00
3913,62258,0.00
3914,61494,100.00
3915,31941,100.00
3916,66550,100.00
3917,33401,0.00
3918,23254,100.00
3919,23631,100.00
3920,21466,100.00
3921,32495,100.00
3922,37397,100.00
3923,57627,100.00
3924,38191,100.00
3925,49437,50.00
3926,53433,0.00
3927,62096,0.00
3928,57328,0.00
3929,66673,0.00
3930,57512,0.00
3931,71335,100.00
3932,26270,0.00
3933,30725,100.00
3934,55734,100.00
3935,61606,100.00
3936,28045,100.00
3937,25093,100.00
3938,23051,100.00
3939,20104,100.00
3940,51653,0.00
3941,52571,0.00
3942,54310,0.00
3943,58405,0.00
3944,67966,0.00
3945,40996,100.00
3946,57509,100.00
3947,24272,0.00
3948,24817,100.00
3949,24180,100.00
3950,29673,0.00
3951,46517,100.00
3952,50917,100.00
3953,24955,0.00
3954,54831,0.00
3955,54096,0.00
3956,49891,0.00
3957,54323,0.00
3958,64566,50.00
3959,26372,0.00
3960,24034,100.00
3961,23766,100.00
3962,25613,100.00
3963,55805,100.00
3964,53489,100.00
3965,38884,100.00
3966,25045,100.00
3967,36781,100.00
3968,39728,100.00
3969,59358,0.00
3970,57580,0.00
3971,56535,0.00
3972,62261,0.00
3973,58094,0.00
3974,70174,100.00
3975,65822,100.00
3976,34101,100.00
3977,20652,0.00
3978,19336,100.00
3979,25558,100.00
3980,26351,100.00
3981,63942,100.00
3982,50149,100.00
3983,30219,100.00
3984,29617,100.00
3985,50807,0.00
3986,56858,0.00
3987,59125,0.00
3988,71346,0.00
3989,61128,0.00
3990,70699,0.00
3991,54546,100.00
3992,43460,0.00
3993,54458,100.00
3994,25536,100.00
3995,23501,100.00
3996,21337,100.00
3997,25562,100.00
3998,40944,100.00
3999,58707,100.00
4000,89945,50.00
4001,57916,0.00
4002,60684,0.00
4003,54955,0.00
4004,63126,0.00
4005,66307,100.00
4006,51161,100.00
4007,55461,0.00
4008,39320,100.00
4009,26684,100.00
4010,60185,100.00
4011,60154,100.00
4012,52097,0.00
4013,56599,0.00
4014,55359,0.00
4015,61395,0.00
4016,74256,0.00
4017,49750,100.00
4018,31416,100.00
4019,26289,0.00
4020,63888,100.00
4021,56697,100.00
4022,39401,0.00
4023,23726,100.00
4024,42277,100.00
4025,31228,0.00
4026,62538,100.00
4027,78312,0.00
4028,58265,0.00
4029,70860,0.00
4030,74354,0.00
4031,60099,0.00
4032,69694,50.00
4033,36457,100.00
4034,25409,0.00
4035,24479,100.00
4036,25309,100.00
4037,28834,0.00
4038,64135,100.00
4039,60569,100.00
4040,39324,0.00
4041,36219,100.00
4042,49036,100.00
4043,56783,0.00
4044,59185,0.00
4045,62372,0.00
4046,54696,0.00
4047,72285,0.00
4048,63013,100.00
4049,40975,0.00
4050,56971,100.00
4051,27691,100.00
4052,23087,100.00
4053,20491,100.00
4054,26498,100.00
4055,27432,100.00
4056,61737,100.00
4057,50511,100.00
4058,49213,100.00
4059,60199,0.00
4060,62196,0.00
4061,64433,0.00
4062,70824,0.00
4063,62940,0.00
4064,69825,100.00
4065,74451,0.00
4066,69572,0.00
4067,73165,100.00
4068,46062,100.00
4069,38469,100.00
4070,71721,0.00
4071,60897,100.00
4072,71270,0.00
4073,54955,100.00
4074,62578,100.00
4075,35115,100.00
4076,28697,100.00
4077,36262,100.00
4078,70032,100.00
4079,63119,0.00
4080,63406,0.00
4081,75463,0.00
4082,58061,0.00
4083,62747,0.00
4084,74070,0.00
4085,58659,0.00
4086,83880,100.00
4087,66982,100.00
4088,24521,0.00
4089,37667,100.00
4090,29064,100.00
4091,31756,0.00
4092,27409,100.00
4093,59252,100.00
4094,67408,0.00
4095,62608,50.00
4096,61947,0.00
4097,62203,0.00
4098,59222,0.00
4099,68352,33.33
4100,27421,0.00
4101,40838,100.00
4102,29191,100.00
4103,31004,100.00
4104,66297,100.00
4105,60633,100.00
4106,42302,100.00
4107,23608,100.00
4108,48788,100.00
4109,28727,100.00
4110,60870,0.00
4111,68788,0.00
4112,56832,0.00
4113,76251,0.00
4114,137776,0.00
4115,74795,50.00
4116,64789,100.00
4117,35953,100.00
4118,19608,0.00
4119,20734,100.00
4120,24359,100.00
4121,26679,100.00
4122,63912,100.00
4123,60600,100.00
4124,25898,100.00
4125,40468,100.00
4126,57023,0.00
4127,58493,0.00
4128,60588,0.00
4129,59325,0.00
4130,58846,0.00
4131,68382,50.00
4132,51755,100.00
4133,41239,0.00
4134,54664,100.00
4135,25392,100.00
4136,23566,0.00
4137,20733,100.00
4138,26296,100.00
4139,36244,0.00
4140,63765,100.00
4141,62604,100.00
4142,65329,0.00
4143,61716,0.00
4144,56354,0.00
4145,65281,0.00
4146,57159,0.00
4147,70314,100.00
4148,24735,0.00
4149,26239,100.00
4150,28674,100.00
4151,63571,100.00
4152,61473,100.00
4153,28559,100.00
4154,63168,0.00
4155,57086,0.00
4156,63009,0.00
4157,71675,0.00
4158,52945,100.00
4159,31810,100.00
4160,24848,0.00
4161,58798,100.00
4162,58983,100.00
4163,39194,100.00
4164,27190,100.00
4165,40104,100.00
4166,27281,100.00
4167,59897,100.00
4168,60136,0.00
4169,55156,0.00
4170,58581,0.00
4171,60749,0.00
4172,57027,0.00
4173,62174,0.00
4174,72566,100.00
4175,25686,0.00
4176,27615,100.00
4177,23067,100.00
4178,25893,100.00
4179,51924,100.00
4180,55653,100.00
4181,35087,100.00
4182,36811,100.00
4183,29623,100.00
4184,38753,50.00
4185,54124,0.00
4186,54379,0.00
4187,61013,0.00
4188,57585,0.00
4189,61214,0.00
4190,68085,50.00
4191,68407,100.00
4192,63700,100.00
4193,22482,0.00
4194,23403,100.00
4195,21939,100.00
4196,24753,100.00
4197,40254,100.00
4198,55614,100.00
4199,53892,100.00
4200,35910,100.00
4201,60262,0.00
4202,57224,0.00
4203,55654,0.00
4204,57847,0.00
4205,56102,0.00
4206,72217,100.00
4207,42540,100.00
4208,22540,0.00
4209,60185,100.00
4210,62730,100.00
4211,28238,0.00
4212,23240,100.00
4213,22755,100.00
4214,34889,0.00
4215,49258,100.00
4216,54770,100.00
4217,155510,0.00
4218,59232,0.00
4219,63087,0.00
4220,59978,0.00
4221,85840,0.00
4222,72374,50.00
4223,66189,0.00
4224,59663,100.00
4225,58928,100.00
4226,59646,100.00
4227,62589,100.00
4228,66387,100.00
4229,47044,100.00
4230,63398,50.00
4231,67598,0.00
4232,79397,0.00
4233,60064,0.00
4234,72790,100.00
4235,29644,0.00
4236,73978,100.00
4237,74816,100.00
4238,69472,100.00
4239,57426,0.00
4240,34252,100.00
4241,49332,0.00
4242,65536,100.00
4243,78304,0.00
4244,48974,0.00
4245,72178,100.00
4246,112969,100.00
4247,72899,100.00
4248,71565,100.00
4249,39883,100.00
4250,71929,0.00
4251,38285,100.00
4252,74957,0.00
4253,60973,100.00
4254,59453,0.00
4255,54468,0.00
4256,57897,0.00
4257,58431,0.00
4258,62572,0.00
4259,49306,0.00
4260,59385,0.00
4261,67890,0.00
4262,77825,0.00
4263,72477,0.00
4264,18505,0.00
4265,71527,0.00
4266,70371,100.00
4267,18026,0.00
4268,1613679,0.00
4269,2677776,0.00
4270,5805202,0.00
4271,1504840,100.00
4272,93700,0.00
4273,73063,0.00
4274,74497,0.00
4275,19863,0.00
4276,71192,100.00
4277,67938,0.00
4278,8478035,0.00
4279,37121,0.00
4280,71982,0.00
4281,2018749,0.00
4282,70109,0.00
4283,174574,100.00
4284,72667,0.00
4285,72133,100.00
4286,68432,0.00
4287,69071,100.00
4288,168833,0.00
4289,898331,100.00
4290,4174255,100.00
4291,22447,0.00
4292,856799,0.00
4293,518600,0.00
4294,273500,0.00
4295,1074053,0.00
4296,71541,0.00
4297,18318,0.00
4298,69627,0.00
4299,19911,0.00
4300,1545955,0.00
4301,1055023,100.00
4302,63672,0.00
4303,72772,0.00
4304,20168,0.00
4305,83439,100.00
4306,21751,0.00
4307,18841,0.00
4308,17806,0.00
4309,17470,0.00
4310,26483,0.00
4311,76819,0.00
4312,20335,0.00
4313,75446,0.00
4314,20954,0.00
4315,74681,0.00
4316,74987,0.00
4317,74985,100.00
4318,69454,0.00
4319,69876,100.00
4320,72460,0.00
4321,73167,100.00
4322,71452,0.00
4323,72693,100.00
4324,71787,0.00
4325,19593,0.00
4326,74041,100.00
4327,19491,0.00
4328,68899,0.00
4329,70146,0.00
4330,17515,0.00
4331,21435,0.00
4332,59653,50.00
4333,58873,0.00
4334,59246,0.00
4335,59065,0.00
4336,73969,0.00
4337,62285,0.00
4338,59757,0.00
4339,72902,0.00
4340,59601,0.00
4341,60092,0.00
4342,61384,0.00
4343,67970,0.00
4344,56506,0.00
4345,61701,0.00
4346,60086,0.00
4347,60878,0.00
4348,73204,0.00
4349,61207,0.00
4350,61894,0.00
4351,72500,0.00
4352,60113,0.00
4353,58569,0.00
4354,80208,0.00
4355,57797,0.00
4356,62632,0.00
4357,74479,0.00
4358,84930,0.00
4359,61343,0.00
4360,60485,0.00
4361,61210,0.00
4362,61343,0.00
4363,64849,0.00
4364,59587,0.00
4365,61740,0.00
4366,76042,50.00
4367,75784,0.00
4368,71756,0.00
4369,78957,0.00
4370,29894,0.00
4371,86643,100.00
4372,19127,0.00
4373,77946,0.00
4374,74885,0.00
4375,20031,0.00
4376,76488,100.00
4377,20318,0.00
4378,75879,100.00
4379,19215,0.00
4380,16883,0.00
4381,74438,0.00
4382,36674,0.00
4383,757163,100.00
4384,40341,0.00
4385,46579,0.00
4386,72996,0.00
4387,76651,0.00
4388,21408,0.00
4389,17880,0.00
4390,22169,100.00
4391,75598,0.00
4392,72379,0.00
4393,73100,100.00
4394,2056642,0.00
4395,69837,0.00
4396,71848,100.00
4397,20519,100.00
4398,16461,0.00
4399,15568,0.00
4400,24528,0.00
4401,75195,0.00
4402,20318,0.00
4403,75870,100.00
4404,19892,0.00
4405,17803,0.00
4406,74827,0.00
4407,75994,0.00
4408,22442,0.00
4409,81974,0.00
4410,49073,0.00
4411,66669,100.00
4412,71572,0.00
4413,58796,50.00
4414,59207,0.00
4415,314279,0.00
4416,70198,0.00
4417,61617,0.00
4418,61243,0.00
4419,60806,0.00
4420,59326,0.00
4421,60701,0.00
4422,59744,0.00
4423,61431,0.00
4424,64012,0.00
4425,60427,0.00
4426,60728,0.00
4427,59026,0.00
4428,63912,0.00
4429,71385,0.00
4430,70720,0.00
4431,58891,0.00
4432,97682,0.00
4433,61966,0.00
4434,58863,0.00
4435,72607,0.00
4436,122156,50.00
4437,73946,0.00
4438,34090,100.00
4439,74698,0.00
4440,77585,100.00
4441,45712,100.00
4442,68786,0.00
4443,69967,100.00
4444,70051,100.00
4445,45124,100.00
4446,71211,50.00
4447,16854,0.00
4448,532841,0.00
4449,67558,0.00
4450,89016,0.00
4451,59543,0.00
4452,72049,50.00
4453,66820,50.00
4454,66293,100.00
4455,71001,100.00
4456,41140,100.00
4457,61215,100.00
4458,53991,100.00
4459,57766,100.00
4460,54999,100.00
4461,67997,50.00
4462,69387,100.00
4463,70948,0.00
4464,69104,100.00
4465,66034,0.00
4466,72476,0.00
4467,71720,100.00
4468,71188,0.00
4469,72335,0.00
4470,71027,100.00
4471,75432,100.00
4472,53648,0.00
4473,67519,100.00
4474,69417,100.00
4475,68382,0.00
4476,73311,100.00
4477,71817,100.00
4478,57440,50.00
4479,60187,0.00
4480,292489,50.00
4481,60660,0.00
4482,59567,0.00
4483,65387,0.00
4484,74027,0.00
4485,74256,100.00
4486,70894,100.00
4487,68886,0.00
4488,43234,100.00
4489,36492,100.00
4490,65389,100.00
4491,44859,100.00
4492,54390,100.00
4493,57785,50.00
4494,44410,100.00
4495,57061,0.00
4496,61177,0.00
4497,62510,0.00
4498,75242,50.00
4499,69001,0.00
4500,68411,100.00
4501,41061,100.00
4502,38426,0.00
4503,51325,100.00
4504,35981,100.00
4505,42641,100.00
4506,49675,100.00
4507,53447,50.00
4508,51818,0.00
4509,59015,0.00
4510,71157,0.00
4511,72042,50.00
4512,67748,0.00
4513,69385,66.67
4514,36080,0.00
4515,60502,100.00
4516,57203,100.00
4517,46795,0.00
4518,59346,50.00
4519,53109,50.00
4520,73953,0.00
4521,70658,50.00
4522,71208,0.00
4523,45279,100.00
4524,39951,100.00
4525,68811,100.00
4526,30747,0.00
4527,59016,100.00
4528,44831,100.00
4529,42185,100.00
4530,41039,50.00
4531,46671,100.00
4532,61990,0.00
4533,59735,0.00
4534,67029,0.00
4535,72361,50.00
4536,73490,50.00
4537,72499,100.00
4538,22791,0.00
4539,27187,100.00
4540,31157,100.00
4541,65945,100.00
4542,59999,100.00
4543,63932,100.00
4544,41393,100.00
4545,53678,100.00
4546,62905,0.00
4547,61122,0.00
4548,73275,0.00
4549,65063,0.00
4550,73875,0.00
4551,66872,100.00
4552,72906,100.00
4553,36734,0.00
4554,45060,100.00
4555,29257,100.00
4556,28139,100.00
4557,37715,100.00
4558,55739,100.00
4559,61338,100.00
4560,51657,50.00
4561,62358,0.00
4562,63674,0.00
4563,65245,0.00
4564,180520,0.00
4565,68328,0.00
4566,54362,100.00
4567,46553,100.00
4568,46089,0.00
4569,54573,100.00
4570,58439,100.00
4571,34924,0.00
4572,54240,50.00
4573,62337,0.00
4574,67967,0.00
4575,54924,100.00
4576,39297,100.00
4577,65358,0.00
4578,60699,100.00
4579,55556,100.00
4580,35240,0.00
4581,28749,100.00
4582,33625,100.00
4583,58740,0.00
4584,53078,66.67
4585,49450,0.00
4586,60555,0.00
4587,59019,0.00
4588,57607,0.00
4589,66315,0.00
4590,70943,100.00
4591,42512,100.00
4592,19970,0.00
4593,26481,100.00
4594,46865,100.00
4595,58353,100.00
4596,50869,100.00
4597,36316,100.00
4598,31881,100.00
4599,37502,50.00
4600,52783,50.00
4601,71222,0.00
4602,57837,0.00
4603,57550,0.00
4604,64367,0.00
4605,69599,0.00
4606,67123,100.00
4607,21780,0.00
4608,27679,100.00
4609,22499,100.00
4610,25626,100.00
4611,45009,100.00
4612,59797,100.00
4613,49760,100.00
4614,34008,100.00
4615,54138,50.00
4616,60810,0.00
4617,57860,0.00
4618,75907,0.00
4619,59851,0.00
4620,83237,0.00
4621,55379,100.00
4622,50773,0.00
4623,60690,100.00
4624,34932,100.00
4625,27502,100.00
4626,27811,100.00
4627,27830,100.00
4628,36643,100.00
4629,66979,100.00
4630,67764,50.00
4631,61085,0.00
4632,61451,0.00
4633,62271,0.00
4634,63290,0.00
4635,73322,0.00
4636,40968,100.00
4637,23720,0.00
4638,31375,100.00
4639,47471,100.00
4640,61323,100.00
4641,43360,100.00
4642,59205,50.00
4643,60002,0.00
4644,59837,0.00
4645,67263,0.00
4646,52175,100.00
4647,24668,100.00
4648,34060,100.00
4649,35690,0.00
4650,64666,100.00
4651,40520,100.00
4652,26784,100.00
4653,25394,100.00
4654,46412,100.00
4655,43053,100.00
4656,62029,0.00
4657,62834,0.00
4658,63652,0.00
4659,72324,0.00
4660,72675,50.00
4661,53424,0.00
4662,31476,100.00
4663,24505,100.00
4664,23625,100.00
4665,26288,100.00
4666,29519,100.00
4667,63339,100.00
4668,61851,100.00
4669,47330,100.00
4670,21409,100.00
4671,71041,50.00
4672,57794,0.00
4673,58521,0.00
4674,59444,0.00
4675,59261,0.00
4676,70330,0.00
4677,55809,100.00
4678,65434,100.00
4679,49901,0.00
4680,31377,100.00
4681,23836,100.00
4682,21021,100.00
4683,38429,100.00
4684,29827,100.00
4685,63164,100.00
4686,47018,100.00
4687,60991,0.00
4688,69440,0.00
4689,61308,0.00
4690,65211,0.00
4691,56499,0.00
4692,63269,0.00
4693,73397,66.67
4694,24880,0.00
4695,29000,100.00
4696,58289,100.00
4697,60374,0.00
4698,27596,100.00
4699,22800,100.00
4700,20693,0.00
4701,59936,100.00
4702,62850,0.00
4703,62405,0.00
4704,80351,0.00
4705,60878,0.00
4706,59003,100.00
4707,64937,100.00
4708,65706,100.00
4709,24277,0.00
4710,25735,100.00
4711,29394,100.00
4712,27068,100.00
4713,61892,100.00
4714,67165,100.00
4715,56501,0.00
4716,58750,0.00
4717,62003,0.00
4718,59033,0.00
4719,59312,0.00
4720,71207,100.00
4721,22537,0.00
4722,30517,100.00
4723,29152,100.00
4724,61441,100.00
4725,59891,100.00
4726,46562,100.00
4727,26543,100.00
4728,35824,100.00
4729,39127,100.00
4730,55992,0.00
4731,57497,0.00
4732,57249,0.00
4733,64619,0.00
4734,73726,0.00
4735,71834,100.00
4736,23767,0.00
4737,23955,100.00
4738,27257,100.00
4739,23242,100.00
4740,29292,100.00
4741,62322,100.00
4742,62479,100.00
4743,51294,100.00
4744,27726,100.00
4745,51344,0.00
4746,60607,0.00
4747,57557,0.00
4748,56673,0.00
4749,64813,0.00
4750,71921,66.67
4751,29173,0.00
4752,49085,100.00
4753,63498,100.00
4754,25621,100.00
4755,23668,100.00
4756,22416,100.00
4757,22897,100.00
4758,42124,100.00
4759,66742,100.00
4760,54454,100.00
4761,58490,0.00
4762,77019,0.00
4763,58862,0.00
4764,62027,0.00
4765,70639,50.00
4766,31667,0.00
4767,37952,100.00
4768,29750,100.00
4769,24514,100.00
4770,64114,100.00
4771,65996,100.00
4772,32124,100.00
4773,62388,0.00
4774,61709,0.00
4775,58919,0.00
4776,1810708,50.00
4777,69430,100.00
4778,22575,0.00
4779,27097,100.00
4780,28205,100.00
4781,62994,100.00
4782,38897,100.00
4783,28508,100.00
4784,24473,100.00
4785,27490,100.00
4786,56474,100.00
4787,58718,100.00
4788,56777,0.00
4789,61078,0.00
4790,57570,0.00
4791,78408,0.00
4792,62092,0.00
4793,74015,0.00
4794,42219,100.00
4795,32676,100.00
4796,20700,0.00
4797,27741,100.00
4798,54482,100.00
4799,64012,0.00
4800,45500,100.00
4801,36231,100.00
4802,39381,0.00
4803,56574,0.00
4804,59719,0.00
4805,71727,0.00
4806,61527,0.00
4807,77563,66.67
4808,29058,0.00
4809,65758,100.00
4810,51865,100.00
4811,30455,100.00
4812,27327,100.00
4813,24379,100.00
4814,31088,100.00
4815,56138,100.00
4816,61999,100.00
4817,56994,100.00
4818,60990,0.00
4819,56951,0.00
4820,59633,0.00
4821,77541,0.00
4822,57858,0.00
4823,66369,0.00
4824,50559,100.00
4825,40573,100.00
4826,46779,0.00
4827,63956,100.00
4828,48927,100.00
4829,33045,0.00
4830,24724,100.00
4831,28689,100.00
4832,50351,0.00
4833,52203,0.00
4834,55117,0.00
4835,59368,0.00
4836,60468,0.00
4837,72739,100.00
4838,44967,0.00
4839,41506,100.00
4840,28606,100.00
4841,29992,100.00
4842,29193,100.00
4843,64243,100.00
4844,59645,100.00
4845,55847,50.00
4846,59977,0.00
4847,59581,0.00
4848,63738,0.00
4849,59799,0.00
4850,49633,100.00
4851,28185,100.00
4852,32646,100.00
4853,36296,0.00
4854,62764,100.00
4855,48159,100.00
4856,35653,100.00
4857,39818,100.00
4858,40250,100.00
4859,51150,50.00
4860,57035,0.00
4861,64927,0.00
4862,64192,0.00
4863,59719,0.00
4864,72155,50.00
4865,40398,0.00
4866,32930,100.00
4867,27054,100.00
4868,22038,100.00
4869,26100,100.00
4870,68607,100.00
4871,67251,100.00
4872,64189,100.00
4873,46169,100.00
4874,28826,100.00
4875,67455,50.00
4876,60641,0.00
4877,61790,0.00
4878,58706,0.00
4879,88217,0.00
4880,70673,0.00
4881,50713,100.00
4882,75052,100.00
4883,56130,0.00
4884,67098,100.00
4885,44645,100.00
4886,26889,100.00
4887,24840,100.00
4888,44861,100.00
4889,44670,0.00
4890,56113,100.00
4891,55732,0.00
4892,56024,0.00
4893,60545,0.00
4894,66225,0.00
4895,59667,0.00
4896,61015,0.00
4897,57815,75.00
4898,25480,0.00
4899,28915,100.00
4900,58084,100.00
4901,58675,100.00
4902,31939,100.00
4903,48063,50.00
4904,51414,0.00
4905,53157,0.00
4906,63122,50.00
4907,49470,0.00
4908,33640,100.00
4909,26578,100.00
4910,61218,0.00
4911,58087,100.00
4912,39995,100.00
4913,24769,0.00
4914,38140,100.00
4915,52067,100.00
4916,51278,0.00
4917,58462,0.00
4918,58548,0.00
4919,57901,0.00
4920,72271,0.00
4921,65486,0.00
4922,69340,100.00
4923,40838,100.00
4924,36015,100.00
4925,19182,0.00
4926,29834,100.00
4927,54787,100.00
4928,59291,100.00
4929,39129,100.00
4930,38521,100.00
4931,34357,100.00
4932,31870,50.00
4933,61521,0.00
4934,60821,0.00
4935,62254,0.00
4936,61504,0.00
4937,61884,0.00
4938,68787,100.00
4939,67635,100.00
4940,27872,0.00
4941,27442,100.00
4942,24097,100.00
4943,24354,100.00
4944,30981,100.00
4945,69450,100.00
4946,60792,100.00
4947,37690,100.00
4948,75275,0.00
4949,63242,0.00
4950,62027,0.00
4951,60690,0.00
4952,63134,0.00
4953,72327,100.00
4954,49890,100.00
4955,27534,0.00
4956,65748,100.00
4957,64362,100.00
4958,34604,0.00
4959,27072,100.00
4960,24626,100.00
4961,42744,0.00
4962,50582,100.00
4963,56390,50.00
4964,59108,0.00
4965,56571,0.00
4966,55702,0.00
4967,65396,0.00
4968,70325,0.00
4969,67982,66.67
4970,26159,0.00
4971,27642,100.00
4972,38455,100.00
4973,42928,100.00
4974,64087,100.00
4975,45469,100.00
4976,71484,0.00
4977,67447,0.00
4978,60717,0.00
4979,70162,50.00
4980,22936,0.00
4981,24702,100.00
4982,24330,0.00
4983,26801,100.00
4984,62627,100.00
4985,60097,0.00
4986,40153,100.00
4987,30802,100.00
4988,38143,0.00
4989,33749,100.00
4990,63945,0.00
4991,63093,0.00
4992,64610,0.00
4993,74259,0.00
4994,69974,0.00
4995,72197,50.00
4996,70031,100.00
4997,22980,0.00
4998,23878,100.00
4999,21533,100.00
5000,48377,100.00
5001,31171,100.00
5002,68177,100.00
5003,57895,100.00
5004,50484,100.00
5005,45338,100.00
5006,58224,0.00
5007,56465,0.00
5008,62092,0.00
5009,59782,0.00
5010,60408,0.00
5011,74222,66.67
5012,32217,0.00
5013,64855,100.00
5014,72811,0.00
5015,19388,0.00
5016,25899,100.00
5017,73501,0.00
5018,24445,100.00
5019,40064,100.00
5020,22764,100.00
5021,26156,100.00
5022,55299,100.00
5023,61392,100.00
5024,77127,50.00
5025,60320,0.00
5026,59794,0.00
5027,74556,0.00
5028,61538,0.00
5029,61488,0.00
5030,58550,0.00
5031,67957,50.00
5032,36655,100.00
5033,25693,0.00
5034,29395,100.00
5035,59442,100.00
5036,66398,100.00
5037,31466,100.00
5038,60488,0.00
5039,67260,0.00
5040,66645,0.00
5041,71125,50.00
5042,23195,0.00
5043,22592,100.00
5044,31528,100.00
5045,62031,100.00
5046,62445,100.00
5047,44131,100.00
5048,25040,100.00
5049,27387,100.00
5050,44204,100.00
5051,60366,100.00
5052,61290,50.00
5053,59159,0.00
5054,60597,0.00
5055,76188,0.00
5056,61956,0.00
5057,71003,0.00
5058,70298,100.00
5059,36263,100.00
5060,20642,0.00
5061,23175,100.00
5062,28241,100.00
5063,49167,100.00
5064,60200,100.00
5065,50427,100.00
5066,25497,100.00
5067,29975,100.00
5068,313242,50.00
5069,63187,0.00
5070,59278,0.00
5071,57987,0.00
5072,61200,0.00
5073,58203,0.00
5074,73235,0.00
5075,18433,0.00
5076,15354,0.00
5077,62766,100.00
5078,67417,100.00
5079,29298,100.00
5080,24704,100.00
5081,23629,100.00
5082,45059,100.00
5083,59161,100.00
5084,64015,100.00
5085,38822,100.00
5086,34119,100.00
5087,61557,0.00
5088,63606,0.00
5089,99254,0.00
5090,58248,0.00
5091,65254,0.00
5092,75182,0.00
5093,71208,0.00
5094,59206,100.00
5095,66924,100.00
5096,54474,0.00
5097,64034,100.00
5098,28823,100.00
5099,23599,100.00
5100,22936,100.00
5101,29581,100.00
5102,59815,100.00
5103,57851,100.00
5104,58995,0.00
5105,61259,0.00
5106,63603,0.00
5107,71232,0.00
5108,58959,0.00
5109,74805,0.00
5110,42248,100.00
5111,24711,0.00
5112,32633,100.00
5113,30466,100.00
5114,64336,100.00
5115,62780,100.00
5116,57590,100.00
5117,63648,0.00
5118,64584,0.00
5119,65906,0.00
5120,70663,50.00
5121,68907,100.00
5122,26426,100.00
5123,24235,100.00
5124,40902,100.00
5125,61504,100.00
5126,35890,100.00
5127,28316,100.00
5128,37684,100.00
5129,32202,100.00
5130,47321,0.00
5131,57080,0.00
5132,58282,0.00
5133,60564,0.00
5134,71174,0.00
5135,63258,0.00
5136,70273,100.00
5137,68941,100.00
5138,26728,0.00
5139,25590,100.00
5140,23638,100.00
5141,28215,100.00
5142,55662,100.00
5143,66651,100.00
5144,36517,100.00
5145,42141,100.00
5146,58430,0.00
5147,466446,0.00
5148,59269,0.00
5149,73775,0.00
5150,71471,0.00
5151,81684,0.00
5152,74077,100.00
5153,30154,0.00
5154,69852,100.00
5155,65291,100.00
5156,27785,100.00
5157,24981,100.00
5158,27026,100.00
5159,31469,100.00
5160,35078,100.00
5161,64738,100.00
5162,42742,100.00
5163,63565,50.00
5164,76515,0.00
5165,63081,0.00
5166,65474,0.00
5167,62986,0.00
5168,59478,0.00
5169,69945,0.00
5170,56758,100.00
5171,46779,0.00
5172,66139,100.00
5173,63051,100.00
5174,58724,100.00
5175,37869,100.00
5176,63291,0.00
5177,62998,0.00
5178,61692,0.00
5179,73438,50.00
5180,28281,100.00
5181,75420,100.00
5182,70035,100.00
5183,55267,0.00
5184,58979,100.00
5185,44225,100.00
5186,28712,100.00
5187,33537,100.00
5188,29299,100.00
5189,64735,100.00
5190,60578,100.00
5191,64875,0.00
5192,63582,0.00
5193,66869,0.00
5194,68553,0.00
5195,61344,0.00
5196,75405,0.00
5197,67018,100.00
5198,24200,0.00
5199,23645,100.00
5200,28654,100.00
5201,38980,0.00
5202,62010,100.00
5203,37637,100.00
5204,35529,0.00
5205,31215,100.00
5206,29791,100.00
5207,59628,0.00
5208,277534,0.00
5209,82000,0.00
5210,62855,0.00
5211,62085,0.00
5212,69855,0.00
5213,65820,100.00
5214,64304,100.00
5215,35790,100.00
5216,21285,0.00
5217,22435,100.00
5218,26279,100.00
5219,35844,100.00
5220,67414,100.00
5221,46915,100.00
5222,26093,100.00
5223,56922,50.00
5224,94583,0.00
5225,60593,0.00
5226,59440,0.00
5227,81379,0.00
5228,81148,0.00
5229,73412,50.00
5230,42404,100.00
5231,61485,0.00
5232,64412,100.00
5233,29929,100.00
5234,23566,100.00
5235,22498,100.00
5236,25752,100.00
5237,35791,100.00
5238,64900,100.00
5239,57338,100.00
5240,56779,0.00
5241,63709,0.00
5242,58721,0.00
5243,65866,0.00
5244,67839,0.00
5245,56436,100.00
5246,23446,0.00
5247,27652,100.00
5248,28175,100.00
5249,59093,100.00
5250,63436,100.00
5251,49999,100.00
5252,71655,0.00
5253,59755,0.00
5254,60298,0.00
5255,70869,0.00
5256,49278,100.00
5257,31800,100.00
5258,24350,0.00
5259,47701,100.00
5260,64327,100.00
5261,35355,100.00
5262,31865,100.00
5263,36492,100.00
5264,34763,100.00
5265,43977,100.00
5266,63618,0.00
5267,63399,0.00
5268,61925,0.00
5269,59392,0.00
5270,80143,0.00
5271,69412,100.00
5272,71274,100.00
5273,24808,0.00
5274,26111,100.00
5275,22297,100.00
5276,27643,100.00
5277,58233,100.00
5278,63594,100.00
5279,38898,100.00
5280,33042,100.00
5281,56337,0.00
5282,56543,0.00
5283,57943,0.00
5284,61218,0.00
5285,58198,0.00
5286,83010,0.00
5287,61988,100.00
5288,53294,0.00
5289,60183,100.00
5290,37800,100.00
5291,23944,100.00
5292,23365,100.00
5293,23839,100.00
5294,27792,100.00
5295,65421,100.00
5296,57926,100.00
5297,56001,100.00
5298,58977,0.00
5299,57944,0.00
5300,60390,0.00
5301,57199,0.00
5302,64489,0.00
5303,69622,0.00
5304,54410,100.00
5305,41193,100.00
5306,26675,0.00
5307,64680,100.00
5308,50276,100.00
5309,31179,100.00
5310,23678,100.00
5311,20859,100.00
5312,51872,0.00
5313,61727,0.00
5314,59538,0.00
5315,64975,0.00
5316,72471,50.00
5317,68728,100.00
5318,48818,0.00
5319,47814,100.00
5320,32088,100.00
5321,26112,100.00
5322,30320,100.00
5323,54768,100.00
5324,56627,100.00
5325,46423,100.00
5326,53854,0.00
5327,59281,0.00
5328,56388,0.00
5329,57802,0.00
5330,71594,50.00
5331,45862,100.00
5332,29011,100.00
5333,24880,0.00
5334,47650,100.00
5335,62353,100.00
5336,44352,100.00
5337,27883,100.00
5338,32636,100.00
5339,37402,100.00
5340,66499,0.00
5341,59744,0.00
5342,61747,0.00
5343,62902,0.00
5344,70080,0.00
5345,73422,50.00
5346,66969,100.00
5347,38861,100.00
5348,20694,0.00
5349,23246,100.00
5350,25896,100.00
5351,41239,100.00
5352,64102,100.00
5353,51854,100.00
5354,34346,100.00
5355,53291,100.00
5356,71272,0.00
5357,61666,0.00
5358,60072,0.00
5359,63688,0.00
5360,69755,0.00
5361,62185,100.00
5362,63965,100.00
5363,47228,0.00
5364,43740,100.00
5365,30244,100.00
5366,22866,100.00
5367,23527,100.00
5368,40332,100.00
5369,56230,100.00
5370,198442,100.00
5371,63397,0.00
5372,63298,0.00
5373,60941,0.00
5374,211039,0.00
5375,75357,0.00
5376,65332,100.00
5377,35222,100.00
5378,26235,0.00
5379,28932,100.00
5380,62108,100.00
5381,60761,100.00
5382,48272,100.00
5383,56201,0.00
5384,64022,0.00
5385,61657,0.00
5386,69805,33.33
5387,25470,0.00
5388,25603,100.00
5389,27817,100.00
5390,45385,100.00
5391,55897,100.00
5392,38408,100.00
5393,22764,100.00
5394,26882,100.00
5395,40702,100.00
5396,49424,100.00
5397,51291,100.00
5398,61605,0.00
5399,60596,0.00
5400,60393,0.00
5401,82570,0.00
5402,59586,0.00
5403,68704,100.00
5404,36145,100.00
5405,19780,0.00
5406,22557,100.00
5407,25503,100.00
5408,27558,100.00
5409,64983,100.00
5410,56494,100.00
5411,30105,100.00
5412,41121,100.00
5413,59043,0.00
5414,66019,0.00
5415,77219,0.00
5416,65748,0.00
5417,62835,0.00
5418,75062,50.00
5419,67642,100.00
5420,47469,0.00
5421,64896,100.00
5422,30177,100.00
5423,24016,100.00
5424,20387,100.00
5425,31854,100.00
5426,49237,100.00
5427,65672,100.00
5428,38144,100.00
5429,55132,0.00
5430,59804,0.00
5431,63406,0.00
5432,60641,0.00
5433,64654,0.00
5434,70530,0.00
5435,61964,100.00
5436,36370,100.00
5437,50353,100.00
5438,40160,0.00
5439,63298,100.00
5440,26074,100.00
5441,27229,100.00
5442,30850,100.00
5443,31751,100.00
5444,52813,0.00
5445,59344,0.00
5446,61128,0.00
5447,62942,0.00
5448,73403,0.00
5449,74024,100.00
5450,51629,0.00
5451,39428,100.00
5452,27269,100.00
5453,26993,100.00
5454,29227,100.00
5455,53860,100.00
5456,59138,100.00
5457,42578,100.00
5458,58675,0.00
5459,58938,0.00
5460,60355,0.00
5461,86536,0.00
5462,69415,0.00
5463,52295,100.00
5464,26665,100.00
5465,22491,0.00
5466,28178,100.00
5467,69403,100.00
5468,50390,100.00
5469,30361,100.00
5470,26503,100.00
5471,48551,100.00
5472,39213,50.00
5473,76818,0.00
5474,62406,0.00
5475,64065,0.00
5476,72917,0.00
5477,61871,0.00
5478,71787,100.00
5479,69552,100.00
5480,24139,0.00
5481,25184,100.00
5482,21330,100.00
5483,25578,100.00
5484,31974,100.00
5485,59878,100.00
5486,47261,100.00
5487,37005,100.00
5488,50876,50.00
5489,57172,0.00
5490,58808,0.00
5491,56370,0.00
5492,57277,0.00
5493,71052,0.00
5494,78945,66.67
5495,29369,0.00
5496,66091,100.00
5497,59443,100.00
5498,26284,100.00
5499,23391,100.00
5500,25468,100.00
5501,24953,100.00
5502,47379,100.00
5503,64162,100.00
5504,45436,100.00
5505,53361,0.00
5506,60422,0.00
5507,68793,0.00
5508,55618,0.00
5509,64951,0.00
5510,68710,0.00
5511,52520,100.00
5512,36213,100.00
5513,24806,0.00
5514,54986,100.00
5515,60750,100.00
5516,24869,100.00
5517,59045,50.00
5518,59520,0.00
5519,56975,0.00
5520,73015,50.00
5521,30053,0.00
5522,25763,100.00
5523,29468,100.00
5524,56372,100.00
5525,59967,100.00
5526,40699,100.00
5527,28406,100.00
5528,26551,100.00
5529,49145,100.00
5530,61887,100.00
5531,55413,100.00
5532,71188,0.00
5533,58584,0.00
5534,59639,0.00
5535,65889,0.00
5536,58170,0.00
5537,70098,100.00
5538,31860,100.00
5539,31506,100.00
5540,19323,0.00
5541,24668,100.00
5542,49648,100.00
5543,56769,100.00
5544,35624,100.00
5545,35611,100.00
5546,26655,100.00
5547,42602,66.67
5548,57679,0.00
5549,61633,0.00
5550,64107,0.00
5551,58791,0.00
5552,55865,0.00
5553,66922,0.00
5554,67878,100.00
5555,22902,0.00
5556,21678,100.00
5557,23606,100.00
5558,19796,100.00
5559,24614,100.00
5560,39184,100.00
5561,56789,100.00
5562,55831,100.00
5563,39651,100.00
5564,61127,0.00
5565,73519,0.00
5566,67682,0.00
5567,114411,0.00
5568,61475,0.00
5569,71983,100.00
5570,29754,0.00
5571,30811,100.00
5572,77736,100.00
5573,61358,100.00
5574,24334,100.00
5575,25750,100.00
5576,19654,100.00
5577,39037,100.00
5578,34053,100.00
5579,51601,100.00
5580,60002,0.00
5581,55746,0.00
5582,56952,0.00
5583,57159,0.00
5584,58667,0.00
5585,66216,0.00
5586,59285,100.00
5587,32936,100.00
5588,24314,0.00
5589,25565,100.00
5590,61892,100.00
5591,59609,100.00
5592,58374,100.00
5593,70271,0.00
5594,59228,0.00
5595,57766,0.00
5596,64614,66.67
5597,20357,0.00
5598,22862,100.00
5599,27290,100.00
5600,48284,100.00
5601,60335,100.00
5602,41211,100.00
5603,25676,100.00
5604,24235,100.00
5605,50261,100.00
5606,56711,100.00
5607,60946,0.00
5608,57748,0.00
5609,58391,0.00
5610,60199,0.00
5611,73476,50.00
5612,50332,0.00
5613,63544,100.00
5614,30987,100.00
5615,23429,100.00
5616,19262,100.00
5617,28502,100.00
5618,53394,100.00
5619,56728,100.00
5620,50799,100.00
5621,24239,100.00
5622,48551,0.00
5623,52584,0.00
5624,57758,0.00
5625,55538,0.00
5626,58144,0.00
5627,71664,66.67
5628,27525,0.00
5629,28490,100.00
5630,69061,0.00
5631,60256,100.00
5632,33815,100.00
5633,22129,0.00
5634,21877,100.00
5635,41700,100.00
5636,52808,0.00
5637,58567,100.00
5638,57161,50.00
5639,61627,0.00
5640,60189,0.00
5641,59814,0.00
5642,65910,0.00
5643,63801,0.00
5644,73265,100.00
5645,25962,0.00
5646,30549,100.00
5647,30424,100.00
5648,71267,100.00
5649,65783,100.00
5650,31444,100.00
5651,59180,0.00
5652,62249,0.00
5653,68770,0.00
5654,67692,0.00
5655,51752,100.00
5656,34018,100.00
5657,24408,0.00
5658,66492,100.00
5659,58878,100.00
5660,40250,0.00
5661,23743,100.00
5662,29321,100.00
5663,37187,0.00
5664,59999,100.00
5665,61917,0.00
5666,62188,0.00
5667,57171,0.00
5668,60675,0.00
5669,58127,0.00
5670,64504,0.00
5671,52963,100.00
5672,23367,0.00
5673,21821,100.00
5674,25871,100.00
5675,28097,0.00
5676,62885,100.00
5677,52777,100.00
5678,39312,0.00
5679,39105,100.00
5680,30050,100.00
5681,59611,0.00
5682,55221,0.00
5683,60444,0.00
5684,56574,0.00
5685,55867,0.00
5686,70133,0.00
5687,60187,0.00
5688,64312,100.00
5689,31362,100.00
5690,23829,0.00
5691,23974,100.00
5692,25260,100.00
5693,26596,0.00
5694,66907,100.00
5695,65510,100.00
5696,39398,0.00
5697,50714,50.00
5698,66370,0.00
5699,59135,0.00
5700,56337,0.00
5701,65605,0.00
5702,59212,0.00
5703,66482,100.00
5704,43848,100.00
5705,54051,0.00
5706,64349,100.00
5707,30639,100.00
5708,23336,0.00
5709,21612,100.00
5710,23785,100.00
5711,28132,0.00
5712,81461,100.00
5713,61515,50.00
5714,60669,0.00
5715,56343,0.00
5716,61405,0.00
5717,63507,0.00
5718,70326,33.33
5719,38832,0.00
5720,29048,100.00
5721,34621,100.00
5722,38472,100.00
5723,48699,100.00
5724,62894,100.00
5725,27907,100.00
5726,61742,0.00
5727,62009,0.00
5728,72756,0.00
5729,61016,0.00
5730,69359,100.00
5731,33620,100.00
5732,22694,0.00
5733,27007,100.00
5734,64242,100.00
5735,59801,100.00
5736,41505,100.00
5737,24982,100.00
5738,28504,100.00
5739,46852,100.00
5740,62024,0.00
5741,56736,0.00
5742,57958,0.00
5743,67224,0.00
5744,62278,0.00
5745,72835,50.00
5746,66683,100.00
5747,24722,0.00
5748,27971,100.00
5749,24450,100.00
5750,27513,100.00
5751,27997,100.00
5752,67479,100.00
5753,62357,100.00
5754,29349,100.00
5755,41849,0.00
5756,62174,0.00
5757,59268,0.00
5758,58436,0.00
5759,58893,0.00
5760,56925,0.00
5761,75471,100.00
5762,28744,0.00
5763,65967,100.00
5764,63157,100.00
5765,40914,100.00
5766,23575,100.00
5767,21815,100.00
5768,25220,100.00
5769,41848,100.00
5770,70100,100.00
5771,52736,100.00
5772,59130,50.00
5773,72595,0.00
5774,57505,0.00
5775,63616,0.00
5776,61445,0.00
5777,59375,0.00
5778,68940,50.00
5779,38481,100.00
5780,24899,0.00
5781,49772,100.00
5782,60524,100.00
5783,27515,100.00
5784,27208,100.00
5785,70469,0.00
5786,60392,0.00
5787,55353,0.00
5788,67002,50.00
5789,24802,0.00
5790,25614,100.00
5791,28961,100.00
5792,65603,100.00
5793,54344,100.00
5794,35059,100.00
5795,26926,100.00
5796,39891,100.00
5797,47218,100.00
5798,57206,100.00
5799,49392,100.00
5800,53873,0.00
5801,57054,0.00
5802,58869,0.00
5803,71348,0.00
5804,60201,0.00
5805,68023,100.00
5806,41152,100.00
5807,42492,0.00
5808,30625,100.00
5809,28918,100.00
5810,57255,100.00
5811,57015,100.00
5812,41895,100.00
5813,25689,100.00
5814,49724,100.00
5815,46717,50.00
5816,57572,0.00
5817,62521,0.00
5818,58635,0.00
5819,58103,0.00
5820,62254,0.00
5821,71949,100.00
5822,55088,0.00
5823,31811,100.00
5824,24687,100.00
5825,23152,100.00
5826,26364,100.00
5827,30156,100.00
5828,64258,100.00
5829,60863,100.00
5830,32467,100.00
5831,42926,50.00
5832,77815,0.00
5833,68374,0.00
5834,55167,0.00
5835,57141,0.00
5836,54294,0.00
5837,64474,50.00
5838,44962,100.00
5839,62917,100.00
5840,54788,0.00
5841,30517,100.00
5842,25925,100.00
5843,25581,100.00
5844,25163,100.00
5845,33043,100.00
5846,67828,100.00
5847,60204,50.00
5848,57177,0.00
5849,56407,0.00
5850,66362,0.00
5851,60366,0.00
5852,67410,0.00
5853,61972,100.00
5854,31137,100.00
5855,25682,0.00
5856,24411,100.00
5857,61033,100.00
5858,61895,100.00
5859,53975,0.00
5860,60114,0.00
5861,67823,0.00
5862,60024,0.00
5863,83316,66.67
5864,22169,0.00
5865,23774,100.00
5866,176260,0.00
5867,25561,0.00
5868,66431,100.00
5869,64825,100.00
5870,34908,0.00
5871,37814,100.00
5872,35567,100.00
5873,29303,0.00
5874,56393,100.00
5875,61244,0.00
5876,61250,0.00
5877,57719,0.00
5878,62447,0.00
5879,59609,0.00
5880,74168,50.00
5881,71879,100.00
5882,23794,0.00
5883,27113,100.00
5884,23893,100.00
5885,28640,0.00
5886,29383,100.00
5887,65115,100.00
5888,52508,0.00
5889,41269,100.00
5890,158014,100.00
5891,60876,0.00
5892,65932,0.00
5893,64515,0.00
5894,59569,0.00
5895,56597,0.00
5896,71692,50.00
5897,27987,0.00
5898,64836,100.00
5899,66433,100.00
5900,23332,0.00
5901,24045,100.00
5902,22865,100.00
5903,26080,0.00
5904,28084,100.00
5905,67925,100.00
5906,38821,0.00
5907,58106,50.00
5908,78782,0.00
5909,59550,0.00
5910,59776,0.00
5911,64014,0.00
5912,58681,0.00
5913,68265,50.00
5914,37287,100.00
5915,23813,0.00
5916,58901,100.00
5917,60861,100.00
5918,20792,0.00
5919,24224,100.00
5920,24050,100.00
5921,34094,0.00
5922,64589,0.00
5923,61841,0.00
5924,59689,0.00
5925,60890,0.00
5926,73725,66.67
5927,33426,0.00
5928,58011,100.00
5929,36550,100.00
5930,26106,100.00
5931,24382,100.00
5932,31269,100.00
5933,58414,100.00
5934,62733,100.00
5935,53208,0.00
5936,64128,0.00
5937,60047,0.00
5938,63471,0.00
5939,59197,0.00
5940,70335,50.00
5941,29279,100.00
5942,25422,100.00
5943,24766,100.00
5944,28220,100.00
5945,67524,100.00
5946,54931,100.00
5947,42104,100.00
5948,26178,100.00
5949,50806,100.00
5950,57772,50.00
5951,61842,0.00
5952,61750,0.00
5953,61808,0.00
5954,57592,0.00
5955,68418,50.00
5956,55787,100.00
5957,61906,100.00
5958,35270,100.00
5959,27790,100.00
5960,22597,100.00
5961,28660,100.00
5962,53081,100.00
5963,58537,100.00
5964,59699,100.00
5965,29051,100.00
5966,59025,0.00
5967,59010,0.00
5968,77326,0.00
5969,59010,0.00
5970,59489,0.00
5971,58412,0.00
5972,71698,50.00
5973,31710,100.00
5974,63564,100.00
5975,22057,0.00
5976,24161,100.00
5977,25730,100.00
5978,23233,100.00
5979,24520,100.00
5980,48424,100.00
5981,60813,100.00
5982,70988,50.00
5983,61054,0.00
5984,59260,0.00
5985,56953,0.00
5986,61033,0.00
5987,70617,0.00
5988,61656,100.00
5989,34438,100.00
5990,26977,0.00
5991,27020,100.00
5992,59437,100.00
5993,62138,100.00
5994,47201,100.00
5995,59614,0.00
5996,61422,0.00
5997,64445,0.00
5998,70309,66.67
5999,22976,0.00
6000,41087,100.00
6001,27876,100.00
6002,64464,100.00
6003,59737,100.00
6004,40852,100.00
6005,25731,100.00
6006,28038,100.00
6007,46823,100.00
6008,60803,100.00
6009,64691,100.00
6010,62364,0.00
6011,63222,0.00
6012,66483,0.00
6013,62728,0.00
6014,68661,0.00
6015,64133,100.00
6016,34626,100.00
6017,20227,0.00
6018,26819,100.00
6019,27892,100.00
6020,51727,100.00
6021,59607,100.00
6022,34682,100.00
6023,33190,100.00
6024,28730,100.00
6025,63506,0.00
6026,58557,0.00
6027,55423,0.00
6028,55492,0.00
6029,56213,0.00
6030,67723,100.00
6031,60906,100.00
6032,51629,0.00
6033,32318,100.00
6034,24754,100.00
6035,21640,100.00
6036,24031,100.00
6037,28495,100.00
6038,56572,100.00
6039,58495,100.00
6040,38610,100.00
6041,56622,0.00
6042,53542,0.00
6043,55280,0.00
6044,67126,0.00
6045,63293,0.00
6046,67606,50.00
6047,27496,0.00
6048,28556,100.00
6049,44703,100.00
6050,58356,100.00
6051,27324,100.00
6052,24821,100.00
6053,22922,100.00
6054,23386,100.00
6055,45640,100.00
6056,57605,0.00
6057,65787,0.00
6058,60690,0.00
6059,59872,0.00
6060,69222,0.00
6061,66846,100.00
6062,23365,0.00
6063,32324,100.00
6064,23194,100.00
6065,26353,100.00
6066,24761,100.00
6067,60199,100.00
6068,59414,100.00
6069,53277,50.00
6070,64875,0.00
6071,60933,0.00
6072,62880,0.00
6073,69939,0.00
6074,73930,0.00
6075,33072,100.00
6076,28985,100.00
6077,25598,0.00
6078,66816,100.00
6079,61236,100.00
6080,47288,0.00
6081,23352,100.00
6082,41963,100.00
6083,25419,0.00
6084,61276,50.00
6085,59329,0.00
6086,60247,0.00
6087,61340,0.00
6088,63742,0.00
6089,68578,100.00
6090,65335,100.00
6091,38478,100.00
6092,20378,0.00
6093,22297,100.00
6094,24384,100.00
6095,26725,100.00
6096,63986,100.00
6097,58665,100.00
6098,53543,100.00
6099,27050,100.00
6100,56227,0.00
6101,60837,0.00
6102,59439,0.00
6103,58612,0.00
6104,56392,0.00
6105,67858,50.00
6106,39604,100.00
6107,55156,0.00
6108,55790,100.00
6109,33466,100.00
6110,23793,0.00
6111,21328,100.00
6112,24929,100.00
6113,28445,0.00
6114,62799,100.00
6115,56200,100.00
6116,56901,0.00
6117,56991,0.00
6118,61756,0.00
6119,60459,0.00
6120,67924,0.00
6121,71982,50.00
6122,26686,0.00
6123,26305,100.00
6124,27329,100.00
6125,56477,100.00
6126,63470,100.00
6127,30879,100.00
6128,58439,0.00
6129,64078,0.00
6130,60255,0.00
6131,70809,66.67
6132,22865,0.00
6133,25205,100.00
6134,28902,0.00
6135,54977,100.00
6136,57050,100.00
6137,39139,0.00
6138,26250,100.00
6139,27333,100.00
6140,46013,0.00
6141,55289,100.00
6142,62081,100.00
6143,62512,0.00
6144,59658,0.00
6145,62753,0.00
6146,58862,0.00
6147,63400,0.00
6148,63401,100.00
6149,26841,0.00
6150,25305,100.00
6151,22341,100.00
6152,25298,100.00
6153,48380,100.00
6154,50855,100.00
6155,31279,100.00
6156,32179,100.00
6157,30445,100.00
6158,36539,50.00
6159,51205,0.00
6160,62170,0.00
6161,59289,0.00
6162,61594,0.00
6163,61040,0.00
6164,65717,50.00
6165,67126,100.00
6166,64720,100.00
6167,28474,0.00
6168,26605,100.00
6169,23774,100.00
6170,23518,100.00
6171,40128,100.00
6172,60088,100.00
6173,40436,100.00
6174,29686,100.00
6175,57730,0.00
6176,54917,0.00
6177,58699,0.00
6178,62526,0.00
6179,57705,0.00
6180,64732,100.00
6181,45572,100.00
6182,21707,0.00
6183,61414,100.00
6184,57096,100.00
6185,25105,0.00
6186,23898,100.00
6187,21083,100.00
6188,44486,0.00
6189,35364,100.00
6190,51073,100.00
6191,64257,0.00
6192,63184,0.00
6193,61203,0.00
6194,68052,0.00
6195,60675,0.00
6196,73921,100.00
6197,28511,0.00
6198,25427,100.00
6199,29046,100.00
6200,27720,100.00
6201,60747,100.00
6202,61698,100.00
6203,50870,50.00
6204,63045,0.00
6205,60665,0.00
6206,57216,0.00
6207,68454,100.00
6208,39691,100.00
6209,20873,0.00
6210,26053,100.00
6211,46145,100.00
6212,55912,0.00
6213,37704,100.00
6214,25794,100.00
6215,26225,0.00
6216,51229,100.00
6217,51828,50.00
6218,61792,0.00
6219,62871,0.00
6220,62481,0.00
6221,60181,0.00
6222,72430,50.00
6223,61132,0.00
6224,63716,100.00
6225,33125,100.00
6226,25171,100.00
6227,22594,100.00
6228,28718,100.00
6229,54953,100.00
6230,55935,100.00
6231,57135,100.00
6232,25027,100.00
6233,55133,0.00
6234,56165,0.00
6235,63184,0.00
6236,57679,0.00
6237,59374,0.00
6238,71549,50.00
6239,29260,0.00
6240,29132,100.00
6241,61875,100.00
6242,62252,100.00
6243,27651,100.00
6244,21536,100.00
6245,19873,100.00
6246,26423,100.00
6247,62025,100.00
6248,60774,100.00
6249,52568,100.00
6250,58594,0.00
6251,57538,0.00
6252,58470,0.00
6253,66820,0.00
6254,55581,0.00
6255,66248,100.00
6256,33754,100.00
6257,27690,0.00
6258,60621,100.00
6259,58589,100.00
6260,61405,100.00
6261,24615,100.00
6262,59483,0.00
6263,63338,0.00
6264,60398,0.00
6265,70552,66.67
6266,23676,0.00
6267,26696,100.00
6268,26810,100.00
6269,62482,100.00
6270,56929,100.00
6271,41706,100.00
6272,26712,100.00
6273,28786,100.00
6274,44309,100.00
6275,59394,100.00
6276,59814,50.00
6277,54993,0.00
6278,63572,0.00
6279,66450,0.00
6280,70441,0.00
6281,67299,0.00
6282,44600,100.00
6283,34624,100.00
6284,21422,0.00
6285,24050,100.00
6286,26780,100.00
6287,61778,100.00
6288,51824,100.00
6289,42926,100.00
6290,40542,100.00
6291,29433,100.00
6292,77635,50.00
6293,56272,0.00
6294,57365,0.00
6295,63082,0.00
6296,59385,0.00
6297,58253,0.00
6298,73122,100.00
6299,59265,0.00
6300,29955,100.00
6301,26733,100.00
6302,20893,0.00
6303,23692,100.00
6304,26758,100.00
6305,57437,0.00
6306,55919,100.00
6307,43476,100.00
6308,44899,0.00
6309,64056,0.00
6310,79221,0.00
6311,59974,0.00
6312,65260,0.00
6313,62020,0.00
6314,63860,100.00
6315,40341,100.00
6316,66570,100.00
6317,62033,0.00
6318,29484,100.00
6319,24985,100.00
6320,23438,100.00
6321,31612,100.00
6322,35619,100.00
6323,59560,100.00
6324,52284,50.00
6325,65688,0.00
6326,65942,0.00
6327,55926,0.00
6328,66128,0.00
6329,73350,66.67
6330,24329,0.00
6331,26712,100.00
6332,25062,100.00
6333,28025,100.00
6334,57821,100.00
6335,58826,100.00
6336,26329,100.00
6337,56310,0.00
6338,60280,0.00
6339,55901,0.00
6340,68148,0.00
6341,22899,0.00
6342,21890,100.00
6343,25628,100.00
6344,27863,0.00
6345,66078,100.00
6346,52659,100.00
6347,40848,0.00
6348,25530,100.00
6349,43858,100.00
6350,35525,0.00
6351,55252,0.00
6352,56254,0.00
6353,58024,0.00
6354,54743,0.00
6355,54345,0.00
6356,67659,50.00
6357,63591,100.00
6358,35871,100.00
6359,18550,0.00
6360,21042,100.00
6361,26083,100.00
6362,41764,100.00
6363,55074,100.00
6364,40592,100.00
6365,23756,100.00
6366,39057,100.00
6367,57165,0.00
6368,51784,0.00
6369,54269,0.00
6370,60251,0.00
6371,72483,0.00
6372,67720,100.00
6373,63151,100.00
6374,44427,0.00
6375,60533,100.00
6376,29251,100.00
6377,23426,100.00
6378,21077,100.00
6379,27811,100.00
6380,44773,100.00
6381,58377,100.00
6382,36672,100.00
6383,51027,0.00
6384,54113,0.00
6385,68396,0.00
6386,71076,0.00
6387,55194,0.00
6388,56806,0.00
6389,61148,100.00
6390,28528,100.00
6391,33063,100.00
6392,51828,0.00
6393,58886,100.00
6394,26984,100.00
6395,20000,100.00
6396,60309,0.00
6397,55933,0.00
6398,53439,0.00
6399,60887,100.00
6400,30073,100.00
6401,26451,0.00
6402,43219,100.00
6403,55469,100.00
6404,33583,0.00
6405,24241,100.00
6406,24729,100.00
6407,26021,0.00
6408,52281,100.00
6409,48560,100.00
6410,43954,0.00
6411,47457,0.00
6412,49465,0.00
6413,53768,0.00
6414,56300,0.00
6415,56956,0.00
6416,65390,0.00
6417,31742,100.00
6418,27825,100.00
6419,24012,0.00
6420,26394,100.00
6421,62048,100.00
6422,45652,0.00
6423,25667,100.00
6424,32229,100.00
6425,28309,0.00
6426,49035,50.00
6427,52922,0.00
6428,55161,0.00
6429,56673,0.00
6430,55005,0.00
6431,65702,50.00
6432,72336,100.00
6433,57036,100.00
6434,30207,100.00
6435,25290,100.00
6436,23002,100.00
6437,23913,100.00
6438,31089,100.00
6439,59675,100.00
6440,29736,100.00
6441,25923,100.00
6442,49153,50.00
6443,57908,0.00
6444,56731,0.00
6445,57807,0.00
6446,57071,0.00
6447,55062,0.00
6448,68154,50.00
6449,28631,0.00
6450,58319,100.00
6451,57780,100.00
6452,24174,100.00
6453,22088,100.00
6454,21135,100.00
6455,23670,100.00
6456,25505,100.00
6457,61989,100.00
6458,56679,0.00
6459,52585,0.00
6460,54690,0.00
6461,55361,0.00
6462,62132,0.00
6463,64198,66.67
6464,29599,0.00
6465,25840,100.00
6466,29884,100.00
6467,29119,100.00
6468,55590,100.00
6469,55286,100.00
6470,22190,100.00
6471,57609,0.00
6472,57868,0.00
6473,57444,0.00
6474,82005,50.00
6475,27818,100.00
6476,21586,0.00
6477,25966,100.00
6478,38606,100.00
6479,56706,0.00
6480,35188,100.00
6481,23425,100.00
6482,23054,0.00
6483,46025,100.00
6484,30810,100.00
6485,55013,0.00
6486,55869,0.00
6487,53208,0.00
6488,58611,0.00
6489,69030,0.00
6490,69834,100.00
6491,24548,0.00
6492,25416,100.00
6493,27274,100.00
6494,20978,100.00
6495,27058,100.00
6496,59563,100.00
6497,60164,100.00
6498,57688,100.00
6499,25222,100.00
6500,57786,0.00
6501,57545,0.00
6502,59296,0.00
6503,63446,0.00
6504,56715,0.00
6505,68895,66.67
6506,27743,0.00
6507,51007,100.00
6508,55282,100.00
6509,23818,100.00
6510,22486,100.00
6511,20685,100.00
6512,23276,100.00
6513,26826,100.00
6514,64828,100.00
6515,54879,100.00
6516,55486,50.00
6517,57612,0.00
6518,61726,0.00
6519,60809,0.00
6520,59299,0.00
6521,56906,0.00
6522,67855,50.00
6523,34313,100.00
6524,24813,0.00
6525,43559,100.00
6526,41900,100.00
6527,29336,100.00
6528,29464,100.00
6529,26082,100.00
6530,36845,100.00
6531,76523,0.00
6532,94785,0.00
6533,57738,0.00
6534,67473,0.00
6535,68896,66.67
6536,25742,0.00
6537,66175,100.00
6538,39579,100.00
6539,23258,100.00
6540,25260,100.00
6541,30323,100.00
6542,49495,100.00
6543,61649,100.00
6544,32910,100.00
6545,59405,0.00
6546,62364,0.00
6547,54567,0.00
6548,55620,0.00
6549,73773,50.00
6550,30057,0.00
6551,26000,100.00
6552,24158,100.00
6553,28857,100.00
6554,60007,100.00
6555,54447,100.00
6556,39433,100.00
6557,22356,100.00
6558,42040,100.00
6559,24055,100.00
6560,56863,0.00
6561,64143,0.00
6562,59998,0.00
6563,59453,0.00
6564,67971,0.00
6565,72372,100.00
6566,52169,0.00
6567,31075,100.00
6568,25110,100.00
6569,19922,0.00
6570,23523,100.00
6571,27561,100.00
6572,56882,0.00
6573,56458,100.00
6574,51537,100.00
6575,21820,0.00
6576,61030,0.00
6577,57967,0.00
6578,60237,0.00
6579,59372,0.00
6580,68404,0.00
6581,67927,0.00
6582,58870,100.00
6583,60914,100.00
6584,47730,0.00
6585,33119,100.00
6586,25192,100.00
6587,21252,0.00
6588,23412,100.00
6589,26379,100.00
6590,57324,0.00
6591,52412,100.00
6592,51068,0.00
6593,59472,0.00
6594,54836,0.00
6595,55216,0.00
6596,67262,66.67
6597,23585,0.00
6598,23211,100.00
6599,26474,100.00
6600,25940,100.00
6601,59577,100.00
6602,62897,100.00
6603,25285,100.00
6604,61365,0.00
6605,61117,0.00
6606,59457,0.00
6607,69722,50.00
6608,21127,0.00
6609,24647,100.00
6610,27732,100.00
6611,37769,100.00
6612,60065,100.00
6613,38159,100.00
6614,24116,100.00
6615,25378,100.00
6616,41378,100.00
6617,49372,100.00
6618,47293,100.00
6619,44915,0.00
6620,57798,0.00
6621,54241,0.00
6622,60387,0.00
6623,57281,0.00
6624,66990,50.00
6625,30840,100.00
6626,26341,100.00
6627,29923,100.00
6628,25295,100.00
6629,28143,100.00
6630,57612,100.00
6631,56077,100.00
6632,37039,100.00
6633,30221,100.00
6634,49133,100.00
6635,58688,0.00
6636,61421,0.00
6637,62630,0.00
6638,55214,0.00
6639,65451,0.00
6640,62722,100.00
6641,43949,0.00
6642,56860,100.00
6643,27129,100.00
6644,23697,100.00
6645,19377,100.00
6646,25328,100.00
6647,24471,100.00
6648,61632,100.00
6649,40924,100.00
6650,50781,0.00
6651,54816,0.00
6652,57193,0.00
6653,57330,0.00
6654,56717,0.00
6655,71556,0.00
6656,70642,100.00
6657,30610,100.00
6658,34396,100.00
6659,52466,0.00
6660,59145,100.00
6661,24903,100.00
6662,22785,100.00
6663,32594,100.00
6664,25262,100.00
6665,56424,0.00
6666,59045,0.00
6667,56952,0.00
6668,57829,0.00
6669,62274,0.00
6670,73070,75.00
6671,53346,0.00
6672,51668,100.00
6673,33504,100.00
6674,24968,100.00
6675,29405,100.00
6676,39987,100.00
6677,58316,100.00
6678,27593,100.00
6679,55905,0.00
6680,59408,0.00
6681,73440,0.00
6682,60368,0.00
6683,69626,0.00
6684,53133,100.00
6685,27154,100.00
6686,24111,0.00
6687,28362,100.00
6688,67488,100.00
6689,53943,0.00
6690,36200,100.00
6691,27347,100.00
6692,48330,0.00
6693,45555,100.00
6694,59862,0.00
6695,58237,0.00
6696,73378,0.00
6697,61280,0.00
6698,71445,0.00
6699,72762,100.00
6700,69458,100.00
6701,22008,0.00
6702,27143,100.00
6703,22223,100.00
6704,26468,100.00
6705,28588,100.00
6706,59584,100.00
6707,46723,100.00
6708,60355,100.00
6709,56058,100.00
6710,61073,0.00
6711,71156,0.00
6712,60204,0.00
6713,56839,0.00
6714,57886,0.00
6715,68265,100.00
6716,27354,0.00
6717,56230,100.00
6718,62879,100.00
6719,25666,100.00
6720,23793,100.00
6721,22562,100.00
6722,25914,100.00
6723,33441,100.00
6724,66592,100.00
6725,40166,100.00
6726,55727,0.00
6727,55941,0.00
6728,59951,0.00
6729,74251,0.00
6730,57635,0.00
6731,72890,50.00
6732,52836,100.00
6733,39876,100.00
6734,24009,0.00
6735,56594,100.00
6736,60735,100.00
6737,25809,100.00
6738,55761,0.00
6739,56742,0.00
6740,61491,0.00
6741,71018,0.00
6742,55787,100.00
6743,21223,0.00
6744,27304,100.00
6745,57329,100.00
6746,57719,100.00
6747,39743,100.00
6748,24226,100.00
6749,26538,100.00
6750,43630,100.00
6751,52370,100.00
6752,51086,0.00
6753,53053,0.00
6754,58999,0.00
6755,68528,0.00
6756,56547,0.00
6757,61298,0.00
6758,73548,100.00
6759,30351,100.00
6760,30719,100.00
6761,19085,0.00
6762,28406,100.00
6763,49705,100.00
6764,61112,100.00
6765,37474,100.00
6766,37226,100.00
6767,37428,100.00
6768,35204,100.00
6769,65968,0.00
6770,59401,0.00
6771,61248,0.00
6772,57311,0.00
6773,62155,0.00
6774,71431,50.00
6775,55564,0.00
6776,65362,100.00
6777,34677,100.00
6778,30081,100.00
6779,23561,100.00
6780,25227,100.00
6781,27198,100.00
6782,59651,100.00
6783,65798,100.00
6784,37143,100.00
6785,52423,0.00
6786,55812,0.00
6787,55761,0.00
6788,61063,0.00
6789,62833,0.00
6790,70920,66.67
6791,29617,0.00
6792,29860,100.00
6793,44820,100.00
6794,59107,100.00
6795,29130,100.00
6796,28269,100.00
6797,22398,100.00
6798,23399,100.00
6799,33424,100.00
6800,51763,100.00
6801,62970,0.00
6802,75235,0.00
6803,58378,0.00
6804,59553,0.00
6805,61752,0.00
6806,59613,0.00
6807,64949,100.00
6808,37530,100.00
6809,21895,0.00
6810,28099,100.00
6811,43559,100.00
6812,45156,100.00
6813,26642,100.00
6814,55748,0.00
6815,55355,0.00
6816,56627,0.00
6817,73016,0.00
6818,56270,0.00
6819,28355,100.00
6820,31327,100.00
6821,23302,0.00
6822,62261,100.00
6823,60152,100.00
6824,39008,0.00
6825,34879,100.00
6826,36487,100.00
6827,21888,0.00
6828,49328,0.00
6829,57138,0.00
6830,56200,0.00
6831,62612,0.00
6832,61541,0.00
6833,67160,100.00
6834,65858,100.00
6835,35914,100.00
6836,21834,0.00
6837,21590,100.00
6838,25557,100.00
6839,29527,100.00
6840,61193,100.00
6841,48504,100.00
6842,25438,100.00
6843,32315,50.00
6844,64321,0.00
6845,65553,0.00
6846,74375,0.00
6847,66496,0.00
6848,60394,0.00
6849,71975,50.00
6850,54488,100.00
6851,35023,0.00
6852,59188,100.00
6853,28561,100.00
6854,23937,100.00
6855,21547,100.00
6856,25556,100.00
6857,49403,100.00
6858,50081,100.00
6859,39658,100.00
6860,51420,0.00
6861,54937,0.00
6862,63595,0.00
6863,60702,0.00
6864,59495,0.00
6865,74610,100.00
6866,30439,0.00
6867,30165,100.00
6868,27350,100.00
6869,56680,0.00
6870,59275,100.00
6871,48229,100.00
6872,54323,0.00
6873,55002,0.00
6874,64009,0.00
6875,67434,50.00
6876,30374,100.00
6877,31770,100.00
6878,22425,0.00
6879,65069,100.00
6880,46207,100.00
6881,26405,100.00
6882,24193,100.00
6883,36138,100.00
6884,47610,100.00
6885,38915,100.00
6886,54744,0.00
6887,59362,0.00
6888,60151,0.00
6889,79302,0.00
6890,57284,0.00
6891,66750,50.00
6892,38890,100.00
6893,23609,0.00
6894,21919,100.00
6895,25892,100.00
6896,26757,0.00
6897,61737,100.00
6898,56902,100.00
6899,28001,0.00
6900,27941,100.00
6901,29285,100.00
6902,68237,0.00
6903,56927,0.00
6904,54214,0.00
6905,56025,0.00
6906,61056,0.00
6907,67726,50.00
6908,55412,0.00
6909,61758,100.00
6910,25244,100.00
6911,24072,100.00
6912,20564,100.00
6913,24013,100.00
6914,25494,100.00
6915,57708,100.00
6916,53129,100.00
6917,47004,100.00
6918,30699,50.00
6919,43248,0.00
6920,53472,0.00
6921,58296,0.00
6922,52865,0.00
6923,56597,0.00
6924,61806,50.00
6925,42855,100.00
6926,36692,0.00
6927,52772,100.00
6928,43892,100.00
6929,26983,100.00
6930,28797,100.00
6931,24457,100.00
6932,31007,100.00
6933,53523,100.00
6934,45864,50.00
6935,60093,0.00
6936,58442,0.00
6937,63540,0.00
6938,59101,0.00
6939,60532,0.00
6940,75157,100.00
6941,22951,0.00
6942,24773,100.00
6943,30608,100.00
6944,47665,100.00
6945,54153,100.00
6946,28296,100.00
6947,50935,0.00
6948,59151,0.00
6949,57756,0.00
6950,54439,0.00
6951,55677,100.00
6952,29059,100.00
6953,23458,0.00
6954,26941,100.00
6955,61258,100.00
6956,53781,100.00
6957,40751,100.00
6958,28252,100.00
6959,43350,100.00
6960,23216,100.00
6961,60346,0.00
6962,56913,0.00
6963,54421,0.00
6964,66753,0.00
6965,59731,0.00
6966,68764,100.00
6967,67031,100.00
6968,24378,0.00
6969,23750,100.00
6970,20631,100.00
6971,24009,100.00
6972,25404,100.00
6973,64401,100.00
6974,55273,100.00
6975,39732,100.00
6976,23384,0.00
6977,59345,0.00
6978,55163,0.00
6979,59523,0.00
6980,58353,0.00
6981,67687,0.00
6982,70686,66.67
6983,26832,0.00
6984,57623,100.00
6985,59242,100.00
6986,26104,100.00
6987,24060,100.00
6988,23796,100.00
6989,23285,100.00
6990,24893,100.00
6991,67475,100.00
6992,50827,100.00
6993,55627,100.00
6994,58361,0.00
6995,58185,0.00
6996,71378,0.00
6997,57946,0.00
6998,57798,0.00
6999,65843,100.00
7000,65494,100.00
7001,24416,0.00
7002,45069,100.00
7003,47577,100.00
7004,25538,100.00
7005,23822,100.00
7006,48789,0.00
7007,47043,0.00
7008,53820,0.00
7009,63084,50.00
7010,20990,0.00
7011,23709,100.00
7012,25439,100.00
7013,59483,100.00
7014,48110,100.00
7015,29393,100.00
7016,23259,100.00
7017,26288,100.00
7018,48178,100.00
7019,50758,100.00
7020,44748,50.00
7021,56828,0.00
7022,52216,0.00
7023,61237,0.00
7024,66860,0.00
7025,64750,0.00
7026,68966,50.00
7027,34414,100.00
7028,21640,0.00
7029,23138,100.00
7030,26401,100.00
7031,61607,100.00
7032,58781,100.00
7033,45878,100.00
7034,30009,100.00
7035,33452,100.00
7036,43752,100.00
7037,61597,0.00
7038,55258,0.00
7039,62426,0.00
7040,69066,0.00
7041,70964,0.00
7042,74893,100.00
7043,63098,0.00
7044,29189,100.00
7045,25219,100.00
7046,20960,100.00
7047,23024,100.00
7048,26277,100.00
7049,61199,100.00
7050,57321,100.00
7051,30958,100.00
7052,40295,100.00
7053,48845,0.00
7054,65569,0.00
7055,57810,0.00
7056,63736,0.00
7057,58282,0.00
7058,65867,100.00
7059,35348,100.00
7060,66048,100.00
7061,47582,0.00
7062,30720,100.00
7063,22827,100.00
7064,20921,100.00
7065,22549,100.00
7066,36514,100.00
7067,66602,100.00
7068,55763,50.00
7069,54939,0.00
7070,55578,0.00
7071,55026,0.00
7072,53672,0.00
7073,77206,0.00
7074,35038,100.00
7075,29380,100.00
7076,25939,100.00
7077,29031,100.00
7078,58233,100.00
7079,60026,100.00
7080,34195,100.00
7081,56122,0.00
7082,58662,0.00
7083,54921,0.00
7084,68247,33.33
7085,26633,0.00
7086,25375,100.00
7087,28888,100.00
7088,25797,100.00
7089,62846,100.00
7090,40278,100.00
7091,25843,100.00
7092,23269,100.00
7093,44519,100.00
7094,29282,100.00
7095,59235,0.00
7096,51462,0.00
7097,54782,0.00
7098,59377,0.00
7099,59923,0.00
7100,73347,50.00
7101,65263,100.00
7102,38855,100.00
7103,18730,0.00
7104,21083,100.00
7105,27210,100.00
7106,51156,100.00
7107,60250,100.00
7108,43412,100.00
7109,25518,100.00
7110,54742,100.00
7111,55702,0.00
7112,59615,0.00
7113,58669,0.00
7114,57254,0.00
7115,62155,0.00
7116,63935,100.00
7117,59053,100.00
7118,41353,0.00
7119,56506,100.00
7120,26831,100.00
7121,21401,100.00
7122,21136,100.00
7123,25522,100.00
7124,51305,100.00
7125,56195,100.00
7126,32309,100.00
7127,54007,0.00
7128,62998,0.00
7129,62259,0.00
7130,58345,0.00
7131,59125,0.00
7132,67604,50.00
7133,24858,100.00
7134,28212,100.00
7135,56038,100.00
7136,35377,0.00
7137,55846,100.00
7138,31713,100.00
7139,23554,100.00
7140,21811,100.00
7141,57238,0.00
7142,63845,0.00
7143,62638,0.00
7144,58036,0.00
7145,79706,50.00
7146,25099,0.00
7147,59837,100.00
7148,55285,0.00
7149,43936,100.00
7150,24573,100.00
7151,27176,0.00
7152,26750,100.00
7153,61895,100.00
7154,63441,0.00
7155,55962,50.00
7156,57542,0.00
7157,74207,0.00
7158,55552,0.00
7159,59030,0.00
7160,74539,100.00
7161,35359,100.00
7162,28228,100.00
7163,23573,0.00
7164,65655,100.00
7165,63012,100.00
7166,41003,100.00
7167,25920,100.00
7168,47002,100.00
7169,27386,100.00
7170,54578,0.00
7171,57095,0.00
7172,55525,0.00
7173,59958,0.00
7174,62417,0.00
7175,71894,100.00
7176,65711,100.00
7177,35836,100.00
7178,19451,0.00
7179,18927,100.00
7180,26018,100.00
7181,25053,100.00
7182,63990,100.00
7183,55135,100.00
7184,26991,100.00
7185,29278,100.00
7186,55619,0.00
7187,56852,0.00
7188,59065,0.00
7189,55190,0.00
7190,59440,0.00
7191,71447,100.00
7192,53340,100.00
7193,37216,0.00
7194,56211,100.00
7195,26140,100.00
7196,23294,100.00
7197,22493,100.00
7198,25024,100.00
7199,26364,100.00
7200,67944,100.00
7201,53316,50.00
7202,58790,0.00
7203,54485,0.00
7204,58743,0.00
7205,67015,0.00
7206,68598,0.00
7207,57725,100.00
7208,21452,0.00
7209,28743,100.00
7210,25848,100.00
7211,63305,100.00
7212,63380,100.00
7213,24003,100.00
7214,59713,0.00
7215,57614,0.00
7216,55083,0.00
7217,69309,33.33
7218,40604,100.00
7219,25146,100.00
7220,27495,100.00
7221,39783,100.00
7222,52981,100.00
7223,31629,100.00
7224,23399,100.00
7225,29537,100.00
7226,36637,100.00
7227,46850,100.00
7228,56927,100.00
7229,67693,0.00
7230,61835,0.00
7231,61953,0.00
7232,55650,0.00
7233,54601,0.00
7234,80916,100.00
7235,26181,0.00
7236,26242,100.00
7237,24040,100.00
7238,23818,100.00
7239,36444,100.00
7240,64703,100.00
7241,49314,100.00
7242,27618,100.00
7243,23118,100.00
7244,55586,0.00
7245,57241,0.00
7246,55441,0.00
7247,56977,0.00
7248,59527,0.00
7249,70523,100.00
7250,36170,0.00
7251,52646,100.00
7252,55533,100.00
7253,27598,100.00
7254,22710,100.00
7255,21048,100.00
7256,26127,100.00
7257,58631,100.00
7258,57225,100.00
7259,34592,100.00
7260,50775,0.00
7261,60518,0.00
7262,61198,0.00
7263,56150,0.00
7264,53358,0.00
7265,66065,0.00
7266,45584,100.00
7267,42113,100.00
7268,23217,0.00
7269,55267,100.00
7270,58341,100.00
7271,25577,100.00
7272,23531,100.00
7273,28611,100.00
7274,32955,100.00
7275,52090,0.00
7276,51389,0.00
7277,49498,0.00
7278,45114,0.00
7279,59135,50.00
7280,56414,100.00
7281,55071,100.00
7282,42322,100.00
7283,20876,0.00
7284,25964,100.00
7285,25855,100.00
7286,54514,100.00
7287,58574,100.00
7288,41867,100.00
7289,53390,0.00
7290,54435,0.00
7291,73416,0.00
7292,52392,0.00
7293,68588,100.00
7294,35246,100.00
7295,20188,0.00
7296,27430,100.00
7297,55144,100.00
7298,50067,100.00
7299,33106,100.00
7300,24837,100.00
7301,32270,100.00
7302,30840,100.00
7303,50624,0.00
7304,51790,0.00
7305,56619,0.00
7306,57733,0.00
7307,58031,0.00
7308,66176,50.00
7309,63263,100.00
7310,19644,0.00
7311,24919,100.00
7312,22155,100.00
7313,23724,100.00
7314,26615,100.00
7315,63847,100.00
7316,61963,100.00
7317,49754,100.00
7318,25778,100.00
7319,60024,0.00
7320,61088,0.00
7321,60510,0.00
7322,64371,0.00
7323,67255,0.00
7324,71729,66.67
7325,28577,0.00
7326,56542,100.00
7327,58091,100.00
7328,22927,100.00
7329,23389,100.00
7330,22065,100.00
7331,23839,100.00
7332,25999,100.00
7333,63437,100.00
7334,55185,100.00
7335,52629,50.00
7336,54672,0.00
7337,51621,0.00
7338,54906,0.00
7339,62707,0.00
7340,69456,0.00
7341,29661,100.00
7342,24886,100.00
7343,27493,100.00
7344,44162,100.00
7345,50629,100.00
7346,24965,100.00
7347,43036,0.00
7348,51073,0.00
7349,55307,0.00
7350,58289,0.00
7351,62929,75.00
7352,19629,0.00
7353,23670,100.00
7354,26522,100.00
7355,64391,100.00
7356,52451,100.00
7357,32390,100.00
7358,24174,100.00
7359,41280,100.00
7360,42035,100.00
7361,54635,100.00
7362,62879,0.00
7363,59508,0.00
7364,55611,0.00
7365,55941,0.00
7366,61026,0.00
7367,68942,0.00
7368,46778,100.00
7369,30747,100.00
7370,18874,0.00
7371,23653,100.00
7372,34315,100.00
7373,57205,100.00
7374,50757,100.00
7375,39165,100.00
7376,35092,100.00
7377,29938,100.00
7378,50875,50.00
7379,57528,0.00
7380,60446,0.00
7381,59681,0.00
7382,58084,0.00
7383,56847,0.00
7384,69621,100.00
7385,45861,0.00
7386,54843,100.00
7387,29478,100.00
7388,23219,100.00
7389,19009,100.00
7390,26959,100.00
7391,53138,100.00
7392,54625,100.00
7393,41896,100.00
7394,52122,50.00
7395,51434,0.00
7396,54412,0.00
7397,55313,0.00
7398,56310,0.00
7399,67826,50.00
7400,24528,0.00
7401,28058,100.00
7402,41795,100.00
7403,45908,100.00
7404,51213,100.00
7405,38759,100.00
7406,22416,100.00
7407,19878,100.00
7408,34446,100.00
7409,45318,100.00
7410,49509,50.00
7411,67829,0.00
7412,58125,0.00
7413,54737,0.00
7414,53708,0.00
7415,53404,0.00
7416,58443,50.00
7417,35274,100.00
7418,22788,0.00
7419,27895,100.00
7420,27335,100.00
7421,56339,100.00
7422,57031,100.00
7423,51576,0.00
7424,52228,0.00
7425,52105,0.00
7426,61195,0.00
7427,63076,50.00
7428,29020,100.00
7429,28439,100.00
7430,23296,0.00
7431,63666,100.00
7432,60566,100.00
7433,38557,100.00
7434,24075,100.00
7435,45266,100.00
7436,25241,100.00
7437,56702,50.00
7438,53969,0.00
7439,54594,0.00
7440,54987,0.00
7441,55141,0.00
7442,65039,50.00
7443,63693,100.00
7444,34895,100.00
7445,20280,0.00
7446,22347,100.00
7447,24381,100.00
7448,26365,100.00
7449,66016,100.00
7450,56669,100.00
7451,53652,100.00
7452,19479,100.00
7453,54118,0.00
7454,57476,0.00
7455,61068,0.00
7456,57344,0.00
7457,59489,0.00
7458,68932,50.00
7459,50885,100.00
7460,52679,0.00
7461,58807,100.00
7462,32537,100.00
7463,25724,100.00
7464,22507,100.00
7465,24826,100.00
7466,35262,100.00
7467,63182,100.00
7468,56804,100.00
7469,53943,0.00
7470,57415,0.00
7471,64013,0.00
7472,60516,0.00
7473,58075,0.00
7474,68353,50.00
7475,32041,0.00
7476,25725,100.00
7477,36849,100.00
7478,46998,0.00
7479,58700,100.00
7480,24226,100.00
7481,31068,0.00
7482,52475,0.00
7483,52778,0.00
7484,70147,0.00
7485,60390,100.00
7486,34295,100.00
7487,23957,0.00
7488,26054,100.00
7489,61901,100.00
7490,42639,100.00
7491,25531,100.00
7492,24598,100.00
7493,27954,100.00
7494,53444,100.00
7495,49917,100.00
7496,47337,0.00
7497,53176,0.00
7498,52271,0.00
7499,65287,0.00
7500,56851,0.00
7501,66186,50.00
7502,24513,0.00
7503,24978,100.00
7504,26137,100.00
7505,25678,0.00
7506,27419,100.00
7507,65960,100.00
7508,49964,0.00
7509,30121,100.00
7510,34135,100.00
7511,28046,0.00
7512,57410,50.00
7513,62182,0.00
7514,61379,0.00
7515,61066,0.00
7516,57249,0.00
7517,70284,50.00
7518,63266,100.00
7519,61954,100.00
7520,23510,100.00
7521,31679,100.00
7522,23204,100.00
7523,23492,100.00
7524,26581,100.00
7525,57807,100.00
7526,55002,100.00
7527,37505,100.00
7528,46386,0.00
7529,60734,0.00
7530,55636,0.00
7531,57898,0.00
7532,56601,0.00
7533,52507,0.00
7534,64173,75.00
7535,27470,0.00
7536,44741,100.00
7537,54219,100.00
7538,27209,100.00
7539,26364,100.00
7540,25993,100.00
7541,22383,100.00
7542,25660,100.00
7543,57904,100.00
7544,58610,0.00
7545,56941,0.00
7546,55804,0.00
7547,53946,0.00
7548,59551,0.00
7549,67127,50.00
7550,30670,0.00
7551,25940,100.00
7552,26693,100.00
7553,30788,100.00
7554,46648,100.00
7555,57466,100.00
7556,27010,100.00
7557,59591,50.00
7558,64347,0.00
7559,59141,0.00
7560,67647,0.00
7561,58112,100.00
7562,20546,0.00
7563,27754,100.00
7564,28247,100.00
7565,61379,0.00
7566,52870,100.00
7567,38052,100.00
7568,25283,0.00
7569,42504,100.00
7570,30740,100.00
7571,61704,0.00
7572,58234,0.00
7573,55990,0.00
7574,53667,0.00
7575,54284,0.00
7576,65084,100.00
7577,24876,0.00
7578,22710,100.00
7579,23530,100.00
7580,21186,100.00
7581,29355,100.00
7582,57094,100.00
7583,59697,100.00
7584,55212,100.00
7585,27413,100.00
7586,53762,0.00
7587,83174,0.00
7588,58626,0.00
7589,60689,0.00
7590,59458,0.00
7591,70456,50.00
7592,38009,0.00
7593,53910,100.00
7594,64211,100.00
7595,22925,0.00
7596,23657,100.00
7597,21232,100.00
7598,28115,0.00
7599,27124,100.00
7600,62030,100.00
7601,51902,0.00
7602,50322,50.00
7603,49850,0.00
7604,61903,0.00
7605,54479,0.00
7606,59038,0.00
7607,61123,0.00
7608,62725,50.00
7609,44394,100.00
7610,23258,0.00
7611,47847,100.00
7612,54476,100.00
7613,22990,0.00
7614,40797,100.00
7615,54976,0.00
7616,85368,0.00
7617,59667,0.00
7618,61069,100.00
7619,21303,0.00
7620,26980,100.00
7621,55472,100.00
7622,53177,0.00
7623,39825,100.00
7624,23988,100.00
7625,26905,0.00
7626,39964,100.00
7627,53212,100.00
7628,46978,0.00
7629,55382,0.00
7630,56510,0.00
7631,57241,0.00
7632,56002,0.00
7633,61887,0.00
7634,68599,0.00
7635,54600,100.00
7636,30965,100.00
7637,18363,0.00
7638,25202,100.00
7639,56053,100.00
7640,55824,0.00
7641,40429,100.00
7642,39858,100.00
7643,32561,0.00
7644,32218,100.00
7645,52973,0.00
7646,61110,0.00
7647,57992,0.00
7648,58017,0.00
7649,59260,0.00
7650,67224,50.00
7651,67619,100.00
7652,22536,0.00
7653,24523,100.00
7654,24873,100.00
7655,22179,100.00
7656,27078,100.00
7657,61219,100.00
7658,59693,100.00
7659,38480,100.00
7660,24335,100.00
7661,58568,0.00
7662,58886,0.00
7663,53159,0.00
7664,57612,0.00
7665,63684,0.00
7666,84031,66.67
7667,33156,0.00
7668,27740,100.00
7669,57684,100.00
7670,59673,100.00
7671,26612,100.00
7672,23405,100.00
7673,19344,100.00
7674,25042,100.00
7675,50213,100.00
7676,47004,50.00
7677,58033,0.00
7678,58538,0.00
7679,51752,0.00
7680,53432,0.00
7681,50593,0.00
7682,73924,100.00
7683,38915,100.00
7684,33432,100.00
7685,24445,0.00
7686,41617,100.00
7687,46714,100.00
7688,25097,100.00
7689,43163,50.00
7690,51998,0.00
7691,52403,0.00
7692,53978,0.00
7693,68705,66.67
7694,24520,0.00
7695,27710,100.00
7696,28867,100.00
7697,58226,100.00
7698,56008,100.00
7699,38719,100.00
7700,23965,100.00
7701,27692,100.00
7702,39233,100.00
7703,54545,0.00
7704,54786,0.00
7705,56109,0.00
7706,58745,0.00
7707,57411,0.00
7708,69153,50.00
7709,26693,0.00
7710,23090,100.00
7711,23031,100.00
7712,24795,0.00
7713,24499,100.00
7714,38023,100.00
7715,56392,0.00
7716,45787,100.00
7717,35612,100.00
7718,45072,0.00
7719,55575,0.00
7720,60021,0.00
7721,56893,0.00
7722,56704,0.00
7723,64233,0.00
7724,68290,100.00
7725,32056,100.00
7726,63086,100.00
7727,21948,0.00
7728,23221,100.00
7729,22073,100.00
7730,20708,100.00
7731,26475,100.00
7732,59717,100.00
7733,51558,100.00
7734,40135,100.00
7735,56232,0.00
7736,55055,0.00
7737,64846,0.00
7738,70042,0.00
7739,68462,0.00
7740,68426,0.00
7741,55228,100.00
7742,29794,0.00
7743,27464,100.00
7744,60661,100.00
7745,62453,100.00
7746,28351,100.00
7747,23957,100.00
7748,19810,100.00
7749,41320,50.00
7750,54258,0.00
7751,69829,0.00
7752,58153,0.00
7753,74459,50.00
7754,29882,0.00
7755,64761,100.00
7756,58364,100.00
7757,40042,100.00
7758,24319,100.00
7759,28833,100.00
7760,26011,100.00
7761,59876,100.00
7762,62064,100.00
7763,51283,0.00
7764,53725,0.00
7765,57857,0.00
7766,55031,0.00
7767,52701,0.00
7768,64847,100.00
7769,20764,0.00
7770,22667,100.00
7771,27635,100.00
7772,68198,100.00
7773,55967,100.00
7774,41601,100.00
7775,23424,100.00
7776,38733,100.00
7777,39146,100.00
7778,42958,0.00
7779,49788,0.00
7780,66005,0.00
7781,54515,0.00
7782,52555,0.00
7783,65586,100.00
7784,32242,0.00
7785,25634,100.00
7786,23859,100.00
7787,20702,0.00
7788,24774,100.00
7789,40524,100.00
7790,53507,0.00
7791,43377,100.00
7792,33946,100.00
7793,47589,0.00
7794,47522,0.00
7795,45622,0.00
7796,57177,0.00
7797,59066,0.00
7798,70028,50.00
7799,30374,0.00
7800,26580,100.00
7801,61795,100.00
7802,57536,100.00
7803,27222,100.00
7804,21740,100.00
7805,19165,100.00
7806,27448,100.00
7807,55824,100.00
7808,54701,100.00
7809,49966,0.00
7810,60714,0.00
7811,56509,0.00
7812,64811,0.00
7813,59479,0.00
7814,71982,100.00
7815,39002,100.00
7816,33836,100.00
7817,26623,0.00
7818,45839,100.00
7819,56632,100.00
7820,55193,100.00
7821,49215,0.00
7822,59451,0.00
7823,57769,0.00
7824,64880,0.00
7825,70200,100.00
7826,25323,0.00
7827,25380,100.00
7828,28712,100.00
7829,71411,100.00
7830,58146,100.00
7831,43042,100.00
7832,38160,100.00
7833,32739,100.00
7834,41312,100.00
7835,53183,100.00
7836,56889,0.00
7837,54691,0.00
7838,55350,0.00
7839,56252,0.00
7840,74879,0.00
7841,70405,50.00
7842,47936,100.00
7843,36471,100.00
7844,18660,0.00
7845,25948,100.00
7846,52926,100.00
7847,55871,100.00
7848,49891,100.00
7849,35966,100.00
7850,35477,100.00
7851,61338,0.00
7852,57969,0.00
7853,62276,0.00
7854,57676,0.00
7855,66514,50.00
7856,51681,0.00
7857,60800,100.00
7858,49508,100.00
7859,34942,0.00
7860,24254,100.00
7861,24413,100.00
7862,32585,0.00
7863,61980,100.00
7864,56918,100.00
7865,29531,0.00
7866,53910,0.00
7867,54231,0.00
7868,53593,0.00
7869,55187,0.00
7870,65180,0.00
7871,50188,100.00
7872,38169,100.00
7873,53967,100.00
7874,45275,0.00
7875,42224,100.00
7876,27842,100.00
7877,24247,100.00
7878,24085,100.00
7879,38794,50.00
7880,56513,0.00
7881,64000,0.00
7882,56971,0.00
7883,72666,0.00
7884,62288,100.00
7885,64215,100.00
7886,26339,0.00
7887,24223,100.00
7888,25925,100.00
7889,25527,100.00
7890,51133,100.00
7891,62299,100.00
7892,49583,0.00
7893,51832,0.00
7894,49458,0.00
7895,51603,0.00
7896,65701,0.00
7897,58395,100.00
7898,19757,0.00
7899,24210,100.00
7900,26552,100.00
7901,60001,100.00
7902,48311,100.00
7903,33792,100.00
7904,24889,100.00
7905,41052,100.00
7906,36665,50.00
7907,42379,0.00
7908,44117,0.00
7909,48046,0.00
7910,54160,0.00
7911,69809,50.00
7912,57983,100.00
7913,31110,100.00
7914,26129,100.00
7915,21960,100.00
7916,25821,100.00
7917,26874,100.00
7918,61401,100.00
7919,56474,100.00
7920,42761,100.00
7921,42613,0.00
7922,50983,0.00
7923,51757,0.00
7924,52907,0.00
7925,68470,0.00
7926,69861,0.00
7927,64062,100.00
7928,25530,0.00
7929,61083,100.00
7930,60322,100.00
7931,31692,100.00
7932,26698,100.00
7933,21508,100.00
7934,26300,100.00
7935,59494,100.00
7936,56678,100.00
7937,25898,0.00
7938,57270,0.00
7939,57032,0.00
7940,54546,0.00
7941,58781,0.00
7942,68415,50.00
7943,22670,0.00
7944,25182,100.00
7945,28904,100.00
7946,50217,100.00
7947,57521,100.00
7948,27976,100.00
7949,52490,0.00
7950,55256,0.00
7951,66314,0.00
7952,64308,50.00
7953,27228,100.00
7954,24593,100.00
7955,28295,0.00
7956,60416,100.00
7957,60229,100.00
7958,36965,0.00
7959,24780,100.00
7960,31571,100.00
7961,29230,0.00
7962,55932,100.00
7963,52854,100.00
7964,54583,0.00
7965,55759,0.00
7966,56897,0.00
7967,64438,0.00
7968,52590,0.00
7969,64213,100.00
7970,25027,0.00
7971,23540,100.00
7972,26765,100.00
7973,25971,100.00
7974,55611,100.00
7975,56032,100.00
7976,34979,100.00
7977,30571,100.00
7978,28010,100.00
7979,24018,100.00
7980,50098,0.00
7981,57458,0.00
7982,56189,0.00
7983,67089,0.00
7984,52574,0.00
7985,65891,50.00
7986,68416,100.00
7987,64272,100.00
7988,24221,0.00
7989,23862,100.00
7990,19855,100.00
7991,26017,100.00
7992,47326,100.00
7993,54028,100.00
7994,35980,100.00
7995,47676,100.00
7996,67822,0.00
7997,59209,0.00
7998,60886,0.00
7999,59253,0.00
8000,90531,0.00
8001,61726,100.00
8002,47375,100.00
8003,24176,0.00
8004,61428,100.00
8005,61203,100.00
8006,26773,100.00
8007,21559,100.00
8008,19429,100.00
8009,27460,100.00
8010,54626,100.00
8011,47174,100.00
8012,49052,0.00
8013,47765,0.00
8014,36816,0.00
8015,47454,0.00
8016,51203,0.00
8017,59334,100.00
8018,24395,0.00
8019,21518,100.00
8020,29278,100.00
8021,24877,100.00
8022,55219,100.00
8023,57220,100.00
8024,45819,0.00
8025,50714,0.00
8026,50484,0.00
8027,56849,0.00
8028,59437,100.00
8029,34717,100.00
8030,22787,0.00
8031,26116,100.00
8032,57395,100.00
8033,54620,100.00
8034,39932,100.00
8035,23923,100.00
8036,26344,100.00
8037,41922,100.00
8038,49899,0.00
8039,51342,0.00
8040,52644,0.00
8041,55030,0.00
8042,53799,0.00
8043,87394,100.00
8044,70777,100.00
8045,22190,0.00
8046,22962,100.00
8047,22714,100.00
8048,24457,0.00
8049,25553,100.00
8050,65492,100.00
8051,60666,0.00
8052,41522,100.00
8053,23758,100.00
8054,47647,0.00
8055,54096,0.00
8056,59783,0.00
8057,56773,0.00
8058,58872,0.00
8059,73737,66.67
8060,28968,0.00
8061,59442,100.00
8062,60221,100.00
8063,29824,100.00
8064,25098,100.00
8065,20364,100.00
8066,22703,100.00
8067,25998,100.00
8068,65461,100.00
8069,61486,100.00
8070,55444,0.00
8071,60402,0.00
8072,56842,0.00
8073,61125,0.00
8074,56878,0.00
8075,64258,0.00
8076,51337,100.00
8077,35424,100.00
8078,25383,0.00
8079,55944,100.00
8080,60885,100.00
8081,25496,100.00
8082,59055,50.00
8083,57192,0.00
8084,53026,0.00
8085,53572,0.00
8086,68957,100.00
8087,22262,0.00
8088,28078,100.00
8089,45150,100.00
8090,54733,100.00
8091,36201,100.00
8092,26491,100.00
8093,24461,100.00
8094,46007,100.00
8095,48280,100.00
8096,47866,100.00
8097,53657,0.00
8098,55412,0.00
8099,78612,0.00
8100,54110,0.00
8101,61850,0.00
8102,71825,100.00
8103,40386,100.00
8104,32882,100.00
8105,19273,0.00
8106,24158,100.00
8107,26220,100.00
8108,66405,100.00
8109,43304,100.00
8110,36293,100.00
8111,31435,100.00
8112,28256,100.00
8113,53316,0.00
8114,54003,0.00
8115,55678,0.00
8116,56968,0.00
8117,69742,0.00
8118,66839,50.00
8119,50219,100.00
8120,54790,100.00
8121,38701,100.00
8122,28010,100.00
8123,21320,100.00
8124,23543,100.00
8125,27139,100.00
8126,56609,100.00
8127,59921,100.00
8128,39104,100.00
8129,45639,100.00
8130,54266,0.00
8131,56919,0.00
8132,63593,0.00
8133,56765,0.00
8134,55927,0.00
8135,71017,100.00
8136,45519,100.00
8137,64465,100.00
8138,45736,0.00
8139,25973,100.00
8140,27776,100.00
8141,20994,100.00
8142,22374,100.00
8143,32901,100.00
8144,48997,100.00
8145,53248,0.00
8146,62378,0.00
8147,58380,0.00
8148,59319,0.00
8149,63441,0.00
8150,70379,50.00
8151,38203,100.00
8152,28814,100.00
8153,24455,0.00
8154,27092,100.00
8155,54458,100.00
8156,54071,0.00
8157,39436,100.00
8158,65982,0.00
8159,60722,0.00
8160,58816,0.00
8161,73192,66.67
8162,29844,0.00
8163,21464,100.00
8164,24621,100.00
8165,26052,100.00
8166,61748,100.00
8167,48861,100.00
8168,25047,100.00
8169,23954,100.00
8170,39291,100.00
8171,34965,50.00
8172,50975,0.00
8173,53705,0.00
8174,54330,0.00
8175,55843,0.00
8176,75533,0.00
8177,63763,0.00
8178,62855,100.00
8179,31338,100.00
8180,18228,0.00
8181,19626,100.00
8182,26205,100.00
8183,51293,0.00
8184,52482,100.00
8185,49403,100.00
8186,24098,0.00
8187,46822,50.00
8188,65773,0.00
8189,59010,0.00
8190,55778,0.00
8191,57866,0.00
8192,69804,50.00
8193,36203,100.00
8194,43828,100.00
8195,57945,100.00
8196,47460,100.00
8197,29351,100.00
8198,23683,100.00
8199,24226,100.00
8200,26797,100.00
8201,65382,100.00
8202,62336,100.00
8203,38849,100.00
8204,60592,0.00
8205,60746,0.00
8206,54346,0.00
8207,56743,0.00
8208,55691,0.00
8209,70719,100.00
8210,22413,0.00
8211,29887,100.00
8212,29114,100.00
8213,59332,100.00
8214,62482,100.00
8215,31618,100.00
8216,53431,0.00
8217,58639,0.00
8218,67274,0.00
8219,71777,66.67
8220,20486,0.00
8221,25838,100.00
8222,27414,0.00
8223,64244,100.00
8224,59769,100.00
8225,42145,0.00
8226,23645,100.00
8227,34894,100.00
8228,29709,0.00
8229,59905,100.00
8230,53555,100.00
8231,57134,0.00
8232,54655,0.00
8233,56384,0.00
8234,58595,0.00
8235,58224,0.00
8236,68540,0.00
8237,31448,100.00
8238,28237,100.00
8239,33234,100.00
8240,28083,100.00
8241,57869,100.00
8242,58550,100.00
8243,41523,100.00
8244,29466,100.00
8245,44831,100.00
8246,30166,100.00
8247,51538,0.00
8248,56115,0.00
8249,53576,0.00
8250,56465,0.00
8251,62976,0.00
8252,67169,50.00
8253,64769,100.00
8254,65427,100.00
8255,23597,0.00
8256,23733,100.00
8257,21550,100.00
8258,27379,100.00
8259,60698,100.00
8260,59568,100.00
8261,55211,100.00
8262,29567,100.00
8263,53313,0.00
8264,84398,0.00
8265,60345,0.00
8266,56594,0.00
8267,67194,0.00
8268,68250,33.33
8269,40784,100.00
8270,27598,100.00
8271,57577,100.00
8272,62927,100.00
8273,26249,100.00
8274,20889,100.00
8275,23683,100.00
8276,25886,100.00
8277,46844,100.00
8278,38960,100.00
8279,47968,0.00
8280,51709,0.00
8281,66938,0.00
8282,52407,0.00
8283,55516,0.00
8284,73902,66.67
8285,20896,0.00
8286,29235,100.00
8287,48694,100.00
8288,36799,100.00
8289,47126,50.00
8290,55993,0.00
8291,67042,0.00
8292,43784,100.00
8293,31204,100.00
8294,25564,0.00
8295,52996,100.00
8296,52958,100.00
8297,36328,100.00
8298,27440,100.00
8299,27040,100.00
8300,40822,100.00
8301,47339,0.00
8302,61864,0.00
8303,60386,0.00
8304,57092,0.00
8305,61225,0.00
8306,118529,0.00
8307,68099,100.00
8308,33809,100.00
8309,23594,0.00
8310,26235,100.00
8311,26043,100.00
8312,29091,0.00
8313,63569,100.00
8314,58845,100.00
8315,49719,0.00
8316,24846,100.00
8317,55374,0.00
8318,57643,0.00
8319,54038,0.00
8320,50873,0.00
8321,52126,0.00
8322,60322,50.00
8323,49616,100.00
8324,54230,0.00
8325,59735,100.00
8326,31574,100.00
8327,24453,100.00
8328,22591,100.00
8329,25057,100.00
8330,40178,100.00
8331,56184,100.00
8332,51297,100.00
8333,48159,50.00
8334,44304,0.00
8335,48508,0.00
8336,55600,0.00
8337,54846,0.00
8338,58255,0.00
8339,66146,50.00
8340,35359,100.00
8341,36036,100.00
8342,40772,0.00
8343,56021,100.00
8344,24029,100.00
8345,21392,100.00
8346,20881,100.00
8347,36873,100.00
8348,64939,0.00
8349,55991,0.00
8350,58048,0.00
8351,58568,0.00
8352,69825,50.00
8353,65541,100.00
8354,43180,0.00
8355,34057,100.00
8356,25851,100.00
8357,24213,100.00
8358,25212,100.00
8359,48002,100.00
8360,54145,100.00
8361,42380,100.00
8362,55379,0.00
8363,66588,0.00
8364,57794,0.00
8365,61797,0.00
8366,70175,0.00
8367,45892,100.00
8368,27447,100.00
8369,23943,0.00
8370,26210,100.00
8371,67439,100.00
8372,48718,100.00
8373,29842,100.00
8374,34719,100.00
8375,26662,100.00
8376,40162,50.00
8377,49175,0.00
8378,51444,0.00
8379,53367,0.00
8380,50131,0.00
8381,66618,0.00
8382,57147,100.00
8383,58180,100.00
8384,27024,100.00
8385,21130,100.00
8386,20392,100.00
8387,26192,100.00
8388,48286,100.00
8389,54717,100.00
8390,36523,100.00
8391,24063,100.00
8392,45727,50.00
8393,56957,0.00
8394,57940,0.00
8395,51602,0.00
8396,53921,0.00
8397,64197,33.33
8398,33576,100.00
8399,27237,0.00
8400,58712,100.00
8401,60497,100.00
8402,27008,0.00
8403,23853,100.00
8404,20250,100.00
8405,27015,0.00
8406,63154,100.00
8407,50878,100.00
8408,63636,0.00
8409,53347,0.00
8410,59626,0.00
8411,55739,0.00
8412,54827,0.00
8413,67482,75.00
8414,22935,0.00
8415,24176,100.00
8416,29807,100.00
8417,72719,100.00
8418,53473,100.00
8419,27168,100.00
8420,32021,100.00
8421,46796,0.00
8422,52416,0.00
8423,50427,0.00
8424,60045,0.00
8425,27779,100.00
8426,22027,0.00
8427,27768,100.00
8428,57426,100.00
8429,52830,100.00
8430,39582,100.00
8431,22966,100.00
8432,26018,100.00
8433,39277,100.00
8434,53798,100.00
8435,54845,0.00
8436,52460,0.00
8437,54493,0.00
8438,51956,0.00
8439,53660,0.00
8440,61980,0.00
8441,52739,50.00
8442,31682,100.00
8443,31076,100.00
8444,18320,0.00
8445,26675,100.00
8446,53694,100.00
8447,56744,100.00
8448,38571,100.00
8449,32853,100.00
8450,35105,100.00
8451,50984,0.00
8452,60755,0.00
8453,56533,0.00
8454,56673,0.00
8455,68178,50.00
8456,27316,0.00
8457,59075,100.00
8458,61688,100.00
8459,27901,0.00
8460,23493,100.00
8461,21497,100.00
8462,24058,0.00
8463,24735,100.00
8464,65936,100.00
8465,52514,0.00
8466,43975,50.00
8467,48786,0.00
8468,54094,0.00
8469,58413,0.00
8470,63813,0.00
8471,55438,0.00
8472,68232,50.00
8473,40135,100.00
8474,24675,0.00
8475,54708,100.00
8476,59162,100.00
8477,22853,0.00
8478,23231,100.00
8479,23050,100.00
8480,24209,0.00
8481,50569,50.00
8482,53926,0.00
8483,56277,0.00
8484,53789,0.00
8485,52017,0.00
8486,66668,100.00
8487,66752,100.00
8488,55713,100.00
8489,23580,0.00
8490,24657,100.00
8491,26610,100.00
8492,40416,100.00
8493,57586,100.00
8494,38461,100.00
8495,64938,0.00
8496,59409,0.00
8497,61018,0.00
8498,56730,0.00
8499,70998,50.00
8500,31091,100.00
8501,24071,100.00
8502,25900,100.00
8503,27376,100.00
8504,65270,100.00
8505,50687,100.00
8506,28452,100.00
8507,23566,100.00
8508,28790,100.00
8509,50011,50.00
8510,59039,0.00
8511,59527,0.00
8512,54536,0.00
8513,55458,0.00
8514,65315,0.00
8515,88933,100.00
8516,25437,0.00
8517,25178,100.00
8518,25161,100.00
8519,21100,0.00
8520,26258,100.00
8521,46738,100.00
8522,61102,0.00
8523,51351,100.00
8524,35713,100.00
8525,55688,0.00
8526,61914,0.00
8527,71621,0.00
8528,60155,0.00
8529,55742,0.00
8530,69136,0.00
8531,64984,100.00
8532,38956,100.00
8533,59361,100.00
8534,24933,0.00
8535,24238,100.00
8536,22414,100.00
8537,20397,100.00
8538,26225,100.00
8539,52259,100.00
8540,51097,100.00
8541,53209,100.00
8542,55787,0.00
8543,62378,0.00
8544,57849,0.00
8545,58163,0.00
8546,57063,0.00
8547,63211,100.00
8548,33574,100.00
8549,25263,0.00
8550,25325,100.00
8551,56527,100.00
8552,59247,100.00
8553,34483,100.00
8554,50350,0.00
8555,58751,0.00
8556,56372,0.00
8557,66238,50.00
8558,24006,0.00
8559,24143,100.00
8560,29899,100.00
8561,67116,100.00
8562,57598,100.00
8563,43795,100.00
8564,27517,100.00
8565,31633,100.00
8566,34417,100.00
8567,68727,100.00
8568,62218,50.00
8569,70747,0.00
8570,64027,0.00
8571,64617,0.00
8572,58098,0.00
8573,59179,0.00
8574,63205,100.00
8575,34231,100.00
8576,17870,0.00
8577,21327,100.00
8578,27356,100.00
8579,55799,100.00
8580,57973,100.00
8581,36452,100.00
8582,32046,100.00
8583,34514,100.00
8584,32741,50.00
8585,49671,0.00
8586,56792,0.00
8587,73166,0.00
8588,58522,0.00
8589,54493,0.00
8590,68711,100.00
8591,44028,0.00
8592,47388,100.00
8593,30018,100.00
8594,22940,0.00
8595,20627,100.00
8596,26891,100.00
8597,47287,0.00
8598,48568,100.00
8599,42081,100.00
8600,45026,0.00
8601,65906,0.00
8602,61528,0.00
8603,56008,0.00
8604,57824,0.00
8605,73840,0.00
8606,46498,100.00
8607,34465,100.00
8608,62219,100.00
8609,47982,0.00
8610,29518,100.00
8611,24150,100.00
8612,23909,100.00
8613,22407,100.00
8614,39942,100.00
8615,47813,100.00
8616,52185,50.00
8617,54521,0.00
8618,52791,0.00
8619,54549,0.00
8620,55631,0.00
8621,59777,0.00
8622,66081,100.00
8623,42042,100.00
8624,23917,0.00
8625,32321,100.00
8626,42449,100.00
8627,51124,100.00
8628,28831,100.00
8629,49617,0.00
8630,50921,0.00
8631,53866,0.00
8632,69788,50.00
8633,25502,0.00
8634,22090,100.00
8635,25088,100.00
8636,27093,100.00
8637,65990,100.00
8638,58393,100.00
8639,37782,100.00
8640,23115,100.00
8641,35678,100.00
8642,34491,50.00
8643,57043,0.00
8644,63974,0.00
8645,56737,0.00
8646,58805,0.00
8647,63431,0.00
8648,71359,100.00
8649,67909,100.00
8650,33890,100.00
8651,19745,0.00
8652,21603,100.00
8653,26478,100.00
8654,23798,100.00
8655,62251,100.00
8656,42836,100.00
8657,32325,100.00
8658,46163,50.00
8659,53984,0.00
8660,56056,0.00
8661,58089,0.00
8662,55813,0.00
8663,58737,0.00
8664,66910,50.00
8665,67888,100.00
8666,43599,0.00
8667,59598,100.00
8668,26705,100.00
8669,22587,100.00
8670,21348,100.00
8671,25178,100.00
8672,35789,100.00
8673,63470,100.00
8674,50706,100.00
8675,63564,0.00
8676,60834,0.00
8677,63067,0.00
8678,64783,0.00
8679,59680,0.00
8680,69126,100.00
8681,21440,0.00
8682,28976,100.00
8683,25920,100.00
8684,61679,100.00
8685,59225,100.00
8686,29871,100.00
8687,67468,0.00
8688,54620,0.00
8689,57458,0.00
8690,65935,0.00
8691,47564,100.00
8692,27917,100.00
8693,24038,0.00
8694,57800,100.00
8695,55189,100.00
8696,41654,100.00
8697,26407,100.00
8698,32912,100.00
8699,30393,100.00
8700,59302,100.00
8701,68602,0.00
8702,59941,0.00
8703,57057,0.00
8704,65121,0.00
8705,59970,0.00
8706,68792,50.00
8707,40500,100.00
8708,21170,0.00
8709,20125,100.00
8710,25157,100.00
8711,28300,100.00
8712,65586,100.00
8713,53758,100.00
8714,40999,100.00
8715,31132,100.00
8716,37940,100.00
8717,392613,0.00
8718,61386,0.00
8719,57540,0.00
8720,62415,0.00
8721,64779,0.00
8722,63909,0.00
8723,70390,100.00
8724,62336,100.00
8725,33895,100.00
8726,20774,0.00
8727,22130,100.00
8728,24082,100.00
8729,26549,100.00
8730,60965,100.00
8731,65196,100.00
8732,46505,100.00
8733,60480,100.00
8734,55728,0.00
8735,59133,0.00
8736,65394,0.00
8737,63417,0.00
8738,61434,0.00
8739,67968,100.00
8740,41453,100.00
8741,43580,0.00
8742,50220,100.00
8743,27644,100.00
8744,24161,100.00
8745,23745,100.00
8746,25412,100.00
8747,29703,100.00
8748,64520,100.00
8749,53862,0.00
8750,55689,0.00
8751,60930,0.00
8752,61402,0.00
8753,66310,0.00
8754,77787,0.00
8755,63317,100.00
8756,22518,0.00
8757,24440,100.00
8758,30807,100.00
8759,57314,100.00
8760,59941,100.00
8761,28327,100.00
8762,55932,0.00
8763,55589,0.00
8764,62488,0.00
8765,70396,66.67
8766,26274,0.00
8767,20912,100.00
8768,24599,100.00
8769,27475,100.00
8770,63656,100.00
8771,51922,100.00
8772,31461,100.00
8773,26824,100.00
8774,38315,100.00
8775,48001,66.67
8776,63555,0.00
8777,58880,0.00
8778,59730,0.00
8779,63418,0.00
8780,168947,50.00
8781,42402,0.00
8782,63003,100.00
8783,30841,100.00
8784,24522,100.00
8785,20641,100.00
8786,25464,100.00
8787,43448,100.00
8788,58607,100.00
8789,46258,100.00
8790,37162,100.00
8791,54273,50.00
8792,58254,0.00
8793,61737,0.00
8794,59602,0.00
8795,62808,0.00
8796,62073,0.00
8797,72963,66.67
8798,27790,0.00
8799,60904,100.00
8800,62390,100.00
8801,25414,100.00
8802,25692,100.00
8803,29881,100.00
8804,28018,100.00
8805,46209,100.00
8806,60898,100.00
8807,35256,100.00
8808,57735,50.00
8809,129803,0.00
8810,70707,0.00
8811,59193,0.00
8812,68292,0.00
8813,62035,0.00
8814,69225,100.00
8815,42118,100.00
8816,26257,0.00
8817,60323,100.00
8818,62301,100.00
8819,27681,100.00
8820,43967,66.67
8821,60098,0.00
8822,59856,0.00
8823,58226,0.00
8824,71440,100.00
8825,32673,0.00
8826,27654,100.00
8827,43244,100.00
8828,55440,0.00
8829,36519,100.00
8830,25149,100.00
8831,24105,0.00
8832,29218,100.00
8833,51059,100.00
8834,52280,0.00
8835,59311,50.00
8836,65133,0.00
8837,58642,0.00
8838,59343,0.00
8839,54483,0.00
8840,53485,0.00
8841,69215,100.00
8842,41367,100.00
8843,19846,0.00
8844,23914,100.00
8845,34110,100.00
8846,58325,100.00
8847,32577,100.00
8848,23084,100.00
8849,24005,100.00
8850,47473,100.00
8851,56033,0.00
8852,64901,0.00
8853,55707,0.00
8854,59729,0.00
8855,71809,0.00
8856,69781,50.00
8857,66105,100.00
8858,23418,0.00
8859,23878,100.00
8860,25198,100.00
8861,21082,100.00
8862,34279,100.00
8863,48741,100.00
8864,52994,100.00
8865,51085,100.00
8866,26500,100.00
8867,64132,0.00
8868,69052,0.00
8869,54701,0.00
8870,58021,0.00
8871,63015,0.00
8872,60559,0.00
8873,70343,100.00
8874,36428,100.00
8875,62049,100.00
8876,22619,0.00
8877,21326,100.00
8878,23882,100.00
8879,20270,100.00
8880,24104,100.00
8881,42232,100.00
8882,51958,100.00
8883,54920,0.00
8884,56390,0.00
8885,61026,0.00
8886,67052,0.00
8887,59927,0.00
8888,67724,100.00
8889,45327,100.00
8890,33910,100.00
8891,24672,0.00
8892,26015,100.00
8893,59895,100.00
8894,59253,100.00
8895,33023,50.00
8896,54033,0.00
8897,58030,0.00
8898,61607,0.00
8899,69777,50.00
8900,21803,0.00
8901,24021,100.00
8902,28622,100.00
8903,62242,100.00
8904,58515,100.00
8905,40036,100.00
8906,24114,100.00
8907,34074,100.00
8908,34431,100.00
8909,52874,0.00
8910,57088,0.00
8911,57413,0.00
8912,55590,0.00
8913,53240,0.00
8914,67820,66.67
8915,48670,0.00
8916,30862,100.00
8917,26719,100.00
8918,23065,100.00
8919,24015,100.00
8920,26043,100.00
8921,59808,100.00
8922,42634,100.00
8923,45442,100.00
8924,45256,100.00
8925,63273,0.00
8926,53562,0.00
8927,56127,0.00
8928,61728,0.00
8929,59141,0.00
8930,68648,50.00
8931,33921,100.00
8932,66227,100.00
8933,23980,0.00
8934,25706,100.00
8935,22219,100.00
8936,20919,100.00
8937,26227,100.00
8938,64447,100.00
8939,54990,100.00
8940,43109,100.00
8941,55624,0.00
8942,55126,0.00
8943,59390,0.00
8944,63587,0.00
8945,53222,0.00
8946,79878,50.00
8947,45368,100.00
8948,28778,0.00
8949,25606,100.00
8950,64842,100.00
8951,59624,100.00
8952,29621,100.00
8953,21834,100.00
8954,20039,100.00
8955,59864,50.00
8956,71053,0.00
8957,69186,0.00
8958,56859,0.00
8959,46692,66.67
8960,26028,0.00
8961,64037,100.00
8962,55184,100.00
8963,30494,100.00
8964,25695,100.00
8965,27558,100.00
8966,50334,100.00
8967,57006,100.00
8968,38064,100.00
8969,53387,0.00
8970,57462,0.00
8971,60929,0.00
8972,55291,0.00
8973,75012,0.00
8974,57240,100.00
8975,20270,0.00
8976,24642,100.00
8977,31334,100.00
8978,64621,100.00
8979,51295,100.00
8980,31922,100.00
8981,23528,100.00
8982,46174,100.00
8983,58254,100.00
8984,48809,0.00
8985,57903,0.00
8986,59896,0.00
8987,60648,0.00
8988,74012,50.00
8989,69975,100.00
8990,23782,0.00
8991,24749,100.00
8992,24652,100.00
8993,20729,100.00
8994,28179,100.00
8995,60385,100.00
8996,59916,100.00
8997,50199,100.00
8998,27710,100.00
8999,54922,0.00
9000,75614,0.00
