sample,work_ns,cpu_utilization
1,56306,50.00
2,64434,100.00
3,62992,100.00
4,33683,100.00
5,37503,100.00
6,65511,100.00
7,70611,66.67
8,57221,0.00
9,75517,66.67
10,29426,0.00
11,37784,100.00
12,64516,100.00
13,62270,100.00
14,53833,100.00
15,68963,100.00
16,69392,0.00
17,85010,33.33
18,61558,100.00
19,45585,100.00
20,26586,100.00
21,60414,100.00
22,59806,100.00
23,53877,100.00
24,51213,50.00
25,62865,0.00
26,69695,50.00
27,67031,100.00
28,47136,100.00
29,31940,100.00
30,28421,100.00
31,69920,100.00
32,58483,50.00
33,71912,0.00
34,65885,50.00
35,44553,100.00
36,31827,100.00
37,62176,100.00
38,46607,100.00
39,61817,0.00
40,71575,50.00
41,43095,100.00
42,62629,100.00
43,62172,100.00
44,36995,100.00
45,57656,100.00
46,63447,100.00
47,57473,0.00
48,56664,0.00
49,69235,100.00
50,31675,0.00
51,25399,100.00
52,65358,100.00
53,64235,100.00
54,55426,100.00
55,54101,50.00
56,57378,0.00
57,72834,66.67
58,61445,100.00
59,64705,100.00
60,39109,100.00
61,24089,100.00
62,42510,100.00
63,63464,100.00
64,51558,0.00
65,57214,0.00
66,69875,33.33
67,60622,100.00
68,47229,100.00
69,61606,100.00
70,41037,100.00
71,26567,100.00
72,52233,50.00
73,59300,0.00
74,74193,50.00
75,67678,100.00
76,27306,100.00
77,30928,100.00
78,59681,100.00
79,59866,100.00
80,54548,0.00
81,63370,33.33
82,34399,100.00
83,27456,100.00
84,55661,100.00
85,62264,100.00
86,33021,100.00
87,51237,100.00
88,45401,0.00
89,58692,0.00
90,71308,33.33
91,65342,100.00
92,28572,100.00
93,28404,100.00
94,55989,100.00
95,57291,100.00
96,56958,100.00
97,69828,50.00
98,59280,0.00
99,70264,66.67
100,60212,100.00
101,61805,100.00
102,32910,100.00
103,24414,100.00
104,51284,100.00
105,64973,100.00
106,55722,0.00
107,60251,0.00
108,69908,33.33
109,52503,100.00
110,56888,0.00
111,62613,100.00
112,50800,50.00
113,54331,0.00
114,52745,100.00
115,51129,100.00
116,51734,100.00
117,50850,100.00
118,34640,100.00
119,43717,100.00
120,51159,50.00
121,58607,0.00
122,56506,0.00
123,59652,100.00
124,26032,100.00
125,33890,100.00
126,65450,100.00
127,62305,100.00
128,51152,100.00
129,45457,66.67
130,42686,0.00
131,75847,33.33
132,68883,0.00
133,58645,100.00
134,33163,100.00
135,29864,100.00
136,66130,100.00
137,68616,100.00
138,49383,50.00
139,59663,0.00
140,67934,0.00
141,59333,100.00
142,62375,0.00
143,68048,100.00
144,38677,100.00
145,36066,100.00
146,55413,100.00
147,74526,66.67
148,59108,0.00
149,71915,33.33
150,43568,100.00
151,27465,100.00
152,32419,100.00
153,63908,100.00
154,55423,100.00
155,56787,0.00
156,63833,66.67
157,34093,100.00
158,30785,100.00
159,61649,100.00
160,44373,100.00
161,45361,100.00
162,48189,100.00
163,58100,0.00
164,65987,33.33
165,63074,100.00
166,32394,100.00
167,22143,100.00
168,27683,100.00
169,63843,100.00
170,60669,100.00
171,37404,100.00
172,53976,0.00
173,55091,0.00
174,67187,100.00
175,66526,100.00
176,24005,100.00
177,25310,100.00
178,24280,100.00
179,60948,100.00
180,60398,100.00
181,57644,0.00
182,56773,0.00
183,71123,75.00
184,29470,0.00
185,33552,100.00
186,63590,100.00
187,48004,100.00
188,55929,0.00
189,66389,66.67
190,27861,100.00
191,52420,100.00
192,57751,100.00
193,44089,100.00
194,39581,100.00
195,63660,100.00
196,60246,0.00
197,57636,0.00
198,68714,0.00
199,36901,100.00
200,21933,0.00
201,28694,100.00
202,62176,100.00
203,48792,100.00
204,47418,100.00
205,48487,66.67
206,62346,0.00
207,71463,0.00
208,68461,100.00
209,65291,100.00
210,28967,100.00
211,24660,100.00
212,58246,100.00
213,65035,100.00
214,32152,100.00
215,73564,0.00
216,62829,0.00
217,73277,66.67
218,53985,100.00
219,62582,100.00
220,30344,100.00
221,21593,100.00
222,28150,100.00
223,53845,100.00
224,65398,0.00
225,60425,0.00
226,65008,100.00
227,37657,100.00
228,27472,100.00
229,61199,100.00
230,55187,50.00
231,56544,0.00
232,63158,100.00
233,33687,100.00
234,30735,100.00
235,59253,100.00
236,45862,100.00
237,45305,100.00
238,47017,100.00
239,61493,0.00
240,69294,33.33
241,65758,100.00
242,34067,100.00
243,61598,100.00
244,64742,100.00
245,46091,100.00
246,57718,100.00
247,51064,100.00
248,53178,50.00
249,54634,0.00
250,63517,0.00
251,65045,100.00
252,58674,100.00
253,34005,100.00
254,22913,100.00
255,27940,100.00
256,61286,100.00
257,63722,100.00
258,60709,0.00
259,67970,0.00
260,66981,0.00
261,43660,100.00
262,52347,0.00
263,58865,100.00
264,36286,100.00
265,108879,0.00
266,68120,66.67
267,37927,100.00
268,61994,100.00
269,57215,100.00
270,27423,100.00
271,42029,100.00
272,57021,100.00
273,53980,50.00
274,62413,0.00
275,68637,50.00
276,31517,100.00
277,24972,100.00
278,29425,100.00
279,64273,100.00
280,43188,100.00
281,44522,100.00
282,62131,0.00
283,71046,0.00
284,81264,0.00
285,71398,100.00
286,27724,0.00
287,23651,100.00
288,27270,100.00
289,62998,100.00
290,61742,100.00
291,40105,100.00
292,61292,0.00
293,73042,0.00
294,72932,100.00
295,69012,100.00
296,25667,100.00
297,25623,100.00
298,22546,100.00
299,47419,100.00
300,48364,50.00
301,51251,0.00
302,62623,33.33
303,42881,100.00
304,34861,100.00
305,43093,100.00
306,59497,100.00
307,46359,50.00
308,55507,0.00
309,61038,100.00
310,25864,100.00
311,59167,100.00
312,63631,100.00
313,38621,100.00
314,37700,100.00
315,55965,50.00
316,59697,0.00
317,74193,66.67
318,32179,100.00
319,27253,100.00
320,24157,100.00
321,36506,100.00
322,62950,100.00
323,60572,100.00
324,54558,50.00
325,81948,0.00
326,74501,0.00
327,70772,100.00
328,62344,100.00
329,32656,100.00
330,23134,100.00
331,27393,100.00
332,69547,100.00
333,56267,100.00
334,58991,0.00
335,63966,0.00
336,68471,0.00
337,44485,100.00
338,48526,0.00
339,63549,100.00
340,42819,100.00
341,24754,100.00
342,68213,0.00
343,67433,33.33
344,47697,100.00
345,68976,100.00
346,37320,100.00
347,30563,100.00
348,40178,100.00
349,61639,100.00
350,52306,0.00
351,61150,0.00
352,70552,50.00
353,40793,100.00
354,28126,100.00
355,63046,100.00
356,50319,100.00
357,44580,100.00
358,46028,100.00
359,60196,0.00
360,57546,0.00
361,78686,100.00
362,34404,0.00
363,27264,100.00
364,26392,100.00
365,63473,100.00
366,62300,100.00
367,54326,100.00
368,64832,0.00
369,63263,0.00
370,68242,50.00
371,65142,100.00
372,59685,100.00
373,33483,100.00
374,20727,100.00
375,26729,100.00
376,63761,100.00
377,58224,0.00
378,56776,0.00
379,70257,100.00
380,30051,100.00
381,31957,100.00
382,60781,100.00
383,30036,100.00
384,55215,0.00
385,64457,75.00
386,24489,0.00
387,28266,100.00
388,63136,100.00
389,46252,100.00
390,32714,100.00
391,52929,100.00
392,68545,50.00
393,59304,0.00
394,68079,0.00
395,28853,100.00
396,25096,100.00
397,29003,100.00
398,63282,100.00
399,62239,100.00
400,36052,100.00
401,64597,0.00
402,56812,0.00
403,65464,75.00
404,58174,100.00
405,69766,100.00
406,31828,100.00
407,26242,100.00
408,50433,100.00
409,66029,100.00
410,60402,50.00
411,63590,0.00
412,66459,0.00
413,59656,100.00
414,42604,100.00
415,61497,100.00
416,34268,100.00
417,25167,100.00
418,44111,0.00
419,55164,0.00
420,67388,50.00
421,66414,100.00
422,24917,100.00
423,32607,100.00
424,43336,100.00
425,60573,100.00
426,57639,0.00
427,60638,0.00
428,67075,100.00
429,34046,100.00
430,29751,100.00
431,62940,100.00
432,43733,100.00
433,38412,100.00
434,51308,50.00
435,59735,0.00
436,69751,33.33
437,63459,100.00
438,38228,100.00
439,27810,100.00
440,33109,100.00
441,65166,100.00
442,65483,100.00
443,40107,100.00
444,59070,0.00
445,63000,0.00
446,70232,50.00
447,64769,100.00
448,23667,0.00
449,26727,100.00
450,23526,100.00
451,55653,100.00
452,59998,100.00
453,56698,0.00
454,70541,0.00
455,73694,100.00
456,32397,100.00
457,36041,100.00
458,66121,100.00
459,58406,50.00
460,61602,0.00
461,71386,100.00
462,28781,0.00
463,59439,100.00
464,64145,100.00
465,45669,100.00
466,40822,100.00
467,63841,100.00
468,57877,0.00
469,64321,0.00
470,73813,33.33
471,40792,100.00
472,22415,100.00
473,32488,100.00
474,64366,100.00
475,59496,100.00
476,54306,100.00
477,46731,100.00
478,62564,0.00
479,60780,0.00
480,67773,100.00
481,68446,100.00
482,27569,100.00
483,27959,100.00
484,39846,100.00
485,65017,100.00
486,56869,50.00
487,65473,0.00
488,62913,0.00
489,69788,100.00
490,30340,100.00
491,66454,100.00
492,32643,100.00
493,26070,100.00
494,45746,100.00
495,55393,100.00
496,58841,0.00
497,58990,0.00
498,64987,100.00
499,41023,100.00
500,27910,0.00
501,59678,100.00
502,44479,50.00
503,64738,0.00
504,73681,100.00
505,35424,100.00
506,28455,100.00
507,61716,100.00
508,51167,100.00
509,42123,100.00
510,37302,100.00
511,65212,0.00
512,61463,0.00
513,70715,75.00
514,30787,100.00
515,23660,100.00
516,27119,100.00
517,63623,100.00
518,52783,100.00
519,43602,100.00
520,52724,0.00
521,59609,0.00
522,63067,100.00
523,61309,100.00
524,28848,100.00
525,25329,100.00
526,26044,100.00
527,64621,100.00
528,49986,100.00
529,57875,0.00
530,59741,0.00
531,70414,75.00
532,30363,0.00
533,54425,100.00
534,60127,100.00
535,61856,100.00
536,59623,0.00
537,59267,100.00
538,29789,100.00
539,68022,100.00
540,60264,100.00
541,29599,100.00
542,49689,100.00
543,64057,100.00
544,73416,0.00
545,60776,0.00
546,70040,50.00
547,40685,100.00
548,23012,100.00
549,28941,100.00
550,59900,100.00
551,52921,100.00
552,49568,100.00
553,55183,66.67
554,63551,0.00
555,64469,33.33
556,59675,100.00
557,61829,100.00
558,32592,100.00
559,25378,100.00
560,48420,100.00
561,63886,100.00
562,37274,100.00
563,62012,0.00
564,57493,0.00
565,71334,100.00
566,55155,100.00
567,64657,100.00
568,27510,100.00
569,25777,100.00
570,27482,100.00
571,55006,100.00
572,55458,0.00
573,58353,0.00
574,64205,50.00
575,40925,100.00
576,27710,100.00
577,61663,100.00
578,37653,100.00
579,64753,0.00
580,73577,66.67
581,29965,100.00
582,27715,100.00
583,65537,100.00
584,46688,100.00
585,46458,100.00
586,46818,100.00
587,53764,0.00
588,64812,33.33
589,62685,100.00
590,28863,100.00
591,25902,100.00
592,26920,100.00
593,64922,100.00
594,61657,100.00
595,46785,100.00
596,59550,0.00
597,59635,0.00
598,69342,100.00
599,64391,100.00
600,31490,100.00
601,25650,100.00
602,25936,100.00
603,66971,100.00
604,62981,100.00
605,69099,33.33
606,58643,0.00
607,70940,50.00
608,31176,100.00
609,38087,100.00
610,65674,100.00
611,30835,100.00
612,59699,0.00
613,70502,66.67
614,26541,100.00
615,65186,100.00
616,63941,100.00
617,58628,100.00
618,38257,100.00
619,61226,100.00
620,57238,50.00
621,61649,0.00
622,71823,33.33
623,36543,100.00
624,23582,100.00
625,30202,100.00
626,67368,100.00
627,61949,100.00
628,36170,100.00
629,52063,100.00
630,58804,0.00
631,59907,0.00
632,68891,100.00
633,54489,100.00
634,27988,100.00
635,25040,100.00
636,64135,100.00
637,64733,100.00
638,32746,100.00
639,57244,0.00
640,59969,0.00
641,71149,75.00
642,52325,0.00
643,65343,100.00
644,36104,100.00
645,35741,100.00
646,31700,100.00
647,68003,100.00
648,56981,0.00
649,59397,0.00
650,67163,50.00
651,39850,100.00
652,31433,0.00
653,58149,100.00
654,62251,100.00
655,62842,0.00
656,70963,50.00
657,35998,100.00
658,40217,100.00
659,64610,100.00
660,58621,100.00
661,43988,100.00
662,33595,100.00
663,58922,33.33
664,60664,0.00
665,72722,100.00
666,29686,100.00
667,24600,100.00
668,24825,100.00
669,60959,100.00
670,62666,100.00
671,43969,100.00
672,58456,0.00
673,56905,0.00
674,69846,0.00
675,65332,100.00
676,66002,0.00
677,31420,100.00
678,23740,100.00
679,28491,100.00
680,62377,100.00
681,69495,100.00
682,59707,0.00
683,57087,0.00
684,67541,66.67
685,40561,100.00
686,58866,100.00
687,64250,100.00
688,28206,100.00
689,49522,100.00
690,56771,0.00
691,71398,66.67
692,66372,100.00
693,62111,100.00
694,27014,100.00
695,34701,100.00
696,59887,100.00
697,60698,50.00
698,61377,0.00
699,69490,66.67
700,29627,100.00
701,24274,100.00
702,51381,100.00
703,58720,100.00
704,42711,100.00
705,53337,100.00
706,53483,50.00
707,66872,0.00
708,70533,33.33
709,63555,100.00
710,28495,100.00
711,25975,100.00
712,28155,100.00
713,62732,100.00
714,53218,100.00
715,56041,100.00
716,59947,0.00
717,70858,33.33
718,32045,100.00
719,66058,100.00
720,30418,100.00
721,25874,100.00
722,27575,100.00
723,65283,100.00
724,54492,0.00
725,56572,0.00
726,79832,33.33
727,53575,100.00
728,34177,100.00
729,62841,100.00
730,62204,100.00
731,58335,50.00
732,72679,33.33
733,34386,100.00
734,31090,100.00
735,64213,100.00
736,60171,100.00
737,42304,100.00
738,42434,100.00
739,52399,100.00
740,60358,0.00
741,60444,0.00
742,74095,100.00
743,45658,100.00
744,22866,100.00
745,37772,100.00
746,66371,100.00
747,61362,100.00
748,55632,100.00
749,56223,0.00
750,73225,0.00
751,72445,100.00
752,81659,100.00
753,43451,100.00
754,26913,100.00
755,28427,100.00
756,66928,100.00
757,66909,100.00
758,61312,0.00
759,60774,0.00
760,70871,50.00
761,47240,100.00
762,58892,100.00
763,59863,100.00
764,35196,100.00
765,29945,100.00
766,55088,50.00
767,58490,0.00
768,68287,50.00
769,63901,100.00
770,30155,100.00
771,31651,100.00
772,60581,100.00
773,63314,100.00
774,59089,0.00
775,58569,0.00
776,61517,100.00
777,32504,100.00
778,38936,100.00
779,60777,100.00
780,46537,100.00
781,45752,100.00
782,55386,0.00
783,59182,0.00
784,68177,0.00
785,69955,100.00
786,33725,0.00
787,24477,100.00
788,28118,100.00
789,61287,100.00
790,59826,100.00
791,38825,66.67
792,66149,0.00
793,71752,33.33
794,39182,100.00
795,63307,100.00
796,46140,100.00
797,33628,100.00
798,26217,100.00
799,61591,100.00
800,60693,100.00
801,56155,0.00
802,62163,0.00
803,81816,100.00
804,32823,100.00
805,51771,100.00
806,63068,100.00
807,73184,50.00
808,55809,0.00
809,64822,100.00
810,26569,0.00
811,62338,100.00
812,59789,100.00
813,28515,100.00
814,53147,100.00
815,61914,100.00
816,55662,0.00
817,69773,0.00
818,72050,50.00
819,58848,100.00
820,23621,100.00
821,27179,100.00
822,62622,100.00
823,50163,100.00
824,46832,100.00
825,52260,100.00
826,58319,0.00
827,67302,33.33
828,61649,100.00
829,62040,100.00
830,35037,100.00
831,25477,100.00
832,61599,100.00
833,63149,100.00
834,50404,0.00
835,71766,0.00
836,66221,0.00
837,60098,100.00
838,54202,0.00
839,63365,100.00
840,28498,100.00
841,25954,100.00
842,28387,100.00
843,62161,100.00
844,61670,0.00
845,61962,0.00
846,67948,100.00
847,55458,100.00
848,28197,100.00
849,64779,100.00
850,49261,66.67
851,56747,0.00
852,70696,100.00
853,35744,100.00
854,28160,100.00
855,62830,100.00
856,50008,100.00
857,37755,100.00
858,38527,100.00
859,61223,0.00
860,58158,0.00
861,71956,100.00
862,25838,100.00
863,25135,100.00
864,24844,100.00
865,68014,100.00
866,64278,100.00
867,40915,100.00
868,53724,0.00
869,57625,0.00
870,69143,50.00
871,64357,100.00
872,56049,100.00
873,35059,100.00
874,22086,100.00
875,39702,100.00
876,64354,100.00
877,57566,50.00
878,57373,0.00
879,69832,33.33
880,29293,100.00
881,36277,100.00
882,65090,100.00
883,31160,100.00
884,60570,0.00
885,68429,100.00
886,28021,100.00
887,44729,100.00
888,59041,100.00
889,49487,100.00
890,46835,100.00
891,61912,100.00
892,59249,33.33
893,62501,0.00
894,72460,0.00
895,40122,100.00
896,24491,0.00
897,31509,100.00
898,66504,100.00
899,60305,100.00
900,40815,100.00
901,47557,100.00
902,58179,0.00
903,61138,0.00
904,68336,66.67
905,67738,100.00
906,25747,100.00
907,29711,100.00
908,61542,100.00
909,64682,100.00
910,37356,100.00
911,64700,0.00
912,68275,0.00
913,76367,100.00
914,44724,100.00
915,64282,100.00
916,36110,100.00
917,27364,100.00
918,38276,100.00
919,51156,100.00
920,57356,0.00
921,61271,0.00
922,61753,100.00
923,39840,100.00
924,27476,0.00
925,63681,100.00
926,32689,50.00
927,63077,0.00
928,66046,100.00
929,32903,100.00
930,28153,100.00
931,76002,100.00
932,71166,100.00
933,33532,100.00
934,30254,100.00
935,61782,0.00
936,58233,0.00
937,73212,75.00
938,27794,100.00
939,29835,100.00
940,28462,100.00
941,66977,100.00
942,61073,100.00
943,46477,100.00
944,59861,0.00
945,63171,0.00
946,72690,50.00
947,72839,100.00
948,64465,100.00
949,36825,100.00
950,25608,100.00
951,32556,100.00
952,65500,100.00
953,53407,66.67
954,58643,0.00
955,64509,0.00
956,66334,100.00
957,48771,100.00
958,59354,100.00
959,64690,100.00
960,58699,50.00
961,65613,50.00
962,26317,100.00
963,30856,100.00
964,81645,100.00
965,49820,100.00
966,32227,100.00
967,40420,100.00
968,61216,100.00
969,76471,0.00
970,61544,0.00
971,69961,66.67
972,31103,100.00
973,25221,100.00
974,57639,100.00
975,61387,100.00
976,47252,100.00
977,57143,100.00
978,65203,0.00
979,67337,0.00
980,74732,0.00
981,66968,100.00
982,27103,0.00
983,22448,100.00
984,27621,100.00
985,65354,100.00
986,58808,100.00
987,50776,66.67
988,54612,0.00
989,68264,33.33
990,39054,100.00
991,61644,100.00
992,63131,100.00
993,28845,100.00
994,34409,100.00
995,60754,100.00
996,57835,50.00
997,61771,0.00
998,67662,50.00
999,46272,100.00
1000,77397,100.00
1001,59366,100.00
1002,65857,100.00
1003,62131,0.00
1004,71599,33.33
1005,33779,100.00
1006,32381,100.00
1007,63451,100.00
1008,62455,100.00
1009,33649,100.00
1010,62262,100.00
1011,61082,66.67
1012,59927,0.00
1013,74066,66.67
1014,46608,0.00
1015,34579,100.00
1016,23755,100.00
1017,30398,100.00
1018,59871,100.00
1019,57037,100.00
1020,65815,50.00
1021,59606,0.00
1022,70704,0.00
1023,69565,100.00
1024,61075,100.00
1025,33844,100.00
1026,23120,100.00
1027,27944,100.00
1028,65633,100.00
1029,63510,100.00
1030,57605,0.00
1031,60837,0.00
1032,70888,50.00
1033,43835,100.00
1034,52070,100.00
1035,66198,100.00
1036,33709,100.00
1037,22513,100.00
1038,58126,0.00
1039,69113,50.00
1040,54575,100.00
1041,63642,100.00
1042,47499,100.00
1043,35411,100.00
1044,71115,100.00
1045,66951,100.00
1046,54084,50.00
1047,57733,0.00
1048,69349,33.33
1049,47122,100.00
1050,28807,100.00
1051,44631,100.00
1052,57515,100.00
1053,50144,100.00
1054,55928,100.00
1055,50948,100.00
1056,53834,0.00
1057,76129,33.33
1058,63100,100.00
1059,35255,100.00
1060,26446,100.00
1061,36403,100.00
1062,62748,100.00
1063,61144,100.00
1064,40888,100.00
1065,63172,0.00
1066,69270,0.00
1067,66518,75.00
1068,63502,100.00
1069,68767,100.00
1070,38047,100.00
1071,28821,100.00
1072,61309,100.00
1073,56516,100.00
1074,58475,0.00
1075,74734,33.33
1076,30798,100.00
1077,30093,100.00
1078,45887,100.00
1079,62263,100.00
1080,55168,50.00
1081,73595,0.00
1082,66895,100.00
1083,36837,100.00
1084,57185,100.00
1085,67301,100.00
1086,29070,100.00
1087,44448,100.00
1088,56741,100.00
1089,60628,50.00
1090,58914,0.00
1091,70295,50.00
1092,32001,100.00
1093,25599,100.00
1094,29521,100.00
1095,62663,100.00
1096,48180,100.00
1097,51860,100.00
1098,56182,0.00
1099,59766,0.00
1100,68890,66.67
1101,63889,100.00
1102,27395,100.00
1103,28101,100.00
1104,26810,100.00
1105,68299,100.00
1106,58477,100.00
1107,68190,50.00
1108,73985,0.00
1109,69970,66.67
1110,34464,100.00
1111,55268,100.00
1112,63114,100.00
1113,34209,100.00
1114,21390,100.00
1115,56800,50.00
1116,63546,0.00
1117,72294,66.67
1118,60090,100.00
1119,44971,100.00
1120,35729,100.00
1121,49940,100.00
1122,63904,100.00
1123,55722,33.33
1124,56623,0.00
1125,73933,100.00
1126,24065,100.00
1127,30252,100.00
1128,65441,100.00
1129,44370,100.00
1130,43449,100.00
1131,53181,100.00
1132,63509,0.00
1133,57756,0.00
1134,74405,100.00
1135,46565,100.00
1136,22340,0.00
1137,27104,100.00
1138,62196,100.00
1139,60274,100.00
1140,41166,50.00
1141,71437,0.00
1142,57661,0.00
1143,70220,100.00
1144,65676,100.00
1145,66388,100.00
1146,31818,100.00
1147,29177,100.00
1148,41426,100.00
1149,65063,100.00
1150,63943,0.00
1151,64632,0.00
1152,67818,50.00
1153,38795,100.00
1154,26304,100.00
1155,66708,100.00
1156,53986,50.00
1157,62815,0.00
1158,70110,100.00
1159,34876,100.00
1160,56548,100.00
1161,61343,100.00
1162,42894,100.00
1163,40329,100.00
1164,67727,100.00
1165,63224,33.33
1166,64566,0.00
1167,72694,50.00
1168,31235,100.00
1169,28033,100.00
1170,32799,100.00
1171,62396,100.00
1172,44421,100.00
1173,51205,100.00
1174,61485,100.00
1175,63336,0.00
1176,71018,33.33
1177,69029,100.00
1178,68613,100.00
1179,40375,100.00
1180,29931,100.00
1181,63875,100.00
1182,68353,100.00
1183,59714,66.67
1184,60321,0.00
1185,74987,33.33
1186,36365,100.00
1187,47804,100.00
1188,63552,100.00
1189,30741,100.00
1190,23955,100.00
1191,39220,100.00
1192,57064,100.00
1193,59394,0.00
1194,76061,0.00
1195,72727,100.00
1196,47973,0.00
1197,41414,100.00
1198,64449,100.00
1199,54725,66.67
1200,57211,0.00
1201,65728,100.00
1202,27538,100.00
1203,31286,100.00
1204,74670,100.00
1205,49370,100.00
1206,25979,100.00
1207,53207,100.00
1208,63862,0.00
1209,61638,0.00
1210,72260,50.00
1211,64128,100.00
1212,42152,100.00
1213,30375,100.00
1214,62291,100.00
1215,66727,100.00
1216,50156,100.00
1217,58207,50.00
1218,61192,0.00
1219,71685,66.67
1220,45621,100.00
1221,63722,100.00
1222,33176,100.00
1223,23115,100.00
1224,30883,100.00
1225,67946,100.00
1226,57297,0.00
1227,59543,0.00
1228,66401,0.00
1229,57654,100.00
1230,31573,0.00
1231,65727,100.00
1232,64526,100.00
1233,52221,50.00
1234,67853,0.00
1235,57469,100.00
1236,31322,100.00
1237,64806,100.00
1238,49735,100.00
1239,31810,100.00
1240,49240,100.00
1241,52814,100.00
1242,58477,0.00
1243,59107,0.00
1244,69686,100.00
1245,49134,100.00
1246,27522,0.00
1247,51137,100.00
1248,60838,100.00
1249,47625,100.00
1250,52869,100.00
1251,52144,33.33
1252,57966,0.00
1253,73234,66.67
1254,59373,100.00
1255,37865,100.00
1256,27765,100.00
1257,31086,100.00
1258,58171,100.00
1259,62463,100.00
1260,55318,50.00
1261,59874,0.00
1262,70363,33.33
1263,41830,100.00
1264,60404,100.00
1265,60690,100.00
1266,32845,100.00
1267,26691,100.00
1268,55456,100.00
1269,55065,100.00
1270,56101,0.00
1271,68022,50.00
1272,38601,100.00
1273,31666,100.00
1274,36097,100.00
1275,62605,100.00
1276,56455,50.00
1277,55828,0.00
1278,68571,100.00
1279,36561,100.00
1280,43768,100.00
1281,61447,100.00
1282,45654,100.00
1283,45399,100.00
1284,53370,50.00
1285,58033,0.00
1286,68927,0.00
1287,67155,100.00
1288,27592,100.00
1289,22249,100.00
1290,28347,100.00
1291,63456,100.00
1292,63423,100.00
1293,59206,50.00
1294,63726,0.00
1295,70792,50.00
1296,35677,100.00
1297,64936,100.00
1298,32657,100.00
1299,28633,100.00
1300,66508,0.00
1301,65666,100.00
1302,63978,100.00
1303,49738,100.00
1304,70988,0.00
1305,57757,0.00
1306,64965,0.00
1307,45334,100.00
1308,55116,0.00
1309,64854,100.00
1310,51114,100.00
1311,57720,0.00
1312,64696,50.00
1313,37533,100.00
1314,64298,100.00
1315,59891,100.00
1316,33244,100.00
1317,45096,100.00
1318,61525,100.00
1319,55017,50.00
1320,57409,0.00
1321,70849,66.67
1322,30148,0.00
1323,24904,100.00
1324,28515,100.00
1325,62476,100.00
1326,49194,100.00
1327,50739,100.00
1328,46892,50.00
1329,55112,0.00
1330,67782,0.00
1331,69847,100.00
1332,29063,100.00
1333,25379,100.00
1334,27371,100.00
1335,65711,100.00
1336,59943,100.00
1337,38292,100.00
1338,53541,0.00
1339,59539,0.00
1340,69498,66.67
1341,66518,100.00
1342,27297,100.00
1343,26011,100.00
1344,22895,100.00
1345,42272,100.00
1346,63857,100.00
1347,58464,0.00
1348,63861,0.00
1349,60719,100.00
1350,30920,100.00
1351,29033,100.00
1352,61442,100.00
1353,62480,100.00
1354,59645,0.00
1355,67711,75.00
1356,23121,100.00
1357,42955,100.00
1358,59358,100.00
1359,46099,100.00
1360,33525,100.00
1361,45254,100.00
1362,57579,0.00
1363,69427,33.33
1364,59403,100.00
1365,32860,100.00
1366,26864,100.00
1367,30212,100.00
1368,62005,100.00
1369,52002,100.00
1370,26865,66.67
1371,58163,0.00
1372,58110,0.00
1373,60812,100.00
1374,59259,100.00
1375,47114,100.00
1376,32930,100.00
1377,25030,100.00
1378,63035,100.00
1379,65222,100.00
1380,60786,0.00
1381,60379,0.00
1382,69017,50.00
1383,41144,100.00
1384,40516,100.00
1385,64845,100.00
1386,32095,100.00
1387,31352,100.00
1388,57094,0.00
1389,58135,0.00
1390,69755,100.00
1391,65345,100.00
1392,38039,100.00
1393,26960,100.00
1394,32591,100.00
1395,65963,100.00
1396,65381,50.00
1397,59044,0.00
1398,69261,50.00
1399,34231,100.00
1400,31220,100.00
1401,62860,100.00
1402,53200,100.00
1403,29080,100.00
1404,53128,100.00
1405,59491,0.00
1406,63021,0.00
1407,71465,100.00
1408,25293,100.00
1409,23950,100.00
1410,24343,100.00
1411,60615,100.00
1412,64391,100.00
1413,54964,100.00
1414,59673,0.00
1415,61701,0.00
1416,71869,0.00
1417,68129,100.00
1418,64021,0.00
1419,32404,100.00
1420,25422,100.00
1421,34043,100.00
1422,66294,100.00
1423,59472,33.33
1424,63336,0.00
1425,69716,100.00
1426,27812,0.00
1427,32658,100.00
1428,64813,100.00
1429,24132,100.00
1430,59002,0.00
1431,71318,66.67
1432,25701,100.00
1433,29283,100.00
1434,63549,100.00
1435,51427,100.00
1436,34809,100.00
1437,49980,100.00
1438,58099,50.00
1439,61202,0.00
1440,70756,33.33
1441,29122,100.00
1442,29755,100.00
1443,26714,100.00
1444,63605,100.00
1445,63609,100.00
1446,55981,100.00
1447,59634,50.00
1448,57161,0.00
1449,70357,66.67
1450,54016,0.00
1451,63907,100.00
1452,34086,100.00
1453,22611,100.00
1454,28712,100.00
1455,66887,100.00
1456,51877,50.00
1457,57283,0.00
1458,60839,0.00
1459,75813,100.00
1460,35305,0.00
1461,65234,100.00
1462,27877,100.00
1463,24831,100.00
1464,24889,100.00
1465,62789,0.00
1466,71017,0.00
1467,69929,100.00
1468,36018,0.00
1469,36754,100.00
1470,36707,100.00
1471,65489,100.00
1472,59148,100.00
1473,72878,0.00
1474,71015,0.00
1475,59020,100.00
1476,28544,0.00
1477,64583,100.00
1478,67546,100.00
1479,50231,100.00
1480,55827,100.00
1481,52348,66.67
1482,57859,0.00
1483,72046,50.00
1484,64701,100.00
1485,34472,100.00
1486,24309,100.00
1487,29400,100.00
1488,59493,100.00
1489,61582,100.00
1490,49797,50.00
1491,58838,0.00
1492,69106,33.33
1493,42816,100.00
1494,63574,100.00
1495,26428,100.00
1496,25000,100.00
1497,29868,100.00
1498,60256,100.00
1499,54843,100.00
1500,60107,0.00
1501,70840,0.00
1502,66183,100.00
1503,44275,100.00
1504,49704,0.00
1505,67973,100.00
1506,53914,50.00
1507,65772,0.00
1508,22882,100.00
1509,26368,100.00
1510,63170,100.00
1511,62325,100.00
1512,29396,100.00
1513,41142,100.00
1514,59139,100.00
1515,59102,0.00
1516,57315,0.00
1517,65054,75.00
1518,26606,0.00
1519,26495,100.00
1520,30517,100.00
1521,62032,100.00
1522,46108,100.00
1523,48371,100.00
1524,55060,50.00
1525,59999,0.00
1526,67231,0.00
1527,66778,100.00
1528,28599,100.00
1529,31679,100.00
1530,29003,100.00
1531,63384,100.00
1532,64441,100.00
1533,61134,50.00
1534,59865,0.00
1535,74704,33.33
1536,36889,100.00
1537,62472,100.00
1538,64781,100.00
1539,41904,100.00
1540,26049,100.00
1541,59819,100.00
1542,63560,0.00
1543,78504,0.00
1544,71060,0.00
1545,69533,100.00
1546,30188,0.00
1547,29555,100.00
1548,63797,100.00
1549,58993,50.00
1550,67807,0.00
1551,57910,100.00
1552,26786,100.00
1553,51039,100.00
1554,60973,100.00
1555,47794,100.00
1556,49064,100.00
1557,52008,66.67
1558,54393,0.00
1559,74041,50.00
1560,66076,100.00
1561,41243,100.00
1562,25072,100.00
1563,30445,100.00
1564,62150,100.00
1565,58568,100.00
1566,50364,0.00
1567,56265,0.00
1568,72926,33.33
1569,40446,100.00
1570,63791,100.00
1571,31866,100.00
1572,27076,100.00
1573,27564,100.00
1574,66002,100.00
1575,54873,100.00
1576,53820,0.00
1577,63142,0.00
1578,65273,100.00
1579,47282,100.00
1580,64469,100.00
1581,66254,100.00
1582,61101,50.00
1583,69070,33.33
1584,26902,100.00
1585,29228,100.00
1586,64933,100.00
1587,62436,100.00
1588,31770,100.00
1589,46407,100.00
1590,53554,100.00
1591,59053,0.00
1592,65946,0.00
1593,67988,66.67
1594,27233,100.00
1595,25596,100.00
1596,44429,100.00
1597,62372,100.00
1598,41840,100.00
1599,56911,100.00
1600,55535,0.00
1601,55830,0.00
1602,68942,50.00
1603,66360,100.00
1604,31085,100.00
1605,24185,100.00
1606,27444,100.00
1607,65438,100.00
1608,64738,100.00
1609,54971,66.67
1610,62173,0.00
1611,72393,33.33
1612,31924,100.00
1613,64163,100.00
1614,57261,100.00
1615,33111,100.00
1616,31428,100.00
1617,53273,100.00
1618,53674,0.00
1619,72655,0.00
1620,67220,0.00
1621,63275,100.00
1622,31168,0.00
1623,32156,100.00
1624,62124,100.00
1625,63743,50.00
1626,61149,0.00
1627,65984,100.00
1628,26367,100.00
1629,48331,100.00
1630,60708,100.00
1631,47792,100.00
1632,52999,100.00
1633,39539,66.67
1634,58694,0.00
1635,75893,33.33
1636,66852,100.00
1637,35172,100.00
1638,24828,100.00
1639,31299,100.00
1640,64215,100.00
1641,60505,100.00
1642,51188,100.00
1643,66006,0.00
1644,62951,0.00
1645,70828,100.00
1646,62813,100.00
1647,59370,100.00
1648,57093,100.00
1649,33759,100.00
1650,55802,100.00
1651,62044,100.00
1652,58204,0.00
1653,57639,0.00
1654,71398,50.00
1655,41210,100.00
1656,31743,100.00
1657,62063,100.00
1658,26952,100.00
1659,55121,0.00
1660,69075,50.00
1661,35312,100.00
1662,57406,100.00
1663,59448,100.00
1664,26998,100.00
1665,35781,100.00
1666,66051,100.00
1667,55862,100.00
1668,56699,0.00
1669,71948,33.33
1670,29058,100.00
1671,25404,100.00
1672,29005,100.00
1673,64620,100.00
1674,46895,100.00
1675,46055,100.00
1676,43469,66.67
1677,61464,0.00
1678,55680,0.00
1679,72094,100.00
1680,29392,100.00
1681,28343,100.00
1682,25232,100.00
1683,61703,100.00
1684,65828,100.00
1685,28680,100.00
1686,68126,0.00
1687,57610,0.00
1688,67364,100.00
1689,65066,100.00
1690,62791,100.00
1691,32299,100.00
1692,20928,100.00
1693,31305,100.00
1694,53052,66.67
1695,54944,0.00
1696,64335,0.00
1697,70373,100.00
1698,31708,100.00
1699,35867,100.00
1700,63058,100.00
1701,54901,100.00
1702,60427,0.00
1703,71421,66.67
1704,28167,100.00
1705,31457,100.00
1706,65438,100.00
1707,47204,100.00
1708,48193,100.00
1709,28039,100.00
1710,55534,0.00
1711,56471,0.00
1712,68493,100.00
1713,41870,100.00
1714,22193,100.00
1715,28538,100.00
1716,61025,100.00
1717,58390,100.00
1718,27306,100.00
1719,53399,0.00
1720,53429,0.00
1721,66338,66.67
1722,54527,100.00
1723,63300,100.00
1724,32327,100.00
1725,24160,100.00
1726,49394,100.00
1727,62973,100.00
1728,56519,50.00
1729,70834,0.00
1730,69165,50.00
1731,54150,100.00
1732,28913,100.00
1733,63633,100.00
1734,34033,100.00
1735,23126,100.00
1736,60719,0.00
1737,57823,0.00
1738,68124,66.67
1739,67321,100.00
1740,43935,100.00
1741,29747,100.00
1742,30700,100.00
1743,68330,100.00
1744,59160,50.00
1745,62153,0.00
1746,64006,50.00
1747,36804,100.00
1748,25427,100.00
1749,62587,100.00
1750,57564,100.00
1751,29664,100.00
1752,47551,100.00
1753,57575,33.33
1754,58533,0.00
1755,71553,100.00
1756,25821,100.00
1757,29724,100.00
1758,25170,100.00
1759,37107,100.00
1760,56668,100.00
1761,55246,100.00
1762,52717,50.00
1763,51780,0.00
1764,66720,33.33
1765,53753,100.00
1766,61066,100.00
1767,45734,100.00
1768,20784,100.00
1769,28197,100.00
1770,66720,100.00
1771,52121,0.00
1772,58672,0.00
1773,75809,75.00
1774,27046,100.00
1775,33328,100.00
1776,64685,100.00
1777,61490,100.00
1778,56101,0.00
1779,71273,66.67
1780,26166,0.00
1781,30561,100.00
1782,66619,100.00
1783,58450,100.00
1784,29063,100.00
1785,53189,100.00
1786,57082,50.00
1787,60724,0.00
1788,62546,0.00
1789,72783,100.00
1790,29228,0.00
1791,26786,100.00
1792,48192,100.00
1793,57594,100.00
1794,44434,100.00
1795,75738,66.67
1796,56184,0.00
1797,69697,66.67
1798,45348,0.00
1799,59018,100.00
1800,29915,100.00
1801,29867,100.00
1802,29570,100.00
1803,67228,100.00
1804,44609,100.00
1805,68248,0.00
1806,58896,0.00
1807,70125,75.00
1808,33089,100.00
1809,62859,100.00
1810,54814,100.00
1811,34621,100.00
1812,31126,100.00
1813,58973,0.00
1814,62008,0.00
1815,72045,75.00
1816,32075,100.00
1817,30811,100.00
1818,37878,100.00
1819,61820,100.00
1820,53755,100.00
1821,61830,0.00
1822,72062,0.00
1823,71868,100.00
1824,27185,100.00
1825,59728,100.00
1826,62407,100.00
1827,43892,100.00
1828,55155,100.00
1829,50129,50.00
1830,64174,0.00
1831,73235,50.00
1832,67823,100.00
1833,34724,100.00
1834,25072,100.00
1835,38007,100.00
1836,66811,100.00
1837,53699,100.00
1838,54446,100.00
1839,66594,0.00
1840,73156,33.33
1841,42756,100.00
1842,61739,100.00
1843,61517,100.00
1844,31931,100.00
1845,31653,100.00
1846,67632,100.00
1847,51520,100.00
1848,61831,0.00
1849,64597,0.00
1850,71603,66.67
1851,48753,100.00
1852,27904,100.00
1853,64250,100.00
1854,52566,50.00
1855,52020,0.00
1856,60384,100.00
1857,33015,100.00
1858,49732,100.00
1859,61386,100.00
1860,29275,100.00
1861,48609,100.00
1862,55527,100.00
1863,57927,0.00
1864,57903,0.00
1865,64600,66.67
1866,32586,100.00
1867,23562,100.00
1868,26967,100.00
1869,59656,100.00
1870,46520,100.00
1871,48471,100.00
1872,47487,0.00
1873,60014,0.00
1874,69325,0.00
1875,69758,100.00
1876,27590,0.00
1877,24678,100.00
1878,24133,100.00
1879,61839,100.00
1880,64496,100.00
1881,67491,66.67
1882,63215,0.00
1883,70721,50.00
1884,35872,100.00
1885,62513,100.00
1886,62701,100.00
1887,41128,100.00
1888,23927,100.00
1889,49056,100.00
1890,60216,50.00
1891,59995,0.00
1892,65122,33.33
1893,47240,100.00
1894,31047,100.00
1895,33643,100.00
1896,61119,100.00
1897,49944,66.67
1898,59807,0.00
1899,64104,100.00
1900,26459,100.00
1901,32173,100.00
1902,59992,100.00
1903,46431,100.00
1904,46897,100.00
1905,51124,100.00
1906,68396,0.00
1907,73552,50.00
1908,62279,100.00
1909,36352,100.00
1910,25820,100.00
1911,28727,100.00
1912,65749,100.00
1913,62991,100.00
1914,26929,100.00
1915,60351,0.00
1916,59151,0.00
1917,73446,75.00
1918,60265,0.00
1919,64833,100.00
1920,37168,100.00
1921,25237,100.00
1922,44205,100.00
1923,57306,100.00
1924,55583,0.00
1925,56299,0.00
1926,71893,50.00
1927,39799,100.00
1928,28280,100.00
1929,62274,100.00
1930,46585,100.00
1931,58396,0.00
1932,68684,0.00
1933,35706,100.00
1934,38862,0.00
1935,62682,100.00
1936,41736,100.00
1937,35275,100.00
1938,54245,100.00
1939,63876,50.00
1940,58199,0.00
1941,72718,50.00
1942,28544,100.00
1943,23664,100.00
1944,29654,100.00
1945,69734,100.00
1946,55605,100.00
1947,51729,100.00
1948,43316,100.00
1949,57302,0.00
1950,54637,0.00
1951,72278,100.00
1952,36126,100.00
1953,32163,100.00
1954,22398,100.00
1955,28079,100.00
1956,62927,100.00
1957,56641,100.00
1958,55643,0.00
1959,58313,0.00
1960,66640,50.00
1961,62067,100.00
1962,59723,100.00
1963,35539,100.00
1964,25825,100.00
1965,32901,100.00
1966,68846,100.00
1967,53877,33.33
1968,57943,0.00
1969,66302,100.00
1970,28723,100.00
1971,30531,100.00
1972,57132,100.00
1973,60604,100.00
1974,54950,0.00
1975,67075,66.67
1976,22057,100.00
1977,26960,100.00
1978,62807,100.00
1979,61493,100.00
1980,26598,100.00
1981,47189,100.00
1982,49986,0.00
1983,56859,0.00
1984,67575,50.00
1985,66410,100.00
1986,27303,100.00
1987,24869,100.00
1988,52061,100.00
1989,65290,100.00
1990,39764,100.00
1991,57402,50.00
1992,57164,0.00
1993,66790,50.00
1994,28373,100.00
1995,61691,100.00
1996,32892,100.00
1997,24115,100.00
1998,27688,100.00
1999,64397,100.00
2000,72590,50.00
2001,54235,0.00
2002,63034,0.00
2003,70605,100.00
2004,36732,100.00
2005,63173,100.00
2006,60797,100.00
2007,73238,50.00
2008,73866,0.00
2009,45148,100.00
2010,31253,100.00
2011,65638,100.00
2012,45865,100.00
2013,32115,100.00
2014,35188,100.00
2015,66815,100.00
2016,57321,0.00
2017,56101,0.00
2018,68518,33.33
2019,41408,100.00
2020,25317,100.00
2021,39166,100.00
2022,71613,100.00
2023,45375,100.00
2024,55174,100.00
2025,53225,100.00
2026,56912,0.00
2027,67425,33.33
2028,61795,100.00
2029,37747,100.00
2030,26775,100.00
2031,29708,100.00
2032,64589,100.00
2033,61846,100.00
2034,35277,100.00
2035,62870,0.00
2036,60760,0.00
2037,74013,66.67
2038,57312,100.00
2039,67679,100.00
2040,31060,100.00
2041,25410,100.00
2042,30583,100.00
2043,56140,100.00
2044,71735,0.00
2045,63994,0.00
2046,66887,100.00
2047,54158,100.00
2048,29150,0.00
2049,61767,100.00
2050,45429,50.00
2051,60906,0.00
2052,69391,100.00
2053,34688,100.00
2054,28808,100.00
2055,65923,100.00
2056,42730,100.00
2057,41995,100.00
2058,33507,100.00
2059,58025,0.00
2060,61545,0.00
2061,71825,100.00
2062,30252,100.00
2063,24711,100.00
2064,28532,100.00
2065,66359,100.00
2066,59732,100.00
2067,39288,66.67
2068,58281,0.00
2069,80087,0.00
2070,67872,100.00
2071,67267,100.00
2072,23540,100.00
2073,23842,100.00
2074,23987,100.00
2075,61627,100.00
2076,61233,100.00
2077,49501,50.00
2078,62492,0.00
2079,69895,50.00
2080,27652,0.00
2081,32805,100.00
2082,62222,100.00
2083,33100,100.00
2084,26573,100.00
2085,58791,50.00
2086,63146,0.00
2087,73223,100.00
2088,59522,0.00
2089,53719,100.00
2090,29716,100.00
2091,30215,100.00
2092,63572,100.00
2093,56220,50.00
2094,71089,0.00
2095,64871,75.00
2096,21867,0.00
2097,26723,100.00
2098,61922,100.00
2099,57638,100.00
2100,44273,100.00
2101,44407,100.00
2102,58435,0.00
2103,58524,0.00
2104,71747,50.00
2105,68510,100.00
2106,28787,0.00
2107,24928,100.00
2108,53675,100.00
2109,62344,100.00
2110,42419,100.00
2111,61418,50.00
2112,58126,0.00
2113,75574,75.00
2114,52686,0.00
2115,62010,100.00
2116,34828,100.00
2117,26610,100.00
2118,27883,100.00
2119,67454,100.00
2120,54280,0.00
2121,57315,0.00
2122,73753,100.00
2123,43026,100.00
2124,27796,0.00
2125,65741,100.00
2126,28026,50.00
2127,58411,0.00
2128,67464,50.00
2129,34489,100.00
2130,31139,100.00
2131,69688,100.00
2132,51589,100.00
2133,30168,100.00
2134,52782,100.00
2135,58477,100.00
2136,62130,0.00
2137,71685,33.33
2138,36538,100.00
2139,31178,100.00
2140,26668,100.00
2141,61168,100.00
2142,65797,100.00
2143,48673,100.00
2144,59928,50.00
2145,69358,0.00
2146,72925,33.33
2147,69539,100.00
2148,63370,100.00
2149,33579,100.00
2150,26340,100.00
2151,38069,100.00
2152,62248,100.00
2153,51605,100.00
2154,65867,0.00
2155,57269,0.00
2156,72839,100.00
2157,42223,100.00
2158,60385,100.00
2159,61252,100.00
2160,35921,100.00
2161,33750,100.00
2162,58450,0.00
2163,56958,0.00
2164,73860,100.00
2165,61786,100.00
2166,26889,100.00
2167,30979,100.00
2168,56986,100.00
2169,65282,100.00
2170,56620,0.00
2171,63540,0.00
2172,63265,100.00
2173,33556,100.00
2174,27096,100.00
2175,64763,100.00
2176,46741,100.00
2177,43976,100.00
2178,28602,100.00
2179,57340,0.00
2180,64007,0.00
2181,72964,100.00
2182,29737,100.00
2183,23527,100.00
2184,26086,100.00
2185,66404,100.00
2186,65864,100.00
2187,31898,100.00
2188,59283,0.00
2189,60778,0.00
2190,72905,66.67
2191,68097,100.00
2192,23405,100.00
2193,24980,100.00
2194,23733,100.00
2195,36010,100.00
2196,65927,100.00
2197,59363,50.00
2198,57636,0.00
2199,68873,66.67
2200,31111,100.00
2201,32487,100.00
2202,66445,100.00
2203,35622,66.67
2204,60586,0.00
2205,68479,100.00
2206,26685,100.00
2207,34675,100.00
2208,64112,100.00
2209,46849,100.00
2210,38761,100.00
2211,59513,100.00
2212,58352,50.00
2213,133481,0.00
2214,72500,33.33
2215,55056,100.00
2216,36482,100.00
2217,27438,100.00
2218,61866,100.00
2219,62501,100.00
2220,54151,100.00
2221,40755,100.00
2222,62583,0.00
2223,61157,0.00
2224,74389,50.00
2225,69544,100.00
2226,31337,100.00
2227,23870,100.00
2228,30789,100.00
2229,69706,100.00
2230,54423,100.00
2231,61478,50.00
2232,70257,0.00
2233,70988,66.67
2234,36437,100.00
2235,67054,100.00
2236,61863,100.00
2237,33311,100.00
2238,34976,100.00
2239,54564,100.00
2240,60751,50.00
2241,154995,0.00
2242,75812,0.00
2243,70814,100.00
2244,176027,100.00
2245,69849,100.00
2246,74666,0.00
2247,73378,100.00
2248,68830,100.00
2249,72142,100.00
2250,73859,0.00
2251,59943,0.00
2252,75426,50.00
2253,65430,100.00
2254,45670,100.00
2255,73111,100.00
2256,65554,100.00
2257,57193,100.00
2258,50286,100.00
2259,63169,100.00
2260,77602,0.00
2261,71162,0.00
2262,72639,50.00
2263,70365,100.00
2264,31111,100.00
2265,42595,100.00
2266,60155,100.00
2267,62104,100.00
2268,59950,100.00
2269,62455,0.00
2270,72682,0.00
2271,74545,50.00
2272,31881,100.00
2273,64252,100.00
2274,34892,100.00
2275,24785,100.00
2276,38487,100.00
2277,63211,100.00
2278,53489,50.00
2279,59133,0.00
2280,72299,50.00
2281,35925,100.00
2282,34668,100.00
2283,65085,100.00
2284,62994,100.00
2285,60426,33.33
2286,73014,0.00
2287,45814,100.00
2288,31840,100.00
2289,66637,100.00
2290,53312,100.00
2291,32000,100.00
2292,41683,100.00
2293,54685,100.00
2294,59163,0.00
2295,66690,0.00
2296,75474,66.67
2297,41392,100.00
2298,24962,100.00
2299,60042,100.00
2300,60265,100.00
2301,58171,100.00
2302,35549,100.00
2303,61625,50.00
2304,57974,0.00
2305,74644,50.00
2306,65884,100.00
2307,34278,100.00
2308,23770,100.00
2309,30098,100.00
2310,66171,100.00
2311,60189,100.00
2312,55964,0.00
2313,59170,0.00
2314,71542,0.00
2315,65823,100.00
2316,63529,0.00
2317,63217,100.00
2318,39116,100.00
2319,25864,100.00
2320,62103,100.00
2321,54544,50.00
2322,59506,0.00
2323,65980,66.67
2324,30239,100.00
2325,31067,100.00
2326,61950,100.00
2327,63330,100.00
2328,56576,50.00
2329,73353,33.33
2330,34911,100.00
2331,26754,100.00
2332,67173,100.00
2333,62907,100.00
2334,30938,100.00
2335,59481,100.00
2336,144319,0.00
2337,60682,0.00
2338,73961,33.33
2339,67169,100.00
2340,34218,100.00
2341,41546,100.00
2342,35507,100.00
2343,68124,100.00
2344,41123,100.00
2345,57470,100.00
2346,73240,0.00
2347,84518,33.33
2348,58094,100.00
2349,70703,100.00
2350,59763,100.00
2351,59193,100.00
2352,66356,100.00
2353,68066,100.00
2354,65282,100.00
2355,65219,66.67
2356,58301,0.00
2357,85117,0.00
2358,71094,100.00
2359,132629,100.00
2360,291206,0.00
2361,73466,100.00
2362,74253,100.00
2363,69364,0.00
2364,72030,100.00
2365,2128926,100.00
2366,75041,0.00
2367,23691,100.00
2368,49063,50.00
2369,59424,0.00
2370,49032,0.00
2371,70319,25.00
2372,28323,100.00
2373,72940,100.00
2374,72803,100.00
2375,76813,0.00
2376,20477,0.00
2377,57708,100.00
2378,71505,0.00
2379,20148,100.00
2380,68368,100.00
2381,70314,0.00
2382,28412,100.00
2383,72196,0.00
2384,41513,100.00
2385,74429,0.00
2386,20119,0.00
2387,87400,100.00
2388,67677,0.00
2389,72533,100.00
2390,60823,100.00
2391,60249,0.00
2392,64838,0.00
2393,59507,0.00
2394,59201,0.00
2395,63592,0.00
2396,71325,0.00
2397,111499,100.00
2398,71155,0.00
2399,70733,100.00
2400,71352,100.00
2401,68976,0.00
2402,72301,100.00
2403,74297,100.00
2404,77758,0.00
2405,68855,100.00
2406,72496,0.00
2407,73963,100.00
2408,76020,0.00
2409,85667,100.00
2410,71823,0.00
2411,72182,100.00
2412,76299,100.00
2413,73791,100.00
2414,70845,0.00
2415,75990,100.00
2416,120850,100.00
2417,56367,100.00
2418,77497,0.00
2419,59563,0.00
2420,61207,0.00
2421,61092,0.00
2422,61902,0.00
2423,63264,0.00
2424,61662,0.00
2425,74960,33.33
2426,73436,100.00
2427,19222,0.00
2428,17065,0.00
2429,16792,0.00
2430,67623,100.00
2431,70861,0.00
2432,72825,0.00
2433,73736,0.00
2434,72823,100.00
2435,73753,100.00
2436,73448,100.00
2437,73257,0.00
2438,73255,100.00
2439,74940,100.00
2440,72730,100.00
2441,57685,0.00
2442,59061,0.00
2443,61106,0.00
2444,59618,0.00
2445,75065,33.33
2446,74185,100.00
2447,71733,0.00
2448,69839,0.00
2449,70678,100.00
2450,70570,0.00
2451,74880,100.00
2452,189913,0.00
2453,71334,100.00
2454,71101,0.00
2455,73158,100.00
2456,69206,0.00
2457,69488,100.00
2458,70101,0.00
2459,76188,100.00
2460,77057,100.00
2461,75428,100.00
2462,72277,0.00
2463,62346,50.00
2464,60512,0.00
2465,62944,0.00
2466,59819,0.00
2467,63452,0.00
2468,71706,0.00
2469,70760,100.00
2470,73254,0.00
2471,73597,100.00
2472,71410,100.00
2473,71899,0.00
2474,74642,100.00
2475,73914,100.00
2476,74410,100.00
2477,70671,100.00
2478,73737,100.00
2479,1896171,33.33
2480,625086,0.00
2481,3459075,0.00
2482,59932,0.00
2483,71336,0.00
2484,73576,0.00
2485,74706,0.00
2486,71934,0.00
2487,80470,100.00
2488,71259,0.00
2489,70282,0.00
2490,74163,0.00
2491,76791,100.00
2492,74344,0.00
2493,447056,0.00
2494,74985,100.00
2495,309472,0.00
2496,104746,100.00
2497,1001653,0.00
2498,74397,0.00
2499,74238,0.00
2500,1344309,100.00
2501,324444,100.00
2502,70125,100.00
2503,980203,100.00
2504,84388,0.00
2505,72349,100.00
2506,72150,100.00
2507,74559,100.00
2508,130207,100.00
2509,72140,33.33
2510,16548,0.00
2511,17254,0.00
2512,62686,0.00
2513,60921,0.00
2514,51343,0.00
2515,61986,0.00
2516,60170,0.00
2517,62265,0.00
2518,75538,33.33
2519,76340,100.00
2520,72153,100.00
2521,72292,100.00
2522,78531,100.00
2523,20115,0.00
2524,68246,100.00
2525,78952,100.00
2526,73977,0.00
2527,62041,100.00
2528,61042,100.00
2529,72094,50.00
2530,69989,0.00
2531,61630,50.00
2532,73001,0.00
2533,75449,0.00
2534,68196,50.00
2535,71307,66.67
2536,110952,0.00
2537,73488,100.00
2538,71591,100.00
2539,76528,100.00
2540,43596,100.00
2541,76858,100.00
2542,72470,0.00
2543,40041,100.00
2544,76044,0.00
2545,27311,0.00
2546,68569,50.00
2547,131321,0.00
2548,73457,50.00
2549,78664,0.00
2550,73797,50.00
2551,75168,0.00
2552,74132,100.00
2553,75864,66.67
2554,73026,0.00
2555,71836,100.00
2556,71185,0.00
2557,71039,100.00
2558,73870,100.00
2559,72659,0.00
2560,69671,0.00
2561,70833,50.00
2562,72565,100.00
2563,73715,0.00
2564,74928,50.00
2565,33533,0.00
2566,64118,50.00
2567,71613,50.00
2568,46401,100.00
2569,75679,100.00
2570,72866,0.00
2571,68827,100.00
2572,73160,100.00
2573,73392,50.00
2574,68464,0.00
2575,47693,50.00
2576,77258,50.00
2577,73779,50.00
2578,28756,50.00
2579,33591,50.00
2580,74097,100.00
2581,65254,100.00
2582,39614,100.00
2583,75794,0.00
2584,51153,100.00
2585,73444,100.00
2586,53345,100.00
2587,72147,66.67
2588,27571,0.00
2589,69629,50.00
2590,71526,0.00
2591,69896,33.33
2592,71738,0.00
2593,50745,50.00
2594,66701,100.00
2595,70686,100.00
2596,54798,100.00
2597,37593,100.00
2598,57445,50.00
2599,111498,50.00
2600,68126,50.00
2601,70148,50.00
2602,67593,50.00
2603,61247,100.00
2604,70796,100.00
2605,63541,100.00
2606,59377,100.00
2607,57940,50.00
2608,69232,100.00
2609,69214,66.67
2610,70608,0.00
2611,69828,75.00
2612,67519,0.00
2613,72835,66.67
2614,39121,100.00
2615,69121,50.00
2616,71827,100.00
2617,71635,100.00
2618,62263,100.00
2619,70044,100.00
2620,67207,50.00
2621,55043,50.00
2622,69904,50.00
2623,69733,50.00
2624,71231,100.00
2625,72794,100.00
2626,75112,100.00
2627,68778,100.00
2628,72268,100.00
2629,64372,100.00
2630,66583,0.00
2631,56182,33.33
2632,75455,50.00
2633,71150,66.67
2634,61271,100.00
2635,57868,100.00
2636,50537,100.00
2637,67029,100.00
2638,57345,100.00
2639,64340,50.00
2640,68241,33.33
2641,60716,50.00
2642,69859,100.00
2643,61352,100.00
2644,53185,100.00
2645,59233,100.00
2646,58099,50.00
2647,77178,50.00
2648,70224,50.00
2649,91285,100.00
2650,56264,100.00
2651,63680,100.00
2652,54322,50.00
2653,57981,50.00
2654,69072,100.00
2655,67121,50.00
2656,57635,66.67
2657,63658,100.00
2658,28078,100.00
2659,68914,100.00
2660,51143,100.00
2661,39542,66.67
2662,69561,0.00
2663,55260,50.00
2664,66295,100.00
2665,63014,100.00
2666,49890,100.00
2667,44118,100.00
2668,55792,100.00
2669,43267,66.67
2670,69900,0.00
2671,66146,75.00
2672,34960,100.00
2673,60953,100.00
2674,36060,100.00
2675,59165,100.00
2676,39023,50.00
2677,63587,50.00
2678,41889,50.00
2679,66513,66.67
2680,32233,100.00
2681,38734,66.67
2682,61401,100.00
2683,45282,50.00
2684,68139,100.00
2685,53733,100.00
2686,35579,100.00
2687,66327,100.00
2688,53433,66.67
2689,35494,50.00
2690,69568,0.00
2691,47266,50.00
2692,35046,100.00
2693,69896,100.00
2694,36629,100.00
2695,49946,100.00
2696,66496,100.00
2697,42211,50.00
2698,58307,0.00
2699,77274,50.00
2700,57885,66.67
2701,68710,100.00
2702,34964,100.00
2703,62723,100.00
2704,49379,100.00
2705,50640,50.00
2706,77866,50.00
2707,59405,50.00
2708,66232,100.00
2709,64614,100.00
2710,40618,100.00
2711,49052,100.00
2712,53125,50.00
2713,56884,50.00
2714,65491,50.00
2715,50857,50.00
2716,58560,100.00
2717,62566,100.00
2718,55818,50.00
2719,62272,100.00
2720,40255,50.00
2721,64245,75.00
2722,37018,100.00
2723,55375,100.00
2724,65065,100.00
2725,45358,100.00
2726,48444,50.00
2727,72248,0.00
2728,58642,100.00
2729,60216,100.00
2730,33581,100.00
2731,63908,100.00
2732,59174,100.00
2733,52016,66.67
2734,47562,50.00
2735,66256,0.00
2736,64963,100.00
2737,65704,100.00
2738,40620,100.00
2739,42975,100.00
2740,61135,100.00
2741,47277,50.00
2742,62936,0.00
2743,46693,50.00
2744,54714,66.67
2745,67121,100.00
2746,40949,0.00
2747,63885,66.67
2748,60236,50.00
2749,67783,100.00
2750,38195,100.00
2751,44427,100.00
2752,66896,100.00
2753,62762,100.00
2754,49366,50.00
2755,72700,33.33
2756,69489,50.00
2757,61031,100.00
2758,39733,0.00
2759,60883,100.00
2760,46675,100.00
2761,66300,100.00
2762,43483,50.00
2763,55191,50.00
2764,68727,0.00
2765,67607,66.67
2766,53962,100.00
2767,44226,100.00
2768,60591,100.00
2769,48691,100.00
2770,56444,100.00
2771,33462,50.00
2772,72720,33.33
2773,68679,100.00
2774,39142,100.00
2775,63820,100.00
2776,55999,100.00
2777,54601,66.67
2778,29911,50.00
2779,65344,50.00
2780,58501,50.00
2781,69915,100.00
2782,59509,100.00
2783,41623,66.67
2784,66033,100.00
2785,51201,50.00
2786,44383,50.00
2787,66496,100.00
2788,42995,0.00
2789,66238,100.00
2790,46575,100.00
2791,35855,66.67
2792,72917,0.00
2793,66697,50.00
2794,66881,100.00
2795,49857,100.00
2796,55737,0.00
2797,47087,100.00
2798,53481,50.00
2799,33019,50.00
2800,67450,50.00
2801,64161,50.00
2802,42257,100.00
2803,64311,100.00
2804,31566,0.00
2805,64992,100.00
2806,44390,50.00
2807,56258,50.00
2808,66128,50.00
2809,61041,50.00
2810,68400,100.00
2811,58554,75.00
2812,60111,0.00
2813,44571,75.00
2814,62026,0.00
2815,70117,75.00
2816,33151,100.00
2817,65421,100.00
2818,63764,100.00
2819,60922,100.00
2820,70112,50.00
2821,67915,50.00
2822,37220,50.00
2823,62305,75.00
2824,47391,0.00
2825,36096,100.00
2826,64381,100.00
2827,48931,100.00
2828,47196,50.00
2829,75325,50.00
2830,73274,50.00
2831,70127,100.00
2832,35737,100.00
2833,62963,100.00
2834,36736,100.00
2835,57749,50.00
2836,40686,50.00
2837,77376,50.00
2838,128578,50.00
2839,72655,100.00
2840,54145,100.00
2841,63481,100.00
2842,45299,100.00
2843,136899,66.67
2844,63416,0.00
2845,70161,66.67
2846,65494,0.00
2847,68386,100.00
2848,62381,0.00
2849,61228,100.00
2850,58340,50.00
2851,58515,50.00
2852,58324,66.67
2853,63648,100.00
2854,57722,100.00
2855,62342,100.00
2856,53810,100.00
2857,49071,66.67
2858,48545,0.00
2859,76846,50.00
2860,69954,50.00
2861,45030,100.00
2862,47367,100.00
2863,62378,100.00
2864,63423,100.00
2865,53062,66.67
2866,58257,0.00
2867,73630,50.00
2868,71404,50.00
2869,67291,100.00
2870,28446,0.00
2871,50062,100.00
2872,63518,100.00
2873,53477,100.00
2874,60021,33.33
2875,69746,50.00
2876,63692,0.00
2877,69858,100.00
2878,31867,0.00
2879,61593,100.00
2880,51815,50.00
2881,58192,100.00
2882,60749,50.00
2883,56264,66.67
2884,66767,100.00
2885,61188,100.00
2886,51724,100.00
2887,56873,50.00
2888,67451,50.00
2889,36677,50.00
2890,64926,100.00
2891,64230,100.00
2892,32958,0.00
2893,66253,100.00
2894,47093,50.00
2895,38392,50.00
2896,70062,50.00
2897,65755,66.67
2898,49923,0.00
2899,40419,100.00
2900,63507,100.00
2901,43153,100.00
2902,55703,50.00
2903,24731,50.00
2904,70816,50.00
2905,67007,66.67
2906,38647,100.00
2907,60945,100.00
2908,40519,100.00
2909,55911,100.00
2910,55707,50.00
2911,63991,50.00
2912,40521,50.00
2913,69098,100.00
2914,29279,100.00
2915,39643,66.67
2916,61709,50.00
2917,45575,100.00
2918,63776,50.00
2919,67153,100.00
2920,30511,100.00
2921,68587,100.00
2922,65541,100.00
2923,52510,50.00
2924,60046,0.00
2925,70874,66.67
2926,37724,50.00
2927,63046,100.00
2928,51283,0.00
2929,42045,100.00
2930,54861,100.00
2931,33978,66.67
2932,70175,0.00
2933,70779,50.00
2934,45953,100.00
2935,65798,100.00
2936,34506,100.00
2937,63990,100.00
2938,42253,100.00
2939,55519,66.67
2940,72373,0.00
2941,63597,50.00
2942,69218,66.67
2943,59578,100.00
2944,59197,100.00
2945,47965,100.00
2946,35141,50.00
2947,61755,50.00
2948,59119,50.00
2949,68563,100.00
2950,47326,100.00
2951,63143,100.00
2952,47637,50.00
2953,68004,50.00
2954,46967,100.00
2955,57580,75.00
2956,54667,0.00
2957,51684,100.00
2958,55926,100.00
2959,62094,100.00
2960,47056,50.00
2961,52781,0.00
2962,56569,50.00
2963,68418,100.00
2964,32251,100.00
2965,56846,100.00
2966,51282,100.00
2967,62052,100.00
2968,56418,50.00
2969,73491,33.33
2970,66826,0.00
2971,67498,100.00
2972,50741,100.00
2973,60093,100.00
2974,57906,100.00
2975,42403,50.00
2976,55337,50.00
2977,60712,50.00
2978,55208,100.00
2979,64428,75.00
2980,49719,0.00
2981,68454,66.67
2982,32040,100.00
2983,66439,66.67
2984,38368,0.00
2985,31495,100.00
2986,62132,100.00
2987,65437,100.00
2988,51899,50.00
2989,55650,0.00
2990,65859,50.00
2991,47578,75.00
2992,33611,0.00
2993,57491,100.00
2994,38756,100.00
2995,68583,100.00
2996,45603,50.00
2997,45699,0.00
2998,64852,50.00
2999,59350,66.67
3000,79819,100.00
3001,43477,100.00
3002,64415,100.00
3003,35919,100.00
3004,54751,50.00
3005,64950,50.00
3006,47493,50.00
3007,67240,75.00
3008,30211,0.00
3009,59874,100.00
3010,37486,100.00
3011,50816,100.00
3012,24181,50.00
3013,64148,50.00
3014,42580,50.00
3015,63277,100.00
3016,39445,0.00
3017,43843,66.67
3018,63157,50.00
3019,36996,66.67
3020,40054,100.00
3021,64359,100.00
3022,28994,100.00
3023,66914,100.00
3024,40765,100.00
3025,31574,50.00
3026,68478,0.00
3027,60061,50.00
3028,63326,100.00
3029,54827,100.00
3030,48952,100.00
3031,36398,100.00
3032,49361,100.00
3033,25660,50.00
3034,69622,0.00
3035,64989,50.00
3036,51796,100.00
3037,64225,100.00
3038,31445,100.00
3039,63357,100.00
3040,38345,50.00
3041,74901,50.00
3042,68551,50.00
3043,67468,100.00
3044,46686,100.00
3045,48518,50.00
3046,61406,66.67
3047,43000,100.00
3048,58125,50.00
3049,38275,100.00
3050,33123,100.00
3051,65008,100.00
3052,53078,100.00
3053,44918,66.67
3054,63990,0.00
3055,56018,66.67
3056,51486,50.00
3057,58955,100.00
3058,40881,100.00
3059,43456,100.00
3060,64247,100.00
3061,46788,50.00
3062,46045,50.00
3063,63035,50.00
3064,58117,66.67
3065,56154,100.00
3066,40143,100.00
3067,59393,100.00
3068,38394,100.00
3069,54215,50.00
3070,54275,50.00
3071,57095,50.00
3072,63582,66.67
3073,36891,100.00
3074,58935,100.00
3075,40767,100.00
3076,53719,100.00
3077,43424,50.00
3078,67961,50.00
3079,41019,50.00
3080,52807,100.00
3081,64527,75.00
3082,47643,0.00
3083,68784,66.67
3084,30656,50.00
3085,65105,100.00
3086,39308,0.00
3087,38260,100.00
3088,65954,100.00
3089,60938,66.67
3090,39457,50.00
3091,68100,50.00
3092,34856,50.00
3093,68265,100.00
3094,45948,100.00
3095,56481,100.00
3096,34236,100.00
3097,51108,50.00
3098,29934,50.00
3099,64887,50.00
3100,62076,66.67
3101,33599,100.00
3102,61882,100.00
3103,56942,100.00
3104,53703,100.00
3105,43394,100.00
3106,47130,50.00
3107,57083,50.00
3108,55235,50.00
3109,43862,75.00
3110,44235,0.00
3111,66774,75.00
3112,43430,0.00
3113,62216,75.00
3114,24091,0.00
3115,40337,100.00
3116,60989,100.00
3117,60834,100.00
3118,51353,50.00
3119,58945,50.00
3120,28920,50.00
3121,50679,75.00
3122,50672,0.00
3123,33786,100.00
3124,55768,100.00
3125,47463,100.00
3126,24885,50.00
3127,67716,50.00
3128,55235,50.00
3129,65794,100.00
3130,37734,0.00
3131,61774,100.00
3132,37327,100.00
3133,51184,66.67
3134,23571,50.00
3135,72733,50.00
3136,71354,50.00
3137,58229,100.00
3138,55211,100.00
3139,57495,100.00
3140,52029,66.67
3141,40638,50.00
3142,64100,100.00
3143,54034,50.00
3144,55252,66.67
3145,67875,100.00
3146,32594,0.00
3147,65546,100.00
3148,48359,50.00
3149,66034,100.00
3150,39441,100.00
3151,41879,100.00
3152,65876,100.00
3153,43864,66.67
3154,27614,50.00
3155,68071,50.00
3156,41720,50.00
3157,69525,100.00
3158,33781,100.00
3159,65497,100.00
3160,39341,100.00
3161,53899,66.67
3162,25611,50.00
3163,67018,0.00
3164,65819,66.67
3165,44395,100.00
3166,61576,100.00
3167,40820,100.00
3168,57137,100.00
3169,44332,66.67
3170,52288,50.00
3171,69960,0.00
3172,58417,50.00
3173,65212,100.00
3174,33915,100.00
3175,61302,100.00
3176,36218,0.00
3177,35339,100.00
3178,65077,50.00
3179,55159,75.00
3180,60698,0.00
3181,58812,100.00
3182,43837,100.00
3183,46040,66.67
3184,56319,0.00
3185,27630,66.67
3186,38998,100.00
3187,61600,100.00
3188,27472,100.00
3189,68028,100.00
3190,40271,50.00
3191,50953,50.00
3192,73453,50.00
3193,83128,66.67
3194,42516,100.00
3195,45312,100.00
3196,61073,100.00
3197,41317,100.00
3198,53153,50.00
3199,49802,50.00
3200,53935,50.00
3201,68244,66.67
3202,29708,100.00
3203,62007,100.00
3204,52564,100.00
3205,50566,66.67
3206,44377,0.00
3207,62713,100.00
3208,39296,0.00
3209,66336,75.00
3210,33108,100.00
3211,53241,50.00
3212,58854,100.00
3213,35413,50.00
3214,60860,100.00
3215,47556,100.00
3216,55522,100.00
3217,62122,100.00
3218,54675,100.00
3219,48136,50.00
3220,66506,33.33
3221,51982,50.00
3222,36459,100.00
3223,64989,100.00
3224,34881,100.00
3225,56700,100.00
3226,47358,50.00
3227,43864,50.00
3228,67149,0.00
3229,67079,75.00
3230,54802,100.00
3231,53896,100.00
3232,54657,100.00
3233,47261,100.00
3234,57729,50.00
3235,61599,50.00
3236,42396,50.00
3237,66344,66.67
3238,32497,100.00
3239,58335,100.00
3240,56571,100.00
3241,36768,50.00
3242,37290,100.00
3243,64045,66.67
3244,36833,0.00
3245,66441,100.00
3246,57042,0.00
3247,57011,66.67
3248,55479,50.00
3249,46577,100.00
3250,27780,50.00
3251,61002,100.00
3252,27272,100.00
3253,32196,100.00
3254,66046,100.00
3255,53132,50.00
3256,39592,50.00
3257,66591,50.00
3258,50815,50.00
3259,63861,100.00
3260,52571,100.00
3261,54448,100.00
3262,37039,100.00
3263,53054,50.00
3264,49950,0.00
3265,54066,50.00
3266,60100,66.67
3267,59696,100.00
3268,44487,100.00
3269,59042,100.00
3270,44528,100.00
3271,43342,50.00
3272,57154,50.00
3273,39079,50.00
3274,58274,66.67
3275,54997,100.00
3276,61641,50.00
3277,24634,100.00
3278,35579,50.00
3279,61365,100.00
3280,41237,100.00
3281,63388,100.00
3282,56127,100.00
3283,61417,66.67
3284,54153,50.00
3285,69994,50.00
3286,29365,0.00
3287,43063,100.00
3288,53002,100.00
3289,51131,100.00
3290,61714,100.00
3291,61170,100.00
3292,39158,50.00
3293,71082,0.00
3294,61778,50.00
3295,66084,100.00
3296,38008,100.00
3297,60406,100.00
3298,39514,100.00
3299,57090,50.00
3300,50066,50.00
3301,59604,50.00
3302,63676,66.67
3303,39639,100.00
3304,54305,100.00
3305,56615,100.00
3306,53621,100.00
3307,37000,50.00
3308,62287,50.00
3309,38103,50.00
3310,43918,100.00
3311,67682,100.00
3312,41098,0.00
3313,68928,66.67
3314,36727,100.00
3315,60049,66.67
3316,48770,100.00
3317,36277,100.00
3318,58403,100.00
3319,44658,100.00
3320,27659,50.00
3321,67627,50.00
3322,60476,50.00
3323,69798,66.67
3324,31365,100.00
3325,63145,100.00
3326,39263,100.00
3327,52433,100.00
3328,29114,50.00
3329,72670,50.00
3330,73884,50.00
3331,59881,75.00
3332,55680,100.00
3333,45742,100.00
3334,62584,100.00
3335,41006,100.00
3336,55362,50.00
3337,69881,50.00
3338,65626,66.67
3339,58789,100.00
3340,47692,66.67
3341,64874,50.00
3342,51359,100.00
3343,70146,66.67
3344,63924,100.00
3345,51663,100.00
3346,64758,100.00
3347,65446,100.00
3348,53839,100.00
3349,56948,50.00
3350,73824,33.33
3351,56502,66.67
3352,33414,100.00
3353,68393,100.00
3354,42404,100.00
3355,65613,100.00
3356,69073,100.00
3357,63351,0.00
3358,72550,50.00
3359,68981,50.00
3360,47559,66.67
3361,69349,100.00
3362,63887,100.00
3363,58632,100.00
3364,60389,100.00
3365,63721,50.00
3366,78403,50.00
3367,66191,50.00
3368,59838,66.67
3369,64369,100.00
3370,54927,100.00
3371,59974,100.00
3372,41444,50.00
3373,51241,50.00
3374,59475,100.00
3375,45615,50.00
3376,63396,50.00
3377,51884,100.00
3378,42804,50.00
3379,63421,100.00
3380,51538,0.00
3381,66354,100.00
3382,24181,100.00
3383,32650,100.00
3384,52371,50.00
3385,42559,50.00
3386,66925,100.00
3387,35943,50.00
3388,45894,50.00
3389,70608,100.00
3390,40044,100.00
3391,34170,100.00
3392,49736,100.00
3393,38409,50.00
3394,52558,66.67
3395,58761,50.00
3396,42884,100.00
3397,60545,100.00
3398,43402,100.00
3399,57651,100.00
3400,29223,50.00
3401,47079,50.00
3402,44225,66.67
3403,51404,50.00
3404,59549,100.00
3405,50920,66.67
3406,58285,0.00
3407,34773,100.00
3408,56561,50.00
3409,55489,100.00
3410,30510,100.00
3411,66412,100.00
3412,62375,100.00
3413,55154,50.00
3414,61347,50.00
3415,45431,50.00
3416,38872,50.00
3417,65442,100.00
3418,32837,100.00
3419,27697,100.00
3420,63250,100.00
3421,53498,50.00
3422,34679,50.00
3423,67723,50.00
3424,37080,66.67
3425,60545,100.00
3426,54738,100.00
3427,56373,100.00
3428,33659,100.00
3429,52691,100.00
3430,39877,33.33
3431,72979,50.00
3432,66277,100.00
3433,61952,100.00
3434,52763,100.00
3435,56467,100.00
3436,49751,50.00
3437,44043,50.00
3438,63977,66.67
3439,57175,50.00
3440,65841,100.00
3441,57161,75.00
3442,53073,0.00
3443,62017,100.00
3444,51470,0.00
3445,82132,100.00
3446,30447,100.00
3447,29798,100.00
3448,63157,100.00
3449,51806,50.00
3450,30923,50.00
3451,68384,50.00
3452,61005,66.67
3453,53048,100.00
3454,57776,100.00
3455,43662,100.00
3456,37534,100.00
3457,52768,50.00
3458,46183,50.00
3459,63641,50.00
3460,59009,50.00
3461,62808,100.00
3462,51107,100.00
3463,63139,100.00
3464,38321,100.00
3465,50036,50.00
3466,58264,50.00
3467,48555,50.00
3468,57001,50.00
3469,36839,100.00
3470,43448,100.00
3471,47777,66.67
3472,35240,0.00
3473,60514,66.67
3474,54352,50.00
3475,66150,100.00
3476,53120,100.00
3477,60862,100.00
3478,35999,0.00
3479,56403,66.67
3480,40565,50.00
3481,35840,100.00
3482,58488,100.00
3483,45075,100.00
3484,54371,100.00
3485,47989,66.67
3486,30072,50.00
3487,63879,50.00
3488,60987,0.00
3489,66041,100.00
3490,35170,100.00
3491,59821,100.00
3492,38432,100.00
3493,51093,100.00
3494,44623,50.00
3495,70817,33.33
3496,68941,0.00
3497,58871,100.00
3498,56551,100.00
3499,59788,100.00
3500,65086,100.00
3501,44671,50.00
3502,67095,50.00
3503,53711,50.00
3504,55959,50.00
3505,66692,100.00
3506,57671,0.00
3507,64047,66.67
3508,47676,100.00
3509,67555,66.67
3510,40806,100.00
3511,37261,100.00
3512,69451,100.00
3513,63598,100.00
3514,54673,50.00
3515,68431,50.00
3516,84830,50.00
3517,54434,66.67
3518,38882,100.00
3519,63124,100.00
3520,47807,100.00
3521,51921,100.00
3522,40873,50.00
3523,66112,50.00
3524,64748,0.00
3525,64086,80.00
3526,51669,0.00
3527,37809,100.00
3528,57313,100.00
3529,51451,100.00
3530,56308,50.00
3531,71777,50.00
3532,53658,50.00
3533,69195,100.00
3534,34661,100.00
3535,61194,100.00
3536,43408,50.00
3537,53373,66.67
3538,68180,50.00
3539,48477,50.00
3540,62037,100.00
3541,68118,100.00
3542,49128,100.00
3543,51534,50.00
3544,66339,100.00
3545,62539,50.00
3546,43535,50.00
3547,63803,100.00
3548,34486,100.00
3549,61240,100.00
3550,44401,100.00
3551,41749,50.00
3552,64610,50.00
3553,65419,50.00
3554,61060,50.00
3555,58910,100.00
3556,59793,100.00
3557,44497,100.00
3558,52876,100.00
3559,39486,50.00
3560,70363,50.00
3561,64703,50.00
3562,44235,66.67
3563,63700,100.00
3564,31884,100.00
3565,61764,100.00
3566,55188,100.00
3567,59464,50.00
3568,61109,50.00
3569,54496,50.00
3570,69978,66.67
3571,55436,100.00
3572,67419,0.00
3573,54510,100.00
3574,68367,50.00
3575,49585,100.00
3576,33779,100.00
3577,62930,100.00
3578,50736,100.00
3579,32748,50.00
3580,71253,0.00
3581,63687,50.00
3582,45819,66.67
3583,65841,100.00
3584,26972,100.00
3585,33616,100.00
3586,72852,100.00
3587,43681,50.00
3588,52703,0.00
3589,66288,50.00
3590,41356,66.67
3591,70608,100.00
3592,56465,100.00
3593,57939,100.00
3594,46795,100.00
3595,52193,50.00
3596,65210,50.00
3597,66422,50.00
3598,57131,100.00
3599,60225,100.00
3600,43000,100.00
3601,55198,100.00
3602,44372,50.00
3603,51520,50.00
3604,59670,50.00
3605,46888,50.00
3606,62066,100.00
3607,55029,66.67
3608,58481,0.00
3609,60731,100.00
3610,30358,50.00
3611,63638,75.00
3612,35270,100.00
3613,50425,100.00
3614,45019,100.00
3615,37593,50.00
3616,61367,50.00
3617,64504,50.00
3618,63057,100.00
3619,62696,100.00
3620,64222,100.00
3621,46699,100.00
3622,46132,50.00
3623,51890,50.00
3624,71830,50.00
3625,71687,50.00
3626,55194,100.00
3627,65599,100.00
3628,33401,100.00
3629,63292,100.00
3630,38243,50.00
3631,52663,50.00
3632,60767,50.00
3633,46431,50.00
3634,66606,100.00
3635,61351,66.67
3636,61462,100.00
3637,60430,66.67
3638,48850,100.00
3639,66214,66.67
3640,35061,100.00
3641,66225,100.00
3642,62045,100.00
3643,69717,100.00
3644,55508,50.00
3645,69584,0.00
3646,44788,66.67
3647,48043,100.00
3648,61965,100.00
3649,40999,100.00
3650,64418,100.00
3651,54174,66.67
3652,36868,50.00
3653,71258,0.00
3654,68942,50.00
3655,70082,100.00
3656,35465,100.00
3657,58532,100.00
3658,38252,100.00
3659,54230,50.00
3660,34547,50.00
3661,68381,50.00
3662,63263,50.00
3663,51453,100.00
3664,49890,100.00
3665,57781,100.00
3666,54113,100.00
3667,34750,50.00
3668,65435,50.00
3669,47763,50.00
3670,57027,66.67
3671,64519,100.00
3672,44545,100.00
3673,66350,66.67
3674,36129,50.00
3675,40571,100.00
3676,61302,100.00
3677,46336,100.00
3678,63939,100.00
3679,62193,66.67
3680,43336,50.00
3681,73826,50.00
3682,48011,0.00
3683,65098,100.00
3684,35502,100.00
3685,63414,100.00
3686,42637,100.00
3687,57992,50.00
3688,34379,50.00
3689,71370,50.00
3690,70588,50.00
3691,56122,100.00
3692,60353,100.00
3693,42863,100.00
3694,62124,100.00
3695,46070,100.00
3696,49450,50.00
3697,65126,33.33
3698,55037,50.00
3699,69774,100.00
3700,30931,100.00
3701,64222,50.00
3702,37245,100.00
3703,66601,66.67
3704,30408,100.00
3705,34542,100.00
3706,66248,100.00
3707,68058,100.00
3708,43306,50.00
3709,53628,50.00
3710,52174,50.00
3711,41283,66.67
3712,55190,100.00
3713,53886,100.00
3714,49110,100.00
3715,66965,100.00
3716,41185,50.00
3717,54847,50.00
3718,69242,50.00
3719,65921,66.67
3720,29870,100.00
3721,58543,100.00
3722,53967,100.00
3723,44038,100.00
3724,48505,50.00
3725,63595,50.00
3726,53467,50.00
3727,61984,75.00
3728,43960,100.00
3729,56187,100.00
3730,61386,100.00
3731,44621,50.00
3732,56515,50.00
3733,41497,50.00
3734,40098,100.00
3735,68780,100.00
3736,44043,50.00
3737,66018,50.00
3738,40666,100.00
3739,73473,75.00
3740,56033,0.00
3741,41812,100.00
3742,62655,100.00
3743,46677,100.00
3744,28668,50.00
3745,63506,50.00
3746,66970,0.00
3747,64750,75.00
3748,36119,100.00
3749,67510,100.00
3750,41007,100.00
3751,53059,100.00
3752,22802,50.00
3753,64370,50.00
3754,62086,0.00
3755,50481,100.00
3756,55573,100.00
3757,54396,100.00
3758,56767,100.00
3759,36733,66.67
3760,54478,50.00
3761,82190,50.00
3762,68529,0.00
3763,67338,100.00
3764,41267,100.00
3765,63356,100.00
3766,53765,50.00
3767,42034,66.67
3768,70392,50.00
3769,56526,100.00
3770,50372,100.00
3771,62194,100.00
3772,60669,100.00
3773,52249,50.00
3774,62110,50.00
3775,39003,50.00
3776,48869,50.00
3777,63579,100.00
3778,26319,100.00
3779,62261,100.00
3780,52335,100.00
3781,40652,50.00
3782,71121,0.00
3783,71876,66.67
3784,67314,50.00
3785,63063,100.00
3786,56335,100.00
3787,41628,100.00
3788,57103,100.00
3789,36520,50.00
3790,67869,0.00
3791,68958,66.67
3792,57680,100.00
3793,63561,100.00
3794,34590,100.00
3795,54407,66.67
3796,55337,50.00
3797,67106,50.00
3798,45533,50.00
3799,69415,100.00
3800,42118,0.00
3801,49253,66.67
3802,65958,100.00
3803,40405,66.67
3804,56290,100.00
3805,63287,100.00
3806,30129,100.00
3807,66823,100.00
3808,66345,100.00
3809,53738,50.00
3810,67198,33.33
3811,71619,50.00
3812,71079,50.00
3813,63966,100.00
3814,53697,100.00
3815,49301,100.00
3816,49476,100.00
3817,42441,50.00
3818,68202,0.00
3819,70394,66.67
3820,36039,100.00
3821,62273,100.00
3822,40131,100.00
3823,63670,100.00
3824,46344,100.00
3825,50707,50.00
3826,67971,0.00
3827,63131,50.00
3828,68021,100.00
3829,57694,100.00
3830,49479,100.00
3831,37871,100.00
3832,27563,50.00
3833,60032,50.00
3834,54871,50.00
3835,70969,75.00
3836,32923,0.00
3837,60917,100.00
3838,46000,100.00
3839,63223,50.00
3840,31564,50.00
3841,53472,66.67
3842,57529,100.00
3843,48145,100.00
3844,65047,100.00
3845,61194,100.00
3846,42596,0.00
3847,58924,50.00
3848,70579,50.00
3849,68923,66.67
3850,28301,100.00
3851,59005,100.00
3852,46631,100.00
3853,45573,100.00
3854,29946,50.00
3855,68868,50.00
3856,66125,50.00
3857,67183,100.00
3858,59219,100.00
3859,57430,100.00
3860,60682,100.00
3861,48088,66.67
3862,52105,50.00
3863,67564,50.00
3864,57093,50.00
3865,68529,100.00
3866,34913,100.00
3867,56698,50.00
3868,51817,50.00
3869,63585,75.00
3870,53440,0.00
3871,45634,100.00
3872,61132,100.00
3873,57729,100.00
3874,51971,100.00
3875,54636,50.00
3876,76807,33.33
3877,66678,66.67
3878,34965,100.00
3879,65526,100.00
3880,54462,100.00
3881,65783,100.00
3882,44817,100.00
3883,45332,66.67
3884,68648,0.00
3885,70707,66.67
3886,57694,0.00
3887,36165,100.00
3888,57058,100.00
3889,56742,100.00
3890,49918,100.00
3891,49116,50.00
3892,77494,0.00
3893,69770,100.00
3894,35649,0.00
3895,61411,100.00
3896,51222,100.00
3897,62388,100.00
3898,54971,50.00
3899,60089,0.00
3900,70982,33.33
3901,58561,100.00
3902,42209,0.00
3903,64819,100.00
3904,52158,50.00
3905,55136,50.00
3906,32916,50.00
3907,62799,100.00
3908,39558,100.00
3909,58896,100.00
3910,50541,100.00
3911,44580,100.00
3912,58342,0.00
3913,75007,50.00
3914,69044,50.00
3915,64142,100.00
3916,33892,100.00
3917,61798,100.00
3918,63367,100.00
3919,53607,100.00
3920,58667,0.00
3921,71421,50.00
3922,67193,50.00
3923,64770,100.00
3924,47391,100.00
3925,37228,100.00
3926,60272,100.00
3927,49661,100.00
3928,59331,0.00
3929,68702,50.00
3930,61006,100.00
3931,66882,100.00
3932,30397,50.00
3933,55105,50.00
3934,52489,100.00
3935,65491,75.00
3936,50826,100.00
3937,51379,100.00
3938,60915,100.00
3939,60092,100.00
3940,57410,100.00
3941,61756,33.33
3942,74303,0.00
3943,70313,66.67
3944,29801,100.00
3945,58104,100.00
3946,63391,100.00
3947,68108,100.00
3948,44491,100.00
3949,39464,100.00
3950,59379,0.00
3951,60549,0.00
3952,67300,100.00
3953,66495,100.00
3954,26643,0.00
3955,28582,100.00
3956,66410,100.00
3957,65784,100.00
3958,45780,50.00
3959,55888,0.00
3960,70899,0.00
3961,64217,75.00
3962,65029,100.00
3963,60063,100.00
3964,37464,100.00
3965,31972,100.00
3966,68219,100.00
3967,55844,0.00
3968,60543,0.00
3969,77664,75.00
3970,32796,100.00
3971,32970,100.00
3972,69482,100.00
3973,51028,100.00
3974,58034,0.00
3975,68751,75.00
3976,27105,0.00
3977,37513,100.00
3978,62875,100.00
3979,43797,100.00
3980,37471,100.00
3981,50064,100.00
3982,59977,0.00
3983,71365,50.00
3984,64545,0.00
3985,43064,100.00
3986,23187,100.00
3987,31153,100.00
3988,62055,100.00
3989,59115,100.00
3990,62247,0.00
3991,63146,0.00
3992,72727,50.00
3993,69442,100.00
3994,64589,100.00
3995,40914,100.00
3996,26121,100.00
3997,51180,100.00
3998,74058,100.00
3999,53923,50.00
4000,73689,0.00
4001,78492,33.33
4002,41639,100.00
4003,65024,100.00
4004,59797,100.00
4005,39391,100.00
4006,58382,0.00
4007,69985,100.00
4008,39187,100.00
4009,65245,100.00
4010,63127,100.00
4011,39258,100.00
4012,39107,100.00
4013,69704,100.00
4014,63295,50.00
4015,65290,0.00
4016,71779,33.33
4017,36772,100.00
4018,26035,100.00
4019,32808,100.00
4020,64058,100.00
4021,48408,100.00
4022,57581,100.00
4023,61431,50.00
4024,61174,0.00
4025,70564,66.67
4026,64959,100.00
4027,39793,100.00
4028,32485,100.00
4029,31965,100.00
4030,63509,100.00
4031,66924,100.00
4032,49732,50.00
4033,59961,0.00
4034,68704,33.33
4035,41911,100.00
4036,67217,100.00
4037,44766,100.00
4038,37262,100.00
4039,39457,100.00
4040,66831,100.00
4041,60907,50.00
4042,60279,0.00
4043,81349,66.67
4044,31423,100.00
4045,44490,100.00
4046,56517,100.00
4047,62459,100.00
4048,59257,0.00
4049,73811,66.67
4050,27307,100.00
4051,35152,100.00
4052,66181,100.00
4053,60184,100.00
4054,39384,100.00
4055,50985,100.00
4056,56101,50.00
4057,69028,0.00
4058,75167,50.00
4059,68177,100.00
4060,29307,100.00
4061,26438,100.00
4062,43385,100.00
4063,62271,100.00
4064,61507,100.00
4065,59163,0.00
4066,62199,0.00
4067,75535,50.00
4068,32163,100.00
4069,62475,100.00
4070,32527,100.00
4071,24586,100.00
4072,45036,100.00
4073,63531,100.00
4074,59578,100.00
4075,59623,0.00
4076,56702,0.00
4077,70826,66.67
4078,33765,100.00
4079,54360,100.00
4080,64052,100.00
4081,31883,100.00
4082,22636,100.00
4083,59063,0.00
4084,69438,50.00
4085,36711,100.00
4086,62987,100.00
4087,43928,100.00
4088,30456,100.00
4089,49914,100.00
4090,64364,100.00
4091,63576,33.33
4092,61423,0.00
4093,67597,66.67
4094,25262,100.00
4095,28750,100.00
4096,66348,100.00
4097,49912,100.00
4098,25534,100.00
4099,44981,100.00
4100,60766,0.00
4101,60313,0.00
4102,69938,100.00
4103,42371,100.00
4104,25490,100.00
4105,26084,100.00
4106,64129,100.00
4107,64718,100.00
4108,31818,100.00
4109,60178,0.00
4110,58954,0.00
4111,69345,100.00
4112,58041,0.00
4113,65772,100.00
4114,32438,100.00
4115,25559,100.00
4116,40851,100.00
4117,66167,100.00
4118,55539,0.00
4119,57633,0.00
4120,70369,50.00
4121,43966,100.00
4122,29775,0.00
4123,64094,100.00
4124,51166,100.00
4125,62338,0.00
4126,67785,50.00
4127,33554,100.00
4128,26378,100.00
4129,62545,100.00
4130,44943,100.00
4131,48883,100.00
4132,46855,100.00
4133,55089,50.00
4134,57271,0.00
4135,70040,66.67
4136,27134,0.00
4137,24747,100.00
4138,27821,100.00
4139,64580,100.00
4140,55850,100.00
4141,49550,100.00
4142,60016,0.00
4143,59166,0.00
4144,76520,50.00
4145,72754,100.00
4146,37005,0.00
4147,36283,100.00
4148,24112,100.00
4149,37540,100.00
4150,65102,100.00
4151,54422,100.00
4152,74720,0.00
4153,84369,33.33
4154,28391,100.00
4155,36791,100.00
4156,63138,100.00
4157,32762,100.00
4158,26545,100.00
4159,65630,100.00
4160,60074,0.00
4161,71793,50.00
4162,66765,0.00
4163,58788,100.00
4164,27473,100.00
4165,38395,100.00
4166,64382,100.00
4167,55375,66.67
4168,59368,0.00
4169,72796,66.67
4170,27107,0.00
4171,27154,100.00
4172,66419,100.00
4173,63313,100.00
4174,29245,100.00
4175,53670,100.00
4176,58627,50.00
4177,56899,0.00
4178,72477,0.00
4179,64362,100.00
4180,30287,0.00
4181,26727,100.00
4182,36498,100.00
4183,65970,100.00
4184,39856,100.00
4185,65960,33.33
4186,59297,0.00
4187,76143,66.67
4188,33904,100.00
4189,64184,100.00
4190,31052,100.00
4191,24786,100.00
4192,28950,100.00
4193,69452,100.00
4194,63139,50.00
4195,61610,0.00
4196,73788,0.00
4197,1994538,100.00
4198,47095,100.00
4199,38092,100.00
4200,59819,100.00
4201,61759,100.00
4202,62279,0.00
4203,65125,50.00
4204,22449,100.00
4205,29607,100.00
4206,66120,100.00
4207,60357,100.00
4208,39085,100.00
4209,58246,100.00
4210,63749,50.00
4211,58381,0.00
4212,66890,0.00
4213,39137,100.00
4214,22102,0.00
4215,29457,100.00
4216,63066,100.00
4217,47884,100.00
4218,52303,100.00
4219,59428,50.00
4220,63030,0.00
4221,72118,66.67
4222,66383,100.00
4223,46466,100.00
4224,27864,100.00
4225,31200,100.00
4226,67057,100.00
4227,65125,100.00
4228,59049,0.00
4229,59273,0.00
4230,66283,66.67
4231,65021,100.00
4232,58795,100.00
4233,41969,100.00
4234,27301,100.00
4235,39348,100.00
4236,64724,100.00
4237,60495,0.00
4238,58656,0.00
4239,75351,100.00
4240,30092,100.00
4241,35968,100.00
4242,65852,100.00
4243,56502,100.00
4244,60727,0.00
4245,64629,66.67
4246,23571,100.00
4247,33806,100.00
4248,65861,100.00
4249,47123,100.00
4250,28735,100.00
4251,52779,100.00
4252,57921,0.00
4253,59805,0.00
4254,71413,100.00
4255,42751,100.00
4256,22104,100.00
4257,28354,100.00
4258,63263,100.00
4259,59888,100.00
4260,35290,100.00
4261,60185,0.00
4262,61262,0.00
4263,71764,66.67
4264,61653,100.00
4265,65339,100.00
4266,38075,100.00
4267,27748,100.00
4268,49678,100.00
4269,63060,100.00
4270,58065,0.00
4271,63534,0.00
4272,69165,0.00
4273,43668,100.00
4274,28066,0.00
4275,57731,100.00
4276,49767,50.00
4277,60869,0.00
4278,65293,100.00
4279,37851,100.00
4280,52063,100.00
4281,62954,100.00
4282,46772,100.00
4283,53837,100.00
4284,59255,100.00
4285,69451,33.33
4286,60710,0.00
4287,72434,33.33
4288,35101,100.00
4289,27408,100.00
4290,30475,100.00
4291,65590,100.00
4292,50283,100.00
4293,48042,100.00
4294,56066,0.00
4295,72547,0.00
4296,58128,0.00
4297,71708,100.00
4298,24406,0.00
4299,25280,100.00
4300,25324,100.00
4301,58441,100.00
4302,60936,100.00
4303,50309,100.00
4304,57306,0.00
4305,54928,0.00
4306,67196,50.00
4307,65787,100.00
4308,57172,0.00
4309,27444,100.00
4310,24290,100.00
4311,26783,100.00
4312,66427,100.00
4313,60604,0.00
4314,61225,0.00
4315,67723,100.00
4316,29759,100.00
4317,30993,100.00
4318,63241,100.00
4319,59549,100.00
4320,79290,0.00
4321,66269,75.00
4322,25082,0.00
4323,30875,100.00
4324,66709,100.00
4325,52970,100.00
4326,48123,100.00
4327,33620,100.00
4328,57762,0.00
4329,58445,0.00
4330,70584,50.00
4331,44776,100.00
4332,21812,0.00
4333,24429,100.00
4334,60048,100.00
4335,63254,100.00
4336,28249,100.00
4337,62873,0.00
4338,68635,0.00
4339,74243,75.00
4340,58219,100.00
4341,66102,100.00
4342,32915,100.00
4343,22678,100.00
4344,39983,100.00
4345,69493,100.00
4346,51012,50.00
4347,66682,0.00
4348,59674,0.00
4349,66026,100.00
4350,35621,0.00
4351,61527,100.00
4352,61270,100.00
4353,59676,50.00
4354,68481,33.33
4355,27578,100.00
4356,33717,100.00
4357,62032,100.00
4358,47391,100.00
4359,30011,100.00
4360,55384,100.00
4361,63500,100.00
4362,61462,0.00
4363,72337,0.00
4364,74655,0.00
4365,39009,100.00
4366,26423,0.00
4367,63266,100.00
4368,65943,100.00
4369,42035,100.00
4370,41734,100.00
4371,56540,33.33
4372,60527,0.00
4373,71658,75.00
4374,60852,0.00
4375,32011,100.00
4376,21914,100.00
4377,30876,100.00
4378,65245,100.00
4379,49398,100.00
4380,52866,50.00
4381,69095,0.00
4382,70391,0.00
4383,68959,100.00
4384,61372,100.00
4385,32977,100.00
4386,26167,100.00
4387,25653,100.00
4388,64057,100.00
4389,62256,0.00
4390,61087,0.00
4391,68635,75.00
4392,28398,100.00
4393,31349,100.00
4394,62967,100.00
4395,60999,100.00
4396,57138,0.00
4397,65616,50.00
4398,24999,0.00
4399,28017,100.00
4400,65199,100.00
4401,56977,100.00
4402,30859,100.00
4403,49695,100.00
4404,54519,0.00
4405,60594,0.00
4406,71406,50.00
4407,70008,100.00
4408,25704,100.00
4409,26837,100.00
4410,58134,100.00
4411,63720,100.00
4412,43387,100.00
4413,59741,0.00
4414,57494,0.00
4415,70516,75.00
4416,54643,100.00
4417,64058,100.00
4418,31797,100.00
4419,22163,100.00
4420,29369,100.00
4421,68373,100.00
4422,59191,50.00
4423,61295,0.00
4424,68317,33.33
4425,31316,100.00
4426,34720,100.00
4427,63540,100.00
4428,26604,100.00
4429,24267,100.00
4430,55829,50.00
4431,59203,0.00
4432,74780,50.00
4433,67701,100.00
4434,38650,100.00
4435,27753,100.00
4436,28272,100.00
4437,66486,100.00
4438,57403,0.00
4439,65961,0.00
4440,71076,50.00
4441,38924,100.00
4442,26642,100.00
4443,64601,100.00
4444,59994,100.00
4445,36025,100.00
4446,54551,100.00
4447,56085,50.00
4448,59859,0.00
4449,71303,66.67
4450,63318,0.00
4451,33157,100.00
4452,24095,100.00
4453,29471,100.00
4454,59968,100.00
4455,60037,100.00
4456,53207,50.00
4457,57573,0.00
4458,70281,0.00
4459,40606,100.00
4460,65637,100.00
4461,31147,100.00
4462,26089,100.00
4463,24929,100.00
4464,67914,100.00
4465,55937,50.00
4466,57692,0.00
4467,66150,50.00
4468,29724,100.00
4469,30831,100.00
4470,59551,100.00
4471,63705,100.00
4472,52827,0.00
4473,64964,33.33
4474,25524,100.00
4475,26480,100.00
4476,64433,100.00
4477,58411,100.00
4478,26812,100.00
4479,42925,100.00
4480,56807,100.00
4481,64001,0.00
4482,57538,0.00
4483,68579,66.67
4484,28388,100.00
4485,22264,100.00
4486,28604,100.00
4487,63884,100.00
4488,55867,100.00
4489,42468,100.00
4490,58280,0.00
4491,67943,33.33
4492,33491,100.00
4493,61246,100.00
4494,30979,100.00
4495,23059,100.00
4496,26016,100.00
4497,67883,100.00
4498,41658,100.00
4499,57557,0.00
4500,54486,0.00
4501,66036,75.00
4502,37355,0.00
4503,59221,100.00
4504,61406,100.00
4505,29548,100.00
4506,25560,100.00
4507,66764,50.00
4508,56146,0.00
4509,72005,100.00
4510,44454,0.00
4511,30323,100.00
4512,34351,100.00
4513,61519,100.00
4514,51371,50.00
4515,64276,0.00
4516,71664,50.00
4517,38227,100.00
4518,26764,100.00
4519,63132,100.00
4520,58893,100.00
4521,46603,100.00
4522,53055,100.00
4523,62535,50.00
4524,63529,0.00
4525,86562,50.00
4526,64767,100.00
4527,34038,100.00
4528,22170,100.00
4529,35196,100.00
4530,64921,100.00
4531,50576,100.00
4532,60669,50.00
4533,69918,0.00
4534,69829,50.00
4535,68475,100.00
4536,61740,100.00
4537,37230,100.00
4538,23966,100.00
4539,46672,100.00
4540,66997,100.00
4541,56892,50.00
4542,64561,0.00
4543,76938,0.00
4544,65448,100.00
4545,59803,100.00
4546,57450,100.00
4547,62290,100.00
4548,55431,50.00
4549,71688,50.00
4550,28956,100.00
4551,30587,100.00
4552,69230,100.00
4553,62034,100.00
4554,27727,100.00
4555,50347,100.00
4556,61409,100.00
4557,63619,0.00
4558,61635,0.00
4559,65249,75.00
4560,33028,0.00
4561,23722,100.00
4562,31737,100.00
4563,63893,100.00
4564,43879,100.00
4565,52415,100.00
4566,58124,50.00
4567,66636,0.00
4568,71090,0.00
4569,71041,100.00
4570,24604,100.00
4571,26949,100.00
4572,25801,100.00
4573,63787,100.00
4574,65653,100.00
4575,55250,0.00
4576,61602,0.00
4577,66424,66.67
4578,33750,100.00
4579,60328,100.00
4580,63058,100.00
4581,36897,100.00
4582,22769,100.00
4583,47119,100.00
4584,54295,50.00
4585,57793,0.00
4586,67566,33.33
4587,44733,100.00
4588,31592,100.00
4589,31407,100.00
4590,63719,100.00
4591,58721,50.00
4592,60216,0.00
4593,62639,100.00
4594,26852,100.00
4595,51181,100.00
4596,65833,100.00
4597,57511,100.00
4598,46046,100.00
4599,56293,100.00
4600,57482,0.00
4601,73925,50.00
4602,65202,100.00
4603,32180,100.00
4604,26488,100.00
4605,31005,100.00
4606,65289,100.00
4607,63285,100.00
4608,39602,100.00
4609,65267,0.00
4610,330649,0.00
4611,70369,100.00
4612,60898,100.00
4613,65550,100.00
4614,37491,100.00
4615,30286,100.00
4616,57152,100.00
4617,63511,100.00
4618,60773,0.00
4619,60813,0.00
4620,65938,66.67
4621,40548,100.00
4622,26768,100.00
4623,61483,100.00
4624,49935,100.00
4625,58960,0.00
4626,65993,50.00
4627,34668,100.00
4628,60104,0.00
4629,60155,100.00
4630,45657,100.00
4631,45795,100.00
4632,55943,100.00
4633,59465,50.00
4634,59933,0.00
4635,71418,50.00
4636,27336,100.00
4637,25923,100.00
4638,26015,100.00
4639,65826,100.00
4640,58048,100.00
4641,48658,100.00
4642,35401,50.00
4643,65811,0.00
4644,63018,0.00
4645,73522,100.00
4646,68049,100.00
4647,35095,100.00
4648,27629,100.00
4649,27901,100.00
4650,72266,100.00
4651,65007,100.00
4652,52871,0.00
4653,60679,0.00
4654,67321,0.00
4655,62240,100.00
4656,61386,0.00
4657,62058,100.00
4658,29950,100.00
4659,27476,100.00
4660,57268,100.00
4661,55574,50.00
4662,60054,0.00
4663,73363,66.67
4664,28670,100.00
4665,35442,100.00
4666,53525,100.00
4667,65928,100.00
4668,55683,33.33
4669,71515,33.33
4670,26972,100.00
4671,25541,100.00
4672,56698,100.00
4673,61768,100.00
4674,40196,100.00
4675,45081,100.00
4676,53361,0.00
4677,59077,0.00
4678,73043,50.00
4679,72799,100.00
4680,28135,100.00
4681,26159,100.00
4682,28460,100.00
4683,63935,100.00
4684,61364,100.00
4685,47686,66.67
4686,56083,0.00
4687,73714,33.33
4688,35387,100.00
4689,65693,100.00
4690,30307,100.00
4691,28733,100.00
4692,24834,100.00
4693,64430,100.00
4694,59355,100.00
4695,55914,33.33
4696,62652,0.00
4697,70651,50.00
4698,34681,100.00
4699,46218,100.00
4700,61566,100.00
4701,33689,100.00
4702,70216,0.00
4703,69512,75.00
4704,29034,100.00
4705,65381,100.00
4706,64002,100.00
4707,30419,100.00
4708,36013,100.00
4709,70024,100.00
4710,58346,100.00
4711,62782,0.00
4712,76739,33.33
4713,32743,100.00
4714,27404,100.00
4715,32906,100.00
4716,66627,100.00
4717,53308,100.00
4718,46753,100.00
4719,60386,50.00
4720,61271,0.00
4721,61302,0.00
4722,71091,100.00
4723,64550,100.00
4724,26822,100.00
4725,26849,100.00
4726,63823,100.00
4727,67409,100.00
4728,30449,100.00
4729,56644,0.00
4730,62095,0.00
4731,72283,100.00
4732,57650,100.00
4733,64240,100.00
4734,36424,100.00
4735,22638,100.00
4736,32152,100.00
4737,54668,100.00
4738,64303,0.00
4739,62052,0.00
4740,69310,50.00
4741,41916,100.00
4742,31001,0.00
4743,64546,100.00
4744,58606,100.00
4745,63955,0.00
4746,73982,66.67
4747,33518,100.00
4748,28336,0.00
4749,63576,100.00
4750,47497,100.00
4751,33414,100.00
4752,42536,100.00
4753,71644,0.00
4754,58304,0.00
4755,75372,100.00
4756,29745,100.00
4757,25494,100.00
4758,26346,100.00
4759,65790,100.00
4760,62064,100.00
4761,39981,100.00
4762,61401,0.00
4763,61911,0.00
4764,72286,100.00
4765,68434,100.00
4766,24622,100.00
4767,25369,100.00
4768,23727,100.00
4769,51485,100.00
4770,66123,100.00
4771,58594,50.00
4772,56581,0.00
4773,70535,33.33
4774,29987,100.00
4775,36213,100.00
4776,63455,100.00
4777,27230,100.00
4778,25454,100.00
4779,53746,50.00
4780,60559,0.00
4781,74465,75.00
4782,66781,100.00
4783,62327,100.00
4784,31097,100.00
4785,35611,100.00
4786,66778,100.00
4787,56955,50.00
4788,59786,0.00
4789,68743,66.67
4790,24476,100.00
4791,29694,100.00
4792,65541,100.00
4793,57323,100.00
4794,27713,100.00
4795,54323,100.00
4796,57343,0.00
4797,57294,0.00
4798,71284,50.00
4799,67306,100.00
4800,29141,100.00
4801,23426,100.00
4802,38420,100.00
4803,61310,100.00
4804,47614,100.00
4805,56300,50.00
4806,58388,0.00
4807,76938,33.33
4808,33802,100.00
4809,65787,100.00
4810,34502,100.00
4811,29780,100.00
4812,28426,100.00
4813,71617,100.00
4814,84807,0.00
4815,62461,0.00
4816,71118,50.00
4817,39443,100.00
4818,30857,100.00
4819,64235,100.00
4820,63464,100.00
4821,63748,0.00
4822,69747,50.00
4823,38360,100.00
4824,30019,100.00
4825,68372,100.00
4826,50820,100.00
4827,27910,100.00
4828,58234,100.00
4829,57595,100.00
4830,61274,0.00
4831,62399,0.00
4832,67663,50.00
4833,35942,100.00
4834,24030,100.00
4835,63493,100.00
4836,72632,100.00
4837,50467,100.00
4838,32890,100.00
4839,58169,0.00
4840,71520,0.00
4841,71050,100.00
4842,63064,100.00
4843,46722,100.00
4844,35032,100.00
4845,29118,100.00
4846,66000,100.00
4847,64284,100.00
4848,53644,50.00
4849,66819,0.00
4850,72262,0.00
4851,62768,100.00
4852,28633,100.00
4853,65148,100.00
4854,31594,100.00
4855,25676,100.00
4856,43549,100.00
4857,68355,0.00
4858,66655,0.00
4859,69614,100.00
4860,40751,0.00
4861,27189,100.00
4862,31654,100.00
4863,63339,100.00
4864,60423,50.00
4865,59090,0.00
4866,70811,0.00
4867,33391,100.00
4868,29051,0.00
4869,63359,100.00
4870,58769,100.00
4871,40199,100.00
4872,34473,100.00
4873,64591,50.00
4874,67201,0.00
4875,76476,75.00
4876,26128,0.00
4877,26014,100.00
4878,25441,100.00
4879,56165,100.00
4880,61775,100.00
4881,60833,100.00
4882,60382,0.00
4883,62266,0.00
4884,68222,50.00
4885,71099,100.00
4886,62095,100.00
4887,33421,100.00
4888,21926,100.00
4889,28462,100.00
4890,65417,100.00
4891,57772,0.00
4892,57396,0.00
4893,65589,66.67
4894,27074,100.00
4895,31671,100.00
4896,64171,100.00
4897,28772,100.00
4898,57185,0.00
4899,70276,75.00
4900,28754,0.00
4901,31529,100.00
4902,64974,100.00
4903,45885,100.00
4904,38290,100.00
4905,62916,100.00
4906,57645,50.00
4907,57277,0.00
4908,68844,0.00
4909,48499,100.00
4910,21279,0.00
4911,30276,100.00
4912,64311,100.00
4913,56502,100.00
4914,46685,100.00
4915,55642,66.67
4916,62392,0.00
4917,72378,0.00
4918,70530,100.00
4919,66821,100.00
4920,30488,100.00
4921,28131,100.00
4922,61984,100.00
4923,66286,100.00
4924,62155,100.00
4925,58800,0.00
4926,81081,33.33
4927,37469,100.00
4928,51479,100.00
4929,62599,100.00
4930,40112,100.00
4931,23728,100.00
4932,48380,100.00
4933,65701,66.67
4934,62885,0.00
4935,66245,33.33
4936,46293,100.00
4937,32286,100.00
4938,37087,100.00
4939,66584,100.00
4940,57918,0.00
4941,63384,0.00
4942,75416,100.00
4943,35209,100.00
4944,39975,100.00
4945,70773,100.00
4946,50839,100.00
4947,50606,100.00
4948,37993,100.00
4949,62057,0.00
4950,77894,33.33
4951,67320,100.00
4952,32679,100.00
4953,39481,100.00
4954,31422,100.00
4955,61895,100.00
4956,62605,100.00
4957,37578,100.00
4958,56622,0.00
4959,56834,0.00
4960,68510,50.00
4961,65965,100.00
4962,23582,100.00
4963,25568,100.00
4964,25309,100.00
4965,51650,100.00
4966,59918,100.00
4967,62139,50.00
4968,59825,0.00
4969,69265,66.67
4970,28149,100.00
4971,32655,100.00
4972,62075,100.00
4973,39196,100.00
4974,68130,0.00
4975,68588,75.00
4976,27974,100.00
4977,39216,100.00
4978,61039,100.00
4979,46757,100.00
4980,44448,100.00
4981,60619,100.00
4982,61257,50.00
4983,57732,0.00
4984,68186,0.00
4985,56463,100.00
4986,23593,100.00
4987,27380,100.00
4988,63305,100.00
4989,55480,100.00
4990,42867,100.00
4991,57254,100.00
4992,62074,0.00
4993,59421,0.00
4994,72439,100.00
4995,66493,100.00
4996,26614,0.00
4997,25374,100.00
4998,55008,100.00
4999,68212,100.00
5000,72749,100.00
5001,73563,0.00
5002,57215,0.00
5003,84067,75.00
5004,46402,100.00
5005,65376,100.00
5006,48461,100.00
5007,28638,100.00
5008,33414,100.00
5009,54974,100.00
5010,61402,0.00
5011,59332,0.00
5012,67447,100.00
5013,43055,100.00
5014,31431,100.00
5015,63433,100.00
5016,49891,100.00
5017,62488,0.00
5018,67730,50.00
5019,33239,100.00
5020,31094,0.00
5021,65741,100.00
5022,51888,100.00
5023,43344,100.00
5024,41022,100.00
5025,68084,0.00
5026,61197,0.00
5027,69747,100.00
5028,30258,100.00
5029,31786,100.00
5030,29267,100.00
5031,61370,100.00
5032,62130,100.00
5033,54982,100.00
5034,57980,0.00
5035,59058,0.00
5036,83764,50.00
5037,67940,100.00
5038,61348,100.00
5039,33175,100.00
5040,27619,100.00
5041,35303,100.00
5042,67966,100.00
5043,46464,100.00
5044,64833,0.00
5045,70882,0.00
5046,35359,100.00
5047,76660,100.00
5048,53212,100.00
5049,65667,100.00
5050,41051,100.00
5051,59632,50.00
5052,58911,0.00
5053,67805,100.00
5054,33897,100.00
5055,68105,100.00
5056,55825,100.00
5057,31264,100.00
5058,55665,100.00
5059,63221,100.00
5060,63495,0.00
5061,59246,0.00
5062,67869,33.33
5063,44579,100.00
5064,24670,100.00
5065,28947,100.00
5066,62710,100.00
5067,46759,100.00
5068,52665,100.00
5069,55898,50.00
5070,59095,0.00
5071,72088,50.00
5072,66989,100.00
5073,32298,100.00
5074,26386,100.00
5075,32783,100.00
5076,67747,100.00
5077,66978,100.00
5078,42420,100.00
5079,62412,0.00
5080,57103,0.00
5081,69163,75.00
5082,59779,0.00
5083,63665,100.00
5084,36078,100.00
5085,25622,100.00
5086,43763,100.00
5087,57676,66.67
5088,60819,0.00
5089,79905,66.67
5090,32470,0.00
5091,34534,100.00
5092,54968,100.00
5093,64141,100.00
5094,57298,50.00
5095,71716,0.00
5096,72354,100.00
5097,39529,100.00
5098,63742,100.00
5099,65393,100.00
5100,35133,100.00
5101,49770,100.00
5102,53287,0.00
5103,57174,0.00
5104,75247,50.00
5105,69682,100.00
5106,30133,100.00
5107,68048,100.00
5108,32879,100.00
5109,65156,100.00
5110,61007,100.00
5111,48984,50.00
5112,64043,0.00
5113,59000,0.00
5114,78109,100.00
5115,72801,100.00
5116,72910,100.00
5117,69574,100.00
5118,30888,100.00
5119,39015,100.00
5120,61195,100.00
5121,59013,100.00
5122,62912,0.00
5123,58570,0.00
5124,70611,0.00
5125,60073,100.00
5126,30236,0.00
5127,63054,100.00
5128,49150,100.00
5129,27225,100.00
5130,52416,0.00
5131,67768,0.00
5132,73531,100.00
5133,66380,100.00
5134,41818,0.00
5135,30301,100.00
5136,48965,100.00
5137,67158,100.00
5138,59600,50.00
5139,59369,0.00
5140,70616,0.00
5141,34544,100.00
5142,29904,0.00
5143,66588,100.00
5144,57489,100.00
5145,51595,100.00
5146,56914,100.00
5147,57406,33.33
5148,66322,0.00
5149,60533,100.00
5150,27302,0.00
5151,30227,100.00
5152,26052,100.00
5153,50408,100.00
5154,61792,100.00
5155,59021,100.00
5156,60315,33.33
5157,59798,0.00
5158,75974,0.00
5159,70084,100.00
5160,59735,0.00
5161,34376,100.00
5162,25278,100.00
5163,44519,100.00
5164,66432,100.00
5165,57592,50.00
5166,58376,0.00
5167,69477,75.00
5168,30175,0.00
5169,33997,100.00
5170,62080,100.00
5171,61579,100.00
5172,55842,0.00
5173,69131,50.00
5174,24777,100.00
5175,30892,100.00
5176,67133,100.00
5177,56301,100.00
5178,30038,100.00
5179,53311,100.00
5180,59138,50.00
5181,64140,0.00
5182,55433,0.00
5183,73843,100.00
5184,31848,100.00
5185,27948,100.00
5186,63326,100.00
5187,72884,100.00
5188,55363,100.00
5189,28513,100.00
5190,61022,0.00
5191,59003,0.00
5192,73036,100.00
5193,70138,100.00
5194,26550,100.00
5195,26424,100.00
5196,27234,100.00
5197,62988,100.00
5198,59613,100.00
5199,70672,0.00
5200,58331,0.00
5201,67382,66.67
5202,35931,100.00
5203,52878,100.00
5204,60865,100.00
5205,33520,100.00
5206,23726,100.00
5207,59546,50.00
5208,162937,0.00
5209,75477,75.00
5210,61721,100.00
5211,47929,100.00
5212,37713,100.00
5213,56249,100.00
5214,65795,100.00
5215,62373,0.00
5216,61475,0.00
5217,70003,75.00
5218,25968,100.00
5219,32522,100.00
5220,65436,100.00
5221,50131,100.00
5222,33012,100.00
5223,45462,100.00
5224,54863,0.00
5225,60000,0.00
5226,72157,100.00
5227,42349,100.00
5228,24584,100.00
5229,31131,100.00
5230,67463,100.00
5231,62600,100.00
5232,26360,100.00
5233,60034,0.00
5234,57620,0.00
5235,67487,100.00
5236,66641,0.00
5237,63539,100.00
5238,36384,100.00
5239,30989,100.00
5240,59063,100.00
5241,64339,100.00
5242,65051,0.00
5243,65004,0.00
5244,72975,50.00
5245,52964,100.00
5246,28658,100.00
5247,69283,100.00
5248,48813,100.00
5249,58886,0.00
5250,65122,66.67
5251,36575,100.00
5252,58536,100.00
5253,59406,100.00
5254,37711,100.00
5255,46437,100.00
5256,61717,100.00
5257,61736,0.00
5258,58443,0.00
5259,71677,75.00
5260,31360,0.00
5261,25120,100.00
5262,28628,100.00
5263,64523,100.00
5264,50126,100.00
5265,50314,100.00
5266,58167,50.00
5267,60645,0.00
5268,73521,0.00
5269,66591,100.00
5270,65951,100.00
5271,38089,100.00
5272,27796,100.00
5273,65630,100.00
5274,72386,100.00
5275,55401,50.00
5276,60945,0.00
5277,63940,50.00
5278,38511,100.00
5279,66791,100.00
5280,61783,100.00
5281,38019,100.00
5282,36697,100.00
5283,38324,100.00
5284,54649,50.00
5285,58860,0.00
5286,57108,0.00
5287,63191,100.00
5288,31770,100.00
5289,33406,100.00
5290,65487,100.00
5291,57009,66.67
5292,59321,0.00
5293,63763,100.00
5294,26387,100.00
5295,28690,100.00
5296,61136,100.00
5297,48379,100.00
5298,43476,100.00
5299,53830,100.00
5300,58961,0.00
5301,74920,50.00
5302,84525,100.00
5303,30717,100.00
5304,26260,100.00
5305,30176,100.00
5306,63034,100.00
5307,58791,100.00
5308,40817,100.00
5309,62575,0.00
5310,56900,0.00
5311,70923,75.00
5312,64994,100.00
5313,64424,100.00
5314,27999,100.00
5315,27520,100.00
5316,67661,100.00
5317,53299,100.00
5318,59846,0.00
5319,63459,0.00
5320,67073,100.00
5321,45204,100.00
5322,46288,0.00
5323,63992,100.00
5324,60524,50.00
5325,62842,0.00
5326,70150,100.00
5327,42212,100.00
5328,62930,100.00
5329,61450,100.00
5330,34287,100.00
5331,58498,100.00
5332,62489,100.00
5333,67903,0.00
5334,57622,0.00
5335,70428,100.00
5336,29117,0.00
5337,21461,100.00
5338,29330,100.00
5339,61219,100.00
5340,47258,100.00
5341,49525,100.00
5342,63515,50.00
5343,68357,0.00
5344,70198,0.00
5345,67141,100.00
5346,63871,100.00
5347,32001,100.00
5348,25464,100.00
5349,55848,100.00
5350,65041,100.00
5351,33642,100.00
5352,57613,0.00
5353,60580,0.00
5354,69770,50.00
5355,67528,100.00
5356,58472,100.00
5357,33546,100.00
5358,23520,100.00
5359,40124,100.00
5360,63965,100.00
5361,79979,0.00
5362,58274,0.00
5363,69463,100.00
5364,28030,0.00
5365,35493,100.00
5366,62902,100.00
5367,52562,100.00
5368,70004,0.00
5369,68604,66.67
5370,24606,100.00
5371,30519,100.00
5372,64124,100.00
5373,53163,100.00
5374,27707,100.00
5375,49563,100.00
5376,61794,0.00
5377,75393,0.00
5378,69939,50.00
5379,38144,100.00
5380,21330,100.00
5381,26136,100.00
5382,64858,100.00
5383,63304,100.00
5384,32025,100.00
5385,62716,0.00
5386,61352,0.00
5387,74507,75.00
5388,60629,0.00
5389,61974,100.00
5390,34599,100.00
5391,26295,100.00
5392,58743,100.00
5393,60318,100.00
5394,60524,0.00
5395,75646,0.00
5396,73927,33.33
5397,50566,100.00
5398,28647,100.00
5399,66852,100.00
5400,32126,100.00
5401,60102,0.00
5402,66034,50.00
5403,37861,100.00
5404,52949,100.00
5405,65841,100.00
5406,37365,100.00
5407,55374,100.00
5408,60648,100.00
5409,64093,50.00
5410,64442,0.00
5411,68644,33.33
5412,31488,100.00
5413,25584,100.00
5414,31020,100.00
5415,62506,100.00
5416,51226,100.00
5417,46813,100.00
5418,40265,66.67
5419,58870,0.00
5420,68441,0.00
5421,66922,100.00
5422,30363,100.00
5423,27479,100.00
5424,27812,100.00
5425,62185,100.00
5426,63204,100.00
5427,34650,100.00
5428,63958,0.00
5429,57723,0.00
5430,74202,100.00
5431,67053,100.00
5432,25092,100.00
5433,31830,100.00
5434,25883,100.00
5435,48798,100.00
5436,59570,50.00
5437,82865,0.00
5438,68885,0.00
5439,64140,100.00
5440,36271,100.00
5441,46925,100.00
5442,60826,100.00
5443,55863,50.00
5444,74045,0.00
5445,69510,100.00
5446,24404,100.00
5447,31279,100.00
5448,59535,100.00
5449,44362,100.00
5450,33174,100.00
5451,46017,66.67
5452,57282,0.00
5453,57095,0.00
5454,67927,100.00
5455,40652,100.00
5456,21623,0.00
5457,26603,100.00
5458,62911,100.00
5459,60186,100.00
5460,55399,100.00
5461,55013,0.00
5462,69406,33.33
5463,43037,100.00
5464,64337,100.00
5465,35907,100.00
5466,27546,100.00
5467,37342,100.00
5468,64148,100.00
5469,59294,100.00
5470,64317,0.00
5471,59723,0.00
5472,71611,50.00
5473,47161,100.00
5474,53956,100.00
5475,66259,100.00
5476,42011,100.00
5477,24277,100.00
5478,59942,0.00
5479,72253,50.00
5480,62312,100.00
5481,63646,100.00
5482,35787,100.00
5483,36860,100.00
5484,63524,100.00
5485,55169,66.67
5486,55872,0.00
5487,69643,50.00
5488,27528,100.00
5489,26110,100.00
5490,64419,100.00
5491,62736,100.00
5492,30366,100.00
5493,53612,100.00
5494,55186,0.00
5495,60554,0.00
5496,72441,50.00
5497,67262,100.00
5498,29760,100.00
5499,26454,100.00
5500,50099,100.00
5501,61204,100.00
5502,58150,100.00
5503,61825,50.00
5504,56159,0.00
5505,76636,66.67
5506,53847,100.00
5507,61719,100.00
5508,37472,100.00
5509,23867,100.00
5510,31551,100.00
5511,66871,100.00
5512,58187,0.00
5513,60289,0.00
5514,68673,100.00
5515,45896,100.00
5516,29895,100.00
5517,64847,100.00
5518,43943,50.00
5519,58950,0.00
5520,70619,100.00
5521,35190,100.00
5522,48211,100.00
5523,57973,100.00
5524,41739,100.00
5525,55868,100.00
5526,55273,100.00
5527,60283,33.33
5528,59367,0.00
5529,70956,50.00
5530,31231,100.00
5531,25414,100.00
5532,29192,100.00
5533,71132,100.00
5534,49097,100.00
5535,51878,100.00
5536,69580,0.00
5537,60461,0.00
5538,71906,100.00
5539,69798,100.00
5540,27091,100.00
5541,29493,100.00
5542,30037,100.00
5543,67488,100.00
5544,65715,100.00
5545,59800,50.00
5546,61109,0.00
5547,71450,33.33
5548,34050,100.00
5549,55626,100.00
5550,58606,100.00
5551,36433,100.00
5552,24518,100.00
5553,48912,100.00
5554,63484,0.00
5555,70748,50.00
5556,61748,0.00
5557,49443,100.00
5558,32008,100.00
5559,32542,100.00
5560,61782,100.00
5561,59048,50.00
5562,58213,0.00
5563,68231,100.00
5564,78983,0.00
5565,33627,100.00
5566,46490,100.00
5567,60730,100.00
5568,46207,100.00
5569,52678,100.00
5570,49816,50.00
5571,56695,0.00
5572,59033,0.00
5573,75631,100.00
5574,29345,100.00
5575,24899,100.00
5576,28360,100.00
5577,66137,100.00
5578,63806,100.00
5579,41998,100.00
5580,62222,0.00
5581,63689,0.00
5582,70823,66.67
5583,67963,100.00
5584,24461,100.00
5585,24535,100.00
5586,31749,100.00
5587,40340,100.00
5588,61334,100.00
5589,58168,0.00
5590,62258,0.00
5591,71740,75.00
5592,33601,100.00
5593,35448,100.00
5594,65583,100.00
5595,63556,50.00
5596,61344,0.00
5597,69520,100.00
5598,26084,0.00
5599,45162,100.00
5600,63574,100.00
5601,46231,100.00
5602,49164,100.00
5603,55192,100.00
5604,61101,50.00
5605,62959,0.00
5606,74745,0.00
5607,53556,100.00
5608,24396,100.00
5609,30186,100.00
5610,66462,100.00
5611,61180,100.00
5612,47175,100.00
5613,49289,100.00
5614,61176,0.00
5615,57300,0.00
5616,69395,100.00
5617,68177,100.00
5618,29674,100.00
5619,22755,100.00
5620,29424,100.00
5621,67615,100.00
5622,37827,100.00
5623,62062,0.00
5624,62201,0.00
5625,74718,50.00
5626,20969,0.00
5627,40671,0.00
5628,32689,100.00
5629,62245,100.00
5630,28740,100.00
5631,24717,100.00
5632,38267,100.00
5633,67055,100.00
5634,67314,0.00
5635,71320,0.00
5636,73558,33.33
5637,48550,100.00
5638,63995,100.00
5639,41125,100.00
5640,62919,100.00
5641,74109,100.00
5642,57161,0.00
5643,71019,66.67
5644,24910,100.00
5645,43106,100.00
5646,65113,100.00
5647,59318,100.00
5648,38639,100.00
5649,41169,100.00
5650,62767,0.00
5651,57824,0.00
5652,67150,100.00
5653,44056,100.00
5654,23361,100.00
5655,25565,100.00
5656,66600,100.00
5657,64133,100.00
5658,31556,100.00
5659,57461,0.00
5660,64095,0.00
5661,84688,66.67
5662,61609,100.00
5663,62073,100.00
5664,33722,100.00
5665,22874,100.00
5666,29723,100.00
5667,71008,100.00
5668,63445,0.00
5669,64732,0.00
5670,72341,0.00
5671,41820,100.00
5672,29544,0.00
5673,62848,100.00
5674,28922,100.00
5675,57493,0.00
5676,68562,50.00
5677,37407,100.00
5678,42740,100.00
5679,62514,100.00
5680,51887,100.00
5681,47036,100.00
5682,54298,100.00
5683,53425,50.00
5684,72053,0.00
5685,68919,66.67
5686,30523,0.00
5687,25727,100.00
5688,33137,100.00
5689,68230,100.00
5690,59734,100.00
5691,53597,100.00
5692,51084,50.00
5693,58318,0.00
5694,62732,0.00
5695,72101,100.00
5696,27684,0.00
5697,24705,100.00
5698,25334,100.00
5699,53339,100.00
5700,67030,100.00
5701,35499,100.00
5702,60727,0.00
5703,57693,0.00
5704,71501,50.00
5705,66369,100.00
5706,63466,0.00
5707,30375,100.00
5708,21459,100.00
5709,41289,100.00
5710,51284,100.00
5711,64280,0.00
5712,61426,0.00
5713,73377,100.00
5714,28549,100.00
5715,37830,100.00
5716,64837,100.00
5717,46135,100.00
5718,60024,0.00
5719,71284,75.00
5720,27408,0.00
5721,30374,100.00
5722,67753,100.00
5723,49655,100.00
5724,30089,100.00
5725,44639,100.00
5726,62172,0.00
5727,61001,0.00
5728,73727,100.00
5729,41100,100.00
5730,23948,0.00
5731,26965,100.00
5732,68374,100.00
5733,64392,100.00
5734,33179,100.00
5735,63061,0.00
5736,60074,0.00
5737,75288,75.00
5738,60784,100.00
5739,66528,100.00
5740,38732,100.00
5741,26250,100.00
5742,47443,100.00
5743,67933,100.00
5744,60608,100.00
5745,62842,0.00
5746,242023,0.00
5747,72175,100.00
5748,39647,100.00
5749,65366,100.00
5750,63969,100.00
5751,62626,33.33
5752,69434,0.00
5753,32075,100.00
5754,34113,100.00
5755,65015,100.00
5756,50024,100.00
5757,43077,100.00
5758,34044,100.00
5759,65308,100.00
5760,60889,0.00
5761,75055,0.00
5762,71633,50.00
5763,56271,100.00
5764,30908,100.00
5765,64647,100.00
5766,66382,100.00
5767,55278,100.00
5768,49181,100.00
5769,68009,50.00
5770,60899,0.00
5771,73482,50.00
5772,64108,100.00
5773,43740,100.00
5774,24803,100.00
5775,30881,100.00
5776,68806,100.00
5777,63000,100.00
5778,57092,50.00
5779,62926,0.00
5780,71607,0.00
5781,66024,100.00
5782,59678,100.00
5783,63523,100.00
5784,33743,100.00
5785,31490,100.00
5786,65983,100.00
5787,66667,50.00
5788,64815,0.00
5789,73476,66.67
5790,33560,0.00
5791,38731,100.00
5792,63819,100.00
5793,62823,100.00
5794,61188,0.00
5795,67671,50.00
5796,26433,100.00
5797,32427,100.00
5798,70009,100.00
5799,59529,100.00
5800,29535,100.00
5801,53820,100.00
5802,56885,0.00
5803,58833,0.00
5804,72035,33.33
5805,69354,100.00
5806,33409,100.00
5807,24446,100.00
5808,47659,100.00
5809,61008,100.00
5810,55296,100.00
5811,54625,50.00
5812,61535,0.00
5813,71708,66.67
5814,48881,0.00
5815,65682,100.00
5816,31454,100.00
5817,21650,100.00
5818,28816,100.00
5819,65327,100.00
5820,78743,50.00
5821,59845,0.00
5822,63960,0.00
5823,72086,100.00
5824,37316,100.00
5825,63908,100.00
5826,66360,100.00
5827,35873,100.00
5828,49886,100.00
5829,62508,0.00
5830,74660,50.00
5831,65913,100.00
5832,40980,100.00
5833,30380,100.00
5834,30665,100.00
5835,63354,100.00
5836,55787,66.67
5837,62424,0.00
5838,72449,0.00
5839,63876,100.00
5840,27860,100.00
5841,57275,100.00
5842,61145,100.00
5843,48409,100.00
5844,59779,100.00
5845,57520,50.00
5846,55975,0.00
5847,69544,50.00
5848,66643,100.00
5849,39271,100.00
5850,62283,100.00
5851,35075,100.00
5852,62076,100.00
5853,65420,100.00
5854,28527,100.00
5855,76093,0.00
5856,58158,0.00
5857,67246,100.00
5858,59774,100.00
5859,63691,100.00
5860,31352,100.00
5861,24888,100.00
5862,67554,100.00
5863,73778,50.00
5864,73621,0.00
5865,69913,33.33
5866,58961,100.00
5867,44963,100.00
5868,55705,100.00
5869,64300,100.00
5870,57059,50.00
5871,63205,0.00
5872,67662,100.00
5873,40736,100.00
5874,61592,0.00
5875,68064,100.00
5876,29061,100.00
5877,51179,100.00
5878,58391,100.00
5879,62411,50.00
5880,59884,0.00
5881,70279,75.00
5882,32916,0.00
5883,27770,100.00
5884,33190,100.00
5885,65670,100.00
5886,55680,100.00
5887,50784,100.00
5888,56885,0.00
5889,59013,0.00
5890,69418,50.00
5891,67010,100.00
5892,27289,0.00
5893,27258,100.00
5894,27948,100.00
5895,68021,100.00
5896,63867,100.00
5897,77605,50.00
5898,68760,0.00
5899,69711,66.67
5900,38174,100.00
5901,59888,100.00
5902,64548,100.00
5903,31794,100.00
5904,24664,100.00
5905,60734,50.00
5906,61739,0.00
5907,73243,66.67
5908,63902,100.00
5909,64772,100.00
5910,37413,100.00
5911,51343,100.00
5912,62879,100.00
5913,61953,50.00
5914,59002,0.00
5915,70246,66.67
5916,69619,0.00
5917,29618,100.00
5918,65024,100.00
5919,66156,100.00
5920,47759,100.00
5921,42315,100.00
5922,62457,0.00
5923,59002,0.00
5924,69832,33.33
5925,65300,100.00
5926,38891,100.00
5927,46597,100.00
5928,35090,100.00
5929,65007,100.00
5930,62254,100.00
5931,52951,100.00
5932,58916,0.00
5933,60582,0.00
5934,69099,100.00
5935,66071,100.00
5936,29904,0.00
5937,27404,100.00
5938,26978,100.00
5939,70903,100.00
5940,53057,100.00
5941,72831,0.00
5942,58062,0.00
5943,68839,75.00
5944,40404,100.00
5945,88228,100.00
5946,66396,100.00
5947,60952,100.00
5948,62342,0.00
5949,75253,75.00
5950,38868,100.00
5951,69119,100.00
5952,64618,100.00
5953,31888,100.00
5954,48822,100.00
5955,66117,100.00
5956,60862,0.00
5957,63777,0.00
5958,70958,50.00
5959,59434,100.00
5960,24913,100.00
5961,30547,100.00
5962,63872,100.00
5963,64142,100.00
5964,29333,100.00
5965,72636,50.00
5966,58834,0.00
5967,69023,33.33
5968,65446,100.00
5969,65302,100.00
5970,31794,100.00
5971,26381,100.00
5972,58097,100.00
5973,65815,100.00
5974,67641,100.00
5975,61835,0.00
5976,80959,33.33
5977,36640,100.00
5978,48862,100.00
5979,63134,100.00
5980,31783,100.00
5981,23252,100.00
5982,48050,100.00
5983,55294,100.00
5984,59241,0.00
5985,59369,0.00
5986,67703,50.00
5987,42555,100.00
5988,33008,0.00
5989,64847,100.00
5990,54954,100.00
5991,64074,0.00
5992,67495,50.00
5993,32275,100.00
5994,29621,100.00
5995,62808,100.00
5996,46937,100.00
5997,54561,100.00
5998,69929,100.00
5999,63686,0.00
6000,90420,33.33
