sample,work_ns,cpu_utilization
1,62353,66.67
2,97436,0.00
3,58773,100.00
4,42358,100.00
5,24845,0.00
6,25671,100.00
7,51783,100.00
8,53378,100.00
9,49661,100.00
10,33531,100.00
11,45653,100.00
12,51089,0.00
13,56819,0.00
14,49047,100.00
15,61591,100.00
16,58972,100.00
17,38185,0.00
18,28755,100.00
19,26122,100.00
20,37801,100.00
21,63808,100.00
22,49723,100.00
23,67360,50.00
24,55512,0.00
25,72668,0.00
26,55282,50.00
27,36254,100.00
28,59312,100.00
29,51786,0.00
30,51476,100.00
31,42029,100.00
32,53587,100.00
33,29640,100.00
34,28178,100.00
35,51302,0.00
36,47841,0.00
37,63694,66.67
38,54732,0.00
39,42786,100.00
40,30871,100.00
41,43976,100.00
42,50660,100.00
43,51727,100.00
44,59602,100.00
45,41828,0.00
46,53207,100.00
47,38181,0.00
48,29963,50.00
49,65538,100.00
50,39744,0.00
51,32411,100.00
52,52344,100.00
53,65575,100.00
54,34768,100.00
55,29993,0.00
56,50451,50.00
57,59075,100.00
58,63515,100.00
59,44446,100.00
60,31788,66.67
61,25546,0.00
62,24631,100.00
63,55051,100.00
64,39372,100.00
65,58016,100.00
66,48841,0.00
67,44604,50.00
68,66643,33.33
69,27864,0.00
70,42287,100.00
71,56251,100.00
72,31750,100.00
73,53961,100.00
74,39916,0.00
75,23949,100.00
76,25986,100.00
77,76609,100.00
78,34898,0.00
79,58104,0.00
80,65062,50.00
81,64040,0.00
82,38768,100.00
83,36279,0.00
84,43783,100.00
85,54072,100.00
86,56889,100.00
87,48922,100.00
88,42590,0.00
89,52712,100.00
90,37277,50.00
91,37278,0.00
92,67637,100.00
93,35211,0.00
94,59919,100.00
95,38388,0.00
96,25291,100.00
97,44121,100.00
98,57309,0.00
99,41581,50.00
100,52330,50.00
101,59021,0.00
102,34597,66.67
103,26143,50.00
104,49796,0.00
105,54132,100.00
106,58462,100.00
107,55768,0.00
108,47642,100.00
109,38663,100.00
110,45192,100.00
111,58054,0.00
112,56966,50.00
113,76173,100.00
114,57358,100.00
115,55217,100.00
116,24261,0.00
117,24142,100.00
118,26591,100.00
119,59009,100.00
120,49722,0.00
121,50092,100.00
122,67642,0.00
123,63823,0.00
124,74104,50.00
125,60463,100.00
126,32763,100.00
127,68686,100.00
128,48939,0.00
129,50135,100.00
130,34958,100.00
131,31251,100.00
132,33793,100.00
133,58456,100.00
134,54461,0.00
135,51770,0.00
136,68580,100.00
137,62576,100.00
138,27254,100.00
139,26127,100.00
140,54620,100.00
141,56717,100.00
142,36789,100.00
143,62297,50.00
144,51584,100.00
145,25135,100.00
146,41591,0.00
147,28701,50.00
148,65042,100.00
149,60830,100.00
150,55536,0.00
151,61249,100.00
152,43891,100.00
153,32660,100.00
154,30349,50.00
155,45082,100.00
156,63408,0.00
157,52179,66.67
158,45767,0.00
159,28565,50.00
160,40718,100.00
161,52700,0.00
162,48927,100.00
163,34621,100.00
164,64331,100.00
165,26672,0.00
166,57494,0.00
167,83121,50.00
168,43367,100.00
169,65040,100.00
170,51179,0.00
171,49252,100.00
172,49647,100.00
173,41900,100.00
174,27917,100.00
175,52234,100.00
176,71664,100.00
177,71910,0.00
178,17553,0.00
179,76618,100.00
180,59675,0.00
181,38482,100.00
182,42276,0.00
183,31225,100.00
184,66834,100.00
185,46884,0.00
186,59538,100.00
187,31137,100.00
188,26385,0.00
189,18929,0.00
190,46347,100.00
191,57928,66.67
192,53895,100.00
193,55660,100.00
194,44725,0.00
195,29600,100.00
196,27014,100.00
197,56065,100.00
198,50604,100.00
199,53844,100.00
200,62670,0.00
201,49242,0.00
202,63432,0.00
203,48112,100.00
204,33785,100.00
205,61720,100.00
206,37405,0.00
207,52178,100.00
208,41843,100.00
209,39448,0.00
210,27743,66.67
211,39727,0.00
212,57080,100.00
213,65666,50.00
214,58988,100.00
215,51943,100.00
216,35476,100.00
217,35799,100.00
218,55403,100.00
219,32194,100.00
220,45274,50.00
221,49050,0.00
222,25909,100.00
223,27406,50.00
224,36741,100.00
225,50748,66.67
226,50899,100.00
227,53359,100.00
228,40999,100.00
229,32934,100.00
230,25360,100.00
231,19246,50.00
232,27050,100.00
233,69362,100.00
234,43554,50.00
235,25787,100.00
236,23810,0.00
237,30641,100.00
238,53074,100.00
239,49690,0.00
240,42092,100.00
241,44105,100.00
242,43942,100.00
243,43260,0.00
244,62554,50.00
245,37101,0.00
246,52578,100.00
247,55717,100.00
248,67971,100.00
249,36606,100.00
250,28631,100.00
251,27192,100.00
252,45333,100.00
253,50822,100.00
254,52042,0.00
255,52724,0.00
256,63751,100.00
257,27215,0.00
258,25516,100.00
259,29738,100.00
260,59310,100.00
261,44449,100.00
262,43746,100.00
263,42246,0.00
264,31450,100.00
265,31054,50.00
266,39661,0.00
267,43531,50.00
268,54484,100.00
269,47002,0.00
270,32809,100.00
271,32063,100.00
272,25811,100.00
273,36362,100.00
274,23820,100.00
275,60282,0.00
276,34583,100.00
277,32056,50.00
278,31907,0.00
279,23097,100.00
280,35010,100.00
281,53109,100.00
282,42057,0.00
283,43047,100.00
284,25491,100.00
285,34726,66.67
286,22424,100.00
287,49002,50.00
288,39270,0.00
289,54966,66.67
290,57336,100.00
291,39310,100.00
292,33316,100.00
293,26852,0.00
294,48924,100.00
295,46481,100.00
296,64137,100.00
297,46526,50.00
298,56768,0.00
299,71894,100.00
300,35989,100.00
301,61438,100.00
302,53784,0.00
303,39631,100.00
304,55462,100.00
305,39169,100.00
306,23261,100.00
307,45901,50.00
308,60752,0.00
309,47448,0.00
310,62346,100.00
311,72061,100.00
312,38215,100.00
313,42535,100.00
314,21711,0.00
315,54053,100.00
316,36099,100.00
317,58875,50.00
318,38741,0.00
319,43138,100.00
320,41849,100.00
321,36018,0.00
322,65264,100.00
323,38354,0.00
324,54570,100.00
325,48749,100.00
326,44302,100.00
327,37035,100.00
328,28684,50.00
329,43535,100.00
330,58579,100.00
331,64069,100.00
332,45555,66.67
333,28420,0.00
334,49366,100.00
335,40125,0.00
336,52351,100.00
337,32844,100.00
338,59504,100.00
339,38328,0.00
340,45690,50.00
341,64495,50.00
342,24460,0.00
343,45935,100.00
344,62738,100.00
345,58642,0.00
346,47334,100.00
347,37690,100.00
348,24055,100.00
349,33949,100.00
350,71270,100.00
351,46536,50.00
352,51775,0.00
353,50049,0.00
354,57501,50.00
355,32135,100.00
356,24160,0.00
357,36941,100.00
358,50410,100.00
359,67001,100.00
360,52661,0.00
361,41542,66.67
362,26609,0.00
363,25981,100.00
364,28948,100.00
365,65590,50.00
366,44918,0.00
367,64893,100.00
368,39287,0.00
369,24829,100.00
370,54839,100.00
371,67724,100.00
372,52017,50.00
373,38419,100.00
374,40595,100.00
375,34629,100.00
376,35190,50.00
377,53973,100.00
378,51689,100.00
379,52289,100.00
380,42844,0.00
381,37702,100.00
382,40129,100.00
383,34239,0.00
384,29339,66.67
385,58713,100.00
386,71118,100.00
387,32417,0.00
388,46401,66.67
389,27621,0.00
390,28184,100.00
391,53291,100.00
392,56544,100.00
393,44944,0.00
394,53632,50.00
395,60435,0.00
396,57536,50.00
397,47661,100.00
398,60759,100.00
399,58817,100.00
400,43799,100.00
401,58891,100.00
402,27552,100.00
403,25267,100.00
404,37996,100.00
405,53553,100.00
406,48757,50.00
407,52072,0.00
408,55771,0.00
409,60390,100.00
410,22784,0.00
411,23859,100.00
412,38453,100.00
413,47728,100.00
414,40009,100.00
415,54274,100.00
416,48371,0.00
417,58118,100.00
418,61530,0.00
419,40030,0.00
420,50531,100.00
421,56303,100.00
422,71595,100.00
423,50948,100.00
424,32796,100.00
425,36971,0.00
426,31779,50.00
427,30250,50.00
428,75930,100.00
429,56070,100.00
430,27733,0.00
431,36679,100.00
432,26715,100.00
433,42466,100.00
434,46454,0.00
435,41398,100.00
436,55002,100.00
437,43602,100.00
438,59090,0.00
439,73267,50.00
440,49148,0.00
441,28553,100.00
442,67159,100.00
443,70168,100.00
444,40856,100.00
445,43526,100.00
446,26426,0.00
447,33006,100.00
448,64092,100.00
449,71104,100.00
450,51297,0.00
451,56141,0.00
452,75646,100.00
453,31733,100.00
454,31247,100.00
455,25407,0.00
456,57876,100.00
457,64167,100.00
458,63507,100.00
459,47434,0.00
460,51479,100.00
461,77618,0.00
462,50497,50.00
463,60982,100.00
464,57388,0.00
465,54985,100.00
466,26507,100.00
467,37801,100.00
468,37827,100.00
469,52050,50.00
470,58112,100.00
471,36292,50.00
472,32466,100.00
473,36638,0.00
474,23157,66.67
475,37272,100.00
476,49890,0.00
477,43246,100.00
478,45923,100.00
479,42442,100.00
480,27921,100.00
481,38908,100.00
482,45466,66.67
483,48759,0.00
484,59739,50.00
485,58331,100.00
486,23759,0.00
487,22982,100.00
488,26836,100.00
489,31174,100.00
490,61016,100.00
491,64142,100.00
492,35517,0.00
493,52817,0.00
494,69782,50.00
495,42291,0.00
496,46698,100.00
497,25549,0.00
498,54772,100.00
499,40104,100.00
500,37662,100.00
501,22569,100.00
502,26184,100.00
503,46441,50.00
504,52158,0.00
505,69967,50.00
506,25587,0.00
507,25451,100.00
508,25471,100.00
509,28102,100.00
510,44511,100.00
511,51490,100.00
512,54922,100.00
513,39110,0.00
514,31362,50.00
515,34253,50.00
516,30314,100.00
517,29501,100.00
518,75634,100.00
519,60888,100.00
520,28652,100.00
521,26263,0.00
522,30819,100.00
523,40518,50.00
524,53620,50.00
525,55097,100.00
526,63547,100.00
527,39737,0.00
528,28878,100.00
529,29513,100.00
530,26526,0.00
531,50901,100.00
532,46960,100.00
533,25095,100.00
534,36562,66.67
535,55404,0.00
536,66293,50.00
537,45510,100.00
538,61750,100.00
539,74751,100.00
540,45058,0.00
541,39200,100.00
542,22838,100.00
543,28194,100.00
544,40767,100.00
545,69024,100.00
546,38525,100.00
547,56948,0.00
548,70799,0.00
549,39109,100.00
550,39616,100.00
551,27102,0.00
552,52222,100.00
553,60261,100.00
554,46251,100.00
555,34366,100.00
556,46240,50.00
557,56227,100.00
558,37050,50.00
559,49287,100.00
560,72667,100.00
561,48719,100.00
562,36250,100.00
563,26333,0.00
564,26702,100.00
565,62406,100.00
566,103167,50.00
567,53167,0.00
568,38353,50.00
569,73094,50.00
570,43307,100.00
571,54179,100.00
572,41354,0.00
573,63294,100.00
574,63603,100.00
575,50388,100.00
576,33463,100.00
577,42229,100.00
578,52666,0.00
579,49579,50.00
580,65593,0.00
581,66669,100.00
582,23110,0.00
583,22110,100.00
584,26909,100.00
585,27650,100.00
586,62158,100.00
587,68999,100.00
588,53116,0.00
589,39833,100.00
590,78744,0.00
591,45125,50.00
592,57894,100.00
593,36105,0.00
594,67874,100.00
595,32908,100.00
596,25592,100.00
597,22731,100.00
598,30787,100.00
599,48813,100.00
600,58147,50.00
601,61839,0.00
602,75660,66.67
603,39241,100.00
604,31780,100.00
605,39554,0.00
606,31172,100.00
607,59806,100.00
608,73527,100.00
609,29303,100.00
610,52961,50.00
611,74675,0.00
612,43218,100.00
613,36571,0.00
614,59246,100.00
615,60318,100.00
616,34989,100.00
617,26878,100.00
618,24845,100.00
619,28284,100.00
620,52125,50.00
621,54657,100.00
622,50417,0.00
623,72214,66.67
624,37335,0.00
625,36020,66.67
626,36251,0.00
627,28654,100.00
628,58163,100.00
629,50260,100.00
630,32505,100.00
631,38357,100.00
632,56941,0.00
633,54795,0.00
634,46330,100.00
635,61961,100.00
636,52412,100.00
637,45290,100.00
638,23001,0.00
639,22335,100.00
640,27060,100.00
641,63916,100.00
642,53331,100.00
643,55454,100.00
644,48320,0.00
645,57733,0.00
646,28142,100.00
647,37424,100.00
648,26811,100.00
649,52791,100.00
650,70228,100.00
651,37744,100.00
652,23471,100.00
653,44885,100.00
654,39526,50.00
655,48890,0.00
656,66439,66.67
657,61415,0.00
658,61221,100.00
659,23610,0.00
660,27008,100.00
661,29074,100.00
662,73428,100.00
663,61753,100.00
664,54083,100.00
665,56909,0.00
666,47117,66.67
667,49332,0.00
668,52269,50.00
669,38077,100.00
670,64768,100.00
671,51028,0.00
672,36634,100.00
673,26166,100.00
674,27874,100.00
675,44482,100.00
676,52815,50.00
677,72697,50.00
678,62193,0.00
679,43893,100.00
680,23117,0.00
681,23968,100.00
682,28874,100.00
683,86828,100.00
684,59060,100.00
685,32020,100.00
686,65367,50.00
687,50398,0.00
688,52134,66.67
689,39576,0.00
690,30487,100.00
691,62042,100.00
692,46048,100.00
693,29599,100.00
694,24657,100.00
695,27892,100.00
696,47792,100.00
697,52812,100.00
698,57467,0.00
699,65329,0.00
700,54062,100.00
701,24519,0.00
702,24091,100.00
703,28205,100.00
704,65335,100.00
705,65251,100.00
706,36327,100.00
707,47589,50.00
708,42509,100.00
709,35738,0.00
710,45448,50.00
711,31462,100.00
712,62906,100.00
713,23781,0.00
714,21482,100.00
715,25902,100.00
716,39268,100.00
717,55719,100.00
718,50122,100.00
719,43168,0.00
720,62541,50.00
721,41895,100.00
722,39693,50.00
723,24896,100.00
724,33422,100.00
725,70169,0.00
726,63657,100.00
727,35897,100.00
728,35758,0.00
729,24021,100.00
730,62044,0.00
731,70225,0.00
732,62412,100.00
733,63528,100.00
734,38943,0.00
735,24088,100.00
736,21301,100.00
737,38145,100.00
738,47871,100.00
739,65769,100.00
740,58786,100.00
741,60317,0.00
742,72124,0.00
743,42272,0.00
744,40099,100.00
745,37872,100.00
746,75010,100.00
747,65110,100.00
748,41899,100.00
749,45775,100.00
750,24308,100.00
751,52785,100.00
752,70783,0.00
753,60679,0.00
754,76047,50.00
755,83090,100.00
756,35970,100.00
757,37236,100.00
758,37695,100.00
759,35730,100.00
760,61071,100.00
761,71784,100.00
762,45476,100.00
763,56994,50.00
764,70016,0.00
765,44128,100.00
766,29945,0.00
767,49325,100.00
768,60375,100.00
769,64899,100.00
770,38709,0.00
771,22199,100.00
772,27407,100.00
773,47118,50.00
774,31968,0.00
775,60540,50.00
776,76393,100.00
777,41942,50.00
778,27594,100.00
779,25330,0.00
780,29319,100.00
781,60527,100.00
782,68742,100.00
783,39182,100.00
784,38967,50.00
785,62992,0.00
786,40618,100.00
787,36522,0.00
788,58046,100.00
789,63097,0.00
790,40935,100.00
791,45154,100.00
792,24513,100.00
793,27801,100.00
794,52713,100.00
795,52710,50.00
796,60941,0.00
797,63068,0.00
798,72004,100.00
799,31601,100.00
800,24570,100.00
801,27341,100.00
802,57625,100.00
803,72167,100.00
804,39985,100.00
805,44399,0.00
806,48324,100.00
807,29404,50.00
808,38316,0.00
809,56843,66.67
810,53934,0.00
811,59877,100.00
812,23820,0.00
813,25343,100.00
814,22579,100.00
815,68036,100.00
816,50288,0.00
817,29948,100.00
818,58935,66.67
819,34862,50.00
820,33127,100.00
821,27119,0.00
822,27266,100.00
823,61651,100.00
824,59426,100.00
825,26607,100.00
826,24438,100.00
827,43168,100.00
828,26326,0.00
829,58320,0.00
830,69782,100.00
831,56004,50.00
832,38803,100.00
833,21444,0.00
834,26443,100.00
835,28704,100.00
836,69715,100.00
837,56204,100.00
838,35694,100.00
839,87559,33.33
840,38980,100.00
841,26086,0.00
842,40190,100.00
843,48868,100.00
844,59852,100.00
845,38290,100.00
846,28119,100.00
847,30317,100.00
848,42310,100.00
849,42248,50.00
850,58160,0.00
851,67156,50.00
852,59050,100.00
853,39237,100.00
854,23267,0.00
855,25939,100.00
856,30220,100.00
857,79521,100.00
858,54473,100.00
859,41745,50.00
860,60730,50.00
861,42034,0.00
862,42607,100.00
863,37623,0.00
864,53454,100.00
865,47819,100.00
866,38600,100.00
867,24882,100.00
868,27147,100.00
869,44059,100.00
870,42134,0.00
871,49133,100.00
872,63922,50.00
873,41616,66.67
874,25849,0.00
875,23311,100.00
876,30469,100.00
877,54294,100.00
878,65039,100.00
879,31615,100.00
880,36598,0.00
881,62580,0.00
882,37603,100.00
883,29655,0.00
884,47086,100.00
885,48752,100.00
886,29404,100.00
887,26670,100.00
888,24450,100.00
889,26779,100.00
890,58014,100.00
891,46760,0.00
892,56681,0.00
893,82055,50.00
894,47444,100.00
895,65825,100.00
896,26852,0.00
897,32309,100.00
898,73668,100.00
899,69620,100.00
900,27185,100.00
901,51170,50.00
902,147374,100.00
903,46030,0.00
904,35209,50.00
905,50765,100.00
906,64405,100.00
907,41033,100.00
908,22407,0.00
909,24684,100.00
910,26166,100.00
911,69465,100.00
912,51430,0.00
913,32303,50.00
914,75497,50.00
915,46331,0.00
916,37013,66.67
917,42066,0.00
918,29701,100.00
919,61978,100.00
920,68331,100.00
921,35774,100.00
922,25022,100.00
923,47603,100.00
924,28524,100.00
925,54970,0.00
926,77320,50.00
927,66289,0.00
928,45473,100.00
929,22177,0.00
930,26633,100.00
931,30289,100.00
932,75704,100.00
933,63201,100.00
934,54784,100.00
935,56389,50.00
936,40930,0.00
937,34693,100.00
938,37357,0.00
939,42491,100.00
940,52167,100.00
941,60770,100.00
942,25314,0.00
943,27708,100.00
944,24448,100.00
945,29879,66.67
946,63010,0.00
947,72576,50.00
948,37752,0.00
949,43416,100.00
950,19875,0.00
951,26676,100.00
952,37798,100.00
953,67141,100.00
954,51882,100.00
955,44577,50.00
956,86423,0.00
957,53945,0.00
958,51453,66.67
959,36526,0.00
960,60378,100.00
961,58180,100.00
962,48612,100.00
963,23746,100.00
964,24824,100.00
965,46320,100.00
966,61594,100.00
967,47506,50.00
968,65355,50.00
969,58202,0.00
970,46694,100.00
971,25290,0.00
972,33349,100.00
973,54550,100.00
974,68520,100.00
975,31761,100.00
976,37661,100.00
977,57532,0.00
978,52901,0.00
979,54191,100.00
980,26711,0.00
981,64130,100.00
982,42408,100.00
983,41588,100.00
984,23859,100.00
985,27390,100.00
986,57471,100.00
987,48460,100.00
988,45816,50.00
989,51202,0.00
990,68872,50.00
991,61346,100.00
992,23573,0.00
993,30078,100.00
994,28983,100.00
995,75279,100.00
996,28196,100.00
997,22395,100.00
998,60446,50.00
999,50969,0.00
1000,83123,50.00
1001,60976,100.00
1002,59071,100.00
1003,58958,100.00
1004,36231,0.00
1005,22669,100.00
1006,26548,100.00
1007,40382,100.00
1008,59600,100.00
1009,32392,100.00
1010,26527,50.00
1011,67548,0.00
1012,65630,50.00
1013,51646,0.00
1014,32125,100.00
1015,66938,100.00
1016,45255,0.00
1017,34051,100.00
1018,35969,100.00
1019,27008,0.00
1020,38071,100.00
1021,42721,100.00
1022,53962,0.00
1023,64543,0.00
1024,73989,100.00
1025,24286,0.00
1026,24556,100.00
1027,30840,100.00
1028,55735,100.00
1029,52140,100.00
1030,51078,100.00
1031,61249,0.00
1032,43995,100.00
1033,46960,50.00
1034,43841,100.00
1035,43393,50.00
1036,63472,100.00
1037,57297,0.00
1038,52935,100.00
1039,26677,100.00
1040,37581,100.00
1041,21022,100.00
1042,37231,100.00
1043,63618,66.67
1044,57592,0.00
1045,32604,100.00
1046,4046823,100.00
1047,27154,100.00
1048,27696,100.00
1049,70393,100.00
1050,57695,100.00
1051,59620,100.00
1052,43414,100.00
1053,58346,0.00
1054,56131,50.00
1055,62720,100.00
1056,37837,100.00
1057,65732,100.00
1058,53675,0.00
1059,37752,100.00
1060,32235,100.00
1061,34665,100.00
1062,29887,100.00
1063,67326,100.00
1064,74813,66.67
1065,62199,0.00
1066,73737,50.00
1067,54760,0.00
1068,37319,50.00
1069,52414,100.00
1070,35348,0.00
1071,63441,100.00
1072,59700,100.00
1073,58158,100.00
1074,31183,100.00
1075,30166,100.00
1076,61066,0.00
1077,74911,0.00
1078,65225,100.00
1079,71256,100.00
1080,54316,100.00
1081,29545,100.00
1082,35442,0.00
1083,26686,100.00
1084,60337,100.00
1085,75935,100.00
1086,58214,0.00
1087,51007,50.00
1088,72945,50.00
1089,45272,0.00
1090,43196,100.00
1091,38003,0.00
1092,48808,100.00
1093,52549,100.00
1094,79333,100.00
1095,25937,100.00
1096,29482,100.00
1097,40202,100.00
1098,44016,0.00
1099,69858,100.00
1100,66085,0.00
1101,52667,100.00
1102,48349,100.00
1103,46629,100.00
1104,26865,100.00
1105,29155,100.00
1106,68406,100.00
1107,59916,100.00
1108,48666,66.67
1109,55777,0.00
1110,68023,0.00
1111,47693,50.00
1112,54000,0.00
1113,32459,100.00
1114,64221,100.00
1115,43921,0.00
1116,30886,100.00
1117,23291,100.00
1118,23289,0.00
1119,28132,100.00
1120,65270,100.00
1121,58991,0.00
1122,71621,50.00
1123,70461,100.00
1124,23568,0.00
1125,28716,100.00
1126,24725,100.00
1127,74979,100.00
1128,49567,100.00
1129,47756,50.00
1130,48529,100.00
1131,38469,66.67
1132,35768,0.00
1133,51436,50.00
1134,61678,100.00
1135,62856,100.00
1136,54319,100.00
1137,35863,100.00
1138,37760,100.00
1139,39610,100.00
1140,43268,100.00
1141,36705,0.00
1142,75790,50.00
1143,64964,0.00
1144,48690,66.67
1145,24556,0.00
1146,24143,100.00
1147,29650,100.00
1148,69172,100.00
1149,54137,100.00
1150,46373,100.00
1151,46671,100.00
1152,60123,0.00
1153,74370,100.00
1154,42054,0.00
1155,60630,100.00
1156,57701,100.00
1157,66006,100.00
1158,36383,0.00
1159,24991,100.00
1160,27490,100.00
1161,47133,100.00
1162,57126,100.00
1163,70659,66.67
1164,55833,0.00
1165,71402,0.00
1166,41213,0.00
1167,34672,50.00
1168,47252,100.00
1169,27126,0.00
1170,56831,100.00
1171,65988,100.00
1172,52600,100.00
1173,31846,100.00
1174,22323,100.00
1175,54158,0.00
1176,66363,100.00
1177,68681,100.00
1178,47018,0.00
1179,50405,100.00
1180,26999,100.00
1181,38413,100.00
1182,35420,100.00
1183,54117,100.00
1184,61697,50.00
1185,54961,100.00
1186,65454,0.00
1187,62774,50.00
1188,29644,0.00
1189,41679,66.67
1190,68793,100.00
1191,57591,0.00
1192,57966,100.00
1193,63159,100.00
1194,34289,0.00
1195,38199,100.00
1196,54799,100.00
1197,69012,0.00
1198,76690,50.00
1199,40035,0.00
1200,66283,100.00
1201,55811,100.00
1202,37429,100.00
1203,30363,100.00
1204,56869,100.00
1205,70048,100.00
1206,54284,100.00
1207,31304,100.00
1208,61114,0.00
1209,66998,0.00
1210,65250,100.00
1211,26777,0.00
1212,61977,100.00
1213,62782,100.00
1214,57924,100.00
1215,33827,100.00
1216,22973,100.00
1217,39947,100.00
1218,57256,100.00
1219,50798,50.00
1220,55224,0.00
1221,65817,0.00
1222,64926,100.00
1223,26562,0.00
1224,26304,100.00
1225,26562,100.00
1226,74619,100.00
1227,57353,100.00
1228,54471,100.00
1229,59808,50.00
1230,36930,0.00
1231,40587,50.00
1232,57729,66.67
1233,34897,0.00
1234,51493,100.00
1235,72659,100.00
1236,32296,0.00
1237,29324,100.00
1238,51407,100.00
1239,44015,100.00
1240,48529,100.00
1241,76347,50.00
1242,65373,50.00
1243,38594,0.00
1244,56046,66.67
1245,27762,0.00
1246,64846,100.00
1247,60731,0.00
1248,50100,100.00
1249,32757,100.00
1250,47511,100.00
1251,56325,0.00
1252,30746,50.00
1253,42196,0.00
1254,55992,100.00
1255,62562,100.00
1256,41876,0.00
1257,26422,100.00
1258,21011,100.00
1259,27973,100.00
1260,49678,100.00
1261,48191,100.00
1262,64699,0.00
1263,53656,50.00
1264,59044,50.00
1265,47759,0.00
1266,31879,100.00
1267,47347,100.00
1268,46629,0.00
1269,41864,100.00
1270,42227,100.00
1271,54002,100.00
1272,26572,100.00
1273,32035,100.00
1274,78687,50.00
1275,50391,0.00
1276,56025,0.00
1277,75800,100.00
1278,57066,100.00
1279,41369,100.00
1280,38831,0.00
1281,39009,100.00
1282,44160,100.00
1283,61146,100.00
1284,49393,50.00
1285,37701,0.00
1286,39437,100.00
1287,31274,50.00
1288,28991,100.00
1289,67270,100.00
1290,49679,100.00
1291,53556,100.00
1292,37173,100.00
1293,28859,100.00
1294,39972,100.00
1295,43286,50.00
1296,59566,100.00
1297,65142,50.00
1298,45377,100.00
1299,31795,0.00
1300,36811,100.00
1301,23523,0.00
1302,63090,100.00
1303,45711,100.00
1304,64625,100.00
1305,54468,100.00
1306,51750,0.00
1307,66262,66.67
1308,22781,0.00
1309,42753,100.00
1310,57605,100.00
1311,44512,100.00
1312,41895,100.00
1313,39649,100.00
1314,23479,100.00
1315,30042,100.00
1316,66108,100.00
1317,45277,0.00
1318,55333,0.00
1319,64866,0.00
1320,66850,100.00
1321,38615,100.00
1322,41803,0.00
1323,42589,100.00
1324,47302,100.00
1325,62360,100.00
1326,49549,0.00
1327,49025,100.00
1328,21854,0.00
1329,16875,100.00
1330,27801,50.00
1331,70803,100.00
1332,42027,100.00
1333,46614,100.00
1334,39677,100.00
1335,26766,100.00
1336,42843,100.00
1337,65250,100.00
1338,54425,50.00
1339,61896,50.00
1340,46824,100.00
1341,33214,50.00
1342,46445,100.00
1343,36728,0.00
1344,57113,100.00
1345,55868,100.00
1346,76115,100.00
1347,25833,100.00
1348,47862,100.00
1349,58020,0.00
1350,68513,50.00
1351,62464,100.00
1352,54341,0.00
1353,51070,100.00
1354,51515,100.00
1355,44288,100.00
1356,23636,100.00
1357,33136,100.00
1358,69478,100.00
1359,58787,100.00
1360,49636,50.00
1361,54583,50.00
1362,70803,0.00
1363,59637,66.67
1364,41426,0.00
1365,27366,100.00
1366,75808,100.00
1367,70847,100.00
1368,53813,0.00
1369,34635,100.00
1370,38070,100.00
1371,28279,100.00
1372,52169,100.00
1373,65640,0.00
1374,61050,0.00
1375,70463,100.00
1376,50337,0.00
1377,28295,100.00
1378,26360,100.00
1379,55879,100.00
1380,51332,100.00
1381,50748,100.00
1382,88913,100.00
1383,64971,0.00
1384,54100,100.00
1385,46546,50.00
1386,43277,0.00
1387,66548,100.00
1388,39243,0.00
1389,62648,100.00
1390,32116,100.00
1391,37841,100.00
1392,33872,100.00
1393,35828,50.00
1394,68143,66.67
1395,48701,0.00
1396,39398,100.00
1397,42861,0.00
1398,29410,100.00
1399,30592,100.00
1400,61451,100.00
1401,55129,100.00
1402,62411,100.00
1403,59826,100.00
1404,57330,0.00
1405,60323,0.00
1406,85782,50.00
1407,56148,100.00
1408,69374,100.00
1409,38566,0.00
1410,58866,100.00
1411,40258,100.00
1412,27302,0.00
1413,30218,100.00
1414,63895,100.00
1415,77006,100.00
1416,58707,0.00
1417,58488,0.00
1418,84021,66.67
1419,48652,0.00
1420,42307,100.00
1421,37623,0.00
1422,57292,100.00
1423,54590,100.00
1424,60368,100.00
1425,67790,0.00
1426,75617,0.00
1427,23145,0.00
1428,30918,100.00
1429,32541,0.00
1430,93785,33.33
1431,46353,0.00
1432,53151,100.00
1433,24798,0.00
1434,61464,100.00
1435,51672,100.00
1436,63950,100.00
1437,29747,50.00
1438,39001,100.00
1439,43334,0.00
1440,50386,100.00
1441,36432,100.00
1442,63492,66.67
1443,56610,0.00
1444,50848,100.00
1445,24796,0.00
1446,27365,100.00
1447,55504,100.00
1448,60944,100.00
1449,52332,0.00
1450,66746,66.67
1451,24221,0.00
1452,26287,100.00
1453,33754,100.00
1454,63503,100.00
1455,36681,100.00
1456,55615,100.00
1457,51364,100.00
1458,40844,100.00
1459,56152,100.00
1460,70817,50.00
1461,89613,0.00
1462,67678,100.00
1463,54681,100.00
1464,44286,100.00
1465,27640,100.00
1466,27435,0.00
1467,45900,100.00
1468,46124,100.00
1469,65256,100.00
1470,56116,100.00
1471,46632,0.00
1472,69765,50.00
1473,56062,50.00
1474,57761,100.00
1475,68155,100.00
1476,25917,100.00
1477,56600,100.00
1478,51847,100.00
1479,35933,100.00
1480,57196,50.00
1481,47681,100.00
1482,33572,100.00
1483,35478,50.00
1484,64423,100.00
1485,38134,100.00
1486,37012,100.00
1487,56587,0.00
1488,47769,100.00
1489,30109,50.00
1490,24116,100.00
1491,46589,50.00
1492,48741,100.00
1493,65452,100.00
1494,43886,0.00
1495,25281,50.00
1496,47307,0.00
1497,48109,100.00
1498,54514,100.00
1499,44095,0.00
1500,25730,100.00
1501,53001,50.00
1502,42612,50.00
1503,83921,0.00
1504,62280,100.00
1505,52924,0.00
1506,26619,100.00
1507,24342,100.00
1508,61440,100.00
1509,31155,0.00
1510,28038,100.00
1511,67009,100.00
1512,44748,100.00
1513,37457,100.00
1514,55115,0.00
1515,68599,0.00
1516,69122,100.00
1517,39776,0.00
1518,24146,100.00
1519,47952,100.00
1520,46832,100.00
1521,37170,100.00
1522,41083,100.00
1523,44514,100.00
1524,29562,0.00
1525,55280,0.00
1526,63455,66.67
1527,48099,100.00
1528,48845,100.00
1529,37726,0.00
1530,36239,100.00
1531,23767,100.00
1532,51424,100.00
1533,36983,100.00
1534,38999,100.00
1535,62705,0.00
1536,37050,100.00
1537,36427,50.00
1538,41347,0.00
1539,31421,100.00
1540,63491,100.00
1541,37292,0.00
1542,48530,100.00
1543,48274,100.00
1544,46648,100.00
1545,38965,100.00
1546,29614,50.00
1547,59567,0.00
1548,53610,100.00
1549,29921,0.00
1550,58866,100.00
1551,32241,100.00
1552,29291,100.00
1553,59212,100.00
1554,36645,0.00
1555,40215,100.00
1556,62030,100.00
1557,42831,0.00
1558,48749,0.00
1559,61093,100.00
1560,32561,100.00
1561,58784,100.00
1562,25321,0.00
1563,41204,100.00
1564,43088,100.00
1565,39954,100.00
1566,25095,100.00
1567,57752,100.00
1568,51482,100.00
1569,63779,0.00
1570,67026,50.00
1571,71605,0.00
1572,45828,100.00
1573,34410,100.00
1574,53302,100.00
1575,59009,100.00
1576,49837,100.00
1577,59118,100.00
1578,54288,50.00
1579,53328,100.00
1580,23553,0.00
1581,26512,0.00
1582,48575,50.00
1583,57823,100.00
1584,32005,100.00
1585,56766,100.00
1586,49145,100.00
1587,43364,100.00
1588,57475,100.00
1589,41064,0.00
1590,59701,100.00
1591,59164,66.67
1592,39920,100.00
1593,28579,50.00
1594,46881,100.00
1595,53098,0.00
1596,40696,100.00
1597,37802,100.00
1598,60687,100.00
1599,43230,100.00
1600,55547,50.00
1601,69475,50.00
1602,22238,0.00
1603,53003,100.00
1604,58266,100.00
1605,47156,100.00
1606,43089,100.00
1607,44025,100.00
1608,27543,100.00
1609,49892,100.00
1610,59725,100.00
1611,40270,0.00
1612,48780,0.00
1613,52330,0.00
1614,55516,100.00
1615,51573,100.00
1616,44504,0.00
1617,51461,100.00
1618,48412,100.00
1619,55687,100.00
1620,43080,100.00
1621,30227,100.00
1622,44040,50.00
1623,45787,0.00
1624,64230,0.00
1625,78240,100.00
1626,49521,100.00
1627,59976,100.00
1628,25327,0.00
1629,27169,100.00
1630,38537,100.00
1631,53289,100.00
1632,30205,100.00
1633,48285,50.00
1634,61990,0.00
1635,39798,100.00
1636,30605,50.00
1637,43067,100.00
1638,43441,100.00
1639,54529,100.00
1640,60528,100.00
1641,46313,100.00
1642,36608,100.00
1643,49053,100.00
1644,21309,66.67
1645,38313,0.00
1646,59380,66.67
1647,49048,50.00
1648,47619,100.00
1649,54069,0.00
1650,34120,100.00
1651,30914,100.00
1652,67440,100.00
1653,38361,100.00
1654,55290,100.00
1655,55939,100.00
1656,56138,0.00
1657,68001,0.00
1658,47434,0.00
1659,42917,100.00
1660,47359,100.00
1661,40045,100.00
1662,47996,100.00
1663,42150,100.00
1664,40026,100.00
1665,27200,100.00
1666,63728,100.00
1667,51814,100.00
1668,53513,0.00
1669,54493,0.00
1670,75877,100.00
1671,31243,100.00
1672,35943,100.00
1673,24215,0.00
1674,59463,100.00
1675,36753,100.00
1676,73756,100.00
1677,46434,0.00
1678,47056,100.00
1679,23622,0.00
1680,29967,50.00
1681,61902,100.00
1682,48665,100.00
1683,40587,100.00
1684,43801,100.00
1685,42746,100.00
1686,45361,100.00
1687,54839,50.00
1688,44446,0.00
1689,53505,66.67
1690,50555,100.00
1691,44737,0.00
1692,31427,100.00
1693,40717,66.67
1694,40158,0.00
1695,49801,100.00
1696,52978,100.00
1697,58635,100.00
1698,33315,100.00
1699,41006,100.00
1700,79521,0.00
1701,44328,0.00
1702,59831,100.00
1703,51992,0.00
1704,48896,100.00
1705,43676,100.00
1706,40889,100.00
1707,28311,100.00
1708,27458,100.00
1709,67003,100.00
1710,53946,100.00
1711,41128,50.00
1712,59700,0.00
1713,58455,0.00
1714,46469,100.00
1715,24440,0.00
1716,55793,100.00
1717,48928,100.00
1718,61792,100.00
1719,42302,100.00
1720,34608,100.00
1721,43216,100.00
1722,46450,100.00
1723,47463,50.00
1724,53703,0.00
1725,68599,50.00
1726,54000,100.00
1727,65171,100.00
1728,33421,100.00
1729,35508,100.00
1730,57283,100.00
1731,39502,100.00
1732,48619,50.00
1733,67519,100.00
1734,53788,0.00
1735,44407,50.00
1736,52343,66.67
1737,55992,100.00
1738,61086,100.00
1739,39279,0.00
1740,54136,100.00
1741,47422,100.00
1742,46022,100.00
1743,31762,100.00
1744,21611,0.00
1745,60094,100.00
1746,52809,100.00
1747,42195,50.00
1748,44190,0.00
1749,32938,100.00
1750,43615,100.00
1751,44415,0.00
1752,41460,100.00
1753,44665,100.00
1754,60561,0.00
1755,38905,0.00
1756,42751,0.00
1757,71995,50.00
1758,47786,100.00
1759,62960,100.00
1760,38017,0.00
1761,38745,100.00
1762,40895,100.00
1763,26479,100.00
1764,25642,100.00
1765,45631,100.00
1766,64698,100.00
1767,47008,0.00
1768,61937,0.00
1769,52892,0.00
1770,29594,100.00
1771,31694,100.00
1772,48154,100.00
1773,37709,100.00
1774,35022,100.00
1775,63944,50.00
1776,40385,0.00
1777,46738,66.67
1778,45322,100.00
1779,35166,50.00
1780,64829,100.00
1781,44181,0.00
1782,54169,100.00
1783,60789,100.00
1784,37622,100.00
1785,58577,100.00
1786,31943,50.00
1787,48118,0.00
1788,62534,100.00
1789,48798,100.00
1790,41114,0.00
1791,31091,66.67
1792,55182,100.00
1793,41910,0.00
1794,40124,100.00
1795,29587,100.00
1796,66389,100.00
1797,34267,100.00
1798,40584,0.00
1799,55182,0.00
1800,54807,50.00
1801,66167,100.00
1802,38691,0.00
1803,36113,100.00
1804,42212,100.00
1805,28789,100.00
1806,25974,100.00
1807,48065,100.00
1808,68978,100.00
1809,57274,100.00
1810,50739,0.00
1811,54265,33.33
1812,51858,0.00
1813,53487,100.00
1814,26967,0.00
1815,54032,100.00
1816,45279,100.00
1817,58649,100.00
1818,51477,100.00
1819,30855,100.00
1820,39388,100.00
1821,55491,100.00
1822,47328,100.00
1823,59497,0.00
1824,63518,0.00
1825,72236,100.00
1826,52287,0.00
1827,29866,100.00
1828,30591,100.00
1829,54925,100.00
1830,41888,100.00
1831,35641,100.00
1832,61695,50.00
1833,48724,0.00
1834,38867,66.67
1835,40517,0.00
1836,49852,75.00
1837,39532,0.00
1838,47570,100.00
1839,41887,100.00
1840,44653,100.00
1841,27968,100.00
1842,33872,100.00
1843,24457,50.00
1844,57856,100.00
1845,65383,100.00
1846,51657,50.00
1847,37701,0.00
1848,27876,100.00
1849,50278,100.00
1850,45129,0.00
1851,37545,100.00
1852,27620,100.00
1853,66752,50.00
1854,40920,0.00
1855,46863,0.00
1856,52494,100.00
1857,43883,100.00
1858,56498,100.00
1859,26796,0.00
1860,53042,100.00
1861,37357,100.00
1862,25112,0.00
1863,27117,100.00
1864,52889,100.00
1865,27549,100.00
1866,51200,0.00
1867,61684,0.00
1868,75337,100.00
1869,27399,100.00
1870,28208,100.00
1871,47830,0.00
1872,47514,100.00
1873,38723,100.00
1874,66881,100.00
1875,36850,50.00
1876,37755,100.00
1877,36462,0.00
1878,38633,100.00
1879,61630,66.67
1880,35988,0.00
1881,53183,100.00
1882,54320,100.00
1883,27348,100.00
1884,54054,100.00
1885,41850,100.00
1886,44568,50.00
1887,61789,100.00
1888,39946,100.00
1889,36009,0.00
1890,28570,66.67
1891,25402,100.00
1892,68376,100.00
1893,45433,100.00
1894,48907,100.00
1895,54471,100.00
1896,33276,100.00
1897,44976,50.00
1898,58425,0.00
1899,31663,100.00
1900,63750,100.00
1901,24834,0.00
1902,58372,100.00
1903,43851,100.00
1904,24122,100.00
1905,26452,100.00
1906,52277,100.00
1907,57396,100.00
1908,51426,100.00
1909,40206,0.00
1910,64305,0.00
1911,57116,0.00
1912,51530,100.00
1913,25793,0.00
1914,49680,100.00
1915,30518,100.00
1916,53561,0.00
1917,39087,100.00
1918,31651,100.00
1919,25858,100.00
1920,56028,100.00
1921,48658,50.00
1922,59333,0.00
1923,66020,0.00
1924,72485,100.00
1925,38612,0.00
1926,27582,100.00
1927,26593,100.00
1928,65527,100.00
1929,32481,100.00
1930,56335,100.00
1931,44037,66.67
1932,33612,0.00
1933,36389,100.00
1934,46981,50.00
1935,51013,0.00
1936,53017,100.00
1937,48821,0.00
1938,47591,100.00
1939,37170,100.00
1940,43583,100.00
1941,24373,66.67
1942,43257,50.00
1943,67248,100.00
1944,45002,100.00
1945,36038,100.00
1946,35509,0.00
1947,39904,100.00
1948,54463,100.00
1949,41888,0.00
1950,34991,100.00
1951,50590,100.00
1952,62037,100.00
1953,51881,0.00
1954,64515,0.00
1955,68157,100.00
1956,53223,100.00
1957,53596,100.00
1958,27287,0.00
1959,53087,100.00
1960,38197,100.00
1961,27134,100.00
1962,48793,100.00
1963,57690,100.00
1964,63497,100.00
1965,51668,0.00
1966,69030,50.00
1967,77958,100.00
1968,33213,100.00
1969,36731,100.00
1970,77877,0.00
1971,54851,100.00
1972,51462,100.00
1973,53586,100.00
1974,33508,100.00
1975,40643,100.00
1976,51281,0.00
1977,52315,0.00
1978,69119,100.00
1979,42165,0.00
1980,61271,100.00
1981,35061,100.00
1982,39215,100.00
1983,50688,100.00
1984,52001,100.00
1985,58314,50.00
1986,57694,0.00
1987,57642,50.00
1988,42798,0.00
1989,26394,100.00
1990,44854,100.00
1991,61010,100.00
1992,51205,100.00
1993,51786,100.00
1994,55886,100.00
1995,34080,100.00
1996,33103,66.67
1997,43464,0.00
1998,57868,33.33
1999,55829,0.00
2000,77598,100.00
2001,46895,100.00
2002,44147,100.00
2003,25944,0.00
2004,25497,100.00
2005,55862,100.00
2006,56780,100.00
2007,49794,0.00
2008,42424,50.00
2009,61603,50.00
2010,59409,50.00
2011,39533,100.00
2012,56240,100.00
2013,45157,100.00
2014,29872,100.00
2015,62907,100.00
2016,27164,0.00
2017,27664,100.00
2018,53661,100.00
2019,49998,100.00
2020,46323,0.00
2021,52273,0.00
2022,63107,50.00
2023,63660,100.00
2024,27548,0.00
2025,30549,100.00
2026,52995,100.00
2027,55273,100.00
2028,34121,100.00
2029,50749,50.00
2030,46864,100.00
2031,29893,100.00
2032,33722,50.00
2033,55446,0.00
2034,44725,50.00
2035,42785,100.00
2036,28215,0.00
2037,50533,100.00
2038,28700,100.00
2039,67953,100.00
2040,32878,0.00
2041,34716,50.00
2042,70880,100.00
2043,50898,0.00
2044,31487,100.00
2045,42964,50.00
2046,31224,100.00
2047,61739,100.00
2048,43148,0.00
2049,46264,100.00
2050,55791,100.00
2051,54737,100.00
2052,53534,0.00
2053,79321,100.00
2054,48324,0.00
2055,46283,100.00
2056,35907,100.00
2057,54569,100.00
2058,32902,100.00
2059,27986,100.00
2060,28644,100.00
2061,60963,100.00
2062,55501,100.00
2063,63586,50.00
2064,63143,0.00
2065,70518,0.00
2066,51900,100.00
2067,33916,100.00
2068,57794,100.00
2069,45243,0.00
2070,30361,100.00
2071,40170,100.00
2072,46871,100.00
2073,33197,100.00
2074,40871,50.00
2075,68000,0.00
2076,67869,50.00
2077,66925,100.00
2078,52343,0.00
2079,42124,100.00
2080,32092,100.00
2081,41105,100.00
2082,43262,100.00
2083,45358,100.00
2084,51865,0.00
2085,50792,100.00
2086,50851,50.00
2087,34567,0.00
2088,29074,66.67
2089,35387,100.00
2090,57138,100.00
2091,47552,0.00
2092,56150,100.00
2093,42081,100.00
2094,28079,100.00
2095,36654,100.00
2096,39414,0.00
2097,60131,50.00
2098,68724,50.00
2099,47918,0.00
2100,61656,100.00
2101,45569,100.00
2102,24605,0.00
2103,46786,100.00
2104,57759,100.00
2105,62746,100.00
2106,49022,100.00
2107,44781,100.00
2108,54148,0.00
2109,65818,0.00
2110,50789,100.00
2111,56300,0.00
2112,49931,100.00
2113,41748,100.00
2114,51691,0.00
2115,30305,100.00
2116,24565,100.00
2117,52843,100.00
2118,53406,100.00
2119,43480,0.00
2120,59231,0.00
2121,74685,0.00
2122,70193,100.00
2123,25273,0.00
2124,27422,100.00
2125,52654,100.00
2126,83838,100.00
2127,40196,100.00
2128,48741,100.00
2129,53729,50.00
2130,35900,100.00
2131,32484,100.00
2132,55327,50.00
2133,51946,100.00
2134,52184,100.00
2135,42582,0.00
2136,46500,100.00
2137,28742,100.00
2138,64004,100.00
2139,42773,0.00
2140,37356,50.00
2141,64183,100.00
2142,39465,0.00
2143,26102,50.00
2144,41381,100.00
2145,27812,100.00
2146,57624,100.00
2147,27355,0.00
2148,54536,100.00
2149,43684,100.00
2150,63147,100.00
2151,61653,0.00
2152,69700,50.00
2153,50509,0.00
2154,63656,100.00
2155,61220,100.00
2156,60179,100.00
2157,33331,100.00
2158,22806,100.00
2159,27770,100.00
2160,56024,100.00
2161,60174,100.00
2162,75111,100.00
2163,71103,0.00
2164,65031,0.00
2165,65107,100.00
2166,40371,0.00
2167,53410,100.00
2168,43145,0.00
2169,47878,100.00
2170,43711,100.00
2171,54326,100.00
2172,31137,100.00
2173,34449,100.00
2174,58327,100.00
2175,49783,0.00
2176,55624,0.00
2177,74731,100.00
2178,65768,100.00
2179,39022,100.00
2180,25414,0.00
2181,35177,100.00
2182,47541,100.00
2183,44340,100.00
2184,55048,0.00
2185,56438,100.00
2186,39361,0.00
2187,29750,100.00
2188,44881,50.00
2189,65503,100.00
2190,51184,100.00
2191,55721,100.00
2192,59142,100.00
2193,35893,100.00
2194,41688,100.00
2195,40364,0.00
2196,49542,75.00
2197,58534,100.00
2198,42333,0.00
2199,28886,100.00
2200,40894,66.67
2201,38155,0.00
2202,46571,100.00
2203,49380,100.00
2204,54603,100.00
2205,45425,100.00
2206,46050,100.00
2207,51951,33.33
2208,58492,100.00
2209,53138,100.00
2210,60185,0.00
2211,49972,100.00
2212,50532,100.00
2213,49719,100.00
2214,29820,100.00
2215,30021,100.00
2216,63775,100.00
2217,45666,0.00
2218,52515,50.00
2219,52873,0.00
2220,57532,0.00
2221,41575,100.00
2222,23638,0.00
2223,26813,100.00
2224,49956,100.00
2225,58752,100.00
2226,41825,100.00
2227,40414,50.00
2228,51281,0.00
2229,31772,50.00
2230,32419,100.00
2231,57970,50.00
2232,45738,100.00
2233,56854,100.00
2234,40411,0.00
2235,35884,100.00
2236,39570,100.00
2237,72045,100.00
2238,38800,0.00
2239,60705,100.00
2240,63044,50.00
2241,39150,0.00
2242,40097,66.67
2243,38893,0.00
2244,35134,100.00
2245,66871,100.00
2246,66532,100.00
2247,53742,100.00
2248,40251,100.00
2249,64926,100.00
2250,65150,0.00
2251,55178,0.00
2252,61822,100.00
2253,54760,0.00
2254,57631,100.00
2255,26859,0.00
2256,26397,100.00
2257,24156,100.00
2258,37380,100.00
2259,59384,100.00
2260,61798,100.00
2261,50378,66.67
2262,53304,0.00
2263,67202,0.00
2264,58928,100.00
2265,44736,100.00
2266,65037,100.00
2267,54877,0.00
2268,56130,100.00
2269,47559,100.00
2270,48321,100.00
2271,27310,100.00
2272,38000,100.00
2273,70641,0.00
2274,54184,0.00
2275,81880,50.00
2276,66895,0.00
2277,48496,100.00
2278,31380,100.00
2279,39155,100.00
2280,49033,100.00
2281,51764,100.00
2282,69631,100.00
2283,51160,100.00
2284,54608,66.67
2285,39311,0.00
2286,31072,0.00
2287,62014,100.00
2288,51550,0.00
2289,37437,100.00
2290,51599,100.00
2291,42674,100.00
2292,26948,100.00
2293,28246,0.00
2294,21020,100.00
2295,56516,50.00
2296,62503,100.00
2297,40846,50.00
2298,32803,100.00
2299,24534,100.00
2300,26034,100.00
2301,52019,100.00
2302,41915,100.00
2303,58693,100.00
2304,38632,100.00
2305,41599,0.00
2306,52623,0.00
2307,39856,100.00
2308,49802,100.00
2309,49304,0.00
2310,39818,100.00
2311,44645,100.00
2312,36747,100.00
2313,23312,100.00
2314,24909,100.00
2315,63805,100.00
2316,36026,0.00
2317,52297,0.00
2318,66266,50.00
2319,64093,0.00
2320,39223,100.00
2321,38503,0.00
2322,38526,100.00
2323,52102,100.00
2324,53824,100.00
2325,54016,100.00
2326,48647,50.00
2327,54626,100.00
2328,39051,0.00
2329,38432,100.00
2330,71006,100.00
2331,42779,100.00
2332,59835,100.00
2333,25122,0.00
2334,26946,100.00
2335,46376,100.00
2336,50802,100.00
2337,46448,66.67
2338,53406,0.00
2339,52606,100.00
2340,36855,50.00
2341,35777,100.00
2342,26741,0.00
2343,45106,100.00
2344,48442,100.00
2345,70650,100.00
2346,24453,0.00
2347,36602,100.00
2348,53513,0.00
2349,63220,50.00
2350,44774,50.00
2351,76647,100.00
2352,45950,100.00
2353,56594,100.00
2354,44676,0.00
2355,25556,100.00
2356,27521,100.00
2357,70647,100.00
2358,57400,100.00
2359,44110,100.00
2360,57694,50.00
2361,50671,0.00
2362,61545,50.00
2363,42092,0.00
2364,43022,100.00
2365,54972,100.00
2366,53381,100.00
2367,46256,100.00
2368,35601,100.00
2369,24434,100.00
2370,27259,100.00
2371,51027,100.00
2372,61876,0.00
2373,58711,0.00
2374,68373,100.00
2375,35754,0.00
2376,24422,100.00
2377,27585,100.00
2378,58184,100.00
2379,51059,100.00
2380,42903,100.00
2381,60955,66.67
2382,38504,0.00
2383,37739,66.67
2384,38497,0.00
2385,47936,50.00
2386,60223,100.00
2387,45270,0.00
2388,45966,100.00
2389,35983,100.00
2390,39120,0.00
2391,36388,100.00
2392,30393,50.00
2393,68393,100.00
2394,59875,100.00
2395,38686,50.00
2396,36816,100.00
2397,24150,0.00
2398,27874,100.00
2399,70006,100.00
2400,45328,0.00
2401,58053,100.00
2402,70196,50.00
2403,48047,0.00
2404,53971,0.00
2405,66625,100.00
2406,36553,100.00
2407,63665,100.00
2408,24942,0.00
2409,53557,100.00
2410,31570,100.00
2411,26019,100.00
2412,25592,100.00
2413,59400,100.00
2414,51254,100.00
2415,47728,50.00
2416,65604,0.00
2417,64289,100.00
2418,21679,0.00
2419,23980,100.00
2420,24435,100.00
2421,65965,100.00
2422,57431,100.00
2423,62697,100.00
2424,31941,100.00
2425,28168,100.00
2426,57057,0.00
2427,67789,0.00
2428,71762,100.00
2429,60398,100.00
2430,57321,100.00
2431,55113,100.00
2432,39208,0.00
2433,33748,100.00
2434,44994,100.00
2435,56814,0.00
2436,43094,100.00
2437,40214,50.00
2438,65179,0.00
2439,38289,50.00
2440,76314,100.00
2441,41316,0.00
2442,57906,100.00
2443,47752,100.00
2444,71443,100.00
2445,28762,100.00
2446,28839,100.00
2447,25001,100.00
2448,34513,50.00
2449,55458,0.00
2450,66315,50.00
2451,35331,100.00
2452,54708,100.00
2453,33588,0.00
2454,23935,100.00
2455,26645,100.00
2456,63521,100.00
2457,47395,100.00
2458,62149,100.00
2459,58467,50.00
2460,60105,0.00
2461,72891,66.67
2462,39148,0.00
2463,47476,100.00
2464,52984,100.00
2465,57865,100.00
2466,46165,100.00
2467,30607,100.00
2468,27081,0.00
2469,50175,100.00
2470,51593,100.00
2471,50299,0.00
2472,50226,0.00
2473,68006,50.00
2474,23653,0.00
2475,29136,100.00
2476,33513,100.00
2477,59784,100.00
2478,46571,0.00
2479,31525,100.00
2480,60331,100.00
2481,44930,50.00
2482,45532,100.00
2483,42327,0.00
2484,43426,100.00
2485,58884,100.00
2486,45733,0.00
2487,42980,100.00
2488,33744,100.00
2489,26725,100.00
2490,50783,100.00
2491,58529,50.00
2492,62473,50.00
2493,55451,100.00
2494,39836,50.00
2495,43264,0.00
2496,30262,100.00
2497,53880,100.00
2498,55566,0.00
2499,43979,100.00
2500,47406,100.00
2501,41957,100.00
2502,43452,0.00
2503,69707,33.33
2504,40264,0.00
2505,48518,100.00
2506,52378,100.00
2507,61205,100.00
2508,40272,0.00
2509,29160,100.00
2510,27114,100.00
2511,39057,100.00
2512,53380,100.00
2513,64379,100.00
2514,61060,0.00
2515,54477,0.00
2516,87602,50.00
2517,28633,100.00
2518,36859,100.00
2519,54973,100.00
2520,58204,100.00
2521,37764,100.00
2522,60534,100.00
2523,29008,100.00
2524,25628,100.00
2525,58800,50.00
2526,46746,0.00
2527,53709,50.00
2528,63033,100.00
2529,50192,100.00
2530,56538,100.00
2531,39464,0.00
2532,23612,100.00
2533,50557,100.00
2534,73247,100.00
2535,49457,100.00
2536,38614,50.00
2537,58556,50.00
2538,25954,100.00
2539,35472,66.67
2540,24248,0.00
2541,62863,100.00
2542,49275,100.00
2543,64373,100.00
2544,32956,0.00
2545,31429,100.00
2546,22301,100.00
2547,22029,50.00
2548,62109,0.00
2549,73236,0.00
2550,53000,100.00
2551,63982,100.00
2552,26630,0.00
2553,26368,100.00
2554,51222,100.00
2555,62234,100.00
2556,52830,100.00
2557,48525,100.00
2558,51483,50.00
2559,48290,0.00
2560,62950,100.00
2561,40015,0.00
2562,49265,100.00
2563,54931,100.00
2564,56118,100.00
2565,51318,100.00
2566,27444,100.00
2567,27972,100.00
2568,41163,100.00
2569,48099,100.00
2570,49861,0.00
2571,55488,0.00
2572,70930,100.00
2573,22615,0.00
2574,24886,100.00
2575,32573,100.00
2576,64027,100.00
2577,55117,100.00
2578,50937,100.00
2579,70932,0.00
2580,55346,0.00
2581,53165,66.67
2582,42629,0.00
2583,53734,75.00
2584,47636,0.00
2585,45256,100.00
2586,53676,100.00
2587,39009,100.00
2588,39050,100.00
2589,54381,100.00
2590,47373,50.00
2591,70792,100.00
2592,56990,50.00
2593,47058,0.00
2594,39114,50.00
2595,41128,100.00
2596,51536,100.00
2597,58028,100.00
2598,49282,100.00
2599,59572,100.00
2600,39010,0.00
2601,42249,100.00
2602,47950,0.00
2603,53948,0.00
2604,41779,100.00
2605,64238,100.00
2606,54272,100.00
2607,45132,0.00
2608,30518,100.00
2609,23167,100.00
2610,31326,100.00
2611,50257,100.00
2612,63836,100.00
2613,52968,50.00
2614,56259,0.00
2615,64280,50.00
2616,36567,50.00
2617,41148,100.00
2618,49904,0.00
2619,49115,100.00
2620,42859,100.00
2621,59243,100.00
2622,30053,100.00
2623,28568,100.00
2624,44669,0.00
2625,50021,100.00
2626,58941,0.00
2627,56715,0.00
2628,70090,0.00
2629,66947,100.00
2630,37492,0.00
2631,28408,100.00
2632,41709,100.00
2633,51160,0.00
2634,38308,100.00
2635,58705,0.00
2636,54912,100.00
2637,33057,100.00
2638,43360,50.00
2639,45486,100.00
2640,60340,100.00
2641,52403,100.00
2642,41039,0.00
2643,36775,100.00
2644,30788,100.00
2645,46541,50.00
2646,39899,100.00
2647,60911,66.67
2648,63703,0.00
2649,43504,0.00
2650,35059,100.00
2651,47466,100.00
2652,30846,100.00
2653,63065,100.00
2654,37923,0.00
2655,43378,100.00
2656,47526,100.00
2657,47784,66.67
2658,61649,0.00
2659,69899,50.00
2660,38665,0.00
2661,55550,100.00
2662,48015,100.00
2663,60027,100.00
2664,38929,100.00
2665,31021,100.00
2666,38538,100.00
2667,57682,100.00
2668,56531,100.00
2669,55649,0.00
2670,59432,0.00
2671,73357,66.67
2672,23293,0.00
2673,27106,100.00
2674,34494,100.00
2675,63955,100.00
2676,46808,100.00
2677,49897,100.00
2678,62925,66.67
2679,44545,0.00
2680,36937,50.00
2681,41639,0.00
2682,37051,50.00
2683,57417,100.00
2684,54138,0.00
2685,50477,100.00
2686,26849,100.00
2687,40377,0.00
2688,26019,100.00
2689,58727,100.00
2690,68173,50.00
2691,55535,0.00
2692,40440,50.00
2693,44643,100.00
2694,37237,100.00
2695,32988,100.00
2696,57901,100.00
2697,52250,0.00
2698,62594,100.00
2699,37321,100.00
2700,36676,50.00
2701,52239,50.00
2702,146329,50.00
2703,45071,0.00
2704,57628,100.00
2705,53784,0.00
2706,41406,100.00
2707,30322,100.00
2708,26406,100.00
2709,26631,100.00
2710,26551,100.00
2711,57798,100.00
2712,50574,0.00
2713,29379,50.00
2714,64308,0.00
2715,37706,100.00
2716,46065,66.67
2717,25939,0.00
2718,40726,100.00
2719,52694,100.00
2720,47365,100.00
2721,28657,100.00
2722,21799,100.00
2723,40941,0.00
2724,56771,100.00
2725,60675,0.00
2726,4103180,50.00
2727,38389,0.00
2728,44162,100.00
2729,38958,100.00
2730,30467,100.00
2731,45319,100.00
2732,59521,100.00
2733,50841,50.00
2734,38300,0.00
2735,57601,100.00
2736,41848,50.00
2737,35478,50.00
2738,70195,100.00
2739,53999,0.00
2740,60042,100.00
2741,43982,0.00
2742,33534,100.00
2743,34229,100.00
2744,43482,0.00
2745,24244,0.00
2746,48318,100.00
2747,70014,66.67
2748,27164,0.00
2749,28425,50.00
2750,37441,100.00
2751,27519,100.00
2752,60440,100.00
2753,25430,0.00
2754,46645,100.00
2755,40667,100.00
2756,47618,0.00
2757,61417,50.00
2758,38274,100.00
2759,58153,100.00
2760,53311,100.00
2761,42691,100.00
2762,57081,100.00
2763,31383,100.00
2764,26985,100.00
2765,53603,100.00
2766,55782,100.00
2767,46664,50.00
2768,52501,0.00
2769,66378,0.00
2770,62122,50.00
2771,27801,100.00
2772,27095,100.00
2773,54501,100.00
2774,49939,0.00
2775,44138,100.00
2776,41942,100.00
2777,50152,100.00
2778,35497,0.00
2779,32907,100.00
2780,36858,50.00
2781,57618,100.00
2782,58499,100.00
2783,45572,0.00
2784,32721,100.00
2785,29862,100.00
2786,60513,100.00
2787,39531,0.00
2788,41268,50.00
2789,60297,100.00
2790,64254,0.00
2791,42803,50.00
2792,50012,100.00
2793,38330,0.00
2794,61473,100.00
2795,62851,100.00
2796,61806,0.00
2797,58264,100.00
2798,37380,100.00
2799,39467,100.00
2800,54795,50.00
2801,43277,50.00
2802,61445,100.00
2803,67627,66.67
2804,37894,0.00
2805,27328,100.00
2806,21916,100.00
2807,28200,100.00
2808,28269,100.00
2809,58653,100.00
2810,54054,100.00
2811,26247,50.00
2812,65282,50.00
2813,43608,0.00
2814,25338,100.00
2815,58574,100.00
2816,54889,100.00
2817,44872,100.00
2818,26106,100.00
2819,38385,100.00
2820,28959,100.00
2821,57952,100.00
2822,51492,50.00
2823,57799,0.00
2824,66795,66.67
2825,46471,0.00
2826,24290,100.00
2827,29005,100.00
2828,50274,0.00
2829,41590,100.00
2830,30498,100.00
2831,52130,100.00
2832,38322,0.00
2833,31286,100.00
2834,34482,0.00
2835,36587,66.67
2836,39937,100.00
2837,59692,100.00
2838,54204,100.00
2839,32101,100.00
2840,42247,0.00
2841,26102,100.00
2842,38327,100.00
2843,63424,66.67
2844,41120,0.00
2845,41083,50.00
2846,55091,0.00
2847,27214,100.00
2848,30266,100.00
2849,66211,0.00
2850,52838,100.00
2851,59394,100.00
2852,57668,100.00
2853,52291,66.67
2854,61562,0.00
2855,88266,0.00
2856,39585,100.00
2857,64429,100.00
2858,26367,0.00
2859,54024,100.00
2860,35736,100.00
2861,26008,100.00
2862,26065,100.00
2863,50930,100.00
2864,64662,100.00
2865,44211,0.00
2866,69010,50.00
2867,49344,0.00
2868,34915,100.00
2869,37247,100.00
2870,24055,0.00
2871,53904,100.00
2872,53380,100.00
2873,52856,100.00
2874,32760,100.00
2875,21724,100.00
2876,53336,0.00
2877,57418,0.00
2878,65566,66.67
2879,65320,100.00
2880,55604,100.00
2881,54073,100.00
2882,24951,0.00
2883,25351,100.00
2884,37986,100.00
2885,61169,100.00
2886,56298,100.00
2887,53296,100.00
2888,57530,0.00
2889,35764,50.00
2890,30900,50.00
2891,28417,100.00
2892,44391,100.00
2893,57589,100.00
2894,47048,0.00
2895,26298,100.00
2896,27612,100.00
2897,25729,100.00
2898,42335,100.00
2899,46768,0.00
2900,75746,100.00
2901,52750,100.00
2902,60504,100.00
2903,23837,0.00
2904,24332,100.00
2905,26235,100.00
2906,61099,100.00
2907,48684,100.00
2908,51156,100.00
2909,47650,50.00
2910,48294,0.00
2911,53186,50.00
2912,68700,100.00
2913,33054,0.00
2914,65971,100.00
2915,57566,0.00
2916,48935,100.00
2917,32333,100.00
2918,25703,0.00
2919,29532,100.00
2920,53515,100.00
2921,60780,50.00
2922,55786,0.00
2923,67177,100.00
2924,36744,0.00
2925,26034,100.00
2926,32362,100.00
2927,52815,100.00
2928,52004,100.00
2929,51663,100.00
2930,64405,0.00
2931,51378,100.00
2932,30239,0.00
2933,20485,0.00
2934,34398,50.00
2935,57515,100.00
2936,59487,100.00
2937,50581,100.00
2938,32811,100.00
2939,26201,100.00
2940,46373,100.00
2941,58948,100.00
2942,59175,66.67
2943,53180,0.00
2944,52248,50.00
2945,46322,0.00
2946,26118,100.00
2947,31128,100.00
2948,65395,100.00
2949,55999,100.00
2950,58773,100.00
2951,24722,100.00
2952,54328,0.00
2953,59223,50.00
2954,66911,100.00
2955,42713,100.00
2956,62081,100.00
2957,54873,0.00
2958,40036,100.00
2959,29197,100.00
2960,26217,100.00
2961,27827,100.00
2962,68772,100.00
2963,70919,100.00
2964,50146,0.00
2965,53210,0.00
2966,72719,100.00
2967,35454,100.00
2968,36463,100.00
2969,53304,0.00
2970,49251,100.00
2971,56019,100.00
2972,49425,100.00
2973,26042,100.00
2974,33089,100.00
2975,50137,0.00
2976,55806,0.00
2977,66083,100.00
2978,49420,0.00
2979,40305,100.00
2980,29980,100.00
2981,26438,100.00
2982,29019,100.00
2983,41900,100.00
2984,64820,100.00
2985,43540,0.00
2986,34931,100.00
2987,73588,50.00
2988,38095,0.00
2989,45024,100.00
2990,38750,0.00
2991,75596,100.00
2992,71996,100.00
2993,87177,100.00
2994,52163,100.00
2995,45985,100.00
2996,76686,50.00
2997,19349,0.00
2998,73300,0.00
2999,87207,100.00
3000,97414,0.00
3001,72894,100.00
3002,70780,0.00
3003,72421,0.00
3004,70081,50.00
3005,57489,100.00
3006,49313,100.00
3007,36555,100.00
3008,41472,0.00
3009,64062,100.00
3010,49164,100.00
3011,82700,100.00
3012,57449,100.00
3013,76095,0.00
3014,61974,0.00
3015,69977,0.00
3016,50740,100.00
3017,71065,100.00
3018,52845,100.00
3019,55929,100.00
3020,46089,100.00
3021,23896,100.00
3022,31657,100.00
3023,58845,100.00
3024,51578,100.00
3025,51630,0.00
3026,72463,33.33
3027,68229,0.00
3028,43275,100.00
3029,22771,0.00
3030,30621,100.00
3031,64840,100.00
3032,70069,100.00
3033,47845,100.00
3034,51740,0.00
3035,43938,100.00
3036,35904,50.00
3037,34527,0.00
3038,65308,75.00
3039,52830,0.00
3040,64966,100.00
3041,27181,0.00
3042,26168,100.00
3043,25180,100.00
3044,70692,100.00
3045,52338,100.00
3046,51750,0.00
3047,77966,66.67
3048,38681,0.00
3049,43376,100.00
3050,26006,0.00
3051,27474,100.00
3052,63667,100.00
3053,65905,100.00
3054,47810,100.00
3055,36279,66.67
3056,50693,100.00
3057,43889,0.00
3058,56781,66.67
3059,62949,100.00
3060,52274,0.00
3061,47167,100.00
3062,41476,100.00
3063,22061,100.00
3064,24279,100.00
3065,57701,100.00
3066,47674,100.00
3067,48318,100.00
3068,54316,50.00
3069,66652,0.00
3070,51363,100.00
3071,40856,100.00
3072,30691,100.00
3073,67338,100.00
3074,47794,0.00
3075,48414,100.00
3076,33188,100.00
3077,24313,100.00
3078,34196,100.00
3079,45693,100.00
3080,54605,0.00
3081,53855,0.00
3082,73034,100.00
3083,63848,100.00
3084,30791,0.00
3085,27434,100.00
3086,36993,100.00
3087,59411,100.00
3088,36519,100.00
3089,68721,66.67
3090,62857,0.00
3091,55565,66.67
3092,46405,100.00
3093,38596,0.00
3094,64239,100.00
3095,40338,0.00
3096,54540,100.00
3097,45272,100.00
3098,52519,100.00
3099,25121,100.00
3100,27864,50.00
3101,27710,0.00
3102,66767,100.00
3103,65234,50.00
3104,46676,50.00
3105,28842,0.00
3106,38171,100.00
3107,51817,0.00
3108,44430,100.00
3109,39887,100.00
3110,70237,100.00
3111,39560,0.00
3112,56080,0.00
3113,82584,100.00
3114,45116,100.00
3115,62828,100.00
3116,39530,0.00
3117,49907,100.00
3118,47367,100.00
3119,41772,100.00
3120,28086,100.00
3121,43963,100.00
3122,65300,100.00
3123,48873,0.00
3124,62867,0.00
3125,85529,100.00
3126,58958,100.00
3127,38738,100.00
3128,24751,0.00
3129,54872,100.00
3130,52438,100.00
3131,67656,100.00
3132,44398,0.00
3133,34793,100.00
3134,42251,50.00
3135,25754,100.00
3136,53250,50.00
3137,63030,100.00
3138,47574,0.00
3139,52307,100.00
3140,28616,0.00
3141,26219,100.00
3142,48685,100.00
3143,26163,0.00
3144,45089,100.00
3145,49581,50.00
3146,41394,0.00
3147,57254,66.67
3148,30772,0.00
3149,44946,100.00
3150,65419,100.00
3151,56805,100.00
3152,68589,100.00
3153,32163,100.00
3154,45744,100.00
3155,70816,0.00
3156,57423,100.00
3157,66093,100.00
3158,63565,0.00
3159,52750,100.00
3160,51100,100.00
3161,51008,100.00
3162,22153,100.00
3163,27534,100.00
3164,66203,100.00
3165,67496,100.00
3166,35336,50.00
3167,61441,0.00
3168,74373,0.00
3169,67446,66.67
3170,47156,0.00
3171,71841,100.00
3172,61360,100.00
3173,71457,100.00
3174,50338,100.00
3175,35888,100.00
3176,43827,0.00
3177,32936,100.00
3178,63817,100.00
3179,64152,0.00
3180,74180,0.00
3181,72604,100.00
3182,67170,100.00
3183,67930,0.00
3184,46016,100.00
3185,42999,100.00
3186,55290,100.00
3187,57251,100.00
3188,67487,100.00
3189,54519,50.00
3190,66783,100.00
3191,65068,0.00
3192,67209,50.00
3193,67225,50.00
3194,80050,100.00
3195,68484,100.00
3196,68351,100.00
3197,36653,0.00
3198,30060,100.00
3199,37769,100.00
3200,70735,100.00
3201,66649,50.00
3202,76399,100.00
3203,62321,0.00
3204,61390,100.00
3205,66092,66.67
3206,27871,0.00
3207,29910,100.00
3208,68515,100.00
3209,68393,100.00
3210,66360,100.00
3211,56249,100.00
3212,60089,0.00
3213,82905,0.00
3214,69903,50.00
3215,292153,0.00
3216,69001,100.00
3217,66320,0.00
3218,69717,0.00
3219,1255587,100.00
3220,65722,0.00
3221,69095,0.00
3222,66810,0.00
3223,67168,100.00
3224,60789,100.00
3225,37040,100.00
3226,69443,100.00
3227,81865,0.00
3228,53584,0.00
3229,49416,100.00
3230,54350,0.00
3231,34703,100.00
3232,73228,0.00
3233,68401,100.00
3234,74349,0.00
3235,73389,100.00
3236,72229,0.00
3237,71289,100.00
3238,72279,0.00
3239,63823,0.00
3240,60539,0.00
3241,61411,0.00
3242,75233,0.00
3243,72591,0.00
3244,289205,0.00
3245,30738396,100.00
3246,45723,0.00
3247,20234,0.00
3248,19116,0.00
3249,18472,0.00
3250,19884,0.00
3251,76042,100.00
3252,21747,0.00
3253,76319,100.00
3254,145383,0.00
3255,74573,0.00
3256,75500,0.00
3257,73290,100.00
3258,72586,0.00
3259,71342,0.00
3260,72036,100.00
3261,68649,0.00
3262,76187,100.00
3263,32297,0.00
3264,70535,0.00
3265,19148,0.00
3266,71549,100.00
3267,82644,0.00
3268,35800,0.00
3269,86041,100.00
3270,76316,0.00
3271,169070,0.00
3272,92952,100.00
3273,108091,0.00
3274,73844,33.33
3275,19947,0.00
3276,59418,0.00
3277,71881,0.00
3278,72621,100.00
3279,16742,0.00
3280,77563,100.00
3281,71132,0.00
3282,31466,100.00
3283,72183,0.00
3284,19842,0.00
3285,17636,0.00
3286,72049,0.00
3287,74699,100.00
3288,74496,0.00
3289,74172,50.00
3290,75808,0.00
3291,74528,0.00
3292,73650,0.00
3293,84111,100.00
3294,73406,0.00
3295,73155,100.00
3296,74309,0.00
3297,19344,0.00
3298,74938,100.00
3299,124424,0.00
3300,22246,0.00
3301,70997,100.00
3302,72196,100.00
3303,108222,0.00
3304,70785,100.00
3305,74379,0.00
3306,75314,0.00
3307,71179,0.00
3308,16940,0.00
3309,14400,0.00
3310,70422,0.00
3311,69753,50.00
3312,74238,0.00
3313,72843,0.00
3314,71426,50.00
3315,27008,0.00
3316,73277,0.00
3317,74744,100.00
3318,23934,0.00
3319,74889,100.00
3320,20695,0.00
3321,18004,0.00
3322,43771,100.00
3323,74262,0.00
3324,32672,0.00
3325,77031,0.00
3326,41663,100.00
3327,73126,0.00
3328,74069,100.00
3329,71613,0.00
3330,75962,0.00
3331,71649,0.00
3332,57915,50.00
3333,78458,100.00
3334,30818,0.00
3335,24883,0.00
3336,75518,100.00
3337,20353,0.00
3338,73882,100.00
3339,79261,0.00
3340,43328,0.00
3341,74364,0.00
3342,75051,50.00
3343,68201,0.00
3344,76166,100.00
3345,76161,100.00
3346,20098,0.00
3347,75379,0.00
3348,71444,0.00
3349,71595,0.00
3350,70401,0.00
3351,73153,50.00
3352,74217,0.00
3353,68400,0.00
3354,16367,0.00
3355,68634,100.00
3356,103725,100.00
3357,60678,0.00
3358,124925,0.00
3359,27878,0.00
3360,75735,100.00
3361,74930,0.00
3362,75226,0.00
3363,72289,100.00
3364,73235,100.00
3365,26014,0.00
3366,84058,100.00
3367,71906,100.00
3368,27671,0.00
3369,72334,0.00
3370,74167,0.00
3371,76638,100.00
3372,70870,0.00
3373,73842,0.00
3374,72983,0.00
3375,61922,0.00
3376,73461,0.00
3377,48155,0.00
3378,70308,66.67
3379,73136,0.00
3380,73559,100.00
3381,73735,50.00
3382,71751,0.00
3383,72189,0.00
3384,24945,100.00
3385,72875,100.00
3386,82621,0.00
3387,74331,0.00
3388,72286,100.00
3389,83559,100.00
3390,547457,0.00
3391,74685,100.00
3392,73851,0.00
3393,72314,100.00
3394,63519,0.00
3395,13630,0.00
3396,11068,0.00
3397,73260,0.00
3398,54865,100.00
3399,74043,0.00
3400,33754,0.00
3401,72585,100.00
3402,24396,0.00
3403,73610,0.00
3404,83331,0.00
3405,74961,0.00
3406,28677,100.00
3407,76946,0.00
3408,70875,0.00
3409,69740,100.00
3410,229245,0.00
3411,75209,0.00
3412,72627,50.00
3413,74314,0.00
3414,72978,0.00
3415,70842,0.00
3416,73782,100.00
3417,73533,0.00
3418,75795,50.00
3419,68436,0.00
3420,151029,0.00
3421,76541,0.00
3422,74728,50.00
3423,71019,0.00
3424,73085,100.00
3425,62930,0.00
3426,81808,0.00
3427,73072,100.00
3428,87553,100.00
3429,73230,0.00
3430,76629,100.00
3431,72481,100.00
3432,73172,100.00
3433,6734916,0.00
3434,53146,100.00
3435,183861,100.00
3436,61629,0.00
3437,72146,100.00
3438,50012,100.00
3439,72738,0.00
3440,71176,0.00
3441,72656,0.00
3442,75295,50.00
3443,73418,0.00
3444,70232,0.00
3445,76571,0.00
3446,73987,0.00
3447,74522,0.00
3448,72145,50.00
3449,88052,100.00
3450,71642,100.00
3451,71467,0.00
3452,58868,0.00
3453,82535,0.00
3454,74673,100.00
3455,38543,0.00
3456,70818,100.00
3457,31424,0.00
3458,73030,0.00
3459,70210,100.00
3460,16434,0.00
3461,75915,100.00
3462,21430,0.00
3463,70642,100.00
3464,17844,0.00
3465,29646,100.00
3466,73585,0.00
3467,19457,0.00
3468,21622,0.00
3469,73702,0.00
3470,75566,100.00
3471,19926,0.00
3472,17713,0.00
3473,86956,100.00
3474,19561,0.00
3475,75158,100.00
3476,58423,0.00
3477,69506,0.00
3478,71983,0.00
3479,72527,50.00
3480,72658,0.00
3481,70998,0.00
3482,74191,50.00
3483,76064,0.00
3484,72094,0.00
3485,70803,0.00
3486,75979,50.00
3487,74204,0.00
3488,70789,0.00
3489,72704,100.00
3490,73179,0.00
3491,72911,100.00
3492,70390,0.00
3493,74593,100.00
3494,20172,0.00
3495,57813,100.00
3496,73751,50.00
3497,71703,0.00
3498,17929,0.00
3499,72553,100.00
3500,18925,0.00
3501,70522,100.00
3502,19948,0.00
3503,73887,100.00
3504,72523,0.00
3505,69323,100.00
3506,19330,0.00
3507,74398,100.00
3508,70643,100.00
3509,71929,0.00
3510,70671,100.00
3511,54822,100.00
3512,73419,100.00
3513,60258,50.00
3514,184043,0.00
3515,3511732,0.00
3516,74832,0.00
3517,20753,0.00
3518,93196,50.00
3519,442852,0.00
3520,180719,0.00
3521,9300248,100.00
3522,544217,0.00
3523,71651,0.00
3524,73016,0.00
3525,77925,0.00
3526,70987,0.00
3527,74761,0.00
3528,194016,100.00
3529,76523,0.00
3530,76823,0.00
3531,75477,0.00
3532,794454,0.00
3533,83872,100.00
3534,71870,0.00
3535,431483,0.00
3536,73612,0.00
3537,73596,100.00
3538,71809,0.00
3539,311496,100.00
3540,1036726,0.00
3541,71031,0.00
3542,83378,100.00
3543,104650,100.00
3544,562835,0.00
3545,236016,100.00
3546,75082,0.00
3547,76706,0.00
3548,153816,100.00
3549,423613,0.00
3550,72116,100.00
3551,73602,0.00
3552,72848,0.00
3553,72671,100.00
3554,81769,100.00
3555,544437,0.00
3556,72659,100.00
3557,75407,100.00
3558,3060187,0.00
3559,306651,0.00
3560,61805,0.00
3561,61126,0.00
3562,66519,0.00
3563,61786,0.00
3564,86500,33.33
3565,72075,0.00
3566,87207,0.00
3567,146390,0.00
3568,70332,50.00
3569,71456,0.00
3570,156902,0.00
3571,73779,100.00
3572,72797,0.00
3573,70695,0.00
3574,72452,100.00
3575,72587,0.00
3576,72575,0.00
3577,149821,100.00
3578,72234,100.00
3579,70923,100.00
3580,68343,100.00
3581,71687,50.00
3582,71442,0.00
3583,72709,100.00
3584,161146,0.00
3585,77793,100.00
3586,355845,100.00
3587,80044,0.00
3588,70951,100.00
3589,66671,0.00
3590,72863,0.00
3591,121038,0.00
3592,80453,50.00
3593,21453,0.00
3594,3010978,100.00
3595,80147,0.00
3596,82159,0.00
3597,75185,0.00
3598,18088,0.00
3599,76345,0.00
3600,78449,0.00
3601,74762,0.00
3602,81061,100.00
3603,92066,0.00
3604,79144,0.00
3605,75321,0.00
3606,76053,0.00
3607,56913,100.00
3608,74693,0.00
3609,20199,0.00
3610,17435,0.00
3611,19532,0.00
3612,273037,100.00
3613,72486,0.00
3614,1993859,100.00
3615,1361634,0.00
3616,20581,0.00
3617,15056,0.00
3618,71824,0.00
3619,12207155,100.00
3620,43294,0.00
3621,324804,0.00
3622,78176,0.00
3623,72024,100.00
3624,7927578,0.00
3625,162355,0.00
3626,71367,0.00
3627,76897,0.00
3628,35919,100.00
3629,77278,0.00
3630,20560,0.00
3631,72358,66.67
3632,19461,0.00
3633,20634,0.00
3634,23663,50.00
3635,71678,0.00
3636,16781,0.00
3637,60118,0.00
3638,71989,0.00
3639,16909,0.00
3640,59758,0.00
3641,76448,50.00
3642,72455,0.00
3643,145812,50.00
3644,83311,100.00
3645,59111,100.00
3646,63553,100.00
3647,75332,100.00
3648,54453,100.00
3649,66837,100.00
3650,81564,100.00
3651,54812,0.00
3652,57064,50.00
3653,119764,0.00
3654,69984,50.00
3655,70053,0.00
3656,67168,100.00
3657,38537,100.00
3658,71655,100.00
3659,58030,0.00
3660,38658,100.00
3661,70020,100.00
3662,61199,100.00
3663,45623,100.00
3664,57074,100.00
3665,61594,50.00
3666,59554,0.00
3667,74613,50.00
3668,84331,100.00
3669,29279,100.00
3670,56022,100.00
3671,42315,0.00
3672,72618,100.00
3673,68912,100.00
3674,82283,100.00
3675,69066,0.00
3676,80359,50.00
3677,60329,100.00
3678,55625,50.00
3679,70133,0.00
3680,81871,66.67
3681,60156,100.00
3682,70202,100.00
3683,78345,100.00
3684,36793,0.00
3685,30953,100.00
3686,90503,100.00
3687,26615,0.00
3688,54386,100.00
3689,67918,50.00
3690,52984,0.00
3691,33330,66.67
3692,46774,0.00
3693,28171,100.00
3694,61750,100.00
3695,25983,0.00
3696,63796,100.00
3697,35002,100.00
3698,57122,0.00
3699,76108,50.00
3700,50970,0.00
3701,66229,100.00
3702,57079,0.00
3703,58499,100.00
3704,64525,100.00
3705,49732,100.00
3706,37772,100.00
3707,66207,100.00
3708,53672,100.00
3709,63375,100.00
3710,62686,0.00
3711,73465,0.00
3712,73273,66.67
3713,45494,0.00
3714,50025,100.00
3715,45369,100.00
3716,63776,100.00
3717,32938,100.00
3718,51364,100.00
3719,39214,100.00
3720,34424,100.00
3721,46999,100.00
3722,59048,0.00
3723,79071,100.00
3724,64271,100.00
3725,76378,100.00
3726,54950,100.00
3727,29205,100.00
3728,39359,100.00
3729,53265,100.00
3730,49639,100.00
3731,68632,50.00
3732,63289,100.00
3733,48737,50.00
3734,56834,50.00
3735,37682,100.00
3736,53255,100.00
3737,55339,100.00
3738,46998,0.00
3739,59398,100.00
3740,43561,100.00
3741,32235,100.00
3742,43955,100.00
3743,41856,50.00
3744,72105,0.00
3745,72959,50.00
3746,51604,100.00
3747,63087,100.00
3748,46792,100.00
3749,40520,0.00
3750,39940,100.00
3751,63714,100.00
3752,63237,100.00
3753,62721,0.00
3754,62086,50.00
3755,59441,0.00
3756,68202,0.00
3757,57724,100.00
3758,63978,0.00
3759,58677,100.00
3760,41311,100.00
3761,64531,100.00
3762,33834,100.00
3763,27186,100.00
3764,49633,100.00
3765,55184,100.00
3766,44292,100.00
3767,58506,0.00
3768,52930,0.00
3769,62860,100.00
3770,22838,0.00
3771,26979,100.00
3772,38495,100.00
3773,62005,100.00
3774,40246,100.00
3775,48342,50.00
3776,46329,0.00
3777,31684,100.00
3778,28793,0.00
3779,48699,100.00
3780,62303,50.00
3781,56567,100.00
3782,43317,0.00
3783,41268,100.00
3784,35298,100.00
3785,57347,100.00
3786,39401,0.00
3787,31904,50.00
3788,64204,0.00
3789,35841,66.67
3790,24366,100.00
3791,40806,50.00
3792,28115,100.00
3793,56478,100.00
3794,25801,0.00
3795,59294,100.00
3796,54116,100.00
3797,59883,100.00
3798,60136,0.00
3799,73533,50.00
3800,58150,100.00
3801,57851,100.00
3802,65054,100.00
3803,57238,0.00
3804,32678,100.00
3805,24533,100.00
3806,27980,100.00
3807,57341,100.00
3808,60528,100.00
3809,71715,0.00
3810,60183,0.00
3811,69205,0.00
3812,66528,100.00
3813,42820,0.00
3814,55721,100.00
3815,48413,0.00
3816,34572,100.00
3817,51512,100.00
3818,42591,0.00
3819,25328,100.00
3820,34323,100.00
3821,73221,100.00
3822,56732,0.00
3823,59002,0.00
3824,76915,100.00
3825,81048,0.00
3826,40574,100.00
3827,38528,0.00
3828,27108,100.00
3829,58107,100.00
3830,40774,100.00
3831,50820,66.67
3832,41000,50.00
3833,54633,100.00
3834,26246,0.00
3835,38267,100.00
3836,59310,100.00
3837,43037,100.00
3838,50472,100.00
3839,49846,0.00
3840,33301,100.00
3841,31771,100.00
3842,19601,0.00
3843,28671,100.00
3844,61477,66.67
3845,50541,0.00
3846,28715,50.00
3847,38617,100.00
3848,26494,0.00
3849,51219,100.00
3850,50913,100.00
3851,64213,100.00
3852,52134,0.00
3853,54260,50.00
3854,59113,0.00
3855,85994,100.00
3856,56681,100.00
3857,53354,0.00
3858,37360,100.00
3859,51869,100.00
3860,46464,100.00
3861,24552,100.00
3862,25776,100.00
3863,73419,100.00
3864,40280,0.00
3865,53405,0.00
3866,65365,50.00
3867,62134,100.00
3868,32358,100.00
3869,22591,0.00
3870,25405,100.00
3871,60136,100.00
3872,56675,100.00
3873,54722,66.67
3874,44731,100.00
3875,48695,0.00
3876,29319,50.00
3877,40331,50.00
3878,71858,100.00
3879,41904,100.00
3880,59912,100.00
3881,27745,0.00
3882,26153,100.00
3883,47412,100.00
3884,58821,0.00
3885,43467,50.00
3886,57290,50.00
3887,46219,0.00
3888,31569,50.00
3889,40173,100.00
3890,24191,0.00
3891,41923,100.00
3892,53808,100.00
3893,64008,100.00
3894,49501,100.00
3895,31968,100.00
3896,49568,0.00
3897,53065,0.00
3898,48006,66.67
3899,70208,100.00
3900,52417,100.00
3901,61842,100.00
3902,23100,0.00
3903,30242,100.00
3904,25968,100.00
3905,69085,100.00
3906,49988,100.00
3907,44671,100.00
3908,64770,50.00
3909,43353,0.00
3910,59677,50.00
3911,40588,0.00
3912,27775,100.00
3913,53330,100.00
3914,58610,100.00
3915,52630,100.00
3916,43638,100.00
3917,42189,100.00
3918,28940,100.00
3919,60902,100.00
3920,57223,50.00
3921,61212,0.00
3922,70421,50.00
3923,77864,100.00
3924,49306,100.00
3925,44964,100.00
3926,25401,0.00
3927,54402,100.00
3928,50134,100.00
3929,58624,100.00
3930,56377,50.00
3931,37375,100.00
3932,27575,0.00
3933,28031,100.00
3934,62622,50.00
3935,68220,100.00
3936,36338,0.00
3937,58855,100.00
3938,45434,100.00
3939,34936,100.00
3940,34712,100.00
3941,40180,0.00
3942,62054,100.00
3943,62499,100.00
3944,44189,0.00
3945,29018,100.00
3946,47302,50.00
3947,62748,100.00
3948,52646,100.00
3949,38477,100.00
3950,57899,100.00
3951,42610,0.00
3952,53574,0.00
3953,75889,66.67
3954,28242,0.00
3955,49689,100.00
3956,62654,100.00
3957,34587,100.00
3958,60458,100.00
3959,41953,100.00
3960,27609,100.00
3961,39348,100.00
3962,75351,100.00
3963,43981,100.00
3964,58686,0.00
3965,68799,50.00
3966,68479,0.00
3967,35468,100.00
3968,28093,0.00
3969,49075,100.00
3970,52525,100.00
3971,51115,100.00
3972,56233,100.00
3973,46779,50.00
3974,55654,100.00
3975,30413,0.00
3976,50890,100.00
3977,70635,50.00
3978,39931,100.00
3979,63161,100.00
3980,40265,0.00
3981,23771,100.00
3982,61394,100.00
3983,66405,100.00
3984,48686,0.00
3985,65436,100.00
3986,28147,0.00
3987,25034,0.00
3988,17100,50.00
3989,42425,100.00
3990,59568,100.00
3991,50477,100.00
3992,69490,100.00
3993,45998,0.00
3994,55393,100.00
3995,69732,100.00
3996,64322,0.00
3997,49032,100.00
3998,76210,100.00
3999,74023,100.00
4000,88456,100.00
4001,37492,0.00
4002,23820,100.00
4003,27613,100.00
4004,70434,100.00
4005,54363,100.00
4006,60902,100.00
4007,49712,50.00
4008,58957,0.00
4009,67626,0.00
4010,74180,50.00
4011,36617,100.00
4012,61286,100.00
4013,42003,0.00
4014,49022,100.00
4015,47610,100.00
4016,42906,100.00
4017,28077,100.00
4018,59899,100.00
4019,65435,100.00
4020,55823,0.00
4021,65610,33.33
4022,59568,100.00
4023,44068,100.00
4024,34606,100.00
4025,30720,0.00
4026,44320,100.00
4027,42350,100.00
4028,59428,100.00
4029,54555,0.00
4030,57037,100.00
4031,24550,0.00
4032,24532,0.00
4033,43401,100.00
4034,64703,100.00
4035,28715,100.00
4036,54740,100.00
4037,51103,100.00
4038,37890,100.00
4039,33818,50.00
4040,49769,0.00
4041,70419,100.00
4042,67713,100.00
4043,44319,100.00
4044,24491,50.00
4045,59951,100.00
4046,39794,0.00
4047,57796,100.00
4048,48185,100.00
4049,51634,100.00
4050,58989,100.00
4051,56267,50.00
4052,62537,0.00
4053,64684,50.00
4054,65581,100.00
4055,39284,0.00
4056,40969,100.00
4057,54747,100.00
4058,54874,100.00
4059,37696,100.00
4060,43303,100.00
4061,77560,100.00
4062,39229,100.00
4063,51825,0.00
4064,54864,0.00
4065,70062,50.00
4066,57206,100.00
4067,38346,0.00
4068,42251,100.00
4069,43208,100.00
4070,41195,100.00
4071,51105,100.00
4072,47255,100.00
4073,57145,100.00
4074,42390,0.00
4075,48452,50.00
4076,71538,50.00
4077,52633,0.00
4078,60910,100.00
4079,56738,0.00
4080,35167,100.00
4081,25770,100.00
4082,67347,100.00
4083,30769,100.00
4084,54495,0.00
4085,70618,66.67
4086,39786,0.00
4087,34871,50.00
4088,48312,0.00
4089,38427,100.00
4090,57162,100.00
4091,39213,0.00
4092,54185,100.00
4093,34742,100.00
4094,40815,0.00
4095,28781,66.67
4096,41205,0.00
4097,64708,66.67
4098,53292,0.00
4099,52152,100.00
4100,47463,0.00
4101,33278,100.00
4102,29483,100.00
4103,64523,100.00
4104,45970,100.00
4105,46438,100.00
4106,57329,100.00
4107,37762,33.33
4108,44750,0.00
4109,76384,0.00
4110,46267,100.00
4111,64847,100.00
4112,25736,0.00
4113,27477,100.00
4114,54863,100.00
4115,51505,0.00
4116,30436,100.00
4117,59488,100.00
4118,67025,50.00
4119,67127,50.00
4120,61641,100.00
4121,63884,100.00
4122,30601,100.00
4123,25763,100.00
4124,63638,100.00
4125,33743,100.00
4126,61732,100.00
4127,62444,66.67
4128,40788,0.00
4129,34563,66.67
4130,35900,0.00
4131,55018,50.00
4132,50871,100.00
4133,56917,0.00
4134,50635,100.00
4135,34475,100.00
4136,51605,0.00
4137,51041,100.00
4138,30274,50.00
4139,64438,100.00
4140,49233,0.00
4141,30283,50.00
4142,26702,0.00
4143,32230,100.00
4144,54906,100.00
4145,29144,0.00
4146,31633,100.00
4147,55821,100.00
4148,59889,66.67
4149,57521,0.00
4150,72338,50.00
4151,52139,100.00
4152,56103,100.00
4153,60161,100.00
4154,68007,100.00
4155,50781,100.00
4156,34520,100.00
4157,27699,100.00
4158,54662,100.00
4159,56912,100.00
4160,60650,100.00
4161,59569,0.00
4162,65438,0.00
4163,88504,100.00
4164,31959,100.00
4165,43845,100.00
4166,62848,100.00
4167,47212,100.00
4168,33483,100.00
4169,67553,100.00
4170,29302,0.00
4171,29391,100.00
4172,53914,0.00
4173,65041,0.00
4174,69017,66.67
4175,37679,0.00
4176,60340,100.00
4177,50046,100.00
4178,47434,100.00
4179,28312,100.00
4180,61781,100.00
4181,48037,100.00
4182,44427,0.00
4183,46177,100.00
4184,57138,50.00
4185,32908,100.00
4186,35540,50.00
4187,56864,100.00
4188,51543,0.00
4189,55409,100.00
4190,52518,0.00
4191,32600,100.00
4192,28820,100.00
4193,48065,0.00
4194,45006,50.00
4195,70097,50.00
4196,72729,0.00
4197,52907,100.00
4198,64990,100.00
4199,25753,0.00
4200,36337,100.00
4201,64941,100.00
4202,70271,100.00
4203,54341,100.00
4204,50554,100.00
4205,50053,0.00
4206,55599,0.00
4207,70762,66.67
4208,42176,0.00
4209,55830,100.00
4210,50765,100.00
4211,54836,100.00
4212,52446,100.00
4213,33502,100.00
4214,45742,0.00
4215,49020,100.00
4216,58599,100.00
4217,53811,0.00
4218,55444,0.00
4219,71469,50.00
4220,72794,100.00
4221,31242,100.00
4222,38321,100.00
4223,66000,100.00
4224,43701,100.00
4225,30408,100.00
4226,71238,100.00
4227,47515,0.00
4228,47645,100.00
4229,43550,50.00
4230,37470,0.00
4231,65125,75.00
4232,27095,0.00
4233,60676,100.00
4234,42555,100.00
4235,48776,100.00
4236,36764,100.00
4237,45252,100.00
4238,51239,100.00
4239,56042,0.00
4240,45573,100.00
4241,46515,0.00
4242,35356,100.00
4243,33949,100.00
4244,54829,0.00
4245,46714,100.00
4246,57034,100.00
4247,50811,100.00
4248,44069,100.00
4249,60974,0.00
4250,100314,100.00
4251,48731,50.00
4252,65046,100.00
4253,41219,0.00
4254,44419,100.00
4255,49945,100.00
4256,42209,100.00
4257,63103,100.00
4258,83814,100.00
4259,56193,100.00
4260,55165,100.00
4261,62086,0.00
4262,81060,0.00
4263,37180,100.00
4264,39160,100.00
4265,24823,0.00
4266,51807,100.00
4267,37991,100.00
4268,64288,100.00
4269,29726,100.00
4270,25125,100.00
4271,48936,100.00
4272,45692,100.00
4273,49378,0.00
4274,56035,33.33
4275,60457,100.00
4276,65651,100.00
4277,27267,0.00
4278,30170,100.00
4279,25074,100.00
4280,68124,100.00
4281,29518,0.00
4282,63597,50.00
4283,52928,100.00
4284,32539,50.00
4285,33851,100.00
4286,47708,50.00
4287,49311,100.00
4288,45700,100.00
4289,55446,0.00
4290,43062,100.00
4291,39282,100.00
4292,29132,100.00
4293,24525,100.00
4294,29472,0.00
4295,71304,100.00
4296,40394,0.00
4297,29972,100.00
4298,39556,50.00
4299,34069,100.00
4300,60124,100.00
4301,46177,0.00
4302,39860,100.00
4303,54260,100.00
4304,59514,0.00
4305,62999,0.00
4306,74779,100.00
4307,41263,0.00
4308,61458,100.00
4309,59147,100.00
4310,66044,100.00
4311,44591,100.00
4312,37714,100.00
4313,44622,100.00
4314,47809,100.00
4315,53017,100.00
4316,53053,50.00
4317,51330,0.00
4318,71283,100.00
4319,36563,0.00
4320,29968,100.00
4321,32019,100.00
4322,66949,100.00
4323,57086,100.00
4324,53667,100.00
4325,70376,0.00
4326,48602,100.00
4327,46236,50.00
4328,43508,0.00
4329,50925,50.00
4330,66755,100.00
4331,56433,100.00
4332,50792,100.00
4333,37715,100.00
4334,24896,100.00
4335,47142,100.00
4336,26517,100.00
4337,59384,0.00
4338,45046,0.00
4339,38627,100.00
4340,42426,66.67
4341,24037,0.00
4342,26158,100.00
4343,62712,100.00
4344,47968,100.00
4345,62309,100.00
4346,49024,100.00
4347,37108,100.00
4348,70386,0.00
4349,80652,0.00
4350,54708,50.00
4351,72673,100.00
4352,39157,0.00
4353,58364,100.00
4354,49962,100.00
4355,46444,100.00
4356,26418,100.00
4357,64310,100.00
4358,67731,100.00
4359,66816,0.00
4360,55361,50.00
4361,65180,50.00
4362,51603,0.00
4363,38736,100.00
4364,52708,0.00
4365,44164,100.00
4366,28554,100.00
4367,66821,100.00
4368,32150,100.00
4369,23913,100.00
4370,52755,100.00
4371,47625,100.00
4372,66475,0.00
4373,58849,0.00
4374,63349,50.00
4375,62833,100.00
4376,42305,0.00
4377,31390,100.00
4378,44600,100.00
4379,54121,100.00
4380,34896,100.00
4381,64918,50.00
4382,57835,0.00
4383,23595,100.00
4384,38163,0.00
4385,51770,100.00
4386,56403,100.00
4387,47708,100.00
4388,52879,0.00
4389,51850,100.00
4390,29660,100.00
4391,48164,50.00
4392,41816,0.00
4393,59660,100.00
4394,61903,100.00
4395,39276,100.00
4396,35459,0.00
4397,66909,100.00
4398,32387,0.00
4399,46720,100.00
4400,54365,100.00
4401,37353,100.00
4402,54758,100.00
4403,69356,0.00
4404,51068,0.00
4405,64088,66.67
4406,21776,0.00
4407,59274,100.00
4408,35968,100.00
4409,57212,100.00
4410,44124,100.00
4411,34171,100.00
4412,26114,100.00
4413,57745,100.00
4414,57138,100.00
4415,57263,0.00
4416,62549,0.00
4417,84882,50.00
4418,76518,100.00
4419,34090,100.00
4420,52831,100.00
4421,43630,0.00
4422,36828,100.00
4423,46326,100.00
4424,76487,66.67
4425,48797,0.00
4426,46590,100.00
4427,60425,0.00
4428,66579,100.00
4429,39523,0.00
4430,66002,100.00
4431,52701,100.00
4432,32339,100.00
4433,60871,100.00
4434,35056,0.00
4435,31723,100.00
4436,64021,50.00
4437,37963,100.00
4438,34912,100.00
4439,33027,50.00
4440,33941,100.00
4441,56134,100.00
4442,39905,0.00
4443,38922,100.00
4444,42864,100.00
4445,45109,100.00
4446,50264,50.00
4447,53418,0.00
4448,75789,100.00
4449,57601,100.00
4450,42288,100.00
4451,56089,100.00
4452,40777,100.00
4453,34329,100.00
4454,28971,0.00
4455,58660,100.00
4456,44519,100.00
4457,68546,100.00
4458,46405,0.00
4459,53675,0.00
4460,66242,50.00
4461,48575,100.00
4462,57010,100.00
4463,45549,0.00
4464,36260,100.00
4465,52214,100.00
4466,57583,100.00
4467,31267,100.00
4468,34180,100.00
4469,73884,100.00
4470,47239,0.00
4471,54139,0.00
4472,82686,50.00
4473,55890,0.00
4474,64011,100.00
4475,26866,0.00
4476,26368,100.00
4477,46803,100.00
4478,54700,100.00
4479,38749,100.00
4480,62221,50.00
4481,39972,0.00
4482,31939,100.00
4483,33015,0.00
4484,75941,50.00
4485,39957,100.00
4486,63064,100.00
4487,54963,0.00
4488,29425,100.00
4489,38544,100.00
4490,33920,0.00
4491,57461,100.00
4492,65150,100.00
4493,57763,0.00
4494,26090,50.00
4495,31545,50.00
4496,28135,0.00
4497,56075,100.00
4498,51906,100.00
4499,51590,100.00
4500,52314,100.00
4501,65904,100.00
4502,57959,0.00
4503,67583,0.00
4504,57223,100.00
4505,42431,0.00
4506,43328,100.00
4507,43073,100.00
4508,60680,100.00
4509,33022,100.00
4510,27678,100.00
4511,60741,100.00
4512,56315,0.00
4513,31950,50.00
4514,62954,0.00
4515,64569,0.00
4516,63297,100.00
4517,25162,0.00
4518,24816,100.00
4519,42158,100.00
4520,54223,100.00
4521,37996,100.00
4522,48985,100.00
4523,28196,100.00
4524,41186,66.67
4525,60728,0.00
4526,66834,0.00
4527,67641,0.00
4528,65454,100.00
4529,55262,0.00
4530,27348,100.00
4531,24998,100.00
4532,28636,100.00
4533,44774,100.00
4534,47270,100.00
4535,61481,100.00
4536,32727,50.00
4537,53328,100.00
4538,35788,0.00
4539,34622,100.00
4540,60394,100.00
4541,43347,0.00
4542,44739,100.00
4543,38667,100.00
4544,43274,100.00
4545,38100,100.00
4546,27841,50.00
4547,59384,0.00
4548,63985,50.00
4549,54313,100.00
4550,47594,0.00
4551,44503,100.00
4552,34570,100.00
4553,30169,0.00
4554,58656,100.00
4555,43836,100.00
4556,65656,100.00
4557,39070,100.00
4558,59761,0.00
4559,59976,0.00
4560,71681,0.00
4561,61679,100.00
4562,47984,0.00
4563,32120,100.00
4564,43812,100.00
4565,59921,100.00
4566,33271,100.00
4567,26436,100.00
4568,77375,100.00
4569,48109,100.00
4570,70476,0.00
4571,68336,50.00
4572,68652,0.00
4573,57978,100.00
4574,40402,0.00
4575,26125,100.00
4576,59417,100.00
4577,46530,100.00
4578,50952,100.00
4579,41123,0.00
4580,53741,100.00
4581,30188,100.00
4582,36281,50.00
4583,63916,100.00
4584,25117,0.00
4585,40950,100.00
4586,57709,100.00
4587,35327,0.00
4588,51464,100.00
4589,64906,0.00
4590,48635,50.00
4591,55436,100.00
4592,49516,100.00
4593,45709,50.00
4594,38263,100.00
4595,27741,0.00
4596,40470,100.00
4597,54593,100.00
4598,59833,100.00
4599,49010,0.00
4600,48537,66.67
4601,56569,0.00
4602,73011,0.00
4603,61045,100.00
4604,45468,0.00
4605,47561,100.00
4606,45495,100.00
4607,64616,100.00
4608,35593,100.00
4609,26890,100.00
4610,60432,100.00
4611,53644,100.00
4612,47861,100.00
4613,58155,0.00
4614,60789,0.00
4615,76558,100.00
4616,27552,0.00
4617,30254,100.00
4618,54652,100.00
4619,57592,100.00
4620,33589,100.00
4621,54563,100.00
4622,44822,100.00
4623,25389,100.00
4624,54243,50.00
4625,55816,0.00
4626,68467,0.00
4627,65407,100.00
4628,69710,0.00
4629,52859,100.00
4630,37979,100.00
4631,29564,100.00
4632,50478,100.00
4633,41770,100.00
4634,59003,66.67
4635,54449,0.00
4636,58126,66.67
4637,47620,0.00
4638,36452,50.00
4639,50498,100.00
4640,54809,0.00
4641,44182,100.00
4642,58779,100.00
4643,41284,0.00
4644,28834,100.00
4645,37184,100.00
4646,43611,50.00
4647,70469,0.00
4648,71506,50.00
4649,56551,100.00
4650,58099,100.00
4651,60912,100.00
4652,28077,0.00
4653,66762,100.00
4654,69208,0.00
4655,81293,100.00
4656,68076,100.00
4657,63921,100.00
4658,57584,100.00
4659,72752,0.00
4660,61416,0.00
4661,83543,100.00
4662,36954,100.00
4663,66039,100.00
4664,40820,0.00
4665,60251,100.00
4666,62150,100.00
4667,39563,0.00
4668,29568,100.00
4669,62365,100.00
4670,72614,100.00
4671,60110,0.00
4672,72524,0.00
4673,85975,50.00
4674,68542,100.00
4675,38812,100.00
4676,26126,0.00
4677,45675,100.00
4678,47662,100.00
4679,47434,100.00
4680,52523,50.00
4681,56110,100.00
4682,25211,0.00
4683,39145,66.67
4684,53095,0.00
4685,66444,66.67
4686,37250,0.00
4687,56415,100.00
4688,36895,0.00
4689,24763,100.00
4690,54296,100.00
4691,67288,100.00
4692,54765,0.00
4693,61977,100.00
4694,35665,0.00
4695,32953,50.00
4696,45759,50.00
4697,27195,0.00
4698,53210,100.00
4699,46118,100.00
4700,60728,100.00
4701,43261,100.00
4702,34610,100.00
4703,48942,0.00
4704,51907,0.00
4705,47087,100.00
4706,57000,100.00
4707,44571,100.00
4708,54585,100.00
4709,26255,0.00
4710,22931,100.00
4711,24318,100.00
4712,56044,100.00
4713,43515,100.00
4714,42546,100.00
4715,54956,0.00
4716,58218,0.00
4717,71300,100.00
4718,41056,0.00
4719,31628,100.00
4720,52803,100.00
4721,59063,100.00
4722,40604,100.00
4723,43785,100.00
4724,29093,100.00
4725,25884,100.00
4726,53233,100.00
4727,63722,50.00
4728,57171,0.00
4729,54102,0.00
4730,64413,100.00
4731,48957,100.00
4732,39392,100.00
4733,24037,0.00
4734,43217,100.00
4735,45227,100.00
4736,54077,100.00
4737,48844,50.00
4738,52461,100.00
4739,45360,0.00
4740,32819,0.00
4741,51650,100.00
4742,49430,0.00
4743,37970,100.00
4744,49998,100.00
4745,53812,100.00
4746,31441,100.00
4747,36657,50.00
4748,36316,0.00
4749,43619,50.00
4750,65879,100.00
4751,45797,0.00
4752,33784,66.67
4753,40035,100.00
4754,38995,0.00
4755,47898,100.00
4756,47005,100.00
4757,45734,100.00
4758,49720,100.00
4759,39337,50.00
4760,57829,0.00
4761,61823,0.00
4762,59349,100.00
4763,53893,0.00
4764,43142,100.00
4765,43124,100.00
4766,54457,0.00
4767,31699,100.00
4768,28876,100.00
4769,67598,100.00
4770,47310,100.00
4771,45966,50.00
4772,54980,0.00
4773,61059,0.00
4774,59506,100.00
4775,36909,0.00
4776,29849,100.00
4777,55829,100.00
4778,61173,100.00
4779,48376,100.00
4780,59455,0.00
4781,60096,100.00
4782,26036,100.00
4783,35938,50.00
4784,63173,100.00
4785,25150,0.00
4786,40574,100.00
4787,68163,100.00
4788,36272,100.00
4789,46866,100.00
4790,69459,66.67
4791,44011,100.00
4792,57391,50.00
4793,57805,100.00
4794,38010,0.00
4795,39700,50.00
4796,58033,100.00
4797,45264,100.00
4798,58605,100.00
4799,40023,0.00
4800,49951,100.00
4801,64118,100.00
4802,50597,50.00
4803,54572,50.00
4804,63983,0.00
4805,52762,100.00
4806,64029,100.00
4807,44546,100.00
4808,55273,100.00
4809,42546,100.00
4810,29424,100.00
4811,27302,100.00
4812,54476,100.00
4813,57102,100.00
4814,73189,100.00
4815,57812,0.00
4816,64057,0.00
4817,85678,50.00
4818,47499,100.00
4819,58452,100.00
4820,54121,0.00
4821,50074,100.00
4822,46746,100.00
4823,55235,100.00
4824,31900,100.00
4825,34338,100.00
4826,64176,100.00
4827,53496,0.00
4828,58936,0.00
4829,79779,100.00
4830,62449,0.00
4831,58871,100.00
4832,40001,0.00
4833,46227,100.00
4834,46759,100.00
4835,50991,50.00
4836,62536,100.00
4837,55044,66.67
4838,24759,0.00
4839,37530,100.00
4840,44903,50.00
4841,59335,100.00
4842,39109,100.00
4843,50498,100.00
4844,48182,0.00
4845,26018,100.00
4846,39413,50.00
4847,65596,100.00
4848,58836,100.00
4849,67911,100.00
4850,63304,50.00
4851,30078,0.00
4852,36677,66.67
4853,27567,0.00
4854,49503,100.00
4855,37597,100.00
4856,42050,100.00
4857,49823,100.00
4858,56687,50.00
4859,62888,0.00
4860,70349,0.00
4861,63799,100.00
4862,47189,0.00
4863,35715,100.00
4864,45869,100.00
4865,59369,100.00
4866,34063,100.00
4867,25555,100.00
4868,83138,100.00
4869,36212,100.00
4870,51919,50.00
4871,60814,0.00
4872,61680,0.00
4873,59799,100.00
4874,27949,0.00
4875,27262,100.00
4876,54282,100.00
4877,58744,100.00
4878,49592,100.00
4879,63582,100.00
4880,66339,100.00
4881,23949,50.00
4882,40330,100.00
4883,63771,50.00
4884,48288,0.00
4885,54835,100.00
4886,58297,0.00
4887,29711,100.00
4888,45597,100.00
4889,65131,100.00
4890,44064,50.00
4891,56814,50.00
4892,73907,100.00
4893,40295,100.00
4894,41518,0.00
4895,51172,66.67
4896,68122,100.00
4897,53646,100.00
4898,42492,0.00
4899,58519,100.00
4900,62498,100.00
4901,47086,0.00
4902,58550,33.33
4903,72707,50.00
4904,47967,0.00
4905,44104,100.00
4906,47233,100.00
4907,58308,100.00
4908,34547,100.00
4909,28077,100.00
4910,69829,100.00
4911,46232,100.00
4912,57338,100.00
4913,66078,100.00
4914,49969,0.00
4915,51383,0.00
4916,77938,50.00
4917,60910,100.00
4918,63823,100.00
4919,40568,0.00
4920,28262,100.00
4921,58305,100.00
4922,45048,100.00
4923,30040,100.00
4924,63726,100.00
4925,66549,100.00
4926,50543,0.00
4927,63752,0.00
4928,77228,100.00
4929,53819,100.00
4930,40987,100.00
4931,23551,0.00
4932,52883,100.00
4933,33849,100.00
4934,62242,0.00
4935,65374,50.00
4936,49728,100.00
4937,22454,0.00
4938,26974,50.00
4939,54671,100.00
4940,56008,100.00
4941,31262,100.00
4942,59149,100.00
4943,54469,100.00
4944,44579,50.00
4945,28951,100.00
4946,46682,50.00
4947,48088,100.00
4948,64395,100.00
4949,25283,0.00
4950,17997,50.00
4951,45596,100.00
4952,64950,100.00
4953,45463,100.00
4954,45423,100.00
4955,55507,100.00
4956,54646,0.00
4957,41419,50.00
4958,72863,0.00
4959,51195,100.00
4960,62784,100.00
4961,38773,0.00
4962,26409,100.00
4963,55474,100.00
4964,29162,100.00
4965,29537,100.00
4966,54987,100.00
4967,68443,100.00
4968,48665,100.00
4969,58277,0.00
4970,65229,50.00
4971,65820,0.00
4972,42461,100.00
4973,24865,0.00
4974,49903,100.00
4975,55445,100.00
4976,44820,0.00
4977,52245,100.00
4978,34089,100.00
4979,56762,100.00
4980,52344,0.00
4981,69388,50.00
4982,80314,0.00
4983,47023,100.00
4984,64778,100.00
4985,26650,0.00
4986,27738,100.00
4987,38374,100.00
4988,52481,100.00
4989,36463,100.00
4990,46832,50.00
4991,55262,0.00
4992,40697,50.00
4993,28479,100.00
4994,49602,0.00
4995,43676,100.00
4996,58655,100.00
4997,48627,0.00
4998,38347,100.00
4999,37703,100.00
5000,59990,0.00
5001,30429,100.00
5002,44882,0.00
5003,75565,50.00
5004,60404,100.00
5005,54378,100.00
5006,46361,0.00
5007,31087,100.00
5008,29799,100.00
5009,62103,100.00
5010,48021,100.00
5011,52651,100.00
5012,69266,50.00
5013,54650,0.00
5014,52906,0.00
5015,76937,50.00
5016,47833,100.00
5017,65365,100.00
5018,38101,0.00
5019,21826,100.00
5020,58484,100.00
5021,29583,100.00
5022,27373,100.00
5023,57520,100.00
5024,63186,100.00
5025,56735,0.00
5026,65868,0.00
5027,81558,100.00
5028,30309,100.00
5029,34752,100.00
5030,57983,0.00
5031,50362,100.00
5032,34701,100.00
5033,69011,50.00
5034,34239,0.00
5035,49504,100.00
5036,38442,0.00
5037,34106,66.67
5038,69714,100.00
5039,41004,0.00
5040,44373,100.00
5041,47441,100.00
5042,48062,100.00
5043,41451,100.00
5044,51276,100.00
5045,46043,50.00
5046,55302,100.00
5047,53770,50.00
5048,42867,0.00
5049,29640,100.00
5050,35333,100.00
5051,57975,100.00
5052,49592,0.00
5053,50112,100.00
5054,59117,100.00
5055,47286,100.00
5056,53996,0.00
5057,79338,0.00
5058,43282,100.00
5059,62830,100.00
5060,38312,0.00
5061,52708,100.00
5062,43777,100.00
5063,28807,100.00
5064,27050,100.00
5065,57007,100.00
5066,78523,100.00
5067,50916,0.00
5068,51733,0.00
5069,61003,0.00
5070,72103,50.00
5071,42578,100.00
5072,26959,0.00
5073,54139,100.00
5074,52205,100.00
5075,68539,100.00
5076,48467,0.00
5077,32866,100.00
5078,41302,100.00
5079,43376,0.00
5080,68056,50.00
5081,73567,0.00
5082,40836,100.00
5083,65033,66.67
5084,45583,0.00
5085,35857,100.00
5086,25401,100.00
5087,69015,100.00
5088,29908,100.00
5089,57630,0.00
5090,65518,100.00
5091,39778,50.00
5092,45867,100.00
5093,29407,0.00
5094,54901,100.00
5095,51876,100.00
5096,71868,100.00
5097,40105,100.00
5098,46303,100.00
5099,49061,100.00
5100,30638,50.00
5101,52830,0.00
5102,71115,50.00
5103,40258,100.00
5104,64528,100.00
5105,27887,0.00
5106,29621,100.00
5107,29516,100.00
5108,75217,100.00
5109,48198,0.00
5110,60238,100.00
5111,51270,100.00
5112,45352,0.00
5113,70826,50.00
5114,47916,0.00
5115,32166,100.00
5116,63162,100.00
5117,49614,100.00
5118,54098,100.00
5119,37867,100.00
5120,28831,100.00
5121,29003,100.00
5122,66683,100.00
5123,62047,100.00
5124,56805,0.00
5125,66970,0.00
5126,71972,100.00
5127,42800,0.00
5128,46227,100.00
5129,41304,0.00
5130,27378,100.00
5131,58145,100.00
5132,67260,100.00
5133,51623,100.00
5134,40015,100.00
5135,45934,50.00
5136,38681,0.00
5137,66018,75.00
5138,39845,0.00
5139,57403,100.00
5140,46203,100.00
5141,46762,0.00
5142,43452,100.00
5143,55949,100.00
5144,54570,66.67
5145,64584,0.00
5146,41813,50.00
5147,41207,0.00
5148,34045,50.00
5149,37910,100.00
5150,76038,100.00
5151,49267,100.00
5152,54733,100.00
5153,49057,0.00
5154,41065,100.00
5155,60036,0.00
5156,83141,0.00
5157,53688,100.00
5158,68366,100.00
5159,43604,0.00
5160,56033,100.00
5161,51850,100.00
5162,50633,0.00
5163,29264,100.00
5164,62812,100.00
5165,62653,100.00
5166,65402,50.00
5167,63757,0.00
5168,75745,50.00
5169,42306,0.00
5170,40967,100.00
5171,27158,0.00
5172,57079,100.00
5173,37512,100.00
5174,65833,100.00
5175,30172,100.00
5176,24020,100.00
5177,50447,100.00
5178,50149,100.00
5179,58238,0.00
5180,60417,0.00
5181,69320,100.00
5182,69416,100.00
5183,25916,0.00
5184,25827,100.00
5185,45585,100.00
5186,54795,0.00
5187,33981,100.00
5188,58721,0.00
5189,59679,100.00
5190,31855,66.67
5191,38491,0.00
5192,50442,50.00
5193,59271,100.00
5194,56677,100.00
5195,65186,100.00
5196,46188,100.00
5197,38863,100.00
5198,54446,0.00
5199,50122,50.00
5200,51297,100.00
5201,81086,100.00
5202,46024,0.00
5203,41172,50.00
5204,73937,100.00
5205,42312,100.00
5206,65694,100.00
5207,61329,100.00
5208,36341,100.00
5209,61450,100.00
5210,50945,0.00
5211,70119,0.00
5212,72482,100.00
5213,39027,0.00
5214,54862,100.00
5215,58925,100.00
5216,63453,100.00
5217,49097,100.00
5218,30402,100.00
5219,27178,100.00
5220,56930,100.00
5221,58874,100.00
5222,55010,50.00
5223,60254,0.00
5224,71218,50.00
5225,24030,0.00
5226,24450,100.00
5227,29636,100.00
5228,67579,100.00
5229,55589,100.00
5230,54816,100.00
5231,64523,100.00
5232,47623,0.00
5233,47225,100.00
5234,43148,0.00
5235,59226,50.00
5236,48337,100.00
5237,60095,100.00
5238,47969,100.00
5239,41797,100.00
5240,28452,0.00
5241,58110,100.00
5242,52662,0.00
5243,73335,100.00
5244,65734,0.00
5245,54397,100.00
5246,42364,0.00
5247,41054,100.00
5248,38983,100.00
5249,64411,0.00
5250,48542,100.00
5251,69020,100.00
5252,68560,100.00
5253,45832,100.00
5254,58939,50.00
5255,86718,50.00
5256,52981,0.00
5257,72211,100.00
5258,25572,0.00
5259,57461,100.00
5260,37927,100.00
5261,25538,100.00
5262,26956,100.00
5263,51180,100.00
5264,60534,100.00
5265,50381,100.00
5266,53600,0.00
5267,80220,50.00
5268,67182,50.00
5269,35888,100.00
5270,38677,100.00
5271,56998,100.00
5272,52102,100.00
5273,66854,100.00
5274,41094,100.00
5275,35030,100.00
5276,27683,100.00
5277,57272,100.00
5278,51975,50.00
5279,71604,50.00
5280,65864,0.00
5281,68947,100.00
5282,25081,0.00
5283,27856,100.00
5284,25572,100.00
5285,65738,100.00
5286,33855,100.00
5287,57253,100.00
5288,56279,66.67
5289,20789,0.00
5290,24878,50.00
5291,23088,100.00
5292,56894,50.00
5293,51267,100.00
5294,56025,100.00
5295,45063,100.00
5296,38850,100.00
5297,49000,100.00
5298,49463,100.00
5299,51541,50.00
5300,56804,100.00
5301,39923,0.00
5302,31237,50.00
5303,54251,0.00
5304,31533,100.00
5305,39699,100.00
5306,53310,100.00
5307,38085,100.00
5308,46261,100.00
5309,66078,66.67
5310,48962,0.00
5311,68247,50.00
5312,60338,100.00
5313,54736,100.00
5314,68055,0.00
5315,87828,100.00
5316,57820,0.00
5317,53616,100.00
5318,26185,0.00
5319,26219,100.00
5320,58253,100.00
5321,61912,0.00
5322,45929,50.00
5323,49783,0.00
5324,62473,50.00
5325,62932,50.00
5326,42115,100.00
5327,26382,0.00
5328,51552,100.00
5329,47140,100.00
5330,55538,100.00
5331,51888,100.00
5332,48100,66.67
5333,28145,0.00
5334,47830,100.00
5335,62305,50.00
5336,41670,0.00
5337,38847,100.00
5338,44245,100.00
5339,43277,0.00
5340,37177,100.00
5341,48184,100.00
5342,55872,100.00
5343,57542,0.00
5344,59433,100.00
5345,52840,0.00
5346,29601,100.00
5347,48408,66.67
5348,41501,0.00
5349,56403,100.00
5350,40691,100.00
5351,66883,100.00
5352,29375,100.00
5353,28881,100.00
5354,56950,0.00
5355,55227,0.00
5356,69583,100.00
5357,58760,0.00
5358,41514,100.00
5359,40983,100.00
5360,43466,100.00
5361,25246,100.00
5362,27274,100.00
5363,66083,100.00
5364,49685,100.00
5365,40172,100.00
5366,72073,50.00
5367,49724,0.00
5368,67058,50.00
5369,43083,0.00
5370,40566,100.00
5371,39005,100.00
5372,39682,100.00
5373,47421,100.00
5374,40320,100.00
5375,26012,100.00
5376,26518,100.00
5377,56708,100.00
5378,54667,50.00
5379,66814,0.00
5380,67736,50.00
5381,74578,100.00
5382,45549,100.00
5383,39781,100.00
5384,25547,0.00
5385,57716,100.00
5386,36808,100.00
5387,75963,100.00
5388,45339,66.67
5389,30364,0.00
5390,25431,100.00
5391,27557,0.00
5392,57435,100.00
5393,49449,100.00
5394,47651,100.00
5395,49524,100.00
5396,47135,100.00
5397,35070,50.00
5398,32380,100.00
5399,72875,66.67
5400,53221,0.00
5401,64247,100.00
5402,40296,0.00
5403,25696,100.00
5404,46890,100.00
5405,60578,0.00
5406,39793,100.00
5407,38787,100.00
5408,50257,100.00
5409,39452,66.67
5410,47019,0.00
5411,65454,66.67
5412,20406,0.00
5413,52264,100.00
5414,60644,100.00
5415,37644,100.00
5416,47247,100.00
5417,41683,100.00
5418,26957,100.00
5419,51654,100.00
5420,58276,100.00
5421,47461,0.00
5422,58209,0.00
5423,83240,0.00
5424,63251,100.00
5425,34204,100.00
5426,23589,0.00
5427,45077,100.00
5428,46014,100.00
5429,53650,100.00
5430,45945,100.00
5431,29653,100.00
5432,46639,0.00
5433,59031,50.00
5434,65183,66.67
5435,61963,100.00
5436,33751,100.00
5437,52657,100.00
5438,55078,100.00
5439,35172,100.00
5440,43459,100.00
5441,56697,100.00
5442,44224,100.00
5443,52992,50.00
5444,51717,100.00
5445,40492,0.00
5446,29730,50.00
5447,42482,0.00
5448,40158,100.00
5449,50137,100.00
5450,55461,100.00
5451,40732,0.00
5452,32343,100.00
5453,48726,100.00
5454,31058,50.00
5455,60460,0.00
5456,62289,100.00
5457,28367,0.00
5458,53538,100.00
5459,46628,0.00
5460,34236,100.00
5461,47001,100.00
5462,53638,100.00
5463,42485,100.00
5464,48370,100.00
5465,63782,0.00
5466,54053,0.00
5467,68346,100.00
5468,28844,0.00
5469,57454,100.00
5470,35730,100.00
5471,49959,0.00
5472,50466,100.00
5473,31283,100.00
5474,26699,100.00
5475,61393,100.00
5476,48869,50.00
5477,58997,0.00
5478,66039,0.00
5479,66077,100.00
5480,26156,0.00
5481,29795,100.00
5482,25723,100.00
5483,69008,100.00
5484,31861,100.00
5485,43756,50.00
5486,55259,0.00
5487,44306,50.00
5488,36747,100.00
5489,43179,66.67
5490,54333,100.00
5491,42072,100.00
5492,55888,0.00
5493,42647,100.00
5494,40653,100.00
5495,26387,100.00
5496,52781,100.00
5497,34995,50.00
5498,67486,100.00
5499,35851,0.00
5500,34868,100.00
5501,27701,50.00
5502,33678,100.00
5503,59656,100.00
5504,51882,0.00
5505,36135,100.00
5506,55672,100.00
5507,53678,100.00
5508,52491,0.00
5509,67477,50.00
5510,28713,0.00
5511,50957,100.00
5512,50255,100.00
5513,57688,100.00
5514,45166,100.00
5515,33472,100.00
5516,25842,100.00
5517,48988,100.00
5518,48001,100.00
5519,63633,100.00
5520,54000,0.00
5521,56012,0.00
5522,81377,50.00
5523,29977,100.00
5524,45920,100.00
5525,54838,0.00
5526,48621,100.00
5527,34287,100.00
5528,66472,100.00
5529,30703,100.00
5530,32311,100.00
5531,75632,50.00
5532,64635,0.00
5533,70148,100.00
5534,51666,0.00
5535,58343,100.00
5536,47094,100.00
5537,46717,0.00
5538,24678,100.00
5539,58887,100.00
5540,50771,100.00
5541,51488,50.00
5542,42630,50.00
5543,55922,100.00
5544,31298,0.00
5545,35570,100.00
5546,43124,100.00
5547,50484,100.00
5548,54926,100.00
5549,132433,0.00
5550,39280,100.00
5551,39069,100.00
5552,46852,50.00
5553,27455,100.00
5554,65169,0.00
5555,78602,50.00
5556,48032,100.00
5557,59708,100.00
5558,25639,0.00
5559,31657,100.00
5560,56699,100.00
5561,62705,100.00
5562,59334,100.00
5563,46280,100.00
5564,52949,50.00
5565,56760,0.00
5566,73574,50.00
5567,43410,0.00
5568,61761,100.00
5569,58061,100.00
5570,64488,100.00
5571,45544,100.00
5572,31638,100.00
5573,29061,100.00
5574,56125,100.00
5575,63000,100.00
5576,54549,0.00
5577,64582,0.00
5578,69878,50.00
5579,23813,0.00
5580,24754,100.00
5581,29144,100.00
5582,72531,100.00
5583,52677,100.00
5584,37530,100.00
5585,65808,50.00
5586,52224,100.00
5587,47544,50.00
5588,42808,0.00
5589,54707,50.00
5590,67748,100.00
5591,26630,0.00
5592,56568,100.00
5593,39339,100.00
5594,26840,100.00
5595,45998,100.00
5596,27370,100.00
5597,66242,66.67
5598,59444,0.00
5599,38898,100.00
5600,42073,0.00
5601,39644,100.00
5602,36699,100.00
5603,64848,0.00
5604,51689,100.00
5605,59297,100.00
5606,40179,0.00
5607,38812,100.00
5608,65633,0.00
5609,82545,50.00
5610,56352,100.00
5611,60195,100.00
5612,61579,0.00
5613,53219,100.00
5614,28610,100.00
5615,38701,100.00
5616,50557,100.00
5617,56458,100.00
5618,69239,100.00
5619,58815,0.00
5620,61309,0.00
5621,86036,0.00
5622,34022,100.00
5623,39443,100.00
5624,61484,100.00
5625,52350,100.00
5626,35560,100.00
5627,72529,100.00
5628,30553,0.00
5629,37114,100.00
5630,74939,100.00
5631,48522,100.00
5632,56099,0.00
5633,79087,0.00
5634,63955,100.00
5635,63908,100.00
5636,28997,0.00
5637,29806,100.00
5638,48133,100.00
5639,62482,100.00
5640,31479,50.00
5641,50829,100.00
5642,60882,50.00
5643,38583,0.00
5644,34117,50.00
5645,50475,100.00
5646,55826,100.00
5647,51538,100.00
5648,47935,0.00
5649,46906,100.00
5650,43778,100.00
5651,47069,100.00
5652,25033,50.00
5653,47515,0.00
5654,76577,100.00
5655,46283,0.00
5656,29345,50.00
5657,42436,100.00
5658,34972,100.00
5659,58671,100.00
5660,40599,0.00
5661,33759,100.00
5662,60356,100.00
5663,74794,50.00
5664,53992,0.00
5665,71136,50.00
5666,30099,0.00
5667,56879,100.00
5668,50755,100.00
5669,66083,100.00
5670,51141,100.00
5671,30776,100.00
5672,28409,100.00
5673,52653,100.00
5674,61315,100.00
5675,55341,100.00
5676,65238,0.00
5677,67925,50.00
5678,27426,0.00
5679,24865,100.00
5680,29380,100.00
5681,52562,100.00
5682,44627,100.00
5683,34461,100.00
5684,75892,100.00
5685,46797,50.00
5686,40401,100.00
5687,45824,100.00
5688,45292,0.00
5689,61342,100.00
5690,29305,0.00
5691,57729,100.00
5692,54951,100.00
5693,37757,100.00
5694,60746,100.00
5695,27388,0.00
5696,45320,66.67
5697,59469,100.00
5698,49550,100.00
5699,37241,50.00
5700,31658,100.00
5701,29243,100.00
5702,66102,100.00
5703,50109,100.00
5704,50305,100.00
5705,60599,0.00
5706,33376,100.00
5707,56484,0.00
5708,63744,50.00
5709,45490,0.00
5710,66166,100.00
5711,42019,0.00
5712,61269,100.00
5713,45593,100.00
5714,41812,100.00
5715,25398,100.00
5716,50877,100.00
5717,63577,100.00
5718,49668,0.00
5719,44889,50.00
5720,53705,0.00
5721,59260,50.00
5722,39208,100.00
5723,38973,100.00
5724,50725,100.00
5725,45664,100.00
5726,56408,100.00
5727,42028,100.00
5728,31248,100.00
5729,26081,100.00
5730,46569,100.00
5731,47819,50.00
5732,58979,50.00
5733,68294,0.00
5734,52164,100.00
5735,64846,100.00
5736,33758,100.00
5737,26287,100.00
5738,60756,100.00
5739,41508,100.00
5740,56537,50.00
5741,66608,100.00
5742,28944,100.00
5743,32302,50.00
5744,38333,0.00
5745,49185,50.00
5746,54279,100.00
5747,26634,0.00
5748,49594,100.00
5749,50213,100.00
5750,47355,100.00
5751,24115,0.00
5752,40787,100.00
5753,52907,0.00
5754,41712,100.00
5755,46043,50.00
5756,35473,0.00
5757,28483,100.00
5758,42899,100.00
5759,29264,0.00
5760,35259,100.00
5761,39473,100.00
5762,65135,100.00
5763,38824,0.00
5764,49727,0.00
5765,48830,100.00
5766,37076,100.00
5767,48223,100.00
5768,29516,0.00
5769,42886,100.00
5770,31134,100.00
5771,25655,100.00
5772,38632,100.00
5773,56206,100.00
5774,48984,0.00
5775,58641,0.00
5776,66782,50.00
5777,68390,100.00
5778,29764,100.00
5779,31481,100.00
5780,56764,0.00
5781,48900,100.00
5782,45581,100.00
5783,63994,50.00
5784,40497,100.00
5785,24102,0.00
5786,21363,100.00
5787,42752,0.00
5788,40063,100.00
5789,53851,100.00
5790,41342,100.00
5791,34709,100.00
5792,44087,0.00
5793,40541,100.00
5794,42405,100.00
5795,64278,66.67
5796,34269,0.00
5797,39715,50.00
5798,48249,50.00
5799,29035,100.00
5800,54626,100.00
5801,46786,0.00
5802,37298,100.00
5803,49529,100.00
5804,41814,100.00
5805,27623,100.00
5806,53460,0.00
5807,69914,0.00
5808,36287,50.00
5809,67715,100.00
5810,28178,0.00
5811,60091,100.00
5812,35336,100.00
5813,24253,100.00
5814,25905,100.00
5815,54878,100.00
5816,60954,100.00
5817,50078,100.00
5818,38364,0.00
5819,60765,0.00
5820,70259,50.00
5821,51514,100.00
5822,59725,100.00
5823,45816,100.00
5824,34587,100.00
5825,56298,100.00
5826,28000,100.00
5827,25885,100.00
5828,52909,100.00
5829,39151,100.00
5830,50712,0.00
5831,54816,0.00
5832,56365,50.00
5833,49912,100.00
5834,27070,0.00
5835,27278,100.00
5836,41249,100.00
5837,50287,100.00
5838,34835,100.00
5839,41424,50.00
5840,58176,0.00
5841,24909,100.00
5842,31933,0.00
5843,60240,100.00
5844,56490,100.00
5845,52829,100.00
5846,39626,0.00
5847,63804,100.00
5848,32692,100.00
5849,21331,50.00
5850,16299,0.00
5851,52611,100.00
5852,67466,100.00
5853,42375,0.00
5854,25920,50.00
5855,29728,0.00
5856,33831,100.00
5857,60311,100.00
5858,45210,0.00
5859,31044,100.00
5860,45392,100.00
5861,56345,50.00
5862,56172,0.00
5863,61580,100.00
5864,53116,0.00
5865,45138,100.00
5866,35270,100.00
5867,66128,100.00
5868,35813,0.00
5869,27483,100.00
5870,42679,100.00
5871,48492,100.00
5872,40522,100.00
5873,60513,0.00
5874,54240,0.00
5875,69102,66.67
5876,40395,0.00
5877,32168,100.00
5878,39757,100.00
5879,59539,100.00
5880,30723,100.00
5881,45775,100.00
5882,29327,100.00
5883,24249,100.00
5884,44029,0.00
5885,87853,50.00
5886,60391,0.00
5887,63625,100.00
5888,54856,0.00
5889,43566,100.00
5890,36626,100.00
5891,27644,0.00
5892,50508,100.00
5893,27517,100.00
5894,61985,100.00
5895,44274,0.00
5896,39264,50.00
5897,33768,0.00
5898,30475,66.67
5899,47399,100.00
5900,43908,0.00
5901,36481,100.00
5902,40728,100.00
5903,42949,100.00
5904,30626,100.00
5905,40317,100.00
5906,42624,50.00
5907,61192,0.00
5908,62714,100.00
5909,27016,0.00
5910,52766,100.00
5911,36012,100.00
5912,27559,100.00
5913,55729,100.00
5914,49205,100.00
5915,67148,100.00
5916,35276,0.00
5917,55014,33.33
5918,56856,50.00
5919,61336,100.00
5920,51053,100.00
5921,40896,0.00
5922,45444,100.00
5923,42690,100.00
5924,54292,100.00
5925,32821,100.00
5926,27910,100.00
5927,67879,100.00
5928,45587,0.00
5929,51893,0.00
5930,61717,0.00
5931,58065,100.00
5932,49421,100.00
5933,27468,0.00
5934,23713,100.00
5935,50642,100.00
5936,51765,100.00
5937,34782,50.00
5938,34744,100.00
5939,46471,100.00
5940,27634,50.00
5941,28515,100.00
5942,60261,66.67
5943,27658,0.00
5944,36669,100.00
5945,53183,100.00
5946,32201,100.00
5947,40426,100.00
5948,62945,100.00
5949,43500,0.00
5950,63788,100.00
5951,46863,0.00
5952,26567,100.00
5953,33318,50.00
5954,26087,0.00
5955,43801,100.00
5956,44639,100.00
5957,46981,100.00
5958,48181,100.00
5959,39990,100.00
5960,58958,50.00
5961,68201,0.00
5962,37104,100.00
5963,63266,100.00
5964,54393,100.00
5965,52997,100.00
5966,59271,100.00
5967,32666,100.00
5968,28017,100.00
5969,66087,100.00
5970,49744,100.00
5971,42988,100.00
5972,58573,0.00
5973,53981,0.00
5974,68524,50.00
5975,25752,0.00
5976,28832,100.00
5977,44174,100.00
5978,55158,0.00
5979,38104,100.00
5980,46337,100.00
5981,28285,100.00
5982,26951,100.00
5983,46511,50.00
5984,56137,0.00
5985,61702,0.00
5986,67321,100.00
5987,58181,100.00
5988,42398,100.00
5989,36780,100.00
5990,29537,100.00
5991,61705,100.00
5992,36120,100.00
5993,61535,50.00
5994,47345,66.67
5995,31385,0.00
5996,21360,0.00
5997,27783,100.00
5998,45193,100.00
5999,59082,100.00
6000,76492,100.00
6001,51307,100.00
6002,30202,100.00
6003,34320,100.00
6004,30974,50.00
6005,38680,0.00
6006,55190,50.00
6007,64603,50.00
6008,61672,100.00
6009,52921,100.00
6010,71089,0.00
6011,63058,100.00
6012,29151,0.00
6013,62858,100.00
6014,26885,0.00
6015,60043,100.00
6016,34622,100.00
6017,52001,0.00
6018,55003,0.00
6019,62479,100.00
6020,26460,0.00
6021,61510,100.00
6022,34209,100.00
6023,66947,100.00
6024,40033,100.00
6025,32721,100.00
6026,27384,100.00
6027,59956,100.00
6028,40659,100.00
6029,49658,33.33
6030,55979,0.00
6031,73566,100.00
6032,26675,0.00
6033,29778,100.00
6034,27019,100.00
6035,65646,100.00
6036,34175,100.00
6037,44834,50.00
6038,55688,0.00
6039,47187,50.00
6040,37717,100.00
6041,43311,0.00
6042,55369,100.00
6043,68335,100.00
6044,64040,0.00
6045,46994,100.00
6046,35539,100.00
6047,23931,0.00
6048,60701,100.00
6049,42506,50.00
6050,66252,100.00
6051,21717,0.00
6052,37758,100.00
6053,42930,50.00
6054,27828,100.00
6055,63325,100.00
6056,41745,0.00
6057,46560,100.00
6058,43352,100.00
6059,46576,100.00
6060,51886,0.00
6061,69103,50.00
6062,53686,50.00
6063,42349,0.00
6064,67414,100.00
6065,26282,0.00
6066,59921,100.00
6067,32823,100.00
6068,27471,100.00
6069,42815,100.00
6070,55200,100.00
6071,62814,100.00
6072,46122,0.00
6073,65720,0.00
6074,52966,100.00
6075,29312,100.00
6076,52005,100.00
6077,44945,0.00
6078,32579,100.00
6079,51962,100.00
6080,47708,0.00
6081,24379,100.00
6082,30885,100.00
6083,60694,100.00
6084,46278,0.00
6085,51565,0.00
6086,79158,50.00
6087,56440,100.00
6088,53877,100.00
6089,38142,0.00
6090,27709,100.00
6091,53205,100.00
6092,43293,100.00
6093,59958,100.00
6094,42277,50.00
6095,56826,100.00
6096,41944,50.00
6097,39381,0.00
6098,67379,100.00
6099,41467,100.00
6100,48043,100.00
6101,45957,0.00
6102,36471,100.00
6103,34410,50.00
6104,37407,0.00
6105,39061,66.67
6106,38776,100.00
6107,64727,100.00
6108,35127,0.00
6109,30160,100.00
6110,26835,0.00
6111,35344,100.00
6112,40715,100.00
6113,49817,100.00
6114,39759,100.00
6115,53426,50.00
6116,52927,50.00
6117,67325,0.00
6118,42144,100.00
6119,60616,100.00
6120,51243,100.00
6121,30978,100.00
6122,71479,100.00
6123,28766,100.00
6124,26424,100.00
6125,41338,100.00
6126,62398,100.00
6127,47654,100.00
6128,60204,0.00
6129,66106,0.00
6130,68143,100.00
6131,26584,0.00
6132,25793,100.00
6133,43655,100.00
6134,62571,100.00
6135,33441,100.00
6136,60524,100.00
6137,54998,66.67
6138,20578,0.00
6139,18743,100.00
6140,51747,0.00
6141,61631,66.67
6142,60948,100.00
6143,47560,0.00
6144,52012,100.00
6145,33907,100.00
6146,51602,100.00
6147,47161,100.00
6148,36839,50.00
6149,61825,100.00
6150,46300,100.00
6151,55970,50.00
6152,48241,100.00
6153,45832,100.00
6154,57541,100.00
6155,41498,0.00
6156,32997,100.00
6157,49753,100.00
6158,52693,100.00
6159,59457,66.67
6160,61826,0.00
6161,81000,0.00
6162,65277,100.00
6163,61560,100.00
6164,47258,0.00
6165,48088,100.00
6166,31816,100.00
6167,29307,100.00
6168,35471,100.00
6169,64918,100.00
6170,69853,100.00
6171,50786,50.00
6172,62989,0.00
6173,83770,0.00
6174,57713,100.00
6175,42632,100.00
6176,61251,100.00
6177,49925,100.00
6178,32081,100.00
6179,66952,100.00
6180,30009,0.00
6181,27488,100.00
6182,53929,100.00
6183,51945,100.00
6184,54973,0.00
6185,57572,0.00
6186,69305,100.00
6187,67804,100.00
6188,40272,0.00
6189,28398,100.00
6190,51380,100.00
6191,55905,100.00
6192,33208,100.00
6193,58063,50.00
6194,53064,0.00
6195,33610,66.67
6196,39342,100.00
6197,54957,50.00
6198,59592,100.00
6199,47108,100.00
6200,56395,0.00
6201,48513,100.00
6202,28448,100.00
6203,46541,0.00
6204,37897,50.00
6205,65396,100.00
6206,64685,100.00
6207,38095,0.00
6208,23203,100.00
6209,40949,50.00
6210,28501,100.00
6211,44180,100.00
6212,52312,100.00
6213,38914,100.00
6214,51978,100.00
6215,66319,50.00
6216,56076,0.00
6217,62261,100.00
6218,50549,0.00
6219,33798,100.00
6220,37212,100.00
6221,54393,100.00
6222,41569,100.00
6223,33162,100.00
6224,27226,100.00
6225,57390,100.00
6226,40792,100.00
6227,55747,0.00
6228,52397,0.00
6229,66868,50.00
6230,30514,100.00
6231,24069,100.00
6232,24472,100.00
6233,61909,100.00
6234,30406,100.00
6235,50681,100.00
6236,60109,100.00
6237,30407,50.00
6238,38904,100.00
6239,42241,0.00
6240,46836,100.00
6241,54773,100.00
6242,24367,0.00
6243,55999,100.00
6244,34368,100.00
6245,59791,100.00
6246,47752,0.00
6247,32262,100.00
6248,62635,66.67
6249,22703,0.00
6250,36607,100.00
6251,40033,50.00
6252,38698,100.00
6253,59424,100.00
6254,39443,0.00
6255,26270,100.00
6256,65393,100.00
6257,52932,100.00
6258,49060,66.67
6259,54555,0.00
6260,72613,50.00
6261,59514,0.00
6262,42059,100.00
6263,59398,100.00
6264,49760,100.00
6265,35095,100.00
6266,28108,0.00
6267,61585,100.00
6268,49610,100.00
6269,62427,100.00
6270,32750,100.00
6271,47097,0.00
6272,64496,33.33
6273,51975,100.00
6274,51479,100.00
6275,41451,0.00
6276,31627,100.00
6277,36172,100.00
6278,72006,100.00
6279,32182,100.00
6280,26437,100.00
6281,69064,100.00
6282,42595,0.00
6283,51485,0.00
6284,65869,50.00
6285,34807,0.00
6286,51282,100.00
6287,48619,100.00
6288,43878,100.00
6289,51075,100.00
6290,47521,100.00
6291,49931,100.00
6292,39922,50.00
6293,45016,100.00
6294,31563,100.00
6295,34456,50.00
6296,73561,100.00
6297,42245,100.00
6298,54970,100.00
6299,48276,0.00
6300,27364,100.00
6301,38005,50.00
6302,19813,0.00
6303,54528,100.00
6304,57932,100.00
6305,55600,100.00
6306,30370,50.00
6307,33507,0.00
6308,45960,100.00
6309,52506,100.00
6310,48620,100.00
6311,39627,0.00
6312,35918,100.00
6313,41726,50.00
6314,48810,0.00
6315,55472,50.00
6316,56546,100.00
6317,43609,0.00
6318,36587,100.00
6319,38216,100.00
6320,53044,100.00
6321,37724,100.00
6322,25516,100.00
6323,72517,100.00
6324,37207,100.00
6325,57431,50.00
6326,59249,0.00
6327,80524,0.00
6328,58936,100.00
6329,30428,0.00
6330,29818,100.00
6331,57329,100.00
6332,43925,0.00
6333,45188,100.00
6334,46284,100.00
6335,32162,100.00
6336,58592,50.00
6337,83718,0.00
6338,69440,66.67
6339,24221,0.00
6340,42714,100.00
6341,53321,100.00
6342,32610,100.00
6343,25915,100.00
6344,60091,100.00
6345,36560,100.00
6346,43312,100.00
6347,61704,0.00
6348,38167,100.00
6349,34808,0.00
6350,36782,66.67
6351,24335,0.00
6352,66772,100.00
6353,47404,100.00
6354,57221,100.00
6355,44007,100.00
6356,52454,0.00
6357,27147,100.00
6358,26556,50.00
6359,73130,50.00
6360,63987,100.00
6361,32088,100.00
6362,62256,100.00
6363,35738,100.00
6364,32640,100.00
6365,56668,100.00
6366,50381,100.00
6367,51272,100.00
6368,54126,100.00
6369,48910,50.00
6370,54141,0.00
6371,89092,100.00
6372,47611,100.00
6373,58169,100.00
6374,29523,0.00
6375,27157,100.00
6376,55062,100.00
6377,39964,100.00
6378,28530,100.00
6379,55809,100.00
6380,72691,100.00
6381,55282,0.00
6382,53050,0.00
6383,78024,66.67
6384,66321,0.00
6385,43488,100.00
6386,29798,0.00
6387,27442,100.00
6388,58616,100.00
6389,41340,100.00
6390,60707,50.00
6391,51917,100.00
6392,24166,0.00
6393,39524,100.00
6394,53367,50.00
6395,71253,100.00
6396,38257,100.00
6397,62647,100.00
6398,28430,0.00
6399,37975,100.00
6400,53668,100.00
6401,41676,0.00
6402,67222,75.00
6403,25360,0.00
6404,50991,100.00
6405,34026,0.00
6406,41818,100.00
6407,46495,0.00
6408,52586,100.00
6409,34898,100.00
6410,64049,100.00
6411,39968,100.00
6412,51649,0.00
6413,83797,50.00
6414,67194,100.00
6415,65706,100.00
6416,54363,0.00
6417,42234,100.00
6418,61078,100.00
6419,29245,100.00
6420,25404,100.00
6421,28190,100.00
6422,78329,100.00
6423,60763,0.00
6424,54361,50.00
6425,75724,0.00
6426,72552,50.00
6427,27287,100.00
6428,40791,100.00
6429,49082,100.00
6430,63650,100.00
6431,47594,100.00
6432,61996,100.00
6433,49117,100.00
6434,29031,100.00
6435,57078,100.00
6436,58329,0.00
6437,90481,0.00
6438,68314,100.00
6439,65411,100.00
6440,49726,0.00
6441,32056,100.00
6442,35708,100.00
6443,63977,100.00
6444,46328,100.00
6445,51364,50.00
6446,90836,100.00
6447,49274,50.00
6448,52119,50.00
6449,45794,100.00
6450,40576,50.00
6451,67228,100.00
6452,54701,0.00
6453,47936,100.00
6454,59631,100.00
6455,40302,0.00
6456,28598,100.00
6457,41820,50.00
6458,59366,100.00
6459,59275,0.00
6460,52677,100.00
6461,49505,0.00
6462,29410,100.00
6463,28110,100.00
6464,57617,100.00
6465,49675,100.00
6466,50528,100.00
6467,60757,100.00
6468,53169,0.00
6469,57481,0.00
6470,86278,66.67
6471,51858,100.00
6472,60888,100.00
6473,67267,100.00
6474,55282,100.00
6475,50313,100.00
6476,40111,100.00
6477,30144,100.00
6478,58112,100.00
6479,72818,100.00
6480,59355,0.00
6481,68952,0.00
6482,89279,50.00
6483,56901,100.00
6484,49972,100.00
6485,28742,0.00
6486,51578,100.00
6487,50453,100.00
6488,43617,100.00
6489,51134,50.00
6490,45393,100.00
6491,54155,100.00
6492,36952,50.00
6493,57504,0.00
6494,68881,66.67
6495,39108,100.00
6496,63395,100.00
6497,38756,0.00
6498,24526,100.00
6499,50154,100.00
6500,31008,0.00
6501,43097,50.00
6502,60293,100.00
6503,50318,100.00
6504,27903,50.00
6505,36347,50.00
6506,44511,100.00
6507,61627,100.00
6508,50999,100.00
6509,61613,0.00
6510,56040,100.00
6511,31382,100.00
6512,55423,0.00
6513,68408,0.00
6514,67791,100.00
6515,58591,0.00
6516,31487,100.00
6517,53728,100.00
6518,49036,100.00
6519,26135,100.00
6520,27691,100.00
6521,68720,100.00
6522,53646,0.00
6523,58487,100.00
6524,62239,0.00
6525,54708,0.00
6526,58070,100.00
6527,40954,0.00
6528,40483,100.00
6529,53827,100.00
6530,42436,100.00
6531,52558,100.00
6532,42910,100.00
6533,31062,100.00
6534,38327,100.00
6535,52404,100.00
6536,51619,50.00
6537,50549,0.00
6538,66901,50.00
6539,73710,100.00
6540,47836,100.00
6541,35980,100.00
6542,27535,100.00
6543,53125,100.00
6544,38824,100.00
6545,60491,100.00
6546,42146,0.00
6547,52648,100.00
6548,44443,0.00
6549,32711,66.67
6550,65123,100.00
6551,49826,0.00
6552,43377,100.00
6553,48059,100.00
6554,42007,0.00
6555,22641,100.00
6556,39082,50.00
6557,47704,100.00
6558,54455,0.00
6559,58698,66.67
6560,43820,0.00
6561,28924,100.00
6562,38008,100.00
6563,45872,0.00
6564,46743,100.00
6565,37962,100.00
6566,65037,100.00
6567,56165,100.00
6568,51683,0.00
6569,77436,0.00
6570,39780,100.00
6571,59272,100.00
6572,51791,0.00
6573,37656,100.00
6574,56952,100.00
6575,30460,100.00
6576,24770,100.00
6577,37985,100.00
6578,65729,100.00
6579,27715,0.00
6580,53265,0.00
6581,81602,33.33
6582,71779,100.00
6583,33938,100.00
6584,24691,0.00
6585,36466,100.00
6586,44379,100.00
6587,28869,100.00
6588,60100,0.00
6589,41297,50.00
6590,49764,100.00
6591,27903,100.00
6592,42901,50.00
6593,68746,100.00
6594,40559,100.00
6595,59745,100.00
6596,30131,0.00
6597,26260,100.00
6598,51845,100.00
6599,57050,50.00
6600,43996,100.00
6601,65865,66.67
6602,38376,0.00
6603,23834,0.00
6604,26201,100.00
6605,27879,0.00
6606,49865,100.00
6607,59505,100.00
6608,55925,100.00
6609,42431,100.00
6610,37382,100.00
6611,50759,0.00
6612,65206,50.00
6613,39619,0.00
6614,59010,100.00
6615,56809,100.00
6616,55122,100.00
6617,26926,0.00
6618,26270,100.00
6619,25687,100.00
6620,30158,100.00
6621,57794,100.00
6622,58010,100.00
6623,53084,50.00
6624,51263,0.00
6625,60617,50.00
6626,29459,0.00
6627,28299,100.00
6628,50833,100.00
6629,63290,100.00
6630,53880,100.00
6631,44404,100.00
6632,29821,0.00
6633,27611,100.00
6634,54621,100.00
6635,51344,0.00
6636,52351,0.00
6637,59003,50.00
6638,70559,100.00
6639,44911,100.00
6640,39620,100.00
6641,25171,0.00
6642,52275,100.00
6643,47254,100.00
6644,64759,66.67
6645,54244,0.00
6646,48081,100.00
6647,42182,50.00
6648,46816,0.00
6649,60497,66.67
6650,40860,0.00
6651,43939,100.00
6652,48502,100.00
6653,48809,100.00
6654,36055,100.00
6655,30400,100.00
6656,44623,0.00
6657,58936,100.00
6658,64386,100.00
6659,50078,50.00
6660,49706,50.00
6661,33855,100.00
6662,41189,100.00
6663,44603,100.00
6664,34354,100.00
6665,59165,100.00
6666,52404,0.00
6667,52047,50.00
6668,69666,50.00
6669,25551,0.00
6670,47441,100.00
6671,59830,100.00
6672,33700,100.00
6673,55536,100.00
6674,30913,100.00
6675,25864,100.00
6676,26606,100.00
6677,77064,100.00
6678,33228,0.00
6679,55723,0.00
6680,68017,50.00
6681,77715,0.00
6682,50390,100.00
6683,40542,0.00
6684,37875,100.00
6685,43669,100.00
6686,50571,100.00
6687,39760,50.00
6688,38300,100.00
6689,45742,100.00
6690,35877,50.00
6691,41128,50.00
6692,65606,100.00
6693,34804,100.00
6694,57312,100.00
6695,29934,0.00
6696,24682,100.00
6697,53994,100.00
6698,66606,0.00
6699,51757,50.00
6700,58177,100.00
6701,60006,50.00
6702,31851,100.00
6703,36746,50.00
6704,28303,0.00
6705,53581,100.00
6706,46990,100.00
6707,64542,100.00
6708,38937,100.00
6709,36619,100.00
6710,56381,66.67
6711,58839,0.00
6712,61967,100.00
6713,52592,0.00
6714,50705,100.00
6715,58387,100.00
6716,41882,100.00
6717,22149,100.00
6718,70084,100.00
6719,67029,100.00
6720,60902,100.00
6721,63115,100.00
6722,73925,66.67
6723,56847,0.00
6724,71553,0.00
6725,87282,0.00
6726,57167,100.00
6727,67612,100.00
6728,21862,0.00
6729,25267,100.00
6730,56544,100.00
6731,52886,100.00
6732,39353,100.00
6733,50259,100.00
6734,66136,100.00
6735,49890,0.00
6736,72062,50.00
6737,63846,100.00
6738,31911,100.00
6739,27365,100.00
6740,27959,0.00
6741,57904,100.00
6742,49391,100.00
6743,77241,100.00
6744,39727,50.00
6745,52907,100.00
6746,40512,0.00
6747,34705,50.00
6748,56138,100.00
6749,4049359,100.00
6750,46570,100.00
6751,56126,100.00
6752,31869,100.00
6753,27581,100.00
6754,30370,50.00
6755,27556,0.00
6756,61079,100.00
6757,57083,100.00
6758,66897,0.00
6759,46795,100.00
6760,46946,100.00
6761,25336,0.00
6762,54471,100.00
6763,35367,100.00
6764,61351,100.00
6765,39623,100.00
6766,45520,0.00
6767,81135,33.33
6768,60598,100.00
6769,63878,100.00
6770,58885,0.00
6771,34467,100.00
6772,54664,100.00
6773,41432,100.00
6774,23372,100.00
6775,27316,100.00
6776,74729,100.00
6777,32378,0.00
6778,50083,50.00
6779,69669,0.00
6780,67320,0.00
6781,38226,100.00
6782,28843,0.00
6783,28385,100.00
6784,64900,100.00
6785,60170,100.00
6786,46089,100.00
6787,32178,100.00
6788,41495,100.00
6789,56251,0.00
6790,60061,50.00
6791,74874,50.00
6792,59947,100.00
6793,62890,100.00
6794,25049,0.00
6795,24147,100.00
6796,24457,100.00
6797,58733,100.00
6798,52004,100.00
6799,54697,100.00
6800,62039,66.67
6801,44322,0.00
6802,41585,100.00
6803,44255,0.00
6804,28461,100.00
6805,65818,100.00
6806,40716,0.00
6807,63242,100.00
6808,37732,100.00
6809,40565,0.00
6810,32246,100.00
6811,33221,0.00
6812,74329,0.00
6813,62384,100.00
6814,55646,100.00
6815,53067,0.00
6816,30333,100.00
6817,27062,100.00
6818,47945,100.00
6819,54286,100.00
6820,46030,100.00
6821,63835,100.00
6822,46473,50.00
6823,53598,0.00
6824,79356,0.00
6825,42977,100.00
6826,59302,100.00
6827,48491,0.00
6828,33126,100.00
6829,52070,100.00
6830,43044,100.00
6831,26022,100.00
6832,37986,100.00
6833,67596,100.00
6834,51303,0.00
6835,52426,0.00
6836,80717,50.00
6837,62751,100.00
6838,43245,100.00
6839,28489,0.00
6840,39762,100.00
6841,39289,100.00
6842,31156,100.00
6843,44510,100.00
6844,45887,50.00
6845,47084,100.00
6846,35641,100.00
6847,46559,50.00
6848,69909,100.00
6849,39974,100.00
6850,56515,100.00
6851,29264,0.00
6852,23343,100.00
6853,61628,100.00
6854,62812,50.00
6855,54573,0.00
6856,56901,50.00
6857,45035,0.00
6858,33843,100.00
6859,28198,100.00
6860,24999,100.00
6861,46999,100.00
6862,44162,100.00
6863,63544,100.00
6864,35468,100.00
6865,44452,50.00
6866,59655,0.00
6867,66729,50.00
6868,60301,100.00
6869,53550,0.00
6870,34665,100.00
6871,54028,100.00
6872,41720,100.00
6873,24966,100.00
6874,41497,100.00
6875,62202,100.00
6876,43231,0.00
6877,64582,100.00
6878,55586,0.00
6879,67098,50.00
6880,26704,100.00
6881,28057,100.00
6882,35708,100.00
6883,48360,100.00
6884,39772,100.00
6885,52474,100.00
6886,38574,100.00
6887,45603,100.00
6888,28953,100.00
6889,55251,0.00
6890,82262,0.00
6891,66828,0.00
6892,61765,100.00
6893,50372,0.00
6894,30074,100.00
6895,29417,100.00
6896,54405,100.00
6897,44805,100.00
6898,46574,50.00
6899,64183,100.00
6900,39474,100.00
6901,64295,50.00
6902,43912,100.00
6903,22474,0.00
6904,50618,100.00
6905,56339,100.00
6906,49649,100.00
6907,31234,100.00
6908,39256,100.00
6909,34494,50.00
6910,31390,100.00
6911,66006,0.00
6912,64012,0.00
6913,64646,100.00
6914,51884,0.00
6915,30447,100.00
6916,26377,100.00
6917,49680,100.00
6918,45510,100.00
6919,42499,100.00
6920,58459,100.00
6921,49958,0.00
6922,50844,0.00
6923,78609,50.00
6924,46501,100.00
6925,60162,100.00
6926,43631,0.00
6927,34384,100.00
6928,49035,100.00
6929,41514,100.00
6930,26740,100.00
6931,42856,100.00
6932,62396,100.00
6933,51235,0.00
6934,56855,0.00
6935,89338,0.00
6936,69698,100.00
6937,30580,100.00
6938,24814,0.00
6939,41095,100.00
6940,51351,100.00
6941,52308,100.00
6942,50350,50.00
6943,34846,100.00
6944,24380,100.00
6945,34864,0.00
6946,44475,50.00
6947,71253,100.00
6948,36805,100.00
6949,57749,100.00
6950,28131,0.00
6951,35706,100.00
6952,47889,100.00
6953,55499,100.00
6954,52340,0.00
6955,66101,66.67
6956,47761,100.00
6957,32060,50.00
6958,41597,100.00
6959,25789,0.00
6960,51857,100.00
6961,41822,100.00
6962,65904,100.00
6963,29237,100.00
6964,41693,100.00
6965,60816,0.00
6966,57338,50.00
6967,63602,100.00
6968,55231,0.00
6969,38353,100.00
6970,45242,100.00
6971,43887,0.00
6972,26909,100.00
6973,28399,100.00
6974,65074,100.00
6975,49920,100.00
6976,49459,50.00
6977,60699,0.00
6978,68412,0.00
6979,61087,100.00
6980,43421,0.00
6981,40841,100.00
6982,48394,100.00
6983,43049,100.00
6984,48958,100.00
6985,31247,100.00
6986,25299,0.00
6987,33411,100.00
6988,44506,66.67
6989,59041,0.00
6990,55052,0.00
6991,62638,50.00
6992,55618,0.00
6993,26474,100.00
6994,27321,100.00
6995,45894,100.00
6996,34881,100.00
6997,33966,100.00
6998,59915,0.00
6999,38641,50.00
7000,71411,100.00
7001,40428,0.00
7002,33461,100.00
7003,58993,100.00
7004,28736,0.00
7005,52390,100.00
7006,46048,100.00
7007,40257,100.00
7008,22714,100.00
7009,20451,0.00
7010,23539,50.00
7011,53017,100.00
7012,52936,100.00
7013,36754,0.00
7014,25943,100.00
7015,33425,100.00
7016,45461,0.00
7017,40435,100.00
7018,31667,100.00
7019,54989,100.00
7020,34456,0.00
7021,43438,0.00
7022,62613,50.00
7023,41203,100.00
7024,56431,100.00
7025,40234,0.00
7026,48272,100.00
7027,43993,100.00
7028,42538,100.00
7029,27454,100.00
7030,56213,100.00
7031,85496,100.00
7032,53835,0.00
7033,56135,0.00
7034,72886,66.67
7035,27999,0.00
7036,38032,100.00
7037,24915,0.00
7038,57672,100.00
7039,54319,100.00
7040,70790,100.00
7041,49308,0.00
7042,50809,100.00
7043,41944,100.00
7044,29595,66.67
7045,48027,100.00
7046,56126,100.00
7047,43348,100.00
7048,60478,100.00
7049,41114,0.00
7050,23851,100.00
7051,56333,100.00
7052,65206,50.00
7053,56195,0.00
7054,54728,100.00
7055,41761,0.00
7056,31207,100.00
7057,37561,100.00
7058,26682,0.00
7059,50748,100.00
7060,50028,100.00
7061,67437,100.00
7062,27253,100.00
7063,37916,50.00
7064,67841,0.00
7065,39054,50.00
7066,62302,100.00
7067,50247,0.00
7068,46276,100.00
7069,42468,100.00
7070,67065,100.00
7071,27457,100.00
7072,29265,100.00
7073,71669,100.00
7074,49777,100.00
7075,32391,50.00
7076,73960,0.00
7077,70833,0.00
7078,53081,100.00
7079,28926,0.00
7080,54254,100.00
7081,54077,100.00
7082,61220,100.00
7083,41056,0.00
7084,24470,100.00
7085,27556,100.00
7086,44953,100.00
7087,51358,0.00
7088,54604,0.00
7089,60674,50.00
7090,66887,100.00
7091,27546,0.00
7092,25229,100.00
7093,24169,100.00
7094,65558,100.00
7095,43266,100.00
7096,54617,50.00
7097,46084,100.00
7098,34360,0.00
7099,28437,50.00
7100,21048,0.00
7101,43456,100.00
7102,48206,100.00
7103,51453,100.00
7104,42855,100.00
7105,29778,100.00
7106,25579,100.00
7107,28735,100.00
7108,26079,50.00
7109,57782,100.00
7110,43169,0.00
7111,38056,100.00
7112,26344,50.00
7113,31469,100.00
7114,48289,100.00
7115,44479,0.00
7116,34706,100.00
7117,53558,100.00
7118,45560,0.00
7119,46992,0.00
7120,63566,66.67
7121,27800,0.00
7122,46609,100.00
7123,48721,100.00
7124,54768,0.00
7125,36550,100.00
7126,29728,100.00
7127,25737,100.00
7128,48034,100.00
7129,50186,100.00
7130,59550,50.00
7131,53924,0.00
7132,66186,50.00
7133,21498,0.00
7134,23739,100.00
7135,26530,100.00
7136,65230,100.00
7137,51674,0.00
7138,54521,100.00
7139,30620,0.00
7140,29032,100.00
7141,31455,50.00
7142,53505,100.00
7143,42524,50.00
7144,53775,100.00
7145,56916,0.00
7146,36429,100.00
7147,33994,100.00
7148,23609,0.00
7149,51925,100.00
7150,32491,100.00
7151,68390,50.00
7152,31197,0.00
7153,36873,50.00
7154,24437,0.00
7155,27771,100.00
7156,33661,100.00
7157,49489,0.00
7158,45499,100.00
7159,48088,100.00
7160,26118,0.00
7161,36457,100.00
7162,65512,0.00
7163,34037,0.00
7164,27284,66.67
7165,65126,100.00
7166,48899,0.00
7167,45945,100.00
7168,28851,100.00
7169,26177,100.00
7170,27855,100.00
7171,57191,100.00
7172,64150,100.00
7173,54986,0.00
7174,43528,50.00
7175,65313,50.00
7176,47225,0.00
7177,44869,100.00
7178,59282,100.00
7179,54806,0.00
7180,52953,100.00
7181,61790,100.00
7182,34599,100.00
7183,26083,100.00
7184,62181,100.00
7185,41946,100.00
7186,46392,0.00
7187,52503,0.00
7188,63181,50.00
7189,57786,100.00
7190,29007,0.00
7191,28007,100.00
7192,48684,100.00
7193,59700,100.00
7194,31281,100.00
7195,58182,100.00
7196,60568,0.00
7197,26929,100.00
7198,31946,100.00
7199,53313,66.67
7200,57887,100.00
7201,48082,100.00
7202,57946,0.00
7203,48938,100.00
7204,29166,100.00
7205,44508,0.00
7206,20183,100.00
7207,51374,50.00
7208,67183,100.00
7209,55013,100.00
7210,34643,0.00
7211,44475,100.00
7212,33761,100.00
7213,55092,100.00
7214,40888,0.00
7215,26485,100.00
7216,49430,100.00
7217,52709,50.00
7218,65169,0.00
7219,71662,66.67
7220,26166,0.00
7221,59870,100.00
7222,37706,100.00
7223,56100,100.00
7224,40680,0.00
7225,33801,100.00
7226,28614,100.00
7227,52291,100.00
7228,51609,100.00
7229,50923,0.00
7230,58164,0.00
7231,69835,66.67
7232,22711,0.00
7233,26073,100.00
7234,29344,100.00
7235,68989,100.00
7236,48343,100.00
7237,54660,100.00
7238,62284,100.00
7239,37453,100.00
7240,35406,0.00
7241,71697,50.00
7242,52047,50.00
7243,49368,100.00
7244,47499,100.00
7245,49488,100.00
7246,37032,100.00
7247,31280,100.00
7248,47678,100.00
7249,40167,100.00
7250,53105,0.00
7251,55032,66.67
7252,53997,50.00
7253,35993,0.00
7254,30930,50.00
7255,27626,100.00
7256,63177,100.00
7257,38054,100.00
7258,52897,100.00
7259,48962,100.00
7260,32287,100.00
7261,29287,100.00
7262,19097,0.00
7263,64138,50.00
7264,66200,100.00
7265,23997,0.00
7266,55374,100.00
7267,39586,100.00
7268,40859,0.00
7269,42123,100.00
7270,48629,100.00
7271,49451,0.00
7272,40057,100.00
7273,38974,0.00
7274,49936,50.00
7275,80447,0.00
7276,59183,100.00
7277,52368,0.00
7278,37464,100.00
7279,30946,100.00
7280,54329,0.00
7281,27772,100.00
7282,25291,100.00
7283,58723,100.00
7284,52482,100.00
7285,53024,50.00
7286,52708,0.00
7287,66141,0.00
7288,62242,100.00
7289,25260,0.00
7290,29979,100.00
7291,51584,100.00
7292,64709,0.00
7293,62365,100.00
7294,51866,50.00
7295,78276,0.00
7296,64070,50.00
7297,66246,0.00
7298,61030,100.00
7299,42114,0.00
7300,37858,50.00
7301,52029,100.00
7302,60389,100.00
7303,66164,100.00
7304,22804,0.00
7305,24216,100.00
7306,31500,100.00
7307,66166,100.00
7308,56178,0.00
7309,61407,100.00
7310,55348,100.00
7311,26954,0.00
7312,44239,100.00
7313,52974,0.00
7314,43659,100.00
7315,40970,100.00
7316,47619,100.00
7317,52483,50.00
7318,40247,0.00
7319,60314,0.00
7320,50702,100.00
7321,56677,100.00
7322,28788,0.00
7323,28054,100.00
7324,56357,100.00
7325,39536,100.00
7326,26484,100.00
7327,55458,100.00
7328,65740,100.00
7329,41855,0.00
7330,65699,0.00
7331,58087,50.00
7332,68684,50.00
7333,47829,100.00
7334,26860,0.00
7335,49989,100.00
7336,45723,100.00
7337,43242,100.00
7338,50519,100.00
7339,36292,100.00
7340,41940,100.00
7341,49136,50.00
7342,70434,0.00
7343,86903,100.00
7344,53285,100.00
7345,64204,100.00
7346,30077,0.00
7347,32508,100.00
7348,43041,100.00
7349,64464,100.00
7350,35087,100.00
7351,48751,50.00
7352,61073,0.00
7353,45824,66.67
7354,32836,100.00
7355,52033,0.00
7356,48238,100.00
7357,56729,100.00
7358,49869,0.00
7359,45588,100.00
7360,39355,100.00
7361,42110,100.00
7362,29212,100.00
7363,23837,50.00
7364,69622,66.67
7365,52715,0.00
7366,65838,75.00
7367,43425,0.00
7368,33245,100.00
7369,39272,100.00
7370,55025,100.00
7371,32308,100.00
7372,51257,100.00
7373,61671,0.00
7374,54777,50.00
7375,70360,0.00
7376,73226,50.00
7377,52349,100.00
7378,59649,100.00
7379,28715,0.00
7380,44226,100.00
7381,47214,100.00
7382,45350,100.00
7383,28998,100.00
7384,61311,100.00
7385,48227,50.00
7386,66490,0.00
7387,66928,100.00
7388,37408,0.00
7389,28665,100.00
7390,32575,100.00
7391,63999,100.00
7392,43098,100.00
7393,61540,100.00
7394,59143,66.67
7395,39703,0.00
7396,45380,66.67
7397,48865,0.00
7398,58608,50.00
7399,57344,100.00
7400,57229,0.00
7401,44424,100.00
7402,35734,100.00
7403,50377,0.00
7404,52896,100.00
7405,39566,50.00
7406,65656,100.00
7407,42801,100.00
7408,38222,0.00
7409,37549,50.00
7410,46435,100.00
7411,61238,100.00
7412,41347,0.00
7413,43775,100.00
7414,44441,100.00
7415,50993,100.00
7416,50486,100.00
7417,70916,33.33
7418,58161,100.00
7419,34348,0.00
7420,60629,100.00
7421,69403,100.00
7422,48952,100.00
7423,33721,100.00
7424,25713,0.00
7425,46209,100.00
7426,62126,100.00
7427,75074,100.00
7428,64043,0.00
7429,70723,0.00
7430,89308,100.00
7431,32104,100.00
7432,36357,100.00
7433,57082,0.00
7434,45944,100.00
7435,40434,100.00
7436,68379,100.00
7437,32010,100.00
7438,26990,100.00
7439,74925,100.00
7440,49936,50.00
7441,54391,0.00
7442,69886,0.00
7443,60836,50.00
7444,65932,100.00
7445,23989,0.00
7446,30770,100.00
7447,49817,100.00
7448,64394,100.00
7449,41019,100.00
7450,61841,50.00
7451,63025,100.00
7452,51314,100.00
7453,52890,0.00
7454,53132,100.00
7455,63677,100.00
7456,53185,100.00
7457,44632,0.00
7458,45097,100.00
7459,41323,100.00
7460,28616,0.00
7461,24129,100.00
7462,43640,50.00
7463,66459,100.00
7464,30935,100.00
7465,28638,0.00
7466,42185,100.00
7467,29320,100.00
7468,60925,100.00
7469,26784,0.00
7470,43932,100.00
7471,42862,100.00
7472,78374,50.00
7473,68638,50.00
7474,46785,0.00
7475,42313,100.00
7476,64084,100.00
7477,39591,100.00
7478,65314,100.00
7479,35242,0.00
7480,27128,100.00
7481,25463,100.00
7482,62325,100.00
7483,48198,66.67
7484,57810,50.00
7485,67922,0.00
7486,61874,0.00
7487,55088,100.00
7488,35178,100.00
7489,41021,100.00
7490,45576,0.00
7491,55136,100.00
7492,63658,100.00
7493,67774,66.67
7494,37984,100.00
7495,46778,100.00
7496,61574,50.00
7497,65206,100.00
7498,50756,100.00
7499,52500,0.00
7500,53517,100.00
7501,51309,100.00
7502,153824,100.00
7503,60075,0.00
7504,43321,100.00
7505,76244,50.00
7506,37430,100.00
7507,37257,100.00
7508,55341,66.67
7509,25827,0.00
7510,55083,100.00
7511,59329,100.00
7512,47656,100.00
7513,45853,100.00
7514,55611,100.00
7515,48413,0.00
7516,78840,0.00
7517,58936,66.67
7518,24307,0.00
7519,54486,100.00
7520,62266,100.00
7521,46239,100.00
7522,34185,100.00
7523,28634,100.00
7524,47255,100.00
7525,53263,100.00
7526,69943,100.00
7527,65458,0.00
7528,57044,0.00
7529,69009,50.00
7530,41007,100.00
7531,46699,100.00
7532,50376,0.00
7533,46755,100.00
7534,52049,100.00
7535,52244,100.00
7536,29945,100.00
7537,26195,100.00
7538,41982,0.00
7539,51993,66.67
7540,61511,0.00
7541,84579,0.00
7542,66279,100.00
7543,59846,100.00
7544,41506,0.00
7545,38745,100.00
7546,45499,100.00
7547,41960,100.00
7548,49899,50.00
7549,38206,100.00
7550,42706,100.00
7551,30521,66.67
7552,42523,100.00
7553,69323,100.00
7554,37178,100.00
7555,56709,100.00
7556,47310,0.00
7557,34100,100.00
7558,29441,50.00
7559,17198,100.00
7560,40983,50.00
7561,51566,100.00
7562,63234,100.00
7563,25843,50.00
7564,32522,100.00
7565,30242,0.00
7566,51389,100.00
7567,46504,100.00
7568,49236,0.00
7569,53146,100.00
7570,47896,0.00
7571,61779,0.00
7572,72328,50.00
7573,54792,100.00
7574,43986,0.00
7575,33959,100.00
7576,40560,100.00
7577,54284,100.00
7578,32596,100.00
7579,28862,100.00
7580,70632,100.00
7581,45296,0.00
7582,55377,50.00
7583,60872,50.00
7584,69246,0.00
7585,30995,100.00
7586,28157,0.00
7587,28481,100.00
7588,63404,100.00
7589,44128,100.00
7590,49400,100.00
7591,38177,50.00
7592,32725,0.00
7593,32050,100.00
7594,29752,50.00
7595,68311,100.00
7596,41259,100.00
7597,61760,100.00
7598,39481,0.00
7599,25998,100.00
7600,57765,100.00
7601,59565,0.00
7602,41987,100.00
7603,58988,50.00
7604,54000,0.00
7605,32117,66.67
7606,30750,50.00
7607,26227,0.00
7608,56879,100.00
7609,50263,100.00
7610,65909,100.00
7611,38287,100.00
7612,37204,100.00
7613,53723,0.00
7614,52699,0.00
7615,65605,100.00
7616,52513,0.00
7617,34825,100.00
7618,57420,100.00
7619,29302,100.00
7620,37092,100.00
7621,44204,100.00
7622,81630,100.00
7623,49662,0.00
7624,44133,100.00
7625,52504,0.00
7626,56449,0.00
7627,67027,100.00
7628,30767,0.00
7629,56386,100.00
7630,50792,100.00
7631,46271,100.00
7632,58613,100.00
7633,33560,100.00
7634,27288,100.00
7635,59494,100.00
7636,53042,100.00
7637,63721,0.00
7638,59762,0.00
7639,72422,100.00
7640,51391,0.00
7641,36516,100.00
7642,34150,100.00
7643,70640,100.00
7644,48953,100.00
7645,40749,100.00
7646,69448,50.00
7647,60244,100.00
7648,40633,100.00
7649,51969,50.00
7650,56167,100.00
7651,61899,50.00
7652,59791,0.00
7653,38251,100.00
7654,60043,100.00
7655,23033,0.00
7656,28871,100.00
7657,21763,50.00
7658,78339,100.00
7659,48041,100.00
7660,57430,100.00
7661,46488,0.00
7662,28905,50.00
7663,63372,100.00
7664,44368,0.00
7665,31942,100.00
7666,35870,100.00
7667,72598,100.00
7668,61283,0.00
7669,70699,0.00
7670,76473,100.00
7671,56225,0.00
7672,63082,100.00
7673,30775,0.00
7674,42410,100.00
7675,52185,100.00
7676,43555,100.00
7677,32009,100.00
7678,64650,100.00
7679,48956,0.00
7680,61868,50.00
7681,74903,50.00
7682,55929,0.00
7683,36463,100.00
7684,36821,100.00
7685,63360,100.00
7686,41011,100.00
7687,37029,100.00
7688,74640,100.00
7689,34816,0.00
7690,59375,50.00
7691,72769,0.00
7692,78903,50.00
7693,70234,100.00
7694,47805,0.00
7695,69657,100.00
7696,60665,100.00
7697,62006,100.00
7698,61165,100.00
7699,49262,100.00
7700,60451,50.00
7701,64404,100.00
7702,62839,66.67
7703,41061,0.00
7704,47993,50.00
7705,66610,100.00
7706,53104,0.00
7707,41799,100.00
7708,40756,100.00
7709,77474,100.00
7710,36929,0.00
7711,43570,66.67
7712,60757,0.00
7713,48150,50.00
7714,67575,100.00
7715,32007,0.00
7716,58083,100.00
7717,38323,100.00
7718,62291,0.00
7719,66291,100.00
7720,54665,100.00
7721,71749,100.00
7722,57616,100.00
7723,59822,33.33
7724,80896,0.00
7725,72963,0.00
7726,69908,100.00
7727,50525,0.00
7728,47819,100.00
7729,52678,100.00
7730,64918,100.00
7731,34698,100.00
7732,42419,100.00
7733,75791,100.00
7734,47119,0.00
7735,72518,0.00
7736,62372,0.00
7737,75360,100.00
7738,70095,100.00
7739,30231,0.00
7740,51355,100.00
7741,59478,100.00
7742,74919,100.00
7743,48294,50.00
7744,57542,100.00
7745,72905,100.00
7746,28475,50.00
7747,43838,0.00
7748,63280,50.00
7749,56531,100.00
7750,37816,100.00
7751,79727,100.00
7752,34026,100.00
7753,63380,100.00
7754,71266,0.00
7755,62831,50.00
7756,71323,100.00
7757,49036,0.00
7758,140313,50.00
7759,39558,50.00
7760,50237,100.00
7761,31274,100.00
7762,63939,100.00
7763,82780,100.00
7764,62450,0.00
7765,47272,100.00
7766,55551,0.00
7767,58766,0.00
7768,72575,100.00
7769,43936,0.00
7770,63787,100.00
7771,39825,100.00
7772,79056,100.00
7773,42140,100.00
7774,30380,100.00
7775,48179,0.00
7776,72554,100.00
7777,64478,100.00
7778,79154,50.00
7779,61351,0.00
7780,63657,0.00
7781,87649,100.00
7782,68588,0.00
7783,47526,100.00
7784,70133,100.00
7785,53763,100.00
7786,49696,100.00
7787,59926,100.00
7788,38911,100.00
7789,49978,66.67
7790,61096,0.00
7791,62661,0.00
7792,69752,100.00
7793,53071,0.00
7794,59500,100.00
7795,53912,100.00
7796,49165,100.00
7797,29066,100.00
7798,52917,100.00
7799,68462,100.00
7800,62217,0.00
7801,62127,50.00
7802,71055,100.00
7803,44441,50.00
7804,42845,100.00
7805,23386,0.00
7806,58868,100.00
7807,38555,100.00
7808,70977,100.00
7809,31351,100.00
7810,27476,100.00
7811,29700,50.00
7812,25769,100.00
7813,63746,0.00
7814,75387,50.00
7815,40207,100.00
7816,58428,100.00
7817,28700,0.00
7818,26411,100.00
7819,57834,100.00
7820,59033,100.00
7821,62771,100.00
7822,48937,100.00
7823,59231,0.00
7824,63325,0.00
7825,73693,100.00
7826,25689,0.00
7827,57986,100.00
7828,42481,100.00
7829,65695,100.00
7830,47327,100.00
7831,36520,100.00
7832,41869,100.00
7833,62910,100.00
7834,65300,100.00
7835,56781,50.00
7836,60698,0.00
7837,73036,66.67
7838,25930,0.00
7839,25242,100.00
7840,32969,100.00
7841,67044,100.00
7842,54803,100.00
7843,34813,100.00
7844,65546,50.00
7845,55022,100.00
7846,57195,66.67
7847,66528,0.00
7848,59203,0.00
7849,63578,100.00
7850,24094,0.00
7851,57656,100.00
7852,40978,100.00
7853,82581,100.00
7854,56465,100.00
7855,40035,0.00
7856,66682,66.67
7857,22861,0.00
7858,40078,100.00
7859,40604,0.00
7860,37979,50.00
7861,64453,100.00
7862,47069,0.00
7863,39773,100.00
7864,50807,100.00
7865,70520,100.00
7866,47396,0.00
7867,55426,0.00
7868,80817,50.00
7869,60382,100.00
7870,66411,100.00
7871,25394,0.00
7872,60551,100.00
7873,35486,100.00
7874,26686,100.00
7875,26379,100.00
7876,62188,100.00
7877,71062,100.00
7878,53416,50.00
7879,52149,0.00
7880,69070,50.00
7881,24722,0.00
7882,28212,100.00
7883,54690,100.00
7884,46677,100.00
7885,34569,100.00
7886,59934,100.00
7887,40621,100.00
7888,27091,100.00
7889,40054,100.00
7890,62332,100.00
7891,60455,0.00
7892,63269,0.00
7893,65248,0.00
7894,66763,100.00
7895,28461,0.00
7896,29738,100.00
7897,42985,100.00
7898,55656,0.00
7899,36852,66.67
7900,57683,0.00
7901,46975,50.00
7902,27814,100.00
7903,40626,50.00
7904,52291,0.00
7905,58520,100.00
7906,46938,100.00
7907,58494,100.00
7908,45430,100.00
7909,36352,100.00
7910,31284,0.00
7911,38481,50.00
7912,58076,100.00
7913,62514,0.00
7914,41834,50.00
7915,23506,0.00
7916,41566,100.00
7917,33021,100.00
7918,40520,100.00
7919,60001,0.00
7920,33158,100.00
7921,61711,100.00
7922,56911,50.00
7923,52271,0.00
7924,64262,50.00
7925,26636,0.00
7926,54261,100.00
7927,55731,100.00
7928,57974,100.00
7929,46028,100.00
7930,29738,100.00
7931,26800,0.00
7932,50336,100.00
7933,57622,100.00
7934,58212,0.00
7935,58913,0.00
7936,68635,50.00
7937,45217,0.00
7938,26467,100.00
7939,29077,100.00
7940,63242,100.00
7941,53741,0.00
7942,43540,100.00
7943,64240,100.00
7944,68563,0.00
7945,43246,100.00
7946,34256,0.00
7947,60370,50.00
7948,68645,100.00
7949,43545,0.00
7950,55864,100.00
7951,59142,100.00
7952,48115,100.00
7953,52681,100.00
7954,57473,66.67
7955,43532,0.00
7956,60585,100.00
7957,46343,100.00
7958,48924,0.00
7959,25882,50.00
7960,57945,100.00
7961,48890,0.00
7962,41323,100.00
7963,30943,100.00
7964,68660,100.00
7965,33047,100.00
7966,57644,0.00
7967,66785,0.00
7968,44720,50.00
7969,66762,100.00
7970,42071,0.00
7971,57379,100.00
7972,53141,100.00
7973,49225,100.00
7974,29229,100.00
7975,60538,100.00
7976,79536,100.00
7977,57993,0.00
7978,62548,50.00
7979,63671,0.00
7980,71949,50.00
7981,34302,100.00
7982,31737,100.00
7983,57477,100.00
7984,51472,100.00
7985,58731,100.00
7986,57170,100.00
7987,32483,100.00
7988,51008,100.00
7989,61316,100.00
7990,56592,50.00
7991,59067,0.00
7992,73988,50.00
7993,49373,0.00
7994,73879,100.00
7995,47916,100.00
7996,43588,100.00
7997,49469,0.00
7998,44265,100.00
7999,44814,100.00
8000,92882,66.67
8001,32143,0.00
8002,32560,100.00
8003,49297,100.00
8004,56453,50.00
8005,57713,100.00
8006,23445,0.00
8007,56075,100.00
8008,36948,100.00
8009,57602,100.00
8010,27455,50.00
8011,59590,100.00
8012,67227,100.00
8013,55373,100.00
8014,37170,0.00
8015,35109,66.67
8016,27536,0.00
8017,46474,100.00
8018,52821,100.00
8019,36646,100.00
8020,43846,100.00
8021,70239,100.00
8022,51154,0.00
8023,66612,66.67
8024,29347,0.00
8025,58542,100.00
8026,51674,100.00
8027,57429,100.00
8028,45288,100.00
8029,29369,100.00
8030,24516,100.00
8031,45683,100.00
8032,47189,100.00
8033,48700,50.00
8034,54386,0.00
8035,62152,50.00
8036,69377,100.00
8037,29539,100.00
8038,40873,100.00
8039,25495,0.00
8040,45722,100.00
8041,47620,100.00
8042,67785,50.00
8043,42399,100.00
8044,45877,50.00
8045,40310,0.00
8046,59040,66.67
8047,32416,100.00
8048,52582,100.00
8049,47212,100.00
8050,41431,100.00
8051,57041,100.00
8052,41444,0.00
8053,24135,100.00
8054,78336,50.00
8055,51110,0.00
8056,42982,100.00
8057,35497,0.00
8058,27963,100.00
8059,48419,100.00
8060,54629,0.00
8061,42004,100.00
8062,63774,100.00
8063,47900,0.00
8064,34902,100.00
8065,57288,0.00
8066,77324,50.00
8067,61792,100.00
8068,55501,100.00
8069,53105,0.00
8070,43692,100.00
8071,28217,100.00
8072,28636,100.00
8073,51970,100.00
8074,50383,100.00
8075,64208,100.00
8076,44441,0.00
8077,58993,0.00
8078,64691,0.00
8079,74720,100.00
8080,49751,100.00
8081,66309,0.00
8082,43550,100.00
8083,35205,100.00
8084,64008,100.00
8085,32605,100.00
8086,32169,100.00
8087,70586,100.00
8088,50995,0.00
8089,54953,0.00
8090,75194,50.00
8091,69907,100.00
8092,60556,100.00
8093,42016,0.00
8094,31935,100.00
8095,56030,100.00
8096,61202,100.00
8097,67383,100.00
8098,58630,0.00
8099,72299,50.00
8100,65243,0.00
8101,65464,100.00
8102,151966,100.00
8103,48459,0.00
8104,56665,100.00
8105,64418,100.00
8106,32872,100.00
8107,63826,100.00
8108,25357,0.00
8109,31015,66.67
8110,20179,50.00
8111,74078,100.00
8112,49585,100.00
8113,62799,100.00
8114,58014,50.00
8115,32704,100.00
8116,60532,100.00
8117,53204,0.00
8118,35827,100.00
8119,36775,100.00
8120,62082,50.00
8121,57961,100.00
8122,53161,0.00
8123,70355,66.67
8124,53247,0.00
8125,60661,100.00
8126,28004,0.00
8127,28480,100.00
8128,52004,100.00
8129,40563,100.00
8130,37563,100.00
8131,52523,100.00
8132,45766,100.00
8133,53249,50.00
8134,59168,0.00
8135,79462,100.00
8136,34463,100.00
8137,39453,100.00
8138,62173,100.00
8139,45380,100.00
8140,35175,100.00
8141,69765,100.00
8142,27901,100.00
8143,41397,100.00
8144,57933,0.00
8145,52336,50.00
8146,69688,66.67
8147,44203,0.00
8148,58019,100.00
8149,54992,100.00
8150,43753,100.00
8151,53615,100.00
8152,47265,100.00
8153,51990,0.00
8154,58846,66.67
8155,55429,100.00
8156,36228,0.00
8157,26773,100.00
8158,53587,100.00
8159,45855,0.00
8160,46741,100.00
8161,48193,100.00
8162,60226,100.00
8163,39023,100.00
8164,30016,66.67
8165,21269,0.00
8166,52137,0.00
8167,64102,50.00
8168,55199,100.00
8169,54423,100.00
8170,57075,100.00
8171,39100,0.00
8172,53879,100.00
8173,52619,100.00
8174,46373,100.00
8175,57099,100.00
8176,48180,50.00
8177,55286,50.00
8178,71738,0.00
8179,70527,100.00
8180,65427,100.00
8181,44833,100.00
8182,37132,100.00
8183,60556,100.00
8184,29834,100.00
8185,28072,100.00
8186,59069,100.00
8187,48872,100.00
8188,52790,0.00
8189,66677,0.00
8190,75399,100.00
8191,66959,100.00
8192,42119,0.00
8193,33872,100.00
8194,72842,0.00
8195,86529,100.00
8196,34529,0.00
8197,46413,66.67
8198,65215,0.00
8199,55016,0.00
8200,39221,100.00
8201,60196,50.00
8202,51764,0.00
8203,64730,100.00
8204,62911,100.00
8205,51874,0.00
8206,36851,100.00
8207,42018,100.00
8208,51318,100.00
8209,63221,50.00
8210,67888,66.67
8211,34347,0.00
8212,45026,50.00
8213,43512,0.00
8214,31944,100.00
8215,59762,100.00
8216,44495,0.00
8217,51992,100.00
8218,51336,100.00
8219,55540,100.00
8220,55403,0.00
8221,69277,66.67
8222,27143,0.00
8223,64251,100.00
8224,39111,100.00
8225,70093,100.00
8226,42292,100.00
8227,30068,100.00
8228,28590,100.00
8229,63724,100.00
8230,68847,100.00
8231,60361,50.00
8232,63142,0.00
8233,75830,0.00
8234,68751,100.00
8235,32248,100.00
8236,51795,100.00
8237,49360,0.00
8238,36834,100.00
8239,52170,100.00
8240,56697,100.00
8241,36272,100.00
8242,47476,50.00
8243,65275,0.00
8244,59622,0.00
8245,72913,100.00
8246,53471,0.00
8247,53442,100.00
8248,35333,100.00
8249,44684,100.00
8250,40292,100.00
8251,52445,100.00
8252,29201,100.00
8253,47093,0.00
8254,52998,66.67
8255,56840,100.00
8256,39711,0.00
8257,49306,100.00
8258,62058,100.00
8259,57426,100.00
8260,58477,100.00
8261,72802,100.00
8262,38630,100.00
8263,35980,100.00
8264,46380,0.00
8265,47308,50.00
8266,75329,100.00
8267,64112,0.00
8268,60154,100.00
8269,55631,100.00
8270,41315,0.00
8271,27994,100.00
8272,64081,100.00
8273,60242,100.00
8274,64138,100.00
8275,50942,100.00
8276,67877,0.00
8277,72638,33.33
8278,38712,100.00
8279,51501,0.00
8280,56402,100.00
8281,40715,100.00
8282,69241,100.00
8283,39847,100.00
8284,30171,100.00
8285,39674,100.00
8286,63274,100.00
8287,38025,100.00
8288,55010,0.00
8289,57808,0.00
8290,70655,100.00
8291,24205,0.00
8292,27415,100.00
8293,29646,100.00
8294,91439,100.00
8295,32719,100.00
8296,50906,100.00
8297,55753,50.00
8298,50811,100.00
8299,43655,50.00
8300,49997,100.00
8301,56511,0.00
8302,62619,100.00
8303,26456,0.00
8304,62593,100.00
8305,34707,100.00
8306,61766,100.00
8307,54456,0.00
8308,28943,50.00
8309,73925,100.00
8310,52487,100.00
8311,41826,50.00
8312,40666,0.00
8313,43387,100.00
8314,59612,100.00
8315,45302,0.00
8316,34700,100.00
8317,57943,100.00
8318,70728,100.00
8319,54398,0.00
8320,58530,0.00
8321,73164,50.00
8322,48666,0.00
8323,65863,100.00
8324,29340,0.00
8325,58042,100.00
8326,52125,100.00
8327,43548,100.00
8328,30811,100.00
8329,61643,100.00
8330,65003,100.00
8331,59483,100.00
8332,53704,0.00
8333,73084,0.00
8334,30285,100.00
8335,39059,100.00
8336,60708,0.00
8337,47361,100.00
8338,32887,100.00
8339,61617,100.00
8340,28936,100.00
8341,43633,100.00
8342,59283,100.00
8343,52464,0.00
8344,60310,0.00
8345,58114,50.00
8346,55469,100.00
8347,64245,100.00
8348,25316,0.00
8349,30157,100.00
8350,53960,100.00
8351,63980,100.00
8352,39740,0.00
8353,48960,100.00
8354,59467,100.00
8355,36042,50.00
8356,29154,50.00
8357,55736,100.00
8358,47065,100.00
8359,47160,100.00
8360,42695,0.00
8361,43843,100.00
8362,39293,100.00
8363,28672,100.00
8364,23551,0.00
8365,45392,100.00
8366,67804,100.00
8367,33689,0.00
8368,23799,50.00
8369,42808,100.00
8370,28766,100.00
8371,58619,100.00
8372,27380,0.00
8373,40497,100.00
8374,39912,100.00
8375,68826,50.00
8376,45039,0.00
8377,61784,100.00
8378,27193,0.00
8379,56135,100.00
8380,33157,100.00
8381,60314,100.00
8382,41320,100.00
8383,34958,100.00
8384,29638,100.00
8385,59510,100.00
8386,58034,100.00
8387,67674,0.00
8388,149240,0.00
8389,72630,50.00
8390,34265,100.00
8391,33762,100.00
8392,29510,100.00
8393,71257,100.00
8394,48547,0.00
8395,44066,100.00
8396,66487,100.00
8397,52767,0.00
8398,33848,100.00
8399,50866,100.00
8400,60187,0.00
8401,61016,100.00
8402,24322,0.00
8403,61604,100.00
8404,38910,100.00
8405,63289,100.00
8406,41751,100.00
8407,18299,0.00
8408,58668,50.00
8409,44937,100.00
8410,40541,100.00
8411,35159,50.00
8412,36560,100.00
8413,55611,100.00
8414,43840,0.00
8415,38723,100.00
8416,46118,100.00
8417,60230,100.00
8418,29015,100.00
8419,53342,0.00
8420,88014,50.00
8421,70804,0.00
8422,70541,100.00
8423,56000,0.00
8424,28721,100.00
8425,54289,100.00
8426,47489,100.00
8427,28279,100.00
8428,29848,100.00
8429,73194,100.00
8430,52541,100.00
8431,56746,50.00
8432,59232,0.00
8433,70410,50.00
8434,32821,100.00
8435,43611,0.00
8436,58999,100.00
8437,48160,100.00
8438,48272,0.00
8439,57061,100.00
8440,35741,100.00
8441,56901,100.00
8442,59057,100.00
8443,61206,50.00
8444,59038,0.00
8445,70028,0.00
8446,70175,100.00
8447,54909,0.00
8448,32998,100.00
8449,64717,100.00
8450,68038,100.00
8451,39776,100.00
8452,42704,50.00
8453,71423,100.00
8454,40959,0.00
8455,40123,66.67
8456,44782,0.00
8457,56242,66.67
8458,59348,100.00
8459,25271,0.00
8460,58825,100.00
8461,38237,100.00
8462,52014,100.00
8463,44371,100.00
8464,33111,50.00
8465,71209,100.00
8466,67296,50.00
8467,43343,0.00
8468,34037,66.67
8469,25725,0.00
8470,28806,100.00
8471,77227,100.00
8472,53027,100.00
8473,55351,100.00
8474,74797,100.00
8475,60362,0.00
8476,74725,0.00
8477,64689,100.00
8478,57621,100.00
8479,58021,100.00
8480,26399,0.00
8481,60791,100.00
8482,34249,100.00
8483,29300,100.00
8484,46383,100.00
8485,60362,100.00
8486,61499,66.67
8487,52280,0.00
8488,66910,0.00
8489,93513,100.00
8490,33015,100.00
8491,39214,100.00
8492,65632,100.00
8493,51474,100.00
8494,42434,100.00
8495,77939,66.67
8496,57443,100.00
8497,22286,100.00
8498,27887,0.00
8499,49084,50.00
8500,63295,100.00
8501,41125,100.00
8502,59666,100.00
8503,43271,100.00
8504,54744,100.00
8505,48196,100.00
8506,49280,100.00
8507,65613,0.00
8508,56701,100.00
8509,52327,66.67
8510,48264,0.00
8511,38779,66.67
8512,61010,100.00
8513,50400,0.00
8514,34793,100.00
8515,52913,100.00
8516,47726,100.00
8517,25902,100.00
8518,59515,0.00
8519,80283,50.00
8520,57473,0.00
8521,59848,100.00
8522,52421,0.00
8523,46255,100.00
8524,29717,100.00
8525,40119,0.00
8526,41123,100.00
8527,47966,100.00
8528,62356,100.00
8529,36189,100.00
8530,54471,0.00
8531,61648,0.00
8532,67166,100.00
8533,45870,100.00
8534,67883,100.00
8535,52191,0.00
8536,36549,100.00
8537,59893,100.00
8538,29217,100.00
8539,26599,100.00
8540,65496,100.00
8541,53324,100.00
8542,61450,0.00
8543,56901,0.00
8544,71161,0.00
8545,63971,100.00
8546,31295,0.00
8547,28280,100.00
8548,50229,100.00
8549,66602,100.00
8550,37343,0.00
8551,64484,100.00
8552,60298,50.00
8553,29036,100.00
8554,36519,100.00
8555,53774,0.00
8556,58710,100.00
8557,48241,100.00
8558,57253,0.00
8559,61310,100.00
8560,28563,100.00
8561,45000,50.00
8562,25483,0.00
8563,60857,50.00
8564,72209,100.00
8565,59261,0.00
8566,31478,100.00
8567,40451,66.67
8568,23881,0.00
8569,55710,100.00
8570,45463,100.00
8571,26139,100.00
8572,44976,100.00
8573,56979,50.00
8574,56255,0.00
8575,72825,66.67
8576,70611,0.00
8577,53831,100.00
8578,41207,100.00
8579,64642,100.00
8580,42744,100.00
8581,35970,100.00
8582,47286,0.00
8583,63024,100.00
8584,47699,100.00
8585,58295,0.00
8586,62526,0.00
8587,67952,66.67
8588,27222,0.00
8589,30225,100.00
8590,34246,100.00
8591,67638,100.00
8592,29906,100.00
8593,53240,100.00
8594,61334,0.00
8595,33758,100.00
8596,42290,0.00
8597,79156,50.00
8598,70311,100.00
8599,55719,100.00
8600,65140,100.00
8601,62608,100.00
8602,55260,100.00
8603,52637,100.00
8604,53077,100.00
8605,45944,100.00
8606,65647,0.00
8607,60875,50.00
8608,57686,100.00
8609,44317,0.00
8610,30996,100.00
8611,57549,66.67
8612,44185,0.00
8613,35641,100.00
8614,45673,100.00
8615,62596,100.00
8616,32478,100.00
8617,34901,100.00
8618,38473,50.00
8619,57030,0.00
8620,61820,100.00
8621,32056,0.00
8622,59752,100.00
8623,41344,100.00
8624,25201,0.00
8625,55409,100.00
8626,47416,100.00
8627,67841,100.00
8628,37976,100.00
8629,52662,0.00
8630,61078,0.00
8631,73998,100.00
8632,57069,100.00
8633,45277,0.00
8634,40734,100.00
8635,47759,100.00
8636,54507,100.00
8637,31320,100.00
8638,27431,100.00
8639,72575,100.00
8640,46155,100.00
8641,60299,0.00
8642,56860,0.00
8643,63078,100.00
8644,55093,100.00
8645,30399,0.00
8646,25220,100.00
8647,51785,100.00
8648,57275,100.00
8649,39126,100.00
8650,47861,50.00
8651,62032,100.00
8652,27532,100.00
8653,35250,50.00
8654,63723,50.00
8655,54320,100.00
8656,55001,100.00
8657,47941,0.00
8658,34697,100.00
8659,37000,100.00
8660,57181,100.00
8661,32876,50.00
8662,50219,100.00
8663,26996,0.00
8664,28809,66.67
8665,20219,0.00
8666,33039,50.00
8667,36157,100.00
8668,48296,100.00
8669,55409,100.00
8670,59804,100.00
8671,44398,100.00
8672,64752,100.00
8673,56075,0.00
8674,64299,100.00
8675,57414,0.00
8676,49861,100.00
8677,33202,100.00
8678,86210,100.00
8679,30364,100.00
8680,25741,100.00
8681,27389,100.00
8682,60330,100.00
8683,59668,100.00
8684,77049,50.00
8685,58489,0.00
8686,58234,0.00
8687,67948,100.00
8688,34043,100.00
8689,48936,100.00
8690,42421,0.00
8691,48266,100.00
8692,47248,100.00
8693,62746,100.00
8694,29707,100.00
8695,46187,50.00
8696,55469,50.00
8697,59999,0.00
8698,69183,100.00
8699,28397,0.00
8700,63649,100.00
8701,60289,100.00
8702,54075,100.00
8703,48915,100.00
8704,51351,100.00
8705,50899,0.00
8706,47898,50.00
8707,40981,50.00
8708,55260,100.00
8709,30647,50.00
8710,43541,100.00
8711,50393,0.00
8712,51527,100.00
8713,46995,100.00
8714,58507,100.00
8715,34838,100.00
8716,35180,100.00
8717,52337,0.00
8718,38898,100.00
8719,68083,50.00
8720,77942,50.00
8721,61281,100.00
8722,63920,100.00
8723,24209,0.00
8724,24045,100.00
8725,41034,100.00
8726,59867,100.00
8727,58624,100.00
8728,35289,100.00
8729,55615,0.00
8730,66521,50.00
8731,34346,100.00
8732,67259,100.00
8733,43235,100.00
8734,34009,100.00
8735,58584,100.00
8736,34990,100.00
8737,29700,100.00
8738,28642,100.00
8739,57282,100.00
8740,48571,100.00
8741,52824,0.00
8742,54945,0.00
8743,67152,100.00
8744,25866,0.00
8745,27893,100.00
8746,28430,100.00
8747,71218,100.00
8748,33222,100.00
8749,49283,100.00
8750,62124,0.00
8751,39214,100.00
8752,33530,100.00
8753,45248,0.00
8754,61309,100.00
8755,55000,100.00
8756,55015,0.00
8757,52502,100.00
8758,30345,100.00
8759,61434,100.00
8760,44856,50.00
8761,28943,0.00
8762,73869,100.00
8763,44449,0.00
8764,34729,100.00
8765,34881,50.00
8766,38247,100.00
8767,51934,100.00
8768,43377,0.00
8769,32648,100.00
8770,53264,100.00
8771,71163,100.00
8772,48828,0.00
8773,50373,0.00
8774,69407,50.00
8775,55692,100.00
8776,57063,100.00
8777,52023,0.00
8778,41748,100.00
8779,30122,100.00
8780,30114,100.00
8781,44411,100.00
8782,51097,100.00
8783,65265,100.00
8784,48002,0.00
8785,50876,0.00
8786,78203,66.67
8787,33339,100.00
8788,40762,100.00
8789,63646,0.00
8790,46638,100.00
8791,32563,100.00
8792,64526,100.00
8793,32844,100.00
8794,33825,100.00
8795,67027,100.00
8796,45958,0.00
8797,56164,0.00
8798,62077,0.00
8799,74720,100.00
8800,65074,100.00
8801,29206,0.00
8802,29685,100.00
8803,50921,100.00
8804,61846,100.00
8805,33117,0.00
8806,51095,100.00
8807,52899,100.00
8808,38783,50.00
8809,28188,50.00
8810,52989,100.00
8811,47522,100.00
8812,47447,100.00
8813,30607,0.00
8814,43536,100.00
8815,34152,100.00
8816,24699,100.00
8817,19778,50.00
8818,42214,100.00
8819,75587,100.00
8820,37324,0.00
8821,29423,50.00
8822,31082,100.00
8823,30471,100.00
8824,63083,100.00
8825,28087,0.00
8826,48370,100.00
8827,131438,100.00
8828,69936,0.00
8829,54088,0.00
8830,59861,100.00
8831,22811,0.00
8832,56398,100.00
8833,36958,100.00
8834,60147,100.00
8835,36269,100.00
8836,32381,100.00
8837,28299,100.00
8838,52808,100.00
8839,54604,66.67
8840,71695,0.00
8841,56168,0.00
8842,68120,66.67
8843,43936,0.00
8844,23271,100.00
8845,33151,100.00
8846,74962,100.00
8847,55427,100.00
8848,45748,100.00
8849,62274,0.00
8850,50348,50.00
8851,63227,100.00
8852,29975,0.00
8853,60378,100.00
8854,57793,100.00
8855,64591,100.00
8856,50379,100.00
8857,39221,100.00
8858,44152,100.00
8859,52952,100.00
8860,43631,50.00
8861,63726,100.00
8862,37739,50.00
8863,45471,100.00
8864,36414,0.00
8865,41333,100.00
8866,47257,100.00
8867,51287,0.00
8868,31665,100.00
8869,54041,100.00
8870,63036,100.00
8871,39572,0.00
8872,48797,0.00
8873,75032,66.67
8874,59131,100.00
8875,65159,100.00
8876,52258,0.00
8877,46261,100.00
8878,33837,100.00
8879,28917,100.00
8880,30744,100.00
8881,64257,100.00
8882,70796,100.00
8883,52469,0.00
8884,58058,0.00
8885,69227,33.33
8886,36067,100.00
8887,40905,100.00
8888,51188,0.00
8889,44266,100.00
8890,45572,100.00
8891,64367,100.00
8892,29712,100.00
8893,34629,100.00
8894,48910,100.00
8895,55436,100.00
8896,68826,0.00
8897,58484,0.00
8898,57338,100.00
8899,67908,100.00
8900,26430,0.00
8901,26646,100.00
8902,45784,100.00
8903,64400,100.00
8904,34516,100.00
8905,59343,50.00
8906,64595,0.00
8907,28193,100.00
8908,41394,0.00
8909,52778,66.67
8910,62763,100.00
8911,48888,100.00
8912,67032,100.00
8913,52780,100.00
8914,32651,100.00
8915,32046,0.00
8916,24380,50.00
8917,44821,100.00
8918,73171,100.00
8919,55829,0.00
8920,30687,50.00
8921,29502,0.00
8922,35178,100.00
8923,56895,100.00
8924,41415,0.00
8925,33397,100.00
8926,60103,100.00
8927,65844,0.00
8928,54515,0.00
8929,67637,100.00
8930,24479,0.00
8931,54844,100.00
8932,36304,100.00
8933,53777,100.00
8934,42705,100.00
8935,30587,100.00
8936,27131,100.00
8937,53988,100.00
8938,57958,100.00
8939,68460,50.00
8940,54832,0.00
8941,73534,50.00
8942,45969,0.00
8943,28823,100.00
8944,28105,100.00
8945,64390,100.00
8946,54000,100.00
8947,51953,100.00
8948,63537,50.00
8949,49501,0.00
8950,45424,66.67
8951,46476,0.00
8952,53691,66.67
8953,62956,100.00
8954,64170,0.00
8955,49003,100.00
8956,37635,100.00
8957,28473,100.00
8958,57813,100.00
8959,51346,100.00
8960,65226,66.67
8961,36598,100.00
8962,45672,0.00
8963,38221,100.00
8964,33866,50.00
8965,53758,100.00
8966,46237,0.00
8967,41655,100.00
8968,43801,100.00
8969,42414,100.00
8970,32642,100.00
8971,54174,0.00
8972,75083,50.00
8973,55894,0.00
8974,70961,100.00
8975,24213,0.00
8976,61258,100.00
8977,36281,100.00
8978,26069,100.00
8979,27116,100.00
8980,61576,100.00
8981,73698,100.00
8982,49958,0.00
8983,57246,50.00
8984,71705,0.00
8985,55655,100.00
8986,53205,100.00
8987,29454,0.00
8988,46228,100.00
8989,45081,100.00
8990,57305,100.00
8991,35587,100.00
8992,27664,100.00
8993,67717,100.00
8994,56494,50.00
8995,69682,0.00
8996,73597,0.00
8997,69398,50.00
8998,57021,100.00
8999,43261,0.00
9000,58337,100.00
