sample,work_ns,cpu_utilization
1,59498,0.00
2,82899,0.00
3,69070,50.00
4,60922,0.00
5,86777,0.00
6,59358,0.00
7,58427,0.00
8,98519,0.00
9,59818,0.00
10,65679,0.00
11,86020,0.00
12,58729,0.00
13,58951,0.00
14,95126,0.00
15,57198,0.00
16,61447,0.00
17,86866,50.00
18,54401,0.00
19,55490,0.00
20,84949,0.00
21,65420,0.00
22,58926,0.00
23,83807,0.00
24,56287,33.33
25,58018,0.00
26,86636,0.00
27,58136,0.00
28,59021,0.00
29,95576,0.00
30,69552,0.00
31,59712,0.00
32,86760,50.00
33,64164,100.00
34,35166,100.00
35,25618,0.00
36,47844,100.00
37,55943,100.00
38,26942,100.00
39,39545,50.00
40,52237,0.00
41,78741,0.00
42,58712,0.00
43,58419,0.00
44,84448,0.00
45,59949,33.33
46,57576,0.00
47,92410,50.00
48,58357,0.00
49,56025,0.00
50,79808,0.00
51,55415,0.00
52,60617,0.00
53,102064,0.00
54,53793,0.00
55,57522,0.00
56,82140,50.00
57,54169,0.00
58,54970,0.00
59,75287,0.00
60,53204,0.00
61,57592,0.00
62,75899,0.00
63,54936,0.00
64,59018,0.00
65,63298,0.00
66,26581,100.00
67,29097,100.00
68,24979,0.00
69,61840,100.00
70,61304,100.00
71,41069,0.00
72,30203,100.00
73,31780,100.00
74,49403,0.00
75,61337,100.00
76,53556,100.00
77,78037,0.00
78,61582,0.00
79,60307,0.00
80,79601,0.00
81,55292,33.33
82,60197,0.00
83,99557,0.00
84,55273,0.00
85,61799,0.00
86,84654,50.00
87,64129,0.00
88,58076,0.00
89,86328,0.00
90,55042,0.00
91,55071,0.00
92,79384,0.00
93,54738,0.00
94,54475,0.00
95,77454,0.00
96,57695,0.00
97,58824,0.00
98,78789,0.00
99,59689,0.00
100,56515,0.00
101,88782,50.00
102,56194,0.00
103,72942,0.00
104,80443,0.00
105,54391,0.00
106,65960,0.00
107,84878,0.00
108,58763,50.00
109,57905,0.00
110,88521,0.00
111,59335,0.00
112,56584,0.00
113,82405,0.00
114,58742,0.00
115,54653,0.00
116,85169,0.00
117,62744,50.00
118,57901,0.00
119,68338,0.00
120,35761,100.00
121,28504,100.00
122,23270,0.00
123,27507,100.00
124,60314,100.00
125,87776,100.00
126,42575,100.00
127,25205,100.00
128,42083,100.00
129,43272,50.00
130,52494,0.00
131,81984,33.33
132,58242,0.00
133,57221,0.00
134,83175,0.00
135,47970,0.00
136,49573,0.00
137,50888,0.00
138,53041,33.33
139,53319,0.00
140,96316,0.00
141,55324,0.00
142,56870,0.00
143,80552,0.00
144,58920,0.00
145,59041,0.00
146,91398,50.00
147,60043,0.00
148,58719,0.00
149,83497,0.00
150,57686,0.00
151,64105,0.00
152,78798,0.00
153,58921,0.00
154,61548,0.00
155,88572,50.00
156,54302,0.00
157,66223,0.00
158,87524,0.00
159,55682,0.00
160,57393,0.00
161,85702,0.00
162,56068,0.00
163,57557,0.00
164,78377,0.00
165,53619,50.00
166,55933,0.00
167,83479,0.00
168,57121,0.00
169,70636,66.67
170,95490,0.00
171,29598,100.00
172,24302,100.00
173,20717,100.00
174,23568,100.00
175,26438,100.00
176,66347,100.00
177,52607,100.00
178,50097,100.00
179,37922,100.00
180,55540,0.00
181,48138,0.00
182,89435,0.00
183,53961,0.00
184,61734,0.00
185,83093,0.00
186,58948,0.00
187,56370,0.00
188,84411,0.00
189,53995,0.00
190,59705,0.00
191,85951,0.00
192,57096,50.00
193,57430,0.00
194,90328,0.00
195,59653,0.00
196,57775,0.00
197,90031,0.00
198,61863,0.00
199,62366,0.00
200,87583,50.00
201,53888,0.00
202,65622,0.00
203,80731,0.00
204,61133,0.00
205,54477,0.00
206,80698,0.00
207,60856,0.00
208,57898,0.00
209,86406,0.00
210,54539,50.00
211,55242,0.00
212,82279,0.00
213,62815,0.00
214,55197,0.00
215,79296,0.00
216,58892,50.00
217,59301,0.00
218,98012,0.00
219,57625,0.00
220,61044,0.00
221,86088,50.00
222,43367,100.00
223,67288,100.00
224,39464,0.00
225,30881,100.00
226,28543,100.00
227,22548,0.00
228,27461,100.00
229,34778,100.00
230,64503,0.00
231,55975,50.00
232,61522,0.00
233,83598,0.00
234,60442,50.00
235,64664,0.00
236,84127,0.00
237,66878,0.00
238,56126,0.00
239,86370,0.00
240,54900,33.33
241,58539,0.00
242,81155,0.00
243,55841,0.00
244,59669,0.00
245,86154,50.00
246,60838,0.00
247,63717,0.00
248,84868,0.00
249,57492,0.00
250,61450,0.00
251,83754,0.00
252,61439,33.33
253,61650,0.00
254,82962,0.00
255,61551,0.00
256,72303,0.00
257,100571,0.00
258,64641,0.00
259,60177,0.00
260,88410,0.00
261,59514,0.00
262,61731,0.00
263,87332,50.00
264,61631,0.00
265,65149,0.00
266,87285,50.00
267,57885,0.00
268,58277,0.00
269,4093755,0.00
270,47342,100.00
271,31637,100.00
272,30117,0.00
273,28207,100.00
274,54311,100.00
275,55389,0.00
276,30328,100.00
277,54897,0.00
278,87450,0.00
279,60714,0.00
280,59679,0.00
281,83188,50.00
282,56067,0.00
283,59580,0.00
284,54276,0.00
285,54147,0.00
286,57985,0.00
287,84753,0.00
288,62411,0.00
289,61635,0.00
290,97164,0.00
291,57081,50.00
292,60218,0.00
293,92316,0.00
294,62152,0.00
295,60865,0.00
296,84470,0.00
297,60358,0.00
298,61295,0.00
299,89770,33.33
300,59341,0.00
301,60195,0.00
302,85688,0.00
303,69055,0.00
304,61518,100.00
305,22775,0.00
306,24887,100.00
307,37053,100.00
308,62675,0.00
309,46665,100.00
310,35740,100.00
311,26746,100.00
312,34645,100.00
313,42349,50.00
314,79724,0.00
315,53306,0.00
316,55000,0.00
317,78469,0.00
318,57532,0.00
319,60509,0.00
320,90272,0.00
321,57541,0.00
322,57423,0.00
323,87284,33.33
324,58317,0.00
325,57680,0.00
326,90108,33.33
327,59215,0.00
328,55160,0.00
329,83339,0.00
330,58250,0.00
331,57791,0.00
332,92823,33.33
333,59487,0.00
334,63251,0.00
335,83704,0.00
336,62542,0.00
337,62996,0.00
338,85302,0.00
339,57596,0.00
340,61246,0.00
341,78209,0.00
342,65250,50.00
343,59570,0.00
344,77472,0.00
345,56564,0.00
346,58316,0.00
347,80830,0.00
348,52396,33.33
349,54710,0.00
350,50436,0.00
351,69392,50.00
352,48094,100.00
353,29586,100.00
354,28876,100.00
355,24355,100.00
356,26581,100.00
357,57544,100.00
358,61256,100.00
359,51254,100.00
360,46762,100.00
361,37080,50.00
362,74779,0.00
363,68707,0.00
364,135682,0.00
365,81987,0.00
366,60635,0.00
367,58673,0.00
368,86963,0.00
369,59854,0.00
370,61457,0.00
371,88733,50.00
372,59437,0.00
373,58192,0.00
374,85701,50.00
375,163470,0.00
376,60484,0.00
377,86320,0.00
378,63898,0.00
379,61044,0.00
380,84243,0.00
381,56633,33.33
382,59783,0.00
383,87228,0.00
384,61833,0.00
385,63770,0.00
386,83134,0.00
387,62869,0.00
388,58206,0.00
389,87585,0.00
390,60780,25.00
391,60407,0.00
392,84932,0.00
393,59944,0.00
394,63886,0.00
395,80151,0.00
396,60453,50.00
397,62586,0.00
398,86400,0.00
399,72033,0.00
400,71451,100.00
401,48348,0.00
402,53625,100.00
403,34610,100.00
404,24323,100.00
405,26188,100.00
406,41449,100.00
407,55734,100.00
408,59076,100.00
409,59130,100.00
410,92250,0.00
411,58019,0.00
412,63621,0.00
413,93179,0.00
414,63136,0.00
415,69787,0.00
416,83716,33.33
417,76248,0.00
418,59921,0.00
419,90307,0.00
420,56596,0.00
421,61140,0.00
422,81951,0.00
423,60245,50.00
424,56714,0.00
425,88806,50.00
426,59647,0.00
427,64736,0.00
428,88732,0.00
429,58317,0.00
430,58938,0.00
431,84723,0.00
432,56608,0.00
433,59757,0.00
434,86228,0.00
435,59010,0.00
436,58582,0.00
437,91588,0.00
438,62767,33.33
439,58993,0.00
440,87579,0.00
441,54782,0.00
442,59198,0.00
443,83777,0.00
444,59870,33.33
445,62852,0.00
446,86816,0.00
447,73025,0.00
448,73107,0.00
449,46911,100.00
450,51056,100.00
451,65741,100.00
452,27220,0.00
453,56700,100.00
454,56343,100.00
455,32450,0.00
456,24193,100.00
457,22340,50.00
458,92840,0.00
459,58870,0.00
460,62897,0.00
461,84635,0.00
462,63610,0.00
463,58723,0.00
464,83538,0.00
465,63260,50.00
466,63885,0.00
467,82868,0.00
468,70429,0.00
469,96921,0.00
470,92069,50.00
471,62131,0.00
472,62426,0.00
473,91813,50.00
474,73266,0.00
475,73292,0.00
476,81150,0.00
477,65724,0.00
478,59042,0.00
479,96826,0.00
480,73276,0.00
481,60604,0.00
482,104233,0.00
483,63515,0.00
484,69210,50.00
485,83129,0.00
486,67577,66.67
487,68179,0.00
488,69521,50.00
489,42986,100.00
490,64624,100.00
491,29423,0.00
492,63013,100.00
493,59750,50.00
494,73825,0.00
495,57089,50.00
496,64917,0.00
497,83886,0.00
498,70508,0.00
499,59262,0.00
500,83815,0.00
501,61503,50.00
502,69862,0.00
503,165769,0.00
504,64746,0.00
505,60482,0.00
506,86992,33.33
507,62284,0.00
508,57343,0.00
509,95095,0.00
510,58112,0.00
511,58773,0.00
512,84784,0.00
513,63192,33.33
514,56822,0.00
515,88738,0.00
516,61466,0.00
517,75272,0.00
518,99949,0.00
519,59482,0.00
520,60865,0.00
521,265722,50.00
522,62837,0.00
523,66761,100.00
524,45565,0.00
525,39958,100.00
526,66127,100.00
527,38510,0.00
528,33813,100.00
529,43803,100.00
530,53929,100.00
531,53590,100.00
532,35122,50.00
533,26609,0.00
534,49277,50.00
535,56919,0.00
536,87026,0.00
537,63168,0.00
538,65716,0.00
539,84019,0.00
540,57546,0.00
541,58293,0.00
542,96876,50.00
543,60296,0.00
544,60162,0.00
545,87876,0.00
546,59249,0.00
547,61301,0.00
548,79503,0.00
549,59802,50.00
550,68141,0.00
551,91059,0.00
552,62546,0.00
553,60352,0.00
554,89785,0.00
555,71076,0.00
556,60563,0.00
557,87640,0.00
558,61837,0.00
559,71952,0.00
560,84170,0.00
561,60649,0.00
562,67653,0.00
563,81041,0.00
564,60700,50.00
565,62044,0.00
566,88337,50.00
567,57880,0.00
568,69336,0.00
569,79176,100.00
570,47737,100.00
571,36175,100.00
572,20182,0.00
573,22586,100.00
574,31173,100.00
575,64097,100.00
576,57763,100.00
577,56679,100.00
578,33067,100.00
579,56297,0.00
580,59785,0.00
581,80080,0.00
582,52321,0.00
583,53928,0.00
584,88167,0.00
585,58885,33.33
586,58228,0.00
587,85823,50.00
588,56541,0.00
589,57658,0.00
590,85822,0.00
591,63187,0.00
592,61576,0.00
593,83287,0.00
594,55077,0.00
595,60636,0.00
596,102795,0.00
597,62621,0.00
598,64289,0.00
599,83724,50.00
600,65015,0.00
601,61779,0.00
602,91958,0.00
603,68884,0.00
604,63194,0.00
605,83308,0.00
606,60138,50.00
607,60959,0.00
608,88622,0.00
609,57459,0.00
610,66262,0.00
611,87231,0.00
612,56272,0.00
613,75452,0.00
614,89728,50.00
615,60272,0.00
616,63458,0.00
617,89058,0.00
618,60893,0.00
619,74356,100.00
620,30555,0.00
621,65699,100.00
622,55468,100.00
623,31633,100.00
624,23267,100.00
625,24644,100.00
626,28785,100.00
627,67537,100.00
628,59349,50.00
629,87665,0.00
630,55016,50.00
631,70780,0.00
632,88734,0.00
633,59487,0.00
634,67578,0.00
635,84117,0.00
636,61459,0.00
637,61186,0.00
638,91387,0.00
639,60486,50.00
640,60023,0.00
641,86780,0.00
642,58231,0.00
643,57438,0.00
644,81300,0.00
645,60542,50.00
646,58969,0.00
647,83211,0.00
648,59124,0.00
649,60721,0.00
650,92444,0.00
651,57587,0.00
652,60248,0.00
653,88313,33.33
654,56753,0.00
655,59748,0.00
656,86727,0.00
657,60819,0.00
658,57039,0.00
659,82121,0.00
660,59471,0.00
661,61265,0.00
662,86929,33.33
663,58596,0.00
664,65420,0.00
665,64251,0.00
666,70013,0.00
667,74354,100.00
668,26861,0.00
669,27439,100.00
670,43756,100.00
671,61490,0.00
672,64170,100.00
673,46227,100.00
674,93949,0.00
675,56550,0.00
676,58937,0.00
677,94652,0.00
678,62263,33.33
679,56842,0.00
680,85101,0.00
681,56265,0.00
682,59474,0.00
683,84069,0.00
684,58225,33.33
685,57130,0.00
686,80738,0.00
687,65226,0.00
688,57743,0.00
689,93313,0.00
690,66793,0.00
691,62886,0.00
692,104126,50.00
693,52429,0.00
694,58283,0.00
695,84206,0.00
696,55850,50.00
697,60963,0.00
698,103000,0.00
699,59612,0.00
700,59448,0.00
701,69329,0.00
702,42068,100.00
703,34207,100.00
704,52246,0.00
705,60095,100.00
706,50942,100.00
707,33520,100.00
708,30330,100.00
709,38462,100.00
710,65481,100.00
711,57530,0.00
712,62552,0.00
713,85759,0.00
714,59871,0.00
715,56950,0.00
716,82630,33.33
717,61097,0.00
718,61203,0.00
719,85268,0.00
720,59969,0.00
721,62548,0.00
722,80465,0.00
723,60052,33.33
724,59160,0.00
725,83067,0.00
726,61369,0.00
727,61123,0.00
728,83962,0.00
729,56979,0.00
730,55895,0.00
731,77394,0.00
732,55171,33.33
733,68759,0.00
734,80472,0.00
735,56867,0.00
736,55116,0.00
737,89406,50.00
738,59059,0.00
739,69523,0.00
740,86073,0.00
741,58731,0.00
742,63813,0.00
743,87135,0.00
744,60808,0.00
745,77534,0.00
746,83251,0.00
747,61817,33.33
748,67406,0.00
749,86754,0.00
750,69341,0.00
751,59586,66.67
752,27984,0.00
753,26199,100.00
754,25886,100.00
755,30643,0.00
756,65904,100.00
757,61781,100.00
758,36860,0.00
759,38316,100.00
760,49040,100.00
761,51404,0.00
762,57047,0.00
763,63050,0.00
764,82048,0.00
765,58414,0.00
766,58377,0.00
767,81190,0.00
768,59565,50.00
769,57515,0.00
770,84196,0.00
771,60793,0.00
772,65295,0.00
773,87468,0.00
774,59403,0.00
775,57169,0.00
776,87056,0.00
777,60935,50.00
778,57452,0.00
779,84415,0.00
780,63323,0.00
781,60750,0.00
782,94393,33.33
783,61081,0.00
784,64488,0.00
785,91274,0.00
786,58815,0.00
787,75304,0.00
788,83082,0.00
789,58824,0.00
790,62999,0.00
791,89728,0.00
792,63240,33.33
793,57687,0.00
794,82415,0.00
795,57023,0.00
796,69083,0.00
797,66070,100.00
798,65629,100.00
799,66641,100.00
800,24105,0.00
801,25500,100.00
802,33322,100.00
803,30280,100.00
804,45022,100.00
805,66559,100.00
806,46664,100.00
807,52573,50.00
808,70545,0.00
809,85438,0.00
810,57513,50.00
811,60152,0.00
812,83782,0.00
813,58855,0.00
814,63129,0.00
815,91277,0.00
816,61344,0.00
817,57677,0.00
818,84005,0.00
819,64147,0.00
820,59147,0.00
821,94929,50.00
822,58427,0.00
823,64302,0.00
824,89653,0.00
825,57122,0.00
826,61547,0.00
827,103321,50.00
828,59581,0.00
829,61565,0.00
830,82345,0.00
831,54927,0.00
832,59068,0.00
833,81552,0.00
834,62347,0.00
835,60549,0.00
836,83960,50.00
837,61314,0.00
838,59737,0.00
839,83121,0.00
840,62602,0.00
841,75123,0.00
842,88750,50.00
843,59303,0.00
844,61793,0.00
845,87727,50.00
846,59405,0.00
847,61492,0.00
848,68822,0.00
849,38723,100.00
850,40899,100.00
851,58554,0.00
852,59496,100.00
853,26217,100.00
854,24550,0.00
855,22791,100.00
856,31470,100.00
857,74693,0.00
858,57766,0.00
859,72275,0.00
860,88834,0.00
861,59165,0.00
862,59138,0.00
863,91620,0.00
864,60994,0.00
865,60292,0.00
866,80158,0.00
867,59458,50.00
868,62614,0.00
869,104542,0.00
870,69481,0.00
871,73454,0.00
872,85181,0.00
873,60656,0.00
874,56476,0.00
875,85977,50.00
876,58939,0.00
877,61837,0.00
878,85167,0.00
879,56428,50.00
880,60267,0.00
881,84024,0.00
882,55614,0.00
883,70884,0.00
884,82238,0.00
885,56742,0.00
886,55755,0.00
887,90256,0.00
888,58268,0.00
889,58324,0.00
890,103994,50.00
891,71095,0.00
892,73048,100.00
893,52513,0.00
894,39057,100.00
895,30155,100.00
896,29776,100.00
897,28037,100.00
898,61032,100.00
899,61657,100.00
900,55406,0.00
901,57664,0.00
902,83643,0.00
903,55561,0.00
904,62525,0.00
905,90909,0.00
906,61509,50.00
907,57066,0.00
908,89917,0.00
909,62704,0.00
910,60872,0.00
911,92714,0.00
912,61699,0.00
913,60507,0.00
914,83234,0.00
915,64803,50.00
916,59658,0.00
917,82483,0.00
918,72943,0.00
919,58831,0.00
920,88651,50.00
921,57318,0.00
922,64089,0.00
923,94626,0.00
924,66509,0.00
925,57205,0.00
926,84230,0.00
927,57416,0.00
928,65955,0.00
929,99556,0.00
930,56593,33.33
931,61841,0.00
932,103759,0.00
933,65510,50.00
934,42714,100.00
935,21004,0.00
936,27010,100.00
937,54546,100.00
938,56887,100.00
939,37764,100.00
940,27361,100.00
941,41476,100.00
942,37240,100.00
943,55925,50.00
944,84677,0.00
945,58512,33.33
946,57590,0.00
947,88667,0.00
948,70484,0.00
949,61962,0.00
950,91222,0.00
951,57826,0.00
952,59552,0.00
953,84491,0.00
954,61324,0.00
955,54802,0.00
956,86967,0.00
957,59404,50.00
958,73747,0.00
959,94669,0.00
960,56499,0.00
961,55425,0.00
962,93001,50.00
963,57371,0.00
964,56289,0.00
965,88405,0.00
966,63131,0.00
967,69078,0.00
968,83327,0.00
969,55649,0.00
970,59406,0.00
971,87906,50.00
972,59939,0.00
973,61277,0.00
974,81355,0.00
975,55211,0.00
976,62284,0.00
977,81427,0.00
978,59799,50.00
979,58362,0.00
980,81539,0.00
981,55534,0.00
982,69892,100.00
983,29578,0.00
984,23317,100.00
985,23115,100.00
986,25409,0.00
987,26202,100.00
988,58306,100.00
989,59237,0.00
990,52690,100.00
991,42741,100.00
992,74218,0.00
993,59716,0.00
994,60368,0.00
995,80366,0.00
996,55814,0.00
997,58676,0.00
998,78791,0.00
999,60905,0.00
1000,88559,0.00
1001,85226,0.00
1002,54673,50.00
1003,62846,0.00
1004,76990,0.00
1005,54420,0.00
1006,59139,0.00
1007,81255,0.00
1008,61533,33.33
1009,67635,0.00
1010,81484,0.00
1011,56183,0.00
1012,61263,0.00
1013,81121,0.00
1014,59870,0.00
1015,58973,0.00
1016,91754,0.00
1017,59191,33.33
1018,63895,0.00
1019,83518,0.00
1020,53532,0.00
1021,53503,0.00
1022,80216,0.00
1023,54784,33.33
1024,56014,0.00
1025,81759,0.00
1026,55606,0.00
1027,55494,0.00
1028,88518,0.00
1029,58207,0.00
1030,59521,0.00
1031,69706,100.00
1032,31516,100.00
1033,64653,100.00
1034,23570,0.00
1035,23933,100.00
1036,30672,100.00
1037,50882,0.00
1038,29398,100.00
1039,50050,100.00
1040,55652,0.00
1041,51511,50.00
1042,57300,0.00
1043,79274,0.00
1044,60719,0.00
1045,57529,0.00
1046,84284,0.00
1047,87115,33.33
1048,60513,0.00
1049,100637,50.00
1050,71979,0.00
1051,62649,0.00
1052,109725,0.00
1053,69328,0.00
1054,59612,0.00
1055,90933,0.00
1056,57571,0.00
1057,67795,0.00
1058,88310,50.00
1059,58605,0.00
1060,60803,0.00
1061,84484,0.00
1062,57791,0.00
1063,58869,0.00
1064,94779,0.00
1065,57864,50.00
1066,59567,0.00
1067,87755,0.00
1068,56521,0.00
1069,58447,0.00
1070,93029,0.00
1071,59823,0.00
1072,56870,0.00
1073,87958,50.00
1074,59829,0.00
1075,58414,0.00
1076,80505,0.00
1077,60406,0.00
1078,65714,0.00
1079,94648,0.00
1080,62098,0.00
1081,81322,0.00
1082,70480,0.00
1083,33943,100.00
1084,32712,100.00
1085,26867,0.00
1086,57767,100.00
1087,61236,100.00
1088,26457,100.00
1089,54441,50.00
1090,60123,0.00
1091,83883,50.00
1092,64242,0.00
1093,61905,0.00
1094,101493,0.00
1095,58398,0.00
1096,72942,0.00
1097,92582,0.00
1098,71542,0.00
1099,58942,0.00
1100,89695,33.33
1101,57815,0.00
1102,57751,0.00
1103,83977,0.00
1104,59014,0.00
1105,64897,0.00
1106,147347,33.33
1107,62775,0.00
1108,60753,0.00
1109,84437,0.00
1110,58788,0.00
1111,59377,0.00
1112,98786,0.00
1113,59568,0.00
1114,57237,0.00
1115,68134,0.00
1116,43572,100.00
1117,30216,100.00
1118,26619,0.00
1119,62883,100.00
1120,62820,100.00
1121,42258,0.00
1122,25818,100.00
1123,30595,100.00
1124,47106,0.00
1125,61646,100.00
1126,58173,50.00
1127,94339,0.00
1128,57159,0.00
1129,59557,0.00
1130,85713,50.00
1131,57952,0.00
1132,67234,0.00
1133,160871,0.00
1134,57868,0.00
1135,62097,0.00
1136,82773,0.00
1137,63686,0.00
1138,57462,0.00
1139,89328,0.00
1140,62438,0.00
1141,57039,0.00
1142,88074,50.00
1143,73228,0.00
1144,57827,0.00
1145,125664,0.00
1146,55234,0.00
1147,62181,0.00
1148,87848,0.00
1149,54686,50.00
1150,59611,0.00
1151,86189,50.00
1152,69143,0.00
1153,55834,0.00
1154,109909,0.00
1155,51412,0.00
1156,64560,0.00
1157,90391,0.00
1158,67152,0.00
1159,56338,0.00
1160,60857,0.00
1161,56403,0.00
1162,64518,0.00
1163,85249,0.00
1164,66131,50.00
1165,59520,0.00
1166,83537,0.00
1167,55113,0.00
1168,71509,0.00
1169,44874,100.00
1170,28787,100.00
1171,25826,100.00
1172,23979,0.00
1173,27234,100.00
1174,66538,100.00
1175,58061,100.00
1176,42654,100.00
1177,33628,100.00
1178,30317,100.00
1179,52788,50.00
1180,57773,0.00
1181,94443,33.33
1182,63099,0.00
1183,57656,0.00
1184,80538,0.00
1185,63843,0.00
1186,64987,0.00
1187,85979,0.00
1188,59661,0.00
1189,57687,0.00
1190,78385,0.00
1191,56602,50.00
1192,57726,0.00
1193,77792,0.00
1194,56310,0.00
1195,59764,0.00
1196,87129,0.00
1197,61216,50.00
1198,63354,0.00
1199,83015,0.00
1200,58335,0.00
1201,58448,0.00
1202,86328,0.00
1203,62437,0.00
1204,56903,0.00
1205,85636,0.00
1206,58420,33.33
1207,60346,0.00
1208,77484,0.00
1209,60725,0.00
1210,61674,0.00
1211,83564,0.00
1212,58697,33.33
1213,54389,0.00
1214,94415,0.00
1215,57544,0.00
1216,54798,0.00
1217,88652,0.00
1218,56410,0.00
1219,56391,0.00
1220,87941,0.00
1221,66111,50.00
1222,65843,100.00
1223,24496,0.00
1224,23544,100.00
1225,20813,100.00
1226,25848,100.00
1227,28000,100.00
1228,71843,100.00
1229,60927,100.00
1230,34718,100.00
1231,55641,0.00
1232,97471,0.00
1233,59626,0.00
1234,65043,0.00
1235,81580,0.00
1236,59264,50.00
1237,61798,0.00
1238,85286,0.00
1239,53445,0.00
1240,52695,0.00
1241,88782,0.00
1242,59218,0.00
1243,59558,0.00
1244,100228,0.00
1245,63467,50.00
1246,59778,0.00
1247,85776,0.00
1248,59265,0.00
1249,58830,0.00
1250,85276,50.00
1251,57010,0.00
1252,56483,0.00
1253,84809,0.00
1254,57571,0.00
1255,56449,0.00
1256,88585,50.00
1257,58232,0.00
1258,59658,0.00
1259,81678,0.00
1260,58862,0.00
1261,54591,0.00
1262,85124,0.00
1263,63313,50.00
1264,57619,0.00
1265,87490,0.00
1266,59042,0.00
1267,61423,0.00
1268,95538,0.00
1269,63238,0.00
1270,69889,100.00
1271,34776,0.00
1272,28748,100.00
1273,63003,100.00
1274,64735,100.00
1275,30559,100.00
1276,22060,100.00
1277,20562,100.00
1278,46223,100.00
1279,56217,100.00
1280,83793,50.00
1281,60709,0.00
1282,64680,0.00
1283,89215,0.00
1284,63768,0.00
1285,62135,0.00
1286,83177,0.00
1287,59109,33.33
1288,62643,0.00
1289,86639,0.00
1290,65950,0.00
1291,59452,0.00
1292,96860,0.00
1293,59250,33.33
1294,56841,0.00
1295,84758,0.00
1296,59616,0.00
1297,64355,0.00
1298,137087,0.00
1299,56558,0.00
1300,62856,0.00
1301,87078,50.00
1302,71913,0.00
1303,64264,0.00
1304,89297,0.00
1305,65529,0.00
1306,63900,0.00
1307,87167,50.00
1308,59048,0.00
1309,62976,0.00
1310,76880,0.00
1311,62658,0.00
1312,61374,0.00
1313,88046,0.00
1314,61167,0.00
1315,72057,0.00
1316,88098,50.00
1317,63220,0.00
1318,60181,0.00
1319,87465,0.00
1320,61822,0.00
1321,59591,0.00
1322,67966,66.67
1323,33451,0.00
1324,26142,100.00
1325,24822,100.00
1326,43858,100.00
1327,57728,100.00
1328,62021,100.00
1329,39279,100.00
1330,59754,0.00
1331,81014,0.00
1332,60404,50.00
1333,64682,0.00
1334,89210,0.00
1335,63058,0.00
1336,61086,0.00
1337,89815,33.33
1338,61140,0.00
1339,61503,0.00
1340,177958,0.00
1341,59156,0.00
1342,58797,0.00
1343,87386,0.00
1344,57232,0.00
1345,60007,0.00
1346,85994,0.00
1347,62976,0.00
1348,60684,0.00
1349,103866,0.00
1350,61286,0.00
1351,60833,0.00
1352,83854,0.00
1353,64799,33.33
1354,61010,0.00
1355,84338,0.00
1356,59566,0.00
1357,72497,100.00
1358,29495,0.00
1359,23613,100.00
1360,27789,100.00
1361,47832,100.00
1362,56815,100.00
1363,36146,100.00
1364,28825,100.00
1365,32184,100.00
1366,41024,100.00
1367,41948,50.00
1368,49274,0.00
1369,57569,0.00
1370,84636,0.00
1371,65013,50.00
1372,58217,0.00
1373,83062,0.00
1374,60679,0.00
1375,60557,0.00
1376,81925,0.00
1377,60944,0.00
1378,62210,0.00
1379,88202,50.00
1380,61447,0.00
1381,154583,0.00
1382,88226,0.00
1383,62517,0.00
1384,65027,0.00
1385,86346,0.00
1386,57261,50.00
1387,64139,0.00
1388,66746,0.00
1389,71215,0.00
1390,67033,0.00
1391,87463,33.33
1392,63333,0.00
1393,62115,0.00
1394,100165,0.00
1395,62591,0.00
1396,62110,0.00
1397,89367,0.00
1398,73224,0.00
1399,59881,0.00
1400,104268,0.00
1401,57394,0.00
1402,61262,0.00
1403,87455,33.33
1404,58741,0.00
1405,57188,0.00
1406,91017,0.00
1407,71136,50.00
1408,66038,100.00
1409,25126,0.00
1410,23135,100.00
1411,21574,100.00
1412,28403,100.00
1413,45368,100.00
1414,60760,100.00
1415,47379,100.00
1416,26610,100.00
1417,53722,100.00
1418,88819,0.00
1419,62241,0.00
1420,70916,0.00
1421,63080,0.00
1422,57167,0.00
1423,59347,0.00
1424,86042,0.00
1425,57713,50.00
1426,61068,0.00
1427,82992,0.00
1428,60450,0.00
1429,59962,0.00
1430,83970,0.00
1431,59200,0.00
1432,68432,0.00
1433,74227,0.00
1434,61661,0.00
1435,61032,0.00
1436,92290,0.00
1437,60836,33.33
1438,64938,0.00
1439,96418,0.00
1440,58524,0.00
1441,66615,0.00
1442,81038,0.00
1443,65594,33.33
1444,78515,0.00
1445,86558,0.00
1446,57499,0.00
1447,65646,0.00
1448,97156,0.00
1449,58745,0.00
1450,61107,0.00
1451,89238,50.00
1452,58811,0.00
1453,59356,0.00
1454,92649,50.00
1455,62495,0.00
1456,60038,0.00
1457,85862,0.00
1458,67266,0.00
1459,60476,100.00
1460,48008,0.00
1461,54726,100.00
1462,29106,100.00
1463,24917,100.00
1464,23766,100.00
1465,28019,100.00
1466,29939,100.00
1467,64658,100.00
1468,53717,100.00
1469,93059,0.00
1470,54641,33.33
1471,66681,0.00
1472,80240,0.00
1473,55990,0.00
1474,58706,0.00
1475,87295,0.00
1476,59004,0.00
1477,57583,0.00
1478,79714,50.00
1479,60187,0.00
1480,56289,0.00
1481,86407,0.00
1482,60317,50.00
1483,61114,0.00
1484,89216,0.00
1485,56970,0.00
1486,55974,0.00
1487,92871,0.00
1488,62052,50.00
1489,69074,0.00
1490,84804,0.00
1491,54873,0.00
1492,60841,0.00
1493,85487,0.00
1494,59247,0.00
1495,62241,0.00
1496,86028,50.00
1497,61889,0.00
1498,60463,0.00
1499,85061,0.00
1500,60205,0.00
1501,60656,0.00
1502,86975,33.33
1503,61292,0.00
1504,61609,0.00
1505,85179,0.00
1506,58157,0.00
1507,56529,0.00
1508,87066,0.00
1509,60135,0.00
1510,73692,50.00
1511,25423,0.00
1512,29907,100.00
1513,29363,100.00
1514,63651,100.00
1515,59944,100.00
1516,32270,100.00
1517,89965,50.00
1518,59815,0.00
1519,57571,0.00
1520,104098,50.00
1521,58619,0.00
1522,62600,0.00
1523,88877,0.00
1524,65514,0.00
1525,58855,0.00
1526,82291,0.00
1527,69068,50.00
1528,61733,0.00
1529,92617,0.00
1530,57534,0.00
1531,58315,0.00
1532,96132,50.00
1533,60622,0.00
1534,57680,0.00
1535,89321,0.00
1536,63110,0.00
1537,71995,0.00
1538,96435,0.00
1539,61488,0.00
1540,63351,0.00
1541,84588,0.00
1542,71352,50.00
1543,54896,100.00
1544,25550,0.00
1545,29487,100.00
1546,73157,100.00
1547,61562,100.00
1548,42345,100.00
1549,24356,100.00
1550,29961,100.00
1551,43101,100.00
1552,62088,100.00
1553,87171,50.00
1554,63908,0.00
1555,53948,0.00
1556,83007,0.00
1557,63593,0.00
1558,62000,0.00
1559,87282,33.33
1560,56748,0.00
1561,66862,0.00
1562,80629,0.00
1563,56578,0.00
1564,60591,0.00
1565,91305,0.00
1566,65482,0.00
1567,57336,0.00
1568,80546,0.00
1569,59273,50.00
1570,58081,0.00
1571,86301,0.00
1572,59487,0.00
1573,59986,0.00
1574,86820,50.00
1575,60731,0.00
1576,57658,0.00
1577,88726,0.00
1578,73634,0.00
1579,65114,0.00
1580,83089,0.00
1581,56944,0.00
1582,57328,0.00
1583,79992,0.00
1584,64769,33.33
1585,65263,0.00
1586,84103,0.00
1587,68053,0.00
1588,60962,0.00
1589,95412,0.00
1590,57326,0.00
1591,58547,0.00
1592,86603,50.00
1593,57658,0.00
1594,72210,0.00
1595,45250,100.00
1596,28377,100.00
1597,25926,100.00
1598,22743,0.00
1599,27435,100.00
1600,62110,100.00
1601,57533,100.00
1602,45113,100.00
1603,35252,100.00
1604,39722,100.00
1605,44522,100.00
1606,79523,0.00
1607,90526,0.00
1608,59557,0.00
1609,67217,0.00
1610,85282,0.00
1611,58798,0.00
1612,60368,0.00
1613,85271,0.00
1614,58025,0.00
1615,63053,0.00
1616,86393,0.00
1617,57639,50.00
1618,63639,0.00
1619,87668,0.00
1620,61243,0.00
1621,61473,0.00
1622,90927,33.33
1623,62411,0.00
1624,64316,0.00
1625,96641,0.00
1626,61222,0.00
1627,71725,0.00
1628,88910,0.00
1629,59134,0.00
1630,61247,0.00
1631,80276,0.00
1632,63278,50.00
1633,62543,0.00
1634,88030,0.00
1635,59118,0.00
1636,61340,0.00
1637,91872,0.00
1638,60191,50.00
1639,54340,0.00
1640,88166,0.00
1641,55318,0.00
1642,58595,0.00
1643,96610,0.00
1644,60155,0.00
1645,62776,0.00
1646,89816,0.00
1647,64646,50.00
1648,65444,100.00
1649,23207,0.00
1650,23355,100.00
1651,19429,100.00
1652,37708,100.00
1653,27647,100.00
1654,65042,100.00
1655,61096,100.00
1656,45010,100.00
1657,52369,100.00
1658,75530,0.00
1659,55349,50.00
1660,55349,0.00
1661,87269,0.00
1662,53018,0.00
1663,53406,0.00
1664,77571,0.00
1665,52820,50.00
1666,66340,0.00
1667,86927,0.00
1668,58809,0.00
1669,62140,0.00
1670,75353,0.00
1671,54924,0.00
1672,59939,0.00
1673,85722,0.00
1674,56748,0.00
1675,58101,0.00
1676,79717,0.00
1677,52444,33.33
1678,54972,0.00
1679,78212,0.00
1680,60890,33.33
1681,60804,0.00
1682,95696,0.00
1683,54784,0.00
1684,56131,0.00
1685,80693,0.00
1686,57093,33.33
1687,56092,0.00
1688,83361,0.00
1689,61001,0.00
1690,57021,0.00
1691,87146,0.00
1692,62543,0.00
1693,59455,0.00
1694,89292,50.00
1695,54685,0.00
1696,60108,0.00
1697,82010,0.00
1698,72262,50.00
1699,35804,0.00
1700,31899,100.00
1701,60896,100.00
1702,63765,100.00
1703,31672,100.00
1704,25124,100.00
1705,21943,100.00
1706,36101,100.00
1707,55998,100.00
1708,54709,100.00
1709,86714,33.33
1710,61862,0.00
1711,61006,0.00
1712,89263,0.00
1713,62613,0.00
1714,68010,0.00
1715,95436,0.00
1716,61316,0.00
1717,59151,0.00
1718,80329,0.00
1719,59605,0.00
1720,60088,0.00
1721,101628,33.33
1722,57988,0.00
1723,70550,0.00
1724,87131,0.00
1725,61607,0.00
1726,64741,0.00
1727,98354,0.00
1728,58638,50.00
1729,61101,0.00
1730,88983,0.00
1731,55529,0.00
1732,58174,0.00
1733,153057,0.00
1734,55813,0.00
1735,53661,0.00
1736,82587,0.00
1737,54921,33.33
1738,53979,0.00
1739,84086,0.00
1740,55392,0.00
1741,56677,0.00
1742,90216,50.00
1743,57138,0.00
1744,60802,0.00
1745,84859,0.00
1746,57649,0.00
1747,70942,0.00
1748,71337,0.00
1749,44534,100.00
1750,31608,100.00
1751,26444,0.00
1752,29191,100.00
1753,61955,100.00
1754,59575,100.00
1755,52072,100.00
1756,59350,0.00
1757,83998,0.00
1758,56005,50.00
1759,59342,0.00
1760,89401,0.00
1761,56620,0.00
1762,63530,0.00
1763,96630,0.00
1764,61107,0.00
1765,62444,0.00
1766,88465,0.00
1767,59095,50.00
1768,59543,0.00
1769,83500,0.00
1770,57560,0.00
1771,60430,0.00
1772,84369,0.00
1773,68387,0.00
1774,62770,0.00
1775,91193,33.33
1776,56583,0.00
1777,58860,0.00
1778,83784,0.00
1779,58598,0.00
1780,59006,0.00
1781,89693,33.33
1782,57642,0.00
1783,68791,66.67
1784,24254,0.00
1785,22844,100.00
1786,29987,100.00
1787,59310,100.00
1788,77547,100.00
1789,58195,100.00
1790,50576,100.00
1791,30488,100.00
1792,31895,100.00
1793,24663,100.00
1794,52852,0.00
1795,56343,0.00
1796,81942,0.00
1797,60751,0.00
1798,58479,0.00
1799,82212,0.00
1800,60359,0.00
1801,60878,0.00
1802,84504,0.00
1803,59314,50.00
1804,61699,0.00
1805,88572,0.00
1806,64161,0.00
1807,57037,0.00
1808,89511,0.00
1809,58203,0.00
1810,68864,0.00
1811,78905,0.00
1812,56142,33.33
1813,56685,0.00
1814,79131,0.00
1815,54816,0.00
1816,60418,0.00
1817,86226,50.00
1818,55945,0.00
1819,60764,0.00
1820,86061,0.00
1821,61284,0.00
1822,59900,0.00
1823,86166,0.00
1824,60782,33.33
1825,57003,0.00
1826,82334,0.00
1827,55466,0.00
1828,59691,0.00
1829,85873,0.00
1830,69124,33.33
1831,61776,0.00
1832,86518,0.00
1833,58636,0.00
1834,62279,0.00
1835,86231,0.00
1836,64417,100.00
1837,33167,100.00
1838,22100,0.00
1839,20965,100.00
1840,29260,100.00
1841,53681,100.00
1842,58212,100.00
1843,53182,100.00
1844,33382,100.00
1845,44567,50.00
1846,53651,0.00
1847,77720,0.00
1848,58960,0.00
1849,57418,0.00
1850,76967,0.00
1851,56653,50.00
1852,55574,0.00
1853,86791,0.00
1854,57553,0.00
1855,54739,0.00
1856,84013,0.00
1857,56209,50.00
1858,73146,0.00
1859,91191,0.00
1860,60132,0.00
1861,58273,0.00
1862,85312,0.00
1863,63270,0.00
1864,69614,0.00
1865,92170,0.00
1866,59090,50.00
1867,61253,0.00
1868,79709,0.00
1869,62386,0.00
1870,61186,0.00
1871,82857,0.00
1872,59919,50.00
1873,61316,0.00
1874,84362,0.00
1875,61650,0.00
1876,59618,0.00
1877,91421,0.00
1878,69424,0.00
1879,79084,0.00
1880,86616,0.00
1881,56894,50.00
1882,61110,0.00
1883,90107,0.00
1884,67614,50.00
1885,47753,100.00
1886,55894,0.00
1887,58937,100.00
1888,28571,100.00
1889,23371,100.00
1890,21557,100.00
1891,26324,100.00
1892,35682,100.00
1893,64496,100.00
1894,40240,100.00
1895,76434,0.00
1896,60026,0.00
1897,61427,0.00
1898,87154,0.00
1899,57321,50.00
1900,61893,0.00
1901,99165,50.00
1902,56494,0.00
1903,57018,0.00
1904,87768,0.00
1905,57226,0.00
1906,67704,0.00
1907,81531,0.00
1908,56678,0.00
1909,54161,0.00
1910,88658,0.00
1911,61534,50.00
1912,60365,0.00
1913,85197,0.00
1914,57218,0.00
1915,57537,0.00
1916,91438,33.33
1917,51010,0.00
1918,59836,0.00
1919,82878,0.00
1920,63051,0.00
1921,64764,0.00
1922,85749,0.00
1923,59611,0.00
1924,58966,0.00
1925,81541,0.00
1926,59445,0.00
1927,60642,0.00
1928,79126,0.00
1929,56014,50.00
1930,69446,0.00
1931,100821,0.00
1932,59546,0.00
1933,57456,0.00
1934,87915,33.33
1935,60330,0.00
1936,57529,0.00
1937,87045,0.00
1938,68846,100.00
1939,36845,100.00
1940,27260,0.00
1941,52553,100.00
1942,56401,100.00
1943,25651,100.00
1944,42086,100.00
1945,55833,0.00
1946,84680,0.00
1947,56544,0.00
1948,57665,0.00
1949,94433,0.00
1950,59498,0.00
1951,60375,0.00
1952,89689,0.00
1953,64226,50.00
1954,61712,0.00
1955,87483,0.00
1956,61043,0.00
1957,65388,0.00
1958,85132,0.00
1959,59498,50.00
1960,56721,0.00
1961,88116,0.00
1962,54853,0.00
1963,54973,0.00
1964,76667,0.00
1965,54232,50.00
1966,56336,0.00
1967,78049,0.00
1968,60659,0.00
1969,56820,0.00
1970,61334,50.00
1971,26863,100.00
1972,34862,100.00
1973,58282,0.00
1974,59682,100.00
1975,43430,100.00
1976,25560,100.00
1977,26130,100.00
1978,36331,100.00
1979,57874,100.00
1980,61044,100.00
1981,51787,0.00
1982,79250,0.00
1983,57981,0.00
1984,59696,0.00
1985,93095,0.00
1986,56905,33.33
1987,68192,0.00
1988,88289,0.00
1989,58395,0.00
1990,57972,0.00
1991,80486,0.00
1992,60090,0.00
1993,60249,0.00
1994,86980,50.00
1995,55858,0.00
1996,56027,0.00
1997,82525,0.00
1998,64130,0.00
1999,54640,0.00
2000,96599,0.00
2001,59394,50.00
2002,55172,0.00
2003,87939,0.00
2004,58947,0.00
2005,69113,0.00
2006,90950,0.00
2007,58623,0.00
2008,58969,0.00
2009,78327,0.00
2010,54027,50.00
2011,59319,0.00
2012,90498,0.00
2013,93042,0.00
2014,56196,0.00
2015,86585,0.00
2016,60299,0.00
2017,79402,0.00
2018,84982,0.00
2019,60396,50.00
2020,62525,0.00
2021,83192,0.00
2022,72150,0.00
2023,71730,66.67
2024,27837,0.00
2025,26170,100.00
2026,26783,100.00
2027,29954,100.00
2028,62380,100.00
2029,62478,100.00
2030,52085,100.00
2031,38413,100.00
2032,41761,100.00
2033,35424,100.00
2034,53286,0.00
2035,66799,0.00
2036,82833,0.00
2037,58912,50.00
2038,58591,0.00
2039,82215,0.00
2040,57286,0.00
2041,62381,0.00
2042,85327,0.00
2043,60700,0.00
2044,60878,0.00
2045,104045,0.00
2046,62182,50.00
2047,63214,0.00
2048,82371,0.00
2049,63256,0.00
2050,59103,0.00
2051,80493,0.00
2052,55408,50.00
2053,54934,0.00
2054,74633,0.00
2055,58783,0.00
2056,56234,0.00
2057,88257,0.00
2058,55434,0.00
2059,55941,0.00
2060,80544,0.00
2061,60654,50.00
2062,61284,0.00
2063,88740,0.00
2064,57651,0.00
2065,67249,0.00
2066,92009,0.00
2067,63041,50.00
2068,55406,0.00
2069,105955,0.00
2070,59328,0.00
2071,61093,0.00
2072,99587,0.00
2073,62559,0.00
2074,58711,0.00
2075,81889,100.00
2076,61577,100.00
2077,35170,100.00
2078,21904,0.00
2079,21591,100.00
2080,25436,100.00
2081,41585,0.00
2082,57754,100.00
2083,49801,100.00
2084,27777,0.00
2085,46972,50.00
2086,53202,0.00
2087,87687,33.33
2088,58237,0.00
2089,59873,0.00
2090,98050,33.33
2091,57578,0.00
2092,59599,0.00
2093,97524,0.00
2094,63834,0.00
2095,56848,0.00
2096,88700,0.00
2097,58170,0.00
2098,53792,0.00
2099,85537,50.00
2100,58958,0.00
2101,70906,0.00
2102,85089,0.00
2103,64552,0.00
2104,58236,0.00
2105,85793,0.00
2106,62290,0.00
2107,58784,0.00
2108,85389,50.00
2109,60569,0.00
2110,61298,0.00
2111,85650,0.00
2112,56198,0.00
2113,56865,0.00
2114,81141,0.00
2115,59206,0.00
2116,58682,0.00
2117,85170,0.00
2118,59493,33.33
2119,70789,0.00
2120,80828,0.00
2121,60290,0.00
2122,76327,0.00
2123,115423,50.00
2124,60956,0.00
2125,56712,0.00
2126,72402,50.00
2127,42875,0.00
2128,29084,100.00
2129,62269,100.00
2130,62957,100.00
2131,33860,100.00
2132,26096,0.00
2133,22141,100.00
2134,28095,100.00
2135,64985,0.00
2136,53157,100.00
2137,73013,0.00
2138,80916,0.00
2139,55215,50.00
2140,67860,0.00
2141,81432,0.00
2142,57542,0.00
2143,58309,0.00
2144,83588,0.00
2145,58243,50.00
2146,62387,0.00
2147,103404,0.00
2148,58473,0.00
2149,57903,0.00
2150,84685,0.00
2151,77796,0.00
2152,58616,0.00
2153,61204,0.00
2154,60002,0.00
2155,59579,0.00
2156,97524,33.33
2157,57038,0.00
2158,74821,0.00
2159,78542,0.00
2160,58070,50.00
2161,62643,0.00
2162,82425,0.00
2163,59720,0.00
2164,69026,0.00
2165,125897,0.00
2166,68010,0.00
2167,62400,0.00
2168,78535,0.00
2169,61488,50.00
2170,58181,0.00
2171,84529,0.00
2172,58251,0.00
2173,58498,0.00
2174,91552,0.00
2175,65918,50.00
2176,52750,100.00
2177,25425,0.00
2178,29573,100.00
2179,27151,100.00
2180,77420,0.00
2181,61005,100.00
2182,64255,0.00
2183,88654,0.00
2184,63210,0.00
2185,56337,0.00
2186,81227,0.00
2187,66866,50.00
2188,53928,0.00
2189,87111,0.00
2190,59504,50.00
2191,61648,0.00
2192,87325,0.00
2193,63338,0.00
2194,62554,0.00
2195,92373,0.00
2196,60890,0.00
2197,59053,0.00
2198,92042,0.00
2199,58902,0.00
2200,62060,0.00
2201,85511,0.00
2202,62850,50.00
2203,75144,0.00
2204,104972,33.33
2205,57401,0.00
2206,59773,0.00
2207,88559,0.00
2208,57661,0.00
2209,58705,0.00
2210,70726,33.33
2211,21478,0.00
2212,59669,100.00
2213,31196,100.00
2214,26274,100.00
2215,62366,100.00
2216,46583,100.00
2217,35887,100.00
2218,37535,100.00
2219,41839,100.00
2220,53799,100.00
2221,61934,0.00
2222,100915,50.00
2223,58593,0.00
2224,59754,0.00
2225,94770,50.00
2226,58701,0.00
2227,62625,0.00
2228,86836,0.00
2229,57233,0.00
2230,59357,0.00
2231,91690,0.00
2232,63962,0.00
2233,61443,0.00
2234,86962,0.00
2235,56585,50.00
2236,62247,0.00
2237,86331,0.00
2238,64321,0.00
2239,60078,0.00
2240,106852,0.00
2241,60276,50.00
2242,64146,0.00
2243,88414,0.00
2244,58960,0.00
2245,58123,0.00
2246,88324,0.00
2247,63861,0.00
2248,61569,0.00
2249,85923,0.00
2250,62225,50.00
2251,57707,0.00
2252,84886,0.00
2253,61976,0.00
2254,57314,0.00
2255,83310,0.00
2256,73822,50.00
2257,60348,0.00
2258,87732,0.00
2259,75407,0.00
2260,69923,50.00
2261,58186,0.00
2262,41415,100.00
2263,30085,100.00
2264,22140,100.00
2265,24866,100.00
2266,26567,100.00
2267,62666,100.00
2268,55439,100.00
2269,28602,100.00
2270,36517,100.00
2271,58627,0.00
2272,54948,0.00
2273,83904,0.00
2274,59651,50.00
2275,60942,0.00
2276,85220,0.00
2277,56460,0.00
2278,58221,0.00
2279,83085,0.00
2280,60476,50.00
2281,63308,0.00
2282,80002,0.00
2283,57897,0.00
2284,61737,0.00
2285,89878,0.00
2286,60254,0.00
2287,74749,0.00
2288,118295,0.00
2289,58263,50.00
2290,62565,0.00
2291,86560,0.00
2292,61483,0.00
2293,73350,0.00
2294,89481,33.33
2295,57582,0.00
2296,186744,0.00
2297,90968,0.00
2298,57645,0.00
2299,63430,0.00
2300,81756,0.00
2301,56409,0.00
2302,62261,0.00
2303,84080,0.00
2304,63695,0.00
2305,71118,0.00
2306,184037,33.33
2307,74920,0.00
2308,60638,0.00
2309,90710,0.00
2310,63347,0.00
2311,69868,50.00
2312,51687,0.00
2313,61608,100.00
2314,65304,100.00
2315,24963,0.00
2316,23601,100.00
2317,21108,100.00
2318,40811,0.00
2319,47413,100.00
2320,69961,100.00
2321,43507,0.00
2322,60402,50.00
2323,63385,0.00
2324,88175,33.33
2325,67123,0.00
2326,58666,0.00
2327,98079,0.00
2328,62036,0.00
2329,59957,0.00
2330,88809,0.00
2331,65639,0.00
2332,62770,0.00
2333,167617,33.33
2334,61678,0.00
2335,69729,0.00
2336,99826,0.00
2337,60558,0.00
2338,57486,0.00
2339,84736,50.00
2340,54945,0.00
2341,73662,0.00
2342,148543,0.00
2343,60441,0.00
2344,61344,0.00
2345,83780,0.00
2346,57728,33.33
2347,60957,0.00
2348,85454,0.00
2349,58540,0.00
2350,73274,0.00
2351,86959,0.00
2352,61868,0.00
2353,59991,0.00
2354,84790,0.00
2355,56173,50.00
2356,58719,0.00
2357,88424,0.00
2358,58379,0.00
2359,58053,0.00
2360,86204,0.00
2361,58841,50.00
2362,100496,0.00
2363,89338,0.00
2364,48113,100.00
2365,38629,100.00
2366,57028,0.00
2367,59412,100.00
2368,48627,100.00
2369,27086,0.00
2370,21915,100.00
2371,32170,100.00
2372,87384,0.00
2373,66775,0.00
2374,60525,0.00
2375,78130,0.00
2376,65037,33.33
2377,64442,0.00
2378,89252,50.00
2379,60700,0.00
2380,63898,0.00
2381,91738,0.00
2382,61355,0.00
2383,59692,0.00
2384,86063,50.00
2385,54674,0.00
2386,62299,0.00
2387,55947,0.00
2388,55305,0.00
2389,54934,0.00
2390,93264,0.00
2391,58615,0.00
2392,70053,0.00
2393,87098,0.00
2394,68225,0.00
2395,63921,0.00
2396,86231,0.00
2397,59425,0.00
2398,58017,0.00
2399,87941,0.00
2400,57025,50.00
2401,66873,0.00
2402,87521,0.00
2403,66494,100.00
2404,55742,0.00
2405,61302,100.00
2406,62631,100.00
2407,35457,100.00
2408,35225,100.00
2409,58238,100.00
2410,59826,100.00
2411,75357,50.00
2412,46372,0.00
2413,55694,0.00
2414,90742,0.00
2415,60613,0.00
2416,60719,0.00
2417,89541,33.33
2418,59876,0.00
2419,61071,0.00
2420,108615,0.00
2421,59700,0.00
2422,62844,0.00
2423,86342,0.00
2424,61511,33.33
2425,61557,0.00
2426,93295,0.00
2427,58601,0.00
2428,63141,0.00
2429,91036,50.00
2430,62292,0.00
2431,62296,0.00
2432,78211,0.00
2433,58430,0.00
2434,61455,0.00
2435,82632,0.00
2436,58496,0.00
2437,58787,0.00
2438,75970,0.00
2439,54038,33.33
2440,56067,0.00
2441,87682,0.00
2442,56062,0.00
2443,61073,0.00
2444,91519,0.00
2445,66374,50.00
2446,51813,100.00
2447,24878,0.00
2448,27742,100.00
2449,63175,100.00
2450,62121,100.00
2451,48457,100.00
2452,35771,100.00
2453,39760,100.00
2454,33335,50.00
2455,51529,0.00
2456,86360,0.00
2457,57477,0.00
2458,67456,0.00
2459,79485,0.00
2460,60664,0.00
2461,56354,0.00
2462,82561,0.00
2463,57929,50.00
2464,54449,0.00
2465,77747,0.00
2466,56059,0.00
2467,55069,0.00
2468,86161,0.00
2469,62924,50.00
2470,58620,0.00
2471,82285,0.00
2472,61459,0.00
2473,70730,0.00
2474,89396,0.00
2475,62249,0.00
2476,62762,0.00
2477,84203,0.00
2478,60587,0.00
2479,69057,0.00
2480,91154,33.33
2481,64319,0.00
2482,60508,0.00
2483,91446,0.00
2484,60219,0.00
2485,58402,0.00
2486,82944,0.00
2487,59730,50.00
2488,60016,0.00
2489,86880,0.00
2490,74010,66.67
2491,75916,0.00
2492,51388,100.00
2493,30233,100.00
2494,23424,100.00
2495,25157,100.00
2496,27318,100.00
2497,65383,100.00
2498,66940,100.00
2499,57937,100.00
2500,38393,100.00
2501,79089,0.00
2502,56901,0.00
2503,55658,0.00
2504,75670,0.00
2505,64567,50.00
2506,58872,0.00
2507,90585,0.00
2508,58901,0.00
2509,60203,0.00
2510,90655,0.00
2511,59349,0.00
2512,63499,0.00
2513,84098,0.00
2514,57192,50.00
2515,57779,0.00
2516,84075,0.00
2517,61026,0.00
2518,60527,0.00
2519,102483,50.00
2520,65739,0.00
2521,59646,0.00
2522,83385,0.00
2523,59429,50.00
2524,55725,0.00
2525,82766,0.00
2526,66816,0.00
2527,55966,0.00
2528,75793,0.00
2529,62349,0.00
2530,62732,0.00
2531,100976,33.33
2532,63735,0.00
2533,61196,0.00
2534,87545,0.00
2535,59962,0.00
2536,61821,0.00
2537,83743,33.33
2538,59469,0.00
2539,60351,0.00
2540,89410,0.00
2541,73857,0.00
2542,65538,100.00
2543,59139,0.00
2544,51870,100.00
2545,33128,100.00
2546,37878,100.00
2547,25859,100.00
2548,36535,100.00
2549,63917,100.00
2550,53495,50.00
2551,55996,0.00
2552,89756,0.00
2553,59602,0.00
2554,55534,0.00
2555,85956,0.00
2556,63554,0.00
2557,60664,0.00
2558,97140,50.00
2559,58407,0.00
2560,59644,0.00
2561,85250,0.00
2562,59334,50.00
2563,72988,0.00
2564,93272,0.00
2565,58019,0.00
2566,61193,0.00
2567,90638,50.00
2568,58367,0.00
2569,66912,0.00
2570,84861,0.00
2571,56460,0.00
2572,75485,0.00
2573,61677,0.00
2574,53423,0.00
2575,60807,0.00
2576,88903,0.00
2577,54594,0.00
2578,60685,0.00
2579,74622,0.00
2580,57595,0.00
2581,57986,0.00
2582,88839,0.00
2583,59197,0.00
2584,64388,0.00
2585,97521,33.33
2586,58686,0.00
2587,71072,66.67
2588,26309,0.00
2589,26631,100.00
2590,29154,100.00
2591,58042,100.00
2592,95156,100.00
2593,64951,100.00
2594,54679,0.00
2595,53054,0.00
2596,69732,0.00
2597,88204,50.00
2598,62226,0.00
2599,63125,0.00
2600,92565,0.00
2601,69331,0.00
2602,65390,0.00
2603,97155,50.00
2604,54452,0.00
2605,73722,0.00
2606,78719,0.00
2607,56782,0.00
2608,59539,0.00
2609,123482,0.00
2610,60775,0.00
2611,55354,0.00
2612,90283,0.00
2613,56137,0.00
2614,61595,0.00
2615,81422,0.00
2616,64289,50.00
2617,64347,0.00
2618,95950,0.00
2619,57743,0.00
2620,55323,0.00
2621,90423,33.33
2622,59240,0.00
2623,70778,50.00
2624,51734,0.00
2625,29122,100.00
2626,65962,100.00
2627,52431,0.00
2628,63740,100.00
2629,36801,100.00
2630,29548,0.00
2631,42325,100.00
2632,55564,100.00
2633,72858,0.00
2634,57087,50.00
2635,56834,0.00
2636,177495,50.00
2637,62266,0.00
2638,58148,0.00
2639,97198,0.00
2640,74537,0.00
2641,59351,0.00
2642,108022,0.00
2643,64264,0.00
2644,56996,0.00
2645,85613,0.00
2646,57469,50.00
2647,72421,0.00
2648,92322,0.00
2649,60432,0.00
2650,60889,0.00
2651,86206,50.00
2652,62379,0.00
2653,63774,0.00
2654,96931,0.00
2655,63286,0.00
2656,57544,0.00
2657,90627,0.00
2658,60153,0.00
2659,57267,0.00
2660,90309,33.33
2661,58495,0.00
2662,61511,0.00
2663,84722,0.00
2664,57298,0.00
2665,63591,0.00
2666,85044,0.00
2667,56372,50.00
2668,58221,0.00
2669,92302,0.00
2670,61033,0.00
2671,57865,0.00
2672,77762,0.00
2673,68196,0.00
2674,54577,100.00
2675,25304,0.00
2676,23301,100.00
2677,24658,100.00
2678,26780,100.00
2679,57949,100.00
2680,53663,100.00
2681,39133,100.00
2682,26421,100.00
2683,56843,0.00
2684,78221,0.00
2685,58091,33.33
2686,58723,0.00
2687,78572,0.00
2688,57433,0.00
2689,63784,0.00
2690,77802,0.00
2691,56751,33.33
2692,60053,0.00
2693,91139,0.00
2694,55537,0.00
2695,57118,0.00
2696,76622,0.00
2697,55353,0.00
2698,59442,0.00
2699,79693,0.00
2700,58144,50.00
2701,61526,0.00
2702,84850,0.00
2703,56344,0.00
2704,56584,0.00
2705,77513,0.00
2706,56812,50.00
2707,56661,0.00
2708,80767,0.00
2709,55922,0.00
2710,57155,0.00
2711,84871,0.00
2712,54445,0.00
2713,57286,0.00
2714,86038,0.00
2715,59283,50.00
2716,55238,0.00
2717,74049,0.00
2718,54811,0.00
2719,63448,0.00
2720,54208,100.00
2721,54820,100.00
2722,62125,100.00
2723,22282,0.00
2724,23340,100.00
2725,19981,100.00
2726,22774,100.00
2727,29391,100.00
2728,64215,100.00
2729,39891,100.00
2730,53141,100.00
2731,55270,0.00
2732,75562,0.00
2733,57517,0.00
2734,58958,0.00
2735,77481,0.00
2736,54843,50.00
2737,68157,0.00
2738,77040,0.00
2739,60490,0.00
2740,55966,0.00
2741,90765,0.00
2742,58818,0.00
2743,58398,0.00
2744,86253,0.00
2745,60372,0.00
2746,59186,0.00
2747,97438,33.33
2748,62768,0.00
2749,59650,0.00
2750,86598,0.00
2751,57740,0.00
2752,74951,0.00
2753,86518,0.00
2754,57382,50.00
2755,60684,0.00
2756,88412,0.00
2757,59113,0.00
2758,55695,0.00
2759,84786,0.00
2760,56888,0.00
2761,61430,0.00
2762,87102,33.33
2763,55614,0.00
2764,61436,0.00
2765,92648,0.00
2766,62066,0.00
2767,59019,0.00
2768,81849,0.00
2769,62705,33.33
2770,60072,0.00
2771,69947,66.67
2772,25536,0.00
2773,30366,100.00
2774,30646,0.00
2775,64882,100.00
2776,62307,100.00
2777,28632,0.00
2778,23369,100.00
2779,21688,100.00
2780,45496,0.00
2781,61187,33.33
2782,56913,0.00
2783,96181,0.00
2784,64277,0.00
2785,57187,0.00
2786,92970,50.00
2787,59983,0.00
2788,53246,0.00
2789,79354,0.00
2790,57616,0.00
2791,62585,0.00
2792,87166,0.00
2793,61564,0.00
2794,74654,0.00
2795,87554,50.00
2796,57328,0.00
2797,60609,0.00
2798,81079,0.00
2799,59514,0.00
2800,60944,0.00
2801,87998,0.00
2802,55601,50.00
2803,60092,0.00
2804,79500,0.00
2805,60245,0.00
2806,59180,0.00
2807,84372,0.00
2808,56224,0.00
2809,59451,0.00
2810,83571,50.00
2811,57924,0.00
2812,60665,0.00
2813,88200,0.00
2814,62190,0.00
2815,65663,0.00
2816,98093,33.33
2817,73662,100.00
2818,67878,100.00
2819,22777,0.00
2820,31948,100.00
2821,25187,100.00
2822,29215,100.00
2823,28281,100.00
2824,62326,100.00
2825,36043,100.00
2826,69287,50.00
2827,56666,0.00
2828,82210,0.00
2829,59651,0.00
2830,68800,0.00
2831,87885,0.00
2832,78484,0.00
2833,62253,0.00
2834,86644,50.00
2835,63421,0.00
2836,58377,0.00
2837,57772,0.00
2838,63893,0.00
2839,68878,0.00
2840,86220,0.00
2841,65673,50.00
2842,62841,0.00
2843,99098,0.00
2844,59110,0.00
2845,57379,0.00
2846,86469,0.00
2847,65302,0.00
2848,70215,0.00
2849,87717,33.33
2850,56086,0.00
2851,59453,0.00
2852,84332,0.00
2853,60913,0.00
2854,54069,0.00
2855,88668,33.33
2856,62011,0.00
2857,73864,0.00
2858,88337,0.00
2859,60648,0.00
2860,76954,0.00
2861,49749,100.00
2862,27140,100.00
2863,30183,100.00
2864,24271,0.00
2865,58554,100.00
2866,54792,100.00
2867,33998,100.00
2868,25098,100.00
2869,41142,100.00
2870,35135,100.00
2871,45266,0.00
2872,50128,0.00
2873,75947,0.00
2874,50857,33.33
2875,53275,0.00
2876,82086,0.00
2877,57158,0.00
2878,52652,0.00
2879,79078,0.00
2880,61753,0.00
2881,62266,0.00
2882,85695,0.00
2883,59277,0.00
2884,56466,0.00
2885,80183,0.00
2886,55041,33.33
2887,60548,0.00
2888,77154,0.00
2889,56863,0.00
2890,54221,0.00
2891,80988,0.00
2892,51841,33.33
2893,64103,0.00
2894,78727,0.00
2895,63330,0.00
2896,56344,0.00
2897,81109,0.00
2898,55389,0.00
2899,56012,0.00
2900,76533,0.00
2901,53846,0.00
2902,60010,0.00
2903,97650,50.00
2904,56739,0.00
2905,72747,0.00
2906,81370,0.00
2907,56120,0.00
2908,58417,0.00
2909,83340,0.00
2910,65862,100.00
2911,53513,100.00
2912,24576,0.00
2913,23518,100.00
2914,27068,100.00
2915,35608,100.00
2916,59120,100.00
2917,47712,100.00
2918,48812,100.00
2919,33308,100.00
2920,53969,0.00
2921,85546,0.00
2922,70924,0.00
2923,54612,0.00
2924,83026,0.00
2925,59499,0.00
2926,58204,0.00
2927,79681,0.00
2928,58923,50.00
2929,59250,0.00
2930,91065,0.00
2931,55961,0.00
2932,57084,0.00
2933,142241,0.00
2934,56230,50.00
2935,52401,0.00
2936,76544,0.00
2937,56296,0.00
2938,55398,0.00
2939,88439,0.00
2940,56192,0.00
2941,59445,0.00
2942,78880,0.00
2943,56840,50.00
2944,60023,0.00
2945,81976,0.00
2946,58518,0.00
2947,60566,0.00
2948,96637,0.00
2949,56531,50.00
2950,56607,0.00
2951,83565,33.33
2952,58574,0.00
2953,60026,0.00
2954,86289,0.00
2955,57945,0.00
2956,55904,0.00
2957,100283,0.00
2958,73079,50.00
2959,36389,100.00
2960,58306,100.00
2961,57898,100.00
2962,31389,100.00
2963,27715,100.00
2964,21658,100.00
2965,25094,100.00
2966,39179,100.00
2967,65337,100.00
2968,56430,66.67
2969,78194,0.00
2970,61049,0.00
2971,61349,0.00
2972,81697,0.00
2973,56663,0.00
2974,54492,0.00
2975,83220,0.00
2976,54221,50.00
2977,56201,0.00
2978,75668,0.00
2979,57698,0.00
2980,66282,0.00
2981,90014,0.00
2982,53864,50.00
2983,59016,0.00
2984,79516,0.00
2985,67581,0.00
2986,58284,0.00
2987,79727,0.00
2988,61684,0.00
2989,60555,0.00
2990,83552,0.00
2991,58960,50.00
2992,67089,0.00
2993,83883,0.00
2994,58178,0.00
2995,59409,0.00
2996,86022,33.33
2997,63318,0.00
2998,72143,0.00
2999,89345,0.00
3000,75906,0.00
3001,61770,0.00
3002,83456,0.00
3003,74321,0.00
3004,64280,0.00
3005,84685,0.00
3006,60251,0.00
3007,63089,0.00
3008,85928,0.00
3009,56657,50.00
3010,55853,100.00
3011,31433,0.00
3012,57697,100.00
3013,60171,100.00
3014,55730,100.00
3015,46520,50.00
3016,54652,0.00
3017,87584,0.00
3018,59738,0.00
3019,60435,0.00
3020,84052,0.00
3021,62230,33.33
3022,57667,0.00
3023,78705,0.00
3024,59218,0.00
3025,56956,0.00
3026,82271,0.00
3027,56186,0.00
3028,56441,0.00
3029,86392,0.00
3030,54169,50.00
3031,55418,0.00
3032,72735,0.00
3033,54829,0.00
3034,201543,0.00
3035,96595,50.00
3036,57641,0.00
3037,61666,0.00
3038,85409,0.00
3039,63726,0.00
3040,27384,100.00
3041,23983,0.00
3042,39791,100.00
3043,58036,100.00
3044,40944,100.00
3045,28926,100.00
3046,28206,100.00
3047,27153,100.00
3048,60549,100.00
3049,55337,50.00
3050,86050,0.00
3051,58627,0.00
3052,57365,0.00
3053,87917,50.00
3054,58507,0.00
3055,54735,0.00
3056,82993,0.00
3057,54075,0.00
3058,57280,0.00
3059,81910,0.00
3060,57089,33.33
3061,57706,0.00
3062,62297,0.00
3063,59427,0.00
3064,55408,0.00
3065,81257,0.00
3066,59167,33.33
3067,57892,0.00
3068,73629,0.00
3069,53974,0.00
3070,54113,0.00
3071,87509,0.00
3072,60083,0.00
3073,80877,0.00
3074,81006,0.00
3075,57681,33.33
3076,56152,0.00
3077,81531,0.00
3078,61564,0.00
3079,67792,0.00
3080,90809,50.00
3081,60351,0.00
3082,59595,0.00
3083,82178,0.00
3084,62787,0.00
3085,60320,0.00
3086,86871,0.00
3087,65232,0.00
3088,57472,0.00
3089,67641,0.00
3090,30393,100.00
3091,28560,100.00
3092,20299,0.00
3093,25020,100.00
3094,28091,100.00
3095,67170,100.00
3096,55067,100.00
3097,51996,100.00
3098,24592,100.00
3099,26922,100.00
3100,52395,50.00
3101,89801,0.00
3102,57321,50.00
3103,58950,0.00
3104,82932,0.00
3105,59673,0.00
3106,71963,0.00
3107,89335,33.33
3108,63262,0.00
3109,64403,0.00
3110,92660,0.00
3111,58305,0.00
3112,59211,0.00
3113,82472,0.00
3114,57609,0.00
3115,56044,0.00
3116,96461,0.00
3117,57713,50.00
3118,69371,0.00
3119,79879,0.00
3120,56547,0.00
3121,54510,0.00
3122,85597,0.00
3123,60006,50.00
3124,60658,0.00
3125,112766,0.00
3126,62097,0.00
3127,64907,0.00
3128,106086,0.00
3129,60957,0.00
3130,56050,0.00
3131,84178,0.00
3132,63267,33.33
3133,59113,0.00
3134,92867,0.00
3135,56668,0.00
3136,57552,0.00
3137,81169,0.00
3138,57608,33.33
3139,55427,0.00
3140,56576,0.00
3141,68297,0.00
3142,65064,50.00
3143,65848,100.00
3144,63199,100.00
3145,37839,100.00
3146,20554,0.00
3147,21111,100.00
3148,27996,100.00
3149,49564,100.00
3150,61159,100.00
3151,53854,100.00
3152,53034,100.00
3153,56278,0.00
3154,71571,0.00
3155,83247,0.00
3156,58911,0.00
3157,63515,0.00
3158,100289,50.00
3159,59774,0.00
3160,59883,0.00
3161,82654,0.00
3162,56518,0.00
3163,62550,0.00
3164,79496,0.00
3165,55186,50.00
3166,54678,0.00
3167,78774,0.00
3168,54038,0.00
3169,53110,0.00
3170,88977,0.00
3171,62587,0.00
3172,72409,0.00
3173,86976,0.00
3174,63750,50.00
3175,57893,0.00
3176,93491,0.00
3177,61950,0.00
3178,59201,0.00
3179,98064,33.33
3180,59394,0.00
3181,67423,0.00
3182,83237,0.00
3183,56280,0.00
3184,59445,0.00
3185,90123,0.00
3186,63734,50.00
3187,66230,0.00
3188,95846,0.00
3189,65484,0.00
3190,58257,0.00
3191,84243,0.00
3192,51114,100.00
3193,37977,100.00
3194,23138,0.00
3195,60240,100.00
3196,26754,100.00
3197,27252,100.00
3198,22850,100.00
3199,22950,100.00
3200,40398,100.00
3201,61476,100.00
3202,59195,100.00
3203,92216,0.00
3204,60087,0.00
3205,62537,0.00
3206,82549,0.00
3207,61427,0.00
3208,75981,0.00
3209,88035,33.33
3210,58486,0.00
3211,65862,0.00
3212,88876,0.00
3213,57577,0.00
3214,56618,0.00
3215,81576,0.00
3216,56665,50.00
3217,64687,0.00
3218,81650,0.00
3219,57779,0.00
3220,59771,0.00
3221,88488,33.33
3222,58537,0.00
3223,61313,0.00
3224,88265,0.00
3225,56906,0.00
3226,82142,0.00
3227,87292,0.00
3228,60413,0.00
3229,62531,0.00
3230,87870,50.00
3231,62097,0.00
3232,68388,0.00
3233,82157,0.00
3234,59272,0.00
3235,56725,0.00
3236,86769,0.00
3237,54612,33.33
3238,54828,0.00
3239,78973,0.00
3240,59531,0.00
3241,59450,0.00
3242,84808,0.00
3243,65250,0.00
3244,56820,100.00
3245,24829,0.00
3246,27778,100.00
3247,29355,100.00
3248,58480,100.00
3249,63188,100.00
3250,51535,50.00
3251,85847,0.00
3252,56811,0.00
3253,60597,0.00
3254,82999,0.00
3255,58488,50.00
3256,59845,0.00
3257,89243,0.00
3258,51846,0.00
3259,69721,0.00
3260,83843,0.00
3261,55804,0.00
3262,70976,0.00
3263,76587,50.00
3264,56652,0.00
3265,75078,0.00
3266,79817,0.00
3267,58790,0.00
3268,55982,0.00
3269,78283,0.00
3270,57277,50.00
3271,90727,0.00
3272,85535,0.00
3273,55121,0.00
3274,59003,0.00
3275,81370,0.00
3276,58505,0.00
3277,67630,50.00
3278,26894,0.00
3279,23037,100.00
3280,27006,100.00
3281,43791,0.00
3282,53650,100.00
3283,39256,100.00
3284,29071,0.00
3285,26876,100.00
3286,44878,100.00
3287,52833,0.00
3288,55250,0.00
3289,57881,0.00
3290,90120,0.00
3291,60330,0.00
3292,61574,0.00
3293,85596,0.00
3294,57620,0.00
3295,57749,0.00
3296,100958,33.33
3297,61252,0.00
3298,60594,0.00
3299,82281,0.00
3300,59630,0.00
3301,59015,0.00
3302,84357,0.00
3303,61269,50.00
3304,73958,0.00
3305,89608,0.00
3306,62220,0.00
3307,60170,0.00
3308,87116,0.00
3309,58478,0.00
3310,61738,0.00
3311,85758,0.00
3312,55455,50.00
3313,61269,0.00
3314,88568,0.00
3315,56246,0.00
3316,65006,0.00
3317,80464,0.00
3318,55137,50.00
3319,55934,0.00
3320,79671,0.00
3321,59591,0.00
3322,55460,0.00
3323,77540,0.00
3324,53695,33.33
3325,69701,100.00
3326,61963,0.00
3327,39467,100.00
3328,31383,100.00
3329,24122,0.00
3330,26386,100.00
3331,61471,100.00
3332,59188,0.00
3333,42617,100.00
3334,53345,100.00
3335,54005,0.00
3336,56729,0.00
3337,54776,0.00
3338,90693,0.00
3339,62976,0.00
3340,58581,0.00
3341,82527,0.00
3342,57070,33.33
3343,57614,0.00
3344,76965,0.00
3345,57979,0.00
3346,58468,0.00
3347,83879,0.00
3348,57522,33.33
3349,57359,0.00
3350,86566,0.00
3351,56606,0.00
3352,64018,0.00
3353,84410,0.00
3354,61787,0.00
3355,60013,0.00
3356,57210,0.00
3357,60664,33.33
3358,58862,0.00
3359,83213,0.00
3360,59799,50.00
3361,59760,0.00
3362,85988,0.00
3363,55948,0.00
3364,69218,0.00
3365,94747,0.00
3366,59347,0.00
3367,61058,0.00
3368,82070,0.00
3369,59836,50.00
3370,61434,0.00
3371,89785,0.00
3372,59700,0.00
3373,68485,50.00
3374,54207,0.00
3375,57958,100.00
3376,65349,100.00
3377,25834,0.00
3378,22686,100.00
3379,23383,100.00
3380,32576,0.00
3381,39936,100.00
3382,59588,100.00
3383,58866,0.00
3384,51797,50.00
3385,59590,0.00
3386,115874,0.00
3387,59635,0.00
3388,54218,0.00
3389,80919,0.00
3390,53069,50.00
3391,54572,0.00
3392,82861,0.00
3393,57331,0.00
3394,58307,0.00
3395,76283,0.00
3396,57138,33.33
3397,57506,0.00
3398,102027,0.00
3399,59672,0.00
3400,56776,0.00
3401,87237,0.00
3402,53236,33.33
3403,54949,0.00
3404,77105,0.00
3405,54533,0.00
3406,58389,0.00
3407,79862,0.00
3408,56082,0.00
3409,56038,0.00
3410,81231,0.00
3411,56022,0.00
3412,61735,0.00
3413,83915,50.00
3414,54323,0.00
3415,56869,0.00
3416,83919,0.00
3417,56907,0.00
3418,52963,0.00
3419,77563,0.00
3420,54474,33.33
3421,53786,0.00
3422,83138,50.00
3423,49645,0.00
3424,55677,100.00
3425,27642,0.00
3426,58496,100.00
3427,55966,100.00
3428,79025,100.00
3429,36624,50.00
3430,56274,0.00
3431,88553,0.00
3432,53437,0.00
3433,59361,0.00
3434,81956,0.00
3435,55987,33.33
3436,55679,0.00
3437,76352,0.00
3438,54242,33.33
3439,59876,0.00
3440,80174,0.00
3441,55365,0.00
3442,55417,0.00
3443,98982,0.00
3444,60327,0.00
3445,57185,0.00
3446,88986,0.00
3447,61439,50.00
3448,69320,0.00
3449,82903,0.00
3450,54473,0.00
3451,59028,0.00
3452,85356,0.00
3453,43728,100.00
3454,40078,100.00
3455,41318,0.00
3456,63116,100.00
3457,58032,100.00
3458,36960,100.00
3459,31150,100.00
3460,38799,100.00
3461,60209,100.00
3462,49754,100.00
3463,53747,0.00
3464,82302,0.00
3465,54176,0.00
3466,55998,0.00
3467,81942,0.00
3468,60732,50.00
3469,59345,0.00
3470,84074,0.00
3471,56455,0.00
3472,56224,0.00
3473,82199,0.00
3474,54442,0.00
3475,57756,0.00
3476,88234,50.00
3477,62101,0.00
3478,64288,0.00
3479,100226,0.00
3480,54761,0.00
3481,58312,0.00
3482,52641,0.00
3483,59142,0.00
3484,62079,0.00
3485,78798,0.00
3486,64192,0.00
3487,58362,0.00
3488,90492,0.00
3489,52761,50.00
3490,54377,0.00
3491,72783,0.00
3492,51373,0.00
3493,57769,0.00
3494,78983,0.00
3495,54675,50.00
3496,63422,0.00
3497,82695,0.00
3498,61963,0.00
3499,72475,0.00
3500,86629,0.00
3501,66882,50.00
3502,47651,100.00
3503,27812,0.00
3504,22385,100.00
3505,37969,100.00
3506,47677,100.00
3507,56954,100.00
3508,41381,100.00
3509,40000,100.00
3510,30388,100.00
3511,49316,100.00
3512,45616,0.00
3513,49095,0.00
3514,54538,0.00
3515,88606,33.33
3516,59755,0.00
3517,63083,0.00
3518,85028,0.00
3519,59514,0.00
3520,59264,0.00
3521,87521,33.33
3522,56955,0.00
3523,59369,0.00
3524,83949,0.00
3525,58612,0.00
3526,57021,0.00
3527,82618,0.00
3528,58186,50.00
3529,65789,0.00
3530,101367,0.00
3531,64312,0.00
3532,57007,0.00
3533,150107,0.00
3534,62557,0.00
3535,68928,0.00
3536,87411,0.00
3537,54550,33.33
3538,56090,0.00
3539,78824,0.00
3540,59121,0.00
3541,70861,0.00
3542,84753,0.00
3543,56117,33.33
3544,59489,0.00
3545,90016,0.00
3546,57083,0.00
3547,59877,0.00
3548,87853,0.00
3549,55970,0.00
3550,52213,0.00
3551,76167,0.00
3552,64780,50.00
3553,65683,100.00
3554,25082,0.00
3555,22144,100.00
3556,22722,100.00
3557,22678,100.00
3558,25850,100.00
3559,66056,100.00
3560,60490,100.00
3561,41420,100.00
3562,54486,100.00
3563,81678,0.00
3564,57841,33.33
3565,66926,0.00
3566,84112,0.00
3567,55563,0.00
3568,66118,0.00
3569,87297,50.00
3570,58347,0.00
3571,59488,0.00
3572,80160,0.00
3573,62595,0.00
3574,66994,0.00
3575,85808,0.00
3576,61145,0.00
3577,69453,0.00
3578,85847,0.00
3579,56205,0.00
3580,58787,0.00
3581,86571,50.00
3582,56922,0.00
3583,59678,0.00
3584,78133,0.00
3585,56209,0.00
3586,58898,0.00
3587,78244,0.00
3588,53893,0.00
3589,59988,0.00
3590,80544,0.00
3591,62151,50.00
3592,58434,0.00
3593,97749,0.00
3594,65303,0.00
3595,65412,0.00
3596,93574,0.00
3597,61277,0.00
3598,61170,0.00
3599,86280,50.00
3600,56839,0.00
3601,63860,0.00
3602,84282,0.00
3603,72811,50.00
3604,57030,100.00
3605,47511,0.00
3606,64106,100.00
3607,53286,100.00
3608,30444,100.00
3609,23574,100.00
3610,23313,100.00
3611,31135,100.00
3612,67430,100.00
3613,57400,0.00
3614,78450,0.00
3615,57801,50.00
3616,61540,0.00
3617,81073,0.00
3618,59204,0.00
3619,58178,0.00
3620,88755,0.00
3621,62893,0.00
3622,71428,0.00
3623,84520,50.00
3624,63637,0.00
3625,64918,0.00
3626,86165,0.00
3627,60839,0.00
3628,69743,0.00
3629,84119,0.00
3630,56469,50.00
3631,75363,0.00
3632,88929,0.00
3633,60217,0.00
3634,58614,0.00
3635,98884,0.00
3636,60722,0.00
3637,58544,0.00
3638,83582,0.00
3639,54624,50.00
3640,57031,0.00
3641,83072,0.00
3642,62493,0.00
3643,60752,0.00
3644,97901,0.00
3645,58827,50.00
3646,57134,0.00
3647,73767,0.00
3648,60585,0.00
3649,70346,0.00
3650,98903,0.00
3651,71526,100.00
3652,45266,100.00
3653,22103,0.00
3654,29754,100.00
3655,23590,100.00
3656,58611,0.00
3657,44440,100.00
3658,52674,50.00
3659,78582,0.00
3660,58536,0.00
3661,60964,0.00
3662,94689,50.00
3663,59283,0.00
3664,56776,0.00
3665,90807,0.00
3666,55018,0.00
3667,59055,0.00
3668,83724,0.00
3669,55289,33.33
3670,69221,0.00
3671,93585,50.00
3672,58976,0.00
3673,57891,0.00
3674,97117,0.00
3675,67047,0.00
3676,69410,0.00
3677,158753,0.00
3678,62485,0.00
3679,60871,0.00
3680,91621,0.00
3681,61379,50.00
3682,60323,0.00
3683,85978,0.00
3684,62764,0.00
3685,69978,0.00
3686,27609,0.00
3687,23235,100.00
3688,25233,100.00
3689,27781,0.00
3690,65755,100.00
3691,54625,100.00
3692,29472,0.00
3693,23250,100.00
3694,44058,100.00
3695,32368,0.00
3696,49599,0.00
3697,59207,0.00
3698,81267,0.00
3699,59732,50.00
3700,56210,0.00
3701,82558,0.00
3702,54766,0.00
3703,61256,0.00
3704,86422,0.00
3705,56637,0.00
3706,62353,0.00
3707,98149,0.00
3708,55433,50.00
3709,58266,0.00
3710,81806,0.00
3711,60278,0.00
3712,59556,0.00
3713,79704,0.00
3714,57011,50.00
3715,70558,0.00
3716,86496,0.00
3717,57390,0.00
3718,54248,0.00
3719,73970,0.00
3720,54899,33.33
3721,57325,0.00
3722,78589,0.00
3723,55201,0.00
3724,55284,0.00
3725,85093,0.00
3726,64821,33.33
3727,56721,0.00
3728,79949,0.00
3729,59828,0.00
3730,59922,0.00
3731,88619,0.00
3732,54774,0.00
3733,59457,0.00
3734,89258,0.00
3735,72960,66.67
3736,66713,100.00
3737,38121,0.00
3738,44434,100.00
3739,24548,100.00
3740,27519,100.00
3741,39489,100.00
3742,63617,100.00
3743,48049,100.00
3744,32626,100.00
3745,43213,0.00
3746,99666,0.00
3747,54899,0.00
3748,59079,0.00
3749,84716,0.00
3750,55174,0.00
3751,58604,0.00
3752,101189,50.00
3753,58591,0.00
3754,58115,0.00
3755,96774,0.00
3756,62878,0.00
3757,71770,0.00
3758,87441,33.33
3759,57436,0.00
3760,58255,0.00
3761,85414,0.00
3762,64815,0.00
3763,58997,0.00
3764,97273,0.00
3765,60726,0.00
3766,58106,0.00
3767,86960,33.33
3768,58911,0.00
3769,54829,0.00
3770,75046,0.00
3771,54941,50.00
3772,54958,0.00
3773,82456,0.00
3774,55215,0.00
3775,55258,0.00
3776,83911,0.00
3777,52051,0.00
3778,55952,0.00
3779,76240,0.00
3780,56315,50.00
3781,57575,0.00
3782,77479,0.00
3783,59878,33.33
3784,57465,0.00
3785,66617,0.00
3786,30713,100.00
3787,64330,100.00
3788,24017,0.00
3789,23352,100.00
3790,21188,100.00
3791,24548,0.00
3792,29684,100.00
3793,56533,100.00
3794,59136,0.00
3795,36831,100.00
3796,66470,0.00
3797,87709,0.00
3798,58969,0.00
3799,61206,0.00
3800,81031,0.00
3801,57650,0.00
3802,64918,0.00
3803,77326,0.00
3804,56446,50.00
3805,61843,0.00
3806,83864,0.00
3807,53445,0.00
3808,53278,0.00
3809,80939,0.00
3810,61450,50.00
3811,53405,0.00
3812,87433,0.00
3813,61102,0.00
3814,55143,0.00
3815,78781,0.00
3816,55959,0.00
3817,61001,0.00
3818,81942,0.00
3819,58327,50.00
3820,58548,0.00
3821,87196,0.00
3822,57141,0.00
3823,56681,0.00
3824,72739,0.00
3825,79117,50.00
3826,55007,0.00
3827,77981,0.00
3828,57132,0.00
3829,57437,0.00
3830,85312,0.00
3831,55469,0.00
3832,60977,0.00
3833,87465,0.00
3834,55614,33.33
3835,58640,0.00
3836,87610,0.00
3837,56793,0.00
3838,68147,0.00
3839,60763,100.00
3840,29607,100.00
3841,32265,100.00
3842,49485,0.00
3843,55238,100.00
3844,26299,100.00
3845,27031,50.00
3846,57772,0.00
3847,57514,0.00
3848,84148,0.00
3849,56753,50.00
3850,54690,0.00
3851,86238,0.00
3852,54421,0.00
3853,74437,0.00
3854,93648,0.00
3855,67530,50.00
3856,67728,0.00
3857,78256,0.00
3858,55064,0.00
3859,54575,0.00
3860,83761,0.00
3861,61887,0.00
3862,55488,0.00
3863,84424,0.00
3864,57032,50.00
3865,62541,0.00
3866,84663,0.00
3867,59798,0.00
3868,56877,0.00
3869,91241,0.00
3870,61567,0.00
3871,60803,50.00
3872,36132,100.00
3873,24833,100.00
3874,58502,100.00
3875,47092,0.00
3876,48968,100.00
3877,32323,100.00
3878,24902,100.00
3879,31235,100.00
3880,53085,100.00
3881,49900,100.00
3882,41265,0.00
3883,51311,0.00
3884,96391,0.00
3885,43751,33.33
3886,48480,0.00
3887,49574,0.00
3888,49733,0.00
3889,52591,0.00
3890,71211,0.00
3891,57614,50.00
3892,55565,0.00
3893,103166,0.00
3894,56694,0.00
3895,61365,0.00
3896,89173,0.00
3897,59153,0.00
3898,63980,0.00
3899,79122,0.00
3900,55839,50.00
3901,57270,0.00
3902,81725,0.00
3903,57778,0.00
3904,54710,0.00
3905,84282,50.00
3906,57444,0.00
3907,63508,0.00
3908,89112,0.00
3909,56241,0.00
3910,58953,0.00
3911,86751,0.00
3912,58270,0.00
3913,53101,0.00
3914,85637,0.00
3915,56064,50.00
3916,58732,0.00
3917,89452,0.00
3918,54580,0.00
3919,55902,0.00
3920,90704,33.33
3921,56755,0.00
3922,58791,0.00
3923,90746,0.00
3924,70133,50.00
3925,54765,100.00
3926,21441,0.00
3927,19479,100.00
3928,27195,100.00
3929,65329,100.00
3930,60353,100.00
3931,41029,100.00
3932,25308,100.00
3933,45300,100.00
3934,37549,100.00
3935,85323,0.00
3936,59219,0.00
3937,58944,0.00
3938,86849,0.00
3939,59388,0.00
3940,59001,0.00
3941,104361,50.00
3942,60713,0.00
3943,63053,0.00
3944,81267,0.00
3945,59448,0.00
3946,58354,0.00
3947,85253,0.00
3948,56257,50.00
3949,60954,0.00
3950,86507,0.00
3951,55160,0.00
3952,60435,0.00
3953,91766,50.00
3954,66699,0.00
3955,63116,0.00
3956,83691,0.00
3957,60659,0.00
3958,63076,0.00
3959,87396,33.33
3960,59383,0.00
3961,60791,0.00
3962,94945,0.00
3963,59881,0.00
3964,57232,0.00
3965,107310,33.33
3966,57026,0.00
3967,59143,0.00
3968,80501,0.00
3969,61149,0.00
3970,59888,0.00
3971,83813,0.00
3972,59919,0.00
3973,56583,0.00
3974,85197,0.00
3975,70189,100.00
3976,66693,100.00
3977,40594,0.00
3978,28946,100.00
3979,22270,100.00
3980,28882,100.00
3981,25361,100.00
3982,64917,100.00
3983,66469,100.00
3984,42554,100.00
3985,23307,100.00
3986,76683,0.00
3987,57489,33.33
3988,53250,0.00
3989,78406,0.00
3990,56502,0.00
3991,54515,0.00
3992,82804,0.00
3993,59723,0.00
3994,56905,0.00
3995,109148,0.00
3996,59079,25.00
3997,60570,0.00
3998,78907,0.00
3999,57915,0.00
4000,76675,0.00
4001,87823,0.00
4002,54582,50.00
4003,59198,0.00
4004,80940,0.00
4005,57661,0.00
4006,57298,0.00
4007,147035,0.00
4008,59118,0.00
4009,59664,0.00
4010,90942,0.00
4011,57222,0.00
4012,58825,0.00
4013,96076,0.00
4014,58265,50.00
4015,70501,0.00
4016,87757,0.00
4017,72605,0.00
4018,59412,0.00
4019,89176,50.00
4020,61561,0.00
4021,59795,0.00
4022,85639,0.00
4023,54660,0.00
4024,70606,0.00
4025,86756,0.00
4026,61361,0.00
4027,84545,0.00
4028,97780,0.00
4029,37547,100.00
4030,67258,100.00
4031,55536,0.00
4032,34455,100.00
4033,27578,100.00
4034,20825,100.00
4035,26258,100.00
4036,25854,100.00
4037,65426,100.00
4038,59322,0.00
4039,64968,0.00
4040,109371,0.00
4041,59548,0.00
4042,63255,0.00
4043,78768,0.00
4044,62320,50.00
4045,60383,0.00
4046,81571,0.00
4047,60364,0.00
4048,59086,0.00
4049,103922,0.00
4050,55786,0.00
4051,58555,0.00
4052,84348,33.33
4053,63795,0.00
4054,61094,0.00
4055,84090,0.00
4056,64190,0.00
4057,61974,0.00
4058,93868,33.33
4059,63069,0.00
4060,58273,0.00
4061,81730,0.00
4062,56480,50.00
4063,63587,0.00
4064,78637,0.00
4065,59646,0.00
4066,60184,0.00
4067,88708,0.00
4068,71535,0.00
4069,61828,0.00
4070,91972,0.00
4071,61488,0.00
4072,59920,0.00
4073,96517,33.33
4074,58446,0.00
4075,60814,0.00
4076,67703,0.00
4077,49371,100.00
4078,34438,100.00
4079,30483,0.00
4080,26344,100.00
4081,58874,100.00
4082,61060,100.00
4083,51398,100.00
4084,54190,0.00
4085,89045,0.00
4086,58233,0.00
4087,63842,0.00
4088,86214,0.00
4089,59228,50.00
4090,57754,0.00
4091,80185,50.00
4092,65556,0.00
4093,69241,0.00
4094,106613,0.00
4095,67695,0.00
4096,60203,0.00
4097,78907,0.00
4098,61734,0.00
4099,55387,0.00
4100,75501,0.00
4101,57518,50.00
4102,62567,0.00
4103,83704,0.00
4104,61198,0.00
4105,57617,0.00
4106,74476,0.00
4107,53617,50.00
4108,56403,0.00
4109,89855,0.00
4110,54841,0.00
4111,68226,50.00
4112,27299,0.00
4113,23630,100.00
4114,25348,100.00
4115,27165,100.00
4116,65742,100.00
4117,39363,100.00
4118,31346,100.00
4119,25865,100.00
4120,50957,100.00
4121,82837,100.00
4122,61493,0.00
4123,62252,0.00
4124,145354,0.00
4125,59401,0.00
4126,62894,0.00
4127,94837,0.00
4128,65122,0.00
4129,62524,0.00
4130,84916,0.00
4131,59257,33.33
4132,63031,0.00
4133,178898,0.00
4134,60493,0.00
4135,57314,0.00
4136,77368,0.00
4137,54454,33.33
4138,54831,0.00
4139,82905,0.00
4140,59707,0.00
4141,58187,0.00
4142,79784,0.00
4143,55289,50.00
4144,51666,0.00
4145,78294,0.00
4146,50955,0.00
4147,60675,0.00
4148,89164,0.00
4149,56193,0.00
4150,55022,0.00
4151,103576,50.00
4152,61038,0.00
4153,58111,0.00
4154,88608,50.00
4155,57703,0.00
4156,72423,0.00
4157,89233,0.00
4158,59724,0.00
4159,57671,0.00
4160,88739,50.00
4161,72000,0.00
4162,70598,100.00
4163,30064,0.00
4164,25802,100.00
4165,24785,100.00
4166,30456,100.00
4167,65106,100.00
4168,65211,100.00
4169,46542,100.00
4170,27702,100.00
4171,53979,50.00
4172,80936,0.00
4173,60968,0.00
4174,58327,0.00
4175,88619,0.00
4176,57091,0.00
4177,64421,0.00
4178,96485,0.00
4179,57703,0.00
4180,56837,0.00
4181,92908,50.00
4182,61681,0.00
4183,56060,0.00
4184,85946,50.00
4185,62359,0.00
4186,66513,0.00
4187,84866,0.00
4188,72372,0.00
4189,63896,0.00
4190,90137,0.00
4191,61769,0.00
4192,59031,0.00
4193,87468,0.00
4194,61933,33.33
4195,57509,0.00
4196,88738,0.00
4197,61887,0.00
4198,123590,0.00
4199,85707,0.00
4200,60482,0.00
4201,57386,0.00
4202,93505,50.00
4203,62319,0.00
4204,61717,0.00
4205,126273,0.00
4206,59034,0.00
4207,59151,0.00
4208,85619,50.00
4209,59302,0.00
4210,74416,0.00
4211,63858,100.00
4212,51423,100.00
4213,64347,100.00
4214,30242,0.00
4215,24054,100.00
4216,24342,100.00
4217,26103,100.00
4218,28937,100.00
4219,62033,100.00
4220,50836,100.00
4221,51727,100.00
4222,56926,0.00
4223,75892,0.00
4224,64277,0.00
4225,59727,0.00
4226,101662,0.00
4227,59423,0.00
4228,62494,0.00
4229,98894,0.00
4230,61537,0.00
4231,71165,0.00
4232,96118,0.00
4233,62869,0.00
4234,66943,0.00
4235,90161,0.00
4236,64200,50.00
4237,57143,0.00
4238,88096,0.00
4239,59028,0.00
4240,53913,0.00
4241,52916,0.00
4242,54734,50.00
4243,54764,0.00
4244,77987,0.00
4245,55151,50.00
4246,60711,0.00
4247,274771,0.00
4248,59056,0.00
4249,62254,0.00
4250,89203,0.00
4251,59134,0.00
4252,57045,0.00
4253,80983,0.00
4254,59643,50.00
4255,63160,0.00
4256,88395,0.00
4257,57840,0.00
4258,58654,0.00
4259,88196,0.00
4260,55769,50.00
4261,55077,0.00
4262,81084,0.00
4263,38030,100.00
4264,41886,100.00
4265,30835,0.00
4266,61430,100.00
4267,48457,100.00
4268,31125,0.00
4269,26255,100.00
4270,52215,66.67
4271,92466,0.00
4272,56520,0.00
4273,61497,0.00
4274,84867,33.33
4275,57032,0.00
4276,57331,0.00
4277,95793,0.00
4278,58548,0.00
4279,62040,0.00
4280,78208,0.00
4281,59849,50.00
4282,60296,0.00
4283,88797,0.00
4284,65188,0.00
4285,74212,0.00
4286,81501,0.00
4287,56475,0.00
4288,55605,0.00
4289,85183,50.00
4290,63165,0.00
4291,57355,0.00
4292,84763,0.00
4293,57534,0.00
4294,73451,0.00
4295,91403,0.00
4296,58350,0.00
4297,57248,0.00
4298,81090,0.00
4299,55590,33.33
4300,57688,0.00
4301,90179,0.00
4302,70715,0.00
4303,73526,100.00
4304,52589,0.00
4305,63278,100.00
4306,47541,100.00
4307,26517,100.00
4308,27141,100.00
4309,32313,100.00
4310,64292,100.00
4311,61078,100.00
4312,58515,50.00
4313,92506,33.33
4314,69119,0.00
4315,57127,0.00
4316,80692,0.00
4317,56057,0.00
4318,57719,0.00
4319,83018,0.00
4320,58287,33.33
4321,57608,0.00
4322,86199,0.00
4323,57659,0.00
4324,60093,0.00
4325,84404,0.00
4326,56766,0.00
4327,60078,0.00
4328,80824,0.00
4329,57649,33.33
4330,58912,0.00
4331,80761,0.00
4332,56971,0.00
4333,61407,0.00
4334,86870,50.00
4335,58988,0.00
4336,59959,0.00
4337,85217,0.00
4338,60477,0.00
4339,63887,0.00
4340,89131,0.00
4341,62700,0.00
4342,66018,0.00
4343,86781,50.00
4344,59851,0.00
4345,62102,0.00
4346,73196,50.00
4347,19585,0.00
4348,74451,0.00
4349,21595,0.00
4350,21286,100.00
4351,25371,100.00
4352,41511,100.00
4353,62618,100.00
4354,45258,100.00
4355,45063,100.00
4356,27993,100.00
4357,28106,100.00
4358,81536,50.00
4359,66067,0.00
4360,63517,0.00
4361,85926,0.00
4362,55878,50.00
4363,72802,0.00
4364,86857,0.00
4365,67667,0.00
4366,62094,0.00
4367,88113,0.00
4368,55547,0.00
4369,62543,0.00
4370,82379,0.00
4371,57413,50.00
4372,57431,0.00
4373,84895,0.00
4374,59278,0.00
4375,62931,0.00
4376,83605,0.00
4377,56946,50.00
4378,58223,0.00
4379,79816,0.00
4380,60175,0.00
4381,60049,0.00
4382,84010,0.00
4383,58416,0.00
4384,58600,0.00
4385,85730,0.00
4386,63298,0.00
4387,57373,0.00
4388,92364,33.33
4389,58393,0.00
4390,58292,0.00
4391,80395,0.00
4392,60228,50.00
4393,59547,0.00
4394,97351,0.00
4395,60483,0.00
4396,59553,0.00
4397,90030,0.00
4398,61030,50.00
4399,58600,0.00
4400,86855,0.00
4401,67168,0.00
4402,69311,0.00
4403,68382,100.00
4404,28229,0.00
4405,50482,100.00
4406,35891,100.00
4407,55607,100.00
4408,48381,100.00
4409,34037,100.00
4410,61273,100.00
4411,49668,50.00
4412,42263,50.00
4413,57567,0.00
4414,55449,0.00
4415,80278,0.00
4416,57189,0.00
4417,55825,0.00
4418,89678,33.33
4419,58581,0.00
4420,59209,0.00
4421,92910,0.00
4422,62933,0.00
4423,64600,0.00
4424,86166,0.00
4425,56695,33.33
4426,62599,0.00
4427,85478,0.00
4428,65716,0.00
4429,62133,0.00
4430,88514,0.00
4431,69894,0.00
4432,65944,0.00
4433,88905,0.00
4434,59270,0.00
4435,119956,0.00
4436,88993,50.00
4437,74186,0.00
4438,60478,0.00
4439,101946,0.00
4440,61409,0.00
4441,63690,0.00
4442,80138,0.00
4443,62377,33.33
4444,59534,0.00
4445,85014,0.00
4446,75094,50.00
4447,67449,50.00
4448,58603,0.00
4449,34706,66.67
4450,50364,100.00
4451,46156,0.00
4452,51585,100.00
4453,47501,100.00
4454,50977,100.00
4455,26715,0.00
4456,41342,50.00
4457,78611,100.00
4458,47645,0.00
4459,56756,0.00
4460,78734,0.00
4461,58431,33.33
4462,56926,0.00
4463,85309,0.00
4464,56783,0.00
4465,55046,0.00
4466,83270,0.00
4467,56975,33.33
4468,60985,0.00
4469,111865,0.00
4470,59746,0.00
4471,63136,0.00
4472,83275,0.00
4473,57105,0.00
4474,71843,0.00
4475,96616,0.00
4476,58967,0.00
4477,63122,0.00
4478,85272,0.00
4479,61546,50.00
4480,64552,0.00
4481,94781,0.00
4482,62950,0.00
4483,61396,0.00
4484,88954,0.00
4485,68239,50.00
4486,54529,50.00
4487,43491,0.00
4488,48848,50.00
4489,52731,50.00
4490,52249,0.00
4491,37653,50.00
4492,43148,50.00
4493,73653,0.00
4494,31411,66.67
4495,59888,0.00
4496,61323,0.00
4497,56413,0.00
4498,60304,0.00
4499,76649,0.00
4500,63228,0.00
4501,58395,0.00
4502,85585,0.00
4503,57881,0.00
4504,61254,0.00
4505,83109,0.00
4506,59358,0.00
4507,62792,0.00
4508,87160,0.00
4509,64671,66.67
4510,31696,0.00
4511,40512,100.00
4512,62561,50.00
4513,52865,100.00
4514,36197,100.00
4515,33584,100.00
4516,55460,100.00
4517,46025,0.00
4518,47385,0.00
4519,23522,50.00
4520,23510,50.00
4521,37719,0.00
4522,57796,0.00
4523,82028,0.00
4524,54431,0.00
4525,59833,0.00
4526,61271,0.00
4527,59096,0.00
4528,68377,0.00
4529,80014,0.00
4530,54620,50.00
4531,60293,0.00
4532,93066,0.00
4533,64755,50.00
4534,59480,0.00
4535,83216,0.00
4536,58078,0.00
4537,59617,0.00
4538,81204,0.00
4539,55234,0.00
4540,53868,0.00
4541,90574,0.00
4542,54132,50.00
4543,66970,0.00
4544,51269,0.00
4545,54507,0.00
4546,55162,0.00
4547,84802,0.00
4548,58805,0.00
4549,59779,0.00
4550,77644,0.00
4551,57912,50.00
4552,68579,0.00
4553,43270,0.00
4554,40165,100.00
4555,25944,100.00
4556,31902,100.00
4557,55435,100.00
4558,33024,100.00
4559,26493,100.00
4560,60004,100.00
4561,51414,50.00
4562,37149,0.00
4563,50441,33.33
4564,55005,0.00
4565,75295,0.00
4566,51836,50.00
4567,55256,0.00
4568,84734,0.00
4569,58168,0.00
4570,238612,0.00
4571,94051,0.00
4572,60971,0.00
4573,64694,0.00
4574,86419,0.00
4575,63078,50.00
4576,63819,0.00
4577,84436,0.00
4578,59175,0.00
4579,60104,0.00
4580,85118,0.00
4581,58934,50.00
4582,60743,0.00
4583,80593,0.00
4584,55605,0.00
4585,61514,0.00
4586,83476,0.00
4587,64521,0.00
4588,58418,0.00
4589,87879,0.00
4590,57941,50.00
4591,64224,0.00
4592,84749,0.00
4593,59020,0.00
4594,68397,0.00
4595,62287,0.00
4596,63774,50.00
4597,55286,100.00
4598,45024,0.00
4599,46519,100.00
4600,34632,100.00
4601,48609,0.00
4602,49794,100.00
4603,39331,100.00
4604,49230,0.00
4605,41602,100.00
4606,46117,0.00
4607,45591,0.00
4608,49262,0.00
4609,51671,0.00
4610,77379,0.00
4611,60035,50.00
4612,56723,0.00
4613,87048,0.00
4614,64638,0.00
4615,57651,0.00
4616,82016,0.00
4617,56872,50.00
4618,59253,0.00
4619,91744,0.00
4620,57364,0.00
4621,55604,0.00
4622,87273,50.00
4623,56659,0.00
4624,61438,0.00
4625,91381,0.00
4626,59535,0.00
4627,60809,0.00
4628,95650,0.00
4629,58648,0.00
4630,58985,0.00
4631,87104,0.00
4632,57069,33.33
4633,70357,0.00
4634,85259,0.00
4635,53878,0.00
4636,65328,0.00
4637,79579,0.00
4638,40025,0.00
4639,68758,50.00
4640,56225,0.00
4641,47874,50.00
4642,63947,100.00
4643,27737,100.00
4644,28594,100.00
4645,66575,100.00
4646,51496,0.00
4647,35462,50.00
4648,26539,50.00
4649,30865,0.00
4650,51345,0.00
4651,59628,0.00
4652,97030,0.00
4653,60200,0.00
4654,67461,0.00
4655,80844,0.00
4656,63217,33.33
4657,60175,0.00
4658,85852,0.00
4659,58783,0.00
4660,55336,0.00
4661,91687,0.00
4662,54922,50.00
4663,55694,0.00
4664,95751,0.00
4665,56209,0.00
4666,59056,0.00
4667,87547,0.00
4668,60145,0.00
4669,57133,0.00
4670,97925,50.00
4671,59572,0.00
4672,61003,0.00
4673,93560,0.00
4674,69208,0.00
4675,68894,50.00
4676,82076,0.00
4677,46581,66.67
4678,43288,100.00
4679,50796,0.00
4680,58689,100.00
4681,55077,100.00
4682,48975,0.00
4683,32490,100.00
4684,38709,50.00
4685,55284,0.00
4686,45976,0.00
4687,54868,0.00
4688,83736,0.00
4689,55865,0.00
4690,58673,0.00
4691,79611,0.00
4692,55765,0.00
4693,57817,0.00
4694,82919,0.00
4695,66382,33.33
4696,54884,0.00
4697,75074,0.00
4698,52107,0.00
4699,56418,0.00
4700,51791,0.00
4701,52414,33.33
4702,48576,0.00
4703,78996,0.00
4704,54066,0.00
4705,55726,0.00
4706,84574,0.00
4707,67121,66.67
4708,40672,0.00
4709,36019,100.00
4710,55841,50.00
4711,50220,50.00
4712,25633,0.00
4713,26687,100.00
4714,29129,100.00
4715,51081,100.00
4716,56286,50.00
4717,39483,0.00
4718,37705,50.00
4719,37919,0.00
4720,45622,0.00
4721,50366,0.00
4722,59816,50.00
4723,54709,0.00
4724,88308,0.00
4725,56448,0.00
4726,57236,0.00
4727,73623,0.00
4728,57769,0.00
4729,58430,0.00
4730,81629,0.00
4731,55724,0.00
4732,59321,0.00
4733,138552,0.00
4734,53551,0.00
4735,63445,0.00
4736,72791,0.00
4737,49168,33.33
4738,47994,0.00
4739,76116,0.00
4740,60545,33.33
4741,54941,0.00
4742,76838,0.00
4743,53285,0.00
4744,53305,0.00
4745,75377,0.00
4746,51095,0.00
4747,58933,100.00
4748,38549,0.00
4749,45590,66.67
4750,36474,100.00
4751,35348,100.00
4752,45383,100.00
4753,42947,100.00
4754,33440,100.00
4755,26618,100.00
4756,55955,100.00
4757,42820,0.00
4758,34346,50.00
4759,52402,0.00
4760,85002,0.00
4761,53938,33.33
4762,62566,0.00
4763,86038,0.00
4764,67255,33.33
4765,58994,0.00
4766,79733,0.00
4767,58391,0.00
4768,55674,0.00
4769,78727,0.00
4770,52755,0.00
4771,53158,0.00
4772,86379,0.00
4773,51920,33.33
4774,59391,0.00
4775,50710,0.00
4776,52762,0.00
4777,56153,0.00
4778,76773,0.00
4779,55105,0.00
4780,50944,0.00
4781,78622,0.00
4782,51985,33.33
4783,51555,0.00
4784,76878,0.00
4785,56835,0.00
4786,54012,0.00
4787,93169,0.00
4788,59604,50.00
4789,56858,0.00
4790,77911,0.00
4791,72678,50.00
4792,62543,0.00
4793,57742,100.00
4794,44402,100.00
4795,57023,100.00
4796,34219,0.00
4797,34507,100.00
4798,49683,100.00
4799,39714,100.00
4800,44795,50.00
4801,52845,50.00
4802,41758,0.00
4803,48659,0.00
4804,55063,0.00
4805,92696,0.00
4806,59282,0.00
4807,70005,0.00
4808,85785,0.00
4809,59460,0.00
4810,56200,0.00
4811,82107,0.00
4812,57600,33.33
4813,68860,0.00
4814,89535,0.00
4815,55781,0.00
4816,54334,0.00
4817,88555,0.00
4818,59308,33.33
4819,55316,0.00
4820,89853,0.00
4821,59202,0.00
4822,66784,0.00
4823,81288,0.00
4824,59962,0.00
4825,68376,0.00
4826,107176,50.00
4827,57166,0.00
4828,71413,0.00
4829,86859,0.00
4830,59130,50.00
4831,56979,0.00
4832,82737,0.00
4833,61746,0.00
4834,65803,0.00
4835,47697,0.00
4836,41910,50.00
4837,64910,100.00
4838,25610,100.00
4839,44125,50.00
4840,53691,100.00
4841,50357,0.00
4842,50729,50.00
4843,52244,0.00
4844,80891,0.00
4845,50407,50.00
4846,56707,0.00
4847,84902,0.00
4848,55282,0.00
4849,56262,0.00
4850,75351,0.00
4851,56385,0.00
4852,57283,0.00
4853,79099,0.00
4854,56248,50.00
4855,56698,0.00
4856,77476,0.00
4857,69251,0.00
4858,51953,50.00
4859,35854,0.00
4860,41722,50.00
4861,64989,100.00
4862,29027,0.00
4863,26241,100.00
4864,58896,100.00
4865,60402,0.00
4866,62782,100.00
4867,61456,100.00
4868,41722,50.00
4869,57160,0.00
4870,59981,0.00
4871,81730,0.00
4872,57192,0.00
4873,59051,0.00
4874,79214,0.00
4875,54899,33.33
4876,54374,0.00
4877,78230,0.00
4878,55064,50.00
4879,59810,0.00
4880,87292,0.00
4881,65595,0.00
4882,58209,0.00
4883,79348,0.00
4884,56855,0.00
4885,57036,0.00
4886,77003,0.00
4887,53329,50.00
4888,69815,0.00
4889,82338,0.00
4890,54703,0.00
4891,66819,0.00
4892,78992,0.00
4893,62786,50.00
4894,55484,0.00
4895,89293,0.00
4896,56280,0.00
4897,58170,0.00
4898,89235,0.00
4899,57522,0.00
4900,61402,0.00
4901,83147,0.00
4902,58135,0.00
4903,55145,0.00
4904,89465,50.00
4905,66265,100.00
4906,43314,100.00
4907,21681,0.00
4908,20332,100.00
4909,25489,100.00
4910,59969,0.00
4911,61707,100.00
4912,40724,100.00
4913,31152,0.00
4914,33041,100.00
4915,49602,50.00
4916,72130,0.00
4917,53549,0.00
4918,57045,0.00
4919,89013,0.00
4920,56913,33.33
4921,54226,0.00
4922,85129,0.00
4923,57327,0.00
4924,66110,0.00
4925,79755,0.00
4926,65078,0.00
4927,56787,0.00
4928,82107,0.00
4929,59234,50.00
4930,61517,0.00
4931,95589,0.00
4932,62061,0.00
4933,60636,0.00
4934,90722,0.00
4935,58102,0.00
4936,58498,0.00
4937,83722,50.00
4938,61188,0.00
4939,57136,0.00
4940,85298,0.00
4941,60000,0.00
4942,57609,0.00
4943,82323,0.00
4944,56144,0.00
4945,56530,0.00
4946,82260,0.00
4947,54961,50.00
4948,55336,0.00
4949,86099,0.00
4950,57542,0.00
4951,57339,0.00
4952,80759,0.00
4953,62614,50.00
4954,61074,0.00
4955,83280,0.00
4956,69783,100.00
4957,64420,100.00
4958,26561,0.00
4959,29146,100.00
4960,22269,100.00
4961,28348,100.00
4962,45899,100.00
4963,59385,100.00
4964,52891,100.00
4965,31916,100.00
4966,50000,0.00
4967,76166,0.00
4968,61414,0.00
4969,122483,0.00
4970,85463,0.00
4971,58533,0.00
4972,59779,0.00
4973,89215,0.00
4974,59831,50.00
4975,56761,0.00
4976,78550,0.00
4977,56376,50.00
4978,62479,0.00
4979,91025,0.00
4980,96309,0.00
4981,60766,0.00
4982,85015,0.00
4983,61851,50.00
4984,69491,0.00
4985,83859,0.00
4986,59883,0.00
4987,61422,0.00
4988,91573,0.00
4989,53805,0.00
4990,55758,0.00
4991,73453,0.00
4992,56467,0.00
4993,58059,0.00
4994,79674,0.00
4995,58087,50.00
4996,55512,0.00
4997,74819,0.00
4998,55033,0.00
4999,53269,0.00
5000,109768,0.00
5001,59246,50.00
5002,57521,0.00
5003,78015,0.00
5004,35297,100.00
5005,35800,100.00
5006,54291,0.00
5007,71498,100.00
5008,30597,100.00
5009,24210,100.00
5010,20182,100.00
5011,28525,100.00
5012,33719,100.00
5013,62117,100.00
5014,56552,0.00
5015,91237,0.00
5016,56725,0.00
5017,56576,0.00
5018,86087,0.00
5019,55082,50.00
5020,54557,0.00
5021,99864,0.00
5022,63687,0.00
5023,58621,0.00
5024,84556,0.00
5025,60647,0.00
5026,57202,0.00
5027,95535,50.00
5028,61566,0.00
5029,61434,0.00
5030,81818,0.00
5031,58996,0.00
5032,58183,0.00
5033,79730,0.00
5034,62530,33.33
5035,56186,0.00
5036,80257,0.00
5037,61498,0.00
5038,58956,0.00
5039,77394,0.00
5040,55931,0.00
5041,57208,0.00
5042,76344,0.00
5043,56397,0.00
5044,55477,0.00
5045,79033,0.00
5046,58408,0.00
5047,54980,0.00
5048,82091,0.00
5049,59600,33.33
5050,56241,0.00
5051,86183,0.00
5052,56232,0.00
5053,58675,0.00
5054,87156,50.00
5055,67768,50.00
5056,63241,100.00
5057,23378,0.00
5058,27283,100.00
5059,26373,100.00
5060,53924,100.00
5061,60723,100.00
5062,57692,100.00
5063,93628,0.00
5064,65434,0.00
5065,56366,0.00
5066,93290,0.00
5067,57769,0.00
5068,61206,0.00
5069,98861,0.00
5070,57263,50.00
5071,62598,0.00
5072,82880,0.00
5073,59736,0.00
5074,60320,0.00
5075,88965,33.33
5076,62249,0.00
5077,57456,0.00
5078,88693,0.00
5079,71683,0.00
5080,57525,0.00
5081,83860,0.00
5082,68954,0.00
5083,63113,0.00
5084,94648,0.00
5085,55714,0.00
5086,62913,0.00
5087,82059,0.00
5088,60437,50.00
5089,57499,0.00
5090,68596,100.00
5091,28900,100.00
5092,31505,100.00
5093,25188,0.00
5094,67834,100.00
5095,57899,100.00
5096,35463,0.00
5097,24554,100.00
5098,29916,100.00
5099,44451,0.00
5100,56254,0.00
5101,61935,0.00
5102,91378,50.00
5103,66666,0.00
5104,65349,0.00
5105,96851,0.00
5106,62634,0.00
5107,61816,0.00
5108,91292,0.00
5109,60830,0.00
5110,57235,0.00
5111,102511,50.00
5112,64243,0.00
5113,59616,0.00
5114,82384,0.00
5115,57373,33.33
5116,59731,0.00
5117,89588,0.00
5118,56124,0.00
5119,63064,0.00
5120,94162,50.00
5121,60500,0.00
5122,61692,0.00
5123,94399,0.00
5124,61116,0.00
5125,61119,0.00
5126,86902,0.00
5127,59433,0.00
5128,60331,0.00
5129,84431,0.00
5130,57027,50.00
5131,62352,0.00
5132,86077,0.00
5133,59914,0.00
5134,63025,0.00
5135,86070,50.00
5136,62996,0.00
5137,70936,0.00
5138,71840,0.00
5139,68060,100.00
5140,46180,100.00
5141,23364,0.00
5142,25731,100.00
5143,28794,100.00
5144,61073,100.00
5145,64137,100.00
5146,57422,100.00
5147,52428,100.00
5148,56791,50.00
5149,58435,0.00
5150,100671,0.00
5151,65526,0.00
5152,59681,0.00
5153,95789,0.00
5154,63156,0.00
5155,67509,0.00
5156,88958,0.00
5157,73304,50.00
5158,64944,0.00
5159,87828,0.00
5160,57434,0.00
5161,60602,0.00
5162,86813,0.00
5163,61210,50.00
5164,61143,0.00
5165,97029,0.00
5166,64073,0.00
5167,70204,0.00
5168,95594,0.00
5169,57345,0.00
5170,60973,0.00
5171,87425,0.00
5172,55885,50.00
5173,58618,0.00
5174,105382,0.00
5175,56821,0.00
5176,59611,0.00
5177,84034,0.00
5178,64027,50.00
5179,73503,0.00
5180,92238,0.00
5181,55349,0.00
5182,55778,0.00
5183,90274,0.00
5184,63178,0.00
5185,60153,0.00
5186,92551,0.00
5187,51555,100.00
5188,67896,100.00
5189,40817,0.00
5190,35030,100.00
5191,24586,100.00
5192,22546,100.00
5193,27888,100.00
5194,49311,100.00
5195,61374,100.00
5196,61033,50.00
5197,59365,0.00
5198,100715,0.00
5199,61582,0.00
5200,56553,0.00
5201,87943,50.00
5202,57546,0.00
5203,67123,0.00
5204,79059,0.00
5205,55339,50.00
5206,59060,0.00
5207,81351,0.00
5208,58069,0.00
5209,57722,0.00
5210,87524,0.00
5211,57256,0.00
5212,64741,0.00
5213,90167,0.00
5214,58007,0.00
5215,59586,0.00
5216,98038,0.00
5217,60449,50.00
5218,60878,0.00
5219,82262,0.00
5220,57864,0.00
5221,61605,0.00
5222,87876,0.00
5223,70717,50.00
5224,61626,0.00
5225,81629,0.00
5226,58703,0.00
5227,60780,0.00
5228,93651,0.00
5229,57763,0.00
5230,53539,0.00
5231,85005,0.00
5232,58583,50.00
5233,61772,0.00
5234,78716,0.00
5235,66021,50.00
5236,65334,100.00
5237,35328,0.00
5238,27957,100.00
5239,62802,100.00
5240,51442,100.00
5241,57011,50.00
5242,45945,50.00
5243,80528,0.00
5244,56322,0.00
5245,67181,0.00
5246,81911,0.00
5247,58922,0.00
5248,60567,0.00
5249,410843,50.00
5250,55350,0.00
5251,59383,0.00
5252,86190,0.00
5253,57512,0.00
5254,58083,0.00
5255,84488,0.00
5256,59657,0.00
5257,59446,0.00
5258,90320,33.33
5259,56863,0.00
5260,55009,0.00
5261,83051,0.00
5262,57587,0.00
5263,59156,0.00
5264,79601,0.00
5265,67570,100.00
5266,44477,100.00
5267,27250,0.00
5268,41616,100.00
5269,63912,100.00
5270,54025,0.00
5271,43881,100.00
5272,28408,100.00
5273,30312,0.00
5274,55089,100.00
5275,54709,50.00
5276,88631,0.00
5277,59085,33.33
5278,61858,0.00
5279,77109,0.00
5280,64014,0.00
5281,58345,0.00
5282,78503,0.00
5283,54213,0.00
5284,68664,0.00
5285,95897,0.00
5286,58522,0.00
5287,69191,0.00
5288,80317,0.00
5289,59258,33.33
5290,54327,0.00
5291,83877,0.00
5292,57048,50.00
5293,55842,0.00
5294,79495,0.00
5295,56238,0.00
5296,62861,0.00
5297,81491,0.00
5298,60093,50.00
5299,58660,0.00
5300,77229,0.00
5301,53364,0.00
5302,56198,0.00
5303,82785,0.00
5304,56969,0.00
5305,61708,0.00
5306,95012,0.00
5307,60664,0.00
5308,58758,0.00
5309,86430,0.00
5310,61557,50.00
5311,61701,0.00
5312,80500,0.00
5313,55941,0.00
5314,71103,50.00
5315,37885,100.00
5316,27037,100.00
5317,25138,100.00
5318,23722,0.00
5319,29706,100.00
5320,61537,100.00
5321,57046,100.00
5322,44340,100.00
5323,32984,100.00
5324,39902,100.00
5325,51157,0.00
5326,58146,0.00
5327,78542,0.00
5328,67051,0.00
5329,57527,0.00
5330,86645,0.00
5331,56730,50.00
5332,57873,0.00
5333,167740,0.00
5334,55388,0.00
5335,57805,0.00
5336,76551,0.00
5337,54370,0.00
5338,53934,0.00
5339,78012,0.00
5340,52404,0.00
5341,60498,0.00
5342,92898,50.00
5343,54575,0.00
5344,51885,0.00
5345,76675,0.00
5346,51457,0.00
5347,54442,0.00
5348,51343,0.00
5349,52358,50.00
5350,52648,0.00
5351,74596,0.00
5352,53537,0.00
5353,58689,0.00
5354,78999,0.00
5355,54463,50.00
5356,50953,0.00
5357,85889,0.00
5358,52568,50.00
5359,68619,0.00
5360,73430,0.00
5361,55699,0.00
5362,57886,0.00
5363,95735,0.00
5364,55556,0.00
5365,63482,0.00
5366,61962,0.00
5367,62324,100.00
5368,24532,100.00
5369,22923,100.00
5370,21242,100.00
5371,23538,100.00
5372,25541,100.00
5373,65769,100.00
5374,54183,100.00
5375,27190,100.00
5376,46685,50.00
5377,54924,0.00
5378,79550,0.00
5379,58783,0.00
5380,53224,0.00
5381,49873,0.00
5382,53203,50.00
5383,56635,0.00
5384,74537,0.00
5385,56183,0.00
5386,59060,0.00
5387,84997,0.00
5388,51071,0.00
5389,52681,0.00
5390,83872,0.00
5391,58587,50.00
5392,57850,0.00
5393,50663,0.00
5394,57079,0.00
5395,55702,0.00
5396,85600,0.00
5397,55466,0.00
5398,59925,0.00
5399,79451,0.00
5400,51545,0.00
5401,57867,0.00
5402,84788,0.00
5403,59483,33.33
5404,55334,0.00
5405,98433,0.00
5406,54948,0.00
5407,58526,0.00
5408,78986,0.00
5409,56185,33.33
5410,60541,0.00
5411,82680,0.00
5412,54718,33.33
5413,58871,0.00
5414,83619,0.00
5415,53614,0.00
5416,57615,0.00
5417,74546,0.00
5418,61634,100.00
5419,40541,100.00
5420,54957,0.00
5421,58898,100.00
5422,26703,100.00
5423,21561,100.00
5424,20072,100.00
5425,24088,100.00
5426,39762,100.00
5427,60681,100.00
5428,57068,0.00
5429,87588,0.00
5430,57128,50.00
5431,60468,0.00
5432,81034,0.00
5433,55878,0.00
5434,58225,0.00
5435,92309,0.00
5436,66827,50.00
5437,62244,0.00
5438,82748,0.00
5439,58505,0.00
5440,59414,0.00
5441,79877,0.00
5442,54189,0.00
5443,53486,0.00
5444,50264,0.00
5445,47653,0.00
5446,50896,0.00
5447,49391,0.00
5448,48113,50.00
5449,53326,0.00
5450,73995,0.00
5451,57067,0.00
5452,52781,0.00
5453,80996,0.00
5454,53452,50.00
5455,51031,0.00
5456,79961,0.00
5457,72909,0.00
5458,64663,0.00
5459,77513,0.00
5460,59395,0.00
5461,65621,0.00
5462,79617,0.00
5463,55154,50.00
5464,54289,0.00
5465,82791,0.00
5466,53495,0.00
5467,64551,100.00
5468,27914,0.00
5469,23249,100.00
5470,34588,100.00
5471,26143,0.00
5472,71153,100.00
5473,63946,100.00
5474,69054,0.00
5475,59872,0.00
5476,60764,0.00
5477,148800,0.00
5478,54469,0.00
5479,53320,0.00
5480,82954,0.00
5481,54680,50.00
5482,56101,0.00
5483,81351,0.00
5484,82268,0.00
5485,61150,0.00
5486,96746,0.00
5487,52969,50.00
5488,52260,0.00
5489,81477,0.00
5490,59086,0.00
5491,59949,0.00
5492,92500,0.00
5493,57400,0.00
5494,60402,0.00
5495,88111,50.00
5496,63277,0.00
5497,56336,0.00
5498,86036,0.00
5499,63391,0.00
5500,55253,0.00
5501,88824,0.00
5502,56010,50.00
5503,60367,0.00
5504,70585,0.00
5505,48956,0.00
5506,52808,0.00
5507,83738,0.00
5508,56412,100.00
5509,28963,100.00
5510,25858,0.00
5511,27526,100.00
5512,62309,100.00
5513,57468,100.00
5514,39001,100.00
5515,23882,100.00
5516,34921,100.00
5517,31394,100.00
5518,55376,0.00
5519,83064,0.00
5520,56206,0.00
5521,57445,0.00
5522,84790,0.00
5523,58056,50.00
5524,55923,0.00
5525,80580,0.00
5526,59528,0.00
5527,56039,0.00
5528,73883,0.00
5529,54744,0.00
5530,52410,0.00
5531,50756,0.00
5532,58974,50.00
5533,55030,0.00
5534,84924,0.00
5535,48964,0.00
5536,58983,0.00
5537,94668,0.00
5538,61895,0.00
5539,57662,0.00
5540,86236,0.00
5541,58733,50.00
5542,54990,0.00
5543,84100,0.00
5544,54491,0.00
5545,59863,0.00
5546,80256,0.00
5547,57192,50.00
5548,65384,0.00
5549,80937,0.00
5550,51528,50.00
5551,51901,0.00
5552,50753,0.00
5553,61012,0.00
5554,55030,0.00
5555,84004,0.00
5556,63496,0.00
5557,73355,100.00
5558,25540,0.00
5559,22814,100.00
5560,20561,100.00
5561,19487,0.00
5562,26749,100.00
5563,54070,100.00
5564,56754,0.00
5565,44242,100.00
5566,34951,100.00
5567,84639,0.00
5568,52683,0.00
5569,55138,0.00
5570,86943,33.33
5571,68130,0.00
5572,58449,0.00
5573,107674,0.00
5574,54413,0.00
5575,60423,0.00
5576,81856,0.00
5577,58030,50.00
5578,61365,0.00
5579,85263,0.00
5580,58148,0.00
5581,59365,0.00
5582,98973,0.00
5583,60510,0.00
5584,58863,0.00
5585,85346,0.00
5586,59217,0.00
5587,59350,0.00
5588,79911,0.00
5589,54813,33.33
5590,55053,0.00
5591,81485,0.00
5592,54197,0.00
5593,53091,0.00
5594,76104,0.00
5595,50256,33.33
5596,48536,0.00
5597,75455,0.00
5598,58751,0.00
5599,52587,0.00
5600,89758,0.00
5601,55848,0.00
5602,57744,0.00
5603,79977,0.00
5604,59910,33.33
5605,67882,0.00
5606,94205,0.00
5607,56477,33.33
5608,65404,100.00
5609,26260,0.00
5610,59934,100.00
5611,60534,100.00
5612,31215,0.00
5613,23557,100.00
5614,21502,100.00
5615,26404,0.00
5616,44919,100.00
5617,66213,100.00
5618,34801,0.00
5619,52104,50.00
5620,59948,0.00
5621,82471,0.00
5622,57665,50.00
5623,60524,0.00
5624,85507,0.00
5625,71816,0.00
5626,55475,0.00
5627,76886,0.00
5628,58271,50.00
5629,66912,0.00
5630,88997,0.00
5631,58406,0.00
5632,55383,0.00
5633,81265,0.00
5634,56121,0.00
5635,61188,0.00
5636,81143,0.00
5637,59221,0.00
5638,59329,0.00
5639,83007,0.00
5640,57531,50.00
5641,58702,0.00
5642,80885,0.00
5643,59411,0.00
5644,58686,0.00
5645,83824,0.00
5646,59974,0.00
5647,60859,0.00
5648,91872,50.00
5649,59459,0.00
5650,60536,0.00
5651,96333,0.00
5652,57929,0.00
5653,58705,0.00
5654,79982,0.00
5655,56178,0.00
5656,56887,0.00
5657,73906,0.00
5658,57557,33.33
5659,55520,0.00
5660,80626,0.00
5661,54507,33.33
5662,65137,100.00
5663,29238,0.00
5664,31873,100.00
5665,45580,100.00
5666,52826,0.00
5667,28081,100.00
5668,38601,100.00
5669,79911,0.00
5670,58347,0.00
5671,53073,0.00
5672,84015,0.00
5673,59411,50.00
5674,56962,0.00
5675,94775,0.00
5676,53986,0.00
5677,62783,0.00
5678,54009,0.00
5679,61452,0.00
5680,56608,0.00
5681,80036,0.00
5682,67284,0.00
5683,64659,0.00
5684,90433,0.00
5685,52863,33.33
5686,55219,0.00
5687,77125,0.00
5688,60771,0.00
5689,64190,0.00
5690,88718,0.00
5691,59523,33.33
5692,60718,0.00
5693,91523,0.00
5694,68352,0.00
5695,38233,100.00
5696,29257,0.00
5697,52519,100.00
5698,59287,100.00
5699,34071,100.00
5700,25666,100.00
5701,28641,100.00
5702,37485,100.00
5703,54898,100.00
5704,59801,100.00
5705,78055,0.00
5706,54631,0.00
5707,55261,0.00
5708,58067,0.00
5709,57863,50.00
5710,55912,0.00
5711,74591,0.00
5712,56826,0.00
5713,60673,0.00
5714,87823,0.00
5715,57779,50.00
5716,59404,0.00
5717,94981,0.00
5718,56574,0.00
5719,58070,0.00
5720,77820,0.00
5721,60014,0.00
5722,55750,0.00
5723,84699,0.00
5724,54011,50.00
5725,61518,0.00
5726,82276,0.00
5727,55290,0.00
5728,55383,0.00
5729,89803,0.00
5730,57781,50.00
5731,57772,0.00
5732,83865,0.00
5733,60644,0.00
5734,75320,0.00
5735,88523,0.00
5736,57322,0.00
5737,60170,0.00
5738,75913,0.00
5739,57210,50.00
5740,59468,0.00
5741,86207,0.00
5742,52764,50.00
5743,65255,0.00
5744,72830,0.00
5745,50598,0.00
5746,84325,0.00
5747,50018,0.00
5748,35582,100.00
5749,29060,100.00
5750,25279,0.00
5751,41041,100.00
5752,52038,100.00
5753,34821,100.00
5754,25505,100.00
5755,38776,100.00
5756,42223,50.00
5757,58273,0.00
5758,56727,0.00
5759,78002,0.00
5760,53978,33.33
5761,55350,0.00
5762,88759,0.00
5763,60712,0.00
5764,57919,0.00
5765,78835,0.00
5766,59436,0.00
5767,55759,0.00
5768,77450,0.00
5769,55513,33.33
5770,55306,0.00
5771,85607,0.00
5772,63207,0.00
5773,59961,0.00
5774,89760,0.00
5775,60198,0.00
5776,69372,0.00
5777,92436,0.00
5778,63576,33.33
5779,61702,0.00
5780,81652,0.00
5781,63820,0.00
5782,61320,0.00
5783,92868,0.00
5784,61349,0.00
5785,57731,0.00
5786,77162,0.00
5787,53258,50.00
5788,51339,0.00
5789,77597,0.00
5790,56176,33.33
5791,55611,0.00
5792,86758,0.00
5793,57895,0.00
5794,56857,0.00
5795,83822,0.00
5796,66237,50.00
5797,69469,100.00
5798,25213,0.00
5799,24235,100.00
5800,24023,100.00
5801,21057,0.00
5802,28323,100.00
5803,67273,100.00
5804,62074,0.00
5805,58380,100.00
5806,26355,100.00
5807,49628,0.00
5808,54184,0.00
5809,55385,0.00
5810,84218,0.00
5811,66289,0.00
5812,58519,0.00
5813,88088,0.00
5814,57529,0.00
5815,60182,0.00
5816,91602,0.00
5817,56464,50.00
5818,60476,0.00
5819,85033,0.00
5820,54604,0.00
5821,58741,0.00
5822,79066,0.00
5823,52892,50.00
5824,57205,0.00
5825,76099,0.00
5826,68285,0.00
5827,58966,0.00
5828,96824,0.00
5829,60426,0.00
5830,59630,0.00
5831,79375,0.00
5832,55595,0.00
5833,60155,0.00
5834,80974,0.00
5835,56233,0.00
5836,54468,0.00
5837,77609,0.00
5838,50033,33.33
5839,66777,0.00
5840,76899,0.00
5841,56961,33.33
5842,57745,0.00
5843,74344,0.00
5844,57981,0.00
5845,63318,0.00
5846,88141,0.00
5847,60510,0.00
5848,63456,0.00
5849,67574,100.00
5850,39256,100.00
5851,65662,100.00
5852,23133,0.00
5853,21758,100.00
5854,23917,100.00
5855,22233,100.00
5856,24476,100.00
5857,51685,100.00
5858,58393,100.00
5859,55054,33.33
5860,59330,0.00
5861,71547,0.00
5862,59691,0.00
5863,57607,0.00
5864,81577,0.00
5865,56042,33.33
5866,53504,0.00
5867,76930,0.00
5868,53662,0.00
5869,56828,0.00
5870,95607,0.00
5871,54991,33.33
5872,63980,0.00
5873,81328,0.00
5874,55036,0.00
5875,51839,0.00
5876,50172,0.00
5877,53360,50.00
5878,60801,0.00
5879,82900,0.00
5880,62924,0.00
5881,57093,0.00
5882,88908,0.00
5883,56979,50.00
5884,54177,0.00
5885,79247,0.00
5886,56570,0.00
5887,56022,0.00
5888,78814,0.00
5889,57075,0.00
5890,55276,0.00
5891,90693,0.00
5892,57594,50.00
5893,62842,0.00
5894,75541,0.00
5895,54954,0.00
5896,56232,0.00
5897,68513,0.00
5898,42550,100.00
5899,33066,100.00
5900,27437,0.00
5901,41378,100.00
5902,59210,100.00
5903,30876,100.00
5904,52740,0.00
5905,57159,0.00
5906,84751,0.00
5907,68812,0.00
5908,59015,0.00
5909,88594,0.00
5910,53598,0.00
5911,54358,0.00
5912,78685,0.00
5913,53170,50.00
5914,56535,0.00
5915,83953,0.00
5916,69155,50.00
5917,60730,0.00
5918,81311,0.00
5919,55957,0.00
5920,59276,0.00
5921,85922,0.00
5922,57041,50.00
5923,60453,0.00
5924,80266,0.00
5925,55763,0.00
5926,58225,0.00
5927,83664,0.00
5928,57795,0.00
5929,57234,0.00
5930,86748,0.00
5931,71633,66.67
5932,44572,100.00
5933,23166,0.00
5934,31946,100.00
5935,59957,100.00
5936,59973,100.00
5937,39509,100.00
5938,28224,100.00
5939,40319,100.00
5940,38114,100.00
5941,50212,0.00
5942,52221,0.00
5943,57339,0.00
5944,54325,0.00
5945,78429,0.00
5946,55099,0.00
5947,59324,0.00
5948,77291,0.00
5949,56047,50.00
5950,56555,0.00
5951,84021,33.33
5952,56120,0.00
5953,56248,0.00
5954,85804,0.00
5955,50397,0.00
5956,52826,0.00
5957,84174,0.00
5958,53076,0.00
5959,58474,0.00
5960,92285,50.00
5961,55952,0.00
5962,56909,0.00
5963,87282,0.00
5964,59068,0.00
5965,58320,0.00
5966,78093,0.00
5967,55056,33.33
5968,61224,0.00
5969,78016,0.00
5970,56527,0.00
5971,70929,0.00
5972,83689,0.00
5973,56513,0.00
5974,59905,0.00
5975,89508,0.00
5976,58858,0.00
5977,60199,0.00
5978,96737,0.00
5979,66987,66.67
5980,63198,100.00
5981,23411,0.00
5982,23655,100.00
5983,25204,100.00
5984,27719,100.00
5985,59421,100.00
5986,52532,100.00
5987,38722,100.00
5988,42116,100.00
5989,60427,0.00
5990,76155,0.00
5991,55144,0.00
5992,63035,0.00
5993,81071,0.00
5994,59134,0.00
5995,57738,0.00
5996,87856,0.00
5997,60777,33.33
5998,59296,0.00
5999,86053,0.00
6000,73507,0.00
6001,72803,0.00
6002,87853,50.00
6003,58933,0.00
6004,56183,0.00
6005,90831,0.00
6006,55345,0.00
6007,60652,0.00
6008,85760,0.00
6009,59098,50.00
6010,53045,0.00
6011,86749,0.00
6012,55178,0.00
6013,52766,0.00
6014,75230,0.00
6015,54283,50.00
6016,55393,0.00
6017,79105,0.00
6018,54744,0.00
6019,55447,0.00
6020,58357,0.00
6021,57689,0.00
6022,55530,0.00
6023,90883,0.00
6024,54021,0.00
6025,55766,0.00
6026,88349,0.00
6027,51980,100.00
6028,67199,100.00
6029,37611,0.00
6030,45297,100.00
6031,26758,100.00
6032,24461,100.00
6033,26411,100.00
6034,55204,100.00
6035,59438,100.00
6036,53528,100.00
6037,55440,50.00
6038,75431,0.00
6039,55789,0.00
6040,52741,0.00
6041,86283,0.00
6042,57486,0.00
6043,56162,0.00
6044,55371,0.00
6045,54313,33.33
6046,53769,0.00
6047,52802,0.00
6048,52945,0.00
6049,52795,0.00
6050,77794,0.00
6051,60427,33.33
6052,53700,0.00
6053,84567,0.00
6054,57139,0.00
6055,53392,0.00
6056,79746,0.00
6057,52737,0.00
6058,62259,0.00
6059,77616,0.00
6060,53094,0.00
6061,54364,0.00
6062,86427,0.00
6063,52403,50.00
6064,56043,0.00
6065,87296,0.00
6066,59178,0.00
6067,56061,0.00
6068,87052,0.00
6069,57004,50.00
6070,58699,0.00
6071,86574,0.00
6072,59355,0.00
6073,64461,0.00
6074,85972,0.00
6075,55283,0.00
6076,65134,50.00
6077,44858,0.00
6078,39367,100.00
6079,63906,100.00
6080,28578,0.00
6081,51906,100.00
6082,51202,100.00
6083,25258,100.00
6084,41945,50.00
6085,33030,100.00
6086,76591,0.00
6087,58326,50.00
6088,60802,0.00
6089,84053,0.00
6090,56576,50.00
6091,56395,0.00
6092,90906,0.00
6093,53223,0.00
6094,64408,0.00
6095,85178,0.00
6096,57046,50.00
6097,58813,0.00
6098,108197,0.00
6099,55853,0.00
6100,57898,0.00
6101,93694,0.00
6102,63389,0.00
6103,60229,0.00
6104,95506,50.00
6105,60427,0.00
6106,56059,0.00
6107,84646,0.00
6108,56453,0.00
6109,56594,0.00
6110,90851,0.00
6111,60799,33.33
6112,59481,0.00
6113,87558,0.00
6114,58875,0.00
6115,57640,50.00
6116,42209,100.00
6117,38018,100.00
6118,60260,100.00
6119,53293,0.00
6120,58623,100.00
6121,48971,50.00
6122,45811,0.00
6123,58110,100.00
6124,41927,50.00
6125,74641,0.00
6126,54780,0.00
6127,59306,0.00
6128,83412,0.00
6129,61650,33.33
6130,60941,0.00
6131,92602,0.00
6132,59254,0.00
6133,68310,0.00
6134,94401,0.00
6135,56454,33.33
6136,56187,0.00
6137,58598,0.00
6138,63275,0.00
6139,61292,0.00
6140,92539,0.00
6141,63430,0.00
6142,62660,0.00
6143,77706,0.00
6144,55959,0.00
6145,57112,0.00
6146,88714,0.00
6147,59950,50.00
6148,62557,0.00
6149,90437,0.00
6150,58498,0.00
6151,71552,0.00
6152,34969,0.00
6153,34081,100.00
6154,67469,75.00
6155,37088,0.00
6156,30574,100.00
6157,30814,100.00
6158,57380,100.00
6159,53703,100.00
6160,41492,100.00
6161,32235,0.00
6162,38456,50.00
6163,58371,0.00
6164,84098,0.00
6165,56609,33.33
6166,56632,0.00
6167,78678,0.00
6168,55220,0.00
6169,56420,0.00
6170,76935,0.00
6171,67663,33.33
6172,63102,0.00
6173,87659,0.00
6174,61682,0.00
6175,61155,0.00
6176,88701,50.00
6177,59640,0.00
6178,63089,0.00
6179,241509,0.00
6180,62800,0.00
6181,70870,0.00
6182,81484,0.00
6183,61527,0.00
6184,68047,0.00
6185,78420,0.00
6186,71627,50.00
6187,74679,0.00
6188,87062,0.00
6189,56346,0.00
6190,60587,0.00
6191,86077,0.00
6192,59697,0.00
6193,60337,0.00
6194,90038,0.00
6195,69534,50.00
6196,45641,100.00
6197,58285,0.00
6198,31832,100.00
6199,31932,100.00
6200,45311,0.00
6201,38978,100.00
6202,40041,100.00
6203,51236,0.00
6204,44764,66.67
6205,37245,0.00
6206,86888,0.00
6207,55789,0.00
6208,58679,0.00
6209,87152,0.00
6210,57064,50.00
6211,58269,0.00
6212,88514,0.00
6213,57168,0.00
6214,57375,0.00
6215,82159,0.00
6216,55353,0.00
6217,64676,0.00
6218,81528,0.00
6219,62641,50.00
6220,56150,0.00
6221,74320,0.00
6222,65041,0.00
6223,55522,0.00
6224,90375,0.00
6225,57525,50.00
6226,53808,0.00
6227,77085,0.00
6228,54823,33.33
6229,65520,0.00
6230,83855,0.00
6231,57852,0.00
6232,58581,0.00
6233,85608,0.00
6234,57402,0.00
6235,75360,0.00
6236,76928,0.00
6237,64189,0.00
6238,51627,0.00
6239,76733,0.00
6240,54008,50.00
6241,58541,50.00
6242,38310,100.00
6243,36851,100.00
6244,51573,100.00
6245,38422,0.00
6246,39570,100.00
6247,51092,100.00
6248,31574,0.00
6249,29754,50.00
6250,50533,100.00
6251,75142,0.00
6252,53220,0.00
6253,59435,0.00
6254,82820,0.00
6255,57554,33.33
6256,58442,0.00
6257,78138,0.00
6258,55385,33.33
6259,55458,0.00
6260,81537,0.00
6261,56468,0.00
6262,61153,0.00
6263,100718,0.00
6264,58207,33.33
6265,59201,0.00
6266,79367,0.00
6267,74611,0.00
6268,54368,0.00
6269,80566,0.00
6270,54424,0.00
6271,48943,0.00
6272,48640,0.00
6273,70409,0.00
6274,53687,0.00
6275,88041,0.00
6276,61188,0.00
6277,60276,0.00
6278,87765,0.00
6279,79683,50.00
6280,60565,50.00
6281,47364,0.00
6282,51612,100.00
6283,58901,50.00
6284,49969,0.00
6285,38985,50.00
6286,42887,100.00
6287,72671,0.00
6288,49501,66.67
6289,51227,0.00
6290,83815,0.00
6291,54927,50.00
6292,64753,0.00
6293,109595,0.00
6294,55011,0.00
6295,57052,0.00
6296,83385,0.00
6297,60358,0.00
6298,61815,0.00
6299,85562,0.00
6300,58127,50.00
6301,65366,0.00
6302,87990,0.00
6303,69995,0.00
6304,55671,100.00
6305,30390,0.00
6306,47157,50.00
6307,68377,100.00
6308,24985,0.00
6309,22745,100.00
6310,28550,100.00
6311,56395,100.00
6312,58441,100.00
6313,40352,0.00
6314,42180,100.00
6315,43544,50.00
6316,45473,0.00
6317,56549,0.00
6318,65955,0.00
6319,51458,0.00
6320,50592,0.00
6321,53630,0.00
6322,62450,0.00
6323,76867,0.00
6324,59205,0.00
6325,58577,0.00
6326,82151,0.00
6327,64127,33.33
6328,57553,0.00
6329,77818,0.00
6330,55621,33.33
6331,57248,0.00
6332,88450,0.00
6333,63030,0.00
6334,57283,0.00
6335,90479,0.00
6336,66267,33.33
6337,60180,0.00
6338,81068,0.00
6339,58687,0.00
6340,58047,0.00
6341,85857,0.00
6342,55470,0.00
6343,55387,0.00
6344,79454,0.00
6345,56975,33.33
6346,58701,0.00
6347,82034,0.00
6348,71354,0.00
6349,50409,50.00
6350,44146,66.67
6351,20587,0.00
6352,28747,100.00
6353,56289,0.00
6354,35560,100.00
6355,39356,100.00
6356,58425,0.00
6357,51582,100.00
6358,42008,0.00
6359,46687,50.00
6360,55848,0.00
6361,55428,0.00
6362,77409,0.00
6363,65615,0.00
6364,57261,0.00
6365,85675,0.00
6366,64250,0.00
6367,73432,0.00
6368,88192,0.00
6369,59244,50.00
6370,69198,0.00
6371,88712,0.00
6372,60696,0.00
6373,73032,0.00
6374,98863,0.00
6375,69623,0.00
6376,59687,0.00
6377,81394,0.00
6378,59234,50.00
6379,59954,0.00
6380,85579,0.00
6381,58694,0.00
6382,68574,0.00
6383,83876,0.00
6384,57683,50.00
6385,55691,0.00
6386,81856,0.00
6387,56422,0.00
6388,50536,0.00
6389,54034,0.00
6390,63068,0.00
6391,53062,100.00
6392,59382,0.00
6393,48116,100.00
6394,59911,100.00
6395,34033,0.00
6396,32284,100.00
6397,44466,100.00
6398,43630,0.00
6399,47728,100.00
6400,52069,50.00
6401,44229,0.00
6402,45088,50.00
6403,50883,0.00
6404,47288,0.00
6405,48622,0.00
6406,50026,0.00
6407,51373,0.00
6408,52273,0.00
6409,49823,0.00
6410,49321,0.00
6411,54569,0.00
6412,57031,0.00
6413,81788,0.00
6414,71910,33.33
6415,56725,0.00
6416,50529,0.00
6417,51006,33.33
6418,55195,0.00
6419,75480,0.00
6420,54410,0.00
6421,53460,0.00
6422,88383,0.00
6423,52068,33.33
6424,54002,0.00
6425,74435,0.00
6426,55017,0.00
6427,58068,0.00
6428,58253,0.00
6429,57029,0.00
6430,56047,0.00
6431,90711,0.00
6432,55278,0.00
6433,63802,0.00
6434,91594,0.00
6435,64567,50.00
6436,46052,50.00
6437,45577,0.00
6438,55411,66.67
6439,53873,100.00
6440,24065,0.00
6441,40288,100.00
6442,53542,100.00
6443,33907,0.00
6444,26623,100.00
6445,26793,50.00
6446,75504,0.00
6447,50976,0.00
6448,52297,0.00
6449,51492,0.00
6450,53536,50.00
6451,51207,0.00
6452,72885,0.00
6453,59435,0.00
6454,56249,0.00
6455,86470,0.00
6456,56006,0.00
6457,56675,0.00
6458,88128,0.00
6459,57012,50.00
6460,64820,0.00
6461,79489,0.00
6462,53470,0.00
6463,52886,0.00
6464,76495,0.00
6465,56672,0.00
6466,54216,0.00
6467,83938,0.00
6468,58590,0.00
6469,60583,0.00
6470,84710,50.00
6471,66795,50.00
6472,50899,0.00
6473,33950,50.00
6474,41107,50.00
6475,68821,100.00
6476,45821,0.00
6477,58072,50.00
6478,54762,100.00
6479,53054,50.00
6480,47492,0.00
6481,53374,100.00
6482,73264,0.00
6483,73504,33.33
6484,60086,0.00
6485,85530,0.00
6486,60961,0.00
6487,57710,0.00
6488,91872,50.00
6489,59498,0.00
6490,59109,0.00
6491,74684,0.00
6492,61769,0.00
6493,65570,0.00
6494,77842,0.00
6495,56146,33.33
6496,59050,0.00
6497,75808,0.00
6498,62540,0.00
6499,66238,0.00
6500,79696,0.00
6501,68782,0.00
6502,63759,50.00
6503,34488,0.00
6504,32842,100.00
6505,63385,50.00
6506,42578,0.00
6507,35828,100.00
6508,43681,100.00
6509,33738,0.00
6510,30107,50.00
6511,58187,0.00
6512,33356,50.00
6513,28426,50.00
6514,29054,0.00
6515,48671,0.00
6516,51012,50.00
6517,56233,0.00
6518,84897,0.00
6519,68969,0.00
6520,56932,0.00
6521,81618,0.00
6522,73590,50.00
6523,55178,0.00
6524,83029,0.00
6525,86565,0.00
6526,55545,0.00
6527,77818,0.00
6528,60654,50.00
6529,63122,0.00
6530,95935,0.00
6531,60890,0.00
6532,69807,0.00
6533,147581,0.00
6534,53495,33.33
6535,57032,0.00
6536,73675,0.00
6537,53478,0.00
6538,54132,0.00
6539,76406,0.00
6540,53706,33.33
6541,62873,0.00
6542,52092,100.00
6543,33487,0.00
6544,53303,66.67
6545,38913,0.00
6546,34519,100.00
6547,40088,100.00
6548,28497,100.00
6549,23968,100.00
6550,44135,100.00
6551,55175,0.00
6552,34138,100.00
6553,47137,0.00
6554,72284,0.00
6555,52392,0.00
6556,46914,0.00
6557,80001,0.00
6558,54214,0.00
6559,53511,0.00
6560,85181,0.00
6561,54612,50.00
6562,58189,0.00
6563,76959,0.00
6564,55097,50.00
6565,52450,0.00
6566,82750,0.00
6567,57316,0.00
6568,59202,0.00
6569,80561,0.00
6570,61724,0.00
6571,57898,0.00
6572,88268,0.00
6573,61662,33.33
6574,57439,0.00
6575,83633,0.00
6576,62915,0.00
6577,63823,0.00
6578,85585,0.00
6579,64848,0.00
6580,57503,0.00
6581,94365,0.00
6582,53435,33.33
6583,63647,0.00
6584,81577,0.00
6585,69203,0.00
6586,60608,50.00
6587,68789,66.67
6588,25293,0.00
6589,44205,100.00
6590,44180,0.00
6591,36135,100.00
6592,41938,100.00
6593,48377,0.00
6594,44410,100.00
6595,51788,0.00
6596,43737,50.00
6597,54081,0.00
6598,59753,0.00
6599,82959,0.00
6600,56344,50.00
6601,75132,0.00
6602,86966,0.00
6603,55795,0.00
6604,60841,0.00
6605,100964,0.00
6606,60192,0.00
6607,63435,0.00
6608,90504,50.00
6609,60270,0.00
6610,60096,0.00
6611,83025,0.00
6612,55234,0.00
6613,53323,0.00
6614,83591,0.00
6615,56677,33.33
6616,56480,0.00
6617,84604,0.00
6618,54102,0.00
6619,56138,0.00
6620,92810,0.00
6621,63067,0.00
6622,57130,0.00
6623,79226,0.00
6624,58096,33.33
6625,68378,0.00
6626,79139,0.00
6627,59562,0.00
6628,67796,0.00
6629,56345,0.00
6630,49087,50.00
6631,62325,66.67
6632,24296,0.00
6633,31687,100.00
6634,43957,50.00
6635,76179,0.00
6636,35456,66.67
6637,53273,0.00
6638,78818,0.00
6639,54247,0.00
6640,59602,0.00
6641,72749,0.00
6642,58510,50.00
6643,57307,0.00
6644,85131,0.00
6645,56551,0.00
6646,61184,0.00
6647,74735,0.00
6648,53924,0.00
6649,53984,0.00
6650,75301,0.00
6651,59235,50.00
6652,65637,0.00
6653,40288,0.00
6654,36558,100.00
6655,60728,66.67
6656,38351,0.00
6657,29298,100.00
6658,27205,100.00
6659,51455,100.00
6660,42845,100.00
6661,52012,100.00
6662,62061,100.00
6663,44479,50.00
6664,54329,0.00
6665,80467,0.00
6666,57736,0.00
6667,61565,0.00
6668,88510,50.00
6669,57769,0.00
6670,57508,0.00
6671,91082,50.00
6672,56019,0.00
6673,57492,0.00
6674,78727,0.00
6675,51976,0.00
6676,54323,0.00
6677,123123,0.00
6678,51552,33.33
6679,58977,0.00
6680,85028,0.00
6681,57689,0.00
6682,63596,0.00
6683,189127,0.00
6684,56733,0.00
6685,56325,0.00
6686,84974,0.00
6687,56914,50.00
6688,59658,0.00
6689,84729,0.00
6690,62102,0.00
6691,59622,0.00
6692,101536,0.00
6693,57798,50.00
6694,57124,0.00
6695,84077,0.00
6696,66285,0.00
6697,65113,0.00
6698,87167,0.00
6699,74583,0.00
6700,58592,100.00
6701,29004,0.00
6702,24285,100.00
6703,24184,100.00
6704,30357,100.00
6705,67066,100.00
6706,59954,100.00
6707,50000,100.00
6708,27644,100.00
6709,33530,100.00
6710,50761,0.00
6711,70134,0.00
6712,57774,0.00
6713,79418,0.00
6714,57901,50.00
6715,63088,0.00
6716,97717,0.00
6717,58625,0.00
6718,62523,0.00
6719,78400,0.00
6720,58583,50.00
6721,57737,0.00
6722,85781,0.00
6723,57549,50.00
6724,61461,0.00
6725,77062,0.00
6726,63090,0.00
6727,61934,0.00
6728,89287,0.00
6729,59166,0.00
6730,62467,0.00
6731,85785,0.00
6732,60563,0.00
6733,59755,0.00
6734,81608,0.00
6735,58806,0.00
6736,54911,0.00
6737,80161,0.00
6738,60758,50.00
6739,60906,0.00
6740,88460,0.00
6741,57032,0.00
6742,61250,0.00
6743,99705,33.33
6744,57118,0.00
6745,60121,0.00
6746,84197,0.00
6747,57124,0.00
6748,61990,0.00
6749,85520,0.00
6750,55270,0.00
6751,69924,100.00
6752,61301,0.00
6753,24150,100.00
6754,24002,100.00
6755,22149,100.00
6756,23647,100.00
6757,28978,100.00
6758,69327,100.00
6759,64532,100.00
6760,50318,100.00
6761,77994,0.00
6762,55844,50.00
6763,63538,0.00
6764,87609,0.00
6765,60990,0.00
6766,64109,0.00
6767,82698,0.00
6768,57846,50.00
6769,68041,0.00
6770,89017,0.00
6771,59598,0.00
6772,56843,0.00
6773,78739,0.00
6774,59621,0.00
6775,62953,0.00
6776,95420,50.00
6777,60943,0.00
6778,67531,0.00
6779,85917,0.00
6780,63624,0.00
6781,63870,0.00
6782,92447,0.00
6783,57525,50.00
6784,63702,0.00
6785,88263,0.00
6786,58810,0.00
6787,57778,0.00
6788,76394,0.00
6789,53987,50.00
6790,58956,0.00
6791,83579,0.00
6792,59225,0.00
6793,54877,0.00
6794,78260,0.00
6795,59423,0.00
6796,60969,0.00
6797,102589,0.00
6798,57751,50.00
6799,58623,0.00
6800,82473,0.00
6801,72714,100.00
6802,46717,100.00
6803,22799,0.00
6804,59909,100.00
6805,48750,100.00
6806,33583,100.00
6807,23581,100.00
6808,19072,100.00
6809,37621,100.00
6810,53370,100.00
6811,54303,0.00
6812,52950,0.00
6813,48380,0.00
6814,53706,0.00
6815,80633,0.00
6816,57240,50.00
6817,68418,0.00
6818,80927,0.00
6819,58234,0.00
6820,61650,0.00
6821,74162,0.00
6822,65515,0.00
6823,63604,0.00
6824,95821,0.00
6825,70659,0.00
6826,60782,0.00
6827,88504,33.33
6828,63242,0.00
6829,150590,0.00
6830,104923,0.00
6831,74347,0.00
6832,73018,0.00
6833,90788,33.33
6834,62984,0.00
6835,61674,0.00
6836,89130,0.00
6837,60138,50.00
6838,63964,0.00
6839,83892,0.00
6840,58454,0.00
6841,58767,0.00
6842,84568,0.00
6843,60668,0.00
6844,62857,0.00
6845,58468,0.00
6846,61719,0.00
6847,62127,0.00
6848,85025,0.00
6849,56480,33.33
6850,58625,0.00
6851,85802,0.00
6852,69690,50.00
6853,88082,100.00
6854,25924,0.00
6855,28720,100.00
6856,44805,100.00
6857,55450,100.00
6858,54462,100.00
6859,44313,50.00
6860,81007,0.00
6861,52905,50.00
6862,59144,0.00
6863,81560,0.00
6864,59008,50.00
6865,56296,0.00
6866,90791,0.00
6867,54761,0.00
6868,56334,0.00
6869,52798,0.00
6870,55381,0.00
6871,53113,0.00
6872,89535,0.00
6873,58567,0.00
6874,52739,0.00
6875,74741,0.00
6876,53749,50.00
6877,56644,0.00
6878,81840,0.00
6879,56354,0.00
6880,57765,0.00
6881,82484,0.00
6882,57357,50.00
6883,60101,0.00
6884,54599,0.00
6885,55715,0.00
6886,65145,0.00
6887,86903,0.00
6888,38533,100.00
6889,54110,100.00
6890,30300,0.00
6891,53307,100.00
6892,60890,100.00
6893,53606,0.00
6894,33579,100.00
6895,29940,100.00
6896,39076,0.00
6897,44813,50.00
6898,56233,0.00
6899,82520,0.00
6900,59262,0.00
6901,60555,0.00
6902,88339,0.00
6903,56092,0.00
6904,68077,0.00
6905,77515,0.00
6906,58825,50.00
6907,61589,0.00
6908,96342,0.00
6909,61119,0.00
6910,64256,0.00
6911,83340,33.33
6912,56451,0.00
6913,53592,0.00
6914,84882,0.00
6915,56465,0.00
6916,55124,0.00
6917,90621,0.00
6918,55824,0.00
6919,57178,0.00
6920,85085,0.00
6921,63505,50.00
6922,60116,0.00
6923,85696,0.00
6924,58858,0.00
6925,62003,0.00
6926,84023,0.00
6927,59957,50.00
6928,62482,0.00
6929,86254,33.33
6930,56561,0.00
6931,57850,0.00
6932,83796,0.00
6933,69013,0.00
6934,71072,50.00
6935,60788,0.00
6936,36532,100.00
6937,23409,100.00
6938,21250,100.00
6939,25464,100.00
6940,45681,100.00
6941,60697,100.00
6942,50030,100.00
6943,50697,100.00
6944,38431,0.00
6945,55201,0.00
6946,55722,0.00
6947,86035,0.00
6948,63887,0.00
6949,61684,0.00
6950,83248,0.00
6951,60306,33.33
6952,57808,0.00
6953,88086,0.00
6954,59627,0.00
6955,60590,0.00
6956,85242,0.00
6957,56910,33.33
6958,65357,0.00
6959,84305,0.00
6960,55115,0.00
6961,56963,0.00
6962,84065,0.00
6963,58156,0.00
6964,54529,0.00
6965,91642,0.00
6966,57478,50.00
6967,56797,0.00
6968,75948,0.00
6969,53509,50.00
6970,61512,0.00
6971,89962,0.00
6972,57181,0.00
6973,77484,0.00
6974,101222,50.00
6975,56820,0.00
6976,59563,0.00
6977,92584,0.00
6978,58407,0.00
6979,58366,0.00
6980,81609,0.00
6981,65353,0.00
6982,59218,0.00
6983,71926,0.00
6984,56775,100.00
6985,62435,100.00
6986,37594,0.00
6987,27820,100.00
6988,29739,100.00
6989,24075,100.00
6990,27012,100.00
6991,44007,100.00
6992,64669,100.00
6993,54354,50.00
6994,62408,0.00
6995,85958,0.00
6996,62531,0.00
6997,60609,0.00
6998,91116,50.00
6999,60496,0.00
7000,96981,0.00
7001,76982,50.00
7002,58055,0.00
7003,63936,0.00
7004,90442,0.00
7005,58505,0.00
7006,70153,0.00
7007,240624,50.00
7008,61843,0.00
7009,63380,0.00
7010,87780,0.00
7011,63410,0.00
7012,61200,0.00
7013,85846,0.00
7014,61461,0.00
7015,61085,0.00
7016,90775,0.00
7017,61378,0.00
7018,64314,0.00
7019,93367,50.00
7020,62446,0.00
7021,73575,0.00
7022,63053,0.00
7023,60894,0.00
7024,66885,0.00
7025,94627,0.00
7026,63090,50.00
7027,61104,0.00
7028,168924,0.00
7029,60037,0.00
7030,58466,0.00
7031,86130,0.00
7032,57442,0.00
7033,67240,0.00
7034,56929,50.00
7035,63673,100.00
7036,75567,0.00
7037,19590,0.00
7038,17162,0.00
7039,75312,100.00
7040,72203,0.00
7041,17411,0.00
7042,16116,0.00
7043,16224,0.00
7044,70061,0.00
7045,49851,100.00
7046,71934,0.00
7047,18516,0.00
7048,58834,100.00
7049,70194,0.00
7050,18600,0.00
7051,71244,0.00
7052,72674,100.00
7053,70620,0.00
7054,57910,0.00
7055,93051,33.33
7056,58760,0.00
7057,59439,0.00
7058,87759,0.00
7059,61175,0.00
7060,59099,0.00
7061,92769,0.00
7062,58808,0.00
7063,58647,0.00
7064,85976,33.33
7065,60052,0.00
7066,59336,0.00
7067,62576,0.00
7068,57558,0.00
7069,59716,0.00
7070,91401,0.00
7071,65494,0.00
7072,61407,0.00
7073,92616,50.00
7074,61731,0.00
7075,57361,0.00
7076,92729,0.00
7077,60475,0.00
7078,60092,0.00
7079,62858,0.00
7080,59506,0.00
7081,61558,0.00
7082,92667,50.00
7083,73067,0.00
7084,59625,0.00
7085,90029,0.00
7086,59789,0.00
7087,60307,0.00
7088,167097,50.00
7089,60776,0.00
7090,61548,0.00
7091,91713,0.00
7092,62081,0.00
7093,59781,0.00
7094,196736,50.00
7095,58508,0.00
7096,61671,0.00
7097,156726,0.00
7098,64688,0.00
7099,62844,0.00
7100,93949,0.00
7101,62269,0.00
7102,59855,0.00
7103,170310,0.00
7104,195697,0.00
7105,60939,0.00
7106,151966,0.00
7107,60218,0.00
7108,75195,0.00
7109,62887,0.00
7110,57920,0.00
7111,59344,0.00
7112,124810,33.33
7113,62545,0.00
7114,61443,0.00
7115,90857,0.00
7116,59716,0.00
7117,60298,0.00
7118,100376,0.00
7119,61087,0.00
7120,59785,0.00
7121,154134,0.00
7122,67139,0.00
7123,60806,0.00
7124,130495,33.33
7125,59686,0.00
7126,63098,0.00
7127,136139,33.33
7128,85338,0.00
7129,70730,0.00
7130,245117,50.00
7131,71643,0.00
7132,70904,0.00
7133,330944,50.00
7134,72424,0.00
7135,73057,100.00
7136,75015,100.00
7137,74029,0.00
7138,71294,100.00
7139,77246,0.00
7140,19722,0.00
7141,70894,100.00
7142,73779,0.00
7143,69280,100.00
7144,72466,0.00
7145,81819,100.00
7146,68892,0.00
7147,69404,100.00
7148,85969,100.00
7149,59073,100.00
7150,68376,100.00
7151,67167,50.00
7152,59423,0.00
7153,65701,0.00
7154,303232,0.00
7155,58772,0.00
7156,59088,0.00
7157,218722,0.00
7158,60002,0.00
7159,59638,0.00
7160,92005,50.00
7161,260320,0.00
7162,56516,0.00
7163,855346,0.00
7164,65624,0.00
7165,68233,0.00
7166,59874,0.00
7167,58428,0.00
7168,148301,0.00
7169,234282,0.00
7170,61723,0.00
7171,62873,0.00
7172,107610,0.00
7173,58704,0.00
7174,76247,0.00
7175,90012,50.00
7176,60352,0.00
7177,104968,0.00
7178,154495,0.00
7179,63675,0.00
7180,61488,0.00
7181,210566,50.00
7182,63020,0.00
7183,123502,0.00
7184,241994,50.00
7185,58179,0.00
7186,346721,0.00
7187,144810,0.00
7188,60635,0.00
7189,88019,0.00
7190,94600,0.00
7191,59390,0.00
7192,59233,0.00
7193,104788,0.00
7194,61703,0.00
7195,166733,0.00
7196,96034,33.33
7197,61691,0.00
7198,69650,0.00
7199,157699,33.33
7200,61836,0.00
7201,112098,0.00
7202,86936,0.00
7203,66640,0.00
7204,501203,0.00
7205,169368,0.00
7206,78875,0.00
7207,82842,0.00
7208,96903,50.00
7209,244369,0.00
7210,61298,0.00
7211,89886,0.00
7212,67599,0.00
7213,72895,0.00
7214,204432,0.00
7215,63403,0.00
7216,72185,0.00
7217,97880,50.00
7218,73847,0.00
7219,58282,0.00
7220,97897,0.00
7221,64859,0.00
7222,72626,0.00
7223,46543,50.00
7224,53915,0.00
7225,39295,100.00
7226,78154,50.00
7227,60184,50.00
7228,43285,100.00
7229,52209,0.00
7230,57901,0.00
7231,86264,0.00
7232,95226,0.00
7233,62261,0.00
7234,66767,0.00
7235,85617,0.00
7236,58671,50.00
7237,63145,0.00
7238,86034,0.00
7239,48380,100.00
7240,40518,50.00
7241,35310,0.00
7242,55269,100.00
7243,56113,50.00
7244,49951,0.00
7245,39917,100.00
7246,59466,0.00
7247,105298,0.00
7248,56677,50.00
7249,58997,0.00
7250,84519,0.00
7251,59122,0.00
7252,62934,0.00
7253,96752,33.33
7254,62974,0.00
7255,62066,0.00
7256,89749,0.00
7257,61608,0.00
7258,59613,0.00
7259,89856,0.00
7260,65518,100.00
7261,60829,50.00
7262,39113,0.00
7263,31601,100.00
7264,39315,50.00
7265,83385,0.00
7266,56334,100.00
7267,47613,0.00
7268,82056,0.00
7269,56323,50.00
7270,55054,0.00
7271,87084,0.00
7272,57847,33.33
7273,59464,0.00
7274,81816,0.00
7275,59004,0.00
7276,67114,50.00
7277,62672,0.00
7278,39093,50.00
7279,27924,50.00
7280,35031,0.00
7281,54156,50.00
7282,52823,50.00
7283,42576,0.00
7284,52085,0.00
7285,63057,0.00
7286,92841,50.00
7287,62230,0.00
7288,58574,0.00
7289,87963,0.00
7290,65316,0.00
7291,69563,0.00
7292,88114,0.00
7293,62475,33.33
7294,58304,0.00
7295,92060,0.00
7296,62940,0.00
7297,67802,0.00
7298,54899,100.00
7299,62650,0.00
7300,42991,50.00
7301,31777,100.00
7302,24551,0.00
7303,48865,50.00
7304,50908,50.00
7305,50990,0.00
7306,59614,0.00
7307,79818,0.00
7308,56974,50.00
7309,59693,0.00
7310,79773,0.00
7311,61370,0.00
7312,54709,0.00
7313,85437,0.00
7314,48653,50.00
7315,57049,50.00
7316,39778,0.00
7317,30729,50.00
7318,32817,50.00
7319,41614,0.00
7320,56409,0.00
7321,61969,0.00
7322,86443,0.00
7323,56701,0.00
7324,52906,0.00
7325,80864,50.00
7326,58272,0.00
7327,57221,0.00
7328,88751,0.00
7329,56631,0.00
7330,55057,0.00
7331,85606,0.00
7332,50024,100.00
7333,39609,0.00
7334,34580,100.00
7335,53866,50.00
7336,48789,0.00
7337,124535,0.00
7338,56827,0.00
7339,66246,0.00
7340,86355,0.00
7341,57701,33.33
7342,75844,0.00
7343,80533,0.00
7344,56894,0.00
7345,60484,0.00
7346,91267,0.00
7347,75235,0.00
7348,59963,50.00
7349,38603,50.00
7350,41442,0.00
7351,61996,50.00
7352,83116,0.00
7353,69280,33.33
7354,61882,0.00
7355,86244,50.00
7356,41785,100.00
7357,37054,0.00
7358,70762,50.00
7359,54809,100.00
7360,40790,0.00
7361,39485,50.00
7362,52920,0.00
7363,49013,0.00
7364,84489,0.00
7365,55668,33.33
7366,55043,0.00
7367,78801,0.00
7368,64905,33.33
7369,57480,0.00
7370,86938,0.00
7371,62080,0.00
7372,38770,50.00
7373,41369,0.00
7374,62096,50.00
7375,39786,50.00
7376,31262,0.00
7377,40704,50.00
7378,52181,0.00
7379,87900,0.00
7380,56554,0.00
7381,54617,0.00
7382,83433,0.00
7383,59423,33.33
7384,60721,0.00
7385,88898,0.00
7386,61614,0.00
7387,60004,0.00
7388,84739,0.00
7389,56694,33.33
7390,71459,0.00
7391,76835,50.00
7392,72446,100.00
7393,47237,0.00
7394,34064,50.00
7395,47135,100.00
7396,54263,0.00
7397,39833,50.00
7398,36035,0.00
7399,52062,0.00
7400,103669,0.00
7401,63213,0.00
7402,59744,0.00
7403,83736,0.00
7404,59316,50.00
7405,61045,0.00
7406,85236,50.00
7407,59968,0.00
7408,36840,50.00
7409,30268,0.00
7410,38850,100.00
7411,58809,50.00
7412,32496,0.00
7413,47189,50.00
7414,61078,0.00
7415,86711,0.00
7416,64974,33.33
7417,62179,0.00
7418,83571,0.00
7419,53176,0.00
7420,57461,0.00
7421,83752,0.00
7422,62619,0.00
7423,62530,0.00
7424,85795,0.00
7425,57899,50.00
7426,56453,0.00
7427,81817,0.00
7428,72521,0.00
7429,57323,50.00
7430,59974,100.00
7431,46976,50.00
7432,32142,50.00
7433,33106,0.00
7434,56903,50.00
7435,45271,50.00
7436,81553,0.00
7437,61584,50.00
7438,55614,0.00
7439,78968,0.00
7440,58749,0.00
7441,56680,0.00
7442,107587,0.00
7443,53782,0.00
7444,60368,50.00
7445,40497,50.00
7446,29039,0.00
7447,34114,50.00
7448,43610,50.00
7449,51129,0.00
7450,51115,50.00
7451,88067,0.00
7452,56225,50.00
7453,63486,0.00
7454,89657,0.00
7455,60081,0.00
7456,61782,0.00
7457,79643,0.00
7458,57178,50.00
7459,60645,0.00
7460,103485,0.00
7461,57225,0.00
7462,56838,0.00
7463,85828,0.00
7464,58155,0.00
7465,60786,0.00
7466,91790,0.00
7467,48776,50.00
7468,51311,100.00
7469,52629,0.00
7470,56089,50.00
7471,56058,0.00
7472,90249,0.00
7473,60413,50.00
7474,62859,0.00
7475,80758,0.00
7476,61958,0.00
7477,106986,0.00
7478,98962,33.33
7479,58417,0.00
7480,69929,0.00
7481,54674,50.00
7482,48381,100.00
7483,63864,0.00
7484,33231,50.00
7485,54873,0.00
7486,56432,0.00
7487,63733,0.00
7488,37914,50.00
7489,39550,50.00
7490,61632,0.00
7491,38981,50.00
7492,30807,50.00
7493,30706,100.00
7494,56607,0.00
7495,57191,0.00
7496,89538,0.00
7497,55555,0.00
7498,62336,0.00
7499,80812,0.00
7500,60233,0.00
7501,78903,50.00
7502,44480,0.00
7503,40082,50.00
7504,64059,50.00
7505,44016,0.00
7506,32191,50.00
7507,45997,50.00
7508,65269,0.00
7509,54376,33.33
7510,57593,0.00
7511,88957,50.00
7512,65408,0.00
7513,59735,0.00
7514,84608,0.00
7515,55901,0.00
7516,54454,0.00
7517,77799,0.00
7518,63793,0.00
7519,62104,0.00
7520,90895,50.00
7521,59930,0.00
7522,64913,0.00
7523,85542,0.00
7524,71374,0.00
7525,72371,50.00
7526,56108,50.00
7527,37727,0.00
7528,59469,50.00
7529,61746,50.00
7530,45700,100.00
7531,51100,50.00
7532,104786,0.00
7533,62478,50.00
7534,60380,0.00
7535,103347,0.00
7536,71112,0.00
7537,59904,0.00
7538,88031,0.00
7539,72944,50.00
7540,44049,50.00
7541,37595,0.00
7542,49633,50.00
7543,58835,50.00
7544,42876,0.00
7545,38156,50.00
7546,44351,0.00
7547,85778,0.00
7548,53474,50.00
7549,56813,0.00
7550,86783,0.00
7551,57689,0.00
7552,55473,0.00
7553,88651,0.00
7554,57629,0.00
7555,60545,0.00
7556,89139,0.00
7557,65242,0.00
7558,61113,0.00
7559,78514,0.00
7560,61940,50.00
7561,71445,0.00
7562,40246,50.00
7563,36706,100.00
7564,47885,0.00
7565,46820,50.00
7566,64222,0.00
7567,44896,50.00
7568,96620,50.00
7569,61955,0.00
7570,62433,0.00
7571,100582,50.00
7572,59690,0.00
7573,55853,0.00
7574,85702,0.00
7575,72236,0.00
7576,68430,100.00
7577,43214,50.00
7578,39163,0.00
7579,52721,100.00
7580,75704,50.00
7581,43180,50.00
7582,48567,100.00
7583,85496,0.00
7584,60072,0.00
7585,61083,0.00
7586,77632,0.00
7587,59148,0.00
7588,53278,0.00
7589,53695,0.00
7590,63017,0.00
7591,74451,0.00
7592,88430,0.00
7593,61387,50.00
7594,56353,0.00
7595,83265,0.00
7596,59747,0.00
7597,58352,0.00
7598,85625,0.00
7599,47728,66.67
7600,62046,50.00
7601,32635,0.00
7602,23776,50.00
7603,24758,50.00
7604,49138,0.00
7605,49099,50.00
7606,55372,0.00
7607,98686,0.00
7608,63137,0.00
7609,58415,0.00
7610,83226,0.00
7611,58399,0.00
7612,57578,0.00
7613,84468,0.00
7614,61208,50.00
7615,61539,50.00
7616,42437,0.00
7617,32580,50.00
7618,36050,50.00
7619,75042,0.00
7620,59633,50.00
7621,60993,0.00
7622,84480,0.00
7623,57888,0.00
7624,61182,0.00
7625,91104,0.00
7626,63697,33.33
7627,58081,0.00
7628,101536,0.00
7629,57397,0.00
7630,58306,0.00
7631,83714,0.00
7632,61331,0.00
7633,44684,50.00
7634,51482,0.00
7635,62042,50.00
7636,47539,50.00
7637,84916,0.00
7638,56779,50.00
7639,54049,0.00
7640,81221,0.00
7641,57470,0.00
7642,62674,0.00
7643,106523,50.00
7644,59703,0.00
7645,58522,0.00
7646,82934,0.00
7647,43761,100.00
7648,48076,50.00
7649,48504,0.00
7650,51752,100.00
7651,51007,0.00
7652,80629,0.00
7653,67336,50.00
7654,59726,0.00
7655,87068,0.00
7656,47355,0.00
7657,38870,50.00
7658,55489,100.00
7659,59533,0.00
7660,47825,50.00
7661,41818,100.00
7662,44478,0.00
7663,52807,0.00
7664,49854,0.00
7665,56228,50.00
7666,49090,0.00
7667,75243,0.00
7668,51134,50.00
7669,51412,0.00
7670,60464,0.00
7671,34263,50.00
7672,38100,50.00
7673,55559,0.00
7674,43890,50.00
7675,28213,100.00
7676,31002,0.00
7677,56132,50.00
7678,58703,0.00
7679,84837,0.00
7680,54691,0.00
7681,58461,0.00
7682,94153,50.00
7683,65974,0.00
7684,60661,0.00
7685,84885,0.00
7686,59586,0.00
7687,59209,0.00
7688,103982,0.00
7689,57141,0.00
7690,70291,0.00
7691,82286,0.00
7692,48446,66.67
7693,35440,0.00
7694,38634,100.00
7695,63552,50.00
7696,45892,0.00
7697,37961,100.00
7698,56136,0.00
7699,59118,0.00
7700,86409,0.00
7701,58985,50.00
7702,60593,0.00
7703,90536,0.00
7704,66424,0.00
7705,69115,50.00
7706,36462,0.00
7707,31821,100.00
7708,30321,50.00
7709,53263,0.00
7710,33545,100.00
7711,35426,50.00
7712,82196,0.00
7713,61803,50.00
7714,63266,0.00
7715,85378,0.00
7716,63441,0.00
7717,57462,0.00
7718,87783,0.00
7719,58906,0.00
7720,60426,0.00
7721,91729,50.00
7722,61502,0.00
7723,60598,0.00
7724,87791,0.00
7725,58689,0.00
7726,56243,0.00
7727,81344,0.00
7728,68703,66.67
7729,49433,0.00
7730,40682,100.00
7731,31263,50.00
7732,43244,0.00
7733,145392,100.00
7734,47031,66.67
7735,57647,0.00
7736,79949,0.00
7737,51803,0.00
7738,57955,0.00
7739,78796,0.00
7740,63284,0.00
7741,59994,50.00
7742,78904,0.00
7743,39111,50.00
7744,33213,50.00
7745,32295,100.00
7746,52083,0.00
7747,54657,50.00
7748,78841,0.00
7749,57011,0.00
7750,56904,0.00
7751,84725,33.33
7752,71124,0.00
7753,57697,0.00
7754,83561,0.00
7755,53806,0.00
7756,59624,0.00
7757,87953,50.00
7758,60335,0.00
7759,67562,0.00
7760,92243,0.00
7761,62847,0.00
7762,56543,0.00
7763,254209,0.00
7764,56691,0.00
7765,70001,50.00
7766,48665,0.00
7767,53116,50.00
7768,59820,100.00
7769,37507,0.00
7770,28149,50.00
7771,51425,0.00
7772,118351,0.00
7773,60078,33.33
7774,63769,0.00
7775,79785,0.00
7776,57445,0.00
7777,59266,0.00
7778,102214,0.00
7779,48116,66.67
7780,49500,100.00
7781,55900,0.00
7782,45223,50.00
7783,34734,100.00
7784,38072,0.00
7785,48484,0.00
7786,49028,0.00
7787,74274,0.00
7788,50772,50.00
7789,59648,0.00
7790,81558,0.00
7791,53763,0.00
7792,66016,0.00
7793,86633,0.00
7794,55457,0.00
7795,69606,50.00
7796,82063,0.00
7797,43688,100.00
7798,40066,50.00
7799,38876,0.00
7800,66554,100.00
7801,48444,0.00
7802,78044,0.00
7803,58062,50.00
7804,55329,0.00
7805,84914,0.00
7806,61397,0.00
7807,57730,0.00
7808,92088,0.00
7809,63721,66.67
7810,46046,100.00
7811,37935,0.00
7812,37493,50.00
7813,55524,100.00
7814,51857,0.00
7815,48979,0.00
7816,54520,0.00
7817,76370,0.00
7818,52476,0.00
7819,53075,0.00
7820,86296,0.00
7821,70460,0.00
7822,61823,0.00
7823,82076,0.00
7824,57568,33.33
7825,59431,0.00
7826,82086,0.00
7827,59350,50.00
7828,66222,0.00
7829,38384,0.00
7830,33749,50.00
7831,57693,100.00
7832,53524,0.00
7833,30358,50.00
7834,44612,100.00
7835,77073,0.00
7836,56411,0.00
7837,62352,0.00
7838,87376,0.00
7839,57623,50.00
7840,37871,50.00
7841,42004,0.00
7842,63764,50.00
7843,48694,50.00
7844,31854,0.00
7845,26953,50.00
7846,53400,0.00
7847,85338,0.00
7848,57061,50.00
7849,60634,0.00
7850,88035,0.00
7851,56763,0.00
7852,58549,0.00
7853,81668,0.00
7854,55595,50.00
7855,63178,0.00
7856,82110,0.00
7857,67180,0.00
7858,63666,0.00
7859,87079,0.00
7860,56978,33.33
7861,62795,0.00
7862,140538,0.00
7863,68751,0.00
7864,66708,50.00
7865,44450,0.00
7866,33016,100.00
7867,41279,50.00
7868,78641,0.00
7869,44660,100.00
7870,52422,50.00
7871,82896,0.00
7872,57847,33.33
7873,61802,0.00
7874,93870,50.00
7875,40881,0.00
7876,35431,50.00
7877,28766,50.00
7878,35163,0.00
7879,62013,50.00
7880,44286,50.00
7881,43243,0.00
7882,61433,0.00
7883,91548,0.00
7884,64212,0.00
7885,65828,0.00
7886,91195,50.00
7887,61487,0.00
7888,61022,0.00
7889,92673,0.00
7890,61451,0.00
7891,54609,0.00
7892,76677,0.00
7893,59815,50.00
7894,60090,0.00
7895,89404,0.00
7896,60469,0.00
7897,61591,0.00
7898,81016,0.00
7899,64832,0.00
7900,74156,50.00
7901,85907,0.00
7902,55612,66.67
7903,34090,100.00
7904,28883,0.00
7905,30380,100.00
7906,61141,50.00
7907,88065,0.00
7908,62166,0.00
7909,56711,0.00
7910,87500,0.00
7911,70869,0.00
7912,59178,100.00
7913,76603,0.00
7914,40481,66.67
7915,33940,100.00
7916,33903,0.00
7917,52772,50.00
7918,45033,50.00
7919,47488,0.00
7920,54041,0.00
7921,51229,0.00
7922,87532,0.00
7923,57206,0.00
7924,57356,0.00
7925,60650,0.00
7926,55417,0.00
7927,58479,0.00
7928,84223,0.00
7929,52534,0.00
7930,53383,0.00
7931,52216,0.00
7932,55455,0.00
7933,59006,0.00
7934,82477,0.00
7935,42452,66.67
7936,44916,100.00
7937,74661,0.00
7938,35954,66.67
7939,58489,0.00
7940,82359,0.00
7941,60066,0.00
7942,60657,0.00
7943,79575,0.00
7944,59283,33.33
7945,72127,0.00
7946,52317,0.00
7947,47467,50.00
7948,54258,50.00
7949,59632,0.00
7950,54444,33.33
7951,57551,0.00
7952,84604,0.00
7953,58884,0.00
7954,58919,0.00
7955,79006,0.00
7956,60038,50.00
7957,72029,0.00
7958,32678,0.00
7959,37720,50.00
7960,67689,100.00
7961,57009,0.00
7962,40904,50.00
7963,47714,100.00
7964,83182,0.00
7965,60545,50.00
7966,61149,0.00
7967,82210,0.00
7968,59150,50.00
7969,65584,0.00
7970,35753,50.00
7971,40602,0.00
7972,61329,100.00
7973,47528,50.00
7974,35406,0.00
7975,43751,50.00
7976,50988,50.00
7977,56258,0.00
7978,60199,0.00
7979,88300,0.00
7980,56070,0.00
7981,59961,0.00
7982,93670,0.00
7983,64673,0.00
7984,58971,0.00
7985,100004,50.00
7986,64587,0.00
7987,76924,0.00
7988,86246,0.00
7989,58747,0.00
7990,56396,0.00
7991,92142,0.00
7992,60665,0.00
7993,60326,0.00
7994,85515,0.00
7995,40948,100.00
7996,39576,0.00
7997,38981,50.00
7998,42107,100.00
7999,67102,0.00
8000,66379,50.00
8001,35866,100.00
8002,59386,0.00
8003,94582,50.00
8004,58318,0.00
8005,58840,0.00
8006,85721,0.00
8007,44457,100.00
8008,36069,50.00
8009,38263,0.00
8010,48292,100.00
8011,54112,50.00
8012,45231,0.00
8013,42721,50.00
8014,50998,0.00
8015,81936,0.00
8016,60390,0.00
8017,56852,0.00
8018,87357,50.00
8019,60229,0.00
8020,70837,0.00
8021,89701,0.00
8022,62467,0.00
8023,63180,0.00
8024,92169,0.00
8025,58869,0.00
8026,65105,0.00
8027,80877,0.00
8028,60432,0.00
8029,59766,0.00
8030,90747,50.00
8031,64085,100.00
8032,62149,0.00
8033,37232,100.00
8034,29140,50.00
8035,31073,0.00
8036,64235,100.00
8037,39535,50.00
8038,49185,0.00
8039,76077,0.00
8040,55010,0.00
8041,67610,50.00
8042,77780,0.00
8043,58975,100.00
8044,39180,50.00
8045,24276,50.00
8046,31212,0.00
8047,55840,50.00
8048,46926,50.00
8049,55850,0.00
8050,54517,0.00
8051,75638,0.00
8052,54124,0.00
8053,55193,0.00
8054,83674,0.00
8055,57015,0.00
8056,51999,0.00
8057,92767,0.00
8058,60820,0.00
8059,60061,0.00
8060,85485,0.00
8061,63580,50.00
8062,63094,0.00
8063,81155,0.00
8064,55193,0.00
8065,59222,0.00
8066,60647,33.33
8067,70590,0.00
8068,60245,100.00
8069,52789,0.00
8070,63066,50.00
8071,43212,100.00
8072,30245,0.00
8073,33679,50.00
8074,57500,0.00
8075,116500,0.00
8076,64184,0.00
8077,57795,0.00
8078,84262,0.00
8079,47439,50.00
8080,42086,100.00
8081,60716,50.00
8082,31746,50.00
8083,27362,100.00
8084,30076,0.00
8085,48881,0.00
8086,52179,0.00
8087,53269,0.00
8088,58143,0.00
8089,53940,0.00
8090,83450,0.00
8091,60610,0.00
8092,57693,0.00
8093,82734,0.00
8094,56952,33.33
8095,59219,0.00
8096,89569,0.00
8097,58918,0.00
8098,60084,0.00
8099,85234,100.00
8100,64562,50.00
8101,41349,50.00
8102,41380,100.00
8103,50290,0.00
8104,61618,50.00
8105,52160,0.00
8106,54726,0.00
8107,61623,0.00
8108,82245,0.00
8109,70065,0.00
8110,70074,50.00
8111,47219,0.00
8112,66159,100.00
8113,54018,50.00
8114,81729,0.00
8115,48841,100.00
8116,57519,0.00
8117,86429,0.00
8118,58087,0.00
8119,55928,0.00
8120,78200,0.00
8121,57950,0.00
8122,56598,0.00
8123,96804,0.00
8124,67162,50.00
8125,68076,0.00
8126,87013,0.00
8127,66422,0.00
8128,54959,50.00
8129,30594,100.00
8130,35813,0.00
8131,61774,50.00
8132,42704,100.00
8133,32178,0.00
8134,33516,50.00
8135,82973,0.00
8136,57472,50.00
8137,62541,0.00
8138,81988,0.00
8139,65660,0.00
8140,49136,0.00
8141,27144,100.00
8142,38170,50.00
8143,61885,0.00
8144,35957,100.00
8145,36260,50.00
8146,34715,0.00
8147,84902,0.00
8148,59788,50.00
8149,59319,0.00
8150,84483,0.00
8151,76275,0.00
8152,63103,0.00
8153,80366,0.00
8154,53539,0.00
8155,54449,0.00
8156,81360,0.00
8157,58918,50.00
8158,56259,0.00
8159,79699,0.00
8160,56819,0.00
8161,56764,0.00
8162,76828,0.00
8163,70642,50.00
8164,64044,50.00
8165,36817,0.00
8166,27453,50.00
8167,43504,50.00
8168,75258,0.00
8169,37521,50.00
8170,44949,50.00
8171,53677,0.00
8172,58081,0.00
8173,61922,0.00
8174,78789,0.00
8175,69866,50.00
8176,43966,100.00
8177,33619,0.00
8178,29302,50.00
8179,58533,100.00
8180,60498,0.00
8181,55217,50.00
8182,44439,50.00
8183,77256,0.00
8184,53441,50.00
8185,65941,0.00
8186,82123,0.00
8187,59258,0.00
8188,56344,0.00
8189,53008,0.00
8190,58815,0.00
8191,59755,0.00
8192,79558,0.00
8193,52438,0.00
8194,53927,0.00
8195,79948,0.00
8196,59240,0.00
8197,61250,0.00
8198,88439,33.33
8199,74742,0.00
8200,59476,50.00
8201,75083,0.00
8202,36151,66.67
8203,25433,50.00
8204,23978,0.00
8205,45232,50.00
8206,52467,50.00
8207,77400,0.00
8208,53626,0.00
8209,63145,0.00
8210,80848,0.00
8211,59168,0.00
8212,73950,0.00
8213,78726,50.00
8214,57638,100.00
8215,38543,50.00
8216,26086,0.00
8217,31996,100.00
8218,57140,50.00
8219,51051,0.00
8220,50077,50.00
8221,58868,0.00
8222,90926,0.00
8223,59013,0.00
8224,61965,0.00
8225,99769,0.00
8226,55183,50.00
8227,59136,0.00
8228,91677,0.00
8229,56999,0.00
8230,55839,0.00
8231,79704,0.00
8232,67890,50.00
8233,56673,0.00
8234,80629,0.00
8235,64875,0.00
8236,57967,0.00
8237,48554,100.00
8238,53707,50.00
8239,37299,0.00
8240,90617,0.00
8241,69864,0.00
8242,62823,0.00
8243,95850,0.00
8244,55241,50.00
8245,57169,0.00
8246,82967,0.00
8247,62078,0.00
8248,74167,50.00
8249,44951,0.00
8250,51806,100.00
8251,67175,50.00
8252,90576,0.00
8253,60678,0.00
8254,82335,0.00
8255,80907,0.00
8256,56758,0.00
8257,66336,50.00
8258,36970,0.00
8259,45304,50.00
8260,66575,50.00
8261,45714,0.00
8262,32376,50.00
8263,56004,50.00
8264,95809,0.00
8265,60379,50.00
8266,73164,0.00
8267,88398,0.00
8268,52268,0.00
8269,64789,50.00
8270,33277,0.00
8271,35112,100.00
8272,59326,50.00
8273,35047,0.00
8274,24872,100.00
8275,30813,50.00
8276,47629,0.00
8277,58347,0.00
8278,58950,0.00
8279,82657,0.00
8280,56788,50.00
8281,55069,0.00
8282,86394,0.00
8283,59697,0.00
8284,61201,0.00
8285,94504,0.00
8286,63996,0.00
8287,61650,0.00
8288,85720,0.00
8289,63350,50.00
8290,55703,0.00
8291,79741,0.00
8292,55962,0.00
8293,56963,0.00
8294,86039,0.00
8295,48332,66.67
8296,35023,100.00
8297,44018,0.00
8298,64294,50.00
8299,50448,100.00
8300,27204,0.00
8301,42605,50.00
8302,66484,0.00
8303,90719,0.00
8304,59537,0.00
8305,56281,0.00
8306,81223,0.00
8307,46777,50.00
8308,36438,100.00
8309,40324,0.00
8310,57123,50.00
8311,38388,100.00
8312,41645,0.00
8313,50037,50.00
8314,61849,0.00
8315,88931,0.00
8316,59453,33.33
8317,61793,0.00
8318,85565,0.00
8319,64198,0.00
8320,84441,0.00
8321,97356,0.00
8322,59989,33.33
8323,58456,0.00
8324,79634,0.00
8325,57079,0.00
8326,69720,0.00
8327,89184,0.00
8328,60078,0.00
8329,61580,0.00
8330,88659,0.00
8331,73263,50.00
8332,64486,50.00
8333,38936,0.00
8334,52390,50.00
8335,53895,50.00
8336,52007,0.00
8337,28572,50.00
8338,48501,0.00
8339,84050,0.00
8340,53387,33.33
8341,59942,0.00
8342,78270,0.00
8343,62810,33.33
8344,60062,0.00
8345,41676,50.00
8346,31426,50.00
8347,25236,0.00
8348,28063,50.00
8349,73160,50.00
8350,33325,0.00
8351,85749,0.00
8352,63760,0.00
8353,49430,0.00
8354,78652,0.00
8355,50720,33.33
8356,51586,0.00
8357,53375,0.00
8358,48042,33.33
8359,52221,0.00
8360,53881,0.00
8361,54392,0.00
8362,55130,0.00
8363,68195,0.00
8364,57852,0.00
8365,57513,0.00
8366,79403,0.00
8367,52359,50.00
8368,46340,50.00
8369,48238,0.00
8370,28745,50.00
8371,22184,50.00
8372,35936,0.00
8373,41703,50.00
8374,47275,0.00
8375,50117,0.00
8376,63909,0.00
8377,57341,0.00
8378,74441,0.00
8379,65839,50.00
8380,47894,50.00
8381,53058,0.00
8382,34449,100.00
8383,30247,50.00
8384,27897,0.00
8385,40659,100.00
8386,47529,50.00
8387,50830,0.00
8388,48572,50.00
8389,54943,0.00
8390,73231,0.00
8391,55199,0.00
8392,57283,0.00
8393,95259,33.33
8394,52581,0.00
8395,61792,0.00
8396,99650,0.00
8397,56747,0.00
8398,56816,0.00
8399,98097,0.00
8400,54196,0.00
8401,80838,0.00
8402,65846,0.00
8403,47087,50.00
8404,44996,100.00
8405,51379,0.00
8406,53378,50.00
8407,51441,0.00
8408,81319,0.00
8409,58245,33.33
8410,59370,0.00
8411,80049,0.00
8412,58521,33.33
8413,59644,0.00
8414,81946,0.00
8415,44518,100.00
8416,54652,50.00
8417,51944,0.00
8418,44861,100.00
8419,54683,0.00
8420,79043,0.00
8421,55123,0.00
8422,55711,0.00
8423,75898,0.00
8424,71515,50.00
8425,56964,0.00
8426,52581,100.00
8427,33466,0.00
8428,38689,50.00
8429,79675,100.00
8430,45334,50.00
8431,36270,50.00
8432,37843,0.00
8433,60808,0.00
8434,61491,0.00
8435,57926,0.00
8436,61272,0.00
8437,69664,0.00
8438,52314,100.00
8439,28455,50.00
8440,32196,0.00
8441,79922,100.00
8442,33761,50.00
8443,34034,50.00
8444,44231,0.00
8445,48247,33.33
8446,50909,0.00
8447,81898,0.00
8448,53422,0.00
8449,59834,0.00
8450,79789,0.00
8451,57333,0.00
8452,58846,0.00
8453,101180,50.00
8454,69291,0.00
8455,58852,0.00
8456,82548,0.00
8457,62613,0.00
8458,58550,0.00
8459,99905,0.00
8460,55248,33.33
8461,71198,0.00
8462,90390,0.00
8463,51318,66.67
8464,32137,0.00
8465,41834,50.00
8466,60572,50.00
8467,44495,0.00
8468,41516,50.00
8469,56245,0.00
8470,59314,0.00
8471,92046,0.00
8472,59488,0.00
8473,72227,0.00
8474,83480,50.00
8475,43921,0.00
8476,38509,100.00
8477,42971,50.00
8478,59921,0.00
8479,40783,100.00
8480,50268,50.00
8481,57802,0.00
8482,64918,0.00
8483,88136,0.00
8484,61178,50.00
8485,66560,0.00
8486,90766,0.00
8487,71970,0.00
8488,58291,0.00
8489,75056,0.00
8490,60069,50.00
8491,62426,0.00
8492,55559,0.00
8493,54195,0.00
8494,61105,0.00
8495,87114,0.00
8496,53946,0.00
8497,55794,0.00
8498,80294,100.00
8499,64198,50.00
8500,36965,100.00
8501,27607,0.00
8502,30134,50.00
8503,36908,100.00
8504,56200,0.00
8505,53464,50.00
8506,51654,0.00
8507,81578,0.00
8508,60445,0.00
8509,61293,0.00
8510,86269,0.00
8511,44997,100.00
8512,64535,50.00
8513,33285,0.00
8514,26262,100.00
8515,37304,50.00
8516,51722,0.00
8517,43252,100.00
8518,54179,0.00
8519,81053,0.00
8520,51428,0.00
8521,53775,0.00
8522,54624,0.00
8523,52805,50.00
8524,54341,0.00
8525,52300,0.00
8526,58936,0.00
8527,54676,0.00
8528,78268,0.00
8529,53834,50.00
8530,54576,0.00
8531,50002,0.00
8532,50614,0.00
8533,51574,0.00
8534,56149,0.00
8535,40630,50.00
8536,53516,100.00
8537,51068,0.00
8538,44768,50.00
8539,70481,0.00
8540,77972,0.00
8541,54827,0.00
8542,57488,0.00
8543,93811,0.00
8544,59004,50.00
8545,58983,0.00
8546,85078,0.00
8547,51715,50.00
8548,51053,0.00
8549,62725,100.00
8550,31903,50.00
8551,54082,0.00
8552,86129,0.00
8553,58598,0.00
8554,57630,0.00
8555,85312,0.00
8556,44846,100.00
8557,37959,50.00
8558,70855,0.00
8559,56435,100.00
8560,38704,50.00
8561,38553,0.00
8562,44978,100.00
8563,55121,0.00
8564,88829,0.00
8565,61207,0.00
8566,70288,0.00
8567,88240,0.00
8568,65585,66.67
8569,49959,0.00
8570,41339,50.00
8571,57725,50.00
8572,41578,0.00
8573,34583,50.00
8574,39388,50.00
8575,51655,0.00
8576,88950,0.00
8577,57398,0.00
8578,56265,0.00
8579,84617,0.00
8580,60809,0.00
8581,57173,0.00
8582,77979,0.00
8583,63602,0.00
8584,62809,0.00
8585,79865,0.00
8586,56155,50.00
8587,56178,0.00
8588,87139,0.00
8589,59378,50.00
8590,59568,0.00
8591,86849,0.00
8592,79193,0.00
8593,52641,100.00
8594,31739,0.00
8595,31303,50.00
8596,48716,100.00
8597,43424,0.00
8598,27418,50.00
8599,32867,100.00
8600,48171,0.00
8601,57529,0.00
8602,58586,0.00
8603,92936,0.00
8604,68438,33.33
8605,55599,100.00
8606,40046,50.00
8607,44959,0.00
8608,49940,100.00
8609,53989,50.00
8610,43580,0.00
8611,43946,100.00
8612,81861,0.00
8613,55965,33.33
8614,58051,0.00
8615,91532,0.00
8616,56637,0.00
8617,57710,0.00
8618,89277,0.00
8619,71557,0.00
8620,57104,0.00
8621,89359,0.00
8622,59147,0.00
8623,57247,0.00
8624,91460,0.00
8625,57788,33.33
8626,61833,0.00
8627,107097,0.00
8628,64461,0.00
8629,89717,0.00
8630,93246,100.00
8631,62682,50.00
8632,57538,0.00
8633,36250,100.00
8634,41076,50.00
8635,60634,0.00
8636,43069,100.00
8637,51328,0.00
8638,64081,0.00
8639,88745,0.00
8640,62882,50.00
8641,63170,0.00
8642,86124,50.00
8643,66424,0.00
8644,36249,50.00
8645,32184,50.00
8646,33649,0.00
8647,59718,50.00
8648,44561,50.00
8649,35143,0.00
8650,61950,0.00
8651,89664,0.00
8652,57223,0.00
8653,61559,0.00
8654,80295,0.00
8655,58210,50.00
8656,55054,0.00
8657,79120,0.00
8658,58330,50.00
8659,56088,0.00
8660,79137,0.00
8661,56675,0.00
8662,59831,0.00
8663,79819,0.00
8664,61220,50.00
8665,58309,0.00
8666,78812,0.00
8667,65642,0.00
8668,60952,50.00
8669,77201,0.00
8670,35947,50.00
8671,32725,50.00
8672,29768,0.00
8673,41361,50.00
8674,43633,50.00
8675,44253,0.00
8676,45421,0.00
8677,49419,0.00
8678,77465,0.00
8679,62775,0.00
8680,59880,0.00
8681,57997,50.00
8682,37547,100.00
8683,31083,50.00
8684,36928,0.00
8685,46618,100.00
8686,47869,0.00
8687,49265,0.00
8688,48497,0.00
8689,54464,0.00
8690,80402,0.00
8691,55223,33.33
8692,58773,0.00
8693,92253,50.00
8694,57606,0.00
8695,57010,0.00
8696,99696,0.00
8697,64355,0.00
8698,64059,0.00
8699,82403,0.00
8700,60045,33.33
8701,73257,0.00
8702,58795,100.00
8703,41915,0.00
8704,45426,50.00
8705,53247,100.00
8706,51855,0.00
8707,64108,0.00
8708,97743,0.00
8709,56382,0.00
8710,56137,0.00
8711,84075,0.00
8712,71420,50.00
8713,69374,0.00
8714,56200,50.00
8715,36234,50.00
8716,46399,0.00
8717,53050,50.00
8718,47790,0.00
8719,54444,0.00
8720,54017,0.00
8721,56135,50.00
8722,59137,0.00
8723,80431,0.00
8724,58305,0.00
8725,66849,50.00
8726,38673,0.00
8727,41493,50.00
8728,61156,50.00
8729,49363,0.00
8730,40539,50.00
8731,37824,50.00
8732,81660,0.00
8733,55240,0.00
8734,57806,0.00
8735,81365,0.00
8736,57225,0.00
8737,65175,50.00
8738,39119,0.00
8739,34192,100.00
8740,67860,50.00
8741,46753,0.00
8742,34569,100.00
8743,37958,50.00
8744,78634,0.00
8745,55401,0.00
8746,64268,0.00
8747,83758,0.00
8748,61778,50.00
8749,59785,0.00
8750,84539,0.00
8751,63795,0.00
8752,58931,0.00
8753,91889,0.00
8754,58616,0.00
8755,58800,0.00
8756,79744,0.00
8757,60469,50.00
8758,68440,0.00
8759,85019,0.00
8760,68740,0.00
8761,63022,50.00
8762,35469,100.00
8763,25802,0.00
8764,39015,50.00
8765,60001,100.00
8766,57939,50.00
8767,45328,0.00
8768,83854,50.00
8769,54546,0.00
8770,58903,0.00
8771,86969,0.00
8772,71790,50.00
8773,66577,0.00
8774,40419,100.00
8775,29594,50.00
8776,37176,0.00
8777,51722,100.00
8778,29956,50.00
8779,34768,0.00
8780,79347,0.00
8781,58230,50.00
8782,59314,0.00
8783,79177,0.00
8784,55455,0.00
8785,55001,0.00
8786,89777,0.00
8787,56969,50.00
8788,55073,0.00
8789,56208,0.00
8790,57464,0.00
8791,60959,0.00
8792,80963,0.00
8793,56665,0.00
8794,59635,0.00
8795,90109,0.00
8796,70278,0.00
8797,64645,50.00
8798,78219,0.00
8799,33750,66.67
8800,27915,50.00
8801,29348,0.00
8802,48792,50.00
8803,47693,50.00
8804,46710,0.00
8805,54538,0.00
8806,58116,0.00
8807,83173,0.00
8808,56959,0.00
8809,68008,50.00
8810,49765,0.00
8811,59449,100.00
8812,37785,50.00
8813,29022,0.00
8814,32106,100.00
8815,50748,50.00
8816,38071,0.00
8817,43244,50.00
8818,49982,0.00
8819,83171,0.00
8820,61626,0.00
8821,73334,0.00
8822,85887,0.00
8823,61046,33.33
8824,54542,0.00
8825,103527,0.00
8826,58690,0.00
8827,59019,0.00
8828,56182,0.00
8829,54530,0.00
8830,57068,0.00
8831,54011,0.00
8832,54624,33.33
8833,55316,0.00
8834,82812,0.00
8835,41213,50.00
8836,46182,100.00
8837,52250,0.00
8838,36951,50.00
8839,53321,0.00
8840,45610,0.00
8841,46642,0.00
8842,54301,0.00
8843,49639,0.00
8844,58674,0.00
8845,54204,0.00
8846,81558,0.00
8847,63299,0.00
8848,50988,50.00
8849,55094,50.00
8850,52592,0.00
8851,47390,50.00
8852,81598,0.00
8853,60285,0.00
8854,56277,0.00
8855,85860,0.00
8856,36234,66.67
8857,39152,50.00
8858,75541,0.00
8859,39080,50.00
8860,35625,50.00
8861,55867,100.00
8862,60199,0.00
8863,49946,50.00
8864,77410,0.00
8865,51052,0.00
8866,52544,0.00
8867,83261,0.00
8868,68923,50.00
8869,48994,0.00
8870,46397,100.00
8871,62599,50.00
8872,44624,0.00
8873,37736,100.00
8874,42120,50.00
8875,58393,0.00
8876,80910,0.00
8877,52664,0.00
8878,53703,0.00
8879,71852,0.00
8880,53382,50.00
8881,51940,0.00
8882,74021,0.00
8883,52361,0.00
8884,55634,0.00
8885,76367,0.00
8886,61444,50.00
8887,60709,0.00
8888,95603,0.00
8889,55416,0.00
8890,56231,0.00
8891,85332,0.00
8892,62472,0.00
8893,72934,50.00
8894,55898,0.00
8895,34684,50.00
8896,37578,100.00
8897,72679,0.00
8898,39156,66.67
8899,36844,100.00
8900,45558,0.00
8901,66387,50.00
8902,55481,0.00
8903,88282,0.00
8904,61227,0.00
8905,61412,0.00
8906,83113,0.00
8907,49415,100.00
8908,30374,50.00
8909,38753,50.00
8910,56013,0.00
8911,38016,50.00
8912,27913,50.00
8913,46066,0.00
8914,54051,0.00
8915,86980,0.00
8916,66930,0.00
8917,55967,0.00
8918,83964,0.00
8919,64139,0.00
8920,58911,0.00
8921,87962,0.00
8922,64002,50.00
8923,59822,0.00
8924,94719,0.00
8925,61797,0.00
8926,61272,0.00
8927,76641,0.00
8928,57845,50.00
8929,61076,0.00
8930,84899,0.00
8931,29340,66.67
8932,28634,50.00
8933,27947,0.00
8934,48632,50.00
8935,63181,50.00
8936,37183,0.00
8937,40743,50.00
8938,54097,0.00
8939,97972,0.00
8940,62159,0.00
8941,53951,0.00
8942,84527,0.00
8943,44705,50.00
8944,34829,100.00
8945,26570,0.00
8946,30910,50.00
8947,60807,100.00
8948,42583,0.00
8949,42723,0.00
8950,50969,0.00
8951,51051,0.00
8952,55105,50.00
8953,55993,0.00
8954,77228,0.00
8955,53047,0.00
8956,54212,0.00
8957,83431,0.00
8958,56745,50.00
8959,55466,0.00
8960,75443,0.00
8961,52163,0.00
8962,52318,0.00
8963,79074,0.00
8964,59770,50.00
8965,54347,0.00
8966,96534,0.00
8967,68311,0.00
8968,62722,100.00
8969,75472,0.00
8970,39640,50.00
8971,30960,100.00
8972,33875,0.00
8973,50607,50.00
8974,47370,50.00
8975,93061,0.00
8976,57476,50.00
8977,70176,0.00
8978,81843,0.00
8979,68082,0.00
8980,54873,50.00
8981,61508,100.00
8982,33682,50.00
8983,40576,50.00
8984,28473,0.00
8985,53128,50.00
8986,52300,0.00
8987,52693,0.00
8988,54387,0.00
8989,53530,0.00
8990,130868,0.00
8991,60485,0.00
8992,57048,0.00
8993,84543,0.00
8994,61105,33.33
8995,57305,0.00
8996,87228,0.00
8997,57163,33.33
8998,58771,0.00
8999,84049,0.00
9000,84937,0.00
