sample,work_ns,cpu_utilization
1,47018,100.00
2,21699,0.00
3,29804,100.00
4,28046,100.00
5,55049,100.00
6,58346,100.00
7,40308,100.00
8,40610,100.00
9,49931,0.00
10,54676,0.00
11,56339,0.00
12,70584,100.00
13,20481,0.00
14,19819,100.00
15,25925,0.00
16,26804,100.00
17,55637,100.00
18,55235,100.00
19,40657,0.00
20,31452,100.00
21,22521,100.00
22,25247,100.00
23,25170,0.00
24,54752,100.00
25,42206,100.00
26,45539,0.00
27,54580,0.00
28,51286,0.00
29,54700,0.00
30,50701,0.00
31,54426,0.00
32,60520,0.00
33,67848,100.00
34,22258,0.00
35,21261,100.00
36,22697,100.00
37,20777,100.00
38,23141,0.00
39,26513,100.00
40,57957,100.00
41,57007,100.00
42,34583,0.00
43,31544,100.00
44,39079,100.00
45,23151,50.00
46,48787,0.00
47,48172,0.00
48,47639,0.00
49,51573,0.00
50,55390,0.00
51,57492,0.00
52,68694,0.00
53,54987,100.00
54,35486,0.00
55,49582,0.00
56,38555,100.00
57,25576,100.00
58,21539,100.00
59,19514,0.00
60,21659,100.00
61,25020,100.00
62,34877,100.00
63,42798,0.00
64,44440,100.00
65,32030,100.00
66,40920,0.00
67,70129,0.00
68,62009,0.00
69,56589,0.00
70,60062,0.00
71,62889,0.00
72,63151,0.00
73,68237,100.00
74,29581,0.00
75,31128,100.00
76,26853,100.00
77,46948,100.00
78,51192,0.00
79,39786,100.00
80,29731,100.00
81,21228,100.00
82,19402,0.00
83,25887,100.00
84,18767,100.00
85,45492,0.00
86,46472,0.00
87,51952,0.00
88,57076,0.00
89,60362,0.00
90,67473,0.00
91,55804,100.00
92,63397,100.00
93,55630,100.00
94,35648,0.00
95,25344,100.00
96,27790,100.00
97,29021,100.00
98,24824,0.00
99,45383,100.00
100,50266,100.00
101,39546,100.00
102,45105,0.00
103,49794,0.00
104,54296,0.00
105,57293,0.00
106,52702,0.00
107,66129,0.00
108,70283,0.00
109,38319,100.00
110,19512,0.00
111,20981,100.00
112,25604,100.00
113,25694,100.00
114,58353,100.00
115,53756,100.00
116,36149,100.00
117,23823,100.00
118,23672,100.00
119,32355,100.00
120,33715,100.00
121,41856,0.00
122,49916,0.00
123,52824,0.00
124,54131,0.00
125,53208,0.00
126,50453,0.00
127,55951,0.00
128,73249,100.00
129,68399,100.00
130,22660,0.00
131,24683,100.00
132,26916,100.00
133,23890,100.00
134,22482,100.00
135,26029,100.00
136,49750,100.00
137,55352,100.00
138,41260,100.00
139,48961,100.00
140,23865,100.00
141,43721,100.00
142,55990,0.00
143,59284,0.00
144,64930,0.00
145,62997,0.00
146,56411,0.00
147,59429,0.00
148,73883,50.00
149,24670,0.00
150,25172,100.00
151,54197,100.00
152,59634,100.00
153,26657,100.00
154,24097,100.00
155,21236,100.00
156,19732,100.00
157,24040,100.00
158,26346,100.00
159,40419,100.00
160,56958,100.00
161,34902,100.00
162,40840,0.00
163,53780,0.00
164,56611,0.00
165,58557,0.00
166,66492,0.00
167,56740,0.00
168,57387,0.00
169,57707,100.00
170,28055,100.00
171,25161,100.00
172,31630,0.00
173,47885,100.00
174,30711,0.00
175,36669,100.00
176,38192,0.00
177,25692,100.00
178,38589,0.00
179,43958,0.00
180,51074,0.00
181,49610,0.00
182,52271,0.00
183,23869,100.00
184,19403,100.00
185,27983,100.00
186,22565,0.00
187,54974,100.00
188,50699,100.00
189,30944,100.00
190,23685,0.00
191,24819,100.00
192,27025,100.00
193,39042,100.00
194,41131,0.00
195,41230,50.00
196,59489,100.00
197,45286,0.00
198,44993,0.00
199,45896,0.00
200,54847,0.00
201,52517,0.00
202,49553,0.00
203,63677,0.00
204,34770,100.00
205,30405,100.00
206,24125,100.00
207,20467,100.00
208,26305,100.00
209,25506,100.00
210,49965,100.00
211,50434,100.00
212,53389,100.00
213,34001,100.00
214,22866,100.00
215,27334,100.00
216,26436,100.00
217,42661,0.00
218,44657,0.00
219,51226,0.00
220,48907,0.00
221,56691,0.00
222,61390,0.00
223,53327,0.00
224,65467,0.00
225,66627,100.00
226,26515,0.00
227,29107,0.00
228,24648,100.00
229,23001,100.00
230,19917,100.00
231,22168,0.00
232,26464,100.00
233,41286,100.00
234,49969,100.00
235,45107,0.00
236,56610,100.00
237,33004,100.00
238,49009,0.00
239,52280,0.00
240,47577,0.00
241,50311,0.00
242,53918,0.00
243,57827,0.00
244,64245,50.00
245,28566,100.00
246,27749,0.00
247,23885,100.00
248,56276,100.00
249,55046,100.00
250,42088,0.00
251,25284,100.00
252,22803,100.00
253,21827,100.00
254,19712,0.00
255,29608,100.00
256,36150,100.00
257,55011,100.00
258,56892,0.00
259,56752,0.00
260,62031,0.00
261,67725,0.00
262,58045,0.00
263,58078,0.00
264,58913,0.00
265,70265,100.00
266,23612,0.00
267,25448,100.00
268,25106,100.00
269,29332,100.00
270,24469,100.00
271,43171,100.00
272,54159,100.00
273,53485,100.00
274,31942,100.00
275,52624,0.00
276,54122,0.00
277,54521,0.00
278,45999,0.00
279,62962,50.00
280,24250,0.00
281,26038,100.00
282,24804,0.00
283,26272,100.00
284,26386,100.00
285,59461,100.00
286,51291,0.00
287,28783,100.00
288,25422,100.00
289,24252,100.00
290,23092,0.00
291,28597,100.00
292,37030,100.00
293,49857,0.00
294,59927,0.00
295,57716,0.00
296,50763,0.00
297,65008,0.00
298,56868,0.00
299,67144,50.00
300,55914,0.00
301,57653,100.00
302,26477,100.00
303,25246,100.00
304,22201,100.00
305,21444,100.00
306,21971,100.00
307,26064,100.00
308,31121,100.00
309,57420,100.00
310,48490,100.00
311,55068,100.00
312,27122,100.00
313,38428,100.00
314,69749,0.00
315,63672,0.00
316,59572,0.00
317,60797,0.00
318,60622,0.00
319,57534,0.00
320,61224,0.00
321,73897,100.00
322,25631,0.00
323,37587,0.00
324,58169,100.00
325,57113,100.00
326,24388,100.00
327,23708,0.00
328,21943,100.00
329,21120,100.00
330,22790,100.00
331,25896,0.00
332,59297,100.00
333,54553,100.00
334,25186,100.00
335,56204,0.00
336,59935,0.00
337,60185,0.00
338,61005,0.00
339,58730,0.00
340,53756,0.00
341,55418,0.00
342,68493,0.00
343,26586,100.00
344,24843,100.00
345,27653,100.00
346,25910,0.00
347,50884,100.00
348,51302,100.00
349,48784,100.00
350,23198,0.00
351,50550,0.00
352,63846,0.00
353,50153,0.00
354,52196,0.00
355,54880,0.00
356,64884,100.00
357,37315,100.00
358,19772,0.00
359,25584,0.00
360,26346,100.00
361,62452,100.00
362,54303,100.00
363,30317,0.00
364,23464,100.00
365,21678,100.00
366,25907,100.00
367,32087,0.00
368,44502,100.00
369,44306,100.00
370,45458,0.00
371,58587,0.00
372,61254,0.00
373,71587,0.00
374,59944,0.00
375,53964,0.00
376,56380,0.00
377,83432,100.00
378,23452,0.00
379,23730,100.00
380,24470,100.00
381,21422,100.00
382,19532,0.00
383,25074,100.00
384,24858,100.00
385,64288,100.00
386,55468,0.00
387,34912,100.00
388,24078,100.00
389,31506,100.00
390,26035,0.00
391,21244,100.00
392,54969,0.00
393,53366,0.00
394,53682,0.00
395,58472,0.00
396,59320,0.00
397,67022,0.00
398,60191,0.00
399,67485,0.00
400,71805,100.00
401,63324,100.00
402,20524,0.00
403,20570,100.00
404,22476,100.00
405,21237,100.00
406,19456,0.00
407,23607,100.00
408,26955,100.00
409,63248,100.00
410,56798,0.00
411,47984,100.00
412,29867,100.00
413,52381,100.00
414,58179,0.00
415,136288,0.00
416,183965,0.00
417,62653,0.00
418,58623,0.00
419,67803,0.00
420,57345,0.00
421,142338,100.00
422,35670,0.00
423,40929,0.00
424,63600,100.00
425,55702,100.00
426,57405,100.00
427,27542,0.00
428,26747,100.00
429,22511,100.00
430,20793,100.00
431,24106,0.00
432,37618,100.00
433,45283,100.00
434,52044,100.00
435,53235,0.00
436,58365,0.00
437,62757,0.00
438,56624,0.00
439,59466,0.00
440,76086,0.00
441,57683,0.00
442,66847,0.00
443,39550,100.00
444,31204,100.00
445,23492,100.00
446,27259,0.00
447,27907,100.00
448,51292,100.00
449,53267,100.00
450,56674,0.00
451,43615,100.00
452,58978,0.00
453,64027,0.00
454,56319,0.00
455,61350,0.00
456,71578,100.00
457,32408,100.00
458,56694,100.00
459,23071,0.00
460,27549,100.00
461,27211,100.00
462,52915,100.00
463,55198,0.00
464,28081,100.00
465,32316,100.00
466,22018,100.00
467,28268,0.00
468,37399,100.00
469,25057,100.00
470,52837,0.00
471,66713,0.00
472,62827,0.00
473,61533,0.00
474,58096,0.00
475,59870,0.00
476,63539,0.00
477,73867,100.00
478,32221,0.00
479,25208,100.00
480,23419,100.00
481,23073,100.00
482,20512,0.00
483,19167,100.00
484,25972,100.00
485,26592,100.00
486,61825,0.00
487,51871,100.00
488,38386,100.00
489,26462,100.00
490,21732,0.00
491,57049,0.00
492,173392,0.00
493,62905,0.00
494,63617,0.00
495,64094,0.00
496,140686,0.00
497,58945,0.00
498,71256,50.00
499,53918,0.00
500,32407,100.00
501,61095,100.00
502,55358,100.00
503,59256,0.00
504,26158,100.00
505,23935,100.00
506,23857,100.00
507,20942,0.00
508,33685,100.00
509,28367,100.00
510,53906,100.00
511,54541,0.00
512,34968,100.00
513,61991,100.00
514,55467,0.00
515,57689,0.00
516,60561,0.00
517,57689,0.00
518,58076,0.00
519,56429,0.00
520,61274,0.00
521,68805,66.67
522,23151,0.00
523,25975,0.00
524,28425,100.00
525,26335,100.00
526,62571,100.00
527,60871,0.00
528,25896,100.00
529,57972,100.00
530,52552,0.00
531,63002,0.00
532,66258,0.00
533,63364,0.00
534,56720,0.00
535,62783,100.00
536,69412,0.00
537,67786,0.00
538,70402,100.00
539,25430,0.00
540,28142,100.00
541,60969,100.00
542,55199,100.00
543,28399,100.00
544,29439,100.00
545,32704,100.00
546,23440,100.00
547,35261,100.00
548,23692,100.00
549,55992,100.00
550,53462,100.00
551,41904,100.00
552,65760,0.00
553,59965,0.00
554,58574,0.00
555,61667,0.00
556,73081,0.00
557,54903,0.00
558,55795,0.00
559,57106,0.00
560,69422,0.00
561,41411,100.00
562,18316,0.00
563,22489,100.00
564,34862,100.00
565,24307,100.00
566,41723,0.00
567,52737,100.00
568,44091,100.00
569,33327,100.00
570,22635,0.00
571,24154,100.00
572,41993,100.00
573,26065,100.00
574,55217,0.00
575,59253,0.00
576,55193,0.00
577,52694,0.00
578,54223,0.00
579,61093,0.00
580,71823,50.00
581,24248,0.00
582,59327,100.00
583,42863,100.00
584,23824,100.00
585,27096,100.00
586,24567,100.00
587,22001,100.00
588,26118,100.00
589,28424,100.00
590,57510,100.00
591,56889,100.00
592,48595,100.00
593,30986,100.00
594,23863,100.00
595,56731,0.00
596,59174,0.00
597,64765,0.00
598,61414,0.00
599,61628,0.00
600,65943,0.00
601,60291,0.00
602,70847,50.00
603,28415,0.00
604,28036,100.00
605,41266,100.00
606,44896,100.00
607,53014,100.00
608,22305,100.00
609,24869,100.00
610,20806,100.00
611,20098,100.00
612,24005,100.00
613,33225,100.00
614,50552,100.00
615,56129,100.00
616,53978,0.00
617,48775,0.00
618,49861,0.00
619,64210,0.00
620,55443,0.00
621,54571,0.00
622,52125,0.00
623,68475,100.00
624,44941,100.00
625,37438,100.00
626,21808,0.00
627,73298,0.00
628,44292,100.00
629,28040,100.00
630,56632,100.00
631,56772,0.00
632,27651,100.00
633,43506,50.00
634,51187,0.00
635,56935,0.00
636,61281,0.00
637,60325,0.00
638,58190,0.00
639,72755,100.00
640,28363,100.00
641,23061,100.00
642,24552,100.00
643,29100,100.00
644,61134,100.00
645,60066,100.00
646,25351,100.00
647,29658,100.00
648,30436,100.00
649,26527,100.00
650,32127,100.00
651,23282,100.00
652,53502,100.00
653,59115,0.00
654,60835,0.00
655,61497,0.00
656,60123,0.00
657,57406,0.00
658,60425,0.00
659,72949,0.00
660,68242,100.00
661,30346,100.00
662,22197,100.00
663,26709,0.00
664,23707,100.00
665,22366,100.00
666,23851,100.00
667,26065,0.00
668,67177,100.00
669,57496,100.00
670,37441,100.00
671,32635,0.00
672,21559,100.00
673,52129,100.00
674,59508,0.00
675,73470,0.00
676,67288,0.00
677,59654,0.00
678,65546,0.00
679,58175,0.00
680,73793,0.00
681,47015,100.00
682,20125,0.00
683,60221,100.00
684,61083,100.00
685,25364,100.00
686,22931,0.00
687,24483,100.00
688,18606,100.00
689,19278,100.00
690,33687,0.00
691,29380,100.00
692,68136,100.00
693,54832,100.00
694,37691,0.00
695,59021,0.00
696,277715,0.00
697,59980,50.00
698,62283,0.00
699,56870,0.00
700,63389,0.00
701,59572,0.00
702,69274,50.00
703,21649,0.00
704,24652,100.00
705,29008,100.00
706,46557,0.00
707,58973,100.00
708,64897,100.00
709,25357,100.00
710,20801,0.00
711,22141,100.00
712,20764,100.00
713,20093,100.00
714,52404,0.00
715,64966,0.00
716,58250,0.00
717,55064,0.00
718,56593,0.00
719,64975,0.00
720,71649,0.00
721,60073,100.00
722,35879,0.00
723,51754,100.00
724,30601,100.00
725,31236,100.00
726,22879,100.00
727,24535,100.00
728,27720,100.00
729,25663,100.00
730,55797,100.00
731,64000,100.00
732,38813,100.00
733,53542,0.00
734,54825,0.00
735,55362,0.00
736,57207,0.00
737,56006,0.00
738,55758,0.00
739,67110,0.00
740,45977,0.00
741,23463,100.00
742,19817,100.00
743,23446,100.00
744,25703,0.00
745,57909,100.00
746,56266,100.00
747,32544,100.00
748,25789,0.00
749,23428,100.00
750,24370,100.00
751,39845,100.00
752,33503,0.00
753,54391,0.00
754,54715,0.00
755,60039,0.00
756,63557,0.00
757,61663,0.00
758,53750,0.00
759,69415,50.00
760,61861,0.00
761,58556,100.00
762,27031,100.00
763,26281,0.00
764,24878,100.00
765,20713,100.00
766,18749,100.00
767,24215,0.00
768,24925,100.00
769,52945,100.00
770,45239,100.00
771,39226,0.00
772,28621,100.00
773,20768,100.00
774,36900,0.00
775,60800,0.00
776,53136,0.00
777,70301,0.00
778,51132,0.00
779,50737,0.00
780,55621,0.00
781,74042,50.00
782,27006,0.00
783,25143,100.00
784,63199,100.00
785,57180,100.00
786,25643,0.00
787,20982,100.00
788,22011,100.00
789,21034,100.00
790,20427,0.00
791,24553,100.00
792,34102,100.00
793,57750,100.00
794,49682,0.00
795,59357,0.00
796,56586,0.00
797,62424,0.00
798,61998,0.00
799,57265,0.00
800,70907,0.00
801,58155,0.00
802,67899,50.00
803,39828,100.00
804,26387,100.00
805,25045,100.00
806,25145,100.00
807,24717,100.00
808,54384,100.00
809,50126,100.00
810,23327,100.00
811,26224,100.00
812,51039,0.00
813,50149,0.00
814,50462,0.00
815,53222,0.00
816,77695,0.00
817,59784,100.00
818,20510,0.00
819,21963,100.00
820,87591,0.00
821,26145,100.00
822,35447,0.00
823,26806,100.00
824,63997,100.00
825,53286,100.00
826,30941,0.00
827,24571,100.00
828,22743,100.00
829,25260,100.00
830,23718,0.00
831,47904,100.00
832,47824,100.00
833,48239,100.00
834,53121,0.00
835,64454,0.00
836,59016,0.00
837,61746,0.00
838,53600,0.00
839,60479,0.00
840,155769,0.00
841,81174,50.00
842,22443,0.00
843,23724,100.00
844,24857,100.00
845,22419,100.00
846,21865,0.00
847,26037,100.00
848,27815,100.00
849,60498,100.00
850,46772,0.00
851,28589,100.00
852,32348,100.00
853,23730,100.00
854,27850,0.00
855,58670,0.00
856,49698,0.00
857,50434,0.00
858,46673,0.00
859,49597,0.00
860,54529,0.00
861,73443,50.00
862,23828,0.00
863,62785,100.00
864,61262,100.00
865,27472,100.00
866,20792,100.00
867,25001,100.00
868,21443,100.00
869,20010,100.00
870,24328,100.00
871,25004,100.00
872,66399,100.00
873,55283,100.00
874,27528,100.00
875,37503,100.00
876,44909,0.00
877,37249,0.00
878,47306,0.00
879,55041,0.00
880,51998,0.00
881,52512,0.00
882,67540,50.00
883,21392,0.00
884,25661,100.00
885,27784,100.00
886,24576,100.00
887,58759,100.00
888,60733,100.00
889,23662,100.00
890,22417,100.00
891,22407,100.00
892,20044,100.00
893,20439,100.00
894,29727,100.00
895,46703,0.00
896,61730,0.00
897,50245,0.00
898,48932,0.00
899,68248,0.00
900,64354,0.00
901,69337,100.00
902,33744,0.00
903,50629,0.00
904,35668,100.00
905,26104,100.00
906,22163,100.00
907,25558,0.00
908,25082,100.00
909,36734,100.00
910,37576,100.00
911,42275,0.00
912,40856,50.00
913,52144,0.00
914,62783,0.00
915,60170,0.00
916,59534,0.00
917,59791,0.00
918,69676,50.00
919,27338,0.00
920,26837,100.00
921,22694,100.00
922,25359,100.00
923,25887,100.00
924,51186,100.00
925,52108,100.00
926,28676,100.00
927,30158,100.00
928,22669,100.00
929,30114,100.00
930,25936,100.00
931,32475,100.00
932,50492,0.00
933,53570,0.00
934,61753,0.00
935,59407,0.00
936,57025,0.00
937,63250,0.00
938,71798,0.00
939,74089,50.00
940,68553,100.00
941,41028,100.00
942,27092,100.00
943,25381,100.00
944,23072,100.00
945,19961,100.00
946,25579,100.00
947,26485,100.00
948,61240,100.00
949,54433,100.00
950,28095,100.00
951,24828,100.00
952,25212,100.00
953,53602,0.00
954,59320,0.00
955,57983,0.00
956,62599,0.00
957,58503,0.00
958,75732,0.00
959,59465,0.00
960,69886,0.00
961,48315,100.00
962,22843,0.00
963,52992,100.00
964,59318,0.00
965,39848,100.00
966,25624,100.00
967,23441,100.00
968,21723,0.00
969,18958,100.00
970,22347,100.00
971,31067,100.00
972,55970,0.00
973,44540,100.00
974,22641,100.00
975,36798,0.00
976,40419,0.00
977,56186,0.00
978,54901,0.00
979,52120,0.00
980,50774,0.00
981,54061,0.00
982,63370,100.00
983,31640,0.00
984,29660,100.00
985,35162,100.00
986,27488,100.00
987,52739,0.00
988,55851,100.00
989,39571,100.00
990,25940,100.00
991,52286,0.00
992,56676,0.00
993,57046,0.00
994,62780,0.00
995,73633,0.00
996,28988,0.00
997,24054,100.00
998,38459,0.00
999,23592,100.00
1000,61983,100.00
1001,56688,100.00
1002,55303,0.00
1003,28886,100.00
1004,25419,100.00
1005,21586,100.00
1006,31191,0.00
1007,25340,100.00
1008,22477,100.00
1009,53288,100.00
1010,41525,0.00
1011,45910,0.00
1012,57507,0.00
1013,67663,0.00
1014,64908,0.00
1015,57096,0.00
1016,58313,0.00
1017,59071,0.00
1018,63163,50.00
1019,44174,100.00
1020,29441,100.00
1021,24550,100.00
1022,19910,100.00
1023,24360,100.00
1024,26781,100.00
1025,26611,100.00
1026,55237,100.00
1027,50648,100.00
1028,31477,100.00
1029,34877,100.00
1030,22158,100.00
1031,25106,100.00
1032,33450,100.00
1033,49313,0.00
1034,48917,0.00
1035,50068,0.00
1036,53604,0.00
1037,70941,0.00
1038,66149,0.00
1039,56033,0.00
1040,65346,0.00
1041,62032,100.00
1042,31110,0.00
1043,23289,100.00
1044,24991,100.00
1045,21782,100.00
1046,20180,100.00
1047,19392,100.00
1048,25617,100.00
1049,24772,100.00
1050,58053,100.00
1051,49373,100.00
1052,44144,100.00
1053,43068,100.00
1054,44074,0.00
1055,50553,0.00
1056,55984,0.00
1057,96405,0.00
1058,56655,0.00
1059,55840,0.00
1060,56398,0.00
1061,61679,100.00
1062,23364,0.00
1063,24630,100.00
1064,25591,100.00
1065,56400,100.00
1066,54728,0.00
1067,22948,100.00
1068,23491,100.00
1069,19543,100.00
1070,18645,0.00
1071,21478,100.00
1072,39989,100.00
1073,36348,100.00
1074,40578,0.00
1075,50122,0.00
1076,63728,0.00
1077,56107,0.00
1078,52521,0.00
1079,64124,0.00
1080,59164,0.00
1081,52426,0.00
1082,58214,50.00
1083,36111,100.00
1084,28642,100.00
1085,24045,100.00
1086,23783,100.00
1087,25783,100.00
1088,24470,100.00
1089,58203,100.00
1090,57736,100.00
1091,22880,100.00
1092,80369,0.00
1093,65059,0.00
1094,54036,0.00
1095,53737,0.00
1096,61270,0.00
1097,54559,66.67
1098,18699,0.00
1099,19315,0.00
1100,22434,100.00
1101,26110,100.00
1102,36763,100.00
1103,46733,0.00
1104,47834,100.00
1105,29553,100.00
1106,21796,100.00
1107,21622,0.00
1108,34684,100.00
1109,25487,100.00
1110,35355,0.00
1111,43612,0.00
1112,48167,0.00
1113,46053,0.00
1114,48193,0.00
1115,50230,0.00
1116,56681,0.00
1117,68495,50.00
1118,45221,0.00
1119,52017,100.00
1120,42840,100.00
1121,27193,100.00
1122,25843,0.00
1123,21403,100.00
1124,25199,100.00
1125,27096,100.00
1126,47758,0.00
1127,51082,100.00
1128,46519,100.00
1129,36557,100.00
1130,22221,0.00
1131,36077,100.00
1132,46652,0.00
1133,48312,0.00
1134,53824,0.00
1135,59941,0.00
1136,55422,0.00
1137,60443,0.00
1138,70382,50.00
1139,33151,0.00
1140,29468,0.00
1141,55445,100.00
1142,50053,100.00
1143,55685,100.00
1144,24590,0.00
1145,22482,100.00
1146,19572,100.00
1147,19037,100.00
1148,24901,0.00
1149,28922,100.00
1150,52273,100.00
1151,48886,100.00
1152,33237,0.00
1153,47291,0.00
1154,49844,0.00
1155,57367,0.00
1156,66900,0.00
1157,66338,0.00
1158,56485,0.00
1159,53544,0.00
1160,67848,0.00
1161,43701,100.00
1162,21838,0.00
1163,27967,100.00
1164,25402,0.00
1165,52308,100.00
1166,50255,100.00
1167,27500,100.00
1168,29269,0.00
1169,38031,50.00
1170,43832,0.00
1171,51312,0.00
1172,71575,0.00
1173,71166,0.00
1174,50790,100.00
1175,27395,100.00
1176,25118,100.00
1177,29438,100.00
1178,35599,0.00
1179,52802,100.00
1180,40331,100.00
1181,33849,100.00
1182,22575,100.00
1183,22723,100.00
1184,27563,100.00
1185,33236,100.00
1186,48119,100.00
1187,44212,100.00
1188,58752,0.00
1189,58853,0.00
1190,68131,0.00
1191,58182,0.00
1192,60886,0.00
1193,63316,0.00
1194,65825,0.00
1195,48489,100.00
1196,29817,0.00
1197,24431,100.00
1198,19449,100.00
1199,18228,100.00
1200,30981,0.00
1201,25755,100.00
1202,61677,100.00
1203,55060,100.00
1204,34924,0.00
1205,36072,100.00
1206,22044,100.00
1207,24520,100.00
1208,26307,0.00
1209,54627,50.00
1210,48887,0.00
1211,49858,0.00
1212,53512,0.00
1213,56463,0.00
1214,53206,0.00
1215,50206,0.00
1216,67274,0.00
1217,64922,100.00
1218,35575,0.00
1219,47015,100.00
1220,27011,100.00
1221,23811,100.00
1222,19780,100.00
1223,18561,100.00
1224,24821,100.00
1225,25618,100.00
1226,53087,100.00
1227,52078,100.00
1228,50602,100.00
1229,25927,100.00
1230,20046,50.00
1231,56735,0.00
1232,57883,0.00
1233,62464,0.00
1234,60020,0.00
1235,60338,0.00
1236,57999,0.00
1237,60591,0.00
1238,71771,100.00
1239,39987,0.00
1240,32612,100.00
1241,56910,100.00
1242,50903,100.00
1243,52723,0.00
1244,26497,100.00
1245,23198,100.00
1246,21613,100.00
1247,18825,0.00
1248,25016,100.00
1249,29617,100.00
1250,51516,100.00
1251,45748,0.00
1252,50674,0.00
1253,57739,0.00
1254,54969,0.00
1255,51864,0.00
1256,56916,0.00
1257,52038,0.00
1258,63617,50.00
1259,21799,0.00
1260,35710,100.00
1261,25497,100.00
1262,24062,0.00
1263,25914,100.00
1264,22738,100.00
1265,52874,100.00
1266,50061,0.00
1267,31511,100.00
1268,46165,100.00
1269,54514,0.00
1270,59555,0.00
1271,64104,0.00
1272,61166,0.00
1273,69775,66.67
1274,21801,0.00
1275,22096,0.00
1276,20646,100.00
1277,24822,100.00
1278,26099,100.00
1279,63764,0.00
1280,58821,100.00
1281,32843,100.00
1282,26394,100.00
1283,24901,0.00
1284,27477,100.00
1285,24981,100.00
1286,30071,100.00
1287,42155,0.00
1288,48632,0.00
1289,46551,0.00
1290,47072,0.00
1291,52609,0.00
1292,52467,0.00
1293,61611,0.00
1294,53199,100.00
1295,50599,100.00
1296,23954,100.00
1297,30602,100.00
1298,23942,100.00
1299,19657,100.00
1300,23967,100.00
1301,25713,100.00
1302,39673,100.00
1303,46895,100.00
1304,45898,100.00
1305,33035,100.00
1306,21377,100.00
1307,27416,100.00
1308,48911,0.00
1309,49950,0.00
1310,48642,0.00
1311,46914,0.00
1312,55829,0.00
1313,55679,0.00
1314,48224,0.00
1315,59428,100.00
1316,36428,100.00
1317,34503,100.00
1318,57749,100.00
1319,61384,100.00
1320,26366,100.00
1321,24761,100.00
1322,21394,100.00
1323,19726,100.00
1324,23541,100.00
1325,25392,100.00
1326,43389,100.00
1327,44682,100.00
1328,40429,100.00
1329,35451,100.00
1330,50859,0.00
1331,54731,0.00
1332,53097,0.00
1333,52303,0.00
1334,50310,0.00
1335,51187,0.00
1336,55370,0.00
1337,63598,50.00
1338,46722,0.00
1339,28923,100.00
1340,27351,100.00
1341,24392,100.00
1342,54940,0.00
1343,53307,100.00
1344,27226,100.00
1345,22079,100.00
1346,39742,0.00
1347,45211,0.00
1348,49786,0.00
1349,55622,0.00
1350,55752,0.00
1351,60653,0.00
1352,26846,100.00
1353,27344,100.00
1354,27104,100.00
1355,47696,0.00
1356,47387,100.00
1357,25843,100.00
1358,26846,100.00
1359,21902,0.00
1360,22814,100.00
1361,26347,100.00
1362,34736,100.00
1363,50092,0.00
1364,54082,100.00
1365,43256,100.00
1366,44033,0.00
1367,47313,0.00
1368,47552,0.00
1369,52254,0.00
1370,49659,0.00
1371,43493,0.00
1372,41018,0.00
1373,53798,100.00
1374,21770,0.00
1375,25151,0.00
1376,26411,100.00
1377,24827,100.00
1378,26231,100.00
1379,45057,0.00
1380,54445,100.00
1381,26624,100.00
1382,27863,100.00
1383,21304,0.00
1384,23291,100.00
1385,42103,100.00
1386,41129,100.00
1387,48448,0.00
1388,50570,0.00
1389,48797,0.00
1390,47608,0.00
1391,56655,0.00
1392,54876,0.00
1393,66320,0.00
1394,41962,0.00
1395,41117,100.00
1396,61248,100.00
1397,25001,100.00
1398,28201,0.00
1399,23046,100.00
1400,20228,100.00
1401,23118,100.00
1402,26451,0.00
1403,46575,100.00
1404,52458,100.00
1405,32967,100.00
1406,31207,0.00
1407,21536,100.00
1408,42974,50.00
1409,55857,0.00
1410,52049,0.00
1411,56520,0.00
1412,64464,0.00
1413,55597,0.00
1414,52384,0.00
1415,50321,0.00
1416,57166,100.00
1417,37296,100.00
1418,23605,0.00
1419,50928,100.00
1420,55677,100.00
1421,29883,100.00
1422,23681,100.00
1423,20677,100.00
1424,20849,100.00
1425,23879,100.00
1426,25985,100.00
1427,46193,100.00
1428,55982,100.00
1429,61944,100.00
1430,58779,0.00
1431,49117,0.00
1432,58904,0.00
1433,56434,0.00
1434,56100,0.00
1435,54072,0.00
1436,59529,0.00
1437,53634,100.00
1438,19606,0.00
1439,21521,100.00
1440,26810,100.00
1441,26544,100.00
1442,41431,100.00
1443,46212,100.00
1444,54901,100.00
1445,23674,100.00
1446,56061,0.00
1447,57420,0.00
1448,61837,0.00
1449,53831,0.00
1450,49303,0.00
1451,58039,100.00
1452,36556,100.00
1453,32199,100.00
1454,25740,100.00
1455,25577,100.00
1456,40220,100.00
1457,42448,100.00
1458,26117,100.00
1459,25333,100.00
1460,22663,100.00
1461,23252,100.00
1462,36753,100.00
1463,25724,100.00
1464,38738,50.00
1465,48352,0.00
1466,49411,0.00
1467,49165,0.00
1468,48223,0.00
1469,49939,0.00
1470,48860,0.00
1471,57356,0.00
1472,61114,100.00
1473,29049,100.00
1474,24418,0.00
1475,26338,100.00
1476,22995,100.00
1477,20423,100.00
1478,26239,0.00
1479,24619,100.00
1480,59639,100.00
1481,48956,100.00
1482,28068,0.00
1483,32654,100.00
1484,22454,100.00
1485,48945,50.00
1486,51297,0.00
1487,53572,0.00
1488,57138,0.00
1489,52787,0.00
1490,54794,0.00
1491,56816,0.00
1492,73956,0.00
1493,48914,100.00
1494,20527,0.00
1495,59264,100.00
1496,61811,100.00
1497,25287,100.00
1498,24696,100.00
1499,22054,100.00
1500,20244,100.00
1501,21511,100.00
1502,25863,100.00
1503,22260,100.00
1504,64279,100.00
1505,51274,100.00
1506,28671,100.00
1507,61445,0.00
1508,43555,0.00
1509,53842,0.00
1510,57688,0.00
1511,48963,0.00
1512,44613,0.00
1513,46504,0.00
1514,62747,50.00
1515,21439,0.00
1516,33139,100.00
1517,33312,100.00
1518,24953,100.00
1519,51704,100.00
1520,51340,100.00
1521,26780,100.00
1522,20351,100.00
1523,22099,100.00
1524,33493,100.00
1525,21131,100.00
1526,36820,0.00
1527,38047,0.00
1528,43515,0.00
1529,47116,0.00
1530,61094,0.00
1531,55942,0.00
1532,71310,0.00
1533,64418,100.00
1534,35551,0.00
1535,50831,100.00
1536,35005,0.00
1537,25486,100.00
1538,22358,100.00
1539,24884,100.00
1540,25305,0.00
1541,21669,100.00
1542,42460,100.00
1543,44110,100.00
1544,37496,0.00
1545,43507,50.00
1546,40376,0.00
1547,70063,0.00
1548,54423,0.00
1549,52662,0.00
1550,49390,0.00
1551,65487,100.00
1552,28695,0.00
1553,26608,100.00
1554,23680,100.00
1555,24197,100.00
1556,26022,100.00
1557,45856,100.00
1558,45950,100.00
1559,31030,100.00
1560,29659,100.00
1561,21027,100.00
1562,23169,100.00
1563,36513,100.00
1564,25018,100.00
1565,40735,0.00
1566,49824,0.00
1567,48374,0.00
1568,53279,0.00
1569,57515,0.00
1570,52677,0.00
1571,67778,0.00
1572,67527,0.00
1573,61734,100.00
1574,20464,0.00
1575,22875,100.00
1576,25344,0.00
1577,21340,100.00
1578,19686,100.00
1579,24830,100.00
1580,26676,0.00
1581,61394,100.00
1582,51038,100.00
1583,40184,100.00
1584,34268,0.00
1585,32328,100.00
1586,52513,0.00
1587,50992,0.00
1588,52315,0.00
1589,57081,0.00
1590,61145,0.00
1591,57263,0.00
1592,55485,0.00
1593,65382,50.00
1594,24279,0.00
1595,25800,100.00
1596,61640,100.00
1597,57639,100.00
1598,22702,100.00
1599,22569,100.00
1600,21344,100.00
1601,20430,100.00
1602,20588,100.00
1603,75750,0.00
1604,34608,0.00
1605,30488,100.00
1606,55100,100.00
1607,52550,0.00
1608,46744,100.00
1609,59412,0.00
1610,52612,0.00
1611,48164,0.00
1612,53701,0.00
1613,46225,0.00
1614,40812,0.00
1615,54104,0.00
1616,56343,50.00
1617,34721,100.00
1618,20167,0.00
1619,25853,100.00
1620,43705,100.00
1621,23918,100.00
1622,55746,100.00
1623,56329,100.00
1624,26369,100.00
1625,31792,0.00
1626,45872,0.00
1627,48831,0.00
1628,51456,0.00
1629,49131,0.00
1630,54921,0.00
1631,40156,100.00
1632,29639,100.00
1633,32991,100.00
1634,27298,0.00
1635,29138,100.00
1636,58245,100.00
1637,46537,100.00
1638,28511,0.00
1639,21407,100.00
1640,23209,100.00
1641,29206,100.00
1642,39771,0.00
1643,37352,100.00
1644,36469,100.00
1645,42226,100.00
1646,58905,0.00
1647,52805,0.00
1648,53737,0.00
1649,51801,0.00
1650,49984,0.00
1651,45841,0.00
1652,54550,50.00
1653,25893,0.00
1654,30222,100.00
1655,27556,100.00
1656,22345,100.00
1657,20764,100.00
1658,22663,100.00
1659,24076,100.00
1660,61629,100.00
1661,58902,100.00
1662,18274,0.00
1663,24554,100.00
1664,22577,100.00
1665,27549,100.00
1666,59680,0.00
1667,55303,0.00
1668,57756,0.00
1669,57806,0.00
1670,58122,0.00
1671,54596,0.00
1672,64154,0.00
1673,53779,100.00
1674,32909,0.00
1675,41961,100.00
1676,40324,100.00
1677,24174,100.00
1678,21826,100.00
1679,19962,100.00
1680,18253,100.00
1681,23458,100.00
1682,24235,100.00
1683,51497,100.00
1684,53854,100.00
1685,31009,100.00
1686,33341,0.00
1687,45416,0.00
1688,47119,0.00
1689,51427,0.00
1690,54252,0.00
1691,56374,0.00
1692,63114,0.00
1693,57832,0.00
1694,52850,100.00
1695,27236,100.00
1696,29964,100.00
1697,46614,100.00
1698,26146,0.00
1699,46763,100.00
1700,29409,100.00
1701,20416,100.00
1702,21085,100.00
1703,19286,100.00
1704,24610,100.00
1705,25687,100.00
1706,43012,0.00
1707,46778,0.00
1708,54904,0.00
1709,51999,0.00
1710,52258,0.00
1711,54235,0.00
1712,61668,0.00
1713,60957,100.00
1714,36253,0.00
1715,38019,0.00
1716,36793,100.00
1717,24769,100.00
1718,23854,100.00
1719,54861,0.00
1720,33065,100.00
1721,42910,100.00
1722,45753,100.00
1723,25805,0.00
1724,45727,100.00
1725,52661,0.00
1726,55016,0.00
1727,61613,0.00
1728,62082,0.00
1729,58594,0.00
1730,69028,50.00
1731,51095,100.00
1732,27420,100.00
1733,20903,100.00
1734,24668,100.00
1735,24890,100.00
1736,65015,100.00
1737,56678,100.00
1738,32844,100.00
1739,26830,100.00
1740,23750,100.00
1741,32167,100.00
1742,27867,100.00
1743,22578,100.00
1744,62199,0.00
1745,46890,0.00
1746,48436,0.00
1747,50212,0.00
1748,54348,0.00
1749,59401,0.00
1750,54350,0.00
1751,63124,100.00
1752,57435,0.00
1753,26840,100.00
1754,23226,100.00
1755,21479,100.00
1756,20364,0.00
1757,22010,100.00
1758,27173,100.00
1759,30129,100.00
1760,63344,0.00
1761,54371,100.00
1762,38578,100.00
1763,22475,100.00
1764,25685,0.00
1765,55582,0.00
1766,57629,0.00
1767,67403,0.00
1768,59042,0.00
1769,55398,0.00
1770,51373,0.00
1771,53203,0.00
1772,58552,100.00
1773,38183,100.00
1774,33771,0.00
1775,43143,100.00
1776,50886,100.00
1777,25159,100.00
1778,24253,100.00
1779,21843,100.00
1780,19948,100.00
1781,23312,100.00
1782,24824,100.00
1783,46835,100.00
1784,48490,100.00
1785,25619,100.00
1786,54736,0.00
1787,52279,0.00
1788,53701,0.00
1789,55453,0.00
1790,50669,0.00
1791,60633,0.00
1792,54418,0.00
1793,63789,100.00
1794,19343,0.00
1795,28070,100.00
1796,34697,100.00
1797,26186,100.00
1798,48991,100.00
1799,48517,100.00
1800,44348,100.00
1801,24374,100.00
1802,54270,0.00
1803,54724,0.00
1804,62946,0.00
1805,51023,0.00
1806,63620,50.00
1807,21368,0.00
1808,22103,100.00
1809,21772,100.00
1810,24600,100.00
1811,26067,100.00
1812,66456,100.00
1813,55624,100.00
1814,35396,100.00
1815,23213,100.00
1816,22003,100.00
1817,25749,100.00
1818,36984,100.00
1819,35962,100.00
1820,42595,100.00
1821,42945,50.00
1822,44596,0.00
1823,49632,0.00
1824,50174,0.00
1825,56689,0.00
1826,54758,0.00
1827,69672,0.00
1828,71393,50.00
1829,22645,0.00
1830,21139,100.00
1831,23261,100.00
1832,22774,100.00
1833,20001,100.00
1834,23183,100.00
1835,24277,100.00
1836,59205,100.00
1837,51207,100.00
1838,31561,100.00
1839,24026,100.00
1840,27710,100.00
1841,29766,100.00
1842,25070,100.00
1843,51261,0.00
1844,57508,0.00
1845,58007,0.00
1846,55558,0.00
1847,57226,0.00
1848,56285,0.00
1849,51403,0.00
1850,59067,0.00
1851,52650,100.00
1852,53576,100.00
1853,38384,100.00
1854,24683,0.00
1855,21990,100.00
1856,23636,100.00
1857,20211,100.00
1858,24022,0.00
1859,26336,100.00
1860,54140,100.00
1861,44790,100.00
1862,38542,0.00
1863,24272,100.00
1864,36328,0.00
1865,41980,0.00
1866,42374,0.00
1867,44485,0.00
1868,51755,0.00
1869,48703,0.00
1870,46782,0.00
1871,60982,100.00
1872,38801,100.00
1873,35261,100.00
1874,26285,100.00
1875,60482,100.00
1876,61701,100.00
1877,28303,100.00
1878,24027,100.00
1879,22666,100.00
1880,20510,100.00
1881,19417,100.00
1882,29674,100.00
1883,29256,100.00
1884,64385,100.00
1885,53636,50.00
1886,39347,0.00
1887,49695,0.00
1888,48836,0.00
1889,51612,0.00
1890,50107,0.00
1891,50036,0.00
1892,72172,0.00
1893,48266,100.00
1894,24623,0.00
1895,21867,100.00
1896,24307,100.00
1897,26376,100.00
1898,23630,100.00
1899,54386,100.00
1900,56123,100.00
1901,22675,100.00
1902,49828,0.00
1903,56762,0.00
1904,47710,0.00
1905,47469,0.00
1906,47541,0.00
1907,61666,100.00
1908,28217,100.00
1909,21345,100.00
1910,23130,100.00
1911,26755,100.00
1912,40658,100.00
1913,48713,100.00
1914,38632,100.00
1915,31314,100.00
1916,22669,100.00
1917,23279,100.00
1918,39431,100.00
1919,24865,100.00
1920,50277,0.00
1921,50859,0.00
1922,56901,0.00
1923,76498,0.00
1924,60350,0.00
1925,62879,0.00
1926,60099,0.00
1927,65269,100.00
1928,63192,100.00
1929,30408,100.00
1930,24450,0.00
1931,24635,100.00
1932,22751,100.00
1933,19524,100.00
1934,26112,0.00
1935,24979,100.00
1936,67403,100.00
1937,54235,100.00
1938,43843,0.00
1939,23955,100.00
1940,19684,100.00
1941,58258,0.00
1942,52786,0.00
1943,60802,0.00
1944,60103,0.00
1945,57419,0.00
1946,62906,0.00
1947,59170,0.00
1948,69031,0.00
1949,40389,100.00
1950,22922,0.00
1951,58214,100.00
1952,57629,0.00
1953,26912,100.00
1954,24738,100.00
1955,21716,100.00
1956,20548,0.00
1957,23430,100.00
1958,26653,100.00
1959,51430,100.00
1960,63442,0.00
1961,38662,100.00
1962,53239,0.00
1963,53090,0.00
1964,59688,0.00
1965,59463,0.00
1966,59310,0.00
1967,57251,0.00
1968,62194,0.00
1969,75029,66.67
1970,25396,0.00
1971,22738,0.00
1972,28023,100.00
1973,25984,100.00
1974,27424,100.00
1975,55884,0.00
1976,56429,100.00
1977,26864,100.00
1978,33098,100.00
1979,47275,0.00
1980,64196,0.00
1981,58176,0.00
1982,64611,0.00
1983,69848,0.00
1984,43720,0.00
1985,25826,100.00
1986,26417,100.00
1987,26708,100.00
1988,53103,0.00
1989,58394,100.00
1990,41918,100.00
1991,33142,100.00
1992,24180,0.00
1993,24558,100.00
1994,27155,100.00
1995,34105,100.00
1996,52313,0.00
1997,47975,100.00
1998,53122,0.00
1999,54183,0.00
2000,87884,0.00
2001,65192,0.00
2002,58422,0.00
2003,64720,0.00
2004,63969,0.00
2005,77479,66.67
2006,23618,0.00
2007,20165,0.00
2008,25761,100.00
2009,21817,100.00
2010,18488,100.00
2011,22992,0.00
2012,26946,100.00
2013,65253,100.00
2014,58010,100.00
2015,33495,0.00
2016,32632,100.00
2017,25504,100.00
2018,25810,100.00
2019,24686,0.00
2020,63257,0.00
2021,62038,0.00
2022,66701,0.00
2023,56971,0.00
2024,57716,0.00
2025,59228,0.00
2026,60755,0.00
2027,66952,0.00
2028,68278,100.00
2029,58952,100.00
2030,41322,100.00
2031,22285,0.00
2032,24615,100.00
2033,21413,100.00
2034,18156,100.00
2035,24472,0.00
2036,26215,100.00
2037,59270,100.00
2038,56731,100.00
2039,40405,0.00
2040,28602,100.00
2041,23946,50.00
2042,52984,0.00
2043,50518,0.00
2044,56805,0.00
2045,55965,0.00
2046,52344,0.00
2047,55673,0.00
2048,53617,0.00
2049,67909,100.00
2050,24833,0.00
2051,26099,0.00
2052,57420,100.00
2053,60941,100.00
2054,55340,0.00
2055,25122,100.00
2056,23198,100.00
2057,18929,100.00
2058,19169,0.00
2059,22451,100.00
2060,31477,100.00
2061,49942,100.00
2062,38208,0.00
2063,50810,0.00
2064,49717,0.00
2065,52354,0.00
2066,50599,0.00
2067,47880,0.00
2068,59904,0.00
2069,48093,0.00
2070,51612,100.00
2071,36848,100.00
2072,27840,100.00
2073,25382,100.00
2074,25432,100.00
2075,24737,100.00
2076,54676,100.00
2077,54441,100.00
2078,27390,100.00
2079,47208,100.00
2080,61505,0.00
2081,60149,0.00
2082,62639,0.00
2083,60286,0.00
2084,79196,0.00
2085,47461,100.00
2086,20891,0.00
2087,20926,100.00
2088,24487,100.00
2089,25144,100.00
2090,61189,0.00
2091,58098,100.00
2092,34565,100.00
2093,25300,100.00
2094,22711,0.00
2095,23736,100.00
2096,47380,100.00
2097,24922,100.00
2098,57757,0.00
2099,57716,0.00
2100,59259,0.00
2101,59249,0.00
2102,64495,0.00
2103,56191,0.00
2104,71945,66.67
2105,23902,0.00
2106,52930,100.00
2107,24207,0.00
2108,22807,100.00
2109,20755,100.00
2110,19188,100.00
2111,22426,0.00
2112,25672,100.00
2113,35605,100.00
2114,46080,100.00
2115,52117,0.00
2116,32030,100.00
2117,22319,100.00
2118,20354,100.00
2119,48132,0.00
2120,60876,0.00
2121,61519,0.00
2122,54281,0.00
2123,60701,0.00
2124,58418,0.00
2125,56431,0.00
2126,59457,0.00
2127,32787,100.00
2128,43348,100.00
2129,50471,100.00
2130,54332,0.00
2131,25697,100.00
2132,24011,100.00
2133,22453,100.00
2134,21165,0.00
2135,24410,100.00
2136,26202,100.00
2137,51241,100.00
2138,52974,0.00
2139,36227,100.00
2140,55108,100.00
2141,52164,0.00
2142,57307,0.00
2143,56146,0.00
2144,71433,0.00
2145,63882,0.00
2146,58614,0.00
2147,70929,0.00
2148,65756,0.00
2149,30645,100.00
2150,20517,0.00
2151,27198,100.00
2152,23321,100.00
2153,61217,100.00
2154,58516,0.00
2155,29456,100.00
2156,25333,100.00
2157,47804,100.00
2158,50112,0.00
2159,51813,0.00
2160,57428,0.00
2161,54983,0.00
2162,66139,50.00
2163,32317,0.00
2164,44105,100.00
2165,26734,100.00
2166,37414,100.00
2167,52594,0.00
2168,46491,100.00
2169,32511,100.00
2170,21319,100.00
2171,23160,0.00
2172,39073,100.00
2173,29673,100.00
2174,37282,100.00
2175,37820,0.00
2176,33021,100.00
2177,44048,0.00
2178,51204,0.00
2179,45589,0.00
2180,46063,0.00
2181,45759,0.00
2182,47989,0.00
2183,50145,0.00
2184,55901,0.00
2185,36428,100.00
2186,20325,0.00
2187,22237,0.00
2188,20829,100.00
2189,25534,100.00
2190,25691,100.00
2191,52214,0.00
2192,55415,100.00
2193,30926,100.00
2194,24856,100.00
2195,22230,0.00
2196,40591,100.00
2197,28488,100.00
2198,44373,0.00
2199,46595,0.00
2200,49530,0.00
2201,46528,0.00
2202,48592,0.00
2203,48075,0.00
2204,46587,0.00
2205,60431,50.00
2206,43717,0.00
2207,51096,100.00
2208,26893,100.00
2209,23978,100.00
2210,23702,0.00
2211,21299,100.00
2212,20338,100.00
2213,24062,100.00
2214,26222,0.00
2215,46330,100.00
2216,51699,100.00
2217,32255,100.00
2218,25312,0.00
2219,22065,100.00
2220,51321,100.00
2221,49315,0.00
2222,53407,0.00
2223,51197,0.00
2224,54814,0.00
2225,44652,0.00
2226,41669,0.00
2227,62570,0.00
2228,38228,0.00
2229,32350,100.00
2230,39356,100.00
2231,40809,100.00
2232,44591,0.00
2233,22706,100.00
2234,23791,100.00
2235,19838,100.00
2236,19945,0.00
2237,24205,100.00
2238,24039,100.00
2239,47185,100.00
2240,48825,0.00
2241,50842,50.00
2242,58338,0.00
2243,64835,0.00
2244,69367,0.00
2245,52253,0.00
2246,52985,0.00
2247,55079,0.00
2248,71790,100.00
2249,49015,100.00
2250,20257,0.00
2251,23217,100.00
2252,27227,100.00
2253,26048,100.00
2254,53513,0.00
2255,50208,100.00
2256,28248,100.00
2257,29245,100.00
2258,38433,0.00
2259,49848,0.00
2260,47943,0.00
2261,49423,0.00
2262,68936,50.00
2263,22748,0.00
2264,25230,0.00
2265,22422,100.00
2266,25310,100.00
2267,26948,100.00
2268,65215,0.00
2269,57729,100.00
2270,25627,100.00
2271,26142,100.00
2272,22177,0.00
2273,24498,100.00
2274,61067,0.00
2275,46734,100.00
2276,48655,50.00
2277,55510,0.00
2278,59701,0.00
2279,51883,0.00
2280,55545,0.00
2281,50608,0.00
2282,46189,0.00
2283,60252,100.00
2284,41975,0.00
2285,45880,100.00
2286,29914,100.00
2287,33622,100.00
2288,26371,100.00
2289,21675,100.00
2290,23173,100.00
2291,24526,100.00
2292,45897,100.00
2293,49058,100.00
2294,26286,100.00
2295,34941,100.00
2296,38597,100.00
2297,25312,50.00
2298,44742,0.00
2299,50025,0.00
2300,54563,0.00
2301,57677,0.00
2302,46677,0.00
2303,49790,0.00
2304,67909,50.00
2305,24529,0.00
2306,26404,100.00
2307,46796,0.00
2308,50856,100.00
2309,55389,100.00
2310,24727,100.00
2311,23705,0.00
2312,19747,100.00
2313,20232,100.00
2314,22665,100.00
2315,26651,0.00
2316,57660,100.00
2317,54569,100.00
2318,26397,100.00
2319,44697,0.00
2320,55052,0.00
2321,54681,0.00
2322,52228,0.00
2323,59848,0.00
2324,61074,0.00
2325,60542,0.00
2326,56469,0.00
2327,61681,100.00
2328,41167,100.00
2329,30879,100.00
2330,27093,100.00
2331,24300,100.00
2332,60067,100.00
2333,58824,100.00
2334,22818,100.00
2335,23302,100.00
2336,25122,100.00
2337,21045,100.00
2338,22661,100.00
2339,58541,0.00
2340,57775,0.00
2341,57896,0.00
2342,59414,0.00
2343,56596,0.00
2344,71845,66.67
2345,27290,0.00
2346,24948,0.00
2347,61679,100.00
2348,56474,100.00
2349,31165,100.00
2350,23099,0.00
2351,20797,100.00
2352,28040,100.00
2353,24628,100.00
2354,37799,0.00
2355,48620,100.00
2356,56498,100.00
2357,37741,50.00
2358,47744,0.00
2359,53721,0.00
2360,64241,0.00
2361,61690,0.00
2362,63565,0.00
2363,63964,0.00
2364,70469,0.00
2365,38232,100.00
2366,19058,0.00
2367,20875,100.00
2368,25239,100.00
2369,27840,100.00
2370,65341,100.00
2371,59544,100.00
2372,50369,100.00
2373,27182,100.00
2374,21105,100.00
2375,24991,100.00
2376,44762,100.00
2377,48932,100.00
2378,47622,0.00
2379,60153,0.00
2380,55763,0.00
2381,52663,0.00
2382,58246,0.00
2383,53014,0.00
2384,65205,0.00
2385,65944,100.00
2386,21171,0.00
2387,24779,100.00
2388,24973,100.00
2389,24255,100.00
2390,22500,100.00
2391,22923,100.00
2392,26176,100.00
2393,37679,100.00
2394,57360,100.00
2395,55580,100.00
2396,34929,100.00
2397,37233,100.00
2398,21491,100.00
2399,53783,0.00
2400,59518,0.00
2401,59675,0.00
2402,45824,0.00
2403,55945,0.00
2404,55962,0.00
2405,57997,0.00
2406,62960,0.00
2407,52784,100.00
2408,34887,100.00
2409,54003,100.00
2410,54792,0.00
2411,34989,100.00
2412,22274,100.00
2413,21878,100.00
2414,19926,0.00
2415,18824,100.00
2416,22620,100.00
2417,36338,100.00
2418,48405,0.00
2419,47326,100.00
2420,55810,0.00
2421,54830,0.00
2422,53913,0.00
2423,54003,0.00
2424,56930,0.00
2425,55222,0.00
2426,48062,0.00
2427,52968,100.00
2428,41394,100.00
2429,24387,100.00
2430,24040,100.00
2431,26449,100.00
2432,24090,100.00
2433,43761,100.00
2434,44506,100.00
2435,23935,100.00
2436,19924,100.00
2437,55235,0.00
2438,48211,0.00
2439,53184,0.00
2440,53477,0.00
2441,59138,0.00
2442,39129,100.00
2443,27026,0.00
2444,24961,100.00
2445,31490,100.00
2446,22123,0.00
2447,50569,0.00
2448,49232,100.00
2449,28659,100.00
2450,24161,100.00
2451,21538,0.00
2452,29171,100.00
2453,27550,100.00
2454,23240,100.00
2455,52517,0.00
2456,52438,50.00
2457,42028,0.00
2458,56524,0.00
2459,53360,0.00
2460,53353,0.00
2461,51470,0.00
2462,47219,0.00
2463,48661,0.00
2464,48026,100.00
2465,31945,100.00
2466,19355,0.00
2467,20591,100.00
2468,19742,100.00
2469,24184,100.00
2470,24363,0.00
2471,45742,100.00
2472,51957,100.00
2473,31666,100.00
2474,23674,0.00
2475,33239,100.00
2476,24520,100.00
2477,51521,0.00
2478,51967,0.00
2479,55474,0.00
2480,61581,0.00
2481,53364,0.00
2482,53823,0.00
2483,67583,50.00
2484,28600,0.00
2485,25429,100.00
2486,58418,100.00
2487,60372,0.00
2488,29747,100.00
2489,23929,100.00
2490,22363,100.00
2491,21338,0.00
2492,24214,100.00
2493,25895,100.00
2494,24943,100.00
2495,63401,0.00
2496,57565,100.00
2497,36406,100.00
2498,54129,0.00
2499,61733,0.00
2500,64221,0.00
2501,59358,0.00
2502,55367,0.00
2503,58836,0.00
2504,63322,0.00
2505,67005,100.00
2506,21434,0.00
2507,26481,0.00
2508,27892,100.00
2509,22201,100.00
2510,57982,100.00
2511,57840,0.00
2512,26549,100.00
2513,24417,100.00
2514,20587,100.00
2515,19141,0.00
2516,19856,100.00
2517,44171,100.00
2518,54643,0.00
2519,56844,0.00
2520,55943,0.00
2521,57742,0.00
2522,54353,0.00
2523,53818,0.00
2524,65574,0.00
2525,68011,100.00
2526,25786,0.00
2527,25848,100.00
2528,27216,100.00
2529,23899,100.00
2530,24246,100.00
2531,25813,100.00
2532,24784,100.00
2533,54289,100.00
2534,53754,100.00
2535,45322,100.00
2536,52681,0.00
2537,59407,0.00
2538,58075,0.00
2539,61066,0.00
2540,62344,0.00
2541,50297,0.00
2542,70971,50.00
2543,35829,100.00
2544,24910,0.00
2545,20202,100.00
2546,25635,100.00
2547,25268,100.00
2548,66513,0.00
2549,62677,100.00
2550,34054,100.00
2551,24886,100.00
2552,22155,0.00
2553,37350,100.00
2554,26979,100.00
2555,41471,100.00
2556,60005,0.00
2557,59421,0.00
2558,54509,0.00
2559,60227,0.00
2560,66147,0.00
2561,58720,0.00
2562,81534,0.00
2563,48344,0.00
2564,61632,100.00
2565,30041,100.00
2566,23528,100.00
2567,23148,0.00
2568,22315,100.00
2569,23807,100.00
2570,25308,100.00
2571,23791,0.00
2572,58818,100.00
2573,48417,100.00
2574,41584,100.00
2575,25672,0.00
2576,23196,100.00
2577,49706,0.00
2578,52592,0.00
2579,66541,0.00
2580,70596,0.00
2581,56106,0.00
2582,53332,0.00
2583,53765,0.00
2584,59719,0.00
2585,42643,100.00
2586,21723,0.00
2587,52573,0.00
2588,52978,100.00
2589,23835,100.00
2590,24107,100.00
2591,22522,0.00
2592,21612,100.00
2593,19726,100.00
2594,30070,100.00
2595,26597,0.00
2596,63589,100.00
2597,50677,100.00
2598,44733,0.00
2599,55751,0.00
2600,53398,0.00
2601,48316,0.00
2602,60615,0.00
2603,55130,0.00
2604,53801,0.00
2605,52491,0.00
2606,72258,100.00
2607,23697,0.00
2608,28554,100.00
2609,33174,100.00
2610,20888,0.00
2611,46667,0.00
2612,53595,100.00
2613,26908,100.00
2614,21030,100.00
2615,52523,0.00
2616,62736,0.00
2617,57067,0.00
2618,52408,0.00
2619,63221,0.00
2620,47859,0.00
2621,23016,100.00
2622,25956,100.00
2623,24487,100.00
2624,38646,0.00
2625,47215,100.00
2626,41525,100.00
2627,28975,100.00
2628,22125,0.00
2629,23352,100.00
2630,29387,100.00
2631,28960,100.00
2632,40424,0.00
2633,39754,100.00
2634,46193,0.00
2635,59905,0.00
2636,54484,0.00
2637,49893,0.00
2638,54064,0.00
2639,53851,0.00
2640,59922,0.00
2641,71013,50.00
2642,34167,100.00
2643,24482,0.00
2644,25698,100.00
2645,24914,100.00
2646,17202,0.00
2647,24318,0.00
2648,25150,100.00
2649,62117,100.00
2650,53780,100.00
2651,30622,0.00
2652,28714,100.00
2653,22521,100.00
2654,24462,100.00
2655,22617,0.00
2656,43901,0.00
2657,47641,0.00
2658,76550,0.00
2659,57411,0.00
2660,59880,0.00
2661,57550,0.00
2662,51117,0.00
2663,62207,100.00
2664,59994,100.00
2665,54240,100.00
2666,29030,100.00
2667,24084,100.00
2668,24752,100.00
2669,22923,100.00
2670,18962,100.00
2671,22835,100.00
2672,25212,100.00
2673,53911,100.00
2674,56361,100.00
2675,44147,100.00
2676,27173,100.00
2677,53875,0.00
2678,56224,0.00
2679,63101,0.00
2680,59143,0.00
2681,58869,0.00
2682,58034,0.00
2683,52567,0.00
2684,61648,0.00
2685,42330,100.00
2686,23555,0.00
2687,23025,100.00
2688,53918,0.00
2689,51759,100.00
2690,24044,100.00
2691,22573,100.00
2692,22505,0.00
2693,20658,100.00
2694,23440,100.00
2695,38588,100.00
2696,24118,0.00
2697,63090,100.00
2698,60684,0.00
2699,56209,0.00
2700,68689,0.00
2701,56486,0.00
2702,53472,0.00
2703,58291,0.00
2704,59427,0.00
2705,66881,50.00
2706,35961,100.00
2707,31635,0.00
2708,23302,100.00
2709,25094,100.00
2710,27191,100.00
2711,23058,0.00
2712,59703,100.00
2713,50088,100.00
2714,21252,100.00
2715,49210,0.00
2716,53098,0.00
2717,57872,0.00
2718,68898,0.00
2719,69045,0.00
2720,39981,0.00
2721,30702,100.00
2722,21891,100.00
2723,31750,100.00
2724,25361,0.00
2725,46967,100.00
2726,48238,100.00
2727,38892,100.00
2728,34503,0.00
2729,24511,100.00
2730,27106,100.00
2731,31765,100.00
2732,27504,0.00
2733,49523,100.00
2734,64357,0.00
2735,57607,0.00
2736,69034,0.00
2737,57699,0.00
2738,63242,0.00
2739,60828,0.00
2740,78963,50.00
2741,67739,100.00
2742,21798,0.00
2743,20216,100.00
2744,23732,100.00
2745,20951,100.00
2746,20465,100.00
2747,23520,100.00
2748,25491,100.00
2749,59446,100.00
2750,55838,100.00
2751,32911,100.00
2752,45701,100.00
2753,22493,100.00
2754,53460,0.00
2755,54300,0.00
2756,57260,0.00
2757,52601,0.00
2758,50425,0.00
2759,54318,0.00
2760,55655,0.00
2761,66473,66.67
2762,25732,0.00
2763,28729,100.00
2764,57023,0.00
2765,54055,100.00
2766,38727,100.00
2767,21694,100.00
2768,21005,0.00
2769,20941,100.00
2770,19077,100.00
2771,23172,100.00
2772,29573,0.00
2773,55517,100.00
2774,49094,100.00
2775,24909,100.00
2776,66669,0.00
2777,55314,0.00
2778,54045,0.00
2779,58378,0.00
2780,59614,0.00
2781,62084,0.00
2782,58363,0.00
2783,69010,0.00
2784,28135,100.00
2785,26569,100.00
2786,28482,100.00
2787,25068,0.00
2788,58742,100.00
2789,53007,100.00
2790,35943,100.00
2791,23363,0.00
2792,41756,50.00
2793,56527,0.00
2794,54394,0.00
2795,60694,0.00
2796,58404,0.00
2797,70585,100.00
2798,21330,0.00
2799,21010,100.00
2800,27751,0.00
2801,26611,100.00
2802,66071,100.00
2803,56800,100.00
2804,31985,0.00
2805,27366,100.00
2806,21014,100.00
2807,23796,100.00
2808,33611,0.00
2809,26869,100.00
2810,49255,100.00
2811,43106,50.00
2812,55122,0.00
2813,58605,0.00
2814,61469,0.00
2815,63125,0.00
2816,61861,0.00
2817,60360,0.00
2818,58426,0.00
2819,67300,0.00
2820,42784,100.00
2821,32746,100.00
2822,17064,0.00
2823,19326,0.00
2824,23893,100.00
2825,25457,100.00
2826,56167,100.00
2827,51484,0.00
2828,26091,100.00
2829,27570,100.00
2830,33046,100.00
2831,23418,0.00
2832,25148,100.00
2833,47153,100.00
2834,52584,0.00
2835,52183,0.00
2836,57843,0.00
2837,57023,0.00
2838,58883,0.00
2839,58204,0.00
2840,75973,66.67
2841,33028,0.00
2842,60914,0.00
2843,60154,100.00
2844,24850,100.00
2845,26462,100.00
2846,23269,0.00
2847,22120,100.00
2848,25290,100.00
2849,26811,100.00
2850,43331,0.00
2851,58087,100.00
2852,46650,100.00
2853,35617,100.00
2854,25845,0.00
2855,54848,0.00
2856,61468,0.00
2857,55766,0.00
2858,55215,0.00
2859,64827,0.00
2860,61124,0.00
2861,59392,0.00
2862,53641,50.00
2863,41641,100.00
2864,36900,100.00
2865,37962,100.00
2866,47944,100.00
2867,26658,100.00
2868,66348,0.00
2869,40260,100.00
2870,28500,100.00
2871,29433,0.00
2872,28679,100.00
2873,60817,100.00
2874,59263,0.00
2875,57349,0.00
2876,58073,0.00
2877,52746,0.00
2878,52104,0.00
2879,57809,0.00
2880,69753,66.67
2881,23273,0.00
2882,32719,100.00
2883,24182,0.00
2884,25705,100.00
2885,28592,100.00
2886,25229,100.00
2887,65114,0.00
2888,62364,100.00
2889,25327,100.00
2890,50272,0.00
2891,48336,0.00
2892,57883,0.00
2893,57589,0.00
2894,59856,0.00
2895,67247,50.00
2896,37436,0.00
2897,24267,100.00
2898,23602,100.00
2899,26190,100.00
2900,35781,0.00
2901,62487,100.00
2902,51940,100.00
2903,34744,100.00
2904,23098,0.00
2905,29612,100.00
2906,30823,100.00
2907,27149,100.00
2908,52738,0.00
2909,60285,0.00
2910,56550,0.00
2911,57329,0.00
2912,56974,0.00
2913,61375,0.00
2914,55522,0.00
2915,64277,50.00
2916,61279,100.00
2917,61355,100.00
2918,28021,100.00
2919,43373,100.00
2920,26258,100.00
2921,22548,100.00
2922,25601,100.00
2923,26576,100.00
2924,57109,100.00
2925,56472,100.00
2926,40739,100.00
2927,37413,100.00
2928,25867,100.00
2929,52348,0.00
2930,54378,0.00
2931,66601,0.00
2932,62112,0.00
2933,71712,0.00
2934,58763,0.00
2935,62119,0.00
2936,73259,66.67
2937,27202,0.00
2938,25388,100.00
2939,57825,100.00
2940,59119,0.00
2941,63148,100.00
2942,28139,100.00
2943,23928,100.00
2944,25824,0.00
2945,22805,100.00
2946,26110,100.00
2947,28839,100.00
2948,62559,0.00
2949,56465,100.00
2950,28215,100.00
2951,39446,100.00
2952,44496,0.00
2953,50549,0.00
2954,47232,0.00
2955,56642,0.00
2956,60585,0.00
2957,59234,0.00
2958,62126,0.00
2959,68002,0.00
2960,40794,100.00
2961,31147,100.00
2962,29682,100.00
2963,25004,0.00
2964,63937,100.00
2965,61153,100.00
2966,26550,100.00
2967,24401,0.00
2968,72033,100.00
2969,55209,0.00
2970,59465,0.00
2971,63442,0.00
2972,67598,0.00
2973,56929,100.00
2974,20523,0.00
2975,24428,0.00
2976,26308,100.00
2977,55690,100.00
2978,52787,100.00
2979,29423,0.00
2980,32506,100.00
2981,33058,100.00
2982,24243,100.00
2983,26006,0.00
2984,32789,100.00
2985,54632,100.00
2986,56174,100.00
2987,38942,0.00
2988,56770,0.00
2989,59448,0.00
2990,62103,0.00
2991,57305,0.00
2992,63346,0.00
2993,62083,0.00
2994,63161,0.00
2995,73828,100.00
2996,72839,0.00
2997,46124,100.00
2998,21458,0.00
2999,21021,100.00
3000,50877,0.00
3001,28952,100.00
3002,62879,100.00
3003,56116,100.00
3004,35957,0.00
3005,27534,100.00
3006,21342,100.00
3007,41557,100.00
3008,31206,0.00
3009,39172,100.00
3010,48228,0.00
3011,53779,0.00
3012,60232,0.00
3013,55915,0.00
3014,55297,0.00
3015,54343,0.00
3016,71885,0.00
3017,66360,100.00
3018,30635,0.00
3019,37440,0.00
3020,26306,100.00
3021,25400,100.00
3022,21492,100.00
3023,20159,0.00
3024,28640,100.00
3025,27272,100.00
3026,58581,100.00
3027,50207,0.00
3028,43441,100.00
3029,24767,100.00
3030,19533,100.00
3031,50649,0.00
3032,56929,0.00
3033,56341,0.00
3034,57073,0.00
3035,57418,0.00
3036,59986,0.00
3037,71017,0.00
3038,66866,0.00
3039,35827,100.00
3040,29797,100.00
3041,61482,100.00
3042,57296,0.00
3043,27399,100.00
3044,24213,100.00
3045,21408,100.00
3046,20271,0.00
3047,22209,100.00
3048,34806,100.00
3049,33001,100.00
3050,63867,0.00
3051,63664,100.00
3052,60308,0.00
3053,56060,0.00
3054,60486,0.00
3055,59868,0.00
3056,58929,0.00
3057,59910,0.00
3058,64726,0.00
3059,50202,100.00
3060,33390,100.00
3061,22423,100.00
3062,25674,100.00
3063,25724,100.00
3064,25055,100.00
3065,54876,100.00
3066,52724,100.00
3067,23437,100.00
3068,51089,100.00
3069,50913,0.00
3070,47346,0.00
3071,53729,0.00
3072,61622,0.00
3073,68865,50.00
3074,20137,0.00
3075,25114,100.00
3076,25306,100.00
3077,27099,100.00
3078,27855,0.00
3079,55353,100.00
3080,51253,100.00
3081,33423,100.00
3082,23959,0.00
3083,22807,100.00
3084,29601,100.00
3085,28974,100.00
3086,19514,0.00
3087,51026,0.00
3088,50148,0.00
3089,53506,0.00
3090,58333,0.00
3091,57715,0.00
3092,55017,0.00
3093,73001,66.67
3094,37592,0.00
3095,50375,0.00
3096,25390,100.00
3097,25151,100.00
3098,22503,100.00
3099,21859,0.00
3100,24664,100.00
3101,26574,100.00
3102,46022,100.00
3103,66673,0.00
3104,43771,100.00
3105,37868,100.00
3106,21452,100.00
3107,28202,0.00
3108,53033,0.00
3109,49434,0.00
3110,51837,0.00
3111,56006,0.00
3112,61089,0.00
3113,50209,0.00
3114,47662,0.00
3115,48833,100.00
3116,33679,100.00
3117,43193,100.00
3118,43230,0.00
3119,48786,100.00
3120,25297,100.00
3121,26715,100.00
3122,23146,0.00
3123,19294,100.00
3124,23750,100.00
3125,25381,100.00
3126,41750,0.00
3127,46938,100.00
3128,45285,100.00
3129,27876,100.00
3130,49579,0.00
3131,50918,0.00
3132,56886,0.00
3133,57519,0.00
3134,49569,0.00
3135,52541,0.00
3136,58765,0.00
3137,70290,50.00
3138,22087,0.00
3139,24190,100.00
3140,28589,100.00
3141,25363,100.00
3142,57467,100.00
3143,61552,100.00
3144,33772,100.00
3145,23090,100.00
3146,22744,100.00
3147,20750,100.00
3148,19413,100.00
3149,51686,100.00
3150,57002,0.00
3151,57916,0.00
3152,69643,0.00
3153,57611,0.00
3154,56019,0.00
3155,63531,0.00
3156,31011,100.00
3157,54880,100.00
3158,65504,100.00
3159,27646,0.00
3160,25314,100.00
3161,22485,100.00
3162,23435,100.00
3163,26014,0.00
3164,24203,100.00
3165,49775,100.00
3166,50689,100.00
3167,18366,0.00
3168,47121,0.00
3169,48431,0.00
3170,47162,0.00
3171,51484,0.00
3172,63137,0.00
3173,52904,0.00
3174,60837,100.00
3175,43481,100.00
3176,32710,0.00
3177,25749,100.00
3178,24357,100.00
3179,27761,100.00
3180,45473,0.00
3181,45498,100.00
3182,24345,100.00
3183,29521,100.00
3184,22426,0.00
3185,23472,100.00
3186,37374,100.00
3187,25276,100.00
3188,55099,0.00
3189,56711,0.00
3190,55907,0.00
3191,55710,0.00
3192,61748,0.00
3193,59637,0.00
3194,69368,0.00
3195,70253,0.00
3196,67178,100.00
3197,55736,100.00
3198,24522,100.00
3199,24714,0.00
3200,22813,100.00
3201,18889,100.00
3202,23810,100.00
3203,23769,0.00
3204,60628,100.00
3205,54308,100.00
3206,39344,100.00
3207,27961,0.00
3208,24729,100.00
3209,38917,50.00
3210,46632,0.00
3211,47402,0.00
3212,52053,0.00
3213,48080,0.00
3214,54387,0.00
3215,52744,0.00
3216,48265,0.00
3217,54150,100.00
3218,23010,0.00
3219,40688,100.00
3220,44620,100.00
3221,45847,100.00
3222,23383,100.00
3223,25737,100.00
3224,21647,100.00
3225,20724,100.00
3226,21854,100.00
3227,25106,100.00
3228,44432,100.00
3229,42953,100.00
3230,49185,0.00
3231,49928,0.00
3232,48475,0.00
3233,55702,0.00
3234,52693,0.00
3235,54977,0.00
3236,56641,0.00
3237,55424,50.00
3238,35211,100.00
3239,28303,100.00
3240,28821,0.00
3241,37837,100.00
3242,21372,0.00
3243,45543,100.00
3244,47314,0.00
3245,48021,100.00
3246,24626,100.00
3247,42892,0.00
3248,42564,0.00
3249,42857,0.00
3250,45985,0.00
3251,48844,0.00
3252,59523,0.00
3253,36530,100.00
3254,20439,0.00
3255,27506,100.00
3256,27184,100.00
3257,51769,100.00
3258,42521,100.00
3259,27276,100.00
3260,25196,100.00
3261,22587,100.00
3262,22627,100.00
3263,23629,100.00
3264,34695,100.00
3265,45422,100.00
3266,33803,100.00
3267,39933,0.00
3268,53101,0.00
3269,44934,0.00
3270,50386,0.00
3271,46388,0.00
3272,47165,0.00
3273,48677,0.00
3274,51712,50.00
3275,26570,100.00
3276,29953,100.00
3277,30160,100.00
3278,18127,0.00
3279,22249,100.00
3280,25803,100.00
3281,40027,100.00
3282,41048,100.00
3283,25261,100.00
3284,31102,100.00
3285,25610,100.00
3286,24477,100.00
3287,39447,0.00
3288,50042,0.00
3289,49405,0.00
3290,55270,0.00
3291,55332,0.00
3292,60586,0.00
3293,67215,0.00
3294,57998,100.00
3295,44736,100.00
3296,62111,0.00
3297,60260,100.00
3298,69463,0.00
3299,16052,0.00
3300,22562,100.00
3301,22648,100.00
3302,21132,0.00
3303,24407,100.00
3304,32471,100.00
3305,49829,100.00
3306,47933,0.00
3307,41786,100.00
3308,37275,50.00
3309,35686,0.00
3310,43297,0.00
3311,49030,0.00
3312,64546,0.00
3313,61169,0.00
3314,65429,0.00
3315,62119,0.00
3316,70064,50.00
3317,57773,100.00
3318,24124,0.00
3319,42001,100.00
3320,49636,0.00
3321,48573,100.00
3322,41559,100.00
3323,31298,100.00
3324,22257,0.00
3325,21161,100.00
3326,19343,100.00
3327,21605,0.00
3328,47763,50.00
3329,55868,0.00
3330,45519,0.00
3331,48634,0.00
3332,71623,0.00
3333,64911,0.00
3334,48372,100.00
3335,55956,100.00
3336,41857,100.00
3337,32123,100.00
3338,31528,100.00
3339,25643,100.00
3340,58623,100.00
3341,53200,100.00
3342,43974,100.00
3343,40837,100.00
3344,47062,0.00
3345,52993,0.00
3346,54336,0.00
3347,53137,0.00
3348,67843,0.00
3349,54623,100.00
3350,20713,0.00
3351,26473,100.00
3352,26916,100.00
3353,55394,100.00
3354,47499,100.00
3355,50501,100.00
3356,47719,100.00
3357,30794,100.00
3358,24802,100.00
3359,25160,100.00
3360,32763,100.00
3361,25499,0.00
3362,46492,0.00
3363,51663,0.00
3364,50043,0.00
3365,43106,0.00
3366,46160,0.00
3367,55329,100.00
3368,58898,0.00
3369,59240,100.00
3370,21572,0.00
3371,24202,0.00
3372,23450,100.00
3373,25856,100.00
3374,23776,100.00
3375,53702,0.00
3376,44516,100.00
3377,47499,100.00
3378,36669,100.00
3379,23181,0.00
3380,29233,100.00
3381,44740,0.00
3382,51969,0.00
3383,55693,0.00
3384,57901,0.00
3385,62824,0.00
3386,71886,50.00
3387,59250,100.00
3388,50405,0.00
3389,47889,100.00
3390,55755,100.00
3391,37519,100.00
3392,27594,100.00
3393,24150,100.00
3394,22159,100.00
3395,26921,100.00
3396,36898,100.00
3397,45342,100.00
3398,42042,100.00
3399,31482,100.00
3400,25643,0.00
3401,38944,0.00
3402,52687,0.00
3403,55158,0.00
3404,60429,0.00
3405,61512,0.00
3406,58472,50.00
3407,43513,0.00
3408,41910,100.00
3409,33728,100.00
3410,27409,0.00
3411,50415,100.00
3412,52212,100.00
3413,43268,100.00
3414,28929,0.00
3415,37481,0.00
3416,51183,0.00
3417,54513,0.00
3418,60605,0.00
3419,47871,100.00
3420,54351,100.00
3421,31046,100.00
3422,27517,100.00
3423,37808,100.00
3424,47323,100.00
3425,40815,100.00
3426,30955,100.00
3427,27513,100.00
3428,24651,100.00
3429,27125,100.00
3430,28305,100.00
3431,49111,100.00
3432,46355,50.00
3433,48776,0.00
3434,45873,0.00
3435,48209,0.00
3436,43767,0.00
3437,45062,0.00
3438,53237,0.00
3439,65942,0.00
3440,22016,0.00
3441,24711,100.00
3442,22128,100.00
3443,20021,100.00
3444,22841,0.00
3445,27711,100.00
3446,44004,100.00
3447,56429,100.00
3448,45135,0.00
3449,36220,100.00
3450,22348,100.00
3451,31769,100.00
3452,27574,0.00
3453,45030,50.00
3454,49827,0.00
3455,54002,0.00
3456,57673,0.00
3457,49277,0.00
3458,50986,0.00
3459,55234,0.00
3460,62961,100.00
3461,70294,100.00
3462,50880,100.00
3463,40866,0.00
3464,24682,100.00
3465,22872,100.00
3466,20733,100.00
3467,18684,0.00
3468,26365,100.00
3469,52769,100.00
3470,30775,0.00
3471,38968,0.00
3472,41038,100.00
3473,26308,50.00
3474,54371,0.00
3475,52947,0.00
3476,53365,0.00
3477,56476,0.00
3478,56661,0.00
3479,53557,0.00
3480,66729,100.00
3481,24127,0.00
3482,28584,100.00
3483,27808,100.00
3484,51861,0.00
3485,52942,100.00
3486,43233,100.00
3487,22497,100.00
3488,22641,0.00
3489,20250,100.00
3490,21385,100.00
3491,25695,100.00
3492,24701,0.00
3493,52676,100.00
3494,43239,0.00
3495,52928,0.00
3496,46085,0.00
3497,43890,0.00
3498,47888,0.00
3499,49611,0.00
3500,59410,0.00
3501,65367,66.67
3502,26527,0.00
3503,27117,0.00
3504,23927,100.00
3505,23788,100.00
3506,27526,100.00
3507,22212,0.00
3508,64381,100.00
3509,58631,100.00
3510,24526,100.00
3511,51993,0.00
3512,60971,0.00
3513,59503,0.00
3514,57791,0.00
3515,65248,0.00
3516,64784,0.00
3517,35553,100.00
3518,18498,0.00
3519,36217,100.00
3520,29964,100.00
3521,24415,100.00
3522,52908,100.00
3523,46984,100.00
3524,30786,100.00
3525,23170,100.00
3526,21021,100.00
3527,29126,100.00
3528,28105,100.00
3529,37752,0.00
3530,42229,0.00
3531,41793,0.00
3532,51046,0.00
3533,54512,0.00
3534,53721,0.00
3535,59918,0.00
3536,67213,0.00
3537,63825,100.00
3538,20515,0.00
3539,23067,100.00
3540,25505,0.00
3541,22088,100.00
3542,19014,100.00
3543,23489,100.00
3544,26351,0.00
3545,60933,100.00
3546,53078,100.00
3547,38742,100.00
3548,36649,0.00
3549,22355,100.00
3550,47762,0.00
3551,57492,0.00
3552,59978,0.00
3553,67950,0.00
3554,52927,0.00
3555,55957,0.00
3556,60510,0.00
3557,68779,50.00
3558,26450,0.00
3559,25469,100.00
3560,54796,100.00
3561,51962,100.00
3562,53515,100.00
3563,22809,100.00
3564,21491,100.00
3565,19253,100.00
3566,19241,100.00
3567,22769,100.00
3568,29410,100.00
3569,49565,100.00
3570,46382,100.00
3571,23562,100.00
3572,56297,0.00
3573,52522,0.00
3574,48693,0.00
3575,51878,0.00
3576,52539,0.00
3577,50340,0.00
3578,55591,0.00
3579,61879,0.00
3580,47127,100.00
3581,27329,100.00
3582,31489,100.00
3583,26187,0.00
3584,42950,100.00
3585,48777,100.00
3586,52316,100.00
3587,24437,0.00
3588,51664,50.00
3589,57998,0.00
3590,55283,0.00
3591,59557,0.00
3592,59353,0.00
3593,65133,66.67
3594,20950,0.00
3595,21098,100.00
3596,28275,0.00
3597,28017,100.00
3598,53792,100.00
3599,55138,100.00
3600,32086,0.00
3601,33407,100.00
3602,21139,100.00
3603,23053,100.00
3604,34902,0.00
3605,23321,100.00
3606,48787,100.00
3607,54275,100.00
3608,54273,0.00
3609,54614,0.00
3610,54122,0.00
3611,56808,0.00
3612,58485,0.00
3613,70090,0.00
3614,60676,0.00
3615,67438,0.00
3616,28213,100.00
3617,32302,100.00
3618,26898,100.00
3619,20627,0.00
3620,24913,100.00
3621,26879,100.00
3622,44220,100.00
3623,52487,0.00
3624,42757,100.00
3625,42343,100.00
3626,30096,100.00
3627,23697,0.00
3628,25993,100.00
3629,38465,50.00
3630,40417,0.00
3631,46585,0.00
3632,49568,0.00
3633,52275,0.00
3634,48260,0.00
3635,49787,0.00
3636,54340,0.00
3637,68916,100.00
3638,34628,0.00
3639,51737,0.00
3640,29318,100.00
3641,26678,100.00
3642,22784,100.00
3643,21156,0.00
3644,22283,100.00
3645,25321,100.00
3646,22647,100.00
3647,55016,0.00
3648,51306,100.00
3649,28805,100.00
3650,22219,100.00
3651,42017,0.00
3652,43245,0.00
3653,35257,0.00
3654,38381,0.00
3655,39556,0.00
3656,47606,0.00
3657,45439,0.00
3658,66662,0.00
3659,25314,0.00
3660,39467,100.00
3661,25558,100.00
3662,62803,100.00
3663,57780,0.00
3664,29688,100.00
3665,23949,100.00
3666,21490,100.00
3667,19213,0.00
3668,19406,100.00
3669,24990,100.00
3670,33544,100.00
3671,60889,0.00
3672,57642,50.00
3673,59743,0.00
3674,65738,0.00
3675,56895,0.00
3676,55942,0.00
3677,57574,0.00
3678,54509,0.00
3679,69413,0.00
3680,57323,100.00
3681,29717,100.00
3682,22488,0.00
3683,26682,100.00
3684,26648,100.00
3685,37901,100.00
3686,46362,0.00
3687,52097,100.00
3688,24902,100.00
3689,48148,50.00
3690,46394,0.00
3691,46603,0.00
3692,55030,0.00
3693,54361,0.00
3694,59118,100.00
3695,32564,0.00
3696,25799,100.00
3697,25828,100.00
3698,26811,100.00
3699,43625,0.00
3700,56270,100.00
3701,36812,100.00
3702,29723,100.00
3703,23179,0.00
3704,42492,100.00
3705,41073,100.00
3706,25804,100.00
3707,53170,0.00
3708,51875,0.00
3709,51959,0.00
3710,49276,0.00
3711,51029,0.00
3712,46902,0.00
3713,47667,0.00
3714,51770,0.00
3715,51163,100.00
3716,31240,100.00
3717,32642,100.00
3718,24010,0.00
3719,20337,100.00
3720,21084,100.00
3721,24695,100.00
3722,28437,0.00
3723,58710,100.00
3724,59798,100.00
3725,40555,100.00
3726,25680,0.00
3727,21565,100.00
3728,56729,50.00
3729,58117,0.00
3730,54519,0.00
3731,59116,0.00
3732,76022,0.00
3733,60832,0.00
3734,61590,0.00
3735,69781,0.00
3736,61846,0.00
3737,28996,100.00
3738,59151,100.00
3739,57485,100.00
3740,30563,0.00
3741,24618,100.00
3742,23061,100.00
3743,20184,100.00
3744,18609,0.00
3745,22653,100.00
3746,24881,100.00
3747,62688,100.00
3748,59668,0.00
3749,32692,100.00
3750,55503,0.00
3751,51194,0.00
3752,55449,0.00
3753,55880,0.00
3754,56995,0.00
3755,60687,0.00
3756,53659,0.00
3757,70470,50.00
3758,21126,0.00
3759,26216,100.00
3760,27626,0.00
3761,24782,100.00
3762,55838,100.00
3763,56148,100.00
3764,60979,0.00
3765,21681,100.00
3766,47238,100.00
3767,51766,0.00
3768,62156,0.00
3769,67566,0.00
3770,56646,0.00
3771,65787,0.00
3772,53082,100.00
3773,24408,100.00
3774,26702,100.00
3775,24872,100.00
3776,67163,100.00
3777,56045,100.00
3778,37008,100.00
3779,23371,100.00
3780,23198,100.00
3781,24752,100.00
3782,41647,100.00
3783,49191,100.00
3784,48375,100.00
3785,46658,100.00
3786,55613,0.00
3787,60461,0.00
3788,72977,0.00
3789,61024,0.00
3790,56034,0.00
3791,54318,0.00
3792,69905,0.00
3793,72966,100.00
3794,25459,0.00
3795,24089,100.00
3796,40952,100.00
3797,21491,100.00
3798,27744,0.00
3799,25578,100.00
3800,68212,100.00
3801,56121,100.00
3802,31563,0.00
3803,26511,100.00
3804,30339,100.00
3805,27295,100.00
3806,24934,0.00
3807,46176,0.00
3808,50492,0.00
3809,56356,0.00
3810,54359,0.00
3811,57259,0.00
3812,58996,0.00
3813,63987,0.00
3814,55193,50.00
3815,56570,100.00
3816,49566,100.00
3817,25935,100.00
3818,22661,100.00
3819,24174,100.00
3820,21045,100.00
3821,20314,100.00
3822,23852,100.00
3823,24758,100.00
3824,56371,100.00
3825,47603,100.00
3826,40704,100.00
3827,26117,100.00
3828,22113,100.00
3829,50482,0.00
3830,48894,0.00
3831,55992,0.00
3832,54016,0.00
3833,51988,0.00
3834,52794,0.00
3835,56142,0.00
3836,66157,0.00
3837,50835,100.00
3838,24049,0.00
3839,47290,0.00
3840,51239,100.00
3841,42377,100.00
3842,26170,100.00
3843,24550,0.00
3844,21751,100.00
3845,19531,100.00
3846,24717,100.00
3847,26367,0.00
3848,56293,100.00
3849,43915,100.00
3850,65735,0.00
3851,58590,0.00
3852,144854,0.00
3853,58767,0.00
3854,56930,0.00
3855,60397,0.00
3856,66086,50.00
3857,24769,0.00
3858,26458,100.00
3859,24594,100.00
3860,25462,100.00
3861,28514,100.00
3862,22108,100.00
3863,58699,100.00
3864,59353,100.00
3865,27504,100.00
3866,44043,0.00
3867,54497,0.00
3868,53866,0.00
3869,54258,0.00
3870,52731,0.00
3871,60437,0.00
3872,47736,100.00
3873,24301,100.00
3874,22360,100.00
3875,28065,0.00
3876,25459,100.00
3877,61048,100.00
3878,50279,100.00
3879,32469,0.00
3880,25267,100.00
3881,22738,100.00
3882,25456,100.00
3883,37743,0.00
3884,38636,100.00
3885,60365,0.00
3886,48512,0.00
3887,58606,0.00
3888,58397,0.00
3889,57985,0.00
3890,54295,0.00
3891,63620,0.00
3892,64398,100.00
3893,43821,100.00
3894,25960,0.00
3895,25811,100.00
3896,23365,100.00
3897,20369,100.00
3898,23491,0.00
3899,25331,100.00
3900,61223,100.00
3901,56580,100.00
3902,31474,0.00
3903,37920,100.00
3904,20959,100.00
3905,22375,50.00
3906,47279,0.00
3907,48013,0.00
3908,53867,0.00
3909,49410,0.00
3910,49294,0.00
3911,58750,0.00
3912,65776,0.00
3913,46077,100.00
3914,21720,0.00
3915,54791,100.00
3916,53624,100.00
3917,24775,100.00
3918,23288,100.00
3919,21949,100.00
3920,21240,100.00
3921,20487,100.00
3922,31133,100.00
3923,21786,100.00
3924,58581,100.00
3925,49649,100.00
3926,35836,100.00
3927,56922,0.00
3928,60606,0.00
3929,59489,0.00
3930,53534,0.00
3931,52610,0.00
3932,52021,0.00
3933,54394,0.00
3934,61960,50.00
3935,41421,0.00
3936,32136,100.00
3937,30017,100.00
3938,23015,100.00
3939,58759,0.00
3940,59366,100.00
3941,26805,100.00
3942,23321,100.00
3943,21226,0.00
3944,21756,100.00
3945,38883,100.00
3946,45270,0.00
3947,56578,0.00
3948,57571,0.00
3949,60527,0.00
3950,54239,0.00
3951,70371,50.00
3952,29319,0.00
3953,28173,100.00
3954,56531,100.00
3955,56527,100.00
3956,33412,100.00
3957,22607,100.00
3958,22324,100.00
3959,27935,100.00
3960,25824,100.00
3961,48663,100.00
3962,54073,100.00
3963,54506,100.00
3964,43355,100.00
3965,56196,0.00
3966,56520,0.00
3967,56291,0.00
3968,53646,0.00
3969,56745,0.00
3970,55366,0.00
3971,59634,0.00
3972,28378,100.00
3973,23080,100.00
3974,22825,100.00
3975,25087,0.00
3976,28994,100.00
3977,58653,100.00
3978,49547,100.00
3979,31568,0.00
3980,24284,100.00
3981,25907,100.00
3982,31797,100.00
3983,27020,0.00
3984,49617,50.00
3985,61530,0.00
3986,59501,0.00
3987,59073,0.00
3988,356890,0.00
3989,57090,0.00
3990,63441,0.00
3991,67114,100.00
3992,64544,0.00
3993,60194,100.00
3994,27151,100.00
3995,26438,100.00
3996,60240,0.00
3997,39111,100.00
3998,28755,100.00
3999,26388,100.00
4000,70750,0.00
4001,53409,100.00
4002,50033,100.00
4003,33077,100.00
4004,22795,0.00
4005,43198,100.00
4006,57606,0.00
4007,45593,0.00
4008,62887,0.00
4009,55660,0.00
4010,65948,0.00
4011,58286,0.00
4012,81548,0.00
4013,69287,50.00
4014,25494,0.00
4015,24713,100.00
4016,63351,100.00
4017,59266,100.00
4018,23130,100.00
4019,22772,100.00
4020,22774,100.00
4021,21386,100.00
4022,18603,100.00
4023,22586,100.00
4024,35897,100.00
4025,53988,100.00
4026,55674,100.00
4027,59651,0.00
4028,69175,0.00
4029,54853,0.00
4030,58825,0.00
4031,50755,0.00
4032,67835,0.00
4033,63869,0.00
4034,56198,100.00
4035,30427,100.00
4036,25562,100.00
4037,26824,100.00
4038,26297,100.00
4039,24165,100.00
4040,63053,100.00
4041,55490,100.00
4042,22702,100.00
4043,37635,100.00
4044,54066,0.00
4045,50777,0.00
4046,58186,0.00
4047,49631,0.00
4048,62288,0.00
4049,45921,100.00
4050,19904,0.00
4051,26101,100.00
4052,27447,100.00
4053,35805,100.00
4054,54404,100.00
4055,47394,100.00
4056,39680,100.00
4057,23295,100.00
4058,23072,100.00
4059,27051,100.00
4060,44972,100.00
4061,48843,100.00
4062,57834,100.00
4063,54133,0.00
4064,58476,0.00
4065,62113,0.00
4066,60488,0.00
4067,64375,0.00
4068,58601,0.00
4069,65056,0.00
4070,67707,100.00
4071,37126,100.00
4072,29700,100.00
4073,23775,100.00
4074,20284,100.00
4075,23856,100.00
4076,28132,100.00
4077,32971,100.00
4078,54725,100.00
4079,50641,100.00
4080,35568,100.00
4081,31667,100.00
4082,26034,100.00
4083,42058,0.00
4084,52547,0.00
4085,57363,0.00
4086,61106,0.00
4087,54942,0.00
4088,57799,0.00
4089,53717,0.00
4090,60199,100.00
4091,31285,100.00
4092,60211,0.00
4093,55262,100.00
4094,30322,100.00
4095,22994,100.00
4096,24058,0.00
4097,20622,100.00
4098,18755,100.00
4099,26127,100.00
4100,23787,0.00
4101,62232,100.00
4102,51561,100.00
4103,30472,100.00
4104,48685,0.00
4105,56243,0.00
4106,55067,0.00
4107,51599,0.00
4108,56002,0.00
4109,56348,0.00
4110,50845,0.00
4111,63774,100.00
4112,25221,0.00
4113,29450,100.00
4114,26674,100.00
4115,21730,0.00
4116,55715,100.00
4117,55659,100.00
4118,23215,100.00
4119,21343,0.00
4120,48802,100.00
4121,24573,100.00
4122,19650,100.00
4123,33435,0.00
4124,57682,0.00
4125,55580,0.00
4126,57583,0.00
4127,67576,0.00
4128,57432,0.00
4129,56417,0.00
4130,68059,50.00
4131,57429,100.00
4132,51426,100.00
4133,27990,100.00
4134,29775,100.00
4135,22006,100.00
4136,23952,100.00
4137,25867,100.00
4138,21854,100.00
4139,55141,100.00
4140,60544,100.00
4141,33211,100.00
4142,56683,0.00
4143,54331,0.00
4144,53444,0.00
4145,52349,0.00
4146,45234,0.00
4147,53552,0.00
4148,58028,0.00
4149,40183,100.00
4150,20668,0.00
4151,20895,100.00
4152,25217,0.00
4153,25069,100.00
4154,61617,100.00
4155,56587,100.00
4156,33796,0.00
4157,25504,100.00
4158,21849,100.00
4159,25428,100.00
4160,45803,0.00
4161,34148,100.00
4162,57480,0.00
4163,61642,0.00
4164,66702,0.00
4165,56797,0.00
4166,69799,0.00
4167,61094,0.00
4168,72187,66.67
4169,25076,0.00
4170,53807,100.00
4171,23764,0.00
4172,25666,100.00
4173,21320,100.00
4174,19699,100.00
4175,22655,0.00
4176,27415,100.00
4177,49786,100.00
4178,49561,100.00
4179,26259,0.00
4180,42088,100.00
4181,24744,100.00
4182,48223,0.00
4183,54359,0.00
4184,53714,0.00
4185,54674,0.00
4186,54046,0.00
4187,60296,0.00
4188,60224,0.00
4189,67615,50.00
4190,26298,0.00
4191,25206,100.00
4192,56318,100.00
4193,55292,100.00
4194,54080,100.00
4195,25289,100.00
4196,39506,0.00
4197,24119,100.00
4198,19902,100.00
4199,21798,100.00
4200,32893,0.00
4201,46095,100.00
4202,53432,100.00
4203,35372,100.00
4204,52010,0.00
4205,52637,0.00
4206,44197,0.00
4207,42294,0.00
4208,42594,0.00
4209,38254,0.00
4210,37011,0.00
4211,44222,0.00
4212,38785,0.00
4213,27964,100.00
4214,31654,100.00
4215,26271,100.00
4216,53232,0.00
4217,41164,100.00
4218,43577,100.00
4219,23257,100.00
4220,44957,0.00
4221,44097,0.00
4222,56738,0.00
4223,47393,0.00
4224,47281,0.00
4225,58041,100.00
4226,20673,0.00
4227,21626,100.00
4228,24504,100.00
4229,24958,100.00
4230,54229,100.00
4231,45519,100.00
4232,50435,100.00
4233,24774,100.00
4234,21450,100.00
4235,24411,100.00
4236,34575,100.00
4237,24623,100.00
4238,49399,100.00
4239,47030,50.00
4240,55417,0.00
4241,62509,0.00
4242,49900,0.00
4243,47844,0.00
4244,49042,0.00
4245,45225,0.00
4246,48195,0.00
4247,41305,100.00
4248,38107,0.00
4249,26715,100.00
4250,23285,100.00
4251,22463,100.00
4252,25607,0.00
4253,25332,100.00
4254,57346,100.00
4255,49939,100.00
4256,33649,0.00
4257,25271,100.00
4258,28039,100.00
4259,22732,100.00
4260,42179,0.00
4261,46637,100.00
4262,53839,0.00
4263,56054,0.00
4264,54001,0.00
4265,55801,0.00
4266,49177,0.00
4267,47376,0.00
4268,57830,50.00
4269,39840,100.00
4270,35206,100.00
4271,38792,0.00
4272,27527,100.00
4273,25425,100.00
4274,20430,100.00
4275,20616,0.00
4276,24249,100.00
4277,24905,100.00
4278,41638,100.00
4279,41318,0.00
4280,46373,100.00
4281,25330,100.00
4282,36653,0.00
4283,43738,0.00
4284,57046,0.00
4285,55291,0.00
4286,49571,0.00
4287,62233,0.00
4288,47271,0.00
4289,66790,100.00
4290,23777,0.00
4291,28619,100.00
4292,27815,100.00
4293,54239,100.00
4294,51456,0.00
4295,28386,100.00
4296,20398,100.00
4297,21099,100.00
4298,20613,0.00
4299,18608,100.00
4300,30997,100.00
4301,25950,100.00
4302,53186,0.00
4303,52047,50.00
4304,51764,0.00
4305,51636,0.00
4306,54452,0.00
4307,55625,0.00
4308,53382,0.00
4309,61244,0.00
4310,47334,0.00
4311,42157,100.00
4312,40941,100.00
4313,25985,100.00
4314,27476,100.00
4315,29113,100.00
4316,25400,100.00
4317,50486,100.00
4318,52812,100.00
4319,27032,100.00
4320,35449,100.00
4321,45663,0.00
4322,52965,0.00
4323,58404,0.00
4324,72281,0.00
4325,71926,50.00
4326,23377,0.00
4327,21137,100.00
4328,21042,100.00
4329,24389,100.00
4330,24617,0.00
4331,54618,100.00
4332,53121,100.00
4333,30649,100.00
4334,22847,0.00
4335,20852,100.00
4336,34415,100.00
4337,26548,100.00
4338,21038,0.00
4339,42515,0.00
4340,52250,0.00
4341,47095,0.00
4342,48853,0.00
4343,49182,0.00
4344,49985,0.00
4345,64925,66.67
4346,33887,0.00
4347,53318,0.00
4348,43568,100.00
4349,23412,100.00
4350,22628,100.00
4351,19422,0.00
4352,22689,100.00
4353,25005,100.00
4354,33841,100.00
4355,53270,0.00
4356,44628,100.00
4357,38507,100.00
4358,20789,100.00
4359,31276,0.00
4360,47946,0.00
4361,48883,0.00
4362,50185,0.00
4363,50701,0.00
4364,55648,0.00
4365,49943,0.00
4366,48891,0.00
4367,57210,100.00
4368,31901,100.00
4369,40250,100.00
4370,52101,0.00
4371,54025,100.00
4372,23950,100.00
4373,23384,100.00
4374,21132,0.00
4375,18787,100.00
4376,24303,100.00
4377,24600,100.00
4378,44483,0.00
4379,37967,100.00
4380,29151,100.00
4381,39125,0.00
4382,38309,0.00
4383,42657,0.00
4384,48964,0.00
4385,58829,0.00
4386,57842,0.00
4387,62615,0.00
4388,70337,0.00
4389,37790,100.00
4390,21255,0.00
4391,25979,100.00
4392,26801,0.00
4393,39042,100.00
4394,42620,100.00
4395,48321,100.00
4396,42568,0.00
4397,28158,100.00
4398,43258,0.00
4399,43589,0.00
4400,54050,0.00
4401,49985,0.00
4402,73799,50.00
4403,23783,0.00
4404,29357,100.00
4405,26340,100.00
4406,25352,100.00
4407,37058,100.00
4408,53684,100.00
4409,40700,100.00
4410,32008,100.00
4411,24035,100.00
4412,22728,100.00
4413,26542,100.00
4414,33884,100.00
4415,43161,100.00
4416,42888,100.00
4417,45098,0.00
4418,46237,0.00
4419,55727,0.00
4420,61222,0.00
4421,65311,0.00
4422,54157,0.00
4423,56452,0.00
4424,63786,0.00
4425,37393,100.00
4426,23359,0.00
4427,23386,100.00
4428,21241,100.00
4429,23470,100.00
4430,26036,100.00
4431,37881,100.00
4432,46699,100.00
4433,38500,100.00
4434,29255,100.00
4435,20442,100.00
4436,33422,100.00
4437,28220,100.00
4438,41839,100.00
4439,126517,0.00
4440,58609,0.00
4441,62958,0.00
4442,50924,0.00
4443,57538,0.00
4444,50210,0.00
4445,51472,0.00
4446,57633,100.00
4447,59564,100.00
4448,61627,100.00
4449,31410,100.00
4450,27531,100.00
4451,22267,100.00
4452,19500,100.00
4453,25103,100.00
4454,25903,100.00
4455,23389,100.00
4456,62959,100.00
4457,57884,100.00
4458,28589,100.00
4459,22684,100.00
4460,37092,50.00
4461,40360,0.00
4462,35416,0.00
4463,52051,0.00
4464,43943,0.00
4465,47999,0.00
4466,46110,0.00
4467,57734,0.00
4468,29292,0.00
4469,34535,100.00
4470,28470,100.00
4471,51802,100.00
4472,54863,0.00
4473,25998,100.00
4474,22920,100.00
4475,19891,100.00
4476,20108,0.00
4477,23805,100.00
4478,24206,100.00
4479,39200,100.00
4480,62328,0.00
4481,45057,100.00
4482,60301,0.00
4483,54180,0.00
4484,56960,0.00
4485,52095,0.00
4486,50236,0.00
4487,54591,0.00
4488,54052,0.00
4489,50103,100.00
4490,19637,0.00
4491,22471,0.00
4492,26761,100.00
4493,26915,100.00
4494,39915,100.00
4495,38774,0.00
4496,45584,100.00
4497,23360,100.00
4498,42352,0.00
4499,43040,0.00
4500,56625,0.00
4501,52333,0.00
4502,69186,50.00
4503,25488,0.00
4504,29080,100.00
4505,23274,100.00
4506,24397,0.00
4507,25257,100.00
4508,59097,100.00
4509,54419,100.00
4510,29119,0.00
4511,24111,100.00
4512,39801,100.00
4513,29337,100.00
4514,30313,0.00
4515,22171,100.00
4516,49268,0.00
4517,62874,0.00
4518,52049,0.00
4519,49853,0.00
4520,50193,0.00
4521,51714,0.00
4522,70236,50.00
4523,41675,0.00
4524,57747,100.00
4525,28999,100.00
4526,26981,100.00
4527,24804,100.00
4528,21162,100.00
4529,24173,100.00
4530,25472,100.00
4531,29461,100.00
4532,58118,100.00
4533,55663,100.00
4534,29866,100.00
4535,21010,100.00
4536,27696,50.00
4537,48272,0.00
4538,50302,0.00
4539,53331,0.00
4540,52284,0.00
4541,62209,0.00
4542,52740,0.00
4543,57953,0.00
4544,65331,0.00
4545,45751,100.00
4546,23429,0.00
4547,57953,100.00
4548,64897,100.00
4549,28047,100.00
4550,25443,100.00
4551,24102,100.00
4552,21932,100.00
4553,24149,100.00
4554,26804,100.00
4555,46120,100.00
4556,59481,100.00
4557,50624,100.00
4558,32932,100.00
4559,72732,0.00
4560,57838,0.00
4561,60018,0.00
4562,55817,0.00
4563,59527,0.00
4564,58437,0.00
4565,63913,0.00
4566,87712,0.00
4567,45881,100.00
4568,27842,100.00
4569,27439,100.00
4570,24370,100.00
4571,58035,100.00
4572,62215,100.00
4573,24519,100.00
4574,20090,100.00
4575,30103,50.00
4576,48540,0.00
4577,48194,0.00
4578,52869,0.00
4579,52336,0.00
4580,67527,0.00
4581,36371,100.00
4582,19080,0.00
4583,26175,100.00
4584,24506,100.00
4585,61835,100.00
4586,56330,0.00
4587,30980,100.00
4588,24205,100.00
4589,24716,100.00
4590,27129,0.00
4591,34583,100.00
4592,43471,100.00
4593,52180,100.00
4594,54532,0.00
4595,50326,0.00
4596,53367,0.00
4597,56143,0.00
4598,58817,0.00
4599,60447,0.00
4600,62081,0.00
4601,55987,0.00
4602,61717,0.00
4603,65305,100.00
4604,32406,100.00
4605,27477,100.00
4606,21855,0.00
4607,22865,100.00
4608,26617,100.00
4609,56926,100.00
4610,55219,0.00
4611,25480,100.00
4612,28599,100.00
4613,26309,100.00
4614,26377,0.00
4615,24606,100.00
4616,43920,100.00
4617,47956,0.00
4618,44594,0.00
4619,50365,0.00
4620,51895,0.00
4621,52639,0.00
4622,51127,0.00
4623,64445,50.00
4624,60190,0.00
4625,59814,100.00
4626,32970,100.00
4627,22682,100.00
4628,24551,100.00
4629,21020,100.00
4630,20703,100.00
4631,23266,100.00
4632,26204,100.00
4633,61311,100.00
4634,57709,100.00
4635,36696,100.00
4636,26646,100.00
4637,22054,100.00
4638,47113,0.00
4639,47652,0.00
4640,59819,0.00
4641,57574,0.00
4642,58453,0.00
4643,58893,0.00
4644,64270,0.00
4645,69256,100.00
4646,36457,100.00
4647,26977,100.00
4648,58610,100.00
4649,62462,100.00
4650,21352,0.00
4651,22624,100.00
4652,22926,100.00
4653,20640,100.00
4654,19270,100.00
4655,29239,100.00
4656,30670,100.00
4657,60384,100.00
4658,65038,50.00
4659,58985,0.00
4660,55893,0.00
4661,53666,0.00
4662,53215,0.00
4663,53766,0.00
4664,53255,0.00
4665,68737,50.00
4666,25730,0.00
4667,24670,100.00
4668,22103,0.00
4669,25791,100.00
4670,27454,100.00
4671,21793,100.00
4672,62531,0.00
4673,54747,100.00
4674,24389,100.00
4675,34377,50.00
4676,43868,0.00
4677,39713,0.00
4678,48531,0.00
4679,56964,0.00
4680,66470,0.00
4681,37537,100.00
4682,20127,0.00
4683,20451,100.00
4684,23500,100.00
4685,26660,100.00
4686,58735,100.00
4687,53877,100.00
4688,37409,100.00
4689,23221,100.00
4690,19996,100.00
4691,28091,100.00
4692,23897,100.00
4693,20568,66.67
4694,49334,0.00
4695,44180,0.00
4696,44173,0.00
4697,47564,0.00
4698,54762,0.00
4699,54340,0.00
4700,66144,100.00
4701,23814,0.00
4702,54676,100.00
4703,23143,100.00
4704,25825,100.00
4705,22563,100.00
4706,19410,100.00
4707,23346,100.00
4708,26846,100.00
4709,48057,100.00
4710,41279,100.00
4711,22719,100.00
4712,43051,100.00
4713,25865,100.00
4714,31929,0.00
4715,42897,0.00
4716,43555,0.00
4717,46985,0.00
4718,44963,0.00
4719,53914,0.00
4720,55123,0.00
4721,62933,66.67
4722,24759,0.00
4723,26330,0.00
4724,49303,100.00
4725,39883,100.00
4726,34868,100.00
4727,24724,0.00
4728,24117,100.00
4729,20540,100.00
4730,18701,100.00
4731,23296,0.00
4732,42587,100.00
4733,53661,100.00
4734,50594,100.00
4735,29361,0.00
4736,41513,100.00
4737,52672,0.00
4738,57954,0.00
4739,51064,0.00
4740,50722,0.00
4741,54621,0.00
4742,52384,0.00
4743,48095,0.00
4744,61411,100.00
4745,39190,100.00
4746,27929,0.00
4747,28400,100.00
4748,36535,100.00
4749,48917,100.00
4750,49839,100.00
4751,20838,100.00
4752,23158,100.00
4753,20823,100.00
4754,18778,100.00
4755,34968,100.00
4756,41200,0.00
4757,48213,0.00
4758,49399,0.00
4759,47223,0.00
4760,50581,0.00
4761,67052,50.00
4762,27434,0.00
4763,40233,100.00
4764,56470,100.00
4765,47154,100.00
4766,31316,100.00
4767,29624,100.00
4768,40413,100.00
4769,24834,100.00
4770,22412,100.00
4771,37168,100.00
4772,43820,100.00
4773,53112,100.00
4774,43130,0.00
4775,57811,0.00
4776,55157,0.00
4777,59307,0.00
4778,60255,0.00
4779,59873,0.00
4780,57352,0.00
4781,62719,100.00
4782,18576,0.00
4783,20290,100.00
4784,20357,0.00
4785,27314,100.00
4786,26425,100.00
4787,62444,100.00
4788,57245,0.00
4789,32948,100.00
4790,23875,100.00
4791,22076,100.00
4792,34407,0.00
4793,24356,100.00
4794,20864,0.00
4795,42553,0.00
4796,107077,0.00
4797,55228,0.00
4798,52432,0.00
4799,59841,0.00
4800,56698,0.00
4801,70928,66.67
4802,29787,0.00
4803,49286,100.00
4804,28239,100.00
4805,25177,100.00
4806,21555,100.00
4807,26864,100.00
4808,20504,100.00
4809,25241,100.00
4810,24250,100.00
4811,54517,100.00
4812,53439,100.00
4813,35347,100.00
4814,21493,100.00
4815,16733,100.00
4816,54471,0.00
4817,48816,0.00
4818,45840,0.00
4819,47844,0.00
4820,51826,0.00
4821,53107,0.00
4822,48372,0.00
4823,57386,0.00
4824,49164,100.00
4825,27086,100.00
4826,50131,100.00
4827,48350,100.00
4828,25084,100.00
4829,22834,100.00
4830,23950,100.00
4831,19946,100.00
4832,19933,100.00
4833,23162,100.00
4834,34842,100.00
4835,50989,100.00
4836,47273,100.00
4837,53541,0.00
4838,45788,0.00
4839,48346,0.00
4840,52170,0.00
4841,48406,0.00
4842,57567,0.00
4843,56761,0.00
4844,72364,0.00
4845,42050,100.00
4846,20242,0.00
4847,24606,100.00
4848,26651,0.00
4849,24178,100.00
4850,54849,100.00
4851,54389,100.00
4852,26441,0.00
4853,36033,100.00
4854,44445,0.00
4855,48479,0.00
4856,47327,0.00
4857,47386,0.00
4858,66265,50.00
4859,21557,0.00
4860,25790,100.00
4861,24694,100.00
4862,27160,100.00
4863,23765,100.00
4864,66920,100.00
4865,58574,100.00
4866,36384,100.00
4867,24077,100.00
4868,22367,100.00
4869,30833,100.00
4870,33877,100.00
4871,35314,100.00
4872,39749,100.00
4873,42153,100.00
4874,43255,0.00
4875,46918,0.00
4876,47853,0.00
4877,65818,0.00
4878,57954,0.00
4879,55514,0.00
4880,71795,0.00
4881,28883,100.00
4882,23407,100.00
4883,25952,100.00
4884,21934,100.00
4885,19991,100.00
4886,23690,100.00
4887,25143,100.00
4888,63850,100.00
4889,60194,100.00
4890,18018,0.00
4891,27165,100.00
4892,24645,100.00
4893,43620,0.00
4894,44605,0.00
4895,46310,0.00
4896,48317,0.00
4897,50049,0.00
4898,50616,0.00
4899,52376,0.00
4900,67870,0.00
4901,40468,100.00
4902,42896,0.00
4903,43613,100.00
4904,51938,0.00
4905,25244,100.00
4906,23896,100.00
4907,21488,100.00
4908,18687,0.00
4909,22307,100.00
4910,25191,100.00
4911,51680,100.00
4912,49324,0.00
4913,27987,100.00
4914,35897,100.00
4915,63080,0.00
4916,52129,0.00
4917,52680,0.00
4918,60384,0.00
4919,58534,0.00
4920,62902,0.00
4921,55905,0.00
4922,63895,100.00
4923,25323,0.00
4924,27630,100.00
4925,26666,100.00
4926,29901,0.00
4927,57424,0.00
4928,55406,100.00
4929,26663,100.00
4930,22964,100.00
4931,20222,0.00
4932,20685,100.00
4933,30088,100.00
4934,22810,50.00
4935,54408,0.00
4936,60518,0.00
4937,72916,0.00
4938,66376,0.00
4939,61209,0.00
4940,68511,0.00
4941,73466,100.00
4942,35995,0.00
4943,49359,100.00
4944,33966,100.00
4945,25993,100.00
4946,23414,100.00
4947,25473,100.00
4948,27026,100.00
4949,21769,100.00
4950,48788,100.00
4951,47939,100.00
4952,37547,100.00
4953,39041,50.00
4954,40381,0.00
4955,50841,0.00
4956,49691,0.00
4957,50960,0.00
4958,52539,0.00
4959,62224,0.00
4960,45390,0.00
4961,23905,100.00
4962,20842,100.00
4963,24210,100.00
4964,25655,0.00
4965,52282,100.00
4966,50532,100.00
4967,33712,100.00
4968,25551,0.00
4969,22258,100.00
4970,23150,100.00
4971,36588,100.00
4972,28054,0.00
4973,44128,0.00
4974,46109,0.00
4975,52615,0.00
4976,52445,0.00
4977,55963,0.00
4978,56524,0.00
4979,69384,50.00
4980,61264,0.00
4981,60088,100.00
4982,25203,100.00
4983,23675,0.00
4984,23012,100.00
4985,22785,100.00
4986,24321,100.00
4987,27667,0.00
4988,29292,100.00
4989,63065,100.00
4990,52816,100.00
4991,46452,0.00
4992,26006,100.00
4993,22863,100.00
4994,55930,0.00
4995,59573,0.00
4996,64079,0.00
4997,62577,0.00
4998,59373,0.00
4999,63733,0.00
5000,88308,0.00
5001,68316,50.00
5002,25171,0.00
5003,25294,100.00
5004,63891,100.00
5005,55357,100.00
5006,24048,0.00
5007,23839,100.00
5008,22903,100.00
5009,19981,100.00
5010,18114,0.00
5011,24870,100.00
5012,23768,100.00
5013,57861,100.00
5014,53233,0.00
5015,60535,50.00
5016,53058,0.00
5017,53018,0.00
5018,50704,0.00
5019,49409,0.00
5020,52662,0.00
5021,53547,0.00
5022,62503,50.00
5023,25559,0.00
5024,28433,0.00
5025,26513,100.00
5026,27085,100.00
5027,20712,100.00
5028,61338,0.00
5029,56296,100.00
5030,23167,100.00
5031,28284,100.00
5032,55412,0.00
5033,47856,0.00
5034,41318,0.00
5035,62162,0.00
5036,63422,0.00
5037,51825,100.00
5038,18899,0.00
5039,25070,100.00
5040,27663,100.00
5041,35740,100.00
5042,58305,100.00
5043,62453,0.00
5044,65944,100.00
5045,68162,0.00
5046,53796,100.00
5047,27025,100.00
5048,28400,100.00
5049,30581,100.00
5050,25909,100.00
5051,48798,100.00
5052,44498,100.00
5053,64690,0.00
5054,50454,0.00
5055,51589,0.00
5056,59661,0.00
5057,54467,0.00
5058,49573,0.00
5059,54302,0.00
5060,55302,0.00
5061,71941,50.00
5062,21903,0.00
5063,25176,100.00
5064,25544,100.00
5065,23776,100.00
5066,23426,0.00
5067,25509,100.00
5068,40012,100.00
5069,50515,100.00
5070,43798,0.00
5071,35617,100.00
5072,34945,100.00
5073,25211,100.00
5074,24973,0.00
5075,42904,100.00
5076,59894,0.00
5077,87472,0.00
5078,67263,0.00
5079,61430,0.00
5080,66757,0.00
5081,76493,0.00
5082,59411,0.00
5083,69664,100.00
5084,66670,100.00
5085,66329,100.00
5086,24476,100.00
5087,24182,100.00
5088,22130,100.00
5089,22022,100.00
5090,21013,100.00
5091,23949,100.00
5092,25092,100.00
5093,63062,100.00
5094,57932,100.00
5095,29209,100.00
5096,31892,100.00
5097,54012,0.00
5098,54051,0.00
5099,58228,0.00
5100,59665,0.00
5101,53353,0.00
5102,57489,0.00
5103,57878,0.00
5104,50547,100.00
5105,31988,100.00
5106,29325,100.00
5107,29673,100.00
5108,62388,100.00
5109,63989,100.00
5110,22554,100.00
5111,23538,100.00
5112,23326,100.00
5113,21299,100.00
5114,32417,100.00
5115,26722,100.00
5116,51294,100.00
5117,60122,100.00
5118,60126,0.00
5119,63014,0.00
5120,59362,0.00
5121,62812,0.00
5122,60377,0.00
5123,69087,0.00
5124,63223,0.00
5125,77245,66.67
5126,24632,0.00
5127,26752,100.00
5128,22305,0.00
5129,28397,100.00
5130,26210,100.00
5131,25278,100.00
5132,61365,0.00
5133,59064,100.00
5134,22529,100.00
5135,57600,0.00
5136,72391,0.00
5137,61575,0.00
5138,57509,0.00
5139,61347,0.00
5140,61184,100.00
5141,33455,100.00
5142,18224,0.00
5143,23026,100.00
5144,25355,100.00
5145,45505,100.00
5146,44145,100.00
5147,28940,100.00
5148,30325,100.00
5149,27032,100.00
5150,22868,100.00
5151,32181,100.00
5152,26939,100.00
5153,37060,0.00
5154,34959,0.00
5155,41155,0.00
5156,65107,0.00
5157,49973,50.00
5158,54936,0.00
5159,57357,0.00
5160,64038,0.00
5161,64954,100.00
5162,22336,0.00
5163,22263,100.00
5164,24426,100.00
5165,21306,100.00
5166,20101,100.00
5167,23535,100.00
5168,26621,100.00
5169,63903,100.00
5170,53327,100.00
5171,32943,100.00
5172,43444,100.00
5173,22202,100.00
5174,45308,0.00
5175,46629,0.00
5176,50383,0.00
5177,54362,0.00
5178,51701,0.00
5179,53928,0.00
5180,59623,0.00
5181,73019,66.67
5182,25837,0.00
5183,23160,100.00
5184,63029,100.00
5185,60500,100.00
5186,27056,100.00
5187,23567,100.00
5188,22417,100.00
5189,21159,100.00
5190,23091,100.00
5191,28455,100.00
5192,37669,100.00
5193,57124,100.00
5194,45646,100.00
5195,51176,0.00
5196,61504,0.00
5197,56412,0.00
5198,61561,0.00
5199,59447,0.00
5200,65243,0.00
5201,58444,0.00
5202,71145,50.00
5203,25670,0.00
5204,25365,100.00
5205,25338,100.00
5206,27691,100.00
5207,23941,100.00
5208,63695,100.00
5209,59893,100.00
5210,28789,100.00
5211,124380,100.00
5212,68270,0.00
5213,66942,0.00
5214,56977,0.00
5215,63515,0.00
5216,71413,0.00
5217,41211,100.00
5218,19537,0.00
5219,26556,100.00
5220,27598,100.00
5221,59355,100.00
5222,53695,100.00
5223,26513,100.00
5224,32505,100.00
5225,23359,100.00
5226,24152,100.00
5227,24559,100.00
5228,38902,100.00
5229,50772,100.00
5230,49413,100.00
5231,55148,0.00
5232,60887,0.00
5233,58870,0.00
5234,56198,0.00
5235,63496,0.00
5236,58848,0.00
5237,55435,0.00
5238,60386,100.00
5239,24688,0.00
5240,29387,100.00
5241,22865,100.00
5242,19806,100.00
5243,23298,0.00
5244,25415,100.00
5245,58730,100.00
5246,53896,100.00
5247,31791,0.00
5248,27762,100.00
5249,28367,100.00
5250,23841,100.00
5251,24148,0.00
5252,51310,0.00
5253,45369,0.00
5254,52891,0.00
5255,50277,0.00
5256,64236,0.00
5257,49178,0.00
5258,63563,0.00
5259,64966,0.00
5260,64056,100.00
5261,55739,100.00
5262,40620,100.00
5263,26434,0.00
5264,23741,100.00
5265,21020,100.00
5266,18483,100.00
5267,25646,0.00
5268,24547,100.00
5269,55364,100.00
5270,52795,100.00
5271,37413,0.00
5272,22524,100.00
5273,51611,100.00
5274,48045,0.00
5275,50328,0.00
5276,55763,0.00
5277,66584,0.00
5278,53876,0.00
5279,59132,0.00
5280,65432,0.00
5281,44040,100.00
5282,23525,0.00
5283,38047,100.00
5284,50341,100.00
5285,51688,100.00
5286,26019,0.00
5287,24251,100.00
5288,21870,100.00
5289,19349,100.00
5290,22598,0.00
5291,24927,100.00
5292,59510,100.00
5293,51117,100.00
5294,40355,0.00
5295,46079,0.00
5296,49685,0.00
5297,57306,0.00
5298,63070,0.00
5299,55400,0.00
5300,72348,0.00
5301,54158,100.00
5302,19556,0.00
5303,21974,0.00
5304,25734,100.00
5305,24994,100.00
5306,36285,100.00
5307,45397,0.00
5308,53529,100.00
5309,36465,100.00
5310,41066,0.00
5311,42016,0.00
5312,44121,0.00
5313,45651,0.00
5314,50704,100.00
5315,20756,0.00
5316,20994,100.00
5317,20891,100.00
5318,23194,0.00
5319,24693,100.00
5320,52906,100.00
5321,57111,100.00
5322,29221,0.00
5323,23945,100.00
5324,22194,100.00
5325,33243,100.00
5326,25960,0.00
5327,34656,50.00
5328,55809,0.00
5329,58667,0.00
5330,61487,0.00
5331,59955,0.00
5332,61663,0.00
5333,61372,0.00
5334,65603,100.00
5335,61188,0.00
5336,51109,100.00
5337,29098,100.00
5338,23667,100.00
5339,20918,0.00
5340,20194,100.00
5341,24772,100.00
5342,28114,100.00
5343,61762,0.00
5344,57457,100.00
5345,28338,100.00
5346,32743,100.00
5347,22670,0.00
5348,52373,0.00
5349,56558,0.00
5350,52520,0.00
5351,54406,0.00
5352,543921,0.00
5353,53847,0.00
5354,56389,0.00
5355,65824,100.00
5356,52784,100.00
5357,27367,100.00
5358,51025,100.00
5359,54915,100.00
5360,36363,100.00
5361,25345,100.00
5362,21136,100.00
5363,25009,100.00
5364,24275,100.00
5365,24487,100.00
5366,33859,100.00
5367,55099,100.00
5368,46434,100.00
5369,32705,100.00
5370,49857,0.00
5371,53122,0.00
5372,51736,0.00
5373,52809,0.00
5374,56016,0.00
5375,54089,0.00
5376,53206,0.00
5377,61726,66.67
5378,20366,0.00
5379,23750,100.00
5380,27397,0.00
5381,22582,100.00
5382,56435,100.00
5383,55185,100.00
5384,24976,0.00
5385,26387,100.00
5386,63045,0.00
5387,67381,0.00
5388,63874,0.00
5389,63422,0.00
5390,59170,0.00
5391,71076,50.00
5392,16207,0.00
5393,49553,100.00
5394,66762,0.00
5395,69060,100.00
5396,29698,0.00
5397,77505,100.00
5398,20043,0.00
5399,18096,0.00
5400,17462,0.00
5401,70947,100.00
5402,37614,0.00
5403,65075,100.00
5404,34376,0.00
5405,69500,100.00
5407,17992,0.00
5408,73877,100.00
5409,21255,100.00
5410,23765,100.00
5411,73746,0.00
5412,73283,0.00
5413,74308,100.00
5414,18859,0.00
5415,43528,0.00
5416,59494,100.00
5417,62297,100.00
5418,52562,100.00
5419,56652,0.00
5420,59138,0.00
5421,61669,0.00
5422,62247,0.00
5423,61505,0.00
5424,62911,0.00
5425,60296,0.00
5426,59149,0.00
5427,59395,0.00
5428,67547,0.00
5429,72558,0.00
5430,58103,0.00
5431,56392,0.00
5432,65848,0.00
5433,70120,100.00
5434,22880,0.00
5435,22034,100.00
5436,22726,100.00
5437,27546,100.00
5438,26205,0.00
5439,55930,100.00
5440,54240,100.00
5441,42173,100.00
5442,29386,0.00
5443,29314,100.00
5444,29626,100.00
5445,26191,100.00
5446,41849,0.00
5447,53222,0.00
5448,57116,0.00
5449,60264,0.00
5450,53847,0.00
5451,55859,0.00
5452,60256,0.00
5453,69623,50.00
5454,29530,0.00
5455,49335,100.00
5456,27216,100.00
5457,26564,100.00
5458,23332,100.00
5459,19691,100.00
5460,24701,100.00
5461,26539,100.00
5462,39406,100.00
5463,45907,100.00
5464,45262,100.00
5465,33143,100.00
5466,22458,100.00
5467,54294,100.00
5468,51125,0.00
5469,50627,0.00
5470,46936,0.00
5471,50108,0.00
5472,58065,0.00
5473,55351,0.00
5474,64870,0.00
5475,31043,0.00
5476,30653,100.00
5477,46712,100.00
5478,44548,100.00
5479,50306,0.00
5480,24769,100.00
5481,24467,100.00
5482,23039,100.00
5483,19598,0.00
5484,24800,100.00
5485,29117,100.00
5486,53829,100.00
5487,41995,0.00
5488,49008,0.00
5489,50109,0.00
5490,54964,0.00
5491,50332,0.00
5492,55216,0.00
5493,52368,0.00
5494,66188,50.00
5495,27079,0.00
5496,33508,100.00
5497,26256,100.00
5498,24230,0.00
5499,26630,100.00
5500,25035,100.00
5501,59666,100.00
5502,54570,0.00
5503,25266,100.00
5504,44488,50.00
5505,56297,0.00
5506,52401,0.00
5507,48844,0.00
5508,57230,0.00
5509,61600,100.00
5510,19714,0.00
5511,23888,0.00
5512,23886,100.00
5513,25268,100.00
5514,26978,100.00
5515,60604,0.00
5516,56669,100.00
5517,34073,100.00
5518,22429,100.00
5519,23984,0.00
5520,26661,100.00
5521,23138,100.00
5522,37439,0.00
5523,45341,0.00
5524,45769,0.00
5525,46127,0.00
5526,44093,0.00
5527,54629,0.00
5528,59202,0.00
5529,68201,50.00
5530,41228,0.00
5531,35354,100.00
5532,26167,100.00
5533,25833,100.00
5534,22479,0.00
5535,18609,100.00
5536,24629,100.00
5537,26389,100.00
5538,59734,0.00
5539,56041,100.00
5540,41352,100.00
5541,25384,100.00
5542,21736,0.00
5543,55952,0.00
5544,56682,0.00
5545,58972,0.00
5546,54468,0.00
5547,50249,0.00
5548,57642,0.00
5549,52812,0.00
5550,62688,100.00
5551,36678,100.00
5552,43024,100.00
5553,45981,100.00
5554,54350,100.00
5555,22541,100.00
5556,24171,100.00
5557,20712,100.00
5558,20422,100.00
5559,21598,100.00
5560,27062,100.00
5561,55659,100.00
5562,49675,100.00
5563,23958,100.00
5564,43057,100.00
5565,38719,0.00
5566,52050,0.00
5567,61630,0.00
5568,61422,0.00
5569,60038,0.00
5570,54560,0.00
5571,58176,0.00
5572,72650,0.00
5573,36407,100.00
5574,24275,0.00
5575,25888,100.00
5576,38414,100.00
5577,45238,100.00
5578,48349,100.00
5579,22518,100.00
5580,23498,100.00
5581,20228,100.00
5582,25571,100.00
5583,43256,100.00
5584,54192,0.00
5585,54251,0.00
5586,54653,0.00
5587,56640,0.00
5588,75773,0.00
5589,75580,66.67
5590,26686,0.00
5591,57733,0.00
5592,61661,100.00
5593,39667,100.00
5594,33644,100.00
5595,24155,0.00
5596,48773,100.00
5597,35897,100.00
5598,26063,100.00
5599,51952,0.00
5600,62125,100.00
5601,44510,100.00
5602,58955,0.00
5603,58003,0.00
5604,154033,0.00
5605,66523,0.00
5606,338054,0.00
5607,65045,0.00
5608,63099,0.00
5609,74221,100.00
5610,35997,0.00
5611,46638,0.00
5612,41844,100.00
5613,48423,100.00
5614,37267,100.00
5615,54839,0.00
5616,57932,100.00
5617,55382,100.00
5618,46051,100.00
5619,26795,0.00
5620,50984,100.00
5621,34043,100.00
5622,47275,0.00
5623,60470,0.00
5624,161819,0.00
5625,63225,0.00
5626,62330,0.00
5627,58919,0.00
5628,128929,0.00
5629,73944,0.00
5630,163829,100.00
5631,69374,100.00
5632,279898,0.00
5633,73832,100.00
5634,135208,0.00
5635,71552,100.00
5636,65297,100.00
5637,64622,100.00
5638,62944,100.00
5639,71269,100.00
5640,46695,0.00
5641,72623,0.00
5642,29260,0.00
5643,73620,0.00
5644,75723,100.00
5645,76239,100.00
5646,71979,100.00
5647,73869,0.00
5648,71981,0.00
5649,101698,0.00
5650,49951,100.00
5651,68087,0.00
5652,71089,100.00
5653,52048,100.00
5654,47508,100.00
5655,23566,100.00
5656,111251,0.00
5657,221964,0.00
5658,61068,0.00
5659,57253,0.00
5660,63447,0.00
5661,61254,0.00
5662,60908,0.00
5663,61597,0.00
5664,65014,0.00
5665,64201,0.00
5666,70044,0.00
5667,63846,0.00
5668,75799,0.00
5669,152004,100.00
5670,60885,0.00
5671,75426,0.00
5672,20942,0.00
5673,74663,100.00
5674,73636,0.00
5675,62178,100.00
5676,72026,0.00
5677,69530,100.00
5678,68969,0.00
5679,71630,100.00
5680,64327,0.00
5681,72053,100.00
5682,256926,0.00
5683,376467,0.00
5684,67090,0.00
5685,69913,100.00
5686,70063,0.00
5687,64993,100.00
5688,52641,100.00
5689,70919,100.00
5690,68313,100.00
5691,65020,0.00
5692,73152,100.00
5693,67118,100.00
5694,56874,0.00
5695,529090,0.00
5696,511971,100.00
5697,58228,0.00
5698,67774,0.00
5699,60574,0.00
5700,61467,0.00
5701,68677,0.00
5702,59394,0.00
5703,59663,0.00
5704,755960,50.00
5705,59008,0.00
5706,60289,0.00
5707,202262,0.00
5708,72154,0.00
5709,884346,100.00
5710,66972,0.00
5711,73078,0.00
5712,83723,100.00
5713,205904,0.00
5714,66273,0.00
5715,74151,100.00
5716,18137,0.00
5717,47383,0.00
5718,815491,0.00
5719,711879,100.00
5720,68172,0.00
5721,71949,0.00
5722,19180345,0.00
5723,53817,100.00
5724,18762,0.00
5725,17142,0.00
5726,71843,0.00
5727,3082349,0.00
5728,1162297,0.00
5729,664489,0.00
5730,59411,0.00
5731,631274,0.00
5732,46727,0.00
5733,1646535,0.00
5734,1478531,0.00
5735,44305,0.00
5736,81657,0.00
5737,20608,0.00
5738,75388,0.00
5739,71472,100.00
5740,78528,0.00
5741,19830,0.00
5742,17249,0.00
5743,80127,0.00
5744,71451,0.00
5745,69667,0.00
5746,16403,0.00
5747,14430,0.00
5748,69710,0.00
5749,16245,0.00
5750,31442,0.00
5751,71127,0.00
5752,70226,0.00
5753,16564,0.00
5754,68253,100.00
5755,70890,0.00
5756,70978,0.00
5757,16718,0.00
5758,17897,0.00
5759,72057,0.00
5760,69635,0.00
5761,18598,0.00
5762,25041,0.00
5763,68263,0.00
5764,70103,0.00
5765,17597,0.00
5766,75486,0.00
5767,897968,100.00
5768,344054,0.00
5769,27939,0.00
5770,63469,0.00
5771,130338,0.00
5772,23892,0.00
5773,18265,0.00
5774,69015,0.00
5775,266293,0.00
5776,1160871,0.00
5777,72549,100.00
5778,32941,0.00
5779,69878,0.00
5780,86195,0.00
5781,73993,0.00
5782,72127,0.00
5783,71289,0.00
5784,72151,0.00
5785,57103,0.00
5786,57423,0.00
5787,59369,0.00
5788,59262,0.00
5789,58089,0.00
5790,61588,0.00
5791,60363,0.00
5792,87721,0.00
5793,62642,0.00
5794,42344,0.00
5795,60980,0.00
5796,62741,0.00
5797,51162,0.00
5798,58842,0.00
5799,60257,0.00
5800,54420,0.00
5801,59882,0.00
5802,59620,0.00
5803,57501,0.00
5804,65942,0.00
5805,61912,0.00
5806,62293,0.00
5807,60488,0.00
5808,61572,0.00
5809,59879,0.00
5810,59818,0.00
5811,59352,0.00
5812,72991,0.00
5813,57212,50.00
5814,71001,0.00
5815,69628,0.00
5816,71299,0.00
5817,74170,0.00
5818,71951,0.00
5819,69898,0.00
5820,33414,100.00
5821,73982,0.00
5822,73648,0.00
5823,75834,100.00
5824,75792,0.00
5825,20725,0.00
5826,49921,100.00
5827,72592,0.00
5828,23695,0.00
5829,17233,0.00
5830,36583,100.00
5831,72860,0.00
5832,17638,0.00
5833,16268,0.00
5834,14888,0.00
5835,72460,0.00
5836,71203,0.00
5837,20565,0.00
5838,28388,0.00
5839,804298,0.00
5840,39417,0.00
5841,29782,0.00
5842,9298658,100.00
5843,18954,0.00
5844,16349,0.00
5845,15312,0.00
5846,82928,0.00
5847,19523,0.00
5848,21812,0.00
5849,72714,0.00
5850,71824,100.00
5851,73051,0.00
5852,72990,100.00
5853,59923,0.00
5854,74279,0.00
5855,20697,0.00
5856,18182,0.00
5857,17005,0.00
5858,75511,0.00
5859,75878,0.00
5860,73039,100.00
5861,83204,100.00
5862,17445,0.00
5863,14929,0.00
5864,71863,0.00
5865,68665,0.00
5866,74646,0.00
5867,18884,0.00
5868,15679,0.00
5869,15336,0.00
5870,19259,0.00
5871,73254,0.00
5872,17282,0.00
5873,15013,0.00
5874,14451,0.00
5875,14169,0.00
5876,64487,0.00
5877,72288,0.00
5878,69947,0.00
5879,70573,0.00
5880,74894,100.00
5881,72528,0.00
5882,74749,0.00
5883,72583,0.00
5884,75482,0.00
5885,77252,0.00
5886,75324,0.00
5887,73887,100.00
5888,74883,0.00
5889,72547,0.00
5890,72378,0.00
5891,74803,0.00
5892,71978,0.00
5893,68913,0.00
5894,73415,50.00
5895,60339,0.00
5896,49309,0.00
5897,59546,0.00
5898,59315,0.00
5899,63821,0.00
5900,64689,0.00
5901,61054,0.00
5902,73401,0.00
5903,72447,0.00
5904,73873,0.00
5905,84704,0.00
5906,70315,0.00
5907,71335,0.00
5908,72188,0.00
5909,114450,0.00
5910,73751,0.00
5911,69162,50.00
5912,72614,0.00
5913,70869,0.00
5914,66127,0.00
5915,66412,0.00
5916,69655,0.00
5917,70475,50.00
5918,70197,0.00
5919,71001,0.00
5920,71682,0.00
5921,72128,0.00
5922,78621,0.00
5923,72142,0.00
5924,188875,0.00
5925,85799,0.00
5926,72502,0.00
5927,74660,0.00
5928,75180,0.00
5929,75819,100.00
5930,74138,0.00
5931,71095,0.00
5932,71371,100.00
5933,47483,0.00
5934,70906,0.00
5935,837077,0.00
5936,32406,0.00
5937,70536,0.00
5938,119787,100.00
5939,69770,0.00
5940,484880,100.00
5941,68956,0.00
5942,70552,0.00
5943,69749,0.00
5944,74712,0.00
5945,72725,100.00
5946,20060,0.00
5947,17192,0.00
5948,293793,0.00
5949,68286,0.00
5950,70569,0.00
5951,72138,50.00
5952,69996,0.00
5953,71008,0.00
5954,68785,0.00
5955,72316,0.00
5956,72071,0.00
5957,69633,0.00
5958,74205,100.00
5959,98138,0.00
5960,68511,0.00
5961,73683,50.00
5962,75106,0.00
5963,141946,0.00
5964,72963,0.00
5965,71917,0.00
5966,314038,0.00
5967,70355,0.00
5968,80840,0.00
5969,73938,100.00
5970,81548,0.00
5971,71178,0.00
5972,73053,0.00
5973,71248,0.00
5974,57833,50.00
5975,59570,0.00
5976,75318,0.00
5977,68706,50.00
5978,67517,0.00
5979,71041,0.00
5980,72816,0.00
5981,73117,0.00
5982,71014,0.00
5983,75243,0.00
5984,63693,0.00
5985,73357,50.00
5986,70748,0.00
5987,70531,0.00
5988,70959,0.00
5989,71398,50.00
5990,72719,0.00
5991,71940,0.00
5992,74336,0.00
5993,70522,0.00
5994,72680,0.00
5995,75057,0.00
5996,72438,100.00
5997,75536,0.00
5998,20394,0.00
5999,69359,100.00
6000,7607925,0.00
6001,54586,100.00
6002,96568,0.00
6003,72305,0.00
6004,76006,0.00
6005,74882,0.00
6006,632396,100.00
6007,65142,0.00
6008,75370,0.00
6009,70929,100.00
6010,591203,0.00
6011,71171,0.00
6012,74428,100.00
6013,73642,0.00
6014,76426,0.00
6015,73085,100.00
6016,69181,0.00
6017,70199,0.00
6018,16560,0.00
6019,59793,0.00
6020,69048,100.00
6021,188196,0.00
6022,73113,0.00
6023,72832,0.00
6024,72561,0.00
6025,86453,100.00
6026,71457,0.00
6027,69118,0.00
6028,70897,0.00
6029,68919,100.00
6030,70740,0.00
6031,73998,0.00
6032,72992,0.00
6033,80962,0.00
6034,71212,50.00
6035,74436,0.00
6036,73439,0.00
6037,73875,0.00
6038,98918,0.00
6039,70267,0.00
6040,74392,0.00
6041,69872,100.00
6042,72488,0.00
6043,59656,0.00
6044,72652,0.00
6045,61631,0.00
6046,71778,0.00
6047,71529,0.00
6048,71863,0.00
6049,73354,0.00
6050,73272,100.00
6051,73563,0.00
6052,74153,0.00
6053,74293,0.00
6054,72527,0.00
6055,71690,0.00
6056,74670,50.00
6057,75415,0.00
6058,72640,0.00
6059,72963,0.00
6060,75276,0.00
6061,76741,0.00
6062,73466,0.00
6063,74515,0.00
6064,93806,50.00
6065,191259,100.00
6066,31488,0.00
6067,53859,0.00
6068,67158,0.00
6069,72053,0.00
6070,64635,0.00
6071,28870,100.00
6072,74144,0.00
6073,18975,0.00
6074,17533,0.00
6075,22300,0.00
6076,73255,100.00
6077,20000,0.00
6078,17778,0.00
6079,17137,0.00
6080,16948,0.00
6081,91767,33.33
6082,22006,100.00
6083,18754,0.00
6084,17530,0.00
6085,74041,0.00
6086,71625,0.00
6087,67537,0.00
6088,70143,0.00
6089,67937,50.00
6090,72222,0.00
6091,72549,0.00
6092,74035,0.00
6093,72766,0.00
6094,33645,0.00
6095,71915,0.00
6096,69627,0.00
6097,70065,0.00
6098,27742,100.00
6099,67903,0.00
6100,68796,0.00
6101,70366,0.00
6102,70520,100.00
6103,18260,0.00
6104,16268,0.00
6105,72962,0.00
6106,19590,0.00
6107,17654,0.00
6108,29562,0.00
6109,73344,50.00
6110,19601,0.00
6111,17743,0.00
6112,60035,0.00
6113,75613,33.33
6114,18960,0.00
6115,16759,0.00
6116,16344,0.00
6117,23450,0.00
6118,70955,0.00
6119,46506,100.00
6120,73198,0.00
6121,72879,0.00
6122,71187,0.00
6123,69989,0.00
6124,74955,0.00
6125,73850,0.00
6126,71690,0.00
6127,56085,0.00
6128,72453,0.00
6129,73746,50.00
6130,18497,0.00
6131,15926,0.00
6132,70554,0.00
6133,71526,100.00
6134,16266,0.00
6135,15241,0.00
6136,16639,0.00
6137,4156313,0.00
6138,47427,0.00
6139,72194,100.00
6140,19128,0.00
6141,17272,0.00
6142,73362,50.00
6143,18130,0.00
6144,16702,0.00
6145,71835,0.00
6146,18554,0.00
6147,16994,0.00
6148,71163,0.00
6149,35820,100.00
6150,68734,0.00
6151,60334,0.00
6152,70826,0.00
6153,73663,0.00
6154,30796,0.00
6155,70362,0.00
6156,72421,0.00
6157,75851,33.33
6158,19578,0.00
6159,68979,100.00
6160,74795,0.00
6161,74166,0.00
6162,71330,0.00
6163,90509,50.00
6164,19575,0.00
6165,72838,100.00
6166,72672,0.00
6167,69248,0.00
6168,69785,0.00
6169,67652,0.00
6170,68767,0.00
6171,68883,0.00
6172,73340,0.00
6173,70197,0.00
6174,71127,100.00
6175,70906,0.00
6176,30240,0.00
6177,66821,50.00
6178,69290,0.00
6179,71230,0.00
6180,101029,0.00
6181,61120,50.00
6182,64137,0.00
6183,42762,50.00
6184,68065,0.00
6185,65094,100.00
6186,64871,0.00
6187,30618,0.00
6188,66279,0.00
6189,67730,50.00
6190,69508,0.00
6191,73502,50.00
6192,72902,0.00
6193,71053,0.00
6194,63271,100.00
6195,66572,0.00
6196,69842,0.00
6197,74433,50.00
6198,70415,0.00
6199,18814,0.00
6200,34488,0.00
6201,71732,100.00
6202,21413,100.00
6203,72149,0.00
6204,63998,0.00
6205,65385,0.00
6206,62738,0.00
6207,66764,50.00
6208,69010,0.00
6209,65271,0.00
6210,60347,100.00
6211,63977,0.00
6212,69670,0.00
6213,69179,100.00
6214,31930,0.00
6215,65296,0.00
6216,71884,100.00
6217,16711,0.00
6218,46825,0.00
6219,69823,0.00
6220,63922,0.00
6221,68015,100.00
6222,67587,0.00
6223,66398,0.00
6224,69962,0.00
6225,69047,100.00
6226,64571,0.00
6227,61633,100.00
6228,62996,0.00
6229,57155,100.00
6230,21078,0.00
6231,73901,0.00
6232,64418,0.00
6233,66482,0.00
6234,67993,100.00
6235,612311,0.00
6236,71893,0.00
6237,61371,50.00
6238,38201,0.00
6239,29757,50.00
6240,46276,0.00
6241,52709,50.00
6242,64842,0.00
6243,66390,0.00
6244,70539,100.00
6245,69092,0.00
6246,69414,100.00
6247,68558,0.00
6248,70457,0.00
6249,66618,50.00
6250,70461,0.00
6251,21201,0.00
6252,24748,100.00
6253,72903,100.00
6254,34415,100.00
6255,71917,0.00
6256,51816,100.00
6257,59735,100.00
6258,71628,0.00
6259,20620,0.00
6260,17115,0.00
6261,68679,0.00
6262,65307,100.00
6263,67628,0.00
6264,54078,100.00
6265,57664,0.00
6266,61050,0.00
6267,58555,0.00
6268,66361,0.00
6269,59151,0.00
6270,55641,0.00
6271,60802,0.00
6272,62078,0.00
6273,59839,0.00
6274,68778,0.00
6275,66328,0.00
6276,70620,0.00
6277,67009,100.00
6278,63215,100.00
6279,70803,0.00
6280,17546,0.00
6281,27524,100.00
6282,24014,0.00
6283,71379,0.00
6284,60881,100.00
6285,72598,100.00
6286,19104,0.00
6287,17536,0.00
6288,17369,0.00
6289,64186,100.00
6290,37530,0.00
6291,26308,100.00
6292,159454,0.00
6293,73131,100.00
6294,73984,0.00
6295,71813,0.00
6296,74309,0.00
6297,70384,50.00
6298,18582,0.00
6299,45470,0.00
6300,145546,50.00
6301,70810,0.00
6302,19516,0.00
6303,20448,0.00
6304,38983,0.00
6305,42675,100.00
6306,73728,0.00
6307,59580,0.00
6308,69210,50.00
6309,67859,0.00
6310,68369,0.00
6311,88656,0.00
6312,71959,50.00
6313,72258,0.00
6314,68169,100.00
6315,64535,0.00
6316,73720,0.00
6317,52963,100.00
6318,46046,0.00
6319,55851,0.00
6320,59022,50.00
6321,50645,0.00
6322,61468,50.00
6323,55412,0.00
6324,43015,50.00
6325,68063,0.00
6326,31451,0.00
6327,64707,50.00
6328,44718,0.00
6329,62627,0.00
6330,69644,0.00
6331,71509,0.00
6332,248812,100.00
6333,66028,0.00
6334,63300,100.00
6335,55762,100.00
6336,66998,100.00
6337,158215,0.00
6338,70075,0.00
6339,169151,100.00
6340,70454,100.00
6341,64505,0.00
6342,66729,0.00
6343,72753,100.00
6344,38633,100.00
6345,32932,100.00
6346,25357,100.00
6347,36571,100.00
6348,59662,0.00
6349,50675,100.00
6350,33480,0.00
6351,46931,0.00
6352,152626,0.00
6353,61155,0.00
6354,60693,0.00
6355,62329,0.00
6356,63518,0.00
6357,56268,0.00
6358,57518,0.00
6359,71812,0.00
6360,74398,100.00
6361,70820,100.00
6362,37812,0.00
6363,39793,100.00
6364,50351,0.00
6365,46385,100.00
6366,26255,100.00
6367,28336,100.00
6368,35488,0.00
6369,54309,100.00
6370,35476,100.00
6371,32956,100.00
6372,207884,0.00
6373,56556,50.00
6374,61135,0.00
6375,57446,0.00
6376,58338,0.00
6377,62204,0.00
6378,59417,0.00
6379,73939,0.00
6380,61273,100.00
6381,43596,100.00
6382,32760,0.00
6383,46972,100.00
6384,35056,100.00
6385,24911,100.00
6386,44751,100.00
6387,47038,100.00
6388,27486,100.00
6389,41312,100.00
6390,61294,0.00
6391,81913,0.00
6392,61509,0.00
6393,212588,0.00
6394,60194,0.00
6395,54979,50.00
6396,71935,0.00
6397,72029,100.00
6398,25714,0.00
6399,30004,100.00
6400,68312,100.00
6401,51914,100.00
6402,55902,100.00
6403,29806,100.00
6404,56783,100.00
6405,52423,100.00
6406,34949,100.00
6407,42951,0.00
6408,58376,0.00
6409,404446,0.00
6410,60268,0.00
6411,58662,0.00
6412,70755,0.00
6413,103075,100.00
6414,65774,100.00
6415,70355,0.00
6416,38254,100.00
6417,48759,100.00
6418,49318,100.00
6419,50937,0.00
6420,61240,100.00
6421,39907,100.00
6422,30719,0.00
6423,57415,100.00
6424,49040,100.00
6425,46114,50.00
6426,46556,100.00
6427,57361,0.00
6428,60857,0.00
6429,57427,0.00
6430,57339,0.00
6431,65302,0.00
6432,75396,0.00
6433,70511,50.00
6434,64523,0.00
6435,37994,100.00
6436,28399,100.00
6437,51559,100.00
6438,44567,0.00
6439,28973,100.00
6440,50716,100.00
6441,48160,100.00
6442,24650,0.00
6443,23116,100.00
6444,26357,100.00
6445,54447,50.00
6446,50576,100.00
6447,82271,0.00
6448,94414,0.00
6449,62600,0.00
6450,60509,0.00
6451,58559,0.00
6452,75250,0.00
6453,66956,50.00
6454,27188,0.00
6455,42120,100.00
6456,28903,100.00
6457,27893,100.00
6458,24961,0.00
6459,51866,100.00
6460,47866,100.00
6461,30924,100.00
6462,68132,0.00
6463,68183,0.00
6464,62505,100.00
6465,59872,0.00
6466,72917,0.00
6467,43643,0.00
6468,59532,100.00
6469,39883,0.00
6470,68545,100.00
6471,39685,0.00
6472,40004,0.00
6473,31612,100.00
6474,28038,100.00
6475,25152,100.00
6476,61892,0.00
6477,51266,100.00
6478,50138,100.00
6479,63209,50.00
6480,67328,0.00
6481,76088,0.00
6482,63005,0.00
6483,64799,0.00
6484,64182,0.00
6485,53342,50.00
6486,34942,0.00
6487,29527,100.00
6488,35791,100.00
6489,47130,100.00
6490,26875,0.00
6491,24545,100.00
6492,23370,100.00
6493,57297,100.00
6494,61333,0.00
6495,32576,100.00
6496,56040,100.00
6497,46626,100.00
6498,22458,50.00
6499,61426,0.00
6500,66650,0.00
6501,81919,0.00
6502,63303,0.00
6503,55489,0.00
6504,69988,0.00
6505,65306,66.67
6506,30369,0.00
6507,47906,0.00
6508,32823,100.00
6509,27290,100.00
6510,38488,100.00
6511,39121,0.00
6512,28700,100.00
6513,27455,100.00
6514,32037,100.00
6515,39325,0.00
6516,49222,100.00
6517,32456,100.00
6518,39384,0.00
6519,61128,0.00
6520,73055,0.00
6521,56563,0.00
6522,56432,0.00
6523,62580,0.00
6524,68979,100.00
6525,71602,100.00
6526,25531,0.00
6527,27175,100.00
6528,46328,0.00
6529,49465,100.00
6530,63216,100.00
6531,54605,100.00
6532,68081,0.00
6533,51211,100.00
6534,28140,100.00
6535,26468,0.00
6536,25584,100.00
6537,58040,50.00
6538,56411,0.00
6539,56353,0.00
6540,64004,0.00
6541,65800,0.00
6542,61251,0.00
6543,72157,0.00
6544,62842,0.00
6545,54520,100.00
6546,33045,0.00
6547,42412,100.00
6548,36678,0.00
6549,27973,100.00
6550,40621,100.00
6551,39188,100.00
6552,28699,0.00
6553,40221,100.00
6554,48468,0.00
6555,55754,0.00
6556,55369,0.00
6557,70605,50.00
6558,22702,0.00
6559,39157,0.00
6560,31956,100.00
6561,65189,100.00
6562,19140,0.00
6563,52099,100.00
6564,40768,100.00
6565,33187,100.00
6566,26731,100.00
6567,43053,100.00
6568,50875,100.00
6569,29997,100.00
6570,51028,0.00
6571,60376,0.00
6572,60590,0.00
6573,57506,0.00
6574,59897,0.00
6575,57869,100.00
6576,67800,66.67
6577,21734,0.00
6578,39410,100.00
6579,27670,0.00
6580,56711,100.00
6581,44592,100.00
6582,26504,100.00
6583,25027,0.00
6584,27097,100.00
6585,61560,100.00
6586,49058,100.00
6587,40912,0.00
6588,50691,50.00
6589,60400,0.00
6590,59893,0.00
6591,62249,0.00
6592,62978,0.00
6593,61975,0.00
6594,71308,50.00
6595,64373,0.00
6596,65422,0.00
6597,46698,100.00
6598,33292,0.00
6599,42119,100.00
6600,54413,0.00
6601,27357,100.00
6602,59624,100.00
6603,39129,100.00
6604,31583,0.00
6605,28882,100.00
6606,21691,100.00
6607,51386,0.00
6608,25140,100.00
6609,53987,0.00
6610,60274,0.00
6611,73900,0.00
6612,60923,0.00
6613,72868,0.00
6614,48701,50.00
6615,59063,100.00
6616,45133,0.00
6617,27511,100.00
6618,25984,0.00
6619,27240,100.00
6620,46930,100.00
6621,49168,100.00
6622,30265,0.00
6623,39280,100.00
6624,48555,100.00
6625,32815,50.00
6626,49751,0.00
6627,57555,0.00
6628,68993,0.00
6629,31327,100.00
6630,31263,0.00
6631,40564,0.00
6632,69806,66.67
6633,20157,0.00
6634,22014,100.00
6635,24295,100.00
6636,24718,100.00
6637,58789,100.00
6638,58429,100.00
6639,43494,100.00
6640,54278,100.00
6641,50529,100.00
6642,62325,0.00
6643,182904,0.00
6644,66924,0.00
6645,68024,0.00
6646,28470,0.00
6647,54264,50.00
6648,45719,0.00
6649,71746,100.00
6650,49561,0.00
6651,57619,100.00
6652,29119,100.00
6653,30219,100.00
6654,30682,0.00
6655,53989,100.00
6656,45580,100.00
6657,50727,100.00
6658,47144,0.00
6659,30234,100.00
6660,54520,50.00
6661,61451,0.00
6662,62350,0.00
6663,63032,0.00
6664,68939,0.00
6665,62323,0.00
6666,70583,0.00
6667,73185,0.00
6668,63593,100.00
6669,63293,100.00
6670,27803,100.00
6671,23228,100.00
6672,40317,100.00
6673,39507,100.00
6674,36719,100.00
6675,39359,100.00
6676,41373,100.00
6677,42956,100.00
6678,30833,100.00
6679,35620,100.00
6680,33250,100.00
6681,51825,0.00
6682,53764,0.00
6683,56375,0.00
6684,54279,0.00
6685,57121,0.00
6686,63063,0.00
6687,69813,0.00
6688,69693,100.00
6689,64487,100.00
6690,21626,0.00
6691,56138,100.00
6692,44648,100.00
6693,24804,100.00
6694,26771,100.00
6695,27802,100.00
6696,54402,100.00
6697,41873,100.00
6698,29948,100.00
6699,59263,100.00
6700,56420,100.00
6701,56760,0.00
6702,59376,0.00
6703,61774,0.00
6704,68014,0.00
6705,63087,0.00
6706,61609,0.00
6707,66597,0.00
6708,53948,100.00
6709,34246,100.00
6710,50117,0.00
6711,57512,100.00
6712,34299,100.00
6713,53688,100.00
6714,42469,0.00
6715,23164,100.00
6716,34508,100.00
6717,34021,0.00
6718,45346,100.00
6719,51898,0.00
6720,62973,0.00
6721,35248,50.00
6722,27499,0.00
6723,28590,0.00
6724,68061,100.00
6725,25188,0.00
6726,39086,100.00
6727,28121,100.00
6728,24481,100.00
6729,25784,100.00
6730,38438,100.00
6731,43294,100.00
6732,45112,100.00
6733,53091,0.00
6734,62895,0.00
6735,61640,0.00
6736,56224,0.00
6737,66400,50.00
6738,28647,0.00
6739,49782,100.00
6740,30464,100.00
6741,28222,100.00
6742,39429,100.00
6743,43539,100.00
6744,29427,100.00
6745,26456,100.00
6746,42149,100.00
6747,40457,100.00
6748,35760,100.00
6749,41252,100.00
6750,22248,50.00
6751,48655,0.00
6752,55826,0.00
6753,59048,0.00
6754,68330,0.00
6755,68513,0.00
6756,66020,0.00
6757,67956,50.00
6758,37977,100.00
6759,30150,0.00
6760,54885,100.00
6761,40933,100.00
6762,30519,100.00
6763,27000,0.00
6764,57532,100.00
6765,32780,100.00
6766,27422,100.00
6767,23508,0.00
6768,49039,100.00
6769,42730,100.00
6770,45506,0.00
6771,46732,0.00
6772,59392,0.00
6773,61850,0.00
6774,59426,0.00
6775,71763,50.00
6776,51461,0.00
6777,68378,100.00
6778,23673,0.00
6779,23743,100.00
6780,29453,100.00
6781,30531,100.00
6782,49989,100.00
6783,45858,100.00
6784,25314,100.00
6785,57769,100.00
6786,43123,100.00
6787,23007,100.00
6788,56988,0.00
6789,57284,0.00
6790,52167,0.00
6791,60745,0.00
6792,59494,0.00
6793,72845,50.00
6794,40016,100.00
6795,42851,0.00
6796,58113,0.00
6797,41280,100.00
6798,28905,100.00
6799,43446,100.00
6800,56518,0.00
6801,32119,100.00
6802,27620,100.00
6803,50016,100.00
6804,46247,0.00
6805,50696,50.00
6806,57754,0.00
6807,67151,0.00
6808,60448,0.00
6809,56935,0.00
6810,57475,0.00
6811,76148,0.00
6812,55053,100.00
6813,56804,100.00
6814,37855,0.00
6815,29840,100.00
6816,28434,100.00
6817,46890,100.00
6818,44031,0.00
6819,30700,100.00
6820,45512,100.00
6821,39854,100.00
6822,29135,0.00
6823,49554,50.00
6824,60232,0.00
6825,61420,0.00
6826,58753,0.00
6827,65007,0.00
6828,58583,0.00
6829,70346,50.00
6830,53701,0.00
6831,24063,0.00
6832,39634,100.00
6833,32263,100.00
6834,36545,100.00
6835,43126,0.00
6836,32697,100.00
6837,30394,100.00
6838,24696,100.00
6839,41389,0.00
6840,62179,100.00
6841,46430,100.00
6842,34901,100.00
6843,41725,0.00
6844,62690,0.00
6845,60688,0.00
6846,71011,0.00
6847,68692,0.00
6848,68278,0.00
6849,65750,100.00
6850,36406,100.00
6851,36311,100.00
6852,30094,0.00
6853,50151,100.00
6854,46464,100.00
6855,33273,100.00
6856,54871,0.00
6857,42389,100.00
6858,26038,100.00
6859,24319,100.00
6860,29420,0.00
6861,43787,50.00
6862,40199,0.00
6863,55808,0.00
6864,57430,0.00
6865,63320,0.00
6866,60075,0.00
6867,69089,0.00
6868,66151,50.00
6869,62708,100.00
6870,27445,0.00
6871,29150,100.00
6872,25540,100.00
6873,23583,100.00
6874,46537,100.00
6875,37240,100.00
6876,27306,100.00
6877,41354,100.00
6878,48080,0.00
6879,54914,0.00
6880,57497,0.00
6881,61009,0.00
6882,57276,0.00
6883,65142,100.00
6884,38776,0.00
6885,66410,100.00
6886,27632,0.00
6887,53617,100.00
6888,60682,0.00
6889,36623,100.00
6890,30890,100.00
6891,58710,100.00
6892,49629,0.00
6893,36329,100.00
6894,57937,0.00
6895,65178,50.00
6896,57440,0.00
6897,57695,0.00
6898,60078,0.00
6899,59106,0.00
6900,52495,50.00
6901,52731,0.00
6902,56704,66.67
6903,36143,0.00
6904,43882,0.00
6905,28716,100.00
6906,23464,100.00
6907,27535,100.00
6908,25556,0.00
6909,24526,100.00
6910,66235,100.00
6911,39694,100.00
6912,42689,0.00
6913,22361,100.00
6914,42439,0.00
6915,48343,0.00
6916,58765,0.00
6917,59101,0.00
6918,66651,0.00
6919,48410,100.00
6920,49403,0.00
6921,52819,100.00
6922,21332,0.00
6923,41312,100.00
6924,26533,100.00
6925,46306,100.00
6926,31200,0.00
6927,26188,100.00
6928,24653,100.00
6929,26377,100.00
6930,42461,0.00
6931,46077,0.00
6932,36960,50.00
6933,52143,0.00
6934,56189,0.00
6935,59201,0.00
6936,71022,0.00
6937,43113,50.00
6938,64550,0.00
6939,33142,50.00
6940,33496,100.00
6941,27132,100.00
6942,23777,100.00
6943,39818,100.00
6944,45882,100.00
6945,42667,100.00
6946,37233,100.00
6947,31582,100.00
6948,27293,100.00
6949,16973,0.00
6950,28565,0.00
6951,49021,0.00
6952,62744,0.00
6953,58058,0.00
6954,60122,0.00
6955,77444,50.00
6956,52246,0.00
6957,66482,100.00
6958,27405,0.00
6959,52702,0.00
6960,55626,100.00
6961,25629,100.00
6962,24084,100.00
6963,29243,0.00
6964,53124,100.00
6965,46642,100.00
6966,29609,0.00
6967,53789,0.00
6968,59317,0.00
6969,59653,0.00
6970,65710,0.00
6971,56320,0.00
6972,69105,100.00
6973,61034,100.00
6974,52238,100.00
6975,26707,100.00
6976,25829,100.00
6977,26926,100.00
6978,50437,100.00
6979,47903,100.00
6980,50249,100.00
6981,58380,100.00
6982,26977,100.00
6983,26888,0.00
6984,31824,100.00
6985,61336,0.00
6986,60176,0.00
6987,61366,0.00
6988,65852,0.00
6989,75481,50.00
6990,70197,0.00
6991,66569,0.00
6992,47740,100.00
6993,59449,100.00
6994,67029,0.00
6995,33223,0.00
6996,59575,100.00
6997,19162,100.00
6998,53673,0.00
6999,70738,100.00
7000,63800,0.00
7001,40310,100.00
7002,46632,100.00
7003,49197,100.00
7004,37152,0.00
7005,27896,100.00
7006,21747,0.00
7007,50110,0.00
7008,52464,0.00
7009,57825,0.00
7010,70374,0.00
7011,57632,0.00
7012,73726,0.00
7013,56242,0.00
7014,65953,0.00
7015,66357,100.00
7016,68928,100.00
7017,55209,100.00
7018,45112,100.00
7019,27820,100.00
7020,24748,100.00
7021,22481,100.00
7022,24115,100.00
7023,31173,100.00
7024,51047,100.00
7025,47557,100.00
7026,49214,100.00
7027,37409,100.00
7028,326849,0.00
7029,59451,0.00
7030,128148,0.00
7031,241410,0.00
7032,54377,0.00
7033,50736,0.00
7034,49272,50.00
7035,51107,0.00
7036,31093,100.00
7037,42663,100.00
7038,46812,100.00
7039,51038,0.00
7040,47924,100.00
7041,32007,100.00
7042,64200,100.00
7043,54267,0.00
7044,47893,0.00
7045,64254,100.00
7046,51484,0.00
7047,49005,100.00
7048,45251,0.00
7049,32880,50.00
7050,32005,100.00
7051,49495,0.00
7052,44475,0.00
7053,39795,50.00
7054,27100,100.00
7055,45679,0.00
7056,30131,100.00
7057,65627,100.00
7058,23762,0.00
7059,56791,50.00
7060,58301,0.00
7061,35730,50.00
7062,44089,0.00
7063,41660,0.00
7064,61962,0.00
7065,58508,100.00
7066,21661,0.00
7067,21317,100.00
7068,23561,0.00
7069,29332,100.00
7070,45914,100.00
7071,47484,100.00
7072,45200,0.00
7073,28697,100.00
7074,24005,100.00
7075,24027,100.00
7076,34156,0.00
7077,34727,100.00
7078,40448,0.00
7079,59635,0.00
7080,60011,0.00
7081,58730,0.00
7082,55913,0.00
7083,59198,0.00
7084,60744,0.00
7085,71449,100.00
7086,29070,0.00
7087,26405,100.00
7088,23104,100.00
7089,24526,100.00
7090,22987,0.00
7091,23980,100.00
7092,41192,100.00
7093,42792,100.00
7094,49185,0.00
7095,41225,100.00
7096,32902,100.00
7097,36985,100.00
7098,42308,0.00
7099,54990,0.00
7100,57735,0.00
7101,77349,0.00
7102,61390,0.00
7103,58696,0.00
7104,60337,100.00
7105,63528,66.67
7106,25180,0.00
7107,47152,0.00
7108,37780,100.00
7109,24927,100.00
7110,24995,100.00
7111,20754,0.00
7112,20574,100.00
7113,24767,100.00
7114,32931,100.00
7115,44915,0.00
7116,51914,100.00
7117,35945,100.00
7118,38215,0.00
7119,47065,0.00
7120,51657,0.00
7121,56323,0.00
7122,50306,0.00
7123,60975,0.00
7124,60562,100.00
7125,19897,0.00
7126,25050,100.00
7127,26591,100.00
7128,50711,0.00
7129,53040,100.00
7130,41480,100.00
7131,28669,100.00
7132,24678,0.00
7133,15418,100.00
7134,17383,0.00
7135,18209,100.00
7136,56894,0.00
7137,31823,100.00
7138,25753,0.00
7139,26591,100.00
7140,33431,0.00
7141,57100,100.00
7142,31883,0.00
7143,31900,100.00
7144,26971,100.00
7145,25783,100.00
7146,23527,100.00
7147,21481,100.00
7148,36996,0.00
7149,27864,50.00
7150,36414,0.00
7151,43801,0.00
7152,55508,0.00
7153,61955,100.00
7154,57733,0.00
7155,29631,100.00
7156,25810,100.00
7157,22581,100.00
7158,23364,0.00
7159,39441,100.00
7160,43117,100.00
7161,46512,100.00
7162,37415,0.00
7163,28398,100.00
7164,27588,100.00
7165,29518,50.00
7166,33397,0.00
7167,47921,0.00
7168,51282,0.00
7169,52488,0.00
7170,50150,0.00
7171,52224,0.00
7172,65219,0.00
7173,67791,100.00
7174,23885,0.00
7175,43121,0.00
7176,33276,100.00
7177,26764,100.00
7178,21235,100.00
7179,21893,0.00
7180,24850,100.00
7181,46057,100.00
7182,47137,100.00
7183,41700,0.00
7184,31678,100.00
7185,29810,50.00
7186,54238,0.00
7187,52633,0.00
7188,47342,0.00
7189,53749,0.00
7190,49959,0.00
7191,62994,0.00
7192,61596,0.00
7193,44587,100.00
7194,23516,0.00
7195,59465,100.00
7196,67133,100.00
7197,57367,100.00
7198,29114,100.00
7199,19483,100.00
7200,23804,0.00
7201,18705,50.00
7202,18166,100.00
7203,44222,0.00
7204,50274,0.00
7205,32781,100.00
7206,22020,50.00
7207,31783,0.00
7208,49995,0.00
7209,44699,100.00
7210,38203,50.00
7211,30368,0.00
7212,31126,100.00
7213,26093,100.00
7214,35875,100.00
7215,37057,0.00
7216,38322,100.00
7217,19383,50.00
7218,37439,0.00
7219,46676,0.00
7220,56742,0.00
7221,57258,0.00
7222,64103,0.00
7223,27550,100.00
7224,23796,100.00
7225,27528,100.00
7226,23269,0.00
7227,56313,100.00
7228,49710,100.00
7229,57437,100.00
7230,41821,0.00
7231,28507,100.00
7232,26852,100.00
7233,32237,100.00
7234,41474,0.00
7235,38463,100.00
7236,56627,0.00
7237,52355,0.00
7238,52198,0.00
7239,59438,0.00
7240,57732,0.00
7241,55909,0.00
7242,64578,50.00
7243,34710,0.00
7244,37978,100.00
7245,33078,100.00
7246,21842,100.00
7247,21816,100.00
7248,25783,100.00
7249,28866,100.00
7250,43000,100.00
7251,36753,100.00
7252,57093,100.00
7253,35809,100.00
7254,42629,100.00
7255,26918,100.00
7256,47093,0.00
7257,46042,0.00
7258,48302,0.00
7259,53341,0.00
7260,54223,0.00
7261,62539,0.00
7262,51016,0.00
7263,59558,100.00
7264,60498,100.00
7265,43484,100.00
7266,44413,100.00
7267,41668,100.00
7268,27591,100.00
7269,27147,100.00
7270,22336,100.00
7271,23705,100.00
7272,36661,100.00
7273,42009,100.00
7274,49386,100.00
7275,58206,100.00
7276,54832,0.00
7277,48406,0.00
7278,50117,0.00
7279,53762,0.00
7280,58787,0.00
7281,58371,0.00
7282,64955,100.00
7283,66049,0.00
7284,37671,100.00
7285,29695,100.00
7286,53336,100.00
7287,47204,100.00
7288,55085,100.00
7289,40863,100.00
7290,29055,100.00
7291,25788,100.00
7292,29466,0.00
7293,24526,100.00
7294,38361,0.00
7295,61458,0.00
7296,54590,50.00
7297,35124,0.00
7298,31326,50.00
7299,43263,0.00
7300,58937,50.00
7301,52345,100.00
7302,18994,0.00
7303,22832,0.00
7304,26752,100.00
7305,28311,100.00
7306,23600,0.00
7307,37394,50.00
7308,25657,0.00
7309,58033,0.00
7310,45914,0.00
7311,43856,0.00
7312,56512,0.00
7313,59799,100.00
7314,21222,0.00
7315,21030,100.00
7316,24036,100.00
7317,24544,100.00
7318,50241,100.00
7319,48785,100.00
7320,54567,100.00
7321,41440,100.00
7322,27692,100.00
7323,22585,100.00
7324,35044,100.00
7325,42020,0.00
7326,55321,0.00
7327,52630,0.00
7328,56568,0.00
7329,62440,0.00
7330,49372,0.00
7331,60304,0.00
7332,63241,100.00
7333,62586,100.00
7334,23621,0.00
7335,40331,100.00
7336,25357,100.00
7337,22386,100.00
7338,21858,100.00
7339,22442,100.00
7340,43991,100.00
7341,41318,100.00
7342,43023,100.00
7343,42039,100.00
7344,22884,100.00
7345,58605,0.00
7346,46246,0.00
7347,49563,0.00
7348,52304,0.00
7349,45933,0.00
7350,47938,0.00
7351,49223,0.00
7352,65766,100.00
7353,46732,100.00
7354,37870,0.00
7355,45521,100.00
7356,42973,100.00
7357,37852,100.00
7358,24727,0.00
7359,21301,100.00
7360,24148,50.00
7361,22675,100.00
7362,36271,0.00
7363,30694,100.00
7364,38135,0.00
7365,32267,100.00
7366,22858,0.00
7367,27953,100.00
7368,45341,0.00
7369,29815,100.00
7370,23643,0.00
7371,26496,100.00
7372,26400,100.00
7373,28311,100.00
7374,31305,0.00
7375,40094,100.00
7376,40047,100.00
7377,31615,100.00
7378,47321,0.00
7379,51573,0.00
7380,52225,0.00
7381,56088,0.00
7382,52320,0.00
7383,44080,100.00
7384,30823,100.00
7385,28980,100.00
7386,39749,100.00
7387,40621,100.00
7388,38780,100.00
7389,44445,100.00
7390,41764,100.00
7391,28175,100.00
7392,28260,100.00
7393,24487,100.00
7394,51494,100.00
7395,56480,100.00
7396,59109,50.00
7397,53202,0.00
7398,51181,0.00
7399,57911,0.00
7400,55764,0.00
7401,47515,0.00
7402,49208,0.00
7403,67222,50.00
7404,41221,0.00
7405,49547,100.00
7406,25942,100.00
7407,23505,100.00
7408,24810,100.00
7409,24575,100.00
7410,53384,100.00
7411,50042,100.00
7412,57690,100.00
7413,45407,100.00
7414,32173,100.00
7415,25316,100.00
7416,31923,100.00
7417,48984,0.00
7418,56163,0.00
7419,54481,0.00
7420,57990,0.00
7421,71525,0.00
7422,64747,0.00
7423,72746,50.00
7424,63936,0.00
7425,51123,100.00
7426,38008,100.00
7427,49334,100.00
7428,31699,100.00
7429,26541,100.00
7430,22184,100.00
7431,23486,100.00
7432,42999,100.00
7433,38372,100.00
7434,32686,100.00
7435,50617,100.00
7436,33018,0.00
7437,51279,50.00
7438,53918,0.00
7439,51434,0.00
7440,54565,0.00
7441,56273,0.00
7442,63110,0.00
7443,45783,0.00
7444,43267,100.00
7445,36812,100.00
7446,33944,0.00
7447,42100,100.00
7448,46544,100.00
7449,42600,100.00
7450,27145,100.00
7451,18372,100.00
7452,24416,0.00
7453,22502,50.00
7454,37410,100.00
7455,45391,0.00
7456,56732,0.00
7457,30402,100.00
7458,23007,0.00
7459,30173,100.00
7460,57625,0.00
7461,58393,100.00
7462,22205,0.00
7463,20786,100.00
7464,23349,100.00
7465,25625,100.00
7466,23319,100.00
7467,42745,0.00
7468,28895,50.00
7469,58400,0.00
7470,50902,0.00
7471,54021,0.00
7472,47095,0.00
7473,57913,100.00
7474,39905,100.00
7475,30073,100.00
7476,26820,0.00
7477,27609,100.00
7478,33778,100.00
7479,45097,100.00
7480,40024,0.00
7481,54830,100.00
7482,36293,100.00
7483,27682,100.00
7484,38631,0.00
7485,25536,100.00
7486,61505,0.00
7487,60276,0.00
7488,63986,0.00
7489,72014,0.00
7490,61554,0.00
7491,61745,0.00
7492,74697,50.00
7493,23171,0.00
7494,73252,100.00
7495,22018,0.00
7496,69032,100.00
7497,42150,0.00
7498,45900,100.00
7499,24012,100.00
7500,28553,100.00
7501,24846,100.00
7502,24685,100.00
7503,53610,100.00
7504,49318,100.00
7505,57082,100.00
7506,41737,100.00
7507,39748,100.00
7508,62685,0.00
7509,60085,0.00
7510,59886,0.00
7511,73404,0.00
7512,61252,0.00
7513,60794,0.00
7514,54197,0.00
7515,69503,50.00
7516,35912,0.00
7517,28623,100.00
7518,55355,100.00
7519,50511,100.00
7520,43377,100.00
7521,41678,100.00
7522,25758,100.00
7523,22338,100.00
7524,20846,100.00
7525,25117,100.00
7526,38599,100.00
7527,42312,100.00
7528,39078,0.00
7529,48979,0.00
7530,58206,0.00
7531,58254,0.00
7532,74072,0.00
7533,64997,100.00
7534,56827,0.00
7535,45018,100.00
7536,24774,100.00
7537,35641,100.00
7538,23008,0.00
7539,39577,100.00
7540,56816,100.00
7541,55366,100.00
7542,23329,100.00
7543,38196,100.00
7544,27862,0.00
7545,15316,100.00
7546,52553,0.00
7547,59403,0.00
7548,68413,0.00
7549,39482,50.00
7550,31671,0.00
7551,30881,0.00
7552,34463,100.00
7553,46299,100.00
7554,54689,100.00
7555,42409,0.00
7556,31038,100.00
7557,23912,100.00
7558,24078,100.00
7559,26789,0.00
7560,34776,100.00
7561,50425,50.00
7562,43315,0.00
7563,58588,0.00
7564,58441,0.00
7565,58366,0.00
7566,58738,0.00
7567,71185,0.00
7568,69474,100.00
7569,34218,100.00
7570,20859,0.00
7571,23483,100.00
7572,25982,100.00
7573,26634,100.00
7574,64039,100.00
7575,61231,100.00
7576,55941,100.00
7577,32942,100.00
7578,24994,100.00
7579,27267,100.00
7580,31710,50.00
7581,49029,0.00
7582,59568,0.00
7583,61296,0.00
7584,59401,0.00
7585,62215,0.00
7586,65366,0.00
7587,73919,0.00
7588,69368,100.00
7589,68599,100.00
7590,49382,0.00
7591,30945,100.00
7592,25670,100.00
7593,22093,100.00
7594,24986,0.00
7595,27283,100.00
7596,58816,100.00
7597,54556,100.00
7598,55255,0.00
7599,40264,100.00
7600,44408,50.00
7601,52250,0.00
7602,48961,0.00
7603,56366,0.00
7604,65576,0.00
7605,63126,0.00
7606,68562,0.00
7607,50695,50.00
7608,33143,0.00
7609,29167,100.00
7610,56831,100.00
7611,51601,0.00
7612,47991,100.00
7613,35394,100.00
7614,20798,100.00
7615,24548,0.00
7616,16688,0.00
7617,18623,100.00
7618,40508,50.00
7619,64414,0.00
7620,49019,0.00
7621,29391,100.00
7622,30561,0.00
7623,44220,100.00
7624,52125,0.00
7625,52428,100.00
7626,18785,0.00
7627,21888,100.00
7628,25970,100.00
7629,24904,100.00
7630,47321,100.00
7631,45871,100.00
7632,48523,0.00
7633,134684,100.00
7634,69204,0.00
7635,64051,0.00
7636,81008,0.00
7637,59512,0.00
7638,75555,0.00
7639,26258,100.00
7640,27862,100.00
7641,32864,100.00
7642,31237,0.00
7643,37612,100.00
7644,33233,100.00
7645,47099,100.00
7646,34554,0.00
7647,26700,100.00
7648,39071,100.00
7649,28958,100.00
7650,38898,0.00
7651,52789,0.00
7652,58150,0.00
7653,54785,0.00
7654,51772,0.00
7655,54315,0.00
7656,54353,0.00
7657,66465,100.00
7658,19903,0.00
7659,53386,0.00
7660,55977,100.00
7661,29312,100.00
7662,21142,100.00
7663,26157,0.00
7664,32174,100.00
7665,46437,100.00
7666,35491,100.00
7667,55909,0.00
7668,48822,100.00
7669,33473,100.00
7670,48431,0.00
7671,58697,0.00
7672,57257,0.00
7673,54578,0.00
7674,59933,0.00
7675,64059,0.00
7676,72229,0.00
7677,63627,100.00
7678,25749,0.00
7679,56989,100.00
7680,31174,0.00
7681,49985,100.00
7682,43013,100.00
7683,22999,100.00
7684,27797,0.00
7685,25373,100.00
7686,41767,100.00
7687,50994,100.00
7688,41600,0.00
7689,61176,50.00
7690,51150,0.00
7691,57387,0.00
7692,59119,0.00
7693,56901,0.00
7694,70845,0.00
7695,64027,50.00
7696,48532,0.00
7697,38930,100.00
7698,22596,0.00
7699,24652,100.00
7700,53911,0.00
7701,50023,100.00
7702,38137,100.00
7703,34014,100.00
7704,24834,0.00
7705,24773,50.00
7706,19778,100.00
7707,52151,0.00
7708,64635,0.00
7709,65309,0.00
7710,46262,0.00
7711,44725,50.00
7712,29547,0.00
7713,70225,66.67
7714,31005,0.00
7715,55010,100.00
7716,45674,100.00
7717,33127,100.00
7718,22999,100.00
7719,25776,100.00
7720,29590,100.00
7721,46880,100.00
7722,38330,100.00
7723,37746,0.00
7724,57949,0.00
7725,57487,0.00
7726,59428,0.00
7727,64315,0.00
7728,73194,0.00
7729,68848,100.00
7730,22097,0.00
7731,21439,100.00
7732,24341,100.00
7733,26576,100.00
7734,53380,100.00
7735,50661,100.00
7736,35055,100.00
7737,58076,100.00
7738,35341,100.00
7739,33038,100.00
7740,43017,100.00
7741,26290,50.00
7742,68321,0.00
7743,153760,0.00
7744,58811,0.00
7745,58205,0.00
7746,59514,0.00
7747,66743,0.00
7748,68016,0.00
7749,69259,100.00
7750,22629,0.00
7751,51975,100.00
7752,46403,100.00
7753,25581,100.00
7754,22974,0.00
7755,24159,100.00
7756,23652,100.00
7757,45796,100.00
7758,37008,0.00
7759,45751,100.00
7760,55416,100.00
7761,47944,100.00
7762,52060,0.00
7763,77353,0.00
7764,59552,0.00
7765,227242,0.00
7766,112493,0.00
7767,59159,0.00
7768,70227,0.00
7769,47204,100.00
7770,21155,0.00
7771,60479,100.00
7772,53024,100.00
7773,39786,100.00
7774,43542,100.00
7775,30172,100.00
7776,29985,100.00
7777,23182,50.00
7778,39297,0.00
7779,31642,0.00
7780,63997,100.00
7781,80888,0.00
7782,35186,100.00
7783,34172,0.00
7784,39541,0.00
7785,62295,50.00
7786,51373,100.00
7787,40299,100.00
7788,25877,100.00
7789,28758,100.00
7790,31523,100.00
7791,33967,100.00
7792,58466,100.00
7793,52346,100.00
7794,40165,0.00
7795,57114,0.00
7796,61246,0.00
7797,61003,0.00
7798,61863,0.00
7799,67742,50.00
7800,63611,0.00
7801,33209,100.00
7802,24314,100.00
7803,27113,100.00
7804,56188,0.00
7805,40333,100.00
7806,31868,100.00
7807,56816,100.00
7808,47889,0.00
7809,37550,100.00
7810,26049,100.00
7811,44585,100.00
7812,62064,0.00
7813,53350,50.00
7814,61332,0.00
7815,58880,0.00
7816,60738,0.00
7817,59379,0.00
7818,66024,0.00
7819,73415,0.00
7820,66956,0.00
7821,65103,100.00
7822,20207,0.00
7823,21746,100.00
7824,25353,0.00
7825,30548,100.00
7826,56292,100.00
7827,39265,100.00
7828,34309,0.00
7829,50288,100.00
7830,38975,100.00
7831,42831,100.00
7832,39348,0.00
7833,46484,0.00
7834,50283,0.00
7835,61100,0.00
7836,61019,0.00
7837,72186,0.00
7838,121951,0.00
7839,77235,0.00
7840,64790,100.00
7841,60986,100.00
7842,29890,100.00
7843,56644,0.00
7844,47557,100.00
7845,26136,100.00
7846,25346,100.00
7847,26451,0.00
7848,44502,100.00
7849,40088,100.00
7850,33952,100.00
7851,50893,0.00
7852,49720,50.00
7853,53749,0.00
7854,54127,0.00
7855,52168,0.00
7856,57697,0.00
7857,57292,0.00
7858,78740,0.00
7859,55048,100.00
7860,40802,0.00
7861,30257,100.00
7862,52643,100.00
7863,49942,100.00
7864,31189,0.00
7865,38394,100.00
7866,38808,100.00
7867,24168,100.00
7868,35232,0.00
7869,32138,50.00
7870,44009,0.00
7871,48773,0.00
7872,64729,50.00
7873,39436,0.00
7874,55027,0.00
7875,40924,50.00
7876,37304,0.00
7877,58188,100.00
7878,25706,0.00
7879,22712,0.00
7880,30703,100.00
7881,27363,100.00
7882,23854,100.00
7883,49818,0.00
7884,47302,100.00
7885,47829,50.00
7886,55817,0.00
7887,56145,0.00
7888,59886,0.00
7889,63121,0.00
7890,58859,0.00
7891,61125,100.00
7892,53693,100.00
7893,31130,100.00
7894,27813,100.00
7895,46018,100.00
7896,41247,100.00
7897,42734,100.00
7898,30317,100.00
7899,41556,100.00
7900,46890,100.00
7901,40826,100.00
7902,37089,100.00
7903,48594,0.00
7904,50835,0.00
7905,64614,0.00
7906,59578,0.00
7907,58509,0.00
7908,61169,0.00
7909,71040,50.00
7910,46648,100.00
7911,23284,0.00
7912,29172,100.00
7913,48033,100.00
7914,45940,100.00
7915,29418,100.00
7916,34635,100.00
7917,46920,100.00
7918,29737,100.00
7919,25015,100.00
7920,31567,100.00
7921,56974,50.00
7922,65825,0.00
7923,59759,0.00
7924,60552,0.00
7925,63986,0.00
7926,58460,0.00
7927,59500,0.00
7928,76397,100.00
7929,37370,50.00
7930,62419,0.00
7931,50450,100.00
7932,27377,100.00
7933,26943,100.00
7934,24963,0.00
7935,48805,100.00
7936,48502,100.00
7937,30068,100.00
7938,60044,0.00
7939,42019,0.00
7940,52070,0.00
7941,59882,0.00
7942,60149,0.00
7943,62042,50.00
7944,51591,0.00
7945,35279,50.00
7946,48525,100.00
7947,54074,0.00
7948,42161,100.00
7949,32146,100.00
7950,25936,100.00
7951,35398,0.00
7952,43404,100.00
7953,31971,100.00
7954,31083,100.00
7955,50133,0.00
7956,55989,0.00
7957,54971,0.00
7958,55729,0.00
7959,53100,0.00
7960,61175,0.00
7961,40586,50.00
7962,35031,100.00
7963,30384,100.00
7964,57384,100.00
7965,47202,100.00
7966,32540,100.00
7967,23405,100.00
7968,27813,100.00
7969,55387,100.00
7970,47793,100.00
7971,47664,100.00
7972,53033,100.00
7973,27899,0.00
7974,25112,50.00
7975,50518,0.00
7976,54380,0.00
7977,58473,0.00
7978,60421,0.00
7979,72340,0.00
7980,62545,0.00
7981,43372,100.00
7982,54840,100.00
7983,46727,100.00
7984,34833,100.00
7985,29098,100.00
7986,59764,100.00
7987,38192,100.00
7988,28062,100.00
7989,25923,100.00
7990,37597,100.00
7991,51355,100.00
7992,47798,50.00
7993,29458,100.00
7994,29555,0.00
7995,53279,0.00
7996,58277,0.00
7997,57230,0.00
7998,58334,0.00
7999,73271,0.00
8000,90954,0.00
8001,60302,100.00
8002,37403,0.00
8003,29235,100.00
8004,38033,100.00
8005,38381,100.00
8006,28717,0.00
8007,24722,100.00
8008,44105,100.00
8009,38650,100.00
8010,29253,0.00
8011,32406,100.00
8012,42192,50.00
8013,45491,0.00
8014,54969,0.00
8015,59092,0.00
8016,66746,0.00
8017,56306,0.00
8018,60150,0.00
8019,65731,66.67
8020,31555,0.00
8021,50838,100.00
8022,43919,100.00
8023,33208,100.00
8024,26091,100.00
8025,24847,100.00
8026,50183,100.00
8027,37359,100.00
8028,39386,100.00
8029,46266,0.00
8030,51495,0.00
8031,47205,0.00
8032,55933,0.00
8033,52147,50.00
8034,30308,0.00
8035,26409,50.00
8036,34816,0.00
8037,43515,100.00
8038,32828,0.00
8039,41386,100.00
8040,35032,100.00
8041,32184,100.00
8042,36922,0.00
8043,48159,100.00
8044,50064,100.00
8045,53021,100.00
8046,61589,0.00
8047,55289,0.00
8048,60168,0.00
8049,59398,0.00
8050,68449,50.00
8051,43264,0.00
8052,50901,0.00
8053,64401,100.00
8054,23134,0.00
8055,47917,100.00
8056,45023,0.00
8057,33266,100.00
8058,23702,100.00
8059,23819,100.00
8060,25425,0.00
8061,56663,100.00
8062,39116,100.00
8063,24718,0.00
8064,34089,50.00
8065,52844,0.00
8066,61362,0.00
8067,57256,0.00
8068,61851,0.00
8069,66359,0.00
8070,63938,50.00
8071,45897,100.00
8072,34029,0.00
8073,27837,100.00
8074,51444,0.00
8075,51269,100.00
8076,44379,100.00
8077,43856,100.00
8078,25567,0.00
8079,27281,100.00
8080,27637,100.00
8081,24384,50.00
8082,38679,100.00
8083,31722,0.00
8084,48535,0.00
8085,58495,0.00
8086,60345,0.00
8087,66903,0.00
8088,71323,50.00
8089,57584,100.00
8090,55772,0.00
8091,38884,100.00
8092,23497,100.00
8093,25990,100.00
8094,22605,100.00
8095,55939,100.00
8096,51345,100.00
8097,52259,100.00
8098,40329,100.00
8099,45553,0.00
8100,51159,0.00
8101,50562,0.00
8102,58396,0.00
8103,65459,0.00
8104,53335,100.00
8105,37552,50.00
8106,37548,0.00
8107,47853,100.00
8108,46706,100.00
8109,34156,100.00
8110,39537,0.00
8111,34372,100.00
8112,45293,100.00
8113,28959,100.00
8114,40044,0.00
8115,54734,50.00
8116,62330,0.00
8117,66161,0.00
8118,63635,0.00
8119,59448,0.00
8120,54279,50.00
8121,56424,0.00
8122,66554,66.67
8123,37497,0.00
8124,39349,0.00
8125,31422,100.00
8126,23653,100.00
8127,24090,100.00
8128,27606,0.00
8129,51061,100.00
8130,54649,100.00
8131,50147,100.00
8132,33782,0.00
8133,25731,100.00
8134,28486,50.00
8135,58004,0.00
8136,58046,0.00
8137,55171,0.00
8138,58348,0.00
8139,65589,0.00
8140,54072,0.00
8141,65939,100.00
8142,22268,0.00
8143,40375,100.00
8144,27823,100.00
8145,51513,100.00
8146,34196,100.00
8147,22738,100.00
8148,23391,100.00
8149,29907,100.00
8150,53244,100.00
8151,42012,100.00
8152,42413,0.00
8153,27543,100.00
8154,48818,0.00
8155,64869,0.00
8156,58988,0.00
8157,48181,0.00
8158,54512,0.00
8159,54583,0.00
8160,36401,50.00
8161,54074,100.00
8162,21674,0.00
8163,39536,100.00
8164,43427,0.00
8165,32404,100.00
8166,42081,100.00
8167,42593,100.00
8168,31063,0.00
8169,26693,100.00
8170,23086,100.00
8171,46201,0.00
8172,47745,50.00
8173,57047,0.00
8174,57693,0.00
8175,55693,0.00
8176,52888,0.00
8177,66543,0.00
8178,58406,0.00
8179,38058,100.00
8180,58427,100.00
8181,43251,100.00
8182,29096,100.00
8183,25056,100.00
8184,35693,100.00
8185,40585,100.00
8186,27391,100.00
8187,28577,100.00
8188,48597,0.00
8189,54928,50.00
8190,54226,0.00
8191,54749,0.00
8192,54141,0.00
8193,44336,0.00
8194,27734,100.00
8195,30609,50.00
8196,42710,0.00
8197,46823,100.00
8198,37987,100.00
8199,31223,100.00
8200,29153,0.00
8201,37865,100.00
8202,37385,100.00
8203,26497,100.00
8204,32624,0.00
8205,42924,0.00
8206,41080,0.00
8207,48538,0.00
8208,50687,0.00
8209,65769,50.00
8210,23353,0.00
8211,53033,100.00
8212,55886,0.00
8213,29919,100.00
8214,45591,100.00
8215,43721,100.00
8216,27997,0.00
8217,22298,100.00
8218,23626,100.00
8219,29730,100.00
8220,46486,0.00
8221,32845,100.00
8222,25479,0.00
8223,24005,0.00
8224,59036,0.00
8225,71367,0.00
8226,69390,0.00
8227,58800,0.00
8228,70620,0.00
8229,59792,100.00
8230,51652,50.00
8231,23941,0.00
8232,26199,100.00
8233,52850,100.00
8234,47850,100.00
8235,35078,0.00
8236,42435,100.00
8237,27987,100.00
8238,23211,100.00
8239,28630,0.00
8240,23902,100.00
8241,44386,100.00
8242,27161,0.00
8243,43744,0.00
8244,51982,0.00
8245,50131,0.00
8246,54748,0.00
8247,64445,100.00
8248,50463,0.00
8249,53605,100.00
8250,31791,100.00
8251,27733,100.00
8252,28782,0.00
8253,45329,100.00
8254,23267,0.00
8255,40146,100.00
8256,39849,0.00
8257,41212,100.00
8258,36533,100.00
8259,18930,100.00
8260,34625,0.00
8261,43464,0.00
8262,51256,0.00
8263,61219,0.00
8264,59736,0.00
8265,68896,0.00
8266,68386,100.00
8267,32859,100.00
8268,60959,0.00
8269,50443,100.00
8270,47206,100.00
8271,45984,100.00
8272,34141,0.00
8273,26511,100.00
8274,26408,100.00
8275,34411,100.00
8276,39679,0.00
8277,25606,66.67
8278,40253,0.00
8279,51836,0.00
8280,53437,0.00
8281,51102,0.00
8282,61971,0.00
8283,62449,0.00
8284,60700,100.00
8285,44014,100.00
8286,24623,100.00
8287,23333,100.00
8288,24552,100.00
8289,39530,100.00
8290,44014,100.00
8291,39951,100.00
8292,46708,100.00
8293,28583,100.00
8294,21904,50.00
8295,42543,0.00
8296,48002,0.00
8297,45709,0.00
8298,46164,0.00
8299,49704,0.00
8300,64950,0.00
8301,40537,100.00
8302,52677,100.00
8303,42954,100.00
8304,34541,0.00
8305,40761,100.00
8306,39134,100.00
8307,26539,100.00
8308,23717,0.00
8309,24218,100.00
8310,28413,100.00
8311,45767,100.00
8312,36507,0.00
8313,29582,50.00
8314,17668,100.00
8315,51756,0.00
8316,56733,0.00
8317,64061,0.00
8318,61533,0.00
8319,69966,0.00
8320,68893,0.00
8321,65012,100.00
8322,25671,0.00
8323,25859,100.00
8324,50246,100.00
8325,45355,100.00
8326,28816,0.00
8327,48015,100.00
8328,39421,100.00
8329,25490,100.00
8330,30027,0.00
8331,23480,100.00
8332,38113,100.00
8333,48940,0.00
8334,53997,0.00
8335,59234,0.00
8336,56694,0.00
8337,55206,0.00
8338,66880,0.00
8339,67836,0.00
8340,39501,100.00
8341,52383,100.00
8342,42232,100.00
8343,41051,0.00
8344,29266,100.00
8345,39167,100.00
8346,32866,100.00
8347,24356,0.00
8348,34638,100.00
8349,45248,50.00
8350,27756,0.00
8351,38436,0.00
8352,40145,0.00
8353,62275,50.00
8354,22596,0.00
8355,37852,0.00
8356,59291,66.67
8357,22744,0.00
8358,37585,100.00
8359,22575,100.00
8360,43595,100.00
8361,23441,100.00
8362,39284,100.00
8363,42465,100.00
8364,30024,100.00
8365,31416,100.00
8366,43700,0.00
8367,46212,0.00
8368,48860,0.00
8369,50685,0.00
8370,46938,0.00
8371,39835,100.00
8372,60369,0.00
8373,40328,100.00
8374,23020,0.00
8375,44125,100.00
8376,37041,100.00
8377,26615,100.00
8378,25562,0.00
8379,31578,100.00
8380,42228,100.00
8381,38004,100.00
8382,40912,0.00
8383,42744,100.00
8384,31686,50.00
8385,55041,0.00
8386,60030,0.00
8387,62014,0.00
8388,60035,0.00
8389,67382,0.00
8390,72555,0.00
8391,60795,0.00
8392,33688,100.00
8393,53789,100.00
8394,44457,100.00
8395,26394,0.00
8396,29863,100.00
8397,29713,100.00
8398,41991,100.00
8399,28112,0.00
8400,42640,100.00
8401,38784,100.00
8402,44276,100.00
8403,23084,0.00
8404,31997,0.00
8405,37566,0.00
8406,35865,0.00
8407,39300,0.00
8408,46456,0.00
8409,73248,50.00
8410,44945,0.00
8411,57992,50.00
8412,59619,0.00
8413,35138,100.00
8414,26188,100.00
8415,36706,100.00
8416,44528,0.00
8417,28070,100.00
8418,27964,100.00
8419,34567,100.00
8420,32483,0.00
8421,26296,100.00
8422,33155,0.00
8423,52410,0.00
8424,49994,0.00
8425,53538,0.00
8426,53093,0.00
8427,52528,0.00
8428,63742,50.00
8429,68104,100.00
8430,26611,0.00
8431,29023,100.00
8432,47853,100.00
8433,42883,100.00
8434,40009,0.00
8435,29432,100.00
8436,28214,100.00
8437,47055,100.00
8438,50324,0.00
8439,32098,100.00
8440,53669,50.00
8441,51463,0.00
8442,50841,0.00
8443,62927,0.00
8444,51668,0.00
8445,60792,0.00
8446,43297,100.00
8447,51782,100.00
8448,44632,0.00
8449,40326,100.00
8450,47035,100.00
8451,45574,100.00
8452,38587,0.00
8453,30373,100.00
8454,37684,100.00
8455,40279,100.00
8456,36693,0.00
8457,28394,100.00
8458,40147,0.00
8459,53289,0.00
8460,58351,0.00
8461,55408,0.00
8462,69503,33.33
8463,25092,0.00
8464,64641,0.00
8465,60727,100.00
8466,19314,0.00
8467,26064,100.00
8468,41729,100.00
8469,36714,100.00
8470,31970,100.00
8471,26098,100.00
8472,53313,100.00
8473,39683,100.00
8474,35835,100.00
8475,37355,100.00
8476,45749,0.00
8477,52567,0.00
8478,51913,0.00
8479,52205,0.00
8480,54104,0.00
8481,66214,50.00
8482,67370,100.00
8483,31905,0.00
8484,29672,100.00
8485,43284,100.00
8486,34774,100.00
8487,26324,100.00
8488,26333,100.00
8489,41956,100.00
8490,32326,100.00
8491,25221,100.00
8492,29638,100.00
8493,30166,100.00
8494,35234,50.00
8495,31191,0.00
8496,59325,0.00
8497,47535,0.00
8498,47281,0.00
8499,54549,0.00
8500,68235,0.00
8501,46182,50.00
8502,57197,100.00
8503,44917,0.00
8504,33466,100.00
8505,28171,100.00
8506,24178,100.00
8507,43031,0.00
8508,37096,100.00
8509,29619,100.00
8510,41401,0.00
8511,43076,50.00
8512,57862,0.00
8513,66273,0.00
8514,81459,0.00
8515,22998,0.00
8516,44800,100.00
8517,34874,50.00
8518,39458,0.00
8519,56924,100.00
8520,42178,100.00
8521,40500,100.00
8522,26785,100.00
8523,39465,100.00
8524,57103,100.00
8525,34435,100.00
8526,43335,100.00
8527,53500,0.00
8528,55706,0.00
8529,58470,0.00
8530,52786,0.00
8531,67090,0.00
8532,54671,0.00
8533,48282,66.67
8534,22703,0.00
8535,25462,100.00
8536,54564,100.00
8537,41986,100.00
8538,29046,100.00
8539,22181,100.00
8540,27646,100.00
8541,50786,100.00
8542,42734,100.00
8543,36973,100.00
8544,33139,100.00
8545,23933,0.00
8546,40444,50.00
8547,41439,0.00
8548,46121,0.00
8549,56168,0.00
8550,48422,0.00
8551,58916,0.00
8552,48997,0.00
8553,56181,100.00
8554,20436,0.00
8555,41389,100.00
8556,27302,100.00
8557,25646,100.00
8558,43630,100.00
8559,34462,100.00
8560,26063,100.00
8561,23782,100.00
8562,39642,100.00
8563,47397,100.00
8564,29068,50.00
8565,42606,0.00
8566,52830,0.00
8567,52180,0.00
8568,49981,0.00
8569,54348,0.00
8570,54919,0.00
8571,62761,50.00
8572,67764,0.00
8573,59571,100.00
8574,23721,0.00
8575,23211,100.00
8576,51396,100.00
8577,37103,100.00
8578,26341,0.00
8579,24863,100.00
8580,53772,100.00
8581,34745,100.00
8582,29248,0.00
8583,28096,100.00
8584,51907,50.00
8585,71895,0.00
8586,61203,0.00
8587,57723,0.00
8588,59279,0.00
8589,46274,0.00
8590,58079,0.00
8591,44170,100.00
8592,51727,100.00
8593,41973,100.00
8594,71304,100.00
8595,51303,100.00
8596,40612,100.00
8597,31181,100.00
8598,42811,100.00
8599,34806,100.00
8600,37834,50.00
8601,46605,0.00
8602,49948,0.00
8603,47084,0.00
8604,52424,0.00
8605,64119,50.00
8606,21272,0.00
8607,31600,50.00
8608,31398,0.00
8609,56063,100.00
8610,25883,0.00
8611,36521,100.00
8612,34378,100.00
8613,29318,100.00
8614,31755,100.00
8615,41909,100.00
8616,44702,100.00
8617,39426,0.00
8618,54279,0.00
8619,54065,0.00
8620,58465,0.00
8621,54290,0.00
8622,51660,50.00
8623,43163,0.00
8624,58118,100.00
8625,44676,100.00
8626,32714,0.00
8627,42695,100.00
8628,42564,100.00
8629,29363,100.00
8630,24550,0.00
8631,24363,100.00
8632,45292,100.00
8633,48503,100.00
8634,30120,0.00
8635,37133,100.00
8636,35358,0.00
8637,44276,0.00
8638,69997,0.00
8639,66882,0.00
8640,63405,0.00
8641,76540,50.00
8642,30898,0.00
8643,50745,0.00
8644,49034,50.00
8645,58927,100.00
8646,24120,0.00
8647,21990,100.00
8648,26613,100.00
8649,31511,100.00
8650,42675,100.00
8651,29758,100.00
8652,30781,100.00
8653,43149,100.00
8654,43906,100.00
8655,44276,0.00
8656,45447,0.00
8657,49961,0.00
8658,47344,0.00
8659,55534,0.00
8660,57629,50.00
8661,49565,0.00
8662,63064,50.00
8663,32972,100.00
8664,23768,100.00
8665,27549,100.00
8666,23626,100.00
8667,47883,100.00
8668,49909,100.00
8669,33933,100.00
8670,51427,100.00
8671,48919,100.00
8672,54453,0.00
8673,48193,0.00
8674,48788,0.00
8675,64711,0.00
8676,47243,0.00
8677,36640,50.00
8678,44837,100.00
8679,48918,100.00
8680,43308,100.00
8681,37260,100.00
8682,26885,100.00
8683,37490,100.00
8684,45523,100.00
8685,37934,100.00
8686,24199,100.00
8687,72010,0.00
8688,60752,0.00
8689,62859,0.00
8690,60843,0.00
8691,56161,0.00
8692,54934,50.00
8693,34513,100.00
8694,38799,0.00
8695,29278,100.00
8696,54252,100.00
8697,41893,100.00
8698,24523,0.00
8699,21583,100.00
8700,24951,100.00
8701,43040,100.00
8702,41907,0.00
8703,42124,100.00
8704,51832,50.00
8705,23014,100.00
8706,22708,0.00
8707,43366,0.00
8708,44439,0.00
8709,50210,0.00
8710,53532,0.00
8711,64749,0.00
8712,49666,50.00
8713,54636,100.00
8714,21389,0.00
8715,32023,0.00
8716,28691,100.00
8717,28299,100.00
8718,44854,100.00
8719,32646,0.00
8720,25420,100.00
8721,23243,100.00
8722,38835,100.00
8723,42462,0.00
8724,32960,100.00
8725,28019,50.00
8726,53541,0.00
8727,66551,0.00
8728,59923,0.00
8729,56412,0.00
8730,56049,0.00
8731,70476,0.00
8732,65468,50.00
8733,45083,100.00
8734,24111,0.00
8735,25477,100.00
8736,45900,0.00
8737,42021,100.00
8738,29671,100.00
8739,38877,100.00
8740,42859,0.00
8741,33503,100.00
8742,23319,100.00
8743,19680,100.00
8744,33106,0.00
8745,39846,0.00
8746,37053,0.00
8747,42588,0.00
8748,50585,0.00
8749,51189,0.00
8750,56931,50.00
8751,57767,0.00
8752,40323,100.00
8753,51368,100.00
8754,40832,0.00
8755,32022,100.00
8756,28270,100.00
8757,38141,100.00
8758,34684,0.00
8759,26894,100.00
8760,37296,50.00
8761,38276,100.00
8762,54873,0.00
8763,55724,0.00
8764,59394,0.00
8765,65269,50.00
8766,24415,0.00
8767,30895,50.00
8768,38544,0.00
8769,58325,100.00
8770,28239,0.00
8771,29463,100.00
8772,34400,0.00
8773,25738,100.00
8774,52170,100.00
8775,52502,100.00
8776,45282,0.00
8777,54836,50.00
8778,57254,0.00
8779,68578,0.00
8780,58050,0.00
8781,62272,0.00
8782,34476,50.00
8783,37401,0.00
8784,64011,100.00
8785,52114,100.00
8786,32222,100.00
8787,50076,100.00
8788,37611,100.00
8789,25860,100.00
8790,27075,100.00
8791,26541,100.00
8792,61722,100.00
8793,49946,100.00
8794,40749,50.00
8795,42740,0.00
8796,63308,50.00
8797,52749,0.00
8798,58222,0.00
8799,57348,0.00
8800,56846,0.00
8801,64942,0.00
8802,23666,0.00
8803,42028,100.00
8804,48698,0.00
8805,34403,100.00
8806,34268,0.00
8807,42427,0.00
8808,50528,100.00
8809,38570,100.00
8810,28815,100.00
8811,24297,0.00
8812,22521,100.00
8813,42764,50.00
8814,46378,0.00
8815,39429,50.00
8816,37792,0.00
8817,46420,0.00
8818,48839,0.00
8819,51350,50.00
8820,57710,0.00
8821,64539,100.00
8822,37416,100.00
8823,26646,0.00
8824,27194,100.00
8825,28150,100.00
8826,33783,0.00
8827,45158,0.00
8828,45390,100.00
8829,43862,100.00
8830,29434,100.00
8831,42043,0.00
8832,51469,0.00
8833,49084,0.00
8834,51501,0.00
8835,57119,0.00
8836,51939,100.00
8837,41240,50.00
8838,41147,0.00
8839,56321,100.00
8840,67212,100.00
8841,34255,100.00
8842,39503,0.00
8843,42993,100.00
8844,50068,100.00
8845,25697,100.00
8846,41508,0.00
8847,38157,0.00
8848,56957,0.00
8849,60805,0.00
8850,65036,33.33
8851,21389,0.00
8852,43299,0.00
8853,35595,50.00
8854,47438,0.00
8855,52659,50.00
8856,51215,100.00
8857,27088,100.00
8858,22245,100.00
8859,25073,100.00
8860,28536,100.00
8861,52785,100.00
8862,56226,100.00
8863,46432,100.00
8864,41057,0.00
8865,30746,50.00
8866,39116,0.00
8867,54686,0.00
8868,55991,0.00
8869,67083,0.00
8870,51685,50.00
8871,32794,0.00
8872,43199,50.00
8873,59819,100.00
8874,20644,0.00
8875,24914,100.00
8876,58979,100.00
8877,40471,100.00
8878,25613,100.00
8879,21687,100.00
8880,25095,100.00
8881,55441,100.00
8882,40938,100.00
8883,29869,0.00
8884,22966,50.00
8885,44744,0.00
8886,55072,0.00
8887,60638,0.00
8888,62724,0.00
8889,87852,50.00
8890,64203,0.00
8891,43793,0.00
8892,35739,100.00
8893,43008,100.00
8894,31259,0.00
8895,45870,0.00
8896,46783,100.00
8897,52547,100.00
8898,42720,100.00
8899,25325,0.00
8900,29851,100.00
8901,18699,100.00
8902,41902,0.00
8903,43516,100.00
8904,61702,0.00
8905,54626,0.00
8906,53838,0.00
8907,54148,0.00
8908,62982,0.00
8909,59430,100.00
8910,32948,0.00
8911,39100,0.00
8912,27933,100.00
8913,25100,100.00
8914,22733,100.00
8915,32632,0.00
8916,34621,100.00
8917,29827,100.00
8918,41194,0.00
8919,50393,100.00
8920,59060,0.00
8921,57013,0.00
8922,50084,0.00
8923,49847,0.00
8924,59183,0.00
8925,41850,66.67
8926,25215,0.00
8927,29884,100.00
8928,54158,100.00
8929,40147,100.00
8930,36294,100.00
8931,36432,100.00
8932,44577,100.00
8933,50155,100.00
8934,25857,100.00
8935,52510,0.00
8936,60017,0.00
8937,72925,0.00
8938,59640,0.00
8939,71433,0.00
8940,32656,0.00
8941,26698,100.00
8942,45361,50.00
8943,55101,0.00
8944,45372,100.00
8945,43170,100.00
8946,24413,100.00
8947,26692,0.00
8948,23286,100.00
8949,26113,100.00
8950,24818,100.00
8951,50388,0.00
8952,49413,100.00
8953,35609,100.00
8954,24486,0.00
8955,47376,0.00
8956,61748,0.00
8957,52990,0.00
8958,70946,50.00
8959,54898,0.00
8960,50525,0.00
8961,48765,100.00
8962,23718,0.00
8963,23743,100.00
8964,56258,0.00
8965,49711,100.00
8966,45569,100.00
8967,41629,100.00
8968,27052,0.00
8969,23208,100.00
8970,31081,100.00
8971,33844,0.00
8972,59506,100.00
8973,31182,0.00
8974,44127,0.00
8975,54907,0.00
8976,56973,0.00
8977,69400,50.00
8978,24748,0.00
8979,64291,100.00
8980,44083,0.00
8981,43224,100.00
8982,22882,0.00
8983,25441,100.00
8984,43552,100.00
8985,53568,100.00
8986,56725,100.00
8987,44879,100.00
8988,33307,100.00
8989,40635,100.00
8990,30367,0.00
8991,40926,50.00
8992,50949,0.00
8993,55460,0.00
8994,53102,0.00
8995,65180,0.00
8996,70245,100.00
8997,22453,0.00
8998,27658,100.00
8999,52632,100.00
9000,102099,100.00
9001,55074,100.00
9002,26313,100.00
9003,22286,100.00
9004,26605,100.00
9005,25985,100.00
9006,58348,50.00
9007,59222,0.00
9008,58196,0.00
9009,55131,0.00
9010,57710,0.00
9011,54514,0.00
9012,73217,100.00
9013,66618,50.00
9014,22220,0.00
9015,22674,100.00
9016,25343,100.00
9017,24340,100.00
9018,25903,100.00
9019,39896,100.00
9020,45254,100.00
9021,44644,100.00
9022,34265,100.00
9023,30939,100.00
9024,41951,0.00
9025,40702,0.00
9026,51955,0.00
9027,53445,0.00
9028,72438,0.00
9029,64424,100.00
9030,37689,100.00
9031,44937,50.00
9032,39628,0.00
9033,49771,100.00
9034,44141,100.00
9035,45714,100.00
9036,32275,100.00
9037,23428,100.00
9038,22643,100.00
9039,29135,100.00
9040,47861,100.00
9041,41778,100.00
9042,23968,0.00
9043,24826,100.00
9044,52279,0.00
9045,63414,0.00
9046,59404,0.00
9047,57698,0.00
9048,75159,100.00
9049,66743,0.00
9050,34847,100.00
9051,39536,100.00
9052,31021,0.00
9053,46544,100.00
9054,40421,100.00
9055,41467,100.00
9056,45964,0.00
9057,28232,100.00
9058,20247,100.00
9059,19819,100.00
9060,26222,0.00
9061,41162,100.00
9062,44255,0.00
9063,49998,0.00
9064,52954,0.00
9065,55692,0.00
9066,60516,0.00
9067,51563,100.00
9068,54141,0.00
9069,59089,100.00
9070,21277,0.00
9071,23196,100.00
9072,32350,100.00
9073,25493,100.00
9074,47237,0.00
9075,42242,100.00
9076,34673,100.00
9077,42578,100.00
9078,41725,0.00
9079,44705,0.00
9080,51355,0.00
9081,65455,50.00
9082,20242,0.00
9083,38451,0.00
9084,36604,100.00
9085,37541,100.00
9086,32457,0.00
9087,40920,100.00
9088,47116,100.00
9089,29633,100.00
9090,47328,100.00
9091,42650,100.00
9092,30197,100.00
9093,42692,100.00
9094,47375,0.00
9095,47505,0.00
9096,56951,0.00
9097,56619,0.00
9098,66123,0.00
9099,37119,50.00
9100,39770,0.00
9101,53189,66.67
9102,26862,0.00
9103,41374,100.00
9104,29386,100.00
9105,24300,100.00
9106,21650,100.00
9107,27340,100.00
9108,37066,100.00
9109,45353,100.00
9110,48312,100.00
9111,55763,100.00
9112,58335,0.00
9113,45652,0.00
9114,56178,0.00
9115,52564,0.00
9116,59390,0.00
9117,76293,0.00
9118,49484,50.00
9119,48302,0.00
9120,43017,100.00
9121,47828,100.00
9122,39487,0.00
9123,32542,100.00
9124,39977,100.00
9125,43752,100.00
9126,39837,0.00
9127,23735,100.00
9128,24988,100.00
9129,26854,100.00
9130,45431,0.00
9131,27097,0.00
9132,67827,50.00
9133,61592,0.00
9134,60581,0.00
9135,60667,0.00
9136,77827,0.00
9137,58912,100.00
9138,66184,0.00
9139,40232,100.00
9140,27299,100.00
9141,28097,100.00
9142,24699,100.00
9143,57505,100.00
9144,55470,100.00
9145,43248,100.00
9146,40459,100.00
9147,33949,100.00
9148,34126,100.00
9149,20471,0.00
9150,47078,0.00
9151,50431,0.00
9152,57237,0.00
9153,55080,0.00
9154,56923,0.00
9155,67587,50.00
9156,28921,0.00
9157,57780,100.00
9158,44251,100.00
9159,44534,0.00
9160,46516,100.00
9161,25796,100.00
9162,25750,100.00
9163,21639,0.00
9164,40102,100.00
9165,34144,100.00
9166,25470,100.00
9167,59470,0.00
9168,53813,0.00
9169,52764,0.00
9170,51726,0.00
9171,47415,0.00
9172,64543,0.00
9173,59855,100.00
9174,24598,0.00
9175,23653,100.00
9176,28187,100.00
9177,40363,100.00
9178,43843,100.00
9179,43870,100.00
9180,30063,100.00
9181,45972,100.00
9182,36809,100.00
9183,31468,100.00
9184,35816,0.00
9185,51843,0.00
9186,52825,0.00
9187,51716,0.00
9188,67665,0.00
9189,61614,50.00
9190,36880,0.00
9191,47135,0.00
9192,51018,100.00
9193,33636,100.00
9194,24716,100.00
9195,46618,0.00
9196,43988,100.00
9197,27282,100.00
9198,22541,100.00
9199,25173,0.00
9200,63051,100.00
9201,45080,100.00
9202,32447,0.00
9203,23532,50.00
9204,45414,0.00
9205,58018,0.00
9206,53264,0.00
9207,55675,0.00
9208,57242,0.00
9209,67040,0.00
9210,56435,100.00
9211,42409,100.00
9212,32446,0.00
9213,37311,100.00
9214,35256,100.00
9215,30847,100.00
9216,35141,0.00
9217,38821,100.00
9218,23868,100.00
9219,23922,100.00
9220,25510,0.00
9221,29401,66.67
9222,32220,0.00
9223,34157,0.00
9224,50539,0.00
9225,50562,0.00
9226,50566,0.00
9227,48760,0.00
9228,65100,100.00
9229,37527,50.00
9230,55635,0.00
9231,38499,100.00
9232,28205,100.00
9233,27395,100.00
9234,24172,0.00
9235,40891,100.00
9236,41942,100.00
9237,30993,100.00
9238,53173,0.00
9239,46081,0.00
9240,55045,0.00
9241,56652,0.00
9242,67442,50.00
9243,24902,0.00
9244,41860,0.00
9245,35531,100.00
9246,40342,100.00
9247,53377,100.00
9248,39061,0.00
9249,32438,100.00
9250,23709,100.00
9251,40810,100.00
9252,46469,0.00
9253,29222,100.00
9254,39355,100.00
9255,42432,0.00
9256,53625,0.00
9257,54629,0.00
9258,54969,0.00
9259,58301,0.00
9260,58598,100.00
9261,34006,0.00
9262,33907,100.00
9263,29877,100.00
9264,56763,100.00
9265,45654,100.00
9266,16745,0.00
9267,21425,100.00
9268,23667,100.00
9269,49725,100.00
9270,42300,100.00
9271,47327,100.00
9272,36698,100.00
9273,24450,100.00
9274,21795,0.00
9275,52127,0.00
9276,47275,0.00
9277,51824,0.00
9278,50082,0.00
9279,61221,0.00
9280,52626,0.00
9281,57975,66.67
9282,21548,0.00
9283,34766,100.00
9284,26357,100.00
9285,27626,100.00
9286,52319,0.00
9287,32320,100.00
9288,29847,100.00
9289,24410,100.00
9290,54133,0.00
9291,51327,100.00
9292,31023,100.00
9293,47665,0.00
9294,50265,0.00
9295,53319,0.00
9296,58009,0.00
9297,55165,0.00
9298,56987,0.00
9299,68195,50.00
9300,59204,100.00
9301,41465,100.00
9302,20340,0.00
9303,23454,100.00
9304,51680,100.00
9305,33489,100.00
9306,28772,100.00
9307,21895,100.00
9308,44640,100.00
9309,23978,100.00
9310,29255,100.00
9311,27149,0.00
9312,51852,50.00
9313,58180,0.00
9314,53830,0.00
9315,57414,0.00
9316,55785,0.00
9317,59427,0.00
9318,69441,0.00
9319,49505,50.00
9320,37352,100.00
9321,54405,100.00
9322,39168,100.00
9323,28979,100.00
9324,29203,100.00
9325,35428,100.00
9326,34073,100.00
9327,25888,100.00
9328,39382,100.00
9329,41688,0.00
9330,45638,0.00
9331,53745,0.00
9332,70538,50.00
9333,36055,0.00
9334,32127,0.00
9335,27474,100.00
9336,33484,100.00
9337,59035,100.00
9338,24631,0.00
9339,28003,100.00
9340,34541,100.00
9341,25870,100.00
9342,46773,100.00
9343,46729,100.00
9344,34185,100.00
9345,36917,0.00
9346,46159,0.00
9347,50204,0.00
9348,57133,0.00
9349,70454,50.00
9350,24224,0.00
9351,33999,0.00
9352,61570,100.00
9353,52422,100.00
9354,25049,0.00
9355,45230,100.00
9356,37495,100.00
9357,25145,100.00
9358,24337,0.00
9359,24559,100.00
9360,46240,100.00
9361,41981,100.00
9362,37924,0.00
9363,28852,0.00
9364,36468,50.00
9365,36635,0.00
9366,38347,0.00
9367,44159,0.00
9368,47224,0.00
9369,66882,50.00
9370,23597,0.00
9371,47540,0.00
9372,45423,100.00
9373,58204,100.00
9374,20665,0.00
9375,22195,100.00
9376,26318,100.00
9377,46139,100.00
9378,33237,100.00
9379,27590,100.00
9380,26379,100.00
9381,45076,100.00
9382,45859,100.00
9383,46571,0.00
9384,50362,0.00
9385,57255,0.00
9386,55216,0.00
9387,52412,0.00
9388,55123,100.00
9389,63370,66.67
9390,22665,0.00
9391,20982,0.00
9392,23160,100.00
9393,25877,100.00
9394,55551,0.00
9395,62068,100.00
9396,56886,100.00
9397,51600,100.00
9398,51285,0.00
9399,43354,0.00
9400,48898,0.00
9401,50617,0.00
9402,52017,0.00
9403,44347,50.00
9404,40675,0.00
9405,34847,100.00
9406,37637,100.00
9407,45978,100.00
9408,39094,0.00
9409,32206,100.00
9410,28336,100.00
9411,44528,100.00
9412,51861,0.00
9413,32755,100.00
9414,34073,100.00
9415,56848,0.00
9416,58495,0.00
9417,53630,0.00
9418,48145,0.00
9419,50515,50.00
9420,49400,0.00
9421,39364,50.00
9422,39632,100.00
9423,30665,0.00
9424,43683,100.00
9425,33564,100.00
9426,26013,100.00
9427,21714,0.00
9428,25100,100.00
9429,42919,100.00
9430,39142,100.00
9431,40803,0.00
9432,45218,100.00
9433,20699,100.00
9434,22165,0.00
9435,41599,0.00
9436,44785,0.00
9437,45970,0.00
9438,45841,0.00
9439,66097,0.00
9440,62780,100.00
9441,39692,100.00
9442,48715,100.00
9443,43992,100.00
9444,35263,0.00
9445,29991,100.00
9446,47792,100.00
9447,30589,100.00
9448,28281,0.00
9449,25097,100.00
9450,32478,100.00
9451,53733,100.00
9452,54366,0.00
9453,32191,100.00
9454,22631,50.00
9455,49449,0.00
9456,54067,0.00
9457,55344,0.00
9458,57046,0.00
9459,71760,0.00
9460,70827,0.00
9461,45170,100.00
9462,24859,0.00
9463,24458,100.00
9464,112287,100.00
9465,41371,100.00
9466,31713,0.00
9467,35532,100.00
9468,44551,100.00
9469,27159,100.00
9470,27162,0.00
9471,20267,100.00
9472,42238,50.00
9473,43772,0.00
9474,43081,0.00
9475,45626,0.00
9476,52759,0.00
9477,56638,0.00
9478,70406,0.00
9479,58501,50.00
9480,44781,100.00
9481,72614,100.00
9482,40053,100.00
9483,30512,100.00
9484,31706,100.00
9485,42522,100.00
9486,41039,100.00
9487,30294,100.00
9488,36453,100.00
9489,55653,0.00
9490,65864,0.00
9491,59693,0.00
9492,61387,0.00
9493,67936,50.00
9494,24341,0.00
9495,38009,50.00
9496,36834,0.00
9497,61378,100.00
9498,25000,0.00
9499,36368,100.00
9500,31434,0.00
9501,29640,100.00
9502,51133,100.00
9503,49716,100.00
9504,26467,0.00
9505,49751,50.00
9506,48368,0.00
9507,50916,0.00
9508,59724,0.00
9509,67986,50.00
9510,22033,0.00
9511,55334,50.00
9512,34326,0.00
9513,40851,100.00
9514,34515,100.00
9515,50565,0.00
9516,34015,100.00
9517,27943,100.00
9518,22643,100.00
9519,25910,0.00
9520,51118,100.00
9521,43636,100.00
9522,52681,0.00
9523,43028,100.00
9524,39412,0.00
9525,45645,0.00
9526,42270,0.00
9527,61408,0.00
9528,72149,0.00
9529,67694,100.00
9530,29597,0.00
9531,39466,100.00
9532,30838,100.00
9533,43880,100.00
9534,48826,100.00
9535,35872,100.00
9536,47909,100.00
9537,32200,100.00
9538,30524,100.00
9539,25457,100.00
9540,43787,100.00
9541,54155,50.00
9542,51763,0.00
9543,48634,0.00
9544,51510,0.00
9545,50782,0.00
9546,67669,0.00
9547,55871,100.00
9548,53855,0.00
9549,56694,100.00
9550,35730,100.00
9551,26867,100.00
9552,25959,0.00
9553,43582,100.00
9554,20209,0.00
9555,37235,100.00
9556,46801,0.00
9557,36086,100.00
9558,41222,0.00
9559,46190,0.00
9560,52444,0.00
9561,60574,0.00
9562,49590,50.00
9563,37429,0.00
9564,44921,50.00
9565,48590,100.00
9566,35314,0.00
9567,52590,0.00
9568,41695,100.00
9569,39980,100.00
9570,37968,100.00
9571,29969,0.00
9572,28128,100.00
9573,35720,100.00
9574,47871,100.00
9575,51656,0.00
9576,44092,0.00
9577,47563,0.00
9578,42528,50.00
9579,22703,0.00
9580,22877,0.00
9581,43574,100.00
9582,44067,100.00
9583,25552,100.00
9584,22261,100.00
9585,27587,100.00
9586,23167,0.00
9587,25069,100.00
9588,37308,100.00
9589,42428,100.00
9590,32437,100.00
9591,23994,0.00
9592,17571,100.00
9593,28031,50.00
9594,50699,0.00
9595,50633,0.00
9596,57286,0.00
9597,63996,0.00
9598,31903,0.00
9599,25918,50.00
9600,35732,0.00
9601,57598,100.00
9602,22530,0.00
9603,40976,0.00
9604,57380,100.00
9605,25886,100.00
9606,21490,100.00
9607,21954,0.00
9608,30660,100.00
9609,41247,100.00
9610,37227,0.00
9611,26095,50.00
9612,35775,0.00
9613,48538,0.00
9614,40721,0.00
9615,44125,0.00
9616,55511,0.00
9617,46552,100.00
9618,41632,50.00
9619,40081,100.00
9620,27055,0.00
9621,25429,100.00
9622,37840,100.00
9623,38795,100.00
9624,39887,100.00
9625,34556,100.00
9626,26011,100.00
9627,24787,100.00
9628,21704,100.00
9629,39355,50.00
9630,43921,0.00
9631,54478,0.00
9632,53803,0.00
9633,59361,0.00
9634,66634,0.00
9635,70302,0.00
9636,69644,100.00
9637,23319,0.00
9638,42847,100.00
9639,27971,100.00
9640,27286,0.00
9641,27131,100.00
9642,25648,100.00
9643,40285,100.00
9644,42480,0.00
9645,29093,100.00
9646,39204,0.00
9647,41682,0.00
9648,52380,0.00
9649,48264,0.00
9650,62860,50.00
9651,21746,0.00
9652,41339,0.00
9653,48631,100.00
9654,24845,0.00
9655,36549,100.00
9656,38624,100.00
9657,35344,100.00
9658,31509,100.00
9659,35693,100.00
9660,37798,100.00
9661,40228,100.00
9662,29231,100.00
9663,55353,0.00
9664,54961,0.00
9665,57276,0.00
9666,64784,0.00
9667,56455,0.00
9668,36359,100.00
9669,65448,100.00
9670,23018,0.00
9671,35426,0.00
9672,41207,100.00
9673,24861,100.00
9674,23349,100.00
9675,21057,0.00
9676,24974,100.00
9677,42264,100.00
9678,37065,100.00
9679,27041,0.00
9680,27395,0.00
9681,26357,50.00
9682,45035,0.00
9683,47418,0.00
9684,51828,0.00
9685,73028,0.00
9686,56727,100.00
9687,30780,0.00
9688,39840,0.00
9689,36106,100.00
9690,34367,0.00
9691,40005,100.00
9692,39414,0.00
9693,38694,100.00
9694,26017,100.00
9695,26709,100.00
9696,22203,0.00
9697,21135,100.00
9698,28562,0.00
9699,28116,0.00
9700,40738,50.00
9701,51793,0.00
9702,49391,0.00
9703,62892,0.00
9704,62792,0.00
9705,50199,50.00
9706,52537,0.00
9707,35988,100.00
9708,29234,100.00
9709,26943,100.00
9710,23821,0.00
9711,40041,100.00
9712,39709,100.00
9713,45078,100.00
9714,33909,0.00
9715,34726,100.00
9716,22422,50.00
9717,13897,0.00
9718,43256,0.00
9719,45252,0.00
9720,45886,0.00
9721,47103,0.00
9722,58013,50.00
9723,43753,0.00
9724,46461,100.00
9725,47168,100.00
9726,46911,0.00
9727,44684,100.00
9728,40347,100.00
9729,24046,100.00
9730,22910,0.00
9731,27202,100.00
9732,28797,100.00
9733,63954,50.00
9734,45301,0.00
9735,60790,0.00
9736,54942,0.00
9737,56907,0.00
9738,68711,0.00
9739,58300,100.00
9740,61095,0.00
9741,42050,100.00
9742,21620,0.00
9743,22130,100.00
9744,25707,100.00
9745,26612,100.00
9746,49590,0.00
9747,57049,100.00
9748,49237,100.00
9749,39981,100.00
9750,28010,100.00
9751,35533,0.00
9752,57568,0.00
9753,52637,0.00
9754,49498,0.00
9755,61865,0.00
9756,39204,100.00
9757,29217,50.00
9758,46620,0.00
9759,42684,100.00
9760,43339,100.00
9761,41220,100.00
9762,30901,0.00
9763,24412,100.00
9764,22523,100.00
9765,26213,100.00
9766,33265,0.00
9767,42518,100.00
9768,30209,100.00
9769,23002,0.00
9770,44500,100.00
9771,54062,0.00
9772,56143,0.00
9773,55587,0.00
9774,63502,0.00
9775,58928,100.00
9776,35363,0.00
9777,52244,100.00
9778,22902,0.00
9779,39243,100.00
9780,54304,100.00
9781,63145,100.00
9782,46461,100.00
9783,29995,100.00
9784,24125,100.00
9785,27206,100.00
9786,32955,50.00
9787,39560,0.00
9788,84930,50.00
9789,59530,0.00
9790,58234,0.00
9791,62134,0.00
9792,70615,0.00
9793,45478,50.00
9794,60412,0.00
9795,52185,100.00
9796,60157,100.00
9797,34482,100.00
9798,20635,0.00
9799,22506,100.00
9800,49469,100.00
9801,53248,100.00
9802,48568,100.00
9803,46751,100.00
9804,73628,0.00
9805,56300,0.00
9806,51300,0.00
9807,54702,0.00
9808,64562,0.00
9809,48264,100.00
9810,39476,50.00
9811,31254,0.00
9812,29036,100.00
9813,50177,100.00
9814,46037,100.00
9815,29777,0.00
9816,49007,100.00
9817,42239,100.00
9818,31091,100.00
9819,39292,0.00
9820,57025,100.00
9821,54258,0.00
9822,50944,0.00
9823,56635,0.00
9824,55592,0.00
9825,42884,100.00
9826,37796,0.00
9827,41029,100.00
9828,57078,100.00
9829,56812,100.00
9830,20420,0.00
9831,28115,100.00
9832,23511,100.00
9833,23971,100.00
9834,26139,100.00
9835,46582,100.00
9836,58237,100.00
9837,45106,50.00
9838,17639,0.00
9839,30908,50.00
9840,46481,0.00
9841,48279,0.00
9842,54902,0.00
9843,56945,0.00
9844,69100,0.00
9845,58181,50.00
9846,23149,0.00
9847,25420,100.00
9848,56926,100.00
9849,45346,100.00
9850,28639,100.00
9851,49901,100.00
9852,33091,100.00
9853,25498,100.00
9854,22124,100.00
9855,25203,100.00
9856,48649,0.00
9857,24636,50.00
9858,47087,0.00
9859,58103,0.00
9860,64098,0.00
9861,68798,0.00
9862,70256,50.00
9863,60014,0.00
9864,69304,0.00
9865,41752,100.00
9866,23280,0.00
9867,26427,100.00
9868,24267,100.00
9869,47634,100.00
9870,42420,0.00
9871,34512,100.00
9872,41090,100.00
9873,27501,100.00
9874,25236,0.00
9875,17614,50.00
9876,53359,0.00
9877,51103,0.00
9878,50740,0.00
9879,56088,0.00
9880,69762,0.00
9881,70628,100.00
9882,25494,0.00
9883,60419,100.00
9884,108542,100.00
9885,41746,100.00
9886,40811,100.00
9887,29451,100.00
9888,25202,100.00
9889,26216,100.00
9890,37168,100.00
9891,34605,100.00
9892,37907,100.00
9893,50340,0.00
9894,54499,0.00
9895,53565,0.00
9896,49517,0.00
9897,52853,0.00
9898,70051,50.00
9899,28525,0.00
9900,54131,100.00
9901,36048,100.00
9902,29436,0.00
9903,23795,100.00
9904,44993,100.00
9905,39289,100.00
9906,28690,0.00
9907,37621,100.00
9908,40596,100.00
9909,32504,100.00
9910,32385,0.00
9911,41201,0.00
9912,55249,0.00
9913,52803,0.00
9914,49327,0.00
9915,60083,0.00
9916,54221,0.00
9917,45543,100.00
9918,36058,0.00
9919,31880,100.00
9920,26204,100.00
9921,47480,100.00
9922,36175,0.00
9923,27392,100.00
9924,22384,100.00
9925,25670,100.00
9926,48181,0.00
9927,54365,100.00
9928,36260,50.00
9929,27243,100.00
9930,70688,0.00
9931,51611,0.00
9932,70878,0.00
9933,53796,0.00
9934,58164,0.00
9935,70156,0.00
9936,58016,100.00
9937,23087,0.00
9938,24658,100.00
9939,47632,100.00
9940,52460,100.00
9941,34303,100.00
9942,45676,100.00
9943,45032,100.00
9944,33038,100.00
9945,25987,100.00
9946,28147,100.00
9947,38674,0.00
9948,39136,50.00
9949,46517,0.00
9950,60772,0.00
9951,62197,0.00
9952,59668,0.00
9953,61676,0.00
9954,70142,100.00
9955,63697,100.00
9956,38327,0.00
9957,29483,100.00
9958,23185,100.00
9959,26320,100.00
9960,24442,100.00
9961,47358,100.00
9962,37757,100.00
9963,27911,100.00
9964,52797,50.00
9965,31664,0.00
9966,42011,0.00
9967,44728,0.00
9968,56635,0.00
9969,49018,50.00
9970,34660,0.00
9971,34936,50.00
9972,55883,100.00
9973,55494,100.00
9974,21308,0.00
9975,28484,100.00
9976,24718,100.00
9977,51356,100.00
9978,53952,100.00
9979,23673,100.00
9980,57865,100.00
9981,55117,0.00
9982,55106,0.00
9983,64584,0.00
9984,60771,0.00
9985,63680,50.00
9986,22252,0.00
9987,48571,100.00
9988,28233,0.00
9989,28668,100.00
9990,50398,0.00
9991,33357,100.00
9992,25121,100.00
9993,24093,100.00
9994,25737,0.00
9995,61418,100.00
9996,66355,100.00
9997,55499,100.00
9998,47387,100.00
9999,43401,50.00
10000,82099,0.00
10001,63114,0.00
10002,62011,0.00
10003,65504,0.00
10004,59575,0.00
10005,62903,0.00
10006,72148,50.00
10007,37675,0.00
10008,38198,100.00
10009,64435,100.00
10010,23689,0.00
10011,27103,100.00
10012,52996,100.00
10013,43823,100.00
10014,25908,0.00
10015,25106,100.00
10016,24652,100.00
10017,49031,100.00
10018,44528,0.00
10019,30220,50.00
10020,37447,0.00
10021,48683,0.00
10022,42538,0.00
10023,47557,0.00
10024,54284,0.00
10025,67571,0.00
10026,62237,50.00
10027,59889,0.00
10028,27836,100.00
10029,29726,100.00
10030,27476,100.00
10031,55322,0.00
10032,51620,100.00
10033,36303,100.00
10034,50616,100.00
10035,44393,0.00
10036,31903,100.00
10037,32956,100.00
10038,33182,0.00
10039,50095,50.00
10040,80336,0.00
10041,59274,0.00
10042,57053,0.00
10043,59408,0.00
10044,71551,0.00
10045,49460,0.00
10046,38852,100.00
10047,46474,100.00
10048,51598,100.00
10049,31540,100.00
10050,26745,100.00
10051,25205,100.00
10052,46662,100.00
10053,35449,100.00
10054,29251,100.00
10055,46025,50.00
10056,53089,0.00
10057,50176,0.00
10058,53256,0.00
10059,66616,0.00
10060,30277,0.00
10061,29867,100.00
10062,35507,50.00
10063,26076,0.00
10064,40323,100.00
10065,44230,100.00
10066,27815,100.00
10067,31333,0.00
10068,24831,100.00
10069,51107,100.00
10070,48032,100.00
10071,31552,0.00
10072,74530,0.00
10073,59918,0.00
10074,54299,0.00
10075,61379,0.00
10076,60110,0.00
10077,50070,100.00
10078,45955,100.00
10079,54366,100.00
10080,40222,100.00
10081,42677,100.00
10082,39935,100.00
10083,27202,100.00
10084,22490,100.00
10085,23723,100.00
10086,25492,100.00
10087,50914,100.00
10088,43128,50.00
10089,30529,0.00
10090,21642,50.00
10091,40875,0.00
10092,52877,0.00
10093,52263,0.00
10094,66086,0.00
10095,61492,0.00
10096,65451,0.00
10097,49931,100.00
10098,22442,0.00
10099,26040,100.00
10100,52776,100.00
10101,47569,100.00
10102,36545,100.00
10103,35324,100.00
10104,27164,100.00
10105,23724,100.00
10106,21303,100.00
10107,26882,100.00
10108,33135,0.00
10109,32066,0.00
10110,35421,0.00
10111,34584,0.00
10112,36132,0.00
10113,50262,50.00
10114,39604,0.00
10115,40893,100.00
10116,59036,0.00
10117,32876,100.00
10118,20646,0.00
10119,26467,100.00
10120,24242,0.00
10121,59897,100.00
10122,53453,100.00
10123,48822,100.00
10124,52759,0.00
10125,47202,100.00
10126,50201,0.00
10127,58154,0.00
10128,65561,0.00
10129,32820,50.00
10130,26615,0.00
10131,42373,50.00
10132,25268,0.00
10133,51370,100.00
10134,39106,100.00
10135,35732,0.00
10136,37526,100.00
10137,41283,100.00
10138,43685,100.00
10139,29113,0.00
10140,50468,100.00
10141,49461,50.00
10142,52195,0.00
10143,55257,0.00
10144,71186,0.00
10145,39475,0.00
10146,29644,50.00
10147,40323,100.00
10148,27611,0.00
10149,57937,100.00
10150,39532,0.00
10151,24902,100.00
10152,21946,100.00
10153,24127,100.00
10154,30229,0.00
10155,61672,100.00
10156,54875,100.00
10157,54584,100.00
10158,27752,50.00
10159,41216,0.00
10160,55787,0.00
10161,56602,0.00
10162,60327,0.00
10163,55820,0.00
10164,65972,0.00
10165,50675,100.00
10166,45294,50.00
10167,38521,0.00
10168,38557,100.00
10169,30247,100.00
10170,25156,100.00
10171,45533,0.00
10172,35622,100.00
10173,27399,100.00
10174,22251,100.00
10175,25897,0.00
10176,55233,100.00
10177,48215,100.00
10178,42829,100.00
10179,38891,0.00
10180,53106,0.00
10181,53681,0.00
10182,59463,0.00
10183,58023,0.00
10184,64868,0.00
10185,66587,100.00
10186,30835,100.00
10187,32489,100.00
10188,30990,0.00
10189,39128,100.00
10190,34814,100.00
10191,29966,100.00
10192,37727,0.00
10193,37702,100.00
10194,27020,100.00
10195,24346,100.00
10196,50525,0.00
10197,37267,50.00
10198,49240,0.00
10199,50890,0.00
10200,55237,0.00
10201,54464,0.00
10202,51527,0.00
10203,74722,0.00
10204,63264,66.67
10205,21589,0.00
10206,50627,100.00
10207,43420,100.00
10208,32932,100.00
10209,27939,100.00
10210,22993,100.00
10211,44754,100.00
10212,56895,100.00
10213,31041,100.00
10214,44928,100.00
10215,53619,0.00
10216,56649,0.00
10217,53555,0.00
10218,48461,0.00
10219,34957,0.00
10220,40449,100.00
10221,49515,100.00
10222,22850,0.00
10223,44683,100.00
10224,40202,0.00
10225,36804,100.00
10226,26948,100.00
10227,34691,100.00
10228,49701,0.00
10229,30129,100.00
10230,40027,0.00
10231,44092,0.00
10232,52243,0.00
10233,49019,0.00
10234,46166,0.00
10235,47751,100.00
10236,45399,0.00
10237,64967,100.00
10238,23575,0.00
10239,24695,100.00
10240,57187,100.00
10241,44753,100.00
10242,26766,100.00
10243,24054,100.00
10244,24007,100.00
10245,38729,100.00
10246,41223,100.00
10247,25779,100.00
10248,25765,0.00
10249,19228,100.00
10250,37901,0.00
10251,51174,0.00
10252,58309,0.00
10253,53830,0.00
10254,62895,50.00
10255,60738,0.00
10256,43786,0.00
10257,41598,100.00
10258,19312,0.00
10259,58779,100.00
10260,51458,0.00
10261,47986,100.00
10262,41372,100.00
10263,33430,100.00
10264,27332,0.00
10265,25634,100.00
10266,24491,0.00
10267,42608,100.00
10268,29125,0.00
10269,46102,50.00
10270,47894,0.00
10271,51947,0.00
10272,63528,0.00
10273,39988,0.00
10274,55533,100.00
10275,57486,50.00
10276,25655,0.00
10277,24715,100.00
10278,28131,0.00
10279,23287,100.00
10280,60601,100.00
10281,46397,100.00
10282,41112,0.00
10283,31809,100.00
10284,40894,100.00
10285,56517,0.00
10286,64823,0.00
10287,65834,0.00
10288,62801,0.00
10289,47985,0.00
10290,36380,100.00
10291,46009,100.00
10292,57807,0.00
10293,49679,100.00
10294,33717,100.00
10295,38288,100.00
10296,37849,0.00
10297,42240,100.00
10298,27976,100.00
10299,36927,100.00
10300,64382,0.00
10301,53801,0.00
10302,49534,0.00
10303,50419,0.00
10304,43959,100.00
10305,37869,50.00
10306,30581,0.00
10307,43574,0.00
10308,52426,100.00
10309,37734,100.00
10310,21953,0.00
10311,21381,0.00
10312,26060,100.00
10313,27201,100.00
10314,39577,100.00
10315,50716,0.00
10316,57351,100.00
10317,34445,100.00
10318,20753,50.00
10319,32757,0.00
10320,68299,0.00
10321,66680,0.00
10322,59864,0.00
10323,58291,0.00
10324,71378,50.00
10325,57668,0.00
10326,39742,100.00
10327,52403,100.00
10328,52532,100.00
10329,27954,100.00
10330,55068,100.00
10331,38232,100.00
10332,26941,100.00
10333,23102,100.00
10334,24522,100.00
10335,52649,100.00
10336,59364,100.00
10337,41584,50.00
10338,30034,0.00
10339,56239,0.00
10340,57855,0.00
10341,66696,0.00
10342,55935,0.00
10343,67000,0.00
10344,70598,0.00
10345,33695,50.00
10346,35669,100.00
10347,31985,100.00
10348,39038,100.00
10349,42763,100.00
10350,28929,100.00
10351,50434,100.00
10352,46034,100.00
10353,26941,100.00
10354,23316,100.00
10355,24744,100.00
10356,34343,0.00
10357,48010,50.00
10358,51350,0.00
10359,68313,0.00
10360,54036,0.00
10361,64510,0.00
10362,69788,0.00
10363,64124,0.00
10364,51338,100.00
10365,55907,100.00
10366,40586,100.00
10367,30260,100.00
10368,28443,100.00
10369,42715,100.00
10370,39222,100.00
10371,28682,100.00
10372,33189,100.00
10373,49768,50.00
10374,52262,0.00
10375,50516,0.00
10376,51914,0.00
10377,59695,0.00
10378,20981,0.00
10379,29652,50.00
10380,29449,100.00
10381,54372,100.00
10382,22944,0.00
10383,29259,100.00
10384,32264,100.00
10385,26346,100.00
10386,43290,100.00
10387,44322,100.00
10388,28431,100.00
10389,41250,0.00
10390,46085,0.00
10391,51019,0.00
10392,54428,0.00
10393,50931,0.00
10394,51846,50.00
10395,30967,0.00
10396,63630,0.00
10397,63406,100.00
10398,20316,0.00
10399,48300,100.00
10400,41594,0.00
10401,27015,100.00
10402,24240,100.00
10403,24138,100.00
10404,44015,0.00
10405,42770,100.00
10406,27772,100.00
10407,39452,0.00
10408,32950,100.00
10409,59680,0.00
10410,55784,0.00
10411,61658,0.00
10412,52093,0.00
10413,64647,0.00
10414,55550,0.00
10415,30561,100.00
10416,41950,100.00
10417,27213,100.00
10418,51635,100.00
10419,40662,100.00
10420,28861,100.00
10421,50221,100.00
10422,39702,100.00
10423,26280,100.00
10424,27792,100.00
10425,27511,100.00
10426,59265,100.00
10427,41980,0.00
10428,44377,0.00
10429,51018,0.00
10430,63267,0.00
10431,54407,0.00
10432,66388,0.00
10433,46373,50.00
10434,53153,100.00
10435,53625,0.00
10436,31531,100.00
10437,24854,100.00
10438,24939,100.00
10439,37209,0.00
10440,47333,100.00
10441,32593,100.00
10442,43309,100.00
10443,41735,0.00
10444,35158,100.00
10445,21928,100.00
10446,56039,0.00
10447,55578,0.00
10448,53003,0.00
10449,53369,0.00
10450,53348,0.00
10451,58342,0.00
10452,57114,100.00
10453,59436,100.00
10454,47189,100.00
10455,41027,0.00
10456,43564,100.00
10457,39970,100.00
10458,29794,100.00
10459,23472,0.00
10460,34169,100.00
10461,37222,100.00
10462,31135,100.00
10463,41872,0.00
10464,46699,0.00
10465,45161,0.00
10466,55568,0.00
10467,52514,0.00
10468,69192,0.00
10469,49348,66.67
10470,32714,0.00
10471,40824,0.00
10472,27974,100.00
10473,27059,100.00
10474,24948,100.00
10475,50467,0.00
10476,48003,100.00
10477,36828,100.00
10478,42789,100.00
10479,45482,0.00
10480,32690,100.00
10481,49347,100.00
10482,54135,0.00
10483,56552,0.00
10484,53604,0.00
10485,73432,0.00
10486,67006,0.00
10487,47019,0.00
10488,64537,100.00
10489,52174,100.00
10490,22456,0.00
10491,25638,100.00
10492,56501,100.00
10493,34113,100.00
10494,27154,100.00
10495,22960,100.00
10496,31651,100.00
10497,45848,100.00
10498,39742,100.00
10499,29720,100.00
10500,21996,0.00
10501,48917,0.00
10502,50921,0.00
10503,56235,0.00
10504,56572,0.00
10505,66741,50.00
10506,63125,0.00
10507,44772,100.00
10508,30553,0.00
10509,26776,100.00
10510,42032,100.00
10511,38656,100.00
10512,31398,0.00
10513,39297,100.00
10514,32047,100.00
10515,23156,100.00
10516,24602,0.00
10517,25582,100.00
10518,37822,0.00
10519,41399,50.00
10520,45546,0.00
10521,43559,0.00
10522,48628,0.00
10523,49135,0.00
10524,65615,0.00
10525,55321,66.67
10526,23952,0.00
10527,51177,100.00
10528,44505,0.00
10529,32918,100.00
10530,26927,100.00
10531,43197,100.00
10532,42206,0.00
10533,30391,100.00
10534,33309,100.00
10535,54573,0.00
10536,53984,50.00
10537,53814,0.00
10538,49433,0.00
10539,53637,0.00
10540,56005,0.00
10541,35960,50.00
10542,39453,100.00
10543,38372,100.00
10544,58094,100.00
10545,39543,100.00
10546,35935,100.00
10547,26337,100.00
10548,51580,100.00
10549,47833,100.00
10550,25947,100.00
10551,50553,0.00
10552,52261,0.00
10553,49328,0.00
10554,49572,0.00
10555,56323,0.00
10556,51518,50.00
10557,44740,100.00
10558,37705,50.00
10559,26922,0.00
10560,30110,100.00
10561,58621,100.00
10562,34932,100.00
10563,25814,100.00
10564,24799,100.00
10565,26633,100.00
10566,54455,100.00
10567,48793,100.00
10568,54415,100.00
10569,46362,100.00
10570,28026,0.00
10571,49244,0.00
10572,65575,0.00
10573,62233,0.00
10574,63196,0.00
10575,60536,0.00
10576,73932,0.00
10577,58520,66.67
10578,23196,0.00
10579,52599,100.00
10580,45618,100.00
10581,28405,100.00
10582,29772,100.00
10583,53605,100.00
10584,40160,100.00
10585,28772,100.00
10586,26071,100.00
10587,38684,100.00
10588,46209,100.00
10589,33095,100.00
10590,48650,0.00
10591,48229,0.00
10592,58574,0.00
10593,54562,0.00
10594,58453,0.00
10595,68811,0.00
10596,72216,0.00
10597,67429,100.00
10598,23548,0.00
10599,22896,100.00
10600,25188,100.00
10601,41134,100.00
10602,30686,100.00
10603,28277,100.00
10604,26184,100.00
10605,40546,100.00
10606,31095,100.00
10607,28930,100.00
10608,37913,0.00
10609,47998,0.00
10610,54810,0.00
10611,54566,0.00
10612,68374,0.00
10613,56696,0.00
10614,58866,100.00
10615,67256,50.00
10616,48470,0.00
10617,40052,100.00
10618,29106,100.00
10619,41674,100.00
10620,52944,0.00
10621,38176,100.00
10622,24605,100.00
10623,50986,100.00
10624,44069,0.00
10625,40678,100.00
10626,54542,0.00
10627,58315,0.00
10628,63496,0.00
10629,57496,0.00
10630,59414,0.00
10631,57940,0.00
10632,72370,100.00
10633,63374,100.00
10634,36982,100.00
10635,30556,100.00
10636,47383,100.00
10637,40025,100.00
10638,34776,100.00
10639,27936,100.00
10640,47776,100.00
10641,47636,100.00
10642,33954,100.00
10643,43031,50.00
10644,51811,0.00
10645,53843,0.00
10646,53168,0.00
10647,57426,0.00
10648,73225,0.00
10649,44093,0.00
10650,54113,100.00
10651,40513,100.00
10652,29491,100.00
10653,28377,100.00
10654,44266,100.00
10655,33751,100.00
10656,28659,100.00
10657,25609,100.00
10658,40199,100.00
10659,47411,100.00
10660,32521,100.00
10661,33564,50.00
10662,21115,0.00
10663,51257,0.00
10664,55121,0.00
10665,63533,0.00
10666,52419,0.00
10667,62539,0.00
10668,64904,50.00
10669,54528,100.00
10670,25952,0.00
10671,23349,100.00
10672,57081,0.00
10673,40095,100.00
10674,29102,100.00
10675,43377,100.00
10676,46470,0.00
10677,25393,100.00
10678,22728,100.00
10679,27432,100.00
10680,36512,0.00
10681,29172,50.00
10682,55281,0.00
10683,57641,0.00
10684,55219,0.00
10685,54569,0.00
10686,70047,0.00
10687,53893,100.00
10688,51303,0.00
10689,59234,100.00
10690,22352,0.00
10691,25039,100.00
10692,25077,100.00
10693,38336,100.00
10694,34076,0.00
10695,31159,100.00
10696,31622,50.00
10697,55115,100.00
10698,39043,0.00
10699,60295,0.00
10700,72175,0.00
10701,65630,50.00
10702,24248,0.00
10703,35294,0.00
10704,37160,50.00
10705,67124,100.00
10706,22267,0.00
10707,24450,100.00
10708,28264,100.00
10709,23016,100.00
10710,55471,100.00
10711,45140,100.00
10712,38698,100.00
10713,37108,100.00
10714,54008,0.00
10715,51079,0.00
10716,50750,0.00
10717,58209,0.00
10718,41812,0.00
10719,28392,0.00
10720,36699,100.00
10721,32770,100.00
10722,41659,0.00
10723,39257,100.00
10724,26927,100.00
10725,26250,100.00
10726,24997,100.00
10727,35980,100.00
10728,51439,100.00
10729,40287,100.00
10730,50853,100.00
10731,49904,50.00
10732,52631,0.00
10733,50277,50.00
10734,56859,0.00
10735,55670,0.00
10736,64657,0.00
10737,62924,0.00
10738,72679,0.00
10739,62168,100.00
10740,45283,0.00
10741,62168,100.00
10742,20114,0.00
10743,23266,100.00
10744,26495,0.00
10745,54580,100.00
10746,30474,100.00
10747,29582,100.00
10748,23853,0.00
10749,44546,100.00
10750,46722,100.00
10751,39460,0.00
10752,37878,50.00
10753,69974,0.00
10754,52373,0.00
10755,59428,0.00
10756,57237,0.00
10757,55934,0.00
10758,60511,0.00
10759,59721,100.00
10760,36405,100.00
10761,27613,100.00
10762,23632,100.00
10763,47221,100.00
10764,38655,100.00
10765,29570,100.00
10766,23634,100.00
10767,45642,100.00
10768,31070,100.00
10769,31213,100.00
10770,40710,100.00
10771,40182,0.00
10772,56263,0.00
10773,56822,0.00
10774,60773,0.00
10775,56054,0.00
10776,145137,0.00
10777,68087,0.00
10778,50176,100.00
10779,33612,100.00
10780,53963,100.00
10781,38763,100.00
10782,29909,100.00
10783,25567,100.00
10784,41437,100.00
10785,39288,100.00
10786,53297,100.00
10787,48379,50.00
10788,48660,0.00
10789,49109,0.00
10790,47208,0.00
10791,49809,0.00
10792,43810,0.00
10793,37794,100.00
10794,26037,50.00
10795,31993,0.00
10796,41828,100.00
10797,60850,100.00
10798,22776,0.00
10799,25117,0.00
10800,37978,100.00
10801,41839,100.00
10802,42586,100.00
10803,33262,0.00
10804,39135,100.00
10805,41584,0.00
10806,45145,0.00
10807,47988,0.00
10808,57882,0.00
10809,60882,50.00
10810,21467,0.00
10811,54193,0.00
10812,41237,100.00
10813,37630,100.00
10814,21343,0.00
10815,48584,0.00
10816,32070,100.00
10817,26530,100.00
10818,24697,100.00
10819,57366,0.00
10820,51630,100.00
10821,35057,100.00
10822,43029,0.00
10823,46719,0.00
10824,65501,0.00
10825,53369,0.00
10826,63613,0.00
10827,74828,50.00
10828,51619,0.00
10829,33962,0.00
10830,37204,100.00
10831,29054,100.00
10832,43933,100.00
10833,42863,100.00
10834,28395,100.00
10835,41821,100.00
10836,42060,100.00
10837,26196,100.00
10838,23412,100.00
10839,24113,100.00
10840,43548,0.00
10841,40511,50.00
10842,53413,0.00
10843,50467,0.00
10844,51527,0.00
10845,49951,0.00
10846,61506,100.00
10847,48738,0.00
10848,57382,0.00
10849,52717,100.00
10850,19513,0.00
10851,26646,100.00
10852,24136,0.00
10853,37289,100.00
10854,34750,100.00
10855,31104,100.00
10856,37961,0.00
10857,50686,66.67
10858,47110,0.00
10859,45069,0.00
10860,53117,0.00
10861,41278,0.00
10862,27970,0.00
10863,29731,100.00
10864,58135,66.67
10865,26548,0.00
10866,40537,100.00
10867,33101,0.00
10868,34410,100.00
10869,29445,100.00
10870,40116,100.00
10871,42564,0.00
10872,26282,100.00
10873,39113,100.00
10874,52182,0.00
10875,48657,0.00
10876,52378,0.00
10877,63067,50.00
10878,20207,0.00
10879,32205,50.00
10880,32385,0.00
10881,51357,100.00
10882,26999,0.00
10883,35769,100.00
10884,26641,100.00
10885,22724,100.00
10886,25513,0.00
10887,42348,100.00
10888,45728,100.00
10889,38953,100.00
10890,35367,0.00
10891,31898,50.00
10892,25737,0.00
10893,51929,0.00
10894,57813,0.00
10895,53469,0.00
10896,53082,0.00
10897,67304,50.00
10898,35423,0.00
10899,34167,0.00
10900,53442,100.00
10901,38846,100.00
10902,26553,100.00
10903,25822,0.00
10904,68356,100.00
10905,31343,100.00
10906,25928,100.00
10907,23734,0.00
10908,36343,100.00
10909,42135,100.00
10910,28804,0.00
10911,28587,100.00
10912,34516,0.00
10913,45021,0.00
10914,46136,0.00
10915,52324,0.00
10916,57940,0.00
10917,64043,0.00
10918,62503,100.00
10919,39129,100.00
10920,35478,0.00
10921,26239,100.00
10922,41543,100.00
10923,39636,100.00
10924,33376,0.00
10925,36341,100.00
10926,36653,100.00
10927,31979,100.00
10928,31367,0.00
10929,22902,100.00
10930,37182,0.00
10931,53854,0.00
10932,80733,0.00
10933,69035,0.00
10934,60176,0.00
10935,59622,0.00
10936,72289,0.00
10937,61604,100.00
10938,25830,0.00
10939,55371,100.00
10940,49219,100.00
10941,33894,100.00
10942,29600,0.00
10943,24761,100.00
10944,50536,100.00
10945,40551,100.00
10946,30480,0.00
10947,50900,50.00
10948,53051,0.00
10949,45505,0.00
10950,46660,0.00
10951,54810,0.00
10952,59034,50.00
10953,35434,0.00
10954,33933,100.00
10955,36103,100.00
10956,48898,100.00
10957,42319,100.00
10958,34159,100.00
10959,27173,100.00
10960,39082,100.00
10961,42552,100.00
10962,30228,100.00
10963,52331,50.00
10964,49742,0.00
10965,65711,0.00
10966,53513,0.00
10967,53285,0.00
10968,53843,0.00
10969,58085,50.00
10970,44353,100.00
10971,37975,0.00
10972,33856,100.00
10973,38428,100.00
10974,33682,100.00
10975,24466,0.00
10976,24008,100.00
10977,24583,100.00
10978,25804,100.00
10979,51619,0.00
10980,43014,100.00
10981,31962,50.00
10982,16282,0.00
10983,48678,0.00
10984,47588,0.00
10985,50678,0.00
10986,61458,0.00
10987,69500,0.00
10988,62989,100.00
10989,52862,50.00
10990,23669,0.00
10991,26743,100.00
10992,47213,100.00
10993,50974,100.00
10994,31814,0.00
10995,42513,100.00
10996,51107,100.00
10997,29433,100.00
10998,23083,0.00
10999,29337,100.00
11000,63534,100.00
11001,39344,0.00
11002,28574,50.00
11003,38712,0.00
11004,46144,0.00
11005,45913,0.00
11006,63229,0.00
11007,31015,100.00
11008,58068,0.00
11009,40698,100.00
11010,21951,0.00
11011,29112,100.00
11012,29423,100.00
11013,38973,100.00
11014,41394,100.00
11015,44857,100.00
11016,38121,100.00
11017,35770,100.00
11018,39316,0.00
11019,53041,0.00
11020,59596,0.00
11021,56384,0.00
11022,56419,0.00
11023,34052,50.00
11024,54268,100.00
11025,22910,0.00
11026,46929,0.00
11027,46947,100.00
11028,33463,100.00
11029,44892,100.00
11030,34568,0.00
11031,29538,100.00
11032,26085,100.00
11033,36485,50.00
11034,43573,100.00
11035,48224,0.00
11036,53969,0.00
11037,62129,0.00
11038,23863,0.00
11039,41663,0.00
11040,35981,100.00
11041,63611,50.00
11042,20925,0.00
11043,23998,100.00
11044,23155,100.00
11045,20568,100.00
11046,25456,0.00
11047,24641,100.00
11048,48848,100.00
11049,48184,100.00
11050,36788,0.00
11051,20015,50.00
11052,17667,0.00
11053,25802,50.00
11054,43414,0.00
11055,45716,0.00
11056,52904,0.00
11057,61529,0.00
11058,45339,0.00
11059,32316,100.00
11060,49765,100.00
11061,59982,100.00
11062,22226,0.00
11063,42433,100.00
11064,43701,100.00
11065,28869,100.00
11066,23935,100.00
11067,23362,100.00
11068,26061,100.00
11069,62766,100.00
11070,39843,50.00
11071,31553,0.00
11072,16132,0.00
11073,58774,50.00
11074,58259,0.00
11075,61403,0.00
11076,58824,0.00
11077,70246,0.00
11078,56667,50.00
11079,44750,100.00
11080,30114,0.00
11081,27232,100.00
11082,47236,100.00
11083,48558,100.00
11084,35724,100.00
11085,42909,100.00
11086,28208,100.00
11087,26839,100.00
11088,23564,100.00
11089,27645,100.00
11090,37814,0.00
11091,49652,0.00
11092,58123,0.00
11093,53123,0.00
11094,52058,0.00
11095,56819,0.00
11096,68900,100.00
11097,63473,100.00
11098,29157,0.00
11099,39924,100.00
11100,27583,0.00
11101,26710,100.00
11102,23383,100.00
11103,51209,100.00
11104,45730,0.00
11105,31866,100.00
11106,55804,0.00
11107,51532,0.00
11108,62758,0.00
11109,52584,0.00
11110,64461,50.00
11111,22186,0.00
11112,42833,0.00
11113,53047,66.67
11114,23596,0.00
11115,27363,100.00
11116,60993,0.00
11117,50853,100.00
11118,33238,100.00
11119,51413,100.00
11120,46259,0.00
11121,36184,100.00
11122,40889,0.00
11123,43095,0.00
11124,54861,0.00
11125,55892,0.00
11126,54264,0.00
11127,64379,50.00
11128,39424,0.00
11129,65920,100.00
11130,25533,0.00
11131,24843,100.00
11132,56217,100.00
11133,39268,100.00
11134,26335,100.00
11135,24416,100.00
11136,27281,100.00
11137,41487,100.00
11138,49558,100.00
11139,41360,100.00
11140,49982,0.00
11141,31163,100.00
11142,59310,0.00
11143,61572,0.00
11144,59460,0.00
11145,60357,0.00
11146,69273,0.00
11147,58700,100.00
11148,44646,0.00
11149,44063,100.00
11150,20263,0.00
11151,54342,0.00
11152,54185,100.00
11153,43389,100.00
11154,37970,100.00
11155,33606,0.00
11156,24942,100.00
11157,27595,100.00
11158,21798,0.00
11159,36806,50.00
11160,27307,0.00
11161,42797,0.00
11162,51721,0.00
11163,59370,0.00
11164,68758,0.00
11165,52583,100.00
11166,45370,50.00
11167,56335,100.00
11168,23917,0.00
11169,22845,100.00
11170,24404,100.00
11171,23283,100.00
11172,50280,100.00
11173,42353,100.00
11174,41446,100.00
11175,38248,100.00
11176,34958,100.00
11177,26624,50.00
11178,46259,0.00
11179,48536,0.00
11180,52011,0.00
11181,52785,0.00
11182,61631,0.00
11183,63297,0.00
11184,54504,100.00
11185,60829,100.00
11186,29203,0.00
11187,40019,100.00
11188,44350,100.00
11189,44671,100.00
11190,25582,100.00
11191,25067,100.00
11192,23605,100.00
11193,33149,100.00
11194,27139,100.00
11195,30851,50.00
11196,52689,0.00
11197,51746,0.00
11198,46614,0.00
11199,56760,0.00
11200,59378,0.00
11201,40831,0.00
11202,52286,100.00
11203,37419,100.00
11204,24473,100.00
11205,22841,100.00
11206,25131,100.00
11207,35602,100.00
11208,45488,100.00
11209,40849,100.00
11210,42191,100.00
11211,28538,100.00
11212,31620,0.00
11213,28765,100.00
11214,52017,0.00
11215,53272,0.00
11216,58068,0.00
11217,48420,0.00
11218,62152,50.00
11219,48476,0.00
11220,56054,100.00
11221,57761,100.00
11222,21935,0.00
11223,37014,100.00
11224,41013,100.00
11225,27959,100.00
11226,23932,100.00
11227,26840,100.00
11228,24897,100.00
11229,51633,100.00
11230,38654,100.00
11231,20621,50.00
11232,29952,0.00
11233,39497,0.00
11234,50333,0.00
11235,48261,0.00
11236,48244,0.00
11237,58405,50.00
11238,49002,0.00
11239,34644,100.00
11240,27707,0.00
11241,25818,100.00
11242,38718,100.00
11243,41059,100.00
11244,27823,0.00
11245,48452,100.00
11246,33675,100.00
11247,21500,100.00
11248,26012,0.00
11249,20890,100.00
11250,28739,0.00
11251,34987,100.00
11252,47070,0.00
11253,42080,0.00
11254,45029,0.00
11255,47778,0.00
11256,60655,0.00
11257,43615,100.00
11258,41953,100.00
11259,38436,100.00
11260,29591,0.00
11261,30818,100.00
11262,25035,100.00
11263,41174,100.00
11264,58043,0.00
11265,27026,100.00
11266,41357,0.00
11267,36096,100.00
11268,37228,0.00
11269,52187,0.00
11270,52320,0.00
11271,45195,0.00
11272,58665,100.00
11273,47434,66.67
11274,24697,0.00
11275,37015,0.00
11276,35286,100.00
11277,28145,100.00
11278,30105,100.00
11279,36199,0.00
11280,38421,100.00
11281,33854,100.00
11282,31058,100.00
11283,39247,0.00
11284,50112,0.00
11285,50101,0.00
11286,58196,0.00
11287,56529,0.00
11288,58821,0.00
11289,32251,100.00
11290,38708,100.00
11291,30634,100.00
11292,56577,100.00
11293,40178,100.00
11294,25703,100.00
11295,22121,100.00
11296,25697,100.00
11297,41220,100.00
11298,46889,100.00
11299,47712,100.00
11300,39023,100.00
11301,21783,0.00
11302,46801,0.00
11303,47416,0.00
11304,55065,0.00
11305,49032,0.00
11306,51021,0.00
11307,63166,0.00
11308,54381,100.00
11309,40954,100.00
11310,27970,0.00
11311,31383,100.00
11312,26323,100.00
11313,26615,100.00
11314,36008,100.00
11315,41153,100.00
11316,28330,100.00
11317,26978,100.00
11318,33148,100.00
11319,42643,100.00
11320,33065,0.00
11321,54159,100.00
11322,45367,0.00
11323,57449,0.00
11324,51544,0.00
11325,53489,0.00
11326,65393,0.00
11327,53708,100.00
11328,53924,0.00
11329,39094,100.00
11330,22048,0.00
11331,25413,100.00
11332,46734,100.00
11333,49660,100.00
11334,30335,0.00
11335,50492,100.00
11336,44540,100.00
11337,26225,100.00
11338,36481,0.00
11339,48004,0.00
11340,59401,0.00
11341,61354,0.00
11342,69277,0.00
11343,72619,0.00
11344,73270,0.00
11345,69648,100.00
11346,28256,0.00
11347,45601,100.00
11348,30660,100.00
11349,48893,100.00
11350,40008,100.00
11351,27410,100.00
11352,26429,100.00
11353,37495,100.00
11354,32576,100.00
11355,27349,100.00
11356,53540,0.00
11357,40868,0.00
11358,47783,0.00
11359,45888,0.00
11360,54091,0.00
11361,69345,50.00
11362,29306,0.00
11363,57344,100.00
11364,42477,100.00
11365,32367,100.00
11366,24128,0.00
11367,51894,100.00
11368,46224,100.00
11369,33713,100.00
11370,47302,0.00
11371,43351,100.00
11372,34974,100.00
11373,31176,50.00
11374,45013,0.00
11375,47463,0.00
11376,56182,0.00
11377,57198,0.00
11378,64535,0.00
11379,49236,100.00
11380,54243,0.00
11381,51678,100.00
11382,23291,0.00
11383,27792,100.00
11384,53392,100.00
11385,34381,100.00
11386,29994,0.00
11387,26454,100.00
11388,34906,100.00
11389,54285,100.00
11390,49249,0.00
11391,31385,50.00
11392,38093,0.00
11393,51361,50.00
11394,53699,0.00
11395,60287,0.00
11396,59367,0.00
11397,63104,0.00
11398,70209,0.00
11399,51406,100.00
11400,34195,0.00
11401,32939,100.00
11402,38073,100.00
11403,44387,0.00
11404,32628,100.00
11405,35691,100.00
11406,36160,100.00
11407,30386,0.00
11408,26211,100.00
11409,28412,100.00
11410,31965,0.00
11411,45153,50.00
11412,51510,0.00
11413,53643,0.00
11414,56245,0.00
11415,65685,0.00
11416,57749,0.00
11417,70002,0.00
11418,65230,66.67
11419,33776,0.00
11420,42490,0.00
11421,29245,100.00
11422,24652,100.00
11423,25064,100.00
11424,53581,0.00
11425,42995,100.00
11426,30792,100.00
11427,53938,0.00
11428,45320,100.00
11429,44383,0.00
11430,43930,0.00
11431,72844,0.00
11432,28263,0.00
11433,23726,100.00
11434,24969,0.00
11435,38136,100.00
11436,44665,100.00
11437,30631,100.00
11438,31299,100.00
11439,24054,100.00
11440,36655,100.00
11441,42456,100.00
11442,24435,100.00
11443,40580,100.00
11444,84245,0.00
11445,55734,0.00
11446,55171,0.00
11447,55073,0.00
11448,62761,0.00
11449,41466,50.00
11450,30779,0.00
11451,33685,100.00
11452,28567,100.00
11453,51285,100.00
11454,41834,100.00
11455,23255,100.00
11456,22806,100.00
11457,24025,100.00
11458,51136,100.00
11459,40995,100.00
11460,42345,100.00
11461,32651,100.00
11462,26197,0.00
11463,39037,50.00
11464,46846,0.00
11465,48761,0.00
11466,47402,0.00
11467,45101,0.00
11468,58308,0.00
11469,44711,50.00
11470,37165,0.00
11471,44047,100.00
11472,33554,100.00
11473,27658,100.00
11474,25857,0.00
11475,39668,100.00
11476,34553,100.00
11477,28056,100.00
11478,23382,0.00
11479,36272,100.00
11480,44210,100.00
11481,29358,100.00
11482,19804,50.00
11483,57335,0.00
11484,56322,0.00
11485,57525,0.00
11486,59894,0.00
11487,62352,0.00
11488,75231,0.00
11489,70256,100.00
11490,25809,0.00
11491,26643,0.00
11492,26331,100.00
11493,53490,100.00
11494,35972,100.00
11495,30571,0.00
11496,28157,100.00
11497,51735,100.00
11498,32885,100.00
11499,26275,0.00
11500,34847,100.00
11501,44084,50.00
11502,59084,0.00
11503,56779,0.00
11504,56493,0.00
11505,57361,0.00
11506,59487,0.00
11507,60560,0.00
11508,49757,100.00
11509,60179,100.00
11510,26394,0.00
11511,35662,100.00
11512,30135,100.00
11513,25017,100.00
11514,38023,100.00
11515,43137,100.00
11516,49089,100.00
11517,37462,50.00
11518,47987,0.00
11519,59350,0.00
11520,55927,0.00
11521,65534,50.00
11522,23563,0.00
11523,38265,0.00
11524,28200,50.00
11525,51583,100.00
11526,24570,0.00
11527,46063,0.00
11528,34852,100.00
11529,32901,100.00
11530,26766,100.00
11531,43125,0.00
11532,44418,100.00
11533,24648,100.00
11534,43349,0.00
11535,51028,0.00
11536,51859,0.00
11537,57524,0.00
11538,74570,0.00
11539,27612,0.00
11540,54074,100.00
11541,61710,100.00
11542,23553,0.00
11543,24132,100.00
11544,49801,100.00
11545,36494,100.00
11546,25662,100.00
11547,25108,100.00
11548,20861,100.00
11549,50490,100.00
11550,40316,100.00
11551,34266,50.00
11552,32648,0.00
11553,46947,50.00
11554,54497,0.00
11555,58904,0.00
11556,63214,0.00
11557,66768,0.00
11558,64357,0.00
11559,36730,50.00
11560,35412,100.00
11561,30176,100.00
11562,44527,100.00
11563,43380,100.00
11564,35419,100.00
11565,45628,100.00
11566,37891,100.00
11567,24170,100.00
11568,22418,100.00
11569,27820,100.00
11570,53804,100.00
11571,44548,0.00
11572,58581,0.00
11573,55973,0.00
11574,68072,0.00
11575,61196,0.00
11576,70688,0.00
11577,46949,50.00
11578,52989,100.00
11579,48788,0.00
11580,25612,100.00
11581,28378,100.00
11582,25845,100.00
11583,40795,0.00
11584,44116,100.00
11585,33581,100.00
11586,39421,100.00
11587,53181,0.00
11588,46644,0.00
11589,46717,0.00
11590,49680,0.00
11591,53534,0.00
11592,59363,50.00
11593,35341,100.00
11594,51782,50.00
11595,33565,0.00
11596,67323,100.00
11597,38284,100.00
11598,38222,100.00
11599,26389,100.00
11600,54106,100.00
11601,46319,100.00
11602,26844,100.00
11603,47720,100.00
11604,48046,0.00
11605,64731,0.00
11606,47643,0.00
11607,57724,0.00
11608,54014,0.00
11609,41016,50.00
11610,31656,0.00
11611,36838,100.00
11612,35224,100.00
11613,49384,100.00
11614,31291,0.00
11615,28788,100.00
11616,24481,100.00
11617,25758,100.00
11618,51867,0.00
11619,45076,100.00
11620,51385,100.00
11621,42816,100.00
11622,35268,50.00
11623,32593,0.00
11624,57719,0.00
11625,46951,0.00
11626,57989,0.00
11627,51456,0.00
11628,66153,0.00
11629,33556,50.00
11630,30886,100.00
11631,45426,0.00
11632,44040,100.00
11633,31408,100.00
11634,24192,100.00
11635,42503,0.00
11636,29174,100.00
11637,32579,100.00
11638,24314,100.00
11639,36532,0.00
11640,42305,100.00
11641,33619,100.00
11642,23433,50.00
11643,25884,0.00
11644,40864,0.00
11645,49142,0.00
11646,45997,0.00
11647,44242,0.00
11648,54044,0.00
11649,54534,50.00
11650,27136,100.00
11651,27439,100.00
11652,28150,0.00
11653,52446,100.00
11654,21420,0.00
11655,24629,100.00
11656,42426,0.00
11657,40288,100.00
11658,24747,100.00
11659,23405,100.00
11660,26996,0.00
11661,35235,100.00
11662,45487,0.00
11663,54407,0.00
11664,64404,0.00
11665,51294,0.00
11666,53807,0.00
11667,73993,50.00
11668,52541,0.00
11669,65422,100.00
11670,22816,0.00
11671,36663,100.00
11672,28140,100.00
11673,29805,100.00
11674,41510,0.00
11675,36345,100.00
11676,34274,100.00
11677,41287,100.00
11678,50043,50.00
11679,69142,0.00
11680,190198,50.00
11681,62566,0.00
11682,61615,0.00
11683,50157,0.00
11684,65302,100.00
11685,30777,0.00
11686,43787,100.00
11687,66058,100.00
11688,48023,100.00
11689,43259,100.00
11690,27600,100.00
11691,55031,100.00
11692,53874,100.00
11693,39121,100.00
11694,92617,0.00
11695,61265,0.00
11696,62070,0.00
11697,87903,0.00
11698,88027,50.00
11699,34251,0.00
11700,53467,0.00
11701,70789,100.00
11702,24219,0.00
11703,26211,100.00
11704,56776,100.00
11705,40616,100.00
11706,26415,0.00
11707,25268,100.00
11708,26871,100.00
11709,52971,100.00
11710,45239,0.00
11711,46053,100.00
11712,36694,0.00
11713,37240,50.00
11714,43072,0.00
11715,78269,0.00
11716,57833,0.00
11717,68334,0.00
11718,63905,0.00
11719,42808,0.00
11720,45054,100.00
11721,44640,100.00
11722,21760,0.00
11723,37527,0.00
11724,32858,100.00
11725,43175,100.00
11726,41964,100.00
11727,24600,0.00
11728,25293,100.00
11729,28640,100.00
11730,48247,0.00
11731,49065,100.00
11732,49051,0.00
11733,57815,0.00
11734,58899,0.00
11735,99982,0.00
11736,73008,0.00
11737,43962,100.00
11738,57197,0.00
11739,63292,100.00
11740,34158,0.00
11741,26888,100.00
11742,29993,100.00
11743,36140,100.00
11744,50271,0.00
11745,46913,100.00
11746,46703,100.00
11747,43342,100.00
11748,42016,0.00
11749,45989,0.00
11750,50117,0.00
11751,57245,0.00
11752,49423,100.00
11753,46375,50.00
11754,39521,0.00
11755,58776,50.00
11756,38699,0.00
11757,31124,100.00
11758,28181,100.00
11759,22936,0.00
11760,46876,100.00
11761,40037,100.00
11762,24193,100.00
11763,49838,0.00
11764,39118,100.00
11765,46266,0.00
11766,48985,0.00
11767,49727,0.00
11768,57053,0.00
11769,42285,100.00
11770,36135,0.00
11771,35876,0.00
11772,52754,100.00
11773,40887,100.00
11774,25255,100.00
11775,23083,0.00
11776,24694,100.00
11777,35831,100.00
11778,40405,100.00
11779,39756,0.00
11780,54172,100.00
11781,30320,100.00
11782,22921,50.00
11783,42111,0.00
11784,50941,0.00
11785,51716,0.00
11786,53244,0.00
11787,50229,0.00
11788,67370,0.00
11789,54101,66.67
11790,27334,0.00
11791,41804,100.00
11792,29250,0.00
11793,27251,100.00
11794,37113,100.00
11795,36239,100.00
11796,41358,0.00
11797,26471,100.00
11798,28568,100.00
11799,45392,100.00
11800,47864,0.00
11801,36292,100.00
11802,17637,0.00
11803,48318,0.00
11804,46287,0.00
11805,49748,0.00
11806,57189,0.00
11807,53642,0.00
11808,66373,0.00
11809,64130,100.00
11810,34383,50.00
11811,28904,0.00
11812,38392,100.00
11813,53551,100.00
11814,22281,0.00
11815,24456,0.00
11816,47741,100.00
11817,37235,100.00
11818,22570,100.00
11819,22063,0.00
11820,27051,100.00
11821,39374,100.00
11822,56252,0.00
11823,54587,0.00
11824,57753,0.00
11825,54752,0.00
11826,49246,0.00
11827,58602,0.00
11828,49733,100.00
11829,50688,100.00
11830,22292,0.00
11831,38032,100.00
11832,28395,100.00
11833,26786,100.00
11834,37705,100.00
11835,35436,100.00
11836,27162,100.00
11837,36233,100.00
11838,39201,0.00
11839,66412,0.00
11840,59575,0.00
11841,68913,0.00
11842,46830,100.00
11843,32896,0.00
11844,31692,100.00
11845,50198,100.00
11846,36422,0.00
11847,41121,100.00
11848,28223,100.00
11849,30677,100.00
11850,24600,100.00
11851,45638,100.00
11852,48592,100.00
11853,27795,100.00
11854,40139,0.00
11855,40215,0.00
11856,43994,0.00
11857,46709,0.00
11858,66175,50.00
11859,25513,0.00
11860,63393,100.00
11861,23770,0.00
11862,27586,0.00
11863,24472,100.00
11864,50157,100.00
11865,33116,100.00
11866,24203,0.00
11867,23188,100.00
11868,24491,100.00
11869,50297,100.00
11870,38111,0.00
11871,32373,100.00
11872,27714,0.00
11873,39101,50.00
11874,41235,0.00
11875,51532,0.00
11876,57757,0.00
11877,82538,0.00
11878,63345,0.00
11879,47767,100.00
11880,33023,0.00
11881,30408,100.00
11882,47014,100.00
11883,42578,0.00
11884,33064,100.00
11885,42855,100.00
11886,36657,100.00
11887,25414,0.00
11888,23915,100.00
11889,27453,100.00
11890,31239,0.00
11891,30863,100.00
11892,42621,0.00
11893,47749,0.00
11894,53149,0.00
11895,54390,0.00
11896,61428,0.00
11897,50320,100.00
11898,52628,0.00
11899,55950,100.00
11900,44286,0.00
11901,26284,100.00
11902,27033,100.00
11903,36533,100.00
11904,36562,0.00
11905,36269,100.00
11906,39899,100.00
11907,38327,100.00
11908,35113,0.00
11909,26706,100.00
11910,42271,0.00
11911,48430,0.00
11912,54589,0.00
11913,54736,0.00
11914,52498,0.00
11915,62377,0.00
11916,29435,0.00
11917,43453,100.00
11918,46407,100.00
11919,33304,100.00
11920,44389,0.00
11921,45327,100.00
11922,28441,100.00
11923,48551,100.00
11924,27316,0.00
11925,48964,100.00
11926,40477,100.00
11927,45326,0.00
11928,53374,0.00
11929,63200,0.00
11930,56911,0.00
11931,59079,0.00
11932,70741,0.00
11933,63067,100.00
11934,28667,0.00
11935,41190,100.00
11936,28327,100.00
11937,26361,100.00
11938,23803,100.00
11939,51925,100.00
11940,49845,100.00
11941,39235,100.00
11942,40312,100.00
11943,35232,100.00
11944,36639,100.00
11945,36133,0.00
11946,49513,0.00
11947,72321,0.00
11948,64340,0.00
11949,62602,0.00
11950,66172,50.00
11951,53206,0.00
11952,59431,100.00
11953,51401,100.00
11954,24622,0.00
11955,25962,100.00
11956,51986,100.00
11957,30679,100.00
11958,25880,100.00
11959,36481,100.00
11960,25763,100.00
11961,58559,100.00
11962,43724,100.00
11963,34968,50.00
11964,25801,0.00
11965,54922,0.00
11966,54787,0.00
11967,60212,0.00
11968,60378,0.00
11969,69113,50.00
11970,66829,0.00
11971,45043,50.00
11972,28980,0.00
11973,27677,100.00
11974,45434,100.00
11975,45663,100.00
11976,48129,0.00
11977,49269,100.00
11978,39048,100.00
11979,23847,100.00
11980,30127,0.00
11981,24962,100.00
11982,36471,0.00
11983,45090,50.00
11984,60516,0.00
11985,55769,0.00
11986,55439,0.00
11987,72137,0.00
11988,71292,0.00
11989,62275,100.00
11990,23466,0.00
11991,59122,100.00
11992,47024,0.00
11993,31426,100.00
11994,25603,100.00
11995,36052,100.00
11996,55826,0.00
11997,41465,100.00
11998,30772,100.00
11999,59141,0.00
12000,83730,50.00
