sample,work_ns,cpu_utilization
1,52031,0.00
2,57794,0.00
3,60653,0.00
4,57270,0.00
5,55005,0.00
6,53672,0.00
7,52888,0.00
8,62199,0.00
9,57418,0.00
10,71705,0.00
11,58434,0.00
12,61576,0.00
13,60403,0.00
14,64175,0.00
15,57227,0.00
16,58031,0.00
17,70159,0.00
18,62120,0.00
19,62066,0.00
20,54651,0.00
21,74717,0.00
22,61366,0.00
23,58634,0.00
24,59914,0.00
25,58896,0.00
26,61482,0.00
27,69239,0.00
28,58389,0.00
29,62333,0.00
30,60636,0.00
31,54733,0.00
32,51692,0.00
33,55031,0.00
34,56490,0.00
35,54430,0.00
36,50544,0.00
37,55134,0.00
38,59846,0.00
39,73802,0.00
40,57070,0.00
41,73834,0.00
42,70823,0.00
43,61189,0.00
44,56439,0.00
45,60815,0.00
46,57443,0.00
47,57176,0.00
48,54769,0.00
49,142220,0.00
50,58136,0.00
51,59140,0.00
52,56787,0.00
53,56157,0.00
54,63447,0.00
55,62692,0.00
56,54152,0.00
57,54912,0.00
58,56274,0.00
59,58214,0.00
60,58512,0.00
61,66538,0.00
62,66462,0.00
63,59567,0.00
64,68440,0.00
65,57507,0.00
66,69815,0.00
67,78441,0.00
68,60093,0.00
69,59903,0.00
70,57090,0.00
71,55578,0.00
72,55187,0.00
73,60725,0.00
74,55230,0.00
75,55475,0.00
76,51670,0.00
77,53163,0.00
78,54373,0.00
79,68841,0.00
80,51552,0.00
81,53956,0.00
82,53809,0.00
83,57590,0.00
84,53927,0.00
85,64007,0.00
86,57618,0.00
87,52060,0.00
88,52985,0.00
89,56922,0.00
90,53415,0.00
91,65674,0.00
92,55092,0.00
93,54924,0.00
94,65413,0.00
95,59281,0.00
96,60010,0.00
97,60079,0.00
98,56262,0.00
99,54561,0.00
100,55528,0.00
101,58464,0.00
102,61740,0.00
103,53884,0.00
104,52794,0.00
105,64548,0.00
106,66786,0.00
107,59362,0.00
108,60530,0.00
109,66171,0.00
110,55544,0.00
111,58417,0.00
112,59196,0.00
113,57638,0.00
114,56197,0.00
115,59873,0.00
116,60405,0.00
117,58183,0.00
118,59403,0.00
119,55057,0.00
120,57566,0.00
121,54104,0.00
122,53419,0.00
123,53208,0.00
124,47516,0.00
125,55289,0.00
126,50641,0.00
127,55417,0.00
128,49369,0.00
129,49672,0.00
130,48489,0.00
131,52577,0.00
132,50516,0.00
133,51194,0.00
134,51906,0.00
135,43459,0.00
136,49026,0.00
137,48375,0.00
138,51561,0.00
139,46022,0.00
140,48192,0.00
141,52182,0.00
142,49026,0.00
143,58712,0.00
144,61343,0.00
145,51404,0.00
146,65145,0.00
147,70293,0.00
148,60519,0.00
149,56226,0.00
150,58694,0.00
151,56508,0.00
152,59588,0.00
153,53037,0.00
154,61849,0.00
155,60560,0.00
156,56233,0.00
157,60445,0.00
158,62812,0.00
159,57116,0.00
160,57913,0.00
161,57701,0.00
162,56201,0.00
163,59917,0.00
164,61000,0.00
165,56527,0.00
166,67437,0.00
167,56005,0.00
168,55593,0.00
169,55920,0.00
170,55149,0.00
171,52090,0.00
172,47641,0.00
173,53157,0.00
174,57758,0.00
175,50908,0.00
176,53126,0.00
177,49094,0.00
178,47719,0.00
179,48122,0.00
180,47586,0.00
181,49679,0.00
182,46477,0.00
183,54967,0.00
184,52608,0.00
185,62566,0.00
186,55263,0.00
187,54722,0.00
188,51713,0.00
189,53836,0.00
190,49479,0.00
191,62616,0.00
192,54577,0.00
193,78472,0.00
194,53891,0.00
195,55139,0.00
196,54799,0.00
197,58762,0.00
198,59011,0.00
199,76614,0.00
200,657101,0.00
201,59361,0.00
202,58633,0.00
203,59438,0.00
204,55536,0.00
205,56856,0.00
206,55146,0.00
207,66286,0.00
208,63066,0.00
209,56143,0.00
210,52049,0.00
211,55685,0.00
212,65302,0.00
213,56512,0.00
214,53780,0.00
215,65154,0.00
216,59144,0.00
217,62469,0.00
218,54342,0.00
219,54809,0.00
220,55943,0.00
221,58921,0.00
222,56202,0.00
223,55961,0.00
224,54779,0.00
225,52757,0.00
226,53331,0.00
227,56764,0.00
228,53111,0.00
229,50499,0.00
230,52112,0.00
231,53319,0.00
232,52503,0.00
233,63613,0.00
234,55351,0.00
235,59987,0.00
236,56555,0.00
237,58008,0.00
238,53577,0.00
239,53462,0.00
240,51697,0.00
241,57653,0.00
242,58513,0.00
243,49850,0.00
244,58575,0.00
245,59053,0.00
246,54325,0.00
247,51713,0.00
248,53443,0.00
249,52794,0.00
250,60485,0.00
251,50233,0.00
252,50531,0.00
253,55184,0.00
254,48787,0.00
255,45725,0.00
256,62609,0.00
257,49135,0.00
258,51419,0.00
259,52418,0.00
260,53570,0.00
261,52016,0.00
262,53243,0.00
263,50847,0.00
264,48171,0.00
265,50925,0.00
266,52472,0.00
267,55215,0.00
268,57508,0.00
269,61352,0.00
270,59275,0.00
271,54896,0.00
272,50357,0.00
273,53818,0.00
274,51844,0.00
275,48319,0.00
276,47903,0.00
277,59266,0.00
278,56266,0.00
279,53860,0.00
280,60773,0.00
281,54300,0.00
282,48096,0.00
283,49488,0.00
284,59029,0.00
285,48505,0.00
286,51305,0.00
287,49833,0.00
288,54725,0.00
289,55831,0.00
290,69463,0.00
291,58095,0.00
292,65910,0.00
293,53774,0.00
294,52313,0.00
295,54207,0.00
296,59790,0.00
297,44731,0.00
298,43648,0.00
299,54911,0.00
300,50268,0.00
301,51860,0.00
302,64809,0.00
303,58096,0.00
304,58538,0.00
305,59572,0.00
306,60668,0.00
307,60712,0.00
308,71661,0.00
309,57217,0.00
310,60582,0.00
311,71873,0.00
312,63396,0.00
313,58820,0.00
314,52841,0.00
315,62244,0.00
316,60528,0.00
317,74253,0.00
318,61093,0.00
319,60152,0.00
320,58093,0.00
321,61555,0.00
322,63676,0.00
323,54949,0.00
324,52657,0.00
325,53561,0.00
326,51131,0.00
327,58669,0.00
328,56463,0.00
329,56753,0.00
330,54309,0.00
331,58824,0.00
332,56189,0.00
333,54313,0.00
334,49411,0.00
335,46012,0.00
336,45882,0.00
337,41771,0.00
338,42421,0.00
339,48384,0.00
340,45637,0.00
341,47520,0.00
342,46418,0.00
343,57684,0.00
344,50801,0.00
345,53642,0.00
346,50318,0.00
347,53592,0.00
348,57535,0.00
349,62877,0.00
350,60374,0.00
351,54136,0.00
352,58647,0.00
353,56094,0.00
354,54256,0.00
355,47527,0.00
356,49182,0.00
357,56951,0.00
358,57649,0.00
359,58435,0.00
360,54263,0.00
361,61056,0.00
362,66918,0.00
363,58361,0.00
364,57718,0.00
365,54922,0.00
366,53652,0.00
367,55122,0.00
368,71794,0.00
369,58673,0.00
370,54830,0.00
371,65054,0.00
372,52749,0.00
373,55632,0.00
374,56434,0.00
375,51089,0.00
376,49679,0.00
377,57650,0.00
378,53670,0.00
379,51974,0.00
380,54881,0.00
381,66169,0.00
382,54425,0.00
383,60242,0.00
384,60635,0.00
385,57694,0.00
386,58951,0.00
387,53858,0.00
388,52481,0.00
389,70303,0.00
390,58006,0.00
391,57608,0.00
392,56908,0.00
393,57683,0.00
394,55262,0.00
395,58091,0.00
396,58146,0.00
397,55292,0.00
398,60675,0.00
399,53532,0.00
400,874939,0.00
401,50335,50.00
402,52780,0.00
403,57203,0.00
404,52221,0.00
405,62021,0.00
406,65265,0.00
407,47139,0.00
408,56594,0.00
409,60199,0.00
410,59141,0.00
411,54543,0.00
412,58092,0.00
413,61393,0.00
414,60729,0.00
415,61562,0.00
416,59792,0.00
417,71920,0.00
418,69410,0.00
419,59394,0.00
420,61802,0.00
421,51954,0.00
422,58505,0.00
423,54206,0.00
424,55654,0.00
425,49421,0.00
426,47862,0.00
427,46666,0.00
428,46339,0.00
429,53780,0.00
430,51485,0.00
431,62052,0.00
432,50782,0.00
433,67068,0.00
434,53703,0.00
435,52941,0.00
436,59476,0.00
437,56461,0.00
438,51313,0.00
439,57082,0.00
440,54383,0.00
441,54538,0.00
442,54845,0.00
443,53497,0.00
444,50983,0.00
445,48267,0.00
446,47131,0.00
447,51328,0.00
448,47324,0.00
449,47535,0.00
450,45080,0.00
451,44741,0.00
452,44837,0.00
453,51954,0.00
454,47297,0.00
455,49835,0.00
456,45817,0.00
457,44680,0.00
458,48979,0.00
459,45515,0.00
460,49561,0.00
461,52449,0.00
462,55256,0.00
463,51147,0.00
464,53160,0.00
465,53431,0.00
466,55332,0.00
467,54959,0.00
468,56482,0.00
469,55184,0.00
470,53678,0.00
471,53246,0.00
472,57441,0.00
473,56448,0.00
474,54440,0.00
475,60208,0.00
476,51389,0.00
477,51821,0.00
478,56126,0.00
479,49424,0.00
480,51762,0.00
481,58032,0.00
482,60446,0.00
483,57233,0.00
484,54090,0.00
485,54050,0.00
486,69103,0.00
487,61794,0.00
488,51055,0.00
489,55537,0.00
490,49371,0.00
491,43694,0.00
492,41603,0.00
493,45409,0.00
494,57279,0.00
495,45700,0.00
496,46595,0.00
497,49148,0.00
498,55080,0.00
499,58658,0.00
500,57163,0.00
501,58308,0.00
502,52653,0.00
503,47507,0.00
504,48329,0.00
505,45244,0.00
506,46045,0.00
507,47758,0.00
508,49734,0.00
509,51494,0.00
510,59562,0.00
511,63761,0.00
512,63303,0.00
513,57777,0.00
514,55250,0.00
515,53552,0.00
516,69309,0.00
517,58885,0.00
518,55210,0.00
519,53158,0.00
520,51277,0.00
521,48102,0.00
522,65765,0.00
523,47293,0.00
524,50596,0.00
525,55349,0.00
526,52005,0.00
527,45248,0.00
528,48188,0.00
529,47100,0.00
530,49275,0.00
531,45852,0.00
532,49233,0.00
533,42509,0.00
534,46037,0.00
535,49368,0.00
536,47759,0.00
537,49866,0.00
538,50123,0.00
539,47458,0.00
540,44808,0.00
541,46613,0.00
542,48160,0.00
543,48015,0.00
544,50025,0.00
545,49092,0.00
546,49482,0.00
547,54983,0.00
548,55079,0.00
549,56828,0.00
550,57522,0.00
551,55489,0.00
552,60868,0.00
553,55074,0.00
554,56010,0.00
555,55103,0.00
556,56663,0.00
557,57059,0.00
558,57234,0.00
559,63582,0.00
560,60708,0.00
561,64929,0.00
562,54501,0.00
563,58075,0.00
564,51989,0.00
565,54481,0.00
566,52883,0.00
567,48839,0.00
568,52153,0.00
569,50006,0.00
570,55493,0.00
571,54782,0.00
572,44471,0.00
573,41811,0.00
574,40633,0.00
575,42053,0.00
576,41769,0.00
577,57920,0.00
578,51977,0.00
579,41534,0.00
580,42673,0.00
581,56226,0.00
582,50452,0.00
583,57159,0.00
584,49150,0.00
585,47985,0.00
586,50073,0.00
587,51510,0.00
588,52481,0.00
589,52267,0.00
590,47568,0.00
591,47856,0.00
592,43018,0.00
593,42649,0.00
594,46711,0.00
595,43783,0.00
596,49059,0.00
597,50722,0.00
598,46039,0.00
599,44340,0.00
600,73288,0.00
601,50575,0.00
602,46299,0.00
603,43640,0.00
604,43966,0.00
605,48524,0.00
606,47870,0.00
607,47682,0.00
608,53086,0.00
609,56902,0.00
610,51467,0.00
611,52669,0.00
612,58296,0.00
613,51197,0.00
614,48121,0.00
615,44779,0.00
616,43439,0.00
617,49636,0.00
618,51664,0.00
619,41480,0.00
620,48186,0.00
621,45787,0.00
622,41385,0.00
623,36314,0.00
624,32458,0.00
625,32069,0.00
626,31526,0.00
627,39805,0.00
628,31724,0.00
629,41568,0.00
630,39817,0.00
631,40069,0.00
632,42544,0.00
633,42288,0.00
634,43566,0.00
635,55869,0.00
636,48858,0.00
637,54118,0.00
638,50904,0.00
639,52050,0.00
640,61075,0.00
641,58068,0.00
642,56798,0.00
643,57165,0.00
644,49637,0.00
645,51731,0.00
646,50959,0.00
647,53152,0.00
648,64566,0.00
649,49208,0.00
650,46635,0.00
651,46332,0.00
652,47934,0.00
653,48227,0.00
654,45310,0.00
655,46793,0.00
656,52834,0.00
657,56879,0.00
658,52842,0.00
659,55427,0.00
660,50760,0.00
661,57177,0.00
662,57518,0.00
663,59664,0.00
664,55405,0.00
665,51362,0.00
666,57816,0.00
667,46115,0.00
668,52672,0.00
669,55508,0.00
670,50457,0.00
671,48839,0.00
672,44936,0.00
673,53598,0.00
674,56225,0.00
675,50693,0.00
676,49363,0.00
677,51916,0.00
678,53531,0.00
679,52569,0.00
680,53186,0.00
681,52981,0.00
682,54822,0.00
683,50513,0.00
684,50860,0.00
685,51927,0.00
686,52067,0.00
687,62138,0.00
688,48516,0.00
689,51257,0.00
690,48577,0.00
691,47923,0.00
692,46039,0.00
693,49041,0.00
694,46677,0.00
695,45942,0.00
696,40101,0.00
697,62424,0.00
698,54159,0.00
699,47598,0.00
700,49087,0.00
701,49652,0.00
702,47884,0.00
703,47964,0.00
704,46586,0.00
705,55425,0.00
706,53439,0.00
707,53242,0.00
708,52135,0.00
709,53396,0.00
710,50103,0.00
711,46875,0.00
712,46625,0.00
713,48338,0.00
714,50711,0.00
715,48026,0.00
716,47595,0.00
717,48797,0.00
718,56700,0.00
719,51501,0.00
720,49130,0.00
721,52874,0.00
722,55014,0.00
723,56345,0.00
724,47690,0.00
725,46777,0.00
726,45558,0.00
727,49218,0.00
728,45377,0.00
729,40226,0.00
730,42020,0.00
731,36508,0.00
732,36688,0.00
733,41036,0.00
734,38203,0.00
735,44376,0.00
736,37272,0.00
737,39681,0.00
738,44754,0.00
739,47482,0.00
740,48067,0.00
741,45839,0.00
742,42520,0.00
743,37721,0.00
744,37284,0.00
745,37830,0.00
746,39469,0.00
747,43662,0.00
748,48791,0.00
749,50820,0.00
750,55250,0.00
751,50298,0.00
752,53613,0.00
753,53061,0.00
754,54602,0.00
755,58059,0.00
756,53746,0.00
757,71570,0.00
758,63156,0.00
759,59417,0.00
760,52995,0.00
761,56075,0.00
762,57861,0.00
763,60943,0.00
764,55034,0.00
765,63440,0.00
766,52882,0.00
767,47948,0.00
768,46169,0.00
769,48822,0.00
770,46382,0.00
771,52470,0.00
772,52800,0.00
773,46044,0.00
774,46854,0.00
775,42021,0.00
776,51649,0.00
777,47107,0.00
778,50535,0.00
779,62736,0.00
780,53593,0.00
781,47497,0.00
782,40882,0.00
783,52868,0.00
784,43572,0.00
785,46237,0.00
786,49260,0.00
787,50128,0.00
788,55135,0.00
789,58617,0.00
790,57771,0.00
791,58361,0.00
792,51675,0.00
793,56807,0.00
794,52233,0.00
795,50801,0.00
796,47331,0.00
797,65398,0.00
798,54960,0.00
799,59117,0.00
800,61887,0.00
801,56335,0.00
802,62576,0.00
803,61810,0.00
804,57074,0.00
805,67681,0.00
806,52685,0.00
807,51191,0.00
808,60777,0.00
809,54384,0.00
810,50638,0.00
811,48047,0.00
812,49111,0.00
813,49470,0.00
814,52804,0.00
815,60758,0.00
816,52474,0.00
817,51142,0.00
818,50435,0.00
819,49241,0.00
820,51706,0.00
821,51717,0.00
822,49984,0.00
823,50108,0.00
824,44199,0.00
825,48215,0.00
826,43661,0.00
827,43241,0.00
828,52179,0.00
829,39930,0.00
830,36115,0.00
831,34739,0.00
832,35810,0.00
833,37594,0.00
834,36909,0.00
835,46597,0.00
836,43707,0.00
837,49163,0.00
838,46068,0.00
839,43642,0.00
840,51687,0.00
841,50363,0.00
842,47766,0.00
843,48903,0.00
844,54863,0.00
845,53267,0.00
846,63960,0.00
847,63766,0.00
848,55376,0.00
849,61905,0.00
850,56361,0.00
851,56709,0.00
852,53751,0.00
853,52983,0.00
854,46150,0.00
855,47694,0.00
856,49383,0.00
857,57093,0.00
858,48934,0.00
859,51397,0.00
860,51436,0.00
861,49273,0.00
862,52639,0.00
863,53422,0.00
864,56110,0.00
865,56970,0.00
866,52147,0.00
867,53422,0.00
868,51639,0.00
869,55222,0.00
870,54624,0.00
871,64882,0.00
872,68534,0.00
873,51328,0.00
874,52832,0.00
875,56093,0.00
876,53571,0.00
877,54945,0.00
878,56094,0.00
879,52125,0.00
880,57074,0.00
881,69685,0.00
882,58532,0.00
883,56137,0.00
884,60073,0.00
885,51450,0.00
886,50630,0.00
887,57660,0.00
888,50891,0.00
889,52691,0.00
890,58000,0.00
891,57725,0.00
892,54353,0.00
893,57439,0.00
894,58934,0.00
895,58757,0.00
896,65379,0.00
897,52581,0.00
898,54259,0.00
899,66173,0.00
900,52645,0.00
901,56043,0.00
902,53206,0.00
903,57660,0.00
904,58447,0.00
905,55945,0.00
906,55362,0.00
907,56016,0.00
908,60614,0.00
909,61742,0.00
910,67854,0.00
911,57693,0.00
912,73555,0.00
913,58232,0.00
914,57409,0.00
915,61592,0.00
916,59870,0.00
917,59076,0.00
918,53151,0.00
919,49756,0.00
920,55344,0.00
921,54797,0.00
922,54740,0.00
923,55919,0.00
924,52236,0.00
925,53047,0.00
926,56834,0.00
927,52783,0.00
928,52059,0.00
929,53400,0.00
930,67622,0.00
931,58468,0.00
932,65885,0.00
933,71922,0.00
934,52804,0.00
935,56774,0.00
936,55760,0.00
937,51997,0.00
938,65855,0.00
939,51155,0.00
940,52108,0.00
941,53644,0.00
942,53103,0.00
943,52030,0.00
944,49809,0.00
945,46557,0.00
946,47661,0.00
947,52681,0.00
948,50797,0.00
949,48093,0.00
950,48202,0.00
951,49158,0.00
952,47736,0.00
953,48508,0.00
954,50296,0.00
955,50548,0.00
956,60330,0.00
957,56926,0.00
958,57856,0.00
959,60908,0.00
960,60015,0.00
961,53727,0.00
962,57684,0.00
963,67073,0.00
964,57872,0.00
965,54126,0.00
966,51321,0.00
967,52704,0.00
968,53011,0.00
969,58190,0.00
970,56890,0.00
971,57938,0.00
972,57585,0.00
973,55832,0.00
974,55114,0.00
975,49484,0.00
976,55129,0.00
977,62463,0.00
978,50860,0.00
979,56932,0.00
980,57829,0.00
981,52830,0.00
982,54663,0.00
983,51757,0.00
984,56390,0.00
985,47390,0.00
986,49637,0.00
987,49113,0.00
988,62278,0.00
989,56404,0.00
990,49956,0.00
991,51164,0.00
992,54949,0.00
993,53466,0.00
994,53919,0.00
995,51975,0.00
996,61014,0.00
997,52695,0.00
998,50646,0.00
999,53961,0.00
1000,82438,0.00
1001,59332,0.00
1002,51179,0.00
1003,56506,0.00
1004,66028,0.00
1005,56267,0.00
1006,55822,0.00
1007,52711,0.00
1008,51910,0.00
1009,59630,0.00
1010,54867,0.00
1011,56882,0.00
1012,65037,0.00
1013,59197,0.00
1014,59158,0.00
1015,68913,0.00
1016,57641,0.00
1017,56300,0.00
1018,55759,0.00
1019,62949,0.00
1020,54026,0.00
1021,61175,0.00
1022,68765,0.00
1023,59819,0.00
1024,51841,0.00
1025,62164,0.00
1026,49418,0.00
1027,57731,0.00
1028,59134,0.00
1029,66997,0.00
1030,52744,0.00
1031,59665,0.00
1032,54723,0.00
1033,50838,0.00
1034,52664,0.00
1035,58025,0.00
1036,59167,0.00
1037,51550,0.00
1038,53529,0.00
1039,47387,0.00
1040,52519,0.00
1041,50324,0.00
1042,51976,0.00
1043,51285,0.00
1044,50197,0.00
1045,48907,0.00
1046,48763,0.00
1047,64087,0.00
1048,48494,0.00
1049,53634,0.00
1050,59224,0.00
1051,52116,0.00
1052,54233,0.00
1053,60538,0.00
1054,62289,0.00
1055,55560,0.00
1056,54342,0.00
1057,69253,0.00
1058,72048,0.00
1059,55880,0.00
1060,56474,0.00
1061,53885,0.00
1062,60022,0.00
1063,57703,0.00
1064,57940,0.00
1065,57690,0.00
1066,59522,0.00
1067,55362,0.00
1068,52817,0.00
1069,58418,0.00
1070,55605,0.00
1071,52858,0.00
1072,48939,0.00
1073,48141,0.00
1074,50460,0.00
1075,55314,0.00
1076,50703,0.00
1077,51508,0.00
1078,55224,0.00
1079,59336,0.00
1080,57514,0.00
1081,64774,0.00
1082,52788,0.00
1083,52345,0.00
1084,54672,0.00
1085,49371,0.00
1086,42696,0.00
1087,54519,0.00
1088,49240,0.00
1089,48171,0.00
1090,48147,0.00
1091,44185,0.00
1092,44521,0.00
1093,46777,0.00
1094,52491,0.00
1095,49832,0.00
1096,47289,0.00
1097,54172,0.00
1098,50181,0.00
1099,61718,0.00
1100,57658,0.00
1101,58619,0.00
1102,54578,0.00
1103,55651,0.00
1104,54586,0.00
1105,57108,0.00
1106,55505,0.00
1107,67963,0.00
1108,52295,0.00
1109,50335,0.00
1110,53879,0.00
1111,64604,0.00
1112,55137,0.00
1113,56099,0.00
1114,60650,0.00
1115,66244,0.00
1116,54684,0.00
1117,52082,0.00
1118,53311,0.00
1119,53404,0.00
1120,48249,0.00
1121,52619,0.00
1122,48432,0.00
1123,53806,0.00
1124,49539,0.00
1125,52473,0.00
1126,57704,0.00
1127,48988,0.00
1128,49036,0.00
1129,49151,0.00
1130,45210,0.00
1131,47416,0.00
1132,49535,0.00
1133,51677,0.00
1134,52664,0.00
1135,51894,0.00
1136,51245,0.00
1137,51919,0.00
1138,46165,0.00
1139,45152,0.00
1140,50121,0.00
1141,47279,0.00
1142,52053,0.00
1143,57953,0.00
1144,52054,0.00
1145,52260,0.00
1146,56505,0.00
1147,51857,0.00
1148,48276,0.00
1149,50631,0.00
1150,57058,0.00
1151,57025,0.00
1152,52958,0.00
1153,60545,0.00
1154,67893,0.00
1155,71927,0.00
1156,57918,0.00
1157,60953,0.00
1158,64746,0.00
1159,56838,0.00
1160,55822,0.00
1161,57521,0.00
1162,56236,0.00
1163,56975,0.00
1164,58133,0.00
1165,52058,0.00
1166,56222,0.00
1167,54141,0.00
1168,53082,0.00
1169,49715,0.00
1170,73313,0.00
1171,52852,0.00
1172,52737,0.00
1173,48904,0.00
1174,48289,0.00
1175,46477,0.00
1176,46318,0.00
1177,51027,0.00
1178,43710,0.00
1179,47419,0.00
1180,45402,0.00
1181,50304,0.00
1182,44939,0.00
1183,47643,0.00
1184,57231,0.00
1185,47385,0.00
1186,47741,0.00
1187,49063,0.00
1188,45500,0.00
1189,45903,0.00
1190,47299,0.00
1191,45541,0.00
1192,47690,0.00
1193,44219,0.00
1194,49967,0.00
1195,48717,0.00
1196,53171,0.00
1197,56548,0.00
1198,50361,0.00
1199,46999,0.00
1200,47409,0.00
1201,53675,0.00
1202,51818,0.00
1203,54698,0.00
1204,53892,0.00
1205,67673,0.00
1206,58718,0.00
1207,57325,0.00
1208,63815,0.00
1209,59750,0.00
1210,76141,0.00
1211,63065,0.00
1212,59835,0.00
1213,57620,0.00
1214,57861,0.00
1215,63420,0.00
1216,65317,0.00
1217,55125,0.00
1218,58951,0.00
1219,57724,0.00
1220,53472,0.00
1221,59485,0.00
1222,54747,0.00
1223,54579,0.00
1224,66958,0.00
1225,56780,0.00
1226,52363,0.00
1227,54195,0.00
1228,53455,0.00
1229,53097,0.00
1230,51672,0.00
1231,52633,0.00
1232,55911,0.00
1233,55675,0.00
1234,58170,0.00
1235,59344,0.00
1236,55450,0.00
1237,49981,0.00
1238,47199,0.00
1239,47381,0.00
1240,45716,0.00
1241,51573,0.00
1242,54748,0.00
1243,54333,0.00
1244,50307,0.00
1245,51745,0.00
1246,56419,0.00
1247,54743,0.00
1248,55596,0.00
1249,55643,0.00
1250,57370,0.00
1251,59207,0.00
1252,60445,0.00
1253,55165,0.00
1254,58016,0.00
1255,61383,0.00
1256,53585,0.00
1257,55457,0.00
1258,68269,0.00
1259,58289,0.00
1260,57911,0.00
1261,64513,0.00
1262,63094,0.00
1263,56484,0.00
1264,54445,0.00
1265,53234,0.00
1266,54846,0.00
1267,65455,0.00
1268,47329,0.00
1269,55591,0.00
1270,68133,0.00
1271,58396,0.00
1272,57383,0.00
1273,64978,0.00
1274,55380,0.00
1275,50471,0.00
1276,48241,0.00
1277,53787,0.00
1278,48604,0.00
1279,46907,0.00
1280,44024,0.00
1281,49098,0.00
1282,49393,0.00
1283,51866,0.00
1284,50794,0.00
1285,57359,0.00
1286,60121,0.00
1287,62346,0.00
1288,57553,0.00
1289,54638,0.00
1290,59639,0.00
1291,56009,0.00
1292,52273,0.00
1293,63686,0.00
1294,47593,0.00
1295,49771,0.00
1296,50618,0.00
1297,60805,0.00
1298,45583,0.00
1299,49704,0.00
1300,48195,0.00
1301,50464,0.00
1302,45963,0.00
1303,52172,0.00
1304,53893,0.00
1305,51161,0.00
1306,57556,0.00
1307,56096,0.00
1308,57686,0.00
1309,55743,0.00
1310,59978,0.00
1311,57719,0.00
1312,60148,0.00
1313,70659,0.00
1314,61717,0.00
1315,58714,0.00
1316,59274,0.00
1317,63864,0.00
1318,55235,0.00
1319,57095,0.00
1320,57345,0.00
1321,58602,0.00
1322,52845,0.00
1323,55472,0.00
1324,53202,0.00
1325,57478,0.00
1326,51892,0.00
1327,56261,0.00
1328,56190,0.00
1329,59542,0.00
1330,57828,0.00
1331,56439,0.00
1332,56874,0.00
1333,51484,0.00
1334,52053,0.00
1335,59568,0.00
1336,54574,0.00
1337,55274,0.00
1338,53547,0.00
1339,62941,0.00
1340,56286,0.00
1341,56713,0.00
1342,51862,0.00
1343,50642,0.00
1344,51308,0.00
1345,49637,0.00
1346,54178,0.00
1347,55445,0.00
1348,53186,0.00
1349,52786,0.00
1350,49624,0.00
1351,52954,0.00
1352,55138,0.00
1353,51224,0.00
1354,50467,0.00
1355,54489,0.00
1356,52719,0.00
1357,49969,0.00
1358,71062,0.00
1359,50206,0.00
1360,48843,0.00
1361,49837,0.00
1362,60055,0.00
1363,58792,0.00
1364,53011,0.00
1365,53751,0.00
1366,51157,0.00
1367,56928,0.00
1368,50616,0.00
1369,51115,0.00
1370,47580,0.00
1371,55872,0.00
1372,53877,0.00
1373,56442,0.00
1374,53138,0.00
1375,48889,0.00
1376,48944,0.00
1377,54854,0.00
1378,51326,0.00
1379,55212,0.00
1380,56801,0.00
1381,62414,0.00
1382,61393,0.00
1383,55837,0.00
1384,55677,0.00
1385,55809,0.00
1386,53343,0.00
1387,62247,0.00
1388,55770,0.00
1389,59404,0.00
1390,64035,0.00
1391,57784,0.00
1392,59282,0.00
1393,59448,0.00
1394,69627,0.00
1395,57249,0.00
1396,56420,0.00
1397,59234,0.00
1398,59599,0.00
1399,70207,0.00
1400,71077,0.00
1401,67334,0.00
1402,60217,0.00
1403,59806,0.00
1404,60804,0.00
1405,61084,0.00
1406,56735,0.00
1407,56622,0.00
1408,61326,0.00
1409,57619,0.00
1410,61209,0.00
1411,62638,0.00
1412,60708,0.00
1413,59510,0.00
1414,57881,0.00
1415,73771,0.00
1416,54552,0.00
1417,55015,0.00
1418,58003,0.00
1419,53508,0.00
1420,53515,0.00
1421,53981,0.00
1422,57369,0.00
1423,60031,0.00
1424,53676,0.00
1425,55456,0.00
1426,53516,0.00
1427,50841,0.00
1428,51231,0.00
1429,64632,0.00
1430,56847,0.00
1431,47383,0.00
1432,56137,0.00
1433,63059,0.00
1434,43861,0.00
1435,45961,0.00
1436,47818,0.00
1437,54039,0.00
1438,53056,0.00
1439,54229,0.00
1440,49381,0.00
1441,57764,0.00
1442,55484,0.00
1443,55862,0.00
1444,53051,0.00
1445,52084,0.00
1446,54880,0.00
1447,55003,0.00
1448,56156,0.00
1449,53793,0.00
1450,52230,0.00
1451,48301,0.00
1452,51154,0.00
1453,54364,0.00
1454,59779,0.00
1455,52857,0.00
1456,51472,0.00
1457,57226,0.00
1458,54397,0.00
1459,51140,0.00
1460,51689,0.00
1461,53193,0.00
1462,56242,0.00
1463,59175,0.00
1464,56986,0.00
1465,58402,0.00
1466,71308,0.00
1467,59753,0.00
1468,62085,0.00
1469,60126,0.00
1470,57515,0.00
1471,60958,0.00
1472,57389,0.00
1473,59033,0.00
1474,54753,0.00
1475,56533,0.00
1476,58250,0.00
1477,54301,0.00
1478,57101,0.00
1479,59000,0.00
1480,49330,0.00
1481,49332,0.00
1482,51190,0.00
1483,51433,0.00
1484,49910,0.00
1485,56508,0.00
1486,58827,0.00
1487,52565,0.00
1488,58441,0.00
1489,53563,0.00
1490,59002,0.00
1491,55951,0.00
1492,51947,0.00
1493,49521,0.00
1494,58494,0.00
1495,45012,0.00
1496,44255,0.00
1497,54506,0.00
1498,53872,0.00
1499,53798,0.00
1500,53335,0.00
1501,56957,0.00
1502,57694,0.00
1503,56594,0.00
1504,47814,0.00
1505,58381,0.00
1506,62376,0.00
1507,52822,0.00
1508,50090,0.00
1509,57023,0.00
1510,63393,0.00
1511,49555,0.00
1512,54574,0.00
1513,57228,0.00
1514,58801,0.00
1515,56020,0.00
1516,50863,0.00
1517,52652,0.00
1518,53770,0.00
1519,49580,0.00
1520,48050,0.00
1521,48964,0.00
1522,51636,0.00
1523,55505,0.00
1524,50460,0.00
1525,52785,0.00
1526,50867,0.00
1527,52776,0.00
1528,49130,0.00
1529,54633,0.00
1530,42811,0.00
1531,47989,0.00
1532,45186,0.00
1533,57159,0.00
1534,63405,0.00
1535,54245,0.00
1536,52965,0.00
1537,58397,0.00
1538,51384,0.00
1539,49723,0.00
1540,51990,0.00
1541,52701,0.00
1542,52737,0.00
1543,52531,0.00
1544,52439,0.00
1545,61602,0.00
1546,51515,0.00
1547,56771,0.00
1548,54387,0.00
1549,53298,0.00
1550,54263,0.00
1551,52501,0.00
1552,59730,0.00
1553,66840,0.00
1554,57215,0.00
1555,55566,0.00
1556,66926,0.00
1557,58264,0.00
1558,75445,0.00
1559,65067,0.00
1560,67170,0.00
1561,62413,0.00
1562,64008,0.00
1563,55940,0.00
1564,58190,0.00
1565,54924,0.00
1566,55846,0.00
1567,55697,0.00
1568,62669,0.00
1569,58906,0.00
1570,56758,0.00
1571,54761,0.00
1572,69118,0.00
1573,63497,0.00
1574,56871,0.00
1575,61923,0.00
1576,58247,0.00
1577,55922,0.00
1578,57267,0.00
1579,58907,0.00
1580,53409,0.00
1581,55079,0.00
1582,53972,0.00
1583,57435,0.00
1584,55673,0.00
1585,60123,0.00
1586,59346,0.00
1587,56295,0.00
1588,53522,0.00
1589,54348,0.00
1590,55631,0.00
1591,55277,0.00
1592,50662,0.00
1593,48414,0.00
1594,56952,0.00
1595,49797,0.00
1596,48915,0.00
1597,45685,0.00
1598,54375,0.00
1599,53147,0.00
1600,47107,0.00
1601,50905,0.00
1602,48378,0.00
1603,58698,0.00
1604,48201,0.00
1605,48114,0.00
1606,49292,0.00
1607,48054,0.00
1608,58416,0.00
1609,53077,0.00
1610,54733,0.00
1611,56388,0.00
1612,57072,0.00
1613,55471,0.00
1614,55343,0.00
1615,55172,0.00
1616,70075,0.00
1617,67226,0.00
1618,54088,0.00
1619,52773,0.00
1620,53949,0.00
1621,58181,0.00
1622,62139,0.00
1623,49966,0.00
1624,51919,0.00
1625,52905,0.00
1626,56159,0.00
1627,43968,0.00
1628,45792,0.00
1629,42511,0.00
1630,46959,0.00
1631,48071,0.00
1632,54221,0.00
1633,45529,0.00
1634,51040,0.00
1635,66750,0.00
1636,56301,0.00
1637,57184,0.00
1638,60868,0.00
1639,51237,0.00
1640,55370,0.00
1641,55889,0.00
1642,54812,0.00
1643,50712,0.00
1644,44752,0.00
1645,50607,0.00
1646,45017,0.00
1647,49589,0.00
1648,52713,0.00
1649,61435,0.00
1650,51046,0.00
1651,49929,0.00
1652,49876,0.00
1653,46871,0.00
1654,46099,0.00
1655,43173,0.00
1656,44568,0.00
1657,60531,0.00
1658,51968,0.00
1659,48880,0.00
1660,50492,0.00
1661,53895,0.00
1662,117477,0.00
1663,54695,0.00
1664,71040,0.00
1665,56615,0.00
1666,55513,0.00
1667,57660,0.00
1668,57510,0.00
1669,52873,0.00
1670,48735,0.00
1671,47499,0.00
1672,53579,0.00
1673,48424,0.00
1674,49214,0.00
1675,50125,0.00
1676,48026,0.00
1677,50094,0.00
1678,54785,0.00
1679,57538,0.00
1680,52636,0.00
1681,53252,0.00
1682,49475,0.00
1683,52019,0.00
1684,51202,0.00
1685,51400,0.00
1686,51374,0.00
1687,54784,0.00
1688,51772,0.00
1689,55865,0.00
1690,53040,0.00
1691,60109,0.00
1692,53870,0.00
1693,52904,0.00
1694,62384,0.00
1695,52224,0.00
1696,49516,0.00
1697,57615,0.00
1698,58600,0.00
1699,56404,0.00
1700,53690,0.00
1701,58861,0.00
1702,52932,0.00
1703,54122,0.00
1704,51557,0.00
1705,50475,0.00
1706,50581,0.00
1707,57903,0.00
1708,48212,0.00
1709,50833,0.00
1710,59310,0.00
1711,53425,0.00
1712,51904,0.00
1713,66094,0.00
1714,55125,0.00
1715,58364,0.00
1716,54527,0.00
1717,57031,0.00
1718,59080,0.00
1719,58550,0.00
1720,61945,0.00
1721,61320,0.00
1722,59224,0.00
1723,62561,0.00
1724,53251,0.00
1725,50306,0.00
1726,52045,0.00
1727,51013,0.00
1728,47213,0.00
1729,46940,0.00
1730,45456,0.00
1731,47595,0.00
1732,46399,0.00
1733,51306,0.00
1734,51744,0.00
1735,50689,0.00
1736,50547,0.00
1737,49241,0.00
1738,47468,0.00
1739,47479,0.00
1740,49428,0.00
1741,54716,0.00
1742,54067,0.00
1743,51060,0.00
1744,45957,0.00
1745,62340,0.00
1746,46398,0.00
1747,61739,0.00
1748,47881,0.00
1749,48988,0.00
1750,53496,0.00
1751,49927,0.00
1752,55953,0.00
1753,51988,0.00
1754,57598,0.00
1755,51951,0.00
1756,51395,0.00
1757,52160,0.00
1758,60794,0.00
1759,51510,0.00
1760,53223,0.00
1761,58441,0.00
1762,63349,0.00
1763,56013,0.00
1764,55781,0.00
1765,55426,0.00
1766,52094,0.00
1767,46917,0.00
1768,55513,0.00
1769,51587,0.00
1770,57007,0.00
1771,54564,0.00
1772,56466,0.00
1773,59527,0.00
1774,58376,0.00
1775,52768,0.00
1776,52150,0.00
1777,59894,0.00
1778,53268,0.00
1779,56116,0.00
1780,52995,0.00
1781,54025,0.00
1782,51339,0.00
1783,57223,0.00
1784,51455,0.00
1785,54070,0.00
1786,51004,0.00
1787,43582,0.00
1788,48640,0.00
1789,47729,0.00
1790,46917,0.00
1791,45637,0.00
1792,45380,0.00
1793,47694,0.00
1794,43308,0.00
1795,45524,0.00
1796,44302,0.00
1797,49089,0.00
1798,38788,0.00
1799,43447,0.00
1800,46170,0.00
1801,55206,0.00
1802,50330,0.00
1803,49874,0.00
1804,66970,0.00
1805,47966,0.00
1806,46041,0.00
1807,46964,0.00
1808,63811,0.00
1809,80754,0.00
1810,69305,0.00
1811,53820,0.00
1812,56316,0.00
1813,58627,0.00
1814,61322,0.00
1815,58484,0.00
1816,53387,0.00
1817,53885,0.00
1818,55321,0.00
1819,38006,0.00
1820,48429,0.00
1821,51528,0.00
1822,56052,0.00
1823,52225,0.00
1824,58159,0.00
1825,51112,0.00
1826,52986,0.00
1827,73648,0.00
1828,51648,0.00
1829,56170,0.00
1830,53278,0.00
1831,51231,0.00
1832,51439,0.00
1833,47117,0.00
1834,47800,0.00
1835,48233,0.00
1836,48099,0.00
1837,47758,0.00
1838,43379,0.00
1839,43312,0.00
1840,42499,0.00
1841,45557,0.00
1842,57070,0.00
1843,48602,0.00
1844,42248,0.00
1845,49951,0.00
1846,43866,0.00
1847,39587,0.00
1848,47962,0.00
1849,46537,0.00
1850,44853,0.00
1851,48379,0.00
1852,44402,0.00
1853,46859,0.00
1854,42944,0.00
1855,52004,0.00
1856,45405,0.00
1857,47732,0.00
1858,58719,0.00
1859,51662,0.00
1860,51299,0.00
1861,60214,0.00
1862,50989,0.00
1863,47019,0.00
1864,50846,0.00
1865,50311,0.00
1866,48388,0.00
1867,49205,0.00
1868,50908,0.00
1869,54141,0.00
1870,61026,0.00
1871,48444,0.00
1872,48651,0.00
1873,47141,0.00
1874,49828,0.00
1875,54534,0.00
1876,57616,0.00
1877,50189,0.00
1878,49505,0.00
1879,51067,0.00
1880,60047,0.00
1881,46419,0.00
1882,49155,0.00
1883,50485,0.00
1884,49353,0.00
1885,55647,0.00
1886,49874,0.00
1887,51481,0.00
1888,50889,0.00
1889,46616,0.00
1890,47388,0.00
1891,46809,0.00
1892,48761,0.00
1893,50871,0.00
1894,52249,0.00
1895,55327,0.00
1896,54985,0.00
1897,59077,0.00
1898,52022,0.00
1899,50431,0.00
1900,52110,0.00
1901,67781,0.00
1902,52535,0.00
1903,66037,0.00
1904,46342,0.00
1905,44702,0.00
1906,39848,0.00
1907,41326,0.00
1908,47736,0.00
1909,49897,0.00
1910,50152,0.00
1911,60611,0.00
1912,50198,0.00
1913,48355,0.00
1914,49859,0.00
1915,46710,0.00
1916,48860,0.00
1917,46918,0.00
1918,47153,0.00
1919,46094,0.00
1920,47168,0.00
1921,68420,0.00
1922,51946,0.00
1923,51702,0.00
1924,50939,0.00
1925,51171,0.00
1926,50052,0.00
1927,43663,0.00
1928,43566,0.00
1929,49989,0.00
1930,42947,0.00
1931,36615,0.00
1932,42670,0.00
1933,39351,0.00
1934,41547,0.00
1935,40321,0.00
1936,44980,0.00
1937,43389,0.00
1938,48360,0.00
1939,49226,0.00
1940,48099,0.00
1941,51078,0.00
1942,48740,0.00
1943,60631,0.00
1944,55123,0.00
1945,65588,0.00
1946,55480,0.00
1947,53365,0.00
1948,54340,0.00
1949,54506,0.00
1950,50804,0.00
1951,49808,0.00
1952,49879,0.00
1953,49656,0.00
1954,54550,0.00
1955,65645,0.00
1956,52825,0.00
1957,56155,0.00
1958,58691,0.00
1959,55895,0.00
1960,57001,0.00
1961,59716,0.00
1962,55399,0.00
1963,54699,0.00
1964,54740,0.00
1965,54417,0.00
1966,54982,0.00
1967,53173,0.00
1968,53594,0.00
1969,50241,0.00
1970,54573,0.00
1971,56892,0.00
1972,52283,0.00
1973,55256,0.00
1974,51581,0.00
1975,49271,0.00
1976,53433,0.00
1977,55021,0.00
1978,45477,0.00
1979,46207,0.00
1980,45154,0.00
1981,53238,0.00
1982,47486,0.00
1983,46862,0.00
1984,58579,0.00
1985,63685,0.00
1986,48267,0.00
1987,48737,0.00
1988,46917,0.00
1989,48135,0.00
1990,46488,0.00
1991,49857,0.00
1992,50716,0.00
1993,50836,0.00
1994,53367,0.00
1995,52299,0.00
1996,57173,0.00
1997,73036,0.00
1998,49203,0.00
1999,49499,0.00
2000,92365,0.00
2001,54856,0.00
2002,47722,0.00
2003,50693,0.00
2004,53948,0.00
2005,54903,0.00
2006,51095,0.00
2007,49812,0.00
2008,68779,0.00
2009,57495,0.00
2010,52866,0.00
2011,55840,0.00
2012,50625,0.00
2013,63196,0.00
2014,56402,0.00
2015,54826,0.00
2016,55976,0.00
2017,78095,0.00
2018,60951,0.00
2019,67304,0.00
2020,61031,0.00
2021,74362,0.00
2022,60994,0.00
2023,61925,0.00
2024,55698,0.00
2025,54869,0.00
2026,61425,0.00
2027,55739,0.00
2028,63842,0.00
2029,63905,0.00
2030,54733,0.00
2031,52861,0.00
2032,51878,0.00
2033,52936,0.00
2034,50441,0.00
2035,76315,0.00
2036,56819,0.00
2037,60247,0.00
2038,52136,0.00
2039,55549,0.00
2040,55862,0.00
2041,56245,0.00
2042,50017,0.00
2043,49992,0.00
2044,51260,0.00
2045,59386,0.00
2046,55003,0.00
2047,56760,0.00
2048,67813,0.00
2049,63834,0.00
2050,80390,0.00
2051,56570,0.00
2052,57069,0.00
2053,54911,0.00
2054,54139,0.00
2055,54341,0.00
2056,62098,0.00
2057,64655,0.00
2058,58560,0.00
2059,60642,0.00
2060,65371,0.00
2061,57073,0.00
2062,65257,0.00
2063,65936,0.00
2064,59098,0.00
2065,54426,0.00
2066,61253,0.00
2067,60202,0.00
2068,58352,0.00
2069,55403,0.00
2070,53314,0.00
2071,52221,0.00
2072,52103,0.00
2073,55981,0.00
2074,49151,0.00
2075,46436,0.00
2076,65099,0.00
2077,51790,0.00
2078,46309,0.00
2079,47700,0.00
2080,46968,0.00
2081,59712,0.00
2082,54119,0.00
2083,53098,0.00
2084,52333,0.00
2085,48543,0.00
2086,50025,0.00
2087,47717,0.00
2088,43972,0.00
2089,45693,0.00
2090,52310,0.00
2091,50300,0.00
2092,57363,0.00
2093,71920,0.00
2094,55927,0.00
2095,52028,0.00
2096,62738,0.00
2097,54757,0.00
2098,67386,0.00
2099,52892,0.00
2100,50842,0.00
2101,54556,0.00
2102,58425,0.00
2103,57273,0.00
2104,55623,0.00
2105,56460,0.00
2106,49919,0.00
2107,56855,0.00
2108,57558,0.00
2109,60220,0.00
2110,59359,0.00
2111,57584,0.00
2112,61174,0.00
2113,61104,0.00
2114,53534,0.00
2115,54125,0.00
2116,57927,0.00
2117,56843,0.00
2118,53976,0.00
2119,53630,0.00
2120,67024,0.00
2121,60262,0.00
2122,57478,0.00
2123,54294,0.00
2124,58627,0.00
2125,64219,0.00
2126,56102,0.00
2127,53563,0.00
2128,62644,0.00
2129,55307,0.00
2130,46662,0.00
2131,47535,0.00
2132,48915,0.00
2133,48024,0.00
2134,50387,0.00
2135,54293,0.00
2136,50120,0.00
2137,52927,0.00
2138,51396,0.00
2139,56178,0.00
2140,51557,0.00
2141,61733,0.00
2142,53056,0.00
2143,54942,0.00
2144,52590,0.00
2145,53509,0.00
2146,51264,0.00
2147,48346,0.00
2148,42380,0.00
2149,45993,0.00
2150,43716,0.00
2151,49945,0.00
2152,54391,0.00
2153,57349,0.00
2154,55779,0.00
2155,61741,0.00
2156,53150,0.00
2157,52537,0.00
2158,58011,0.00
2159,51552,0.00
2160,54378,0.00
2161,56593,0.00
2162,51954,0.00
2163,51924,0.00
2164,48193,0.00
2165,49480,0.00
2166,51452,0.00
2167,54004,0.00
2168,47631,0.00
2169,42507,0.00
2170,43321,0.00
2171,39170,0.00
2172,43454,0.00
2173,46286,0.00
2174,43960,0.00
2175,58853,0.00
2176,47440,0.00
2177,54749,0.00
2178,55227,0.00
2179,55623,0.00
2180,64632,0.00
2181,56806,0.00
2182,55816,0.00
2183,51291,0.00
2184,55880,0.00
2185,51993,0.00
2186,54679,0.00
2187,59005,0.00
2188,58853,0.00
2189,60117,0.00
2190,59992,0.00
2191,57348,0.00
2192,55951,0.00
2193,59191,0.00
2194,58098,0.00
2195,54910,0.00
2196,57703,0.00
2197,66462,0.00
2198,58320,0.00
2199,54405,0.00
2200,53278,0.00
2201,58925,0.00
2202,54681,0.00
2203,57636,0.00
2204,53963,0.00
2205,58993,0.00
2206,57602,0.00
2207,62575,0.00
2208,60409,0.00
2209,55748,0.00
2210,55431,0.00
2211,53278,0.00
2212,53369,0.00
2213,58642,0.00
2214,50282,0.00
2215,50559,0.00
2216,51746,0.00
2217,57609,0.00
2218,50345,0.00
2219,45699,0.00
2220,53451,0.00
2221,52198,0.00
2222,50556,0.00
2223,47586,0.00
2224,47712,0.00
2225,48477,0.00
2226,48126,0.00
2227,51058,0.00
2228,55305,0.00
2229,56371,0.00
2230,51319,0.00
2231,51865,0.00
2232,49909,0.00
2233,51987,0.00
2234,60020,0.00
2235,54603,0.00
2236,54876,0.00
2237,65345,0.00
2238,54209,0.00
2239,63557,0.00
2240,54096,0.00
2241,54417,0.00
2242,56960,0.00
2243,53951,0.00
2244,54083,0.00
2245,57190,0.00
2246,57101,0.00
2247,56930,0.00
2248,50599,0.00
2249,56689,0.00
2250,50497,0.00
2251,50203,0.00
2252,48465,0.00
2253,51363,0.00
2254,45989,0.00
2255,47520,0.00
2256,58939,0.00
2257,56668,0.00
2258,53138,0.00
2259,61641,0.00
2260,56672,0.00
2261,74295,0.00
2262,56242,0.00
2263,63872,0.00
2264,56928,0.00
2265,57054,0.00
2266,64337,0.00
2267,59507,0.00
2268,55835,0.00
2269,56701,0.00
2270,50909,0.00
2271,57905,0.00
2272,53286,0.00
2273,73943,0.00
2274,56215,0.00
2275,54124,0.00
2276,57049,0.00
2277,56694,0.00
2278,55109,0.00
2279,54160,0.00
2280,65376,0.00
2281,59212,0.00
2282,56785,0.00
2283,57256,0.00
2284,51287,0.00
2285,61475,0.00
2286,53064,0.00
2287,53830,0.00
2288,57503,0.00
2289,54597,0.00
2290,60857,0.00
2291,54911,0.00
2292,51145,0.00
2293,51111,0.00
2294,47259,0.00
2295,45201,0.00
2296,49395,0.00
2297,56327,0.00
2298,52333,0.00
2299,52185,0.00
2300,53618,0.00
2301,52956,0.00
2302,57890,0.00
2303,50353,0.00
2304,48959,0.00
2305,49697,0.00
2306,55278,0.00
2307,53863,0.00
2308,48985,0.00
2309,54370,0.00
2310,49239,0.00
2311,49286,0.00
2312,48986,0.00
2313,65986,0.00
2314,51925,0.00
2315,49684,0.00
2316,56196,0.00
2317,54869,0.00
2318,51321,0.00
2319,59298,0.00
2320,55859,0.00
2321,53533,0.00
2322,54805,0.00
2323,53779,0.00
2324,48878,0.00
2325,50465,0.00
2326,47796,0.00
2327,46053,0.00
2328,48915,0.00
2329,47858,0.00
2330,55466,0.00
2331,50817,0.00
2332,58880,0.00
2333,45545,0.00
2334,44955,0.00
2335,52554,0.00
2336,54679,0.00
2337,51150,0.00
2338,53788,0.00
2339,49538,0.00
2340,53043,0.00
2341,61350,0.00
2342,47352,0.00
2343,57221,0.00
2344,52801,0.00
2345,51485,0.00
2346,47835,0.00
2347,52893,0.00
2348,51192,0.00
2349,59787,0.00
2350,53216,0.00
2351,63702,0.00
2352,57119,0.00
2353,55424,0.00
2354,53107,0.00
2355,56939,0.00
2356,58358,0.00
2357,61060,0.00
2358,60172,0.00
2359,55571,0.00
2360,63560,0.00
2361,59716,0.00
2362,62474,0.00
2363,62308,0.00
2364,63374,0.00
2365,76307,0.00
2366,61649,0.00
2367,64940,0.00
2368,59585,0.00
2369,58257,0.00
2370,69866,0.00
2371,61704,0.00
2372,55027,0.00
2373,54315,0.00
2374,54630,0.00
2375,53721,0.00
2376,54586,0.00
2377,57773,0.00
2378,55271,0.00
2379,53523,0.00
2380,52266,0.00
2381,62210,0.00
2382,55037,0.00
2383,56339,0.00
2384,66555,0.00
2385,74506,0.00
2386,54849,0.00
2387,66252,0.00
2388,59264,0.00
2389,57242,0.00
2390,58457,0.00
2391,55867,0.00
2392,53518,0.00
2393,53811,0.00
2394,54152,0.00
2395,55160,0.00
2396,52986,0.00
2397,60361,0.00
2398,60578,0.00
2399,57942,0.00
2400,54255,0.00
2401,74707,0.00
2402,57369,0.00
2403,57438,0.00
2404,59955,0.00
2405,55380,0.00
2406,64112,0.00
2407,58557,0.00
2408,60697,0.00
2409,59735,0.00
2410,60273,0.00
2411,59234,0.00
2412,58936,0.00
2413,60771,0.00
2414,56294,0.00
2415,56131,0.00
2416,60060,0.00
2417,61433,0.00
2418,64885,0.00
2419,62984,0.00
2420,59610,0.00
2421,59323,0.00
2422,60732,0.00
2423,56915,0.00
2424,57996,0.00
2425,54494,0.00
2426,67270,0.00
2427,55224,0.00
2428,61971,0.00
2429,59248,0.00
2430,48694,0.00
2431,51891,0.00
2432,49609,0.00
2433,52879,0.00
2434,53865,0.00
2435,49321,0.00
2436,49455,0.00
2437,58992,0.00
2438,50965,0.00
2439,46471,0.00
2440,44608,0.00
2441,45424,0.00
2442,61815,0.00
2443,53572,0.00
2444,57263,0.00
2445,54653,0.00
2446,55617,0.00
2447,58158,0.00
2448,54804,0.00
2449,55501,0.00
2450,56535,0.00
2451,57132,0.00
2452,51957,0.00
2453,50941,0.00
2454,51820,0.00
2455,48574,0.00
2456,56762,0.00
2457,50578,0.00
2458,50887,0.00
2459,50250,0.00
2460,48446,0.00
2461,50377,0.00
2462,54761,0.00
2463,58624,0.00
2464,54634,0.00
2465,57715,0.00
2466,53512,0.00
2467,57012,0.00
2468,60823,0.00
2469,66217,0.00
2470,60859,0.00
2471,55078,0.00
2472,54526,0.00
2473,55900,0.00
2474,53196,0.00
2475,54005,0.00
2476,55429,0.00
2477,55034,0.00
2478,54523,0.00
2479,56720,0.00
2480,50216,0.00
2481,50771,0.00
2482,54497,0.00
2483,51925,0.00
2484,45745,0.00
2485,47901,0.00
2486,46777,0.00
2487,53935,0.00
2488,49483,0.00
2489,54594,0.00
2490,53417,0.00
2491,54335,0.00
2492,44387,0.00
2493,55444,0.00
2494,50727,0.00
2495,49656,0.00
2496,45165,0.00
2497,41957,0.00
2498,49175,0.00
2499,49898,0.00
2500,47708,0.00
2501,49990,0.00
2502,55943,0.00
2503,46464,0.00
2504,37092,0.00
2505,39137,0.00
2506,43519,0.00
2507,37366,0.00
2508,38516,0.00
2509,45367,0.00
2510,42142,0.00
2511,56620,0.00
2512,46836,0.00
2513,45354,0.00
2514,63603,0.00
2515,50997,0.00
2516,55085,0.00
2517,53081,0.00
2518,46594,0.00
2519,42677,0.00
2520,44279,0.00
2521,46460,0.00
2522,46114,0.00
2523,44286,0.00
2524,45916,0.00
2525,45799,0.00
2526,51084,0.00
2527,45749,0.00
2528,49449,0.00
2529,47627,0.00
2530,53196,0.00
2531,52435,0.00
2532,51792,0.00
2533,69175,0.00
2534,51228,0.00
2535,50637,0.00
2536,50617,0.00
2537,49866,0.00
2538,48123,0.00
2539,47648,0.00
2540,51346,0.00
2541,50332,0.00
2542,53259,0.00
2543,49530,0.00
2544,47140,0.00
2545,49943,0.00
2546,57218,0.00
2547,55032,0.00
2548,50818,0.00
2549,54743,0.00
2550,50389,0.00
2551,58960,0.00
2552,56552,0.00
2553,53286,0.00
2554,57956,0.00
2555,56189,0.00
2556,56713,0.00
2557,54157,0.00
2558,53897,0.00
2559,63695,0.00
2560,54677,0.00
2561,63047,0.00
2562,52585,0.00
2563,52701,0.00
2564,55178,0.00
2565,47916,0.00
2566,54281,0.00
2567,54665,0.00
2568,53356,0.00
2569,52095,0.00
2570,48423,0.00
2571,41232,0.00
2572,40189,0.00
2573,42570,0.00
2574,51418,0.00
2575,42063,0.00
2576,35814,0.00
2577,39824,0.00
2578,40986,0.00
2579,37601,0.00
2580,43251,0.00
2581,58497,0.00
2582,39870,0.00
2583,47467,0.00
2584,39565,0.00
2585,41636,0.00
2586,38437,0.00
2587,57182,0.00
2588,43773,0.00
2589,49673,0.00
2590,48175,0.00
2591,52953,0.00
2592,48372,0.00
2593,49931,0.00
2594,52413,0.00
2595,65943,0.00
2596,56126,0.00
2597,56815,0.00
2598,53271,0.00
2599,51093,0.00
2600,57320,0.00
2601,84797,0.00
2602,67495,0.00
2603,56170,0.00
2604,56037,0.00
2605,51993,0.00
2606,52515,0.00
2607,48848,0.00
2608,54633,0.00
2609,55756,0.00
2610,52646,0.00
2611,54766,0.00
2612,63309,0.00
2613,54081,0.00
2614,48347,0.00
2615,55058,0.00
2616,52548,0.00
2617,63652,0.00
2618,61330,0.00
2619,71235,0.00
2620,49292,0.00
2621,45714,0.00
2622,42996,0.00
2623,46035,0.00
2624,42066,0.00
2625,48445,0.00
2626,39593,0.00
2627,40357,0.00
2628,36336,0.00
2629,42561,0.00
2630,37226,0.00
2631,40760,0.00
2632,44535,0.00
2633,42476,0.00
2634,40593,0.00
2635,48237,0.00
2636,49487,0.00
2637,47323,0.00
2638,49016,0.00
2639,48523,0.00
2640,53855,0.00
2641,59478,0.00
2642,69695,0.00
2643,53633,0.00
2644,56807,0.00
2645,54221,0.00
2646,53567,0.00
2647,56571,0.00
2648,53269,0.00
2649,65569,0.00
2650,47673,0.00
2651,57199,0.00
2652,48197,0.00
2653,51549,0.00
2654,45118,0.00
2655,45080,0.00
2656,34588,0.00
2657,44176,0.00
2658,44514,0.00
2659,50276,0.00
2660,49315,0.00
2661,53026,0.00
2662,62104,0.00
2663,54999,0.00
2664,56295,0.00
2665,51602,0.00
2666,48397,0.00
2667,45742,0.00
2668,48582,0.00
2669,60901,0.00
2670,51308,0.00
2671,67948,0.00
2672,50957,0.00
2673,55829,0.00
2674,53130,0.00
2675,56729,0.00
2676,53605,0.00
2677,53131,0.00
2678,49084,0.00
2679,48927,0.00
2680,50267,0.00
2681,46884,0.00
2682,43655,0.00
2683,46671,0.00
2684,52191,0.00
2685,56094,0.00
2686,51548,0.00
2687,53905,0.00
2688,55023,0.00
2689,50118,0.00
2690,51431,0.00
2691,55523,0.00
2692,54025,0.00
2693,58062,0.00
2694,59846,0.00
2695,48855,0.00
2696,51270,0.00
2697,53607,0.00
2698,54532,0.00
2699,55511,0.00
2700,55360,0.00
2701,53958,0.00
2702,54448,0.00
2703,56542,0.00
2704,52851,0.00
2705,55121,0.00
2706,49465,0.00
2707,49883,0.00
2708,46562,0.00
2709,59859,0.00
2710,52617,0.00
2711,56281,0.00
2712,58735,0.00
2713,55344,0.00
2714,51152,0.00
2715,49537,0.00
2716,51654,0.00
2717,53432,0.00
2718,52946,0.00
2719,51649,0.00
2720,53210,0.00
2721,53589,0.00
2722,55063,0.00
2723,60689,0.00
2724,63600,0.00
2725,50895,0.00
2726,48121,0.00
2727,68987,0.00
2728,44178,0.00
2729,46447,0.00
2730,46083,0.00
2731,46747,0.00
2732,43852,0.00
2733,44112,0.00
2734,53502,0.00
2735,50792,0.00
2736,47717,0.00
2737,62736,0.00
2738,47990,0.00
2739,54828,0.00
2740,51149,0.00
2741,63722,0.00
2742,55282,0.00
2743,51898,0.00
2744,49254,0.00
2745,51123,0.00
2746,56473,0.00
2747,54273,0.00
2748,51998,0.00
2749,58749,0.00
2750,57149,0.00
2751,57693,0.00
2752,53814,0.00
2753,62670,0.00
2754,51922,0.00
2755,55235,0.00
2756,52004,0.00
2757,66206,0.00
2758,57521,0.00
2759,56295,0.00
2760,60480,0.00
2761,69284,0.00
2762,60429,0.00
2763,55794,0.00
2764,58701,0.00
2765,59253,0.00
2766,60910,0.00
2767,56717,0.00
2768,61088,0.00
2769,54135,0.00
2770,73964,0.00
2771,59738,0.00
2772,66119,0.00
2773,60917,0.00
2774,65541,0.00
2775,59057,0.00
2776,56058,0.00
2777,63640,0.00
2778,61833,0.00
2779,52416,0.00
2780,53829,0.00
2781,55929,0.00
2782,53576,0.00
2783,61417,0.00
2784,55121,0.00
2785,55340,0.00
2786,54529,0.00
2787,66784,0.00
2788,47313,0.00
2789,57423,0.00
2790,44395,0.00
2791,45100,0.00
2792,44767,0.00
2793,61305,0.00
2794,56369,0.00
2795,52672,0.00
2796,53040,0.00
2797,50164,0.00
2798,49139,0.00
2799,57757,0.00
2800,52585,0.00
2801,52648,0.00
2802,57195,0.00
2803,57020,0.00
2804,53300,0.00
2805,58741,0.00
2806,48227,0.00
2807,46795,0.00
2808,59166,0.00
2809,68030,0.00
2810,57304,0.00
2811,54440,0.00
2812,54090,0.00
2813,49618,0.00
2814,61254,0.00
2815,50920,0.00
2816,56067,0.00
2817,54716,0.00
2818,58180,0.00
2819,47143,0.00
2820,46668,0.00
2821,50330,0.00
2822,46113,0.00
2823,45219,0.00
2824,46226,0.00
2825,40280,0.00
2826,37144,0.00
2827,36769,0.00
2828,36716,0.00
2829,44044,0.00
2830,51379,0.00
2831,52255,0.00
2832,56162,0.00
2833,54181,0.00
2834,57185,0.00
2835,49517,0.00
2836,38471,0.00
2837,39862,0.00
2838,40980,0.00
2839,40849,0.00
2840,42782,0.00
2841,42843,0.00
2842,45210,0.00
2843,60032,0.00
2844,46456,0.00
2845,44718,0.00
2846,42199,0.00
2847,45518,0.00
2848,54078,0.00
2849,59062,0.00
2850,50717,0.00
2851,49842,0.00
2852,65001,0.00
2853,54590,0.00
2854,55008,0.00
2855,50450,0.00
2856,64369,0.00
2857,52306,0.00
2858,52997,0.00
2859,56547,0.00
2860,56068,0.00
2861,53862,0.00
2862,51063,0.00
2863,54751,0.00
2864,50082,0.00
2865,47739,0.00
2866,55713,0.00
2867,51960,0.00
2868,51537,0.00
2869,54977,0.00
2870,54171,0.00
2871,51872,0.00
2872,53296,0.00
2873,52945,0.00
2874,56550,0.00
2875,54136,0.00
2876,58626,0.00
2877,60011,0.00
2878,58970,0.00
2879,50295,0.00
2880,53797,0.00
2881,66061,0.00
2882,60626,0.00
2883,56935,0.00
2884,56617,0.00
2885,53844,0.00
2886,59070,0.00
2887,61238,0.00
2888,60006,0.00
2889,73163,0.00
2890,59316,0.00
2891,60298,0.00
2892,61102,0.00
2893,60281,0.00
2894,58139,0.00
2895,74943,0.00
2896,58212,0.00
2897,62129,0.00
2898,59998,0.00
2899,52475,0.00
2900,55773,0.00
2901,64052,0.00
2902,54267,0.00
2903,59260,0.00
2904,59211,0.00
2905,53012,0.00
2906,57697,0.00
2907,55249,0.00
2908,53623,0.00
2909,53843,0.00
2910,61282,0.00
2911,59198,0.00
2912,60605,0.00
2913,62976,0.00
2914,62237,0.00
2915,68963,0.00
2916,73272,0.00
2917,60262,0.00
2918,58404,0.00
2919,57075,0.00
2920,57738,0.00
2921,64697,0.00
2922,56873,0.00
2923,55786,0.00
2924,59653,0.00
2925,56137,0.00
2926,51862,0.00
2927,58269,0.00
2928,53030,0.00
2929,52870,0.00
2930,47788,0.00
2931,62557,0.00
2932,53956,0.00
2933,57069,0.00
2934,52867,0.00
2935,72822,0.00
2936,65273,0.00
2937,59297,0.00
2938,66986,0.00
2939,69596,0.00
2940,59883,0.00
2941,59577,0.00
2942,67949,0.00
2943,51075,0.00
2944,54935,0.00
2945,54326,0.00
2946,50696,0.00
2947,50818,0.00
2948,52282,0.00
2949,63733,0.00
2950,51234,0.00
2951,50644,0.00
2952,55935,0.00
2953,65554,0.00
2954,52808,0.00
2955,48543,0.00
2956,52146,0.00
2957,52691,0.00
2958,57222,0.00
2959,68332,0.00
2960,59629,0.00
2961,68755,0.00
2962,57204,0.00
2963,59388,0.00
2964,55737,0.00
2965,57857,0.00
2966,53756,0.00
2967,52095,0.00
2968,51157,0.00
2969,51011,0.00
2970,52080,0.00
2971,59503,0.00
2972,47898,0.00
2973,53617,0.00
2974,48112,0.00
2975,49210,0.00
2976,52067,0.00
2977,50841,0.00
2978,50237,0.00
2979,48381,0.00
2980,49884,0.00
2981,54790,0.00
2982,47265,0.00
2983,48212,0.00
2984,46935,0.00
2985,47699,0.00
2986,47854,0.00
2987,50626,0.00
2988,55961,0.00
2989,48946,0.00
2990,62477,0.00
2991,49535,0.00
2992,48121,0.00
2993,51109,0.00
2994,43589,0.00
2995,46995,0.00
2996,62213,0.00
2997,63598,0.00
2998,48170,0.00
2999,46941,0.00
3000,73872,0.00
3001,54984,0.00
3002,50073,0.00
3003,49484,0.00
3004,47973,0.00
3005,52003,0.00
3006,49295,0.00
3007,55386,0.00
3008,52332,0.00
3009,52872,0.00
3010,47542,0.00
3011,53375,0.00
3012,60364,0.00
3013,55496,0.00
3014,56908,0.00
3015,52409,0.00
3016,53220,0.00
3017,53265,0.00
3018,59732,0.00
3019,70246,0.00
3020,57040,0.00
3021,56718,0.00
3022,53723,0.00
3023,50472,0.00
3024,49543,0.00
3025,48252,0.00
3026,50268,0.00
3027,46124,0.00
3028,42044,0.00
3029,44801,0.00
3030,40281,0.00
3031,42646,0.00
3032,42163,0.00
3033,46316,0.00
3034,38056,0.00
3035,40413,0.00
3036,39763,0.00
3037,39773,0.00
3038,38980,0.00
3039,42305,0.00
3040,40373,0.00
3041,40408,0.00
3042,46366,0.00
3043,43988,0.00
3044,41223,0.00
3045,40335,0.00
3046,47063,0.00
3047,41245,0.00
3048,46147,0.00
3049,51429,0.00
3050,43791,0.00
3051,51116,0.00
3052,50140,0.00
3053,47146,0.00
3054,47048,0.00
3055,47384,0.00
3056,48801,0.00
3057,48241,0.00
3058,46070,0.00
3059,51720,0.00
3060,43627,0.00
3061,48075,0.00
3062,46714,0.00
3063,45460,0.00
3064,45353,0.00
3065,47757,0.00
3066,44754,0.00
3067,47547,0.00
3068,47806,0.00
3069,52823,0.00
3070,45913,0.00
3071,47307,0.00
3072,47191,0.00
3073,47387,0.00
3074,41194,0.00
3075,44990,0.00
3076,45125,0.00
3077,43965,0.00
3078,47234,0.00
3079,48525,0.00
3080,56498,0.00
3081,56375,0.00
3082,58770,0.00
3083,52693,0.00
3084,52692,0.00
3085,51293,0.00
3086,48522,0.00
3087,44422,0.00
3088,45687,0.00
3089,53487,0.00
3090,47154,0.00
3091,47816,0.00
3092,49788,0.00
3093,64376,0.00
3094,51702,0.00
3095,52064,0.00
3096,53074,0.00
3097,49124,0.00
3098,46884,0.00
3099,57797,0.00
3100,52663,0.00
3101,51772,0.00
3102,45922,0.00
3103,44955,0.00
3104,52117,0.00
3105,45237,0.00
3106,56169,0.00
3107,63183,0.00
3108,53351,0.00
3109,51980,0.00
3110,54512,0.00
3111,53528,0.00
3112,50623,0.00
3113,50752,0.00
3114,60464,0.00
3115,47848,0.00
3116,47940,0.00
3117,58202,0.00
3118,47425,0.00
3119,49421,0.00
3120,52501,0.00
3121,56397,0.00
3122,52937,0.00
3123,53383,0.00
3124,63051,0.00
3125,51971,0.00
3126,55262,0.00
3127,68904,0.00
3128,67618,0.00
3129,72022,0.00
3130,49012,0.00
3131,54851,0.00
3132,52833,0.00
3133,47548,0.00
3134,47931,0.00
3135,52717,0.00
3136,47974,0.00
3137,44928,0.00
3138,53121,0.00
3139,56634,0.00
3140,67578,0.00
3141,55665,0.00
3142,57814,0.00
3143,49027,0.00
3144,46005,0.00
3145,43993,0.00
3146,41935,0.00
3147,38229,0.00
3148,34352,0.00
3149,44727,0.00
3150,49176,0.00
3151,42100,0.00
3152,48578,0.00
3153,49235,0.00
3154,54428,0.00
3155,66784,0.00
3156,59708,0.00
3157,55537,0.00
3158,55263,0.00
3159,55659,0.00
3160,54428,0.00
3161,56166,0.00
3162,56169,0.00
3163,58463,0.00
3164,56168,0.00
3165,57735,0.00
3166,56428,0.00
3167,54431,0.00
3168,63218,0.00
3169,58589,0.00
3170,53511,0.00
3171,50340,0.00
3172,54629,0.00
3173,55978,0.00
3174,56973,0.00
3175,55315,0.00
3176,57380,0.00
3177,52705,0.00
3178,52588,0.00
3179,55939,0.00
3180,55953,0.00
3181,67062,0.00
3182,52308,0.00
3183,48649,0.00
3184,49623,0.00
3185,48557,0.00
3186,47229,0.00
3187,45209,0.00
3188,44320,0.00
3189,48868,0.00
3190,47641,0.00
3191,46963,0.00
3192,46691,0.00
3193,42684,0.00
3194,44944,0.00
3195,40953,0.00
3196,43944,0.00
3197,44607,0.00
3198,43201,0.00
3199,47458,0.00
3200,54885,0.00
3201,47178,0.00
3202,51930,0.00
3203,46729,0.00
3204,48288,0.00
3205,52563,0.00
3206,49214,0.00
3207,52094,0.00
3208,50843,0.00
3209,49926,0.00
3210,48001,0.00
3211,43295,0.00
3212,49387,0.00
3213,53316,0.00
3214,50362,0.00
3215,54356,0.00
3216,52481,0.00
3217,51019,0.00
3218,62966,0.00
3219,49501,0.00
3220,47997,0.00
3221,53362,0.00
3222,50021,0.00
3223,63293,0.00
3224,48856,0.00
3225,47541,0.00
3226,49862,0.00
3227,49969,0.00
3228,42746,0.00
3229,42440,0.00
3230,45513,0.00
3231,38957,0.00
3232,44020,0.00
3233,52950,0.00
3234,53548,0.00
3235,52035,0.00
3236,48488,0.00
3237,48183,0.00
3238,47691,0.00
3239,61869,0.00
3240,48371,0.00
3241,55201,0.00
3242,50497,0.00
3243,50102,0.00
3244,45545,0.00
3245,60924,0.00
3246,46652,0.00
3247,51586,0.00
3248,44759,0.00
3249,50450,0.00
3250,50244,0.00
3251,49052,0.00
3252,49596,0.00
3253,48328,0.00
3254,52600,0.00
3255,50545,0.00
3256,50687,0.00
3257,53337,0.00
3258,52098,0.00
3259,48554,0.00
3260,48849,0.00
3261,60464,0.00
3262,58068,0.00
3263,57151,0.00
3264,56024,0.00
3265,57743,0.00
3266,50966,0.00
3267,45941,0.00
3268,51395,0.00
3269,48258,0.00
3270,53230,0.00
3271,47351,0.00
3272,44638,0.00
3273,46477,0.00
3274,46880,0.00
3275,42614,0.00
3276,41948,0.00
3277,46734,0.00
3278,43941,0.00
3279,43109,0.00
3280,51969,0.00
3281,55546,0.00
3282,50621,0.00
3283,49779,0.00
3284,49372,0.00
3285,54687,0.00
3286,59303,0.00
3287,47988,0.00
3288,45653,0.00
3289,53533,0.00
3290,50990,0.00
3291,45432,0.00
3292,42341,0.00
3293,44860,0.00
3294,81732,0.00
3295,46827,0.00
3296,48148,0.00
3297,54981,0.00
3298,50624,0.00
3299,47349,0.00
3300,49745,0.00
3301,59144,0.00
3302,50794,0.00
3303,58764,0.00
3304,51183,0.00
3305,49024,0.00
3306,51997,0.00
3307,43550,0.00
3308,40535,0.00
3309,40384,0.00
3310,47326,0.00
3311,53184,0.00
3312,63536,0.00
3313,60701,0.00
3314,55436,0.00
3315,53089,0.00
3316,51436,0.00
3317,49901,0.00
3318,47777,0.00
3319,41612,0.00
3320,41472,0.00
3321,49831,0.00
3322,49376,0.00
3323,54700,0.00
3324,40649,0.00
3325,49478,0.00
3326,45590,0.00
3327,52346,0.00
3328,43446,0.00
3329,58771,0.00
3330,38920,0.00
3331,40619,0.00
3332,53311,0.00
3333,49524,0.00
3334,42900,0.00
3335,41630,0.00
3336,39797,0.00
3337,50409,0.00
3338,49658,0.00
3339,45994,0.00
3340,55269,0.00
3341,50356,0.00
3342,62794,0.00
3343,50609,0.00
3344,51188,0.00
3345,50502,0.00
3346,53753,0.00
3347,66342,0.00
3348,54656,0.00
3349,62191,0.00
3350,59302,0.00
3351,61092,0.00
3352,53706,0.00
3353,54956,0.00
3354,46479,0.00
3355,49041,0.00
3356,49797,0.00
3357,76582,0.00
3358,53624,0.00
3359,54484,0.00
3360,67676,0.00
3361,56702,0.00
3362,56499,0.00
3363,63144,0.00
3364,52780,0.00
3365,53182,0.00
3366,55991,0.00
3367,56094,0.00
3368,51918,0.00
3369,55790,0.00
3370,64664,0.00
3371,55397,0.00
3372,59768,0.00
3373,50984,0.00
3374,53105,0.00
3375,52850,0.00
3376,48684,0.00
3377,48633,0.00
3378,49949,0.00
3379,52396,0.00
3380,48246,0.00
3381,53824,0.00
3382,48160,0.00
3383,47656,0.00
3384,48410,0.00
3385,47478,0.00
3386,45951,0.00
3387,49768,0.00
3388,47192,0.00
3389,62277,0.00
3390,53817,0.00
3391,49965,0.00
3392,47436,0.00
3393,50270,0.00
3394,173507,0.00
3395,53110,0.00
3396,50771,0.00
3397,49472,0.00
3398,52817,0.00
3399,51036,0.00
3400,55846,0.00
3401,58686,0.00
3402,60471,0.00
3403,61761,0.00
3404,59642,0.00
3405,57080,0.00
3406,58984,0.00
3407,56468,0.00
3408,53280,0.00
3409,58524,0.00
3410,55616,0.00
3411,58337,0.00
3412,57029,0.00
3413,82254,0.00
3414,52952,0.00
3415,52002,0.00
3416,53758,0.00
3417,57853,0.00
3418,58441,0.00
3419,58155,0.00
3420,54661,0.00
3421,61683,0.00
3422,53477,0.00
3423,60971,0.00
3424,55175,0.00
3425,52576,0.00
3426,51600,0.00
3427,56923,0.00
3428,53080,0.00
3429,50481,0.00
3430,51733,0.00
3431,52468,0.00
3432,49863,0.00
3433,53653,0.00
3434,53653,0.00
3435,56705,0.00
3436,54392,0.00
3437,51343,0.00
3438,48688,0.00
3439,50497,0.00
3440,57115,0.00
3441,68736,0.00
3442,53922,0.00
3443,55781,0.00
3444,53585,0.00
3445,56172,0.00
3446,55004,0.00
3447,51887,0.00
3448,52901,0.00
3449,67077,0.00
3450,56533,0.00
3451,51455,0.00
3452,54520,0.00
3453,58515,0.00
3454,64475,0.00
3455,58856,0.00
3456,62156,0.00
3457,60487,0.00
3458,58428,0.00
3459,56699,0.00
3460,66179,0.00
3461,61445,0.00
3462,55525,0.00
3463,52208,0.00
3464,51099,0.00
3465,48488,0.00
3466,49151,0.00
3467,45581,0.00
3468,54197,0.00
3469,71087,0.00
3470,56411,0.00
3471,60065,0.00
3472,56639,0.00
3473,58444,0.00
3474,54518,0.00
3475,55421,0.00
3476,49339,0.00
3477,50301,0.00
3478,49017,0.00
3479,52960,0.00
3480,50163,0.00
3481,50697,0.00
3482,45808,0.00
3483,64366,0.00
3484,53233,0.00
3485,50311,0.00
3486,50612,0.00
3487,49282,0.00
3488,59314,0.00
3489,47992,0.00
3490,49367,0.00
3491,45064,0.00
3492,47567,0.00
3493,53253,0.00
3494,49941,0.00
3495,47745,0.00
3496,51912,0.00
3497,54614,0.00
3498,48433,0.00
3499,52603,0.00
3500,51367,0.00
3501,55743,0.00
3502,57494,0.00
3503,56255,0.00
3504,53583,0.00
3505,55779,0.00
3506,59632,0.00
3507,57505,0.00
3508,52355,0.00
3509,48630,0.00
3510,52355,0.00
3511,50533,0.00
3512,53368,0.00
3513,59900,0.00
3514,53063,0.00
3515,50520,0.00
3516,54715,0.00
3517,53258,0.00
3518,50364,0.00
3519,53678,0.00
3520,55118,0.00
3521,61462,0.00
3522,48240,0.00
3523,48668,0.00
3524,52152,0.00
3525,47841,0.00
3526,46299,0.00
3527,43291,0.00
3528,45229,0.00
3529,44622,0.00
3530,49139,0.00
3531,47416,0.00
3532,52321,0.00
3533,47654,0.00
3534,46128,0.00
3535,47333,0.00
3536,47953,0.00
3537,47071,0.00
3538,45086,0.00
3539,42646,0.00
3540,42750,0.00
3541,46473,0.00
3542,44765,0.00
3543,46790,0.00
3544,46718,0.00
3545,40962,0.00
3546,41290,0.00
3547,51766,0.00
3548,44911,0.00
3549,49026,0.00
3550,45655,0.00
3551,48253,0.00
3552,48281,0.00
3553,53744,0.00
3554,45864,0.00
3555,43561,0.00
3556,43858,0.00
3557,51970,0.00
3558,62287,0.00
3559,49801,0.00
3560,49008,0.00
3561,56014,0.00
3562,52637,0.00
3563,49685,0.00
3564,51316,0.00
3565,56921,0.00
3566,51148,0.00
3567,51446,0.00
3568,45608,0.00
3569,63324,0.00
3570,38933,0.00
3571,44650,0.00
3572,43284,0.00
3573,48745,0.00
3574,48721,0.00
3575,53648,0.00
3576,63615,0.00
3577,55372,0.00
3578,54136,0.00
3579,47716,0.00
3580,49245,0.00
3581,52276,0.00
3582,47580,0.00
3583,69442,0.00
3584,45283,0.00
3585,50307,0.00
3586,47634,0.00
3587,45656,0.00
3588,49699,0.00
3589,53148,0.00
3590,55511,0.00
3591,63656,0.00
3592,49414,0.00
3593,52062,0.00
3594,49810,0.00
3595,53295,0.00
3596,49632,0.00
3597,50575,0.00
3598,47663,0.00
3599,47091,0.00
3600,53564,0.00
3601,50001,0.00
3602,44742,0.00
3603,63957,0.00
3604,54978,0.00
3605,59526,0.00
3606,53880,0.00
3607,50751,0.00
3608,53554,0.00
3609,47888,0.00
3610,51824,0.00
3611,42370,0.00
3612,47506,0.00
3613,54438,0.00
3614,51962,0.00
3615,54992,0.00
3616,58290,0.00
3617,67082,0.00
3618,51472,0.00
3619,53140,0.00
3620,49756,0.00
3621,50082,0.00
3622,53629,0.00
3623,50572,0.00
3624,51610,0.00
3625,56005,0.00
3626,53286,0.00
3627,41116,0.00
3628,62244,0.00
3629,48713,0.00
3630,48426,0.00
3631,50908,0.00
3632,56156,0.00
3633,56055,0.00
3634,46805,0.00
3635,48256,0.00
3636,45598,0.00
3637,44165,0.00
3638,44080,0.00
3639,44213,0.00
3640,45416,0.00
3641,53159,0.00
3642,50690,0.00
3643,54981,0.00
3644,50961,0.00
3645,48577,0.00
3646,62766,0.00
3647,51333,0.00
3648,45655,0.00
3649,43060,0.00
3650,45471,0.00
3651,44746,0.00
3652,55888,0.00
3653,45530,0.00
3654,55288,0.00
3655,59885,0.00
3656,51809,0.00
3657,54655,0.00
3658,48918,0.00
3659,50819,0.00
3660,48932,0.00
3661,47452,0.00
3662,46060,0.00
3663,47310,0.00
3664,50897,0.00
3665,48758,0.00
3666,55519,0.00
3667,44144,0.00
3668,47301,0.00
3669,46602,0.00
3670,41610,0.00
3671,38607,0.00
3672,46721,0.00
3673,48373,0.00
3674,49047,0.00
3675,43423,0.00
3676,46168,0.00
3677,45495,0.00
3678,46790,0.00
3679,47974,0.00
3680,45826,0.00
3681,42978,0.00
3682,43858,0.00
3683,45652,0.00
3684,49677,0.00
3685,58337,0.00
3686,45453,0.00
3687,48181,0.00
3688,49216,0.00
3689,50733,0.00
3690,55903,0.00
3691,50401,0.00
3692,50556,0.00
3693,49614,0.00
3694,48426,0.00
3695,47829,0.00
3696,55323,0.00
3697,59732,0.00
3698,50061,0.00
3699,49328,0.00
3700,59138,0.00
3701,61669,0.00
3702,55028,0.00
3703,64249,0.00
3704,52589,0.00
3705,53517,0.00
3706,50460,0.00
3707,42110,0.00
3708,44819,0.00
3709,48633,0.00
3710,54304,0.00
3711,48198,0.00
3712,50193,0.00
3713,46855,0.00
3714,59051,0.00
3715,54895,0.00
3716,53325,0.00
3717,50441,0.00
3718,54405,0.00
3719,45433,0.00
3720,45343,0.00
3721,46945,0.00
3722,48486,0.00
3723,45281,0.00
3724,58285,0.00
3725,46722,0.00
3726,47602,0.00
3727,48583,0.00
3728,46188,0.00
3729,57212,0.00
3730,59934,0.00
3731,48738,0.00
3732,49641,0.00
3733,50549,0.00
3734,51872,0.00
3735,53549,0.00
3736,51883,0.00
3737,50402,0.00
3738,50666,0.00
3739,46867,0.00
3740,48385,0.00
3741,50542,0.00
3742,54555,0.00
3743,58559,0.00
3744,53730,0.00
3745,54391,0.00
3746,54704,0.00
3747,53645,0.00
3748,60611,0.00
3749,54407,0.00
3750,54107,0.00
3751,54074,0.00
3752,54285,0.00
3753,52657,0.00
3754,55149,0.00
3755,52758,0.00
3756,51906,0.00
3757,48660,0.00
3758,49149,0.00
3759,50366,0.00
3760,53717,0.00
3761,53484,0.00
3762,51160,0.00
3763,62955,0.00
3764,50658,0.00
3765,53349,0.00
3766,49454,0.00
3767,53716,0.00
3768,54100,0.00
3769,44059,0.00
3770,46252,0.00
3771,46730,0.00
3772,50607,0.00
3773,47612,0.00
3774,45091,0.00
3775,46110,0.00
3776,42837,0.00
3777,50574,0.00
3778,49087,0.00
3779,46427,0.00
3780,50875,0.00
3781,49028,0.00
3782,55123,0.00
3783,56458,0.00
3784,43969,0.00
3785,50769,0.00
3786,41654,0.00
3787,39545,0.00
3788,44689,0.00
3789,45852,0.00
3790,59776,0.00
3791,42957,0.00
3792,45129,0.00
3793,44972,0.00
3794,49449,0.00
3795,60739,0.00
3796,50733,0.00
3797,55477,0.00
3798,48616,0.00
3799,51566,0.00
3800,55662,0.00
3801,49712,0.00
3802,56005,0.00
3803,54442,0.00
3804,58818,0.00
3805,65985,0.00
3806,46457,0.00
3807,53090,0.00
3808,60293,0.00
3809,51201,0.00
3810,52358,0.00
3811,48479,0.00
3812,49802,0.00
3813,48088,0.00
3814,51070,0.00
3815,48576,0.00
3816,50227,0.00
3817,54796,0.00
3818,55517,0.00
3819,55893,0.00
3820,57328,0.00
3821,54561,0.00
3822,52913,0.00
3823,45166,0.00
3824,37990,0.00
3825,40708,0.00
3826,36959,0.00
3827,43885,0.00
3828,42518,0.00
3829,46525,0.00
3830,49897,0.00
3831,41423,0.00
3832,42937,0.00
3833,46036,0.00
3834,40067,0.00
3835,41543,0.00
3836,53426,0.00
3837,47432,0.00
3838,48274,0.00
3839,51003,0.00
3840,44097,0.00
3841,59330,0.00
3842,49360,0.00
3843,61571,0.00
3844,51389,0.00
3845,54797,0.00
3846,50339,0.00
3847,47992,0.00
3848,56112,0.00
3849,53099,0.00
3850,52562,0.00
3851,55399,0.00
3852,56105,0.00
3853,57186,0.00
3854,54319,0.00
3855,52318,0.00
3856,58546,0.00
3857,56381,0.00
3858,55276,0.00
3859,52854,0.00
3860,52914,0.00
3861,57458,0.00
3862,66818,0.00
3863,53225,0.00
3864,48612,0.00
3865,50914,0.00
3866,47506,0.00
3867,45866,0.00
3868,42804,0.00
3869,43877,0.00
3870,45317,0.00
3871,52365,0.00
3872,53407,0.00
3873,54486,0.00
3874,54003,0.00
3875,58461,0.00
3876,53755,0.00
3877,55153,0.00
3878,49488,0.00
3879,59342,0.00
3880,49865,0.00
3881,53040,0.00
3882,50757,0.00
3883,54308,0.00
3884,50487,0.00
3885,51960,0.00
3886,62904,0.00
3887,51724,0.00
3888,49654,0.00
3889,54961,0.00
3890,50355,0.00
3891,54716,0.00
3892,51082,0.00
3893,51332,0.00
3894,53293,0.00
3895,55434,0.00
3896,49643,0.00
3897,57450,0.00
3898,48036,0.00
3899,51565,0.00
3900,51224,0.00
3901,54653,0.00
3902,51426,0.00
3903,56354,0.00
3904,52646,0.00
3905,57897,0.00
3906,54456,0.00
3907,56672,0.00
3908,56837,0.00
3909,67850,0.00
3910,52406,0.00
3911,57864,0.00
3912,54222,0.00
3913,59754,0.00
3914,58799,0.00
3915,44946,0.00
3916,53477,0.00
3917,47764,0.00
3918,52553,0.00
3919,47723,0.00
3920,55130,0.00
3921,58733,0.00
3922,52727,0.00
3923,55686,0.00
3924,54278,0.00
3925,53853,0.00
3926,62038,0.00
3927,53441,0.00
3928,46495,0.00
3929,47236,0.00
3930,45998,0.00
3931,53627,0.00
3932,47300,0.00
3933,56375,0.00
3934,49536,0.00
3935,49747,0.00
3936,48097,0.00
3937,61762,0.00
3938,51625,0.00
3939,60526,0.00
3940,54344,0.00
3941,56272,0.00
3942,47264,0.00
3943,46431,0.00
3944,46408,0.00
3945,45794,0.00
3946,45605,0.00
3947,43261,0.00
3948,50372,0.00
3949,55550,0.00
3950,69855,0.00
3951,54174,0.00
3952,56517,0.00
3953,56275,0.00
3954,55065,0.00
3955,63533,0.00
3956,54091,0.00
3957,65231,0.00
3958,60385,0.00
3959,54556,0.00
3960,54037,0.00
3961,72849,0.00
3962,52407,0.00
3963,66662,0.00
3964,52253,0.00
3965,50595,0.00
3966,50396,0.00
3967,49969,0.00
3968,52417,0.00
3969,56077,0.00
3970,55813,0.00
3971,53603,0.00
3972,52320,0.00
3973,53045,0.00
3974,48146,0.00
3975,47992,0.00
3976,51278,0.00
3977,48132,0.00
3978,50602,0.00
3979,45955,0.00
3980,47692,0.00
3981,42324,0.00
3982,46432,0.00
3983,47589,0.00
3984,45947,0.00
3985,48416,0.00
3986,50207,0.00
3987,45663,0.00
3988,49384,0.00
3989,50338,0.00
3990,53072,0.00
3991,68235,0.00
3992,63760,0.00
3993,53703,0.00
3994,51346,0.00
3995,48859,0.00
3996,45324,0.00
3997,53089,0.00
3998,46081,0.00
3999,48030,0.00
4000,88942,0.00
4001,53014,0.00
4002,48839,0.00
4003,55152,0.00
4004,49828,0.00
4005,53877,0.00
4006,49464,0.00
4007,49616,0.00
4008,53025,0.00
4009,55366,0.00
4010,51773,0.00
4011,54394,0.00
4012,68449,0.00
4013,56251,0.00
4014,56440,0.00
4015,58200,0.00
4016,55989,0.00
4017,59385,0.00
4018,55065,0.00
4019,55879,0.00
4020,50202,0.00
4021,57278,0.00
4022,54822,0.00
4023,55455,0.00
4024,45823,0.00
4025,44668,0.00
4026,39133,0.00
4027,35838,0.00
4028,40907,0.00
4029,37130,0.00
4030,34224,0.00
4031,35584,0.00
4032,33954,0.00
4033,38490,0.00
4034,42014,0.00
4035,44273,0.00
4036,42499,0.00
4037,39006,0.00
4038,49796,0.00
4039,41071,0.00
4040,40796,0.00
4041,43736,0.00
4042,42137,0.00
4043,45152,0.00
4044,40362,0.00
4045,47584,0.00
4046,46727,0.00
4047,43236,0.00
4048,49355,0.00
4049,50401,0.00
4050,48177,0.00
4051,49717,0.00
4052,49157,0.00
4053,49850,0.00
4054,48269,0.00
4055,48779,0.00
4056,50343,0.00
4057,50015,0.00
4058,53828,0.00
4059,55959,0.00
4060,52756,0.00
4061,58852,0.00
4062,57871,0.00
4063,57545,0.00
4064,59394,0.00
4065,56281,0.00
4066,57120,0.00
4067,58288,0.00
4068,56751,0.00
4069,57332,0.00
4070,57567,0.00
4071,56589,0.00
4072,63857,0.00
4073,58421,0.00
4074,55302,0.00
4075,53417,0.00
4076,49806,0.00
4077,51977,0.00
4078,50239,0.00
4079,54097,0.00
4080,52333,0.00
4081,55655,0.00
4082,55067,0.00
4083,53254,0.00
4084,52434,0.00
4085,53954,0.00
4086,53722,0.00
4087,54017,0.00
4088,48471,0.00
4089,53232,0.00
4090,49923,0.00
4091,51840,0.00
4092,57108,0.00
4093,53881,0.00
4094,56746,0.00
4095,53261,0.00
4096,56228,0.00
4097,55920,0.00
4098,67254,0.00
4099,68426,0.00
4100,49994,0.00
4101,57294,0.00
4102,53070,0.00
4103,51828,0.00
4104,51937,0.00
4105,47714,0.00
4106,52289,0.00
4107,50733,0.00
4108,59843,0.00
4109,53847,0.00
4110,48675,0.00
4111,67321,0.00
4112,53877,0.00
4113,55197,0.00
4114,58910,0.00
4115,55912,0.00
4116,52929,0.00
4117,60451,0.00
4118,63904,0.00
4119,59431,0.00
4120,57197,0.00
4121,56170,0.00
4122,54567,0.00
4123,57211,0.00
4124,71299,0.00
4125,52831,0.00
4126,57474,0.00
4127,64305,0.00
4128,67821,0.00
4129,53095,0.00
4130,53974,0.00
4131,50475,0.00
4132,47478,0.00
4133,46694,0.00
4134,49506,0.00
4135,46818,0.00
4136,55778,0.00
4137,51735,0.00
4138,56505,0.00
4139,57785,0.00
4140,53865,0.00
4141,52929,0.00
4142,52609,0.00
4143,43798,0.00
4144,45788,0.00
4145,47875,0.00
4146,53667,0.00
4147,48285,0.00
4148,49644,0.00
4149,50936,0.00
4150,50577,0.00
4151,51936,0.00
4152,55259,0.00
4153,50633,0.00
4154,58688,0.00
4155,47917,0.00
4156,49558,0.00
4157,52998,0.00
4158,57008,0.00
4159,67332,0.00
4160,55938,0.00
4161,59240,0.00
4162,51530,0.00
4163,52016,0.00
4164,50656,0.00
4165,50024,0.00
4166,49414,0.00
4167,50996,0.00
4168,53424,0.00
4169,49155,0.00
4170,48427,0.00
4171,50527,0.00
4172,47085,0.00
4173,44856,0.00
4174,43433,0.00
4175,39664,0.00
4176,41476,0.00
4177,42405,0.00
4178,45241,0.00
4179,45845,0.00
4180,46890,0.00
4181,48556,0.00
4182,49738,0.00
4183,45358,0.00
4184,39972,0.00
4185,46279,0.00
4186,58916,0.00
4187,46581,0.00
4188,45339,0.00
4189,58290,0.00
4190,61135,0.00
4191,48712,0.00
4192,50812,0.00
4193,49756,0.00
4194,59516,0.00
4195,66258,0.00
4196,55642,0.00
4197,56008,0.00
4198,51264,0.00
4199,53250,0.00
4200,57661,0.00
4201,62265,0.00
4202,60964,0.00
4203,52618,0.00
4204,56616,0.00
4205,59053,0.00
4206,59178,0.00
4207,69594,0.00
4208,60610,0.00
4209,60499,0.00
4210,62807,0.00
4211,58380,0.00
4212,56703,0.00
4213,57299,0.00
4214,61259,0.00
4215,55986,0.00
4216,58114,0.00
4217,57533,0.00
4218,58596,0.00
4219,55817,0.00
4220,50611,0.00
4221,58025,0.00
4222,65209,0.00
4223,54941,0.00
4224,57454,0.00
4225,58566,0.00
4226,56833,0.00
4227,59769,0.00
4228,50404,0.00
4229,51410,0.00
4230,50237,0.00
4231,54300,0.00
4232,49892,0.00
4233,64991,0.00
4234,54466,0.00
4235,55369,0.00
4236,52631,0.00
4237,52395,0.00
4238,50747,0.00
4239,55178,0.00
4240,54418,0.00
4241,57492,0.00
4242,70669,0.00
4243,58503,0.00
4244,56213,0.00
4245,53448,0.00
4246,54752,0.00
4247,45768,0.00
4248,46042,0.00
4249,44317,0.00
4250,43321,0.00
4251,52131,0.00
4252,45584,0.00
4253,50883,0.00
4254,47274,0.00
4255,44620,0.00
4256,45449,0.00
4257,44481,0.00
4258,45860,0.00
4259,43099,0.00
4260,43489,0.00
4261,55120,0.00
4262,48246,0.00
4263,45359,0.00
4264,52655,0.00
4265,53464,0.00
4266,63146,0.00
4267,58350,0.00
4268,56106,0.00
4269,52879,0.00
4270,51552,0.00
4271,51440,0.00
4272,49966,0.00
4273,63832,0.00
4274,50681,0.00
4275,48905,0.00
4276,46460,0.00
4277,49786,0.00
4278,51679,0.00
4279,52272,0.00
4280,49860,0.00
4281,60417,0.00
4282,47036,0.00
4283,50854,0.00
4284,43217,0.00
4285,46564,0.00
4286,42452,0.00
4287,54225,0.00
4288,46503,0.00
4289,55454,0.00
4290,48761,0.00
4291,64995,0.00
4292,53956,0.00
4293,52636,0.00
4294,51053,0.00
4295,52398,0.00
4296,51533,0.00
4297,53219,0.00
4298,55332,0.00
4299,64938,0.00
4300,58226,0.00
4301,47490,0.00
4302,45035,0.00
4303,45899,0.00
4304,51536,0.00
4305,51257,0.00
4306,52725,0.00
4307,67269,0.00
4308,45904,0.00
4309,46194,0.00
4310,55095,0.00
4311,53639,0.00
4312,51184,0.00
4313,50248,0.00
4314,49029,0.00
4315,51198,0.00
4316,63010,0.00
4317,65354,0.00
4318,48238,0.00
4319,51621,0.00
4320,43695,0.00
4321,51570,0.00
4322,48211,0.00
4323,55633,0.00
4324,51531,0.00
4325,53902,0.00
4326,46208,0.00
4327,46500,0.00
4328,43076,0.00
4329,42637,0.00
4330,42764,0.00
4331,47662,0.00
4332,46201,0.00
4333,44107,0.00
4334,40326,0.00
4335,44284,0.00
4336,46649,0.00
4337,44407,0.00
4338,43233,0.00
4339,44311,0.00
4340,46797,0.00
4341,46081,0.00
4342,42217,0.00
4343,44541,0.00
4344,45677,0.00
4345,54352,0.00
4346,45310,0.00
4347,47176,0.00
4348,52704,0.00
4349,53613,0.00
4350,49561,0.00
4351,45800,0.00
4352,47905,0.00
4353,48273,0.00
4354,47887,0.00
4355,47858,0.00
4356,55817,0.00
4357,47831,0.00
4358,49249,0.00
4359,54436,0.00
4360,53573,0.00
4361,50657,0.00
4362,46583,0.00
4363,55195,0.00
4364,52875,0.00
4365,49444,0.00
4366,64337,0.00
4367,48104,0.00
4368,55992,0.00
4369,48852,0.00
4370,65284,0.00
4371,45879,0.00
4372,64097,0.00
4373,55470,0.00
4374,56043,0.00
4375,62505,0.00
4376,48054,0.00
4377,48074,0.00
4378,43734,0.00
4379,50808,0.00
4380,54538,0.00
4381,50838,0.00
4382,51860,0.00
4383,49138,0.00
4384,51216,0.00
4385,50401,0.00
4386,50505,0.00
4387,49623,0.00
4388,50443,0.00
4389,51503,0.00
4390,50126,0.00
4391,44545,0.00
4392,50860,0.00
4393,51511,0.00
4394,51186,0.00
4395,59364,0.00
4396,58378,0.00
4397,67901,0.00
4398,57231,0.00
4399,66905,0.00
4400,57502,0.00
4401,58746,0.00
4402,58757,0.00
4403,56025,0.00
4404,46475,0.00
4405,44256,0.00
4406,44576,0.00
4407,43732,0.00
4408,55401,0.00
4409,52187,0.00
4410,55175,0.00
4411,66016,0.00
4412,58568,0.00
4413,55314,0.00
4414,58718,0.00
4415,49778,0.00
4416,53403,0.00
4417,57790,0.00
4418,56733,0.00
4419,54729,0.00
4420,52066,0.00
4421,51420,0.00
4422,49922,0.00
4423,45930,0.00
4424,44286,0.00
4425,49196,0.00
4426,56844,0.00
4427,53495,0.00
4428,50711,0.00
4429,56000,0.00
4430,53207,0.00
4431,54466,0.00
4432,59186,0.00
4433,54845,0.00
4434,57710,0.00
4435,65025,0.00
4436,55078,0.00
4437,52047,0.00
4438,49495,0.00
4439,47193,0.00
4440,44376,0.00
4441,51121,0.00
4442,60594,0.00
4443,57122,0.00
4444,52985,0.00
4445,58295,0.00
4446,48965,0.00
4447,49565,0.00
4448,52741,0.00
4449,55842,0.00
4450,52146,0.00
4451,60272,0.00
4452,55843,0.00
4453,57448,0.00
4454,55382,0.00
4455,55692,0.00
4456,56440,0.00
4457,53571,0.00
4458,56545,0.00
4459,49101,0.00
4460,51635,0.00
4461,56535,0.00
4462,59903,0.00
4463,63878,0.00
4464,54552,0.00
4465,53621,0.00
4466,54372,0.00
4467,55504,0.00
4468,55250,0.00
4469,58281,0.00
4470,52802,0.00
4471,62227,0.00
4472,55307,0.00
4473,56914,0.00
4474,55761,0.00
4475,55941,0.00
4476,55396,0.00
4477,56816,0.00
4478,57938,0.00
4479,55738,0.00
4480,59692,0.00
4481,63104,0.00
4482,52499,0.00
4483,54333,0.00
4484,52547,0.00
4485,50740,0.00
4486,50376,0.00
4487,45598,0.00
4488,44992,0.00
4489,49227,0.00
4490,45232,0.00
4491,48483,0.00
4492,52548,0.00
4493,46762,0.00
4494,49281,0.00
4495,50460,0.00
4496,47793,0.00
4497,48528,0.00
4498,50001,0.00
4499,54946,0.00
4500,54551,0.00
4501,65152,0.00
4502,78076,0.00
4503,50436,0.00
4504,47257,0.00
4505,47011,0.00
4506,48623,0.00
4507,45619,0.00
4508,48592,0.00
4509,67312,0.00
4510,47761,0.00
4511,46837,0.00
4512,50463,0.00
4513,61854,0.00
4514,49885,0.00
4515,54664,0.00
4516,51778,0.00
4517,51913,0.00
4518,56757,0.00
4519,61393,0.00
4520,54137,0.00
4521,51885,0.00
4522,53909,0.00
4523,52888,0.00
4524,48907,0.00
4525,51181,0.00
4526,50895,0.00
4527,60504,0.00
4528,66033,0.00
4529,53924,0.00
4530,47938,0.00
4531,54502,0.00
4532,54757,0.00
4533,50931,0.00
4534,48909,0.00
4535,48411,0.00
4536,48083,0.00
4537,51098,0.00
4538,51292,0.00
4539,58121,0.00
4540,59896,0.00
4541,57087,0.00
4542,60978,0.00
4543,58293,0.00
4544,57951,0.00
4545,55314,0.00
4546,54403,0.00
4547,49716,0.00
4548,61624,0.00
4549,60302,0.00
4550,52747,0.00
4551,63916,0.00
4552,55669,0.00
4553,58648,0.00
4554,58017,0.00
4555,60928,0.00
4556,69127,0.00
4557,59970,0.00
4558,59519,0.00
4559,57070,0.00
4560,54687,0.00
4561,53030,0.00
4562,52890,0.00
4563,66574,0.00
4564,52997,0.00
4565,54051,0.00
4566,59926,0.00
4567,55959,0.00
4568,51697,0.00
4569,63854,0.00
4570,57432,0.00
4571,47350,0.00
4572,55203,0.00
4573,52678,0.00
4574,53884,0.00
4575,49682,0.00
4576,53138,0.00
4577,52546,0.00
4578,47154,0.00
4579,41106,0.00
4580,43894,0.00
4581,48272,0.00
4582,47473,0.00
4583,40322,0.00
4584,59010,0.00
4585,49381,0.00
4586,53388,0.00
4587,58024,0.00
4588,49098,0.00
4589,53821,0.00
4590,51542,0.00
4591,50976,0.00
4592,54789,0.00
4593,50693,0.00
4594,50106,0.00
4595,54571,0.00
4596,47674,0.00
4597,51299,0.00
4598,43182,0.00
4599,50467,0.00
4600,50000,0.00
4601,51222,0.00
4602,53201,0.00
4603,52664,0.00
4604,44838,0.00
4605,50358,0.00
4606,49967,0.00
4607,52116,0.00
4608,52752,0.00
4609,55749,0.00
4610,57162,0.00
4611,56552,0.00
4612,59649,0.00
4613,63059,0.00
4614,57206,0.00
4615,57454,0.00
4616,56776,0.00
4617,54356,0.00
4618,54063,0.00
4619,61637,0.00
4620,61342,0.00
4621,59424,0.00
4622,54925,0.00
4623,57931,0.00
4624,63422,0.00
4625,72038,0.00
4626,67420,0.00
4627,58307,0.00
4628,53030,0.00
4629,54377,0.00
4630,48744,0.00
4631,50327,0.00
4632,54407,0.00
4633,50067,0.00
4634,51692,0.00
4635,57104,0.00
4636,54845,0.00
4637,59099,0.00
4638,61192,0.00
4639,60306,0.00
4640,63376,0.00
4641,61484,0.00
4642,52484,0.00
4643,58627,0.00
4644,55862,0.00
4645,54030,0.00
4646,52303,0.00
4647,62533,0.00
4648,60840,0.00
4649,68343,0.00
4650,58384,0.00
4651,51216,0.00
4652,52947,0.00
4653,52121,0.00
4654,54298,0.00
4655,56167,0.00
4656,59838,0.00
4657,59840,0.00
4658,58454,0.00
4659,57248,0.00
4660,55912,0.00
4661,57550,0.00
4662,57948,0.00
4663,54631,0.00
4664,54750,0.00
4665,53664,0.00
4666,54208,0.00
4667,57099,0.00
4668,58332,0.00
4669,58599,0.00
4670,59197,0.00
4671,55799,0.00
4672,62558,0.00
4673,66042,0.00
4674,54448,0.00
4675,56887,0.00
4676,59308,0.00
4677,66015,0.00
4678,54743,0.00
4679,53429,0.00
4680,57144,0.00
4681,57198,0.00
4682,56938,0.00
4683,53733,0.00
4684,53540,0.00
4685,48907,0.00
4686,52732,0.00
4687,52902,0.00
4688,47661,0.00
4689,49360,0.00
4690,56428,0.00
4691,50825,0.00
4692,55023,0.00
4693,55944,0.00
4694,53236,0.00
4695,50924,0.00
4696,52217,0.00
4697,47856,0.00
4698,48671,0.00
4699,54689,0.00
4700,51928,0.00
4701,53718,0.00
4702,60114,0.00
4703,54531,0.00
4704,54526,0.00
4705,73044,0.00
4706,53160,0.00
4707,46543,0.00
4708,47943,0.00
4709,51096,0.00
4710,66441,0.00
4711,59869,0.00
4712,55118,0.00
4713,54085,0.00
4714,61685,0.00
4715,58190,0.00
4716,56529,0.00
4717,61756,0.00
4718,71423,0.00
4719,52111,0.00
4720,58994,0.00
4721,55624,0.00
4722,57276,0.00
4723,51414,0.00
4724,59157,0.00
4725,70619,0.00
4726,51756,0.00
4727,57835,0.00
4728,53496,0.00
4729,66122,0.00
4730,56055,0.00
4731,57962,0.00
4732,58557,0.00
4733,56307,0.00
4734,54324,0.00
4735,53405,0.00
4736,51355,0.00
4737,60987,0.00
4738,50806,0.00
4739,52471,0.00
4740,56121,0.00
4741,53571,0.00
4742,50886,0.00
4743,50753,0.00
4744,52757,0.00
4745,54387,0.00
4746,57474,0.00
4747,55397,0.00
4748,53060,0.00
4749,56522,0.00
4750,54172,0.00
4751,57650,0.00
4752,65274,0.00
4753,56730,0.00
4754,66561,0.00
4755,60488,0.00
4756,60301,0.00
4757,66415,0.00
4758,55873,0.00
4759,53734,0.00
4760,68520,0.00
4761,55863,0.00
4762,72014,0.00
4763,56598,0.00
4764,59227,0.00
4765,58517,0.00
4766,55159,0.00
4767,59479,0.00
4768,67323,0.00
4769,59809,0.00
4770,56542,0.00
4771,56598,0.00
4772,56036,0.00
4773,59831,0.00
4774,56077,0.00
4775,50188,0.00
4776,53816,0.00
4777,55396,0.00
4778,64808,0.00
4779,52598,0.00
4780,57512,0.00
4781,62096,0.00
4782,51777,0.00
4783,54389,0.00
4784,54623,0.00
4785,47003,0.00
4786,47121,0.00
4787,56142,0.00
4788,53935,0.00
4789,66855,0.00
4790,52708,0.00
4791,58123,0.00
4792,51794,0.00
4793,46631,0.00
4794,50233,0.00
4795,45658,0.00
4796,46779,0.00
4797,43921,0.00
4798,53060,0.00
4799,50275,0.00
4800,61276,0.00
4801,55453,0.00
4802,55876,0.00
4803,51281,0.00
4804,52902,0.00
4805,53872,0.00
4806,49979,0.00
4807,47676,0.00
4808,58825,0.00
4809,64294,0.00
4810,63607,0.00
4811,64261,0.00
4812,60249,0.00
4813,52125,0.00
4814,53524,0.00
4815,55049,0.00
4816,54217,0.00
4817,55509,0.00
4818,56854,0.00
4819,52021,0.00
4820,58235,0.00
4821,62704,0.00
4822,59644,0.00
4823,67286,0.00
4824,57999,0.00
4825,83509,0.00
4826,58892,0.00
4827,52880,0.00
4828,55116,0.00
4829,47858,0.00
4830,51713,0.00
4831,50878,0.00
4832,49191,0.00
4833,63905,0.00
4834,50000,0.00
4835,52802,0.00
4836,49835,0.00
4837,61376,0.00
4838,47913,0.00
4839,53996,0.00
4840,44843,0.00
4841,64624,0.00
4842,47857,0.00
4843,73593,0.00
4844,48583,0.00
4845,53168,0.00
4846,54048,0.00
4847,62513,0.00
4848,60505,0.00
4849,68153,0.00
4850,67244,0.00
4851,53477,0.00
4852,58449,0.00
4853,55504,0.00
4854,56082,0.00
4855,54054,0.00
4856,57541,0.00
4857,57379,0.00
4858,55795,0.00
4859,54731,0.00
4860,54526,0.00
4861,55991,0.00
4862,57246,0.00
4863,54099,0.00
4864,55501,0.00
4865,54671,0.00
4866,67620,0.00
4867,53835,0.00
4868,52872,0.00
4869,58323,0.00
4870,68216,0.00
4871,53296,0.00
4872,52493,0.00
4873,55829,0.00
4874,55608,0.00
4875,182374,0.00
4876,54019,0.00
4877,50756,0.00
4878,65403,0.00
4879,50225,0.00
4880,55387,0.00
4881,52601,0.00
4882,59597,0.00
4883,55920,0.00
4884,53217,0.00
4885,55529,0.00
4886,51194,0.00
4887,69094,0.00
4888,72492,0.00
4889,60997,0.00
4890,58965,0.00
4891,59416,0.00
4892,59643,0.00
4893,57815,0.00
4894,51115,0.00
4895,53177,0.00
4896,55109,0.00
4897,52646,0.00
4898,50150,0.00
4899,53294,0.00
4900,49985,0.00
4901,50039,0.00
4902,52082,0.00
4903,55509,0.00
4904,54994,0.00
4905,60835,0.00
4906,67432,0.00
4907,57452,0.00
4908,57802,0.00
4909,104101,0.00
4910,61435,0.00
4911,59911,0.00
4912,55454,0.00
4913,55899,0.00
4914,55203,0.00
4915,63412,0.00
4916,57528,0.00
4917,61407,0.00
4918,66725,0.00
4919,57318,0.00
4920,56799,0.00
4921,55628,0.00
4922,59147,0.00
4923,57084,0.00
4924,63661,0.00
4925,57294,0.00
4926,58842,0.00
4927,61931,0.00
4928,56142,0.00
4929,60411,0.00
4930,65777,0.00
4931,62539,0.00
4932,59156,0.00
4933,53688,0.00
4934,64485,0.00
4935,57102,0.00
4936,50210,0.00
4937,48040,0.00
4938,48060,0.00
4939,50492,0.00
4940,50039,0.00
4941,52804,0.00
4942,63297,0.00
4943,53044,0.00
4944,52507,0.00
4945,66238,0.00
4946,56052,0.00
4947,55801,0.00
4948,53524,0.00
4949,69344,0.00
4950,52984,0.00
4951,56745,0.00
4952,55140,0.00
4953,54291,0.00
4954,49918,0.00
4955,45736,0.00
4956,47797,0.00
4957,44060,0.00
4958,49262,0.00
4959,56228,0.00
4960,54223,0.00
4961,60346,0.00
4962,54415,0.00
4963,58469,0.00
4964,61087,0.00
4965,57445,0.00
4966,53877,0.00
4967,53054,0.00
4968,58858,0.00
4969,54460,0.00
4970,67628,0.00
4971,55798,0.00
4972,58468,0.00
4973,57934,0.00
4974,56796,0.00
4975,54402,0.00
4976,51293,0.00
4977,55341,0.00
4978,54637,0.00
4979,58345,0.00
4980,55416,0.00
4981,67760,0.00
4982,54638,0.00
4983,58034,0.00
4984,53059,0.00
4985,62463,0.00
4986,53983,0.00
4987,57137,0.00
4988,55567,0.00
4989,52634,0.00
4990,50192,0.00
4991,48857,0.00
4992,45847,0.00
4993,64015,0.00
4994,50055,0.00
4995,49175,0.00
4996,49963,0.00
4997,58972,0.00
4998,56299,0.00
4999,56970,0.00
5000,104266,0.00
5001,56690,0.00
5002,56572,0.00
5003,61833,0.00
5004,63860,0.00
5005,54831,0.00
5006,51209,0.00
5007,64323,0.00
5008,57498,0.00
5009,57428,0.00
5010,59709,0.00
5011,61961,0.00
5012,56765,0.00
5013,56947,0.00
5014,58699,0.00
5015,59408,0.00
5016,57921,0.00
5017,79180,0.00
5018,69365,0.00
5019,70221,0.00
5020,58365,0.00
5021,63225,0.00
5022,59607,0.00
5023,56885,0.00
5024,62476,0.00
5025,58263,0.00
5026,55021,0.00
5027,55409,0.00
5028,60621,0.00
5029,56283,0.00
5030,60762,0.00
5031,56551,0.00
5032,60546,0.00
5033,60320,0.00
5034,61687,0.00
5035,58287,0.00
5036,56765,0.00
5037,55717,0.00
5038,55392,0.00
5039,60446,0.00
5040,54868,0.00
5041,56281,0.00
5042,61447,0.00
5043,54477,0.00
5044,53989,0.00
5045,55072,0.00
5046,50001,0.00
5047,51470,0.00
5048,41158,0.00
5049,45352,0.00
5050,46382,0.00
5051,43505,0.00
5052,47673,0.00
5053,48739,0.00
5054,73710,0.00
5055,48006,0.00
5056,49707,0.00
5057,50454,0.00
5058,49822,0.00
5059,53416,0.00
5060,52126,0.00
5061,59404,0.00
5062,54128,0.00
5063,70489,0.00
5064,54422,0.00
5065,71349,0.00
5066,46847,0.00
5067,47794,0.00
5068,50434,0.00
5069,48321,0.00
5070,48804,0.00
5071,49024,0.00
5072,48526,0.00
5073,54371,0.00
5074,57226,0.00
5075,55882,0.00
5076,61826,0.00
5077,55180,0.00
5078,52964,0.00
5079,45792,0.00
5080,59042,0.00
5081,52932,0.00
5082,50700,0.00
5083,51456,0.00
5084,49562,0.00
5085,55366,0.00
5086,52539,0.00
5087,48231,0.00
5088,49947,0.00
5089,54479,0.00
5090,59604,0.00
5091,48592,0.00
5092,48611,0.00
5093,55260,0.00
5094,54684,0.00
5095,55749,0.00
5096,53624,0.00
5097,53153,0.00
5098,51550,0.00
5099,54184,0.00
5100,52157,0.00
5101,56793,0.00
5102,51786,0.00
5103,58275,0.00
5104,51310,0.00
5105,55358,0.00
5106,53696,0.00
5107,211812,0.00
5108,61254,0.00
5109,57255,0.00
5110,67938,0.00
5111,59510,0.00
5112,62953,0.00
5113,53195,0.00
5114,59641,0.00
5115,55160,0.00
5116,57264,0.00
5117,71614,0.00
5118,56870,0.00
5119,58400,0.00
5120,63947,0.00
5121,56282,0.00
5122,65087,0.00
5123,53896,0.00
5124,53826,0.00
5125,52686,0.00
5126,60021,0.00
5127,54926,0.00
5128,54202,0.00
5129,49723,0.00
5130,50255,0.00
5131,48716,0.00
5132,47743,0.00
5133,58766,0.00
5134,53163,0.00
5135,54660,0.00
5136,49951,0.00
5137,62688,0.00
5138,51885,0.00
5139,56553,0.00
5140,64574,0.00
5141,65366,0.00
5142,54804,0.00
5143,55289,0.00
5144,49891,0.00
5145,47928,0.00
5146,49210,0.00
5147,50095,0.00
5148,45303,0.00
5149,53728,0.00
5150,52212,0.00
5151,52222,0.00
5152,51525,0.00
5153,53669,0.00
5154,56785,0.00
5155,53746,0.00
5156,58197,0.00
5157,60183,0.00
5158,59834,0.00
5159,58108,0.00
5160,61176,0.00
5161,63160,0.00
5162,60347,0.00
5163,54731,0.00
5164,52151,0.00
5165,60266,0.00
5166,54335,0.00
5167,47700,0.00
5168,42920,0.00
5169,60884,0.00
5170,46154,0.00
5171,49093,0.00
5172,42224,0.00
5173,55535,0.00
5174,49079,0.00
5175,52802,0.00
5176,50465,0.00
5177,55708,0.00
5178,50510,0.00
5179,50742,0.00
5180,46020,0.00
5181,57933,0.00
5182,51505,0.00
5183,51897,0.00
5184,55274,0.00
5185,56901,0.00
5186,54201,0.00
5187,54484,0.00
5188,49258,0.00
5189,52646,0.00
5190,58372,0.00
5191,59821,0.00
5192,54225,0.00
5193,60838,0.00
5194,60300,0.00
5195,51601,0.00
5196,53943,0.00
5197,49536,0.00
5198,54152,0.00
5199,54191,0.00
5200,49362,0.00
5201,63181,0.00
5202,55271,0.00
5203,56645,0.00
5204,58265,0.00
5205,56218,0.00
5206,76431,0.00
5207,60363,0.00
5208,62156,0.00
5209,70211,0.00
5210,53245,0.00
5211,56339,0.00
5212,58967,0.00
5213,65549,0.00
5214,60753,0.00
5215,56579,0.00
5216,55541,0.00
5217,64911,0.00
5218,53931,0.00
5219,68309,0.00
5220,51967,0.00
5221,55885,0.00
5222,54858,0.00
5223,53601,0.00
5224,49186,0.00
5225,59854,0.00
5226,48854,0.00
5227,48321,0.00
5228,45694,0.00
5229,48751,0.00
5230,55311,0.00
5231,43021,0.00
5232,53494,0.00
5233,44669,0.00
5234,47796,0.00
5235,45468,0.00
5236,49733,0.00
5237,39586,0.00
5238,43255,0.00
5239,58314,0.00
5240,51961,0.00
5241,54225,0.00
5242,54022,0.00
5243,49380,0.00
5244,50952,0.00
5245,53460,0.00
5246,45261,0.00
5247,52899,0.00
5248,45849,0.00
5249,49010,0.00
5250,65540,0.00
5251,56748,0.00
5252,52895,0.00
5253,68688,0.00
5254,53798,0.00
5255,66293,0.00
5256,51043,0.00
5257,51344,0.00
5258,52542,0.00
5259,51646,0.00
5260,60211,0.00
5261,57665,0.00
5262,59040,0.00
5263,63538,0.00
5264,60218,0.00
5265,55035,0.00
5266,54954,0.00
5267,57271,0.00
5268,54767,0.00
5269,53165,0.00
5270,56604,0.00
5271,48434,0.00
5272,44385,0.00
5273,47875,0.00
5274,46736,0.00
5275,54643,0.00
5276,54742,0.00
5277,50898,0.00
5278,64436,0.00
5279,49414,0.00
5280,49562,0.00
5281,49972,0.00
5282,49932,0.00
5283,48858,0.00
5284,52037,0.00
5285,55607,0.00
5286,48622,0.00
5287,52459,0.00
5288,58256,0.00
5289,62735,0.00
5290,54831,0.00
5291,65359,0.00
5292,52787,0.00
5293,54117,0.00
5294,56745,0.00
5295,48339,0.00
5296,52979,0.00
5297,61099,0.00
5298,56352,0.00
5299,53505,0.00
5300,49179,0.00
5301,52361,0.00
5302,48479,0.00
5303,52165,0.00
5304,53163,0.00
5305,58969,0.00
5306,54106,0.00
5307,69622,0.00
5308,58754,0.00
5309,59575,0.00
5310,69118,0.00
5311,59460,0.00
5312,56637,0.00
5313,59623,0.00
5314,61338,0.00
5315,71865,0.00
5316,55302,0.00
5317,55421,0.00
5318,58492,0.00
5319,61839,0.00
5320,70490,0.00
5321,60122,0.00
5322,59994,0.00
5323,57044,0.00
5324,67929,0.00
5325,55361,0.00
5326,56566,0.00
5327,66756,0.00
5328,48274,0.00
5329,53409,0.00
5330,48875,0.00
5331,48571,0.00
5332,47332,0.00
5333,53937,0.00
5334,50591,0.00
5335,47537,0.00
5336,47213,0.00
5337,48341,0.00
5338,45158,0.00
5339,46564,0.00
5340,51642,0.00
5341,53236,0.00
5342,53118,0.00
5343,55463,0.00
5344,48213,0.00
5345,53040,0.00
5346,51432,0.00
5347,58870,0.00
5348,51368,0.00
5349,51092,0.00
5350,49136,0.00
5351,64465,0.00
5352,58631,0.00
5353,56832,0.00
5354,56634,0.00
5355,57424,0.00
5356,54311,0.00
5357,53194,0.00
5358,53320,0.00
5359,68479,0.00
5360,48325,0.00
5361,50524,0.00
5362,47089,0.00
5363,49237,0.00
5364,52330,0.00
5365,52045,0.00
5366,55861,0.00
5367,50397,0.00
5368,55965,0.00
5369,53447,0.00
5370,58578,0.00
5371,54726,0.00
5372,51701,0.00
5373,56227,0.00
5374,56192,0.00
5375,54788,0.00
5376,54126,0.00
5377,58520,0.00
5378,53261,0.00
5379,53420,0.00
5380,54861,0.00
5381,58362,0.00
5382,57640,0.00
5383,54277,0.00
5384,50227,0.00
5385,55998,0.00
5386,54863,0.00
5387,48763,0.00
5388,52538,0.00
5389,54626,0.00
5390,54836,0.00
5391,54349,0.00
5392,48639,0.00
5393,61549,0.00
5394,49437,0.00
5395,50787,0.00
5396,47776,0.00
5397,45678,0.00
5398,47706,0.00
5399,49131,0.00
5400,52850,0.00
5401,54515,0.00
5402,52203,0.00
5403,47845,0.00
5404,48265,0.00
5405,48917,0.00
5406,51087,0.00
5407,54769,0.00
5408,57526,0.00
5409,56997,0.00
5410,58203,0.00
5411,57102,0.00
5412,59407,0.00
5413,55781,0.00
5414,54170,0.00
5415,52956,0.00
5416,56312,0.00
5417,52731,0.00
5418,55810,0.00
5419,55398,0.00
5420,53889,0.00
5421,59402,0.00
5422,51669,0.00
5423,65992,0.00
5424,55763,0.00
5425,61287,0.00
5426,73672,0.00
5427,60143,0.00
5428,56080,0.00
5429,56051,0.00
5430,56478,0.00
5431,50494,0.00
5432,58189,0.00
5433,52821,0.00
5434,54651,0.00
5435,50769,0.00
5436,51116,0.00
5437,56211,0.00
5438,52106,0.00
5439,50384,0.00
5440,56044,0.00
5441,70213,0.00
5442,55341,0.00
5443,51705,0.00
5444,61859,0.00
5445,56501,0.00
5446,58626,0.00
5447,60453,0.00
5448,57764,0.00
5449,73730,0.00
5450,56343,0.00
5451,53435,0.00
5452,50004,0.00
5453,54042,0.00
5454,53934,0.00
5455,49879,0.00
5456,51978,0.00
5457,57067,0.00
5458,53180,0.00
5459,53457,0.00
5460,54456,0.00
5461,54768,0.00
5462,52531,0.00
5463,52767,0.00
5464,56446,0.00
5465,52102,0.00
5466,50021,0.00
5467,63343,0.00
5468,55586,0.00
5469,56921,0.00
5470,59136,0.00
5471,52441,0.00
5472,48643,0.00
5473,48860,0.00
5474,51955,0.00
5475,52012,0.00
5476,49693,0.00
5477,48840,0.00
5478,50613,0.00
5479,48704,0.00
5480,52754,0.00
5481,51539,0.00
5482,50805,0.00
5483,50628,0.00
5484,53460,0.00
5485,48586,0.00
5486,54836,0.00
5487,54968,0.00
5488,48582,0.00
5489,47739,0.00
5490,47410,0.00
5491,49793,0.00
5492,49899,0.00
5493,50122,0.00
5494,47201,0.00
5495,44753,0.00
5496,46187,0.00
5497,45485,0.00
5498,42549,0.00
5499,45817,0.00
5500,41426,0.00
5501,46683,0.00
5502,44730,0.00
5503,47354,0.00
5504,44740,0.00
5505,48485,0.00
5506,44563,0.00
5507,54614,0.00
5508,47972,0.00
5509,49072,0.00
5510,46024,0.00
5511,44399,0.00
5512,45004,0.00
5513,44178,0.00
5514,48145,0.00
5515,45647,0.00
5516,45201,0.00
5517,46343,0.00
5518,49096,0.00
5519,50155,0.00
5520,47365,0.00
5521,52144,0.00
5522,59705,0.00
5523,55629,0.00
5524,51983,0.00
5525,56011,0.00
5526,53597,0.00
5527,49854,0.00
5528,50219,0.00
5529,48417,0.00
5530,38264,0.00
5531,38160,0.00
5532,36624,0.00
5533,37544,0.00
5534,40430,0.00
5535,41854,0.00
5536,46745,0.00
5537,52617,0.00
5538,49869,0.00
5539,54075,0.00
5540,55847,0.00
5541,51932,0.00
5542,66301,0.00
5543,53396,0.00
5544,52172,0.00
5545,51640,0.00
5546,54685,0.00
5547,46735,0.00
5548,55767,0.00
5549,63509,0.00
5550,50389,0.00
5551,59056,0.00
5552,54757,0.00
5553,56661,0.00
5554,60797,0.00
5555,64719,0.00
5556,52863,0.00
5557,66695,0.00
5558,59836,0.00
5559,59375,0.00
5560,61524,0.00
5561,63934,0.00
5562,55355,0.00
5563,53389,0.00
5564,70507,0.00
5565,54890,0.00
5566,52834,0.00
5567,51726,0.00
5568,57933,0.00
5569,57072,0.00
5570,62588,0.00
5571,65878,0.00
5572,59765,0.00
5573,56839,0.00
5574,57772,0.00
5575,63608,0.00
5576,61425,0.00
5577,60107,0.00
5578,58039,0.00
5579,54788,0.00
5580,52736,0.00
5581,54551,0.00
5582,64969,0.00
5583,51920,0.00
5584,50998,0.00
5585,64172,0.00
5586,53231,0.00
5587,53460,0.00
5588,51212,0.00
5589,55140,0.00
5590,52854,0.00
5591,52766,0.00
5592,57526,0.00
5593,61748,0.00
5594,59772,0.00
5595,64579,0.00
5596,62098,0.00
5597,58487,0.00
5598,58871,0.00
5599,58478,0.00
5600,64352,0.00
5601,68404,0.00
5602,61612,0.00
5603,68150,0.00
5604,69299,0.00
5605,54650,0.00
5606,52202,0.00
5607,54716,0.00
5608,55154,0.00
5609,59935,0.00
5610,60922,0.00
5611,61745,0.00
5612,60454,0.00
5613,65463,0.00
5614,60679,0.00
5615,55267,0.00
5616,59988,0.00
5617,56078,0.00
5618,58315,0.00
5619,51998,0.00
5620,47638,0.00
5621,55772,0.00
5622,55489,0.00
5623,50524,0.00
5624,46029,0.00
5625,48625,0.00
5626,46935,0.00
5627,47119,0.00
5628,45185,0.00
5629,45361,0.00
5630,44032,0.00
5631,48396,0.00
5632,53727,0.00
5633,74765,0.00
5634,45036,0.00
5635,53948,0.00
5636,44840,0.00
5637,51145,0.00
5638,51453,0.00
5639,46711,0.00
5640,51789,0.00
5641,49376,0.00
5642,51754,0.00
5643,49448,0.00
5644,49471,0.00
5645,50486,0.00
5646,48428,0.00
5647,44699,0.00
5648,44363,0.00
5649,48333,0.00
5650,55167,0.00
5651,54994,0.00
5652,50665,0.00
5653,51264,0.00
5654,55914,0.00
5655,52529,0.00
5656,60016,0.00
5657,53386,0.00
5658,64564,0.00
5659,54346,0.00
5660,56917,0.00
5661,67135,0.00
5662,57137,0.00
5663,60368,0.00
5664,59253,0.00
5665,58889,0.00
5666,52921,0.00
5667,56555,0.00
5668,54710,0.00
5669,71487,0.00
5670,64631,0.00
5671,61985,0.00
5672,69874,0.00
5673,63857,0.00
5674,63426,0.00
5675,56993,0.00
5676,55154,0.00
5677,54365,0.00
5678,57128,0.00
5679,53467,0.00
5680,50819,0.00
5681,62002,0.00
5682,69973,0.00
5683,57457,0.00
5684,51321,0.00
5685,49852,0.00
5686,55173,0.00
5687,55181,0.00
5688,50858,0.00
5689,50265,0.00
5690,49684,0.00
5691,48589,0.00
5692,47049,0.00
5693,47796,0.00
5694,49469,0.00
5695,52880,0.00
5696,49026,0.00
5697,61000,0.00
5698,52656,0.00
5699,45464,0.00
5700,51205,0.00
5701,51515,0.00
5702,54529,0.00
5703,49965,0.00
5704,49033,0.00
5705,52752,0.00
5706,53712,0.00
5707,56903,0.00
5708,55013,0.00
5709,61617,0.00
5710,57095,0.00
5711,61707,0.00
5712,59026,0.00
5713,59677,0.00
5714,61096,0.00
5715,57216,0.00
5716,54684,0.00
5717,54209,0.00
5718,71737,0.00
5719,51802,0.00
5720,53092,0.00
5721,62399,0.00
5722,49967,0.00
5723,55216,0.00
5724,47229,0.00
5725,51816,0.00
5726,54571,0.00
5727,50992,0.00
5728,50073,0.00
5729,53510,0.00
5730,50737,0.00
5731,52327,0.00
5732,49512,0.00
5733,47901,0.00
5734,55921,0.00
5735,54168,0.00
5736,53950,0.00
5737,53001,0.00
5738,65854,0.00
5739,49410,0.00
5740,48616,0.00
5741,53800,0.00
5742,50603,0.00
5743,51681,0.00
5744,55213,0.00
5745,54648,0.00
5746,58276,0.00
5747,53918,0.00
5748,55322,0.00
5749,55130,0.00
5750,51696,0.00
5751,51790,0.00
5752,49541,0.00
5753,49687,0.00
5754,55992,0.00
5755,53182,0.00
5756,51498,0.00
5757,56738,0.00
5758,55102,0.00
5759,71950,0.00
5760,59343,0.00
5761,62690,0.00
5762,60693,0.00
5763,59812,0.00
5764,63921,0.00
5765,59109,0.00
5766,59638,0.00
5767,59599,0.00
5768,58933,0.00
5769,55283,0.00
5770,60881,0.00
5771,60657,0.00
5772,62991,0.00
5773,70071,0.00
5774,59107,0.00
5775,66604,0.00
5776,57151,0.00
5777,84725,0.00
5778,60437,0.00
5779,56962,0.00
5780,62427,0.00
5781,59814,0.00
5782,56141,0.00
5783,58980,0.00
5784,59363,0.00
5785,53723,0.00
5786,67501,0.00
5787,53849,0.00
5788,54127,0.00
5789,74611,0.00
5790,62082,0.00
5791,54915,0.00
5792,57492,0.00
5793,57569,0.00
5794,56837,0.00
5795,58924,0.00
5796,55147,0.00
5797,60845,0.00
5798,59599,0.00
5799,63634,0.00
5800,52856,0.00
5801,60988,0.00
5802,53646,0.00
5803,57839,0.00
5804,55313,0.00
5805,54159,0.00
5806,62325,0.00
5807,52955,0.00
5808,54762,0.00
5809,46545,0.00
5810,48283,0.00
5811,48829,0.00
5812,44993,0.00
5813,53420,0.00
5814,49799,0.00
5815,51192,0.00
5816,50068,0.00
5817,55143,0.00
5818,51399,0.00
5819,57417,0.00
5820,57240,0.00
5821,56942,0.00
5822,56397,0.00
5823,58726,0.00
5824,56238,0.00
5825,62204,0.00
5826,56650,0.00
5827,60527,0.00
5828,63571,0.00
5829,59668,0.00
5830,61280,0.00
5831,62165,0.00
5832,63276,0.00
5833,61519,0.00
5834,57378,0.00
5835,56636,0.00
5836,57396,0.00
5837,58958,0.00
5838,60019,0.00
5839,72069,0.00
5840,62131,0.00
5841,63954,0.00
5842,60024,0.00
5843,63761,0.00
5844,56427,0.00
5845,56684,0.00
5846,61065,0.00
5847,50555,0.00
5848,57023,0.00
5849,60571,0.00
5850,61716,0.00
5851,55803,0.00
5852,63895,0.00
5853,57134,0.00
5854,57547,0.00
5855,55578,0.00
5856,52400,0.00
5857,53435,0.00
5858,61164,0.00
5859,60024,0.00
5860,64247,0.00
5861,59282,0.00
5862,57169,0.00
5863,60578,0.00
5864,70551,0.00
5865,58566,0.00
5866,56238,0.00
5867,55652,0.00
5868,54361,0.00
5869,55446,0.00
5870,60641,0.00
5871,56754,0.00
5872,56632,0.00
5873,64771,0.00
5874,59285,0.00
5875,59595,0.00
5876,59996,0.00
5877,67621,0.00
5878,62268,0.00
5879,57749,0.00
5880,57042,0.00
5881,54248,0.00
5882,55519,0.00
5883,56177,0.00
5884,54889,0.00
5885,61030,0.00
5886,76276,0.00
5887,57699,0.00
5888,70301,0.00
5889,57094,0.00
5890,55648,0.00
5891,53895,0.00
5892,53135,0.00
5893,52106,0.00
5894,52870,0.00
5895,52911,0.00
5896,54461,0.00
5897,53615,0.00
5898,52722,0.00
5899,45685,0.00
5900,46081,0.00
5901,54801,0.00
5902,53238,0.00
5903,53315,0.00
5904,64534,0.00
5905,61759,0.00
5906,55938,0.00
5907,60174,0.00
5908,57144,0.00
5909,56434,0.00
5910,55936,0.00
5911,61137,0.00
5912,62635,0.00
5913,55488,0.00
5914,55857,0.00
5915,53876,0.00
5916,52230,0.00
5917,72505,0.00
5918,60022,0.00
5919,56885,0.00
5920,54485,0.00
5921,62954,0.00
5922,60476,0.00
5923,73295,0.00
5924,61167,0.00
5925,61696,0.00
5926,62524,0.00
5927,59662,0.00
5928,58587,0.00
5929,64956,0.00
5930,56461,0.00
5931,51710,0.00
5932,60123,0.00
5933,55776,0.00
5934,48755,0.00
5935,50349,0.00
5936,67673,0.00
5937,48666,0.00
5938,50518,0.00
5939,49877,0.00
5940,50004,0.00
5941,49337,0.00
5942,51578,0.00
5943,48927,0.00
5944,47186,0.00
5945,49468,0.00
5946,51777,0.00
5947,51562,0.00
5948,48974,0.00
5949,47842,0.00
5950,49393,0.00
5951,50994,0.00
5952,51915,0.00
5953,59289,0.00
5954,68136,0.00
5955,56323,0.00
5956,55743,0.00
5957,53912,0.00
5958,55306,0.00
5959,59223,0.00
5960,48540,0.00
5961,51510,0.00
5962,50808,0.00
5963,55445,0.00
5964,60830,0.00
5965,44017,0.00
5966,45343,0.00
5967,49718,0.00
5968,55890,0.00
5969,64461,0.00
5970,55836,0.00
5971,54685,0.00
5972,53484,0.00
5973,62895,0.00
5974,52526,0.00
5975,47641,0.00
5976,49397,0.00
5977,47852,0.00
5978,47678,0.00
5979,44818,0.00
5980,45340,0.00
5981,47309,0.00
5982,45561,0.00
5983,43667,0.00
5984,39149,0.00
5985,43294,50.00
5986,47384,0.00
5987,53600,0.00
5988,52096,0.00
5989,55577,0.00
5990,48314,0.00
5991,49841,0.00
5992,46671,0.00
5993,47081,0.00
5994,53726,0.00
5995,49840,0.00
5996,51790,0.00
5997,50617,0.00
5998,54850,0.00
5999,54002,0.00
6000,98663,0.00
6001,54503,0.00
6002,54698,0.00
6003,55469,0.00
6004,54984,0.00
6005,57032,0.00
6006,54890,0.00
6007,52653,0.00
6008,61380,0.00
6009,57938,0.00
6010,54986,0.00
6011,56789,0.00
6012,56236,0.00
6013,71399,0.00
6014,57111,0.00
6015,54353,0.00
6016,55666,0.00
6017,58917,0.00
6018,53874,0.00
6019,60882,0.00
6020,72181,0.00
6021,59828,0.00
6022,57946,0.00
6023,61350,0.00
6024,55365,0.00
6025,53746,0.00
6026,50099,0.00
6027,50734,0.00
6028,53842,0.00
6029,54855,0.00
6030,46477,0.00
6031,46797,0.00
6032,48058,0.00
6033,61267,0.00
6034,61510,0.00
6035,51191,0.00
6036,49620,0.00
6037,51619,0.00
6038,50276,0.00
6039,48709,0.00
6040,49253,0.00
6041,64245,0.00
6042,50339,0.00
6043,48401,0.00
6044,53166,0.00
6045,55724,0.00
6046,51055,0.00
6047,50521,0.00
6048,54391,0.00
6049,57365,0.00
6050,50593,0.00
6051,51408,0.00
6052,57056,0.00
6053,56378,0.00
6054,61105,0.00
6055,58506,0.00
6056,58440,0.00
6057,65918,0.00
6058,58428,0.00
6059,51249,0.00
6060,57822,0.00
6061,55156,0.00
6062,52891,0.00
6063,55921,0.00
6064,62866,0.00
6065,55272,0.00
6066,57980,0.00
6067,57179,0.00
6068,60150,0.00
6069,58234,0.00
6070,59169,0.00
6071,57394,0.00
6072,57757,0.00
6073,56779,0.00
6074,60642,0.00
6075,57627,0.00
6076,57004,0.00
6077,62481,0.00
6078,62691,0.00
6079,55261,0.00
6080,55569,0.00
6081,59102,0.00
6082,62076,0.00
6083,57028,0.00
6084,56285,0.00
6085,54783,0.00
6086,61429,0.00
6087,58949,0.00
6088,61636,0.00
6089,55529,0.00
6090,54647,0.00
6091,58050,0.00
6092,65543,0.00
6093,70790,0.00
6094,67483,0.00
6095,58620,0.00
6096,57050,0.00
6097,56412,0.00
6098,54971,0.00
6099,61263,0.00
6100,63844,0.00
6101,57873,0.00
6102,63863,0.00
6103,54393,0.00
6104,65850,0.00
6105,57518,0.00
6106,67325,0.00
6107,59614,0.00
6108,57384,0.00
6109,61319,0.00
6110,63632,0.00
6111,72147,0.00
6112,56127,0.00
6113,57680,0.00
6114,61013,0.00
6115,56421,0.00
6116,59036,0.00
6117,58248,0.00
6118,63717,0.00
6119,56255,0.00
6120,59642,0.00
6121,58394,0.00
6122,53577,0.00
6123,58482,0.00
6124,55279,0.00
6125,50491,0.00
6126,50741,0.00
6127,52640,0.00
6128,48838,0.00
6129,48892,0.00
6130,52648,0.00
6131,59643,0.00
6132,66090,0.00
6133,52989,0.00
6134,49363,0.00
6135,50860,0.00
6136,54052,0.00
6137,52917,0.00
6138,55036,0.00
6139,55622,0.00
6140,51693,0.00
6141,61895,0.00
6142,53303,0.00
6143,54775,0.00
6144,55466,0.00
6145,66316,0.00
6146,57560,0.00
6147,60076,0.00
6148,58447,0.00
6149,58235,0.00
6150,55764,0.00
6151,54698,0.00
6152,58525,0.00
6153,59580,0.00
6154,59244,0.00
6155,57036,0.00
6156,55062,0.00
6157,51761,0.00
6158,55848,0.00
6159,52503,0.00
6160,55639,0.00
6161,59151,0.00
6162,54335,0.00
6163,65566,0.00
6164,56656,0.00
6165,57646,0.00
6166,53361,0.00
6167,51736,0.00
6168,57446,0.00
6169,50364,0.00
6170,56161,0.00
6171,54646,0.00
6172,45651,0.00
6173,55443,0.00
6174,53755,0.00
6175,53406,0.00
6176,57520,0.00
6177,56081,0.00
6178,54230,0.00
6179,63195,0.00
6180,56756,0.00
6181,62357,0.00
6182,58166,0.00
6183,58434,0.00
6184,56651,0.00
6185,57980,0.00
6186,58845,0.00
6187,55010,0.00
6188,58760,0.00
6189,62839,0.00
6190,56888,0.00
6191,58961,0.00
6192,56120,0.00
6193,69059,0.00
6194,53944,0.00
6195,56831,0.00
6196,54586,0.00
6197,56331,0.00
6198,63259,0.00
6199,59484,0.00
6200,53880,0.00
6201,58181,0.00
6202,53471,0.00
6203,53402,0.00
6204,51859,0.00
6205,63129,0.00
6206,50419,0.00
6207,46958,0.00
6208,49633,0.00
6209,55533,0.00
6210,48230,0.00
6211,46674,0.00
6212,53090,0.00
6213,52373,0.00
6214,51649,0.00
6215,50027,0.00
6216,51382,0.00
6217,51377,0.00
6218,51982,0.00
6219,60550,0.00
6220,52945,0.00
6221,50581,0.00
6222,53169,0.00
6223,54333,0.00
6224,54888,0.00
6225,60126,0.00
6226,55839,0.00
6227,53624,0.00
6228,61674,0.00
6229,54479,0.00
6230,50089,0.00
6231,50900,0.00
6232,53078,0.00
6233,51280,0.00
6234,62028,0.00
6235,48653,0.00
6236,52907,0.00
6237,55871,0.00
6238,52729,0.00
6239,59835,0.00
6240,58144,0.00
6241,56362,0.00
6242,55795,0.00
6243,54551,0.00
6244,56562,0.00
6245,59905,0.00
6246,59612,0.00
6247,55179,0.00
6248,59130,0.00
6249,59336,0.00
6250,51718,0.00
6251,44468,0.00
6252,47740,0.00
6253,53933,0.00
6254,54667,0.00
6255,53493,0.00
6256,51482,0.00
6257,53325,0.00
6258,56760,0.00
6259,50797,0.00
6260,50790,0.00
6261,52817,0.00
6262,53345,0.00
6263,54203,0.00
6264,54957,0.00
6265,48652,0.00
6266,50177,0.00
6267,54740,0.00
6268,54703,0.00
6269,50001,0.00
6270,48668,0.00
6271,53236,0.00
6272,56080,0.00
6273,51638,0.00
6274,65068,0.00
6275,54593,0.00
6276,49662,0.00
6277,63192,0.00
6278,51479,0.00
6279,54085,0.00
6280,50621,0.00
6281,49324,0.00
6282,55316,0.00
6283,61842,0.00
6284,46317,0.00
6285,57385,0.00
6286,49315,0.00
6287,47007,0.00
6288,52887,0.00
6289,46895,0.00
6290,47941,0.00
6291,48513,0.00
6292,46072,0.00
6293,48256,0.00
6294,71008,0.00
6295,59131,0.00
6296,47137,0.00
6297,44894,0.00
6298,47740,0.00
6299,57610,0.00
6300,42765,0.00
6301,48350,0.00
6302,45943,0.00
6303,45553,0.00
6304,46586,0.00
6305,45688,0.00
6306,40568,0.00
6307,45932,0.00
6308,45352,0.00
6309,53569,0.00
6310,44177,0.00
6311,45712,0.00
6312,52735,0.00
6313,46416,0.00
6314,54799,0.00
6315,54500,0.00
6316,46816,0.00
6317,43509,0.00
6318,41529,0.00
6319,41506,0.00
6320,43429,0.00
6321,48444,0.00
6322,48299,0.00
6323,49639,0.00
6324,43231,0.00
6325,46969,0.00
6326,43067,0.00
6327,43277,0.00
6328,40203,0.00
6329,48224,0.00
6330,51412,0.00
6331,49620,0.00
6332,51002,0.00
6333,64217,0.00
6334,55431,0.00
6335,62130,0.00
6336,49957,0.00
6337,42670,0.00
6338,44186,0.00
6339,48843,0.00
6340,56674,0.00
6341,43820,0.00
6342,41249,0.00
6343,43467,0.00
6344,43670,0.00
6345,48256,0.00
6346,47840,0.00
6347,44448,0.00
6348,40671,0.00
6349,51849,0.00
6350,65505,0.00
6351,47452,0.00
6352,45801,0.00
6353,48648,0.00
6354,48837,0.00
6355,52676,0.00
6356,52815,0.00
6357,55246,0.00
6358,53803,0.00
6359,52913,0.00
6360,50618,0.00
6361,49528,0.00
6362,54521,0.00
6363,44531,0.00
6364,44265,0.00
6365,42595,0.00
6366,41258,0.00
6367,44020,0.00
6368,43326,0.00
6369,57859,0.00
6370,43609,0.00
6371,43496,0.00
6372,44856,0.00
6373,45297,0.00
6374,46024,0.00
6375,45221,0.00
6376,42830,0.00
6377,43985,0.00
6378,44244,0.00
6379,40347,0.00
6380,41445,0.00
6381,57414,0.00
6382,45525,0.00
6383,61149,0.00
6384,55926,0.00
6385,54581,0.00
6386,50261,0.00
6387,52025,0.00
6388,47821,0.00
6389,48570,0.00
6390,57245,0.00
6391,42194,0.00
6392,46064,0.00
6393,44762,0.00
6394,46472,0.00
6395,49434,0.00
6396,50997,0.00
6397,63381,0.00
6398,50298,0.00
6399,49248,0.00
6400,54607,0.00
6401,61257,0.00
6402,53841,0.00
6403,55304,0.00
6404,51064,0.00
6405,57484,0.00
6406,64044,0.00
6407,58430,0.00
6408,55014,0.00
6409,53369,0.00
6410,48171,0.00
6411,48996,0.00
6412,50448,0.00
6413,56132,0.00
6414,52742,0.00
6415,53269,0.00
6416,55404,0.00
6417,55153,0.00
6418,56561,0.00
6419,52750,0.00
6420,46912,0.00
6421,48875,0.00
6422,57781,0.00
6423,46636,0.00
6424,39077,0.00
6425,41375,0.00
6426,40228,0.00
6427,45270,0.00
6428,42002,0.00
6429,43095,0.00
6430,43472,0.00
6431,44259,0.00
6432,43477,0.00
6433,45127,0.00
6434,46587,0.00
6435,50501,0.00
6436,49123,0.00
6437,55968,0.00
6438,47799,0.00
6439,50397,0.00
6440,44469,0.00
6441,46534,0.00
6442,45697,0.00
6443,57494,0.00
6444,56307,0.00
6445,54750,0.00
6446,54857,0.00
6447,50764,0.00
6448,51527,0.00
6449,52781,0.00
6450,55081,0.00
6451,54689,0.00
6452,56217,0.00
6453,52808,0.00
6454,58393,0.00
6455,56797,0.00
6456,54309,0.00
6457,54398,0.00
6458,54601,0.00
6459,50786,0.00
6460,49819,0.00
6461,59472,0.00
6462,48242,0.00
6463,49057,0.00
6464,48316,0.00
6465,51370,0.00
6466,52833,0.00
6467,52648,0.00
6468,54824,0.00
6469,57501,0.00
6470,56720,0.00
6471,74888,0.00
6472,60829,0.00
6473,57095,0.00
6474,56030,0.00
6475,72626,0.00
6476,54070,0.00
6477,59598,0.00
6478,48826,0.00
6479,54471,0.00
6480,60190,0.00
6481,62740,0.00
6482,57158,0.00
6483,69720,0.00
6484,58545,0.00
6485,53646,0.00
6486,53749,0.00
6487,56164,0.00
6488,56847,0.00
6489,57232,0.00
6490,50904,0.00
6491,57512,0.00
6492,54524,0.00
6493,50262,0.00
6494,48169,0.00
6495,61936,0.00
6496,52639,0.00
6497,58629,0.00
6498,50489,0.00
6499,47946,0.00
6500,48235,0.00
6501,47832,0.00
6502,41074,0.00
6503,41922,0.00
6504,40727,0.00
6505,45718,0.00
6506,44889,0.00
6507,52239,0.00
6508,52830,0.00
6509,54917,0.00
6510,57681,0.00
6511,50730,0.00
6512,55212,0.00
6513,54405,0.00
6514,55470,0.00
6515,52817,0.00
6516,51079,0.00
6517,51175,0.00
6518,47410,0.00
6519,52947,0.00
6520,53238,0.00
6521,52807,0.00
6522,65758,0.00
6523,47295,0.00
6524,48824,0.00
6525,51373,0.00
6526,51865,0.00
6527,48352,0.00
6528,50935,0.00
6529,64197,0.00
6530,56910,0.00
6531,51234,0.00
6532,51453,0.00
6533,52134,0.00
6534,55285,0.00
6535,51232,0.00
6536,51860,0.00
6537,55933,0.00
6538,49321,0.00
6539,50127,0.00
6540,48453,0.00
6541,49261,0.00
6542,53666,0.00
6543,47186,0.00
6544,50231,0.00
6545,51716,0.00
6546,50157,0.00
6547,48313,0.00
6548,48202,0.00
6549,52776,0.00
6550,46238,0.00
6551,55638,0.00
6552,52571,0.00
6553,48966,0.00
6554,50641,0.00
6555,49774,0.00
6556,53913,0.00
6557,56462,0.00
6558,60186,0.00
6559,53184,0.00
6560,51185,0.00
6561,54397,0.00
6562,49365,0.00
6563,52895,0.00
6564,48359,0.00
6565,47748,0.00
6566,46297,0.00
6567,42492,0.00
6568,49227,0.00
6569,57808,0.00
6570,48516,0.00
6571,50201,0.00
6572,53630,0.00
6573,52640,0.00
6574,51982,0.00
6575,54469,0.00
6576,60470,0.00
6577,64650,0.00
6578,54482,0.00
6579,53331,0.00
6580,49886,0.00
6581,50141,0.00
6582,46508,0.00
6583,52847,0.00
6584,50133,0.00
6585,62959,0.00
6586,56816,0.00
6587,53798,0.00
6588,56553,0.00
6589,53360,0.00
6590,80916,0.00
6591,47240,0.00
6592,44812,0.00
6593,51132,0.00
6594,54698,0.00
6595,53622,0.00
6596,54052,0.00
6597,57121,0.00
6598,55750,0.00
6599,53274,0.00
6600,45767,0.00
6601,55841,0.00
6602,49466,0.00
6603,58731,0.00
6604,47229,0.00
6605,49285,0.00
6606,46400,0.00
6607,50535,0.00
6608,47521,0.00
6609,54415,0.00
6610,68542,0.00
6611,67416,0.00
6612,48930,0.00
6613,50511,0.00
6614,47774,0.00
6615,49893,0.00
6616,48253,0.00
6617,49288,0.00
6618,50629,0.00
6619,46925,0.00
6620,47092,0.00
6621,53304,0.00
6622,65293,0.00
6623,49837,0.00
6624,46102,0.00
6625,44072,0.00
6626,44870,0.00
6627,39692,0.00
6628,43463,0.00
6629,43401,0.00
6630,52786,0.00
6631,44565,0.00
6632,44736,0.00
6633,46800,0.00
6634,46358,0.00
6635,44114,0.00
6636,55030,0.00
6637,54878,0.00
6638,42750,0.00
6639,40615,0.00
6640,41649,0.00
6641,53232,0.00
6642,52621,0.00
6643,65182,0.00
6644,45151,0.00
6645,49446,0.00
6646,47243,0.00
6647,44071,0.00
6648,49914,0.00
6649,54373,0.00
6650,50427,0.00
6651,52313,0.00
6652,52477,0.00
6653,55535,0.00
6654,59160,0.00
6655,57558,0.00
6656,53608,0.00
6657,50633,0.00
6658,49636,0.00
6659,48687,0.00
6660,47595,0.00
6661,49549,0.00
6662,51746,0.00
6663,53932,0.00
6664,46192,0.00
6665,43586,0.00
6666,42403,0.00
6667,44635,0.00
6668,46310,0.00
6669,53740,0.00
6670,48841,0.00
6671,48249,0.00
6672,44232,0.00
6673,48458,0.00
6674,46749,0.00
6675,49282,0.00
6676,45949,0.00
6677,49041,0.00
6678,45720,0.00
6679,43311,0.00
6680,45502,0.00
6681,51295,0.00
6682,74542,0.00
6683,51854,0.00
6684,64314,0.00
6685,51972,0.00
6686,53656,0.00
6687,55194,0.00
6688,54130,0.00
6689,50881,0.00
6690,56397,0.00
6691,49439,0.00
6692,48264,0.00
6693,50402,0.00
6694,46811,0.00
6695,62456,0.00
6696,45607,0.00
6697,47475,0.00
6698,45377,0.00
6699,49643,0.00
6700,51092,0.00
6701,56202,0.00
6702,56216,0.00
6703,55071,0.00
6704,50446,0.00
6705,56562,0.00
6706,49921,0.00
6707,50720,0.00
6708,49044,0.00
6709,57414,0.00
6710,52673,0.00
6711,47658,0.00
6712,50796,0.00
6713,52603,0.00
6714,53696,0.00
6715,49866,0.00
6716,46812,0.00
6717,47384,0.00
6718,52309,0.00
6719,51756,0.00
6720,54777,0.00
6721,56982,0.00
6722,55675,0.00
6723,51115,0.00
6724,46255,0.00
6725,41987,0.00
6726,46139,0.00
6727,49100,0.00
6728,49434,0.00
6729,51035,0.00
6730,61901,0.00
6731,60435,0.00
6732,53235,0.00
6733,58725,0.00
6734,53662,0.00
6735,61626,0.00
6736,58246,0.00
6737,59741,0.00
6738,58409,0.00
6739,52941,0.00
6740,51889,0.00
6741,52813,0.00
6742,49490,0.00
6743,43981,0.00
6744,47125,0.00
6745,47400,0.00
6746,46308,0.00
6747,42881,0.00
6748,38722,0.00
6749,36279,0.00
6750,38811,0.00
6751,38167,0.00
6752,35400,0.00
6753,44162,0.00
6754,45262,0.00
6755,51137,0.00
6756,51340,0.00
6757,52645,0.00
6758,49684,0.00
6759,51173,0.00
6760,46908,0.00
6761,50449,0.00
6762,46234,0.00
6763,47170,0.00
6764,55011,0.00
6765,51809,0.00
6766,53763,0.00
6767,51641,0.00
6768,47304,0.00
6769,50288,0.00
6770,51880,0.00
6771,51565,0.00
6772,53686,0.00
6773,66339,0.00
6774,49043,0.00
6775,49710,0.00
6776,49014,0.00
6777,54127,0.00
6778,52595,0.00
6779,48802,0.00
6780,54249,0.00
6781,62952,0.00
6782,49281,0.00
6783,60617,0.00
6784,51603,0.00
6785,52097,0.00
6786,56764,0.00
6787,53477,0.00
6788,53313,0.00
6789,58528,0.00
6790,51785,0.00
6791,50885,0.00
6792,60673,0.00
6793,47175,0.00
6794,51622,0.00
6795,55028,0.00
6796,52771,0.00
6797,51246,0.00
6798,49534,0.00
6799,47444,0.00
6800,47421,0.00
6801,55033,0.00
6802,44268,0.00
6803,42273,0.00
6804,48882,0.00
6805,48441,0.00
6806,47046,0.00
6807,46443,0.00
6808,63446,0.00
6809,50036,0.00
6810,49708,0.00
6811,44638,0.00
6812,44468,0.00
6813,46110,0.00
6814,42394,0.00
6815,49096,0.00
6816,47706,0.00
6817,54476,0.00
6818,53835,0.00
6819,50973,0.00
6820,49261,0.00
6821,53837,0.00
6822,55186,0.00
6823,48023,0.00
6824,47520,0.00
6825,45380,0.00
6826,44006,0.00
6827,43182,0.00
6828,50046,0.00
6829,46679,0.00
6830,44805,0.00
6831,45543,0.00
6832,45364,0.00
6833,49364,0.00
6834,49552,0.00
6835,51257,0.00
6836,50598,0.00
6837,52138,0.00
6838,53575,0.00
6839,51144,0.00
6840,47137,0.00
6841,47870,0.00
6842,45790,0.00
6843,45608,0.00
6844,60340,0.00
6845,53727,0.00
6846,49190,0.00
6847,53074,0.00
6848,51073,0.00
6849,54589,0.00
6850,45428,0.00
6851,51942,0.00
6852,50467,0.00
6853,48349,0.00
6854,46420,0.00
6855,46987,0.00
6856,44233,0.00
6857,45993,0.00
6858,43430,0.00
6859,46709,0.00
6860,58161,0.00
6861,58078,0.00
6862,55468,0.00
6863,51930,0.00
6864,50727,0.00
6865,56145,0.00
6866,51988,0.00
6867,52500,0.00
6868,50456,0.00
6869,65128,0.00
6870,52545,0.00
6871,50450,0.00
6872,49331,0.00
6873,45963,0.00
6874,46178,0.00
6875,46944,0.00
6876,46344,0.00
6877,47103,0.00
6878,45050,0.00
6879,46448,0.00
6880,44748,0.00
6881,48323,0.00
6882,41567,0.00
6883,39765,0.00
6884,42432,0.00
6885,40924,0.00
6886,45299,0.00
6887,65117,0.00
6888,50973,0.00
6889,47050,0.00
6890,45928,0.00
6891,43354,0.00
6892,41711,0.00
6893,40415,0.00
6894,40496,0.00
6895,43928,0.00
6896,38643,0.00
6897,42518,0.00
6898,39131,0.00
6899,40815,0.00
6900,46024,0.00
6901,48271,0.00
6902,51937,0.00
6903,46397,0.00
6904,43279,0.00
6905,41697,0.00
6906,42901,0.00
6907,44401,0.00
6908,46260,0.00
6909,46536,0.00
6910,54096,0.00
6911,49141,0.00
6912,48402,0.00
6913,49710,0.00
6914,48185,0.00
6915,49629,0.00
6916,46467,0.00
6917,47349,0.00
6918,51506,0.00
6919,45306,0.00
6920,39426,0.00
6921,37124,0.00
6922,42176,0.00
6923,43207,0.00
6924,49937,0.00
6925,55647,0.00
6926,48376,0.00
6927,50032,0.00
6928,48201,0.00
6929,45693,0.00
6930,40620,0.00
6931,67938,0.00
6932,52359,0.00
6933,56955,0.00
6934,54169,0.00
6935,48071,0.00
6936,53227,0.00
6937,55804,0.00
6938,49183,0.00
6939,54907,0.00
6940,55831,0.00
6941,57036,0.00
6942,57219,0.00
6943,56061,0.00
6944,53000,0.00
6945,57080,0.00
6946,55701,0.00
6947,55194,0.00
6948,54450,0.00
6949,61174,0.00
6950,56330,0.00
6951,56836,0.00
6952,51784,0.00
6953,59113,0.00
6954,57888,0.00
6955,52566,0.00
6956,54478,0.00
6957,52146,0.00
6958,54925,0.00
6959,53190,0.00
6960,56690,0.00
6961,54811,0.00
6962,56182,0.00
6963,58005,0.00
6964,56894,0.00
6965,55972,0.00
6966,52032,0.00
6967,46101,0.00
6968,44852,0.00
6969,45983,0.00
6970,44584,0.00
6971,43662,0.00
6972,45455,0.00
6973,47226,0.00
6974,48411,0.00
6975,66523,0.00
6976,52438,0.00
6977,53658,0.00
6978,57346,0.00
6979,45312,0.00
6980,41744,0.00
6981,45336,0.00
6982,56033,0.00
6983,51961,0.00
6984,48283,0.00
6985,45274,0.00
6986,38753,0.00
6987,39900,0.00
6988,42158,0.00
6989,48216,0.00
6990,53809,0.00
6991,60066,0.00
6992,54928,0.00
6993,54725,0.00
6994,54083,0.00
6995,51294,0.00
6996,50340,0.00
6997,52030,0.00
6998,54047,0.00
6999,50273,0.00
7000,96214,0.00
7001,54737,0.00
7002,48506,0.00
7003,49268,0.00
7004,49901,0.00
7005,46929,0.00
7006,49176,0.00
7007,52542,0.00
7008,52358,0.00
7009,51940,0.00
7010,53754,0.00
7011,50504,0.00
7012,65617,0.00
7013,51284,0.00
7014,48559,0.00
7015,50149,0.00
7016,47088,0.00
7017,60473,0.00
7018,47262,0.00
7019,50580,0.00
7020,45362,0.00
7021,49626,0.00
7022,48801,0.00
7023,47238,0.00
7024,52702,0.00
7025,41766,0.00
7026,43985,0.00
7027,46635,0.00
7028,45105,0.00
7029,45197,0.00
7030,46610,0.00
7031,51977,0.00
7032,52242,0.00
7033,49076,0.00
7034,51463,0.00
7035,48518,0.00
7036,47468,0.00
7037,54185,0.00
7038,51825,0.00
7039,45682,0.00
7040,53318,0.00
7041,51071,0.00
7042,48989,0.00
7043,49881,0.00
7044,50411,0.00
7045,56245,0.00
7046,54169,0.00
7047,51540,0.00
7048,49580,0.00
7049,46754,0.00
7050,43320,0.00
7051,47369,0.00
7052,43933,0.00
7053,49691,0.00
7054,55784,0.00
7055,55220,0.00
7056,53139,0.00
7057,51205,0.00
7058,57438,0.00
7059,54197,0.00
7060,52911,0.00
7061,54740,0.00
7062,65649,0.00
7063,61843,0.00
7064,53709,0.00
7065,59760,0.00
7066,53335,0.00
7067,48584,0.00
7068,52252,0.00
7069,49349,0.00
7070,42509,0.00
7071,44531,0.00
7072,45774,0.00
7073,45923,0.00
7074,49193,0.00
7075,48782,0.00
7076,53630,0.00
7077,52237,0.00
7078,52143,0.00
7079,47879,0.00
7080,46277,0.00
7081,49930,0.00
7082,51642,0.00
7083,51533,0.00
7084,62148,0.00
7085,54457,0.00
7086,55316,0.00
7087,53294,0.00
7088,48114,0.00
7089,50949,0.00
7090,50638,0.00
7091,51267,0.00
7092,45857,0.00
7093,44964,0.00
7094,45559,0.00
7095,52596,0.00
7096,46731,0.00
7097,37526,0.00
7098,51419,0.00
7099,44281,0.00
7100,42412,0.00
7101,44927,0.00
7102,45823,0.00
7103,52809,0.00
7104,54923,0.00
7105,52020,0.00
7106,59558,0.00
7107,57888,0.00
7108,56097,0.00
7109,55124,0.00
7110,53605,0.00
7111,56788,0.00
7112,56342,0.00
7113,56480,0.00
7114,57349,0.00
7115,56223,0.00
7116,51547,0.00
7117,55827,0.00
7118,52243,0.00
7119,51528,0.00
7120,60233,0.00
7121,58406,0.00
7122,58179,0.00
7123,57332,0.00
7124,58976,0.00
7125,55231,0.00
7126,58903,0.00
7127,57390,0.00
7128,60947,0.00
7129,74242,0.00
7130,52015,0.00
7131,50438,0.00
7132,54434,0.00
7133,56040,0.00
7134,56332,0.00
7135,51553,0.00
7136,52629,0.00
7137,52591,0.00
7138,62145,0.00
7139,57311,0.00
7140,56276,0.00
7141,62240,0.00
7142,60777,0.00
7143,60850,0.00
7144,59450,0.00
7145,71810,0.00
7146,50948,0.00
7147,51284,0.00
7148,50969,0.00
7149,45196,0.00
7150,47754,0.00
7151,49308,0.00
7152,58802,0.00
7153,52332,0.00
7154,55648,0.00
7155,56620,0.00
7156,50750,0.00
7157,53351,0.00
7158,55453,0.00
7159,54791,0.00
7160,56266,0.00
7161,54205,0.00
7162,55103,0.00
7163,71761,0.00
7164,54512,0.00
7165,55228,0.00
7166,67067,0.00
7167,53833,0.00
7168,59017,0.00
7169,58293,0.00
7170,53721,0.00
7171,61412,0.00
7172,47301,0.00
7173,49520,0.00
7174,46300,0.00
7175,44188,0.00
7176,45146,0.00
7177,42409,0.00
7178,46394,0.00
7179,44671,0.00
7180,38316,0.00
7181,43765,0.00
7182,46574,0.00
7183,52961,0.00
7184,55942,0.00
7185,62550,0.00
7186,58478,0.00
7187,60461,0.00
7188,51215,0.00
7189,51656,0.00
7190,51316,0.00
7191,50697,0.00
7192,50328,0.00
7193,60363,0.00
7194,49530,0.00
7195,49967,0.00
7196,46269,0.00
7197,45532,0.00
7198,54720,0.00
7199,42274,0.00
7200,45531,0.00
7201,54308,0.00
7202,52180,0.00
7203,47444,0.00
7204,52284,0.00
7205,55072,0.00
7206,60277,0.00
7207,50119,0.00
7208,76744,0.00
7209,53475,0.00
7210,51104,0.00
7211,58555,0.00
7212,54744,0.00
7213,58956,0.00
7214,49711,0.00
7215,52394,0.00
7216,49597,0.00
7217,49173,0.00
7218,58062,0.00
7219,57724,0.00
7220,55855,0.00
7221,63767,0.00
7222,50258,0.00
7223,49862,0.00
7224,47946,0.00
7225,51623,0.00
7226,44280,0.00
7227,49326,0.00
7228,47493,0.00
7229,44074,0.00
7230,50351,0.00
7231,49292,0.00
7232,44991,0.00
7233,48754,0.00
7234,52097,0.00
7235,48976,0.00
7236,52770,0.00
7237,50106,0.00
7238,48803,0.00
7239,49120,0.00
7240,49051,0.00
7241,54131,0.00
7242,48384,0.00
7243,47369,0.00
7244,48823,0.00
7245,46194,0.00
7246,47877,0.00
7247,55500,0.00
7248,53266,0.00
7249,51159,0.00
7250,49194,0.00
7251,53828,0.00
7252,47257,0.00
7253,49152,0.00
7254,42743,0.00
7255,47249,0.00
7256,44888,0.00
7257,48308,0.00
7258,55074,0.00
7259,52622,0.00
7260,55114,0.00
7261,60210,0.00
7262,59033,0.00
7263,56133,0.00
7264,55532,0.00
7265,51391,0.00
7266,50887,0.00
7267,55047,0.00
7268,52415,0.00
7269,51404,0.00
7270,48768,0.00
7271,48655,0.00
7272,55319,0.00
7273,54395,0.00
7274,52184,0.00
7275,49603,0.00
7276,48182,0.00
7277,49829,0.00
7278,58096,0.00
7279,53544,0.00
7280,48186,0.00
7281,50430,0.00
7282,55195,0.00
7283,59366,0.00
7284,49632,0.00
7285,55854,0.00
7286,51143,0.00
7287,51427,0.00
7288,52242,0.00
7289,51601,0.00
7290,46359,0.00
7291,50619,0.00
7292,51607,0.00
7293,67587,0.00
7294,57370,0.00
7295,54012,0.00
7296,46899,0.00
7297,49586,0.00
7298,44913,0.00
7299,47209,0.00
7300,48601,0.00
7301,52749,0.00
7302,44564,0.00
7303,43382,0.00
7304,46168,0.00
7305,43936,0.00
7306,42612,0.00
7307,43111,0.00
7308,42384,0.00
7309,56881,0.00
7310,61886,0.00
7311,52481,0.00
7312,52573,0.00
7313,55802,0.00
7314,57045,0.00
7315,53592,0.00
7316,64488,0.00
7317,54014,0.00
7318,72976,0.00
7319,51298,0.00
7320,66928,0.00
7321,49031,0.00
7322,48246,0.00
7323,46000,0.00
7324,42596,0.00
7325,44543,0.00
7326,48548,0.00
7327,46967,0.00
7328,47139,0.00
7329,49437,0.00
7330,47696,0.00
7331,47316,0.00
7332,60039,0.00
7333,53338,0.00
7334,52363,0.00
7335,51838,0.00
7336,46219,0.00
7337,58846,0.00
7338,54540,0.00
7339,52064,0.00
7340,52050,0.00
7341,61601,0.00
7342,54301,0.00
7343,49822,0.00
7344,51063,0.00
7345,51146,0.00
7346,50213,0.00
7347,51513,0.00
7348,52291,0.00
7349,54579,0.00
7350,53885,0.00
7351,63662,0.00
7352,51131,0.00
7353,50601,0.00
7354,46097,0.00
7355,46993,0.00
7356,48169,0.00
7357,53418,0.00
7358,61832,0.00
7359,54939,0.00
7360,51689,0.00
7361,51787,0.00
7362,46346,0.00
7363,46284,0.00
7364,47694,0.00
7365,49229,0.00
7366,50096,0.00
7367,49693,0.00
7368,49724,0.00
7369,52708,0.00
7370,54762,0.00
7371,46124,0.00
7372,41096,0.00
7373,42257,0.00
7374,42966,0.00
7375,46204,0.00
7376,42209,0.00
7377,40822,0.00
7378,39032,0.00
7379,53048,0.00
7380,45420,0.00
7381,55506,0.00
7382,55217,0.00
7383,60661,0.00
7384,59617,0.00
7385,52580,0.00
7386,49144,0.00
7387,56256,0.00
7388,51943,0.00
7389,50995,0.00
7390,49755,0.00
7391,53204,0.00
7392,65968,0.00
7393,53131,0.00
7394,51290,0.00
7395,66677,0.00
7396,60566,0.00
7397,57560,0.00
7398,56863,0.00
7399,78802,0.00
7400,59483,0.00
7401,61021,0.00
7402,55115,0.00
7403,56280,0.00
7404,54559,0.00
7405,54314,0.00
7406,52645,0.00
7407,59805,0.00
7408,62874,0.00
7409,58485,0.00
7410,50314,0.00
7411,51515,0.00
7412,58208,0.00
7413,61844,0.00
7414,60704,0.00
7415,73392,0.00
7416,56675,0.00
7417,56533,0.00
7418,58184,0.00
7419,64535,0.00
7420,57551,0.00
7421,58289,0.00
7422,56576,0.00
7423,57230,0.00
7424,52813,0.00
7425,61094,0.00
7426,58347,0.00
7427,55335,0.00
7428,59667,0.00
7429,53823,0.00
7430,52319,0.00
7431,52832,0.00
7432,47986,0.00
7433,48532,0.00
7434,48953,0.00
7435,46594,0.00
7436,46260,0.00
7437,48765,0.00
7438,48095,0.00
7439,49876,0.00
7440,47281,0.00
7441,65195,0.00
7442,56653,0.00
7443,55121,0.00
7444,57127,0.00
7445,57054,0.00
7446,61548,0.00
7447,56510,0.00
7448,58322,0.00
7449,56199,0.00
7450,62575,0.00
7451,62100,0.00
7452,60224,0.00
7453,59666,0.00
7454,66527,0.00
7455,54856,0.00
7456,56281,0.00
7457,56953,0.00
7458,63030,0.00
7459,67549,0.00
7460,368094,0.00
7461,56381,0.00
7462,58989,0.00
7463,56823,0.00
7464,66614,0.00
7465,45976,0.00
7466,56833,0.00
7467,61160,0.00
7468,55754,0.00
7469,51897,0.00
7470,51612,0.00
7471,50962,0.00
7472,55228,0.00
7473,53598,0.00
7474,58591,0.00
7475,53513,0.00
7476,63910,0.00
7477,49994,0.00
7478,49235,0.00
7479,48791,0.00
7480,45682,0.00
7481,48619,0.00
7482,43883,0.00
7483,45412,0.00
7484,44772,0.00
7485,52036,0.00
7486,54532,0.00
7487,67848,0.00
7488,46405,0.00
7489,46892,0.00
7490,51823,0.00
7491,47717,0.00
7492,48637,0.00
7493,54583,0.00
7494,48492,0.00
7495,54188,0.00
7496,46024,0.00
7497,43872,0.00
7498,44680,0.00
7499,45822,0.00
7500,45736,0.00
7501,71418,0.00
7502,51802,0.00
7503,50886,0.00
7504,52182,0.00
7505,48802,0.00
7506,48964,0.00
7507,48647,0.00
7508,45706,0.00
7509,51728,0.00
7510,50170,0.00
7511,59095,0.00
7512,55340,0.00
7513,60546,0.00
7514,57965,0.00
7515,56184,0.00
7516,65422,0.00
7517,65345,0.00
7518,55918,0.00
7519,52378,0.00
7520,52073,0.00
7521,57361,0.00
7522,53473,0.00
7523,58300,0.00
7524,59241,0.00
7525,54726,0.00
7526,55649,0.00
7527,47439,0.00
7528,46100,0.00
7529,49232,0.00
7530,47251,0.00
7531,50376,0.00
7532,52032,0.00
7533,53564,0.00
7534,51054,0.00
7535,49428,0.00
7536,56658,0.00
7537,59678,0.00
7538,53230,0.00
7539,51489,0.00
7540,60550,0.00
7541,62308,0.00
7542,54124,0.00
7543,50162,0.00
7544,56997,0.00
7545,51603,0.00
7546,56455,0.00
7547,53900,0.00
7548,51367,0.00
7549,68310,0.00
7550,57692,0.00
7551,67806,0.00
7552,56530,0.00
7553,55799,0.00
7554,53409,0.00
7555,55469,0.00
7556,52902,0.00
7557,59860,0.00
7558,69326,0.00
7559,56371,0.00
7560,55133,0.00
7561,59326,0.00
7562,58673,0.00
7563,59500,0.00
7564,57631,0.00
7565,57968,0.00
7566,55744,0.00
7567,68170,0.00
7568,56054,0.00
7569,67891,0.00
7570,53842,0.00
7571,76595,0.00
7572,57698,0.00
7573,53879,0.00
7574,60105,0.00
7575,54653,0.00
7576,54220,0.00
7577,55363,0.00
7578,59126,0.00
7579,49642,0.00
7580,54162,0.00
7581,52054,0.00
7582,66867,0.00
7583,55112,0.00
7584,60332,0.00
7585,66108,0.00
7586,60034,0.00
7587,62816,0.00
7588,57832,0.00
7589,55830,0.00
7590,59021,0.00
7591,57628,0.00
7592,54372,0.00
7593,53918,0.00
7594,52358,0.00
7595,52289,0.00
7596,69749,0.00
7597,64491,0.00
7598,60038,0.00
7599,57564,0.00
7600,61245,0.00
7601,65785,0.00
7602,59241,0.00
7603,55282,0.00
7604,54866,0.00
7605,52352,0.00
7606,57170,0.00
7607,59337,0.00
7608,54484,0.00
7609,56793,0.00
7610,52220,0.00
7611,51567,0.00
7612,50028,0.00
7613,47767,0.00
7614,53590,0.00
7615,41969,0.00
7616,48497,0.00
7617,49095,0.00
7618,48678,0.00
7619,54532,0.00
7620,54444,0.00
7621,57123,0.00
7622,54816,0.00
7623,42876,0.00
7624,41197,0.00
7625,49258,0.00
7626,44067,0.00
7627,40658,0.00
7628,42372,0.00
7629,39673,0.00
7630,39376,0.00
7631,43457,0.00
7632,46872,0.00
7633,42397,0.00
7634,43456,0.00
7635,42790,0.00
7636,42497,0.00
7637,57921,0.00
7638,47615,0.00
7639,45354,0.00
7640,44980,0.00
7641,57647,0.00
7642,54594,0.00
7643,67612,0.00
7644,50427,0.00
7645,52925,0.00
7646,51552,0.00
7647,52995,0.00
7648,49753,0.00
7649,50579,0.00
7650,39266,0.00
7651,40331,0.00
7652,41323,0.00
7653,38065,0.00
7654,41238,0.00
7655,33552,0.00
7656,31393,0.00
7657,35552,0.00
7658,36447,0.00
7659,40332,0.00
7660,40850,0.00
7661,47237,0.00
7662,51552,0.00
7663,59083,0.00
7664,53762,0.00
7665,54917,0.00
7666,52957,0.00
7667,49215,0.00
7668,52156,0.00
7669,51541,0.00
7670,51985,0.00
7671,43336,0.00
7672,43000,0.00
7673,40601,0.00
7674,37247,0.00
7675,31496,0.00
7676,38254,0.00
7677,37490,0.00
7678,43631,0.00
7679,52117,0.00
7680,42412,0.00
7681,51638,0.00
7682,49253,0.00
7683,42109,0.00
7684,48191,0.00
7685,47989,0.00
7686,42544,0.00
7687,40103,0.00
7688,42362,0.00
7689,49975,0.00
7690,40512,0.00
7691,38081,0.00
7692,45999,0.00
7693,48392,0.00
7694,45829,0.00
7695,50205,0.00
7696,51137,0.00
7697,58807,0.00
7698,60377,0.00
7699,58242,0.00
7700,59321,0.00
7701,59992,0.00
7702,57434,0.00
7703,57154,0.00
7704,52012,0.00
7705,67667,0.00
7706,51795,0.00
7707,52640,0.00
7708,50459,0.00
7709,51019,0.00
7710,50095,0.00
7711,46854,0.00
7712,50385,0.00
7713,52110,0.00
7714,56913,0.00
7715,57933,0.00
7716,55708,0.00
7717,70623,0.00
7718,55943,0.00
7719,54921,0.00
7720,63723,0.00
7721,53591,0.00
7722,52801,0.00
7723,52119,0.00
7724,51544,0.00
7725,64394,0.00
7726,55155,0.00
7727,59375,0.00
7728,56136,0.00
7729,57938,0.00
7730,55201,0.00
7731,56428,0.00
7732,56773,0.00
7733,51432,0.00
7734,55900,0.00
7735,52754,0.00
7736,51886,0.00
7737,56343,0.00
7738,53026,0.00
7739,53001,0.00
7740,53432,0.00
7741,57279,0.00
7742,54409,0.00
7743,53491,0.00
7744,53533,0.00
7745,53854,0.00
7746,53186,0.00
7747,56245,0.00
7748,51664,0.00
7749,55488,0.00
7750,52628,0.00
7751,52655,0.00
7752,51308,0.00
7753,58679,0.00
7754,58219,0.00
7755,51553,0.00
7756,57169,0.00
7757,54278,0.00
7758,54475,0.00
7759,49620,0.00
7760,53173,0.00
7761,66219,0.00
7762,51539,0.00
7763,55145,0.00
7764,50819,0.00
7765,53557,0.00
7766,56178,0.00
7767,67256,0.00
7768,55852,0.00
7769,51278,0.00
7770,55139,0.00
7771,54980,0.00
7772,60739,0.00
7773,55076,0.00
7774,50410,0.00
7775,54840,0.00
7776,52987,0.00
7777,56860,0.00
7778,54234,0.00
7779,59283,0.00
7780,54473,0.00
7781,53594,0.00
7782,52307,0.00
7783,50509,0.00
7784,51440,0.00
7785,57057,0.00
7786,55100,0.00
7787,51028,0.00
7788,54869,0.00
7789,59326,0.00
7790,56862,0.00
7791,55217,0.00
7792,43605,0.00
7793,47958,0.00
7794,49342,0.00
7795,49952,0.00
7796,50140,0.00
7797,47558,0.00
7798,46131,0.00
7799,48462,0.00
7800,50256,0.00
7801,57014,0.00
7802,55303,0.00
7803,55351,0.00
7804,56037,0.00
7805,67553,0.00
7806,51858,0.00
7807,54579,0.00
7808,57928,0.00
7809,58053,0.00
7810,60070,0.00
7811,73218,0.00
7812,58904,0.00
7813,58487,0.00
7814,55690,0.00
7815,57504,0.00
7816,63749,0.00
7817,54476,0.00
7818,54276,0.00
7819,52368,0.00
7820,59007,0.00
7821,54747,0.00
7822,61406,0.00
7823,53873,0.00
7824,48751,0.00
7825,43536,0.00
7826,50030,0.00
7827,68800,0.00
7828,57738,0.00
7829,65052,0.00
7830,54125,0.00
7831,52309,0.00
7832,58221,0.00
7833,56141,0.00
7834,53414,0.00
7835,53039,0.00
7836,54333,0.00
7837,48832,0.00
7838,52066,0.00
7839,54506,0.00
7840,51474,0.00
7841,54667,0.00
7842,58293,0.00
7843,54201,0.00
7844,46160,0.00
7845,52174,0.00
7846,50925,0.00
7847,53809,0.00
7848,51111,0.00
7849,51131,0.00
7850,53056,0.00
7851,48258,0.00
7852,49537,0.00
7853,47602,0.00
7854,41467,0.00
7855,42880,0.00
7856,44144,0.00
7857,55246,0.00
7858,54314,0.00
7859,58130,0.00
7860,59928,0.00
7861,55701,0.00
7862,66037,0.00
7863,59356,0.00
7864,59108,0.00
7865,55184,0.00
7866,55035,0.00
7867,66997,0.00
7868,56834,0.00
7869,54526,0.00
7870,58373,0.00
7871,56867,0.00
7872,55108,0.00
7873,56595,0.00
7874,60435,0.00
7875,57273,0.00
7876,54286,0.00
7877,56241,0.00
7878,59023,0.00
7879,51107,0.00
7880,53828,0.00
7881,54418,0.00
7882,52898,0.00
7883,58837,0.00
7884,53541,0.00
7885,74156,0.00
7886,59667,0.00
7887,53733,0.00
7888,53907,0.00
7889,67128,0.00
7890,55637,0.00
7891,56622,0.00
7892,54521,0.00
7893,54199,0.00
7894,48280,0.00
7895,41500,0.00
7896,39693,0.00
7897,55859,0.00
7898,53756,0.00
7899,51232,0.00
7900,61650,0.00
7901,59933,0.00
7902,56270,0.00
7903,58941,0.00
7904,52910,0.00
7905,58271,0.00
7906,53332,0.00
7907,51488,0.00
7908,53674,0.00
7909,62384,0.00
7910,62334,0.00
7911,52850,0.00
7912,56436,0.00
7913,55070,0.00
7914,82908,0.00
7915,53538,0.00
7916,54746,0.00
7917,56853,0.00
7918,59381,0.00
7919,58402,0.00
7920,55729,0.00
7921,55246,0.00
7922,54982,0.00
7923,59979,0.00
7924,58206,0.00
7925,50158,0.00
7926,48234,0.00
7927,42021,0.00
7928,40463,0.00
7929,43149,0.00
7930,49549,0.00
7931,46944,0.00
7932,46552,0.00
7933,50428,0.00
7934,48245,0.00
7935,45919,0.00
7936,55153,0.00
7937,51857,0.00
7938,46699,0.00
7939,52356,0.00
7940,53615,0.00
7941,47452,0.00
7942,51474,0.00
7943,50550,0.00
7944,51383,0.00
7945,55010,0.00
7946,51426,0.00
7947,53904,0.00
7948,50215,0.00
7949,60221,0.00
7950,56187,0.00
7951,55348,0.00
7952,54472,0.00
7953,61076,0.00
7954,54055,0.00
7955,53164,0.00
7956,51372,0.00
7957,69476,0.00
7958,55917,0.00
7959,58031,0.00
7960,55140,0.00
7961,55244,0.00
7962,54319,0.00
7963,51209,0.00
7964,49173,0.00
7965,50489,0.00
7966,43924,0.00
7967,40040,0.00
7968,49409,0.00
7969,52325,0.00
7970,48996,0.00
7971,49084,0.00
7972,44299,0.00
7973,56017,0.00
7974,48906,0.00
7975,43103,0.00
7976,46798,0.00
7977,48342,0.00
7978,48650,0.00
7979,49312,0.00
7980,55323,0.00
7981,55025,0.00
7982,48939,0.00
7983,46719,0.00
7984,57716,0.00
7985,49239,0.00
7986,50467,0.00
7987,55966,0.00
7988,47388,0.00
7989,48613,0.00
7990,65319,0.00
7991,44876,0.00
7992,48705,0.00
7993,51885,0.00
7994,54687,0.00
7995,52909,0.00
7996,48180,0.00
7997,54122,0.00
7998,63674,0.00
7999,49183,0.00
8000,59809,0.00
8001,48855,0.00
8002,54329,0.00
8003,58739,0.00
8004,50900,0.00
8005,53652,0.00
8006,57725,0.00
8007,51893,0.00
8008,62751,0.00
8009,56631,0.00
8010,52011,0.00
8011,45715,0.00
8012,49128,0.00
8013,49277,0.00
8014,45567,0.00
8015,53143,0.00
8016,61342,0.00
8017,58473,0.00
8018,61602,0.00
8019,60610,0.00
8020,56849,0.00
8021,58707,0.00
8022,57909,0.00
8023,64765,0.00
8024,53351,0.00
8025,52889,0.00
8026,54773,0.00
8027,53981,0.00
8028,52032,0.00
8029,51513,0.00
8030,56470,0.00
8031,46181,0.00
8032,52637,0.00
8033,50883,0.00
8034,48668,0.00
8035,45413,0.00
8036,45281,0.00
8037,44741,0.00
8038,49036,0.00
8039,52416,0.00
8040,47614,0.00
8041,50594,0.00
8042,48896,0.00
8043,50818,0.00
8044,48819,0.00
8045,67673,0.00
8046,49105,0.00
8047,56006,0.00
8048,46571,0.00
8049,51815,0.00
8050,51033,0.00
8051,54152,0.00
8052,54192,0.00
8053,50813,0.00
8054,49685,0.00
8055,65070,0.00
8056,67116,0.00
8057,55039,0.00
8058,58099,0.00
8059,55644,0.00
8060,58435,0.00
8061,64102,0.00
8062,52453,0.00
8063,54118,0.00
8064,51811,0.00
8065,48700,0.00
8066,55737,0.00
8067,52648,0.00
8068,50567,0.00
8069,56108,0.00
8070,52155,0.00
8071,58641,0.00
8072,55519,0.00
8073,52568,0.00
8074,50671,0.00
8075,49175,0.00
8076,48062,0.00
8077,46106,0.00
8078,55887,0.00
8079,53128,0.00
8080,58675,0.00
8081,55743,0.00
8082,54964,0.00
8083,56552,0.00
8084,58560,0.00
8085,55337,0.00
8086,57055,0.00
8087,61052,0.00
8088,46874,0.00
8089,48043,0.00
8090,50935,0.00
8091,44954,0.00
8092,47765,0.00
8093,45537,0.00
8094,58251,0.00
8095,48743,0.00
8096,45628,0.00
8097,45648,0.00
8098,42453,0.00
8099,50250,0.00
8100,44796,0.00
8101,49618,0.00
8102,47035,0.00
8103,53836,0.00
8104,50400,0.00
8105,51964,0.00
8106,47761,0.00
8107,52373,0.00
8108,47170,0.00
8109,54111,0.00
8110,49573,0.00
8111,49970,0.00
8112,47920,0.00
8113,53295,0.00
8114,49220,0.00
8115,48073,0.00
8116,48374,0.00
8117,48092,0.00
8118,47913,0.00
8119,51001,0.00
8120,55031,0.00
8121,57601,0.00
8122,51407,0.00
8123,49300,0.00
8124,51971,0.00
8125,51097,0.00
8126,54807,0.00
8127,46961,0.00
8128,49361,0.00
8129,54925,0.00
8130,57058,0.00
8131,47266,0.00
8132,52198,0.00
8133,47801,0.00
8134,46425,0.00
8135,44993,0.00
8136,44721,0.00
8137,44377,0.00
8138,52107,0.00
8139,49914,0.00
8140,51458,0.00
8141,54218,0.00
8142,57248,0.00
8143,62152,0.00
8144,56934,0.00
8145,78199,0.00
8146,54178,0.00
8147,54310,0.00
8148,50003,0.00
8149,62406,0.00
8150,52848,0.00
8151,50944,0.00
8152,56795,0.00
8153,59331,0.00
8154,58867,0.00
8155,53755,0.00
8156,71208,0.00
8157,55616,0.00
8158,65322,0.00
8159,54356,0.00
8160,66791,0.00
8161,56823,0.00
8162,63302,0.00
8163,72744,0.00
8164,65278,0.00
8165,56100,0.00
8166,47309,0.00
8167,44790,0.00
8168,47454,0.00
8169,47051,0.00
8170,54718,0.00
8171,52614,0.00
8172,54603,0.00
8173,53561,0.00
8174,53961,0.00
8175,53468,0.00
8176,53686,0.00
8177,58767,0.00
8178,49906,0.00
8179,55521,0.00
8180,62284,0.00
8181,50942,0.00
8182,48924,0.00
8183,50178,0.00
8184,46980,0.00
8185,46039,0.00
8186,49416,0.00
8187,49631,0.00
8188,50021,0.00
8189,47002,0.00
8190,49360,0.00
8191,50737,0.00
8192,54375,0.00
8193,59046,0.00
8194,60657,0.00
8195,60433,0.00
8196,56184,0.00
8197,58811,0.00
8198,57557,0.00
8199,58861,0.00
8200,51430,0.00
8201,52181,0.00
8202,51984,0.00
8203,49593,0.00
8204,51211,0.00
8205,67384,0.00
8206,52484,0.00
8207,64101,0.00
8208,58328,0.00
8209,70732,0.00
8210,59695,0.00
8211,59400,0.00
8212,61141,0.00
8213,61765,0.00
8214,53667,0.00
8215,56178,0.00
8216,63534,0.00
8217,62253,0.00
8218,54463,0.00
8219,57872,0.00
8220,56905,0.00
8221,57917,0.00
8222,60099,0.00
8223,59544,0.00
8224,63035,0.00
8225,55382,0.00
8226,65060,0.00
8227,56790,0.00
8228,49272,0.00
8229,50907,0.00
8230,52206,0.00
8231,49331,0.00
8232,48033,0.00
8233,53154,0.00
8234,45740,0.00
8235,46816,0.00
8236,45585,0.00
8237,47984,0.00
8238,48850,0.00
8239,52347,0.00
8240,48329,0.00
8241,52756,0.00
8242,47676,0.00
8243,48095,0.00
8244,49455,0.00
8245,55001,0.00
8246,56139,0.00
8247,51111,0.00
8248,53604,0.00
8249,50875,0.00
8250,42278,0.00
8251,47692,0.00
8252,48837,0.00
8253,45130,0.00
8254,43038,0.00
8255,44959,0.00
8256,41826,0.00
8257,43847,0.00
8258,54058,0.00
8259,47314,0.00
8260,67105,0.00
8261,55919,0.00
8262,56904,0.00
8263,56513,0.00
8264,57990,0.00
8265,58174,0.00
8266,53798,0.00
8267,55454,0.00
8268,52723,0.00
8269,50379,0.00
8270,45389,0.00
8271,45643,0.00
8272,64359,0.00
8273,51495,0.00
8274,52043,0.00
8275,57540,0.00
8276,56974,0.00
8277,56927,0.00
8278,56019,0.00
8279,70073,0.00
8280,61241,0.00
8281,57140,0.00
8282,55237,0.00
8283,52517,0.00
8284,52026,0.00
8285,49299,0.00
8286,48599,0.00
8287,48988,0.00
8288,49058,0.00
8289,51595,0.00
8290,52904,0.00
8291,60228,0.00
8292,53619,0.00
8293,52110,0.00
8294,57968,0.00
8295,62474,0.00
8296,50930,0.00
8297,63095,0.00
8298,47696,0.00
8299,49955,0.00
8300,53784,0.00
8301,59610,0.00
8302,56012,0.00
8303,56010,0.00
8304,53009,0.00
8305,56316,0.00
8306,51762,0.00
8307,48335,0.00
8308,47317,0.00
8309,50488,0.00
8310,51410,0.00
8311,53791,0.00
8312,58969,0.00
8313,46911,0.00
8314,49896,0.00
8315,59142,0.00
8316,51934,0.00
8317,57891,0.00
8318,58860,0.00
8319,56967,0.00
8320,48825,0.00
8321,54684,0.00
8322,55050,0.00
8323,55372,0.00
8324,52192,0.00
8325,53452,0.00
8326,55239,0.00
8327,55084,0.00
8328,56687,0.00
8329,51942,0.00
8330,48277,0.00
8331,56708,0.00
8332,52471,0.00
8333,49201,0.00
8334,54821,0.00
8335,52276,0.00
8336,51931,0.00
8337,49806,0.00
8338,63939,0.00
8339,42472,0.00
8340,43873,0.00
8341,50488,0.00
8342,49693,0.00
8343,49113,0.00
8344,50068,0.00
8345,48619,0.00
8346,45624,0.00
8347,46885,0.00
8348,47188,0.00
8349,52924,0.00
8350,52933,0.00
8351,53861,0.00
8352,57532,0.00
8353,52973,0.00
8354,52203,0.00
8355,65218,0.00
8356,55806,0.00
8357,59799,0.00
8358,56912,0.00
8359,56652,0.00
8360,51357,0.00
8361,62552,0.00
8362,59057,0.00
8363,55714,0.00
8364,61126,0.00
8365,57791,0.00
8366,61050,0.00
8367,54657,0.00
8368,53620,0.00
8369,51854,0.00
8370,54667,0.00
8371,56883,0.00
8372,47819,0.00
8373,47964,0.00
8374,64569,0.00
8375,53592,0.00
8376,51186,0.00
8377,50844,0.00
8378,56015,0.00
8379,51739,0.00
8380,53941,0.00
8381,53352,0.00
8382,51741,0.00
8383,51448,0.00
8384,54671,0.00
8385,56424,0.00
8386,59502,0.00
8387,53746,0.00
8388,56673,0.00
8389,73419,0.00
8390,53200,0.00
8391,56051,0.00
8392,58914,0.00
8393,53691,0.00
8394,52981,0.00
8395,53481,0.00
8396,54958,0.00
8397,52184,0.00
8398,50366,0.00
8399,53990,0.00
8400,56420,0.00
8401,58594,0.00
8402,56095,0.00
8403,58700,0.00
8404,63267,0.00
8405,58455,0.00
8406,64988,0.00
8407,59148,0.00
8408,62630,0.00
8409,75525,0.00
8410,62056,0.00
8411,86476,0.00
8412,63584,0.00
8413,59850,0.00
8414,63216,0.00
8415,69289,0.00
8416,58374,0.00
8417,72378,0.00
8418,60640,0.00
8419,59889,0.00
8420,57416,0.00
8421,60825,0.00
8422,55097,0.00
8423,53805,0.00
8424,62301,0.00
8425,55420,0.00
8426,50563,0.00
8427,53655,0.00
8428,57424,0.00
8429,56967,0.00
8430,54985,0.00
8431,57313,0.00
8432,57020,0.00
8433,52695,0.00
8434,50773,0.00
8435,51232,0.00
8436,57445,0.00
8437,50417,0.00
8438,53332,0.00
8439,56000,0.00
8440,73186,0.00
8441,57213,0.00
8442,55935,0.00
8443,58589,0.00
8444,57199,0.00
8445,56098,0.00
8446,55219,0.00
8447,53841,0.00
8448,52224,0.00
8449,54090,0.00
8450,50514,0.00
8451,50775,0.00
8452,52653,0.00
8453,57435,0.00
8454,52898,0.00
8455,52193,0.00
8456,50615,0.00
8457,49917,0.00
8458,55208,0.00
8459,63541,0.00
8460,55934,0.00
8461,59032,0.00
8462,57136,0.00
8463,56173,0.00
8464,54308,0.00
8465,52464,0.00
8466,54871,0.00
8467,60016,0.00
8468,58130,0.00
8469,54967,0.00
8470,57034,0.00
8471,55098,0.00
8472,70462,0.00
8473,58653,0.00
8474,61494,0.00
8475,59206,0.00
8476,57510,0.00
8477,62887,0.00
8478,56250,0.00
8479,55258,0.00
8480,50307,0.00
8481,54980,0.00
8482,57495,0.00
8483,53941,0.00
8484,56475,0.00
8485,54865,0.00
8486,52978,0.00
8487,53613,0.00
8488,69727,0.00
8489,54297,0.00
8490,52869,0.00
8491,57635,0.00
8492,55174,0.00
8493,72379,0.00
8494,56544,0.00
8495,54328,0.00
8496,49988,0.00
8497,46227,0.00
8498,55444,0.00
8499,58876,0.00
8500,55347,0.00
8501,53391,0.00
8502,53229,0.00
8503,47544,0.00
8504,46518,0.00
8505,57532,0.00
8506,44636,0.00
8507,48278,0.00
8508,48630,0.00
8509,55236,0.00
8510,51319,0.00
8511,53546,0.00
8512,51823,0.00
8513,55499,0.00
8514,56122,0.00
8515,61599,0.00
8516,57921,0.00
8517,53239,0.00
8518,55194,0.00
8519,56123,0.00
8520,53909,0.00
8521,56176,0.00
8522,62560,0.00
8523,52926,0.00
8524,47140,0.00
8525,54378,0.00
8526,41218,0.00
8527,46141,0.00
8528,44828,0.00
8529,45764,0.00
8530,50880,0.00
8531,47928,0.00
8532,50652,0.00
8533,48240,0.00
8534,62495,0.00
8535,52533,0.00
8536,50987,0.00
8537,55179,0.00
8538,51342,0.00
8539,63360,0.00
8540,55280,0.00
8541,51481,0.00
8542,51983,0.00
8543,54290,0.00
8544,49517,0.00
8545,54490,0.00
8546,52736,0.00
8547,56485,0.00
8548,57041,0.00
8549,69676,0.00
8550,63551,0.00
8551,61785,0.00
8552,58354,0.00
8553,65669,0.00
8554,57856,0.00
8555,54213,0.00
8556,53816,0.00
8557,61080,0.00
8558,64710,0.00
8559,52859,0.00
8560,51952,0.00
8561,54763,0.00
8562,52511,0.00
8563,59776,0.00
8564,53254,0.00
8565,53297,0.00
8566,47784,0.00
8567,49228,0.00
8568,49491,0.00
8569,56390,0.00
8570,51776,0.00
8571,60072,0.00
8572,55981,0.00
8573,56285,0.00
8574,57156,0.00
8575,58583,0.00
8576,57689,0.00
8577,55048,0.00
8578,60254,0.00
8579,58051,0.00
8580,54469,0.00
8581,56234,0.00
8582,55953,0.00
8583,62076,0.00
8584,58083,0.00
8585,60882,0.00
8586,56298,0.00
8587,57545,0.00
8588,59136,0.00
8589,59442,0.00
8590,60322,0.00
8591,53527,0.00
8592,52170,0.00
8593,59246,0.00
8594,68619,0.00
8595,52834,0.00
8596,53104,0.00
8597,52687,0.00
8598,54866,0.00
8599,57652,0.00
8600,66527,0.00
8601,60608,0.00
8602,67985,0.00
8603,57120,0.00
8604,56196,0.00
8605,57493,0.00
8606,51679,0.00
8607,55218,0.00
8608,56437,0.00
8609,59634,0.00
8610,64831,0.00
8611,55910,0.00
8612,62575,0.00
8613,64321,0.00
8614,61197,0.00
8615,58954,0.00
8616,60974,0.00
8617,63637,0.00
8618,55820,0.00
8619,54025,0.00
8620,52607,0.00
8621,54333,0.00
8622,55287,0.00
8623,61639,0.00
8624,50438,0.00
8625,50386,0.00
8626,48525,0.00
8627,47372,0.00
8628,45736,0.00
8629,42074,0.00
8630,60182,0.00
8631,48994,0.00
8632,45554,0.00
8633,49495,0.00
8634,43949,0.00
8635,43354,0.00
8636,45421,0.00
8637,43412,0.00
8638,38488,0.00
8639,41063,0.00
8640,38179,0.00
8641,43764,0.00
8642,44137,0.00
8643,45084,0.00
8644,51025,0.00
8645,45631,0.00
8646,49123,0.00
8647,42866,0.00
8648,42292,0.00
8649,44454,0.00
8650,44765,0.00
8651,44247,0.00
8652,44921,0.00
8653,45750,0.00
8654,44148,0.00
8655,53427,0.00
8656,47213,0.00
8657,45469,0.00
8658,48519,0.00
8659,48833,0.00
8660,47415,0.00
8661,47803,0.00
8662,51752,0.00
8663,48608,0.00
8664,50398,0.00
8665,47696,0.00
8666,51671,0.00
8667,46367,0.00
8668,47821,0.00
8669,45627,0.00
8670,45055,0.00
8671,44629,0.00
8672,43275,0.00
8673,43524,0.00
8674,43766,0.00
8675,44031,0.00
8676,42860,0.00
8677,46082,0.00
8678,48409,0.00
8679,49438,0.00
8680,50202,0.00
8681,54484,0.00
8682,51620,0.00
8683,51988,0.00
8684,54638,0.00
8685,52589,0.00
8686,56911,0.00
8687,56459,0.00
8688,51425,0.00
8689,57308,0.00
8690,63045,0.00
8691,67989,0.00
8692,56125,0.00
8693,61012,0.00
8694,52568,0.00
8695,49150,0.00
8696,49438,0.00
8697,55685,0.00
8698,54474,0.00
8699,61300,0.00
8700,58943,0.00
8701,70959,0.00
8702,56661,0.00
8703,53377,0.00
8704,52815,0.00
8705,54657,0.00
8706,53160,0.00
8707,56200,0.00
8708,50181,0.00
8709,51719,0.00
8710,48080,0.00
8711,57775,0.00
8712,48892,0.00
8713,45422,0.00
8714,42862,0.00
8715,42208,0.00
8716,42049,0.00
8717,42907,0.00
8718,51423,0.00
8719,47539,0.00
8720,49465,0.00
8721,52486,0.00
8722,50474,0.00
8723,50041,0.00
8724,45787,0.00
8725,50469,0.00
8726,47493,0.00
8727,54681,0.00
8728,42693,0.00
8729,52554,0.00
8730,53527,0.00
8731,51842,0.00
8732,48257,0.00
8733,50420,0.00
8734,46144,0.00
8735,49136,0.00
8736,45997,0.00
8737,54275,0.00
8738,53643,0.00
8739,52983,0.00
8740,55705,0.00
8741,58403,0.00
8742,53699,0.00
8743,51533,0.00
8744,51731,0.00
8745,59231,0.00
8746,50296,0.00
8747,50186,0.00
8748,55883,0.00
8749,54809,0.00
8750,57646,0.00
8751,48754,0.00
8752,54490,0.00
8753,54722,0.00
8754,45439,0.00
8755,48380,0.00
8756,50816,0.00
8757,50748,0.00
8758,54697,0.00
8759,61615,0.00
8760,57407,0.00
8761,55483,0.00
8762,55952,0.00
8763,50790,0.00
8764,56373,0.00
8765,59736,0.00
8766,49972,0.00
8767,47531,0.00
8768,56842,0.00
8769,57412,0.00
8770,56815,0.00
8771,51800,0.00
8772,55991,0.00
8773,52510,0.00
8774,55924,0.00
8775,53830,0.00
8776,55018,0.00
8777,68081,0.00
8778,54991,0.00
8779,52562,0.00
8780,54160,0.00
8781,53563,0.00
8782,54429,0.00
8783,55499,0.00
8784,51356,0.00
8785,66309,0.00
8786,52456,0.00
8787,59269,0.00
8788,57624,0.00
8789,55360,0.00
8790,55330,0.00
8791,54453,0.00
8792,52284,0.00
8793,57453,0.00
8794,44417,0.00
8795,43751,0.00
8796,44697,0.00
8797,43692,0.00
8798,50193,0.00
8799,46650,0.00
8800,47828,0.00
8801,50329,0.00
8802,47263,0.00
8803,48590,0.00
8804,46233,0.00
8805,44982,0.00
8806,47990,0.00
8807,46009,0.00
8808,50657,0.00
8809,46205,0.00
8810,45914,0.00
8811,44667,0.00
8812,56477,0.00
8813,45836,0.00
8814,47551,0.00
8815,48300,0.00
8816,41328,0.00
8817,43289,0.00
8818,49887,0.00
8819,48041,0.00
8820,47675,0.00
8821,43916,0.00
8822,50433,0.00
8823,44984,0.00
8824,47426,0.00
8825,45299,0.00
8826,45867,0.00
8827,40387,0.00
8828,43057,0.00
8829,41795,0.00
8830,52915,0.00
8831,45914,0.00
8832,48100,0.00
8833,47617,0.00
8834,47635,0.00
8835,46970,0.00
8836,51335,0.00
8837,57937,0.00
8838,52616,0.00
8839,45671,0.00
8840,48932,0.00
8841,53871,0.00
8842,72208,0.00
8843,58796,0.00
8844,55296,0.00
8845,56774,0.00
8846,58880,0.00
8847,53636,0.00
8848,52754,0.00
8849,63832,0.00
8850,53839,0.00
8851,58195,0.00
8852,56788,0.00
8853,65431,0.00
8854,55207,0.00
8855,56092,0.00
8856,50093,0.00
8857,51172,0.00
8858,66970,0.00
8859,52229,0.00
8860,48862,0.00
8861,69867,0.00
8862,58264,0.00
8863,69238,0.00
8864,59910,0.00
8865,58738,0.00
8866,57007,0.00
8867,58764,0.00
8868,62049,0.00
8869,55912,0.00
8870,57299,0.00
8871,53938,0.00
8872,53280,0.00
8873,51661,0.00
8874,54601,0.00
8875,51708,0.00
8876,48374,0.00
8877,46893,0.00
8878,47917,0.00
8879,59532,0.00
8880,50147,0.00
8881,49251,0.00
8882,47839,0.00
8883,49176,0.00
8884,47996,0.00
8885,45475,0.00
8886,50369,0.00
8887,49645,0.00
8888,51835,0.00
8889,66713,0.00
8890,52297,0.00
8891,51695,0.00
8892,51800,0.00
8893,47473,0.00
8894,53478,0.00
8895,44782,0.00
8896,48878,0.00
8897,45756,0.00
8898,47517,0.00
8899,45443,0.00
8900,45683,0.00
8901,52938,0.00
8902,50825,0.00
8903,46220,0.00
8904,44914,0.00
8905,43819,0.00
8906,42348,0.00
8907,60612,0.00
8908,44652,0.00
8909,43711,0.00
8910,52828,0.00
8911,49066,0.00
8912,48666,0.00
8913,53177,0.00
8914,50260,0.00
8915,51752,0.00
8916,52501,0.00
8917,64518,0.00
8918,49843,0.00
8919,50802,0.00
8920,57159,0.00
8921,47136,0.00
8922,49596,0.00
8923,46853,0.00
8924,52915,0.00
8925,54869,0.00
8926,51729,0.00
8927,60069,0.00
8928,55046,0.00
8929,58101,0.00
8930,52112,0.00
8931,49525,0.00
8932,50659,0.00
8933,51556,0.00
8934,51423,0.00
8935,51162,0.00
8936,52540,0.00
8937,69438,0.00
8938,49808,0.00
8939,44127,0.00
8940,52962,0.00
8941,52928,0.00
8942,51223,0.00
8943,58308,0.00
8944,50953,0.00
8945,55531,0.00
8946,56029,0.00
8947,52526,0.00
8948,53215,0.00
8949,51532,0.00
8950,49766,0.00
8951,65307,0.00
8952,62372,0.00
8953,54806,0.00
8954,67477,0.00
8955,51953,0.00
8956,56100,0.00
8957,54466,0.00
8958,56893,0.00
8959,54541,0.00
8960,54425,0.00
8961,68040,0.00
8962,51686,0.00
8963,63146,0.00
8964,58004,0.00
8965,51753,0.00
8966,48592,0.00
8967,47462,0.00
8968,46455,0.00
8969,54388,0.00
8970,48270,0.00
8971,48111,0.00
8972,46560,0.00
8973,60428,0.00
8974,52512,0.00
8975,55454,0.00
8976,51712,0.00
8977,51389,0.00
8978,49853,0.00
8979,50290,0.00
8980,46159,0.00
8981,46335,0.00
8982,47811,0.00
8983,49295,0.00
8984,48167,0.00
8985,47586,0.00
8986,49313,0.00
8987,45148,0.00
8988,47970,0.00
8989,51360,0.00
8990,43876,0.00
8991,47431,0.00
8992,45989,0.00
8993,58916,0.00
8994,46120,0.00
8995,49345,0.00
8996,48878,0.00
8997,49256,0.00
8998,38665,0.00
8999,43615,0.00
9000,66182,0.00
9001,45326,0.00
9002,42768,0.00
9003,43429,0.00
9004,43976,0.00
9005,43918,0.00
9006,41713,0.00
9007,43817,0.00
9008,45787,0.00
9009,52440,0.00
9010,50425,0.00
9011,53468,0.00
9012,50808,0.00
9013,48429,0.00
9014,55990,0.00
9015,45212,0.00
9016,49340,0.00
9017,50575,0.00
9018,53313,0.00
9019,56510,0.00
9020,53869,0.00
9021,57520,0.00
9022,58130,0.00
9023,58321,0.00
9024,58858,0.00
9025,59218,0.00
9026,51801,0.00
9027,57368,0.00
9028,60617,0.00
9029,58685,0.00
9030,51348,0.00
9031,52181,0.00
9032,57951,0.00
9033,54824,0.00
9034,55082,0.00
9035,49957,0.00
9036,56233,0.00
9037,54347,0.00
9038,49191,0.00
9039,47075,0.00
9040,45181,0.00
9041,45914,0.00
9042,45058,0.00
9043,51032,0.00
9044,58995,0.00
9045,55191,0.00
9046,51487,0.00
9047,41050,0.00
9048,37383,0.00
9049,47485,0.00
9050,56277,0.00
9051,44085,0.00
9052,45612,0.00
9053,44310,0.00
9054,45604,0.00
9055,44331,0.00
9056,44853,0.00
9057,63578,0.00
9058,49322,0.00
9059,50217,0.00
9060,47119,0.00
9061,50582,0.00
9062,48985,0.00
9063,54163,0.00
9064,39924,0.00
9065,54073,0.00
9066,49101,0.00
9067,46817,0.00
9068,45413,0.00
9069,47467,0.00
9070,52930,0.00
9071,47717,0.00
9072,45772,0.00
9073,45801,0.00
9074,55990,0.00
9075,51093,0.00
9076,50744,0.00
9077,52757,0.00
9078,50383,0.00
9079,45862,0.00
9080,45907,0.00
9081,49161,0.00
9082,50743,0.00
9083,45720,0.00
9084,48665,0.00
9085,51518,0.00
9086,52943,0.00
9087,51810,0.00
9088,57313,0.00
9089,50114,0.00
9090,49742,0.00
9091,51882,0.00
9092,58352,0.00
9093,48494,0.00
9094,62369,0.00
9095,52042,0.00
9096,49893,0.00
9097,50682,0.00
9098,47004,0.00
9099,48400,0.00
9100,51343,0.00
9101,51927,0.00
9102,50419,0.00
9103,49197,0.00
9104,53491,0.00
9105,51555,0.00
9106,54259,0.00
9107,51760,0.00
9108,52332,0.00
9109,55953,0.00
9110,51952,0.00
9111,62843,0.00
9112,54173,0.00
9113,54304,0.00
9114,69768,0.00
9115,57360,0.00
9116,58559,0.00
9117,56868,0.00
9118,56520,0.00
9119,53660,0.00
9120,57474,0.00
9121,54262,0.00
9122,51933,0.00
9123,57584,0.00
9124,53669,0.00
9125,64170,0.00
9126,64194,0.00
9127,49520,0.00
9128,44410,0.00
9129,49214,0.00
9130,48646,0.00
9131,46467,0.00
9132,49422,0.00
9133,57378,0.00
9134,61804,0.00
9135,58258,0.00
9136,53032,0.00
9137,60906,0.00
9138,55674,0.00
9139,50704,0.00
9140,49343,0.00
9141,51367,0.00
9142,54689,0.00
9143,52740,0.00
9144,51352,0.00
9145,66305,0.00
9146,48073,0.00
9147,48662,0.00
9148,49166,0.00
9149,51495,0.00
9150,59183,0.00
9151,50770,0.00
9152,49578,0.00
9153,53677,0.00
9154,52748,0.00
9155,54218,0.00
9156,56224,0.00
9157,53659,0.00
9158,51453,0.00
9159,46861,0.00
9160,52548,0.00
9161,68183,0.00
9162,55257,0.00
9163,52792,0.00
9164,48789,0.00
9165,49609,0.00
9166,56584,0.00
9167,54064,0.00
9168,66065,0.00
9169,55949,0.00
9170,49825,0.00
9171,49480,0.00
9172,50412,0.00
9173,49445,0.00
9174,51341,0.00
9175,54485,0.00
9176,49984,0.00
9177,54799,0.00
9178,63221,0.00
9179,52151,0.00
9180,55151,0.00
9181,59749,0.00
9182,58436,0.00
9183,55045,0.00
9184,51801,0.00
9185,57942,0.00
9186,51102,0.00
9187,52694,0.00
9188,56717,0.00
9189,63746,0.00
9190,52857,0.00
9191,53305,0.00
9192,52809,0.00
9193,58176,0.00
9194,58624,0.00
9195,57352,0.00
9196,57170,0.00
9197,53857,0.00
9198,50368,0.00
9199,48251,0.00
9200,48109,0.00
9201,56281,0.00
9202,53170,0.00
9203,49208,0.00
9204,50180,0.00
9205,51519,0.00
9206,54046,0.00
9207,50439,0.00
9208,58793,0.00
9209,55872,0.00
9210,56369,0.00
9211,53373,0.00
9212,54732,0.00
9213,62469,0.00
9214,52413,0.00
9215,50734,0.00
9216,49662,0.00
9217,60712,0.00
9218,54916,0.00
9219,67958,0.00
9220,55749,0.00
9221,63761,0.00
9222,59716,0.00
9223,59679,0.00
9224,59483,0.00
9225,60130,0.00
9226,55740,0.00
9227,55134,0.00
9228,50488,0.00
9229,66550,0.00
9230,53106,0.00
9231,56153,0.00
9232,52405,0.00
9233,56652,0.00
9234,55401,0.00
9235,49293,0.00
9236,47069,0.00
9237,43500,0.00
9238,41819,0.00
9239,38506,0.00
9240,39988,0.00
9241,51793,0.00
9242,52180,0.00
9243,55212,0.00
9244,58443,0.00
9245,55102,0.00
9246,60163,0.00
9247,56907,0.00
9248,53048,0.00
9249,53471,0.00
9250,53585,0.00
9251,48136,0.00
9252,51929,0.00
9253,63567,0.00
9254,52466,0.00
9255,54599,0.00
9256,51297,0.00
9257,54423,0.00
9258,52505,0.00
9259,49780,0.00
9260,52417,0.00
9261,50439,0.00
9262,51383,0.00
9263,49513,0.00
9264,48497,0.00
9265,49401,0.00
9266,49592,0.00
9267,53316,0.00
9268,53225,0.00
9269,55413,0.00
9270,62569,0.00
9271,45503,0.00
9272,47751,0.00
9273,47317,0.00
9274,48223,0.00
9275,53854,0.00
9276,54315,0.00
9277,47078,0.00
9278,50849,0.00
9279,59814,0.00
9280,50869,0.00
9281,68642,0.00
9282,62742,0.00
9283,52864,0.00
9284,52796,0.00
9285,51615,0.00
9286,54598,0.00
9287,52413,0.00
9288,52661,0.00
9289,54332,0.00
9290,47195,0.00
9291,49592,0.00
9292,53739,0.00
9293,66806,0.00
9294,50753,0.00
9295,52581,0.00
9296,54349,0.00
9297,55020,0.00
9298,53845,0.00
9299,56520,0.00
9300,56111,0.00
9301,55346,0.00
9302,53518,0.00
9303,53817,0.00
9304,58653,0.00
9305,49204,0.00
9306,48131,0.00
9307,50831,0.00
9308,58065,0.00
9309,51695,0.00
9310,50355,0.00
9311,49044,0.00
9312,48440,0.00
9313,52920,0.00
9314,52497,0.00
9315,53666,0.00
9316,53307,0.00
9317,66332,0.00
9318,55787,0.00
9319,54202,0.00
9320,52623,0.00
9321,53322,0.00
9322,56022,0.00
9323,55988,0.00
9324,53317,0.00
9325,60848,0.00
9326,43341,0.00
9327,39405,0.00
9328,43419,0.00
9329,43496,0.00
9330,42452,0.00
9331,41896,0.00
9332,45189,0.00
9333,45749,0.00
9334,43470,0.00
9335,42572,0.00
9336,44743,0.00
9337,43495,0.00
9338,44279,0.00
9339,41157,0.00
9340,48221,0.00
9341,45800,0.00
9342,44250,0.00
9343,44278,0.00
9344,43779,0.00
9345,46909,0.00
9346,45323,0.00
9347,44449,0.00
9348,51744,0.00
9349,50241,0.00
9350,51248,0.00
9351,51886,0.00
9352,48493,0.00
9353,49102,0.00
9354,50819,0.00
9355,49978,0.00
9356,53550,0.00
9357,50626,0.00
9358,68973,0.00
9359,55153,0.00
9360,50852,0.00
9361,55621,0.00
9362,63820,0.00
9363,55477,0.00
9364,53455,0.00
9365,52343,0.00
9366,50101,0.00
9367,50707,0.00
9368,45790,0.00
9369,52423,0.00
9370,49883,0.00
9371,40138,0.00
9372,38296,0.00
9373,55657,0.00
9374,46260,0.00
9375,44678,0.00
9376,57079,0.00
9377,43542,0.00
9378,50171,0.00
9379,52971,0.00
9380,62093,0.00
9381,52798,0.00
9382,45066,0.00
9383,47630,0.00
9384,42281,0.00
9385,46631,0.00
9386,51584,0.00
9387,53827,0.00
9388,55548,0.00
9389,56367,0.00
9390,60503,0.00
9391,60264,0.00
9392,58373,0.00
9393,55717,0.00
9394,56248,0.00
9395,53469,0.00
9396,53712,0.00
9397,63061,0.00
9398,53245,0.00
9399,52943,0.00
9400,54141,0.00
9401,56806,0.00
9402,54853,0.00
9403,48201,0.00
9404,47923,0.00
9405,51541,0.00
9406,45637,0.00
9407,45934,0.00
9408,53111,0.00
9409,61126,0.00
9410,59778,0.00
9411,61557,0.00
9412,56616,0.00
9413,58407,0.00
9414,59321,0.00
9415,59706,0.00
9416,56807,0.00
9417,56597,0.00
9418,57499,0.00
9419,53739,0.00
9420,48849,0.00
9421,52033,0.00
9422,50461,0.00
9423,49821,0.00
9424,53873,0.00
9425,53881,0.00
9426,54396,0.00
9427,67461,0.00
9428,62557,0.00
9429,56219,0.00
9430,51332,0.00
9431,54806,0.00
9432,53902,0.00
9433,59013,0.00
9434,52650,0.00
9435,43337,0.00
9436,50298,0.00
9437,40923,0.00
9438,50329,0.00
9439,48563,0.00
9440,48245,0.00
9441,54655,0.00
9442,60833,0.00
9443,50183,0.00
9444,55193,0.00
9445,55091,0.00
9446,52570,0.00
9447,43728,0.00
9448,48590,0.00
9449,47770,0.00
9450,49498,0.00
9451,49986,0.00
9452,45848,0.00
9453,47710,0.00
9454,49038,0.00
9455,48364,0.00
9456,48321,0.00
9457,45927,0.00
9458,47956,0.00
9459,46566,0.00
9460,47415,0.00
9461,50981,0.00
9462,50511,0.00
9463,50081,0.00
9464,49801,0.00
9465,51419,0.00
9466,46473,0.00
9467,55900,0.00
9468,53565,0.00
9469,55174,0.00
9470,46754,0.00
9471,45423,0.00
9472,50408,0.00
9473,53171,0.00
9474,57610,0.00
9475,49803,0.00
9476,51167,0.00
9477,50078,0.00
9478,58258,0.00
9479,51886,0.00
9480,51415,0.00
9481,48206,0.00
9482,44760,0.00
9483,52283,0.00
9484,48752,0.00
9485,50250,0.00
9486,50109,0.00
9487,46334,0.00
9488,48160,0.00
9489,66100,0.00
9490,58186,0.00
9491,56862,0.00
9492,57659,0.00
9493,55611,0.00
9494,58158,0.00
9495,53886,0.00
9496,50035,0.00
9497,50498,0.00
9498,51695,0.00
9499,48033,0.00
9500,45184,0.00
9501,50126,0.00
9502,46526,0.00
9503,48320,0.00
9504,47868,0.00
9505,45927,0.00
9506,46078,0.00
9507,42361,0.00
9508,42798,0.00
9509,59997,0.00
9510,63676,0.00
9511,49387,0.00
9512,42781,0.00
9513,66952,0.00
9514,59518,0.00
9515,61559,0.00
9516,59962,0.00
9517,56497,0.00
9518,59120,0.00
9519,57127,0.00
9520,59165,0.00
9521,71465,0.00
9522,53210,0.00
9523,56695,0.00
9524,52272,0.00
9525,55474,0.00
9526,55397,0.00
9527,54178,0.00
9528,53860,0.00
9529,52443,0.00
9530,54237,0.00
9531,49196,0.00
9532,44058,0.00
9533,42364,0.00
9534,47821,0.00
9535,49748,0.00
9536,48463,0.00
9537,57380,0.00
9538,50053,0.00
9539,53840,0.00
9540,55060,0.00
9541,57410,0.00
9542,54202,0.00
9543,63344,0.00
9544,59915,0.00
9545,55909,0.00
9546,51387,0.00
9547,52476,0.00
9548,50158,0.00
9549,52090,0.00
9550,63158,0.00
9551,54543,0.00
9552,51992,0.00
9553,52833,0.00
9554,55666,0.00
9555,56041,0.00
9556,53063,0.00
9557,49475,0.00
9558,48372,0.00
9559,50638,0.00
9560,52470,0.00
9561,59441,0.00
9562,53787,0.00
9563,56958,0.00
9564,52327,0.00
9565,57222,0.00
9566,46976,0.00
9567,48995,0.00
9568,43832,0.00
9569,46907,0.00
9570,50437,0.00
9571,50992,0.00
9572,54360,0.00
9573,50581,0.00
9574,54815,0.00
9575,50468,0.00
9576,45568,0.00
9577,49952,0.00
9578,52788,0.00
9579,51881,0.00
9580,62275,0.00
9581,58298,0.00
9582,54849,0.00
9583,64397,0.00
9584,53610,0.00
9585,51072,0.00
9586,55394,0.00
9587,49225,0.00
9588,48653,0.00
9589,49029,0.00
9590,49320,0.00
9591,52353,0.00
9592,49981,0.00
9593,50836,0.00
9594,67549,0.00
9595,71993,0.00
9596,58084,0.00
9597,66073,0.00
9598,53532,0.00
9599,55770,0.00
9600,54575,0.00
9601,55957,0.00
9602,58326,0.00
9603,62965,0.00
9604,64932,0.00
9605,62125,0.00
9606,57909,0.00
9607,47486,0.00
9608,56168,0.00
9609,62527,0.00
9610,51176,0.00
9611,53093,0.00
9612,52889,0.00
9613,50827,0.00
9614,58072,0.00
9615,50744,0.00
9616,50067,0.00
9617,55138,0.00
9618,49268,0.00
9619,51777,0.00
9620,51142,0.00
9621,48120,0.00
9622,46494,0.00
9623,48197,0.00
9624,47189,0.00
9625,42320,0.00
9626,43617,0.00
9627,44792,0.00
9628,43667,0.00
9629,49658,0.00
9630,44768,0.00
9631,39383,0.00
9632,36404,0.00
9633,37965,0.00
9634,37069,0.00
9635,46216,0.00
9636,42479,0.00
9637,43025,0.00
9638,46169,0.00
9639,41021,0.00
9640,51092,0.00
9641,50467,0.00
9642,44734,0.00
9643,44126,0.00
9644,44301,0.00
9645,44795,0.00
9646,51065,0.00
9647,51703,0.00
9648,48210,0.00
9649,51975,0.00
9650,52471,0.00
9651,50627,0.00
9652,44583,0.00
9653,40713,0.00
9654,44548,0.00
9655,44726,0.00
9656,45164,0.00
9657,45257,0.00
9658,43162,0.00
9659,45737,0.00
9660,45374,0.00
9661,45800,0.00
9662,43236,0.00
9663,43669,0.00
9664,40979,0.00
9665,47166,0.00
9666,45207,0.00
9667,44215,0.00
9668,39078,0.00
9669,46928,0.00
9670,44705,0.00
9671,52798,0.00
9672,57273,0.00
9673,52679,0.00
9674,52797,0.00
9675,46587,0.00
9676,62284,0.00
9677,49606,0.00
9678,45617,0.00
9679,52630,0.00
9680,49089,0.00
9681,51695,0.00
9682,54993,0.00
9683,66218,0.00
9684,55853,0.00
9685,64887,0.00
9686,45448,0.00
9687,42089,0.00
9688,39406,0.00
9689,48283,0.00
9690,42853,0.00
9691,54986,0.00
9692,39588,0.00
9693,47258,0.00
9694,56916,0.00
9695,46597,0.00
9696,44340,0.00
9697,46189,0.00
9698,44959,0.00
9699,41241,0.00
9700,40753,0.00
9701,45924,0.00
9702,45998,0.00
9703,42761,0.00
9704,47281,0.00
9705,44476,0.00
9706,40123,0.00
9707,38472,0.00
9708,44035,0.00
9709,44836,0.00
9710,42816,0.00
9711,46137,0.00
9712,40913,0.00
9713,43991,0.00
9714,45317,0.00
9715,42639,0.00
9716,46376,0.00
9717,47864,0.00
9718,50506,0.00
9719,46728,0.00
9720,49695,0.00
9721,50209,0.00
9722,45561,0.00
9723,44098,0.00
9724,45123,0.00
9725,44391,0.00
9726,47530,0.00
9727,59751,0.00
9728,58071,0.00
9729,49208,0.00
9730,47100,0.00
9731,44223,0.00
9732,47649,0.00
9733,47227,0.00
9734,47968,0.00
9735,44004,0.00
9736,43872,0.00
9737,47480,0.00
9738,45383,0.00
9739,39963,0.00
9740,43448,0.00
9741,44048,0.00
9742,51077,0.00
9743,49443,0.00
9744,49187,0.00
9745,51065,0.00
9746,50507,0.00
9747,46037,0.00
9748,48538,0.00
9749,49235,0.00
9750,35599,0.00
9751,39008,0.00
9752,44438,0.00
9753,49054,0.00
9754,50864,0.00
9755,47502,0.00
9756,47894,0.00
9757,49700,0.00
9758,47869,0.00
9759,44970,0.00
9760,47638,0.00
9761,53588,0.00
9762,46820,0.00
9763,50393,0.00
9764,49768,0.00
9765,49014,0.00
9766,57201,0.00
9767,45307,0.00
9768,46860,0.00
9769,52217,0.00
9770,50461,0.00
9771,56572,0.00
9772,51809,0.00
9773,53883,0.00
9774,59476,0.00
9775,47816,0.00
9776,46364,0.00
9777,42547,0.00
9778,38970,0.00
9779,38248,0.00
9780,46090,0.00
9781,48105,0.00
9782,47051,0.00
9783,52831,0.00
9784,64283,0.00
9785,52708,0.00
9786,47403,0.00
9787,45381,0.00
9788,41280,0.00
9789,41397,0.00
9790,42899,0.00
9791,46610,0.00
9792,44367,0.00
9793,47718,0.00
9794,45082,0.00
9795,58591,0.00
9796,52017,0.00
9797,50747,0.00
9798,58375,0.00
9799,44655,0.00
9800,44761,0.00
9801,50817,0.00
9802,49990,0.00
9803,47814,0.00
9804,51588,0.00
9805,48939,0.00
9806,45625,0.00
9807,55349,0.00
9808,56924,0.00
9809,70476,0.00
9810,54287,0.00
9811,56856,0.00
9812,55158,0.00
9813,57155,0.00
9814,63180,0.00
9815,55624,0.00
9816,71576,0.00
9817,57339,0.00
9818,68638,0.00
9819,67061,0.00
9820,53525,0.00
9821,59452,0.00
9822,56318,0.00
9823,56327,0.00
9824,52591,0.00
9825,52007,0.00
9826,51831,0.00
9827,53208,0.00
9828,51140,0.00
9829,50148,0.00
9830,49578,0.00
9831,53273,0.00
9832,62165,0.00
9833,55178,0.00
9834,53324,0.00
9835,57550,0.00
9836,53689,0.00
9837,56869,0.00
9838,57428,0.00
9839,50454,0.00
9840,48457,0.00
9841,63335,0.00
9842,54943,0.00
9843,60497,0.00
9844,52817,0.00
9845,64484,0.00
9846,53693,0.00
9847,71754,0.00
9848,60683,0.00
9849,57369,0.00
9850,55192,0.00
9851,61125,0.00
9852,55759,0.00
9853,54567,0.00
9854,58407,0.00
9855,55347,0.00
9856,61190,0.00
9857,64477,0.00
9858,55184,0.00
9859,59247,0.00
9860,50292,0.00
9861,61501,0.00
9862,65539,0.00
9863,59441,0.00
9864,66310,0.00
9865,52684,0.00
9866,40729,0.00
9867,39817,0.00
9868,47835,0.00
9869,54918,0.00
9870,49912,0.00
9871,51801,0.00
9872,63277,0.00
9873,57048,0.00
9874,51161,0.00
9875,50297,0.00
9876,53862,0.00
9877,55805,0.00
9878,57412,0.00
9879,51727,0.00
9880,50206,0.00
9881,51774,0.00
9882,49551,0.00
9883,51248,0.00
9884,52585,0.00
9885,48889,0.00
9886,53388,0.00
9887,49604,0.00
9888,56637,0.00
9889,56652,0.00
9890,66835,0.00
9891,53875,0.00
9892,49117,0.00
9893,50285,0.00
9894,66073,0.00
9895,55767,0.00
9896,65692,0.00
9897,55014,0.00
9898,51939,0.00
9899,56048,0.00
9900,59637,0.00
9901,54476,0.00
9902,58207,0.00
9903,53420,0.00
9904,63725,0.00
9905,56090,0.00
9906,51154,0.00
9907,53705,0.00
9908,48235,0.00
9909,47348,0.00
9910,46185,0.00
9911,45926,0.00
9912,56224,0.00
9913,66263,0.00
9914,56417,0.00
9915,69295,0.00
9916,54997,0.00
9917,52478,0.00
9918,46552,0.00
9919,41523,0.00
9920,45442,0.00
9921,57774,0.00
9922,53799,0.00
9923,57715,0.00
9924,53537,0.00
9925,57400,0.00
9926,53307,0.00
9927,49203,0.00
9928,48529,0.00
9929,47981,0.00
9930,46219,0.00
9931,45532,0.00
9932,48871,0.00
9933,49005,0.00
9934,48403,0.00
9935,51236,0.00
9936,52767,0.00
9937,53247,0.00
9938,54134,0.00
9939,50313,0.00
9940,51602,0.00
9941,51947,0.00
9942,48571,0.00
9943,61254,0.00
9944,50399,0.00
9945,55355,0.00
9946,56759,0.00
9947,51256,0.00
9948,49383,0.00
9949,58202,0.00
9950,52855,0.00
9951,53577,0.00
9952,55655,0.00
9953,63091,0.00
9954,56330,0.00
9955,54260,0.00
9956,56823,0.00
9957,67531,0.00
9958,53442,0.00
9959,54962,0.00
9960,53964,0.00
9961,55874,0.00
9962,56844,0.00
9963,58086,0.00
9964,58373,0.00
9965,63250,0.00
9966,59071,0.00
9967,51985,0.00
9968,53472,0.00
9969,67258,0.00
9970,54273,0.00
9971,58273,0.00
9972,53476,0.00
9973,50440,0.00
9974,49586,0.00
9975,52670,0.00
9976,57324,0.00
9977,58517,0.00
9978,55413,0.00
9979,51805,0.00
9980,58456,0.00
9981,58962,0.00
9982,53282,0.00
9983,52183,0.00
9984,56455,0.00
9985,58286,0.00
9986,59714,0.00
9987,63866,0.00
9988,69915,0.00
9989,63626,0.00
9990,54928,0.00
9991,64625,0.00
9992,61273,0.00
9993,66194,0.00
9994,57557,0.00
9995,56472,0.00
9996,54483,0.00
9997,52444,0.00
9998,51340,0.00
9999,49576,0.00
10000,77867,0.00
10001,62346,0.00
10002,51143,0.00
10003,46546,0.00
10004,47790,0.00
10005,48625,0.00
10006,51441,0.00
10007,47222,0.00
10008,51037,0.00
10009,51286,0.00
10010,59956,0.00
10011,51024,0.00
10012,62494,0.00
10013,47218,0.00
10014,47907,0.00
10015,50599,0.00
10016,58814,0.00
10017,51894,0.00
10018,60723,0.00
10019,67860,0.00
10020,65578,0.00
10021,61904,0.00
10022,54774,0.00
10023,62904,0.00
10024,55708,0.00
10025,61293,0.00
10026,61077,0.00
10027,57793,0.00
10028,68557,0.00
10029,56237,0.00
10030,53411,0.00
10031,52454,0.00
10032,47102,0.00
10033,51699,0.00
10034,48834,0.00
10035,45401,0.00
10036,47583,0.00
10037,64880,0.00
10038,49645,0.00
10039,47609,0.00
10040,51174,0.00
10041,61044,0.00
10042,46608,0.00
10043,51084,0.00
10044,51869,0.00
10045,46537,0.00
10046,47109,0.00
10047,59789,0.00
10048,49596,0.00
10049,50952,0.00
10050,46687,0.00
10051,53349,0.00
10052,51702,0.00
10053,62038,0.00
10054,51939,0.00
10055,62086,0.00
10056,55949,0.00
10057,56180,0.00
10058,65376,0.00
10059,54736,0.00
10060,52181,0.00
10061,54426,0.00
10062,58981,0.00
10063,57206,0.00
10064,51937,0.00
10065,52760,0.00
10066,57816,0.00
10067,57234,0.00
10068,47323,0.00
10069,49038,0.00
10070,48336,0.00
10071,49568,0.00
10072,65123,0.00
10073,49199,0.00
10074,49976,0.00
10075,52433,0.00
10076,49228,0.00
10077,57695,0.00
10078,63185,0.00
10079,60470,0.00
10080,52641,0.00
10081,60537,0.00
10082,56251,0.00
10083,54904,0.00
10084,69157,0.00
10085,54200,0.00
10086,49145,0.00
10087,51919,0.00
10088,49073,0.00
10089,49275,0.00
10090,57466,0.00
10091,55813,0.00
10092,50015,0.00
10093,58939,0.00
10094,48673,0.00
10095,53053,0.00
10096,54565,0.00
10097,53883,0.00
10098,56107,0.00
10099,54477,0.00
10100,52471,0.00
10101,52263,0.00
10102,51539,0.00
10103,52412,0.00
10104,46572,0.00
10105,46548,0.00
10106,45832,0.00
10107,43494,0.00
10108,47451,0.00
10109,47244,0.00
10110,48793,0.00
10111,52951,0.00
10112,51684,0.00
10113,60113,0.00
10114,47173,0.00
10115,56260,0.00
10116,48372,0.00
10117,57133,0.00
10118,54547,0.00
10119,48964,0.00
10120,52651,0.00
10121,60779,0.00
10122,50115,0.00
10123,49937,0.00
10124,53062,0.00
10125,51425,0.00
10126,46121,0.00
10127,55356,0.00
10128,49320,0.00
10129,55814,0.00
10130,56223,0.00
10131,52591,0.00
10132,51272,0.00
10133,54184,0.00
10134,48979,0.00
10135,48167,0.00
10136,54995,0.00
10137,42805,0.00
10138,46930,0.00
10139,50975,0.00
10140,47304,0.00
10141,44919,0.00
10142,42454,0.00
10143,47010,0.00
10144,42501,0.00
10145,45536,0.00
10146,47056,0.00
10147,47889,0.00
10148,47976,0.00
10149,46347,0.00
10150,48404,0.00
10151,49265,0.00
10152,51225,0.00
10153,50753,0.00
10154,56843,0.00
10155,49685,0.00
10156,48059,0.00
10157,80298,0.00
10158,52757,0.00
10159,53096,0.00
10160,42942,0.00
10161,55098,0.00
10162,48509,0.00
10163,51802,0.00
10164,58504,0.00
10165,55054,0.00
10166,53145,0.00
10167,48311,0.00
10168,52284,0.00
10169,60708,0.00
10170,39624,0.00
10171,35923,0.00
10172,37646,0.00
10173,40703,0.00
10174,51688,0.00
10175,50460,0.00
10176,60375,0.00
10177,58205,0.00
10178,66399,0.00
10179,65022,0.00
10180,51585,0.00
10181,50336,0.00
10182,50898,0.00
10183,48197,0.00
10184,60763,0.00
10185,54132,0.00
10186,54691,0.00
10187,57045,0.00
10188,54365,0.00
10189,52107,0.00
10190,55441,0.00
10191,55162,0.00
10192,54194,0.00
10193,59531,0.00
10194,60075,0.00
10195,66289,0.00
10196,57586,0.00
10197,70109,0.00
10198,58181,0.00
10199,60376,0.00
10200,61149,0.00
10201,59926,0.00
10202,62668,0.00
10203,57401,0.00
10204,68572,0.00
10205,61408,0.00
10206,70258,0.00
10207,69853,0.00
10208,60898,0.00
10209,61452,0.00
10210,62591,0.00
10211,55313,0.00
10212,61460,0.00
10213,56447,0.00
10214,56389,0.00
10215,60981,0.00
10216,57220,0.00
10217,56213,0.00
10218,57117,0.00
10219,55281,0.00
10220,51095,0.00
10221,65401,0.00
10222,50193,0.00
10223,45729,0.00
10224,44589,0.00
10225,49440,0.00
10226,51689,0.00
10227,50722,0.00
10228,55299,0.00
10229,54143,0.00
10230,42361,0.00
10231,49103,0.00
10232,46323,0.00
10233,47607,0.00
10234,45169,0.00
10235,41961,0.00
10236,44442,0.00
10237,49040,0.00
10238,56529,0.00
10239,55362,0.00
10240,53911,0.00
10241,56381,0.00
10242,54716,0.00
10243,54277,0.00
10244,66934,0.00
10245,53811,0.00
10246,58577,0.00
10247,60002,0.00
10248,56600,0.00
10249,65265,0.00
10250,54047,0.00
10251,49929,0.00
10252,47899,0.00
10253,48308,0.00
10254,48752,0.00
10255,59645,0.00
10256,48066,0.00
10257,70104,0.00
10258,49566,0.00
10259,51181,0.00
10260,56334,0.00
10261,50695,0.00
10262,52765,0.00
10263,55392,0.00
10264,50673,0.00
10265,47450,0.00
10266,46882,0.00
10267,64905,0.00
10268,60181,0.00
10269,59067,0.00
10270,69487,0.00
10271,54633,0.00
10272,55196,0.00
10273,56641,0.00
10274,53757,0.00
10275,54577,0.00
10276,49299,0.00
10277,50021,0.00
10278,57633,0.00
10279,51989,0.00
10280,51513,0.00
10281,48814,0.00
10282,49872,0.00
10283,50039,0.00
10284,57888,0.00
10285,50705,0.00
10286,45059,0.00
10287,53185,0.00
10288,46935,0.00
10289,48296,0.00
10290,50069,0.00
10291,51098,0.00
10292,51284,0.00
10293,56010,0.00
10294,50354,0.00
10295,54314,0.00
10296,49154,0.00
10297,53861,0.00
10298,51523,0.00
10299,57685,0.00
10300,51430,0.00
10301,52112,0.00
10302,67406,0.00
10303,57173,0.00
10304,58683,0.00
10305,55076,0.00
10306,57083,0.00
10307,54987,0.00
10308,58667,0.00
10309,55209,0.00
10310,59119,0.00
10311,57665,0.00
10312,58561,0.00
10313,52985,0.00
10314,52781,0.00
10315,56240,0.00
10316,54024,0.00
10317,50976,0.00
10318,50554,0.00
10319,56540,0.00
10320,56713,0.00
10321,66433,0.00
10322,55854,0.00
10323,59579,0.00
10324,53935,0.00
10325,58426,0.00
10326,54734,0.00
10327,54270,0.00
10328,52401,0.00
10329,58231,0.00
10330,57087,0.00
10331,51380,0.00
10332,57544,0.00
10333,51881,0.00
10334,55854,0.00
10335,64886,0.00
10336,52553,0.00
10337,53530,0.00
10338,56824,0.00
10339,57034,0.00
10340,57859,0.00
10341,65579,0.00
10342,55284,0.00
10343,55195,0.00
10344,55944,0.00
10345,68724,0.00
10346,53544,0.00
10347,53471,0.00
10348,52407,0.00
10349,53614,0.00
10350,56181,0.00
10351,55938,0.00
10352,55481,0.00
10353,59884,0.00
10354,58984,0.00
10355,58113,0.00
10356,66942,0.00
10357,59870,0.00
10358,69312,0.00
10359,61644,0.00
10360,55203,0.00
10361,58610,0.00
10362,52148,0.00
10363,52478,0.00
10364,51466,0.00
10365,51936,0.00
10366,48895,0.00
10367,71806,0.00
10368,54932,0.00
10369,64538,0.00
10370,55981,0.00
10371,58646,0.00
10372,60225,0.00
10373,68582,0.00
10374,56155,0.00
10375,61598,0.00
10376,55190,0.00
10377,63670,0.00
10378,53760,0.00
10379,53694,0.00
10380,66701,0.00
10381,58960,0.00
10382,57394,0.00
10383,55702,0.00
10384,53752,0.00
10385,50656,0.00
10386,61954,0.00
10387,72238,0.00
10388,58004,0.00
10389,64364,0.00
10390,58262,0.00
10391,78249,0.00
10392,70942,0.00
10393,58379,0.00
10394,61462,0.00
10395,59585,0.00
10396,62758,0.00
10397,63895,0.00
10398,60496,0.00
10399,58829,0.00
10400,59505,0.00
10401,65908,0.00
10402,57475,0.00
10403,60540,0.00
10404,58821,0.00
10405,73439,0.00
10406,78351,0.00
10407,54030,0.00
10408,67337,0.00
10409,61102,0.00
10410,60321,0.00
10411,73950,0.00
10412,61077,0.00
10413,66416,0.00
10414,63121,0.00
10415,58610,0.00
10416,57027,0.00
10417,55833,0.00
10418,51437,0.00
10419,48923,0.00
10420,51433,0.00
10421,53906,0.00
10422,55639,0.00
10423,50642,0.00
10424,50758,0.00
10425,56022,0.00
10426,48674,0.00
10427,52592,0.00
10428,60954,0.00
10429,65658,0.00
10430,52145,0.00
10431,52442,0.00
10432,48567,0.00
10433,50000,0.00
10434,50314,0.00
10435,46456,0.00
10436,46145,0.00
10437,45373,0.00
10438,51365,0.00
10439,44238,0.00
10440,56238,0.00
10441,63807,0.00
10442,56782,0.00
10443,55342,0.00
10444,58346,0.00
10445,55226,0.00
10446,49626,0.00
10447,57118,0.00
10448,54152,0.00
10449,53267,0.00
10450,54439,0.00
10451,67712,0.00
10452,51397,0.00
10453,45703,0.00
10454,46619,0.00
10455,53456,0.00
10456,49998,0.00
10457,53821,0.00
10458,52763,0.00
10459,58075,0.00
10460,57323,0.00
10461,53048,0.00
10462,50556,0.00
10463,64909,0.00
10464,55079,0.00
10465,57878,0.00
10466,55173,0.00
10467,55823,0.00
10468,56835,0.00
10469,52709,0.00
10470,50325,0.00
10471,50350,0.00
10472,61138,0.00
10473,52856,0.00
10474,54267,0.00
10475,48948,0.00
10476,60528,0.00
10477,56288,0.00
10478,54584,0.00
10479,49078,0.00
10480,65392,0.00
10481,60042,0.00
10482,54207,0.00
10483,56857,0.00
10484,56167,0.00
10485,55604,0.00
10486,59872,0.00
10487,48801,0.00
10488,53565,0.00
10489,59761,0.00
10490,56252,0.00
10491,55991,0.00
10492,140562,0.00
10493,57126,0.00
10494,63362,0.00
10495,61257,0.00
10496,56123,0.00
10497,65494,0.00
10498,59454,0.00
10499,61907,0.00
10500,56515,0.00
10501,59154,0.00
10502,61098,0.00
10503,57581,0.00
10504,71893,0.00
10505,58832,0.00
10506,55026,0.00
10507,56163,0.00
10508,55711,0.00
10509,64253,0.00
10510,56740,0.00
10511,53047,0.00
10512,56213,0.00
10513,60233,0.00
10514,56001,0.00
10515,59202,0.00
10516,59976,0.00
10517,58083,0.00
10518,65993,0.00
10519,55981,0.00
10520,52719,0.00
10521,58997,0.00
10522,69223,0.00
10523,53002,0.00
10524,64413,0.00
10525,50730,0.00
10526,58738,0.00
10527,56145,0.00
10528,54604,0.00
10529,68039,0.00
10530,55808,0.00
10531,55594,0.00
10532,56245,0.00
10533,57943,0.00
10534,56824,0.00
10535,54052,0.00
10536,72369,0.00
10537,62766,0.00
10538,59558,0.00
10539,61931,0.00
10540,56885,0.00
10541,61875,0.00
10542,57599,0.00
10543,53984,0.00
10544,56177,0.00
10545,65107,0.00
10546,61220,0.00
10547,61426,0.00
10548,59115,0.00
10549,59895,0.00
10550,58146,0.00
10551,57943,0.00
10552,56125,0.00
10553,61638,0.00
10554,57331,0.00
10555,55293,0.00
10556,63861,0.00
10557,59168,0.00
10558,58786,0.00
10559,56757,0.00
10560,58281,0.00
10561,82634,0.00
10562,53879,0.00
10563,57922,0.00
10564,65635,0.00
10565,57870,0.00
10566,56710,0.00
10567,55463,0.00
10568,54687,0.00
10569,63525,0.00
10570,50867,0.00
10571,46176,0.00
10572,42741,0.00
10573,55389,0.00
10574,48971,0.00
10575,48861,0.00
10576,62863,0.00
10577,56930,0.00
10578,51824,0.00
10579,57034,0.00
10580,58402,0.00
10581,55204,0.00
10582,50634,0.00
10583,56849,0.00
10584,54744,0.00
10585,63518,0.00
10586,54521,0.00
10587,55194,0.00
10588,51859,0.00
10589,57206,0.00
10590,58135,0.00
10591,67535,0.00
10592,52390,0.00
10593,53082,0.00
10594,59289,0.00
10595,58242,0.00
10596,56675,0.00
10597,53865,0.00
10598,61667,0.00
10599,50181,0.00
10600,48965,0.00
10601,52083,0.00
10602,48410,0.00
10603,49617,0.00
10604,57946,0.00
10605,51466,0.00
10606,52548,0.00
10607,51472,0.00
10608,58087,0.00
10609,55272,0.00
10610,55808,0.00
10611,61551,0.00
10612,60456,0.00
10613,58579,0.00
10614,53786,0.00
10615,64881,0.00
10616,60408,0.00
10617,58037,0.00
10618,57556,0.00
10619,60151,0.00
10620,55620,0.00
10621,55320,0.00
10622,53717,0.00
10623,53709,0.00
10624,55598,0.00
10625,56247,0.00
10626,55943,0.00
10627,55196,0.00
10628,55294,0.00
10629,56702,0.00
10630,70303,0.00
10631,60467,0.00
10632,54956,0.00
10633,59070,0.00
10634,57496,0.00
10635,69561,0.00
10636,50065,0.00
10637,50265,0.00
10638,54556,0.00
10639,62438,0.00
10640,52489,0.00
10641,57325,0.00
10642,61533,0.00
10643,59450,0.00
10644,59070,0.00
10645,57418,0.00
10646,60022,0.00
10647,64788,0.00
10648,71948,0.00
10649,56432,0.00
10650,54441,0.00
10651,53602,0.00
10652,55860,0.00
10653,61927,0.00
10654,60479,0.00
10655,52437,0.00
10656,52686,0.00
10657,52961,0.00
10658,51910,0.00
10659,51264,0.00
10660,49907,0.00
10661,59882,0.00
10662,58782,0.00
10663,56999,0.00
10664,59417,0.00
10665,66107,0.00
10666,52010,0.00
10667,57564,0.00
10668,49757,0.00
10669,52514,0.00
10670,49064,0.00
10671,50412,0.00
10672,49662,0.00
10673,51535,0.00
10674,45200,0.00
10675,48486,0.00
10676,55901,0.00
10677,60248,0.00
10678,52806,0.00
10679,52041,0.00
10680,49524,0.00
10681,52637,0.00
10682,47306,0.00
10683,52976,0.00
10684,50752,0.00
10685,43051,0.00
10686,47327,0.00
10687,46449,0.00
10688,47833,0.00
10689,63097,0.00
10690,61228,0.00
10691,59136,0.00
10692,67664,0.00
10693,53325,0.00
10694,54365,0.00
10695,54079,0.00
10696,56029,0.00
10697,55665,0.00
10698,53844,0.00
10699,61716,0.00
10700,50582,0.00
10701,57407,0.00
10702,53289,0.00
10703,59327,0.00
10704,59278,0.00
10705,58124,0.00
10706,59726,0.00
10707,63961,0.00
10708,58510,0.00
10709,63625,0.00
10710,62351,0.00
10711,58970,0.00
10712,57225,0.00
10713,67603,0.00
10714,57657,0.00
10715,57123,0.00
10716,50929,0.00
10717,48300,0.00
10718,54689,0.00
10719,48120,0.00
10720,49506,0.00
10721,51903,0.00
10722,59133,0.00
10723,58122,0.00
10724,52625,0.00
10725,50114,0.00
10726,71780,0.00
10727,58375,0.00
10728,55695,0.00
10729,64365,0.00
10730,55266,0.00
10731,55606,0.00
10732,57489,0.00
10733,52807,0.00
10734,47960,0.00
10735,45236,0.00
10736,52509,0.00
10737,50403,0.00
10738,47365,0.00
10739,54450,0.00
10740,52032,0.00
10741,57343,0.00
10742,50490,0.00
10743,49412,0.00
10744,48551,0.00
10745,52030,0.00
10746,54141,0.00
10747,44353,0.00
10748,39962,0.00
10749,50974,0.00
10750,52800,0.00
10751,54935,0.00
10752,55633,0.00
10753,52578,0.00
10754,51144,0.00
10755,53483,0.00
10756,56299,0.00
10757,59665,0.00
10758,61209,0.00
10759,59616,0.00
10760,55296,0.00
10761,67294,0.00
10762,57611,0.00
10763,54449,0.00
10764,59629,0.00
10765,54100,0.00
10766,68203,0.00
10767,56652,0.00
10768,50184,0.00
10769,51516,0.00
10770,58447,0.00
10771,54364,0.00
10772,50372,0.00
10773,53633,0.00
10774,56975,0.00
10775,53558,0.00
10776,57299,0.00
10777,62337,0.00
10778,60233,0.00
10779,60413,0.00
10780,58093,0.00
10781,84178,0.00
10782,56753,0.00
10783,57048,0.00
10784,53792,0.00
10785,52842,0.00
10786,59206,0.00
10787,57008,0.00
10788,59719,0.00
10789,53480,0.00
10790,57316,0.00
10791,60601,0.00
10792,55058,0.00
10793,60098,0.00
10794,55493,0.00
10795,52266,0.00
10796,55512,0.00
10797,67506,0.00
10798,56281,0.00
10799,54574,0.00
10800,53849,0.00
10801,55212,0.00
10802,52991,0.00
10803,56329,0.00
10804,56762,0.00
10805,55373,0.00
10806,53633,0.00
10807,60324,0.00
10808,68218,0.00
10809,80208,0.00
10810,70283,0.00
10811,63262,0.00
10812,58055,0.00
10813,63727,0.00
10814,63631,0.00
10815,61318,0.00
10816,63430,0.00
10817,62076,0.00
10818,73023,0.00
10819,65251,0.00
10820,63961,0.00
10821,62046,0.00
10822,63282,0.00
10823,76674,0.00
10824,63544,0.00
10825,78724,0.00
10826,61810,0.00
10827,63248,0.00
10828,65219,0.00
10829,104937,0.00
10830,62636,0.00
10831,61384,0.00
10832,60297,0.00
10833,61725,0.00
10834,58567,0.00
10835,58583,0.00
10836,58402,0.00
10837,69283,0.00
10838,57603,0.00
10839,54672,0.00
10840,54785,0.00
10841,58697,0.00
10842,56965,0.00
10843,53582,0.00
10844,51851,0.00
10845,62811,0.00
10846,52680,0.00
10847,51632,0.00
10848,50787,0.00
10849,51551,0.00
10850,53384,0.00
10851,55098,0.00
10852,50673,0.00
10853,66760,0.00
10854,57820,0.00
10855,53713,0.00
10856,57445,0.00
10857,58040,0.00
10858,64061,0.00
10859,54504,0.00
10860,48938,0.00
10861,48142,0.00
10862,56208,0.00
10863,50836,0.00
10864,48244,0.00
10865,52518,0.00
10866,66855,0.00
10867,49784,0.00
10868,54317,0.00
10869,57762,0.00
10870,56102,0.00
10871,57617,0.00
10872,53917,0.00
10873,56102,0.00
10874,57604,0.00
10875,59391,0.00
10876,53458,0.00
10877,63045,0.00
10878,60024,0.00
10879,53414,0.00
10880,54773,0.00
10881,62688,0.00
10882,62602,0.00
10883,50223,0.00
10884,50573,0.00
10885,46091,0.00
10886,52792,0.00
10887,50670,0.00
10888,52420,0.00
10889,49704,0.00
10890,56914,0.00
10891,50645,0.00
10892,49914,0.00
10893,54057,0.00
10894,51363,0.00
10895,52521,0.00
10896,53621,0.00
10897,67360,0.00
10898,55308,0.00
10899,51832,0.00
10900,59158,0.00
10901,68399,0.00
10902,59817,0.00
10903,66371,0.00
10904,56489,0.00
10905,55804,0.00
10906,58301,0.00
10907,55259,0.00
10908,54480,0.00
10909,54341,0.00
10910,53062,0.00
10911,55743,0.00
10912,57666,0.00
10913,53627,0.00
10914,53818,0.00
10915,58347,0.00
10916,53835,0.00
10917,68882,0.00
10918,51897,0.00
10919,51989,0.00
10920,46591,0.00
10921,59927,0.00
10922,51055,0.00
10923,67470,0.00
10924,56869,0.00
10925,51945,0.00
10926,43237,0.00
10927,47339,0.00
10928,50461,0.00
10929,54647,0.00
10930,54490,0.00
10931,55161,0.00
10932,55035,0.00
10933,55627,0.00
10934,54825,0.00
10935,48957,0.00
10936,49844,0.00
10937,55772,0.00
10938,50101,0.00
10939,55498,0.00
10940,55500,0.00
10941,57481,0.00
10942,48638,0.00
10943,47921,0.00
10944,54669,0.00
10945,47296,0.00
10946,59295,0.00
10947,50712,0.00
10948,55439,0.00
10949,59102,0.00
10950,53943,0.00
10951,57431,0.00
10952,65371,0.00
10953,52399,0.00
10954,62871,0.00
10955,58465,0.00
10956,58736,0.00
10957,59733,0.00
10958,57367,0.00
10959,54023,0.00
10960,58229,0.00
10961,48631,0.00
10962,51352,0.00
10963,51538,0.00
10964,50030,0.00
10965,56256,0.00
10966,52935,0.00
10967,53575,0.00
10968,65846,0.00
10969,58794,0.00
10970,64241,0.00
10971,57949,0.00
10972,56301,0.00
10973,75271,0.00
10974,58154,0.00
10975,50324,0.00
10976,50845,0.00
10977,62161,0.00
10978,49768,0.00
10979,55377,0.00
10980,54633,0.00
10981,70073,0.00
10982,50387,0.00
10983,59156,0.00
10984,52585,0.00
10985,64996,0.00
10986,53450,0.00
10987,62707,0.00
10988,54869,0.00
10989,72203,0.00
10990,70024,0.00
10991,56094,0.00
10992,54750,0.00
10993,61334,0.00
10994,59427,0.00
10995,58949,0.00
10996,62879,0.00
10997,56992,0.00
10998,55024,0.00
10999,63544,0.00
11000,72256,0.00
11001,57429,0.00
11002,55867,0.00
11003,73199,0.00
11004,62241,0.00
11005,54521,0.00
11006,56717,0.00
11007,58007,0.00
11008,53597,0.00
11009,76363,0.00
11010,61588,0.00
11011,61227,0.00
11012,295277,0.00
11013,104640,0.00
11014,60282,0.00
11015,67913,0.00
11016,55503,0.00
11017,72091,0.00
11018,78523,0.00
11019,62306,0.00
11020,64758,0.00
11021,61212,0.00
11022,60147,0.00
11023,60048,0.00
11024,56339,0.00
11025,58489,0.00
11026,60316,0.00
11027,60391,0.00
11028,59207,0.00
11029,64187,0.00
11030,56080,0.00
11031,65019,0.00
11032,127892,0.00
11033,62627,0.00
11034,67180,0.00
11035,63856,0.00
11036,65316,0.00
11037,61452,0.00
11038,61761,0.00
11039,69405,0.00
11040,57802,0.00
11041,61020,0.00
11042,61484,0.00
11043,87605,0.00
11044,93283,0.00
11045,60575,0.00
11046,135182,0.00
11047,60314,0.00
11048,60958,0.00
11049,60503,0.00
11050,112896,0.00
11051,70959,0.00
11052,114597,0.00
11053,74555,0.00
11054,59684,0.00
11055,528181,0.00
11056,60130,0.00
11057,66595,0.00
11058,61474,0.00
11059,61792,0.00
11060,59578,0.00
11061,73728,0.00
11062,58202,0.00
11063,75416,0.00
11064,59630,0.00
11065,240887,0.00
11066,57668,0.00
11067,57063,0.00
11068,59501,0.00
11069,60159,0.00
11070,60686,0.00
11071,40754,0.00
11072,50675,0.00
11073,46788,0.00
11074,48963,0.00
11075,49902,0.00
11076,30464,0.00
11077,33206,0.00
11078,31432,0.00
11079,119348,0.00
11080,916063,0.00
11081,62328,0.00
11082,61296,0.00
11083,60167,0.00
11084,61511,0.00
11085,60863,0.00
11086,628308,0.00
11087,59318,0.00
11088,140893,0.00
11089,62298,0.00
11090,60402,0.00
11091,62579,0.00
11092,60445,0.00
11093,62428,0.00
11094,58644,0.00
11095,68739,0.00
11096,57829,0.00
11097,509746,0.00
11098,59002,0.00
11099,59903,0.00
11100,59025,0.00
11101,79501,0.00
11102,92313,0.00
11103,67584,0.00
11104,63302,0.00
11105,68168,0.00
11106,453354,0.00
11107,110653,0.00
11108,61415,0.00
11109,60946,0.00
11110,69703,0.00
11111,60165,0.00
11112,134754,0.00
11113,60906,0.00
11114,534505,0.00
11115,59758,0.00
11116,59486,0.00
11117,59462,0.00
11118,67600,0.00
11119,65854,0.00
11120,59484,0.00
11121,62158,0.00
11122,61528,0.00
11123,60618,0.00
11124,58397,0.00
11125,59338,0.00
11126,64458,0.00
11127,69893,0.00
11128,247231,0.00
11129,59360,0.00
11130,58703,0.00
11131,60520,0.00
11132,58734,0.00
11133,59485,0.00
11134,59132,0.00
11135,61880,0.00
11136,393099,0.00
11137,64655,0.00
11138,60996,0.00
11139,61571,0.00
11140,61093,0.00
11141,65952,0.00
11142,61199,0.00
11143,65172,0.00
11144,65048,0.00
11145,69702,0.00
11146,58320,0.00
11147,58272,0.00
11148,62257,0.00
11149,60002,0.00
11150,91254,0.00
11151,57547,0.00
11152,60703,0.00
11153,69840,0.00
11154,60145,0.00
11155,63733,0.00
11156,62036,0.00
11157,65852,0.00
11158,57766,0.00
11159,56671,0.00
11160,58699,0.00
11161,59536,0.00
11162,48205,0.00
11163,55742,0.00
11164,53650,0.00
11165,51155,0.00
11166,29230,0.00
11167,24329,0.00
11168,50417,0.00
11169,51846,0.00
11170,40110,0.00
11171,53025,0.00
11172,45219,0.00
11173,39421,0.00
11174,125166,0.00
11175,129840,0.00
11176,59020,0.00
11177,147046,0.00
11178,64511,0.00
11179,61260,0.00
11180,74154,0.00
11181,78575,0.00
11182,117486,0.00
11183,76091,0.00
11184,62202,0.00
11185,2896012,0.00
11186,139897,0.00
11187,57458,0.00
11188,60841,0.00
11189,61416,0.00
11190,58957,0.00
11191,61497,0.00
11192,707305,0.00
11193,60441,0.00
11194,65000,0.00
11195,236834,0.00
11196,59139,0.00
11197,240447,0.00
11198,60955,0.00
11199,64608,0.00
11200,69610,0.00
11201,101833,0.00
11202,135238,0.00
11203,56805,0.00
11204,58428,0.00
11205,215246,0.00
11206,70131,0.00
11207,130026,0.00
11208,61053,0.00
11209,239067,0.00
11210,60533,0.00
11211,59342,0.00
11212,59570,0.00
11213,67320,0.00
11214,59654,0.00
11215,136487,0.00
11216,60497,0.00
11217,445579,0.00
11218,57362,0.00
11219,58650,0.00
11220,61756,0.00
11221,68010,0.00
11222,58389,0.00
11223,109733,0.00
11224,61132,0.00
11225,110104,0.00
11226,57943,0.00
11227,51770,0.00
11228,56180,0.00
11229,77749,0.00
11230,63212,0.00
11231,59931,0.00
11232,61212,0.00
11233,63170,0.00
11234,172814,0.00
11235,59094,0.00
11236,57506,0.00
11237,134004,0.00
11238,161663,0.00
11239,61679,0.00
11240,60739,0.00
11241,67802,0.00
11242,91277,0.00
11243,67190,0.00
11244,58325,0.00
11245,187854,0.00
11246,63457,0.00
11247,138745,0.00
11248,69083,0.00
11249,60444,0.00
11250,63137,0.00
11251,61350,0.00
11252,60679,0.00
11253,71823,0.00
11254,61391,0.00
11255,63543,0.00
11256,60605,0.00
11257,58740,0.00
11258,59972,0.00
11259,59354,0.00
11260,417637,0.00
11261,59473,0.00
11262,58381,0.00
11263,143883,0.00
11264,110395,0.00
11265,72031,0.00
11266,76859,0.00
11267,65002,0.00
11268,59049,0.00
11269,61723,0.00
11270,58257,0.00
11271,56904,0.00
11272,71573,0.00
11273,60408,0.00
11274,58818,0.00
11275,75596,0.00
11276,60989,0.00
11277,59120,0.00
11278,87921,0.00
11279,60571,0.00
11280,146300,0.00
11281,64135,0.00
11282,61294,0.00
11283,59152,0.00
11284,62362,0.00
11285,63871,0.00
11286,59297,0.00
11287,62068,0.00
11288,408794,50.00
11289,70244,0.00
11290,60589,0.00
11291,59615,0.00
11292,456648,0.00
11293,65464,0.00
11294,115554,0.00
11295,58332,0.00
11296,64591,0.00
11297,97303,0.00
11298,61939,0.00
11299,62238,0.00
11300,58161,0.00
11301,84128,0.00
11302,72092,0.00
11303,59614,0.00
11304,62444,0.00
11305,73428,0.00
11306,60221,0.00
11307,83775,0.00
11308,65823,0.00
11309,70165,0.00
11310,58905,0.00
11311,71398,0.00
11312,61073,0.00
11313,85872,0.00
11314,61697,0.00
11315,73296,0.00
11316,62590,0.00
11317,59735,0.00
11318,75992,0.00
11319,60419,0.00
11320,116039,0.00
11321,66950,0.00
11322,60471,0.00
11323,62477,0.00
11324,174725,0.00
11325,66536,0.00
11326,59633,0.00
11327,63800,0.00
11328,60869,0.00
11329,61858,0.00
11330,59667,0.00
11331,67590,0.00
11332,70184,0.00
11333,59112,0.00
11334,61650,0.00
11335,66064,0.00
11336,58960,0.00
11337,57694,0.00
11338,56728,0.00
11339,54352,0.00
11340,61255,0.00
11341,59885,0.00
11342,58389,0.00
11343,73089,0.00
11344,61755,0.00
11345,55876,0.00
11346,58805,0.00
11347,57811,0.00
11348,59711,0.00
11349,68175,0.00
11350,226685,0.00
11351,59834,0.00
11352,63562,0.00
11353,62809,0.00
11354,61686,0.00
11355,75212,0.00
11356,64693,0.00
11357,108359,0.00
11358,118921,0.00
11359,62506,0.00
11360,1006724,0.00
11361,67795,0.00
11362,61798,0.00
11363,55688,0.00
11364,56978,0.00
11365,63179,0.00
11366,59483,0.00
11367,85098,0.00
11368,58319,0.00
11369,142546,0.00
11370,65344,0.00
11371,54561,0.00
11372,59255,0.00
11373,65368,0.00
11374,60658,0.00
11375,81272,0.00
11376,61613,0.00
11377,59016,0.00
11378,58332,0.00
11379,70052,0.00
11380,64091,0.00
11381,60358,0.00
11382,61402,0.00
11383,60201,0.00
11384,59798,0.00
11385,63099,0.00
11386,55921,0.00
11387,59709,0.00
11388,61233,0.00
11389,64084,0.00
11390,62957,0.00
11391,64845,0.00
11392,74027,0.00
11393,75060,0.00
11394,61339,0.00
11395,90560,0.00
11396,60142,0.00
11397,59829,0.00
11398,62926,0.00
11399,74353,0.00
11400,62576,0.00
11401,64978,0.00
11402,57721,0.00
11403,73834,0.00
11404,56790,0.00
11405,59151,0.00
11406,59296,0.00
11407,57460,0.00
11408,61262,0.00
11409,59586,0.00
11410,69335,0.00
11411,64738,0.00
11412,57204,0.00
11413,60022,0.00
11414,58703,0.00
11415,61639,0.00
11416,72726,0.00
11417,60498,0.00
11418,60334,0.00
11419,57665,0.00
11420,56616,0.00
11421,132107,0.00
11422,61506,0.00
11423,69347,0.00
11424,61069,0.00
11425,59187,0.00
11426,58658,0.00
11427,55977,0.00
11428,57021,0.00
11429,59934,0.00
11430,65382,0.00
11431,55790,0.00
11432,60309,0.00
11433,59508,0.00
11434,59134,0.00
11435,64554,0.00
11436,54213,0.00
11437,58059,0.00
11438,53452,0.00
11439,60402,0.00
11440,52863,0.00
11441,67475,0.00
11442,55684,0.00
11443,138745,0.00
11444,59583,0.00
11445,61651,0.00
11446,59042,0.00
11447,55303,0.00
11448,59283,0.00
11449,61012,0.00
11450,55337,0.00
11451,54133,0.00
11452,55160,0.00
11453,57227,0.00
11454,59471,0.00
11455,67225,0.00
11456,56782,0.00
11457,56340,0.00
11458,56630,0.00
11459,63223,0.00
11460,58928,0.00
11461,63219,0.00
11462,70018,0.00
11463,58910,0.00
11464,68307,0.00
11465,58149,0.00
11466,63238,0.00
11467,59507,0.00
11468,59665,0.00
11469,57561,0.00
11470,56636,0.00
11471,55882,0.00
11472,67155,0.00
11473,61718,0.00
11474,62085,0.00
11475,68067,0.00
11476,58649,0.00
11477,61063,0.00
11478,57558,0.00
11479,60331,0.00
11480,59732,0.00
11481,59870,0.00
11482,57330,0.00
11483,58232,0.00
11484,70365,0.00
11485,57360,0.00
11486,56459,0.00
11487,54022,0.00
11488,57013,0.00
11489,60876,0.00
11490,56940,0.00
11491,54283,0.00
11492,53953,0.00
11493,60695,0.00
11494,61429,0.00
11495,56722,0.00
11496,59515,0.00
11497,58398,0.00
11498,55832,0.00
11499,54825,0.00
11500,57161,0.00
11501,61183,0.00
11502,70691,0.00
11503,59840,0.00
11504,53659,0.00
11505,58044,0.00
11506,64378,0.00
11507,63788,0.00
11508,71678,0.00
11509,60235,0.00
11510,60552,0.00
11511,56159,0.00
11512,56368,0.00
11513,62673,0.00
11514,59455,0.00
11515,69248,0.00
11516,58351,0.00
11517,55900,0.00
11518,55649,0.00
11519,58273,0.00
11520,54214,0.00
11521,158462,0.00
11522,57749,0.00
11523,70802,0.00
11524,71022,0.00
11525,61966,0.00
11526,58706,0.00
11527,51864,0.00
11528,51745,0.00
11529,52391,0.00
11530,68676,0.00
11531,56333,0.00
11532,55848,0.00
11533,58160,0.00
11534,53959,0.00
11535,51863,0.00
11536,55019,0.00
11537,59011,0.00
11538,56160,0.00
11539,52445,0.00
11540,72590,0.00
11541,56028,0.00
11542,58152,0.00
11543,58134,0.00
11544,54914,0.00
11545,59459,0.00
11546,60009,0.00
11547,54742,0.00
11548,56174,0.00
11549,59776,0.00
11550,74383,0.00
11551,60495,0.00
11552,55727,0.00
11553,62327,0.00
11554,54411,0.00
11555,56493,0.00
11556,53164,0.00
11557,72481,0.00
11558,60961,0.00
11559,56009,0.00
11560,59255,0.00
11561,58238,0.00
11562,67176,0.00
11563,57997,0.00
11564,57047,0.00
11565,63236,0.00
11566,58050,0.00
11567,59410,0.00
11568,58409,0.00
11569,53514,0.00
11570,57216,0.00
11571,53336,0.00
11572,55256,0.00
11573,55819,0.00
11574,53522,0.00
11575,55591,0.00
11576,66330,0.00
11577,66308,0.00
11578,60673,0.00
11579,53460,0.00
11580,52550,0.00
11581,55613,0.00
11582,53072,0.00
11583,52165,0.00
11584,54174,0.00
11585,59325,0.00
11586,54784,0.00
11587,53943,0.00
11588,53240,0.00
11589,53614,0.00
11590,58006,0.00
11591,50449,0.00
11592,53396,0.00
11593,56035,0.00
11594,52139,0.00
11595,57390,0.00
11596,56802,0.00
11597,58460,0.00
11598,59672,0.00
11599,57873,0.00
11600,55585,0.00
11601,61790,0.00
11602,58541,0.00
11603,54318,0.00
11604,80987,0.00
11605,57650,0.00
11606,56040,0.00
11607,55195,0.00
11608,65361,0.00
11609,61094,0.00
11610,69241,0.00
11611,57325,0.00
11612,60926,0.00
11613,64534,0.00
11614,55988,0.00
11615,55724,0.00
11616,56694,0.00
11617,56957,0.00
11618,56797,0.00
11619,62586,0.00
11620,61518,0.00
11621,63781,0.00
11622,57674,0.00
11623,57421,0.00
11624,66729,0.00
11625,55778,0.00
11626,69095,0.00
11627,59213,0.00
11628,59365,0.00
11629,62238,0.00
11630,55488,0.00
11631,65239,0.00
11632,54814,0.00
11633,57113,0.00
11634,54907,0.00
11635,54671,0.00
11636,55375,0.00
11637,51912,0.00
11638,54985,0.00
11639,54699,0.00
11640,56847,0.00
11641,57402,0.00
11642,51887,0.00
11643,55945,0.00
11644,50115,0.00
11645,55854,0.00
11646,53164,0.00
11647,55594,0.00
11648,57624,0.00
11649,59692,0.00
11650,58254,0.00
11651,60826,0.00
11652,60102,0.00
11653,62295,0.00
11654,63597,0.00
11655,69406,0.00
11656,72073,0.00
11657,57181,0.00
11658,59813,0.00
11659,55656,0.00
11660,58163,0.00
11661,75309,0.00
11662,59342,0.00
11663,58910,0.00
11664,56873,0.00
11665,66932,0.00
11666,54007,0.00
11667,57232,0.00
11668,56116,0.00
11669,57197,0.00
11670,67312,0.00
11671,59424,0.00
11672,56967,0.00
11673,53450,0.00
11674,55094,0.00
11675,52453,0.00
11676,54826,0.00
11677,55572,0.00
11678,62601,0.00
11679,58448,0.00
11680,54567,0.00
11681,62717,0.00
11682,58516,0.00
11683,53505,0.00
11684,50673,0.00
11685,58305,0.00
11686,57948,0.00
11687,59058,0.00
11688,53907,0.00
11689,57656,0.00
11690,58506,0.00
11691,47364,0.00
11692,47399,0.00
11693,44061,0.00
11694,46293,0.00
11695,41172,0.00
11696,48597,0.00
11697,49865,0.00
11698,62538,0.00
11699,52346,0.00
11700,51985,0.00
11701,60447,0.00
11702,60740,0.00
11703,59309,0.00
11704,56160,0.00
11705,64375,0.00
11706,56025,0.00
11707,54892,0.00
11708,52487,0.00
11709,51960,0.00
11710,49301,0.00
11711,52661,0.00
11712,49076,0.00
11713,56065,0.00
11714,63667,0.00
11715,55767,0.00
11716,49047,0.00
11717,50319,0.00
11718,57825,0.00
11719,51591,0.00
11720,53915,0.00
11721,55526,0.00
11722,54919,0.00
11723,62458,0.00
11724,53753,0.00
11725,53880,0.00
11726,55573,0.00
11727,50502,0.00
11728,63179,0.00
11729,56804,0.00
11730,53731,0.00
11731,50582,0.00
11732,56182,0.00
11733,58914,0.00
11734,48898,0.00
11735,53441,0.00
11736,56114,0.00
11737,65904,0.00
11738,53387,0.00
11739,56224,0.00
11740,53663,0.00
11741,55715,0.00
11742,52570,0.00
11743,48260,0.00
11744,59360,0.00
11745,47258,0.00
11746,50896,0.00
11747,53406,0.00
11748,54124,0.00
11749,50003,0.00
11750,58711,0.00
11751,57324,0.00
11752,58212,0.00
11753,60979,0.00
11754,58253,0.00
11755,58906,0.00
11756,51350,0.00
11757,54357,0.00
11758,54454,0.00
11759,56948,0.00
11760,59127,0.00
11761,58634,0.00
11762,59979,0.00
11763,61967,0.00
11764,56831,0.00
11765,60612,0.00
11766,55854,0.00
11767,53662,0.00
11768,66243,0.00
11769,51151,0.00
11770,48576,0.00
11771,51931,0.00
11772,49772,0.00
11773,46886,0.00
11774,51123,0.00
11775,51113,0.00
11776,48787,0.00
11777,50560,0.00
11778,63798,0.00
11779,52301,0.00
11780,53602,0.00
11781,65097,0.00
11782,54027,0.00
11783,53006,0.00
11784,61782,0.00
11785,55977,0.00
11786,54788,0.00
11787,50842,0.00
11788,50471,0.00
11789,63367,0.00
11790,53606,0.00
11791,59300,0.00
11792,59609,0.00
11793,60138,0.00
11794,59864,0.00
11795,62373,0.00
11796,60726,0.00
11797,72385,0.00
11798,64970,0.00
11799,59091,0.00
11800,55318,0.00
11801,60940,0.00
11802,57280,0.00
11803,57003,0.00
11804,56898,0.00
11805,68460,0.00
11806,66191,0.00
11807,56305,0.00
11808,67856,0.00
11809,67500,0.00
11810,55759,0.00
11811,54445,0.00
11812,54749,0.00
11813,55249,0.00
11814,52104,0.00
11815,51429,0.00
11816,50943,0.00
11817,55201,0.00
11818,58420,0.00
11819,65630,0.00
11820,53433,0.00
11821,116717,0.00
11822,59304,0.00
11823,59000,0.00
11824,66042,0.00
11825,86635,0.00
11826,59681,0.00
11827,57695,0.00
11828,54664,0.00
11829,71784,0.00
11830,54634,0.00
11831,56410,0.00
11832,55502,0.00
11833,55282,0.00
11834,60815,0.00
11835,59455,0.00
11836,60361,0.00
11837,56991,0.00
11838,60204,0.00
11839,53927,0.00
11840,54759,0.00
11841,59324,0.00
11842,54936,0.00
11843,58378,0.00
11844,60968,0.00
11845,59375,0.00
11846,58444,0.00
11847,54412,0.00
11848,53959,0.00
11849,51179,0.00
11850,53235,0.00
11851,51303,0.00
11852,58729,0.00
11853,61273,0.00
11854,57084,0.00
11855,58288,0.00
11856,63667,0.00
11857,68038,0.00
11858,61532,0.00
11859,56885,0.00
11860,56848,0.00
11861,64249,0.00
11862,60942,0.00
11863,59404,0.00
11864,56105,0.00
11865,68123,0.00
11866,52121,0.00
11867,52707,0.00
11868,53728,0.00
11869,53031,0.00
11870,57103,0.00
11871,59292,0.00
11872,61262,0.00
11873,58323,0.00
11874,59991,0.00
11875,58318,0.00
11876,56203,0.00
11877,57083,0.00
11878,56057,0.00
11879,57791,0.00
11880,56356,0.00
11881,58187,0.00
11882,56673,0.00
11883,58050,0.00
11884,59937,0.00
11885,59023,0.00
11886,55439,0.00
11887,56796,0.00
11888,53535,0.00
11889,69002,0.00
11890,64618,0.00
11891,56027,0.00
11892,53240,0.00
11893,53305,0.00
11894,48225,0.00
11895,51759,0.00
11896,50086,0.00
11897,56682,0.00
11898,52022,0.00
11899,51147,0.00
11900,53976,0.00
11901,58545,0.00
11902,65744,0.00
11903,59192,0.00
11904,56217,0.00
11905,63209,0.00
11906,57189,0.00
11907,56550,0.00
11908,58139,0.00
11909,59242,0.00
11910,55372,0.00
11911,58021,0.00
11912,61136,0.00
11913,57390,0.00
11914,52556,0.00
11915,58129,0.00
11916,57479,0.00
11917,54679,0.00
11918,59765,0.00
11919,58386,0.00
11920,53265,0.00
11921,57019,0.00
11922,66956,0.00
11923,61464,0.00
11924,57447,0.00
11925,55908,0.00
11926,55234,0.00
11927,68111,0.00
11928,67655,0.00
11929,52649,0.00
11930,53179,0.00
11931,56516,0.00
11932,66382,0.00
11933,47155,0.00
11934,48401,0.00
11935,50582,0.00
11936,54408,0.00
11937,57243,0.00
11938,52504,0.00
11939,52704,0.00
11940,61204,0.00
11941,61814,0.00
11942,61263,0.00
11943,57864,0.00
11944,58146,0.00
11945,61775,0.00
11946,59053,0.00
11947,61099,0.00
11948,53004,0.00
11949,58897,0.00
11950,61484,0.00
11951,51947,0.00
11952,52973,0.00
11953,62426,0.00
11954,55126,0.00
11955,56993,0.00
11956,53521,0.00
11957,69150,0.00
11958,57645,0.00
11959,56507,0.00
11960,56338,0.00
11961,60763,0.00
11962,57370,0.00
11963,61067,0.00
11964,55143,0.00
11965,51335,0.00
11966,57849,0.00
11967,63062,0.00
11968,53326,0.00
11969,54793,0.00
11970,55779,0.00
11971,56011,0.00
11972,52775,0.00
11973,53787,0.00
11974,53773,0.00
11975,50503,0.00
11976,49288,0.00
11977,65314,0.00
11978,59200,0.00
11979,51118,0.00
11980,48163,0.00
11981,54482,0.00
11982,58500,0.00
11983,50440,0.00
11984,62910,0.00
11985,55101,0.00
11986,66408,0.00
11987,66982,0.00
11988,53827,0.00
11989,54420,0.00
11990,58020,0.00
11991,50891,0.00
11992,51748,0.00
11993,52935,0.00
11994,49606,0.00
11995,45108,0.00
11996,47079,0.00
11997,48363,0.00
11998,47515,0.00
11999,50442,0.00
12000,74048,0.00
