sample,work_ns,cpu_utilization
1,27000,100.00
2,19518,100.00
3,23914,100.00
4,24082,0.00
5,25668,100.00
6,35268,100.00
7,39324,100.00
8,45380,100.00
9,33009,100.00
10,17651,0.00
11,23088,100.00
12,21315,100.00
13,20492,0.00
14,23642,100.00
15,26288,100.00
16,23372,100.00
17,40422,0.00
18,39548,100.00
19,36757,100.00
20,25368,100.00
21,24232,100.00
22,19720,0.00
23,21731,100.00
24,22772,100.00
25,23421,100.00
26,40639,100.00
27,33087,0.00
28,58007,100.00
29,22380,0.00
30,23918,50.00
31,29680,100.00
32,19734,0.00
33,19806,100.00
34,22211,0.00
35,23382,100.00
36,24788,100.00
37,44154,100.00
38,39078,100.00
39,36762,0.00
40,28232,100.00
41,21468,100.00
42,23095,100.00
43,20405,100.00
44,28180,0.00
45,22602,100.00
46,24122,100.00
47,47783,100.00
48,38120,100.00
49,32147,0.00
50,26656,100.00
51,24034,100.00
52,23623,100.00
53,20679,100.00
54,21809,0.00
55,25771,100.00
56,25382,100.00
57,34147,100.00
58,35406,100.00
59,52407,0.00
60,25904,50.00
61,32469,0.00
62,26118,100.00
63,17338,0.00
64,23549,100.00
65,24078,0.00
66,24187,100.00
67,42434,100.00
68,31847,100.00
69,34067,100.00
70,28848,0.00
71,24982,100.00
72,22161,100.00
73,18823,100.00
74,20015,100.00
75,29535,0.00
76,30067,0.00
77,40179,100.00
78,28523,0.00
79,39372,100.00
80,33971,100.00
81,28285,0.00
82,21074,100.00
83,21078,100.00
84,23746,100.00
85,23027,100.00
86,22008,0.00
87,39147,100.00
88,34914,100.00
89,38712,100.00
90,30046,0.00
91,27948,100.00
92,22732,100.00
93,22089,100.00
94,25243,100.00
95,20499,0.00
96,25505,100.00
97,24218,100.00
98,35355,100.00
99,37446,0.00
100,32400,100.00
101,27424,100.00
102,20684,100.00
103,21062,100.00
104,24099,0.00
105,23580,100.00
106,21518,100.00
107,57187,0.00
108,66765,100.00
109,22529,0.00
110,33613,0.00
111,27376,100.00
112,23246,100.00
113,21729,100.00
114,20746,100.00
115,23306,0.00
116,25983,100.00
117,24133,100.00
118,45097,100.00
119,45647,100.00
120,39494,0.00
121,26224,100.00
122,35852,50.00
123,26668,0.00
124,29502,100.00
125,29693,100.00
126,24744,0.00
127,23079,100.00
128,47190,100.00
129,41855,100.00
130,35565,100.00
131,30555,0.00
132,23975,100.00
133,20879,100.00
134,21680,100.00
135,22204,100.00
136,25354,0.00
137,24247,100.00
138,45255,100.00
139,48277,100.00
140,37792,100.00
141,41718,0.00
142,26194,100.00
143,22768,100.00
144,22045,100.00
145,24034,100.00
146,22965,0.00
147,30235,100.00
148,33790,100.00
149,34487,100.00
150,31459,100.00
151,27695,0.00
152,30457,100.00
153,22618,100.00
154,23279,100.00
155,22410,100.00
156,31005,0.00
157,37564,100.00
158,22425,0.00
159,31922,100.00
160,37813,100.00
161,37604,0.00
162,24711,100.00
163,22805,100.00
164,23087,100.00
165,24731,100.00
166,24045,0.00
167,33000,100.00
168,27974,100.00
169,35573,100.00
170,30519,100.00
171,26740,0.00
172,29219,50.00
173,34493,100.00
174,18904,0.00
175,19813,100.00
176,24271,100.00
177,24553,100.00
178,37700,100.00
179,36909,0.00
180,34816,100.00
181,33989,100.00
182,24109,100.00
183,22933,100.00
184,38224,100.00
185,22022,0.00
186,22545,100.00
187,27321,0.00
188,37374,100.00
189,36303,100.00
190,39425,100.00
191,31358,100.00
192,23005,0.00
193,19960,100.00
194,20608,100.00
195,21795,100.00
196,24659,100.00
197,25567,0.00
198,37236,100.00
199,34601,100.00
200,28979,100.00
201,41536,0.00
202,18842,100.00
203,22364,100.00
204,21458,100.00
205,25280,0.00
206,23055,100.00
207,21920,100.00
208,35193,100.00
209,34667,100.00
210,36948,0.00
211,32851,100.00
212,37535,100.00
213,24886,100.00
214,23092,100.00
215,23448,0.00
216,25262,100.00
217,25883,100.00
218,36098,100.00
219,29288,0.00
220,40668,100.00
221,25964,0.00
222,25434,100.00
223,21051,0.00
224,23151,100.00
225,26040,100.00
226,24085,100.00
227,24088,100.00
228,35796,0.00
229,35578,100.00
230,28674,100.00
231,40007,0.00
232,26075,100.00
233,20657,100.00
234,24144,100.00
235,21089,100.00
236,29696,100.00
237,22476,0.00
238,26438,100.00
239,34992,100.00
240,33205,100.00
241,31148,0.00
242,23796,100.00
243,21673,100.00
244,21447,100.00
245,24115,100.00
246,24707,0.00
247,16925,100.00
248,29300,100.00
249,30322,100.00
250,33266,100.00
251,27806,0.00
252,32142,100.00
253,19582,100.00
254,20730,100.00
255,21715,100.00
256,22292,0.00
257,23958,100.00
258,28339,100.00
259,30651,100.00
260,31079,100.00
261,27604,0.00
262,25284,100.00
263,21947,50.00
264,18880,0.00
265,31020,100.00
266,21377,0.00
267,19601,100.00
268,28370,100.00
269,31252,0.00
270,39376,100.00
271,31958,100.00
272,28082,100.00
273,24277,100.00
274,21499,0.00
275,20610,100.00
276,22356,100.00
277,26013,100.00
278,31877,100.00
279,34899,0.00
280,37142,100.00
281,29940,0.00
282,26254,100.00
283,20066,100.00
284,21157,100.00
285,23820,0.00
286,24259,100.00
287,20448,100.00
288,35189,100.00
289,35111,100.00
290,30211,0.00
291,31006,100.00
292,26788,100.00
293,23584,0.00
294,20149,100.00
295,20368,100.00
296,28613,0.00
297,28191,100.00
298,29392,0.00
299,36585,100.00
300,35422,100.00
301,31346,0.00
302,34570,100.00
303,21187,100.00
304,22630,100.00
305,25331,100.00
306,23779,0.00
307,28621,100.00
308,27196,100.00
309,32598,0.00
310,34792,100.00
311,30315,100.00
312,29580,100.00
313,28442,50.00
314,22897,0.00
315,25268,100.00
316,20295,0.00
317,23975,100.00
318,23570,100.00
319,35318,0.00
320,27938,100.00
321,33102,100.00
322,30601,100.00
323,19601,100.00
324,22117,0.00
325,33019,100.00
326,19712,100.00
327,23099,0.00
328,26970,100.00
329,28545,100.00
330,30423,100.00
331,24775,100.00
332,35535,0.00
333,28091,100.00
334,22263,100.00
335,21169,100.00
336,22586,100.00
337,24618,0.00
338,25209,100.00
339,43148,100.00
340,39617,100.00
341,59427,100.00
342,45643,0.00
343,20788,50.00
344,28101,100.00
345,20446,0.00
346,24585,100.00
347,23025,100.00
348,32395,100.00
349,32090,100.00
350,28060,0.00
351,22053,100.00
352,37451,100.00
353,31353,100.00
354,22629,100.00
355,20738,0.00
356,22386,100.00
357,23777,100.00
358,27030,100.00
359,46560,100.00
360,37163,0.00
361,53817,100.00
362,20477,0.00
363,33603,100.00
364,22270,100.00
365,21762,100.00
366,24315,0.00
367,23367,100.00
368,28651,100.00
369,25978,100.00
370,30571,100.00
371,28232,0.00
372,36117,50.00
373,32911,100.00
374,23403,0.00
375,20325,100.00
376,20589,100.00
377,28652,0.00
378,38937,100.00
379,23400,0.00
380,34330,100.00
381,25626,100.00
382,31501,0.00
383,29554,100.00
384,23547,100.00
385,23835,100.00
386,24614,100.00
387,23815,0.00
388,20023,100.00
389,34512,100.00
390,33738,0.00
391,28173,100.00
392,23868,100.00
393,40482,100.00
394,41434,0.00
395,27997,66.67
396,17121,0.00
397,22870,100.00
398,24074,0.00
399,35050,100.00
400,36074,100.00
401,30285,100.00
402,23024,100.00
403,40508,0.00
404,33949,100.00
405,21975,100.00
406,41699,0.00
407,30137,100.00
408,26492,100.00
409,33727,0.00
410,28984,100.00
411,26059,100.00
412,25111,100.00
413,28498,100.00
414,34692,0.00
415,27085,100.00
416,20838,100.00
417,22920,100.00
418,24135,100.00
419,30871,0.00
420,30471,100.00
421,28151,100.00
422,24548,100.00
423,30772,0.00
424,50604,100.00
425,20500,0.00
426,20620,100.00
427,25386,0.00
428,24306,100.00
429,32355,100.00
430,25327,100.00
431,28768,100.00
432,24308,0.00
433,29687,100.00
434,32763,100.00
435,25490,0.00
436,20800,100.00
437,20339,100.00
438,21873,100.00
439,30554,0.00
440,52454,100.00
441,21226,0.00
442,22140,100.00
443,40687,0.00
444,28830,100.00
445,23211,100.00
446,23722,100.00
447,23953,100.00
448,20380,0.00
449,31642,100.00
450,27974,100.00
451,23561,0.00
452,26324,100.00
453,32593,100.00
454,31423,100.00
455,25104,100.00
456,20439,0.00
457,30577,50.00
458,24208,100.00
459,24421,0.00
460,40396,100.00
461,43959,100.00
462,27051,100.00
463,37451,100.00
464,39940,0.00
465,38581,100.00
466,28426,100.00
467,27857,100.00
468,32850,0.00
469,69511,100.00
470,22916,0.00
471,42491,100.00
472,30341,0.00
473,26231,100.00
474,43815,100.00
475,38364,100.00
476,29364,100.00
477,21870,0.00
478,24597,100.00
479,24412,100.00
480,23584,100.00
481,41319,100.00
482,41472,0.00
483,36724,100.00
484,42821,100.00
485,35042,100.00
486,133075,100.00
487,52811,0.00
488,48412,100.00
489,24817,0.00
490,26954,100.00
491,48936,100.00
492,36999,0.00
493,27365,100.00
494,22770,100.00
495,35736,100.00
496,31080,100.00
497,21597,0.00
498,21359,100.00
499,25000,100.00
500,25593,100.00
501,34589,100.00
502,33128,0.00
503,37694,100.00
504,28677,100.00
505,48004,100.00
506,18768,0.00
507,21334,100.00
508,22695,100.00
509,26660,100.00
510,21919,0.00
511,37951,100.00
512,28088,100.00
513,24481,100.00
514,19563,50.00
515,39392,0.00
516,29786,100.00
517,20942,100.00
518,21091,100.00
519,22880,100.00
520,23346,0.00
521,35343,100.00
522,45423,100.00
523,21864,0.00
524,21217,100.00
525,34056,100.00
526,28300,100.00
527,24837,100.00
528,25125,0.00
529,24410,100.00
530,32677,100.00
531,29520,0.00
532,27114,100.00
533,27363,100.00
534,25813,100.00
535,23359,100.00
536,33293,0.00
537,33885,100.00
538,27213,50.00
539,20023,0.00
540,23666,100.00
541,22952,100.00
542,37505,100.00
543,34506,100.00
544,25976,0.00
545,29584,100.00
546,29727,100.00
547,27784,100.00
548,23229,0.00
549,31220,100.00
550,26359,0.00
551,26579,100.00
552,25724,100.00
553,27021,100.00
554,25378,100.00
555,24761,0.00
556,29717,100.00
557,29786,100.00
558,20072,100.00
559,22979,100.00
560,23752,0.00
561,22862,100.00
562,35748,100.00
563,33987,100.00
564,25790,100.00
565,46522,0.00
566,62178,66.67
567,18331,0.00
568,21996,0.00
569,31346,100.00
570,28869,100.00
571,21787,100.00
572,44416,100.00
573,29859,0.00
574,24952,100.00
575,22042,100.00
576,35808,100.00
577,30654,100.00
578,21229,0.00
579,19417,100.00
580,34434,100.00
581,27333,0.00
582,34562,100.00
583,36711,100.00
584,31900,0.00
585,27122,100.00
586,32990,100.00
587,25107,100.00
588,23329,100.00
589,25369,0.00
590,24380,100.00
591,22227,100.00
592,33025,100.00
593,28416,100.00
594,24305,0.00
595,31666,50.00
596,36896,100.00
597,31754,0.00
598,21273,100.00
599,19987,100.00
600,29226,0.00
601,26042,100.00
602,31948,100.00
603,32873,100.00
604,34179,100.00
605,27054,0.00
606,38494,100.00
607,31778,100.00
608,27722,100.00
609,24708,100.00
610,27344,0.00
611,20725,100.00
612,30440,100.00
613,25978,0.00
614,33299,100.00
615,24324,100.00
616,24770,0.00
617,31424,100.00
618,30662,100.00
619,20937,100.00
620,23289,100.00
621,24344,0.00
622,27614,100.00
623,31737,100.00
624,32910,100.00
625,27254,100.00
626,33346,0.00
627,29705,100.00
628,20920,100.00
629,44009,0.00
630,50468,100.00
631,37863,100.00
632,36443,100.00
633,29021,100.00
634,31391,0.00
635,27200,100.00
636,24222,100.00
637,34246,100.00
638,29348,100.00
639,23524,0.00
640,30164,100.00
641,21295,0.00
642,19683,100.00
643,43449,100.00
644,44928,0.00
645,33237,100.00
646,33031,50.00
647,45393,100.00
648,20169,0.00
649,22896,100.00
650,25199,100.00
651,26152,100.00
652,21722,0.00
653,39320,100.00
654,31987,100.00
655,25192,100.00
656,19475,100.00
657,41748,0.00
658,29449,100.00
659,26357,100.00
660,21581,100.00
661,22744,100.00
662,23541,0.00
663,39118,100.00
664,36595,100.00
665,27737,0.00
666,23236,100.00
667,34145,100.00
668,27175,100.00
669,23818,100.00
670,24248,0.00
671,23645,100.00
672,28099,100.00
673,24227,100.00
674,30244,0.00
675,25370,100.00
676,25187,100.00
677,29441,100.00
678,29063,0.00
679,31189,50.00
680,33920,100.00
681,20990,0.00
682,24300,100.00
683,26709,100.00
684,38096,100.00
685,34554,100.00
686,27251,0.00
687,33599,100.00
688,28180,100.00
689,27219,100.00
690,21171,0.00
691,44423,100.00
692,38862,100.00
693,38966,100.00
694,35853,0.00
695,36495,100.00
696,27292,100.00
697,27877,100.00
698,35389,100.00
699,28542,0.00
700,21079,100.00
701,24058,100.00
702,24829,100.00
703,21121,100.00
704,38409,0.00
705,38786,100.00
706,31119,100.00
707,38719,100.00
708,43306,0.00
709,39734,100.00
710,21478,0.00
711,25026,100.00
712,23751,100.00
713,20824,100.00
714,35825,100.00
715,35124,0.00
716,26316,100.00
717,21421,100.00
718,37754,100.00
719,36025,100.00
720,23016,0.00
721,22281,100.00
722,24254,100.00
723,39756,0.00
724,36963,100.00
725,63687,100.00
726,22100,0.00
727,23720,100.00
728,52260,100.00
729,36417,100.00
730,22831,100.00
731,27416,0.00
732,24714,100.00
733,22760,100.00
734,41502,100.00
735,33820,100.00
736,28460,0.00
737,29408,50.00
738,47251,100.00
739,36939,0.00
740,19711,100.00
741,19942,100.00
742,33749,0.00
743,33646,100.00
744,23446,0.00
745,42676,100.00
746,36418,100.00
747,30622,0.00
748,37346,100.00
749,31231,100.00
750,24223,100.00
751,24698,100.00
752,25957,0.00
753,22081,100.00
754,27242,100.00
755,38367,0.00
756,32882,100.00
757,33267,100.00
758,38262,100.00
759,20063,0.00
760,27210,100.00
761,20552,100.00
762,22482,100.00
763,25567,0.00
764,22844,100.00
765,41564,100.00
766,39002,100.00
767,25179,100.00
768,31801,0.00
769,33450,100.00
770,28765,100.00
771,47412,0.00
772,62717,100.00
773,25858,0.00
774,27099,0.00
775,48832,100.00
776,35481,100.00
777,25661,100.00
778,23196,100.00
779,37992,0.00
780,34529,100.00
781,21892,100.00
782,22593,100.00
783,23137,100.00
784,23877,0.00
785,47251,100.00
786,40609,100.00
787,28015,100.00
788,28251,0.00
789,57284,50.00
790,22927,0.00
791,22898,100.00
792,23099,100.00
793,25478,100.00
794,21444,100.00
795,36343,0.00
796,30035,100.00
797,24966,100.00
798,24678,100.00
799,38040,0.00
800,30587,100.00
801,26069,100.00
802,20931,100.00
803,26372,0.00
804,24128,100.00
805,25037,100.00
806,45293,0.00
807,52205,100.00
808,19434,0.00
809,36123,100.00
810,40209,100.00
811,33183,0.00
812,28262,100.00
813,25161,100.00
814,25728,100.00
815,40302,100.00
816,35378,0.00
817,29207,100.00
818,26334,100.00
819,24087,0.00
820,36668,100.00
821,32822,100.00
822,24010,100.00
823,27409,50.00
824,29062,100.00
825,22269,0.00
826,37319,100.00
827,32643,100.00
828,26731,100.00
829,22111,0.00
830,43582,100.00
831,44728,100.00
832,25173,100.00
833,29050,100.00
834,47739,0.00
835,34563,100.00
836,43733,100.00
837,30503,0.00
838,24789,100.00
839,23225,100.00
840,33141,100.00
841,30030,100.00
842,20682,0.00
843,21959,100.00
844,23024,100.00
845,23777,100.00
846,37915,100.00
847,38238,0.00
848,30524,100.00
849,32319,100.00
850,29663,100.00
851,42437,0.00
852,26075,100.00
853,24024,0.00
854,25495,100.00
855,24442,100.00
856,34276,100.00
857,30968,100.00
858,26013,0.00
859,24173,100.00
860,25052,100.00
861,30422,100.00
862,26189,100.00
863,20818,0.00
864,24203,100.00
865,23562,100.00
866,34713,100.00
867,32146,100.00
868,31559,0.00
869,39740,100.00
870,44358,100.00
871,19490,0.00
872,22841,100.00
873,23281,100.00
874,24690,100.00
875,23412,100.00
876,29120,0.00
877,25921,100.00
878,26491,100.00
879,19531,100.00
880,27378,50.00
881,34405,0.00
882,28458,100.00
883,23893,100.00
884,20065,100.00
885,31062,0.00
886,42642,100.00
887,22114,0.00
888,29063,100.00
889,25893,0.00
890,30888,100.00
891,25262,100.00
892,27005,100.00
893,27340,100.00
894,24690,0.00
895,21479,100.00
896,24842,100.00
897,36855,0.00
898,32538,100.00
899,26788,100.00
900,22301,100.00
901,37406,100.00
902,39879,0.00
903,28476,100.00
904,19823,0.00
905,22763,0.00
906,23758,100.00
907,40721,100.00
908,35427,100.00
909,26491,100.00
910,22038,0.00
911,33595,100.00
912,31392,100.00
913,21910,0.00
914,32854,100.00
915,25686,100.00
916,22201,100.00
917,30270,100.00
918,26610,0.00
919,23791,100.00
920,24312,100.00
921,29112,100.00
922,32260,100.00
923,21500,0.00
924,22158,100.00
925,24880,100.00
926,22825,100.00
927,36244,100.00
928,34876,0.00
929,24169,100.00
930,30899,0.00
931,48742,100.00
932,19497,0.00
933,22072,100.00
934,24490,0.00
935,23418,100.00
936,30930,100.00
937,29568,100.00
938,28348,100.00
939,23398,0.00
940,23685,100.00
941,37741,100.00
942,29817,100.00
943,21346,100.00
944,20148,0.00
945,23615,100.00
946,25022,100.00
947,41217,0.00
948,31146,100.00
949,23993,100.00
950,24114,100.00
951,35529,100.00
952,28268,0.00
953,27727,100.00
954,23827,100.00
955,23224,100.00
956,33339,100.00
957,27700,0.00
958,21927,100.00
959,23175,100.00
960,23297,100.00
961,33222,100.00
962,40487,0.00
963,25717,100.00
964,28125,50.00
965,25323,0.00
966,25420,100.00
967,35791,100.00
968,37741,100.00
969,29411,100.00
970,25804,0.00
971,34907,100.00
972,29167,100.00
973,25732,100.00
974,25703,100.00
975,49882,0.00
976,62486,100.00
977,30560,0.00
978,33564,0.00
979,38285,100.00
980,22106,100.00
981,25157,100.00
982,32969,100.00
983,30558,0.00
984,20807,100.00
985,23496,100.00
986,35261,100.00
987,24472,100.00
988,43916,0.00
989,41809,100.00
990,30443,100.00
991,35207,100.00
992,32377,100.00
993,37400,0.00
994,26988,100.00
995,29106,100.00
996,25287,0.00
997,23464,100.00
998,35251,100.00
999,31308,100.00
1000,60822,100.00
1001,23164,0.00
1002,30344,100.00
1003,28404,100.00
1004,21386,100.00
1005,21896,100.00
1006,23308,0.00
1007,23728,100.00
1008,39790,100.00
1009,35706,100.00
1010,42440,0.00
1011,43139,100.00
1012,22942,0.00
1013,28914,100.00
1014,22756,100.00
1015,23923,100.00
1016,24124,100.00
1017,21312,0.00
1018,33449,100.00
1019,28308,100.00
1020,24951,100.00
1021,21189,100.00
1022,32509,0.00
1023,29461,100.00
1024,23148,100.00
1025,27513,100.00
1026,24832,100.00
1027,27688,0.00
1028,30218,100.00
1029,53216,100.00
1030,21758,0.00
1031,24357,100.00
1032,38957,0.00
1033,30208,100.00
1034,30747,100.00
1035,39050,100.00
1036,25321,100.00
1037,22693,0.00
1038,37052,100.00
1039,40616,100.00
1040,39160,0.00
1041,27785,100.00
1042,21281,100.00
1043,37360,100.00
1044,37181,0.00
1045,29650,100.00
1046,20270,0.00
1047,23993,100.00
1048,23750,0.00
1049,38043,100.00
1050,36093,100.00
1051,27055,100.00
1052,23879,100.00
1053,39543,0.00
1054,32395,100.00
1055,27402,50.00
1056,35678,0.00
1057,26853,100.00
1058,23474,100.00
1059,36492,100.00
1060,28754,100.00
1061,25572,0.00
1062,23619,100.00
1063,31708,100.00
1064,32709,100.00
1065,21782,100.00
1066,23132,0.00
1067,24919,100.00
1068,23856,100.00
1069,42227,100.00
1070,41076,100.00
1071,27568,0.00
1072,50201,100.00
1073,66857,50.00
1074,18310,0.00
1075,26460,100.00
1076,28209,100.00
1077,26952,100.00
1078,22250,100.00
1079,47971,0.00
1080,32364,100.00
1081,26692,100.00
1082,22144,100.00
1083,29344,100.00
1084,39401,0.00
1085,25711,100.00
1086,21349,100.00
1087,22299,100.00
1088,27222,100.00
1089,42170,0.00
1090,35787,100.00
1091,27488,100.00
1092,23321,100.00
1093,36413,100.00
1094,31271,0.00
1095,25531,100.00
1096,24910,100.00
1097,24061,100.00
1098,29744,100.00
1099,25992,0.00
1100,27487,100.00
1101,31521,100.00
1102,27493,0.00
1103,34448,100.00
1104,31715,100.00
1105,22143,100.00
1106,26472,0.00
1107,31029,100.00
1108,21990,0.00
1109,33431,100.00
1110,39579,0.00
1111,30556,100.00
1112,24055,100.00
1113,43896,100.00
1114,33848,100.00
1115,26404,0.00
1116,29593,100.00
1117,26004,100.00
1118,51589,0.00
1119,58507,100.00
1120,25179,0.00
1121,28250,100.00
1122,27840,100.00
1123,26855,0.00
1124,45357,100.00
1125,31379,100.00
1126,24366,100.00
1127,23329,100.00
1128,24913,0.00
1129,33067,100.00
1130,37724,100.00
1131,31534,100.00
1132,31097,100.00
1133,38519,0.00
1134,29835,100.00
1135,28247,0.00
1136,45056,66.67
1137,21959,0.00
1138,23826,100.00
1139,28743,0.00
1140,29900,100.00
1141,32383,100.00
1142,24712,100.00
1143,23410,100.00
1144,33610,0.00
1145,30235,100.00
1146,24188,100.00
1147,22543,100.00
1148,24466,100.00
1149,21497,0.00
1150,44284,100.00
1151,37062,100.00
1152,48081,0.00
1153,60630,100.00
1154,24029,0.00
1155,31914,100.00
1156,28603,100.00
1157,27443,0.00
1158,24598,100.00
1159,30694,100.00
1160,26423,100.00
1161,31036,100.00
1162,24213,0.00
1163,30443,50.00
1164,36763,100.00
1165,28034,0.00
1166,22713,100.00
1167,23127,100.00
1168,24106,100.00
1169,28941,0.00
1170,55290,100.00
1171,22117,0.00
1172,24036,100.00
1173,32167,0.00
1174,25485,100.00
1175,28893,100.00
1176,27129,100.00
1177,24430,100.00
1178,24405,0.00
1179,21010,100.00
1180,46211,100.00
1181,35868,0.00
1182,31372,100.00
1183,21181,100.00
1184,40961,100.00
1185,36896,100.00
1186,28036,0.00
1187,32651,100.00
1188,23110,0.00
1189,23546,100.00
1190,42020,100.00
1191,39211,0.00
1192,24797,100.00
1193,32790,100.00
1194,34819,100.00
1195,33246,100.00
1196,24955,0.00
1197,34905,100.00
1198,27997,100.00
1199,28611,0.00
1200,26939,100.00
1201,26058,100.00
1202,22902,100.00
1203,23382,100.00
1204,30205,0.00
1205,28366,100.00
1206,23407,100.00
1207,23183,100.00
1208,24261,100.00
1209,28396,0.00
1210,31527,100.00
1211,33910,100.00
1212,28642,100.00
1213,34766,0.00
1214,80722,50.00
1215,23001,0.00
1216,24937,100.00
1217,33447,100.00
1218,29134,100.00
1219,23671,100.00
1220,49637,0.00
1221,33788,100.00
1222,26376,100.00
1223,24525,100.00
1224,34681,100.00
1225,32753,0.00
1226,21099,100.00
1227,20093,100.00
1228,37515,0.00
1229,28493,100.00
1230,34840,100.00
1231,39956,0.00
1232,37874,100.00
1233,29823,100.00
1234,39787,100.00
1235,36701,100.00
1236,29637,0.00
1237,27793,100.00
1238,26807,100.00
1239,24687,100.00
1240,31147,100.00
1241,33791,0.00
1242,23034,100.00
1243,28634,100.00
1244,36914,0.00
1245,36272,100.00
1246,22372,100.00
1247,20308,100.00
1248,29025,0.00
1249,26669,100.00
1250,22683,100.00
1251,36953,100.00
1252,40488,0.00
1253,27362,100.00
1254,33430,100.00
1255,28189,100.00
1256,27109,100.00
1257,27938,0.00
1258,27447,100.00
1259,19859,100.00
1260,24009,100.00
1261,31263,100.00
1262,35778,0.00
1263,31692,100.00
1264,21635,0.00
1265,29551,0.00
1266,28311,100.00
1267,20693,100.00
1268,23334,100.00
1269,25194,100.00
1270,23526,0.00
1271,37875,100.00
1272,37930,100.00
1273,33091,100.00
1274,32951,100.00
1275,26985,0.00
1276,28710,100.00
1277,39346,50.00
1278,51980,0.00
1279,43903,100.00
1280,23640,0.00
1281,51377,100.00
1282,34293,100.00
1283,26462,0.00
1284,22437,100.00
1285,30906,100.00
1286,30068,100.00
1287,21189,100.00
1288,23260,0.00
1289,24874,100.00
1290,24049,100.00
1291,42673,100.00
1292,44109,100.00
1293,30479,0.00
1294,41670,0.00
1295,41173,100.00
1296,32583,100.00
1297,22601,100.00
1298,23226,100.00
1299,24917,0.00
1300,21300,100.00
1301,32567,100.00
1302,30673,100.00
1303,25471,100.00
1304,23729,0.00
1305,35493,50.00
1306,30348,100.00
1307,21804,0.00
1308,19736,100.00
1309,23659,100.00
1310,23934,100.00
1311,35354,0.00
1312,54799,100.00
1313,20773,0.00
1314,20724,100.00
1315,40502,0.00
1316,29710,100.00
1317,25765,100.00
1318,24530,100.00
1319,24543,100.00
1320,23906,0.00
1321,36597,100.00
1322,28966,100.00
1323,24120,0.00
1324,24896,100.00
1325,25647,100.00
1326,36356,100.00
1327,33208,100.00
1328,24177,0.00
1329,27894,100.00
1330,22132,0.00
1331,23565,100.00
1332,41431,100.00
1333,35642,0.00
1334,24450,100.00
1335,30850,100.00
1336,26558,100.00
1337,27215,100.00
1338,22409,0.00
1339,37492,0.00
1340,34030,100.00
1341,20064,0.00
1342,31156,100.00
1343,27353,100.00
1344,24820,0.00
1345,22503,100.00
1346,30581,100.00
1347,29202,100.00
1348,23198,100.00
1349,22284,0.00
1350,22748,100.00
1351,22888,100.00
1352,35304,100.00
1353,32265,100.00
1354,26068,0.00
1355,32861,100.00
1356,40731,0.00
1357,61914,66.67
1358,20464,0.00
1359,25590,100.00
1360,28170,0.00
1361,24700,100.00
1362,49583,100.00
1363,33273,100.00
1364,26878,100.00
1365,22419,0.00
1366,39733,100.00
1367,35626,100.00
1368,21963,100.00
1369,20545,100.00
1370,24014,0.00
1371,28912,100.00
1372,42182,0.00
1373,67623,100.00
1374,22933,0.00
1375,20780,100.00
1376,54277,0.00
1377,33466,100.00
1378,22794,100.00
1379,23406,100.00
1380,24900,100.00
1381,20599,0.00
1382,40654,100.00
1383,32451,100.00
1384,25801,100.00
1385,22244,0.00
1386,44000,100.00
1387,31071,100.00
1388,20096,100.00
1389,20242,0.00
1390,31053,50.00
1391,25324,100.00
1392,23190,0.00
1393,44250,100.00
1394,36415,100.00
1395,25619,100.00
1396,37778,100.00
1397,31242,0.00
1398,23667,100.00
1399,24263,100.00
1400,24070,100.00
1401,20475,100.00
1402,24350,0.00
1403,32025,100.00
1404,30999,100.00
1405,30639,0.00
1406,39904,100.00
1407,21026,0.00
1408,27358,0.00
1409,20647,100.00
1410,22842,100.00
1411,24612,100.00
1412,24423,100.00
1413,44719,0.00
1414,43303,100.00
1415,29791,100.00
1416,38646,100.00
1417,34089,100.00
1418,30641,0.00
1419,38288,0.00
1420,61951,100.00
1421,23319,0.00
1422,22596,100.00
1423,45001,100.00
1424,35738,0.00
1425,25572,100.00
1426,24175,100.00
1427,37360,100.00
1428,35289,100.00
1429,22138,0.00
1430,20032,100.00
1431,23652,100.00
1432,23338,100.00
1433,40320,100.00
1434,40466,0.00
1435,29196,100.00
1436,33556,0.00
1437,58151,100.00
1438,21693,0.00
1439,22561,100.00
1440,23584,0.00
1441,25714,100.00
1442,22973,100.00
1443,37954,100.00
1444,30513,100.00
1445,25787,0.00
1446,24130,100.00
1447,26393,50.00
1448,40663,0.00
1449,27448,100.00
1450,20845,100.00
1451,23932,100.00
1452,23759,100.00
1453,29824,0.00
1454,57543,100.00
1455,21469,0.00
1456,24708,0.00
1457,38443,100.00
1458,27446,100.00
1459,31894,100.00
1460,27423,100.00
1461,25420,0.00
1462,21570,100.00
1463,42816,100.00
1464,30570,0.00
1465,24581,100.00
1466,24774,100.00
1467,23513,100.00
1468,37184,100.00
1469,30147,0.00
1470,24486,100.00
1471,23843,50.00
1472,27422,100.00
1473,22260,0.00
1474,33866,0.00
1475,35547,100.00
1476,26514,100.00
1477,24065,100.00
1478,33159,100.00
1479,29111,0.00
1480,23212,100.00
1481,24928,100.00
1482,29777,0.00
1483,30361,100.00
1484,31832,100.00
1485,30051,0.00
1486,27948,100.00
1487,24131,100.00
1488,23404,100.00
1489,29400,100.00
1490,24863,0.00
1491,20681,100.00
1492,22547,100.00
1493,23835,100.00
1494,28100,100.00
1495,43375,0.00
1496,31135,100.00
1497,26721,100.00
1498,34295,100.00
1499,32977,0.00
1500,46910,50.00
1501,20578,0.00
1502,23997,100.00
1503,25052,100.00
1504,29644,100.00
1505,28699,100.00
1506,27491,0.00
1507,24614,100.00
1508,23548,100.00
1509,28886,100.00
1510,25312,100.00
1511,21391,0.00
1512,22756,100.00
1513,24250,100.00
1514,22819,100.00
1515,35398,100.00
1516,29300,0.00
1517,39310,100.00
1518,25919,100.00
1519,35145,0.00
1520,28751,100.00
1521,22759,100.00
1522,24927,100.00
1523,24795,100.00
1524,20756,0.00
1525,32104,100.00
1526,27244,100.00
1527,25101,100.00
1528,22015,0.00
1529,41011,100.00
1530,31645,100.00
1531,20889,100.00
1532,20334,0.00
1533,24823,50.00
1534,25410,100.00
1535,41942,100.00
1536,25534,0.00
1537,27500,0.00
1538,23079,100.00
1539,36411,100.00
1540,29191,100.00
1541,25694,100.00
1542,24786,0.00
1543,24333,100.00
1544,18202,100.00
1545,28082,0.00
1546,25604,100.00
1547,29732,100.00
1548,23840,100.00
1549,28064,100.00
1550,28751,0.00
1551,34508,100.00
1552,21916,100.00
1553,21948,0.00
1554,25652,100.00
1555,23780,100.00
1556,34557,100.00
1557,33754,100.00
1558,28781,0.00
1559,30921,100.00
1560,25669,100.00
1561,26941,100.00
1562,37263,0.00
1563,36667,100.00
1564,22176,0.00
1565,28859,100.00
1566,25127,0.00
1567,26912,100.00
1568,23963,100.00
1569,24339,100.00
1570,29243,100.00
1571,27670,0.00
1572,22658,100.00
1573,22700,100.00
1574,23892,100.00
1575,23247,100.00
1576,38933,0.00
1577,34461,100.00
1578,24773,100.00
1579,41268,0.00
1580,39382,100.00
1581,29528,100.00
1582,24643,0.00
1583,25230,100.00
1584,23237,100.00
1585,22904,100.00
1586,30203,100.00
1587,26872,0.00
1588,24734,100.00
1589,23796,100.00
1590,35444,0.00
1591,29039,100.00
1592,20814,100.00
1593,19778,100.00
1594,22394,100.00
1595,23286,0.00
1596,38583,100.00
1597,33962,100.00
1598,24694,0.00
1599,22420,100.00
1600,30099,100.00
1601,26355,100.00
1602,24682,100.00
1603,24180,0.00
1604,23811,100.00
1605,27412,100.00
1606,25773,100.00
1607,31476,0.00
1608,23437,100.00
1609,21824,100.00
1610,29424,100.00
1611,28528,0.00
1612,24019,100.00
1613,27034,50.00
1614,33166,100.00
1615,22276,0.00
1616,30269,100.00
1617,34739,100.00
1618,33266,100.00
1619,26101,0.00
1620,32398,100.00
1621,26936,100.00
1622,25706,100.00
1623,23786,100.00
1624,24890,0.00
1625,45568,100.00
1626,40136,100.00
1627,18751,0.00
1628,26184,100.00
1629,24581,100.00
1630,25040,100.00
1631,34037,100.00
1632,29105,0.00
1633,21054,100.00
1634,22540,100.00
1635,28213,100.00
1636,23064,100.00
1637,36834,0.00
1638,34939,100.00
1639,25312,100.00
1640,35897,100.00
1641,30502,100.00
1642,33636,0.00
1643,29661,100.00
1644,22879,0.00
1645,24046,0.00
1646,21957,100.00
1647,37749,100.00
1648,31238,100.00
1649,24204,100.00
1650,23276,0.00
1651,33962,100.00
1652,29475,100.00
1653,21153,100.00
1654,23426,100.00
1655,24288,0.00
1656,22786,100.00
1657,37259,100.00
1658,32470,100.00
1659,43064,0.00
1660,57332,100.00
1661,25818,0.00
1662,34891,100.00
1663,24669,100.00
1664,32272,100.00
1665,30063,100.00
1666,22429,0.00
1667,34924,100.00
1668,29608,100.00
1669,25224,100.00
1670,19562,100.00
1671,38222,0.00
1672,33467,100.00
1673,20104,100.00
1674,26983,100.00
1675,22536,100.00
1676,26422,0.00
1677,45909,100.00
1678,23878,0.00
1679,28753,0.00
1680,24205,100.00
1681,33931,100.00
1682,26935,100.00
1683,24046,100.00
1684,24404,0.00
1685,23807,100.00
1686,17365,100.00
1687,30284,100.00
1688,23099,100.00
1689,32141,0.00
1690,23888,100.00
1691,26982,100.00
1692,32135,100.00
1693,32270,0.00
1694,28806,100.00
1695,20328,0.00
1696,25279,100.00
1697,23521,0.00
1698,36760,100.00
1699,34248,100.00
1700,24889,100.00
1701,30000,100.00
1702,28281,0.00
1703,28435,100.00
1704,25794,50.00
1705,35425,0.00
1706,25138,100.00
1707,21542,100.00
1708,39122,100.00
1709,32372,100.00
1710,25173,0.00
1711,23740,100.00
1712,36511,100.00
1713,58199,100.00
1714,25220,100.00
1715,25283,0.00
1716,27240,100.00
1717,26357,100.00
1718,51618,100.00
1719,46296,100.00
1720,27634,0.00
1721,39698,100.00
1722,71821,50.00
1723,20449,0.00
1724,25829,100.00
1725,27058,100.00
1726,30108,0.00
1727,25906,100.00
1728,46283,100.00
1729,35739,100.00
1730,28088,100.00
1731,25137,0.00
1732,34952,100.00
1733,37839,100.00
1734,22286,0.00
1735,20292,100.00
1736,25012,100.00
1737,29413,100.00
1738,30674,0.00
1739,56392,100.00
1740,22277,0.00
1741,21479,0.00
1742,42317,100.00
1743,32598,100.00
1744,25821,100.00
1745,23597,100.00
1746,27150,0.00
1747,21796,100.00
1748,37378,100.00
1749,31445,100.00
1750,27655,0.00
1751,29202,100.00
1752,34214,100.00
1753,36227,100.00
1754,23158,0.00
1755,20522,100.00
1756,37023,50.00
1757,27688,0.00
1758,26782,100.00
1759,40320,100.00
1760,39268,100.00
1761,40187,100.00
1762,33774,0.00
1763,32058,100.00
1764,28514,100.00
1765,29354,100.00
1766,25771,100.00
1767,37243,0.00
1768,59503,100.00
1769,19863,0.00
1770,38018,0.00
1771,28961,100.00
1772,26807,100.00
1773,32983,100.00
1774,27909,100.00
1775,22798,0.00
1776,21881,100.00
1777,24074,100.00
1778,24261,100.00
1779,32021,100.00
1780,39146,0.00
1781,34498,100.00
1782,22994,100.00
1783,38872,100.00
1784,30340,100.00
1785,28878,0.00
1786,43268,100.00
1787,22333,0.00
1788,24588,100.00
1789,28750,100.00
1790,25786,100.00
1791,31228,0.00
1792,25613,100.00
1793,22977,100.00
1794,34279,100.00
1795,30222,100.00
1796,21567,0.00
1797,23806,100.00
1798,24174,100.00
1799,23261,100.00
1800,42207,100.00
1801,34217,0.00
1802,34858,100.00
1803,46287,100.00
1804,21107,0.00
1805,25104,100.00
1806,23169,100.00
1807,24697,100.00
1808,23704,100.00
1809,22152,0.00
1810,37302,100.00
1811,28888,100.00
1812,24066,100.00
1813,24260,0.00
1814,39485,50.00
1815,33795,100.00
1816,27984,100.00
1817,23244,0.00
1818,22618,100.00
1819,27810,100.00
1820,63293,100.00
1821,27120,0.00
1822,24539,0.00
1823,22309,100.00
1824,48602,100.00
1825,32469,100.00
1826,26463,100.00
1827,25944,0.00
1828,25935,100.00
1829,17554,100.00
1830,38319,100.00
1831,31814,100.00
1832,28626,0.00
1833,25080,100.00
1834,30789,100.00
1835,30566,100.00
1836,37260,0.00
1837,22476,100.00
1838,24617,100.00
1839,24821,100.00
1840,28793,0.00
1841,33271,100.00
1842,36423,100.00
1843,28657,100.00
1844,35106,100.00
1845,32575,0.00
1846,22001,100.00
1847,28864,50.00
1848,33490,0.00
1849,33891,100.00
1850,19617,0.00
1851,29940,100.00
1852,24899,100.00
1853,22974,0.00
1854,23414,100.00
1855,33061,100.00
1856,29840,100.00
1857,21517,100.00
1858,24776,0.00
1859,24422,100.00
1860,29208,100.00
1861,34040,100.00
1862,37982,100.00
1863,25999,0.00
1864,28569,0.00
1865,62141,66.67
1866,19222,0.00
1867,22266,100.00
1868,25882,100.00
1869,24310,0.00
1870,30630,100.00
1871,34718,100.00
1872,33647,100.00
1873,27112,100.00
1874,22681,0.00
1875,37298,100.00
1876,28888,100.00
1877,24682,100.00
1878,19189,100.00
1879,24669,0.00
1880,24984,100.00
1881,35930,100.00
1882,52848,100.00
1883,21117,0.00
1884,32057,0.00
1885,31539,100.00
1886,30332,100.00
1887,24433,100.00
1888,25318,100.00
1889,24000,0.00
1890,28457,100.00
1891,27327,100.00
1892,30660,100.00
1893,22532,100.00
1894,25670,0.00
1895,33508,100.00
1896,29851,100.00
1897,21649,100.00
1898,28094,0.00
1899,25261,50.00
1900,29288,100.00
1901,25795,0.00
1902,35796,0.00
1903,30319,100.00
1904,23771,100.00
1905,36536,100.00
1906,29831,100.00
1907,25633,0.00
1908,24640,100.00
1909,23828,100.00
1910,21419,0.00
1911,31160,100.00
1912,30079,100.00
1913,45314,100.00
1914,28010,100.00
1915,24827,0.00
1916,44952,100.00
1917,28702,100.00
1918,20657,100.00
1919,23205,100.00
1920,24054,0.00
1921,33987,100.00
1922,35076,100.00
1923,32513,100.00
1924,24791,100.00
1925,45572,0.00
1926,38729,100.00
1927,23952,100.00
1928,55586,0.00
1929,34901,100.00
1930,26218,100.00
1931,35465,0.00
1932,31036,100.00
1933,31662,100.00
1934,28228,100.00
1935,24154,100.00
1936,46753,0.00
1937,40695,100.00
1938,24709,100.00
1939,24808,100.00
1940,25620,100.00
1941,22428,0.00
1942,46349,100.00
1943,41126,100.00
1944,44589,0.00
1945,55892,100.00
1946,21852,0.00
1947,33010,0.00
1948,23083,100.00
1949,24660,100.00
1950,24111,100.00
1951,22232,100.00
1952,42022,0.00
1953,32846,100.00
1954,27146,100.00
1955,18530,100.00
1956,44898,50.00
1957,32949,0.00
1958,23031,100.00
1959,20780,100.00
1960,22480,100.00
1961,25337,100.00
1962,55265,100.00
1963,25836,0.00
1964,26092,100.00
1965,22226,100.00
1966,49266,100.00
1967,32940,0.00
1968,25923,100.00
1969,25732,100.00
1970,24498,100.00
1971,31660,100.00
1972,29485,0.00
1973,27999,100.00
1974,25644,100.00
1975,23538,0.00
1976,32749,100.00
1977,30845,100.00
1978,33306,0.00
1979,36890,100.00
1980,20297,0.00
1981,23905,100.00
1982,23230,100.00
1983,41637,0.00
1984,39733,100.00
1985,28236,100.00
1986,35161,100.00
1987,32647,100.00
1988,28806,0.00
1989,21055,100.00
1990,31072,50.00
1991,29843,0.00
1992,23607,100.00
1993,36807,100.00
1994,29948,100.00
1995,24730,100.00
1996,22146,0.00
1997,30617,100.00
1998,29630,100.00
1999,20502,100.00
2000,51363,100.00
2001,23982,0.00
2002,23256,100.00
2003,34834,100.00
2004,37503,100.00
2005,27270,100.00
2006,30048,0.00
2007,34540,100.00
2008,48720,50.00
2009,44701,100.00
2010,24482,0.00
2011,31708,100.00
2012,24641,100.00
2013,40303,100.00
2014,31876,0.00
2015,25965,100.00
2016,23970,100.00
2017,31235,100.00
2018,28029,100.00
2019,20883,0.00
2020,19141,100.00
2021,23191,100.00
2022,24322,0.00
2023,30991,100.00
2024,41677,100.00
2025,44383,100.00
2026,18958,0.00
2027,39621,0.00
2028,34433,100.00
2029,22670,100.00
2030,24368,100.00
2031,25280,100.00
2032,20978,0.00
2033,36793,100.00
2034,31443,100.00
2035,26300,100.00
2036,24864,0.00
2037,39525,100.00
2038,32519,100.00
2039,20673,100.00
2040,19534,0.00
2041,30110,50.00
2042,31125,100.00
2043,21206,0.00
2044,40145,100.00
2045,32750,100.00
2046,23452,100.00
2047,32601,100.00
2048,28259,0.00
2049,27390,100.00
2050,25418,100.00
2051,29027,100.00
2052,21905,100.00
2053,20594,0.00
2054,40907,100.00
2055,34630,100.00
2056,34458,0.00
2057,35880,100.00
2058,24629,0.00
2059,27474,100.00
2060,20821,100.00
2061,21728,0.00
2062,24437,100.00
2063,23903,100.00
2064,34726,100.00
2065,33133,100.00
2066,24286,0.00
2067,30428,100.00
2068,28430,100.00
2069,25005,100.00
2070,26949,0.00
2071,43708,100.00
2072,22287,0.00
2073,22017,100.00
2074,32511,0.00
2075,27960,100.00
2076,24277,100.00
2077,22934,100.00
2078,33505,100.00
2079,31243,0.00
2080,21838,100.00
2081,23046,100.00
2082,24198,100.00
2083,23249,100.00
2084,38764,0.00
2085,36347,100.00
2086,27596,100.00
2087,67869,0.00
2088,70521,100.00
2089,20006,0.00
2090,21402,0.00
2091,20955,100.00
2092,26466,100.00
2093,22584,100.00
2094,51559,100.00
2095,31152,0.00
2096,25918,100.00
2097,22108,100.00
2098,45296,0.00
2099,36472,100.00
2100,22808,100.00
2101,20593,100.00
2102,25889,100.00
2103,23873,0.00
2104,33254,100.00
2105,58555,100.00
2106,22753,0.00
2107,22147,100.00
2108,40476,100.00
2109,30847,100.00
2110,24314,100.00
2111,24788,0.00
2112,24175,100.00
2113,28540,100.00
2114,31532,100.00
2115,27689,0.00
2116,26601,100.00
2117,23526,100.00
2118,28087,100.00
2119,35131,0.00
2120,27903,100.00
2121,30953,100.00
2122,37921,50.00
2123,22474,0.00
2124,22343,100.00
2125,35546,100.00
2126,36328,100.00
2127,29211,0.00
2128,32602,100.00
2129,30111,100.00
2130,35092,100.00
2131,25471,100.00
2132,30707,0.00
2133,70273,100.00
2134,23746,0.00
2135,52418,0.00
2136,39124,100.00
2137,25939,100.00
2138,22801,100.00
2139,36207,100.00
2140,29693,0.00
2141,20737,100.00
2142,23522,100.00
2143,24449,100.00
2144,24413,100.00
2145,34621,0.00
2146,35763,100.00
2147,28124,100.00
2148,31810,100.00
2149,26530,100.00
2150,48741,0.00
2151,32095,0.00
2152,36112,100.00
2153,36726,100.00
2154,27111,100.00
2155,42160,100.00
2156,33329,0.00
2157,25861,100.00
2158,25938,100.00
2159,26088,100.00
2160,32727,100.00
2161,24933,0.00
2162,19898,100.00
2163,23628,100.00
2164,24101,100.00
2165,34830,100.00
2166,36035,0.00
2167,29622,0.00
2168,38059,100.00
2169,43200,100.00
2170,20346,0.00
2171,23053,100.00
2172,23803,0.00
2173,25464,100.00
2174,24105,100.00
2175,29799,100.00
2176,26038,100.00
2177,24991,0.00
2178,20005,100.00
2179,31451,100.00
2180,35904,100.00
2181,29412,100.00
2182,27004,0.00
2183,21705,100.00
2184,46729,50.00
2185,48023,100.00
2186,20746,0.00
2187,36374,100.00
2188,25688,100.00
2189,31874,100.00
2190,30695,0.00
2191,29486,100.00
2192,25944,100.00
2193,25664,100.00
2194,21030,100.00
2195,20966,0.00
2196,34524,100.00
2197,33254,100.00
2198,25710,0.00
2199,25826,100.00
2200,33304,100.00
2201,35122,0.00
2202,24731,100.00
2203,28218,100.00
2204,20936,0.00
2205,23499,100.00
2206,32411,0.00
2207,32556,100.00
2208,26803,100.00
2209,22585,100.00
2210,35818,100.00
2211,27602,0.00
2212,21897,100.00
2213,33212,0.00
2214,31749,100.00
2215,25669,100.00
2216,29038,100.00
2217,28115,0.00
2218,25930,100.00
2219,25815,100.00
2220,24043,100.00
2221,38390,100.00
2222,30588,0.00
2223,21857,100.00
2224,23023,100.00
2225,24853,100.00
2226,29109,100.00
2227,40724,0.00
2228,37265,100.00
2229,22672,100.00
2230,43600,0.00
2231,41496,100.00
2232,35142,100.00
2233,23987,0.00
2234,24380,100.00
2235,24693,100.00
2236,36398,100.00
2237,42171,100.00
2238,29009,0.00
2239,25363,100.00
2240,28016,100.00
2241,39548,0.00
2242,34476,100.00
2243,22802,100.00
2244,22361,100.00
2245,23906,100.00
2246,23259,0.00
2247,39597,100.00
2248,55502,100.00
2249,22031,0.00
2250,20622,100.00
2251,43456,100.00
2252,30213,100.00
2253,24775,100.00
2254,24848,0.00
2255,23656,100.00
2256,30313,100.00
2257,27424,100.00
2258,34944,0.00
2259,22539,100.00
2260,23615,100.00
2261,29258,100.00
2262,28476,0.00
2263,26595,100.00
2264,23477,100.00
2265,31335,50.00
2266,39983,0.00
2267,27274,100.00
2268,30514,100.00
2269,29550,100.00
2270,27131,0.00
2271,28907,100.00
2272,26768,100.00
2273,30090,100.00
2274,25606,100.00
2275,24293,0.00
2276,39540,100.00
2277,22482,100.00
2278,35545,0.00
2279,29140,100.00
2280,23918,100.00
2281,23897,100.00
2282,32379,100.00
2283,27903,0.00
2284,20827,100.00
2285,22004,100.00
2286,25092,100.00
2287,22582,100.00
2288,36531,0.00
2289,34335,100.00
2290,24626,100.00
2291,32348,100.00
2292,28104,100.00
2293,34936,0.00
2294,24960,0.00
2295,25198,100.00
2296,24848,100.00
2297,22841,100.00
2298,32457,100.00
2299,28399,0.00
2300,24515,100.00
2301,21655,100.00
2302,29184,100.00
2303,26226,100.00
2304,21995,0.00
2305,19616,100.00
2306,23010,100.00
2307,24188,100.00
2308,34057,100.00
2309,34229,0.00
2310,41167,0.00
2311,40012,100.00
2312,21573,0.00
2313,26076,100.00
2314,22886,100.00
2315,23474,0.00
2316,24544,100.00
2317,21961,100.00
2318,27336,100.00
2319,25602,100.00
2320,24376,0.00
2321,20213,100.00
2322,30042,50.00
2323,29566,100.00
2324,23982,100.00
2325,21916,0.00
2326,23230,100.00
2327,26233,100.00
2328,28701,100.00
2329,49111,100.00
2330,21535,0.00
2331,24762,100.00
2332,40083,100.00
2333,29543,100.00
2334,30054,100.00
2335,26992,0.00
2336,24688,100.00
2337,19126,100.00
2338,24841,0.00
2339,31358,100.00
2340,31369,100.00
2341,26737,100.00
2342,22622,100.00
2343,32040,0.00
2344,35420,100.00
2345,29974,100.00
2346,20615,0.00
2347,24290,100.00
2348,23031,100.00
2349,38211,100.00
2350,36193,100.00
2351,26307,0.00
2352,28140,100.00
2353,36345,100.00
2354,33350,100.00
2355,25375,0.00
2356,34154,100.00
2357,27201,100.00
2358,28725,100.00
2359,27698,0.00
2360,28511,100.00
2361,25042,100.00
2362,24445,100.00
2363,30860,100.00
2364,28569,0.00
2365,20338,100.00
2366,22552,100.00
2367,24315,100.00
2368,22300,100.00
2369,41457,0.00
2370,35570,100.00
2371,24623,100.00
2372,30720,0.00
2373,50095,66.67
2374,20316,0.00
2375,21358,100.00
2376,24748,100.00
2377,24872,0.00
2378,23142,100.00
2379,42732,100.00
2380,40922,100.00
2381,25658,100.00
2382,24911,0.00
2383,31574,100.00
2384,31962,100.00
2385,21823,100.00
2386,23411,100.00
2387,22155,0.00
2388,24946,100.00
2389,59237,100.00
2390,25719,0.00
2391,30606,100.00
2392,21768,0.00
2393,43251,100.00
2394,30498,100.00
2395,24786,100.00
2396,24878,100.00
2397,27318,0.00
2398,29059,100.00
2399,31988,100.00
2400,31597,100.00
2401,25667,0.00
2402,25236,100.00
2403,38697,100.00
2404,30850,100.00
2405,27124,0.00
2406,25077,100.00
2407,26144,50.00
2408,29297,100.00
2409,26487,0.00
2410,38832,0.00
2411,35543,100.00
2412,29511,100.00
2413,37380,100.00
2414,31361,100.00
2415,23603,0.00
2416,25574,100.00
2417,26314,100.00
2418,30164,0.00
2419,29447,100.00
2420,41372,100.00
2421,36026,0.00
2422,28085,100.00
2423,22949,100.00
2424,38404,100.00
2425,36876,100.00
2426,24714,0.00
2427,21886,100.00
2428,24700,100.00
2429,26184,100.00
2430,36954,100.00
2431,37227,0.00
2432,30737,100.00
2433,27943,100.00
2434,40733,100.00
2435,33538,100.00
2436,40517,0.00
2437,62792,100.00
2438,25059,0.00
2439,24965,100.00
2440,35576,100.00
2441,34003,100.00
2442,34886,0.00
2443,25121,100.00
2444,25617,100.00
2445,37750,100.00
2446,39235,100.00
2447,26606,0.00
2448,25536,100.00
2449,27070,100.00
2450,24384,100.00
2451,39040,100.00
2452,34379,0.00
2453,42599,0.00
2454,42490,100.00
2455,19858,0.00
2456,27624,100.00
2457,22465,100.00
2458,24614,0.00
2459,24970,100.00
2460,19303,100.00
2461,30802,100.00
2462,26806,100.00
2463,47546,0.00
2464,25609,100.00
2465,39063,50.00
2466,31516,100.00
2467,21788,100.00
2468,21397,0.00
2469,23449,100.00
2470,25881,100.00
2471,37682,0.00
2472,33682,100.00
2473,31805,100.00
2474,28694,100.00
2475,35838,100.00
2476,29852,0.00
2477,26153,100.00
2478,24632,100.00
2479,24210,100.00
2480,22691,100.00
2481,17514,0.00
2482,32700,100.00
2483,31573,100.00
2484,24733,0.00
2485,21136,100.00
2486,32695,100.00
2487,32291,0.00
2488,29379,100.00
2489,20643,0.00
2490,22910,100.00
2491,23121,100.00
2492,34891,0.00
2493,31750,100.00
2494,24407,100.00
2495,21394,100.00
2496,35556,100.00
2497,28655,0.00
2498,22548,50.00
2499,29919,0.00
2500,27182,100.00
2501,22477,100.00
2502,30150,100.00
2503,25451,0.00
2504,24386,100.00
2505,21001,100.00
2506,30221,100.00
2507,27344,100.00
2508,20404,0.00
2509,21835,100.00
2510,23347,100.00
2511,22105,100.00
2512,35407,100.00
2513,32067,0.00
2514,25570,100.00
2515,25822,100.00
2516,46917,0.00
2517,48135,100.00
2518,19964,0.00
2519,23841,0.00
2520,26067,100.00
2521,20324,100.00
2522,38539,100.00
2523,30929,100.00
2524,28763,0.00
2525,23591,100.00
2526,33739,100.00
2527,43692,100.00
2528,20819,100.00
2529,19270,0.00
2530,26552,100.00
2531,24640,100.00
2532,28078,0.00
2533,39980,100.00
2534,33757,100.00
2535,26196,0.00
2536,36365,100.00
2537,29336,100.00
2538,22305,100.00
2539,24434,100.00
2540,24373,0.00
2541,19949,100.00
2542,31715,100.00
2543,27953,100.00
2544,24028,100.00
2545,20427,0.00
2546,36012,100.00
2547,29463,100.00
2548,18890,0.00
2549,18857,100.00
2550,28371,50.00
2551,23962,0.00
2552,23550,100.00
2553,37747,100.00
2554,36290,100.00
2555,25610,100.00
2556,33445,0.00
2557,28809,100.00
2558,24080,100.00
2559,22557,100.00
2560,24607,100.00
2561,19497,0.00
2562,23148,100.00
2563,29975,100.00
2564,35152,0.00
2565,27195,100.00
2566,21145,0.00
2567,28985,100.00
2568,25743,100.00
2569,19734,0.00
2570,22259,100.00
2571,24776,100.00
2572,22921,100.00
2573,33639,100.00
2574,35411,0.00
2575,25644,100.00
2576,32605,100.00
2577,27325,100.00
2578,28048,100.00
2579,35555,0.00
2580,42753,100.00
2581,22077,0.00
2582,24012,100.00
2583,34293,100.00
2584,29991,100.00
2585,25095,0.00
2586,21455,100.00
2587,30722,100.00
2588,33974,100.00
2589,21417,100.00
2590,21791,0.00
2591,23975,100.00
2592,24035,100.00
2593,40719,100.00
2594,42992,100.00
2595,29144,0.00
2596,62821,0.00
2597,54389,100.00
2598,42179,100.00
2599,31971,100.00
2600,33099,100.00
2601,29385,0.00
2602,23114,100.00
2603,40341,100.00
2604,34082,100.00
2605,27693,100.00
2606,25020,0.00
2607,39452,50.00
2608,35737,100.00
2609,24218,0.00
2610,22550,100.00
2611,27136,100.00
2612,25248,100.00
2613,31159,0.00
2614,56533,100.00
2615,21844,0.00
2616,24880,100.00
2617,39678,0.00
2618,32881,100.00
2619,32278,100.00
2620,26684,100.00
2621,26699,100.00
2622,25742,0.00
2623,33855,100.00
2624,27148,100.00
2625,29508,0.00
2626,25732,100.00
2627,22313,100.00
2628,40198,100.00
2629,35591,100.00
2630,37040,0.00
2631,25628,100.00
2632,26205,100.00
2633,24283,0.00
2634,35610,100.00
2635,33639,100.00
2636,26414,100.00
2637,25979,100.00
2638,39240,0.00
2639,29399,100.00
2640,26135,100.00
2641,34291,0.00
2642,44173,100.00
2643,17501,0.00
2644,35102,100.00
2645,33798,100.00
2646,25572,0.00
2647,21836,100.00
2648,31280,100.00
2649,32502,100.00
2650,21371,100.00
2651,20167,0.00
2652,23672,100.00
2653,24397,100.00
2654,41113,100.00
2655,41187,100.00
2656,32093,0.00
2657,28830,100.00
2658,38840,100.00
2659,47780,0.00
2660,49943,100.00
2661,24010,0.00
2662,29102,100.00
2663,24261,100.00
2664,45194,0.00
2665,34885,100.00
2666,25832,100.00
2667,24470,100.00
2668,36778,100.00
2669,27591,0.00
2670,22056,100.00
2671,24094,100.00
2672,26438,100.00
2673,20927,0.00
2674,28926,100.00
2675,38775,100.00
2676,31808,100.00
2677,23150,0.00
2678,32339,100.00
2679,28097,100.00
2680,23214,100.00
2681,22145,100.00
2682,25303,0.00
2683,21863,100.00
2684,32208,100.00
2685,29990,100.00
2686,25361,100.00
2687,25872,0.00
2688,38976,100.00
2689,35030,100.00
2690,22465,0.00
2691,21771,100.00
2692,31582,50.00
2693,35911,100.00
2694,28675,0.00
2695,34709,100.00
2696,34283,100.00
2697,29311,100.00
2698,33797,0.00
2699,30974,100.00
2700,25805,100.00
2701,24498,100.00
2702,28365,100.00
2703,19228,0.00
2704,26223,100.00
2705,39820,100.00
2706,32095,0.00
2707,33822,100.00
2708,37845,100.00
2709,23997,0.00
2710,31944,100.00
2711,20878,0.00
2712,22668,100.00
2713,26532,100.00
2714,23082,100.00
2715,42990,100.00
2716,41551,0.00
2717,29880,100.00
2718,31898,100.00
2719,34247,100.00
2720,31320,100.00
2721,40599,0.00
2722,37234,100.00
2723,38400,100.00
2724,20657,0.00
2725,40508,100.00
2726,34811,100.00
2727,26994,100.00
2728,22685,100.00
2729,32840,0.00
2730,32856,100.00
2731,25685,100.00
2732,23888,100.00
2733,20139,100.00
2734,23565,0.00
2735,40329,100.00
2736,49189,100.00
2737,32022,100.00
2738,46968,0.00
2739,58536,100.00
2740,23966,0.00
2741,28901,100.00
2742,32406,100.00
2743,31351,100.00
2744,23789,100.00
2745,42027,0.00
2746,30633,100.00
2747,27047,100.00
2748,22800,100.00
2749,39498,0.00
2750,32912,100.00
2751,26606,100.00
2752,23966,100.00
2753,23155,0.00
2754,25151,100.00
2755,28332,100.00
2756,39385,0.00
2757,40564,100.00
2758,18093,0.00
2759,31507,100.00
2760,26704,100.00
2761,27593,0.00
2762,25486,100.00
2763,24242,100.00
2764,29741,100.00
2765,31978,100.00
2766,31638,0.00
2767,29776,100.00
2768,22346,100.00
2769,22605,0.00
2770,37649,100.00
2771,32462,100.00
2772,27192,100.00
2773,30446,100.00
2774,32144,100.00
2775,24207,0.00
2776,35216,100.00
2777,32479,100.00
2778,26841,100.00
2779,25222,0.00
2780,37221,100.00
2781,37508,100.00
2782,29905,100.00
2783,24947,100.00
2784,37177,0.00
2785,29220,100.00
2786,37772,100.00
2787,30069,0.00
2788,24968,100.00
2789,21468,100.00
2790,29528,100.00
2791,27598,100.00
2792,20955,0.00
2793,22192,100.00
2794,23464,100.00
2795,24973,100.00
2796,34724,100.00
2797,35102,0.00
2798,24467,100.00
2799,30404,100.00
2800,25640,100.00
2801,48647,0.00
2802,38999,100.00
2803,37859,0.00
2804,34764,100.00
2805,24143,100.00
2806,43339,100.00
2807,32838,100.00
2808,25694,0.00
2809,25824,100.00
2810,23893,100.00
2811,40755,100.00
2812,28995,100.00
2813,22105,0.00
2814,24877,100.00
2815,29207,100.00
2816,39238,100.00
2817,37407,100.00
2818,42297,0.00
2819,44261,100.00
2820,21375,0.00
2821,26891,100.00
2822,22808,100.00
2823,23953,100.00
2824,24970,0.00
2825,20913,100.00
2826,30228,100.00
2827,29936,100.00
2828,26537,100.00
2829,24429,0.00
2830,35392,100.00
2831,34225,100.00
2832,22582,0.00
2833,24498,100.00
2834,22685,100.00
2835,29961,0.00
2836,34877,100.00
2837,32507,100.00
2838,28466,100.00
2839,23899,100.00
2840,31398,0.00
2841,29374,100.00
2842,27320,100.00
2843,24427,100.00
2844,27300,100.00
2845,20938,0.00
2846,31619,100.00
2847,28398,100.00
2848,25657,0.00
2849,22293,100.00
2850,31727,100.00
2851,29181,100.00
2852,34741,0.00
2853,21381,100.00
2854,23703,100.00
2855,24704,100.00
2856,32827,0.00
2857,33853,100.00
2858,33011,100.00
2859,28527,100.00
2860,38239,100.00
2861,36043,0.00
2862,22615,100.00
2863,31806,0.00
2864,38689,100.00
2865,22339,0.00
2866,31463,100.00
2867,28956,0.00
2868,26553,100.00
2869,22918,100.00
2870,23438,100.00
2871,31853,100.00
2872,25278,0.00
2873,19982,100.00
2874,22434,100.00
2875,28703,100.00
2876,31626,100.00
2877,32862,0.00
2878,31789,100.00
2879,21021,100.00
2880,64647,0.00
2881,52233,100.00
2882,34802,100.00
2883,28640,100.00
2884,25304,100.00
2885,24359,0.00
2886,33396,100.00
2887,27943,100.00
2888,26976,100.00
2889,25783,100.00
2890,22632,0.00
2891,37353,50.00
2892,31060,100.00
2893,22896,100.00
2894,20527,100.00
2895,23944,0.00
2896,24051,100.00
2897,43684,100.00
2898,36147,0.00
2899,25441,100.00
2900,23416,100.00
2901,32752,100.00
2902,30091,100.00
2903,26173,0.00
2904,24682,100.00
2905,23359,100.00
2906,32376,100.00
2907,26859,0.00
2908,22102,100.00
2909,23340,100.00
2910,22290,100.00
2911,31093,0.00
2912,29430,100.00
2913,20540,100.00
2914,30436,0.00
2915,23966,100.00
2916,24389,100.00
2917,35463,100.00
2918,35119,100.00
2919,26933,0.00
2920,24280,100.00
2921,33347,100.00
2922,30935,100.00
2923,26319,100.00
2924,25055,0.00
2925,37229,0.00
2926,82710,100.00
2927,25796,0.00
2928,43634,100.00
2929,29866,100.00
2930,27444,0.00
2931,24831,100.00
2932,48135,100.00
2933,31630,100.00
2934,21505,100.00
2935,23099,0.00
2936,25654,100.00
2937,46297,100.00
2938,43870,100.00
2939,41516,100.00
2940,28890,0.00
2941,45072,100.00
2942,40760,100.00
2943,61951,50.00
2944,23623,0.00
2945,29019,100.00
2946,28595,100.00
2947,41518,100.00
2948,33013,0.00
2949,27094,100.00
2950,25516,100.00
2951,26120,100.00
2952,42864,100.00
2953,32630,0.00
2954,23055,100.00
2955,26479,100.00
2956,24815,100.00
2957,51309,100.00
2958,42887,0.00
2959,50070,100.00
2960,66153,100.00
2961,64477,100.00
2962,21467,0.00
2963,31385,100.00
2964,31456,100.00
2965,35118,100.00
2966,34473,0.00
2967,44147,100.00
2968,37725,100.00
2969,38080,100.00
2970,43975,100.00
2971,57960,0.00
2972,66344,100.00
2973,54718,0.00
2974,25321,100.00
2975,25227,100.00
2976,27508,100.00
2977,56282,0.00
2978,70029,100.00
2979,30866,0.00
2980,50483,100.00
2981,29958,0.00
2982,50564,100.00
2983,39780,100.00
2984,28914,100.00
2985,28133,100.00
2986,63010,0.00
2987,32071,100.00
2988,56529,100.00
2989,47502,100.00
2990,39126,100.00
2991,55036,0.00
2992,32667,100.00
2993,47278,100.00
2994,51319,100.00
2995,53542,0.00
2996,37952,100.00
2997,21855,0.00
2998,25089,100.00
2999,50418,100.00
3000,67688,0.00
3001,43126,100.00
3002,23903,100.00
3003,63569,100.00
3004,40553,100.00
3005,43676,0.00
3006,52262,0.00
3007,32083,100.00
3008,22090,100.00
3009,44702,100.00
3010,33313,100.00
3011,38181,0.00
3012,23463,100.00
3013,30469,100.00
3014,35627,100.00
3015,23928,100.00
3016,20804,0.00
3017,24570,100.00
3018,23578,100.00
3019,41152,100.00
3020,39731,100.00
3021,31380,0.00
3022,25193,100.00
3023,39130,100.00
3024,53323,100.00
3025,19772,0.00
3026,22493,100.00
3027,24833,100.00
3028,22766,100.00
3029,39065,0.00
3030,33004,100.00
3031,27741,100.00
3032,24817,100.00
3033,30323,100.00
3034,41617,0.00
3035,19758,100.00
3036,24781,100.00
3037,23237,0.00
3038,23018,100.00
3039,31083,100.00
3040,65266,100.00
3041,22167,0.00
3042,23353,100.00
3043,47333,100.00
3044,34984,100.00
3045,25920,0.00
3046,23991,100.00
3047,26321,100.00
3048,22991,100.00
3049,43634,100.00
3050,31801,0.00
3051,23670,100.00
3052,27660,100.00
3053,37550,0.00
3054,33699,100.00
3055,21170,100.00
3056,19819,100.00
3057,30541,0.00
3058,24704,100.00
3059,22787,100.00
3060,41124,100.00
3061,35994,0.00
3062,25109,100.00
3063,38098,100.00
3064,26883,100.00
3065,23451,100.00
3066,23253,0.00
3067,24419,100.00
3068,28807,0.00
3069,26403,100.00
3070,29840,100.00
3071,25890,100.00
3072,24862,0.00
3073,21231,100.00
3074,28271,100.00
3075,27155,100.00
3076,20657,100.00
3077,20080,0.00
3078,22600,100.00
3079,23171,100.00
3080,34251,100.00
3081,33784,100.00
3082,24739,0.00
3083,31630,100.00
3084,31488,100.00
3085,22768,100.00
3086,56021,0.00
3087,33421,100.00
3088,31417,0.00
3089,20682,100.00
3090,37809,100.00
3091,28143,100.00
3092,24629,100.00
3093,22603,0.00
3094,29521,100.00
3095,31113,100.00
3096,22556,100.00
3097,20581,100.00
3098,23008,0.00
3099,23585,100.00
3100,33506,100.00
3101,35597,100.00
3102,39669,0.00
3103,44621,100.00
3104,54700,100.00
3105,22036,0.00
3106,22377,0.00
3107,29769,100.00
3108,30310,100.00
3109,22044,100.00
3110,36288,100.00
3111,28087,0.00
3112,24772,100.00
3113,24512,100.00
3114,35229,100.00
3115,30734,100.00
3116,23685,0.00
3117,20380,100.00
3118,22466,100.00
3119,23551,100.00
3120,33606,0.00
3121,51126,100.00
3122,21860,0.00
3123,21269,100.00
3124,40565,0.00
3125,35406,100.00
3126,26353,100.00
3127,24176,100.00
3128,24447,100.00
3129,21881,0.00
3130,32649,100.00
3131,29240,100.00
3132,31909,0.00
3133,26777,100.00
3134,28624,100.00
3135,40492,100.00
3136,38070,0.00
3137,34553,100.00
3138,19865,0.00
3139,23663,100.00
3140,19551,0.00
3141,42162,100.00
3142,40867,100.00
3143,29803,100.00
3144,33758,100.00
3145,28363,0.00
3146,29450,100.00
3147,30975,50.00
3148,28853,0.00
3149,25852,100.00
3150,27720,100.00
3151,29350,100.00
3152,27196,100.00
3153,24931,0.00
3154,23310,100.00
3155,34246,100.00
3156,29699,100.00
3157,21306,100.00
3158,22285,0.00
3159,23511,100.00
3160,31012,100.00
3161,34048,100.00
3162,32896,100.00
3163,25050,0.00
3164,30323,0.00
3165,37352,100.00
3166,25224,100.00
3167,22560,100.00
3168,24646,100.00
3169,23918,0.00
3170,28298,100.00
3171,27546,100.00
3172,25890,100.00
3173,23460,100.00
3174,26137,0.00
3175,31276,100.00
3176,29909,100.00
3177,21007,100.00
3178,19615,0.00
3179,25381,100.00
3180,30017,0.00
3181,58049,100.00
3182,21460,0.00
3183,22284,100.00
3184,41909,100.00
3185,31955,0.00
3186,22593,100.00
3187,24383,100.00
3188,25631,100.00
3189,20740,100.00
3190,42904,0.00
3191,34274,100.00
3192,24988,100.00
3193,21079,0.00
3194,38480,100.00
3195,36956,100.00
3196,20220,100.00
3197,19917,100.00
3198,30442,0.00
3199,24723,100.00
3200,22978,100.00
3201,40309,0.00
3202,34711,100.00
3203,28548,100.00
3204,35883,100.00
3205,28938,100.00
3206,23046,0.00
3207,24601,100.00
3208,23574,100.00
3209,18875,50.00
3210,22347,100.00
3211,33523,0.00
3212,38224,100.00
3213,54302,100.00
3214,23166,0.00
3215,35406,100.00
3216,33168,100.00
3217,21687,100.00
3218,23456,100.00
3219,25435,0.00
3220,23890,100.00
3221,42834,100.00
3222,40257,100.00
3223,28120,100.00
3224,34633,0.00
3225,32151,100.00
3226,35704,100.00
3227,34211,0.00
3228,60257,66.67
3229,23053,0.00
3230,24249,100.00
3231,47945,100.00
3232,36798,0.00
3233,25713,100.00
3234,23358,100.00
3235,37341,100.00
3236,47714,100.00
3237,23782,0.00
3238,19865,100.00
3239,24428,100.00
3240,24908,100.00
3241,41849,100.00
3242,40472,0.00
3243,30997,100.00
3244,48036,0.00
3245,46130,100.00
3246,36115,100.00
3247,25614,100.00
3248,22404,0.00
3249,25129,100.00
3250,24799,100.00
3251,48386,100.00
3252,32796,100.00
3253,28525,0.00
3254,24496,100.00
3255,42589,100.00
3256,38022,0.00
3257,27542,100.00
3258,21587,100.00
3259,23176,100.00
3260,24103,100.00
3261,34814,0.00
3262,65262,66.67
3263,23616,0.00
3264,23178,0.00
3265,51082,100.00
3266,39284,100.00
3267,46220,100.00
3268,28287,100.00
3269,28517,0.00
3270,23140,100.00
3271,56038,100.00
3272,41067,0.00
3273,42138,100.00
3274,37972,100.00
3275,23501,100.00
3276,52860,100.00
3277,39550,0.00
3278,36636,100.00
3279,24057,100.00
3280,25453,0.00
3281,38574,100.00
3282,49324,100.00
3283,49070,100.00
3284,35531,100.00
3285,28555,0.00
3286,52271,100.00
3287,51337,100.00
3288,28060,100.00
3289,42563,0.00
3290,71558,100.00
3291,48120,0.00
3292,55540,100.00
3293,44833,100.00
3294,35978,0.00
3295,65660,100.00
3296,27333,100.00
3297,28319,100.00
3298,43912,0.00
3299,32836,100.00
3300,21958,100.00
3301,23680,100.00
3302,27188,100.00
3303,25882,0.00
3304,52665,100.00
3305,44749,100.00
3306,26301,100.00
3307,52714,100.00
3308,75290,0.00
3309,64397,100.00
3310,27342,0.00
3311,69061,100.00
3312,50368,100.00
3313,43685,0.00
3314,53968,100.00
3315,46858,100.00
3316,30021,100.00
3317,38406,100.00
3318,42673,0.00
3319,40935,100.00
3320,25495,100.00
3321,21111,100.00
3322,24607,100.00
3323,23307,0.00
3324,40952,100.00
3325,65052,100.00
3326,25959,0.00
3327,23971,100.00
3328,56493,100.00
3329,43779,100.00
3330,25859,100.00
3331,27245,0.00
3332,30123,100.00
3333,25337,100.00
3334,44788,100.00
3335,36692,100.00
3336,30770,0.00
3337,80658,0.00
3338,26203,100.00
3339,71241,0.00
3340,23096,0.00
3341,69942,100.00
3342,55278,0.00
3343,176948,0.00
3344,56107,100.00
3345,66430,0.00
3346,68269,0.00
3347,31746,100.00
3348,70253,50.00
3349,67251,0.00
3350,72945,0.00
3351,25565,100.00
3352,72037,0.00
3353,41318,0.00
3354,70670,0.00
3355,45336,100.00
3356,38908,100.00
3357,72060,0.00
3358,21896,0.00
3359,54894,100.00
3360,60777,0.00
3361,55819,100.00
3362,35381,100.00
3363,50131,100.00
3364,37089,0.00
3365,31715,100.00
3366,41977,100.00
3367,40834,0.00
3368,59334,100.00
3369,31534,100.00
3370,28054,0.00
3371,48916,100.00
3372,38872,100.00
3373,23983,100.00
3374,25345,100.00
3375,28600,0.00
3376,26675,100.00
3377,52375,100.00
3378,45171,100.00
3379,28247,100.00
3380,48749,0.00
3381,37556,100.00
3382,26854,100.00
3383,90329,0.00
3384,20789,0.00
3385,18077,0.00
3386,17314,0.00
3387,71034,100.00
3388,32830,0.00
3389,71501,0.00
3390,19033,0.00
3391,72291,0.00
3392,19852,0.00
3393,73782,100.00
3394,23486,0.00
3395,73128,0.00
3396,82396,0.00
3397,46993,0.00
3398,61165,100.00
3399,69539,0.00
3400,66740,100.00
3401,64626,0.00
3402,68797,0.00
3403,44191,100.00
3404,483276,0.00
3405,66027,100.00
3406,67913,0.00
3407,63753,100.00
3408,59126,100.00
3409,49111,100.00
3410,18409,0.00
3411,25793,100.00
3412,27393,100.00
3413,31122,100.00
3414,53245,100.00
3415,44793,0.00
3416,32990,100.00
3417,50783,100.00
3418,38083,100.00
3419,26387,100.00
3420,28677,0.00
3421,28864,100.00
3422,27212,100.00
3423,48961,100.00
3424,40354,100.00
3425,26999,0.00
3426,28403,100.00
3427,56364,0.00
3428,55156,100.00
3429,64670,100.00
3430,66316,0.00
3431,35448,100.00
3432,59465,100.00
3433,64027,0.00
3434,35797,100.00
3435,61784,0.00
3436,65572,100.00
3437,66360,100.00
3438,69728,0.00
3439,68279,100.00
3440,67504,0.00
3441,65699,100.00
3442,53587,100.00
3443,57769,0.00
3444,40287,100.00
3445,35739,100.00
3446,68767,100.00
3447,62572,0.00
3448,64001,50.00
3449,69141,0.00
3450,41384,100.00
3451,30636,100.00
3452,66830,100.00
3453,44619,100.00
3454,42413,0.00
3455,33948,100.00
3456,37918,100.00
3457,22183,0.00
3458,71484,100.00
3459,50489,0.00
3460,31740,100.00
3461,31011,100.00
3462,68012,100.00
3463,40106,100.00
3464,32944,0.00
3465,33501,100.00
3466,244446,0.00
3467,68999,100.00
3468,105648,100.00
3469,65319,0.00
3470,68178,100.00
3471,35911,100.00
3472,50855,0.00
3473,36420,100.00
3474,54794,100.00
3475,44098,100.00
3476,47365,100.00
3477,32645,0.00
3478,40870,100.00
3479,50213,100.00
3480,56452,100.00
3481,49407,0.00
3482,33663,100.00
3483,37904,100.00
3484,42196,0.00
3485,81553,100.00
3486,39082,0.00
3487,43520,100.00
3488,43584,100.00
3489,26390,0.00
3490,69510,100.00
3491,42789,100.00
3492,29616,100.00
3493,26612,100.00
3494,51890,0.00
3495,43934,100.00
3496,37928,100.00
3497,32530,100.00
3498,46917,0.00
3499,38208,100.00
3500,64053,100.00
3501,64845,100.00
3502,66562,0.00
3503,69673,50.00
3504,22537,0.00
3505,45356,100.00
3506,47222,100.00
3507,28494,100.00
3508,42755,100.00
3509,29161,0.00
3510,46128,100.00
3511,34922,100.00
3512,33086,100.00
3513,23023,100.00
3514,39965,0.00
3515,42427,100.00
3516,38450,100.00
3517,29471,100.00
3518,22610,100.00
3519,30967,0.00
3520,25213,100.00
3521,51741,100.00
3522,48142,0.00
3523,28483,100.00
3524,36799,100.00
3525,37818,100.00
3526,34726,100.00
3527,29767,0.00
3528,39792,100.00
3529,27282,100.00
3530,22527,0.00
3531,50630,100.00
3532,38266,100.00
3533,29849,100.00
3534,29563,100.00
3535,47954,0.00
3536,59133,100.00
3537,48061,50.00
3538,35611,100.00
3539,22154,0.00
3540,25590,100.00
3541,47439,100.00
3542,47485,100.00
3543,36030,0.00
3544,29378,100.00
3545,43898,100.00
3546,35276,100.00
3547,23371,0.00
3548,51913,100.00
3549,50488,0.00
3550,41794,100.00
3551,43710,100.00
3552,50933,100.00
3553,31121,100.00
3554,28140,0.00
3555,33522,100.00
3556,54148,100.00
3557,35960,100.00
3558,24677,100.00
3559,25070,0.00
3560,26128,100.00
3561,29749,100.00
3562,56419,100.00
3563,48330,100.00
3564,22817,0.00
3565,65950,50.00
3566,76916,100.00
3567,59064,0.00
3568,24741,100.00
3569,26664,100.00
3570,29843,100.00
3571,25981,100.00
3572,50122,0.00
3573,34590,100.00
3574,28647,100.00
3575,22824,100.00
3576,54530,0.00
3577,45684,100.00
3578,23999,100.00
3579,22749,100.00
3580,26791,0.00
3581,25341,100.00
3582,53029,0.00
3583,49935,100.00
3584,34253,100.00
3585,26202,100.00
3586,48109,100.00
3587,34475,0.00
3588,27728,100.00
3589,27393,100.00
3590,24873,100.00
3591,39725,100.00
3592,33648,0.00
3593,41762,100.00
3594,26341,100.00
3595,28410,0.00
3596,47378,100.00
3597,42598,100.00
3598,26446,100.00
3599,26653,0.00
3600,27699,100.00
3601,26283,100.00
3602,41142,100.00
3603,43601,0.00
3604,31544,100.00
3605,25666,100.00
3606,46875,100.00
3607,35105,100.00
3608,31015,0.00
3609,25915,100.00
3610,34792,0.00
3611,33833,100.00
3612,54505,100.00
3613,23915,0.00
3614,25446,0.00
3615,27486,100.00
3616,30615,100.00
3617,44676,100.00
3618,31633,100.00
3619,23898,0.00
3620,24546,100.00
3621,25866,100.00
3622,37474,100.00
3623,43691,100.00
3624,37178,0.00
3625,30604,100.00
3626,53462,100.00
3627,48427,0.00
3628,43646,100.00
3629,21997,0.00
3630,27694,100.00
3631,24714,100.00
3632,43504,0.00
3633,38731,100.00
3634,29575,100.00
3635,25491,100.00
3636,34748,100.00
3637,33004,0.00
3638,26377,100.00
3639,20595,100.00
3640,26415,100.00
3641,27116,100.00
3642,41031,0.00
3643,46086,100.00
3644,45933,100.00
3645,71368,0.00
3646,70444,100.00
3647,23505,0.00
3648,32438,100.00
3649,29524,100.00
3650,40582,0.00
3651,39453,100.00
3652,39157,100.00
3653,47223,100.00
3654,35685,100.00
3655,26031,0.00
3656,39015,50.00
3657,48490,100.00
3658,48546,0.00
3659,36003,100.00
3660,21372,100.00
3661,24098,100.00
3662,37097,0.00
3663,55380,100.00
3664,48401,100.00
3665,28876,100.00
3666,29619,0.00
3667,45459,100.00
3668,33256,100.00
3669,28023,100.00
3670,27724,100.00
3671,28563,0.00
3672,22836,100.00
3673,45285,100.00
3674,39398,0.00
3675,26113,100.00
3676,22141,100.00
3677,41686,100.00
3678,39401,100.00
3679,32163,0.00
3680,31771,100.00
3681,22299,0.00
3682,23615,100.00
3683,45018,100.00
3684,42074,0.00
3685,27477,100.00
3686,25970,100.00
3687,48833,100.00
3688,37751,100.00
3689,37330,0.00
3690,46093,100.00
3691,28886,100.00
3692,29425,0.00
3693,44693,100.00
3694,42325,100.00
3695,25999,100.00
3696,25224,100.00
3697,37036,0.00
3698,36908,100.00
3699,24795,100.00
3700,24517,100.00
3701,26015,100.00
3702,24420,0.00
3703,56247,100.00
3704,51125,100.00
3705,34842,100.00
3706,51035,0.00
3707,71580,66.67
3708,20190,0.00
3709,23574,100.00
3710,28508,0.00
3711,27601,100.00
3712,25030,100.00
3713,56141,100.00
3714,40415,100.00
3715,61500,0.00
3716,64027,100.00
3717,65546,0.00
3718,48930,100.00
3719,51448,100.00
3720,26956,100.00
3721,20946,0.00
3722,25705,100.00
3723,25796,100.00
3724,30676,0.00
3725,55154,100.00
3726,44214,100.00
3727,27769,100.00
3728,38647,100.00
3729,35670,0.00
3730,26218,100.00
3731,27823,100.00
3732,27400,100.00
3733,23052,100.00
3734,47243,0.00
3735,37463,100.00
3736,71553,100.00
3737,43968,100.00
3738,60704,100.00
3739,23743,0.00
3740,24626,100.00
3741,20854,100.00
3742,34497,0.00
3743,43230,100.00
3744,25592,100.00
3745,43081,100.00
3746,45153,0.00
3747,29133,100.00
3748,30784,100.00
3749,43116,100.00
3750,35674,100.00
3751,27983,0.00
3752,25390,100.00
3753,26852,100.00
3754,49812,100.00
3755,57601,100.00
3756,20464,0.00
3757,24390,100.00
3758,24176,100.00
3759,29846,100.00
3760,45686,100.00
3761,29464,0.00
3762,20010,100.00
3763,23643,100.00
3764,28029,100.00
3765,33829,100.00
3766,41249,0.00
3767,35773,100.00
3768,26643,100.00
3769,40447,100.00
3770,35938,100.00
3771,48787,0.00
3772,70970,100.00
3773,23273,0.00
3774,24512,100.00
3775,37468,100.00
3776,31218,100.00
3777,34877,0.00
3778,25523,100.00
3779,37810,100.00
3780,41187,100.00
3781,35441,100.00
3782,25205,0.00
3783,24760,100.00
3784,22608,100.00
3785,22860,100.00
3786,47293,100.00
3787,41787,0.00
3788,40072,0.00
3789,39054,100.00
3790,42476,100.00
3791,39543,100.00
3792,24754,100.00
3793,23087,0.00
3794,24230,100.00
3795,22210,100.00
3796,40409,100.00
3797,33940,100.00
3798,27429,0.00
3799,26773,100.00
3800,61362,66.67
3801,19520,0.00
3802,20042,100.00
3803,28795,0.00
3804,26579,100.00
3805,26016,100.00
3806,45538,0.00
3807,43313,100.00
3808,37740,100.00
3809,29864,100.00
3810,40170,100.00
3811,37941,0.00
3812,28214,100.00
3813,23539,100.00
3814,24726,100.00
3815,21135,100.00
3816,38310,0.00
3817,32057,100.00
3818,35703,100.00
3819,28418,100.00
3820,28760,100.00
3821,40249,0.00
3822,30697,100.00
3823,25106,100.00
3824,25702,0.00
3825,26432,100.00
3826,24077,100.00
3827,45716,100.00
3828,40954,100.00
3829,26961,0.00
3830,31041,100.00
3831,36466,100.00
3832,31684,100.00
3833,36979,0.00
3834,40574,100.00
3835,31299,0.00
3836,30024,100.00
3837,29031,100.00
3838,30123,100.00
3839,24488,100.00
3840,25112,0.00
3841,39040,100.00
3842,33968,100.00
3843,23613,100.00
3844,22306,100.00
3845,22235,0.00
3846,23090,100.00
3847,36683,100.00
3848,38217,100.00
3849,30086,100.00
3850,30039,0.00
3851,71606,66.67
3852,23488,0.00
3853,28940,0.00
3854,29015,100.00
3855,25667,100.00
3856,22046,100.00
3857,51702,100.00
3858,34333,0.00
3859,26991,100.00
3860,24960,100.00
3861,40550,100.00
3862,43411,100.00
3863,23263,0.00
3864,21860,100.00
3865,27162,100.00
3866,25665,0.00
3867,29414,100.00
3868,37917,100.00
3869,33989,0.00
3870,24668,100.00
3871,38318,100.00
3872,34538,100.00
3873,24506,100.00
3874,24703,0.00
3875,23848,100.00
3876,21768,100.00
3877,36575,100.00
3878,28980,100.00
3879,25514,0.00
3880,34884,100.00
3881,46810,100.00
3882,40695,0.00
3883,22193,100.00
3884,19757,100.00
3885,29825,0.00
3886,25789,100.00
3887,30179,100.00
3888,35597,100.00
3889,40429,100.00
3890,27137,0.00
3891,36469,100.00
3892,32436,100.00
3893,27431,100.00
3894,24345,100.00
3895,27495,0.00
3896,26850,100.00
3897,32787,100.00
3898,50125,100.00
3899,21881,0.00
3900,44396,50.00
3901,56425,100.00
3902,28579,0.00
3903,38832,100.00
3904,22475,0.00
3905,20428,100.00
3906,23396,100.00
3907,23805,100.00
3908,38630,100.00
3909,39345,0.00
3910,31758,100.00
3911,30417,100.00
3912,39145,100.00
3913,32455,100.00
3914,26578,0.00
3915,24951,100.00
3916,28156,100.00
3917,32199,100.00
3918,29647,100.00
3919,31461,0.00
3920,26763,100.00
3921,25036,100.00
3922,33761,100.00
3923,32039,100.00
3924,21223,0.00
3925,22858,100.00
3926,24458,100.00
3927,23681,100.00
3928,46604,100.00
3929,40620,0.00
3930,36721,100.00
3931,36592,50.00
3932,54254,100.00
3933,20624,0.00
3934,21782,100.00
3935,24493,100.00
3936,29641,100.00
3937,22892,0.00
3938,43835,100.00
3939,31416,100.00
3940,25825,100.00
3941,22910,100.00
3942,44551,0.00
3943,33586,100.00
3944,21071,100.00
3945,23325,100.00
3946,24000,100.00
3947,24158,0.00
3948,44284,100.00
3949,36894,100.00
3950,27814,0.00
3951,23785,100.00
3952,39906,100.00
3953,35488,100.00
3954,26408,100.00
3955,26105,0.00
3956,24375,100.00
3957,30245,100.00
3958,30363,100.00
3959,32539,0.00
3960,25246,100.00
3961,22338,100.00
3962,32998,100.00
3963,46089,0.00
3964,36071,100.00
3965,32687,50.00
3966,21184,0.00
3967,25686,100.00
3968,25136,100.00
3969,43116,100.00
3970,42835,100.00
3971,29152,0.00
3972,30974,100.00
3973,28025,100.00
3974,28977,100.00
3975,27318,100.00
3976,31867,0.00
3977,36565,100.00
3978,17336,0.00
3979,41186,100.00
3980,35433,100.00
3981,27087,100.00
3982,22539,0.00
3983,33123,100.00
3984,32252,100.00
3985,20886,100.00
3986,22411,100.00
3987,25454,0.00
3988,23964,100.00
3989,38057,100.00
3990,41654,100.00
3991,34534,100.00
3992,31597,0.00
3993,33593,100.00
3994,69857,50.00
3995,21856,0.00
3996,26230,100.00
3997,29403,100.00
3998,28089,100.00
3999,45729,100.00
4000,67548,0.00
4001,38117,100.00
4002,23950,100.00
4003,28943,100.00
4004,42274,100.00
4005,30823,0.00
4006,24788,100.00
4007,28352,100.00
4008,25306,0.00
4009,30172,100.00
4010,44817,100.00
4011,41757,100.00
4012,29088,100.00
4013,40616,0.00
4014,36470,100.00
4015,24150,100.00
4016,23412,100.00
4017,25930,100.00
4018,24080,0.00
4019,33232,100.00
4020,32746,100.00
4021,29726,100.00
4022,20393,100.00
4023,38835,0.00
4024,37983,100.00
4025,36720,100.00
4026,23018,100.00
4027,24420,0.00
4028,38471,100.00
4029,21521,0.00
4030,41970,100.00
4031,42806,0.00
4032,27419,100.00
4033,31458,100.00
4034,32307,100.00
4035,33111,100.00
4036,28364,0.00
4037,26849,100.00
4038,29340,100.00
4039,23958,0.00
4040,42868,100.00
4041,33952,100.00
4042,29781,100.00
4043,31823,100.00
4044,24606,0.00
4045,38821,100.00
4046,30103,100.00
4047,20817,100.00
4048,24524,100.00
4049,25101,0.00
4050,40369,100.00
4051,38702,100.00
4052,28425,100.00
4053,22649,100.00
4054,41005,0.00
4055,39339,100.00
4056,25216,50.00
4057,59180,0.00
4058,39719,100.00
4059,33863,100.00
4060,54287,100.00
4061,43520,100.00
4062,26573,0.00
4063,25425,100.00
4064,32081,100.00
4065,39219,100.00
4066,28865,100.00
4067,22912,0.00
4068,24432,100.00
4069,24472,100.00
4070,41430,100.00
4071,46946,100.00
4072,29064,0.00
4073,29856,0.00
4074,59765,100.00
4075,22153,0.00
4076,23087,100.00
4077,23788,100.00
4078,25651,0.00
4079,24642,100.00
4080,40010,100.00
4081,33757,100.00
4082,26524,100.00
4083,26481,0.00
4084,37846,50.00
4085,35409,100.00
4086,31329,0.00
4087,22503,100.00
4088,22937,100.00
4089,24717,100.00
4090,29604,0.00
4091,50544,100.00
4092,50998,100.00
4093,18773,0.00
4094,34479,0.00
4095,26464,100.00
4096,29772,100.00
4097,27649,100.00
4098,25455,100.00
4099,27217,0.00
4100,34728,100.00
4101,35732,100.00
4102,26733,0.00
4103,25246,100.00
4104,23989,100.00
4105,44078,100.00
4106,34260,100.00
4107,27798,0.00
4108,37630,66.67
4109,21908,0.00
4110,23759,0.00
4111,44961,100.00
4112,38350,100.00
4113,28279,100.00
4114,34974,100.00
4115,28098,0.00
4116,35983,100.00
4117,25214,100.00
4118,28714,100.00
4119,52816,0.00
4120,45352,100.00
4121,19344,0.00
4122,28284,100.00
4123,23427,0.00
4124,25165,100.00
4125,40304,100.00
4126,31951,100.00
4127,21851,100.00
4128,21928,0.00
4129,24709,100.00
4130,22431,100.00
4131,42825,100.00
4132,35743,100.00
4133,26891,0.00
4134,38414,100.00
4135,35284,0.00
4136,40759,50.00
4137,31077,100.00
4138,22232,0.00
4139,23643,0.00
4140,26545,100.00
4141,33725,100.00
4142,32336,100.00
4143,25844,100.00
4144,24594,0.00
4145,32866,100.00
4146,32495,100.00
4147,22346,100.00
4148,22427,100.00
4149,24039,0.00
4150,24656,100.00
4151,38909,100.00
4152,32085,0.00
4153,62419,100.00
4154,34111,100.00
4155,40939,0.00
4156,31768,100.00
4157,25563,100.00
4158,25777,100.00
4159,24648,100.00
4160,30853,0.00
4161,28755,100.00
4162,28741,100.00
4163,24039,100.00
4164,28657,100.00
4165,39301,0.00
4166,30337,100.00
4167,22409,100.00
4168,21694,100.00
4169,25597,0.00
4170,41227,100.00
4171,22430,0.00
4172,29718,100.00
4173,24249,0.00
4174,30900,100.00
4175,30732,100.00
4176,27157,100.00
4177,26130,100.00
4178,24487,0.00
4179,24618,100.00
4180,18699,100.00
4181,33876,0.00
4182,30753,100.00
4183,26597,100.00
4184,23757,100.00
4185,36310,100.00
4186,43326,0.00
4187,27235,100.00
4188,17844,0.00
4189,24314,0.00
4190,25037,100.00
4191,38400,100.00
4192,37138,100.00
4193,26847,100.00
4194,22789,0.00
4195,43050,100.00
4196,40797,100.00
4197,24083,0.00
4198,42126,50.00
4199,31969,100.00
4200,23544,100.00
4201,39731,100.00
4202,31310,0.00
4203,27879,100.00
4204,23138,100.00
4205,31004,100.00
4206,32747,100.00
4207,22991,0.00
4208,20009,100.00
4209,22979,100.00
4210,24450,100.00
4211,39313,100.00
4212,43632,0.00
4213,36874,100.00
4214,35557,0.00
4215,60101,100.00
4216,25712,0.00
4217,23377,100.00
4218,23918,0.00
4219,26744,100.00
4220,24026,100.00
4221,33762,100.00
4222,29737,100.00
4223,26543,0.00
4224,24249,100.00
4225,19454,100.00
4226,39629,50.00
4227,33652,100.00
4228,21824,0.00
4229,21125,100.00
4230,24017,100.00
4231,25312,100.00
4232,53926,100.00
4233,20585,0.00
4234,22150,100.00
4235,23755,100.00
4236,107353,100.00
4237,48909,100.00
4238,25361,0.00
4239,24624,100.00
4240,25942,100.00
4241,38702,100.00
4242,27133,100.00
4243,24338,0.00
4244,23432,100.00
4245,24850,100.00
4246,35729,0.00
4247,37240,100.00
4248,25536,100.00
4249,28536,0.00
4250,24538,100.00
4251,24327,100.00
4252,39616,100.00
4253,39498,100.00
4254,31861,0.00
4255,25106,100.00
4256,38524,100.00
4257,30384,100.00
4258,25866,100.00
4259,25226,0.00
4260,28799,50.00
4261,48528,100.00
4262,32865,0.00
4263,32699,100.00
4264,34580,0.00
4265,25767,100.00
4266,23315,100.00
4267,37942,100.00
4268,32217,100.00
4269,22442,0.00
4270,22914,100.00
4271,24944,100.00
4272,20528,100.00
4273,47836,100.00
4274,38644,0.00
4275,28244,100.00
4276,41045,100.00
4277,38134,100.00
4278,38943,0.00
4279,36215,100.00
4280,23759,0.00
4281,23882,100.00
4282,21985,0.00
4283,35360,100.00
4284,29982,100.00
4285,24211,100.00
4286,23751,100.00
4287,34326,0.00
4288,31315,100.00
4289,21284,100.00
4290,22439,100.00
4291,24126,100.00
4292,23915,0.00
4293,41483,100.00
4294,42755,100.00
4295,45424,0.00
4296,46794,100.00
4297,20618,0.00
4298,28955,0.00
4299,21320,100.00
4300,24550,100.00
4301,25571,100.00
4302,23866,100.00
4303,38996,0.00
4304,30988,100.00
4305,25609,100.00
4306,19524,100.00
4307,53491,100.00
4308,32322,0.00
4309,21965,100.00
4310,20238,100.00
4311,23231,100.00
4312,31510,0.00
4313,51129,100.00
4314,32438,0.00
4315,29626,100.00
4316,24760,0.00
4317,48473,100.00
4318,34313,100.00
4319,26462,100.00
4320,25075,100.00
4321,25878,0.00
4322,20106,100.00
4323,31414,100.00
4324,26910,0.00
4325,31731,100.00
4326,25317,100.00
4327,30062,100.00
4328,30024,100.00
4329,36146,0.00
4330,21614,100.00
4331,22853,100.00
4332,25799,0.00
4333,20248,100.00
4334,40085,100.00
4335,40304,100.00
4336,29274,100.00
4337,30862,0.00
4338,27789,100.00
4339,31470,100.00
4340,33897,0.00
4341,37249,100.00
4342,20449,0.00
4343,28854,100.00
4344,27806,100.00
4345,28447,0.00
4346,24259,100.00
4347,23297,100.00
4348,36263,100.00
4349,31185,100.00
4350,22343,0.00
4351,22780,100.00
4352,24720,100.00
4353,23476,100.00
4354,40987,100.00
4355,40308,0.00
4356,28617,100.00
4357,30967,0.00
4358,50730,100.00
4359,34315,100.00
4360,25320,100.00
4361,25622,0.00
4362,24302,100.00
4363,21703,100.00
4364,40730,100.00
4365,32475,100.00
4366,26767,0.00
4367,22482,100.00
4368,32277,50.00
4369,32781,0.00
4370,21544,100.00
4371,20853,100.00
4372,22587,100.00
4373,31364,0.00
4374,56083,100.00
4375,24530,0.00
4376,23526,100.00
4377,37055,0.00
4378,31071,100.00
4379,32934,100.00
4380,25156,100.00
4381,25422,100.00
4382,23529,0.00
4383,42023,100.00
4384,29156,100.00
4385,21342,100.00
4386,27029,100.00
4387,31464,0.00
4388,32120,100.00
4389,28304,100.00
4390,21511,100.00
4391,27102,0.00
4392,30798,66.67
4393,21442,0.00
4394,38151,100.00
4395,38392,0.00
4396,30154,100.00
4397,29947,100.00
4398,34690,100.00
4399,31746,100.00
4400,27233,0.00
4401,25958,100.00
4402,22477,100.00
4403,43291,100.00
4404,19857,0.00
4405,29201,100.00
4406,26489,0.00
4407,24241,100.00
4408,31383,100.00
4409,31585,100.00
4410,24504,100.00
4411,19940,0.00
4412,21691,100.00
4413,23796,100.00
4414,30779,100.00
4415,36963,100.00
4416,34424,0.00
4417,22645,100.00
4418,38933,100.00
4419,28810,100.00
4420,35620,0.00
4421,45733,50.00
4422,22482,0.00
4423,24998,100.00
4424,32341,100.00
4425,27527,100.00
4426,30219,100.00
4427,24773,0.00
4428,23695,100.00
4429,38026,100.00
4430,34030,100.00
4431,22773,100.00
4432,25102,0.00
4433,26121,100.00
4434,20846,100.00
4435,49567,100.00
4436,33635,100.00
4437,51961,0.00
4438,46823,100.00
4439,44436,100.00
4440,44315,0.00
4441,31186,100.00
4442,29821,100.00
4443,26879,100.00
4444,28483,100.00
4445,25143,0.00
4446,28547,100.00
4447,25301,100.00
4448,25138,0.00
4449,41076,100.00
4450,30550,100.00
4451,24009,100.00
4452,24093,100.00
4453,23338,0.00
4454,22932,50.00
4455,43521,100.00
4456,50733,100.00
4457,21015,0.00
4458,21859,100.00
4459,44820,100.00
4460,31586,100.00
4461,26813,0.00
4462,25314,100.00
4463,32488,100.00
4464,24236,0.00
4465,48478,100.00
4466,36659,100.00
4467,36479,100.00
4468,26786,100.00
4469,36017,0.00
4470,36384,100.00
4471,35021,100.00
4472,22494,0.00
4473,25511,100.00
4474,26382,100.00
4475,30393,100.00
4476,42331,100.00
4477,39896,0.00
4478,29495,100.00
4479,39056,100.00
4480,32075,100.00
4481,31072,100.00
4482,39777,0.00
4483,42592,100.00
4484,27055,100.00
4485,30066,0.00
4486,33835,100.00
4487,31779,100.00
4488,24977,100.00
4489,23030,100.00
4490,32355,0.00
4491,30213,100.00
4492,22490,100.00
4493,23575,100.00
4494,23769,100.00
4495,21160,0.00
4496,41251,100.00
4497,38422,100.00
4498,27035,100.00
4499,37632,0.00
4500,62196,100.00
4501,19841,0.00
4502,24782,100.00
4503,30284,100.00
4504,26709,100.00
4505,24287,100.00
4506,46826,0.00
4507,34066,100.00
4508,29369,100.00
4509,23074,100.00
4510,38459,100.00
4511,34220,0.00
4512,23866,100.00
4513,20977,100.00
4514,34719,0.00
4515,30386,100.00
4516,36564,100.00
4517,54571,100.00
4518,23002,0.00
4519,21956,0.00
4520,51075,100.00
4521,36509,100.00
4522,25020,100.00
4523,26673,100.00
4524,26251,0.00
4525,22681,100.00
4526,44399,100.00
4527,33816,100.00
4528,25554,100.00
4529,37219,0.00
4530,49617,100.00
4531,36437,100.00
4532,22549,0.00
4533,28141,100.00
4534,38205,66.67
4535,21752,0.00
4536,25875,100.00
4537,47448,0.00
4538,38623,100.00
4539,27905,100.00
4540,41839,100.00
4541,32996,100.00
4542,25398,0.00
4543,25352,100.00
4544,31831,100.00
4545,19981,100.00
4546,25239,100.00
4547,34428,0.00
4548,42588,100.00
4549,35316,100.00
4550,22134,0.00
4551,35670,100.00
4552,33196,100.00
4553,22185,100.00
4554,23632,100.00
4555,24077,0.00
4556,23046,100.00
4557,39859,100.00
4558,36405,100.00
4559,30921,100.00
4560,33348,0.00
4561,28511,100.00
4562,29374,100.00
4563,41738,0.00
4564,46688,100.00
4565,22035,0.00
4566,23554,0.00
4567,37561,100.00
4568,30431,100.00
4569,25469,100.00
4570,24981,100.00
4571,31320,0.00
4572,34111,100.00
4573,22204,100.00
4574,20237,100.00
4575,24770,100.00
4576,24732,0.00
4577,32815,100.00
4578,37147,100.00
4579,27760,100.00
4580,39113,0.00
4581,62339,100.00
4582,24523,0.00
4583,24507,100.00
4584,24826,0.00
4585,25934,100.00
4586,22953,100.00
4587,32663,100.00
4588,29604,100.00
4589,34009,0.00
4590,27088,100.00
4591,25418,100.00
4592,40713,0.00
4593,30799,100.00
4594,23409,100.00
4595,27904,100.00
4596,23787,100.00
4597,29406,0.00
4598,40019,100.00
4599,48421,100.00
4600,19283,0.00
4601,32844,100.00
4602,28940,100.00
4603,29247,100.00
4604,25713,100.00
4605,25466,0.00
4606,35704,100.00
4607,31806,100.00
4608,25131,100.00
4609,25875,100.00
4610,26047,0.00
4611,23543,100.00
4612,31542,100.00
4613,29629,100.00
4614,30997,0.00
4615,21492,100.00
4616,24988,100.00
4617,24513,100.00
4618,31506,0.00
4619,33739,100.00
4620,28362,100.00
4621,23369,100.00
4622,31811,100.00
4623,28731,0.00
4624,25333,100.00
4625,40062,50.00
4626,65285,100.00
4627,21058,0.00
4628,43997,100.00
4629,35822,100.00
4630,29224,100.00
4631,26606,0.00
4632,32730,100.00
4633,32617,100.00
4634,24195,100.00
4635,21934,100.00
4636,24482,0.00
4637,24747,100.00
4638,32948,100.00
4639,38158,100.00
4640,32987,100.00
4641,28790,0.00
4642,27118,100.00
4643,51176,100.00
4644,30226,0.00
4645,42266,100.00
4646,37897,100.00
4647,26347,100.00
4648,34963,100.00
4649,31078,0.00
4650,30074,100.00
4651,24238,100.00
4652,31379,100.00
4653,31092,100.00
4654,24227,0.00
4655,22585,100.00
4656,27352,100.00
4657,22830,0.00
4658,34428,100.00
4659,48513,100.00
4660,54945,100.00
4661,19326,0.00
4662,49177,0.00
4663,41892,100.00
4664,24486,100.00
4665,23532,100.00
4666,24329,100.00
4667,23679,0.00
4668,35855,100.00
4669,29047,100.00
4670,26717,100.00
4671,19962,0.00
4672,40013,100.00
4673,37979,100.00
4674,25499,100.00
4675,21420,0.00
4676,53766,50.00
4677,29368,0.00
4678,25027,100.00
4679,24362,100.00
4680,50547,100.00
4681,44179,100.00
4682,30654,0.00
4683,35238,100.00
4684,31824,100.00
4685,22886,100.00
4686,24310,100.00
4687,28704,0.00
4688,22896,100.00
4689,22259,100.00
4690,41827,0.00
4691,39422,100.00
4692,38756,100.00
4693,24509,0.00
4694,31916,100.00
4695,25243,0.00
4696,21427,100.00
4697,22339,100.00
4698,22884,100.00
4699,25320,100.00
4700,37171,0.00
4701,39905,100.00
4702,23248,100.00
4703,38533,100.00
4704,39744,100.00
4705,23278,0.00
4706,39619,0.00
4707,50853,100.00
4708,51301,100.00
4709,30438,100.00
4710,45454,100.00
4711,39921,0.00
4712,27971,100.00
4713,27903,100.00
4714,49052,100.00
4715,39508,100.00
4716,26232,0.00
4717,22123,100.00
4718,24261,100.00
4719,25644,100.00
4720,24947,100.00
4721,45580,0.00
4722,35646,100.00
4723,29548,100.00
4724,53091,100.00
4725,21847,0.00
4726,20959,100.00
4727,22841,100.00
4728,25319,100.00
4729,23705,0.00
4730,22367,100.00
4731,41776,100.00
4732,36530,100.00
4733,26615,100.00
4734,36237,0.00
4735,51456,100.00
4736,26939,100.00
4737,25236,100.00
4738,23448,100.00
4739,29748,0.00
4740,43559,66.67
4741,26011,0.00
4742,34220,100.00
4743,26054,100.00
4744,36871,0.00
4745,38810,100.00
4746,22823,100.00
4747,23391,100.00
4748,25992,100.00
4749,23683,0.00
4750,27975,100.00
4751,24742,100.00
4752,49425,0.00
4753,38360,100.00
4754,38988,100.00
4755,36619,100.00
4756,23312,0.00
4757,31372,100.00
4758,38268,100.00
4759,19989,0.00
4760,24233,100.00
4761,31202,100.00
4762,41222,100.00
4763,35238,100.00
4764,36677,0.00
4765,35056,100.00
4766,27739,100.00
4767,26589,100.00
4768,31228,0.00
4769,44183,50.00
4770,20326,0.00
4771,29667,100.00
4772,27453,100.00
4773,30824,100.00
4774,26163,100.00
4775,33580,0.00
4776,29254,100.00
4777,23617,100.00
4778,20432,100.00
4779,22546,100.00
4780,23907,0.00
4781,23516,100.00
4782,41564,100.00
4783,37342,100.00
4784,23327,100.00
4785,46534,0.00
4786,41011,0.00
4787,49308,100.00
4788,20558,0.00
4789,25968,100.00
4790,24521,100.00
4791,21780,0.00
4792,39593,100.00
4793,33241,100.00
4794,27797,100.00
4795,19920,100.00
4796,38488,0.00
4797,28678,100.00
4798,22766,100.00
4799,24211,100.00
4800,23851,100.00
4801,26849,0.00
4802,41816,100.00
4803,34490,100.00
4804,39404,0.00
4805,25298,100.00
4806,43595,100.00
4807,38325,0.00
4808,23471,100.00
4809,24011,100.00
4810,25856,100.00
4811,22252,100.00
4812,35902,0.00
4813,33497,100.00
4814,28183,100.00
4815,21822,100.00
4816,37272,100.00
4817,35796,0.00
4818,19796,100.00
4819,21426,100.00
4820,24658,100.00
4821,25621,50.00
4822,45469,100.00
4823,25255,0.00
4824,27269,100.00
4825,25371,100.00
4826,34596,100.00
4827,28597,0.00
4828,24335,100.00
4829,25898,100.00
4830,24028,100.00
4831,20169,100.00
4832,25032,0.00
4833,29832,100.00
4834,30856,100.00
4835,27968,100.00
4836,29737,100.00
4837,37119,0.00
4838,40732,100.00
4839,21744,100.00
4840,22466,0.00
4841,24531,100.00
4842,22657,100.00
4843,39123,100.00
4844,34234,100.00
4845,26530,0.00
4846,32326,100.00
4847,27874,100.00
4848,26838,100.00
4849,22569,0.00
4850,36886,100.00
4851,22782,0.00
4852,22595,100.00
4853,33644,0.00
4854,31103,100.00
4855,25431,100.00
4856,23565,100.00
4857,35236,100.00
4858,33403,0.00
4859,22977,100.00
4860,22593,100.00
4861,24537,100.00
4862,22762,100.00
4863,40330,0.00
4864,35536,100.00
4865,24846,100.00
4866,48315,0.00
4867,39832,100.00
4868,33028,100.00
4869,24782,0.00
4870,24023,100.00
4871,24801,100.00
4872,21598,100.00
4873,32280,100.00
4874,28005,0.00
4875,25062,100.00
4876,23114,100.00
4877,28095,0.00
4878,34523,100.00
4879,21760,100.00
4880,19271,100.00
4881,22569,100.00
4882,24060,0.00
4883,39303,100.00
4884,49872,100.00
4885,33934,0.00
4886,21228,100.00
4887,37643,100.00
4888,27940,100.00
4889,24769,100.00
4890,24847,0.00
4891,25574,100.00
4892,22316,100.00
4893,40677,100.00
4894,37197,0.00
4895,24505,100.00
4896,25741,100.00
4897,30981,100.00
4898,39749,0.00
4899,32845,100.00
4900,31282,100.00
4901,31977,100.00
4902,23405,0.00
4903,26984,100.00
4904,50071,100.00
4905,45251,100.00
4906,29474,0.00
4907,34962,100.00
4908,30022,100.00
4909,29770,100.00
4910,28695,100.00
4911,25758,0.00
4912,33795,0.00
4913,26759,100.00
4914,33574,100.00
4915,30152,100.00
4916,25381,100.00
4917,25766,0.00
4918,28850,100.00
4919,30717,100.00
4920,26900,100.00
4921,21460,100.00
4922,23559,0.00
4923,24760,100.00
4924,32194,100.00
4925,34449,100.00
4926,32032,100.00
4927,27684,0.00
4928,39844,100.00
4929,43033,100.00
4930,54142,50.00
4931,22263,0.00
4932,26296,100.00
4933,25007,0.00
4934,25723,100.00
4935,40286,100.00
4936,36153,100.00
4937,27671,100.00
4938,25383,0.00
4939,45276,100.00
4940,35011,100.00
4941,24057,100.00
4942,22434,100.00
4943,24425,0.00
4944,23123,100.00
4945,39708,100.00
4946,33134,100.00
4947,50546,0.00
4948,25028,100.00
4949,40737,0.00
4950,31647,100.00
4951,23258,100.00
4952,24772,100.00
4953,24876,100.00
4954,20792,0.00
4955,37540,100.00
4956,30487,100.00
4957,24958,100.00
4958,20828,0.00
4959,39991,100.00
4960,35565,100.00
4961,20983,100.00
4962,19871,0.00
4963,24926,100.00
4964,33099,50.00
4965,59320,100.00
4966,26730,0.00
4967,31934,100.00
4968,27324,100.00
4969,47283,100.00
4970,35329,0.00
4971,28698,100.00
4972,25842,100.00
4973,24976,100.00
4974,19535,100.00
4975,24675,0.00
4976,36486,100.00
4977,31171,100.00
4978,28145,0.00
4979,26342,100.00
4980,36433,100.00
4981,40452,0.00
4982,34820,100.00
4983,21335,0.00
4984,22029,100.00
4985,24234,100.00
4986,41666,0.00
4987,41421,100.00
4988,27229,100.00
4989,22264,100.00
4990,40707,100.00
4991,31594,0.00
4992,22275,100.00
4993,34280,50.00
4994,25293,0.00
4995,22739,100.00
4996,34566,100.00
4997,28762,100.00
4998,25595,100.00
4999,22337,0.00
5000,61402,100.00
5001,33962,100.00
5002,20618,100.00
5003,19444,100.00
5004,23354,0.00
5005,23326,100.00
5006,37611,100.00
5007,38479,100.00
5008,28675,100.00
5009,29559,0.00
5010,57298,100.00
5011,19018,0.00
5012,20792,100.00
5013,22343,100.00
5014,25823,100.00
5015,20747,0.00
5016,38020,100.00
5017,28329,100.00
5018,26112,100.00
5019,24315,100.00
5020,35411,0.00
5021,33149,50.00
5022,19538,100.00
5023,19690,0.00
5024,21532,100.00
5025,24034,100.00
5026,47594,0.00
5027,35102,100.00
5028,30699,100.00
5029,26831,100.00
5030,39916,100.00
5031,32483,0.00
5032,24569,100.00
5033,24636,100.00
5034,24458,100.00
5035,23157,100.00
5036,37650,0.00
5037,30657,100.00
5038,24719,100.00
5039,26869,0.00
5040,42356,100.00
5041,35555,100.00
5042,20116,100.00
5043,22601,100.00
5044,27728,100.00
5045,21977,0.00
5046,22751,100.00
5047,40760,100.00
5048,36013,100.00
5049,25823,0.00
5050,36195,100.00
5051,30508,100.00
5052,24526,100.00
5053,24064,100.00
5054,27232,0.00
5055,44035,0.00
5056,27232,100.00
5057,37042,100.00
5058,32643,100.00
5059,24187,100.00
5060,22091,0.00
5061,33545,100.00
5062,30046,100.00
5063,20676,100.00
5064,20280,100.00
5065,23297,0.00
5066,23896,100.00
5067,36211,100.00
5068,35464,100.00
5069,25772,100.00
5070,29893,0.00
5071,32514,100.00
5072,29292,100.00
5073,37438,0.00
5074,36412,100.00
5075,39502,100.00
5076,33423,0.00
5077,38952,100.00
5078,29733,100.00
5079,28135,100.00
5080,25417,100.00
5081,29705,0.00
5082,35807,100.00
5083,26860,100.00
5084,20085,100.00
5085,24328,100.00
5086,24195,0.00
5087,33647,100.00
5088,41894,100.00
5089,30932,0.00
5090,36728,100.00
5091,34675,100.00
5092,31108,100.00
5093,24635,100.00
5094,23962,0.00
5095,25235,100.00
5096,24421,100.00
5097,31090,100.00
5098,31358,100.00
5099,25763,0.00
5100,22844,100.00
5101,32794,100.00
5102,30029,0.00
5103,25898,100.00
5104,21166,100.00
5105,20399,100.00
5106,24954,100.00
5107,28993,0.00
5108,54963,100.00
5109,21361,0.00
5110,21278,0.00
5111,34719,100.00
5112,26578,100.00
5113,25988,100.00
5114,25218,100.00
5115,24899,0.00
5116,26297,100.00
5117,21147,100.00
5118,33255,0.00
5119,29183,100.00
5120,24047,100.00
5121,27544,100.00
5122,31661,100.00
5123,27253,0.00
5124,32755,100.00
5125,21507,100.00
5126,23962,100.00
5127,23238,100.00
5128,33729,0.00
5129,34834,100.00
5130,27872,100.00
5131,24304,100.00
5132,36487,100.00
5133,28358,0.00
5134,22379,100.00
5135,28288,0.00
5136,36560,100.00
5137,17487,0.00
5138,37718,100.00
5139,34950,0.00
5140,24914,100.00
5141,22572,100.00
5142,30749,100.00
5143,31942,100.00
5144,22295,0.00
5145,21465,100.00
5146,23986,100.00
5147,25143,100.00
5148,40483,100.00
5149,39202,0.00
5150,26113,100.00
5151,30142,100.00
5152,64716,0.00
5153,62871,100.00
5154,20772,0.00
5155,23921,100.00
5156,27088,100.00
5157,22803,0.00
5158,50760,100.00
5159,38515,100.00
5160,28479,100.00
5161,23497,100.00
5162,33622,0.00
5163,30311,100.00
5164,20811,100.00
5165,20540,100.00
5166,31505,0.00
5167,27117,100.00
5168,37820,0.00
5169,41018,100.00
5170,32530,100.00
5171,21972,100.00
5172,37532,100.00
5173,36772,0.00
5174,23351,100.00
5175,23985,100.00
5176,26159,100.00
5177,28414,100.00
5178,26926,0.00
5179,27676,100.00
5180,21697,100.00
5181,27548,100.00
5182,39542,100.00
5183,33720,0.00
5184,21056,100.00
5185,22939,100.00
5186,28487,50.00
5187,27983,100.00
5188,26713,0.00
5189,37979,100.00
5190,31000,100.00
5191,26937,100.00
5192,33374,100.00
5193,29202,0.00
5194,26490,100.00
5195,24624,100.00
5196,28640,100.00
5197,22693,0.00
5198,32523,100.00
5199,24426,100.00
5200,34926,0.00
5201,23872,100.00
5202,23452,100.00
5203,30528,100.00
5204,29282,0.00
5205,21663,100.00
5206,23074,100.00
5207,24544,100.00
5208,28057,100.00
5209,33396,0.00
5210,32192,100.00
5211,27064,100.00
5212,34966,100.00
5213,31250,100.00
5214,24036,0.00
5215,37759,0.00
5216,45404,100.00
5217,23553,0.00
5218,22020,100.00
5219,39583,100.00
5220,31823,0.00
5221,26832,100.00
5222,24766,100.00
5223,36185,100.00
5224,36714,100.00
5225,21567,0.00
5226,21694,100.00
5227,27201,100.00
5228,24101,100.00
5229,36529,100.00
5230,40536,0.00
5231,27317,100.00
5232,38934,0.00
5233,39036,100.00
5234,34199,100.00
5235,28828,100.00
5236,26146,0.00
5237,31482,100.00
5238,23872,100.00
5239,31049,100.00
5240,28976,100.00
5241,27467,0.00
5242,24911,100.00
5243,28161,100.00
5244,35207,0.00
5245,24502,100.00
5246,21789,100.00
5247,25280,100.00
5248,23697,100.00
5249,27388,0.00
5250,59176,100.00
5251,21030,0.00
5252,23107,0.00
5253,37141,100.00
5254,28956,100.00
5255,31973,100.00
5256,29162,100.00
5257,24837,0.00
5258,22030,100.00
5259,38737,100.00
5260,34348,0.00
5261,24368,100.00
5262,24586,100.00
5263,21281,100.00
5264,46961,100.00
5265,37033,0.00
5266,35475,100.00
5267,24272,100.00
5268,24822,0.00
5269,24501,100.00
5270,42723,100.00
5271,42585,100.00
5272,26800,100.00
5273,23209,0.00
5274,39031,100.00
5275,34609,100.00
5276,25844,100.00
5277,33587,0.00
5278,41001,100.00
5279,17547,0.00
5280,41069,100.00
5281,35764,0.00
5282,26346,100.00
5283,25119,100.00
5284,33364,100.00
5285,32375,100.00
5286,21763,0.00
5287,19204,100.00
5288,24055,100.00
5289,24896,100.00
5290,36577,100.00
5291,41475,0.00
5292,34889,100.00
5293,26434,100.00
5294,33095,0.00
5295,56125,100.00
5296,28257,100.00
5297,25759,0.00
5298,28526,100.00
5299,28625,100.00
5300,34368,100.00
5301,31245,100.00
5302,26240,0.00
5303,23329,100.00
5304,27431,100.00
5305,35386,100.00
5306,27918,100.00
5307,21698,0.00
5308,24329,100.00
5309,19542,50.00
5310,24935,0.00
5311,41949,100.00
5312,35807,100.00
5313,24509,100.00
5314,32578,100.00
5315,29991,0.00
5316,21719,100.00
5317,23175,100.00
5318,24743,100.00
5319,20462,100.00
5320,28511,0.00
5321,24922,100.00
5322,23562,100.00
5323,21545,0.00
5324,30245,100.00
5325,27621,100.00
5326,20174,100.00
5327,20157,100.00
5328,30076,0.00
5329,29685,66.67
5330,18177,0.00
5331,35522,0.00
5332,35918,100.00
5333,27463,100.00
5334,31984,100.00
5335,25599,100.00
5336,24735,0.00
5337,25415,100.00
5338,25458,100.00
5339,20871,100.00
5340,25404,0.00
5341,29848,100.00
5342,28481,100.00
5343,30605,100.00
5344,24742,0.00
5345,41945,100.00
5346,20144,0.00
5347,19691,100.00
5348,23227,100.00
5349,23993,0.00
5350,22977,100.00
5351,41125,100.00
5352,35966,100.00
5353,25770,100.00
5354,32750,0.00
5355,32597,100.00
5356,32383,100.00
5357,25897,0.00
5358,38575,100.00
5359,22490,0.00
5360,22933,100.00
5361,36335,100.00
5362,30218,0.00
5363,26046,100.00
5364,23103,100.00
5365,30957,100.00
5366,29772,100.00
5367,20354,0.00
5368,22454,100.00
5369,24197,100.00
5370,22187,100.00
5371,34134,100.00
5372,31999,0.00
5373,25245,100.00
5374,34300,0.00
5375,46242,100.00
5376,18652,0.00
5377,21325,100.00
5378,24636,0.00
5379,25136,100.00
5380,19829,100.00
5381,35797,100.00
5382,27901,100.00
5383,23558,0.00
5384,22127,100.00
5385,34056,50.00
5386,28578,100.00
5387,21545,100.00
5388,19316,0.00
5389,22835,100.00
5390,24240,100.00
5391,37431,0.00
5392,50957,100.00
5393,21219,0.00
5394,22361,100.00
5395,38306,100.00
5396,33250,0.00
5397,29295,100.00
5398,24497,100.00
5399,24542,100.00
5400,30251,100.00
5401,28295,0.00
5402,26312,100.00
5403,23844,100.00
5404,24307,0.00
5405,23312,100.00
5406,32525,100.00
5407,27023,100.00
5408,28851,0.00
5409,34072,100.00
5410,22303,0.00
5411,29430,100.00
5412,31884,0.00
5413,30224,100.00
5414,28556,100.00
5415,29515,100.00
5416,24598,100.00
5417,27049,0.00
5418,25223,100.00
5419,20262,100.00
5420,40049,50.00
5421,22303,0.00
5422,30147,100.00
5423,26754,100.00
5424,23931,100.00
5425,24752,0.00
5426,30937,100.00
5427,26314,100.00
5428,20047,100.00
5429,22888,100.00
5430,24446,0.00
5431,22713,100.00
5432,35092,100.00
5433,32817,100.00
5434,24543,100.00
5435,33380,0.00
5436,29945,100.00
5437,42510,50.00
5438,27640,100.00
5439,21784,0.00
5440,23964,100.00
5441,22704,100.00
5442,31436,100.00
5443,26986,0.00
5444,24009,100.00
5445,22371,100.00
5446,28203,100.00
5447,27779,100.00
5448,20356,0.00
5449,22099,100.00
5450,23488,100.00
5451,22879,100.00
5452,36300,100.00
5453,29025,0.00
5454,37527,0.00
5455,37687,100.00
5456,21419,0.00
5457,28731,100.00
5458,24321,100.00
5459,25608,0.00
5460,23939,100.00
5461,22375,100.00
5462,32323,100.00
5463,32514,100.00
5464,27467,0.00
5465,53247,100.00
5466,45985,100.00
5467,37928,0.00
5468,23376,100.00
5469,21576,100.00
5470,29748,100.00
5471,31362,0.00
5472,36139,100.00
5473,35913,100.00
5474,32763,100.00
5475,26901,0.00
5476,35536,100.00
5477,31721,100.00
5478,27429,100.00
5479,24482,100.00
5480,25223,0.00
5481,18883,100.00
5482,28873,100.00
5483,29040,100.00
5484,28899,100.00
5485,26105,0.00
5486,23088,100.00
5487,33159,100.00
5488,35075,0.00
5489,27678,100.00
5490,20580,0.00
5491,24774,100.00
5492,23816,100.00
5493,42565,0.00
5494,36018,100.00
5495,27697,100.00
5496,24475,100.00
5497,38926,100.00
5498,30104,0.00
5499,23476,100.00
5500,36451,50.00
5501,27522,0.00
5502,22127,100.00
5503,38115,100.00
5504,30277,100.00
5505,26467,100.00
5506,24410,0.00
5507,33216,100.00
5508,32165,100.00
5509,20599,100.00
5510,22965,100.00
5511,24698,0.00
5512,22858,100.00
5513,43045,100.00
5514,38908,100.00
5515,25715,100.00
5516,46555,0.00
5517,59778,100.00
5518,23581,0.00
5519,24401,100.00
5520,33811,100.00
5521,29388,100.00
5522,23883,0.00
5523,42814,100.00
5524,31867,100.00
5525,23155,100.00
5526,23021,100.00
5527,36848,0.00
5528,30095,100.00
5529,25058,100.00
5530,23642,0.00
5531,22809,100.00
5532,24396,100.00
5533,31127,0.00
5534,61414,100.00
5535,22286,0.00
5536,22499,100.00
5537,37662,100.00
5538,27480,0.00
5539,27814,100.00
5540,30187,100.00
5541,28000,100.00
5542,27856,100.00
5543,33826,0.00
5544,29715,100.00
5545,29364,100.00
5546,24176,0.00
5547,24910,100.00
5548,33206,100.00
5549,27186,100.00
5550,23279,100.00
5551,27844,0.00
5552,28123,100.00
5553,23292,0.00
5554,32097,100.00
5555,32897,100.00
5556,26992,0.00
5557,22832,100.00
5558,30275,100.00
5559,30294,100.00
5560,27925,100.00
5561,24073,0.00
5562,30076,0.00
5563,31142,100.00
5564,29249,100.00
5565,27180,100.00
5566,24877,100.00
5567,21495,0.00
5568,26952,100.00
5569,23461,100.00
5570,20636,100.00
5571,21806,100.00
5572,22799,0.00
5573,24175,100.00
5574,31743,100.00
5575,30089,100.00
5576,24672,100.00
5577,30212,0.00
5578,33545,100.00
5579,33963,0.00
5580,43905,66.67
5581,20937,0.00
5582,25259,100.00
5583,21525,0.00
5584,35272,100.00
5585,29429,100.00
5586,23892,100.00
5587,24153,100.00
5588,25723,0.00
5589,32929,100.00
5590,25853,100.00
5591,20755,100.00
5592,23764,100.00
5593,23566,0.00
5594,37824,100.00
5595,37085,100.00
5596,32729,0.00
5597,38678,100.00
5598,57383,100.00
5599,19238,0.00
5600,23788,100.00
5601,23581,0.00
5602,25404,100.00
5603,24841,100.00
5604,41209,100.00
5605,37121,100.00
5606,26766,0.00
5607,21110,100.00
5608,30361,100.00
5609,34011,100.00
5610,27880,100.00
5611,23763,0.00
5612,25617,100.00
5613,24647,100.00
5614,43353,66.67
5615,22372,0.00
5616,30120,0.00
5617,26620,100.00
5618,32065,100.00
5619,26848,100.00
5620,27578,100.00
5621,25753,0.00
5622,24263,100.00
5623,21766,100.00
5624,25932,0.00
5625,28620,100.00
5626,27582,100.00
5627,26126,100.00
5628,20119,100.00
5629,32012,0.00
5630,32732,100.00
5631,32047,100.00
5632,20120,0.00
5633,24208,100.00
5634,23882,100.00
5635,41043,100.00
5636,34921,100.00
5637,25479,0.00
5638,23196,100.00
5639,34262,100.00
5640,31234,100.00
5641,22186,0.00
5642,32881,50.00
5643,25883,100.00
5644,24516,100.00
5645,36414,0.00
5646,28080,100.00
5647,26117,100.00
5648,24659,100.00
5649,30092,100.00
5650,29040,0.00
5651,20822,100.00
5652,22290,100.00
5653,24351,100.00
5654,22309,100.00
5655,37167,0.00
5656,34089,100.00
5657,27438,100.00
5658,51102,0.00
5659,63501,100.00
5660,18718,0.00
5661,23322,0.00
5662,27580,100.00
5663,29139,100.00
5664,24547,100.00
5665,45790,100.00
5666,35350,0.00
5667,28999,100.00
5668,23755,100.00
5669,32933,100.00
5670,36875,50.00
5671,21049,0.00
5672,21644,100.00
5673,24928,100.00
5674,27276,100.00
5675,39258,0.00
5676,40152,100.00
5677,36081,100.00
5678,24816,100.00
5679,42019,0.00
5680,30918,100.00
5681,24338,100.00
5682,25337,100.00
5683,25456,100.00
5684,23603,0.00
5685,37633,100.00
5686,35701,100.00
5687,29591,0.00
5688,31530,100.00
5689,42958,100.00
5690,40020,100.00
5691,20728,100.00
5692,19063,0.00
5693,28223,100.00
5694,27088,100.00
5695,24275,100.00
5696,38112,100.00
5697,33867,0.00
5698,27271,100.00
5699,38114,100.00
5700,29805,100.00
5701,25137,100.00
5702,27792,0.00
5703,24541,100.00
5704,29472,0.00
5705,31652,100.00
5706,31966,100.00
5707,30341,100.00
5708,24665,0.00
5709,23129,100.00
5710,32322,100.00
5711,27191,100.00
5712,21199,100.00
5713,22890,0.00
5714,24995,100.00
5715,23735,100.00
5716,37081,100.00
5717,39362,100.00
5718,27754,0.00
5719,36619,100.00
5720,31905,100.00
5721,31705,100.00
5722,34270,0.00
5723,36676,100.00
5724,30344,0.00
5725,25440,100.00
5726,45505,100.00
5727,29110,100.00
5728,26197,100.00
5729,23359,0.00
5730,42654,100.00
5731,21862,0.00
5732,29762,100.00
5733,21694,100.00
5734,23122,0.00
5735,24245,100.00
5736,31103,100.00
5737,47411,100.00
5738,31607,100.00
5739,42252,0.00
5740,31921,100.00
5741,30285,100.00
5742,27592,0.00
5743,23709,100.00
5744,25168,100.00
5745,24183,100.00
5746,27020,100.00
5747,25618,0.00
5748,27942,100.00
5749,24978,100.00
5750,23534,0.00
5751,37137,100.00
5752,28089,100.00
5753,22810,100.00
5754,22538,100.00
5755,23098,0.00
5756,26332,100.00
5757,38982,50.00
5758,53278,100.00
5759,22343,0.00
5760,20283,0.00
5761,46950,100.00
5762,34035,100.00
5763,26389,100.00
5764,25591,100.00
5765,26270,0.00
5766,19978,100.00
5767,37072,100.00
5768,32670,0.00
5769,31966,100.00
5770,26279,100.00
5771,33445,100.00
5772,32996,100.00
5773,33542,0.00
5774,21664,100.00
5775,25088,100.00
5776,25466,0.00
5777,35243,100.00
5778,38651,100.00
5779,36307,100.00
5780,28360,100.00
5781,41515,0.00
5782,38346,100.00
5783,23593,100.00
5784,25491,50.00
5785,36939,100.00
5786,20296,0.00
5787,31527,100.00
5788,31595,100.00
5789,24441,100.00
5790,25155,100.00
5791,23292,0.00
5792,36021,100.00
5793,27026,100.00
5794,20880,100.00
5795,23815,100.00
5796,24733,0.00
5797,33105,100.00
5798,35712,100.00
5799,30079,100.00
5800,23774,100.00
5801,28042,0.00
5802,33993,0.00
5803,24855,100.00
5804,22464,100.00
5805,24661,100.00
5806,23684,100.00
5807,27027,0.00
5808,23855,100.00
5809,25650,100.00
5810,24661,100.00
5811,23966,100.00
5812,28373,0.00
5813,27428,100.00
5814,21517,100.00
5815,20557,0.00
5816,24167,100.00
5817,27533,100.00
5818,58054,100.00
5819,22224,0.00
5820,22381,100.00
5821,40230,100.00
5822,33973,100.00
5823,23461,0.00
5824,23402,100.00
5825,24711,100.00
5826,21054,100.00
5827,33215,100.00
5828,27875,0.00
5829,24860,100.00
5830,21360,100.00
5831,33004,0.00
5832,34390,100.00
5833,38086,100.00
5834,20915,100.00
5835,31700,0.00
5836,29415,100.00
5837,21380,0.00
5838,48701,100.00
5839,43657,0.00
5840,29099,100.00
5841,38602,100.00
5842,34157,100.00
5843,30428,100.00
5844,26839,0.00
5845,26560,100.00
5846,19198,50.00
5847,21889,0.00
5848,37975,100.00
5849,41029,100.00
5850,32083,100.00
5851,18681,0.00
5852,29841,100.00
5853,25249,100.00
5854,20694,100.00
5855,22977,0.00
5856,26031,100.00
5857,23362,100.00
5858,39685,100.00
5859,34779,100.00
5860,29479,0.00
5861,34389,100.00
5862,33237,100.00
5863,32044,100.00
5864,33384,0.00
5865,41592,100.00
5866,22508,0.00
5867,23219,100.00
5868,37064,100.00
5869,29975,100.00
5870,24873,100.00
5871,23498,0.00
5872,30711,100.00
5873,25249,100.00
5874,20220,100.00
5875,22511,100.00
5876,23734,0.00
5877,23357,100.00
5878,33483,100.00
5879,32699,100.00
5880,23283,0.00
5881,33141,100.00
5882,36039,100.00
5883,30353,100.00
5884,21978,0.00
5885,23450,100.00
5886,24924,100.00
5887,21108,100.00
5888,29232,100.00
5889,29348,0.00
5890,26191,100.00
5891,22744,100.00
5892,40183,0.00
5893,33561,100.00
5894,22057,100.00
5895,20731,100.00
5896,23822,100.00
5897,25098,0.00
5898,41893,50.00
5899,55131,100.00
5900,21120,0.00
5901,22642,100.00
5902,49287,100.00
5903,33998,100.00
5904,31291,100.00
5905,27593,0.00
5906,25323,100.00
5907,22534,100.00
5908,44488,100.00
5909,33991,0.00
5910,24456,100.00
5911,23902,100.00
5912,29601,100.00
5913,37962,0.00
5914,31306,100.00
5915,24582,100.00
5916,27206,100.00
5917,22715,0.00
5918,22868,0.00
5919,37329,100.00
5920,33614,100.00
5921,24130,100.00
5922,30472,100.00
5923,25986,0.00
5924,28897,100.00
5925,20540,100.00
5926,33824,0.00
5927,25550,100.00
5928,23294,100.00
5929,32131,100.00
5930,30492,100.00
5931,28572,0.00
5932,21365,100.00
5933,36742,100.00
5934,31092,100.00
5935,20826,100.00
5936,25069,0.00
5937,23230,100.00
5938,24069,100.00
5939,38664,100.00
5940,36212,100.00
5941,26962,0.00
5942,29386,100.00
5943,37642,100.00
5944,49445,0.00
5945,42879,100.00
5946,25033,0.00
5947,34699,100.00
5948,25469,100.00
5949,41437,0.00
5950,32627,100.00
5951,28016,100.00
5952,25740,100.00
5953,31895,100.00
5954,33090,0.00
5955,25067,100.00
5956,26871,100.00
5957,24602,100.00
5958,22067,0.00
5959,30014,100.00
5960,41392,100.00
5961,45583,100.00
5962,19305,0.00
5963,50402,100.00
5964,35834,100.00
5965,27155,100.00
5966,24857,100.00
5967,28409,0.00
5968,23514,100.00
5969,41043,100.00
5970,31398,100.00
5971,33564,100.00
5972,24118,0.00
5973,34177,100.00
5974,29555,100.00
5975,31642,0.00
5976,23415,100.00
5977,27826,100.00
5978,29028,0.00
5979,39395,100.00
5980,22314,0.00
5981,35704,100.00
5982,27619,100.00
5983,31367,0.00
5984,31521,100.00
5985,29142,100.00
5986,30548,100.00
5987,31498,100.00
5988,25489,0.00
5989,22345,100.00
5990,36255,100.00
5991,34153,0.00
5992,27243,100.00
5993,34715,100.00
5994,25785,100.00
5995,48661,100.00
5996,28411,0.00
5997,22572,100.00
5998,24572,100.00
5999,25218,100.00
6000,65438,100.00
6001,47022,0.00
6002,27663,100.00
6003,23648,100.00
6004,40688,100.00
6005,32880,100.00
6006,27723,0.00
6007,47284,50.00
6008,32271,100.00
6009,22635,0.00
6010,35407,100.00
6011,31281,100.00
6012,24579,100.00
6013,23790,100.00
6014,24927,0.00
6015,37197,100.00
6016,27209,100.00
6017,21075,100.00
6018,24786,100.00
6019,24023,0.00
6020,46306,100.00
6021,35733,100.00
6022,32033,100.00
6023,24540,0.00
6024,37383,100.00
6025,50673,100.00
6026,20272,0.00
6027,23138,0.00
6028,26390,100.00
6029,24804,100.00
6030,36727,100.00
6031,41281,100.00
6032,28137,0.00
6033,22804,100.00
6034,22045,100.00
6035,43188,0.00
6036,34107,100.00
6037,26806,100.00
6038,20840,100.00
6039,22591,100.00
6040,24395,0.00
6041,51140,50.00
6042,39388,100.00
6043,29147,100.00
6044,24477,100.00
6045,40876,0.00
6046,32512,100.00
6047,27018,100.00
6048,25191,100.00
6049,22134,100.00
6050,38826,0.00
6051,31489,100.00
6052,22080,100.00
6053,23512,0.00
6054,22711,100.00
6055,33967,100.00
6056,30619,100.00
6057,20647,100.00
6058,30605,0.00
6059,24161,100.00
6060,24446,100.00
6061,37730,0.00
6062,34117,100.00
6063,24480,100.00
6064,22441,100.00
6065,32963,100.00
6066,29414,0.00
6067,25628,100.00
6068,25181,100.00
6069,31348,0.00
6070,26719,100.00
6071,32199,100.00
6072,30955,0.00
6073,25607,100.00
6074,25631,100.00
6075,23200,100.00
6076,35924,100.00
6077,26768,0.00
6078,20734,100.00
6079,23159,100.00
6080,23745,100.00
6081,33970,100.00
6082,34156,0.00
6083,29545,100.00
6084,23667,100.00
6085,34595,100.00
6086,35010,0.00
6087,38788,100.00
6088,21092,0.00
6089,24605,100.00
6090,23617,100.00
6091,32715,100.00
6092,32550,100.00
6093,28858,0.00
6094,24400,100.00
6095,23295,100.00
6096,39150,100.00
6097,31880,100.00
6098,20632,0.00
6099,22678,100.00
6100,23794,100.00
6101,32846,100.00
6102,33470,100.00
6103,27828,0.00
6104,63037,100.00
6105,32155,0.00
6106,39540,0.00
6107,38246,100.00
6108,30607,100.00
6109,29927,100.00
6110,26069,100.00
6111,31284,0.00
6112,30286,100.00
6113,29291,100.00
6114,26629,100.00
6115,32890,0.00
6116,46504,100.00
6117,34976,100.00
6118,21345,100.00
6119,23394,0.00
6120,27255,100.00
6121,48173,66.67
6122,25065,0.00
6123,35654,100.00
6124,25959,0.00
6125,21901,100.00
6126,38249,100.00
6127,29319,100.00
6128,25795,100.00
6129,25141,0.00
6130,26414,100.00
6131,22450,100.00
6132,36591,0.00
6133,30490,100.00
6134,29910,100.00
6135,23071,100.00
6136,32772,100.00
6137,31860,0.00
6138,33119,100.00
6139,20999,100.00
6140,23815,0.00
6141,24879,100.00
6142,30500,100.00
6143,31722,100.00
6144,29637,100.00
6145,24048,0.00
6146,34884,100.00
6147,26968,100.00
6148,23264,100.00
6149,30968,0.00
6150,39852,100.00
6151,21221,0.00
6152,29265,100.00
6153,27525,0.00
6154,26439,100.00
6155,23304,100.00
6156,23826,100.00
6157,38092,100.00
6158,31348,0.00
6159,21224,100.00
6160,22957,100.00
6161,24605,100.00
6162,27348,100.00
6163,40127,0.00
6164,35263,100.00
6165,22071,100.00
6166,42924,0.00
6167,42574,100.00
6168,33896,100.00
6169,24160,100.00
6170,25665,100.00
6171,24844,0.00
6172,28021,100.00
6173,25400,100.00
6174,25281,100.00
6175,24257,100.00
6176,25965,0.00
6177,35948,50.00
6178,31357,100.00
6179,23102,100.00
6180,21027,100.00
6181,24386,0.00
6182,24225,100.00
6183,41830,100.00
6184,37783,0.00
6185,26700,100.00
6186,28026,100.00
6187,38896,100.00
6188,33175,100.00
6189,27345,0.00
6190,24350,100.00
6191,26003,100.00
6192,37168,100.00
6193,32527,100.00
6194,24531,0.00
6195,23801,100.00
6196,24309,100.00
6197,33027,0.00
6198,31867,100.00
6199,21223,100.00
6200,27883,0.00
6201,34902,100.00
6202,21740,0.00
6203,36074,100.00
6204,38812,100.00
6205,28622,0.00
6206,25324,100.00
6207,36355,100.00
6208,33687,100.00
6209,29187,100.00
6210,25353,0.00
6211,39020,0.00
6212,49730,100.00
6213,21837,0.00
6214,33592,100.00
6215,47666,100.00
6216,30144,0.00
6217,24231,100.00
6218,41824,100.00
6219,37149,100.00
6220,23860,100.00
6221,24119,0.00
6222,25899,100.00
6223,24097,100.00
6224,43949,100.00
6225,38195,100.00
6226,27613,0.00
6227,40547,100.00
6228,32443,100.00
6229,38179,0.00
6230,52790,100.00
6231,27287,0.00
6232,40301,100.00
6233,28309,100.00
6234,43487,0.00
6235,37193,100.00
6236,30302,100.00
6237,33801,100.00
6238,30975,100.00
6239,33640,0.00
6240,23671,100.00
6241,24289,100.00
6242,28754,100.00
6243,24897,100.00
6244,37654,0.00
6245,36762,100.00
6246,41521,0.00
6247,45206,100.00
6248,22047,0.00
6249,27837,100.00
6250,23002,0.00
6251,23906,100.00
6252,24217,100.00
6253,20658,100.00
6254,32315,100.00
6255,29665,0.00
6256,24910,100.00
6257,19913,100.00
6258,36093,100.00
6259,31094,100.00
6260,25018,0.00
6261,28779,100.00
6262,24931,100.00
6263,26158,100.00
6264,33153,50.00
6265,50456,100.00
6266,21920,0.00
6267,24141,100.00
6268,35971,100.00
6269,26373,100.00
6270,31210,0.00
6271,25165,100.00
6272,25577,100.00
6273,19247,100.00
6274,32801,0.00
6275,33570,100.00
6276,34219,100.00
6277,25611,100.00
6278,22857,0.00
6279,37066,100.00
6280,36967,100.00
6281,36831,100.00
6282,21610,0.00
6283,24469,100.00
6284,24264,100.00
6285,56784,100.00
6286,41204,0.00
6287,29175,100.00
6288,24657,100.00
6289,46814,100.00
6290,33800,100.00
6291,30180,0.00
6292,41889,0.00
6293,30638,100.00
6294,25760,100.00
6295,40856,100.00
6296,31218,100.00
6297,25030,0.00
6298,24238,100.00
6299,30946,100.00
6300,28886,100.00
6301,20916,100.00
6302,23711,0.00
6303,24715,100.00
6304,22881,100.00
6305,39115,100.00
6306,53573,100.00
6307,30839,0.00
6308,23481,100.00
6309,54694,100.00
6310,18570,0.00
6311,20846,100.00
6312,22987,100.00
6313,24896,0.00
6314,21497,100.00
6315,42945,100.00
6316,34199,100.00
6317,25797,100.00
6318,23755,0.00
6319,32654,100.00
6320,39718,100.00
6321,21120,100.00
6322,21358,100.00
6323,22920,0.00
6324,24558,100.00
6325,41838,50.00
6326,39408,0.00
6327,34247,100.00
6328,26493,100.00
6329,35371,100.00
6330,29007,100.00
6331,24707,0.00
6332,24440,100.00
6333,23561,100.00
6334,22397,100.00
6335,32917,100.00
6336,26536,0.00
6337,25747,100.00
6338,23868,100.00
6339,36358,0.00
6340,32610,100.00
6341,21709,100.00
6342,20485,100.00
6343,32449,100.00
6344,27405,0.00
6345,29212,100.00
6346,37851,100.00
6347,35424,100.00
6348,27928,100.00
6349,35529,0.00
6350,30146,100.00
6351,25568,100.00
6352,24737,100.00
6353,24048,100.00
6354,35468,0.00
6355,43089,0.00
6356,46848,100.00
6357,35557,100.00
6358,31209,100.00
6359,32258,100.00
6360,42727,0.00
6361,35736,100.00
6362,23486,100.00
6363,23230,100.00
6364,25550,100.00
6365,23954,0.00
6366,42764,100.00
6367,39242,100.00
6368,26936,100.00
6369,36483,100.00
6370,30433,0.00
6371,30588,100.00
6372,61753,0.00
6373,47029,100.00
6374,32976,100.00
6375,22854,100.00
6376,44278,0.00
6377,33938,100.00
6378,26156,100.00
6379,22525,100.00
6380,46253,100.00
6381,18869,0.00
6382,19380,100.00
6383,19520,100.00
6384,25389,100.00
6385,22674,100.00
6386,41079,0.00
6387,47113,100.00
6388,35635,100.00
6389,72434,100.00
6390,25589,0.00
6391,45562,100.00
6392,25863,100.00
6393,25554,100.00
6394,25201,0.00
6395,23175,100.00
6396,45311,100.00
6397,32566,100.00
6398,26106,100.00
6399,21622,0.00
6400,45910,100.00
6401,40151,100.00
6402,27255,100.00
6403,26002,100.00
6404,26320,0.00
6405,24373,100.00
6406,38637,50.00
6407,44687,0.00
6408,33152,100.00
6409,27317,100.00
6410,39410,100.00
6411,33055,100.00
6412,26842,0.00
6413,25209,100.00
6414,23844,100.00
6415,20540,100.00
6416,35630,100.00
6417,29214,0.00
6418,32454,100.00
6419,25722,100.00
6420,29836,100.00
6421,35317,100.00
6422,38764,0.00
6423,40045,100.00
6424,21661,0.00
6425,24993,0.00
6426,34109,100.00
6427,35268,100.00
6428,34389,100.00
6429,26524,100.00
6430,36242,0.00
6431,36152,100.00
6432,26617,100.00
6433,30388,100.00
6434,49491,50.00
6435,21302,0.00
6436,36083,100.00
6437,34688,100.00
6438,26425,100.00
6439,24992,100.00
6440,23496,0.00
6441,36594,100.00
6442,29492,100.00
6443,21420,100.00
6444,23565,100.00
6445,24207,0.00
6446,35534,100.00
6447,36861,100.00
6448,34582,100.00
6449,22901,100.00
6450,35281,0.00
6451,42828,0.00
6452,23196,100.00
6453,23498,100.00
6454,25888,100.00
6455,26966,100.00
6456,34565,0.00
6457,30065,100.00
6458,26166,100.00
6459,25126,100.00
6460,30344,100.00
6461,28566,0.00
6462,23648,100.00
6463,24996,100.00
6464,22849,0.00
6465,29035,50.00
6466,31168,100.00
6467,52133,100.00
6468,22101,0.00
6469,24277,100.00
6470,41406,100.00
6471,34235,100.00
6472,24348,0.00
6473,24102,100.00
6474,25667,100.00
6475,24595,100.00
6476,35050,100.00
6477,33293,0.00
6478,25242,100.00
6479,23375,100.00
6480,32256,0.00
6481,34098,100.00
6482,29198,100.00
6483,27520,100.00
6484,27527,0.00
6485,30322,100.00
6486,23157,0.00
6487,38489,100.00
6488,39725,0.00
6489,30738,100.00
6490,24047,100.00
6491,45378,100.00
6492,33935,100.00
6493,25609,0.00
6494,27882,100.00
6495,25231,100.00
6496,21999,0.00
6497,35189,100.00
6498,32097,100.00
6499,37442,100.00
6500,25499,100.00
6501,24753,0.00
6502,34220,100.00
6503,29841,100.00
6504,21495,100.00
6505,23629,100.00
6506,24003,0.00
6507,32760,100.00
6508,34160,100.00
6509,29965,100.00
6510,24928,100.00
6511,39476,0.00
6512,31187,100.00
6513,24536,100.00
6514,31226,0.00
6515,31342,100.00
6516,29344,100.00
6517,33457,0.00
6518,30131,100.00
6519,28050,100.00
6520,23843,100.00
6521,25684,100.00
6522,43968,0.00
6523,34892,100.00
6524,22069,100.00
6525,24229,100.00
6526,25242,100.00
6527,29847,0.00
6528,41926,100.00
6529,36170,100.00
6530,52533,0.00
6531,67904,100.00
6532,23579,0.00
6533,35564,0.00
6534,27408,100.00
6535,29418,100.00
6536,27361,100.00
6537,22842,100.00
6538,49194,0.00
6539,36013,100.00
6540,28917,100.00
6541,21403,100.00
6542,47225,100.00
6543,42878,0.00
6544,26914,100.00
6545,21294,100.00
6546,22984,100.00
6547,24351,100.00
6548,46945,0.00
6549,41500,100.00
6550,32373,100.00
6551,25662,0.00
6552,41115,100.00
6553,34239,100.00
6554,26631,100.00
6555,24742,100.00
6556,24458,0.00
6557,30992,100.00
6558,34600,100.00
6559,38905,0.00
6560,28974,100.00
6561,25533,100.00
6562,35905,100.00
6563,34759,100.00
6564,31656,0.00
6565,36135,100.00
6566,21080,0.00
6567,24525,0.00
6568,28286,100.00
6569,43418,100.00
6570,41835,100.00
6571,32707,100.00
6572,36306,0.00
6573,32447,100.00
6574,29207,100.00
6575,20139,0.00
6576,48961,50.00
6577,42716,100.00
6578,36959,0.00
6579,43387,100.00
6580,41350,100.00
6581,27995,100.00
6582,25546,100.00
6583,38665,0.00
6584,33969,100.00
6585,23656,100.00
6586,22650,100.00
6587,24860,100.00
6588,23948,0.00
6589,42873,100.00
6590,38899,100.00
6591,29002,100.00
6592,34100,100.00
6593,34383,0.00
6594,62540,100.00
6595,20285,0.00
6596,24268,100.00
6597,25043,100.00
6598,20802,100.00
6599,43932,0.00
6600,33487,100.00
6601,26276,100.00
6602,22157,100.00
6603,36578,100.00
6604,31985,0.00
6605,21457,100.00
6606,20729,100.00
6607,22648,100.00
6608,29261,0.00
6609,28080,100.00
6610,49139,100.00
6611,21458,0.00
6612,21763,100.00
6613,40704,100.00
6614,30951,100.00
6615,23377,0.00
6616,24468,100.00
6617,24228,100.00
6618,19864,100.00
6619,32819,100.00
6620,28428,0.00
6621,26660,100.00
6622,21794,100.00
6623,42363,0.00
6624,33971,100.00
6625,20898,100.00
6626,19951,100.00
6627,27899,0.00
6628,26811,100.00
6629,29366,100.00
6630,39728,100.00
6631,36281,0.00
6632,27671,100.00
6633,36460,100.00
6634,28662,100.00
6635,25145,100.00
6636,24634,0.00
6637,25396,100.00
6638,18603,100.00
6639,22109,0.00
6640,30050,100.00
6641,30308,100.00
6642,31378,0.00
6643,36405,100.00
6644,20636,0.00
6645,27125,100.00
6646,20054,100.00
6647,22357,0.00
6648,23927,100.00
6649,23695,100.00
6650,34886,100.00
6651,32630,100.00
6652,27033,0.00
6653,32883,100.00
6654,30485,100.00
6655,23430,100.00
6656,30508,0.00
6657,34264,50.00
6658,22319,0.00
6659,27860,100.00
6660,27057,100.00
6661,31685,100.00
6662,23462,100.00
6663,24324,0.00
6664,32337,100.00
6665,28624,100.00
6666,21055,100.00
6667,22074,100.00
6668,24158,0.00
6669,22656,100.00
6670,38292,100.00
6671,35400,100.00
6672,24297,100.00
6673,41091,0.00
6674,48643,100.00
6675,19769,0.00
6676,21901,100.00
6677,24631,100.00
6678,24781,100.00
6679,23114,0.00
6680,36627,100.00
6681,27284,100.00
6682,26890,100.00
6683,21687,100.00
6684,38227,0.00
6685,31216,100.00
6686,21531,100.00
6687,18950,100.00
6688,24418,100.00
6689,23373,0.00
6690,39686,50.00
6691,57032,100.00
6692,21022,0.00
6693,22776,100.00
6694,41029,100.00
6695,28464,100.00
6696,26507,100.00
6697,24506,0.00
6698,24781,100.00
6699,29122,100.00
6700,26307,100.00
6701,25238,0.00
6702,23132,100.00
6703,22466,100.00
6704,31042,100.00
6705,29378,0.00
6706,25277,100.00
6707,28161,100.00
6708,30981,100.00
6709,21907,0.00
6710,32213,100.00
6711,31613,100.00
6712,30404,100.00
6713,27369,0.00
6714,38013,100.00
6715,32093,100.00
6716,33892,100.00
6717,29423,100.00
6718,40916,0.00
6719,72239,66.67
6720,23284,0.00
6721,56545,0.00
6722,40420,100.00
6723,32106,100.00
6724,27182,100.00
6725,41644,100.00
6726,34736,0.00
6727,21317,100.00
6728,23289,100.00
6729,25403,100.00
6730,26279,100.00
6731,42106,0.00
6732,45100,100.00
6733,27516,100.00
6734,47412,100.00
6735,55326,100.00
6736,302339,0.00
6737,38098,0.00
6738,32026,100.00
6739,32704,100.00
6740,28494,100.00
6741,36771,100.00
6742,28769,0.00
6743,29215,100.00
6744,26896,100.00
6745,23358,100.00
6746,38982,100.00
6747,36214,0.00
6748,21116,100.00
6749,23978,100.00
6750,27369,100.00
6751,24911,100.00
6752,41123,0.00
6753,33360,100.00
6754,37465,50.00
6755,34057,0.00
6756,37243,100.00
6757,32233,100.00
6758,25978,100.00
6759,24761,100.00
6760,23805,0.00
6761,22099,100.00
6762,32063,100.00
6763,28695,100.00
6764,26773,100.00
6765,31217,0.00
6766,38591,100.00
6767,29571,100.00
6768,22194,0.00
6769,20075,100.00
6770,29655,100.00
6771,42109,100.00
6772,22184,0.00
6773,34928,100.00
6774,28278,100.00
6775,23102,100.00
6776,35600,0.00
6777,33747,100.00
6778,25920,100.00
6779,25647,100.00
6780,26915,100.00
6781,21181,0.00
6782,34938,100.00
6783,30122,100.00
6784,27079,0.00
6785,25305,100.00
6786,30545,100.00
6787,27325,100.00
6788,29294,100.00
6789,19509,0.00
6790,22989,100.00
6791,23646,100.00
6792,25533,100.00
6793,32536,100.00
6794,33769,0.00
6795,27505,100.00
6796,36296,100.00
6797,30120,100.00
6798,22400,100.00
6799,41876,0.00
6800,59435,100.00
6801,22198,0.00
6802,32581,100.00
6803,27979,100.00
6804,29369,100.00
6805,26628,0.00
6806,26995,100.00
6807,37463,100.00
6808,28600,100.00
6809,22493,100.00
6810,23265,0.00
6811,25244,100.00
6812,23897,100.00
6813,41751,100.00
6814,42700,100.00
6815,23845,0.00
6816,45390,0.00
6817,47301,100.00
6818,40516,100.00
6819,24696,100.00
6820,32520,100.00
6821,38333,0.00
6822,26631,100.00
6823,39162,100.00
6824,31739,100.00
6825,28345,100.00
6826,23038,0.00
6827,36247,100.00
6828,32060,100.00
6829,22327,0.00
6830,19547,100.00
6831,26087,100.00
6832,24034,100.00
6833,36046,0.00
6834,50428,100.00
6835,21749,0.00
6836,22523,100.00
6837,39214,0.00
6838,30881,100.00
6839,25698,100.00
6840,25327,100.00
6841,24985,100.00
6842,32246,0.00
6843,26787,100.00
6844,28820,100.00
6845,26706,0.00
6846,23521,100.00
6847,31963,100.00
6848,29927,100.00
6849,24428,100.00
6850,29720,0.00
6851,38360,100.00
6852,22090,0.00
6853,25838,0.00
6854,37865,100.00
6855,36667,100.00
6856,29294,100.00
6857,31806,100.00
6858,28008,0.00
6859,33913,100.00
6860,25749,100.00
6861,24061,100.00
6862,29492,0.00
6863,24209,100.00
6864,34242,100.00
6865,33187,100.00
6866,25609,0.00
6867,23380,100.00
6868,33214,100.00
6869,28582,100.00
6870,22253,100.00
6871,21829,0.00
6872,24593,100.00
6873,23112,100.00
6874,37610,100.00
6875,34493,100.00
6876,25472,0.00
6877,36164,100.00
6878,32622,100.00
6879,26472,0.00
6880,37845,100.00
6881,22941,0.00
6882,24972,100.00
6883,23749,100.00
6884,31579,0.00
6885,29737,100.00
6886,25108,100.00
6887,23907,100.00
6888,29912,100.00
6889,26837,0.00
6890,22150,100.00
6891,21787,100.00
6892,25203,100.00
6893,24390,100.00
6894,39525,0.00
6895,33408,100.00
6896,45996,0.00
6897,31102,100.00
6898,40792,100.00
6899,38377,100.00
6900,24337,0.00
6901,22794,100.00
6902,25030,100.00
6903,20679,100.00
6904,36056,100.00
6905,29429,0.00
6906,24692,100.00
6907,22152,100.00
6908,39346,0.00
6909,29559,100.00
6910,23434,100.00
6911,20774,100.00
6912,22197,100.00
6913,28983,0.00
6914,58050,100.00
6915,26455,0.00
6916,25622,0.00
6917,23139,100.00
6918,43275,100.00
6919,33403,100.00
6920,25798,100.00
6921,25460,0.00
6922,25956,100.00
6923,19632,50.00
6924,32931,0.00
6925,24809,100.00
6926,29333,100.00
6927,23015,100.00
6928,31089,100.00
6929,27391,0.00
6930,34057,100.00
6931,20960,100.00
6932,23282,0.00
6933,24878,100.00
6934,23822,100.00
6935,36827,100.00
6936,35041,100.00
6937,29624,0.00
6938,33583,100.00
6939,40265,100.00
6940,34587,100.00
6941,34709,0.00
6942,35894,66.67
6943,20889,0.00
6944,27782,100.00
6945,26242,0.00
6946,28130,100.00
6947,24033,100.00
6948,23553,100.00
6949,31463,100.00
6950,29982,0.00
6951,22875,100.00
6952,22164,100.00
6953,25146,100.00
6954,23424,100.00
6955,43055,0.00
6956,39247,100.00
6957,26673,100.00
6958,33722,0.00
6959,44245,100.00
6960,35430,100.00
6961,23517,100.00
6962,25167,100.00
6963,25257,0.00
6964,21190,100.00
6965,46641,100.00
6966,37013,100.00
6967,26152,100.00
6968,25847,0.00
6969,35786,100.00
6970,37102,100.00
6971,22391,100.00
6972,21133,100.00
6973,23962,0.00
6974,24842,100.00
6975,38820,50.00
6976,32789,0.00
6977,30423,100.00
6978,25820,100.00
6979,34169,100.00
6980,28261,100.00
6981,23638,0.00
6982,24321,100.00
6983,23909,100.00
6984,22523,100.00
6985,35948,100.00
6986,113395,0.00
6987,25787,100.00
6988,27114,100.00
6989,36364,0.00
6990,29918,100.00
6991,19911,100.00
6992,19634,100.00
6993,30170,0.00
6994,24333,100.00
6995,22984,100.00
6996,44977,100.00
6997,38583,0.00
6998,26502,100.00
6999,40314,100.00
7000,61207,100.00
7001,28755,100.00
7002,23873,0.00
7003,25007,100.00
7004,30365,0.00
7005,24528,100.00
7006,34883,100.00
7007,30135,100.00
7008,26104,0.00
7009,22507,100.00
7010,32260,100.00
7011,36536,100.00
7012,24144,100.00
7013,19491,0.00
7014,28055,100.00
7015,21399,0.00
7016,37121,100.00
7017,39134,100.00
7018,28596,0.00
7019,30766,100.00
7020,34484,100.00
7021,28773,100.00
7022,34995,0.00
7023,30584,100.00
7024,27223,0.00
7025,24112,100.00
7026,30790,100.00
7027,28908,100.00
7028,25775,100.00
7029,25809,0.00
7030,26743,100.00
7031,33418,100.00
7032,28178,100.00
7033,20948,100.00
7034,23042,0.00
7035,24737,100.00
7036,29898,100.00
7037,33921,100.00
7038,27644,0.00
7039,38497,50.00
7040,32755,0.00
7041,33600,100.00
7042,28944,100.00
7043,24822,100.00
7044,25475,100.00
7045,23352,0.00
7046,27494,100.00
7047,25212,100.00
7048,27462,100.00
7049,23930,100.00
7050,30190,0.00
7051,36385,100.00
7052,28294,100.00
7053,20928,0.00
7054,21792,100.00
7055,22574,100.00
7056,30536,0.00
7057,57339,100.00
7058,21687,0.00
7059,27816,100.00
7060,35025,100.00
7061,32256,0.00
7062,28529,100.00
7063,26851,100.00
7064,26113,100.00
7065,22311,100.00
7066,19784,0.00
7067,37217,100.00
7068,29706,100.00
7069,26141,0.00
7070,20831,100.00
7071,36650,100.00
7072,37873,100.00
7073,24763,100.00
7074,27706,100.00
7075,22977,0.00
7076,23572,100.00
7077,43167,100.00
7078,39626,100.00
7079,27216,0.00
7080,32889,100.00
7081,29046,100.00
7082,31236,100.00
7083,24836,0.00
7084,35653,50.00
7085,27509,100.00
7086,29622,100.00
7087,28398,0.00
7088,31419,100.00
7089,26141,100.00
7090,25578,100.00
7091,35001,100.00
7092,35618,0.00
7093,22418,100.00
7094,23302,100.00
7095,24374,100.00
7096,22699,100.00
7097,44160,0.00
7098,38929,100.00
7099,25818,100.00
7100,26917,0.00
7101,59692,100.00
7102,18886,0.00
7103,21141,100.00
7104,25629,100.00
7105,26361,0.00
7106,23433,100.00
7107,46851,100.00
7108,35417,100.00
7109,25466,100.00
7110,21984,0.00
7111,40688,100.00
7112,32064,100.00
7113,21627,100.00
7114,20537,100.00
7115,25608,0.00
7116,27314,100.00
7117,54243,66.67
7118,25208,0.00
7119,27411,100.00
7120,22864,0.00
7121,38476,100.00
7122,30744,100.00
7123,23738,100.00
7124,25145,100.00
7125,24572,0.00
7126,28730,100.00
7127,25370,100.00
7128,28055,100.00
7129,22408,100.00
7130,27384,0.00
7131,36466,100.00
7132,30009,100.00
7133,21393,100.00
7134,29261,0.00
7135,31057,100.00
7136,21480,0.00
7137,39058,100.00
7138,38824,0.00
7139,35843,100.00
7140,25578,100.00
7141,46716,100.00
7142,31524,100.00
7143,24394,0.00
7144,25512,100.00
7145,25405,100.00
7146,21179,0.00
7147,32437,50.00
7148,26780,100.00
7149,39341,100.00
7150,25688,100.00
7151,24058,0.00
7152,35050,100.00
7153,28555,100.00
7154,21822,100.00
7155,24423,100.00
7156,24235,0.00
7157,33649,100.00
7158,36259,100.00
7159,29887,100.00
7160,23321,100.00
7161,38115,0.00
7162,33846,100.00
7163,21035,100.00
7164,64663,0.00
7165,46684,100.00
7166,32361,100.00
7167,39007,0.00
7168,31907,100.00
7169,28177,100.00
7170,23411,100.00
7171,23436,100.00
7172,36435,0.00
7173,30436,100.00
7174,20860,100.00
7175,23278,100.00
7176,24953,100.00
7177,26791,0.00
7178,38101,100.00
7179,33969,100.00
7180,38851,0.00
7181,59061,100.00
7182,22594,0.00
7183,27386,0.00
7184,22938,100.00
7185,26517,100.00
7186,24868,100.00
7187,31960,100.00
7188,27965,0.00
7189,31453,100.00
7190,28002,100.00
7191,19160,100.00
7192,42983,100.00
7193,33447,0.00
7194,22056,100.00
7195,21527,100.00
7196,23556,100.00
7197,26587,100.00
7198,45493,0.00
7199,56322,100.00
7200,21135,0.00
7201,25119,100.00
7202,40332,100.00
7203,31502,0.00
7204,25958,100.00
7205,26064,100.00
7206,24059,100.00
7207,34326,100.00
7208,28315,0.00
7209,25938,50.00
7210,23531,100.00
7211,23704,0.00
7212,34654,100.00
7213,34721,100.00
7214,34362,0.00
7215,31014,100.00
7216,22099,0.00
7217,24233,100.00
7218,32597,100.00
7219,33349,0.00
7220,30816,100.00
7221,26436,100.00
7222,31234,100.00
7223,30641,100.00
7224,26797,0.00
7225,20438,100.00
7226,34271,50.00
7227,30694,0.00
7228,27515,100.00
7229,25205,100.00
7230,27697,100.00
7231,25857,100.00
7232,23173,0.00
7233,31955,100.00
7234,27934,100.00
7235,25844,100.00
7236,22892,100.00
7237,24246,0.00
7238,23389,100.00
7239,33622,100.00
7240,31129,100.00
7241,25445,100.00
7242,33224,0.00
7243,35081,0.00
7244,55090,100.00
7245,22557,0.00
7246,36364,100.00
7247,39234,100.00
7248,24069,0.00
7249,50751,100.00
7250,38892,100.00
7251,26039,100.00
7252,23406,100.00
7253,36304,0.00
7254,31675,100.00
7255,22698,100.00
7256,20761,100.00
7257,27372,100.00
7258,32298,0.00
7259,28559,0.00
7260,61782,100.00
7261,22277,0.00
7262,21210,100.00
7263,53799,100.00
7264,34811,0.00
7265,22187,100.00
7266,24143,100.00
7267,25952,100.00
7268,21488,100.00
7269,41867,0.00
7270,30430,100.00
7271,28152,100.00
7272,24524,0.00
7273,43062,100.00
7274,33446,100.00
7275,20857,100.00
7276,21045,100.00
7277,35411,0.00
7278,30150,100.00
7279,25728,100.00
7280,46315,0.00
7281,44818,100.00
7282,25418,100.00
7283,44595,100.00
7284,33234,100.00
7285,25621,0.00
7286,23988,100.00
7287,29542,100.00
7288,22014,100.00
7289,30762,0.00
7290,40177,100.00
7291,35326,100.00
7292,36633,0.00
7293,45977,100.00
7294,22907,0.00
7295,31589,100.00
7296,23229,0.00
7297,23417,100.00
7298,25692,100.00
7299,23934,100.00
7300,42708,100.00
7301,42412,0.00
7302,29461,100.00
7303,33947,100.00
7304,33028,100.00
7305,29729,100.00
7306,33870,0.00
7307,72298,100.00
7308,25366,0.00
7309,25849,0.00
7310,48538,100.00
7311,35144,100.00
7312,28676,100.00
7313,24876,100.00
7314,36721,0.00
7315,39672,100.00
7316,23782,100.00
7317,21630,100.00
7318,25988,100.00
7319,30015,0.00
7320,46623,100.00
7321,47417,100.00
7322,31063,100.00
7323,42701,0.00
7324,75435,100.00
7325,28025,0.00
7326,27475,100.00
7327,25466,100.00
7328,27776,100.00
7329,26117,100.00
7330,44023,0.00
7331,34789,100.00
7332,29308,100.00
7333,26577,100.00
7334,36455,0.00
7335,42108,100.00
7336,29187,100.00
7337,23460,100.00
7338,27954,0.00
7339,25471,100.00
7340,26410,100.00
7341,53177,0.00
7342,52510,100.00
7343,24717,0.00
7344,35360,100.00
7345,31469,100.00
7346,35702,0.00
7347,28127,100.00
7348,24700,100.00
7349,28814,100.00
7350,36662,100.00
7351,31683,0.00
7352,26726,100.00
7353,28483,100.00
7354,23818,0.00
7355,37274,100.00
7356,32915,100.00
7357,26086,100.00
7358,29995,100.00
7359,29643,100.00
7360,21517,0.00
7361,42977,100.00
7362,37146,100.00
7363,26229,100.00
7364,24296,0.00
7365,40964,100.00
7366,39924,100.00
7367,25265,100.00
7368,28606,100.00
7369,37038,0.00
7370,31332,50.00
7371,35021,0.00
7372,28658,100.00
7373,26166,100.00
7374,23467,100.00
7375,29207,100.00
7376,29984,0.00
7377,21935,100.00
7378,20084,100.00
7379,24466,100.00
7380,25876,100.00
7381,34521,0.00
7382,39320,100.00
7383,29221,100.00
7384,29936,100.00
7385,39939,100.00
7386,45989,0.00
7387,27160,0.00
7388,24449,100.00
7389,25729,100.00
7390,23399,100.00
7391,33995,100.00
7392,33197,0.00
7393,25771,100.00
7394,22779,100.00
7395,24574,100.00
7396,39739,100.00
7397,29918,0.00
7398,22206,100.00
7399,23992,100.00
7400,24850,100.00
7401,33997,100.00
7402,55038,0.00
7403,38923,100.00
7404,63698,50.00
7405,33184,0.00
7406,35027,100.00
7407,30302,100.00
7408,25115,100.00
7409,25821,100.00
7410,25121,0.00
7411,23115,100.00
7412,42410,100.00
7413,32308,100.00
7414,26140,100.00
7415,30839,0.00
7416,44956,100.00
7417,33502,100.00
7418,22140,0.00
7419,22711,100.00
7420,25023,100.00
7421,28057,100.00
7422,51607,100.00
7423,26470,0.00
7424,26897,100.00
7425,24347,100.00
7426,45193,100.00
7427,34886,100.00
7428,30435,0.00
7429,27317,100.00
7430,28361,100.00
7431,20375,100.00
7432,33945,50.00
7433,28799,0.00
7434,35646,100.00
7435,26548,100.00
7436,25173,100.00
7437,36363,100.00
7438,40254,0.00
7439,30000,100.00
7440,20766,0.00
7441,24918,0.00
7442,23681,100.00
7443,38877,100.00
7444,36055,100.00
7445,27652,100.00
7446,25750,0.00
7447,37392,100.00
7448,29442,100.00
7449,23825,0.00
7450,34603,100.00
7451,26078,100.00
7452,21937,100.00
7453,36903,100.00
7454,28229,0.00
7455,25303,100.00
7456,23434,100.00
7457,30498,100.00
7458,26788,100.00
7459,21246,0.00
7460,22495,100.00
7461,24589,100.00
7462,23414,100.00
7463,42953,100.00
7464,39533,0.00
7465,27494,100.00
7466,32319,0.00
7467,66901,100.00
7468,26630,0.00
7469,30118,100.00
7470,32457,0.00
7471,31540,100.00
7472,23683,100.00
7473,44176,100.00
7474,39384,100.00
7475,27018,0.00
7476,25481,100.00
7477,20783,100.00
7478,47489,0.00
7479,38101,100.00
7480,21991,100.00
7481,26593,100.00
7482,24675,100.00
7483,27702,0.00
7484,43296,100.00
7485,48053,100.00
7486,25395,0.00
7487,28652,100.00
7488,42342,0.00
7489,31475,100.00
7490,28330,100.00
7491,23860,100.00
7492,21391,100.00
7493,33772,0.00
7494,34359,50.00
7495,25075,100.00
7496,23355,0.00
7497,21960,100.00
7498,32444,100.00
7499,30471,100.00
7500,21466,100.00
7501,33067,0.00
7502,26252,100.00
7503,24107,100.00
7504,35834,0.00
7505,34459,100.00
7506,25008,100.00
7507,23014,100.00
7508,37392,100.00
7509,35284,0.00
7510,24077,100.00
7511,24379,100.00
7512,32458,0.00
7513,52866,66.67
7514,21020,0.00
7515,33511,0.00
7516,25985,100.00
7517,25543,100.00
7518,23608,100.00
7519,37083,100.00
7520,28642,0.00
7521,21447,100.00
7522,24636,100.00
7523,25028,100.00
7524,34051,100.00
7525,33528,0.00
7526,29886,100.00
7527,31848,100.00
7528,38889,100.00
7529,41454,0.00
7530,63550,100.00
7531,21731,0.00
7532,24389,100.00
7533,24626,100.00
7534,33832,100.00
7535,35537,100.00
7536,35819,0.00
7537,25733,100.00
7538,24655,100.00
7539,36902,100.00
7540,35866,100.00
7541,23716,0.00
7542,25484,100.00
7543,24379,100.00
7544,22767,100.00
7545,42411,100.00
7546,33976,0.00
7547,44865,50.00
7548,28762,100.00
7549,36720,0.00
7550,28070,100.00
7551,24118,100.00
7552,25154,100.00
7553,24894,100.00
7554,22422,0.00
7555,36954,100.00
7556,34284,100.00
7557,24171,100.00
7558,23600,0.00
7559,40164,100.00
7560,31335,100.00
7561,21449,100.00
7562,21854,0.00
7563,22131,100.00
7564,31833,100.00
7565,54349,100.00
7566,26607,0.00
7567,27336,100.00
7568,22625,100.00
7569,37774,100.00
7570,28798,0.00
7571,25589,100.00
7572,25109,100.00
7573,27033,100.00
7574,20403,0.00
7575,30988,50.00
7576,29152,100.00
7577,26943,100.00
7578,22930,0.00
7579,32093,100.00
7580,27584,100.00
7581,31699,0.00
7582,20239,100.00
7583,22711,100.00
7584,23932,100.00
7585,30079,100.00
7586,31733,0.00
7587,31596,100.00
7588,29045,100.00
7589,32887,100.00
7590,29296,100.00
7591,27095,0.00
7592,27326,100.00
7593,36839,100.00
7594,20459,0.00
7595,28921,100.00
7596,29380,100.00
7597,29277,100.00
7598,23566,100.00
7599,23208,0.00
7600,35321,100.00
7601,29585,100.00
7602,21748,100.00
7603,22975,100.00
7604,24165,0.00
7605,31742,100.00
7606,32910,100.00
7607,29917,100.00
7608,26259,100.00
7609,31883,50.00
7610,34252,0.00
7611,26470,100.00
7612,25635,100.00
7613,24242,100.00
7614,25025,100.00
7615,27649,0.00
7616,23018,100.00
7617,29752,100.00
7618,25775,100.00
7619,24582,100.00
7620,35735,0.00
7621,24636,100.00
7622,20966,100.00
7623,22617,0.00
7624,23589,100.00
7625,27520,100.00
7626,53322,50.00
7627,21719,0.00
7628,24477,100.00
7629,42578,100.00
7630,29933,100.00
7631,27143,0.00
7632,24552,100.00
7633,24794,100.00
7634,24309,100.00
7635,38068,100.00
7636,29919,0.00
7637,26124,100.00
7638,25565,100.00
7639,38899,0.00
7640,30782,100.00
7641,21011,100.00
7642,22913,100.00
7643,25098,100.00
7644,26011,100.00
7645,27102,0.00
7646,32447,100.00
7647,36355,100.00
7648,27615,100.00
7649,36113,0.00
7650,29662,100.00
7651,25753,100.00
7652,26233,100.00
7653,24872,100.00
7654,35551,0.00
7655,31784,100.00
7656,34561,100.00
7657,33397,0.00
7658,25477,100.00
7659,24858,100.00
7660,37123,100.00
7661,29928,100.00
7662,22283,0.00
7663,22085,100.00
7664,24451,100.00
7665,22751,100.00
7666,36374,100.00
7667,32527,0.00
7668,24518,100.00
7669,32019,100.00
7670,27205,100.00
7671,21979,100.00
7672,52317,100.00
7673,23435,0.00
7674,23666,100.00
7675,22625,0.00
7676,36874,100.00
7677,27449,100.00
7678,24093,100.00
7679,24173,100.00
7680,29457,0.00
7681,27354,100.00
7682,21036,100.00
7683,21476,100.00
7684,54015,100.00
7685,24410,0.00
7686,35426,100.00
7687,33244,100.00
7688,26229,0.00
7689,41851,100.00
7690,21111,0.00
7691,26815,0.00
7692,23133,100.00
7693,24093,100.00
7694,25484,100.00
7695,22630,100.00
7696,35371,0.00
7697,28664,100.00
7698,24468,100.00
7699,19964,100.00
7700,34925,100.00
7701,28835,0.00
7702,21632,100.00
7703,19470,100.00
7704,22829,100.00
7705,23036,100.00
7706,37133,0.00
7707,34161,100.00
7708,30597,100.00
7709,25567,0.00
7710,35647,100.00
7711,29146,100.00
7712,25178,100.00
7713,24994,100.00
7714,24963,0.00
7715,39422,100.00
7716,34180,50.00
7717,29535,0.00
7718,30701,100.00
7719,28616,100.00
7720,23586,100.00
7721,34950,100.00
7722,36426,0.00
7723,25339,100.00
7724,30086,100.00
7725,23065,0.00
7726,24570,100.00
7727,37799,0.00
7728,34043,100.00
7729,25033,100.00
7730,21689,100.00
7731,34615,100.00
7732,31011,0.00
7733,21889,100.00
7734,34059,0.00
7735,26277,100.00
7736,23091,100.00
7737,34863,100.00
7738,28046,0.00
7739,26873,100.00
7740,22501,100.00
7741,29118,100.00
7742,29664,100.00
7743,20176,0.00
7744,18798,100.00
7745,23259,100.00
7746,23800,100.00
7747,34379,100.00
7748,34314,0.00
7749,25300,100.00
7750,22989,100.00
7751,38693,0.00
7752,38892,100.00
7753,19357,0.00
7754,22626,100.00
7755,25235,100.00
7756,21338,0.00
7757,34931,100.00
7758,28846,100.00
7759,26018,100.00
7760,24665,100.00
7761,30743,0.00
7762,28209,100.00
7763,22601,100.00
7764,20331,100.00
7765,24176,0.00
7766,23764,100.00
7767,31258,0.00
7768,55732,100.00
7769,21867,0.00
7770,21066,100.00
7771,45299,100.00
7772,32927,0.00
7773,23123,100.00
7774,24172,100.00
7775,24509,100.00
7776,20211,100.00
7777,37619,0.00
7778,29427,100.00
7779,23936,100.00
7780,21870,0.00
7781,37183,100.00
7782,36220,100.00
7783,20327,100.00
7784,19415,100.00
7785,32302,0.00
7786,24097,100.00
7787,22888,100.00
7788,40844,0.00
7789,38978,100.00
7790,26104,100.00
7791,35645,100.00
7792,28554,100.00
7793,29238,0.00
7794,24662,100.00
7795,27686,100.00
7796,20126,100.00
7797,22492,100.00
7798,32180,0.00
7799,37424,50.00
7800,31623,100.00
7801,20971,0.00
7802,29541,100.00
7803,29095,100.00
7804,20564,100.00
7805,22418,100.00
7806,24605,0.00
7807,23093,100.00
7808,40365,100.00
7809,36475,100.00
7810,26507,100.00
7811,31215,0.00
7812,31266,100.00
7813,28180,100.00
7814,23598,0.00
7815,56161,100.00
7816,52894,100.00
7817,20696,0.00
7818,46687,100.00
7819,48357,0.00
7820,35145,100.00
7821,29092,100.00
7822,30005,100.00
7823,29431,100.00
7824,23441,0.00
7825,19842,100.00
7826,24718,100.00
7827,24569,100.00
7828,33818,100.00
7829,37963,0.00
7830,26318,100.00
7831,32981,0.00
7832,34825,100.00
7833,30488,100.00
7834,23194,100.00
7835,22746,0.00
7836,25099,100.00
7837,23857,100.00
7838,29793,100.00
7839,27784,100.00
7840,26013,0.00
7841,24834,100.00
7842,29916,100.00
7843,38192,0.00
7844,26113,100.00
7845,22216,100.00
7846,29061,100.00
7847,24670,100.00
7848,31594,0.00
7849,64207,100.00
7850,22301,0.00
7851,23880,0.00
7852,36512,100.00
7853,26149,100.00
7854,28852,100.00
7855,26915,100.00
7856,25094,0.00
7857,24935,100.00
7858,32541,100.00
7859,28645,0.00
7860,25041,100.00
7861,25450,100.00
7862,21963,100.00
7863,33058,100.00
7864,31283,0.00
7865,31599,100.00
7866,21595,100.00
7867,24378,0.00
7868,24600,100.00
7869,35564,100.00
7870,33990,100.00
7871,25227,100.00
7872,21951,0.00
7873,35007,100.00
7874,32584,100.00
7875,23563,100.00
7876,36275,0.00
7877,43611,100.00
7878,17357,0.00
7879,30666,100.00
7880,32151,0.00
7881,24301,100.00
7882,24480,100.00
7883,29541,100.00
7884,27987,100.00
7885,21359,0.00
7886,20252,100.00
7887,24021,100.00
7888,24057,100.00
7889,31374,100.00
7890,31526,0.00
7891,30161,100.00
7892,26692,100.00
7893,26178,0.00
7894,58970,100.00
7895,22115,0.00
7896,29266,100.00
7897,37214,100.00
7898,27586,0.00
7899,41017,100.00
7900,33398,100.00
7901,26425,100.00
7902,24263,100.00
7903,30826,0.00
7904,28435,100.00
7905,24736,100.00
7906,19656,100.00
7907,23275,100.00
7908,25457,0.00
7909,29430,100.00
7910,41682,50.00
7911,33323,0.00
7912,23944,100.00
7913,34637,100.00
7914,28215,100.00
7915,23360,100.00
7916,23650,0.00
7917,24800,100.00
7918,21332,100.00
7919,29579,100.00
7920,27230,100.00
7921,23178,0.00
7922,22714,100.00
7923,34415,100.00
7924,30614,0.00
7925,22081,100.00
7926,19457,100.00
7927,29550,0.00
7928,30101,100.00
7929,21260,0.00
7930,34125,100.00
7931,32897,100.00
7932,25876,0.00
7933,32840,100.00
7934,27897,100.00
7935,29782,100.00
7936,30550,100.00
7937,31429,0.00
7938,22210,100.00
7939,22534,50.00
7940,33486,0.00
7941,28907,100.00
7942,29063,100.00
7943,26119,100.00
7944,45452,100.00
7945,19495,0.00
7946,21897,100.00
7947,22887,100.00
7948,24800,100.00
7949,24505,100.00
7950,42063,0.00
7951,38697,100.00
7952,27731,100.00
7953,29138,100.00
7954,30906,100.00
7955,26666,0.00
7956,23236,100.00
7957,32575,100.00
7958,25269,100.00
7959,19628,0.00
7960,28981,100.00
7961,25554,100.00
7962,24003,100.00
7963,21988,0.00
7964,28499,100.00
7965,29497,100.00
7966,21190,100.00
7967,19174,100.00
7968,24107,0.00
7969,25057,100.00
7970,31881,100.00
7971,32868,100.00
7972,30845,100.00
7973,27294,0.00
7974,45007,100.00
7975,44832,100.00
7976,20344,0.00
7977,22611,100.00
7978,25294,100.00
7979,29340,100.00
7980,34267,100.00
7981,33248,0.00
7982,24524,100.00
7983,24415,100.00
7984,21409,0.00
7985,38632,100.00
7986,93581,100.00
7987,29524,100.00
7988,23445,100.00
7989,22692,0.00
7990,24556,100.00
7991,43489,100.00
7992,35495,100.00
7993,26877,100.00
7994,23076,0.00
7995,34457,100.00
7996,32879,100.00
7997,28315,100.00
7998,24803,100.00
7999,21864,0.00
8000,51655,100.00
8001,28767,50.00
8002,22141,0.00
8003,22246,100.00
8004,21860,100.00
8005,31250,100.00
8006,26963,100.00
8007,19826,0.00
8008,29689,100.00
8009,24496,100.00
8010,23667,0.00
8011,32104,100.00
8012,32525,100.00
8013,25008,100.00
8014,22965,100.00
8015,30837,0.00
8016,29308,100.00
8017,24928,100.00
8018,24492,100.00
8019,29981,0.00
8020,24881,50.00
8021,30786,0.00
8022,28128,100.00
8023,25466,100.00
8024,24196,100.00
8025,25646,100.00
8026,34194,0.00
8027,25527,100.00
8028,20694,100.00
8029,23975,100.00
8030,24362,100.00
8031,36404,0.00
8032,44253,100.00
8033,33313,100.00
8034,27815,100.00
8035,48620,100.00
8036,62897,0.00
8037,62285,100.00
8038,22580,0.00
8039,29022,100.00
8040,28149,100.00
8041,55855,100.00
8042,39063,0.00
8043,37602,100.00
8044,24418,100.00
8045,25926,100.00
8046,44215,100.00
8047,36739,0.00
8048,23114,100.00
8049,23445,100.00
8050,24879,100.00
8051,32593,100.00
8052,41022,0.00
8053,36363,100.00
8054,51926,0.00
8055,42563,100.00
8056,50795,100.00
8057,34997,100.00
8058,27521,0.00
8059,30187,100.00
8060,32953,100.00
8061,23136,100.00
8062,44239,100.00
8063,30409,0.00
8064,29482,100.00
8065,65784,100.00
8066,45223,0.00
8067,36610,100.00
8068,21872,100.00
8069,27182,100.00
8070,26743,100.00
8071,29140,0.00
8072,55610,100.00
8073,27102,0.00
8074,26144,100.00
8075,22310,100.00
8076,42097,0.00
8077,33568,100.00
8078,26941,100.00
8079,26045,100.00
8080,24599,100.00
8081,25814,0.00
8082,36433,50.00
8083,35189,100.00
8084,30727,0.00
8085,24048,100.00
8086,30260,100.00
8087,31088,100.00
8088,39302,0.00
8089,23047,100.00
8090,24789,100.00
8091,24691,100.00
8092,32127,0.00
8093,34751,100.00
8094,35599,100.00
8095,27162,100.00
8096,37141,100.00
8097,32371,0.00
8098,31708,100.00
8099,34224,100.00
8100,54058,100.00
8101,20849,0.00
8102,33758,100.00
8103,34723,100.00
8104,26801,100.00
8105,23253,0.00
8106,24318,100.00
8107,39688,100.00
8108,34608,100.00
8109,21358,100.00
8110,23109,0.00
8111,23762,100.00
8112,32972,100.00
8113,32517,100.00
8114,35214,100.00
8115,22906,0.00
8116,43877,50.00
8117,42788,100.00
8118,32943,100.00
8119,25597,100.00
8120,24916,0.00
8121,25155,100.00
8122,28387,100.00
8123,30078,100.00
8124,29017,100.00
8125,22486,0.00
8126,19810,100.00
8127,38311,100.00
8128,33636,100.00
8129,25586,100.00
8130,20906,0.00
8131,24425,100.00
8132,23210,100.00
8133,39216,0.00
8134,32528,100.00
8135,24008,100.00
8136,24580,100.00
8137,34727,100.00
8138,28567,0.00
8139,26610,100.00
8140,25174,100.00
8141,24099,100.00
8142,32629,100.00
8143,26168,0.00
8144,22689,100.00
8145,23824,100.00
8146,23860,100.00
8147,32412,100.00
8148,32337,0.00
8149,20588,100.00
8150,29411,100.00
8151,25117,0.00
8152,24816,100.00
8153,32756,100.00
8154,33311,100.00
8155,28685,100.00
8156,23915,0.00
8157,33967,100.00
8158,29260,100.00
8159,28916,100.00
8160,24664,100.00
8161,25732,0.00
8162,45375,66.67
8163,19916,0.00
8164,29409,100.00
8165,26915,100.00
8166,22817,0.00
8167,23066,100.00
8168,32490,100.00
8169,27129,100.00
8170,20533,100.00
8171,22975,0.00
8172,23955,100.00
8173,28955,100.00
8174,35191,100.00
8175,29615,100.00
8176,25627,0.00
8177,32725,100.00
8178,29817,100.00
8179,44444,0.00
8180,48260,100.00
8181,25038,0.00
8182,35649,0.00
8183,30809,100.00
8184,33127,100.00
8185,34523,100.00
8186,23593,100.00
8187,24216,0.00
8188,35473,100.00
8189,33142,100.00
8190,24630,100.00
8191,23654,100.00
8192,24080,0.00
8193,28618,100.00
8194,43418,100.00
8195,34401,0.00
8196,49386,50.00
8197,34359,100.00
8198,35146,0.00
8199,30513,100.00
8200,27330,100.00
8201,26805,100.00
8202,24598,100.00
8203,28505,0.00
8204,26469,100.00
8205,28472,100.00
8206,24132,100.00
8207,30073,0.00
8208,44661,100.00
8209,37300,100.00
8210,23017,100.00
8211,25287,0.00
8212,24135,100.00
8213,35815,100.00
8214,47309,0.00
8215,41677,100.00
8216,27263,100.00
8217,25176,100.00
8218,45050,100.00
8219,35507,0.00
8220,26428,100.00
8221,26834,100.00
8222,32512,100.00
8223,22465,0.00
8224,40106,50.00
8225,33788,100.00
8226,29844,100.00
8227,28551,0.00
8228,38147,100.00
8229,33502,100.00
8230,37192,0.00
8231,23095,100.00
8232,24772,100.00
8233,23860,100.00
8234,29732,100.00
8235,37201,0.00
8236,36303,100.00
8237,39103,100.00
8238,42104,100.00
8239,33919,100.00
8240,32170,0.00
8241,30166,100.00
8242,50603,100.00
8243,22123,0.00
8244,36175,100.00
8245,34864,100.00
8246,31267,100.00
8247,28061,100.00
8248,23741,0.00
8249,38007,100.00
8250,34818,100.00
8251,23614,100.00
8252,23345,100.00
8253,25054,0.00
8254,26662,100.00
8255,39061,100.00
8256,35839,100.00
8257,27026,100.00
8258,38015,0.00
8259,48327,0.00
8260,39087,100.00
8261,36434,100.00
8262,39168,100.00
8263,30482,100.00
8264,23185,0.00
8265,49818,100.00
8266,35189,100.00
8267,30704,100.00
8268,22495,100.00
8269,38064,0.00
8270,42835,100.00
8271,23580,100.00
8272,21400,100.00
8273,33280,100.00
8274,27015,0.00
8275,44258,100.00
8276,56371,100.00
8277,21488,0.00
8278,21351,100.00
8279,49154,0.00
8280,37831,100.00
8281,25369,100.00
8282,26743,100.00
8283,27088,100.00
8284,31279,0.00
8285,28233,100.00
8286,27625,100.00
8287,35575,0.00
8288,28012,100.00
8289,35900,100.00
8290,25062,100.00
8291,24343,100.00
8292,21794,0.00
8293,26633,100.00
8294,26534,100.00
8295,26867,0.00
8296,34098,100.00
8297,30013,0.00
8298,23320,100.00
8299,33887,100.00
8300,28649,100.00
8301,24328,100.00
8302,30408,0.00
8303,27984,100.00
8304,38103,50.00
8305,64706,0.00
8306,31960,100.00
8307,36841,100.00
8308,30704,100.00
8309,28226,100.00
8310,39373,0.00
8311,34237,100.00
8312,23250,100.00
8313,25131,100.00
8314,26033,100.00
8315,25149,0.00
8316,44204,100.00
8317,40308,100.00
8318,34701,100.00
8319,36407,100.00
8320,31337,0.00
8321,27830,100.00
8322,33027,100.00
8323,32885,100.00
8324,21777,0.00
8325,21126,100.00
8326,36009,100.00
8327,28735,100.00
8328,25474,0.00
8329,23199,100.00
8330,29245,100.00
8331,28656,100.00
8332,21740,100.00
8333,23469,0.00
8334,24540,100.00
8335,23808,100.00
8336,33389,100.00
8337,35417,100.00
8338,40344,0.00
8339,50390,100.00
8340,58583,100.00
8341,23284,0.00
8342,23961,100.00
8343,27099,100.00
8344,28863,100.00
8345,25085,100.00
8346,44039,0.00
8347,30721,100.00
8348,29538,100.00
8349,25658,100.00
8350,36124,100.00
8351,34304,0.00
8352,25628,100.00
8353,23674,100.00
8354,23707,100.00
8355,24738,100.00
8356,27232,0.00
8357,66562,100.00
8358,21518,0.00
8359,24101,0.00
8360,36675,100.00
8361,31575,100.00
8362,33745,100.00
8363,26908,100.00
8364,24495,0.00
8365,22128,100.00
8366,22486,50.00
8367,43214,0.00
8368,34262,100.00
8369,27309,100.00
8370,22496,100.00
8371,45358,100.00
8372,38771,0.00
8373,27710,100.00
8374,31526,100.00
8375,21097,0.00
8376,24208,100.00
8377,44916,0.00
8378,39693,100.00
8379,27100,100.00
8380,22443,100.00
8381,45588,100.00
8382,33966,0.00
8383,28500,100.00
8384,39421,0.00
8385,32180,100.00
8386,23154,100.00
8387,38912,100.00
8388,32209,0.00
8389,27086,100.00
8390,23770,100.00
8391,31548,100.00
8392,32065,100.00
8393,21212,0.00
8394,19763,100.00
8395,23898,100.00
8396,24673,100.00
8397,38875,100.00
8398,43041,0.00
8399,33897,100.00
8400,26535,100.00
8401,38826,0.00
8402,54391,100.00
8403,19619,0.00
8404,22199,100.00
8405,25644,100.00
8406,23534,0.00
8407,43363,100.00
8408,34451,100.00
8409,30285,100.00
8410,24600,100.00
8411,31228,0.00
8412,31959,100.00
8413,24790,100.00
8414,23749,100.00
8415,20758,0.00
8416,25183,100.00
8417,35293,0.00
8418,61235,66.67
8419,21390,0.00
8420,22320,100.00
8421,47888,100.00
8422,31226,0.00
8423,24306,100.00
8424,23701,100.00
8425,24945,100.00
8426,21495,100.00
8427,36466,0.00
8428,29431,100.00
8429,25098,100.00
8430,22915,0.00
8431,34969,100.00
8432,30518,100.00
8433,22520,100.00
8434,20614,100.00
8435,33419,0.00
8436,25750,100.00
8437,24477,100.00
8438,43207,0.00
8439,42887,100.00
8440,29037,100.00
8441,41736,100.00
8442,34462,100.00
8443,26384,0.00
8444,23545,100.00
8445,27664,100.00
8446,20139,100.00
8447,23214,100.00
8448,32114,0.00
8449,38175,50.00
8450,30981,100.00
8451,21314,0.00
8452,31876,100.00
8453,30647,100.00
8454,23137,100.00
8455,22034,100.00
8456,24364,0.00
8457,23052,100.00
8458,37264,100.00
8459,37576,100.00
8460,26163,100.00
8461,32205,0.00
8462,29440,100.00
8463,29203,100.00
8464,23675,0.00
8465,64665,100.00
8466,40167,0.00
8467,31974,0.00
8468,44911,100.00
8469,38302,100.00
8470,35165,100.00
8471,24964,100.00
8472,30117,0.00
8473,32900,100.00
8474,28877,100.00
8475,24955,100.00
8476,24132,100.00
8477,25520,0.00
8478,25394,100.00
8479,41619,100.00
8480,37944,100.00
8481,41745,0.00
8482,59210,100.00
8483,24660,0.00
8484,27750,100.00
8485,22553,100.00
8486,151194,100.00
8487,29992,100.00
8488,25531,0.00
8489,31395,100.00
8490,31716,100.00
8491,26877,100.00
8492,18803,100.00
8493,45945,0.00
8494,29300,100.00
8495,21599,100.00
8496,26753,100.00
8497,22778,100.00
8498,25816,0.00
8499,39643,100.00
8500,52398,100.00
8501,21386,0.00
8502,20415,100.00
8503,47947,0.00
8504,32456,100.00
8505,25323,100.00
8506,24752,100.00
8507,23454,100.00
8508,30515,0.00
8509,27907,100.00
8510,37558,50.00
8511,29208,0.00
8512,25387,100.00
8513,33880,100.00
8514,30673,100.00
8515,29838,0.00
8516,31100,100.00
8517,20669,0.00
8518,24204,100.00
8519,30087,0.00
8520,37607,100.00
8521,37894,100.00
8522,29156,100.00
8523,36695,100.00
8524,29893,0.00
8525,28250,100.00
8526,21551,100.00
8527,43723,0.00
8528,27812,100.00
8529,29355,100.00
8530,27008,100.00
8531,30559,100.00
8532,27047,0.00
8533,24006,100.00
8534,41067,100.00
8535,34055,100.00
8536,22024,100.00
8537,23707,0.00
8538,24249,100.00
8539,23884,100.00
8540,42626,100.00
8541,40232,100.00
8542,27174,0.00
8543,36804,100.00
8544,36137,0.00
8545,37551,100.00
8546,20665,0.00
8547,27530,100.00
8548,28602,0.00
8549,23548,100.00
8550,40614,100.00
8551,34739,100.00
8552,26244,100.00
8553,23172,0.00
8554,35603,100.00
8555,31971,100.00
8556,21283,100.00
8557,19779,100.00
8558,22927,0.00
8559,31686,100.00
8560,30385,0.00
8561,52467,100.00
8562,21749,0.00
8563,22770,100.00
8564,47225,0.00
8565,31997,100.00
8566,22081,100.00
8567,24983,100.00
8568,24720,100.00
8569,22729,0.00
8570,37433,100.00
8571,29987,100.00
8572,25591,100.00
8573,22055,0.00
8574,41920,100.00
8575,32914,100.00
8576,22981,100.00
8577,20221,0.00
8578,26343,100.00
8579,24410,100.00
8580,33367,0.00
8581,32602,100.00
8582,30585,100.00
8583,24128,100.00
8584,34471,100.00
8585,29778,0.00
8586,23762,100.00
8587,25144,100.00
8588,27972,100.00
8589,19756,0.00
8590,29860,100.00
8591,25627,100.00
8592,30217,100.00
8593,31300,0.00
8594,23983,100.00
8595,31651,100.00
8596,29443,0.00
8597,22590,100.00
8598,24789,100.00
8599,23852,100.00
8600,30653,100.00
8601,32721,0.00
8602,30342,100.00
8603,24060,100.00
8604,36168,100.00
8605,29016,100.00
8606,21869,0.00
8607,42138,100.00
8608,30512,100.00
8609,25563,0.00
8610,28564,100.00
8611,27547,100.00
8612,30291,100.00
8613,25620,100.00
8614,22417,0.00
8615,30343,100.00
8616,27635,100.00
8617,20616,100.00
8618,22631,100.00
8619,23753,0.00
8620,27441,100.00
8621,32466,100.00
8622,28673,100.00
8623,26327,0.00
8624,38866,50.00
8625,46682,100.00
8626,21012,0.00
8627,22787,0.00
8628,24841,100.00
8629,23525,100.00
8630,31356,100.00
8631,28923,100.00
8632,28033,0.00
8633,26920,100.00
8634,18943,100.00
8635,38244,100.00
8636,30140,100.00
8637,22593,0.00
8638,21248,100.00
8639,22267,100.00
8640,26022,100.00
8641,49332,100.00
8642,21007,0.00
8643,21878,100.00
8644,23681,100.00
8645,42062,100.00
8646,30966,100.00
8647,26501,0.00
8648,25666,100.00
8649,21383,100.00
8650,36082,100.00
8651,32972,0.00
8652,24632,50.00
8653,23967,100.00
8654,23448,100.00
8655,37847,0.00
8656,34110,100.00
8657,21104,100.00
8658,27853,0.00
8659,24216,100.00
8660,24464,100.00
8661,35636,100.00
8662,35395,100.00
8663,27609,0.00
8664,25678,100.00
8665,38098,100.00
8666,30917,100.00
8667,25270,100.00
8668,24771,0.00
8669,28903,0.00
8670,26458,100.00
8671,30062,100.00
8672,29300,100.00
8673,26850,100.00
8674,24408,0.00
8675,23409,100.00
8676,30898,100.00
8677,25228,100.00
8678,20789,100.00
8679,23925,0.00
8680,23591,100.00
8681,31436,100.00
8682,37568,100.00
8683,32223,100.00
8684,26161,0.00
8685,37960,100.00
8686,97456,0.00
8687,62391,100.00
8688,21937,0.00
8689,26551,100.00
8690,28863,0.00
8691,48141,100.00
8692,37643,100.00
8693,27181,100.00
8694,23479,100.00
8695,24228,0.00
8696,41590,100.00
8697,26728,100.00
8698,20684,100.00
8699,22943,100.00
8700,24755,0.00
8701,33990,100.00
8702,33991,100.00
8703,37017,0.00
8704,38567,50.00
8705,57845,100.00
8706,21349,0.00
8707,24964,100.00
8708,23851,0.00
8709,25258,100.00
8710,23050,100.00
8711,37046,100.00
8712,29960,100.00
8713,26815,0.00
8714,21133,100.00
8715,34154,100.00
8716,32858,100.00
8717,28668,100.00
8718,26202,0.00
8719,22312,100.00
8720,33726,100.00
8721,42688,100.00
8722,22265,0.00
8723,33331,100.00
8724,24884,100.00
8725,31909,100.00
8726,28903,0.00
8727,30339,100.00
8728,26633,100.00
8729,26085,100.00
8730,24294,100.00
8731,20549,0.00
8732,34075,100.00
8733,31569,100.00
8734,24941,0.00
8735,23856,100.00
8736,33185,100.00
8737,43283,100.00
8738,22202,50.00
8739,26006,100.00
8740,21535,0.00
8741,23369,100.00
8742,30068,100.00
8743,30582,100.00
8744,26062,0.00
8745,23770,100.00
8746,32895,100.00
8747,30383,100.00
8748,20084,0.00
8749,31926,100.00
8750,27166,0.00
8751,22056,100.00
8752,30623,100.00
8753,28581,100.00
8754,23627,100.00
8755,24802,0.00
8756,24174,100.00
8757,32250,100.00
8758,27029,100.00
8759,19998,100.00
8760,23506,0.00
8761,24009,100.00
8762,33386,100.00
8763,34328,100.00
8764,31711,100.00
8765,22119,0.00
8766,51096,50.00
8767,58771,100.00
8768,20865,0.00
8769,24072,100.00
8770,33157,100.00
8771,26886,100.00
8772,33611,100.00
8773,31543,0.00
8774,25222,100.00
8775,22322,100.00
8776,19547,100.00
8777,36661,100.00
8778,34651,0.00
8779,21878,100.00
8780,22154,100.00
8781,22992,100.00
8782,23727,100.00
8783,42211,0.00
8784,37487,100.00
8785,27005,100.00
8786,25223,0.00
8787,31703,100.00
8788,28150,100.00
8789,26416,100.00
8790,25685,100.00
8791,22998,0.00
8792,35713,100.00
8793,29587,100.00
8794,26657,0.00
8795,24244,100.00
8796,23174,100.00
8797,35071,100.00
8798,36768,100.00
8799,21885,0.00
8800,29619,100.00
8801,29395,100.00
8802,26529,0.00
8803,36220,100.00
8804,35519,100.00
8805,28151,100.00
8806,25187,100.00
8807,34928,0.00
8808,30438,100.00
8809,29102,100.00
8810,29803,100.00
8811,21911,0.00
8812,48041,100.00
8813,19938,0.00
8814,32945,100.00
8815,28677,0.00
8816,22618,100.00
8817,23404,100.00
8818,35644,100.00
8819,31603,100.00
8820,21808,0.00
8821,23857,100.00
8822,23650,100.00
8823,29977,100.00
8824,36254,100.00
8825,40358,0.00
8826,26565,100.00
8827,37054,100.00
8828,38808,50.00
8829,39816,0.00
8830,38915,100.00
8831,21981,0.00
8832,23723,100.00
8833,28021,0.00
8834,26203,100.00
8835,27257,100.00
8836,24389,100.00
8837,24411,100.00
8838,31154,0.00
8839,27550,100.00
8840,21295,100.00
8841,23217,100.00
8842,24775,100.00
8843,23510,0.00
8844,43108,100.00
8845,33956,100.00
8846,53750,0.00
8847,47745,100.00
8848,24483,0.00
8849,28594,100.00
8850,36677,100.00
8851,25424,0.00
8852,24090,100.00
8853,23206,100.00
8854,35042,100.00
8855,27968,100.00
8856,24497,0.00
8857,23792,100.00
8858,39358,100.00
8859,30937,0.00
8860,22943,100.00
8861,20279,100.00
8862,22623,100.00
8863,33702,0.00
8864,52615,100.00
8865,25180,0.00
8866,23650,100.00
8867,23959,0.00
8868,41179,100.00
8869,29250,100.00
8870,25707,100.00
8871,23786,100.00
8872,24935,0.00
8873,20026,100.00
8874,29052,100.00
8875,27444,0.00
8876,26019,100.00
8877,22566,100.00
8878,29613,100.00
8879,27676,100.00
8880,34373,0.00
8881,21064,100.00
8882,22597,100.00
8883,24746,0.00
8884,27313,100.00
8885,29396,100.00
8886,27474,100.00
8887,25997,100.00
8888,30907,0.00
8889,28940,100.00
8890,27791,100.00
8891,27705,0.00
8892,37651,100.00
8893,21338,0.00
8894,31078,100.00
8895,33300,100.00
8896,27095,0.00
8897,23737,100.00
8898,23016,100.00
8899,35876,100.00
8900,29563,100.00
8901,21950,0.00
8902,22451,100.00
8903,24109,100.00
8904,30074,100.00
8905,36966,100.00
8906,33856,0.00
8907,25494,100.00
8908,23915,0.00
8909,41230,100.00
8910,29724,100.00
8911,23303,100.00
8912,24044,0.00
8913,24045,100.00
8914,29275,100.00
8915,24853,100.00
8916,29681,100.00
8917,25809,0.00
8918,22752,100.00
8919,29608,100.00
8920,32602,0.00
8921,21320,100.00
8922,21021,100.00
8923,22426,100.00
8924,30257,0.00
8925,39891,100.00
8926,60460,100.00
8927,20614,0.00
8928,34690,0.00
8929,29823,100.00
8930,28541,100.00
8931,22802,100.00
8932,25480,100.00
8933,21263,0.00
8934,32351,100.00
8935,26806,100.00
8936,28450,100.00
8937,31215,50.00
8938,24087,0.00
8939,34714,100.00
8940,27756,100.00
8941,20750,100.00
8942,17390,0.00
8943,24397,100.00
8944,22606,100.00
8945,33833,100.00
8946,35887,0.00
8947,30813,100.00
8948,29376,100.00
8949,32047,100.00
8950,28883,100.00
8951,24846,0.00
8952,25366,100.00
8953,21418,100.00
8954,27819,0.00
8955,29574,100.00
8956,25976,100.00
8957,25455,100.00
8958,24311,100.00
8959,26267,0.00
8960,32145,100.00
8961,24989,100.00
8962,20452,100.00
8963,24170,100.00
8964,24656,0.00
8965,29248,100.00
8966,35663,100.00
8967,32322,100.00
8968,25383,100.00
8969,33433,0.00
8970,32570,100.00
8971,22904,0.00
8972,50157,100.00
8973,37094,100.00
8974,21169,0.00
8975,25385,0.00
8976,30762,100.00
8977,26479,100.00
8978,23951,100.00
8979,26314,100.00
8980,34205,0.00
8981,30191,100.00
8982,20691,100.00
8983,22399,100.00
8984,21228,100.00
8985,22002,0.00
8986,37537,100.00
8987,37659,100.00
8988,29958,0.00
8989,24769,100.00
8990,37664,100.00
8991,33674,0.00
8992,24103,100.00
8993,24021,100.00
8994,23216,100.00
8995,22066,100.00
8996,41415,0.00
8997,28796,100.00
8998,25239,100.00
8999,24272,100.00
9000,74345,100.00
9001,38781,0.00
9002,21768,100.00
9003,19017,100.00
9004,20062,100.00
9005,22362,100.00
9006,27567,0.00
9007,33660,100.00
9008,30439,100.00
9009,25293,0.00
9010,29989,100.00
9011,30037,100.00
9012,25769,100.00
9013,22309,100.00
9014,23792,0.00
9015,19842,100.00
9016,35097,50.00
9017,25524,0.00
9018,28023,100.00
9019,26263,100.00
9020,24963,100.00
9021,31133,100.00
9022,23165,0.00
9023,21998,100.00
9024,19887,100.00
9025,24061,0.00
9026,21924,100.00
9027,33197,100.00
9028,32675,100.00
9029,25763,100.00
9030,30174,0.00
9031,27802,100.00
9032,27781,100.00
9033,35034,0.00
9034,25693,100.00
9035,25336,100.00
9036,28044,0.00
9037,25155,100.00
9038,28277,100.00
9039,23987,100.00
9040,24961,100.00
9041,37590,0.00
9042,33360,100.00
9043,24545,100.00
9044,21984,100.00
9045,22574,100.00
9046,22319,0.00
9047,42264,100.00
9048,43454,100.00
9049,28395,100.00
9050,24487,0.00
9051,50511,100.00
9052,65881,100.00
9053,23389,0.00
9054,23958,0.00
9055,23326,100.00
9056,21169,100.00
9057,53304,100.00
9058,33869,100.00
9059,27095,0.00
9060,26272,100.00
9061,39875,100.00
9062,34458,100.00
9063,20521,100.00
9064,20654,0.00
9065,30588,100.00
9066,24819,100.00
9067,36844,0.00
9068,37903,100.00
9069,32398,100.00
9070,22914,100.00
9071,37685,100.00
9072,32947,0.00
9073,25879,100.00
9074,22481,100.00
9075,22412,100.00
9076,20355,100.00
9077,34987,0.00
9078,25775,100.00
9079,25008,100.00
9080,33846,50.00
9081,38923,100.00
9082,35919,0.00
9083,23236,100.00
9084,17102,100.00
9085,27993,0.00
9086,23129,100.00
9087,30394,100.00
9088,36680,100.00
9089,32256,100.00
9090,24267,0.00
9091,36210,100.00
9092,32521,100.00
9093,24775,100.00
9094,24916,100.00
9095,27275,0.00
9096,26912,100.00
9097,50108,100.00
9098,19625,0.00
9099,39305,50.00
9100,25882,100.00
9101,25926,0.00
9102,37487,100.00
9103,29451,100.00
9104,23279,100.00
9105,23281,100.00
9106,21275,0.00
9107,30984,100.00
9108,34024,100.00
9109,34034,100.00
9110,23859,100.00
9111,38972,0.00
9112,32790,100.00
9113,30271,100.00
9114,30929,0.00
9115,35024,100.00
9116,18161,0.00
9117,30202,100.00
9118,26904,100.00
9119,24562,0.00
9120,24528,100.00
9121,24131,100.00
9122,34051,100.00
9123,29530,100.00
9124,20262,0.00
9125,22578,100.00
9126,23573,100.00
9127,29838,100.00
9128,35561,100.00
9129,31467,0.00
9130,34055,50.00
9131,39545,100.00
9132,32153,0.00
9133,39467,100.00
9134,29239,100.00
9135,33989,100.00
9136,27433,100.00
9137,29729,0.00
9138,27393,100.00
9139,29302,100.00
9140,26859,100.00
9141,26727,100.00
9142,51007,100.00
9143,19304,0.00
9144,22269,100.00
9145,24054,100.00
9146,20913,100.00
9147,18858,0.00
9148,39376,100.00
9149,35962,100.00
9150,24352,0.00
9151,24115,100.00
9152,33610,100.00
9153,29162,100.00
9154,26206,100.00
9155,23560,0.00
9156,24496,100.00
9157,28953,100.00
9158,29512,100.00
9159,27981,50.00
9160,25938,100.00
9161,21316,0.00
9162,30144,100.00
9163,30906,100.00
9164,20702,0.00
9165,24289,100.00
9166,24406,100.00
9167,22760,100.00
9168,30106,0.00
9169,30687,100.00
9170,24931,100.00
9171,23533,100.00
9172,30001,100.00
9173,29162,0.00
9174,27812,100.00
9175,24583,100.00
9176,31217,0.00
9177,21646,100.00
9178,28729,100.00
9179,26994,100.00
9180,23851,100.00
9181,25168,0.00
9182,31047,100.00
9183,29548,100.00
9184,20944,100.00
9185,18066,100.00
9186,21124,0.00
9187,22217,100.00
9188,32773,100.00
9189,35248,100.00
9190,27924,100.00
9191,28584,0.00
9192,31179,50.00
9193,37454,100.00
9194,20926,0.00
9195,24637,100.00
9196,24193,100.00
9197,21261,0.00
9198,35387,100.00
9199,30047,100.00
9200,23944,100.00
9201,24446,100.00
9202,32823,0.00
9203,32430,100.00
9204,23159,100.00
9205,19115,100.00
9206,21155,100.00
9207,31438,0.00
9208,21638,100.00
9209,37530,50.00
9210,30625,100.00
9211,27418,100.00
9212,31396,0.00
9213,30517,100.00
9214,26776,100.00
9215,23393,100.00
9216,36318,100.00
9217,23617,0.00
9218,31677,100.00
9219,28463,100.00
9220,26950,100.00
9221,33020,100.00
9222,37891,0.00
9223,31787,100.00
9224,21416,100.00
9225,18768,100.00
9226,24544,0.00
9227,27982,100.00
9228,30597,100.00
9229,32094,100.00
9230,29982,0.00
9231,25136,100.00
9232,30767,100.00
9233,28248,100.00
9234,24455,100.00
9235,25443,0.00
9236,23756,100.00
9237,31189,100.00
9238,30379,100.00
9239,37088,100.00
9240,27107,0.00
9241,18887,100.00
9242,26004,50.00
9243,33024,0.00
9244,30312,100.00
9245,20410,100.00
9246,21389,100.00
9247,23831,100.00
9248,28799,0.00
9249,28650,100.00
9250,28386,100.00
9251,25913,100.00
9252,28481,100.00
9253,25627,0.00
9254,33816,100.00
9255,21157,0.00
9256,35843,100.00
9257,20325,0.00
9258,29118,100.00
9259,27858,0.00
9260,21335,100.00
9261,22709,100.00
9262,23519,100.00
9263,32070,100.00
9264,29170,0.00
9265,22718,100.00
9266,22990,100.00
9267,21805,100.00
9268,32062,100.00
9269,33494,0.00
9270,29127,100.00
9271,24862,100.00
9272,41596,50.00
9273,18949,0.00
9274,25080,100.00
9275,24981,0.00
9276,20654,100.00
9277,22270,100.00
9278,32678,100.00
9279,31111,100.00
9280,23651,0.00
9281,22390,100.00
9282,32884,100.00
9283,37128,0.00
9284,30440,100.00
9285,19963,100.00
9286,22652,100.00
9287,25062,100.00
9288,18990,0.00
9289,40510,100.00
9290,28231,100.00
9291,26779,0.00
9292,22504,100.00
9293,34392,100.00
9294,35271,100.00
9295,28233,100.00
9296,22907,0.00
9297,22420,100.00
9298,48330,100.00
9299,51447,0.00
9300,29559,100.00
9301,20980,0.00
9302,24962,100.00
9303,48496,100.00
9304,36894,0.00
9305,19531,100.00
9306,25215,100.00
9307,26696,100.00
9308,31562,100.00
9309,34146,0.00
9310,33745,100.00
9311,26784,100.00
9312,23117,100.00
9313,41540,100.00
9314,34425,0.00
9315,32237,100.00
9316,25458,100.00
9317,58006,0.00
9318,26060,100.00
9319,44567,100.00
9320,31337,0.00
9321,24761,100.00
9322,25439,100.00
9323,26778,100.00
9324,40563,100.00
9325,28392,0.00
9326,22479,100.00
9327,25235,100.00
9328,22610,100.00
9329,48733,100.00
9330,47192,0.00
9331,27823,100.00
9332,47998,100.00
9333,35245,100.00
9334,44303,0.00
9335,28198,100.00
9336,20659,0.00
9337,23222,100.00
9338,21840,0.00
9339,34849,100.00
9340,27579,100.00
9341,23426,100.00
9342,25251,100.00
9343,26124,0.00
9344,35600,100.00
9345,25395,100.00
9346,19731,100.00
9347,23924,100.00
9348,22322,0.00
9349,39052,100.00
9350,37608,100.00
9351,36621,0.00
9352,29418,50.00
9353,36421,100.00
9354,35424,0.00
9355,24949,100.00
9356,23410,100.00
9357,24407,100.00
9358,20772,100.00
9359,31509,0.00
9360,28385,100.00
9361,25044,100.00
9362,26814,0.00
9363,50629,100.00
9364,22288,0.00
9365,25019,100.00
9366,22849,100.00
9367,22595,0.00
9368,24910,100.00
9369,33723,100.00
9370,34588,0.00
9371,38890,100.00
9372,29290,100.00
9373,31956,100.00
9374,28246,100.00
9375,28324,0.00
9376,26067,100.00
9377,22597,100.00
9378,22099,100.00
9379,29168,100.00
9380,42358,100.00
9381,20749,0.00
9382,25063,100.00
9383,22131,100.00
9384,39985,100.00
9385,29785,0.00
9386,24816,100.00
9387,20637,100.00
9388,25072,0.00
9389,24780,100.00
9390,39478,100.00
9391,37288,100.00
9392,28323,100.00
9393,30346,0.00
9394,29723,100.00
9395,29878,100.00
9396,27569,0.00
9397,24506,100.00
9398,23901,100.00
9399,28150,100.00
9400,25149,100.00
9401,29707,0.00
9402,23131,100.00
9403,24518,100.00
9404,33017,100.00
9405,28042,100.00
9406,23086,0.00
9407,21957,100.00
9408,21980,100.00
9409,22370,100.00
9410,39019,100.00
9411,37467,0.00
9412,21806,100.00
9413,37621,50.00
9414,43100,0.00
9415,39700,100.00
9416,28883,100.00
9417,26262,100.00
9418,24985,100.00
9419,21077,0.00
9420,36872,100.00
9421,28934,100.00
9422,24209,100.00
9423,25027,100.00
9424,43498,0.00
9425,34723,100.00
9426,23584,100.00
9427,21330,100.00
9428,20543,100.00
9429,22438,0.00
9430,29079,100.00
9431,33904,100.00
9432,27995,0.00
9433,24399,100.00
9434,38813,100.00
9435,32857,100.00
9436,28859,100.00
9437,24316,0.00
9438,23613,100.00
9439,32263,100.00
9440,33245,100.00
9441,23568,50.00
9442,26829,100.00
9443,21729,0.00
9444,32656,100.00
9445,35021,100.00
9446,21653,100.00
9447,17879,0.00
9448,26150,100.00
9449,21416,100.00
9450,33693,0.00
9451,31040,100.00
9452,28215,100.00
9453,22436,100.00
9454,32347,100.00
9455,28329,0.00
9456,27776,100.00
9457,24528,100.00
9458,22163,0.00
9459,45934,100.00
9460,45682,100.00
9461,20698,0.00
9462,23793,100.00
9463,26024,0.00
9464,25135,100.00
9465,41054,100.00
9466,32873,100.00
9467,25173,100.00
9468,21598,0.00
9469,24196,100.00
9470,23313,100.00
9471,45927,100.00
9472,43762,100.00
9473,24119,0.00
9474,36253,100.00
9475,29727,100.00
9476,48710,0.00
9477,54984,100.00
9478,25769,0.00
9479,28943,0.00
9480,25690,100.00
9481,47169,100.00
9482,32032,100.00
9483,29223,100.00
9484,25376,0.00
9485,31974,100.00
9486,32383,100.00
9487,25998,100.00
9488,20367,100.00
9489,27443,0.00
9490,23021,100.00
9491,33467,100.00
9492,31503,100.00
9493,30162,0.00
9494,43539,50.00
9495,18977,0.00
9496,26541,100.00
9497,24389,100.00
9498,23402,100.00
9499,24329,100.00
9500,21696,0.00
9501,29888,100.00
9502,30143,100.00
9503,24861,100.00
9504,24176,100.00
9505,35333,0.00
9506,29302,100.00
9507,24377,100.00
9508,26646,100.00
9509,22518,100.00
9510,18094,0.00
9511,30566,100.00
9512,34747,100.00
9513,33808,0.00
9514,26654,100.00
9515,28922,100.00
9516,27767,100.00
9517,28259,100.00
9518,26175,0.00
9519,24246,100.00
9520,22173,100.00
9521,28123,0.00
9522,29011,100.00
9523,29024,100.00
9524,26097,100.00
9525,23533,100.00
9526,37047,0.00
9527,25687,100.00
9528,25826,50.00
9529,20831,0.00
9530,24004,100.00
9531,22329,100.00
9532,31953,100.00
9533,33435,100.00
9534,27245,0.00
9535,24637,100.00
9536,33929,100.00
9537,31248,100.00
9538,34150,0.00
9539,47088,100.00
9540,21996,0.00
9541,19883,100.00
9542,38754,100.00
9543,29344,100.00
9544,23568,100.00
9545,25339,0.00
9546,32808,100.00
9547,29534,100.00
9548,21647,100.00
9549,18545,100.00
9550,23508,0.00
9551,22521,100.00
9552,31769,100.00
9553,35389,100.00
9554,33423,100.00
9555,25964,0.00
9556,41408,0.00
9557,34428,100.00
9558,23487,100.00
9559,23689,100.00
9560,24369,100.00
9561,21490,0.00
9562,30623,100.00
9563,27022,100.00
9564,26885,100.00
9565,24510,100.00
9566,29867,0.00
9567,41538,100.00
9568,21828,100.00
9569,18573,100.00
9570,21266,100.00
9571,22922,0.00
9572,26626,100.00
9573,34827,100.00
9574,33782,0.00
9575,26165,100.00
9576,31036,100.00
9577,29806,100.00
9578,25240,100.00
9579,23598,0.00
9580,23971,100.00
9581,19780,100.00
9582,38677,100.00
9583,29003,100.00
9584,32238,0.00
9585,39259,100.00
9586,22413,0.00
9587,29418,0.00
9588,21069,100.00
9589,16273,100.00
9590,24583,0.00
9591,23098,100.00
9592,30384,100.00
9593,32125,100.00
9594,30925,100.00
9595,24470,0.00
9596,33300,100.00
9597,30643,100.00
9598,25386,100.00
9599,24985,100.00
9600,23346,0.00
9601,42602,0.00
9602,50786,100.00
9603,21055,0.00
9604,28670,100.00
9605,23158,100.00
9606,24036,0.00
9607,36059,100.00
9608,29861,100.00
9609,22493,100.00
9610,22929,100.00
9611,21893,0.00
9612,22520,100.00
9613,34740,100.00
9614,32975,100.00
9615,21893,100.00
9616,32398,0.00
9617,32705,100.00
9618,20283,100.00
9619,41030,50.00
9620,26019,100.00
9621,24124,0.00
9622,21549,100.00
9623,33520,100.00
9624,26281,100.00
9625,24209,100.00
9626,24001,0.00
9627,32034,100.00
9628,28071,100.00
9629,21168,100.00
9630,18998,100.00
9631,20951,0.00
9632,22258,100.00
9633,33087,100.00
9634,37515,100.00
9635,38858,0.00
9636,41865,50.00
9637,46894,0.00
9638,45056,100.00
9639,29363,100.00
9640,30645,100.00
9641,27778,100.00
9642,23734,0.00
9643,41771,100.00
9644,32753,100.00
9645,28372,100.00
9646,24110,100.00
9647,40562,0.00
9648,34996,100.00
9649,23788,100.00
9650,23261,100.00
9651,23701,100.00
9652,23530,0.00
9653,28855,100.00
9654,44881,100.00
9655,41326,0.00
9656,27798,100.00
9657,33477,100.00
9658,27743,100.00
9659,31510,100.00
9660,25051,0.00
9661,24250,100.00
9662,24187,100.00
9663,34332,0.00
9664,27383,100.00
9665,28692,100.00
9666,26908,100.00
9667,21298,100.00
9668,37938,0.00
9669,26698,50.00
9670,24115,100.00
9671,21220,0.00
9672,24187,100.00
9673,21998,100.00
9674,38040,100.00
9675,37027,100.00
9676,34307,100.00
9677,25675,0.00
9678,31900,100.00
9679,30103,100.00
9680,32493,0.00
9681,44067,100.00
9682,20658,0.00
9683,27593,100.00
9684,27244,100.00
9685,27045,100.00
9686,26701,100.00
9687,24015,0.00
9688,34360,100.00
9689,31974,100.00
9690,22544,100.00
9691,22928,100.00
9692,21832,0.00
9693,22043,100.00
9694,39488,100.00
9695,39159,100.00
9696,28391,100.00
9697,24813,0.00
9698,55850,0.00
9699,51920,100.00
9700,29566,100.00
9701,34951,100.00
9702,30979,100.00
9703,23074,0.00
9704,48608,100.00
9705,34958,100.00
9706,25818,100.00
9707,24566,100.00
9708,38049,0.00
9709,35481,100.00
9710,33453,100.00
9711,18701,100.00
9712,34392,0.00
9713,27716,100.00
9714,28459,0.00
9715,56696,100.00
9716,48972,100.00
9717,27584,100.00
9718,43558,100.00
9719,36427,0.00
9720,26325,100.00
9721,23003,100.00
9722,25545,100.00
9723,25350,100.00
9724,35196,0.00
9725,32853,100.00
9726,27597,100.00
9727,32705,0.00
9728,59131,100.00
9729,25664,0.00
9730,27661,100.00
9731,25160,100.00
9732,25245,0.00
9733,30295,100.00
9734,22676,100.00
9735,41337,0.00
9736,117705,100.00
9737,33385,100.00
9738,24078,100.00
9739,39304,100.00
9740,30382,0.00
9741,25406,100.00
9742,26348,100.00
9743,21894,100.00
9744,25877,0.00
9745,35726,100.00
9746,23683,100.00
9747,27874,50.00
9748,25661,0.00
9749,24149,100.00
9750,39679,100.00
9751,27184,100.00
9752,21006,100.00
9753,24196,0.00
9754,22793,100.00
9755,36134,100.00
9756,40028,100.00
9757,31413,100.00
9758,25555,0.00
9759,44614,100.00
9760,36528,100.00
9761,35209,0.00
9762,59469,100.00
9763,23026,0.00
9764,21736,0.00
9765,43752,100.00
9766,37318,100.00
9767,25285,100.00
9768,26410,100.00
9769,23740,0.00
9770,48930,100.00
9771,32640,100.00
9772,20502,100.00
9773,24029,100.00
9774,25294,0.00
9775,35500,100.00
9776,38879,100.00
9777,38126,100.00
9778,29478,0.00
9779,50113,100.00
9780,20978,0.00
9781,27384,100.00
9782,22361,0.00
9783,24681,100.00
9784,21445,100.00
9785,31570,100.00
9786,25930,100.00
9787,29366,0.00
9788,26907,100.00
9789,28998,100.00
9790,65489,100.00
9791,21234,0.00
9792,18364,0.00
9793,24765,100.00
9794,21913,100.00
9795,23070,100.00
9796,53195,100.00
9797,42078,0.00
9798,26167,100.00
9799,24374,100.00
9800,41462,100.00
9801,29961,100.00
9802,26463,0.00
9803,21229,100.00
9804,24858,100.00
9805,34482,100.00
9806,30611,100.00
9807,26010,0.00
9808,27717,100.00
9809,21349,0.00
9810,32590,100.00
9811,31067,100.00
9812,36832,0.00
9813,24544,100.00
9814,25055,100.00
9815,23653,0.00
9816,31100,100.00
9817,32994,100.00
9818,30785,100.00
9819,24843,100.00
9820,35192,0.00
9821,29175,100.00
9822,24471,100.00
9823,23764,0.00
9824,34679,100.00
9825,18122,0.00
9826,31679,100.00
9827,32653,100.00
9828,27723,0.00
9829,25875,100.00
9830,28074,100.00
9831,31577,100.00
9832,24881,100.00
9833,19636,0.00
9834,24439,100.00
9835,24010,100.00
9836,34084,100.00
9837,36122,100.00
9838,34318,0.00
9839,30421,100.00
9840,40100,100.00
9841,61405,50.00
9842,20912,0.00
9843,24541,100.00
9844,24701,0.00
9845,20712,100.00
9846,45565,100.00
9847,31959,100.00
9848,29770,100.00
9849,25144,0.00
9850,32204,100.00
9851,34581,100.00
9852,23808,100.00
9853,19470,100.00
9854,23331,0.00
9855,25560,100.00
9856,21531,100.00
9857,44199,0.00
9858,35574,100.00
9859,24940,100.00
9860,35808,100.00
9861,29927,100.00
9862,24084,0.00
9863,23747,100.00
9864,23392,100.00
9865,20994,100.00
9866,32206,100.00
9867,26709,0.00
9868,25269,100.00
9869,26398,50.00
9870,35496,0.00
9871,31191,100.00
9872,22486,100.00
9873,20265,100.00
9874,20497,0.00
9875,24286,100.00
9876,30826,100.00
9877,31796,100.00
9878,31400,0.00
9879,27175,100.00
9880,37091,100.00
9881,32687,100.00
9882,26732,100.00
9883,22113,0.00
9884,24569,100.00
9885,20351,100.00
9886,31236,100.00
9887,26459,100.00
9888,27106,0.00
9889,23270,100.00
9890,26859,50.00
9891,31564,0.00
9892,30955,100.00
9893,22873,100.00
9894,20637,100.00
9895,23095,100.00
9896,23961,0.00
9897,33092,100.00
9898,37121,100.00
9899,27035,100.00
9900,31446,100.00
9901,32451,0.00
9902,31369,100.00
9903,30353,0.00
9904,28343,100.00
9905,27242,100.00
9906,30015,100.00
9907,25179,0.00
9908,26664,100.00
9909,25650,100.00
9910,25474,100.00
9911,32091,100.00
9912,29493,0.00
9913,20629,100.00
9914,22152,100.00
9915,22331,100.00
9916,21781,100.00
9917,36942,0.00
9918,36498,100.00
9919,25775,100.00
9920,32223,0.00
9921,34697,100.00
9922,30501,100.00
9923,25445,0.00
9924,24006,100.00
9925,24875,100.00
9926,20224,100.00
9927,32361,100.00
9928,37628,100.00
9929,21398,0.00
9930,25919,100.00
9931,44026,100.00
9932,37328,100.00
9933,22391,0.00
9934,19217,100.00
9935,23606,100.00
9936,30307,100.00
9937,28173,0.00
9938,39617,100.00
9939,32965,100.00
9940,29817,100.00
9941,32686,0.00
9942,29554,100.00
9943,29644,100.00
9944,27252,100.00
9945,26211,100.00
9946,20785,0.00
9947,36488,100.00
9948,38475,100.00
9949,29881,100.00
9950,22868,0.00
9951,23491,100.00
9952,40134,100.00
9953,30871,100.00
9954,19867,0.00
9955,21873,100.00
9956,24595,100.00
9957,26004,100.00
9958,33767,100.00
9959,33645,0.00
9960,27088,100.00
9961,22960,100.00
9962,38298,100.00
9963,35367,100.00
9964,28212,0.00
9965,23926,100.00
9966,51307,100.00
9967,59528,100.00
9968,19898,0.00
9969,27393,100.00
9970,24026,100.00
9971,25872,100.00
9972,24723,0.00
9973,48768,100.00
9974,31258,100.00
9975,21994,100.00
9976,26777,100.00
9977,22946,0.00
9978,37104,100.00
9979,38552,100.00
9980,39413,100.00
9981,25278,100.00
9982,40953,0.00
9983,33537,0.00
9984,30946,100.00
9985,20851,0.00
9986,21514,100.00
9987,22934,100.00
9988,30250,0.00
9989,27362,100.00
9990,28874,100.00
9991,23725,100.00
9992,24973,100.00
9993,45461,0.00
9994,29271,100.00
9995,24044,100.00
9996,21554,100.00
9997,21803,100.00
9998,23046,0.00
9999,35361,100.00
10000,60317,100.00
10001,47463,100.00
10002,20814,0.00
10003,40420,100.00
10004,34062,0.00
10005,24417,100.00
10006,22750,100.00
10007,22579,100.00
10008,21142,100.00
10009,34642,0.00
10010,28217,100.00
10011,25886,100.00
10012,31301,50.00
10013,38740,100.00
10014,32468,0.00
10015,27692,100.00
10016,21304,100.00
10017,19908,0.00
10018,22103,100.00
10019,33684,100.00
10020,32373,100.00
10021,25804,100.00
10022,22789,0.00
10023,31702,100.00
10024,28032,100.00
10025,24183,100.00
10026,23754,100.00
10027,23406,0.00
10028,26531,100.00
10029,47963,100.00
10030,18909,0.00
10031,23041,100.00
10032,23849,100.00
10033,34909,100.00
10034,27301,100.00
10035,22639,0.00
10036,19291,100.00
10037,23170,100.00
10038,21137,0.00
10039,31094,100.00
10040,33332,100.00
10041,30904,100.00
10042,27785,100.00
10043,32619,0.00
10044,33482,100.00
10045,29132,100.00
10046,20652,0.00
10047,33183,100.00
10048,17781,0.00
10049,31710,100.00
10050,27609,100.00
10051,23986,0.00
10052,24362,100.00
10053,23533,100.00
10054,43245,100.00
10055,31356,100.00
10056,20900,0.00
10057,23751,100.00
10058,23424,100.00
10059,32911,100.00
10060,34449,100.00
10061,29887,0.00
10062,24934,100.00
10063,40780,50.00
10064,19668,0.00
10065,25662,100.00
10066,23801,100.00
10067,23697,100.00
10068,21652,100.00
10069,30975,0.00
10070,30573,100.00
10071,25806,100.00
10072,23450,100.00
10073,25573,100.00
10074,52257,100.00
10075,19770,0.00
10076,20943,100.00
10077,22564,100.00
10078,21238,100.00
10079,18644,0.00
10080,42964,100.00
10081,37463,100.00
10082,28166,0.00
10083,23653,100.00
10084,36886,100.00
10085,30053,100.00
10086,25703,100.00
10087,21848,0.00
10088,21824,100.00
10089,31659,100.00
10090,36707,0.00
10091,26105,100.00
10092,20287,0.00
10093,24386,100.00
10094,37014,100.00
10095,31054,0.00
10096,19639,100.00
10097,25692,50.00
10098,25629,0.00
10099,24075,100.00
10100,44064,100.00
10101,42486,100.00
10102,27210,100.00
10103,24815,0.00
10104,45101,100.00
10105,35109,100.00
10106,27458,100.00
10107,35901,100.00
10108,53839,0.00
10109,48462,100.00
10110,20053,0.00
10111,30412,100.00
10112,23646,100.00
10113,24333,100.00
10114,23968,0.00
10115,35754,100.00
10116,27325,100.00
10117,19945,100.00
10118,23528,100.00
10119,22703,0.00
10120,33853,100.00
10121,35861,100.00
10122,28185,100.00
10123,30243,100.00
10124,34821,0.00
10125,30565,0.00
10126,33760,100.00
10127,31229,100.00
10128,21537,0.00
10129,20438,100.00
10130,35052,0.00
10131,30334,100.00
10132,26585,100.00
10133,24165,100.00
10134,23836,100.00
10135,39395,0.00
10136,27838,100.00
10137,20402,100.00
10138,24309,100.00
10139,22728,100.00
10140,32534,0.00
10141,37703,100.00
10142,34136,100.00
10143,52761,50.00
10144,28948,0.00
10145,35456,100.00
10146,30075,100.00
10147,24882,100.00
10148,26360,0.00
10149,21989,100.00
10150,33006,100.00
10151,29626,100.00
10152,29091,100.00
10153,27011,0.00
10154,31685,100.00
10155,37920,100.00
10156,29123,100.00
10157,22050,100.00
10158,22462,0.00
10159,21543,100.00
10160,26817,100.00
10161,37263,0.00
10162,33360,100.00
10163,24985,100.00
10164,23420,100.00
10165,35369,100.00
10166,28704,0.00
10167,26285,100.00
10168,22167,100.00
10169,21764,100.00
10170,26781,0.00
10171,31867,100.00
10172,29906,100.00
10173,23551,100.00
10174,23936,0.00
10175,35472,100.00
10176,27518,100.00
10177,22529,50.00
10178,20312,100.00
10179,23647,0.00
10180,21295,100.00
10181,33702,100.00
10182,33409,100.00
10183,28806,100.00
10184,23242,0.00
10185,33102,100.00
10186,29673,100.00
10187,33588,0.00
10188,34701,100.00
10189,22011,0.00
10190,20413,0.00
10191,31154,100.00
10192,28909,100.00
10193,22929,100.00
10194,23815,100.00
10195,23416,0.00
10196,36328,100.00
10197,23798,100.00
10198,18396,100.00
10199,23674,100.00
10200,22374,0.00
10201,34274,100.00
10202,38088,100.00
10203,28730,100.00
10204,21196,0.00
10205,37286,50.00
10206,31882,0.00
10207,23458,100.00
10208,23483,100.00
10209,24216,100.00
10210,21552,100.00
10211,33856,0.00
10212,26358,100.00
10213,24928,100.00
10214,25731,100.00
10215,38045,100.00
10216,38960,0.00
10217,21837,100.00
10218,18804,100.00
10219,21384,100.00
10220,22888,100.00
10221,20941,0.00
10222,36419,100.00
10223,36835,100.00
10224,27779,0.00
10225,31277,100.00
10226,29131,100.00
10227,32904,100.00
10228,24364,100.00
10229,24912,0.00
10230,21075,100.00
10231,30893,100.00
10232,29765,100.00
10233,33305,0.00
10234,27449,100.00
10235,47566,100.00
10236,22906,0.00
10237,25487,0.00
10238,19534,100.00
10239,19847,50.00
10240,27219,0.00
10241,26863,100.00
10242,41567,100.00
10243,41495,100.00
10244,27406,100.00
10245,33413,0.00
10246,34856,100.00
10247,28175,100.00
10248,25161,100.00
10249,25283,100.00
10250,26020,0.00
10251,31055,100.00
10252,44534,100.00
10253,18819,0.00
10254,20974,100.00
10255,25151,100.00
10256,30752,100.00
10257,33439,100.00
10258,21522,0.00
10259,20714,100.00
10260,23314,100.00
10261,22754,100.00
10262,32079,100.00
10263,33257,0.00
10264,28669,100.00
10265,29044,100.00
10266,29706,100.00
10267,29803,100.00
10268,32757,0.00
10269,49383,100.00
10270,23155,0.00
10271,21518,100.00
10272,34983,100.00
10273,29086,100.00
10274,24409,0.00
10275,24838,100.00
10276,23432,100.00
10277,38901,100.00
10278,29666,100.00
10279,20306,0.00
10280,23160,100.00
10281,22291,100.00
10282,30054,100.00
10283,35342,100.00
10284,35126,0.00
10285,33416,50.00
10286,48215,100.00
10287,19910,0.00
10288,26613,100.00
10289,22462,100.00
10290,23892,100.00
10291,21854,100.00
10292,31024,0.00
10293,26834,100.00
10294,30869,100.00
10295,26694,100.00
10296,23804,0.00
10297,40101,100.00
10298,33294,100.00
10299,23369,100.00
10300,23032,0.00
10301,20902,100.00
10302,19322,100.00
10303,36923,0.00
10304,36308,100.00
10305,28047,100.00
10306,24316,100.00
10307,40988,100.00
10308,31258,0.00
10309,27866,100.00
10310,24269,100.00
10311,23494,100.00
10312,26553,0.00
10313,56026,100.00
10314,22663,0.00
10315,23891,100.00
10316,23672,0.00
10317,50195,100.00
10318,31667,100.00
10319,22913,50.00
10320,20360,100.00
10321,23615,0.00
10322,21600,100.00
10323,51788,100.00
10324,36570,100.00
10325,25620,100.00
10326,24016,0.00
10327,34794,100.00
10328,28921,100.00
10329,33609,0.00
10330,41325,100.00
10331,20940,0.00
10332,32939,0.00
10333,27506,100.00
10334,24951,100.00
10335,24523,100.00
10336,24263,100.00
10337,32770,0.00
10338,27552,100.00
10339,20759,100.00
10340,22469,100.00
10341,21870,100.00
10342,22925,0.00
10343,40108,100.00
10344,41637,100.00
10345,24559,100.00
10346,25408,0.00
10347,43815,50.00
10348,44524,100.00
10349,21430,0.00
10350,21983,100.00
10351,22657,100.00
10352,19805,100.00
10353,42795,0.00
10354,30104,100.00
10355,26200,100.00
10356,23861,100.00
10357,36630,100.00
10358,32853,0.00
10359,21514,100.00
10360,24369,100.00
10361,22991,100.00
10362,38657,100.00
10363,26446,0.00
10364,40853,0.00
10365,44825,100.00
10366,18481,0.00
10367,43414,0.00
10368,31479,100.00
10369,25490,100.00
10370,24371,100.00
10371,23513,100.00
10372,28320,0.00
10373,25585,100.00
10374,28754,100.00
10375,25439,100.00
10376,23456,100.00
10377,31611,0.00
10378,33735,100.00
10379,21878,100.00
10380,24583,100.00
10381,24561,100.00
10382,31712,0.00
10383,38127,100.00
10384,35381,100.00
10385,26013,100.00
10386,34799,100.00
10387,31163,0.00
10388,26867,100.00
10389,25076,100.00
10390,24283,100.00
10391,35999,0.00
10392,46914,100.00
10393,18450,0.00
10394,35960,0.00
10395,23694,100.00
10396,24824,100.00
10397,38363,100.00
10398,29828,0.00
10399,24844,100.00
10400,22585,100.00
10401,23147,100.00
10402,28189,100.00
10403,44850,0.00
10404,41263,100.00
10405,26143,100.00
10406,39563,100.00
10407,34387,100.00
10408,25176,0.00
10409,30398,100.00
10410,26598,100.00
10411,22549,0.00
10412,29019,100.00
10413,26215,100.00
10414,29031,100.00
10415,24077,100.00
10416,24280,0.00
10417,35439,100.00
10418,31632,100.00
10419,23584,100.00
10420,21760,100.00
10421,21954,0.00
10422,22204,100.00
10423,42679,100.00
10424,35767,100.00
10425,27456,0.00
10426,24527,100.00
10427,35999,0.00
10428,29480,100.00
10429,24066,100.00
10430,23036,100.00
10431,21818,100.00
10432,20240,0.00
10433,38595,100.00
10434,29813,100.00
10435,25911,100.00
10436,25740,100.00
10437,49096,100.00
10438,19162,0.00
10439,20746,100.00
10440,21200,100.00
10441,19932,100.00
10442,19133,0.00
10443,39210,100.00
10444,36965,100.00
10445,26851,0.00
10446,23266,100.00
10447,42110,100.00
10448,33184,100.00
10449,27617,100.00
10450,24071,0.00
10451,22186,100.00
10452,31773,100.00
10453,30845,100.00
10454,24938,50.00
10455,25923,100.00
10456,21733,0.00
10457,37667,100.00
10458,30470,100.00
10459,26700,0.00
10460,18992,100.00
10461,23580,100.00
10462,22045,100.00
10463,39160,0.00
10464,43917,100.00
10465,30275,100.00
10466,25440,100.00
10467,40271,100.00
10468,33946,0.00
10469,25658,100.00
10470,27248,100.00
10471,38854,100.00
10472,18751,0.00
10473,38375,100.00
10474,35907,100.00
10475,31767,100.00
10476,26080,0.00
10477,26594,100.00
10478,44121,100.00
10479,29732,100.00
10480,21268,100.00
10481,24097,0.00
10482,24303,100.00
10483,36687,100.00
10484,39104,100.00
10485,38002,100.00
10486,25579,0.00
10487,44734,100.00
10488,62743,50.00
10489,20098,0.00
10490,22042,100.00
10491,26344,100.00
10492,23781,100.00
10493,32929,100.00
10494,25273,0.00
10495,28090,100.00
10496,26062,100.00
10497,23674,100.00
10498,38798,100.00
10499,30497,0.00
10500,22953,100.00
10501,22869,100.00
10502,23483,100.00
10503,34760,100.00
10504,26008,0.00
10505,53784,66.67
10506,19604,0.00
10507,35667,0.00
10508,31109,100.00
10509,28877,100.00
10510,24827,100.00
10511,25203,100.00
10512,24042,0.00
10513,32194,100.00
10514,32265,100.00
10515,27132,100.00
10516,21703,0.00
10517,27418,100.00
10518,38645,100.00
10519,30721,100.00
10520,24060,0.00
10521,24203,100.00
10522,25449,100.00
10523,41584,100.00
10524,20988,0.00
10525,32008,0.00
10526,24885,100.00
10527,23244,100.00
10528,33603,100.00
10529,28512,100.00
10530,24702,0.00
10531,24629,100.00
10532,22106,100.00
10533,19906,0.00
10534,36718,100.00
10535,31030,100.00
10536,26042,100.00
10537,32110,0.00
10538,22067,100.00
10539,36900,100.00
10540,26763,100.00
10541,25242,0.00
10542,24497,100.00
10543,23519,100.00
10544,40400,100.00
10545,37080,100.00
10546,29311,0.00
10547,26532,100.00
10548,41126,100.00
10549,32824,100.00
10550,33015,0.00
10551,33943,100.00
10552,27570,100.00
10553,31482,100.00
10554,28954,0.00
10555,28497,100.00
10556,23820,100.00
10557,24393,100.00
10558,27789,100.00
10559,29886,0.00
10560,21317,100.00
10561,23159,100.00
10562,25758,100.00
10563,27625,100.00
10564,36340,0.00
10565,39773,100.00
10566,26564,100.00
10567,31615,0.00
10568,37370,100.00
10569,30991,100.00
10570,24494,0.00
10571,24216,100.00
10572,24024,100.00
10573,27813,100.00
10574,26235,100.00
10575,27481,0.00
10576,24002,100.00
10577,22765,100.00
10578,42021,0.00
10579,35644,100.00
10580,22682,100.00
10581,22348,100.00
10582,22627,100.00
10583,23465,0.00
10584,44031,100.00
10585,32280,100.00
10586,39964,0.00
10587,24293,100.00
10588,37133,100.00
10589,32550,100.00
10590,25831,100.00
10591,23494,0.00
10592,23253,100.00
10593,34286,100.00
10594,27230,0.00
10595,21781,100.00
10596,22769,100.00
10597,24409,100.00
10598,31647,100.00
10599,39053,100.00
10600,16771,0.00
10601,29626,100.00
10602,24584,100.00
10603,25461,100.00
10604,38398,0.00
10605,36242,100.00
10606,28716,100.00
10607,24213,100.00
10608,34776,100.00
10609,31364,0.00
10610,26742,100.00
10611,24868,100.00
10612,40663,0.00
10613,24702,100.00
10614,37537,100.00
10615,40883,100.00
10616,24214,100.00
10617,25059,0.00
10618,30323,100.00
10619,27766,100.00
10620,21199,100.00
10621,22719,100.00
10622,24459,0.00
10623,22423,100.00
10624,40473,100.00
10625,39723,100.00
10626,24779,100.00
10627,34152,0.00
10628,28735,50.00
10629,68610,100.00
10630,24361,0.00
10631,29512,100.00
10632,29784,100.00
10633,24981,100.00
10634,43434,100.00
10635,29590,0.00
10636,24945,100.00
10637,23322,100.00
10638,31098,100.00
10639,25863,100.00
10640,21286,0.00
10641,22654,100.00
10642,26641,100.00
10643,24217,100.00
10644,39711,100.00
10645,32733,0.00
10646,39013,50.00
10647,43691,100.00
10648,21440,0.00
10649,27221,100.00
10650,22817,100.00
10651,25209,100.00
10652,24426,100.00
10653,22390,0.00
10654,43915,100.00
10655,33279,100.00
10656,24811,100.00
10657,30177,0.00
10658,39825,100.00
10659,33271,100.00
10660,21958,100.00
10661,20585,0.00
10662,29753,100.00
10663,40805,100.00
10664,23340,0.00
10665,32084,100.00
10666,26389,100.00
10667,24627,100.00
10668,37442,100.00
10669,29097,0.00
10670,27421,100.00
10671,24521,100.00
10672,23844,100.00
10673,19144,0.00
10674,36387,100.00
10675,29533,100.00
10676,26943,100.00
10677,23636,0.00
10678,35212,100.00
10679,37637,100.00
10680,22595,50.00
10681,25874,100.00
10682,21100,0.00
10683,23431,100.00
10684,35050,100.00
10685,36009,100.00
10686,26179,100.00
10687,23639,0.00
10688,33437,100.00
10689,27064,100.00
10690,22217,0.00
10691,33816,100.00
10692,24928,100.00
10693,22195,100.00
10694,32912,100.00
10695,27303,0.00
10696,24074,100.00
10697,24300,100.00
10698,32863,100.00
10699,33434,100.00
10700,20770,0.00
10701,22355,100.00
10702,23756,100.00
10703,22232,100.00
10704,41313,100.00
10705,39232,0.00
10706,26348,100.00
10707,40610,0.00
10708,54835,100.00
10709,19534,0.00
10710,22282,100.00
10711,25231,0.00
10712,23368,100.00
10713,23209,100.00
10714,45143,100.00
10715,33892,100.00
10716,26663,0.00
10717,36260,100.00
10718,36679,100.00
10719,29523,0.00
10720,22783,100.00
10721,20503,100.00
10722,23957,100.00
10723,25858,100.00
10724,35641,0.00
10725,52678,100.00
10726,22373,0.00
10727,22273,0.00
10728,33316,100.00
10729,28803,100.00
10730,31926,100.00
10731,30425,100.00
10732,25904,0.00
10733,24923,100.00
10734,31691,100.00
10735,28760,0.00
10736,23107,100.00
10737,23236,100.00
10738,24560,100.00
10739,36847,100.00
10740,31693,0.00
10741,23956,100.00
10742,27098,100.00
10743,29159,100.00
10744,23179,0.00
10745,40879,0.00
10746,38652,100.00
10747,31242,100.00
10748,26551,100.00
10749,38183,100.00
10750,32954,0.00
10751,28038,100.00
10752,24978,100.00
10753,28259,0.00
10754,25823,100.00
10755,35717,100.00
10756,30320,100.00
10757,25227,100.00
10758,20702,0.00
10759,29387,100.00
10760,29555,100.00
10761,20567,100.00
10762,22065,100.00
10763,21753,0.00
10764,24134,100.00
10765,39157,100.00
10766,36457,100.00
10767,26299,100.00
10768,29754,0.00
10769,31938,100.00
10770,35931,0.00
10771,27442,100.00
10772,25495,100.00
10773,25317,100.00
10774,20771,0.00
10775,36426,100.00
10776,32882,100.00
10777,26300,100.00
10778,24891,100.00
10779,26463,0.00
10780,40030,100.00
10781,28248,100.00
10782,20586,100.00
10783,23634,100.00
10784,23689,0.00
10785,37656,100.00
10786,36698,100.00
10787,34628,0.00
10788,27285,50.00
10789,48218,100.00
10790,20760,0.00
10791,21199,100.00
10792,22520,0.00
10793,25438,100.00
10794,24019,100.00
10795,34652,100.00
10796,30828,100.00
10797,26272,0.00
10798,20336,100.00
10799,31007,100.00
10800,29691,100.00
10801,26597,100.00
10802,20928,0.00
10803,23121,100.00
10804,25319,100.00
10805,31548,100.00
10806,37219,100.00
10807,37696,0.00
10808,30577,100.00
10809,34824,100.00
10810,29535,100.00
10811,30203,100.00
10812,27081,0.00
10813,24053,100.00
10814,22153,100.00
10815,24921,0.00
10816,31004,100.00
10817,30555,100.00
10818,26383,100.00
10819,22897,100.00
10820,35805,0.00
10821,36536,50.00
10822,27302,100.00
10823,20268,0.00
10824,24794,100.00
10825,23921,100.00
10826,42062,100.00
10827,38551,100.00
10828,26438,0.00
10829,31221,100.00
10830,28238,100.00
10831,27788,100.00
10832,31558,0.00
10833,33758,100.00
10834,25618,100.00
10835,29377,100.00
10836,30770,0.00
10837,29552,100.00
10838,24872,100.00
10839,23446,100.00
10840,39182,100.00
10841,35758,0.00
10842,24187,100.00
10843,22541,100.00
10844,24181,100.00
10845,29008,100.00
10846,39606,0.00
10847,36334,100.00
10848,26809,100.00
10849,35706,0.00
10850,44354,100.00
10851,35310,100.00
10852,26190,0.00
10853,26949,100.00
10854,23617,100.00
10855,31540,100.00
10856,27349,100.00
10857,29285,0.00
10858,25191,100.00
10859,23127,100.00
10860,34879,0.00
10861,32235,100.00
10862,22964,100.00
10863,21297,100.00
10864,23646,100.00
10865,31512,0.00
10866,61001,100.00
10867,21484,0.00
10868,23058,0.00
10869,46084,100.00
10870,31879,100.00
10871,25572,100.00
10872,24748,100.00
10873,24857,0.00
10874,19908,100.00
10875,35200,100.00
10876,29291,100.00
10877,23530,0.00
10878,25711,50.00
10879,36712,100.00
10880,30645,100.00
10881,21660,0.00
10882,21588,100.00
10883,28950,100.00
10884,22085,0.00
10885,23666,100.00
10886,43819,0.00
10887,39592,100.00
10888,32715,100.00
10889,38726,100.00
10890,35129,100.00
10891,26452,0.00
10892,25749,100.00
10893,24422,100.00
10894,40744,0.00
10895,44237,100.00
10896,38152,100.00
10897,36434,100.00
10898,33126,100.00
10899,30652,0.00
10900,42552,100.00
10901,32823,100.00
10902,22438,100.00
10903,23324,100.00
10904,24728,0.00
10905,21706,100.00
10906,49585,100.00
10907,38232,100.00
10908,31657,100.00
10909,43561,0.00
10910,32448,100.00
10911,39854,50.00
10912,48831,100.00
10913,55327,100.00
10914,25253,0.00
10915,25883,100.00
10916,47390,100.00
10917,36722,100.00
10918,27757,100.00
10919,25283,0.00
10920,38212,100.00
10921,31423,100.00
10922,24063,100.00
10923,23468,100.00
10924,23889,0.00
10925,26738,100.00
10926,36328,100.00
10927,36564,100.00
10928,41876,0.00
10929,50741,50.00
10930,23073,0.00
10931,26625,100.00
10932,22819,100.00
10933,24435,100.00
10934,23660,100.00
10935,22448,0.00
10936,35863,100.00
10937,31202,100.00
10938,27664,100.00
10939,23672,0.00
10940,40741,100.00
10941,32975,100.00
10942,22895,100.00
10943,23713,0.00
10944,22899,100.00
10945,25010,100.00
10946,42541,100.00
10947,46559,100.00
10948,20651,0.00
10949,21972,100.00
10950,38051,100.00
10951,28139,100.00
10952,27362,100.00
10953,24970,0.00
10954,30474,100.00
10955,21633,100.00
10956,39514,0.00
10957,33089,100.00
10958,28180,100.00
10959,23159,100.00
10960,35792,100.00
10961,39813,0.00
10962,23936,50.00
10963,27902,100.00
10964,21202,0.00
10965,23976,100.00
10966,34939,0.00
10967,32770,100.00
10968,25985,100.00
10969,22342,100.00
10970,35867,100.00
10971,28367,0.00
10972,20812,100.00
10973,31926,0.00
10974,40204,100.00
10975,18234,0.00
10976,36416,100.00
10977,33045,0.00
10978,25417,100.00
10979,27562,100.00
10980,25628,100.00
10981,38170,100.00
10982,28769,0.00
10983,21047,100.00
10984,24895,100.00
10985,27041,100.00
10986,32451,100.00
10987,44069,0.00
10988,33430,100.00
10989,23513,100.00
10990,43185,0.00
10991,50118,100.00
10992,38183,100.00
10993,35372,0.00
10994,33820,100.00
10995,28088,100.00
10996,30623,100.00
10997,25561,100.00
10998,29330,0.00
10999,25171,100.00
11000,43285,100.00
11001,38295,100.00
11002,31379,100.00
11003,23449,0.00
11004,21889,100.00
11005,28076,100.00
11006,25888,100.00
11007,38005,100.00
11008,53774,100.00
11009,20072,0.00
11010,33002,100.00
11011,29162,100.00
11012,29216,100.00
11013,24476,0.00
11014,24689,100.00
11015,24906,100.00
11016,29314,100.00
11017,27463,100.00
11018,28795,0.00
11019,27340,100.00
11020,28809,50.00
11021,38990,100.00
11022,29114,100.00
11023,21852,0.00
11024,22968,100.00
11025,28803,100.00
11026,30519,100.00
11027,24995,0.00
11028,32932,100.00
11029,31480,100.00
11030,24025,100.00
11031,36341,0.00
11032,28596,100.00
11033,23838,100.00
11034,27893,100.00
11035,27016,100.00
11036,21688,0.00
11037,30436,100.00
11038,26359,100.00
11039,38407,0.00
11040,25485,100.00
11041,24725,100.00
11042,30303,0.00
11043,26504,100.00
11044,21507,100.00
11045,23098,100.00
11046,23715,100.00
11047,28814,0.00
11048,31642,100.00
11049,29277,100.00
11050,26339,100.00
11051,34829,100.00
11052,28278,0.00
11053,20790,100.00
11054,31036,0.00
11055,31619,100.00
11056,25085,100.00
11057,28118,100.00
11058,27990,0.00
11059,28330,100.00
11060,23216,100.00
11061,24500,100.00
11062,29660,100.00
11063,27749,0.00
11064,22950,100.00
11065,21889,100.00
11066,23845,100.00
11067,23361,100.00
11068,34604,0.00
11069,37209,100.00
11070,31206,100.00
11071,35235,0.00
11072,61286,100.00
11073,19329,0.00
11074,20793,100.00
11075,25498,100.00
11076,26876,0.00
11077,23322,100.00
11078,46676,100.00
11079,33686,100.00
11080,29894,100.00
11081,22156,0.00
11082,47306,100.00
11083,42511,100.00
11084,23683,100.00
11085,21645,100.00
11086,23924,0.00
11087,23864,100.00
11088,44121,100.00
11089,42887,0.00
11090,32342,100.00
11091,25638,100.00
11092,35391,100.00
11093,30174,100.00
11094,23644,0.00
11095,25740,100.00
11096,24145,100.00
11097,30564,100.00
11098,27507,100.00
11099,28606,0.00
11100,24343,100.00
11101,21336,100.00
11102,31547,0.00
11103,27680,100.00
11104,33222,50.00
11105,31598,100.00
11106,20574,0.00
11107,23966,100.00
11108,24570,100.00
11109,35699,100.00
11110,34480,0.00
11111,27159,100.00
11112,31192,100.00
11113,27366,100.00
11114,29099,100.00
11115,22331,0.00
11116,45960,0.00
11117,45104,100.00
11118,39119,100.00
11119,43387,100.00
11120,36788,100.00
11121,28136,0.00
11122,24757,100.00
11123,37547,100.00
11124,33655,100.00
11125,23291,100.00
11126,23046,0.00
11127,24455,100.00
11128,25069,100.00
11129,39274,100.00
11130,36581,100.00
11131,28786,0.00
11132,36512,100.00
11133,37230,0.00
11134,45811,100.00
11135,20025,0.00
11136,24806,100.00
11137,24373,0.00
11138,22543,100.00
11139,38967,100.00
11140,33588,100.00
11141,29254,100.00
11142,23166,0.00
11143,36367,100.00
11144,34399,100.00
11145,22148,100.00
11146,20102,100.00
11147,24095,0.00
11148,36636,100.00
11149,31223,0.00
11150,53654,100.00
11151,21958,0.00
11152,20132,100.00
11153,46693,0.00
11154,31875,100.00
11155,22568,100.00
11156,25118,100.00
11157,24080,100.00
11158,21467,0.00
11159,37598,100.00
11160,32673,100.00
11161,24601,100.00
11162,23130,0.00
11163,39144,100.00
11164,34121,100.00
11165,18483,100.00
11166,20609,0.00
11167,28613,100.00
11168,25561,100.00
11169,24147,0.00
11170,36052,100.00
11171,35528,100.00
11172,27224,100.00
11173,35137,100.00
11174,28019,0.00
11175,23225,100.00
11176,23996,100.00
11177,27542,100.00
11178,21163,100.00
11179,25543,0.00
11180,38425,100.00
11181,35627,100.00
11182,33511,0.00
11183,44070,100.00
11184,19741,0.00
11185,34806,0.00
11186,22579,100.00
11187,23091,100.00
11188,25516,100.00
11189,23098,100.00
11190,42724,0.00
11191,36035,100.00
11192,24681,100.00
11193,33292,100.00
11194,31600,100.00
11195,22793,0.00
11196,34548,0.00
11197,36301,100.00
11198,22464,0.00
11199,21655,100.00
11200,35554,100.00
11201,28890,0.00
11202,24339,100.00
11203,21741,100.00
11204,35643,100.00
11205,34251,100.00
11206,21786,0.00
11207,22197,100.00
11208,23624,100.00
11209,23853,100.00
11210,43688,100.00
11211,44047,0.00
11212,26799,100.00
11213,46888,0.00
11214,78091,100.00
11215,26472,0.00
11216,24626,100.00
11217,27014,0.00
11218,30089,100.00
11219,26375,100.00
11220,35447,100.00
11221,34796,100.00
11222,42973,0.00
11223,26860,100.00
11224,29097,100.00
11225,51297,0.00
11226,36639,100.00
11227,30816,100.00
11228,29537,100.00
11229,23714,100.00
11230,26593,0.00
11231,40125,100.00
11232,48334,100.00
11233,21971,0.00
11234,22034,100.00
11235,52550,0.00
11236,44770,100.00
11237,35165,100.00
11238,28501,100.00
11239,24635,100.00
11240,39603,0.00
11241,30373,100.00
11242,28674,100.00
11243,29987,0.00
11244,24210,100.00
11245,33737,100.00
11246,29810,100.00
11247,21380,100.00
11248,30100,0.00
11249,26919,100.00
11250,24177,100.00
11251,31114,0.00
11252,38144,100.00
11253,32231,100.00
11254,25946,100.00
11255,36496,100.00
11256,30403,0.00
11257,31209,100.00
11258,25550,100.00
11259,31020,0.00
11260,46080,100.00
11261,28446,0.00
11262,27892,100.00
11263,28469,100.00
11264,23294,0.00
11265,23815,100.00
11266,31376,100.00
11267,29177,100.00
11268,22720,100.00
11269,22982,0.00
11270,24536,100.00
11271,23706,100.00
11272,40377,100.00
11273,34014,100.00
11274,28877,0.00
11275,37524,100.00
11276,28461,100.00
11277,28514,0.00
11278,26432,100.00
11279,22278,0.00
11280,23290,100.00
11281,22900,100.00
11282,39214,0.00
11283,27547,100.00
11284,24450,100.00
11285,22309,100.00
11286,31853,100.00
11287,27608,0.00
11288,20473,100.00
11289,23238,100.00
11290,24770,100.00
11291,23569,100.00
11292,32483,0.00
11293,32689,100.00
11294,39972,0.00
11295,44447,100.00
11296,20628,0.00
11297,31746,100.00
11298,22380,0.00
11299,22991,100.00
11300,26580,100.00
11301,21389,100.00
11302,32120,100.00
11303,29803,0.00
11304,29127,100.00
11305,23747,50.00
11306,33668,0.00
11307,30666,100.00
11308,22803,100.00
11309,20904,100.00
11310,22959,100.00
11311,34162,0.00
11312,27850,100.00
11313,32724,100.00
11314,33181,0.00
11315,26678,100.00
11316,31797,100.00
11317,27172,100.00
11318,23949,100.00
11319,24099,0.00
11320,25971,100.00
11321,22319,100.00
11322,23422,0.00
11323,31676,100.00
11324,27776,100.00
11325,25655,100.00
11326,21050,100.00
11327,30224,0.00
11328,31150,100.00
11329,27544,50.00
11330,20578,0.00
11331,24058,100.00
11332,24254,100.00
11333,36874,100.00
11334,33771,100.00
11335,25066,0.00
11336,21520,100.00
11337,31721,100.00
11338,26658,100.00
11339,21022,0.00
11340,44894,100.00
11341,26286,100.00
11342,24166,100.00
11343,33066,0.00
11344,31797,100.00
11345,24682,100.00
11346,21392,100.00
11347,30875,100.00
11348,27624,0.00
11349,21639,100.00
11350,21784,100.00
11351,25468,100.00
11352,22162,100.00
11353,35815,0.00
11354,40349,100.00
11355,26627,100.00
11356,45799,0.00
11357,66050,100.00
11358,19267,0.00
11359,21126,0.00
11360,24889,100.00
11361,24709,100.00
11362,23112,100.00
11363,47749,100.00
11364,31267,0.00
11365,24153,100.00
11366,22451,100.00
11367,39889,0.00
11368,33276,100.00
11369,21351,100.00
11370,21219,100.00
11371,22804,100.00
11372,22996,0.00
11373,35988,100.00
11374,31752,100.00
11375,25483,0.00
11376,22183,100.00
11377,32596,100.00
11378,30000,100.00
11379,26366,100.00
11380,23650,0.00
11381,23749,100.00
11382,32420,100.00
11383,24642,100.00
11384,24077,100.00
11385,23308,0.00
11386,23869,100.00
11387,31678,100.00
11388,32791,100.00
11389,21104,100.00
11390,26706,0.00
11391,23493,100.00
11392,24180,100.00
11393,36647,0.00
11394,33948,100.00
11395,25316,100.00
11396,22789,100.00
11397,37683,100.00
11398,28033,0.00
11399,25815,100.00
11400,24990,100.00
11401,39478,0.00
11402,43535,100.00
11403,47466,100.00
11404,38251,0.00
11405,30234,100.00
11406,29925,100.00
11407,33311,100.00
11408,29932,100.00
11409,26056,0.00
11410,20452,100.00
11411,25172,100.00
11412,25485,100.00
11413,31366,100.00
11414,36014,0.00
11415,34163,100.00
11416,26999,100.00
11417,45156,100.00
11418,39706,0.00
11419,45381,100.00
11420,20450,0.00
11421,25976,100.00
11422,24473,0.00
11423,37586,100.00
11424,32178,100.00
11425,28015,100.00
11426,22733,100.00
11427,28914,0.00
11428,28041,100.00
11429,26248,100.00
11430,23064,100.00
11431,22929,100.00
11432,25322,0.00
11433,34158,100.00
11434,34961,100.00
11435,34427,0.00
11436,42311,100.00
11437,51017,100.00
11438,20887,0.00
11439,25599,100.00
11440,21059,0.00
11441,24430,100.00
11442,24339,100.00
11443,31755,100.00
11444,26875,100.00
11445,26136,0.00
11446,23936,100.00
11447,35460,50.00
11448,35282,0.00
11449,25702,100.00
11450,21120,100.00
11451,21110,100.00
11452,24513,100.00
11453,27947,0.00
11454,37223,100.00
11455,34515,100.00
11456,24955,100.00
11457,31734,100.00
11458,27091,0.00
11459,28109,100.00
11460,24774,100.00
11461,25058,100.00
11462,23880,100.00
11463,27930,0.00
11464,35718,100.00
11465,30492,100.00
11466,28009,0.00
11467,25960,100.00
11468,46751,100.00
11469,32715,100.00
11470,26322,50.00
11471,26160,100.00
11472,21891,0.00
11473,24215,100.00
11474,31003,100.00
11475,35552,100.00
11476,35439,0.00
11477,25696,100.00
11478,38483,100.00
11479,34026,100.00
11480,24060,100.00
11481,27635,0.00
11482,44086,100.00
11483,23769,0.00
11484,33969,0.00
11485,34050,100.00
11486,26527,100.00
11487,30388,100.00
11488,23842,100.00
11489,32391,0.00
11490,27337,100.00
11491,24633,100.00
11492,23521,100.00
11493,26171,100.00
11494,24739,0.00
11495,40204,100.00
11496,36338,100.00
11497,28830,100.00
11498,32317,0.00
11499,42820,50.00
11500,32049,0.00
11501,23920,100.00
11502,25188,100.00
11503,23852,100.00
11504,22695,100.00
11505,32131,0.00
11506,32306,100.00
11507,28669,100.00
11508,21656,100.00
11509,30357,0.00
11510,34230,100.00
11511,21377,100.00
11512,20362,100.00
11513,24872,0.00
11514,25907,100.00
11515,42099,100.00
11516,51337,100.00
11517,19558,0.00
11518,32296,0.00
11519,27048,100.00
11520,28327,100.00
11521,26367,100.00
11522,25640,100.00
11523,23517,0.00
11524,28817,100.00
11525,29092,100.00
11526,20441,100.00
11527,27719,0.00
11528,29455,100.00
11529,33190,100.00
11530,29118,100.00
11531,22232,0.00
11532,27150,50.00
11533,28868,100.00
11534,21678,0.00
11535,33722,100.00
11536,38531,100.00
11537,33739,100.00
11538,23253,100.00
11539,44606,0.00
11540,33498,100.00
11541,24887,100.00
11542,25888,100.00
11543,27684,100.00
11544,61627,100.00
11545,22346,0.00
11546,33838,100.00
11547,33859,0.00
11548,30314,100.00
11549,28612,100.00
11550,43732,100.00
11551,29485,100.00
11552,22333,0.00
11553,24074,100.00
11554,26488,100.00
11555,25539,100.00
11556,48455,100.00
11557,37331,0.00
11558,30761,100.00
11559,43376,100.00
11560,33027,100.00
11561,31730,0.00
11562,42522,50.00
11563,37181,100.00
11564,22517,0.00
11565,22047,0.00
11566,44255,100.00
11567,37100,100.00
11568,26453,100.00
11569,24764,100.00
11570,41269,0.00
11571,42352,100.00
11572,21347,100.00
11573,23866,100.00
11574,28545,100.00
11575,24135,0.00
11576,44729,100.00
11577,47816,100.00
11578,56867,0.00
11579,59658,100.00
11580,23037,0.00
11581,33341,0.00
11582,24082,100.00
11583,25771,100.00
11584,24776,100.00
11585,24094,100.00
11586,47928,0.00
11587,37015,100.00
11588,28710,100.00
11589,20895,50.00
11590,53791,100.00
11591,41343,0.00
11592,22890,100.00
11593,25913,100.00
11594,23168,100.00
11595,24285,100.00
11596,48672,0.00
11597,45756,100.00
11598,30341,100.00
11599,25544,0.00
11600,36916,100.00
11601,31871,100.00
11602,25673,100.00
11603,24169,100.00
11604,24393,0.00
11605,18203,100.00
11606,34905,100.00
11607,32576,100.00
11608,30900,100.00
11609,24123,0.00
11610,31768,100.00
11611,33474,100.00
11612,35180,0.00
11613,21848,100.00
11614,24384,100.00
11615,24309,100.00
11616,30744,100.00
11617,33481,0.00
11618,32519,100.00
11619,26543,100.00
11620,36371,100.00
11621,46257,100.00
11622,21915,0.00
11623,31520,100.00
11624,40021,100.00
11625,17616,0.00
11626,33554,100.00
11627,34863,0.00
11628,25507,100.00
11629,25536,100.00
11630,28113,100.00
11631,34212,100.00
11632,26347,0.00
11633,22156,100.00
11634,23656,100.00
11635,24366,100.00
11636,36690,100.00
11637,37984,0.00
11638,35503,100.00
11639,24333,100.00
11640,47879,0.00
11641,63817,100.00
11642,33474,100.00
11643,28690,0.00
11644,27984,100.00
11645,27339,100.00
11646,34445,100.00
11647,29368,100.00
11648,33601,0.00
11649,29624,100.00
11650,25694,100.00
11651,40776,100.00
11652,31688,100.00
11653,26742,0.00
11654,25385,100.00
11655,27324,100.00
11656,31035,0.00
11657,58684,100.00
11658,27361,0.00
11659,23221,0.00
11660,38464,100.00
11661,34091,100.00
11662,23926,100.00
11663,23202,100.00
11664,26015,0.00
11665,26969,100.00
11666,37147,100.00
11667,29026,100.00
11668,25042,100.00
11669,23988,0.00
11670,34840,100.00
11671,33210,100.00
11672,24662,0.00
11673,21792,100.00
11674,43925,0.00
11675,58898,100.00
11676,68473,100.00
11677,60891,0.00
11678,55460,0.00
11679,47438,100.00
11680,42856,100.00
11681,34250,100.00
11682,36586,0.00
11683,35651,100.00
11684,35167,100.00
11685,25388,100.00
11686,25701,100.00
11687,24586,0.00
11688,22057,100.00
11689,36224,100.00
11690,35717,0.00
11691,45012,100.00
11692,21556,0.00
11693,32118,100.00
11694,31329,100.00
11695,26099,0.00
11696,20753,100.00
11697,24431,100.00
11698,24775,100.00
11699,26046,100.00
11700,41272,0.00
11701,36811,100.00
11702,27403,100.00
11703,43209,100.00
11704,34681,100.00
11705,18353,0.00
11706,47611,0.00
11707,43165,100.00
11708,35711,100.00
11709,38332,100.00
11710,41344,100.00
11711,32726,0.00
11712,26551,100.00
11713,25966,100.00
11714,40798,100.00
11715,30855,100.00
11716,25794,0.00
11717,23962,100.00
11718,24414,100.00
11719,24779,100.00
11720,37167,100.00
11721,40273,0.00
11722,26848,100.00
11723,35279,50.00
11724,58593,100.00
11725,19147,0.00
11726,21703,100.00
11727,23647,100.00
11728,27021,100.00
11729,24402,0.00
11730,46559,100.00
11731,43953,100.00
11732,31241,100.00
11733,23776,100.00
11734,36868,0.00
11735,43395,100.00
11736,26220,100.00
11737,26429,0.00
11738,22481,100.00
11739,23492,100.00
11740,47052,0.00
11741,69807,100.00
11742,23386,0.00
11743,24130,100.00
11744,52075,100.00
11745,36675,0.00
11746,26528,100.00
11747,26731,100.00
11748,26108,100.00
11749,23659,100.00
11750,35852,0.00
11751,28868,100.00
11752,28963,100.00
11753,25141,100.00
11754,24113,100.00
11755,42270,0.00
11756,34080,100.00
11757,34395,50.00
11758,23385,100.00
11759,24734,100.00
11760,25850,0.00
11761,38881,100.00
11762,39842,100.00
11763,35025,100.00
11764,26941,100.00
11765,43672,0.00
11766,32640,100.00
11767,24091,100.00
11768,23365,0.00
11769,48191,100.00
11770,20206,0.00
11771,35253,100.00
11772,36831,100.00
11773,28522,0.00
11774,22433,100.00
11775,32509,100.00
11776,33220,100.00
11777,28077,100.00
11778,22165,0.00
11779,23523,100.00
11780,25511,100.00
11781,27698,100.00
11782,47003,100.00
11783,41038,0.00
11784,27059,100.00
11785,36149,100.00
11786,56176,0.00
11787,39783,100.00
11788,23128,100.00
11789,25408,0.00
11790,25029,100.00
11791,31966,100.00
11792,31215,100.00
11793,32510,100.00
11794,28466,0.00
11795,23899,100.00
11796,39197,100.00
11797,29856,100.00
11798,22910,100.00
11799,23757,0.00
11800,20578,100.00
11801,28129,100.00
11802,38224,0.00
11803,34117,100.00
11804,29590,100.00
11805,30155,100.00
11806,29154,100.00
11807,26323,0.00
11808,23725,100.00
11809,25637,100.00
11810,23479,100.00
11811,27230,100.00
11812,24189,0.00
11813,27334,100.00
11814,26146,100.00
11815,33930,0.00
11816,33182,100.00
11817,28111,100.00
11818,21220,100.00
11819,22209,100.00
11820,24550,0.00
11821,29018,100.00
11822,24359,0.00
11823,37671,100.00
11824,33427,100.00
11825,23448,0.00
11826,40052,100.00
11827,32891,100.00
11828,25226,100.00
11829,26064,100.00
11830,25371,0.00
11831,19508,100.00
11832,30418,100.00
11833,28118,0.00
11834,26008,100.00
11835,32261,100.00
11836,23915,100.00
11837,35005,100.00
11838,28727,0.00
11839,21501,100.00
11840,24606,100.00
11841,24621,100.00
11842,35615,100.00
11843,36059,0.00
11844,29676,100.00
11845,23374,100.00
11846,40582,100.00
11847,29920,100.00
11848,21569,0.00
11849,52260,100.00
11850,32047,100.00
11851,23691,0.00
11852,41659,100.00
11853,35032,100.00
11854,28024,100.00
11855,24471,100.00
11856,31562,0.00
11857,34415,100.00
11858,21979,100.00
11859,20742,100.00
11860,24019,100.00
11861,24327,0.00
11862,39425,100.00
11863,40130,100.00
11864,28550,100.00
11865,35097,0.00
11866,68262,50.00
11867,27401,0.00
11868,26662,100.00
11869,27132,100.00
11870,28474,100.00
11871,23922,100.00
11872,42782,0.00
11873,29007,100.00
11874,25094,100.00
11875,23620,100.00
11876,41634,0.00
11877,34088,100.00
11878,24958,100.00
11879,21498,100.00
11880,26964,0.00
11881,24339,100.00
11882,35527,100.00
11883,55392,100.00
11884,21398,0.00
11885,23067,100.00
11886,40309,100.00
11887,32867,100.00
11888,33100,0.00
11889,26654,100.00
11890,24969,100.00
11891,27051,100.00
11892,34321,100.00
11893,30769,0.00
11894,26005,100.00
11895,21874,100.00
11896,23878,0.00
11897,37111,100.00
11898,30489,100.00
11899,29076,0.00
11900,40395,66.67
11901,41523,0.00
11902,21665,100.00
11903,40018,100.00
11904,35749,0.00
11905,27874,100.00
11906,33237,100.00
11907,27522,100.00
11908,30993,100.00
11909,26647,0.00
11910,26278,100.00
11911,41320,100.00
11912,40631,100.00
11913,18535,0.00
11914,26045,100.00
11915,23381,100.00
11916,25030,100.00
11917,31922,0.00
11918,30679,100.00
11919,21922,100.00
11920,23166,100.00
11921,25266,100.00
11922,23244,0.00
11923,39835,100.00
11924,36469,100.00
11925,25684,100.00
11926,35623,100.00
11927,31198,0.00
11928,63977,66.67
11929,30323,0.00
11930,24397,100.00
11931,24437,100.00
11932,21566,0.00
11933,43949,100.00
11934,34022,100.00
11935,28874,100.00
11936,25055,100.00
11937,34751,0.00
11938,28949,100.00
11939,22607,100.00
11940,19610,100.00
11941,24753,100.00
11942,24150,0.00
11943,38747,100.00
11944,29631,100.00
11945,37061,0.00
11946,43970,100.00
11947,21373,0.00
11948,31029,0.00
11949,22840,100.00
11950,23071,100.00
11951,24990,100.00
11952,20351,100.00
11953,36262,0.00
11954,32015,100.00
11955,26359,100.00
11956,23389,0.00
11957,39538,100.00
11958,31649,100.00
11959,21817,100.00
11960,22194,100.00
11961,25766,0.00
11962,26641,100.00
11963,57231,100.00
11964,25902,0.00
11965,33115,100.00
11966,26029,0.00
11967,45239,100.00
11968,47518,100.00
11969,26991,100.00
11970,26218,100.00
11971,28807,0.00
11972,19453,100.00
11973,31294,100.00
11974,26805,100.00
11975,32857,100.00
11976,29106,0.00
11977,23506,100.00
11978,34565,100.00
11979,39405,0.00
11980,31981,100.00
11981,20855,0.00
11982,24968,100.00
11983,24236,100.00
11984,36757,0.00
11985,34823,100.00
11986,26742,100.00
11987,32828,100.00
11988,37294,100.00
11989,31158,0.00
11990,23345,50.00
11991,33706,100.00
11992,27031,0.00
11993,21221,100.00
11994,33366,100.00
11995,29729,100.00
11996,25519,100.00
11997,23274,0.00
11998,29233,100.00
11999,29530,100.00
12000,54560,100.00
12001,22017,100.00
12002,24571,0.00
12003,24468,100.00
12004,41814,100.00
12005,39156,100.00
12006,26570,100.00
12007,37956,0.00
12008,58002,50.00
12009,21483,0.00
12010,28664,100.00
12011,30642,100.00
12012,28951,100.00
12013,22279,0.00
12014,42213,100.00
12015,32142,100.00
12016,25015,100.00
12017,24342,100.00
12018,26294,0.00
12019,35520,100.00
12020,29670,100.00
12021,21731,0.00
12022,24128,100.00
12023,25240,100.00
12024,26094,100.00
12025,38874,100.00
12026,43168,100.00
12027,18609,0.00
12028,31951,100.00
12029,28753,100.00
12030,30564,100.00
12031,28943,0.00
12032,24883,100.00
12033,23312,100.00
12034,36619,100.00
12035,31268,0.00
12036,22701,100.00
12037,22995,100.00
12038,24248,100.00
12039,39707,0.00
12040,32487,100.00
12041,25297,100.00
12042,25707,50.00
12043,31359,100.00
12044,17740,0.00
12045,39985,100.00
12046,37197,100.00
12047,28846,100.00
12048,24010,100.00
12049,33332,0.00
12050,32322,100.00
12051,28304,100.00
12052,24978,100.00
12053,37154,0.00
12054,28490,100.00
12055,40298,0.00
12056,32705,100.00
12057,25612,100.00
12058,24695,100.00
12059,32139,100.00
12060,30652,0.00
12061,20775,100.00
12062,22692,100.00
12063,25656,100.00
12064,23057,100.00
12065,42374,0.00
12066,40233,100.00
12067,26588,100.00
12068,34180,100.00
12069,26272,100.00
12070,32838,0.00
12071,23120,0.00
12072,24269,100.00
12073,23973,100.00
12074,20027,100.00
12075,31719,100.00
12076,27971,0.00
12077,24130,100.00
12078,23008,100.00
12079,28796,100.00
12080,29409,100.00
12081,21012,0.00
12082,19622,100.00
12083,23905,100.00
12084,24956,100.00
12085,37929,100.00
12086,40273,0.00
12087,52043,0.00
12088,66130,100.00
12089,22484,0.00
12090,33982,100.00
12091,24632,100.00
12092,23743,0.00
12093,30783,100.00
12094,21356,100.00
12095,40863,100.00
12096,37026,100.00
12097,27031,0.00
12098,21006,100.00
12099,38333,50.00
12100,34001,100.00
12101,30160,100.00
12102,29544,0.00
12103,25345,100.00
12104,27199,100.00
12105,36427,100.00
12106,60891,100.00
12107,21555,0.00
12108,25195,100.00
12109,40080,100.00
12110,29580,100.00
12111,32391,100.00
12112,27909,0.00
12113,25656,100.00
12114,22025,100.00
12115,32435,0.00
12116,42499,100.00
12117,56557,100.00
12118,26681,100.00
12119,20271,100.00
12120,37524,0.00
12121,38880,100.00
12122,34142,100.00
12123,21341,0.00
12124,24789,100.00
12125,23925,100.00
12126,39851,100.00
12127,35552,100.00
12128,27123,0.00
12129,24322,100.00
12130,43928,100.00
12131,34992,100.00
12132,32733,0.00
12133,39772,100.00
12134,28130,100.00
12135,27014,100.00
12136,41045,0.00
12137,29135,100.00
12138,25291,100.00
12139,25998,100.00
12140,36044,100.00
12141,35705,0.00
12142,21959,100.00
12143,22823,100.00
12144,25993,100.00
12145,23033,100.00
12146,45343,0.00
12147,44037,100.00
12148,29691,100.00
12149,27958,0.00
12150,59487,66.67
12151,17954,0.00
12152,21745,0.00
12153,23850,100.00
12154,27420,100.00
12155,21729,100.00
12156,47432,100.00
12157,34718,0.00
12158,30627,100.00
12159,22306,100.00
12160,32133,100.00
12161,41759,100.00
12162,25742,0.00
12163,21476,100.00
12164,23697,100.00
12165,25257,100.00
12166,39426,100.00
12167,38884,0.00
12168,30385,100.00
12169,24784,100.00
12170,38344,100.00
12171,30456,100.00
12172,25651,0.00
12173,25294,100.00
12174,23968,100.00
12175,29099,100.00
12176,31452,100.00
12177,26994,0.00
12178,33648,100.00
12179,23812,100.00
12180,38738,0.00
12181,32764,100.00
12182,22440,100.00
12183,24383,0.00
12184,32618,100.00
12185,22085,0.00
12186,34052,100.00
12187,36670,100.00
12188,30949,0.00
12189,23708,100.00
12190,39948,100.00
12191,35020,100.00
12192,25118,100.00
12193,27009,0.00
12194,24650,100.00
12195,34595,100.00
12196,39034,0.00
12197,31488,100.00
12198,32659,100.00
12199,26255,100.00
12200,23640,100.00
12201,35132,0.00
12202,29959,100.00
12203,22712,100.00
12204,23125,100.00
12205,24429,100.00
12206,22822,0.00
12207,40432,100.00
12208,34252,100.00
12209,24350,100.00
12210,35525,100.00
12211,30693,0.00
12212,22575,100.00
12213,39930,50.00
12214,34761,100.00
12215,22865,0.00
12216,23295,0.00
12217,32889,100.00
12218,43675,100.00
12219,27005,100.00
12220,25428,100.00
12221,34231,0.00
12222,34246,100.00
12223,22230,100.00
12224,19967,100.00
12225,24372,100.00
12226,25347,0.00
12227,35622,100.00
12228,38863,100.00
12229,32425,0.00
12230,49156,100.00
12231,37397,100.00
12232,33003,100.00
12233,24555,100.00
12234,23275,0.00
12235,24893,100.00
12236,23842,100.00
12237,37842,100.00
12238,30709,100.00
12239,25719,0.00
12240,23382,100.00
12241,33411,50.00
12242,34143,0.00
12243,27192,100.00
12244,22364,100.00
12245,21482,100.00
12246,22649,100.00
12247,29440,0.00
12248,47431,100.00
12249,21523,0.00
12250,23114,0.00
12251,31789,100.00
12252,26831,100.00
12253,27209,100.00
12254,24879,100.00
12255,25222,0.00
12256,21772,100.00
12257,17741,100.00
12258,31425,0.00
12259,28475,100.00
12260,24956,100.00
12261,22372,100.00
12262,31264,100.00
12263,26234,0.00
12264,28274,100.00
12265,19785,100.00
12266,24021,100.00
12267,24475,100.00
12268,34629,0.00
12269,33989,100.00
12270,27492,100.00
12271,23150,100.00
12272,35227,100.00
12273,28311,0.00
12274,21785,50.00
12275,33310,0.00
12276,32850,100.00
12277,17553,0.00
12278,36530,100.00
12279,29494,0.00
12280,25047,100.00
12281,22773,100.00
12282,30103,100.00
12283,32074,100.00
12284,22000,0.00
12285,20133,100.00
12286,23588,100.00
12287,24469,100.00
12288,36296,100.00
12289,34553,0.00
12290,28505,100.00
12291,25309,100.00
12292,35714,0.00
12293,58830,100.00
12294,20697,0.00
12295,22728,100.00
12296,25859,100.00
12297,23417,0.00
12298,39752,100.00
12299,32203,100.00
12300,25852,100.00
12301,24859,100.00
12302,30359,0.00
12303,29334,100.00
12304,25216,100.00
12305,21051,100.00
12306,19755,0.00
12307,24246,100.00
12308,32477,0.00
12309,64452,100.00
12310,21595,0.00
12311,23284,100.00
12312,45549,100.00
12313,32961,0.00
12314,22417,100.00
12315,23002,100.00
12316,26077,100.00
12317,20661,100.00
12318,35203,0.00
12319,28185,100.00
12320,24412,100.00
12321,21362,0.00
12322,32567,100.00
12323,32890,100.00
12324,21546,100.00
12325,19458,100.00
12326,29255,0.00
12327,24259,100.00
12328,22984,100.00
12329,38189,0.00
12330,38107,100.00
12331,25661,100.00
12332,34843,100.00
12333,28730,100.00
12334,28088,0.00
12335,25457,100.00
12336,25688,100.00
12337,19294,100.00
12338,20139,0.00
12339,34670,100.00
12340,37993,0.00
12341,30308,100.00
12342,18453,0.00
12343,29594,100.00
12344,28616,100.00
12345,21873,0.00
12346,22258,100.00
12347,24043,100.00
12348,23438,100.00
12349,35580,100.00
12350,32915,0.00
12351,25949,100.00
12352,30403,100.00
12353,29860,100.00
12354,27831,100.00
12355,40248,50.00
12356,63891,100.00
12357,22449,0.00
12358,22506,100.00
12359,51134,100.00
12360,32062,100.00
12361,26121,0.00
12362,21827,100.00
12363,30637,100.00
12364,26828,100.00
12365,21187,100.00
12366,21989,0.00
12367,23590,100.00
12368,23519,100.00
12369,39261,100.00
12370,38896,100.00
12371,26769,0.00
12372,47151,100.00
12373,46402,100.00
12374,34445,0.00
12375,22712,100.00
12376,23821,100.00
12377,24915,100.00
12378,21423,100.00
12379,38276,0.00
12380,30916,100.00
12381,26343,100.00
12382,24680,100.00
12383,37558,0.00
12384,32276,100.00
12385,19828,100.00
12386,19519,100.00
12387,23413,0.00
12388,22794,100.00
12389,36214,100.00
12390,56272,100.00
12391,22184,0.00
12392,24289,100.00
12393,49450,100.00
12394,33784,100.00
12395,26575,0.00
12396,25695,100.00
12397,23751,100.00
12398,23143,100.00
12399,33787,100.00
12400,28499,0.00
12401,24489,100.00
12402,23887,100.00
12403,23100,0.00
12404,37834,100.00
12405,32031,100.00
12406,22446,100.00
12407,28472,100.00
12408,22078,0.00
12409,24083,100.00
12410,40206,100.00
12411,34943,100.00
12412,25836,100.00
12413,25666,0.00
12414,31605,100.00
12415,29436,100.00
12416,25122,100.00
12417,36868,0.00
12418,36394,100.00
12419,17752,0.00
12420,33073,100.00
12421,31284,100.00
12422,27078,100.00
12423,23540,100.00
12424,32188,0.00
12425,31953,100.00
12426,21291,100.00
12427,19215,100.00
12428,24007,100.00
12429,23109,0.00
12430,32819,100.00
12431,33168,100.00
12432,31766,100.00
12433,27245,100.00
12434,28179,0.00
12435,61269,0.00
12436,39698,100.00
12437,32887,100.00
12438,28918,100.00
12439,30555,100.00
12440,35842,0.00
12441,31170,100.00
12442,31062,100.00
12443,26635,100.00
12444,28075,100.00
12445,27411,0.00
12446,26053,100.00
12447,21099,100.00
12448,24065,100.00
12449,22902,0.00
12450,32813,100.00
12451,34806,100.00
12452,32123,100.00
12453,24231,0.00
12454,29857,100.00
12455,32544,100.00
12456,24076,100.00
12457,22888,100.00
12458,24537,0.00
12459,24776,100.00
12460,29543,100.00
12461,27658,100.00
12462,25062,100.00
12463,20906,0.00
12464,33136,100.00
12465,29644,100.00
12466,29154,100.00
12467,21964,100.00
12468,23897,0.00
12469,27964,100.00
12470,34185,100.00
12471,24165,0.00
12472,30935,100.00
12473,27257,100.00
12474,22608,100.00
12475,39964,100.00
12476,31144,0.00
12477,24541,100.00
12478,24763,100.00
12479,28113,100.00
12480,19854,0.00
12481,32967,100.00
12482,24881,100.00
12483,32963,100.00
12484,34430,0.00
12485,24114,100.00
12486,35518,100.00
12487,35541,0.00
12488,23064,100.00
12489,22870,100.00
12490,24268,100.00
12491,30818,100.00
12492,30746,0.00
12493,27061,100.00
12494,22794,100.00
12495,34962,100.00
12496,27976,100.00
12497,21175,0.00
12498,44894,50.00
12499,63530,100.00
12500,22663,0.00
12501,35261,100.00
12502,29646,100.00
12503,28844,100.00
12504,23547,100.00
12505,25765,0.00
12506,30789,100.00
12507,29294,100.00
12508,21572,100.00
12509,23395,100.00
12510,28047,0.00
12511,24620,100.00
12512,39010,100.00
12513,34408,100.00
12514,27779,100.00
12515,43977,0.00
12516,42558,0.00
12517,28625,100.00
12518,23651,100.00
12519,24343,100.00
12520,23894,100.00
12521,21595,0.00
12522,28973,100.00
12523,25851,100.00
12524,25635,100.00
12525,21584,100.00
12526,33060,0.00
12527,27954,100.00
12528,20529,100.00
12529,18891,0.00
12530,24980,100.00
12531,24474,100.00
12532,32631,0.00
12533,52048,100.00
12534,21490,0.00
12535,21575,100.00
12536,33868,100.00
12537,38408,0.00
12538,27621,100.00
12539,25588,100.00
12540,25902,100.00
12541,26010,100.00
12542,32950,0.00
12543,27835,100.00
12544,24551,100.00
12545,24285,0.00
12546,20833,100.00
12547,38464,100.00
12548,29951,100.00
12549,25411,100.00
12550,28006,0.00
12551,29031,100.00
12552,22605,0.00
12553,38180,100.00
12554,36274,100.00
12555,26229,0.00
12556,22158,100.00
12557,37448,100.00
12558,31973,100.00
12559,23748,100.00
12560,24778,0.00
12561,34237,0.00
12562,28689,100.00
12563,30158,100.00
12564,28822,100.00
12565,24952,100.00
12566,24298,0.00
12567,23965,100.00
12568,27579,100.00
12569,24222,100.00
12570,19784,100.00
12571,22792,0.00
12572,24323,100.00
12573,29679,100.00
12574,32552,100.00
12575,31343,100.00
12576,29788,0.00
12577,34419,100.00
12578,39117,0.00
12579,54706,100.00
12580,21023,0.00
12581,24479,100.00
12582,25520,0.00
12583,30125,100.00
12584,29471,100.00
12585,28225,100.00
12586,24362,100.00
12587,24261,0.00
12588,32331,100.00
12589,28997,100.00
12590,23470,100.00
12591,22203,100.00
12592,24931,0.00
12593,25999,100.00
12594,41620,100.00
12595,30662,0.00
12596,45918,100.00
12597,27087,100.00
12598,42951,0.00
12599,31164,100.00
12600,23303,100.00
12601,25454,100.00
12602,24285,100.00
12603,23092,0.00
12604,42684,100.00
12605,33052,100.00
12606,27430,100.00
12607,22431,0.00
12608,41427,100.00
12609,35234,100.00
12610,23185,100.00
12611,22079,0.00
12612,24858,100.00
12613,26095,100.00
12614,55155,100.00
12615,25816,0.00
12616,29763,0.00
12617,22917,100.00
12618,41184,100.00
12619,28897,100.00
12620,26018,100.00
12621,24346,0.00
12622,24577,100.00
12623,19200,100.00
12624,30656,0.00
12625,24192,100.00
12626,27869,100.00
12627,23191,100.00
12628,28879,100.00
12629,26376,0.00
12630,33119,100.00
12631,20541,100.00
12632,21583,0.00
12633,25248,100.00
12634,25337,100.00
12635,34560,100.00
12636,33727,100.00
12637,29633,0.00
12638,32132,100.00
12639,27039,100.00
12640,26400,100.00
12641,36655,0.00
12642,40695,100.00
12643,21983,0.00
12644,29570,100.00
12645,29399,0.00
12646,32058,100.00
12647,25022,100.00
12648,26026,100.00
12649,42442,100.00
12650,34987,0.00
12651,23728,100.00
12652,22740,100.00
12653,26153,100.00
12654,24067,100.00
12655,41809,0.00
12656,40086,100.00
12657,26283,100.00
12658,51150,0.00
12659,59042,100.00
12660,49398,100.00
12661,30848,0.00
12662,30392,100.00
12663,28594,100.00
12664,23120,100.00
12665,46045,100.00
12666,45303,0.00
12667,23541,100.00
12668,22204,100.00
12669,39244,0.00
12670,30149,100.00
12671,21948,100.00
12672,21226,100.00
12673,23110,100.00
12674,23785,0.00
12675,35297,100.00
12676,55015,100.00
12677,21646,0.00
12678,21408,100.00
12679,42337,100.00
12680,35125,100.00
12681,27532,100.00
12682,25695,0.00
12683,23894,100.00
12684,30163,100.00
12685,30818,100.00
12686,29499,0.00
12687,25275,100.00
12688,23580,100.00
12689,25806,100.00
12690,35187,0.00
12691,28363,100.00
12692,30128,100.00
12693,40275,50.00
12694,21825,0.00
12695,22230,100.00
12696,39855,100.00
12697,35825,100.00
12698,28290,0.00
12699,32453,100.00
12700,29431,100.00
12701,35598,100.00
12702,27354,100.00
12703,24642,0.00
12704,34209,100.00
12705,34728,100.00
12706,42476,0.00
12707,40029,100.00
12708,25293,100.00
12709,23811,100.00
12710,33896,100.00
12711,27815,0.00
12712,21498,100.00
12713,23238,100.00
12714,25427,100.00
12715,24783,100.00
12716,36439,0.00
12717,34979,100.00
12718,27971,100.00
12719,30918,100.00
12720,32627,100.00
12721,35934,0.00
12722,27853,0.00
12723,24641,100.00
12724,26883,100.00
12725,24774,100.00
12726,34523,100.00
12727,30515,0.00
12728,25098,100.00
12729,22453,100.00
12730,24893,100.00
12731,35289,100.00
12732,27921,0.00
12733,20901,100.00
12734,23831,100.00
12735,24328,100.00
12736,33882,100.00
12737,45995,0.00
12738,36574,100.00
12739,51140,100.00
12740,30750,0.00
12741,32404,100.00
12742,29212,100.00
12743,25009,100.00
12744,24895,100.00
12745,24686,0.00
12746,28531,100.00
12747,29453,100.00
12748,29297,100.00
12749,25166,100.00
12750,28851,0.00
12751,37578,100.00
12752,29932,100.00
12753,23142,0.00
12754,22093,100.00
12755,23206,100.00
12756,29398,0.00
12757,36884,100.00
12758,33210,100.00
12759,24744,100.00
12760,22166,100.00
12761,34915,0.00
12762,28220,100.00
12763,25370,100.00
12764,25044,100.00
12765,25593,100.00
12766,18183,0.00
12767,30959,100.00
12768,29347,100.00
12769,26282,0.00
12770,22227,100.00
12771,32319,100.00
12772,32244,100.00
12773,31467,100.00
12774,20506,0.00
12775,24902,100.00
12776,24590,100.00
12777,32908,100.00
12778,36401,100.00
12779,34289,0.00
12780,26345,100.00
12781,34033,100.00
12782,29065,100.00
12783,20710,50.00
12784,26030,0.00
12785,35354,100.00
12786,20399,0.00
12787,30891,0.00
12788,29534,100.00
12789,25118,100.00
12790,23266,100.00
12791,23942,100.00
12792,33190,0.00
12793,25758,100.00
12794,21037,100.00
12795,22893,100.00
12796,23852,100.00
12797,29966,0.00
12798,35080,100.00
12799,32481,100.00
12800,26796,100.00
12801,30861,0.00
12802,32425,50.00
12803,23487,100.00
12804,22244,100.00
12805,24130,0.00
12806,23704,100.00
12807,26749,100.00
12808,24644,100.00
12809,26544,100.00
12810,23733,0.00
12811,26879,100.00
12812,29173,100.00
12813,28594,0.00
12814,20544,100.00
12815,21298,100.00
12816,22297,100.00
12817,30951,0.00
12818,47276,100.00
12819,21316,0.00
12820,23056,100.00
12821,37676,0.00
12822,26763,100.00
12823,22081,100.00
12824,23956,100.00
12825,23935,100.00
12826,22549,0.00
12827,30383,100.00
12828,26869,100.00
12829,21542,0.00
12830,25180,100.00
12831,38024,100.00
12832,35168,100.00
12833,19522,100.00
12834,19444,0.00
12835,31154,50.00
12836,24188,100.00
12837,22561,100.00
12838,37837,100.00
12839,36884,0.00
12840,24274,100.00
12841,35933,100.00
12842,28507,100.00
12843,23600,100.00
12844,24677,0.00
12845,24092,100.00
12846,32010,100.00
12847,24867,0.00
12848,30323,100.00
12849,30315,100.00
12850,26780,100.00
12851,22387,100.00
12852,33762,0.00
12853,26847,100.00
12854,21933,100.00
12855,22366,100.00
12856,24132,100.00
12857,23092,0.00
12858,34382,100.00
12859,31124,100.00
12860,23061,100.00
12861,29834,100.00
12862,29708,0.00
12863,25644,100.00
12864,53233,50.00
12865,23303,0.00
12866,33590,100.00
12867,33269,100.00
12868,44370,100.00
12869,29090,100.00
12870,24932,0.00
12871,26343,100.00
12872,32412,100.00
12873,29812,100.00
12874,22793,100.00
12875,20238,0.00
12876,25146,100.00
12877,24028,100.00
12878,35883,100.00
12879,39505,100.00
12880,32664,0.00
12881,48186,100.00
12882,64566,100.00
12883,22766,0.00
12884,23538,100.00
12885,27101,100.00
12886,27647,100.00
12887,28030,100.00
12888,36428,0.00
12889,30283,100.00
12890,25926,100.00
12891,23390,100.00
12892,34143,0.00
12893,28881,100.00
12894,24001,100.00
12895,24240,100.00
12896,20571,0.00
12897,23197,100.00
12898,29979,100.00
12899,58783,100.00
12900,22583,0.00
12901,22189,100.00
12902,36753,100.00
12903,27635,100.00
12904,27017,0.00
12905,25068,100.00
12906,24307,100.00
12907,23878,100.00
12908,19161,0.00
12909,32891,100.00
12910,29287,100.00
12911,25896,100.00
12912,23292,0.00
12913,33200,100.00
12914,28562,100.00
12915,26746,100.00
12916,26705,100.00
12917,21103,0.00
12918,23651,100.00
12919,32598,100.00
12920,33493,100.00
12921,25683,100.00
12922,22383,0.00
12923,36519,100.00
12924,30289,100.00
12925,22999,0.00
12926,33374,100.00
12927,41135,100.00
12928,17742,0.00
12929,33839,100.00
12930,28418,100.00
12931,24503,100.00
12932,22811,100.00
12933,29337,0.00
12934,29180,100.00
12935,21598,100.00
12936,19582,100.00
12937,23373,100.00
12938,23660,0.00
12939,32678,100.00
12940,33070,100.00
12941,29984,100.00
12942,23891,100.00
12943,37256,0.00
12944,59492,100.00
12945,20047,0.00
12946,27249,0.00
12947,32860,100.00
12948,25459,100.00
12949,41604,100.00
12950,30835,100.00
12951,27171,0.00
12952,23258,100.00
12953,30466,100.00
12954,32382,100.00
12955,24809,100.00
12956,20262,0.00
12957,28139,100.00
12958,24339,100.00
12959,34492,0.00
12960,59412,100.00
12961,22359,0.00
12962,22317,0.00
12963,56718,100.00
12964,38827,100.00
12965,25549,100.00
12966,25214,100.00
12967,26892,0.00
12968,41225,100.00
12969,32581,100.00
12970,27075,100.00
12971,27796,100.00
12972,26450,0.00
12973,34057,100.00
12974,31759,100.00
12975,26762,100.00
12976,22541,100.00
12977,29612,0.00
12978,33250,100.00
12979,22890,0.00
12980,31136,0.00
12981,33392,100.00
12982,30600,100.00
12983,22157,100.00
12984,35091,100.00
12985,28267,0.00
12986,24224,100.00
12987,33503,100.00
12988,24383,100.00
12989,20163,0.00
12990,28724,100.00
12991,29164,100.00
12992,40415,100.00
12993,25608,0.00
12994,23450,100.00
12995,32440,100.00
12996,25863,100.00
12997,20183,100.00
12998,23413,0.00
12999,24542,100.00
13000,50897,100.00
13001,36689,100.00
13002,33134,100.00
13003,27388,0.00
13004,38476,100.00
13005,30660,100.00
13006,21071,100.00
13007,48710,0.00
13008,45352,100.00
13009,39036,0.00
13010,34277,100.00
13011,33986,100.00
13012,32181,100.00
13013,28827,100.00
13014,30306,0.00
13015,33607,100.00
13016,29777,100.00
13017,23182,100.00
13018,23506,100.00
13019,25017,0.00
13020,22976,100.00
13021,37845,100.00
13022,38931,100.00
13023,27528,0.00
13024,32361,100.00
13025,56182,100.00
13026,21588,0.00
13027,20699,0.00
13028,24828,100.00
13029,26136,100.00
13030,22247,100.00
13031,38224,100.00
13032,30297,0.00
13033,24939,100.00
13034,22597,100.00
13035,39017,0.00
13036,31431,100.00
13037,23155,100.00
13038,21355,100.00
13039,22618,100.00
13040,23257,0.00
13041,38867,100.00
13042,33907,100.00
13043,28475,0.00
13044,25363,100.00
13045,32264,100.00
13046,31234,100.00
13047,24964,100.00
13048,25556,0.00
13049,23346,100.00
13050,24455,100.00
13051,29688,100.00
13052,28927,0.00
13053,25781,100.00
13054,24020,100.00
13055,33726,100.00
13056,30794,0.00
13057,32346,100.00
13058,22780,50.00
13059,28053,100.00
13060,22908,0.00
13061,22557,0.00
13062,34540,100.00
13063,33980,100.00
13064,25122,100.00
13065,31277,100.00
13066,26625,0.00
13067,30057,100.00
13068,21246,100.00
13069,37085,0.00
13070,27303,100.00
13071,22347,100.00
13072,34759,100.00
13073,30687,100.00
13074,27980,0.00
13075,22195,100.00
13076,34977,100.00
13077,30297,100.00
13078,22654,100.00
13079,22641,0.00
13080,23558,100.00
13081,24187,100.00
13082,40002,100.00
13083,37336,100.00
13084,27733,0.00
13085,34697,100.00
13086,34912,0.00
13087,35837,100.00
13088,21090,0.00
13089,24301,100.00
13090,24071,0.00
13091,22509,100.00
13092,38400,100.00
13093,30157,100.00
13094,27020,100.00
13095,20616,0.00
13096,33523,100.00
13097,28729,100.00
13098,22796,100.00
13099,21779,100.00
13100,23112,0.00
13101,31877,100.00
13102,34708,0.00
13103,59058,100.00
13104,20287,0.00
13105,34504,100.00
13106,32824,0.00
13107,27335,100.00
13108,23508,100.00
13109,25273,100.00
13110,24441,100.00
13111,22583,0.00
13112,35860,100.00
13113,29382,100.00
13114,26566,100.00
13115,29756,0.00
13116,40933,100.00
13117,30141,100.00
13118,22122,100.00
13119,22311,0.00
13120,27327,66.67
13121,21495,0.00
13122,32344,100.00
13123,32698,100.00
13124,27583,0.00
13125,21790,100.00
13126,31102,100.00
13127,26045,100.00
13128,24090,100.00
13129,25368,0.00
13130,24632,100.00
13131,17768,100.00
13132,28261,0.00
13133,23234,100.00
13134,32522,100.00
13135,33078,0.00
13136,23925,100.00
13137,29736,100.00
13138,24757,100.00
13139,21548,100.00
13140,23964,0.00
13141,23805,100.00
13142,31356,100.00
13143,32647,100.00
13144,28552,100.00
13145,23928,0.00
13146,32150,100.00
13147,29342,100.00
13148,21726,0.00
13149,31176,50.00
13150,26980,100.00
13151,24732,0.00
13152,29141,100.00
13153,29560,100.00
13154,26134,100.00
13155,24678,100.00
13156,25860,0.00
13157,38820,100.00
13158,27972,100.00
13159,20150,100.00
13160,23379,100.00
13161,24659,0.00
13162,33206,100.00
13163,33144,100.00
13164,29253,100.00
13165,28947,0.00
13166,62308,100.00
13167,59878,100.00
13168,21947,0.00
13169,23295,0.00
13170,26557,100.00
13171,28750,100.00
13172,33440,100.00
13173,31401,100.00
13174,33223,0.00
13175,23713,100.00
13176,21822,50.00
13177,43552,100.00
13178,32724,100.00
13179,22940,0.00
13180,27031,100.00
13181,22994,100.00
13182,23780,100.00
13183,37981,0.00
13184,35282,100.00
13185,24599,100.00
13186,23657,100.00
13187,33222,0.00
13188,30586,100.00
13189,24837,100.00
13190,25414,100.00
13191,21340,100.00
13192,30243,0.00
13193,24120,100.00
13194,25601,100.00
13195,24883,0.00
13196,22866,100.00
13197,30766,100.00
13198,32606,100.00
13199,20551,100.00
13200,28385,0.00
13201,25604,100.00
13202,24523,100.00
13203,32620,0.00
13204,33448,100.00
13205,26740,100.00
13206,22981,100.00
13207,36961,100.00
13208,28849,0.00
13209,26238,100.00
13210,25655,100.00
13211,32445,0.00
13212,31626,100.00
13213,32026,100.00
13214,31889,0.00
13215,26320,100.00
13216,23846,100.00
13217,24515,100.00
13218,37956,100.00
13219,32311,0.00
13220,21892,100.00
13221,23475,100.00
13222,25176,100.00
13223,29300,100.00
13224,40059,0.00
13225,35414,100.00
13226,36499,100.00
13227,36526,100.00
13228,35696,0.00
13229,53346,50.00
13230,51491,100.00
13231,23889,0.00
13232,25428,0.00
13233,25457,100.00
13234,43360,100.00
13235,31346,100.00
13236,24887,100.00
13237,32211,0.00
13238,30844,100.00
13239,29023,100.00
13240,21550,100.00
13241,22874,100.00
13242,24860,0.00
13243,28663,100.00
13244,35290,100.00
13245,34941,100.00
13246,60124,0.00
13247,56073,100.00
13248,18826,0.00
13249,37805,100.00
13250,27093,100.00
13251,32422,100.00
13252,33621,100.00
13253,25295,0.00
13254,37565,100.00
13255,30415,100.00
13256,25591,100.00
13257,19018,100.00
13258,32818,0.00
13259,31016,100.00
13260,25301,100.00
13261,24432,100.00
13262,22794,100.00
13263,32178,0.00
13264,25474,100.00
13265,36314,100.00
13266,33737,0.00
13267,26755,100.00
13268,30469,100.00
13269,26738,100.00
13270,26078,100.00
13271,27891,0.00
13272,26368,100.00
13273,22842,100.00
13274,29527,0.00
13275,35194,100.00
13276,37457,100.00
13277,26657,100.00
13278,26004,100.00
13279,35061,0.00
13280,38049,100.00
13281,34496,100.00
13282,17928,0.00
13283,24409,100.00
13284,23576,100.00
13285,39179,100.00
13286,38905,100.00
13287,26030,0.00
13288,23625,100.00
13289,37141,100.00
13290,29490,100.00
13291,25687,0.00
13292,32526,100.00
13293,29394,100.00
13294,22568,100.00
13295,29687,0.00
13296,28878,100.00
13297,24884,100.00
13298,23887,100.00
13299,28966,100.00
13300,29587,0.00
13301,22876,100.00
13302,19397,100.00
13303,23404,100.00
13304,24005,100.00
13305,33391,0.00
13306,36341,100.00
13307,29484,100.00
13308,21865,0.00
13309,57889,66.67
13310,21863,0.00
13311,21832,0.00
13312,22705,100.00
13313,24761,100.00
13314,23474,100.00
13315,36652,100.00
13316,37950,0.00
13317,26099,100.00
13318,24273,100.00
13319,23252,0.00
13320,45873,100.00
13321,27344,100.00
13322,22923,100.00
13323,25211,100.00
13324,24715,0.00
13325,24784,100.00
13326,42931,100.00
13327,44191,100.00
13328,22528,0.00
13329,32581,0.00
13330,26470,100.00
13331,29522,100.00
13332,26344,100.00
13333,25306,100.00
13334,20556,0.00
13335,37873,100.00
13336,30991,100.00
13337,26278,0.00
13338,24324,100.00
13339,22161,100.00
13340,36220,100.00
13341,28667,100.00
13342,27522,0.00
13343,25909,50.00
13344,26894,100.00
13345,21459,0.00
13346,39685,100.00
13347,35233,0.00
13348,25422,100.00
13349,23143,100.00
13350,32924,100.00
13351,32121,100.00
13352,27114,0.00
13353,24825,100.00
13354,37778,0.00
13355,41209,100.00
13356,44551,100.00
13357,35003,100.00
13358,27889,0.00
13359,28816,100.00
13360,28572,100.00
13361,36291,100.00
13362,25968,100.00
13363,20673,0.00
13364,24346,100.00
13365,24189,100.00
13366,32202,100.00
13367,30814,100.00
13368,27345,0.00
13369,28616,100.00
13370,34175,100.00
13371,28887,0.00
13372,42559,66.67
13373,20712,0.00
13374,28550,100.00
13375,24141,100.00
13376,30124,0.00
13377,26051,100.00
13378,28754,100.00
13379,24792,100.00
13380,22796,100.00
13381,33928,0.00
13382,30004,100.00
13383,22465,100.00
13384,22335,100.00
13385,24050,100.00
13386,28881,0.00
13387,39194,100.00
13388,29456,100.00
13389,39215,0.00
13390,32359,100.00
13391,36338,100.00
13392,32453,0.00
13393,24431,100.00
13394,26030,100.00
13395,23927,100.00
13396,24871,100.00
13397,27492,0.00
13398,28250,100.00
13399,28221,100.00
13400,31707,0.00
13401,38946,100.00
13402,31830,100.00
13403,24364,100.00
13404,23759,100.00
13405,23569,0.00
13406,33437,100.00
13407,58435,100.00
13408,23382,0.00
13409,23068,100.00
13410,20771,100.00
13411,41868,100.00
13412,29239,100.00
13413,25867,0.00
13414,24194,100.00
13415,25537,100.00
13416,19885,0.00
13417,36702,100.00
13418,29133,100.00
13419,26352,100.00
13420,24025,100.00
13421,32355,0.00
13422,27070,100.00
13423,29750,100.00
13424,19888,0.00
13425,23728,100.00
13426,23816,100.00
13427,31137,100.00
13428,30790,100.00
13429,31298,0.00
13430,24630,100.00
13431,38263,100.00
13432,31643,100.00
13433,23261,0.00
13434,31367,100.00
13435,27259,0.00
13436,22069,100.00
13437,29144,100.00
13438,27689,100.00
13439,23620,100.00
13440,23685,0.00
13441,29523,100.00
13442,27507,100.00
13443,20886,100.00
13444,20518,100.00
13445,23095,0.00
13446,23571,100.00
13447,31899,100.00
13448,33719,100.00
13449,29095,100.00
13450,27942,0.00
13451,27888,50.00
13452,51100,100.00
13453,19802,0.00
13454,22316,100.00
13455,25538,100.00
13456,23893,100.00
13457,39340,100.00
13458,34139,0.00
13459,26338,100.00
13460,24650,100.00
13461,30272,100.00
13462,33219,0.00
13463,22790,100.00
13464,21595,100.00
13465,23899,100.00
13466,24225,0.00
13467,35271,100.00
13468,59232,100.00
13469,22582,0.00
13470,23829,100.00
13471,42957,100.00
13472,34099,100.00
13473,25058,100.00
13474,24493,0.00
13475,26272,100.00
13476,22262,100.00
13477,37095,100.00
13478,34524,100.00
13479,23551,0.00
13480,27361,100.00
13481,30780,100.00
13482,33496,0.00
13483,28999,100.00
13484,21387,100.00
13485,26663,0.00
13486,35257,100.00
13487,21882,0.00
13488,36870,100.00
13489,34191,100.00
13490,24550,0.00
13491,27755,100.00
13492,30252,100.00
13493,30018,100.00
13494,25497,100.00
13495,25241,0.00
13496,27716,100.00
13497,63397,100.00
13498,20315,0.00
13499,32245,100.00
13500,30458,100.00
13501,27686,0.00
13502,33179,100.00
13503,31933,100.00
13504,24080,100.00
13505,21580,100.00
13506,23626,0.00
13507,24123,100.00
13508,30814,100.00
13509,34700,100.00
13510,32314,100.00
13511,29472,0.00
13512,41637,100.00
13513,32640,100.00
13514,30318,0.00
13515,42948,100.00
13516,22278,0.00
13517,23146,0.00
13518,28376,100.00
13519,26932,100.00
13520,29685,100.00
13521,24620,100.00
13522,23273,0.00
13523,33502,100.00
13524,31103,100.00
13525,21866,100.00
13526,22190,100.00
13527,23875,0.00
13528,23575,100.00
13529,46839,100.00
13530,43266,100.00
13531,49532,0.00
13532,50075,100.00
13533,22745,0.00
13534,28995,100.00
13535,23380,100.00
13536,24580,100.00
13537,23426,100.00
13538,23019,0.00
13539,34610,100.00
13540,28348,100.00
13541,26339,100.00
13542,18981,100.00
13543,38692,0.00
13544,28780,100.00
13545,22625,100.00
13546,26535,100.00
13547,22333,100.00
13548,24981,0.00
13549,38402,100.00
13550,34440,100.00
13551,30817,0.00
13552,24793,100.00
13553,32935,100.00
13554,29761,100.00
13555,26254,100.00
13556,24846,0.00
13557,23833,100.00
13558,17841,100.00
13559,29043,0.00
13560,26679,100.00
13561,26334,100.00
13562,24685,100.00
13563,26488,100.00
13564,35704,0.00
13565,36576,100.00
13566,32283,50.00
13567,20243,0.00
13568,24265,100.00
13569,34415,100.00
13570,34570,100.00
13571,36808,100.00
13572,27933,0.00
13573,29750,100.00
13574,29585,100.00
13575,27167,100.00
13576,25522,0.00
13577,33608,100.00
13578,26461,100.00
13579,27321,100.00
13580,26311,0.00
13581,28866,100.00
13582,21818,100.00
13583,23726,100.00
13584,29554,100.00
13585,26203,0.00
13586,22025,100.00
13587,23184,100.00
13588,24274,100.00
13589,20075,100.00
13590,39034,0.00
13591,38817,100.00
13592,30200,100.00
13593,30515,0.00
13594,64163,66.67
13595,18940,0.00
13596,21627,0.00
13597,25064,100.00
13598,25150,100.00
13599,22102,100.00
13600,47465,100.00
13601,34949,0.00
13602,27506,100.00
13603,24074,100.00
13604,34967,100.00
13605,30969,100.00
13606,27624,0.00
13607,22655,100.00
13608,30096,100.00
13609,25680,0.00
13610,31422,100.00
13611,55335,100.00
13612,21972,0.00
13613,22611,100.00
13614,43548,100.00
13615,32267,100.00
13616,23714,100.00
13617,24579,0.00
13618,24191,100.00
13619,21576,100.00
13620,40730,100.00
13621,32318,100.00
13622,25413,0.00
13623,21514,100.00
13624,42149,100.00
13625,35159,0.00
13626,19486,100.00
13627,19438,100.00
13628,29275,0.00
13629,23908,100.00
13630,23226,100.00
13631,36530,100.00
13632,37603,100.00
13633,27107,0.00
13634,33227,100.00
13635,25302,100.00
13636,29561,100.00
13637,27828,100.00
13638,25756,0.00
13639,18648,100.00
13640,22884,100.00
13641,32207,100.00
13642,36398,0.00
13643,28660,100.00
13644,20568,0.00
13645,28446,100.00
13646,29429,0.00
13647,20989,100.00
13648,22101,100.00
13649,24106,100.00
13650,22963,100.00
13651,35216,0.00
13652,35802,100.00
13653,24957,100.00
13654,30216,100.00
13655,30619,100.00
13656,30911,0.00
13657,28816,50.00
13658,49132,100.00
13659,52029,100.00
13660,20602,0.00
13661,48207,100.00
13662,33475,100.00
13663,26455,100.00
13664,26272,0.00
13665,28665,100.00
13666,33485,100.00
13667,25562,100.00
13668,19727,100.00
13669,23604,0.00
13670,24379,100.00
13671,34191,100.00
13672,36985,100.00
13673,26011,0.00
13674,31137,100.00
13675,35255,0.00
13676,32182,100.00
13677,23911,100.00
13678,24012,100.00
13679,24808,100.00
13680,24738,0.00
13681,32543,100.00
13682,30230,100.00
13683,26805,100.00
13684,24332,100.00
13685,34893,0.00
13686,36018,100.00
13687,25675,100.00
13688,22082,0.00
13689,27974,100.00
13690,24424,100.00
13691,29681,0.00
13692,59438,100.00
13693,21599,0.00
13694,23640,100.00
13695,36431,100.00
13696,27581,0.00
13697,29198,100.00
13698,28283,100.00
13699,25663,100.00
13700,23754,100.00
13701,37928,0.00
13702,29391,100.00
13703,25298,100.00
13704,24441,0.00
13705,22092,100.00
13706,39719,100.00
13707,34612,100.00
13708,32371,0.00
13709,24628,100.00
13710,24978,100.00
13711,23961,100.00
13712,40041,0.00
13713,40677,100.00
13714,28161,100.00
13715,23638,100.00
13716,46151,100.00
13717,40479,0.00
13718,38506,100.00
13719,30383,100.00
13720,47372,100.00
13721,18521,0.00
13722,39095,100.00
13723,39520,100.00
13724,25641,100.00
13725,26066,0.00
13726,28205,100.00
13727,39082,100.00
13728,27854,100.00
13729,21255,100.00
13730,24434,0.00
13731,27828,100.00
13732,34467,100.00
13733,38389,100.00
13734,37609,100.00
13735,25193,0.00
13736,36923,100.00
13737,59683,50.00
13738,38067,100.00
13739,20615,0.00
13740,26022,100.00
13741,23806,100.00
13742,34608,100.00
13743,29054,0.00
13744,29909,100.00
13745,24519,100.00
13746,22921,100.00
13747,34959,100.00
13748,28886,0.00
13749,21767,100.00
13750,22166,100.00
13751,18247,0.00
13752,29032,100.00
13753,38355,100.00
13754,53005,100.00
13755,18914,0.00
13756,31958,100.00
13757,28983,100.00
13758,26363,100.00
13759,26432,0.00
13760,25403,100.00
13761,24873,100.00
13762,29215,100.00
13763,28757,100.00
13764,24320,0.00
13765,19704,100.00
13766,25809,100.00
13767,32343,0.00
13768,27410,100.00
13769,20997,100.00
13770,22379,50.00
13771,26629,100.00
13772,34380,100.00
13773,21779,0.00
13774,29827,100.00
13775,25583,100.00
13776,25868,100.00
13777,40912,0.00
13778,31731,100.00
13779,28126,100.00
13780,26128,100.00
13781,25995,100.00
13782,18746,0.00
13783,39160,100.00
13784,33200,100.00
13785,27390,0.00
13786,28629,100.00
13787,21455,100.00
13788,35591,0.00
13789,30792,100.00
13790,24525,100.00
13791,27710,100.00
13792,23811,100.00
13793,37854,0.00
13794,35056,100.00
13795,26423,100.00
13796,26048,100.00
13797,39802,100.00
13798,34021,0.00
13799,25324,50.00
13800,35306,100.00
13801,25781,0.00
13802,23160,100.00
13803,41514,100.00
13804,30327,100.00
13805,23479,100.00
13806,25408,0.00
13807,27518,100.00
13808,33696,100.00
13809,24645,100.00
13810,23539,100.00
13811,27894,0.00
13812,23361,100.00
13813,41939,100.00
13814,37821,100.00
13815,26509,100.00
13816,39394,0.00
13817,57558,100.00
13818,21848,0.00
13819,23781,100.00
13820,24229,100.00
13821,24225,100.00
13822,22420,0.00
13823,36989,100.00
13824,28040,100.00
13825,23887,100.00
13826,23807,100.00
13827,39708,0.00
13828,35918,100.00
13829,20865,100.00
13830,19226,100.00
13831,24382,100.00
13832,23513,0.00
13833,41264,100.00
13834,49938,100.00
13835,21951,0.00
13836,25139,100.00
13837,37737,100.00
13838,30362,100.00
13839,27221,100.00
13840,24900,0.00
13841,23455,100.00
13842,29979,100.00
13843,24326,100.00
13844,23590,0.00
13845,22327,100.00
13846,23996,100.00
13847,25940,100.00
13848,35333,0.00
13849,27419,100.00
13850,27975,100.00
13851,35847,50.00
13852,22389,0.00
13853,32318,100.00
13854,34147,100.00
13855,33278,100.00
13856,28199,0.00
13857,33702,100.00
13858,30743,100.00
13859,31516,100.00
13860,27948,100.00
13861,39789,0.00
13862,66051,100.00
13863,27651,0.00
13864,45145,0.00
13865,31769,100.00
13866,26439,100.00
13867,25960,100.00
13868,35337,100.00
13869,34627,0.00
13870,20967,100.00
13871,23301,100.00
13872,26854,100.00
13873,23678,100.00
13874,45237,0.00
13875,41346,100.00
13876,36865,100.00
13877,32663,100.00
13878,29993,100.00
13879,51741,0.00
13880,26239,100.00
13881,25779,100.00
13882,26349,100.00
13883,21573,100.00
13884,41110,0.00
13885,30279,100.00
13886,25957,100.00
13887,23154,100.00
13888,30429,100.00
13889,35859,0.00
13890,25350,100.00
13891,24899,100.00
13892,24541,100.00
13893,24070,100.00
13894,39136,0.00
13895,40061,100.00
13896,41557,0.00
13897,53817,100.00
13898,19458,0.00
13899,32576,100.00
13900,23996,0.00
13901,23982,100.00
13902,25381,100.00
13903,23603,100.00
13904,34721,100.00
13905,32020,0.00
13906,25543,100.00
13907,20013,100.00
13908,33174,50.00
13909,30980,100.00
13910,50346,0.00
13911,31505,100.00
13912,24235,100.00
13913,29857,0.00
13914,45146,100.00
13915,22020,0.00
13916,32238,100.00
13917,26136,100.00
13918,29975,0.00
13919,28559,100.00
13920,28706,100.00
13921,29411,100.00
13922,24418,100.00
13923,23144,0.00
13924,27266,100.00
13925,37416,100.00
13926,33514,0.00
13927,27116,100.00
13928,24252,100.00
13929,35116,100.00
13930,37441,0.00
13931,27107,100.00
13932,18166,0.00
13933,23491,100.00
13934,24575,0.00
13935,33861,100.00
13936,35855,100.00
13937,28206,100.00
13938,23600,100.00
13939,37720,0.00
13940,30126,100.00
13941,24208,50.00
13942,41100,0.00
13943,28450,100.00
13944,24344,100.00
13945,32693,0.00
13946,29906,100.00
13947,23418,100.00
13948,22434,100.00
13949,28468,100.00
13950,31403,0.00
13951,23325,100.00
13952,20308,100.00
13953,23174,100.00
13954,23991,100.00
13955,35419,0.00
13956,36504,100.00
13957,30455,100.00
13958,26272,0.00
13959,44957,100.00
13960,41255,100.00
13961,20057,0.00
13962,23467,100.00
13963,26926,100.00
13964,25756,100.00
13965,34875,100.00
13966,33028,0.00
13967,26242,100.00
13968,24690,100.00
13969,18807,50.00
13970,45229,100.00
13971,33939,0.00
13972,25464,100.00
13973,21760,100.00
13974,23773,100.00
13975,24358,100.00
13976,45413,0.00
13977,35367,100.00
13978,26827,100.00
13979,28041,0.00
13980,36974,100.00
13981,27554,100.00
13982,28166,100.00
13983,25700,100.00
13984,23321,0.00
13985,34130,100.00
13986,27967,100.00
13987,39678,0.00
13988,27522,100.00
13989,25488,100.00
13990,33043,100.00
13991,32699,100.00
13992,27583,0.00
13993,25438,50.00
13994,32474,100.00
13995,22592,0.00
13996,34858,100.00
13997,33163,100.00
13998,33197,100.00
13999,27885,100.00
14000,70155,0.00
14001,31702,100.00
14002,32142,100.00
14003,27774,100.00
14004,24061,100.00
14005,52246,0.00
14006,27693,100.00
14007,33022,100.00
14008,29368,0.00
14009,24130,100.00
14010,24238,100.00
14011,29764,100.00
14012,28998,100.00
14013,20267,0.00
14014,22176,100.00
14015,24871,100.00
14016,22502,100.00
14017,36832,100.00
14018,35991,0.00
14019,24993,100.00
14020,30310,100.00
14021,26424,100.00
14022,35293,0.00
14023,26083,100.00
14024,25338,0.00
14025,24703,100.00
14026,22610,100.00
14027,31677,100.00
14028,27055,100.00
14029,24096,0.00
14030,22320,100.00
14031,28225,100.00
14032,28400,100.00
14033,21221,100.00
14034,19635,0.00
14035,23207,100.00
14036,23900,100.00
14037,35113,100.00
14038,35931,100.00
14039,45015,0.00
14040,59370,100.00
14041,23400,0.00
14042,31226,100.00
14043,23982,100.00
14044,23678,100.00
14045,27404,0.00
14046,23263,100.00
14047,29692,100.00
14048,29482,100.00
14049,23957,100.00
14050,20060,0.00
14051,33576,50.00
14052,26816,100.00
14053,23549,100.00
14054,27680,100.00
14055,23629,0.00
14056,25208,100.00
14057,30221,100.00
14058,48340,100.00
14059,20851,0.00
14060,25221,0.00
14061,33494,100.00
14062,27156,100.00
14063,27322,100.00
14064,26033,100.00
14065,23616,0.00
14066,19693,100.00
14067,25956,100.00
14068,29447,0.00
14069,29692,100.00
14070,25057,100.00
14071,20372,100.00
14072,31579,100.00
14073,33321,0.00
14074,28258,100.00
14075,20668,0.00
14076,24678,0.00
14077,23821,100.00
14078,35156,100.00
14079,34905,100.00
14080,25415,100.00
14081,22796,0.00
14082,36575,100.00
14083,30471,100.00
14084,27459,0.00
14085,31941,100.00
14086,27355,100.00
14087,22390,0.00
14088,32099,100.00
14089,29493,100.00
14090,24333,100.00
14091,23152,100.00
14092,28401,0.00
14093,28024,100.00
14094,20816,100.00
14095,22688,100.00
14096,25166,100.00
14097,23603,0.00
14098,37969,100.00
14099,38986,100.00
14100,28775,100.00
14101,26829,0.00
14102,51384,50.00
14103,17837,0.00
14104,20831,100.00
14105,23219,100.00
14106,24863,100.00
14107,21611,100.00
14108,34519,0.00
14109,28096,100.00
14110,24972,100.00
14111,24238,100.00
14112,30490,100.00
14113,37160,0.00
14114,21193,100.00
14115,20691,100.00
14116,24317,100.00
14117,24535,100.00
14118,38339,0.00
14119,32385,100.00
14120,31320,100.00
14121,24106,0.00
14122,35969,100.00
14123,28424,100.00
14124,25720,100.00
14125,24309,100.00
14126,24522,0.00
14127,22547,100.00
14128,39728,100.00
14129,29959,100.00
14130,27032,0.00
14131,29960,100.00
14132,37957,100.00
14133,31374,100.00
14134,20795,0.00
14135,19687,100.00
14136,32762,50.00
14137,25048,0.00
14138,24180,100.00
14139,36914,100.00
14140,34843,100.00
14141,27783,100.00
14142,33476,0.00
14143,28190,100.00
14144,23190,100.00
14145,24872,100.00
14146,23937,100.00
14147,24443,0.00
14148,24567,0.00
14149,32176,100.00
14150,27339,100.00
14151,25644,100.00
14152,21183,100.00
14153,31286,0.00
14154,32646,100.00
14155,20901,100.00
14156,21843,100.00
14157,22903,100.00
14158,23174,0.00
14159,36164,100.00
14160,34044,100.00
14161,24459,100.00
14162,30564,100.00
14163,27183,0.00
14164,25100,100.00
14165,45620,0.00
14166,39293,100.00
14167,33713,100.00
14168,25751,100.00
14169,37392,0.00
14170,30171,100.00
14171,26138,100.00
14172,26323,100.00
14173,26000,100.00
14174,34978,0.00
14175,24728,100.00
14176,19751,100.00
14177,23448,100.00
14178,23632,100.00
14179,37897,0.00
14180,35192,100.00
14181,27334,100.00
14182,30910,0.00
14183,33241,100.00
14184,44184,100.00
14185,20175,0.00
14186,22210,100.00
14187,25006,0.00
14188,23871,100.00
14189,34251,100.00
14190,29233,100.00
14191,26572,100.00
14192,24202,0.00
14193,30429,50.00
14194,28012,100.00
14195,24882,0.00
14196,21965,100.00
14197,23941,100.00
14198,24530,100.00
14199,29879,0.00
14200,59805,100.00
14201,21799,0.00
14202,23475,100.00
14203,41077,0.00
14204,31282,100.00
14205,29419,100.00
14206,27658,100.00
14207,24594,100.00
14208,21646,0.00
14209,17857,100.00
14210,34531,100.00
14211,29229,0.00
14212,26155,100.00
14213,22615,100.00
14214,40743,100.00
14215,36851,100.00
14216,25166,0.00
14217,27922,100.00
14218,22198,0.00
14219,25204,100.00
14220,40517,100.00
14221,38388,0.00
14222,27766,100.00
14223,24962,100.00
14224,39138,100.00
14225,33095,100.00
14226,24129,0.00
14227,32802,0.00
14228,38072,100.00
14229,18213,0.00
14230,39242,100.00
14231,34107,100.00
14232,32502,0.00
14233,27849,100.00
14234,25464,100.00
14235,42272,100.00
14236,35833,100.00
14237,32733,0.00
14238,26178,100.00
14239,26488,100.00
14240,27651,100.00
14241,45119,100.00
14242,45528,0.00
14243,28122,100.00
14244,41685,100.00
14245,62041,50.00
14246,18720,0.00
14247,20695,100.00
14248,24603,100.00
14249,24814,100.00
14250,23462,0.00
14251,48664,100.00
14252,34640,100.00
14253,25941,100.00
14254,23329,100.00
14255,38519,0.00
14256,34901,100.00
14257,22510,100.00
14258,21577,100.00
14259,29255,0.00
14260,24754,100.00
14261,41999,0.00
14262,39374,100.00
14263,34131,100.00
14264,25818,100.00
14265,40380,100.00
14266,29898,0.00
14267,25077,100.00
14268,24431,100.00
14269,24236,100.00
14270,23326,100.00
14271,41217,0.00
14272,30340,100.00
14273,26046,100.00
14274,27372,0.00
14275,42950,100.00
14276,35467,100.00
14277,21536,100.00
14278,23736,100.00
14279,30092,50.00
14280,21661,0.00
14281,30874,100.00
14282,38436,100.00
14283,32490,100.00
14284,26353,0.00
14285,37788,100.00
14286,33259,100.00
14287,25528,100.00
14288,25636,100.00
14289,24958,0.00
14290,19308,100.00
14291,23369,100.00
14292,31757,0.00
14293,37305,100.00
14294,30358,100.00
14295,22197,0.00
14296,32696,100.00
14297,33224,100.00
14298,20656,100.00
14299,22932,100.00
14300,25571,0.00
14301,23297,100.00
14302,57885,100.00
14303,41668,100.00
14304,29372,100.00
14305,32571,0.00
14306,28296,100.00
14307,27215,100.00
14308,51118,0.00
14309,64847,100.00
14310,25143,0.00
14311,27943,0.00
14312,46544,100.00
14313,31107,100.00
14314,27419,100.00
14315,22671,100.00
14316,36977,0.00
14317,33638,100.00
14318,21741,100.00
14319,22137,100.00
14320,24108,100.00
14321,24006,0.00
14322,39447,100.00
14323,36998,100.00
14324,26390,0.00
14325,33442,100.00
14326,39223,100.00
14327,32427,100.00
14328,22141,100.00
14329,24077,0.00
14330,25533,100.00
14331,21618,100.00
14332,35578,100.00
14333,31314,100.00
14334,28240,0.00
14335,25170,100.00
14336,39201,50.00
14337,32324,0.00
14338,18932,100.00
14339,19802,100.00
14340,24018,100.00
14341,26512,100.00
14342,37563,0.00
14343,59525,100.00
14344,22805,0.00
14345,24120,0.00
14346,50888,100.00
14347,32863,100.00
14348,28722,100.00
14349,23618,100.00
14350,25213,0.00
14351,27988,100.00
14352,37233,100.00
14353,34428,0.00
14354,28364,100.00
14355,25181,100.00
14356,21806,100.00
14357,40932,100.00
14358,33463,0.00
14359,28327,50.00
14360,31043,100.00
14361,22089,0.00
14362,22814,100.00
14363,38955,0.00
14364,37584,100.00
14365,28973,100.00
14366,25954,100.00
14367,32773,100.00
14368,32246,0.00
14369,24952,100.00
14370,37843,0.00
14371,46855,100.00
14372,17664,0.00
14373,36499,100.00
14374,31583,0.00
14375,25594,100.00
14376,22213,100.00
14377,33697,100.00
14378,31436,100.00
14379,20287,0.00
14380,19480,100.00
14381,22723,100.00
14382,23752,100.00
14383,35964,100.00
14384,35850,0.00
14385,33871,100.00
14386,29051,100.00
14387,29039,0.00
14388,30303,50.00
14389,27519,100.00
14390,20604,0.00
14391,24654,100.00
14392,20951,100.00
14393,33536,100.00
14394,29501,100.00
14395,26254,0.00
14396,24288,100.00
14397,32979,100.00
14398,32486,100.00
14399,21615,100.00
14400,20849,0.00
14401,24321,100.00
14402,23710,100.00
14403,31711,0.00
14404,42667,100.00
14405,47491,100.00
14406,18963,0.00
14407,48954,100.00
14408,30520,0.00
14409,21625,100.00
14410,24296,100.00
14411,24575,100.00
14412,21041,100.00
14413,34304,0.00
14414,26404,100.00
14415,27041,100.00
14416,22914,0.00
14417,33909,50.00
14418,29151,100.00
14419,19885,100.00
14420,19570,100.00
14421,30886,0.00
14422,27778,100.00
14423,22164,0.00
14424,35296,0.00
14425,39689,100.00
14426,29384,100.00
14427,37224,100.00
14428,28202,100.00
14429,24979,0.00
14430,23896,100.00
14431,25089,100.00
14432,21075,100.00
14433,22185,0.00
14434,33207,100.00
14435,31261,100.00
14436,27555,0.00
14437,22691,50.00
14438,25205,0.00
14439,40535,100.00
14440,31482,100.00
14441,25976,0.00
14442,25983,100.00
14443,20205,100.00
14444,43642,100.00
14445,39797,100.00
14446,29787,0.00
14447,25647,100.00
14448,34792,100.00
14449,29590,100.00
14450,30838,100.00
14451,26358,0.00
14452,24361,100.00
14453,33666,100.00
14454,32199,100.00
14455,24691,100.00
14456,23243,0.00
14457,25072,100.00
14458,32847,100.00
14459,30094,100.00
14460,20744,100.00
14461,23556,0.00
14462,24154,100.00
14463,33477,100.00
14464,35393,100.00
14465,33561,100.00
14466,40841,0.00
14467,30758,0.00
14468,61086,100.00
14469,21251,0.00
14470,23426,100.00
14471,26688,100.00
14472,25841,0.00
14473,24478,100.00
14474,38595,100.00
14475,29716,100.00
14476,25797,100.00
14477,25649,0.00
14478,36469,100.00
14479,34114,100.00
14480,22780,100.00
14481,19307,100.00
14482,21247,0.00
14483,25264,100.00
14484,27813,100.00
14485,40179,0.00
14486,27421,100.00
14487,35630,100.00
14488,30799,100.00
14489,26367,100.00
14490,29500,0.00
14491,24396,100.00
14492,22891,100.00
14493,28852,100.00
14494,28782,100.00
14495,29782,100.00
14496,20258,0.00
14497,23810,100.00
14498,25220,100.00
14499,33676,100.00
14500,23957,0.00
14501,18823,50.00
14502,23433,100.00
14503,23890,0.00
14504,33432,100.00
14505,33017,100.00
14506,28681,100.00
14507,25900,100.00
14508,30209,0.00
14509,30543,100.00
14510,32244,100.00
14511,26529,100.00
14512,28083,100.00
14513,45651,0.00
14514,49524,100.00
14515,21270,0.00
14516,21929,100.00
14517,23371,100.00
14518,25503,0.00
14519,37765,100.00
14520,31004,100.00
14521,21550,100.00
14522,22284,100.00
14523,22137,0.00
14524,26902,100.00
14525,35543,100.00
14526,39521,100.00
14527,27802,100.00
14528,35430,0.00
14529,34024,50.00
14530,31860,100.00
14531,20915,0.00
14532,25022,100.00
14533,24220,100.00
14534,29604,100.00
14535,27341,100.00
14536,25570,0.00
14537,24072,100.00
14538,25491,100.00
14539,30172,100.00
14540,26930,100.00
14541,20176,0.00
14542,21153,100.00
14543,21680,100.00
14544,21987,100.00
14545,33447,100.00
14546,37643,0.00
14547,32174,100.00
14548,36640,100.00
14549,21031,0.00
14550,27678,100.00
14551,24676,100.00
14552,23922,100.00
14553,23522,100.00
14554,20117,0.00
14555,35529,100.00
14556,29417,100.00
14557,24446,100.00
14558,29609,0.00
14559,41296,100.00
14560,32066,100.00
14561,21738,100.00
14562,18673,0.00
14563,18435,100.00
14564,23076,100.00
14565,32578,100.00
14566,32020,100.00
14567,29496,0.00
14568,22066,100.00
14569,31725,100.00
14570,30320,100.00
14571,26227,100.00
14572,23751,0.00
14573,23848,100.00
14574,22056,100.00
14575,45647,100.00
14576,21784,0.00
14577,23174,100.00
14578,24970,100.00
14579,30867,100.00
14580,36110,0.00
14581,35094,50.00
14582,21606,100.00
14583,20803,0.00
14584,22320,100.00
14585,31000,100.00
14586,32045,100.00
14587,33723,100.00
14588,28567,0.00
14589,31628,100.00
14590,28010,100.00
14591,32217,100.00
14592,20728,0.00
14593,32770,100.00
14594,19415,0.00
14595,30580,100.00
14596,29918,0.00
14597,25462,100.00
14598,24399,100.00
14599,23278,100.00
14600,36174,100.00
14601,28903,0.00
14602,22650,100.00
14603,23410,100.00
14604,24452,100.00
14605,31361,100.00
14606,34168,0.00
14607,32816,100.00
14608,26382,100.00
14609,70693,0.00
14610,68112,100.00
14611,23292,0.00
14612,24406,100.00
14613,25820,100.00
14614,23408,0.00
14615,36273,100.00
14616,28555,100.00
14617,27164,100.00
14618,27634,100.00
14619,25513,0.00
14620,44526,100.00
14621,34174,100.00
14622,22247,100.00
14623,26631,100.00
14624,23853,0.00
14625,24624,100.00
14626,32923,100.00
14627,44286,0.00
14628,29849,100.00
14629,25744,100.00
14630,41547,100.00
14631,32950,100.00
14632,28783,0.00
14633,24272,100.00
14634,23590,100.00
14635,34622,100.00
14636,36371,100.00
14637,28684,0.00
14638,31840,100.00
14639,21980,0.00
14640,36398,100.00
14641,42721,100.00
14642,22345,0.00
14643,22187,50.00
14644,32008,100.00
14645,24504,0.00
14646,41658,100.00
14647,40138,100.00
14648,30982,100.00
14649,26978,100.00
14650,35835,0.00
14651,30806,100.00
14652,26781,100.00
14653,28391,100.00
14654,32468,100.00
14655,44109,0.00
14656,52437,100.00
14657,22312,0.00
14658,27879,100.00
14659,25703,100.00
14660,23977,0.00
14661,48818,100.00
14662,37855,100.00
14663,24872,100.00
14664,24177,100.00
14665,23495,0.00
14666,34445,100.00
14667,36005,100.00
14668,36222,100.00
14669,24851,100.00
14670,32462,0.00
14671,31248,100.00
14672,49719,50.00
14673,21510,0.00
14674,22528,100.00
14675,20734,100.00
14676,33399,100.00
14677,30289,100.00
14678,29258,0.00
14679,26581,100.00
14680,23933,100.00
14681,38724,100.00
14682,30962,100.00
14683,28867,0.00
14684,22450,100.00
14685,21858,100.00
14686,24964,100.00
14687,42281,100.00
14688,39267,0.00
14689,53821,100.00
14690,21731,0.00
14691,47786,100.00
14692,34417,100.00
14693,24364,100.00
14694,22718,0.00
14695,21869,100.00
14696,29425,100.00
14697,25568,100.00
14698,31617,100.00
14699,24163,0.00
14700,30818,50.00
14701,39108,100.00
14702,33334,0.00
14703,24855,100.00
14704,22375,100.00
14705,21001,100.00
14706,23702,0.00
14707,39714,100.00
14708,37502,100.00
14709,28581,100.00
14710,23883,0.00
14711,40833,100.00
14712,30813,100.00
14713,29066,100.00
14714,25729,100.00
14715,24474,0.00
14716,29677,100.00
14717,54591,100.00
14718,19864,0.00
14719,23029,100.00
14720,25414,100.00
14721,43713,100.00
14722,38451,100.00
14723,31271,0.00
14724,20561,100.00
14725,24350,100.00
14726,23088,0.00
14727,32758,100.00
14728,36287,100.00
14729,39228,100.00
14730,28374,100.00
14731,36652,0.00
14732,34716,100.00
14733,31008,100.00
14734,21025,100.00
14735,35286,100.00
14736,18390,0.00
14737,38651,100.00
14738,32363,100.00
14739,24252,100.00
14740,24687,100.00
14741,24085,0.00
14742,35616,100.00
14743,29939,100.00
14744,22285,100.00
14745,22561,100.00
14746,22717,0.00
14747,25727,100.00
14748,35849,100.00
14749,32241,100.00
14750,23619,100.00
14751,31099,0.00
14752,51953,100.00
14753,20732,0.00
14754,22407,100.00
14755,22959,100.00
14756,21590,100.00
14757,31014,0.00
14758,27931,100.00
14759,30039,100.00
14760,25352,100.00
14761,24709,100.00
14762,40587,0.00
14763,45372,100.00
14764,21657,0.00
14765,21623,0.00
14766,21396,100.00
14767,18563,100.00
14768,39710,100.00
14769,36321,100.00
14770,25677,0.00
14771,25525,100.00
14772,36971,100.00
14773,29031,100.00
14774,24582,100.00
14775,22729,0.00
14776,21388,100.00
14777,31979,100.00
14778,30580,100.00
14779,30916,100.00
14780,27726,0.00
14781,43083,100.00
14782,21982,0.00
14783,32713,100.00
14784,22672,100.00
14785,17656,0.00
14786,25991,100.00
14787,23487,100.00
14788,37294,0.00
14789,37235,100.00
14790,26722,100.00
14791,24318,100.00
14792,38823,100.00
14793,33056,0.00
14794,26090,100.00
14795,24390,100.00
14796,20584,100.00
14797,47907,100.00
14798,38533,0.00
14799,29474,100.00
14800,28558,100.00
14801,24778,100.00
14802,23631,100.00
14803,38570,0.00
14804,29855,100.00
14805,22676,100.00
14806,22391,100.00
14807,23278,100.00
14808,31901,0.00
14809,40424,100.00
14810,34710,100.00
14811,26265,100.00
14812,37982,100.00
14813,32377,0.00
14814,28757,0.00
14815,59132,100.00
14816,20855,0.00
14817,22459,100.00
14818,31927,100.00
14819,28128,0.00
14820,26510,100.00
14821,25249,100.00
14822,24779,100.00
14823,40134,100.00
14824,33358,0.00
14825,24337,100.00
14826,22958,100.00
14827,21851,100.00
14828,21466,100.00
14829,43891,0.00
14830,39284,100.00
14831,32878,100.00
14832,28068,0.00
14833,38446,100.00
14834,31475,100.00
14835,26813,100.00
14836,21973,100.00
14837,22116,0.00
14838,25718,100.00
14839,28058,100.00
14840,30960,100.00
14841,26805,100.00
14842,33770,0.00
14843,53646,100.00
14844,19258,0.00
14845,20513,0.00
14846,23309,100.00
14847,21107,100.00
14848,22455,0.00
14849,48359,100.00
14850,41023,100.00
14851,26234,100.00
14852,24091,100.00
14853,40852,0.00
14854,30863,100.00
14855,26551,100.00
14856,23793,100.00
14857,21641,100.00
14858,28225,0.00
14859,61020,100.00
14860,22679,0.00
14861,24448,0.00
14862,24283,100.00
14863,50489,100.00
14864,33372,100.00
14865,23305,50.00
14866,20300,0.00
14867,24153,100.00
14868,21762,100.00
14869,43138,100.00
14870,40539,100.00
14871,26386,0.00
14872,23583,100.00
14873,38457,100.00
14874,32841,100.00
14875,33045,0.00
14876,37772,100.00
14877,21245,0.00
14878,30290,100.00
14879,27874,100.00
14880,27333,100.00
14881,26383,100.00
14882,25678,0.00
14883,34180,100.00
14884,34119,100.00
14885,21730,100.00
14886,22610,100.00
14887,22478,0.00
14888,22743,100.00
14889,40553,100.00
14890,39907,100.00
14891,26528,100.00
14892,23222,0.00
14893,64713,66.67
14894,21632,0.00
14895,21551,0.00
14896,23925,100.00
14897,24349,100.00
14898,21474,100.00
14899,47273,100.00
14900,32458,0.00
14901,26554,100.00
14902,24173,100.00
14903,33201,100.00
14904,34287,100.00
14905,22894,0.00
14906,19453,100.00
14907,28575,100.00
14908,22944,0.00
14909,28543,100.00
14910,39139,100.00
14911,39043,0.00
14912,23993,100.00
14913,38910,100.00
14914,32777,100.00
14915,26247,100.00
14916,23904,0.00
14917,25640,100.00
14918,20372,100.00
14919,32663,100.00
14920,24985,100.00
14921,24470,0.00
14922,32690,100.00
14923,33884,100.00
14924,30483,0.00
14925,21118,100.00
14926,18031,100.00
14927,19805,0.00
14928,24110,100.00
14929,29745,100.00
14930,44028,100.00
14931,34486,100.00
14932,27468,0.00
14933,31963,100.00
14934,29716,100.00
14935,24771,100.00
14936,23676,100.00
14937,23922,0.00
14938,25643,100.00
14939,25111,100.00
14940,50220,100.00
14941,20118,0.00
14942,25358,50.00
14943,33607,100.00
14944,21828,0.00
14945,41704,100.00
14946,29031,0.00
14947,25007,100.00
14948,25780,100.00
14949,32899,100.00
14950,31718,100.00
14951,32588,0.00
14952,26661,100.00
14953,21570,100.00
14954,34751,100.00
14955,34206,100.00
14956,35655,100.00
14957,20427,0.00
14958,23143,100.00
14959,33538,100.00
14960,29753,100.00
14961,21801,0.00
14962,22863,100.00
14963,26642,100.00
14964,36442,100.00
14965,31322,100.00
14966,21446,0.00
14967,24028,100.00
14968,22499,100.00
14969,30725,100.00
14970,32985,100.00
14971,36810,0.00
14972,36527,100.00
14973,25788,50.00
14974,53991,100.00
14975,21442,0.00
14976,23306,0.00
14977,25515,100.00
14978,25092,100.00
14979,39251,100.00
14980,31873,100.00
14981,28749,0.00
14982,24014,100.00
14983,36158,100.00
14984,55292,100.00
14985,19358,0.00
14986,18859,100.00
14987,22084,100.00
14988,20839,100.00
14989,22501,0.00
14990,48446,100.00
14991,42136,100.00
14992,26423,0.00
14993,22811,100.00
14994,41271,100.00
14995,30408,100.00
14996,26678,100.00
14997,25483,0.00
14998,23051,100.00
14999,32861,100.00
15000,51916,100.00
