sample,work_ns,cpu_utilization
1,28204,100.00
2,32905,50.00
3,18403,0.00
4,20803,100.00
5,23803,100.00
6,22479,0.00
7,44519,100.00
8,35357,100.00
9,27723,100.00
10,40724,100.00
11,30536,0.00
12,25036,100.00
13,27869,100.00
14,23619,100.00
15,25976,100.00
16,45954,0.00
17,45531,0.00
18,43022,100.00
19,20832,0.00
20,20724,100.00
21,33295,100.00
22,26948,0.00
23,24105,100.00
24,24502,100.00
25,31171,100.00
26,29874,100.00
27,24924,0.00
28,19016,100.00
29,36670,50.00
30,28116,0.00
31,39144,0.00
32,28389,100.00
33,21959,0.00
34,33419,0.00
35,23056,100.00
36,28263,0.00
37,25979,0.00
38,55703,66.67
39,19356,0.00
40,22511,100.00
41,22536,100.00
42,25622,0.00
43,22600,100.00
44,41401,100.00
45,33988,100.00
46,28083,0.00
47,18331,100.00
48,26166,0.00
49,17676,0.00
50,25896,100.00
51,30627,100.00
52,37584,0.00
53,30275,0.00
54,32468,50.00
55,34006,100.00
56,19713,0.00
57,25952,100.00
58,43762,100.00
59,36059,100.00
60,33929,100.00
61,36701,0.00
62,29068,100.00
63,20684,100.00
64,19078,0.00
65,17738,0.00
66,33367,100.00
67,23530,0.00
68,47661,50.00
69,44907,0.00
70,24201,0.00
71,21610,100.00
72,32326,100.00
73,21470,0.00
74,40790,100.00
75,34866,100.00
76,20910,100.00
77,23362,0.00
78,22099,100.00
79,31151,100.00
80,31810,100.00
81,29329,100.00
82,27318,0.00
83,20203,100.00
84,15677,0.00
85,17635,100.00
86,39183,0.00
87,43168,0.00
88,43503,0.00
89,37912,0.00
90,25345,50.00
91,49312,100.00
92,16952,0.00
93,28396,100.00
94,24446,100.00
95,27695,100.00
96,25430,100.00
97,38720,0.00
98,22591,100.00
99,21819,100.00
100,26252,100.00
101,25525,100.00
102,33861,0.00
103,23542,0.00
104,21274,50.00
105,23506,0.00
106,38650,0.00
107,38127,100.00
108,34526,0.00
109,31817,0.00
110,35135,50.00
111,35725,100.00
112,21162,0.00
113,23970,100.00
114,31896,100.00
115,28153,100.00
116,31741,100.00
117,28057,0.00
118,24923,100.00
119,37572,100.00
120,31130,100.00
121,27762,0.00
122,17866,50.00
123,19606,0.00
124,29085,0.00
125,34638,50.00
126,28014,0.00
127,21453,50.00
128,24972,0.00
129,40647,100.00
130,19795,0.00
131,44212,0.00
132,32952,100.00
133,23776,100.00
134,20866,100.00
135,26441,0.00
136,26663,100.00
137,30025,0.00
138,26971,100.00
139,28730,0.00
140,23197,100.00
141,23999,0.00
142,39615,100.00
143,21133,0.00
144,34257,0.00
145,21613,100.00
146,21591,100.00
147,26455,100.00
148,22601,100.00
149,36947,0.00
150,35184,100.00
151,27757,100.00
152,33853,100.00
153,29245,100.00
154,31007,0.00
155,22067,0.00
156,22941,100.00
157,45246,0.00
158,50626,0.00
159,66656,0.00
160,34248,100.00
161,33419,0.00
162,35483,100.00
163,18069,0.00
164,21903,0.00
165,25171,100.00
166,23790,100.00
167,47704,100.00
168,25926,100.00
169,25947,0.00
170,24942,100.00
171,34135,100.00
172,31351,100.00
173,23723,0.00
174,17349,100.00
175,15487,0.00
176,20343,0.00
177,39826,0.00
178,49971,100.00
179,27205,0.00
180,43876,100.00
181,28598,0.00
182,30512,100.00
183,20307,0.00
184,35858,100.00
185,31289,100.00
186,20600,0.00
187,24347,100.00
188,25771,100.00
189,35210,100.00
190,27966,100.00
191,23891,0.00
192,24481,100.00
193,22270,100.00
194,40042,0.00
195,16626,0.00
196,19820,0.00
197,48869,50.00
198,23605,0.00
199,26865,50.00
200,25856,0.00
201,54908,100.00
202,19506,0.00
203,35581,0.00
204,22837,100.00
205,24889,100.00
206,22002,100.00
207,44431,100.00
208,30460,0.00
209,25304,100.00
210,22592,50.00
211,17369,0.00
212,14381,0.00
213,13622,50.00
214,26986,100.00
215,42492,0.00
216,36840,0.00
217,23569,100.00
218,26511,0.00
219,36069,100.00
220,20926,0.00
221,43192,100.00
222,34969,0.00
223,35086,100.00
224,28376,100.00
225,30897,100.00
226,23344,100.00
227,23175,0.00
228,21659,0.00
229,23609,100.00
230,20369,0.00
231,31422,100.00
232,21009,0.00
233,20922,0.00
234,20850,50.00
235,25334,100.00
236,39756,100.00
237,21112,0.00
238,27079,100.00
239,22038,100.00
240,23509,100.00
241,39012,0.00
242,28029,100.00
243,42176,100.00
244,40444,100.00
245,28229,100.00
246,23689,0.00
247,16666,0.00
248,17956,100.00
249,19351,0.00
250,36052,0.00
251,49578,50.00
252,36260,0.00
253,23314,0.00
254,22184,50.00
255,57617,100.00
256,18776,0.00
257,22290,100.00
258,25583,100.00
259,25804,100.00
260,49927,100.00
261,46041,0.00
262,24334,100.00
263,23902,100.00
264,45941,100.00
265,36943,100.00
266,31774,0.00
267,17315,0.00
268,19655,100.00
269,17184,0.00
270,46893,50.00
271,35300,0.00
272,29143,0.00
273,46943,100.00
274,30467,50.00
275,19845,0.00
276,21730,100.00
277,25035,100.00
278,38232,100.00
279,29293,100.00
280,24843,0.00
281,25462,100.00
282,40403,100.00
283,36582,100.00
284,21768,100.00
285,16718,0.00
286,17644,0.00
287,27690,50.00
288,28343,0.00
289,31992,50.00
290,24681,0.00
291,22377,0.00
292,26780,50.00
293,23182,0.00
294,60993,100.00
295,21338,0.00
296,22577,100.00
297,20994,0.00
298,24146,50.00
299,18332,0.00
300,33166,100.00
301,26862,0.00
302,20183,100.00
303,28630,50.00
304,23202,0.00
305,25925,0.00
306,61073,66.67
307,19641,0.00
308,19768,100.00
309,21352,100.00
310,21336,0.00
311,23221,100.00
312,39073,100.00
313,36642,100.00
314,32985,100.00
315,33431,0.00
316,33497,100.00
317,32056,100.00
318,21003,0.00
319,17896,0.00
320,30030,100.00
321,38907,0.00
322,65250,0.00
323,34059,50.00
324,31958,0.00
325,26640,0.00
326,33842,100.00
327,20345,0.00
328,27416,100.00
329,25916,100.00
330,46825,0.00
331,23850,100.00
332,21702,100.00
333,25329,100.00
334,24369,100.00
335,43415,0.00
336,38019,100.00
337,23826,100.00
338,21423,0.00
339,16831,0.00
340,18648,50.00
341,31580,0.00
342,57835,0.00
343,43906,0.00
344,37781,100.00
345,27007,0.00
346,38655,66.67
347,16996,0.00
348,26495,0.00
349,23293,100.00
350,22634,100.00
351,24490,100.00
352,31084,100.00
353,29847,0.00
354,21002,100.00
355,23614,100.00
356,20179,0.00
357,27066,100.00
358,24105,0.00
359,17957,50.00
360,30579,0.00
361,40560,0.00
362,29774,0.00
363,27007,50.00
364,32125,0.00
365,55706,100.00
366,20505,0.00
367,24334,100.00
368,24898,0.00
369,21688,100.00
370,44464,100.00
371,28737,100.00
372,26221,100.00
373,27157,0.00
374,40739,100.00
375,28738,100.00
376,13940,0.00
377,15114,0.00
378,22166,100.00
379,33062,0.00
380,46501,100.00
381,25498,0.00
382,25151,0.00
383,21839,50.00
384,34585,100.00
385,20035,0.00
386,31314,100.00
387,29962,100.00
388,28242,100.00
389,26037,100.00
390,25034,0.00
391,27672,0.00
392,23369,100.00
393,23759,100.00
394,31439,0.00
395,20615,0.00
396,20416,100.00
397,31961,100.00
398,21350,0.00
399,27845,100.00
400,31707,100.00
401,23721,100.00
402,22703,100.00
403,26652,0.00
404,34016,100.00
405,34004,100.00
406,30150,100.00
407,30959,100.00
408,22994,0.00
409,16662,0.00
410,21828,100.00
411,39932,0.00
412,53141,0.00
413,57690,100.00
414,54464,0.00
415,26269,0.00
416,61385,100.00
417,17712,0.00
418,27238,100.00
419,21038,100.00
420,23185,0.00
421,25508,100.00
422,37192,100.00
423,28424,100.00
424,23192,100.00
425,22855,0.00
426,25997,100.00
427,33123,100.00
428,24470,0.00
429,15878,100.00
430,15791,0.00
431,25842,0.00
432,48159,0.00
433,58378,100.00
434,35576,0.00
435,36709,0.00
436,52909,100.00
437,20488,0.00
438,26078,100.00
439,25151,100.00
440,43773,0.00
441,25739,100.00
442,24060,100.00
443,27163,100.00
444,24016,100.00
445,51271,0.00
446,37072,100.00
447,31990,100.00
448,26128,0.00
449,30053,0.00
450,29666,50.00
451,22063,0.00
452,45767,0.00
453,34970,100.00
454,36520,0.00
455,36675,0.00
456,59852,100.00
457,18674,0.00
458,25746,100.00
459,25396,100.00
460,27789,0.00
461,25215,100.00
462,30350,0.00
463,30881,100.00
464,28327,0.00
465,31226,100.00
466,24182,0.00
467,27266,100.00
468,46920,100.00
469,20593,0.00
470,27320,100.00
471,27331,100.00
472,23757,100.00
473,22867,0.00
474,35227,100.00
475,39590,100.00
476,36091,100.00
477,27545,100.00
478,34920,0.00
479,25988,100.00
480,21139,0.00
481,18936,100.00
482,25373,0.00
483,31034,0.00
484,40468,0.00
485,46675,0.00
486,33064,50.00
487,40316,0.00
488,34641,100.00
489,18406,0.00
490,25771,100.00
491,31551,0.00
492,34842,100.00
493,34207,100.00
494,24948,100.00
495,24134,100.00
496,25013,0.00
497,34904,100.00
498,29414,100.00
499,30045,100.00
500,23403,0.00
501,17547,50.00
502,16975,0.00
503,28600,0.00
504,35250,0.00
505,46767,0.00
506,39949,50.00
507,35047,0.00
508,40543,100.00
509,20813,0.00
510,37133,100.00
511,29209,0.00
512,21716,100.00
513,23006,100.00
514,25104,100.00
515,33008,100.00
516,33019,0.00
517,23723,100.00
518,25309,100.00
519,25445,100.00
520,28818,0.00
521,20217,50.00
522,15453,0.00
523,16941,0.00
524,52529,0.00
525,63715,50.00
526,55121,0.00
527,34267,50.00
528,45289,0.00
529,58664,100.00
530,19275,0.00
531,25042,0.00
532,25994,100.00
533,40441,100.00
534,30375,100.00
535,23903,100.00
536,23300,0.00
537,29454,100.00
538,39134,100.00
539,32381,0.00
540,13498,50.00
541,17632,0.00
542,24493,50.00
543,36240,0.00
544,51537,0.00
545,38750,0.00
546,27453,100.00
547,26452,0.00
548,47807,100.00
549,20263,0.00
550,35708,100.00
551,31848,0.00
552,26519,100.00
553,23594,100.00
554,26356,0.00
555,29831,50.00
556,31406,0.00
557,29508,100.00
558,23992,0.00
559,21546,0.00
560,20328,100.00
561,34564,100.00
562,21263,0.00
563,32857,100.00
564,27568,100.00
565,22357,100.00
566,23009,100.00
567,28771,0.00
568,28229,100.00
569,27905,100.00
570,28394,100.00
571,28707,100.00
572,19815,0.00
573,17869,0.00
574,16930,100.00
575,35806,0.00
576,46719,0.00
577,56254,0.00
578,41603,50.00
579,29650,0.00
580,56157,100.00
581,17386,0.00
582,20610,0.00
583,22634,100.00
584,26277,100.00
585,24981,100.00
586,50766,100.00
587,30606,0.00
588,28744,100.00
589,24734,100.00
590,41588,100.00
591,33371,100.00
592,24703,0.00
593,17853,0.00
594,16877,100.00
595,45059,0.00
596,56690,0.00
597,41133,100.00
598,33147,0.00
599,43302,0.00
600,40470,100.00
601,19334,0.00
602,26460,100.00
603,34958,100.00
604,30776,0.00
605,20467,100.00
606,23483,100.00
607,25439,100.00
608,34881,100.00
609,29899,0.00
610,23629,100.00
611,21989,100.00
612,20537,0.00
613,28511,50.00
614,15764,0.00
615,26164,0.00
616,64573,0.00
617,40423,100.00
618,28314,0.00
619,31024,0.00
620,52792,100.00
621,19230,0.00
622,25145,100.00
623,24386,100.00
624,26270,0.00
625,22497,100.00
626,28647,0.00
627,26804,100.00
628,24734,0.00
629,26904,100.00
630,21690,0.00
631,24518,100.00
632,41458,100.00
633,20755,0.00
634,23364,100.00
635,24254,100.00
636,24816,100.00
637,22285,0.00
638,32500,100.00
639,30713,100.00
640,25009,100.00
641,23672,100.00
642,37700,0.00
643,27541,100.00
644,22738,100.00
645,19594,0.00
646,26386,0.00
647,19627,50.00
648,39016,0.00
649,45926,0.00
650,30742,50.00
651,23704,0.00
652,21252,0.00
653,33498,100.00
654,20710,0.00
655,23871,100.00
656,32770,100.00
657,28528,0.00
658,23842,100.00
659,24082,100.00
660,29625,100.00
661,28582,100.00
662,32036,0.00
663,28244,100.00
664,22072,50.00
665,15282,0.00
666,17243,0.00
667,36151,0.00
668,47011,0.00
669,56288,100.00
670,54179,0.00
671,41410,100.00
672,53986,100.00
673,16801,0.00
674,24636,100.00
675,20839,100.00
676,24015,100.00
677,28642,0.00
678,25218,100.00
679,35175,100.00
680,25458,100.00
681,24646,100.00
682,23831,0.00
683,41907,100.00
684,26400,100.00
685,15509,0.00
686,16138,0.00
687,26503,0.00
688,36365,0.00
689,49621,50.00
690,39157,0.00
691,34809,50.00
692,53560,100.00
693,21169,0.00
694,23018,100.00
695,23597,100.00
696,44841,100.00
697,29918,0.00
698,21940,100.00
699,24643,100.00
700,24218,100.00
701,38573,100.00
702,27895,0.00
703,15920,0.00
704,17791,100.00
705,24158,0.00
706,34161,0.00
707,64467,100.00
708,33811,0.00
709,24610,0.00
710,36343,66.67
711,20675,0.00
712,24711,0.00
713,31532,100.00
714,29246,100.00
715,27317,100.00
716,23948,100.00
717,25055,0.00
718,29573,0.00
719,24636,50.00
720,32323,0.00
721,23088,100.00
722,22871,0.00
723,27349,100.00
724,20096,0.00
725,25661,100.00
726,32986,100.00
727,29238,100.00
728,25134,0.00
729,25547,100.00
730,35000,100.00
731,31341,100.00
732,25097,100.00
733,26207,0.00
734,26279,100.00
735,18606,100.00
736,25455,0.00
737,21473,0.00
738,38344,0.00
739,50884,0.00
740,67818,50.00
741,60172,0.00
742,26126,100.00
743,62471,100.00
744,17665,0.00
745,20176,100.00
746,20557,100.00
747,23229,100.00
748,25499,0.00
749,42442,100.00
750,29395,100.00
751,24206,100.00
752,26949,100.00
753,35329,0.00
754,31582,100.00
755,22294,100.00
756,19715,0.00
757,19768,0.00
758,28559,0.00
759,47261,0.00
760,46964,50.00
761,27449,0.00
762,52372,50.00
763,54140,100.00
764,18516,0.00
765,25275,100.00
766,37707,100.00
767,29283,100.00
768,29004,0.00
769,23944,100.00
770,26986,100.00
771,28640,100.00
772,34947,100.00
773,22419,0.00
774,22272,100.00
775,21113,100.00
776,27142,0.00
777,22813,0.00
778,16654,100.00
779,48493,0.00
780,52555,0.00
781,36357,100.00
782,46240,0.00
783,32679,0.00
784,64624,100.00
785,18959,0.00
786,23405,100.00
787,26625,100.00
788,24643,0.00
789,35731,100.00
790,27148,100.00
791,30146,100.00
792,26005,0.00
793,18402,50.00
794,14847,0.00
795,13403,0.00
796,35877,50.00
797,34064,0.00
798,32360,100.00
799,24566,0.00
800,28882,100.00
801,28447,100.00
802,21224,0.00
803,38614,100.00
804,34715,100.00
805,22791,100.00
806,35952,100.00
807,30318,0.00
808,25403,100.00
809,21564,100.00
810,20609,0.00
811,24294,0.00
812,20460,100.00
813,38192,0.00
814,26328,100.00
815,22578,0.00
816,20911,0.00
817,33646,100.00
818,21212,0.00
819,24123,100.00
820,35179,100.00
821,22562,0.00
822,22102,100.00
823,25315,100.00
824,38191,100.00
825,37175,100.00
826,40133,0.00
827,27505,100.00
828,23934,50.00
829,15827,0.00
830,18137,0.00
831,18736,50.00
832,44656,0.00
833,38377,0.00
834,33868,50.00
835,23584,0.00
836,35599,100.00
837,17279,0.00
838,26499,0.00
839,21256,100.00
840,23387,100.00
841,26062,100.00
842,32995,100.00
843,32362,0.00
844,22600,100.00
845,22157,100.00
846,25639,100.00
847,31878,100.00
848,25754,0.00
849,15905,0.00
850,17075,100.00
851,16678,0.00
852,30359,0.00
853,39776,50.00
854,27215,0.00
855,29143,0.00
856,30810,100.00
857,38707,100.00
858,21052,0.00
859,21684,100.00
860,30788,100.00
861,27680,100.00
862,23593,100.00
863,24511,0.00
864,24180,100.00
865,36388,100.00
866,31268,0.00
867,14243,50.00
868,17455,0.00
869,22068,100.00
870,24756,0.00
871,39604,0.00
872,30593,50.00
873,23898,0.00
874,22555,50.00
875,34311,100.00
876,19971,0.00
877,37267,100.00
878,32287,100.00
879,25433,100.00
880,22998,0.00
881,19509,100.00
882,26789,0.00
883,21545,50.00
884,27648,0.00
885,28200,100.00
886,21554,0.00
887,20606,100.00
888,34131,100.00
889,21440,0.00
890,35375,100.00
891,23579,100.00
892,22568,100.00
893,25857,0.00
894,31680,100.00
895,31389,100.00
896,33564,100.00
897,27477,100.00
898,24420,0.00
899,28978,100.00
900,27008,100.00
901,19207,0.00
902,23252,0.00
903,30999,0.00
904,36265,0.00
905,62664,100.00
906,34456,0.00
907,39076,100.00
908,35556,0.00
909,30414,100.00
910,17497,0.00
911,24775,100.00
912,24594,100.00
913,46744,0.00
914,33468,100.00
915,25981,100.00
916,26610,100.00
917,40490,100.00
918,34086,0.00
919,23121,100.00
920,20420,0.00
921,16292,100.00
922,38168,0.00
923,43969,0.00
924,50779,0.00
925,32580,0.00
926,46229,50.00
927,58203,100.00
928,19246,0.00
929,25576,100.00
930,43486,100.00
931,31206,100.00
932,21944,100.00
933,24902,0.00
934,25699,100.00
935,31151,100.00
936,29468,100.00
937,23148,100.00
938,27155,0.00
939,24649,100.00
940,27341,0.00
941,20105,100.00
942,23645,0.00
943,57428,0.00
944,54995,0.00
945,35276,100.00
946,47092,0.00
947,54878,100.00
948,19682,0.00
949,31587,100.00
950,25146,0.00
951,26280,100.00
952,24521,100.00
953,30932,100.00
954,26887,100.00
955,20993,0.00
956,24530,100.00
957,23316,100.00
958,16288,0.00
959,14510,0.00
960,16563,100.00
961,35636,0.00
962,37568,100.00
963,29557,0.00
964,23445,0.00
965,28441,100.00
966,40989,100.00
967,20307,0.00
968,32060,100.00
969,26094,0.00
970,36600,100.00
971,31995,100.00
972,25903,100.00
973,20072,0.00
974,17534,50.00
975,26054,0.00
976,23773,0.00
977,31836,100.00
978,25827,0.00
979,21698,50.00
980,23531,0.00
981,33664,100.00
982,21628,0.00
983,23654,0.00
984,38838,100.00
985,25334,100.00
986,25646,100.00
987,26317,100.00
988,29960,0.00
989,32861,100.00
990,32905,100.00
991,35679,100.00
992,24873,100.00
993,22715,0.00
994,23616,0.00
995,22054,50.00
996,52261,0.00
997,51306,0.00
998,69978,0.00
999,46985,50.00
1000,62857,0.00
1001,57215,100.00
1002,17275,0.00
1003,20481,0.00
1004,24348,100.00
1005,27094,100.00
1006,27954,100.00
1007,44608,100.00
1008,29044,0.00
1009,24104,100.00
1010,26364,100.00
1011,36885,100.00
1012,29671,0.00
1013,16502,50.00
1014,33203,0.00
1015,17751,0.00
1016,41700,0.00
1017,53666,50.00
1018,39132,0.00
1019,40379,50.00
1020,41437,0.00
1021,43196,100.00
1022,18352,0.00
1023,23032,0.00
1024,37363,100.00
1025,34083,100.00
1026,27009,100.00
1027,25443,100.00
1028,25800,0.00
1029,36848,100.00
1030,30200,100.00
1031,23855,0.00
1032,17715,50.00
1033,26683,0.00
1034,30255,100.00
1035,22910,0.00
1036,51789,0.00
1037,33561,50.00
1038,38660,0.00
1039,37578,50.00
1040,61792,100.00
1041,19627,0.00
1042,32585,100.00
1043,26354,100.00
1044,25850,100.00
1045,27852,0.00
1046,27076,0.00
1047,29097,100.00
1048,27318,100.00
1049,20967,0.00
1050,29071,100.00
1051,25274,0.00
1052,43098,100.00
1053,17845,0.00
1054,31746,100.00
1055,22648,0.00
1056,21078,100.00
1057,24922,100.00
1058,22985,100.00
1059,33696,100.00
1060,37081,0.00
1061,26562,100.00
1062,32307,100.00
1063,28824,100.00
1064,31420,0.00
1065,23966,100.00
1066,21724,0.00
1067,32362,0.00
1068,50841,0.00
1069,51733,100.00
1070,29690,0.00
1071,34443,100.00
1072,33769,100.00
1073,17972,0.00
1074,23249,100.00
1075,27049,100.00
1076,24319,100.00
1077,52422,0.00
1078,30621,100.00
1079,26424,100.00
1080,26320,100.00
1081,41000,100.00
1082,33688,0.00
1083,29256,100.00
1084,26864,100.00
1085,26165,0.00
1086,21223,100.00
1087,21003,0.00
1088,33173,0.00
1089,48798,0.00
1090,53967,100.00
1091,66265,0.00
1092,40203,0.00
1093,56346,100.00
1094,17478,0.00
1095,29152,100.00
1096,22863,100.00
1097,24284,0.00
1098,26804,100.00
1099,25338,100.00
1100,40622,100.00
1101,26192,100.00
1102,22805,0.00
1103,25198,100.00
1104,33859,100.00
1105,26961,0.00
1106,20642,0.00
1107,30209,0.00
1108,49539,0.00
1109,52783,100.00
1110,39442,0.00
1111,34195,50.00
1112,59556,100.00
1113,20437,0.00
1114,24687,100.00
1115,26789,100.00
1116,27057,100.00
1117,42889,0.00
1118,31282,100.00
1119,21371,100.00
1120,23948,100.00
1121,25252,100.00
1122,37082,0.00
1123,29872,100.00
1124,13462,0.00
1125,17570,50.00
1126,27951,0.00
1127,44153,0.00
1128,61165,0.00
1129,39587,50.00
1130,42139,0.00
1131,32987,50.00
1132,56164,100.00
1133,21988,0.00
1134,21116,100.00
1135,41154,100.00
1136,37532,100.00
1137,27659,0.00
1138,26421,100.00
1139,29221,0.00
1140,29874,50.00
1141,16563,0.00
1142,38593,0.00
1143,25410,50.00
1144,23100,0.00
1145,32967,100.00
1146,22871,0.00
1147,24843,100.00
1148,42800,0.00
1149,29083,100.00
1150,28984,100.00
1151,24937,100.00
1152,39279,100.00
1153,30991,0.00
1154,31495,100.00
1155,26163,100.00
1156,24383,100.00
1157,20227,0.00
1158,19640,100.00
1159,32079,0.00
1160,51747,0.00
1161,57981,0.00
1162,57221,0.00
1163,34547,100.00
1164,55368,100.00
1165,17363,0.00
1166,28023,100.00
1167,24080,100.00
1168,25669,100.00
1169,27650,100.00
1170,29811,0.00
1171,38754,100.00
1172,29648,100.00
1173,27334,100.00
1174,31143,100.00
1175,34835,0.00
1176,28707,100.00
1177,19569,0.00
1178,18251,100.00
1179,20653,0.00
1180,33332,0.00
1181,38161,0.00
1182,32322,0.00
1183,33271,50.00
1184,60986,100.00
1185,21275,0.00
1186,24469,100.00
1187,23924,100.00
1188,45784,100.00
1189,38305,100.00
1190,21802,0.00
1191,23563,100.00
1192,25051,100.00
1193,41423,100.00
1194,35782,100.00
1195,27095,0.00
1196,21953,100.00
1197,27417,0.00
1198,22999,100.00
1199,30137,0.00
1200,64200,0.00
1201,41913,0.00
1202,26826,100.00
1203,32235,0.00
1204,57673,100.00
1205,19796,0.00
1206,29445,100.00
1207,35378,0.00
1208,24033,100.00
1209,26235,100.00
1210,32715,0.00
1211,26540,50.00
1212,21249,0.00
1213,31236,100.00
1214,22989,0.00
1215,21179,0.00
1216,36955,100.00
1217,21750,0.00
1218,36694,100.00
1219,34198,100.00
1220,24044,0.00
1221,24710,100.00
1222,30769,100.00
1223,36772,100.00
1224,34503,100.00
1225,32584,0.00
1226,26432,100.00
1227,35151,100.00
1228,29074,100.00
1229,40428,0.00
1230,21109,100.00
1231,32910,0.00
1232,37741,0.00
1233,38175,0.00
1234,51674,0.00
1235,31600,50.00
1236,49744,100.00
1237,18190,0.00
1238,22788,100.00
1239,24812,100.00
1240,27206,0.00
1241,46252,100.00
1242,46464,100.00
1243,34480,100.00
1244,30592,100.00
1245,28389,0.00
1246,37159,100.00
1247,35854,100.00
1248,36607,100.00
1249,25537,100.00
1250,19364,0.00
1251,22975,0.00
1252,29114,0.00
1253,40793,0.00
1254,42614,0.00
1255,46363,50.00
1256,43151,0.00
1257,44197,100.00
1258,20305,0.00
1259,35989,100.00
1260,31075,0.00
1261,24551,100.00
1262,28545,100.00
1263,27770,100.00
1264,25233,100.00
1265,48862,0.00
1266,33350,100.00
1267,28626,100.00
1268,24628,100.00
1269,51316,100.00
1270,40527,0.00
1271,21938,0.00
1272,23166,100.00
1273,39233,0.00
1274,46383,0.00
1275,50685,0.00
1276,40437,50.00
1277,38247,0.00
1278,59637,100.00
1279,20417,0.00
1280,24958,0.00
1281,24034,100.00
1282,42134,100.00
1283,32928,100.00
1284,21958,100.00
1285,23728,0.00
1286,25012,100.00
1287,35772,100.00
1288,31730,0.00
1289,19115,50.00
1290,19240,0.00
1291,32255,100.00
1292,33878,0.00
1293,58243,0.00
1294,38494,0.00
1295,32343,100.00
1296,30581,0.00
1297,48688,100.00
1298,20768,0.00
1299,22456,100.00
1300,42599,0.00
1301,31188,100.00
1302,27354,100.00
1303,28562,0.00
1304,29395,100.00
1305,25555,0.00
1306,27001,100.00
1307,28839,0.00
1308,19240,100.00
1309,22073,0.00
1310,36371,100.00
1311,21642,0.00
1312,26298,100.00
1313,29070,0.00
1314,24114,100.00
1315,24239,100.00
1316,25812,100.00
1317,30404,100.00
1318,27363,0.00
1319,28905,100.00
1320,30664,100.00
1321,21255,0.00
1322,18417,100.00
1323,21418,0.00
1324,30854,0.00
1325,41010,0.00
1326,48313,100.00
1327,47644,0.00
1328,30721,0.00
1329,63686,100.00
1330,17128,0.00
1331,19927,100.00
1332,21244,100.00
1333,23546,0.00
1334,25922,100.00
1335,48110,100.00
1336,31815,100.00
1337,26683,100.00
1338,27029,0.00
1339,40140,100.00
1340,37906,100.00
1341,30021,0.00
1342,19963,100.00
1343,18363,0.00
1344,38217,0.00
1345,41314,0.00
1346,61286,100.00
1347,43302,0.00
1348,55563,0.00
1349,61258,100.00
1350,19182,0.00
1351,25939,100.00
1352,39247,100.00
1353,33423,0.00
1354,27939,100.00
1355,25130,100.00
1356,25897,100.00
1357,32530,100.00
1358,31509,0.00
1359,21250,100.00
1360,23485,100.00
1361,23237,0.00
1362,34314,50.00
1363,27273,0.00
1364,41532,0.00
1365,43083,0.00
1366,54172,50.00
1367,39220,0.00
1368,46095,0.00
1369,61063,100.00
1370,19047,0.00
1371,28463,100.00
1372,23641,100.00
1373,23980,0.00
1374,19506,100.00
1375,29171,0.00
1376,23560,50.00
1377,24901,0.00
1378,23241,100.00
1379,23384,0.00
1380,23576,100.00
1381,52744,100.00
1382,20774,0.00
1383,28149,100.00
1384,26190,100.00
1385,25748,100.00
1386,22870,0.00
1387,40348,100.00
1388,34692,100.00
1389,30730,100.00
1390,25526,100.00
1391,41416,0.00
1392,35991,100.00
1393,34260,100.00
1394,29980,0.00
1395,25952,0.00
1396,23780,50.00
1397,43463,0.00
1398,64958,0.00
1399,55764,0.00
1400,31805,50.00
1401,32407,0.00
1402,36355,100.00
1403,20530,0.00
1404,26575,0.00
1405,26554,100.00
1406,41390,100.00
1407,30336,100.00
1408,27222,100.00
1409,24690,0.00
1410,38243,100.00
1411,31734,100.00
1412,31508,100.00
1413,30724,100.00
1414,22625,0.00
1415,16793,0.00
1416,20875,50.00
1417,46312,0.00
1418,49478,0.00
1419,63744,0.00
1420,59271,100.00
1421,57876,100.00
1422,21030,0.00
1423,37646,100.00
1424,35223,100.00
1425,24322,100.00
1426,26195,0.00
1427,28766,100.00
1428,35794,100.00
1429,36318,100.00
1430,29021,100.00
1431,31172,0.00
1432,29708,100.00
1433,42397,100.00
1434,36098,0.00
1435,19787,50.00
1436,18975,0.00
1437,31549,0.00
1438,41013,0.00
1439,52347,100.00
1440,36329,0.00
1441,34968,0.00
1442,58860,100.00
1443,21367,0.00
1444,22744,100.00
1445,24284,100.00
1446,44781,0.00
1447,36094,100.00
1448,21683,100.00
1449,24244,100.00
1450,25900,100.00
1451,41568,0.00
1452,32660,100.00
1453,14000,0.00
1454,17390,100.00
1455,31029,0.00
1456,33736,0.00
1457,50465,0.00
1458,31638,100.00
1459,35438,0.00
1460,36649,50.00
1461,55767,100.00
1462,20449,0.00
1463,37966,100.00
1464,28367,100.00
1465,29375,100.00
1466,26039,0.00
1467,29335,100.00
1468,31574,0.00
1469,27592,50.00
1470,30750,0.00
1471,27415,0.00
1472,24342,100.00
1473,26539,0.00
1474,42033,100.00
1475,21387,0.00
1476,34262,100.00
1477,31887,0.00
1478,26632,100.00
1479,25600,100.00
1480,36847,100.00
1481,35901,100.00
1482,39052,0.00
1483,31697,100.00
1484,32170,100.00
1485,23749,0.00
1486,19171,50.00
1487,20386,0.00
1488,30762,0.00
1489,49910,0.00
1490,52577,50.00
1491,58441,0.00
1492,29621,0.00
1493,62074,100.00
1494,17404,0.00
1495,21515,100.00
1496,23321,100.00
1497,25280,0.00
1498,26112,100.00
1499,37992,100.00
1500,36247,100.00
1501,32623,100.00
1502,29597,0.00
1503,38389,100.00
1504,40847,100.00
1505,26729,0.00
1506,17387,50.00
1507,18578,0.00
1508,18892,100.00
1509,51235,0.00
1510,55655,0.00
1511,42410,0.00
1512,36169,50.00
1513,63431,100.00
1514,21161,0.00
1515,25081,100.00
1516,24966,100.00
1517,47579,0.00
1518,33654,100.00
1519,22238,100.00
1520,24809,100.00
1521,25221,100.00
1522,39947,0.00
1523,33163,100.00
1524,26006,100.00
1525,23205,100.00
1526,22310,0.00
1527,29602,100.00
1528,16644,0.00
1529,29577,0.00
1530,37554,0.00
1531,53663,0.00
1532,34849,100.00
1533,40809,0.00
1534,54149,100.00
1535,19811,0.00
1536,27074,100.00
1537,24849,0.00
1538,27083,100.00
1539,24555,100.00
1540,32866,100.00
1541,27730,100.00
1542,19810,0.00
1543,20403,0.00
1544,16994,100.00
1545,15160,0.00
1546,25937,50.00
1547,32196,0.00
1548,36241,100.00
1549,33343,0.00
1550,23336,100.00
1551,39583,100.00
1552,20922,0.00
1553,33325,100.00
1554,35360,100.00
1555,33158,100.00
1556,28837,0.00
1557,32147,100.00
1558,29064,100.00
1559,23815,100.00
1560,25699,0.00
1561,20824,100.00
1562,26685,0.00
1563,16784,0.00
1564,31116,100.00
1565,22976,0.00
1566,22670,100.00
1567,21734,0.00
1568,32934,66.67
1569,21510,0.00
1570,33305,0.00
1571,29591,100.00
1572,21394,100.00
1573,22411,100.00
1574,23365,100.00
1575,31463,0.00
1576,33859,100.00
1577,30948,100.00
1578,26462,100.00
1579,19906,0.00
1580,16353,100.00
1581,17626,0.00
1582,21845,0.00
1583,32100,0.00
1584,38617,0.00
1585,36466,100.00
1586,24921,0.00
1587,51181,100.00
1588,17651,0.00
1589,24700,100.00
1590,23382,0.00
1591,25336,100.00
1592,24708,100.00
1593,48292,100.00
1594,29838,100.00
1595,26552,0.00
1596,26738,100.00
1597,21642,100.00
1598,36932,100.00
1599,34563,0.00
1600,18401,100.00
1601,18233,0.00
1602,19779,0.00
1603,47536,0.00
1604,35598,100.00
1605,28002,0.00
1606,36152,100.00
1607,36195,100.00
1608,21198,0.00
1609,24879,100.00
1610,22385,100.00
1611,37327,100.00
1612,28085,0.00
1613,27062,100.00
1614,25515,100.00
1615,34851,100.00
1616,32543,100.00
1617,24540,0.00
1618,20941,0.00
1619,20653,100.00
1620,27055,0.00
1621,35888,0.00
1622,25093,50.00
1623,23234,0.00
1624,24707,0.00
1625,28853,50.00
1626,40791,100.00
1627,20101,0.00
1628,30032,100.00
1629,23651,100.00
1630,24761,100.00
1631,22551,0.00
1632,23663,100.00
1633,26059,0.00
1634,25013,100.00
1635,25801,0.00
1636,24108,50.00
1637,22046,0.00
1638,33348,100.00
1639,21188,0.00
1640,35591,100.00
1641,30462,100.00
1642,22881,100.00
1643,24496,0.00
1644,22233,100.00
1645,40355,100.00
1646,36145,100.00
1647,31434,100.00
1648,28425,0.00
1649,33197,100.00
1650,30370,100.00
1651,25655,0.00
1652,18660,100.00
1653,24961,0.00
1654,36238,0.00
1655,36792,0.00
1656,46074,50.00
1657,27790,0.00
1658,33925,100.00
1659,20150,0.00
1660,19604,100.00
1661,24775,100.00
1662,23809,100.00
1663,24644,0.00
1664,29683,100.00
1665,29128,100.00
1666,26443,100.00
1667,37675,100.00
1668,35422,0.00
1669,27037,100.00
1670,29818,50.00
1671,22375,0.00
1672,23096,0.00
1673,54197,0.00
1674,71907,50.00
1675,23660,0.00
1676,45029,50.00
1677,63725,100.00
1678,22007,0.00
1679,23521,100.00
1680,41900,100.00
1681,30392,100.00
1682,33645,0.00
1683,22947,100.00
1684,24414,100.00
1685,25334,100.00
1686,40664,100.00
1687,26054,0.00
1688,28351,100.00
1689,25216,100.00
1690,32587,0.00
1691,30963,100.00
1692,24562,0.00
1693,30640,0.00
1694,38855,0.00
1695,34153,100.00
1696,30408,0.00
1697,31031,0.00
1698,50836,100.00
1699,19752,0.00
1700,29531,100.00
1701,24358,100.00
1702,26126,0.00
1703,30939,100.00
1704,28410,100.00
1705,26898,100.00
1706,26359,100.00
1707,20563,0.00
1708,15345,0.00
1709,14087,100.00
1710,13581,0.00
1711,34576,50.00
1712,36626,0.00
1713,32962,0.00
1714,27298,100.00
1715,27302,0.00
1716,40500,100.00
1717,20686,0.00
1718,33027,100.00
1719,29125,0.00
1720,31374,100.00
1721,30140,100.00
1722,31099,100.00
1723,24369,100.00
1724,27297,0.00
1725,19792,0.00
1726,36748,50.00
1727,18360,0.00
1728,37742,100.00
1729,23031,0.00
1730,22727,0.00
1731,23001,50.00
1732,42811,100.00
1733,21737,0.00
1734,37803,100.00
1735,32528,100.00
1736,25108,100.00
1737,26475,100.00
1738,25790,0.00
1739,38980,100.00
1740,36227,100.00
1741,41392,100.00
1742,32287,100.00
1743,29292,0.00
1744,21282,0.00
1745,23203,50.00
1746,26561,0.00
1747,54673,0.00
1748,68606,100.00
1749,60501,0.00
1750,38702,0.00
1751,62133,66.67
1752,18770,0.00
1753,37046,100.00
1754,24650,100.00
1755,24468,0.00
1756,27659,100.00
1757,35994,100.00
1758,38730,100.00
1759,22914,100.00
1760,24474,0.00
1761,25523,100.00
1762,36989,100.00
1763,31232,0.00
1764,36077,100.00
1765,19215,0.00
1766,18094,50.00
1767,19220,0.00
1768,70817,0.00
1769,41410,0.00
1770,50873,100.00
1771,47838,0.00
1772,43779,100.00
1773,22115,0.00
1774,21858,100.00
1775,37679,0.00
1776,33346,100.00
1777,24801,100.00
1778,24737,100.00
1779,27367,100.00
1780,39067,0.00
1781,31208,100.00
1782,25116,100.00
1783,22905,0.00
1784,25642,0.00
1785,24222,50.00
1786,20886,0.00
1787,62151,50.00
1788,30417,0.00
1789,30144,0.00
1790,35673,50.00
1791,59708,100.00
1792,21201,0.00
1793,33354,100.00
1794,24504,100.00
1795,23091,100.00
1796,28505,0.00
1797,31020,50.00
1798,29585,0.00
1799,25541,100.00
1800,23168,0.00
1801,23203,50.00
1802,24627,0.00
1803,40129,100.00
1804,20584,0.00
1805,28943,0.00
1806,20856,100.00
1807,20918,100.00
1808,22918,100.00
1809,22365,100.00
1810,35316,0.00
1811,36573,100.00
1812,27297,100.00
1813,34513,100.00
1814,29765,100.00
1815,28741,0.00
1816,19711,0.00
1817,20278,50.00
1818,31165,0.00
1819,34895,0.00
1820,54773,0.00
1821,33653,50.00
1822,38341,0.00
1823,38724,100.00
1824,19199,0.00
1825,23559,0.00
1826,26413,100.00
1827,25574,100.00
1828,55494,100.00
1829,27987,100.00
1830,26667,0.00
1831,26103,100.00
1832,40684,100.00
1833,36529,100.00
1834,33354,100.00
1835,24050,0.00
1836,25130,0.00
1837,21522,100.00
1838,18911,0.00
1839,38931,0.00
1840,50369,0.00
1841,57931,50.00
1842,51667,0.00
1843,36350,0.00
1844,59412,100.00
1845,17151,0.00
1846,29885,100.00
1847,22135,100.00
1848,22755,0.00
1849,24722,100.00
1850,23993,100.00
1851,44065,100.00
1852,26317,100.00
1853,25748,0.00
1854,25605,100.00
1855,32241,50.00
1856,22605,0.00
1857,16742,0.00
1858,34623,0.00
1859,39956,0.00
1860,58898,100.00
1861,42933,0.00
1862,38506,100.00
1863,64970,100.00
1864,20264,0.00
1865,24390,100.00
1866,26117,100.00
1867,25535,100.00
1868,48905,0.00
1869,35220,100.00
1870,21396,100.00
1871,24012,100.00
1872,24962,100.00
1873,39181,0.00
1874,27845,100.00
1875,18555,0.00
1876,18037,100.00
1877,27182,0.00
1878,32105,0.00
1879,44189,0.00
1880,27096,100.00
1881,27161,0.00
1882,23762,100.00
1883,38229,100.00
1884,21190,0.00
1885,21147,100.00
1886,31371,100.00
1887,28397,100.00
1888,26843,0.00
1889,22977,100.00
1890,25900,0.00
1891,27587,100.00
1892,20562,0.00
1893,34798,0.00
1894,24183,100.00
1895,22515,0.00
1896,33269,100.00
1897,21867,0.00
1898,23681,100.00
1899,36339,0.00
1900,32356,100.00
1901,27062,100.00
1902,26028,100.00
1903,42230,100.00
1904,32268,0.00
1905,34412,100.00
1906,25705,100.00
1907,22082,100.00
1908,18269,0.00
1909,18842,100.00
1910,40170,0.00
1911,49951,0.00
1912,58095,0.00
1913,54391,0.00
1914,34769,100.00
1915,58188,100.00
1916,17279,0.00
1917,27258,100.00
1918,23947,100.00
1919,24028,100.00
1920,26078,100.00
1921,28974,0.00
1922,34074,100.00
1923,28234,100.00
1924,25052,100.00
1925,33813,100.00
1926,33764,0.00
1927,24552,50.00
1928,19947,0.00
1929,16250,100.00
1930,24805,0.00
1931,36784,0.00
1932,54945,0.00
1933,43707,0.00
1934,33855,100.00
1935,56674,100.00
1936,21795,0.00
1937,25047,100.00
1938,24476,100.00
1939,43256,100.00
1940,32142,100.00
1941,20703,0.00
1942,24497,100.00
1943,26494,100.00
1944,42634,100.00
1945,31646,100.00
1946,26518,0.00
1947,21908,0.00
1948,29592,100.00
1949,31279,0.00
1950,34186,0.00
1951,60224,50.00
1952,37722,0.00
1953,35073,0.00
1954,36056,100.00
1955,55190,100.00
1956,18906,0.00
1957,30227,100.00
1958,23913,100.00
1959,29504,100.00
1960,25508,0.00
1961,28640,50.00
1962,30314,0.00
1963,28908,100.00
1964,30104,0.00
1965,24763,50.00
1966,23603,0.00
1967,39304,100.00
1968,21170,0.00
1969,45481,0.00
1970,29477,100.00
1971,29810,100.00
1972,26446,100.00
1973,37447,100.00
1974,35213,0.00
1975,34003,100.00
1976,28447,100.00
1977,27157,100.00
1978,33808,100.00
1979,34585,0.00
1980,22946,0.00
1981,19009,100.00
1982,42280,0.00
1983,49560,0.00
1984,70023,0.00
1985,40123,0.00
1986,36775,100.00
1987,31502,0.00
1988,29150,100.00
1989,18174,0.00
1990,24168,100.00
1991,55309,0.00
1992,43453,100.00
1993,44667,100.00
1994,32687,100.00
1995,28631,100.00
1996,38317,0.00
1997,35361,100.00
1998,29904,100.00
1999,36202,100.00
2000,54222,0.00
2001,19952,100.00
2002,18857,0.00
2003,32175,0.00
2004,36231,0.00
2005,45965,0.00
2006,37864,100.00
2007,34554,0.00
2008,40429,66.67
2009,20917,0.00
2010,27711,100.00
2011,23466,0.00
2012,21100,100.00
2013,23298,100.00
2014,26393,100.00
2015,32087,100.00
2016,30343,0.00
2017,25912,100.00
2018,24686,100.00
2019,34341,100.00
2020,27274,0.00
2021,20425,100.00
2022,19594,0.00
2023,16243,0.00
2024,61077,0.00
2025,69118,100.00
2026,38159,0.00
2027,36489,100.00
2028,40483,0.00
2029,52144,100.00
2030,21964,0.00
2031,21957,0.00
2032,23813,100.00
2033,38086,100.00
2034,29324,100.00
2035,21320,100.00
2036,23551,0.00
2037,25184,100.00
2038,37247,100.00
2039,30046,0.00
2040,17095,100.00
2041,17480,0.00
2042,26593,50.00
2043,41029,0.00
2044,53182,0.00
2045,28327,0.00
2046,25716,50.00
2047,24978,0.00
2048,44273,100.00
2049,20423,0.00
2050,34198,100.00
2051,26738,0.00
2052,29145,100.00
2053,24631,100.00
2054,22172,0.00
2055,31086,50.00
2056,24526,0.00
2057,33763,50.00
2058,23625,0.00
2059,21789,0.00
2060,29741,66.67
2061,20394,0.00
2062,25137,100.00
2063,33006,100.00
2064,29087,0.00
2065,24093,100.00
2066,23919,100.00
2067,33644,100.00
2068,35010,100.00
2069,29441,0.00
2070,27566,100.00
2071,27958,100.00
2072,19648,0.00
2073,18903,100.00
2074,16671,0.00
2075,41800,0.00
2076,34954,0.00
2077,40766,50.00
2078,34533,0.00
2079,24701,0.00
2080,49195,100.00
2081,18044,0.00
2082,20922,100.00
2083,20623,100.00
2084,23793,0.00
2085,24165,100.00
2086,41559,100.00
2087,29424,100.00
2088,24959,100.00
2089,25501,0.00
2090,34421,100.00
2091,32016,100.00
2092,24555,0.00
2093,18251,100.00
2094,16185,0.00
2095,45190,0.00
2096,69584,0.00
2097,65353,100.00
2098,38608,0.00
2099,56042,0.00
2100,62679,100.00
2101,21118,0.00
2102,25998,100.00
2103,38272,100.00
2104,27055,0.00
2105,25090,100.00
2106,23737,100.00
2107,26274,100.00
2108,24215,100.00
2109,31207,0.00
2110,27090,100.00
2111,21659,100.00
2112,25522,0.00
2113,34235,100.00
2114,31763,0.00
2115,18925,50.00
2116,44789,0.00
2117,61546,0.00
2118,33442,0.00
2119,41273,100.00
2120,27223,0.00
2121,62768,100.00
2122,20077,0.00
2123,22909,100.00
2124,25774,0.00
2125,24681,100.00
2126,35896,50.00
2127,32758,0.00
2128,18674,0.00
2129,25964,50.00
2130,26217,100.00
2131,20382,0.00
2132,29399,0.00
2133,61430,100.00
2134,20374,0.00
2135,20056,100.00
2136,21399,100.00
2137,28833,0.00
2138,41857,100.00
2139,37624,100.00
2140,36924,100.00
2141,28144,100.00
2142,41095,0.00
2143,31209,100.00
2144,33725,100.00
2145,32994,0.00
2146,22030,100.00
2147,39207,0.00
2148,34537,0.00
2149,37923,0.00
2150,48673,50.00
2151,29752,0.00
2152,21635,0.00
2153,25142,50.00
2154,28056,100.00
2155,20091,0.00
2156,25217,100.00
2157,41177,0.00
2158,30167,100.00
2159,29753,100.00
2160,27271,100.00
2161,36668,100.00
2162,33846,0.00
2163,30258,100.00
2164,28002,100.00
2165,26410,0.00
2166,16701,100.00
2167,27070,0.00
2168,38235,0.00
2169,40312,0.00
2170,54899,50.00
2171,52770,0.00
2172,26110,0.00
2173,57701,100.00
2174,17823,0.00
2175,25938,100.00
2176,21056,100.00
2177,23059,0.00
2178,25663,100.00
2179,29538,100.00
2180,31966,100.00
2181,24877,100.00
2182,25259,0.00
2183,29626,100.00
2184,38156,100.00
2185,31159,0.00
2186,16758,100.00
2187,20293,0.00
2188,21625,0.00
2189,40381,0.00
2190,59771,100.00
2191,41820,0.00
2192,43719,0.00
2193,63858,66.67
2194,20912,0.00
2195,25437,100.00
2196,25475,100.00
2197,47397,0.00
2198,31317,100.00
2199,21409,100.00
2200,24298,100.00
2201,28222,100.00
2202,35641,0.00
2203,31198,100.00
2204,23215,100.00
2205,21329,0.00
2206,27830,0.00
2207,35961,0.00
2208,55607,50.00
2209,43094,0.00
2210,39445,50.00
2211,37269,0.00
2212,60760,100.00
2213,20334,0.00
2214,37779,0.00
2215,31329,100.00
2216,37912,100.00
2217,26355,100.00
2218,28374,0.00
2219,29790,50.00
2220,32936,0.00
2221,25009,100.00
2222,32568,0.00
2223,22163,100.00
2224,21472,0.00
2225,37145,100.00
2226,21568,0.00
2227,32503,0.00
2228,30571,100.00
2229,28355,100.00
2230,25676,100.00
2231,34311,100.00
2232,32914,0.00
2233,31304,100.00
2234,29669,100.00
2235,26828,100.00
2236,24780,0.00
2237,26678,100.00
2238,27569,0.00
2239,35523,0.00
2240,49424,0.00
2241,68384,0.00
2242,51077,50.00
2243,29056,0.00
2244,46375,100.00
2245,51096,100.00
2246,18851,0.00
2247,21862,0.00
2248,25700,100.00
2249,26515,100.00
2250,41284,100.00
2251,31978,100.00
2252,26318,0.00
2253,26264,100.00
2254,32869,100.00
2255,29213,100.00
2256,25060,0.00
2257,16738,100.00
2258,23471,0.00
2259,31035,0.00
2260,47323,0.00
2261,52619,0.00
2262,28394,50.00
2263,45061,0.00
2264,38031,100.00
2265,33310,100.00
2266,20747,0.00
2267,29515,0.00
2268,33472,100.00
2269,27586,100.00
2270,24109,100.00
2271,26342,100.00
2272,27425,0.00
2273,36081,100.00
2274,23240,100.00
2275,25118,100.00
2276,25178,0.00
2277,30930,100.00
2278,26150,0.00
2279,15453,0.00
2280,34249,0.00
2281,39182,50.00
2282,25373,0.00
2283,28587,50.00
2284,24094,0.00
2285,62114,100.00
2286,20530,0.00
2287,23382,0.00
2288,23475,100.00
2289,23407,100.00
2290,35186,100.00
2291,30699,100.00
2292,27356,0.00
2293,29999,50.00
2294,19064,0.00
2295,15288,100.00
2296,24997,0.00
2297,33537,0.00
2298,37223,100.00
2299,45532,0.00
2300,26235,100.00
2301,33192,100.00
2302,20236,0.00
2303,23563,100.00
2304,45367,100.00
2305,41662,100.00
2306,24757,0.00
2307,42576,100.00
2308,36285,100.00
2309,23840,100.00
2310,26358,0.00
2311,19789,100.00
2312,27279,0.00
2313,23220,0.00
2314,35712,100.00
2315,23601,0.00
2316,20464,100.00
2317,22164,0.00
2318,31988,100.00
2319,20526,0.00
2320,32032,0.00
2321,31332,100.00
2322,20971,100.00
2323,19816,100.00
2324,23792,100.00
2325,28851,0.00
2326,33690,100.00
2327,40871,100.00
2328,28496,100.00
2329,22928,0.00
2330,16962,50.00
2331,17941,0.00
2332,21160,0.00
2333,48776,0.00
2334,57774,50.00
2335,46375,0.00
2336,32148,100.00
2337,60827,50.00
2338,17197,0.00
2339,28493,100.00
2340,25108,100.00
2341,26909,100.00
2342,24950,0.00
2343,52095,100.00
2344,32284,100.00
2345,24444,100.00
2346,27297,100.00
2347,23350,0.00
2348,42107,100.00
2349,31515,0.00
2350,19873,100.00
2351,18334,0.00
2352,40180,0.00
2353,62055,0.00
2354,38589,100.00
2355,42739,0.00
2356,39474,100.00
2357,37485,100.00
2358,20484,0.00
2359,22383,100.00
2360,31619,100.00
2361,31628,100.00
2362,33990,0.00
2363,27421,100.00
2364,29708,100.00
2365,42857,100.00
2366,37086,100.00
2367,25781,0.00
2368,17814,0.00
2369,19336,50.00
2370,31109,0.00
2371,44427,100.00
2372,26408,0.00
2373,24073,0.00
2374,25772,50.00
2375,35530,100.00
2376,20250,0.00
2377,38567,100.00
2378,31351,100.00
2379,26850,100.00
2380,23208,100.00
2381,22653,0.00
2382,26892,0.00
2383,29711,100.00
2384,25141,100.00
2385,25225,0.00
2386,20862,0.00
2387,21171,100.00
2388,31015,100.00
2389,17516,0.00
2390,34403,100.00
2391,23567,100.00
2392,22136,100.00
2393,25412,100.00
2394,24438,0.00
2395,35620,100.00
2396,38276,100.00
2397,27090,100.00
2398,29070,100.00
2399,33850,0.00
2400,30105,50.00
2401,20474,0.00
2402,19429,100.00
2403,46668,0.00
2404,56795,0.00
2405,63043,0.00
2406,27098,0.00
2407,32959,100.00
2408,29934,100.00
2409,18729,0.00
2410,22140,100.00
2411,25010,100.00
2412,28568,100.00
2413,56708,100.00
2414,32539,0.00
2415,28157,100.00
2416,28408,100.00
2417,41738,100.00
2418,36538,100.00
2419,31550,0.00
2420,19826,0.00
2421,18184,100.00
2422,17255,0.00
2423,52562,0.00
2424,72722,100.00
2425,37451,0.00
2426,55278,0.00
2427,61060,100.00
2428,20431,0.00
2429,25766,100.00
2430,52744,100.00
2431,40112,0.00
2432,21799,100.00
2433,23479,100.00
2434,26704,100.00
2435,39029,100.00
2436,38909,0.00
2437,21805,100.00
2438,25733,100.00
2439,24695,0.00
2440,44076,50.00
2441,29841,0.00
2442,22917,50.00
2443,52646,0.00
2444,61561,0.00
2445,35635,0.00
2446,44937,50.00
2447,39549,0.00
2448,68415,100.00
2449,20017,0.00
2450,24244,100.00
2451,23684,0.00
2452,24798,100.00
2453,40776,100.00
2454,31142,100.00
2455,22033,100.00
2456,25455,0.00
2457,22901,100.00
2458,16134,0.00
2459,15406,100.00
2460,15470,0.00
2461,35251,0.00
2462,42962,100.00
2463,35400,0.00
2464,25775,100.00
2465,35111,100.00
2466,20327,0.00
2467,46974,100.00
2468,45766,100.00
2469,25494,100.00
2470,39277,0.00
2471,35805,100.00
2472,23836,100.00
2473,23037,0.00
2474,22632,100.00
2475,26944,0.00
2476,27284,50.00
2477,31755,0.00
2478,26983,100.00
2479,25371,0.00
2480,24083,100.00
2481,39522,50.00
2482,21304,0.00
2483,25210,100.00
2484,43559,100.00
2485,30568,100.00
2486,25327,0.00
2487,26142,100.00
2488,21868,100.00
2489,41970,100.00
2490,41766,100.00
2491,40179,0.00
2492,28765,100.00
2493,26410,100.00
2494,18533,0.00
2495,22309,0.00
2496,31070,0.00
2497,50652,0.00
2498,60906,50.00
2499,54711,0.00
2500,26013,100.00
2501,63714,100.00
2502,17538,0.00
2503,28311,100.00
2504,23772,100.00
2505,25653,100.00
2506,24687,0.00
2507,44872,100.00
2508,24525,100.00
2509,25170,100.00
2510,25285,100.00
2511,26915,0.00
2512,31638,50.00
2513,26833,0.00
2514,34929,100.00
2515,17207,0.00
2516,17333,0.00
2517,60192,0.00
2518,35584,100.00
2519,26047,0.00
2520,52487,100.00
2521,33304,100.00
2522,19300,0.00
2523,21955,100.00
2524,32814,100.00
2525,28751,100.00
2526,28724,0.00
2527,26478,100.00
2528,26010,100.00
2529,38483,100.00
2530,33930,100.00
2531,22498,0.00
2532,20193,50.00
2533,17860,0.00
2534,28727,100.00
2535,21857,0.00
2536,36827,0.00
2537,26927,50.00
2538,21814,0.00
2539,26283,50.00
2540,23280,0.00
2541,65371,100.00
2542,20394,0.00
2543,22238,0.00
2544,24805,100.00
2545,25732,100.00
2546,22148,0.00
2547,27931,0.00
2548,31560,100.00
2549,21802,100.00
2550,28177,0.00
2551,23722,100.00
2552,27381,0.00
2553,64205,100.00
2554,19801,0.00
2555,20192,100.00
2556,18397,0.00
2557,25237,100.00
2558,24960,100.00
2559,50142,100.00
2560,45407,100.00
2561,31121,0.00
2562,34084,100.00
2563,29750,100.00
2564,31031,0.00
2565,20567,100.00
2566,17913,0.00
2567,30593,50.00
2568,47966,0.00
2569,61100,0.00
2570,36678,0.00
2571,41003,100.00
2572,31604,0.00
2573,31842,100.00
2574,18294,0.00
2575,23972,100.00
2576,25669,0.00
2577,54409,100.00
2578,29904,100.00
2579,25319,100.00
2580,26095,100.00
2581,29161,0.00
2582,28633,100.00
2583,34741,100.00
2584,29395,100.00
2585,22056,0.00
2586,14949,100.00
2587,20405,0.00
2588,19429,0.00
2589,32380,0.00
2590,39219,0.00
2591,33572,50.00
2592,33478,0.00
2593,38040,100.00
2594,17962,0.00
2595,25387,100.00
2596,27127,0.00
2597,23250,100.00
2598,23476,100.00
2599,24945,100.00
2600,39261,100.00
2601,28394,0.00
2602,26831,100.00
2603,24808,100.00
2604,27881,0.00
2605,26201,100.00
2606,19645,0.00
2607,18321,50.00
2608,38554,0.00
2609,33539,0.00
2610,31009,0.00
2611,26301,50.00
2612,44565,100.00
2613,19409,0.00
2614,22599,100.00
2615,24705,100.00
2616,24532,100.00
2617,33234,100.00
2618,29833,0.00
2619,23283,100.00
2620,24086,100.00
2621,25044,100.00
2622,32549,100.00
2623,29692,0.00
2624,13480,0.00
2625,16033,100.00
2626,22425,0.00
2627,61334,0.00
2628,55252,50.00
2629,31844,0.00
2630,42031,0.00
2631,25507,50.00
2632,28727,100.00
2633,40124,100.00
2634,17741,0.00
2635,36101,100.00
2636,32545,100.00
2637,26996,100.00
2638,23723,0.00
2639,21070,0.00
2640,32632,50.00
2641,18672,0.00
2642,34165,50.00
2643,24396,0.00
2644,21971,0.00
2645,21768,50.00
2646,30820,100.00
2647,21190,0.00
2648,38660,100.00
2649,28280,0.00
2650,25391,100.00
2651,27231,100.00
2652,34310,100.00
2653,30051,100.00
2654,30510,0.00
2655,29257,100.00
2656,27983,100.00
2657,20369,0.00
2658,18036,100.00
2659,18853,0.00
2660,55134,0.00
2661,48025,0.00
2662,53673,50.00
2663,45667,0.00
2664,26446,0.00
2665,59490,100.00
2666,17589,0.00
2667,20490,100.00
2668,21041,100.00
2669,23956,0.00
2670,27065,100.00
2671,42013,100.00
2672,27597,100.00
2673,23935,100.00
2674,25960,0.00
2675,33578,100.00
2676,32405,100.00
2677,21760,0.00
2678,17722,100.00
2679,17921,0.00
2680,28609,0.00
2681,37001,0.00
2682,47048,100.00
2683,32051,0.00
2684,35971,0.00
2685,78009,100.00
2686,22062,0.00
2687,24598,100.00
2688,30277,100.00
2689,26221,0.00
2690,32845,100.00
2691,24215,100.00
2692,24874,100.00
2693,24113,100.00
2694,35967,0.00
2695,24116,100.00
2696,20923,100.00
2697,18737,0.00
2698,26287,0.00
2699,22928,50.00
2700,34712,0.00
2701,40187,0.00
2702,24166,100.00
2703,24496,0.00
2704,26716,0.00
2705,43156,100.00
2706,18977,0.00
2707,25636,100.00
2708,23414,100.00
2709,22793,0.00
2710,20064,100.00
2711,26336,0.00
2712,25361,100.00
2713,31551,0.00
2714,27369,50.00
2715,21378,0.00
2716,23142,100.00
2717,35236,50.00
2718,21236,0.00
2719,30006,100.00
2720,22626,100.00
2721,24169,100.00
2722,25537,0.00
2723,29900,100.00
2724,32045,100.00
2725,30827,100.00
2726,26966,100.00
2727,26836,0.00
2728,35748,100.00
2729,29769,100.00
2730,33189,0.00
2731,27521,0.00
2732,32958,0.00
2733,32222,0.00
2734,51172,50.00
2735,27564,0.00
2736,26766,100.00
2737,25200,0.00
2738,29841,100.00
2739,17709,0.00
2740,23731,100.00
2741,43245,100.00
2742,44578,0.00
2743,31052,100.00
2744,26242,100.00
2745,28291,100.00
2746,36405,100.00
2747,36523,0.00
2748,25947,100.00
2749,27794,100.00
2750,23938,0.00
2751,21583,100.00
2752,23158,0.00
2753,41586,0.00
2754,47955,0.00
2755,57791,50.00
2756,46905,0.00
2757,43599,0.00
2758,49565,66.67
2759,20335,0.00
2760,26651,100.00
2761,22047,100.00
2762,21576,0.00
2763,24190,100.00
2764,24764,100.00
2765,32704,100.00
2766,25964,100.00
2767,25819,0.00
2768,27463,100.00
2769,35016,100.00
2770,29837,0.00
2771,16254,100.00
2772,16668,0.00
2773,17850,0.00
2774,53458,0.00
2775,67035,100.00
2776,45971,0.00
2777,33768,0.00
2778,66198,66.67
2779,20690,0.00
2780,24464,100.00
2781,26554,100.00
2782,35398,0.00
2783,32998,100.00
2784,32265,100.00
2785,24924,100.00
2786,26248,100.00
2787,21606,0.00
2788,51159,100.00
2789,32380,100.00
2790,22666,0.00
2791,21082,0.00
2792,38548,100.00
2793,60924,0.00
2794,44466,100.00
2795,41292,0.00
2796,31113,0.00
2797,48943,100.00
2798,21483,0.00
2799,24574,100.00
2800,45507,100.00
2801,35889,0.00
2802,27793,100.00
2803,21684,100.00
2804,22218,0.00
2805,37831,0.00
2806,19960,100.00
2807,34981,0.00
2808,25037,100.00
2809,24735,0.00
2810,33366,66.67
2811,20338,0.00
2812,26112,0.00
2813,36328,100.00
2814,26373,100.00
2815,25267,100.00
2816,26003,100.00
2817,31593,0.00
2818,29136,100.00
2819,27089,100.00
2820,34216,100.00
2821,22251,100.00
2822,22668,0.00
2823,21016,0.00
2824,22650,50.00
2825,44911,0.00
2826,42818,0.00
2827,52852,0.00
2828,47813,100.00
2829,54173,50.00
2830,18366,0.00
2831,32860,100.00
2832,22717,100.00
2833,25304,100.00
2834,27376,0.00
2835,24719,100.00
2836,44103,100.00
2837,27534,100.00
2838,29276,100.00
2839,24375,0.00
2840,33808,100.00
2841,30271,100.00
2842,22641,0.00
2843,16181,0.00
2844,14868,50.00
2845,50956,0.00
2846,59953,0.00
2847,42871,50.00
2848,42423,0.00
2849,56107,0.00
2850,50348,100.00
2851,19376,0.00
2852,26259,100.00
2853,48078,100.00
2854,37239,0.00
2855,21946,100.00
2856,24448,100.00
2857,25819,100.00
2858,37472,100.00
2859,33861,0.00
2860,24988,100.00
2861,21449,100.00
2862,23103,0.00
2863,34851,0.00
2864,18345,50.00
2865,36190,0.00
2866,45853,0.00
2867,45677,0.00
2868,26566,50.00
2869,30464,0.00
2870,54352,100.00
2871,18970,0.00
2872,26505,0.00
2873,23541,100.00
2874,26765,100.00
2875,25367,0.00
2876,37424,50.00
2877,29888,0.00
2878,26220,50.00
2879,29263,0.00
2880,23531,100.00
2881,27829,0.00
2882,30116,50.00
2883,49382,100.00
2884,18986,0.00
2885,23446,0.00
2886,25004,100.00
2887,21284,100.00
2888,41408,100.00
2889,35803,100.00
2890,26036,0.00
2891,26846,100.00
2892,39112,100.00
2893,34370,100.00
2894,29307,0.00
2895,20576,100.00
2896,26146,0.00
2897,21385,0.00
2898,37938,0.00
2899,42371,0.00
2900,41528,50.00
2901,27798,0.00
2902,25347,50.00
2903,31349,100.00
2904,20487,0.00
2905,24968,100.00
2906,32050,100.00
2907,34230,100.00
2908,26546,0.00
2909,26158,100.00
2910,26177,100.00
2911,37839,100.00
2912,31045,100.00
2913,30808,0.00
2914,26743,100.00
2915,19942,100.00
2916,18205,0.00
2917,38846,0.00
2918,45728,0.00
2919,45440,0.00
2920,57009,100.00
2921,47277,0.00
2922,56680,66.67
2923,19844,0.00
2924,29702,100.00
2925,24496,0.00
2926,22313,100.00
2927,24469,100.00
2928,25994,100.00
2929,33207,100.00
2930,28159,0.00
2931,24200,100.00
2932,23400,100.00
2933,30784,100.00
2934,31887,100.00
2935,23466,0.00
2936,15420,0.00
2937,16654,50.00
2938,20229,0.00
2939,27886,0.00
2940,43112,0.00
2941,37032,100.00
2942,42191,0.00
2943,46755,50.00
2944,40773,100.00
2945,20931,0.00
2946,26610,100.00
2947,48808,100.00
2948,34224,100.00
2949,24345,100.00
2950,24018,0.00
2951,25672,100.00
2952,38766,100.00
2953,28403,0.00
2954,20437,100.00
2955,19532,0.00
2956,27314,50.00
2957,32042,0.00
2958,44372,0.00
2959,38324,0.00
2960,30481,50.00
2961,39711,0.00
2962,51404,100.00
2963,21280,0.00
2964,36385,100.00
2965,32265,0.00
2966,25812,100.00
2967,24021,100.00
2968,25507,0.00
2969,27025,50.00
2970,22932,0.00
2971,31231,50.00
2972,24043,0.00
2973,21678,0.00
2974,20530,50.00
2975,39298,100.00
2976,21086,0.00
2977,33397,100.00
2978,29145,100.00
2979,26328,100.00
2980,23084,100.00
2981,33241,0.00
2982,29213,100.00
2983,27200,100.00
2984,28308,100.00
2985,28152,100.00
2986,19038,0.00
2987,17571,0.00
2988,17534,50.00
2989,38095,0.00
2990,41430,0.00
2991,57850,0.00
2992,50065,100.00
2993,27996,0.00
2994,63331,66.67
2995,17461,0.00
2996,21138,0.00
2997,20323,100.00
2998,23064,100.00
2999,26303,100.00
3000,61862,100.00
3001,34876,0.00
3002,25111,100.00
3003,25115,100.00
3004,33649,100.00
3005,31482,100.00
3006,22925,0.00
3007,15957,0.00
3008,16597,50.00
3009,27275,0.00
3010,33372,0.00
3011,49489,0.00
3012,29199,50.00
3013,35614,0.00
3014,49105,100.00
3015,20872,0.00
3016,24367,0.00
3017,31439,100.00
3018,29103,100.00
3019,29679,100.00
3020,24144,100.00
3021,26318,0.00
3022,21264,100.00
3023,38454,100.00
3024,23733,100.00
3025,25068,100.00
3026,22495,0.00
3027,28198,0.00
3028,25660,100.00
3029,16412,0.00
3030,43070,0.00
3031,52706,100.00
3032,33567,0.00
3033,39500,0.00
3034,26508,100.00
3035,59369,100.00
3036,19674,0.00
3037,23340,100.00
3038,25213,100.00
3039,24608,100.00
3040,32622,100.00
3041,28090,0.00
3042,25655,100.00
3043,23380,50.00
3044,18307,0.00
3045,14324,0.00
3046,14003,100.00
3047,30885,0.00
3048,27461,50.00
3049,36627,0.00
3050,24110,0.00
3051,37242,66.67
3052,20181,0.00
3053,23413,100.00
3054,46776,100.00
3055,38353,0.00
3056,23328,100.00
3057,39939,100.00
3058,32794,100.00
3059,24461,100.00
3060,23518,0.00
3061,18018,0.00
3062,24173,50.00
3063,21053,0.00
3064,33270,100.00
3065,23893,0.00
3066,18542,0.00
3067,20455,50.00
3068,28775,100.00
3069,21505,0.00
3070,22866,100.00
3071,34490,100.00
3072,23873,100.00
3073,24145,100.00
3074,26049,0.00
3075,23644,100.00
3076,37021,100.00
3077,35354,100.00
3078,27143,100.00
3079,21148,0.00
3080,16031,0.00
3081,17919,100.00
3082,16856,0.00
3083,39574,0.00
3084,54121,50.00
3085,53078,0.00
3086,31726,0.00
3087,57222,66.67
3088,17412,0.00
3089,29678,100.00
3090,22693,100.00
3091,24085,0.00
3092,27474,100.00
3093,38277,100.00
3094,31456,100.00
3095,22610,100.00
3096,23545,0.00
3097,23977,100.00
3098,36075,100.00
3099,31651,0.00
3100,21752,100.00
3101,20918,0.00
3102,15743,100.00
3103,31732,0.00
3104,55767,0.00
3105,32448,0.00
3106,38456,100.00
3107,38551,0.00
3108,44272,100.00
3109,21118,0.00
3110,21311,100.00
3111,35972,0.00
3112,28028,100.00
3113,23870,100.00
3114,25494,100.00
3115,25094,100.00
3116,42586,0.00
3117,26604,100.00
3118,18823,0.00
3119,19381,50.00
3120,25659,0.00
3121,30797,0.00
3122,50512,50.00
3123,45326,0.00
3124,36671,50.00
3125,39041,0.00
3126,45419,100.00
3127,20476,0.00
3128,45000,0.00
3129,32700,100.00
3130,26056,100.00
3131,24896,100.00
3132,26014,0.00
3133,30873,100.00
3134,25826,0.00
3135,30168,50.00
3136,31380,0.00
3137,22812,100.00
3138,21530,0.00
3139,39946,100.00
3140,21616,0.00
3141,38545,0.00
3142,24102,100.00
3143,26008,100.00
3144,25205,100.00
3145,31999,100.00
3146,30830,0.00
3147,28840,100.00
3148,26501,100.00
3149,27083,100.00
3150,33173,100.00
3151,30398,0.00
3152,18580,0.00
3153,26091,50.00
3154,33715,0.00
3155,40970,0.00
3156,48320,0.00
3157,37311,0.00
3158,39107,50.00
3159,33542,0.00
3160,30944,100.00
3161,18143,0.00
3162,25453,100.00
3163,25910,100.00
3164,45058,0.00
3165,71997,0.00
3166,22703,100.00
3167,32604,100.00
3168,34708,100.00
3169,45559,100.00
3170,34068,0.00
3171,23786,100.00
3172,24469,100.00
3173,15963,0.00
3174,16005,0.00
3175,47400,0.00
3176,55496,0.00
3177,42298,100.00
3178,35474,0.00
3179,58019,66.67
3180,21100,0.00
3181,22174,100.00
3182,40565,0.00
3183,36642,100.00
3184,23328,100.00
3185,21033,100.00
3186,22556,100.00
3187,24561,0.00
3188,39762,100.00
3189,29063,100.00
3190,29683,100.00
3191,21695,100.00
3192,26463,0.00
3193,23894,0.00
3194,20652,100.00
3195,44607,0.00
3196,50912,0.00
3197,34292,50.00
3198,40642,0.00
3199,35922,0.00
3200,64306,100.00
3201,19089,0.00
3202,29416,100.00
3203,24884,100.00
3204,26577,0.00
3205,34323,100.00
3206,29451,100.00
3207,25447,100.00
3208,26882,100.00
3209,20593,0.00
3210,15089,0.00
3211,13512,50.00
3212,13009,0.00
3213,32858,100.00
3214,37311,0.00
3215,34610,0.00
3216,30240,50.00
3217,31014,0.00
3218,47707,100.00
3219,21257,0.00
3220,34718,100.00
3221,28322,0.00
3222,30296,100.00
3223,28253,100.00
3224,28477,100.00
3225,24525,100.00
3226,25610,0.00
3227,18745,0.00
3228,30274,100.00
3229,16823,0.00
3230,35024,100.00
3231,21299,0.00
3232,21240,0.00
3233,20951,100.00
3234,37921,100.00
3235,21160,0.00
3236,34496,100.00
3237,31795,100.00
3238,24233,100.00
3239,26169,100.00
3240,22012,0.00
3241,46722,100.00
3242,37430,100.00
3243,37606,100.00
3244,28770,100.00
3245,19595,0.00
3246,15770,0.00
3247,17496,100.00
3248,28693,0.00
3249,45635,0.00
3250,56153,0.00
3251,54177,50.00
3252,28079,0.00
3253,61005,100.00
3254,17065,0.00
3255,24735,0.00
3256,20600,100.00
3257,24928,100.00
3258,26139,100.00
3259,40662,100.00
3260,25796,0.00
3261,25108,100.00
3262,25122,100.00
3263,25414,100.00
3264,37343,100.00
3265,36017,0.00
3266,17049,0.00
3267,17400,100.00
3268,16808,0.00
3269,43038,0.00
3270,31223,50.00
3271,24097,0.00
3272,37008,0.00
3273,28970,100.00
3274,32169,100.00
3275,20221,0.00
3276,28293,100.00
3277,28887,0.00
3278,24732,100.00
3279,25167,100.00
3280,25569,100.00
3281,32887,100.00
3282,27049,0.00
3283,20667,100.00
3284,20859,100.00
3285,17409,0.00
3286,24230,0.00
3287,21708,100.00
3288,45996,0.00
3289,34992,0.00
3290,22708,50.00
3291,27623,0.00
3292,26297,0.00
3293,54626,100.00
3294,20826,0.00
3295,22322,100.00
3296,21305,100.00
3297,23652,0.00
3298,20338,0.00
3299,32075,50.00
3300,26264,100.00
3301,20080,0.00
3302,27475,100.00
3303,20597,0.00
3304,26157,100.00
3305,52311,100.00
3306,20634,0.00
3307,22154,100.00
3308,19194,100.00
3309,25292,100.00
3310,23586,0.00
3311,41168,100.00
3312,38243,100.00
3313,28227,100.00
3314,25329,100.00
3315,42178,0.00
3316,32978,100.00
3317,21184,0.00
3318,17634,100.00
3319,28016,0.00
3320,36795,0.00
3321,46170,0.00
3322,26637,100.00
3323,25211,0.00
3324,20397,100.00
3325,24569,100.00
3326,18202,0.00
3327,24007,100.00
3328,24429,100.00
3329,39576,100.00
3330,27507,0.00
3331,28657,100.00
3332,24848,100.00
3333,31503,100.00
3334,29196,100.00
3335,30076,0.00
3336,28152,100.00
3337,26331,100.00
3338,15418,0.00
3339,17932,0.00
3340,39653,0.00
3341,39464,0.00
3342,38844,100.00
3343,40451,0.00
3344,34428,50.00
3345,44419,100.00
3346,17824,0.00
3347,25689,100.00
3348,22817,100.00
3349,22554,100.00
3350,24692,0.00
3351,25353,100.00
3352,36740,100.00
3353,27662,100.00
3354,26794,100.00
3355,25721,0.00
3356,28876,100.00
3357,24757,0.00
3358,16848,100.00
3359,44041,0.00
3360,57933,0.00
3361,66177,0.00
3362,42483,0.00
3363,34605,100.00
3364,59593,50.00
3365,20678,0.00
3366,23670,100.00
3367,25551,100.00
3368,25750,100.00
3369,43908,100.00
3370,32794,0.00
3371,22384,100.00
3372,24440,100.00
3373,25187,100.00
3374,33925,100.00
3375,29691,0.00
3376,19663,0.00
3377,18389,50.00
3378,28706,0.00
3379,31157,0.00
3380,46894,50.00
3381,32590,0.00
3382,39537,0.00
3383,33425,100.00
3384,47024,50.00
3385,21235,0.00
3386,24358,100.00
3387,34651,100.00
3388,29029,100.00
3389,25638,100.00
3390,22325,0.00
3391,24469,100.00
3392,35793,0.00
3393,17768,50.00
3394,61653,0.00
3395,39473,0.00
3396,36663,100.00
3397,45155,100.00
3398,21119,0.00
3399,26862,100.00
3400,43653,100.00
3401,35124,100.00
3402,26845,100.00
3403,26762,0.00
3404,37463,100.00
3405,29493,100.00
3406,27438,100.00
3407,26901,100.00
3408,29159,0.00
3409,22386,100.00
3410,21841,0.00
3411,22293,100.00
3412,55726,0.00
3413,54325,0.00
3414,63056,0.00
3415,55790,0.00
3416,60211,100.00
3417,20080,0.00
3418,30895,100.00
3419,24870,100.00
3420,22993,0.00
3421,26630,100.00
3422,25403,100.00
3423,40605,100.00
3424,27835,100.00
3425,29006,0.00
3426,26541,100.00
3427,35576,100.00
3428,27905,100.00
3429,24108,0.00
3430,21789,50.00
3431,23879,0.00
3432,31075,0.00
3433,40257,0.00
3434,36267,0.00
3435,25446,100.00
3436,38486,0.00
3437,47074,100.00
3438,19038,0.00
3439,23774,100.00
3440,34069,0.00
3441,28095,100.00
3442,21507,100.00
3443,28355,100.00
3444,26775,100.00
3445,31915,0.00
3446,31740,100.00
3447,23082,100.00
3448,24132,0.00
3449,17495,100.00
3450,30388,0.00
3451,18259,100.00
3452,39914,0.00
3453,46816,0.00
3454,25987,0.00
3455,27529,100.00
3456,51611,50.00
3457,23931,0.00
3458,35940,100.00
3459,34841,100.00
3460,27817,100.00
3461,25646,100.00
3462,20561,0.00
3463,33949,0.00
3464,21351,50.00
3465,24135,100.00
3466,27996,0.00
3467,22474,0.00
3468,25384,100.00
3469,47945,100.00
3470,21319,0.00
3471,28876,100.00
3472,22434,100.00
3473,23368,100.00
3474,22924,100.00
3475,33940,0.00
3476,33092,100.00
3477,29379,100.00
3478,25611,100.00
3479,34365,100.00
3480,33570,0.00
3481,34447,100.00
3482,19958,0.00
3483,26410,100.00
3484,31930,0.00
3485,51128,0.00
3486,59090,0.00
3487,29049,0.00
3488,40000,100.00
3489,33321,100.00
3490,18570,0.00
3491,27753,100.00
3492,25406,100.00
3493,19499,100.00
3494,45778,100.00
3495,26287,0.00
3496,25963,100.00
3497,24882,100.00
3498,42481,100.00
3499,31666,100.00
3500,33127,0.00
3501,23502,100.00
3502,16683,0.00
3503,18962,50.00
3504,21218,0.00
3505,43652,0.00
3506,48250,0.00
3507,47933,0.00
3508,49295,0.00
3509,44305,100.00
3510,19904,0.00
3511,41159,100.00
3512,32011,100.00
3513,25175,0.00
3514,24014,100.00
3515,25894,100.00
3516,24102,100.00
3517,45204,100.00
3518,31533,0.00
3519,29937,100.00
3520,28202,100.00
3521,40588,100.00
3522,35318,0.00
3523,23024,50.00
3524,18018,0.00
3525,27627,0.00
3526,41765,0.00
3527,49855,0.00
3528,36480,100.00
3529,45007,0.00
3530,62581,100.00
3531,20307,0.00
3532,24858,100.00
3533,25952,0.00
3534,43545,100.00
3535,33795,100.00
3536,21924,100.00
3537,25694,100.00
3538,28615,0.00
3539,37296,100.00
3540,27569,100.00
3541,14750,0.00
3542,18439,0.00
3543,27489,100.00
3544,32846,0.00
3545,49364,0.00
3546,29846,50.00
3547,27185,0.00
3548,27964,0.00
3549,44109,100.00
3550,25079,0.00
3551,31551,100.00
3552,30758,100.00
3553,32675,0.00
3554,27964,100.00
3555,25244,100.00
3556,30366,0.00
3557,29961,0.00
3558,25136,100.00
3559,29628,100.00
3560,20820,0.00
3561,21481,0.00
3562,35614,100.00
3563,21238,0.00
3564,28958,100.00
3565,32099,100.00
3566,26155,0.00
3567,24691,100.00
3568,26063,100.00
3569,36144,100.00
3570,34180,100.00
3571,30111,0.00
3572,29485,100.00
3573,19388,100.00
3574,17633,0.00
3575,18251,0.00
3576,33436,0.00
3577,40898,0.00
3578,52779,50.00
3579,48937,0.00
3580,23493,50.00
3581,56355,100.00
3582,17298,0.00
3583,20362,100.00
3584,20625,100.00
3585,23994,100.00
3586,26250,0.00
3587,43632,100.00
3588,30099,100.00
3589,26140,100.00
3590,26401,100.00
3591,34068,0.00
3592,34191,100.00
3593,23612,100.00
3594,17950,0.00
3595,20171,0.00
3596,33306,0.00
3597,59276,0.00
3598,67522,50.00
3599,48301,0.00
3600,52584,50.00
3601,66180,100.00
3602,20037,0.00
3603,25395,100.00
3604,39931,100.00
3605,31550,100.00
3606,26982,0.00
3607,28187,100.00
3608,28273,100.00
3609,27052,100.00
3610,38932,100.00
3611,24976,0.00
3612,21209,100.00
3613,25734,100.00
3614,30642,0.00
3615,31429,0.00
3616,20374,100.00
3617,43345,0.00
3618,59068,0.00
3619,30747,100.00
3620,35274,0.00
3621,57243,50.00
3622,19047,0.00
3623,29571,100.00
3624,24953,100.00
3625,23179,100.00
3626,22461,0.00
3627,29729,0.00
3628,28944,50.00
3629,27605,100.00
3630,21916,0.00
3631,31611,100.00
3632,26537,0.00
3633,47956,100.00
3634,20371,0.00
3635,26298,100.00
3636,21149,0.00
3637,22790,100.00
3638,22401,100.00
3639,33446,100.00
3640,29771,100.00
3641,28781,0.00
3642,22948,100.00
3643,53677,100.00
3644,36804,100.00
3645,20818,0.00
3646,19073,50.00
3647,23923,0.00
3648,25697,0.00
3649,44075,0.00
3650,44143,0.00
3651,49551,100.00
3652,30651,0.00
3653,33644,100.00
3654,38714,100.00
3655,20807,0.00
3656,24337,100.00
3657,35670,100.00
3658,32500,100.00
3659,24160,0.00
3660,23640,100.00
3661,25609,100.00
3662,36209,100.00
3663,33305,100.00
3664,31978,0.00
3665,29893,100.00
3666,18986,0.00
3667,20567,100.00
3668,26952,0.00
3669,46995,0.00
3670,63950,0.00
3671,57026,100.00
3672,49883,0.00
3673,59503,100.00
3674,19948,0.00
3675,30132,100.00
3676,25219,0.00
3677,21757,100.00
3678,25441,100.00
3679,24942,100.00
3680,38335,100.00
3681,29103,0.00
3682,29535,100.00
3683,28833,100.00
3684,38216,100.00
3685,29365,0.00
3686,23857,100.00
3687,20130,0.00
3688,15228,0.00
3689,35471,0.00
3690,54101,50.00
3691,61764,0.00
3692,44207,100.00
3693,53882,0.00
3694,60857,100.00
3695,18314,0.00
3696,24018,0.00
3697,44069,100.00
3698,36363,100.00
3699,23688,100.00
3700,22853,100.00
3701,26324,0.00
3702,33158,100.00
3703,36751,100.00
3704,24742,0.00
3705,22071,50.00
3706,23106,0.00
3707,33487,0.00
3708,59679,50.00
3709,43971,0.00
3710,55404,0.00
3711,36750,100.00
3712,54229,100.00
3713,20842,0.00
3714,21010,100.00
3715,38979,100.00
3716,34961,100.00
3717,28110,100.00
3718,22379,0.00
3719,31020,0.00
3720,34967,100.00
3721,17223,0.00
3722,51660,100.00
3723,26491,0.00
3724,27347,0.00
3725,42593,100.00
3726,21474,0.00
3727,24903,100.00
3728,43608,100.00
3729,34694,0.00
3730,28362,100.00
3731,35430,100.00
3732,31282,100.00
3733,29670,100.00
3734,27265,0.00
3735,28661,100.00
3736,25718,100.00
3737,22591,0.00
3738,22004,50.00
3739,20956,0.00
3740,38271,0.00
3741,129312,0.00
3742,58806,100.00
3743,52633,0.00
3744,64808,66.67
3745,20099,0.00
3746,26910,0.00
3747,22761,100.00
3748,22152,100.00
3749,24397,100.00
3750,25665,100.00
3751,39097,0.00
3752,34186,100.00
3753,25579,100.00
3754,29101,100.00
3755,36734,100.00
3756,31168,0.00
3757,26468,100.00
3758,21974,0.00
3759,16522,100.00
3760,37307,0.00
3761,49313,0.00
3762,53029,0.00
3763,29992,0.00
3764,43108,50.00
3765,59507,100.00
3766,20720,0.00
3767,25286,100.00
3768,40229,100.00
3769,32061,100.00
3770,22779,100.00
3771,22753,0.00
3772,25071,100.00
3773,30780,100.00
3774,41445,100.00
3775,25183,100.00
3776,27186,0.00
3777,23094,100.00
3778,34310,0.00
3779,23571,50.00
3780,20779,0.00
3781,37528,0.00
3782,57464,0.00
3783,38069,0.00
3784,41115,100.00
3785,30344,0.00
3786,60127,100.00
3787,20478,0.00
3788,27087,100.00
3789,27272,0.00
3790,24475,100.00
3791,35495,100.00
3792,28631,100.00
3793,27899,100.00
3794,26165,0.00
3795,19498,0.00
3796,15560,50.00
3797,15502,0.00
3798,36787,100.00
3799,34354,0.00
3800,47841,0.00
3801,24525,50.00
3802,42625,100.00
3803,18704,0.00
3804,22312,100.00
3805,46460,100.00
3806,37060,100.00
3807,24982,100.00
3808,36407,0.00
3809,35530,100.00
3810,24318,100.00
3811,21366,0.00
3812,16875,100.00
3813,27617,0.00
3814,21742,100.00
3815,45672,0.00
3816,41275,0.00
3817,36755,50.00
3818,33354,0.00
3819,42498,100.00
3820,18307,0.00
3821,24354,100.00
3822,52454,0.00
3823,30160,100.00
3824,27662,100.00
3825,26693,100.00
3826,25297,100.00
3827,38957,0.00
3828,36610,100.00
3829,33233,100.00
3830,24497,0.00
3831,15376,50.00
3832,17731,0.00
3833,18175,50.00
3834,54234,0.00
3835,63818,0.00
3836,61024,0.00
3837,38290,50.00
3838,54074,100.00
3839,16739,0.00
3840,28725,100.00
3841,22741,100.00
3842,24079,100.00
3843,26257,100.00
3844,29519,0.00
3845,36681,100.00
3846,26467,100.00
3847,22318,100.00
3848,26019,100.00
3849,41452,0.00
3850,32308,100.00
3851,18683,0.00
3852,24387,100.00
3853,16457,0.00
3854,48460,0.00
3855,66258,0.00
3856,47638,100.00
3857,46933,0.00
3858,40127,50.00
3859,42568,100.00
3860,19213,0.00
3861,22621,100.00
3862,32306,100.00
3863,27662,100.00
3864,21386,0.00
3865,23742,100.00
3866,27060,100.00
3867,34812,100.00
3868,36382,100.00
3869,21593,0.00
3870,18098,0.00
3871,21374,100.00
3872,28147,0.00
3873,43580,50.00
3874,26111,0.00
3875,24070,0.00
3876,23521,100.00
3877,42598,50.00
3878,20010,0.00
3879,35131,100.00
3880,35140,100.00
3881,24390,100.00
3882,23014,100.00
3883,22808,0.00
3884,28331,0.00
3885,28594,50.00
3886,26949,100.00
3887,28205,0.00
3888,21955,0.00
3889,20118,50.00
3890,36226,100.00
3891,21167,0.00
3892,34122,100.00
3893,33631,100.00
3894,27103,100.00
3895,25641,100.00
3896,32717,0.00
3897,35964,100.00
3898,31437,100.00
3899,29293,100.00
3900,29515,100.00
3901,29688,0.00
3902,31004,100.00
3903,39354,100.00
3904,22544,0.00
3905,40333,0.00
3906,43804,0.00
3907,55678,0.00
3908,57966,100.00
3909,36241,0.00
3910,49585,100.00
3911,17457,0.00
3912,22196,100.00
3913,24285,0.00
3914,26959,100.00
3915,24104,100.00
3916,40550,100.00
3917,32599,100.00
3918,27652,0.00
3919,37877,100.00
3920,35712,100.00
3921,33304,100.00
3922,25099,0.00
3923,19107,50.00
3924,17228,0.00
3925,48380,0.00
3926,45709,0.00
3927,57121,0.00
3928,34497,50.00
3929,66691,100.00
3930,38497,0.00
3931,25182,100.00
3932,45593,100.00
3933,37498,100.00
3934,21888,100.00
3935,21426,0.00
3936,24183,100.00
3937,24989,100.00
3938,35644,100.00
3939,28146,100.00
3940,24708,0.00
3941,33061,100.00
3942,30580,100.00
3943,31499,0.00
3944,16651,0.00
3945,43987,0.00
3946,44305,0.00
3947,48466,50.00
3948,32902,0.00
3949,37017,50.00
3950,59512,100.00
3951,19688,0.00
3952,36118,100.00
3953,29406,100.00
3954,26490,100.00
3955,32170,0.00
3956,31578,100.00
3957,28325,100.00
3958,23684,100.00
3959,25409,100.00
3960,21726,0.00
3961,16658,0.00
3962,14678,100.00
3963,18122,0.00
3964,47827,50.00
3965,47908,0.00
3966,36436,0.00
3967,32978,100.00
3968,64429,100.00
3969,21045,0.00
3970,46105,100.00
3971,37162,100.00
3972,24380,100.00
3973,37382,100.00
3974,36139,0.00
3975,24365,100.00
3976,28503,100.00
3977,19357,0.00
3978,25201,0.00
3979,19717,50.00
3980,36689,0.00
3981,23106,100.00
3982,21585,0.00
3983,21571,0.00
3984,33927,100.00
3985,21547,0.00
3986,22127,100.00
3987,39138,100.00
3988,29613,0.00
3989,23818,100.00
3990,25023,100.00
3991,37195,100.00
3992,33691,100.00
3993,34630,0.00
3994,33369,100.00
3995,24443,100.00
3996,18957,0.00
3997,18623,0.00
3998,19310,50.00
3999,41736,0.00
4000,71916,0.00
4001,52260,0.00
4002,43100,50.00
4003,32571,0.00
4004,56584,100.00
4005,18908,0.00
4006,21247,0.00
4007,23474,100.00
4008,27432,100.00
4009,35982,100.00
4010,30178,100.00
4011,22242,0.00
4012,23652,100.00
4013,25300,100.00
4014,30442,100.00
4015,31283,0.00
4016,18513,50.00
4017,17845,0.00
4018,17033,0.00
4019,33881,0.00
4020,38227,50.00
4021,30560,0.00
4022,34417,50.00
4023,39918,0.00
4024,47369,100.00
4025,21503,0.00
4026,22031,0.00
4027,37061,100.00
4028,28630,100.00
4029,23718,100.00
4030,25758,100.00
4031,24561,0.00
4032,39915,100.00
4033,27526,100.00
4034,19023,0.00
4035,17758,50.00
4036,22626,0.00
4037,20235,100.00
4038,29902,0.00
4039,46713,0.00
4040,34659,0.00
4041,39990,100.00
4042,38035,0.00
4043,54594,100.00
4044,19398,0.00
4045,32697,100.00
4046,24715,0.00
4047,24677,100.00
4048,25422,100.00
4049,25503,0.00
4050,27378,0.00
4051,26108,100.00
4052,25538,100.00
4053,22884,0.00
4054,24809,0.00
4055,40385,100.00
4056,20633,0.00
4057,25208,100.00
4058,21225,100.00
4059,22916,0.00
4060,24116,100.00
4061,23122,100.00
4062,35773,100.00
4063,34769,100.00
4064,27457,0.00
4065,35778,100.00
4066,32084,100.00
4067,29450,0.00
4068,23981,50.00
4069,23489,0.00
4070,35402,0.00
4071,39016,0.00
4072,43273,100.00
4073,25956,0.00
4074,23695,0.00
4075,28585,100.00
4076,18532,0.00
4077,23018,100.00
4078,24832,100.00
4079,27429,0.00
4080,31355,100.00
4081,24206,100.00
4082,22461,100.00
4083,28124,100.00
4084,31135,0.00
4085,32832,100.00
4086,26743,100.00
4087,21505,0.00
4088,17257,50.00
4089,19560,0.00
4090,22850,100.00
4091,62595,0.00
4092,69953,0.00
4093,59462,0.00
4094,42102,0.00
4095,25580,100.00
4096,54553,100.00
4097,17750,0.00
4098,27297,100.00
4099,20770,100.00
4100,24002,100.00
4101,26204,100.00
4102,33562,0.00
4103,34891,100.00
4104,25271,100.00
4105,25382,100.00
4106,28484,100.00
4107,33035,0.00
4108,24825,0.00
4109,18456,100.00
4110,34493,0.00
4111,44197,0.00
4112,35870,100.00
4113,42349,0.00
4114,36420,0.00
4115,66443,100.00
4116,19532,0.00
4117,40745,100.00
4118,25325,100.00
4119,22763,0.00
4120,44183,100.00
4121,31356,100.00
4122,24355,100.00
4123,22982,100.00
4124,25764,0.00
4125,41484,100.00
4126,31824,100.00
4127,17808,0.00
4128,20421,0.00
4129,31760,100.00
4130,37479,0.00
4131,44173,0.00
4132,25228,50.00
4133,24305,0.00
4134,25836,0.00
4135,43114,100.00
4136,20298,0.00
4137,31593,100.00
4138,29717,100.00
4139,32314,0.00
4140,29027,100.00
4141,27564,100.00
4142,31169,0.00
4143,30716,0.00
4144,34424,100.00
4145,30170,0.00
4146,24977,50.00
4147,28956,100.00
4148,19741,0.00
4149,25387,100.00
4150,34766,100.00
4151,33175,100.00
4152,29079,0.00
4153,26222,100.00
4154,33937,100.00
4155,33478,100.00
4156,31002,100.00
4157,30767,0.00
4158,30216,100.00
4159,21617,100.00
4160,18377,0.00
4161,18494,0.00
4162,44841,0.00
4163,61950,0.00
4164,63902,100.00
4165,57543,0.00
4166,33241,100.00
4167,64366,100.00
4168,17475,0.00
4169,20630,100.00
4170,22127,100.00
4171,24263,100.00
4172,28356,0.00
4173,44992,100.00
4174,36540,100.00
4175,25645,100.00
4176,25751,100.00
4177,41193,0.00
4178,36728,100.00
4179,25098,100.00
4180,19679,0.00
4181,19138,0.00
4182,32217,0.00
4183,43972,0.00
4184,45577,50.00
4185,31703,0.00
4186,32711,50.00
4187,61253,100.00
4188,21698,0.00
4189,24372,100.00
4190,35946,100.00
4191,36484,100.00
4192,34933,0.00
4193,27067,100.00
4194,27092,100.00
4195,23772,100.00
4196,42538,100.00
4197,25648,0.00
4198,20358,100.00
4199,20509,0.00
4200,38485,50.00
4201,31635,0.00
4202,34630,0.00
4203,53979,0.00
4204,31911,50.00
4205,39500,0.00
4206,38676,50.00
4207,57410,100.00
4208,20490,0.00
4209,28384,100.00
4210,25926,100.00
4211,26695,100.00
4212,27074,0.00
4213,30413,0.00
4214,30587,50.00
4215,28625,100.00
4216,30987,0.00
4217,23362,0.00
4218,22438,50.00
4219,40734,100.00
4220,21366,0.00
4221,41707,100.00
4222,27231,100.00
4223,22531,100.00
4224,25960,100.00
4225,35914,0.00
4226,37689,100.00
4227,34079,100.00
4228,27705,100.00
4229,27621,100.00
4230,40728,0.00
4231,35830,100.00
4232,22315,0.00
4233,17054,100.00
4234,44371,0.00
4235,49395,0.00
4236,60763,0.00
4237,35991,0.00
4238,32268,50.00
4239,33208,100.00
4240,18404,0.00
4241,31595,100.00
4242,27680,100.00
4243,28236,100.00
4244,49487,100.00
4245,30082,0.00
4246,25605,100.00
4247,26495,100.00
4248,35977,100.00
4249,31527,100.00
4250,32866,0.00
4251,28754,100.00
4252,25749,100.00
4253,21364,0.00
4254,21410,0.00
4255,35895,0.00
4256,40032,0.00
4257,43934,100.00
4258,50557,0.00
4259,42866,100.00
4260,52606,100.00
4261,20454,0.00
4262,28028,100.00
4263,23160,100.00
4264,23789,100.00
4265,30238,0.00
4266,26893,100.00
4267,39037,100.00
4268,28483,100.00
4269,26023,100.00
4270,26856,0.00
4271,34689,100.00
4272,27859,100.00
4273,16571,0.00
4274,18164,0.00
4275,30408,0.00
4276,45313,0.00
4277,52729,50.00
4278,35022,0.00
4279,27253,50.00
4280,55733,100.00
4281,20683,0.00
4282,22228,100.00
4283,24785,100.00
4284,29976,100.00
4285,26088,0.00
4286,23778,100.00
4287,24078,100.00
4288,26490,100.00
4289,25517,100.00
4290,40447,0.00
4291,22355,100.00
4292,17270,0.00
4293,19014,100.00
4294,34712,0.00
4295,61452,0.00
4296,31512,50.00
4297,27197,0.00
4298,23524,100.00
4299,37703,50.00
4300,22076,0.00
4301,22450,100.00
4302,42469,100.00
4303,34613,100.00
4304,28673,0.00
4305,20578,100.00
4306,23003,0.00
4307,37729,50.00
4308,26790,0.00
4309,29309,100.00
4310,20970,0.00
4311,20727,100.00
4312,30706,100.00
4313,20703,0.00
4314,24426,100.00
4315,42870,100.00
4316,26979,100.00
4317,27229,0.00
4318,26764,100.00
4319,38996,100.00
4320,35272,100.00
4321,27535,100.00
4322,25690,0.00
4323,21889,100.00
4324,18412,50.00
4325,17679,0.00
4326,20163,0.00
4327,45274,0.00
4328,56769,0.00
4329,52921,100.00
4330,36629,0.00
4331,57524,100.00
4332,17366,0.00
4333,25742,100.00
4334,20476,0.00
4335,24008,100.00
4336,25682,100.00
4337,32921,100.00
4338,28851,100.00
4339,28593,0.00
4340,24733,100.00
4341,26649,100.00
4342,35613,100.00
4343,26967,0.00
4344,16912,50.00
4345,16045,0.00
4346,45612,0.00
4347,56009,0.00
4348,62315,0.00
4349,37203,100.00
4350,51027,0.00
4351,62543,100.00
4352,22137,0.00
4353,21078,100.00
4354,21729,0.00
4355,47078,100.00
4356,37095,100.00
4357,24514,100.00
4358,25113,100.00
4359,24399,0.00
4360,41849,100.00
4361,31568,100.00
4362,23891,100.00
4363,23263,0.00
4364,25741,100.00
4365,27805,0.00
4366,18888,0.00
4367,50213,0.00
4368,64299,50.00
4369,35680,0.00
4370,36811,100.00
4371,28509,0.00
4372,68343,100.00
4373,20784,0.00
4374,22950,0.00
4375,23776,100.00
4376,25382,100.00
4377,20944,0.00
4378,41668,50.00
4379,18917,0.00
4380,24034,100.00
4381,28323,0.00
4382,22733,50.00
4383,26962,0.00
4384,59629,100.00
4385,20713,0.00
4386,20324,100.00
4387,22656,0.00
4388,25029,100.00
4389,28391,100.00
4390,38103,100.00
4391,39934,100.00
4392,27915,0.00
4393,31792,100.00
4394,29979,100.00
4395,33329,100.00
4396,30951,0.00
4397,18870,50.00
4398,27996,0.00
4399,32640,0.00
4400,47845,0.00
4401,55429,0.00
4402,36214,50.00
4403,28548,0.00
4404,31256,100.00
4405,18299,0.00
4406,24690,100.00
4407,25978,0.00
4408,41648,100.00
4409,26794,100.00
4410,23334,100.00
4411,25649,100.00
4412,34635,0.00
4413,34155,100.00
4414,33369,100.00
4415,29694,100.00
4416,24555,0.00
4417,15891,50.00
4418,17945,0.00
4419,39879,0.00
4420,57896,0.00
4421,63536,0.00
4422,57748,50.00
4423,54849,0.00
4424,61559,100.00
4425,17429,0.00
4426,31294,100.00
4427,22596,0.00
4428,22788,100.00
4429,26309,100.00
4430,24575,100.00
4431,51223,100.00
4432,30110,0.00
4433,27789,100.00
4434,28142,100.00
4435,39973,100.00
4436,31167,0.00
4437,16086,50.00
4438,17191,0.00
4439,14168,0.00
4440,55912,0.00
4441,66538,50.00
4442,43726,0.00
4443,34781,50.00
4444,54205,0.00
4445,48884,100.00
4446,19336,0.00
4447,25962,0.00
4448,40714,100.00
4449,29947,100.00
4450,24674,100.00
4451,22635,100.00
4452,26190,0.00
4453,32893,100.00
4454,33805,100.00
4455,23859,0.00
4456,18934,50.00
4457,25213,0.00
4458,24849,50.00
4459,37989,0.00
4460,25670,0.00
4461,26369,100.00
4462,23014,0.00
4463,40598,66.67
4464,20148,0.00
4465,22331,100.00
4466,33996,0.00
4467,29603,100.00
4468,27724,100.00
4469,20626,0.00
4470,27404,100.00
4471,25519,0.00
4472,18096,50.00
4473,31173,0.00
4474,21278,0.00
4475,22334,100.00
4476,37766,100.00
4477,21910,0.00
4478,23762,100.00
4479,43244,100.00
4480,30254,100.00
4481,30374,100.00
4482,24579,0.00
4483,44407,100.00
4484,28290,100.00
4485,29321,100.00
4486,27589,100.00
4487,25753,0.00
4488,22004,100.00
4489,18560,0.00
4490,21993,100.00
4491,56023,0.00
4492,58817,0.00
4493,65388,0.00
4494,53773,0.00
4495,58408,100.00
4496,17760,0.00
4497,33038,100.00
4498,24381,100.00
4499,24576,0.00
4500,27963,100.00
4501,24174,100.00
4502,42272,100.00
4503,29639,100.00
4504,30048,0.00
4505,24805,100.00
4506,38035,100.00
4507,29741,100.00
4508,24684,0.00
4509,19796,50.00
4510,19546,0.00
4511,45706,0.00
4512,53759,0.00
4513,35149,100.00
4514,28997,0.00
4515,41920,100.00
4516,40201,100.00
4517,19168,0.00
4518,25371,100.00
4519,40227,100.00
4520,33278,100.00
4521,22140,0.00
4522,24193,100.00
4523,25031,100.00
4524,36613,100.00
4525,40837,100.00
4526,22148,0.00
4527,23023,100.00
4528,32612,100.00
4529,33858,0.00
4530,19469,0.00
4531,28567,0.00
4532,39216,0.00
4533,36677,50.00
4534,27653,0.00
4535,31304,50.00
4536,43043,100.00
4537,19088,0.00
4538,24762,100.00
4539,23333,100.00
4540,24640,100.00
4541,21975,0.00
4542,32817,100.00
4543,29139,100.00
4544,20669,0.00
4545,16226,100.00
4546,15257,0.00
4547,13620,100.00
4548,25923,0.00
4549,33300,50.00
4550,35657,0.00
4551,35769,50.00
4552,24966,0.00
4553,35867,100.00
4554,20159,0.00
4555,33396,0.00
4556,33547,100.00
4557,30273,100.00
4558,29464,100.00
4559,29398,100.00
4560,31878,0.00
4561,22758,100.00
4562,23750,100.00
4563,19502,0.00
4564,26314,0.00
4565,18329,50.00
4566,32758,0.00
4567,23644,50.00
4568,23129,0.00
4569,21281,0.00
4570,35859,100.00
4571,21391,0.00
4572,34341,100.00
4573,31509,100.00
4574,21360,0.00
4575,21861,100.00
4576,23798,100.00
4577,31887,100.00
4578,31839,100.00
4579,31387,0.00
4580,27199,100.00
4581,19781,50.00
4582,15746,0.00
4583,17810,0.00
4584,22682,0.00
4585,48216,0.00
4586,56587,100.00
4587,44148,0.00
4588,25450,100.00
4589,55041,100.00
4590,17289,0.00
4591,29725,100.00
4592,23671,100.00
4593,23860,100.00
4594,24068,0.00
4595,45964,100.00
4596,28562,100.00
4597,25174,100.00
4598,25257,100.00
4599,21936,0.00
4600,39801,100.00
4601,33257,0.00
4602,17134,100.00
4603,16717,0.00
4604,33691,0.00
4605,49072,0.00
4606,46638,100.00
4607,37246,0.00
4608,55374,50.00
4609,38249,0.00
4610,39420,100.00
4611,20484,0.00
4612,20924,100.00
4613,42529,100.00
4614,26519,0.00
4615,25722,100.00
4616,26813,100.00
4617,34587,100.00
4618,42241,100.00
4619,27141,0.00
4620,18717,0.00
4621,20954,100.00
4622,34001,0.00
4623,32923,0.00
4624,32963,100.00
4625,25352,0.00
4626,24460,0.00
4627,32077,50.00
4628,45665,100.00
4629,20188,0.00
4630,27224,100.00
4631,26576,100.00
4632,23134,100.00
4633,25648,0.00
4634,26579,100.00
4635,25714,0.00
4636,23465,0.00
4637,25233,100.00
4638,22130,0.00
4639,21673,50.00
4640,24248,0.00
4641,47781,100.00
4642,20853,0.00
4643,32973,0.00
4644,26013,100.00
4645,26974,100.00
4646,25048,100.00
4647,35803,100.00
4648,32719,0.00
4649,28305,100.00
4650,27544,100.00
4651,32178,100.00
4652,27553,100.00
4653,39478,0.00
4654,22189,0.00
4655,28302,100.00
4656,45661,0.00
4657,48306,0.00
4658,60064,0.00
4659,32603,50.00
4660,32566,0.00
4661,36212,100.00
4662,19291,0.00
4663,24737,0.00
4664,25911,100.00
4665,24635,100.00
4666,51883,100.00
4667,27576,100.00
4668,29074,0.00
4669,27799,100.00
4670,45832,100.00
4671,33791,100.00
4672,28239,0.00
4673,20071,100.00
4674,16948,0.00
4675,40449,0.00
4676,48846,0.00
4677,64086,0.00
4678,42370,50.00
4679,55625,0.00
4680,48598,100.00
4681,20602,0.00
4682,37966,100.00
4683,29552,0.00
4684,30989,100.00
4685,23338,100.00
4686,23436,100.00
4687,25115,100.00
4688,37757,0.00
4689,33305,100.00
4690,28747,100.00
4691,30050,100.00
4692,28897,0.00
4693,29378,50.00
4694,24844,0.00
4695,36058,0.00
4696,44949,0.00
4697,33074,0.00
4698,35307,100.00
4699,35828,0.00
4700,64518,100.00
4701,19239,0.00
4702,31082,100.00
4703,25442,0.00
4704,26415,100.00
4705,34964,100.00
4706,29221,100.00
4707,28022,100.00
4708,25152,0.00
4709,23206,100.00
4710,17310,0.00
4711,15015,50.00
4712,14336,0.00
4713,36333,0.00
4714,36627,100.00
4715,32905,0.00
4716,25276,50.00
4717,28873,0.00
4718,49598,100.00
4719,20387,0.00
4720,39581,0.00
4721,35527,100.00
4722,32732,100.00
4723,34340,100.00
4724,34642,100.00
4725,27842,0.00
4726,30231,50.00
4727,19762,0.00
4728,31615,100.00
4729,44889,0.00
4730,40418,0.00
4731,26869,100.00
4732,23365,0.00
4733,21335,100.00
4734,34447,100.00
4735,21202,0.00
4736,35822,100.00
4737,29039,100.00
4738,23903,100.00
4739,27340,0.00
4740,23067,100.00
4741,38280,100.00
4742,33735,100.00
4743,33245,100.00
4744,31961,0.00
4745,22434,50.00
4746,17488,0.00
4747,18425,100.00
4748,18949,0.00
4749,32751,0.00
4750,46438,0.00
4751,43651,50.00
4752,33037,0.00
4753,58598,100.00
4754,16710,0.00
4755,31216,100.00
4756,21475,0.00
4757,25425,100.00
4758,29650,100.00
4759,41359,100.00
4760,32846,100.00
4761,24390,0.00
4762,25835,100.00
4763,21514,100.00
4764,38043,100.00
4765,33340,0.00
4766,18558,100.00
4767,18380,0.00
4768,14838,0.00
4769,37453,0.00
4770,49644,100.00
4771,27871,0.00
4772,38533,50.00
4773,58120,100.00
4774,20075,0.00
4775,25460,100.00
4776,22493,100.00
4777,47469,100.00
4778,32254,0.00
4779,24652,100.00
4780,26057,100.00
4781,27451,100.00
4782,39819,100.00
4783,28631,0.00
4784,20503,100.00
4785,19303,0.00
4786,26369,100.00
4787,23739,0.00
4788,38157,0.00
4789,52812,0.00
4790,33726,100.00
4791,43927,0.00
4792,39808,50.00
4793,54187,100.00
4794,19972,0.00
4795,26313,100.00
4796,23621,100.00
4797,26186,0.00
4798,18373,100.00
4799,29907,0.00
4800,44588,100.00
4801,20422,100.00
4802,27831,0.00
4803,23717,0.00
4804,31627,100.00
4805,45595,100.00
4806,20559,0.00
4807,25784,100.00
4808,22539,100.00
4809,23817,100.00
4810,24404,0.00
4811,30702,100.00
4812,33832,100.00
4813,29741,100.00
4814,23747,100.00
4815,34297,0.00
4816,31253,100.00
4817,19474,0.00
4818,17500,100.00
4819,25272,0.00
4820,46192,0.00
4821,38222,0.00
4822,34192,0.00
4823,27795,50.00
4824,24058,0.00
4825,25482,100.00
4826,17891,0.00
4827,23522,100.00
4828,25397,0.00
4829,33168,100.00
4830,27874,100.00
4831,23830,100.00
4832,23445,100.00
4833,23108,0.00
4834,36946,100.00
4835,32638,100.00
4836,32598,100.00
4837,24030,0.00
4838,15571,50.00
4839,21016,0.00
4840,32268,0.00
4841,50394,0.00
4842,56318,0.00
4843,49368,50.00
4844,44417,0.00
4845,52305,100.00
4846,20177,0.00
4847,29325,100.00
4848,28557,0.00
4849,21592,100.00
4850,26290,100.00
4851,26149,100.00
4852,39128,100.00
4853,26512,0.00
4854,24232,100.00
4855,27149,100.00
4856,27657,0.00
4857,23249,50.00
4858,16952,0.00
4859,16439,100.00
4860,33990,0.00
4861,45387,0.00
4862,30752,0.00
4863,27529,50.00
4864,53692,100.00
4865,19802,0.00
4866,31862,100.00
4867,25176,100.00
4868,25140,100.00
4869,41966,100.00
4870,31695,0.00
4871,21947,100.00
4872,23647,100.00
4873,24172,100.00
4874,32459,100.00
4875,34988,0.00
4876,21452,100.00
4877,19862,0.00
4878,24448,100.00
4879,32049,0.00
4880,56786,0.00
4881,30010,0.00
4882,25458,0.00
4883,22452,50.00
4884,38750,100.00
4885,21214,0.00
4886,24779,100.00
4887,32985,100.00
4888,28288,100.00
4889,25662,100.00
4890,21387,0.00
4891,19954,100.00
4892,32082,0.00
4893,16131,50.00
4894,30811,0.00
4895,19683,0.00
4896,20415,100.00
4897,27125,100.00
4898,20395,0.00
4899,24110,100.00
4900,35159,100.00
4901,29149,100.00
4902,27438,100.00
4903,24380,0.00
4904,38144,100.00
4905,30215,100.00
4906,31486,100.00
4907,28698,100.00
4908,25883,0.00
4909,20197,50.00
4910,17906,0.00
4911,18869,100.00
4912,42414,0.00
4913,50361,0.00
4914,57526,0.00
4915,42477,0.00
4916,59700,100.00
4917,20135,0.00
4918,25933,100.00
4919,22403,100.00
4920,25096,0.00
4921,24668,100.00
4922,25138,100.00
4923,44599,100.00
4924,29494,100.00
4925,27190,0.00
4926,24899,100.00
4927,38357,100.00
4928,28471,100.00
4929,21917,0.00
4930,17377,50.00
4931,15037,0.00
4932,39586,0.00
4933,56006,0.00
4934,41610,100.00
4935,33656,0.00
4936,45973,100.00
4937,50206,100.00
4938,20579,0.00
4939,24135,100.00
4940,43175,100.00
4941,31076,100.00
4942,21739,0.00
4943,22594,100.00
4944,27301,100.00
4945,30113,100.00
4946,34119,100.00
4947,23242,0.00
4948,24299,100.00
4949,20495,0.00
4950,28828,100.00
4951,18599,0.00
4952,45119,0.00
4953,46916,0.00
4954,24916,100.00
4955,25641,0.00
4956,27790,50.00
4957,47078,100.00
4958,19042,0.00
4959,25729,100.00
4960,28455,100.00
4961,25247,100.00
4962,21770,0.00
4963,31653,0.00
4964,30615,50.00
4965,27186,100.00
4966,31535,0.00
4967,23744,0.00
4968,22560,100.00
4969,29787,100.00
4970,52653,100.00
4971,20156,0.00
4972,21183,100.00
4973,22912,100.00
4974,25532,100.00
4975,35023,0.00
4976,31477,100.00
4977,32642,100.00
4978,27787,100.00
4979,23908,100.00
4980,46508,0.00
4981,36967,100.00
4982,36137,0.00
4983,23717,100.00
4984,39438,0.00
4985,55785,0.00
4986,64738,0.00
4987,34160,0.00
4988,34257,100.00
4989,39519,100.00
4990,18644,0.00
4991,29217,100.00
4992,25123,100.00
4993,26018,100.00
4994,39689,100.00
4995,34388,0.00
4996,27237,100.00
4997,23746,100.00
4998,36426,100.00
4999,30364,100.00
5000,50197,0.00
5001,27915,100.00
5002,26917,100.00
5003,19154,0.00
5004,19911,0.00
5005,31535,0.00
5006,43413,0.00
5007,42374,100.00
5008,35578,0.00
5009,36710,100.00
5010,37032,0.00
5011,35620,100.00
5012,30359,100.00
5013,22726,100.00
5014,21411,100.00
5015,23916,0.00
5016,25509,100.00
5017,34498,100.00
5018,28870,100.00
5019,25645,100.00
5020,27901,0.00
5021,33156,100.00
5022,26080,100.00
5023,15875,0.00
5024,22812,0.00
5025,18960,0.00
5026,37609,0.00
5027,42925,100.00
5028,36085,0.00
5029,36946,100.00
5030,62126,100.00
5031,19527,0.00
5032,22052,100.00
5033,25906,100.00
5034,21405,100.00
5035,51794,0.00
5036,32901,100.00
5037,25445,100.00
5038,25552,100.00
5039,21090,100.00
5040,41953,0.00
5041,26701,50.00
5042,16860,0.00
5043,20018,100.00
5044,34929,0.00
5045,54395,0.00
5046,37076,50.00
5047,44254,0.00
5048,34861,50.00
5049,46592,100.00
5050,21573,0.00
5051,25090,100.00
5052,47894,100.00
5053,29852,100.00
5054,26673,0.00
5055,27291,100.00
5056,19695,0.00
5057,46222,50.00
5058,17243,0.00
5059,33807,0.00
5060,22374,50.00
5061,22127,0.00
5062,31131,100.00
5063,20594,0.00
5064,25278,100.00
5065,42087,0.00
5066,33799,100.00
5067,26521,100.00
5068,26470,100.00
5069,34538,100.00
5070,29701,0.00
5071,27758,100.00
5072,25486,100.00
5073,24006,100.00
5074,20687,0.00
5075,23349,100.00
5076,18270,0.00
5077,48471,0.00
5078,48478,0.00
5079,57484,0.00
5080,45734,100.00
5081,59685,100.00
5082,17251,0.00
5083,28284,100.00
5084,22618,100.00
5085,23332,100.00
5086,25597,100.00
5087,28201,0.00
5088,37579,100.00
5089,27686,100.00
5090,26814,100.00
5091,24337,100.00
5092,38491,0.00
5093,29811,100.00
5094,14898,0.00
5095,16994,100.00
5096,16380,0.00
5097,33656,0.00
5098,38327,0.00
5099,29129,100.00
5100,32549,0.00
5101,62756,100.00
5102,20976,0.00
5103,20782,100.00
5104,21566,0.00
5105,49567,100.00
5106,33681,100.00
5107,24648,100.00
5108,24287,100.00
5109,23754,0.00
5110,44324,100.00
5111,29027,100.00
5112,26128,100.00
5113,22273,0.00
5114,26590,50.00
5115,36387,0.00
5116,22616,0.00
5117,41537,0.00
5118,57052,50.00
5119,32548,0.00
5120,43618,100.00
5121,33209,0.00
5122,65629,100.00
5123,20291,0.00
5124,23913,0.00
5125,25020,100.00
5126,24847,100.00
5127,33115,0.00
5128,28147,50.00
5129,22563,0.00
5130,25821,100.00
5131,29575,0.00
5132,22436,50.00
5133,28699,0.00
5134,57988,100.00
5135,19863,0.00
5136,20086,100.00
5137,21183,0.00
5138,23524,100.00
5139,36951,100.00
5140,36788,100.00
5141,36688,100.00
5142,27509,0.00
5143,33330,100.00
5144,32239,100.00
5145,29283,100.00
5146,27102,0.00
5147,21434,100.00
5148,26292,0.00
5149,28949,0.00
5150,30718,0.00
5151,65766,0.00
5152,41201,50.00
5153,35586,0.00
5154,32241,100.00
5155,35569,100.00
5156,19445,0.00
5157,25922,0.00
5158,51953,100.00
5159,31065,100.00
5160,28632,100.00
5161,27866,100.00
5162,39163,0.00
5163,34223,100.00
5164,30050,100.00
5165,37110,100.00
5166,48219,0.00
5167,24871,0.00
5168,42252,100.00
5169,30923,0.00
5170,52573,0.00
5171,59134,0.00
5172,58888,100.00
5173,32249,0.00
5174,34957,100.00
5175,52557,100.00
5176,19249,0.00
5177,28102,100.00
5178,26966,100.00
5179,24749,100.00
5180,32261,0.00
5181,31700,100.00
5182,24141,100.00
5183,20208,100.00
5184,27101,100.00
5185,24433,0.00
5186,27736,50.00
5187,27252,0.00
5188,18087,100.00
5189,16806,0.00
5190,21896,0.00
5191,47744,50.00
5192,35163,0.00
5193,34038,50.00
5194,37329,0.00
5195,35443,100.00
5196,20948,0.00
5197,22426,0.00
5198,23458,100.00
5199,32313,100.00
5200,30488,100.00
5201,31481,100.00
5202,25225,0.00
5203,36357,100.00
5204,30966,100.00
5205,19230,0.00
5206,12951,0.00
5207,17466,50.00
5208,25600,0.00
5209,36448,100.00
5210,24917,0.00
5211,25346,0.00
5212,25467,100.00
5213,31232,0.00
5214,52737,100.00
5215,19109,0.00
5216,28379,100.00
5217,22571,0.00
5218,19104,100.00
5219,19113,0.00
5220,29076,50.00
5221,34517,0.00
5222,20960,100.00
5223,24441,100.00
5224,22516,0.00
5225,23773,0.00
5226,45267,100.00
5227,20895,0.00
5228,31318,0.00
5229,22381,100.00
5230,18633,100.00
5231,25181,100.00
5232,23769,100.00
5233,32539,0.00
5234,37669,100.00
5235,40385,100.00
5236,23459,100.00
5237,20199,0.00
5238,17553,100.00
5239,18362,0.00
5240,18977,0.00
5241,37996,0.00
5242,51822,50.00
5243,29048,0.00
5244,27710,50.00
5245,21448,0.00
5246,61674,100.00
5247,18739,0.00
5248,23305,0.00
5249,28454,100.00
5250,39947,100.00
5251,42155,100.00
5252,21986,100.00
5253,18361,0.00
5254,24204,100.00
5255,25229,100.00
5256,36497,0.00
5257,25543,50.00
5258,18478,0.00
5259,17593,100.00
5260,18481,0.00
5261,49918,0.00
5262,31823,0.00
5263,38030,100.00
5264,38610,0.00
5265,44579,100.00
5266,21273,0.00
5267,23513,100.00
5268,34497,0.00
5269,28336,100.00
5270,31736,100.00
5271,28375,100.00
5272,27744,100.00
5273,38979,0.00
5274,28966,100.00
5275,23719,100.00
5276,20367,0.00
5277,19591,100.00
5278,25851,0.00
5279,21944,100.00
5280,15891,0.00
5281,63991,0.00
5282,36754,50.00
5283,50067,0.00
5284,33752,100.00
5285,45541,0.00
5286,57094,100.00
5287,20289,0.00
5288,21141,0.00
5289,25390,100.00
5290,23520,100.00
5291,40068,100.00
5292,29107,100.00
5293,25881,0.00
5294,18805,0.00
5295,16294,100.00
5296,24921,100.00
5297,25082,0.00
5298,30718,50.00
5299,32552,0.00
5300,23570,100.00
5301,26178,0.00
5302,36258,100.00
5303,21168,0.00
5304,35617,0.00
5305,34299,100.00
5306,32295,100.00
5307,36506,100.00
5308,35698,100.00
5309,23600,0.00
5310,24029,100.00
5311,22058,0.00
5312,24400,100.00
5313,24187,0.00
5314,32517,50.00
5315,24369,0.00
5316,19791,50.00
5317,23488,0.00
5318,25901,0.00
5319,36423,100.00
5320,17616,0.00
5321,32275,100.00
5322,24161,100.00
5323,22166,0.00
5324,26627,100.00
5325,22950,100.00
5326,36938,100.00
5327,36577,100.00
5328,29642,0.00
5329,21277,50.00
5330,17339,0.00
5331,15971,100.00
5332,18279,0.00
5333,30445,0.00
5334,46546,0.00
5335,39457,100.00
5336,24170,0.00
5337,24479,100.00
5338,63095,100.00
5339,18522,0.00
5340,21299,100.00
5341,25080,100.00
5342,25891,100.00
5343,51648,0.00
5344,40131,100.00
5345,24432,100.00
5346,24004,100.00
5347,27032,100.00
5348,32250,0.00
5349,34384,100.00
5350,15341,0.00
5351,16361,100.00
5352,16290,0.00
5353,32401,0.00
5354,36480,0.00
5355,23717,100.00
5356,38121,0.00
5357,35856,100.00
5358,43081,100.00
5359,20738,0.00
5360,22260,100.00
5361,36301,100.00
5362,27031,100.00
5363,24190,0.00
5364,24511,100.00
5365,32313,100.00
5366,30584,100.00
5367,21793,0.00
5368,13705,50.00
5369,18608,0.00
5370,22682,0.00
5371,21316,50.00
5372,55256,0.00
5373,34613,50.00
5374,34477,0.00
5375,38759,0.00
5376,55298,66.67
5377,19237,0.00
5378,31010,100.00
5379,29845,100.00
5380,24767,0.00
5381,25387,100.00
5382,20374,0.00
5383,33176,100.00
5384,25283,0.00
5385,21405,100.00
5386,24703,100.00
5387,22048,0.00
5388,25621,0.00
5389,45543,100.00
5390,21051,0.00
5391,29560,100.00
5392,22253,100.00
5393,25342,0.00
5394,23786,100.00
5395,30855,100.00
5396,33692,100.00
5397,31866,100.00
5398,27959,0.00
5399,33824,100.00
5400,27546,100.00
5401,21899,0.00
5402,22786,0.00
5403,26282,100.00
5404,44445,0.00
5405,43265,0.00
5406,51957,0.00
5407,30583,50.00
5408,34262,0.00
5409,35825,100.00
5410,19453,0.00
5411,24094,0.00
5412,27199,100.00
5413,32779,100.00
5414,33302,100.00
5415,28215,100.00
5416,25978,0.00
5417,24931,100.00
5418,41337,100.00
5419,33612,100.00
5420,25046,0.00
5421,18921,50.00
5422,16731,0.00
5423,35101,0.00
5424,46704,0.00
5425,35099,0.00
5426,34323,100.00
5427,35209,0.00
5428,38118,100.00
5429,18594,0.00
5430,31807,100.00
5431,26928,0.00
5432,26528,100.00
5433,25396,100.00
5434,25276,100.00
5435,23757,100.00
5436,34758,0.00
5437,24906,100.00
5438,22886,100.00
5439,26141,0.00
5440,26029,100.00
5441,29335,0.00
5442,19864,100.00
5443,25924,0.00
5444,59841,0.00
5445,28160,0.00
5446,43138,100.00
5447,33516,0.00
5448,68209,66.67
5449,20227,0.00
5450,22836,100.00
5451,25425,0.00
5452,25044,100.00
5453,32591,100.00
5454,26385,100.00
5455,27858,100.00
5456,25851,0.00
5457,25264,100.00
5458,16749,0.00
5459,16053,50.00
5460,14071,0.00
5461,32751,0.00
5462,37251,50.00
5463,33578,0.00
5464,22207,50.00
5465,24104,0.00
5466,47920,100.00
5467,20594,0.00
5468,35178,0.00
5469,29231,100.00
5470,36663,100.00
5471,33058,100.00
5472,24908,100.00
5473,18754,0.00
5474,24093,0.00
5475,91669,100.00
5476,59559,0.00
5477,71085,50.00
5478,54093,100.00
5479,47844,0.00
5480,64668,0.00
5481,65929,50.00
5482,71540,0.00
5483,106286,100.00
5484,25763,0.00
5485,200130,0.00
5486,72377,100.00
5487,48601,0.00
5488,68261,100.00
5489,67410,100.00
5490,58628,100.00
5491,62412,0.00
5492,60221,100.00
5493,59270,100.00
5494,67389,0.00
5495,62318,100.00
5496,49794,100.00
5497,53450,0.00
5498,47223,50.00
5499,41736,0.00
5500,56843,0.00
5501,47503,0.00
5502,70164,0.00
5503,60313,0.00
5504,73145,100.00
5505,62611,0.00
5506,73099,100.00
5507,22628,0.00
5508,52015,100.00
5509,21352,100.00
5510,22299,100.00
5511,21896,0.00
5512,26084,100.00
5513,27095,100.00
5514,39355,100.00
5515,45869,100.00
5516,58434,0.00
5517,53336,100.00
5518,48453,100.00
5519,29579,100.00
5520,26784,0.00
5521,19653,100.00
5522,22142,0.00
5523,48615,0.00
5524,50955,0.00
5525,55411,0.00
5526,66683,0.00
5527,63981,100.00
5528,20854,0.00
5529,44282,100.00
5530,39026,100.00
5531,43159,100.00
5532,35235,0.00
5533,22019,100.00
5534,22134,100.00
5535,24264,100.00
5536,23529,100.00
5537,25299,0.00
5538,26487,100.00
5539,38079,100.00
5540,40620,100.00
5541,32336,0.00
5542,36379,50.00
5543,39654,0.00
5544,56278,0.00
5545,56173,0.00
5546,54479,0.00
5547,49468,0.00
5548,56856,100.00
5549,21717,0.00
5550,26259,0.00
5551,24790,100.00
5552,25087,100.00
5553,50315,100.00
5554,41560,100.00
5555,41794,0.00
5556,34126,100.00
5557,80495,50.00
5558,127081,0.00
5559,154360,0.00
5560,63857,0.00
5561,41894,100.00
5562,51599,50.00
5563,18539,0.00
5564,26922,100.00
5565,33924,100.00
5566,47495,100.00
5567,42795,0.00
5568,29769,100.00
5569,47811,100.00
5570,34804,100.00
5571,23378,100.00
5572,25244,0.00
5573,25744,100.00
5574,27467,100.00
5575,38384,100.00
5576,34241,0.00
5577,27204,100.00
5578,39425,0.00
5579,40474,0.00
5580,49765,0.00
5581,48567,0.00
5582,54796,0.00
5583,53790,100.00
5584,20248,0.00
5585,20646,0.00
5586,21564,100.00
5587,20719,100.00
5588,22869,100.00
5589,26166,100.00
5590,41831,0.00
5591,41720,100.00
5592,42070,100.00
5593,38431,100.00
5594,26860,100.00
5595,27071,0.00
5596,24907,100.00
5597,25360,100.00
5598,28485,0.00
5599,27238,0.00
5600,45528,0.00
5601,54018,0.00
5602,55659,0.00
5603,57182,0.00
5604,65966,100.00
5605,72315,100.00
5606,20151,0.00
5607,37030,100.00
5608,22991,100.00
5609,22406,100.00
5610,20424,100.00
5611,21066,0.00
5612,22125,100.00
5613,24768,100.00
5614,24660,100.00
5615,53338,100.00
5616,46980,0.00
5617,47069,100.00
5618,32885,100.00
5619,27161,0.00
5620,37135,0.00
5621,53802,0.00
5622,53837,0.00
5623,53214,0.00
5624,53819,0.00
5625,69093,100.00
5626,21338,0.00
5627,28746,100.00
5628,27161,100.00
5629,46686,0.00
5630,39767,100.00
5631,46431,100.00
5632,34430,100.00
5633,28571,100.00
5634,21214,0.00
5635,21429,100.00
5636,20088,100.00
5637,22124,100.00
5638,26707,100.00
5639,33505,0.00
5640,54110,100.00
5641,47029,100.00
5642,47188,0.00
5643,53617,0.00
5644,55137,0.00
5645,58237,0.00
5646,68029,0.00
5647,58999,100.00
5648,18808,0.00
5649,21161,0.00
5650,21978,100.00
5651,24402,100.00
5652,27191,100.00
5653,25783,100.00
5654,41926,0.00
5655,48282,100.00
5656,50603,100.00
5657,22574,100.00
5658,33641,0.00
5659,36364,0.00
5660,39465,0.00
5661,60028,0.00
5662,61283,100.00
5663,17458,0.00
5664,20988,100.00
5665,19286,0.00
5666,62910,100.00
5667,51984,0.00
5668,63477,100.00
5669,46190,100.00
5670,60757,0.00
5671,44390,100.00
5672,34559,100.00
5673,34144,100.00
5674,27659,100.00
5675,23540,0.00
5676,25580,100.00
5677,27111,100.00
5678,25679,100.00
5679,34544,0.00
5680,49560,0.00
5681,45920,0.00
5682,43220,0.00
5683,48990,0.00
5684,86927,0.00
5685,68743,100.00
5686,22394,0.00
5687,27799,100.00
5688,20871,100.00
5689,22336,100.00
5690,19189,100.00
5691,19734,0.00
5692,18975,100.00
5693,23372,100.00
5694,24633,100.00
5695,35714,100.00
5696,54809,0.00
5697,46185,100.00
5698,24414,100.00
5699,31746,100.00
5700,20565,100.00
5701,19432,0.00
5702,37048,0.00
5703,38082,0.00
5704,40142,0.00
5705,41282,0.00
5706,39631,0.00
5707,64554,100.00
5708,22369,0.00
5709,24794,0.00
5710,47290,100.00
5711,42753,100.00
5712,38586,100.00
5713,20693,100.00
5714,21764,0.00
5715,20063,100.00
5716,19167,100.00
5717,19671,100.00
5718,21876,100.00
5719,25138,0.00
5720,30957,100.00
5721,53518,100.00
5722,46720,100.00
5723,22712,0.00
5724,43579,0.00
5725,57329,0.00
5726,57468,0.00
5727,67594,0.00
5728,56465,0.00
5729,71933,100.00
5730,23322,0.00
5731,24041,100.00
5732,24910,0.00
5733,29016,100.00
5734,26056,100.00
5735,34145,100.00
5736,48272,100.00
5737,48681,0.00
5738,35799,100.00
5739,21809,100.00
5740,35408,0.00
5741,48685,0.00
5742,51037,0.00
5743,69208,0.00
5744,65333,100.00
5745,19633,0.00
5746,19873,0.00
5747,23970,100.00
5748,26757,100.00
5749,26571,100.00
5750,57662,100.00
5751,55313,0.00
5752,35538,100.00
5753,27376,100.00
5754,24254,100.00
5755,21013,100.00
5756,23599,0.00
5757,28026,100.00
5758,32482,100.00
5759,34057,100.00
5760,43720,100.00
5761,51920,0.00
5762,51259,0.00
5763,53015,0.00
5764,58737,0.00
5765,60797,0.00
5766,674463,0.00
5767,20951,0.00
5768,16784,0.00
5769,23704,100.00
5770,65942,0.00
5771,26623,100.00
5772,63267,0.00
5773,20990,100.00
5774,19685,100.00
5775,21906,100.00
5776,25336,100.00
5777,35543,0.00
5778,46572,100.00
5779,46019,100.00
5780,35913,100.00
5781,26099,100.00
5782,26730,0.00
5783,24130,100.00
5784,26143,100.00
5785,28597,100.00
5786,22844,0.00
5787,54585,0.00
5788,57053,0.00
5789,58224,0.00
5790,63111,0.00
5791,61211,0.00
5792,59390,0.00
5793,70911,50.00
5794,31501,0.00
5795,63092,100.00
5796,68248,0.00
5797,64903,100.00
5798,272310,0.00
5799,20564,0.00
5800,69038,0.00
5801,18801,0.00
5802,29521,100.00
5803,45572,0.00
5804,27052,100.00
5805,44611,0.00
5806,40042,100.00
5807,37298,0.00
5808,69601,100.00
5809,17748,0.00
5810,15617,0.00
5811,15937,0.00
5812,153375,0.00
5813,52614,0.00
5814,21512,100.00
5815,56758,100.00
5816,68409,0.00
5817,71918,0.00
5818,77126,0.00
5819,69577,100.00
5820,21530,0.00
5821,62673,100.00
5822,34335,0.00
5823,28644,100.00
5824,23900,100.00
5825,39391,0.00
5826,60608,0.00
5827,141364,0.00
5828,774227,0.00
5829,157039,0.00
5830,39844,0.00
5831,56515,0.00
5832,57633,0.00
5833,69935,0.00
5834,69798,100.00
5835,266342,0.00
5836,74684,0.00
5837,22021,0.00
5838,108089,0.00
5839,70891,0.00
5840,83924,100.00
5841,73207,0.00
5842,60623,0.00
5843,7531318,0.00
5844,54711,100.00
5845,19522,0.00
5846,71466,0.00
5847,72706,0.00
5848,25197,100.00
5849,161789,0.00
5850,71216,0.00
5851,69926,100.00
5852,65658,100.00
5853,50478,0.00
5854,37957,100.00
5855,53482,100.00
5856,65807,0.00
5857,54139,100.00
5858,44219,0.00
5859,62149,100.00
5860,54568,0.00
5861,57501,100.00
5862,76724,100.00
5863,19769,0.00
5864,69583,100.00
5865,57642,0.00
5866,150082,0.00
5867,890462,0.00
5868,63784,0.00
5869,2746447,0.00
5870,43566,0.00
5871,69483,0.00
5872,59964,0.00
5873,54976,0.00
5874,784025,50.00
5875,29610,0.00
5876,68990,0.00
5877,608042,0.00
5878,30258,0.00
5879,17125,0.00
5880,15592,0.00
5881,438111,0.00
5882,33215,0.00
5883,21659,0.00
5884,61551,0.00
5885,53075,100.00
5886,78060,0.00
5887,67159,0.00
5888,69124,0.00
5889,68824,100.00
5890,322209,0.00
5891,190160,0.00
5892,72944,0.00
5893,404285,0.00
5894,67799,0.00
5895,2465974,100.00
5896,72053,0.00
5897,19851,0.00
5898,66823,0.00
5899,81978,0.00
5900,70624,100.00
5901,73796,0.00
5902,73503,0.00
5903,20601,0.00
5904,299040,100.00
5905,67585,0.00
5906,72575,0.00
5907,73149,0.00
5908,20097,0.00
5909,17606,0.00
5910,16767,0.00
5911,72949,100.00
5912,17988,0.00
5913,283901,0.00
5914,150513,100.00
5915,72742,0.00
5916,185226,100.00
5917,106722,0.00
5918,128428,100.00
5919,108711,0.00
5920,469906,0.00
5921,61901,0.00
5922,58903,0.00
5923,293721,100.00
5924,429071,0.00
5925,43551,0.00
5926,60008,0.00
5927,61140,0.00
5928,56133,0.00
5929,59439,0.00
5930,855574,0.00
5931,57230,0.00
5932,76535,0.00
5933,13217,0.00
5934,60797,0.00
5935,58468,0.00
5936,70179,0.00
5937,71322,0.00
5938,83847,0.00
5939,72952,0.00
5940,68584,100.00
5941,66606,0.00
5942,70610,0.00
5943,503078,100.00
5944,8718543,0.00
5945,53429,0.00
5946,19919,0.00
5947,6596019,100.00
5948,42838,0.00
5949,18302,0.00
5950,117737,0.00
5951,72496,0.00
5952,77287,0.00
5953,27126,100.00
5954,84536,0.00
5955,19965,0.00
5956,75152,0.00
5957,9360879,100.00
5958,23971,0.00
5959,17625,0.00
5960,87204,0.00
5961,20082,0.00
5962,73600,0.00
5963,66772,0.00
5964,71074,0.00
5965,73005,100.00
5966,71901,0.00
5967,348821,0.00
5968,73011,0.00
5969,97720,100.00
5970,71519,0.00
5971,109007,0.00
5972,70690,0.00
5973,70946,100.00
5974,71192,0.00
5975,68973,100.00
5976,803547,0.00
5977,62079,0.00
5978,65356,100.00
5979,68643,0.00
5980,190193,0.00
5981,69721,100.00
5982,73860,0.00
5983,20090,0.00
5984,17531,0.00
5985,971870,0.00
5986,45880,0.00
5987,70588,0.00
5988,66087,0.00
5989,72619,0.00
5990,68579,100.00
5991,72449,0.00
5992,71943,0.00
5993,76555,0.00
5994,67916,100.00
5995,71503,0.00
5996,71365,0.00
5997,488950,0.00
5998,70461,0.00
5999,224102,0.00
6000,82931,100.00
6001,72135,0.00
6002,62283,0.00
6003,69883,0.00
6004,80594,100.00
6005,57407,0.00
6006,58681,0.00
6007,58100,0.00
6008,58706,0.00
6009,57917,0.00
6010,60773,0.00
6011,58001,0.00
6012,58595,0.00
6013,64116,0.00
6014,58078,0.00
6015,61574,0.00
6016,73288,0.00
6017,70584,0.00
6018,68887,0.00
6019,71845,100.00
6020,355838,0.00
6021,163589,0.00
6022,192485,0.00
6023,503652,100.00
6024,70916,0.00
6025,72544,0.00
6026,73774,0.00
6027,47822,100.00
6028,73958,0.00
6029,70874,0.00
6030,66170,0.00
6031,63808,100.00
6032,65507,0.00
6033,68975,0.00
6034,335257,100.00
6035,65822,0.00
6036,69610,100.00
6037,70967,0.00
6038,17922484,100.00
6039,54744,0.00
6040,17536,0.00
6041,15624,0.00
6042,15003,0.00
6043,348929,0.00
6044,76303,100.00
6045,68761,0.00
6046,69448,100.00
6047,71922,0.00
6048,9393858,100.00
6049,56582,0.00
6050,6487808,0.00
6051,55220,100.00
6052,18934,0.00
6053,943185,0.00
6054,67875,0.00
6055,69960,0.00
6056,19316,0.00
6057,71937,0.00
6058,19091,0.00
6059,21772,100.00
6060,71343,0.00
6061,16634,0.00
6062,71106,100.00
6063,19085,0.00
6064,20929,100.00
6065,70957,0.00
6066,71046,0.00
6067,69738,0.00
6068,60225,0.00
6069,58478,0.00
6070,59644,0.00
6071,60204,0.00
6072,57221,0.00
6073,72211,0.00
6074,58064,0.00
6075,59063,0.00
6076,60607,0.00
6077,87105,50.00
6078,72657,0.00
6079,73138,0.00
6080,72565,0.00
6081,69961,0.00
6082,898086,100.00
6083,28042,0.00
6084,71085,0.00
6085,76332,100.00
6086,71572,0.00
6087,70574,100.00
6088,73160,0.00
6089,197914,0.00
6090,83397,0.00
6091,19425,0.00
6092,67543,100.00
6093,270366,0.00
6094,70911,100.00
6095,69157,0.00
6096,70362,0.00
6097,57900,100.00
6098,71756,0.00
6099,70747,0.00
6100,67717,0.00
6101,65961,100.00
6102,67442,0.00
6103,64397,100.00
6104,69521,100.00
6105,71508,0.00
6106,70107,100.00
6107,30682,0.00
6108,8601618,100.00
6109,31586,0.00
6110,16997,0.00
6111,16431,0.00
6112,66872,0.00
6113,65676,100.00
6114,67876,0.00
6115,89208,0.00
6116,30678,0.00
6117,57677,100.00
6118,60611,0.00
6119,57287,0.00
6120,24209,0.00
6121,60659,0.00
6122,26703,0.00
6123,57707,0.00
6124,59089,0.00
6125,59289,0.00
6126,58735,0.00
6127,70344,0.00
6128,66949,100.00
6129,70074,0.00
6130,74649,100.00
6131,20493,0.00
6132,21565,0.00
6133,68981,100.00
6134,74802,0.00
6135,19925,0.00
6136,74723,0.00
6137,20080,0.00
6138,72763,0.00
6139,23369,100.00
6140,66470,100.00
6141,65756,0.00
6142,72370,100.00
6143,68058,0.00
6144,72214,100.00
6145,73522,0.00
6146,40240,100.00
6147,30630,0.00
6148,49978,100.00
6149,62448,0.00
6150,60437,0.00
6151,73788,0.00
6152,59388,0.00
6153,58609,0.00
6154,73969,50.00
6155,16261,0.00
6156,22976,100.00
6157,71491,0.00
6158,17053,0.00
6159,18893,0.00
6160,24422,100.00
6161,27054,100.00
6162,27634,100.00
6163,69132,0.00
6164,69297,100.00
6165,49654,100.00
6166,41897,100.00
6167,31099,100.00
6168,26824,0.00
6169,40688,100.00
6170,47365,100.00
6171,32064,100.00
6172,52449,100.00
6173,56222,0.00
6174,58933,100.00
6175,34711,100.00
6176,59664,0.00
6177,72297,0.00
6178,63342,0.00
6179,211175,0.00
6180,61214,0.00
6181,62889,0.00
6182,73983,50.00
6183,19875,0.00
6184,26172,100.00
6185,23214,100.00
6186,24268,0.00
6187,20065,100.00
6188,24739,100.00
6189,29732,100.00
6190,27896,100.00
6191,82936,0.00
6192,56093,100.00
6193,23071,100.00
6194,22526,100.00
6195,24121,100.00
6196,26340,0.00
6197,27568,100.00
6198,31202,100.00
6199,42026,0.00
6200,57196,0.00
6201,67600,0.00
6202,60838,0.00
6203,66016,0.00
6204,63384,0.00
6205,71966,100.00
6206,20942,0.00
6207,66842,100.00
6208,63360,100.00
6209,26776,100.00
6210,22281,0.00
6211,25192,100.00
6212,34474,100.00
6213,22787,100.00
6214,21030,100.00
6215,24890,0.00
6216,32034,100.00
6217,38856,100.00
6218,59293,100.00
6219,51323,100.00
6220,32357,0.00
6221,26325,100.00
6222,44764,100.00
6223,57293,0.00
6224,61148,0.00
6225,64908,0.00
6226,59351,0.00
6227,61679,0.00
6228,61444,0.00
6229,90659,50.00
6230,20467,0.00
6231,17685,0.00
6232,30105,100.00
6233,68034,0.00
6234,28760,100.00
6235,61095,100.00
6236,60515,100.00
6237,30803,100.00
6238,24107,0.00
6239,27359,100.00
6240,20313,100.00
6241,49858,100.00
6242,25665,0.00
6243,25591,100.00
6244,28704,100.00
6245,25343,100.00
6246,60343,100.00
6247,50836,0.00
6248,60791,0.00
6249,60831,0.00
6250,74862,0.00
6251,63889,0.00
6252,63246,0.00
6253,220843,0.00
6254,24951,0.00
6255,71616,100.00
6256,74396,0.00
6257,40235,100.00
6258,30811,100.00
6259,25174,100.00
6260,26132,0.00
6261,25670,100.00
6262,22185,100.00
6263,55555,100.00
6264,56209,100.00
6265,27143,0.00
6266,48950,100.00
6267,53126,0.00
6268,53487,0.00
6269,60446,0.00
6270,57153,0.00
6271,70328,66.67
6272,18116,0.00
6273,18330,100.00
6274,20687,0.00
6275,23507,100.00
6276,26531,100.00
6277,25866,100.00
6278,63007,100.00
6279,56770,0.00
6280,23725,100.00
6281,23673,100.00
6282,25840,100.00
6283,22679,100.00
6284,24048,0.00
6285,27534,100.00
6286,25555,100.00
6287,21651,0.00
6288,49549,0.00
6289,54946,0.00
6290,60147,0.00
6291,62377,0.00
6292,58659,0.00
6293,76310,100.00
6294,21840,0.00
6295,24500,100.00
6296,25650,100.00
6297,23582,0.00
6298,21120,100.00
6299,20414,100.00
6300,20443,100.00
6301,24228,100.00
6302,26746,0.00
6303,38110,100.00
6304,56742,100.00
6305,50272,100.00
6306,61956,0.00
6307,56063,100.00
6308,25843,100.00
6309,46477,0.00
6310,46705,100.00
6311,57296,0.00
6312,53594,0.00
6313,63929,0.00
6314,56864,0.00
6315,58779,0.00
6316,71999,50.00
6317,22797,0.00
6318,28388,100.00
6319,23948,100.00
6320,57678,100.00
6321,57331,100.00
6322,29610,0.00
6323,23246,100.00
6324,23661,100.00
6325,20668,100.00
6326,20043,100.00
6327,18749,0.00
6328,24206,100.00
6329,26027,100.00
6330,45565,100.00
6331,53741,100.00
6332,41338,0.00
6333,26343,100.00
6334,32171,0.00
6335,64593,0.00
6336,55255,0.00
6337,49106,0.00
6338,57045,0.00
6339,54211,0.00
6340,67071,100.00
6341,19121,0.00
6342,24946,100.00
6343,29610,0.00
6344,26457,100.00
6345,38485,100.00
6346,48989,100.00
6347,48749,100.00
6348,24251,0.00
6349,23967,100.00
6350,22738,100.00
6351,20578,100.00
6352,20993,100.00
6353,22394,0.00
6354,56667,0.00
6355,54875,0.00
6356,62882,0.00
6357,55270,0.00
6358,70029,66.67
6359,22979,0.00
6360,35554,100.00
6361,55659,100.00
6362,54171,0.00
6363,26651,100.00
6364,33318,100.00
6365,25147,100.00
6366,21818,100.00
6367,24934,0.00
6368,26262,100.00
6369,24995,100.00
6370,45184,100.00
6371,49958,100.00
6372,49391,0.00
6373,32151,100.00
6374,56516,0.00
6375,61488,0.00
6376,61243,0.00
6377,80366,0.00
6378,71590,50.00
6379,19000,0.00
6380,23051,100.00
6381,19904,100.00
6382,20514,0.00
6383,24633,100.00
6384,26812,100.00
6385,31637,100.00
6386,61469,100.00
6387,53778,0.00
6388,24790,100.00
6389,22434,100.00
6390,22795,100.00
6391,22214,100.00
6392,29929,0.00
6393,36107,100.00
6394,25940,100.00
6395,48582,0.00
6396,58219,0.00
6397,60804,0.00
6398,65207,0.00
6399,60508,0.00
6400,71146,66.67
6401,20530,0.00
6402,59072,0.00
6403,30141,100.00
6404,25042,100.00
6405,23761,100.00
6406,20275,100.00
6407,22066,0.00
6408,41982,100.00
6409,28528,100.00
6410,25886,100.00
6411,56125,100.00
6412,56330,0.00
6413,37880,100.00
6414,40224,100.00
6415,25237,100.00
6416,21624,100.00
6417,50546,0.00
6418,58701,0.00
6419,66255,0.00
6420,59413,0.00
6421,58137,0.00
6422,73419,50.00
6423,21783,0.00
6424,27999,100.00
6425,27099,0.00
6426,56712,100.00
6427,56220,100.00
6428,37722,100.00
6429,24260,100.00
6430,24989,0.00
6431,22009,100.00
6432,25246,100.00
6433,19239,100.00
6434,21853,100.00
6435,31619,0.00
6436,32955,100.00
6437,55304,100.00
6438,48230,100.00
6439,65916,0.00
6440,63879,0.00
6441,56925,0.00
6442,61573,0.00
6443,59210,0.00
6444,71864,100.00
6445,19524,0.00
6446,25647,100.00
6447,22337,100.00
6448,24727,100.00
6449,28682,100.00
6450,27706,0.00
6451,44853,100.00
6452,61186,100.00
6453,61351,100.00
6454,24431,100.00
6455,23361,0.00
6456,54777,0.00
6457,58312,0.00
6458,60901,0.00
6459,69702,66.67
6460,17816,0.00
6461,19650,0.00
6462,21141,100.00
6463,24093,100.00
6464,24122,100.00
6465,25132,100.00
6466,63062,0.00
6467,53631,100.00
6468,43518,100.00
6469,25739,100.00
6470,24099,100.00
6471,22065,0.00
6472,22850,100.00
6473,25869,100.00
6474,37377,100.00
6475,24538,100.00
6476,54007,0.00
6477,51539,0.00
6478,57225,0.00
6479,61192,0.00
6480,61753,0.00
6481,57256,0.00
6482,59847,0.00
6483,72947,100.00
6484,26349,0.00
6485,29186,100.00
6486,27369,100.00
6487,21030,0.00
6488,21555,100.00
6489,19998,100.00
6490,27558,100.00
6491,36946,100.00
6492,44321,0.00
6493,54055,100.00
6494,48410,100.00
6495,32740,100.00
6496,23130,100.00
6497,26123,0.00
6498,24939,100.00
6499,27319,0.00
6500,46777,0.00
6501,54801,0.00
6502,56930,0.00
6503,58025,0.00
6504,58321,0.00
6505,72663,100.00
6506,22016,0.00
6507,38789,100.00
6508,50370,0.00
6509,55533,100.00
6510,24782,100.00
6511,26985,100.00
6512,24442,100.00
6513,19251,0.00
6514,19677,100.00
6515,20260,100.00
6516,23726,100.00
6517,25011,100.00
6518,43768,0.00
6519,46154,100.00
6520,44268,100.00
6521,33578,100.00
6522,19946,100.00
6523,52279,0.00
6524,61371,0.00
6525,61510,0.00
6526,60648,0.00
6527,60136,0.00
6528,71886,50.00
6529,21076,0.00
6530,24070,100.00
6531,27117,100.00
6532,26641,100.00
6533,22376,0.00
6534,51948,100.00
6535,51867,100.00
6536,22409,100.00
6537,20230,100.00
6538,23362,0.00
6539,20228,100.00
6540,20587,100.00
6541,21818,100.00
6542,22840,100.00
6543,28296,0.00
6544,46463,0.00
6545,48422,0.00
6546,52181,0.00
6547,50313,0.00
6548,72811,100.00
6549,23370,0.00
6550,63558,100.00
6551,52249,100.00
6552,23388,100.00
6553,21734,0.00
6554,25465,100.00
6555,21740,100.00
6556,22907,100.00
6557,25781,100.00
6558,24175,0.00
6559,22692,100.00
6560,49100,100.00
6561,48314,100.00
6562,27969,100.00
6563,43653,0.00
6564,46049,0.00
6565,50025,0.00
6566,59717,0.00
6567,54476,0.00
6568,66138,100.00
6569,20666,0.00
6570,18884,100.00
6571,20368,100.00
6572,22666,100.00
6573,23648,0.00
6574,26006,100.00
6575,50973,100.00
6576,48438,100.00
6577,34708,100.00
6578,26805,0.00
6579,24466,100.00
6580,20583,100.00
6581,25526,100.00
6582,30324,100.00
6583,25451,0.00
6584,20652,0.00
6585,44508,0.00
6586,47273,0.00
6587,46841,0.00
6588,48249,0.00
6589,46860,0.00
6590,63060,100.00
6591,19326,0.00
6592,27067,100.00
6593,22897,100.00
6594,24122,0.00
6595,19607,100.00
6596,19478,100.00
6597,19752,100.00
6598,23051,100.00
6599,25422,0.00
6600,23657,100.00
6601,53354,100.00
6602,47208,100.00
6603,20853,100.00
6604,30737,0.00
6605,20707,100.00
6606,21457,100.00
6607,38052,0.00
6608,52527,0.00
6609,53371,0.00
6610,53713,0.00
6611,51494,0.00
6612,75026,50.00
6613,23612,0.00
6614,26227,100.00
6615,24598,100.00
6616,60726,100.00
6617,60787,0.00
6618,27771,100.00
6619,22831,100.00
6620,23978,100.00
6621,20749,100.00
6622,20516,0.00
6623,19626,100.00
6624,23443,100.00
6625,27060,100.00
6626,31185,100.00
6627,70185,0.00
6628,58645,100.00
6629,28294,100.00
6630,58789,0.00
6631,55850,0.00
6632,62570,0.00
6633,54721,0.00
6634,51132,0.00
6635,60957,100.00
6636,40518,100.00
6637,17744,0.00
6638,27728,100.00
6639,30305,100.00
6640,27863,100.00
6641,23307,100.00
6642,59213,0.00
6643,59156,100.00
6644,25963,100.00
6645,20956,100.00
6646,51698,0.00
6647,55212,0.00
6648,56067,0.00
6649,65900,50.00
6650,17062,0.00
6651,32386,0.00
6652,21222,100.00
6653,23129,100.00
6654,26056,100.00
6655,26568,100.00
6656,64248,0.00
6657,55776,100.00
6658,29805,100.00
6659,24815,100.00
6660,28335,100.00
6661,24242,0.00
6662,24085,100.00
6663,28110,100.00
6664,33563,100.00
6665,24740,100.00
6666,56356,0.00
6667,52024,0.00
6668,61427,0.00
6669,60582,0.00
6670,59122,0.00
6671,58830,0.00
6672,58850,0.00
6673,69198,66.67
6674,21469,0.00
6675,24428,100.00
6676,24699,100.00
6677,21749,0.00
6678,20135,100.00
6679,19552,100.00
6680,24753,100.00
6681,26204,100.00
6682,53968,0.00
6683,55050,100.00
6684,39584,100.00
6685,27364,100.00
6686,24372,100.00
6687,28662,0.00
6688,23465,100.00
6689,26515,100.00
6690,25789,100.00
6691,53487,0.00
6692,75693,0.00
6693,61720,0.00
6694,76083,0.00
6695,57386,0.00
6696,80450,100.00
6697,73401,100.00
6698,20178,0.00
6699,64160,100.00
6700,24590,100.00
6701,25208,0.00
6702,25236,100.00
6703,23289,100.00
6704,20379,100.00
6705,19794,100.00
6706,23809,0.00
6707,27295,100.00
6708,51389,100.00
6709,53337,100.00
6710,54763,100.00
6711,28602,0.00
6712,25262,100.00
6713,66942,0.00
6714,59898,0.00
6715,107869,0.00
6716,65034,0.00
6717,62292,0.00
6718,70255,100.00
6719,20512,0.00
6720,69982,0.00
6721,30477,100.00
6722,34595,100.00
6723,25688,100.00
6724,57277,100.00
6725,55189,0.00
6726,56983,100.00
6727,22034,100.00
6728,24443,100.00
6729,22003,100.00
6730,21593,0.00
6731,19173,100.00
6732,27505,100.00
6733,25205,100.00
6734,28117,100.00
6735,55018,0.00
6736,58002,100.00
6737,57072,0.00
6738,55921,0.00
6739,69118,0.00
6740,61134,0.00
6741,195536,0.00
6742,106004,50.00
6743,60684,100.00
6744,18823,0.00
6745,24380,100.00
6746,29742,100.00
6747,29496,100.00
6748,68614,0.00
6749,31534,100.00
6750,26433,100.00
6751,55080,100.00
6752,59609,100.00
6753,28302,0.00
6754,40829,0.00
6755,79816,0.00
6756,59403,0.00
6757,66824,0.00
6758,71354,100.00
6759,21099,0.00
6760,23426,100.00
6761,21828,0.00
6762,21513,100.00
6763,24165,100.00
6764,26459,100.00
6765,29314,100.00
6766,56825,0.00
6767,49886,100.00
6768,25931,100.00
6769,25338,100.00
6770,21881,100.00
6771,21167,0.00
6772,33841,100.00
6773,27918,100.00
6774,27995,100.00
6775,46119,0.00
6776,61890,0.00
6777,62818,0.00
6778,58742,0.00
6779,72612,0.00
6780,73516,100.00
6781,21283,0.00
6782,67762,100.00
6783,26447,100.00
6784,57582,100.00
6785,28801,0.00
6786,36900,100.00
6787,22155,100.00
6788,21865,100.00
6789,23475,100.00
6790,25175,0.00
6791,26487,100.00
6792,55418,100.00
6793,52970,100.00
6794,36381,100.00
6795,30664,0.00
6796,22337,100.00
6797,22584,100.00
6798,54083,0.00
6799,61798,0.00
6800,58372,0.00
6801,63108,0.00
6802,72487,0.00
6803,88494,0.00
6804,66004,100.00
6805,36861,0.00
6806,26106,0.00
6807,57201,100.00
6808,55785,100.00
6809,36773,100.00
6810,21766,100.00
6811,24065,0.00
6812,21327,100.00
6813,27925,100.00
6814,18744,100.00
6815,22338,100.00
6816,27443,0.00
6817,31537,100.00
6818,63536,100.00
6819,57078,100.00
6820,23701,100.00
6821,55879,0.00
6822,67135,0.00
6823,62622,0.00
6824,140887,0.00
6825,63012,0.00
6826,69966,50.00
6827,21123,0.00
6828,23454,100.00
6829,27880,100.00
6830,27576,100.00
6831,28081,0.00
6832,22584,100.00
6833,57292,100.00
6834,54492,100.00
6835,33793,100.00
6836,25117,0.00
6837,26450,0.00
6838,49001,0.00
6839,54696,0.00
6840,59207,0.00
6841,71035,100.00
6842,17969,0.00
6843,21773,100.00
6844,21372,100.00
6845,25345,0.00
6846,27687,100.00
6847,55239,100.00
6848,54166,100.00
6849,40430,100.00
6850,27355,0.00
6851,25335,100.00
6852,21125,100.00
6853,23277,100.00
6854,25792,100.00
6855,33840,0.00
6856,23314,100.00
6857,53539,100.00
6858,56080,0.00
6859,61523,0.00
6860,59614,0.00
6861,60991,0.00
6862,64771,0.00
6863,60703,0.00
6864,71516,100.00
6865,19330,0.00
6866,25594,0.00
6867,22028,100.00
6868,20639,100.00
6869,20164,100.00
6870,23741,100.00
6871,27698,0.00
6872,25153,100.00
6873,58769,100.00
6874,55612,100.00
6875,27699,100.00
6876,25501,0.00
6877,27857,100.00
6878,21921,100.00
6879,27472,100.00
6880,25916,100.00
6881,32665,0.00
6882,52698,0.00
6883,56093,0.00
6884,58995,0.00
6885,60339,0.00
6886,69840,0.00
6887,68945,50.00
6888,21415,0.00
6889,55358,100.00
6890,57624,100.00
6891,24984,100.00
6892,22256,0.00
6893,21546,100.00
6894,19415,100.00
6895,18752,100.00
6896,18432,100.00
6897,24131,0.00
6898,25041,100.00
6899,55052,100.00
6900,50335,100.00
6901,42956,100.00
6902,26387,0.00
6903,24989,100.00
6904,21956,100.00
6905,45179,0.00
6906,45077,0.00
6907,49788,0.00
6908,56220,0.00
6909,52793,0.00
6910,67160,100.00
6911,20553,0.00
6912,24182,0.00
6913,26553,100.00
6914,23785,100.00
6915,57949,100.00
6916,58217,100.00
6917,23257,0.00
6918,23391,100.00
6919,24565,100.00
6920,22905,100.00
6921,21564,100.00
6922,23599,0.00
6923,24077,100.00
6924,30729,100.00
6925,34815,100.00
6926,56424,100.00
6927,58581,0.00
6928,55798,0.00
6929,57857,0.00
6930,57912,0.00
6931,57695,0.00
6932,71906,0.00
6933,19506,0.00
6934,25501,100.00
6935,25813,100.00
6936,24064,100.00
6937,23406,100.00
6938,27860,0.00
6939,27290,100.00
6940,24515,100.00
6941,60663,100.00
6942,62070,100.00
6943,23145,0.00
6944,46205,0.00
6945,113588,0.00
6946,58004,0.00
6947,61106,0.00
6948,70314,66.67
6949,21133,0.00
6950,20433,100.00
6951,19883,100.00
6952,19281,0.00
6953,25525,100.00
6954,26923,100.00
6955,50740,100.00
6956,47553,100.00
6957,44914,0.00
6958,29490,100.00
6959,24048,100.00
6960,21018,100.00
6961,24363,100.00
6962,36397,0.00
6963,25487,100.00
6964,22729,100.00
6965,29402,0.00
6966,43721,0.00
6967,50144,0.00
6968,53980,0.00
6969,58282,0.00
6970,77104,66.67
6971,21586,0.00
6972,60584,0.00
6973,28779,100.00
6974,21324,100.00
6975,25838,100.00
6976,20556,100.00
6977,19775,0.00
6978,20578,100.00
6979,23457,100.00
6980,27160,100.00
6981,36899,100.00
6982,51328,0.00
6983,43864,100.00
6984,26057,100.00
6985,25544,100.00
6986,23858,100.00
6987,22261,0.00
6988,49904,0.00
6989,56606,0.00
6990,67880,0.00
6991,60733,0.00
6992,62076,0.00
6993,69943,100.00
6994,22866,0.00
6995,26977,100.00
6996,23203,100.00
6997,61824,0.00
6998,61773,100.00
6999,22182,100.00
7000,40474,100.00
7001,24401,100.00
7002,20221,0.00
7003,20899,100.00
7004,18837,100.00
7005,22940,100.00
7006,25129,100.00
7007,27330,0.00
7008,64015,100.00
7009,56952,100.00
7010,25249,100.00
7011,21565,100.00
7012,50448,0.00
7013,51688,0.00
7014,57752,0.00
7015,65378,0.00
7016,52767,0.00
7017,73433,50.00
7018,22101,0.00
7019,22114,100.00
7020,24259,0.00
7021,27520,100.00
7022,26692,100.00
7023,46458,100.00
7024,54819,100.00
7025,58322,0.00
7026,27034,100.00
7027,20952,100.00
7028,21140,0.00
7029,55424,0.00
7030,61096,0.00
7031,61143,0.00
7032,67453,66.67
7033,19402,0.00
7034,20998,0.00
7035,24972,100.00
7036,26938,100.00
7037,25504,100.00
7038,64134,100.00
7039,55105,0.00
7040,24290,100.00
7041,21078,100.00
7042,24713,100.00
7043,25085,100.00
7044,24497,0.00
7045,30735,100.00
7046,27336,100.00
7047,24786,100.00
7048,58511,100.00
7049,56362,0.00
7050,46665,0.00
7051,55509,0.00
7052,62456,0.00
7053,57299,0.00
7054,54449,0.00
7055,59710,0.00
7056,67704,66.67
7057,20625,0.00
7058,24526,100.00
7059,21147,100.00
7060,20974,0.00
7061,19119,100.00
7062,23804,100.00
7063,26723,100.00
7064,42519,100.00
7065,53572,0.00
7066,46655,100.00
7067,27686,100.00
7068,26361,100.00
7069,21386,100.00
7070,31573,0.00
7071,25739,100.00
7072,26277,100.00
7073,36568,0.00
7074,52168,0.00
7075,59630,0.00
7076,56725,0.00
7077,58729,0.00
7078,50189,0.00
7079,68304,100.00
7080,20940,0.00
7081,58216,0.00
7082,27238,100.00
7083,27099,100.00
7084,24970,100.00
7085,19946,100.00
7086,21582,0.00
7087,20272,100.00
7088,24982,100.00
7089,27988,100.00
7090,41195,100.00
7091,54450,0.00
7092,51777,100.00
7093,38081,100.00
7094,25141,100.00
7095,20324,100.00
7096,46646,0.00
7097,61918,0.00
7098,61604,0.00
7099,59472,0.00
7100,57355,0.00
7101,65713,0.00
7102,73639,100.00
7103,23306,0.00
7104,27188,100.00
7105,30043,100.00
7106,58349,100.00
7107,55318,0.00
7108,27860,100.00
7109,20998,100.00
7110,23551,100.00
7111,20705,100.00
7112,21390,0.00
7113,20169,100.00
7114,25323,100.00
7115,31839,100.00
7116,27659,100.00
7117,55717,0.00
7118,50603,100.00
7119,57545,0.00
7120,53281,0.00
7121,63776,0.00
7122,56860,0.00
7123,61466,0.00
7124,71071,66.67
7125,20368,0.00
7126,24741,100.00
7127,21682,0.00
7128,22226,100.00
7129,26494,100.00
7130,25178,100.00
7131,24082,100.00
7132,59835,0.00
7133,59334,100.00
7134,34283,100.00
7135,21750,100.00
7136,29212,0.00
7137,62643,0.00
7138,51882,0.00
7139,53286,0.00
7140,71508,100.00
7141,18525,0.00
7142,20966,100.00
7143,21009,100.00
7144,23250,100.00
7145,27056,100.00
7146,23497,0.00
7147,64826,100.00
7148,53797,100.00
7149,24229,100.00
7150,23321,100.00
7151,21576,0.00
7152,20189,100.00
7153,28525,100.00
7154,31866,100.00
7155,26211,100.00
7156,41733,0.00
7157,48728,0.00
7158,60926,0.00
7159,54941,0.00
7160,55339,0.00
7161,52146,0.00
7162,72893,100.00
7163,20322,0.00
7164,23683,100.00
7165,25377,100.00
7166,23116,100.00
7167,20856,0.00
7168,20962,100.00
7169,20058,100.00
7170,25933,100.00
7171,27606,100.00
7172,39971,0.00
7173,47824,100.00
7174,52632,100.00
7175,27001,100.00
7176,32642,100.00
7177,21875,0.00
7178,20761,100.00
7179,49493,0.00
7180,70276,0.00
7181,55520,0.00
7182,61542,0.00
7183,59427,0.00
7184,68588,100.00
7185,43669,100.00
7186,21628,0.00
7187,24306,0.00
7188,56331,100.00
7189,55358,100.00
7190,24171,100.00
7191,21602,100.00
7192,23200,0.00
7193,19499,100.00
7194,19596,100.00
7195,19516,100.00
7196,26742,100.00
7197,26185,0.00
7198,39778,100.00
7199,51375,100.00
7200,46811,100.00
7201,27769,100.00
7202,32304,0.00
7203,41249,0.00
7204,53406,0.00
7205,62139,0.00
7206,62762,0.00
7207,58189,0.00
7208,72200,50.00
7209,19396,0.00
7210,24650,100.00
7211,26687,100.00
7212,28458,100.00
7213,26758,0.00
7214,56241,100.00
7215,52254,100.00
7216,29397,100.00
7217,21530,100.00
7218,23330,0.00
7219,21857,100.00
7220,20936,100.00
7221,22609,100.00
7222,38693,0.00
7223,54337,0.00
7224,62867,0.00
7225,78915,0.00
7226,64854,0.00
7227,71993,50.00
7228,22878,0.00
7229,35211,100.00
7230,50192,100.00
7231,46141,100.00
7232,27887,100.00
7233,26489,0.00
7234,22036,100.00
7235,20825,100.00
7236,25565,100.00
7237,28128,100.00
7238,25286,0.00
7239,38354,100.00
7240,44340,100.00
7241,59282,100.00
7242,27837,0.00
7243,91547,0.00
7244,58463,0.00
7245,77074,0.00
7246,63555,0.00
7247,55812,0.00
7248,68997,66.67
7249,20879,0.00
7250,20759,100.00
7251,20988,100.00
7252,20973,0.00
7253,24470,100.00
7254,25281,100.00
7255,41090,100.00
7256,53835,100.00
7257,48108,0.00
7258,31035,100.00
7259,23652,100.00
7260,21638,100.00
7261,21016,100.00
7262,34791,0.00
7263,28979,100.00
7264,26154,100.00
7265,54523,0.00
7266,137467,0.00
7267,58057,0.00
7268,62747,0.00
7269,66585,0.00
7270,77239,100.00
7271,21494,0.00
7272,62738,0.00
7273,24980,100.00
7274,23726,100.00
7275,24057,100.00
7276,20324,100.00
7277,20416,0.00
7278,20624,100.00
7279,24842,100.00
7280,25579,100.00
7281,32710,100.00
7282,55745,0.00
7283,55761,100.00
7284,29185,100.00
7285,24378,100.00
7286,21445,100.00
7287,23916,0.00
7288,62948,0.00
7289,55407,0.00
7290,76531,0.00
7291,59284,0.00
7292,61533,0.00
7293,75376,100.00
7294,22982,0.00
7295,25083,100.00
7296,24135,100.00
7297,61652,0.00
7298,57164,100.00
7299,22110,100.00
7300,21807,100.00
7301,24707,100.00
7302,22277,0.00
7303,21561,100.00
7304,20071,100.00
7305,24788,100.00
7306,27046,100.00
7307,30382,0.00
7308,64232,100.00
7309,52085,100.00
7310,51132,0.00
7311,51147,0.00
7312,46884,0.00
7313,54262,0.00
7314,51302,0.00
7315,69064,66.67
7316,18622,0.00
7317,24477,0.00
7318,21303,100.00
7319,23512,100.00
7320,26502,100.00
7321,26756,100.00
7322,23140,0.00
7323,54925,100.00
7324,54020,100.00
7325,23666,100.00
7326,23806,100.00
7327,63634,0.00
7328,59410,0.00
7329,71208,0.00
7330,63974,0.00
7331,67621,50.00
7332,17384,0.00
7333,20530,100.00
7334,19258,100.00
7335,25763,100.00
7336,26838,0.00
7337,41278,100.00
7338,54813,100.00
7339,46511,100.00
7340,29162,100.00
7341,26179,0.00
7342,24680,100.00
7343,22920,100.00
7344,26073,100.00
7345,25981,100.00
7346,25369,0.00
7347,46145,100.00
7348,41852,100.00
7349,56541,0.00
7350,60125,0.00
7351,61739,0.00
7352,155538,0.00
7353,65412,0.00
7354,73468,100.00
7355,37442,0.00
7356,48648,0.00
7357,28687,100.00
7358,39927,100.00
7359,21635,100.00
7360,21000,0.00
7361,20370,100.00
7362,25074,100.00
7363,27621,100.00
7364,52500,100.00
7365,54595,0.00
7366,44086,100.00
7367,38385,100.00
7368,25748,100.00
7369,24504,100.00
7370,24405,0.00
7371,53698,0.00
7372,66053,0.00
7373,60818,0.00
7374,59400,0.00
7375,59614,0.00
7376,73882,100.00
7377,23174,0.00
7378,25917,0.00
7379,52161,100.00
7380,51209,100.00
7381,59301,100.00
7382,24929,100.00
7383,22881,0.00
7384,21421,100.00
7385,20034,100.00
7386,20446,100.00
7387,23768,100.00
7388,25846,0.00
7389,26549,100.00
7390,63138,100.00
7391,60103,100.00
7392,35447,100.00
7393,28953,0.00
7394,92631,0.00
7395,59911,0.00
7396,61152,0.00
7397,68352,0.00
7398,58431,0.00
7399,57250,0.00
7400,70299,100.00
7401,20793,0.00
7402,24136,100.00
7403,27128,100.00
7404,26282,0.00
7405,25238,100.00
7406,67909,100.00
7407,62240,100.00
7408,43767,100.00
7409,25254,0.00
7410,24670,100.00
7411,21439,100.00
7412,21964,100.00
7413,20350,100.00
7414,34797,0.00
7415,63228,0.00
7416,57415,0.00
7417,60441,0.00
7418,57104,0.00
7419,62683,0.00
7420,73372,100.00
7421,19466,0.00
7422,58810,100.00
7423,57012,100.00
7424,29338,0.00
7425,26670,100.00
7426,22834,100.00
7427,24720,100.00
7428,27053,100.00
7429,30657,0.00
7430,25393,100.00
7431,50939,100.00
7432,53636,100.00
7433,55363,100.00
7434,41393,0.00
7435,51544,0.00
7436,58125,0.00
7437,58821,0.00
7438,63316,0.00
7439,72179,66.67
7440,20714,0.00
7441,23135,100.00
7442,20758,100.00
7443,19863,0.00
7444,23858,100.00
7445,27142,100.00
7446,24965,100.00
7447,63936,100.00
7448,58037,0.00
7449,24771,100.00
7450,28084,100.00
7451,22681,100.00
7452,21605,100.00
7453,24680,0.00
7454,32631,100.00
7455,24768,100.00
7456,37616,0.00
7457,53079,0.00
7458,49274,0.00
7459,51582,0.00
7460,58463,0.00
7461,55012,0.00
7462,68486,100.00
7463,19808,0.00
7464,27540,0.00
7465,20387,100.00
7466,24164,100.00
7467,20140,100.00
7468,21804,100.00
7469,28154,0.00
7470,23785,100.00
7471,28430,100.00
7472,25000,100.00
7473,57934,100.00
7474,62894,0.00
7475,31848,100.00
7476,25424,100.00
7477,24563,100.00
7478,23311,100.00
7479,55008,0.00
7480,64007,0.00
7481,62838,0.00
7482,69185,0.00
7483,65008,0.00
7484,64127,0.00
7485,75441,100.00
7486,23619,0.00
7487,27283,100.00
7488,53766,100.00
7489,47964,100.00
7490,54532,0.00
7491,53100,100.00
7492,23788,100.00
7493,22095,100.00
7494,19651,0.00
7495,18951,100.00
7496,22303,100.00
7497,24615,100.00
7498,31463,100.00
7499,46542,0.00
7500,54671,100.00
7501,46922,100.00
7502,45078,0.00
7503,56065,0.00
7504,63512,0.00
7505,63650,0.00
7506,72853,0.00
7507,64744,0.00
7508,73411,100.00
7509,21590,0.00
7510,22027,0.00
7511,23736,100.00
7512,27607,100.00
7513,26014,100.00
7514,23985,100.00
7515,53397,0.00
7516,56886,100.00
7517,23460,100.00
7518,22117,100.00
7519,48114,0.00
7520,56507,0.00
7521,66367,0.00
7522,67388,50.00
7523,18093,0.00
7524,21445,0.00
7525,20284,100.00
7526,22246,100.00
7527,23868,100.00
7528,26255,100.00
7529,54952,0.00
7530,51068,100.00
7531,39518,100.00
7532,25537,100.00
7533,23300,100.00
7534,21390,0.00
7535,22126,100.00
7536,31203,100.00
7537,27945,100.00
7538,24065,100.00
7539,45179,0.00
7540,42298,0.00
7541,46213,0.00
7542,52773,0.00
7543,58638,0.00
7544,57992,0.00
7545,61365,0.00
7546,69082,100.00
7547,21645,0.00
7548,23976,100.00
7549,23962,100.00
7550,20436,0.00
7551,20031,100.00
7552,19669,100.00
7553,23996,100.00
7554,25601,100.00
7555,41153,0.00
7556,42486,100.00
7557,43181,100.00
7558,30171,100.00
7559,20748,100.00
7560,27707,0.00
7561,21065,100.00
7562,24144,100.00
7563,25688,100.00
7564,43682,0.00
7565,53948,0.00
7566,56298,0.00
7567,66750,0.00
7568,64778,0.00
7569,60965,0.00
7570,67855,100.00
7571,20978,0.00
7572,55447,100.00
7573,36486,100.00
7574,21896,100.00
7575,25681,100.00
7576,20900,0.00
7577,20528,100.00
7578,19098,100.00
7579,22781,100.00
7580,31901,100.00
7581,24460,0.00
7582,61113,100.00
7583,55075,100.00
7584,23997,100.00
7585,22555,100.00
7586,23726,0.00
7587,40543,0.00
7588,40833,0.00
7589,45865,0.00
7590,51142,0.00
7591,63793,0.00
7592,70360,100.00
7593,19828,0.00
7594,25138,100.00
7595,28554,100.00
7596,25676,0.00
7597,53805,100.00
7598,51162,100.00
7599,54895,100.00
7600,22893,100.00
7601,25402,0.00
7602,20686,100.00
7603,18722,100.00
7604,19787,100.00
7605,23138,100.00
7606,34254,0.00
7607,27374,100.00
7608,51984,100.00
7609,47051,100.00
7610,44881,0.00
7611,51825,0.00
7612,54205,0.00
7613,57069,0.00
7614,59034,0.00
7615,71505,50.00
7616,19987,0.00
7617,23802,100.00
7618,24842,100.00
7619,22745,100.00
7620,23326,100.00
7621,25542,0.00
7622,25319,100.00
7623,28237,100.00
7624,52096,100.00
7625,55268,100.00
7626,25177,0.00
7627,52056,0.00
7628,51735,0.00
7629,53331,0.00
7630,52316,0.00
7631,66298,66.67
7632,17212,0.00
7633,19732,100.00
7634,20914,100.00
7635,22360,0.00
7636,25323,100.00
7637,25337,100.00
7638,53647,100.00
7639,50130,100.00
7640,28380,0.00
7641,24063,100.00
7642,23429,100.00
7643,22685,100.00
7644,22507,100.00
7645,38039,0.00
7646,25876,100.00
7647,19035,0.00
7648,51736,0.00
7649,57069,0.00
7650,53137,0.00
7651,60148,0.00
7652,56144,0.00
7653,72092,100.00
7654,20764,0.00
7655,27064,100.00
7656,24150,0.00
7657,23459,100.00
7658,20605,100.00
7659,19379,100.00
7660,18238,100.00
7661,23428,0.00
7662,25421,100.00
7663,24361,100.00
7664,58218,100.00
7665,51352,100.00
7666,24166,0.00
7667,31632,100.00
7668,23837,100.00
7669,21517,100.00
7670,45561,0.00
7671,53753,0.00
7672,61620,0.00
7673,57434,0.00
7674,59326,0.00
7675,57974,0.00
7676,73163,100.00
7677,22268,0.00
7678,25778,100.00
7679,55390,100.00
7680,56819,100.00
7681,60779,100.00
7682,25952,0.00
7683,24957,100.00
7684,26146,100.00
7685,22004,100.00
7686,19505,100.00
7687,23480,0.00
7688,24839,100.00
7689,25287,100.00
7690,54549,100.00
7691,49899,100.00
7692,32795,0.00
7693,53023,0.00
7694,52335,0.00
7695,59107,0.00
7696,53684,0.00
7697,54126,0.00
7698,58134,0.00
7699,65055,100.00
7700,19060,0.00
7701,27946,100.00
7702,26955,100.00
7703,28691,0.00
7704,27027,100.00
7705,39742,100.00
7706,38923,100.00
7707,50950,100.00
7708,24571,0.00
7709,21602,100.00
7710,39811,0.00
7711,52167,0.00
7712,58547,0.00
7713,62055,0.00
7714,55794,100.00
7715,18891,0.00
7716,22004,100.00
7717,24771,0.00
7718,27666,100.00
7719,25930,100.00
7720,59114,100.00
7721,53926,100.00
7722,28887,0.00
7723,24751,100.00
7724,23535,100.00
7725,22882,100.00
7726,24369,100.00
7727,27391,0.00
7728,34694,100.00
7729,23524,100.00
7730,50982,100.00
7731,67003,0.00
7732,119474,0.00
7733,58514,0.00
7734,55942,0.00
7735,60331,0.00
7736,58859,0.00
7737,74221,100.00
7738,20427,0.00
7739,22468,100.00
7740,21662,100.00
7741,27298,100.00
7742,20618,100.00
7743,19183,0.00
7744,24123,100.00
7745,26317,100.00
7746,51667,100.00
7747,58870,100.00
7748,51472,0.00
7749,33126,100.00
7750,27785,100.00
7751,23360,100.00
7752,24325,100.00
7753,26521,0.00
7754,26248,100.00
7755,47102,0.00
7756,49348,0.00
7757,54829,0.00
7758,56836,0.00
7759,66751,0.00
7760,74123,0.00
7761,64492,100.00
7762,21616,0.00
7763,58256,100.00
7764,26600,0.00
7765,23001,100.00
7766,35120,100.00
7767,36103,100.00
7768,21478,100.00
7769,20045,0.00
7770,22943,100.00
7771,26052,100.00
7772,32554,100.00
7773,57156,100.00
7774,51540,0.00
7775,30634,100.00
7776,25402,100.00
7777,21063,100.00
7778,42890,0.00
7779,46860,0.00
7780,47828,0.00
7781,55128,0.00
7782,50734,0.00
7783,57204,0.00
7784,53125,100.00
7785,21488,0.00
7786,24477,100.00
7787,24411,0.00
7788,49272,100.00
7789,53247,100.00
7790,23463,100.00
7791,20838,100.00
7792,23779,0.00
7793,18893,100.00
7794,19302,100.00
7795,18557,100.00
7796,23541,100.00
7797,26011,0.00
7798,47273,100.00
7799,46530,100.00
7800,42244,0.00
7801,46727,0.00
7802,59628,0.00
7803,60161,0.00
7804,49845,0.00
7805,64747,100.00
7806,19184,0.00
7807,24588,0.00
7808,24704,100.00
7809,23443,100.00
7810,25124,100.00
7811,25731,100.00
7812,24438,0.00
7813,46518,100.00
7814,49218,100.00
7815,47721,100.00
7816,22996,100.00
7817,38449,0.00
7818,60274,0.00
7819,56721,0.00
7820,58750,0.00
7821,70670,100.00
7822,18024,0.00
7823,20406,100.00
7824,18958,100.00
7825,24146,100.00
7826,25411,0.00
7827,25130,100.00
7828,62386,100.00
7829,52453,100.00
7830,27709,100.00
7831,21249,0.00
7832,22455,100.00
7833,20631,100.00
7834,23275,100.00
7835,37819,100.00
7836,25029,0.00
7837,31153,0.00
7838,53753,0.00
7839,52854,0.00
7840,54449,0.00
7841,51840,0.00
7842,52866,0.00
7843,72041,100.00
7844,21999,0.00
7845,22741,100.00
7846,23841,100.00
7847,24847,0.00
7848,19971,100.00
7849,19735,100.00
7850,18737,100.00
7851,23591,100.00
7852,27294,0.00
7853,25230,100.00
7854,59918,100.00
7855,51194,100.00
7856,23722,100.00
7857,31257,0.00
7858,22609,100.00
7859,19746,100.00
7860,36686,0.00
7861,37573,0.00
7862,46733,0.00
7863,56995,0.00
7864,56964,0.00
7865,56433,0.00
7866,84024,100.00
7867,22419,0.00
7868,26069,0.00
7869,53874,100.00
7870,51311,100.00
7871,55791,100.00
7872,24064,100.00
7873,22637,0.00
7874,21123,100.00
7875,19054,100.00
7876,18484,100.00
7877,25802,100.00
7878,26907,0.00
7879,25841,100.00
7880,60738,100.00
7881,47132,100.00
7882,23538,100.00
7883,20018,0.00
7884,56392,0.00
7885,55012,0.00
7886,52455,0.00
7887,52676,0.00
7888,52235,0.00
7889,64840,66.67
7890,18002,0.00
7891,21406,0.00
7892,25814,100.00
7893,28102,100.00
7894,24970,100.00
7895,42713,100.00
7896,51060,0.00
7897,54134,100.00
7898,24709,100.00
7899,20932,100.00
7900,20269,0.00
7901,58557,0.00
7902,66662,0.00
7903,57194,0.00
7904,65475,50.00
7905,18982,0.00
7906,19844,100.00
7907,24399,100.00
7908,27314,100.00
7909,25784,100.00
7910,62099,0.00
7911,58034,100.00
7912,24728,100.00
7913,22209,100.00
7914,22114,100.00
7915,21097,0.00
7916,24094,100.00
7917,26635,100.00
7918,35219,100.00
7919,36844,100.00
7920,43399,0.00
7921,42910,100.00
7922,38425,0.00
7923,50332,0.00
7924,57623,0.00
7925,60501,0.00
7926,58710,0.00
7927,59628,0.00
7928,68472,100.00
7929,19043,0.00
7930,22229,100.00
7931,19081,0.00
7932,19847,100.00
7933,18925,100.00
7934,23714,100.00
7935,24946,100.00
7936,52517,0.00
7937,48009,100.00
7938,39716,100.00
7939,25301,100.00
7940,23256,100.00
7941,20160,0.00
7942,29766,100.00
7943,27388,100.00
7944,25655,100.00
7945,34628,0.00
7946,51284,0.00
7947,53985,0.00
7948,49715,0.00
7949,52713,0.00
7950,75783,50.00
7951,22030,0.00
7952,47739,0.00
7953,50613,100.00
7954,27489,100.00
7955,22519,100.00
7956,21813,100.00
7957,29507,0.00
7958,20942,100.00
7959,18800,100.00
7960,24044,100.00
7961,26308,100.00
7962,41610,0.00
7963,49159,100.00
7964,43677,100.00
7965,32198,100.00
7966,26018,100.00
7967,22815,0.00
7968,41950,0.00
7969,55431,0.00
7970,60396,0.00
7971,60414,0.00
7972,58037,0.00
7973,60850,0.00
7974,77412,100.00
7975,23255,0.00
7976,26614,100.00
7977,23479,0.00
7978,58358,100.00
7979,59080,100.00
7980,22976,100.00
7981,22518,100.00
7982,23859,0.00
7983,18541,100.00
7984,19632,100.00
7985,19179,100.00
7986,23830,100.00
7987,33869,0.00
7988,27997,100.00
7989,61204,100.00
7990,52584,100.00
7991,58116,0.00
7992,59027,0.00
7993,60383,0.00
7994,58786,0.00
7995,60677,0.00
7996,70360,100.00
7997,22120,0.00
7998,24899,100.00
7999,22226,100.00
8000,59963,100.00
8001,26347,100.00
8002,24328,0.00
8003,21662,100.00
8004,58213,100.00
8005,55401,100.00
8006,23150,100.00
8007,21106,0.00
8008,61629,0.00
8009,51317,0.00
8010,50621,0.00
8011,52145,0.00
8012,65981,100.00
8013,18327,0.00
8014,20203,100.00
8015,22604,100.00
8016,26996,0.00
8017,27578,100.00
8018,27574,100.00
8019,61832,100.00
8020,51982,100.00
8021,23342,0.00
8022,27100,100.00
8023,22650,100.00
8024,20519,100.00
8025,24319,100.00
8026,36019,0.00
8027,25853,100.00
8028,37392,0.00
8029,57614,0.00
8030,47024,0.00
8031,49006,0.00
8032,44944,0.00
8033,46546,0.00
8034,74738,100.00
8035,21550,0.00
8036,24988,100.00
8037,25191,0.00
8038,24974,100.00
8039,24276,100.00
8040,20838,100.00
8041,19005,100.00
8042,23757,0.00
8043,27119,100.00
8044,35674,100.00
8045,55468,100.00
8046,53745,100.00
8047,38028,0.00
8048,27988,100.00
8049,23106,100.00
8050,20923,100.00
8051,53240,0.00
8052,66429,0.00
8053,52665,0.00
8054,57677,0.00
8055,64813,0.00
8056,67822,50.00
8057,22331,0.00
8058,25861,100.00
8059,22927,100.00
8060,58960,100.00
8061,58585,100.00
8062,26579,0.00
8063,22529,100.00
8064,24500,100.00
8065,19852,100.00
8066,19477,100.00
8067,18617,0.00
8068,22747,100.00
8069,26908,100.00
8070,36763,100.00
8071,57983,100.00
8072,48765,0.00
8073,26440,100.00
8074,28203,0.00
8075,40094,0.00
8076,48211,0.00
8077,47516,0.00
8078,61373,0.00
8079,53416,0.00
8080,68386,66.67
8081,18792,0.00
8082,21690,100.00
8083,26822,0.00
8084,28610,100.00
8085,26541,100.00
8086,46989,100.00
8087,46564,100.00
8088,49107,0.00
8089,19387,100.00
8090,21235,100.00
8091,20057,100.00
8092,19822,100.00
8093,18348,0.00
8094,33330,0.00
8095,49423,0.00
8096,54488,0.00
8097,54151,0.00
8098,63669,0.00
8099,64675,100.00
8100,22332,0.00
8101,40620,100.00
8102,55844,100.00
8103,48318,0.00
8104,29014,100.00
8105,24378,100.00
8106,20250,100.00
8107,22735,100.00
8108,25676,0.00
8109,24564,100.00
8110,21811,100.00
8111,46303,100.00
8112,50578,100.00
8113,38706,0.00
8114,42372,0.00
8115,53684,0.00
8116,57628,0.00
8117,55139,0.00
8118,55725,0.00
8119,67310,100.00
8120,21841,0.00
8121,21957,100.00
8122,21439,100.00
8123,20262,0.00
8124,23229,100.00
8125,26603,100.00
8126,24350,100.00
8127,53769,100.00
8128,46239,0.00
8129,24412,100.00
8130,24396,100.00
8131,24239,100.00
8132,21630,100.00
8133,25325,0.00
8134,28036,100.00
8135,25031,100.00
8136,39004,0.00
8137,41619,0.00
8138,40328,0.00
8139,41703,0.00
8140,37131,0.00
8141,63285,50.00
8142,19815,0.00
8143,48403,100.00
8144,31398,100.00
8145,21673,100.00
8146,24933,0.00
8147,22274,100.00
8148,19454,100.00
8149,18747,100.00
8150,22410,100.00
8151,24629,0.00
8152,23756,100.00
8153,49624,100.00
8154,48283,100.00
8155,23549,100.00
8156,35733,0.00
8157,23978,100.00
8158,20691,100.00
8159,46310,0.00
8160,52090,0.00
8161,48004,0.00
8162,63124,0.00
8163,53236,0.00
8164,54358,0.00
8165,76835,100.00
8166,23713,0.00
8167,27731,0.00
8168,48411,100.00
8169,47315,100.00
8170,52165,100.00
8171,25458,100.00
8172,20427,0.00
8173,21915,100.00
8174,18704,100.00
8175,20362,100.00
8176,21335,100.00
8177,24258,0.00
8178,27262,100.00
8179,53161,100.00
8180,49069,100.00
8181,38958,0.00
8182,48394,0.00
8183,44999,0.00
8184,49529,0.00
8185,53291,0.00
8186,55078,0.00
8187,67953,100.00
8188,20479,0.00
8189,20065,100.00
8190,22287,100.00
8191,24353,100.00
8192,27902,100.00
8193,25014,0.00
8194,47894,100.00
8195,46096,100.00
8196,54905,100.00
8197,22654,100.00
8198,20867,0.00
8199,70495,0.00
8200,53984,0.00
8201,59981,0.00
8202,67015,100.00
8203,18125,0.00
8204,19588,100.00
8205,20005,100.00
8206,23738,100.00
8207,26498,0.00
8208,26046,100.00
8209,63201,100.00
8210,57255,100.00
8211,25214,100.00
8212,24959,0.00
8213,24419,100.00
8214,24091,100.00
8215,23477,100.00
8216,30293,100.00
8217,25043,0.00
8218,22100,100.00
8219,57752,100.00
8220,55286,0.00
8221,54732,0.00
8222,54317,0.00
8223,61004,0.00
8224,64516,0.00
8225,62036,0.00
8226,68601,100.00
8227,21282,0.00
8228,22149,0.00
8229,21206,100.00
8230,21187,100.00
8231,20773,100.00
8232,21631,100.00
8233,27473,0.00
8234,29225,100.00
8235,51544,100.00
8236,49937,100.00
8237,44053,100.00
8238,30084,0.00
8239,26454,100.00
8240,30779,100.00
8241,55275,100.00
8242,32415,0.00
8243,62405,0.00
8244,61221,0.00
8245,60018,0.00
8246,71765,0.00
8247,68880,0.00
8248,77316,100.00
8249,23191,0.00
8250,22373,100.00
8251,62799,100.00
8252,59920,0.00
8253,25895,100.00
8254,22544,100.00
8255,23044,100.00
8256,20410,100.00
8257,19756,0.00
8258,19776,100.00
8259,23565,100.00
8260,32834,100.00
8261,27430,100.00
8262,52229,0.00
8263,43824,100.00
8264,25649,100.00
8265,22597,100.00
8266,49181,0.00
8267,45343,0.00
8268,48347,0.00
8269,48153,0.00
8270,47828,0.00
8271,64458,50.00
8272,19054,0.00
8273,24279,100.00
8274,30314,100.00
8275,25519,100.00
8276,23899,100.00
8277,59135,0.00
8278,56177,100.00
8279,33344,100.00
8280,22299,100.00
8281,22969,100.00
8282,19702,0.00
8283,19320,100.00
8284,18761,100.00
8285,28227,100.00
8286,23207,0.00
8287,44605,0.00
8288,49891,0.00
8289,56189,0.00
8290,57728,0.00
8291,69313,50.00
8292,68842,100.00
8293,21229,0.00
8294,49266,100.00
8295,27173,100.00
8296,22657,100.00
8297,23032,0.00
8298,21061,100.00
8299,23299,100.00
8300,27545,100.00
8301,26408,100.00
8302,37057,0.00
8303,36076,100.00
8304,48651,100.00
8305,30200,100.00
8306,36034,0.00
8307,60080,0.00
8308,51873,0.00
8309,49022,0.00
8310,48773,0.00
8311,60708,100.00
8312,16736,0.00
8313,19732,100.00
8314,20553,100.00
8315,24616,100.00
8316,24819,100.00
8317,25162,0.00
8318,61827,100.00
8319,53979,100.00
8320,23117,100.00
8321,21144,100.00
8322,24724,0.00
8323,21219,100.00
8324,23927,100.00
8325,37251,100.00
8326,24881,100.00
8327,31826,0.00
8328,52977,0.00
8329,49762,0.00
8330,58707,0.00
8331,52535,0.00
8332,58401,0.00
8333,67491,100.00
8334,20177,0.00
8335,29814,100.00
8336,25400,100.00
8337,25656,100.00
8338,23459,0.00
8339,20052,100.00
8340,19192,100.00
8341,23257,100.00
8342,25224,100.00
8343,35601,0.00
8344,53722,100.00
8345,48002,100.00
8346,28236,100.00
8347,28672,100.00
8348,23391,0.00
8349,19501,100.00
8350,31406,0.00
8351,47597,0.00
8352,53169,0.00
8353,57184,0.00
8354,53469,0.00
8355,75248,100.00
8356,22857,0.00
8357,26523,100.00
8358,43631,100.00
8359,39002,100.00
8360,47402,100.00
8361,23823,0.00
8362,24180,100.00
8363,21337,100.00
8364,18682,100.00
8365,19821,100.00
8366,22185,0.00
8367,26096,100.00
8368,25947,100.00
8369,47775,100.00
8370,42151,100.00
8371,32800,0.00
8372,42408,0.00
8373,47190,0.00
8374,52141,0.00
8375,47444,0.00
8376,53218,0.00
8377,59953,100.00
8378,58116,100.00
8379,19574,0.00
8380,23878,100.00
8381,28791,100.00
8382,28225,100.00
8383,22698,100.00
8384,51427,0.00
8385,50085,100.00
8386,36559,100.00
8387,27421,100.00
8388,35181,0.00
8389,47713,0.00
8390,47668,0.00
8391,49394,0.00
8392,66207,100.00
8393,33395,0.00
8394,21955,100.00
8395,27822,100.00
8396,26267,100.00
8397,27068,100.00
8398,51105,0.00
8399,51070,100.00
8400,41423,100.00
8401,29213,100.00
8402,24494,100.00
8403,22349,0.00
8404,24383,100.00
8405,28209,100.00
8406,34292,100.00
8407,37135,100.00
8408,49491,0.00
8409,63984,0.00
8410,55435,0.00
8411,55633,0.00
8412,57120,0.00
8413,56755,0.00
8414,61901,0.00
8415,72922,100.00
8416,21477,0.00
8417,24310,100.00
8418,21823,100.00
8419,20826,0.00
8420,19697,100.00
8421,22826,100.00
8422,24677,100.00
8423,25329,100.00
8424,64724,0.00
8425,58385,100.00
8426,24666,100.00
8427,25827,100.00
8428,25239,100.00
8429,21988,0.00
8430,24107,100.00
8431,25452,100.00
8432,40484,0.00
8433,39453,0.00
8434,42812,0.00
8435,54742,0.00
8436,46233,0.00
8437,51450,0.00
8438,75797,100.00
8439,20949,0.00
8440,56056,0.00
8441,26605,100.00
8442,22215,100.00
8443,23027,100.00
8444,20480,100.00
8445,20080,0.00
8446,67295,0.00
8447,18463,0.00
8448,67050,100.00
8449,26052,0.00
8450,33457,100.00
8451,30675,100.00
8452,57944,100.00
8453,53113,100.00
8454,26676,0.00
8455,24133,100.00
8456,42385,0.00
8457,58657,0.00
8458,116163,0.00
8459,58514,0.00
8460,59625,0.00
8461,55409,0.00
8462,56437,66.67
8463,19298,0.00
8464,24931,100.00
8465,24858,0.00
8466,22794,100.00
8467,57817,100.00
8468,56661,100.00
8469,37411,100.00
8470,21836,0.00
8471,23036,100.00
8472,19770,100.00
8473,20517,100.00
8474,20237,100.00
8475,25496,0.00
8476,34241,100.00
8477,25994,100.00
8478,57789,100.00
8479,47808,0.00
8480,56201,0.00
8481,67954,0.00
8482,55023,0.00
8483,53790,0.00
8484,57417,0.00
8485,73059,100.00
8486,20417,0.00
8487,25869,100.00
8488,24499,0.00
8489,34543,100.00
8490,26724,100.00
8491,45189,100.00
8492,26994,100.00
8493,37833,0.00
8494,40450,100.00
8495,45814,100.00
8496,24704,100.00
8497,52987,0.00
8498,42716,0.00
8499,47579,0.00
8500,50042,0.00
8501,70248,100.00
8502,20390,0.00
8503,19081,100.00
8504,21706,100.00
8505,23207,100.00
8506,23982,100.00
8507,27809,0.00
8508,59969,100.00
8509,51837,100.00
8510,30104,100.00
8511,24102,100.00
8512,26007,0.00
8513,22320,100.00
8514,25027,100.00
8515,37144,100.00
8516,26367,100.00
8517,44762,0.00
8518,47810,0.00
8519,44739,0.00
8520,43716,0.00
8521,44428,0.00
8522,47737,0.00
8523,71249,100.00
8524,19875,0.00
8525,52758,100.00
8526,26505,100.00
8527,24014,0.00
8528,21028,100.00
8529,18432,100.00
8530,18773,100.00
8531,23366,100.00
8532,25619,0.00
8533,25090,100.00
8534,54059,100.00
8535,46459,100.00
8536,35626,100.00
8537,28843,0.00
8538,23676,100.00
8539,21700,100.00
8540,43765,0.00
8541,54942,0.00
8542,60751,0.00
8543,62970,0.00
8544,51124,0.00
8545,46195,0.00
8546,60074,100.00
8547,22116,0.00
8548,26660,0.00
8549,51766,100.00
8550,49381,100.00
8551,54470,100.00
8552,22147,100.00
8553,21812,0.00
8554,20362,100.00
8555,18217,100.00
8556,19031,100.00
8557,22579,100.00
8558,23431,0.00
8559,30683,100.00
8560,54350,100.00
8561,48336,100.00
8562,32117,100.00
8563,43422,0.00
8564,52517,0.00
8565,53396,0.00
8566,57819,0.00
8567,52917,0.00
8568,59380,0.00
8569,68866,100.00
8570,18450,0.00
8571,22350,100.00
8572,24325,100.00
8573,25886,100.00
8574,25482,0.00
8575,39078,100.00
8576,44928,100.00
8577,48978,100.00
8578,26420,100.00
8579,24199,0.00
8580,52096,0.00
8581,52073,0.00
8582,50675,0.00
8583,48633,0.00
8584,69715,100.00
8585,18004,0.00
8586,20866,100.00
8587,26868,100.00
8588,25349,0.00
8589,25775,100.00
8590,58447,100.00
8591,54791,100.00
8592,33100,100.00
8593,23278,0.00
8594,24523,100.00
8595,21713,100.00
8596,23014,100.00
8597,25399,100.00
8598,32873,0.00
8599,24196,100.00
8600,48464,100.00
8601,45671,0.00
8602,46924,0.00
8603,50306,0.00
8604,52703,0.00
8605,57385,0.00
8606,58840,0.00
8607,75684,66.67
8608,22286,0.00
8609,25174,0.00
8610,25050,100.00
8611,20415,100.00
8612,20347,100.00
8613,19074,100.00
8614,24165,0.00
8615,25684,100.00
8616,44258,100.00
8617,39422,100.00
8618,36298,100.00
8619,25002,0.00
8620,26573,100.00
8621,22095,100.00
8622,25297,100.00
8623,27991,100.00
8624,29789,0.00
8625,51343,0.00
8626,60357,0.00
8627,54484,0.00
8628,56030,0.00
8629,64735,0.00
8630,73007,0.00
8631,69388,100.00
8632,21040,0.00
8633,54236,100.00
8634,25486,100.00
8635,23539,0.00
8636,25362,100.00
8637,19323,100.00
8638,20634,100.00
8639,19302,100.00
8640,23222,0.00
8641,27051,100.00
8642,26454,100.00
8643,58508,100.00
8644,55465,100.00
8645,30332,0.00
8646,24938,100.00
8647,20330,100.00
8648,42090,0.00
8649,54485,0.00
8650,64131,0.00
8651,57287,0.00
8652,56438,0.00
8653,56632,0.00
8654,75322,100.00
8655,23892,0.00
8656,24833,0.00
8657,23114,100.00
8658,59653,100.00
8659,60106,100.00
8660,27949,100.00
8661,21561,0.00
8662,24005,100.00
8663,20883,100.00
8664,18553,100.00
8665,18902,100.00
8666,21732,0.00
8667,25801,100.00
8668,32283,100.00
8669,52842,100.00
8670,51626,0.00
8671,53345,0.00
8672,62091,0.00
8673,54664,0.00
8674,58219,0.00
8675,57403,0.00
8676,62109,100.00
8677,18299,0.00
8678,23630,100.00
8679,22714,100.00
8680,19873,100.00
8681,26462,100.00
8682,24706,0.00
8683,22508,100.00
8684,51455,100.00
8685,54886,100.00
8686,23240,100.00
8687,44311,0.00
8688,51009,0.00
8689,54676,0.00
8690,55118,0.00
8691,76019,100.00
8692,18631,0.00
8693,37709,100.00
8694,19507,100.00
8695,19098,100.00
8696,23776,0.00
8697,27467,100.00
8698,57786,100.00
8699,55357,100.00
8700,42773,100.00
8701,26684,0.00
8702,24034,100.00
8703,22893,100.00
8704,23497,100.00
8705,37551,100.00
8706,30213,0.00
8707,26214,100.00
8708,51588,0.00
8709,54781,0.00
8710,53121,0.00
8711,53494,0.00
8712,60257,0.00
8713,76987,100.00
8714,21559,0.00
8715,61374,100.00
8716,25831,0.00
8717,22292,100.00
8718,24454,100.00
8719,20064,100.00
8720,22121,100.00
8721,21428,0.00
8722,25262,100.00
8723,26610,100.00
8724,60216,100.00
8725,57117,100.00
8726,48003,0.00
8727,39091,100.00
8728,26247,100.00
8729,21906,100.00
8730,19498,0.00
8731,55210,0.00
8732,56301,0.00
8733,57995,0.00
8734,55701,0.00
8735,59683,0.00
8736,74034,66.67
8737,22939,0.00
8738,30094,100.00
8739,27736,0.00
8740,62445,100.00
8741,67190,100.00
8742,30293,100.00
8743,21885,100.00
8744,23646,0.00
8745,19187,100.00
8746,19797,100.00
8747,18092,100.00
8748,21954,100.00
8749,30268,0.00
8750,24037,100.00
8751,50322,100.00
8752,48681,100.00
8753,24605,100.00
8754,21913,0.00
8755,43923,0.00
8756,55885,0.00
8757,53011,0.00
8758,55541,0.00
8759,49259,0.00
8760,71109,100.00
8761,19397,0.00
8762,23401,0.00
8763,24420,100.00
8764,27465,100.00
8765,26446,100.00
8766,42188,100.00
8767,46883,0.00
8768,56088,100.00
8769,24396,100.00
8770,20400,100.00
8771,41725,0.00
8772,53996,0.00
8773,52962,0.00
8774,51376,0.00
8775,66839,100.00
8776,19664,0.00
8777,20201,100.00
8778,24653,100.00
8779,25602,100.00
8780,23940,100.00
8781,61552,0.00
8782,49439,100.00
8783,26125,100.00
8784,20623,100.00
8785,22674,100.00
8786,20853,0.00
8787,22326,100.00
8788,30865,100.00
8789,24240,100.00
8790,31911,100.00
8791,52118,0.00
8792,54346,100.00
8793,49136,0.00
8794,50246,0.00
8795,52676,0.00
8796,57232,0.00
8797,64430,0.00
8798,54322,0.00
8799,67355,100.00
8800,19469,0.00
8801,22977,100.00
8802,23102,0.00
8803,19284,100.00
8804,18823,100.00
8805,24042,100.00
8806,25421,100.00
8807,51063,0.00
8808,43760,100.00
8809,37912,100.00
8810,23254,100.00
8811,23380,100.00
8812,20642,0.00
8813,30832,100.00
8814,25794,100.00
8815,24465,100.00
8816,33680,0.00
8817,32616,0.00
8818,39113,0.00
8819,46052,0.00
8820,42717,0.00
8821,69132,50.00
8822,21715,0.00
8823,48664,0.00
8824,50503,100.00
8825,24445,100.00
8826,23931,100.00
8827,22859,100.00
8828,19613,0.00
8829,19695,100.00
8830,18597,100.00
8831,23109,100.00
8832,25314,100.00
8833,41429,0.00
8834,40490,100.00
8835,34179,100.00
8836,29424,100.00
8837,25104,100.00
8838,20296,0.00
8839,27757,0.00
8840,52687,0.00
8841,49721,0.00
8842,50518,0.00
8843,58001,0.00
8844,50902,0.00
8845,64960,100.00
8846,22863,0.00
8847,25767,100.00
8848,38981,100.00
8849,55445,0.00
8850,50947,100.00
8851,24711,100.00
8852,25194,100.00
8853,23206,100.00
8854,19630,0.00
8855,18867,100.00
8856,17977,100.00
8857,22411,100.00
8858,24366,100.00
8859,49116,0.00
8860,45401,100.00
8861,48828,0.00
8862,57666,0.00
8863,54657,0.00
8864,57062,0.00
8865,66578,0.00
8866,71562,50.00
8867,20837,0.00
8868,26833,100.00
8869,24834,100.00
8870,22247,100.00
8871,23698,100.00
8872,28331,0.00
8873,24669,100.00
8874,42618,100.00
8875,43243,100.00
8876,49198,100.00
8877,23078,0.00
8878,32937,0.00
8879,48334,0.00
8880,54710,0.00
8881,68184,0.00
8882,66860,100.00
8883,17249,0.00
8884,20490,100.00
8885,20395,100.00
8886,23768,0.00
8887,26533,100.00
8888,23709,100.00
8889,62195,100.00
8890,56203,100.00
8891,27259,0.00
8892,22922,100.00
8893,23321,100.00
8894,21076,100.00
8895,22478,100.00
8896,38280,0.00
8897,25489,100.00
8898,41932,0.00
8899,55791,0.00
8900,53674,0.00
8901,55885,0.00
8902,54375,0.00
8903,53345,0.00
8904,73298,100.00
8905,20722,0.00
8906,23980,100.00
8907,21955,0.00
8908,23278,100.00
8909,21947,100.00
8910,20284,100.00
8911,22745,100.00
8912,24281,0.00
8913,25961,100.00
8914,36267,100.00
8915,49518,100.00
8916,47210,100.00
8917,26365,0.00
8918,28030,100.00
8919,19669,100.00
8920,20993,100.00
8921,43666,0.00
8922,49038,0.00
8923,45336,0.00
8924,53795,0.00
8925,49839,0.00
8926,70586,50.00
8927,23806,0.00
8928,28711,100.00
8929,38050,100.00
8930,41392,100.00
8931,61992,100.00
8932,23539,0.00
8933,22624,100.00
8934,24485,100.00
8935,19625,100.00
8936,18910,100.00
8937,18834,0.00
8938,23359,100.00
8939,26106,100.00
8940,47572,100.00
8941,44145,100.00
8942,39074,0.00
8943,24738,100.00
8944,49041,0.00
8945,57133,0.00
8946,54535,0.00
8947,55114,0.00
8948,53101,0.00
8949,50339,0.00
8950,64016,100.00
8951,19050,0.00
8952,23428,100.00
8953,28608,0.00
8954,25420,100.00
8955,35563,100.00
8956,44698,100.00
8957,48727,100.00
8958,25465,0.00
8959,21978,100.00
8960,22332,100.00
8961,18377,100.00
8962,21615,100.00
8963,20210,0.00
8964,38933,0.00
8965,43978,0.00
8966,46507,0.00
8967,45208,0.00
8968,82923,66.67
8969,22909,0.00
8970,25702,100.00
8971,62523,100.00
8972,57667,0.00
8973,26525,100.00
8974,27430,100.00
8975,26345,100.00
8976,21070,100.00
8977,23058,0.00
8978,25948,100.00
8979,24431,100.00
8980,24411,100.00
8981,49127,100.00
8982,49020,0.00
8983,26078,100.00
8984,31972,0.00
8985,36336,0.00
8986,46954,0.00
8987,48096,0.00
8988,52864,0.00
8989,67872,66.67
8990,21947,0.00
8991,41621,100.00
8992,25877,0.00
8993,22154,100.00
8994,26098,100.00
8995,26420,100.00
8996,27309,100.00
8997,59185,0.00
8998,51824,100.00
8999,24389,100.00
9000,45820,100.00
9001,25461,100.00
9002,20695,0.00
9003,27295,100.00
9004,26653,100.00
9005,24735,100.00
9006,47973,0.00
9007,46770,0.00
9008,53014,0.00
9009,53659,0.00
9010,49658,0.00
9011,70975,100.00
9012,22461,0.00
9013,59437,100.00
9014,25781,100.00
9015,22503,100.00
9016,23682,100.00
9017,18892,0.00
9018,20519,100.00
9019,18961,100.00
9020,23986,100.00
9021,25667,100.00
9022,39277,0.00
9023,53151,100.00
9024,51770,100.00
9025,31338,100.00
9026,22488,100.00
9027,20290,0.00
9028,21206,100.00
9029,44438,0.00
9030,50017,0.00
9031,68353,0.00
9032,46122,0.00
9033,49849,0.00
9034,65940,66.67
9035,22971,0.00
9036,24846,100.00
9037,25019,0.00
9038,56412,100.00
9039,55177,100.00
9040,24963,100.00
9041,22477,100.00
9042,23232,0.00
9043,21277,100.00
9044,19941,100.00
9045,18216,100.00
9046,22181,100.00
9047,30274,0.00
9048,22526,100.00
9049,59129,100.00
9050,44795,100.00
9051,36897,0.00
9052,36979,0.00
9053,44797,0.00
9054,46636,0.00
9055,42992,0.00
9056,63057,50.00
9057,18908,0.00
9058,25359,100.00
9059,24702,100.00
9060,24031,100.00
9061,26715,100.00
9062,24400,0.00
9063,36884,100.00
9064,54923,100.00
9065,53740,100.00
9066,67298,0.00
9067,27115,100.00
9068,30120,0.00
9069,52529,0.00
9070,63836,0.00
9071,51907,0.00
9072,62161,0.00
9073,69425,100.00
9074,18112,0.00
9075,21883,100.00
9076,22700,100.00
9077,24505,0.00
9078,28118,100.00
9079,26317,100.00
9080,62404,100.00
9081,54209,100.00
9082,27033,0.00
9083,24769,100.00
9084,21024,100.00
9085,21454,100.00
9086,22356,100.00
9087,36362,0.00
9088,25991,100.00
9089,34781,100.00
9090,37382,100.00
9091,41557,0.00
9092,48136,0.00
9093,52616,0.00
9094,47385,0.00
9095,44217,0.00
9096,59293,0.00
9097,46025,100.00
9098,20328,0.00
9099,22941,100.00
9100,21498,100.00
9101,20157,100.00
9102,19650,100.00
9103,24323,0.00
9104,27976,100.00
9105,25326,100.00
9106,56675,100.00
9107,53452,100.00
9108,33873,0.00
9109,25173,100.00
9110,20834,100.00
9111,28451,100.00
9112,23191,0.00
9113,57467,0.00
9114,54207,0.00
9115,55083,0.00
9116,69915,0.00
9117,78757,50.00
9118,54083,100.00
9119,21028,0.00
9120,49560,100.00
9121,50039,100.00
9122,39063,100.00
9123,22500,0.00
9124,23217,100.00
9125,20534,100.00
9126,19754,100.00
9127,18690,100.00
9128,22351,0.00
9129,25555,100.00
9130,30780,100.00
9131,56483,100.00
9132,57382,100.00
9133,28527,0.00
9134,24935,100.00
9135,43993,0.00
9136,43343,0.00
9137,60044,0.00
9138,46400,0.00
9139,46636,0.00
9140,64483,50.00
9141,45772,100.00
9142,19963,0.00
9143,26787,100.00
9144,24750,100.00
9145,23159,100.00
9146,53513,0.00
9147,52144,100.00
9148,28120,100.00
9149,20898,100.00
9150,22672,100.00
9151,23126,0.00
9152,19740,100.00
9153,21741,100.00
9154,23677,100.00
9155,38372,0.00
9156,44111,0.00
9157,44965,0.00
9158,44781,0.00
9159,42220,0.00
9160,58685,100.00
9161,20838,0.00
9162,45268,100.00
9163,36166,100.00
9164,27140,100.00
9165,24112,100.00
9166,21483,0.00
9167,22554,100.00
9168,25239,100.00
9169,22957,100.00
9170,31490,100.00
9171,38826,0.00
9172,42157,100.00
9173,29443,100.00
9174,33952,0.00
9175,48235,0.00
9176,50319,0.00
9177,45616,0.00
9178,50320,0.00
9179,43033,100.00
9180,16770,0.00
9181,19148,100.00
9182,18594,100.00
9183,21514,0.00
9184,25279,100.00
9185,24218,100.00
9186,44983,100.00
9187,43753,100.00
9188,21693,0.00
9189,22985,100.00
9190,20177,100.00
9191,20261,100.00
9192,23197,100.00
9193,35379,0.00
9194,27188,100.00
9195,40069,0.00
9196,49277,0.00
9197,49768,0.00
9198,47123,0.00
9199,57378,0.00
9200,69006,66.67
9201,20982,0.00
9202,54251,100.00
9203,24702,0.00
9204,24732,100.00
9205,23908,100.00
9206,19723,100.00
9207,20205,100.00
9208,19287,0.00
9209,23292,100.00
9210,25696,100.00
9211,38305,100.00
9212,40656,100.00
9213,37086,0.00
9214,28510,100.00
9215,28047,100.00
9216,21630,100.00
9217,20976,0.00
9218,34337,0.00
9219,39984,0.00
9220,37653,0.00
9221,41675,0.00
9222,43569,0.00
9223,69831,100.00
9224,23441,0.00
9225,32689,100.00
9226,55259,100.00
9227,48704,100.00
9228,51620,100.00
9229,25996,0.00
9230,20026,100.00
9231,22395,100.00
9232,20563,100.00
9233,19284,100.00
9234,22178,0.00
9235,27896,100.00
9236,27527,100.00
9237,38015,100.00
9238,37254,100.00
9239,34238,0.00
9240,20053,0.00
9241,59706,0.00
9242,52876,0.00
9243,56660,0.00
9244,59465,0.00
9245,72476,0.00
9246,66903,66.67
9247,19104,0.00
9248,22788,100.00
9249,26761,100.00
9250,28049,0.00
9251,25780,100.00
9252,40115,100.00
9253,45873,100.00
9254,47081,100.00
9255,25408,0.00
9256,19187,100.00
9257,49220,0.00
9258,59185,0.00
9259,52798,0.00
9260,65827,100.00
9261,17411,0.00
9262,20362,100.00
9263,21058,100.00
9264,26039,100.00
9265,26221,100.00
9266,34493,0.00
9267,55504,100.00
9268,43991,100.00
9269,24446,100.00
9270,24247,100.00
9271,20167,0.00
9272,20397,100.00
9273,24897,100.00
9274,33780,100.00
9275,24770,100.00
9276,39914,0.00
9277,34678,100.00
9278,45584,0.00
9279,46273,0.00
9280,40972,0.00
9281,43014,0.00
9282,45828,0.00
9283,61009,66.67
9284,21735,0.00
9285,26841,100.00
9286,31213,0.00
9287,23072,100.00
9288,20684,100.00
9289,19491,100.00
9290,24064,100.00
9291,27223,0.00
9292,34196,100.00
9293,46835,100.00
9294,42331,100.00
9295,23684,100.00
9296,24276,0.00
9297,27168,100.00
9298,22260,100.00
9299,24994,100.00
9300,25070,100.00
9301,44230,0.00
9302,48579,0.00
9303,37346,0.00
9304,43243,0.00
9305,51843,0.00
9306,68374,100.00
9307,21548,0.00
9308,57721,100.00
9309,55153,100.00
9310,25875,100.00
9311,24330,0.00
9312,26219,100.00
9313,20445,100.00
9314,19315,100.00
9315,20442,100.00
9316,22564,0.00
9317,25870,100.00
9318,27443,100.00
9319,45824,100.00
9320,40581,100.00
9321,32485,0.00
9322,25157,100.00
9323,30283,0.00
9324,37072,0.00
9325,42266,0.00
9326,43984,0.00
9327,57742,0.00
9328,56322,0.00
9329,57300,100.00
9330,20118,0.00
9331,25671,100.00
9332,25084,0.00
9333,36167,100.00
9334,36356,100.00
9335,40553,100.00
9336,24756,100.00
9337,20942,0.00
9338,24274,100.00
9339,18278,100.00
9340,19292,100.00
9341,18212,100.00
9342,23147,0.00
9343,27853,100.00
9344,38403,100.00
9345,39420,100.00
9346,33876,0.00
9347,56206,0.00
9348,57758,0.00
9349,68854,0.00
9350,66510,0.00
9351,66218,50.00
9352,18736,0.00
9353,22794,100.00
9354,24752,100.00
9355,20702,100.00
9356,23338,100.00
9357,26354,0.00
9358,24544,100.00
9359,38757,100.00
9360,36123,100.00
9361,38954,100.00
9362,22369,0.00
9363,36252,0.00
9364,37872,0.00
9365,41656,0.00
9366,51608,0.00
9367,71915,100.00
9368,18702,0.00
9369,18535,100.00
9370,19513,100.00
9371,23290,0.00
9372,24431,100.00
9373,24692,100.00
9374,51381,100.00
9375,50747,100.00
9376,31655,0.00
9377,23323,100.00
9378,26332,100.00
9379,24906,100.00
9380,22075,100.00
9381,28568,0.00
9382,23205,100.00
9383,32383,0.00
9384,39060,0.00
9385,36038,0.00
9386,40718,0.00
9387,41360,0.00
9388,48376,0.00
9389,72352,100.00
9390,21106,0.00
9391,54308,100.00
9392,24563,0.00
9393,24635,100.00
9394,21948,100.00
9395,19628,100.00
9396,20528,100.00
9397,23293,0.00
9398,25679,100.00
9399,24481,100.00
9400,50784,100.00
9401,50081,100.00
9402,26973,0.00
9403,30917,100.00
9404,25034,100.00
9405,20934,100.00
9406,43461,0.00
9407,37107,0.00
9408,35486,0.00
9409,39525,0.00
9410,42857,0.00
9411,53375,0.00
9412,64462,100.00
9413,22772,0.00
9414,25522,100.00
9415,49698,100.00
9416,43684,100.00
9417,47563,100.00
9418,24283,0.00
9419,20483,100.00
9420,21569,100.00
9421,17385,100.00
9422,19554,100.00
9423,18696,0.00
9424,23456,100.00
9425,31750,100.00
9426,42671,100.00
9427,39109,100.00
9428,32888,0.00
9429,40092,0.00
9430,44756,0.00
9431,52537,0.00
9432,53986,0.00
9433,47834,0.00
9434,49840,0.00
9435,69477,100.00
9436,19734,0.00
9437,20332,100.00
9438,23456,100.00
9439,27669,0.00
9440,26199,100.00
9441,44536,100.00
9442,39829,100.00
9443,47684,100.00
9444,21739,0.00
9445,21150,100.00
9446,42668,0.00
9447,47340,0.00
9448,51217,0.00
9449,60992,66.67
9450,17067,0.00
9451,21061,100.00
9452,23463,0.00
9453,23552,100.00
9454,24765,100.00
9455,27104,100.00
9456,57606,100.00
9457,50179,0.00
9458,25391,100.00
9459,23831,100.00
9460,20087,100.00
9461,20852,100.00
9462,23985,0.00
9463,32229,100.00
9464,22405,100.00
9465,38175,100.00
9466,32114,0.00
9467,45273,0.00
9468,54010,0.00
9469,53421,0.00
9470,53715,0.00
9471,54185,0.00
9472,71307,100.00
9473,21388,0.00
9474,24469,100.00
9475,24057,0.00
9476,21851,100.00
9477,21220,100.00
9478,19910,100.00
9479,33206,100.00
9480,29806,0.00
9481,25764,100.00
9482,62894,100.00
9483,54601,100.00
9484,22612,100.00
9485,27426,0.00
9486,30115,100.00
9487,21313,100.00
9488,23675,100.00
9489,26507,100.00
9490,35247,0.00
9491,46755,0.00
9492,56211,0.00
9493,52836,0.00
9494,58464,0.00
9495,52569,0.00
9496,75487,100.00
9497,22787,0.00
9498,50443,100.00
9499,53853,100.00
9500,23126,100.00
9501,25466,0.00
9502,21289,100.00
9503,17973,100.00
9504,18757,100.00
9505,22394,100.00
9506,24179,0.00
9507,25996,100.00
9508,52638,100.00
9509,45063,100.00
9510,28210,100.00
9511,23028,0.00
9512,23390,100.00
9513,24066,100.00
9514,41361,0.00
9515,45541,0.00
9516,47206,0.00
9517,46636,0.00
9518,46843,0.00
9519,73797,50.00
9520,21574,0.00
9521,27979,100.00
9522,27960,100.00
9523,41172,100.00
9524,44748,0.00
9525,52498,100.00
9526,25857,100.00
9527,21000,100.00
9528,20822,100.00
9529,19414,0.00
9530,18746,100.00
9531,22473,100.00
9532,24216,100.00
9533,32713,100.00
9534,48458,0.00
9535,45308,100.00
9536,54157,0.00
9537,53983,0.00
9538,44078,0.00
9539,40901,0.00
9540,46591,0.00
9541,71998,66.67
9542,21335,0.00
9543,26434,100.00
9544,24854,0.00
9545,21943,100.00
9546,26225,100.00
9547,26935,100.00
9548,24810,100.00
9549,53061,0.00
9550,54894,100.00
9551,55188,100.00
9552,20324,100.00
9553,34490,0.00
9554,38951,0.00
9555,42372,0.00
9556,44163,0.00
9557,56711,100.00
9558,17582,0.00
9559,20527,100.00
9560,21088,100.00
9561,24333,100.00
9562,26092,100.00
9563,23958,0.00
9564,54115,100.00
9565,46207,100.00
9566,29093,100.00
9567,25154,100.00
9568,24049,0.00
9569,19930,100.00
9570,22949,100.00
9571,31284,100.00
9572,31042,100.00
9573,30904,0.00
9574,38398,0.00
9575,38770,0.00
9576,44136,0.00
9577,49749,0.00
9578,70147,50.00
9579,21695,0.00
9580,61195,100.00
9581,25331,0.00
9582,25156,100.00
9583,24415,100.00
9584,19154,100.00
9585,19285,100.00
9586,18290,0.00
9587,22039,100.00
9588,26855,100.00
9589,26893,100.00
9590,57673,100.00
9591,50318,0.00
9592,27262,100.00
9593,27930,100.00
9594,24759,100.00
9595,20129,100.00
9596,37087,0.00
9597,28844,0.00
9598,32463,0.00
9599,45759,0.00
9600,44262,0.00
9601,63450,50.00
9602,21932,0.00
9603,25547,100.00
9604,26643,100.00
9605,53057,100.00
9606,50076,0.00
9607,21769,100.00
9608,21613,100.00
9609,23836,100.00
9610,19992,100.00
9611,18480,0.00
9612,18374,100.00
9613,21771,100.00
9614,25058,100.00
9615,30922,100.00
9616,49119,0.00
9617,46429,100.00
9618,23834,100.00
9619,22226,0.00
9620,41347,0.00
9621,47155,0.00
9622,42872,0.00
9623,53474,0.00
9624,48344,0.00
9625,63322,100.00
9626,18326,0.00
9627,22610,100.00
9628,27427,100.00
9629,28515,0.00
9630,24626,100.00
9631,43904,100.00
9632,44232,100.00
9633,50848,100.00
9634,25160,0.00
9635,22116,100.00
9636,37872,0.00
9637,51259,0.00
9638,54065,0.00
9639,55835,0.00
9640,59822,100.00
9641,18605,0.00
9642,20254,100.00
9643,24256,0.00
9644,25688,100.00
9645,24693,100.00
9646,58839,100.00
9647,54777,100.00
9648,23663,0.00
9649,23214,100.00
9650,20967,100.00
9651,20177,100.00
9652,22866,100.00
9653,30223,0.00
9654,27052,100.00
9655,47038,100.00
9656,46717,100.00
9657,52832,100.00
9658,47642,0.00
9659,48583,0.00
9660,56302,0.00
9661,59054,0.00
9662,55553,0.00
9663,56832,0.00
9664,59667,100.00
9665,21367,0.00
9666,21466,100.00
9667,20821,100.00
9668,19217,100.00
9669,23578,0.00
9670,26128,100.00
9671,25210,100.00
9672,59337,100.00
9673,56172,100.00
9674,37094,0.00
9675,27682,100.00
9676,25230,100.00
9677,24564,100.00
9678,25569,100.00
9679,26065,0.00
9680,24742,100.00
9681,43643,0.00
9682,63218,0.00
9683,58129,0.00
9684,56692,0.00
9685,55273,0.00
9686,75346,66.67
9687,21134,0.00
9688,55703,100.00
9689,60535,0.00
9690,22944,100.00
9691,21100,100.00
9692,21954,100.00
9693,18747,100.00
9694,19944,0.00
9695,21626,100.00
9696,23725,100.00
9697,27334,100.00
9698,57599,100.00
9699,51556,0.00
9700,35403,100.00
9701,33911,100.00
9702,25341,100.00
9703,21134,100.00
9704,34540,0.00
9705,50684,0.00
9706,50594,0.00
9707,56700,0.00
9708,56437,0.00
9709,69900,0.00
9710,74972,50.00
9711,22945,0.00
9712,39268,100.00
9713,42682,100.00
9714,48689,100.00
9715,51407,0.00
9716,24980,100.00
9717,22674,100.00
9718,23841,100.00
9719,20262,100.00
9720,19465,0.00
9721,18695,100.00
9722,24445,100.00
9723,24763,100.00
9724,49805,100.00
9725,51577,0.00
9726,51519,0.00
9727,56534,0.00
9728,53017,0.00
9729,58645,0.00
9730,63655,0.00
9731,69341,0.00
9732,61767,100.00
9733,17925,0.00
9734,22754,100.00
9735,21803,100.00
9736,24171,0.00
9737,28171,100.00
9738,30195,100.00
9739,24804,100.00
9740,54516,100.00
9741,58348,0.00
9742,24070,100.00
9743,18216,100.00
9744,55748,0.00
9745,57094,0.00
9746,51938,0.00
9747,66030,50.00
9748,21561,0.00
9749,22322,100.00
9750,23549,100.00
9751,20756,100.00
9752,26508,0.00
9753,26214,100.00
9754,47447,100.00
9755,55322,100.00
9756,47228,100.00
9757,29088,0.00
9758,24718,100.00
9759,22807,100.00
9760,22768,100.00
9761,25993,100.00
9762,36337,0.00
9763,24424,100.00
9764,56925,0.00
9765,65452,0.00
9766,63389,0.00
9767,68871,0.00
9768,60543,0.00
9769,71102,66.67
9770,23335,0.00
9771,64920,100.00
9772,25641,0.00
9773,22515,100.00
9774,22502,100.00
9775,19122,100.00
9776,19111,100.00
9777,19470,0.00
9778,24285,100.00
9779,26194,100.00
9780,57751,100.00
9781,51550,100.00
9782,36696,0.00
9783,32165,100.00
9784,29879,100.00
9785,23466,100.00
9786,19956,0.00
9787,42987,0.00
9788,50770,0.00
9789,47056,0.00
9790,55985,0.00
9791,54996,0.00
9792,71680,100.00
9793,23639,0.00
9794,26384,100.00
9795,39444,0.00
9796,39694,100.00
9797,46877,100.00
9798,23934,100.00
9799,21698,100.00
9800,21050,0.00
9801,19622,100.00
9802,20324,100.00
9803,19233,100.00
9804,26675,100.00
9805,25087,0.00
9806,43908,100.00
9807,46179,100.00
9808,42074,100.00
9809,26997,100.00
9810,34064,0.00
9811,47395,0.00
9812,59679,0.00
9813,58097,0.00
9814,61491,0.00
9815,60161,0.00
9816,70314,100.00
9817,21068,0.00
9818,24743,100.00
9819,26563,100.00
9820,25538,100.00
9821,22652,0.00
9822,57355,100.00
9823,54958,100.00
9824,22795,100.00
9825,23078,100.00
9826,22456,0.00
9827,19921,100.00
9828,19782,100.00
9829,18867,100.00
9830,39630,0.00
9831,44474,0.00
9832,64462,0.00
9833,67078,0.00
9834,56279,0.00
9835,63431,100.00
9836,23764,0.00
9837,46511,100.00
9838,47107,100.00
9839,45024,100.00
9840,30175,100.00
9841,25529,0.00
9842,21030,100.00
9843,22933,100.00
9844,25918,100.00
9845,30709,100.00
9846,23326,0.00
9847,44067,100.00
9848,50707,100.00
9849,30181,100.00
9850,32828,0.00
9851,41943,0.00
9852,64907,0.00
9853,51286,0.00
9854,52306,0.00
9855,71973,50.00
9856,20562,0.00
9857,22830,100.00
9858,21688,100.00
9859,19278,100.00
9860,23115,100.00
9861,26346,0.00
9862,24500,100.00
9863,59749,100.00
9864,55994,100.00
9865,27625,100.00
9866,24207,0.00
9867,22653,100.00
9868,21784,100.00
9869,27522,100.00
9870,31407,100.00
9871,27254,0.00
9872,41210,0.00
9873,54507,0.00
9874,58100,0.00
9875,53890,0.00
9876,50194,0.00
9877,72142,66.67
9878,20824,0.00
9879,53868,100.00
9880,25630,100.00
9881,21802,0.00
9882,25896,100.00
9883,20620,100.00
9884,20566,100.00
9885,20227,100.00
9886,22166,0.00
9887,26519,100.00
9888,24944,100.00
9889,52507,100.00
9890,48347,100.00
9891,31186,0.00
9892,26940,100.00
9893,21012,100.00
9894,20631,100.00
9895,47145,0.00
9896,50752,0.00
9897,55557,0.00
9898,55133,0.00
9899,56853,0.00
9900,69685,50.00
9901,23546,0.00
9902,27621,100.00
9903,26218,100.00
9904,54735,0.00
9905,55189,100.00
9906,47505,100.00
9907,23376,100.00
9908,25587,100.00
9909,22443,0.00
9910,20371,100.00
9911,18729,100.00
9912,23854,100.00
9913,27136,100.00
9914,25110,0.00
9915,59818,100.00
9916,50495,100.00
9917,46764,0.00
9918,59591,0.00
9919,61011,0.00
9920,70295,0.00
9921,61289,0.00
9922,72125,50.00
9923,23678,0.00
9924,25111,100.00
9925,23428,100.00
9926,29587,100.00
9927,30207,100.00
9928,30195,0.00
9929,26542,100.00
9930,48019,100.00
9931,53425,100.00
9932,56305,100.00
9933,23091,0.00
9934,21113,0.00
9935,49612,0.00
9936,57871,0.00
9937,60113,0.00
9938,67041,66.67
9939,18087,0.00
9940,21121,100.00
9941,20035,100.00
9942,23698,0.00
9943,27662,100.00
9944,26601,100.00
9945,63313,100.00
9946,58003,100.00
9947,26650,0.00
9948,23811,100.00
9949,24599,100.00
9950,22248,100.00
9951,28522,100.00
9952,34939,0.00
9953,25485,100.00
9954,23506,100.00
9955,60025,100.00
9956,59998,0.00
9957,56440,0.00
9958,169323,0.00
9959,54917,0.00
9960,67650,0.00
9961,61703,0.00
9962,72497,100.00
9963,21988,0.00
9964,23736,100.00
9965,24577,100.00
9966,20599,100.00
9967,22336,100.00
9968,20106,0.00
9969,24356,100.00
9970,28212,100.00
9971,41460,100.00
9972,53726,100.00
9973,51744,0.00
9974,25663,100.00
9975,36968,100.00
9976,29128,100.00
9977,23664,100.00
9978,28086,0.00
9979,72025,0.00
9980,59495,0.00
9981,61606,0.00
9982,64663,0.00
9983,62209,0.00
9984,76972,50.00
9985,22948,0.00
9986,24481,100.00
9987,60457,100.00
9988,61111,100.00
9989,25186,0.00
9990,24196,100.00
9991,39286,100.00
9992,23392,100.00
9993,22388,100.00
9994,21949,0.00
9995,25125,100.00
9996,28413,100.00
9997,29671,100.00
9998,59389,100.00
9999,51329,0.00
10000,42384,100.00
10001,24543,100.00
10002,44282,0.00
10003,44343,0.00
10004,46130,0.00
10005,49659,0.00
10006,56781,0.00
10007,53184,0.00
10008,72295,100.00
10009,21011,0.00
10010,25691,0.00
10011,29801,100.00
10012,28341,100.00
10013,46651,100.00
10014,51551,100.00
10015,58033,0.00
10016,23322,100.00
10017,45952,100.00
10018,26424,100.00
10019,20282,100.00
10020,19633,0.00
10021,27560,100.00
10022,24079,100.00
10023,45784,0.00
10024,50864,0.00
10025,56367,0.00
10026,58110,0.00
10027,74488,50.00
10028,23682,0.00
10029,61780,100.00
10030,54850,0.00
10031,36523,100.00
10032,26042,100.00
10033,23859,100.00
10034,21881,100.00
10035,24706,0.00
10036,25811,100.00
10037,26639,100.00
10038,23956,100.00
10039,51099,100.00
10040,53316,0.00
10041,24153,100.00
10042,44419,0.00
10043,62798,0.00
10044,51579,0.00
10045,49355,0.00
10046,65958,0.00
10047,68175,100.00
10048,17568,0.00
10049,18771,100.00
10050,20352,0.00
10051,21976,100.00
10052,24599,100.00
10053,25608,100.00
10054,50631,100.00
10055,44668,0.00
10056,34707,100.00
10057,25392,100.00
10058,26152,100.00
10059,22137,100.00
10060,22435,0.00
10061,36651,100.00
10062,26056,100.00
10063,23011,100.00
10064,38802,0.00
10065,39148,0.00
10066,39534,0.00
10067,46817,0.00
10068,55220,0.00
10069,71043,100.00
10070,21046,0.00
10071,61437,100.00
10072,26832,100.00
10073,23195,100.00
10074,21618,100.00
10075,18376,0.00
10076,19010,100.00
10077,21435,100.00
10078,24217,100.00
10079,25636,100.00
10080,54836,0.00
10081,44356,100.00
10082,32121,100.00
10083,31016,100.00
10084,24685,100.00
10085,20822,0.00
10086,31565,0.00
10087,52109,0.00
10088,44250,0.00
10089,45760,0.00
10090,48553,0.00
10091,49053,0.00
10092,66195,100.00
10093,22040,0.00
10094,23554,100.00
10095,42484,100.00
10096,39238,0.00
10097,46227,100.00
10098,22319,100.00
10099,18719,100.00
10100,19823,100.00
10101,17342,0.00
10102,20622,100.00
10103,21211,100.00
10104,22910,100.00
10105,33293,100.00
10106,40971,0.00
10107,42448,100.00
10108,30753,100.00
10109,35902,0.00
10110,44555,0.00
10111,45683,0.00
10112,48523,0.00
10113,58810,0.00
10114,70285,50.00
10115,20903,0.00
10116,21666,100.00
10117,21942,0.00
10118,24444,100.00
10119,27573,100.00
10120,24831,100.00
10121,41946,100.00
10122,41331,0.00
10123,45852,100.00
10124,26020,100.00
10125,21859,100.00
10126,42490,0.00
10127,42001,0.00
10128,45555,0.00
10129,67036,50.00
10130,17793,0.00
10131,21645,100.00
10132,19582,100.00
10133,24047,100.00
10134,27258,100.00
10135,25900,0.00
10136,64496,100.00
10137,53121,100.00
10138,24067,100.00
10139,22928,100.00
10140,21887,0.00
10141,20463,100.00
10142,23000,100.00
10143,37312,100.00
10144,26484,100.00
10145,37506,0.00
10146,36322,100.00
10147,39663,0.00
10148,50834,0.00
10149,60798,0.00
10150,48730,0.00
10151,44332,0.00
10152,50153,0.00
10153,58950,100.00
10154,21215,0.00
10155,24084,100.00
10156,20547,0.00
10157,18566,100.00
10158,18490,100.00
10159,22373,100.00
10160,25056,100.00
10161,24732,0.00
10162,55911,100.00
10163,49243,100.00
10164,23632,100.00
10165,29171,100.00
10166,23122,0.00
10167,21970,100.00
10168,23030,100.00
10169,24938,100.00
10170,42618,0.00
10171,46733,0.00
10172,47032,0.00
10173,54198,0.00
10174,55171,0.00
10175,54885,0.00
10176,67339,100.00
10177,21580,0.00
10178,44216,100.00
10179,30163,100.00
10180,24405,100.00
10181,24081,100.00
10182,21233,0.00
10183,19228,100.00
10184,18576,100.00
10185,21704,100.00
10186,25385,100.00
10187,23087,0.00
10188,48192,100.00
10189,40382,100.00
10190,25698,100.00
10191,20966,100.00
10192,19570,0.00
10193,43827,0.00
10194,45391,0.00
10195,50977,0.00
10196,50783,0.00
10197,54797,0.00
10198,64382,100.00
10199,20088,0.00
10200,26761,100.00
10201,27888,100.00
10202,27256,0.00
10203,53155,100.00
10204,46468,100.00
10205,21932,100.00
10206,19901,100.00
10207,22911,0.00
10208,19429,100.00
10209,19367,100.00
10210,20113,100.00
10211,22144,100.00
10212,36859,0.00
10213,24783,100.00
10214,50041,100.00
10215,45297,0.00
10216,52486,0.00
10217,63701,0.00
10218,50923,0.00
10219,56862,0.00
10220,54376,0.00
10221,68629,66.67
10222,19617,0.00
10223,23742,0.00
10224,22666,100.00
10225,24815,100.00
10226,27753,100.00
10227,26164,100.00
10228,22285,0.00
10229,59585,100.00
10230,50659,100.00
10231,23478,100.00
10232,26479,100.00
10233,51836,0.00
10234,50445,0.00
10235,59744,0.00
10236,67382,50.00
10237,21056,0.00
10238,21061,100.00
10239,21676,100.00
10240,19786,100.00
10241,25245,0.00
10242,29859,100.00
10243,25661,100.00
10244,58208,100.00
10245,48432,100.00
10246,25257,0.00
10247,23262,100.00
10248,22331,100.00
10249,23802,100.00
10250,22791,100.00
10251,30033,0.00
10252,24430,100.00
10253,41204,0.00
10254,53147,0.00
10255,47052,0.00
10256,48493,0.00
10257,55271,0.00
10258,52448,0.00
10259,63206,100.00
10260,19826,0.00
10261,22616,100.00
10262,24211,0.00
10263,25022,100.00
10264,20723,100.00
10265,19655,100.00
10266,19542,100.00
10267,22390,0.00
10268,27001,100.00
10269,24430,100.00
10270,60215,100.00
10271,57928,100.00
10272,27429,0.00
10273,32839,100.00
10274,22065,100.00
10275,21698,100.00
10276,48445,0.00
10277,49766,0.00
10278,53465,0.00
10279,45170,0.00
10280,42135,0.00
10281,39283,0.00
10282,57426,100.00
10283,22306,0.00
10284,26965,100.00
10285,40151,100.00
10286,39505,100.00
10287,48981,100.00
10288,22384,0.00
10289,28657,100.00
10290,24938,100.00
10291,20285,100.00
10292,18762,100.00
10293,22106,0.00
10294,24898,100.00
10295,23919,100.00
10296,49423,100.00
10297,46499,100.00
10298,24645,0.00
10299,26093,0.00
10300,41703,0.00
10301,35201,0.00
10302,42171,0.00
10303,46064,0.00
10304,39947,0.00
10305,65101,100.00
10306,19242,0.00
10307,22596,100.00
10308,28320,100.00
10309,28951,0.00
10310,25217,100.00
10311,39041,100.00
10312,37781,100.00
10313,44038,100.00
10314,27910,0.00
10315,19788,100.00
10316,47228,0.00
10317,49233,0.00
10318,50372,0.00
10319,65113,50.00
10320,18463,0.00
10321,23187,100.00
10322,21271,100.00
10323,24039,100.00
10324,26081,100.00
10325,24276,0.00
10326,54250,100.00
10327,49203,100.00
10328,23703,100.00
10329,20006,100.00
10330,22155,0.00
10331,21865,100.00
10332,22644,100.00
10333,25402,100.00
10334,33243,100.00
10335,29099,0.00
10336,32697,100.00
10337,36668,0.00
10338,42685,0.00
10339,44321,0.00
10340,39947,0.00
10341,45674,0.00
10342,47166,0.00
10343,72052,100.00
10344,22067,0.00
10345,24951,100.00
10346,21941,0.00
10347,18989,100.00
10348,19229,100.00
10349,22375,100.00
10350,24091,100.00
10351,25344,0.00
10352,48652,100.00
10353,45266,100.00
10354,28989,100.00
10355,23980,100.00
10356,24761,0.00
10357,28593,100.00
10358,23513,100.00
10359,25170,100.00
10360,22948,0.00
10361,42645,0.00
10362,66038,0.00
10363,43965,0.00
10364,45529,0.00
10365,45936,0.00
10366,68819,66.67
10367,19944,0.00
10368,56558,100.00
10369,56296,0.00
10370,23853,100.00
10371,20871,100.00
10372,21548,100.00
10373,18349,100.00
10374,18339,0.00
10375,19724,100.00
10376,22673,100.00
10377,25541,100.00
10378,44776,100.00
10379,38750,0.00
10380,34744,100.00
10381,23179,100.00
10382,23219,100.00
10383,17045,100.00
10384,50470,0.00
10385,41184,0.00
10386,47311,0.00
10387,46670,0.00
10388,36818,0.00
10389,66154,100.00
10390,21389,0.00
10391,29348,100.00
10392,30951,100.00
10393,39875,100.00
10394,46511,0.00
10395,47643,100.00
10396,23494,100.00
10397,20016,100.00
10398,21142,100.00
10399,18446,0.00
10400,19080,100.00
10401,19230,100.00
10402,23763,100.00
10403,32994,100.00
10404,40635,0.00
10405,37354,100.00
10406,43557,0.00
10407,47573,0.00
10408,47872,0.00
10409,46859,0.00
10410,47061,0.00
10411,71978,66.67
10412,20182,0.00
10413,28799,100.00
10414,25973,0.00
10415,21062,100.00
10416,24765,100.00
10417,34287,100.00
10418,28330,100.00
10419,41838,0.00
10420,46542,100.00
10421,50790,100.00
10422,26738,100.00
10423,39313,0.00
10424,46509,0.00
10425,49410,0.00
10426,56809,0.00
10427,66177,50.00
10428,17313,0.00
10429,20944,100.00
10430,19982,100.00
10431,24771,100.00
10432,26617,100.00
10433,25172,0.00
10434,60025,100.00
10435,54422,100.00
10436,25798,100.00
10437,23265,100.00
10438,21315,0.00
10439,21281,100.00
10440,24361,100.00
10441,29835,100.00
10442,24968,100.00
10443,44314,0.00
10444,53771,0.00
10445,55860,0.00
10446,61697,0.00
10447,60632,0.00
10448,67410,0.00
10449,70995,100.00
10450,19716,0.00
10451,22090,100.00
10452,22638,100.00
10453,24806,100.00
10454,19333,0.00
10455,18707,100.00
10456,18580,100.00
10457,22260,100.00
10458,24385,100.00
10459,21632,0.00
10460,56494,100.00
10461,48406,100.00
10462,25393,100.00
10463,30467,100.00
10464,19321,0.00
10465,19890,100.00
10466,41283,0.00
10467,43743,0.00
10468,69177,0.00
10469,47869,0.00
10470,60508,0.00
10471,68273,100.00
10472,21860,0.00
10473,26198,100.00
10474,25119,0.00
10475,62054,100.00
10476,57907,100.00
10477,25070,100.00
10478,22580,100.00
10479,24208,0.00
10480,20797,100.00
10481,19079,100.00
10482,22545,100.00
10483,21775,100.00
10484,27779,0.00
10485,24062,100.00
10486,54103,100.00
10487,47586,100.00
10488,22919,100.00
10489,19464,0.00
10490,49295,0.00
10491,64234,0.00
10492,55400,0.00
10493,52046,0.00
10494,55358,0.00
10495,74291,66.67
10496,20185,0.00
10497,21261,100.00
10498,23538,100.00
10499,31077,100.00
10500,26726,0.00
10501,42688,100.00
10502,42715,100.00
10503,44602,100.00
10504,23390,100.00
10505,20730,0.00
10506,41694,0.00
10507,48680,0.00
10508,53966,0.00
10509,53352,0.00
10510,70660,66.67
10511,20169,0.00
10512,22021,100.00
10513,26595,100.00
10514,28071,0.00
10515,24843,100.00
10516,60615,100.00
10517,50536,100.00
10518,24727,100.00
10519,21131,0.00
10520,22733,100.00
10521,20904,100.00
10522,24150,100.00
10523,32486,100.00
10524,28845,0.00
10525,32815,100.00
10526,53033,100.00
10527,54098,100.00
10528,44935,0.00
10529,51393,0.00
10530,55654,0.00
10531,56781,0.00
10532,53568,0.00
10533,51126,0.00
10534,69211,100.00
10535,18518,0.00
10536,21428,100.00
10537,20366,100.00
10538,20102,100.00
10539,20399,100.00
10540,23711,0.00
10541,28072,100.00
10542,63127,100.00
10543,58928,100.00
10544,37130,100.00
10545,24372,0.00
10546,33998,100.00
10547,22390,100.00
10548,22146,100.00
10549,24938,100.00
10550,24132,0.00
10551,41741,0.00
10552,58083,0.00
10553,55918,0.00
10554,58718,0.00
10555,62246,0.00
10556,79818,66.67
10557,22782,0.00
10558,51514,0.00
10559,54552,100.00
10560,24044,100.00
10561,21862,100.00
10562,37474,100.00
10563,20265,0.00
10564,20526,100.00
10565,19384,100.00
10566,25357,100.00
10567,25403,100.00
10568,44224,0.00
10569,47688,100.00
10570,42778,100.00
10571,29934,100.00
10572,25867,100.00
10573,20227,0.00
10574,41922,0.00
10575,30408,0.00
10576,41805,0.00
10577,53402,0.00
10578,68010,0.00
10579,59154,0.00
10580,74127,100.00
10581,23109,0.00
10582,26236,100.00
10583,31020,100.00
10584,52696,0.00
10585,56464,100.00
10586,23339,100.00
10587,22581,100.00
10588,22948,100.00
10589,19205,0.00
10590,19760,100.00
10591,18709,100.00
10592,24651,100.00
10593,26504,100.00
10594,41884,0.00
10595,49143,100.00
10596,45078,0.00
10597,51792,0.00
10598,50415,0.00
10599,50224,0.00
10600,55862,0.00
10601,67955,100.00
10602,20396,0.00
10603,25328,100.00
10604,23582,100.00
10605,22166,100.00
10606,24478,100.00
10607,25614,0.00
10608,26460,100.00
10609,40386,100.00
10610,41988,100.00
10611,47398,100.00
10612,25863,0.00
10613,41393,0.00
10614,38722,0.00
10615,46968,0.00
10616,47621,0.00
10617,70468,100.00
10618,17946,0.00
10619,20317,100.00
10620,21067,100.00
10621,23749,0.00
10622,25867,100.00
10623,24738,100.00
10624,57945,100.00
10625,52727,100.00
10626,24589,0.00
10627,20509,100.00
10628,23363,100.00
10629,20585,100.00
10630,26509,100.00
10631,29291,0.00
10632,24168,100.00
10633,20753,100.00
10634,54849,0.00
10635,54409,0.00
10636,49352,0.00
10637,49600,0.00
10638,56806,0.00
10639,76518,66.67
10640,23013,0.00
10641,22955,0.00
10642,23938,100.00
10643,23516,100.00
10644,19899,100.00
10645,21543,100.00
10646,18636,0.00
10647,22866,100.00
10648,26223,100.00
10649,25248,100.00
10650,52467,100.00
10651,44432,0.00
10652,22733,100.00
10653,36845,100.00
10654,21054,100.00
10655,20882,100.00
10656,24660,0.00
10657,38425,0.00
10658,43197,0.00
10659,42201,0.00
10660,43471,0.00
10661,64713,50.00
10662,21572,0.00
10663,26991,100.00
10664,27506,0.00
10665,54407,100.00
10666,52654,100.00
10667,26083,100.00
10668,22356,100.00
10669,22750,0.00
10670,19519,100.00
10671,19817,100.00
10672,18513,100.00
10673,23715,100.00
10674,24673,0.00
10675,39171,100.00
10676,51424,100.00
10677,40175,100.00
10678,34063,100.00
10679,40892,0.00
10680,41492,0.00
10681,43093,0.00
10682,40914,0.00
10683,43591,0.00
10684,46298,0.00
10685,63088,50.00
10686,19857,0.00
10687,23558,100.00
10688,28900,100.00
10689,25561,100.00
10690,20784,0.00
10691,57665,100.00
10692,56892,100.00
10693,24594,100.00
10694,24552,100.00
10695,24456,0.00
10696,19131,100.00
10697,19792,100.00
10698,18899,100.00
10699,42287,0.00
10700,44757,0.00
10701,53742,0.00
10702,55464,0.00
10703,78652,50.00
10704,21365,0.00
10705,26703,0.00
10706,52131,100.00
10707,50174,100.00
10708,36403,100.00
10709,24592,100.00
10710,26285,0.00
10711,21177,100.00
10712,22665,100.00
10713,25317,100.00
10714,24065,100.00
10715,23134,0.00
10716,42516,100.00
10717,43759,100.00
10718,25602,100.00
10719,34916,0.00
10720,37451,0.00
10721,40308,0.00
10722,44420,0.00
10723,41790,0.00
10724,65161,100.00
10725,20478,0.00
10726,19511,100.00
10727,19123,100.00
10728,19417,100.00
10729,23764,100.00
10730,26519,0.00
10731,24319,100.00
10732,63688,100.00
10733,52170,100.00
10734,28405,100.00
10735,22942,0.00
10736,22859,100.00
10737,23576,100.00
10738,30496,100.00
10739,27639,100.00
10740,24594,0.00
10741,49619,0.00
10742,45150,0.00
10743,46732,0.00
10744,45692,0.00
10745,49679,0.00
10746,55428,0.00
10747,55502,100.00
10748,13994,0.00
10749,19877,100.00
10750,22226,100.00
10751,17441,0.00
10752,20367,100.00
10753,18947,100.00
10754,18064,100.00
10755,36274,100.00
10756,22517,0.00
10757,18666,100.00
10758,17172,100.00
10759,43203,0.00
10760,57630,0.00
10761,58723,0.00
10762,55363,0.00
10763,73895,66.67
10764,23239,0.00
10765,27967,0.00
10766,23964,100.00
10767,62416,100.00
10768,59104,100.00
10769,23119,100.00
10770,24783,0.00
10771,23897,100.00
10772,20200,100.00
10773,19465,100.00
10774,19666,100.00
10775,22797,0.00
10776,29125,100.00
10777,29269,100.00
10778,57074,100.00
10779,51013,100.00
10780,47487,0.00
10781,54402,0.00
10782,54154,0.00
10783,81270,0.00
10784,60368,0.00
10785,68409,100.00
10786,18585,0.00
10787,25440,100.00
10788,22903,100.00
10789,24423,100.00
10790,27133,0.00
10791,24993,100.00
10792,23469,100.00
10793,57123,100.00
10794,58944,100.00
10795,24992,0.00
10796,23238,100.00
10797,52520,0.00
10798,47960,0.00
10799,46286,0.00
10800,44089,0.00
10801,66778,100.00
10802,18564,0.00
10803,22651,100.00
10804,23746,0.00
10805,26791,100.00
10806,25233,100.00
10807,46037,100.00
10808,45349,100.00
10809,37666,0.00
10810,25180,100.00
10811,24064,100.00
10812,20841,100.00
10813,22608,100.00
10814,26051,0.00
10815,32454,100.00
10816,23773,100.00
10817,42779,100.00
10818,48852,0.00
10819,48639,0.00
10820,56144,0.00
10821,51809,0.00
10822,53652,0.00
10823,48594,0.00
10824,67240,50.00
10825,21412,0.00
10826,24311,100.00
10827,25666,100.00
10828,21370,100.00
10829,19994,100.00
10830,19445,0.00
10831,23386,100.00
10832,24272,100.00
10833,39057,100.00
10834,42168,100.00
10835,35997,0.00
10836,26336,100.00
10837,28199,100.00
10838,20362,100.00
10839,22258,100.00
10840,33056,0.00
10841,26646,0.00
10842,34896,0.00
10843,37808,0.00
10844,42699,0.00
10845,58827,50.00
10846,21011,0.00
10847,23284,100.00
10848,42868,100.00
10849,38608,100.00
10850,46675,0.00
10851,22224,100.00
10852,22441,100.00
10853,20647,100.00
10854,18418,100.00
10855,19107,0.00
10856,21956,100.00
10857,22977,100.00
10858,25530,100.00
10859,47349,100.00
10860,43305,0.00
10861,31114,100.00
10862,22583,100.00
10863,28167,0.00
10864,33332,0.00
10865,44861,0.00
10866,47440,0.00
10867,45447,0.00
10868,50766,0.00
10869,64150,100.00
10870,18694,0.00
10871,22586,0.00
10872,26757,100.00
10873,25315,100.00
10874,40117,100.00
10875,37515,100.00
10876,42419,0.00
10877,21750,100.00
10878,20817,100.00
10879,20580,100.00
10880,17438,100.00
10881,17967,0.00
10882,29978,100.00
10883,21528,100.00
10884,38919,0.00
10885,35861,0.00
10886,43842,0.00
10887,50296,0.00
10888,69930,66.67
10889,22601,0.00
10890,58585,0.00
10891,52226,100.00
10892,23172,100.00
10893,22888,100.00
10894,22693,100.00
10895,19634,0.00
10896,21976,100.00
10897,26204,100.00
10898,24934,100.00
10899,42533,100.00
10900,38458,0.00
10901,42166,100.00
10902,33644,100.00
10903,40672,0.00
10904,44167,0.00
10905,45652,0.00
10906,46179,0.00
10907,67255,66.67
10908,19619,0.00
10909,24564,0.00
10910,24788,100.00
10911,20552,100.00
10912,22763,100.00
10913,25045,100.00
10914,23303,0.00
10915,58656,100.00
10916,51814,100.00
10917,25155,100.00
10918,23811,100.00
10919,21907,0.00
10920,23118,100.00
10921,23558,100.00
10922,30083,100.00
10923,23456,100.00
10924,41375,0.00
10925,49300,0.00
10926,51150,0.00
10927,59660,0.00
10928,54967,0.00
10929,73466,50.00
10930,21174,0.00
10931,53729,100.00
10932,24276,100.00
10933,22084,100.00
10934,22334,0.00
10935,18801,100.00
10936,19705,100.00
10937,18160,100.00
10938,22582,100.00
10939,25446,0.00
10940,41945,100.00
10941,45214,100.00
10942,38968,100.00
10943,26881,100.00
10944,25236,0.00
10945,20566,100.00
10946,20036,100.00
10947,54112,0.00
10948,51001,0.00
10949,55303,0.00
10950,55076,0.00
10951,55013,0.00
10952,72820,100.00
10953,23100,0.00
10954,26454,100.00
10955,31182,100.00
10956,54793,100.00
10957,51933,0.00
10958,23535,100.00
10959,22422,100.00
10960,22703,100.00
10961,18799,100.00
10962,19359,0.00
10963,18146,100.00
10964,23573,100.00
10965,30809,100.00
10966,43320,100.00
10967,46203,0.00
10968,43917,100.00
10969,42657,0.00
10970,71159,0.00
10971,53193,0.00
10972,57145,0.00
10973,52911,0.00
10974,60391,0.00
10975,68129,66.67
10976,20907,0.00
10977,21495,100.00
10978,26496,0.00
10979,25961,100.00
10980,25159,100.00
10981,22151,100.00
10982,57695,100.00
10983,54743,0.00
10984,23944,100.00
10985,20379,100.00
10986,48605,0.00
10987,62506,0.00
10988,58296,0.00
10989,55602,0.00
10990,69472,50.00
10991,18509,0.00
10992,20753,100.00
10993,22382,100.00
10994,27205,100.00
10995,26190,100.00
10996,26698,0.00
10997,58452,100.00
10998,71929,100.00
10999,31392,100.00
11000,52339,100.00
11001,23803,0.00
11002,24826,100.00
11003,25580,100.00
11004,32971,100.00
11005,25461,100.00
11006,40056,0.00
11007,41463,100.00
11008,61780,0.00
11009,64756,0.00
11010,54004,0.00
11011,55945,0.00
11012,53492,0.00
11013,68977,50.00
11014,21154,0.00
11015,21671,100.00
11016,25065,100.00
11017,22987,100.00
11018,20019,100.00
11019,19152,0.00
11020,23381,100.00
11021,26375,100.00
11022,25964,100.00
11023,61419,100.00
11024,54358,0.00
11025,25083,100.00
11026,27904,100.00
11027,27907,100.00
11028,23435,100.00
11029,23088,0.00
11030,25823,100.00
11031,34830,0.00
11032,43783,0.00
11033,46628,0.00
11034,43151,0.00
11035,61166,0.00
11036,49244,0.00
11037,71299,66.67
11038,22103,0.00
11039,49761,100.00
11040,54795,0.00
11041,24769,100.00
11042,22008,100.00
11043,22592,100.00
11044,22249,100.00
11045,20139,0.00
11046,18620,100.00
11047,24265,100.00
11048,25880,100.00
11049,48759,100.00
11050,45492,0.00
11051,44146,100.00
11052,23290,100.00
11053,23868,100.00
11054,35621,0.00
11055,42816,0.00
11056,47236,0.00
11057,45490,0.00
11058,50061,0.00
11059,69445,50.00
11060,20716,0.00
11061,25519,100.00
11062,31216,100.00
11063,28008,100.00
11064,38975,100.00
11065,35950,0.00
11066,40896,100.00
11067,23790,100.00
11068,19255,100.00
11069,21354,100.00
11070,23503,0.00
11071,18856,100.00
11072,18545,100.00
11073,26279,100.00
11074,28595,100.00
11075,43987,0.00
11076,44185,100.00
11077,41017,0.00
11078,54294,0.00
11079,52422,0.00
11080,43080,0.00
11081,41432,0.00
11082,66907,66.67
11083,19644,0.00
11084,24654,100.00
11085,25840,0.00
11086,23212,100.00
11087,22906,100.00
11088,25996,100.00
11089,24559,100.00
11090,39687,0.00
11091,45054,100.00
11092,44983,100.00
11093,22205,100.00
11094,41533,0.00
11095,48504,0.00
11096,46297,0.00
11097,48872,0.00
11098,59294,100.00
11099,16816,0.00
11100,20665,100.00
11101,22917,100.00
11102,23730,100.00
11103,26197,100.00
11104,24686,0.00
11105,53063,100.00
11106,51529,100.00
11107,26355,100.00
11108,23358,100.00
11109,22748,0.00
11110,20452,100.00
11111,21423,100.00
11112,32675,100.00
11113,23893,100.00
11114,27077,0.00
11115,40741,0.00
11116,38874,0.00
11117,48278,0.00
11118,56337,0.00
11119,70007,0.00
11120,64293,100.00
11121,18820,0.00
11122,23215,100.00
11123,23487,100.00
11124,26030,100.00
11125,20186,0.00
11126,19250,100.00
11127,17578,100.00
11128,21794,100.00
11129,25802,100.00
11130,23912,0.00
11131,51962,100.00
11132,49763,100.00
11133,25905,100.00
11134,30991,100.00
11135,19680,0.00
11136,21063,100.00
11137,33331,0.00
11138,38614,0.00
11139,47811,0.00
11140,42914,0.00
11141,49567,0.00
11142,66940,100.00
11143,22531,0.00
11144,31816,100.00
11145,25870,0.00
11146,55441,100.00
11147,57278,100.00
11148,25425,100.00
11149,22594,100.00
11150,23230,0.00
11151,19022,100.00
11152,18721,100.00
11153,18326,100.00
11154,23147,100.00
11155,24538,0.00
11156,27093,100.00
11157,55657,100.00
11158,53488,100.00
11159,25454,100.00
11160,47231,0.00
11161,53158,0.00
11162,53241,0.00
11163,48153,0.00
11164,52429,0.00
11165,79906,50.00
11166,22526,0.00
11167,22508,100.00
11168,28630,100.00
11169,27833,100.00
11170,26936,0.00
11171,22540,100.00
11172,61163,100.00
11173,55430,100.00
11174,23400,100.00
11175,20435,0.00
11176,31723,0.00
11177,41406,0.00
11178,49860,0.00
11179,49482,0.00
11180,62139,100.00
11181,16905,0.00
11182,20981,100.00
11183,21466,100.00
11184,29686,0.00
11185,27402,100.00
11186,55884,100.00
11187,50524,100.00
11188,37282,100.00
11189,23354,0.00
11190,24593,100.00
11191,21709,100.00
11192,22907,100.00
11193,32878,100.00
11194,29774,0.00
11195,23476,100.00
11196,51670,100.00
11197,58058,0.00
11198,56939,0.00
11199,65142,0.00
11200,61675,0.00
11201,59342,0.00
11202,63931,0.00
11203,69645,100.00
11204,21363,0.00
11205,21027,0.00
11206,25147,100.00
11207,18465,100.00
11208,20252,100.00
11209,18060,100.00
11210,23795,0.00
11211,26230,100.00
11212,43075,100.00
11213,44660,100.00
11214,35576,100.00
11215,26419,0.00
11216,24682,100.00
11217,29012,100.00
11218,23106,100.00
11219,24750,100.00
11220,24655,0.00
11221,38009,0.00
11222,45927,0.00
11223,48396,0.00
11224,55077,0.00
11225,54847,0.00
11226,65185,66.67
11227,18028,0.00
11228,58495,0.00
11229,56149,100.00
11230,24093,100.00
11231,22024,100.00
11232,24900,100.00
11233,21316,0.00
11234,20350,100.00
11235,19575,100.00
11236,22770,100.00
11237,25513,100.00
11238,24383,0.00
11239,54526,100.00
11240,53246,100.00
11241,29027,100.00
11242,28783,100.00
11243,21411,0.00
11244,41666,0.00
11245,51553,0.00
11246,53707,0.00
11247,58121,0.00
11248,59164,0.00
11249,58474,0.00
11250,66979,100.00
11251,22011,0.00
11252,26824,100.00
11253,26169,100.00
11254,54355,0.00
11255,50741,100.00
11256,34297,100.00
11257,24009,100.00
11258,25317,100.00
11259,20121,0.00
11260,19913,100.00
11261,19632,100.00
11262,25528,100.00
11263,24978,100.00
11264,26733,0.00
11265,46380,100.00
11266,44957,100.00
11267,45479,0.00
11268,53213,0.00
11269,47104,0.00
11270,48644,0.00
11271,53181,0.00
11272,72423,100.00
11273,23638,0.00
11274,25005,0.00
11275,25028,100.00
11276,22476,100.00
11277,25676,100.00
11278,26119,100.00
11279,22946,0.00
11280,55141,100.00
11281,55816,100.00
11282,25101,100.00
11283,20803,100.00
11284,48681,0.00
11285,67202,0.00
11286,61077,0.00
11287,72572,0.00
11288,20464,0.00
11289,22065,100.00
11290,22693,100.00
11291,21053,100.00
11292,23161,100.00
11293,24895,0.00
11294,23950,100.00
11295,63459,100.00
11296,52417,100.00
11297,28817,100.00
11298,25316,0.00
11299,21248,100.00
11300,20178,100.00
11301,23197,100.00
11302,38662,100.00
11303,26338,0.00
11304,35249,0.00
11305,61046,0.00
11306,61202,0.00
11307,49754,0.00
11308,45695,0.00
11309,65088,66.67
11310,20858,0.00
11311,57787,0.00
11312,23003,100.00
11313,20208,100.00
11314,23513,100.00
11315,19016,100.00
11316,19143,0.00
11317,18653,100.00
11318,22298,100.00
11319,26141,100.00
11320,24548,100.00
11321,56823,0.00
11322,58888,100.00
11323,32117,100.00
11324,29076,100.00
11325,21800,100.00
11326,20325,0.00
11327,40659,0.00
11328,40128,0.00
11329,38068,0.00
11330,45618,0.00
11331,47528,0.00
11332,72899,66.67
11333,22385,0.00
11334,27165,0.00
11335,28639,100.00
11336,54111,100.00
11337,48277,100.00
11338,22405,100.00
11339,21273,0.00
11340,23350,100.00
11341,19453,100.00
11342,19899,100.00
11343,18404,100.00
11344,22725,0.00
11345,26725,100.00
11346,24400,100.00
11347,60242,100.00
11348,50272,100.00
11349,23650,0.00
11350,20210,100.00
11351,47603,0.00
11352,42190,0.00
11353,49805,0.00
11354,47345,0.00
11355,48304,0.00
11356,80237,50.00
11357,18514,0.00
11358,22248,100.00
11359,27650,100.00
11360,28482,100.00
11361,25069,100.00
11362,40793,0.00
11363,40177,100.00
11364,48641,100.00
11365,25558,100.00
11366,20971,100.00
11367,29910,0.00
11368,45856,0.00
11369,51620,0.00
11370,41773,0.00
11371,65046,50.00
11372,19967,0.00
11373,21676,100.00
11374,31081,100.00
11375,29995,100.00
11376,24524,0.00
11377,54571,100.00
11378,54381,100.00
11379,23027,100.00
11380,19503,100.00
11381,24123,0.00
11382,20828,100.00
11383,23476,100.00
11384,35189,100.00
11385,24815,100.00
11386,24817,0.00
11387,42668,100.00
11388,41476,100.00
11389,33000,0.00
11390,54102,0.00
11391,55345,0.00
11392,55598,0.00
11393,62383,0.00
11394,52695,0.00
11395,63120,100.00
11396,19854,0.00
11397,22050,0.00
11398,20439,100.00
11399,21888,100.00
11400,20890,100.00
11401,23552,100.00
11402,25886,0.00
11403,44745,100.00
11404,45732,100.00
11405,41133,100.00
11406,23738,100.00
11407,22747,0.00
11408,19979,100.00
11409,30251,100.00
11410,25472,100.00
11411,24131,100.00
11412,40159,0.00
11413,40328,0.00
11414,42780,0.00
11415,46402,0.00
11416,45514,0.00
11417,66490,0.00
11418,20660,0.00
11419,45692,100.00
11420,51097,100.00
11421,24007,100.00
11422,23229,100.00
11423,22433,0.00
11424,18786,100.00
11425,18631,100.00
11426,17381,100.00
11427,22936,100.00
11428,23864,0.00
11429,44802,100.00
11430,43667,100.00
11431,33681,100.00
11432,31796,100.00
11433,24444,0.00
11434,21186,100.00
11435,23012,0.00
11436,60500,0.00
11437,58906,0.00
11438,52941,0.00
11439,51997,0.00
11440,57022,0.00
11441,69678,100.00
11442,23466,0.00
11443,25297,100.00
11444,38862,0.00
11445,40016,100.00
11446,41707,100.00
11447,24990,100.00
11448,21357,100.00
11449,20788,0.00
11450,19340,100.00
11451,19664,100.00
11452,19803,100.00
11453,23966,100.00
11454,26107,0.00
11455,41927,100.00
11456,39912,100.00
11457,45894,0.00
11458,51917,0.00
11459,53131,0.00
11460,52343,0.00
11461,50756,0.00
11462,70364,100.00
11463,19650,0.00
11464,26373,100.00
11465,22927,100.00
11466,23781,100.00
11467,23448,0.00
11468,31645,100.00
11469,24455,100.00
11470,44459,100.00
11471,41586,100.00
11472,42532,0.00
11473,21668,100.00
11474,43123,0.00
11475,51403,0.00
11476,53986,0.00
11477,45101,0.00
11478,61757,100.00
11479,17579,0.00
11480,19810,100.00
11481,22247,0.00
11482,25733,100.00
11483,26972,100.00
11484,24364,100.00
11485,52154,100.00
11486,51305,0.00
11487,32681,100.00
11488,24746,100.00
11489,22946,100.00
11490,24113,100.00
11491,35356,0.00
11492,33685,100.00
11493,24586,100.00
11494,24022,100.00
11495,42568,0.00
11496,47581,0.00
11497,46955,0.00
11498,49632,0.00
11499,50305,0.00
11500,69911,50.00
11501,21931,0.00
11502,55151,100.00
11503,26115,100.00
11504,23123,100.00
11505,22392,100.00
11506,18208,0.00
11507,20046,100.00
11508,19076,100.00
11509,24068,100.00
11510,26141,100.00
11511,56910,0.00
11512,51969,100.00
11513,42071,100.00
11514,28527,100.00
11515,24552,100.00
11516,22638,0.00
11517,34470,0.00
11518,44269,0.00
11519,44506,0.00
11520,43653,0.00
11521,46900,0.00
11522,42150,0.00
11523,72839,100.00
11524,22769,0.00
11525,26965,100.00
11526,41192,100.00
11527,36370,0.00
11528,45879,100.00
11529,24410,100.00
11530,20931,100.00
11531,22486,100.00
11532,18267,0.00
11533,19010,100.00
11534,19520,100.00
11535,24394,100.00
11536,24818,100.00
11537,44198,0.00
11538,34397,100.00
11539,27920,100.00
11540,22438,100.00
11541,32857,0.00
11542,44951,0.00
11543,44147,0.00
11544,42640,0.00
11545,44225,0.00
11546,44766,0.00
11547,61420,50.00
11548,20569,0.00
11549,29552,100.00
11550,33812,100.00
11551,29446,100.00
11552,25301,100.00
11553,53032,0.00
11554,51739,100.00
11555,24074,100.00
11556,22014,100.00
11557,23417,100.00
11558,25063,0.00
11559,19025,100.00
11560,17949,100.00
11561,32860,0.00
11562,30653,0.00
11563,33790,0.00
11564,35773,0.00
11565,63962,100.00
11566,21707,0.00
11567,25382,0.00
11568,51617,100.00
11569,43602,100.00
11570,28488,100.00
11571,25632,100.00
11572,23576,0.00
11573,21340,100.00
11574,22853,100.00
11575,25722,100.00
11576,25688,100.00
11577,24313,0.00
11578,43486,100.00
11579,45733,100.00
11580,32940,100.00
11581,35071,0.00
11582,40262,0.00
11583,45548,0.00
11584,58331,0.00
11585,55107,0.00
11586,77496,100.00
11587,21109,0.00
11588,21325,100.00
11589,23018,100.00
11590,20094,100.00
11591,22980,100.00
11592,25609,0.00
11593,38735,100.00
11594,44628,100.00
11595,41242,100.00
11596,24867,100.00
11597,24176,0.00
11598,19534,100.00
11599,21320,100.00
11600,31542,100.00
11601,26656,100.00
11602,20011,0.00
11603,43769,0.00
11604,48326,0.00
11605,48378,0.00
11606,46097,0.00
11607,43455,0.00
11608,64671,66.67
11609,21153,0.00
11610,52618,100.00
11611,23404,100.00
11612,24746,0.00
11613,23780,100.00
11614,20674,100.00
11615,19555,100.00
11616,18740,100.00
11617,23058,0.00
11618,26205,100.00
11619,40769,100.00
11620,47829,100.00
11621,38446,100.00
11622,31471,0.00
11623,26834,100.00
11624,20747,100.00
11625,19468,0.00
11626,41077,0.00
11627,42202,0.00
11628,48428,0.00
11629,43937,0.00
11630,42179,0.00
11631,64010,100.00
11632,21790,0.00
11633,26354,100.00
11634,27372,100.00
11635,57353,0.00
11636,56836,100.00
11637,25633,100.00
11638,22562,100.00
11639,24216,100.00
11640,20835,0.00
11641,19141,100.00
11642,18411,100.00
11643,22729,100.00
11644,30850,100.00
11645,38391,0.00
11646,39735,100.00
11647,41234,100.00
11648,45084,0.00
11649,44136,0.00
11650,49947,0.00
11651,57320,0.00
11652,56805,0.00
11653,68792,100.00
11654,19090,0.00
11655,25710,0.00
11656,22016,100.00
11657,22674,100.00
11658,25887,100.00
11659,24711,100.00
11660,23762,0.00
11661,58027,100.00
11662,53747,100.00
11663,23011,100.00
11664,21490,100.00
11665,55198,0.00
11666,54946,0.00
11667,56881,0.00
11668,70140,0.00
11669,59984,100.00
11670,17068,0.00
11671,22095,100.00
11672,21568,100.00
11673,25198,100.00
11674,26918,0.00
11675,44621,100.00
11676,41299,100.00
11677,36601,100.00
11678,27521,100.00
11679,23614,0.00
11680,21390,100.00
11681,22888,100.00
11682,24524,100.00
11683,33957,100.00
11684,22538,0.00
11685,36004,100.00
11686,40944,0.00
11687,53429,0.00
11688,62157,0.00
11689,50525,0.00
11690,49884,0.00
11691,51454,0.00
11692,67033,66.67
11693,21712,0.00
11694,23057,100.00
11695,26073,0.00
11696,22047,100.00
11697,20032,100.00
11698,19124,100.00
11699,24221,100.00
11700,25614,0.00
11701,33972,100.00
11702,50564,100.00
11703,51195,100.00
11704,32386,100.00
11705,22526,0.00
11706,23261,100.00
11707,20895,100.00
11708,26209,0.00
11709,35480,0.00
11710,44825,0.00
11711,52624,0.00
11712,44269,0.00
11713,64900,50.00
11714,22088,0.00
11715,25474,100.00
11716,43388,0.00
11717,47993,100.00
11718,51085,100.00
11719,23304,100.00
11720,20358,100.00
11721,22905,0.00
11722,18130,100.00
11723,19383,100.00
11724,22939,100.00
11725,25114,100.00
11726,25898,0.00
11727,45245,100.00
11728,44905,100.00
11729,31835,100.00
11730,24532,100.00
11731,41708,0.00
11732,49729,0.00
11733,47977,0.00
11734,51636,0.00
11735,54453,0.00
11736,51814,0.00
11737,65432,50.00
11738,17987,0.00
11739,24106,100.00
11740,28222,100.00
11741,33816,100.00
11742,23732,0.00
11743,56184,100.00
11744,56025,100.00
11745,26121,100.00
11746,22227,100.00
11747,23625,0.00
11748,20186,100.00
11749,20557,100.00
11750,18456,100.00
11751,34667,100.00
11752,41179,0.00
11753,43347,0.00
11754,44082,0.00
11755,52131,0.00
11756,54837,0.00
11757,92235,100.00
11758,23719,0.00
11759,56588,100.00
11760,50651,100.00
11761,33217,100.00
11762,27539,0.00
11763,22365,100.00
11764,23076,100.00
11765,25848,100.00
11766,25236,100.00
11767,22382,0.00
11768,42648,100.00
11769,43742,100.00
11770,22511,100.00
11771,44727,0.00
11772,74285,0.00
11773,45779,0.00
11774,49899,0.00
11775,45555,0.00
11776,62249,100.00
11777,43643,100.00
11778,17290,0.00
11779,25635,0.00
11780,20554,100.00
11781,24760,100.00
11782,25237,100.00
11783,32767,100.00
11784,53788,0.00
11785,47820,100.00
11786,22807,100.00
11787,24268,100.00
11788,20252,100.00
11789,27506,0.00
11790,24067,100.00
11791,25360,100.00
11792,23933,100.00
11793,44389,0.00
11794,49941,0.00
11795,49028,0.00
11796,56485,0.00
11797,47644,0.00
11798,63508,100.00
11799,24489,0.00
11800,48455,100.00
11801,24708,100.00
11802,26431,100.00
11803,26303,100.00
11804,21100,0.00
11805,19995,100.00
11806,18910,100.00
11807,23825,100.00
11808,25436,100.00
11809,38745,0.00
11810,44003,100.00
11811,44185,100.00
11812,33885,100.00
11813,28063,100.00
11814,21467,0.00
11815,20819,100.00
11816,59162,0.00
11817,50493,0.00
11818,46887,0.00
11819,48341,0.00
11820,47992,0.00
11821,70394,66.67
11822,23876,0.00
11823,28124,100.00
11824,24948,0.00
11825,55149,100.00
11826,56294,100.00
11827,25911,100.00
11828,22570,100.00
11829,24772,0.00
11830,20449,100.00
11831,19646,100.00
11832,18315,100.00
11833,22914,100.00
11834,34993,0.00
11835,28557,100.00
11836,52680,100.00
11837,50200,100.00
11838,22762,0.00
11839,41941,0.00
11840,48705,0.00
11841,43480,0.00
11842,45050,0.00
11843,49352,0.00
11844,61481,100.00
11845,20960,0.00
11846,22650,100.00
11847,28099,0.00
11848,30602,100.00
11849,28951,100.00
11850,23073,100.00
11851,56544,100.00
11852,49009,0.00
11853,25799,100.00
11854,20791,100.00
11855,35437,0.00
11856,35270,0.00
11857,44894,0.00
11858,46234,0.00
11859,59657,100.00
11860,16792,0.00
11861,20314,0.00
11862,21829,100.00
11863,28318,100.00
11864,25832,100.00
11865,51779,100.00
11866,46765,0.00
11867,33363,100.00
11868,23950,100.00
11869,23538,100.00
11870,20229,100.00
11871,22593,0.00
11872,36086,100.00
11873,24827,100.00
11874,24547,100.00
11875,41207,100.00
11876,47571,0.00
11877,46919,0.00
11878,49081,0.00
11879,47552,0.00
11880,47251,0.00
11881,50451,0.00
11882,61331,50.00
11883,20651,0.00
11884,24305,100.00
11885,28953,100.00
11886,21615,100.00
11887,19691,0.00
11888,18301,100.00
11889,23660,100.00
11890,24649,100.00
11891,50055,100.00
11892,44845,0.00
11893,34593,100.00
11894,31415,100.00
11895,24446,100.00
11896,22385,100.00
11897,22847,0.00
11898,25413,100.00
11899,24633,100.00
11900,41020,0.00
11901,47912,0.00
11902,51834,0.00
11903,71055,0.00
11904,68285,0.00
11905,68379,100.00
11906,20511,0.00
11907,55375,0.00
11908,53581,100.00
11909,23665,100.00
11910,21350,100.00
11911,23974,100.00
11912,19558,0.00
11913,18677,100.00
11914,18515,100.00
11915,23009,100.00
11916,28407,100.00
11917,46637,0.00
11918,44643,100.00
11919,39195,100.00
11920,31793,100.00
11921,24053,100.00
11922,34250,0.00
11923,38765,0.00
11924,45630,0.00
11925,56868,0.00
11926,58740,0.00
11927,71723,50.00
11928,20190,0.00
11929,24575,100.00
11930,26222,0.00
11931,25735,100.00
11932,40151,100.00
11933,38421,100.00
11934,42921,100.00
11935,23446,0.00
11936,21353,100.00
11937,22223,100.00
11938,18234,100.00
11939,20138,100.00
11940,21552,0.00
11941,24914,100.00
11942,25754,100.00
11943,40679,100.00
11944,36033,100.00
11945,47182,0.00
11946,46269,0.00
11947,50788,0.00
11948,50466,0.00
11949,47032,0.00
11950,69997,50.00
11951,24605,0.00
11952,22507,100.00
11953,28234,0.00
11954,23280,100.00
11955,24737,100.00
11956,27610,100.00
11957,25337,100.00
11958,29585,0.00
11959,47582,100.00
11960,50360,100.00
11961,22785,100.00
11962,35529,0.00
11963,50149,0.00
11964,51463,0.00
11965,52810,0.00
11966,62141,100.00
11967,18316,0.00
11968,19429,100.00
11969,20733,100.00
11970,22853,100.00
11971,25418,100.00
11972,24269,0.00
11973,52311,100.00
11974,52694,100.00
11975,30629,100.00
11976,25222,100.00
11977,23507,0.00
11978,26206,100.00
11979,26034,100.00
11980,26575,100.00
11981,25417,100.00
11982,21479,0.00
11983,51904,0.00
11984,48093,0.00
11985,54220,0.00
11986,53732,0.00
11987,56617,0.00
11988,68028,100.00
11989,20436,0.00
11990,53702,100.00
11991,30161,100.00
11992,23078,0.00
11993,21133,100.00
11994,23225,100.00
11995,18614,100.00
11996,20625,100.00
11997,23196,0.00
11998,24829,100.00
11999,42293,100.00
12000,70858,100.00
12001,30485,100.00
12002,30460,0.00
12003,23737,100.00
12004,21284,100.00
12005,24240,0.00
12006,38496,0.00
12007,38207,0.00
12008,42925,0.00
12009,47879,0.00
12010,41896,0.00
12011,61847,66.67
12012,21818,0.00
12013,26636,0.00
12014,42713,100.00
12015,44977,100.00
12016,47789,100.00
12017,25289,100.00
12018,22586,0.00
12019,20910,100.00
12020,19497,100.00
12021,19178,100.00
12022,19887,100.00
12023,23608,0.00
12024,25253,100.00
12025,42192,100.00
12026,39902,100.00
12027,34171,100.00
12028,32535,0.00
12029,34185,0.00
12030,41816,0.00
12031,42798,0.00
12032,44907,0.00
12033,45499,0.00
12034,70838,100.00
12035,19419,0.00
12036,22302,100.00
12037,25386,100.00
12038,27243,100.00
12039,24059,0.00
12040,37613,100.00
12041,33096,100.00
12042,37255,100.00
12043,24876,100.00
12044,20023,0.00
12045,41828,0.00
12046,39519,0.00
12047,42444,0.00
12048,44796,0.00
12049,46049,100.00
12050,18620,0.00
12051,19064,100.00
12052,23032,100.00
12053,24570,0.00
12054,23608,100.00
12055,48434,100.00
12056,44433,100.00
12057,26606,100.00
12058,21249,0.00
12059,23631,100.00
12060,21844,100.00
12061,22704,100.00
12062,25160,100.00
12063,31461,0.00
12064,21704,100.00
12065,39005,100.00
12066,40284,0.00
12067,44238,0.00
12068,44311,0.00
12069,46363,0.00
12070,45003,0.00
12071,44987,0.00
12072,53687,66.67
12073,20731,0.00
12074,21403,0.00
12075,24464,100.00
12076,19640,100.00
12077,20966,100.00
12078,22212,100.00
12079,23616,0.00
12080,26065,100.00
12081,52202,100.00
12082,49265,100.00
12083,35430,100.00
12084,24176,0.00
12085,24938,100.00
12086,28132,100.00
12087,22937,100.00
12088,25703,100.00
12089,22758,0.00
12090,39994,0.00
12091,46758,0.00
12092,49566,0.00
12093,53256,0.00
12094,53882,0.00
12095,65977,100.00
12096,21003,0.00
12097,54491,100.00
12098,56128,100.00
12099,25733,0.00
12100,24982,100.00
12101,24344,100.00
12102,20551,100.00
12103,19263,100.00
12104,18738,0.00
12105,22908,100.00
12106,26201,100.00
12107,35011,100.00
12108,42614,100.00
12109,47101,0.00
12110,31472,100.00
12111,23384,100.00
12112,20909,100.00
12113,46076,0.00
12114,53433,0.00
12115,51295,0.00
12116,48864,0.00
12117,53034,0.00
12118,54235,0.00
12119,57408,100.00
12120,21896,0.00
12121,27147,100.00
12122,23877,100.00
12123,47948,100.00
12124,44373,100.00
12125,22956,0.00
12126,21106,100.00
12127,23846,100.00
12128,19205,100.00
12129,19478,100.00
12130,18542,0.00
12131,22789,100.00
12132,31760,100.00
12133,26412,100.00
12134,43877,100.00
12135,34403,0.00
12136,33043,0.00
12137,34908,0.00
12138,41576,0.00
12139,45248,0.00
12140,43715,0.00
12141,64296,100.00
12142,17857,0.00
12143,24496,100.00
12144,24014,100.00
12145,23126,100.00
12146,25973,0.00
12147,24472,100.00
12148,23980,100.00
12149,55272,100.00
12150,51730,100.00
12151,22419,0.00
12152,17617,100.00
12153,56633,0.00
12154,53344,0.00
12155,54958,0.00
12156,70949,66.67
12157,21807,0.00
12158,22222,100.00
12159,21905,0.00
12160,21358,100.00
12161,23872,100.00
12162,25024,100.00
12163,36335,100.00
12164,51826,0.00
12165,64774,0.00
12166,21438,100.00
12167,22466,100.00
12168,68678,0.00
12169,23429,100.00
12170,28692,100.00
12171,28821,0.00
12172,25237,100.00
12173,26319,100.00
12174,23089,100.00
12175,39601,0.00
12176,56453,0.00
12177,48431,0.00
12178,43949,0.00
12179,46398,0.00
12180,44910,0.00
12181,65622,100.00
12182,21098,0.00
12183,55429,100.00
12184,23296,100.00
12185,29595,100.00
12186,24403,100.00
12187,18666,0.00
12188,19076,100.00
12189,21488,100.00
12190,23621,100.00
12191,24334,100.00
12192,49447,0.00
12193,43894,100.00
12194,23600,100.00
12195,30223,100.00
12196,21478,100.00
12197,20298,0.00
12198,31275,0.00
12199,42752,0.00
12200,50386,0.00
12201,46821,0.00
12202,46789,0.00
12203,46089,0.00
12204,52971,100.00
12205,22025,0.00
12206,24743,100.00
12207,43324,100.00
12208,43088,0.00
12209,34237,100.00
12210,21019,100.00
12211,23514,100.00
12212,19634,100.00
12213,19414,0.00
12214,18043,100.00
12215,21679,100.00
12216,25774,100.00
12217,26537,100.00
12218,43999,0.00
12219,43446,100.00
12220,22673,100.00
12221,20077,100.00
12222,45820,0.00
12223,47120,0.00
12224,46670,0.00
12225,51585,0.00
12226,48802,0.00
12227,65239,50.00
12228,19325,0.00
12229,21219,100.00
12230,27385,100.00
12231,29992,0.00
12232,26602,100.00
12233,37060,100.00
12234,36500,100.00
12235,39730,100.00
12236,23374,0.00
12237,20859,100.00
12238,22996,100.00
12239,54805,0.00
12240,51918,0.00
12241,56869,0.00
12242,66629,66.67
12243,17515,0.00
12244,20403,0.00
12245,22287,100.00
12246,24053,100.00
12247,25327,100.00
12248,55477,100.00
12249,49539,0.00
12250,33361,100.00
12251,23400,100.00
12252,24293,100.00
12253,21152,100.00
12254,22503,0.00
12255,25452,100.00
12256,31111,100.00
12257,23581,100.00
12258,39764,100.00
12259,42163,0.00
12260,38514,0.00
12261,44141,0.00
12262,49889,0.00
12263,46301,0.00
12264,44271,0.00
12265,46236,0.00
12266,60577,100.00
12267,20203,0.00
12268,28604,100.00
12269,39244,100.00
12270,22333,0.00
12271,20307,100.00
12272,25292,100.00
12273,26522,100.00
12274,37751,100.00
12275,42580,0.00
12276,39831,100.00
12277,29355,100.00
12278,23175,100.00
12279,20028,100.00
12280,27027,0.00
12281,24017,100.00
12282,24733,100.00
12283,29569,0.00
12284,31134,0.00
12285,32162,0.00
12286,32421,0.00
12287,45905,0.00
12288,49458,0.00
12289,66321,100.00
12290,20534,0.00
12291,50411,0.00
12292,23789,100.00
12293,22776,100.00
12294,25045,100.00
12295,21968,100.00
12296,20918,0.00
12297,18741,100.00
12298,22780,100.00
12299,25976,100.00
12300,34558,100.00
12301,40690,0.00
12302,42756,100.00
12303,24100,100.00
12304,25716,100.00
12305,19761,100.00
12306,40774,0.00
12307,49382,0.00
12308,49097,0.00
12309,47333,0.00
12310,50415,0.00
12311,49943,0.00
12312,58347,0.00
12313,43386,100.00
12314,22598,0.00
12315,28666,100.00
12316,52388,100.00
12317,52385,0.00
12318,23783,100.00
12319,22183,100.00
12320,23250,100.00
12321,20047,100.00
12322,19347,0.00
12323,19230,100.00
12324,29095,100.00
12325,25341,100.00
12326,23743,100.00
12327,48850,0.00
12328,38292,100.00
12329,41452,0.00
12330,33180,0.00
12331,43252,0.00
12332,45139,0.00
12333,55129,0.00
12334,57432,100.00
12335,18590,0.00
12336,25467,100.00
12337,26565,0.00
12338,27630,100.00
12339,27263,100.00
12340,25549,100.00
12341,22888,100.00
12342,47157,0.00
12343,49737,100.00
12344,22143,100.00
12345,23066,100.00
12346,54528,0.00
12347,49889,0.00
12348,48890,0.00
12349,50304,0.00
12350,54806,50.00
12351,16734,0.00
12352,22357,100.00
12353,21811,100.00
12354,25675,100.00
12355,24741,100.00
12356,36773,0.00
12357,38705,100.00
12358,34127,100.00
12359,25235,100.00
12360,22867,100.00
12361,21066,0.00
12362,22249,100.00
12363,29674,100.00
12364,26504,100.00
12365,22358,100.00
12366,35535,0.00
12367,31395,0.00
12368,38187,0.00
12369,35415,0.00
12370,34817,0.00
12371,64870,50.00
12372,22011,0.00
12373,49393,100.00
12374,27545,100.00
12375,26249,100.00
12376,23979,0.00
12377,17227,100.00
12378,18290,100.00
12379,21371,100.00
12380,24687,100.00
12381,22951,0.00
12382,44700,100.00
12383,39612,100.00
12384,26580,100.00
12385,25892,100.00
12386,25577,0.00
12387,20841,100.00
12388,36497,0.00
12389,33900,0.00
12390,51445,0.00
12391,53250,0.00
12392,51564,0.00
12393,46936,0.00
12394,59654,100.00
12395,22793,0.00
12396,24920,100.00
12397,42795,0.00
12398,47345,100.00
12399,34145,100.00
12400,22319,100.00
12401,25781,100.00
12402,20217,0.00
12403,19346,100.00
12404,19258,100.00
12405,22285,100.00
12406,25008,100.00
12407,26506,0.00
12408,43265,100.00
12409,40533,100.00
12410,24302,100.00
12411,21296,100.00
12412,34452,0.00
12413,50254,0.00
12414,44420,0.00
12415,40883,0.00
12416,42084,0.00
12417,30733,0.00
12418,64210,100.00
12419,20141,0.00
12420,24402,100.00
12421,30770,100.00
12422,26903,100.00
12423,24354,0.00
12424,48829,100.00
12425,48679,100.00
12426,22368,100.00
12427,22663,100.00
12428,23452,0.00
12429,18662,100.00
12430,19443,100.00
12431,18317,100.00
12432,41513,0.00
12433,37743,0.00
12434,34477,0.00
12435,47812,0.00
12436,72196,100.00
12437,22353,0.00
12438,27972,100.00
12439,52257,100.00
12440,51495,0.00
12441,40011,100.00
12442,33563,100.00
12443,24339,100.00
12444,24257,100.00
12445,23328,0.00
12446,25897,100.00
12447,28204,100.00
12448,23891,100.00
12449,46922,100.00
12450,51610,0.00
12451,28364,100.00
12452,32133,0.00
12453,40930,0.00
12454,45547,0.00
12455,41732,0.00
12456,47673,0.00
12457,69005,66.67
12458,22904,0.00
12459,20776,100.00
12460,19945,0.00
12461,20101,100.00
12462,23004,100.00
12463,23432,100.00
12464,25893,100.00
12465,55458,0.00
12466,46546,100.00
12467,34697,100.00
12468,24117,100.00
12469,22668,100.00
12470,21630,0.00
12471,21910,100.00
12472,37905,100.00
12473,24847,100.00
12474,40335,0.00
12475,53716,0.00
12476,48896,0.00
12477,51870,0.00
12478,58734,0.00
12479,56229,0.00
12480,65190,100.00
12481,21989,0.00
12482,52428,100.00
12483,26586,100.00
12484,24521,100.00
12485,24520,100.00
12486,19365,0.00
12487,19604,100.00
12488,19334,100.00
12489,23416,100.00
12490,28744,100.00
12491,50817,0.00
12492,53084,100.00
12493,39312,100.00
12494,32555,100.00
12495,26140,100.00
12496,21637,0.00
12497,27294,0.00
12498,42879,0.00
12499,47274,0.00
12500,47230,0.00
12501,44551,0.00
12502,42518,0.00
12503,60011,100.00
12504,22246,0.00
12505,26216,100.00
12506,22730,100.00
12507,50361,0.00
12508,47257,100.00
12509,21671,100.00
12510,22468,100.00
12511,23036,100.00
12512,23839,0.00
12513,19380,100.00
12514,19522,100.00
12515,22648,100.00
12516,33095,100.00
12517,26892,0.00
12518,52421,100.00
12519,53555,100.00
12520,76370,0.00
12521,56256,0.00
12522,50362,0.00
12523,55776,0.00
12524,52772,0.00
12525,67992,66.67
12526,18781,0.00
12527,23922,0.00
12528,22577,100.00
12529,22717,100.00
12530,27434,100.00
12531,24240,100.00
12532,23592,0.00
12533,55079,100.00
12534,53174,100.00
12535,21840,100.00
12536,22050,100.00
12537,50189,0.00
12538,46702,0.00
12539,51260,0.00
12540,57224,0.00
12541,71185,50.00
12542,19347,0.00
12543,20802,100.00
12544,21794,100.00
12545,24813,100.00
12546,25699,0.00
12547,39177,100.00
12548,41385,100.00
12549,38559,100.00
12550,27013,100.00
12551,24153,0.00
12552,21685,100.00
12553,22640,100.00
12554,25096,100.00
12555,32387,100.00
12556,22058,0.00
12557,33484,100.00
12558,30575,100.00
12559,35809,0.00
12560,39174,0.00
12561,34443,0.00
12562,36177,0.00
12563,38537,0.00
12564,57159,100.00
12565,19927,0.00
12566,20558,100.00
12567,22415,100.00
12568,20418,100.00
12569,19858,0.00
12570,19296,100.00
12571,23645,100.00
12572,24801,100.00
12573,25010,100.00
12574,53438,0.00
12575,51599,100.00
12576,33886,100.00
12577,23660,100.00
12578,25691,100.00
12579,21187,0.00
12580,33630,0.00
12581,40250,0.00
12582,49919,0.00
12583,55740,0.00
12584,58147,0.00
12585,51031,0.00
12586,62435,100.00
12587,20524,0.00
12588,40660,100.00
12589,35554,100.00
12590,38681,0.00
12591,23130,100.00
12592,20467,100.00
12593,22143,100.00
12594,18121,100.00
12595,18525,0.00
12596,20334,100.00
12597,22609,100.00
12598,24015,100.00
12599,38384,100.00
12600,38977,0.00
12601,29088,100.00
12602,23013,100.00
12603,29338,0.00
12604,44088,0.00
12605,46500,0.00
12606,46933,0.00
12607,50135,0.00
12608,60206,0.00
12609,61074,100.00
12610,19916,0.00
12611,25037,0.00
12612,28828,100.00
12613,26087,100.00
12614,37911,100.00
12615,39255,100.00
12616,43166,0.00
12617,22591,100.00
12618,20014,100.00
12619,21819,100.00
12620,17874,100.00
12621,18258,0.00
12622,20188,100.00
12623,26845,100.00
12624,35886,0.00
12625,35667,0.00
12626,49299,0.00
12627,47386,0.00
12628,69746,50.00
12629,21695,0.00
12630,52664,100.00
12631,49315,0.00
12632,27546,100.00
12633,26843,100.00
12634,25237,100.00
12635,21311,100.00
12636,23199,0.00
12637,24879,100.00
12638,24802,100.00
12639,21959,100.00
12640,49820,100.00
12641,46465,0.00
12642,22879,100.00
12643,33288,0.00
12644,39139,0.00
12645,46289,0.00
12646,52765,0.00
12647,51797,0.00
12648,62088,100.00
12649,17931,0.00
12650,20849,100.00
12651,22550,0.00
12652,24794,100.00
12653,25564,100.00
12654,25556,100.00
12655,59225,100.00
12656,52917,0.00
12657,23447,100.00
12658,21423,100.00
12659,25044,100.00
12660,21519,100.00
12661,24268,0.00
12662,37420,100.00
12663,26698,100.00
12664,35641,0.00
12665,43040,0.00
12666,44525,0.00
12667,42076,0.00
12668,48938,0.00
12669,62247,0.00
12670,67254,100.00
12671,22455,0.00
12672,24364,0.00
12673,23849,100.00
12674,23327,100.00
12675,20211,100.00
12676,19761,100.00
12677,18534,0.00
12678,22128,100.00
12679,27254,100.00
12680,23943,100.00
12681,56520,100.00
12682,54496,0.00
12683,25320,100.00
12684,31489,100.00
12685,26701,100.00
12686,20626,100.00
12687,45882,0.00
12688,48705,0.00
12689,52890,0.00
12690,63578,0.00
12691,47311,0.00
12692,80516,50.00
12693,23724,0.00
12694,27288,100.00
12695,27047,0.00
12696,49938,100.00
12697,51529,100.00
12698,21554,100.00
12699,20886,100.00
12700,24135,0.00
12701,20937,100.00
12702,21523,100.00
12703,25719,100.00
12704,25454,100.00
12705,24820,0.00
12706,23516,100.00
12707,52835,100.00
12708,50312,100.00
12709,28891,100.00
12710,29742,0.00
12711,49311,0.00
12712,53735,0.00
12713,48361,0.00
12714,65046,0.00
12715,70683,0.00
12716,72061,100.00
12717,18396,0.00
12718,21114,100.00
12719,25008,100.00
12720,28486,100.00
12721,26003,0.00
12722,41167,100.00
12723,37490,100.00
12724,48778,100.00
12725,25503,100.00
12726,20548,0.00
12727,55475,0.00
12728,62239,0.00
12729,48889,0.00
12730,70699,100.00
12731,17959,0.00
12732,21618,100.00
12733,25267,100.00
12734,25496,0.00
12735,26717,100.00
12736,25345,100.00
12737,57530,100.00
12738,52847,100.00
12739,25756,0.00
12740,20690,100.00
12741,40919,100.00
12742,22582,100.00
12743,25095,100.00
12744,28304,0.00
12745,25398,100.00
12746,25439,100.00
12747,47704,100.00
12748,43168,0.00
12749,45670,0.00
12750,47398,0.00
12751,45557,0.00
12752,37786,0.00
12753,38647,0.00
12754,63311,100.00
12755,21967,0.00
12756,20077,100.00
12757,24168,100.00
12758,21863,100.00
12759,18738,100.00
12760,19127,0.00
12761,24277,100.00
12762,24420,100.00
12763,49681,100.00
12764,50774,100.00
12765,45917,0.00
12766,24687,100.00
12767,23462,100.00
12768,27402,100.00
12769,24222,100.00
12770,27607,0.00
12771,26284,100.00
12772,52297,0.00
12773,55398,0.00
12774,58480,0.00
12775,59053,0.00
12776,57527,0.00
12777,69149,50.00
12778,21372,0.00
12779,58933,100.00
12780,56795,100.00
12781,22889,100.00
12782,23696,100.00
12783,24512,0.00
12784,19912,100.00
12785,20671,100.00
12786,18821,100.00
12787,22805,100.00
12788,26326,0.00
12789,26079,100.00
12790,48380,100.00
12791,42152,100.00
12792,35889,100.00
12793,24477,0.00
12794,31405,0.00
12795,37964,0.00
12796,41345,0.00
12797,42767,0.00
12798,47933,0.00
12799,46476,0.00
12800,69701,100.00
12801,23328,0.00
12802,27729,100.00
12803,29671,100.00
12804,25751,0.00
12805,56581,100.00
12806,56765,100.00
12807,25407,100.00
12808,22981,100.00
12809,23235,0.00
12810,19481,100.00
12811,19474,100.00
12812,19122,100.00
12813,26929,100.00
12814,27980,0.00
12815,38386,100.00
12816,43997,100.00
12817,40711,0.00
12818,39891,0.00
12819,37412,0.00
12820,34358,0.00
12821,33620,0.00
12822,32193,0.00
12823,41943,100.00
12824,17260,0.00
12825,22768,0.00
12826,21060,100.00
12827,22349,100.00
12828,25144,100.00
12829,25205,100.00
12830,22692,0.00
12831,35475,100.00
12832,35378,100.00
12833,22314,100.00
12834,31604,0.00
12835,33875,0.00
12836,39308,0.00
12837,39991,0.00
12838,64798,100.00
12839,17252,0.00
12840,20793,100.00
12841,23659,100.00
12842,19768,100.00
12843,23745,100.00
12844,26140,0.00
12845,44668,100.00
12846,42938,100.00
12847,32158,100.00
12848,23326,100.00
12849,22911,0.00
12850,21220,100.00
12851,21989,100.00
12852,35633,100.00
12853,27901,100.00
12854,20155,0.00
12855,41984,0.00
12856,55410,0.00
12857,52176,0.00
12858,52175,0.00
12859,57700,0.00
12860,68799,66.67
12861,19722,0.00
12862,57662,0.00
12863,23313,100.00
12864,25487,100.00
12865,21610,100.00
12866,19259,100.00
12867,18011,0.00
12868,21459,100.00
12869,25047,100.00
12870,23614,100.00
12871,55895,100.00
12872,46037,0.00
12873,21675,100.00
12874,30367,100.00
12875,20761,100.00
12876,20284,100.00
12877,33581,0.00
12878,36591,0.00
12879,47603,0.00
12880,43268,0.00
12881,41654,0.00
12882,65830,50.00
12883,21665,0.00
12884,24991,100.00
12885,21877,0.00
12886,52042,100.00
12887,49872,100.00
12888,22566,100.00
12889,21108,100.00
12890,24587,0.00
12891,18806,100.00
12892,18441,100.00
12893,17575,100.00
12894,21800,100.00
12895,24555,0.00
12896,20509,100.00
12897,57130,100.00
12898,48746,100.00
12899,22703,0.00
12900,52475,0.00
12901,55445,0.00
12902,62480,0.00
12903,53376,0.00
12904,51982,0.00
12905,60022,100.00
12906,38654,100.00
12907,18498,0.00
12908,24581,0.00
12909,29288,100.00
12910,26522,100.00
12911,22071,100.00
12912,54572,100.00
12913,55770,0.00
12914,23575,100.00
12915,23500,100.00
12916,42197,0.00
12917,45563,0.00
12918,55894,0.00
12919,51707,0.00
12920,63992,100.00
12921,17507,0.00
12922,20741,0.00
12923,20394,100.00
12924,26603,100.00
12925,28616,100.00
12926,49680,100.00
12927,46472,0.00
12928,32905,100.00
12929,22900,100.00
12930,22664,100.00
12931,20403,100.00
12932,22222,0.00
12933,31184,100.00
12934,28172,100.00
12935,23250,100.00
12936,38978,100.00
12937,47667,0.00
12938,48468,0.00
12939,51096,0.00
12940,64538,0.00
12941,51941,0.00
12942,58501,0.00
12943,68189,50.00
12944,20972,0.00
12945,21136,100.00
12946,21347,100.00
12947,19839,100.00
12948,18921,0.00
12949,22991,100.00
12950,23485,100.00
12951,24389,100.00
12952,54078,100.00
12953,48561,0.00
12954,28684,100.00
12955,27348,100.00
12956,23559,100.00
12957,28073,100.00
12958,23553,0.00
12959,25521,100.00
12960,21440,0.00
12961,38039,0.00
12962,46544,0.00
12963,44321,0.00
12964,41632,0.00
12965,40757,0.00
12966,61778,100.00
12967,20437,0.00
12968,47090,100.00
12969,50924,0.00
12970,22621,100.00
12971,20873,100.00
12972,21494,100.00
12973,17713,100.00
12974,19263,0.00
12975,22477,100.00
12976,24910,100.00
12977,27168,100.00
12978,46633,100.00
12979,49890,0.00
12980,47746,100.00
12981,23076,100.00
12982,25010,100.00
12983,21461,100.00
12984,58645,0.00
12985,52250,0.00
12986,58020,0.00
12987,55980,0.00
12988,66175,0.00
12989,69551,50.00
12990,21490,0.00
12991,41012,100.00
12992,29093,100.00
12993,23408,0.00
12994,54221,100.00
12995,52921,100.00
12996,22352,100.00
12997,19734,100.00
12998,22945,0.00
12999,19445,100.00
13000,38810,100.00
13001,18869,100.00
13002,25983,100.00
13003,25854,0.00
13004,26796,100.00
13005,52434,100.00
13006,44778,0.00
13007,44864,0.00
13008,47741,0.00
13009,55632,0.00
13010,44783,0.00
13011,49426,0.00
13012,66822,100.00
13013,19334,0.00
13014,24141,0.00
13015,26001,100.00
13016,24489,100.00
13017,27421,100.00
13018,24561,100.00
13019,43121,0.00
13020,52354,100.00
13021,47290,100.00
13022,26421,100.00
13023,21228,100.00
13024,31409,0.00
13025,41514,0.00
13026,43339,0.00
13027,65722,50.00
13028,21133,0.00
13029,20271,100.00
13030,27071,100.00
13031,20224,100.00
13032,23509,0.00
13033,25264,100.00
13034,37757,100.00
13035,41462,100.00
13036,37884,100.00
13037,28326,0.00
13038,23499,100.00
13039,19757,100.00
13040,26954,100.00
13041,25931,100.00
13042,25394,0.00
13043,20799,100.00
13044,33019,0.00
13045,39832,0.00
13046,41729,0.00
13047,39627,0.00
13048,39379,0.00
13049,68652,100.00
13050,21102,0.00
13051,50304,100.00
13052,25136,0.00
13053,22923,100.00
13054,23551,100.00
13055,20550,100.00
13056,20875,100.00
13057,19429,0.00
13058,23600,100.00
13059,25121,100.00
13060,42192,100.00
13061,39042,100.00
13062,37403,0.00
13063,26906,100.00
13064,25305,100.00
13065,21284,100.00
13066,27527,0.00
13067,38291,0.00
13068,45526,0.00
13069,49574,0.00
13070,56447,0.00
13071,55940,0.00
13072,71142,50.00
13073,22731,0.00
13074,27686,100.00
13075,37337,100.00
13076,33827,100.00
13077,37322,100.00
13078,26941,0.00
13079,21056,100.00
13080,21021,100.00
13081,19485,100.00
13082,18816,100.00
13083,22469,0.00
13084,23506,100.00
13085,29306,100.00
13086,41416,100.00
13087,37803,100.00
13088,29501,0.00
13089,23156,100.00
13090,36084,0.00
13091,45959,0.00
13092,47712,0.00
13093,46467,0.00
13094,40249,0.00
13095,41463,0.00
13096,62315,100.00
13097,20446,0.00
13098,23155,100.00
13099,35093,0.00
13100,28029,100.00
13101,29409,100.00
13102,52583,100.00
13103,51963,100.00
13104,24192,0.00
13105,20074,100.00
13106,18882,100.00
13107,136277,0.00
13108,47757,0.00
13109,52675,0.00
13110,65759,100.00
13111,19320,0.00
13112,20208,100.00
13113,26061,100.00
13114,27722,100.00
13115,25258,0.00
13116,60688,100.00
13117,50450,100.00
13118,27054,100.00
13119,22369,100.00
13120,21863,0.00
13121,20842,100.00
13122,23584,100.00
13123,26287,100.00
13124,34976,100.00
13125,32304,0.00
13126,49795,100.00
13127,53598,100.00
13128,49441,0.00
13129,54513,0.00
13130,55770,0.00
13131,56067,0.00
13132,51194,0.00
13133,52254,0.00
13134,66497,100.00
13135,18353,0.00
13136,21901,0.00
13137,18748,100.00
13138,19418,100.00
13139,19949,100.00
13140,23849,100.00
13141,25085,0.00
13142,49626,100.00
13143,46764,100.00
13144,32621,100.00
13145,24078,100.00
13146,24661,0.00
13147,24486,100.00
13148,29273,100.00
13149,26353,100.00
13150,25001,100.00
13151,50107,0.00
13152,60311,0.00
13153,64595,0.00
13154,56515,0.00
13155,59617,0.00
13156,72342,50.00
13157,21356,0.00
13158,59374,100.00
13159,60508,100.00
13160,41136,100.00
13161,22211,0.00
13162,20896,100.00
13163,19057,100.00
13164,18661,100.00
13165,22181,100.00
13166,23578,0.00
13167,26658,100.00
13168,54760,100.00
13169,47836,100.00
13170,42878,100.00
13171,27918,0.00
13172,24061,100.00
13173,20679,100.00
13174,32937,0.00
13175,46820,0.00
13176,49957,0.00
13177,57909,0.00
13178,50747,0.00
13179,45954,0.00
13180,71401,66.67
13181,23528,0.00
13182,29875,0.00
13183,44274,100.00
13184,46015,100.00
13185,50695,100.00
13186,23691,100.00
13187,20376,0.00
13188,22349,100.00
13189,18621,100.00
13190,19291,100.00
13191,18328,100.00
13192,23492,0.00
13193,24854,100.00
13194,44356,100.00
13195,41520,100.00
13196,43734,0.00
13197,50815,0.00
13198,56013,0.00
13199,52220,0.00
13200,72107,0.00
13201,74179,50.00
13202,19533,0.00
13203,28671,100.00
13204,22451,100.00
13205,20651,100.00
13206,22881,100.00
13207,26311,0.00
13208,25112,100.00
13209,45599,100.00
13210,43423,100.00
13211,47316,100.00
13212,23308,0.00
13213,33865,0.00
13214,36298,0.00
13215,54459,0.00
13216,41447,0.00
13217,64118,66.67
13218,17448,0.00
13219,19661,100.00
13220,22123,100.00
13221,24074,0.00
13222,27709,100.00
13223,24336,100.00
13224,58759,100.00
13225,55845,100.00
13226,29092,0.00
13227,23772,100.00
13228,25457,100.00
13229,21637,100.00
13230,27468,100.00
13231,30736,0.00
13232,25249,100.00
13233,25870,100.00
13234,50961,0.00
13235,69795,0.00
13236,60221,0.00
13237,57135,0.00
13238,55912,0.00
13239,71195,100.00
13240,20960,0.00
13241,44597,0.00
13242,27658,100.00
13243,27184,100.00
13244,25194,100.00
13245,22612,100.00
13246,21271,0.00
13247,25023,100.00
13248,26763,100.00
13249,25199,100.00
13250,61361,100.00
13251,55651,0.00
13252,24239,100.00
13253,35479,100.00
13254,23969,100.00
13255,22228,100.00
13256,39962,0.00
13257,49906,0.00
13258,50162,0.00
13259,60085,0.00
13260,55034,0.00
13261,50207,0.00
13262,70352,50.00
13263,23006,0.00
13264,26902,100.00
13265,50748,100.00
13266,52980,100.00
13267,41873,0.00
13268,26481,100.00
13269,25841,100.00
13270,22433,100.00
13271,21019,100.00
13272,19881,0.00
13273,22977,100.00
13274,25554,100.00
13275,32873,100.00
13276,48727,100.00
13277,48074,0.00
13278,25171,100.00
13279,21513,100.00
13280,50983,0.00
13281,44452,0.00
13282,69155,0.00
13283,61334,0.00
13284,58253,0.00
13285,63134,0.00
13286,52549,100.00
13287,19443,0.00
13288,24578,0.00
13289,26934,100.00
13290,24957,100.00
13291,41087,100.00
13292,41236,100.00
13293,44437,0.00
13294,22648,100.00
13295,20101,100.00
13296,21556,100.00
13297,18622,100.00
13298,19190,0.00
13299,21086,100.00
13300,29297,0.00
13301,34869,0.00
13302,38889,0.00
13303,40627,0.00
13304,68109,66.67
13305,23116,0.00
13306,26064,100.00
13307,60608,0.00
13308,52874,100.00
13309,25029,100.00
13310,23641,100.00
13311,25205,100.00
13312,21937,0.00
13313,22883,100.00
13314,28502,100.00
13315,26826,100.00
13316,23837,100.00
13317,51273,0.00
13318,50177,100.00
13319,22383,100.00
13320,47664,0.00
13321,43687,0.00
13322,48860,0.00
13323,49401,0.00
13324,56216,0.00
13325,72853,66.67
13326,20737,0.00
13327,20673,0.00
13328,20794,100.00
13329,18721,100.00
13330,24054,100.00
13331,26136,100.00
13332,54628,0.00
13333,52466,100.00
13334,37710,100.00
13335,28655,100.00
13336,24741,100.00
13337,26698,0.00
13338,23929,100.00
13339,31042,100.00
13340,24850,100.00
13341,33989,0.00
13342,51539,0.00
13343,49125,0.00
13344,48966,0.00
13345,46484,0.00
13346,69628,50.00
13347,21370,0.00
13348,63376,0.00
13349,49172,100.00
13350,48636,100.00
13351,27746,100.00
13352,34892,100.00
13353,24855,0.00
13354,20638,100.00
13355,22640,100.00
13356,25531,100.00
13357,25262,100.00
13358,57060,0.00
13359,55751,100.00
13360,32282,100.00
13361,31356,100.00
13362,24669,100.00
13363,21222,0.00
13364,44963,0.00
13365,61715,0.00
13366,64194,0.00
13367,63212,0.00
13368,61483,0.00
13369,65750,0.00
13370,75140,66.67
13371,22458,0.00
13372,26489,100.00
13373,41477,100.00
13374,43305,0.00
13375,47100,100.00
13376,24748,100.00
13377,19942,100.00
13378,21069,100.00
13379,18968,0.00
13380,19500,100.00
13381,21263,100.00
13382,23728,100.00
13383,25467,100.00
13384,51749,0.00
13385,43183,100.00
13386,50593,0.00
13387,55889,0.00
13388,64543,0.00
13389,52375,0.00
13390,51347,0.00
13391,65971,0.00
13392,72177,100.00
13393,21406,0.00
13394,22505,100.00
13395,23597,0.00
13396,25045,100.00
13397,28216,100.00
13398,33486,100.00
13399,43595,100.00
13400,44791,0.00
13401,50844,100.00
13402,22998,100.00
13403,49722,0.00
13404,57361,0.00
13405,58880,0.00
13406,56883,0.00
13407,68974,50.00
13408,16317,0.00
13409,27499,100.00
13410,19909,100.00
13411,30165,100.00
13412,24779,100.00
13413,25687,0.00
13414,56671,100.00
13415,54392,100.00
13416,35765,100.00
13417,24448,100.00
13418,42300,0.00
13419,25456,100.00
13420,22315,100.00
13421,28722,100.00
13422,26307,100.00
13423,23307,0.00
13424,54763,100.00
13425,53784,0.00
13426,67474,0.00
13427,64996,0.00
13428,75510,0.00
13429,62349,0.00
13430,63147,0.00
13431,72229,100.00
13432,22634,0.00
13433,21714,100.00
13434,23380,0.00
13435,19138,100.00
13436,18666,100.00
13437,17993,100.00
13438,24670,100.00
13439,24390,0.00
13440,48766,100.00
13441,43359,100.00
13442,40105,100.00
13443,35419,100.00
13444,25618,0.00
13445,22811,100.00
13446,22124,100.00
13447,40695,0.00
13448,44641,0.00
13449,51810,0.00
13450,72117,0.00
13451,53983,0.00
13452,70249,100.00
13453,24118,0.00
13454,25949,0.00
13455,53593,100.00
13456,51090,100.00
13457,35849,100.00
13458,22998,100.00
13459,25930,0.00
13460,21135,100.00
13461,20048,100.00
13462,19395,100.00
13463,22392,100.00
13464,24864,0.00
13465,24024,100.00
13466,57169,100.00
13467,55195,100.00
13468,26350,100.00
13469,23257,0.00
13470,60390,0.00
13471,65299,0.00
13472,51515,0.00
13473,53239,0.00
13474,49159,0.00
13475,53690,0.00
13476,73710,100.00
13477,20819,0.00
13478,24839,100.00
13479,27798,100.00
13480,27790,0.00
13481,41508,100.00
13482,49468,100.00
13483,50350,100.00
13484,23286,100.00
13485,22037,0.00
13486,22691,100.00
13487,20246,100.00
13488,19253,100.00
13489,19408,100.00
13490,36105,0.00
13491,47052,0.00
13492,52323,0.00
13493,46606,0.00
13494,49338,0.00
13495,48525,0.00
13496,70437,100.00
13497,19028,0.00
13498,57865,100.00
13499,42607,100.00
13500,27949,0.00
13501,25730,100.00
13502,23190,100.00
13503,22890,100.00
13504,27668,100.00
13505,25350,0.00
13506,22106,100.00
13507,43977,100.00
13508,44865,100.00
13509,21930,100.00
13510,43093,0.00
13511,66276,0.00
13512,59252,0.00
13513,52088,0.00
13514,57164,0.00
13515,67436,50.00
13516,21201,0.00
13517,22680,100.00
13518,21371,100.00
13519,19775,100.00
13520,23508,0.00
13521,26650,100.00
13522,39215,100.00
13523,53289,100.00
13524,45557,100.00
13525,30391,0.00
13526,25553,100.00
13527,20527,100.00
13528,24025,100.00
13529,28303,100.00
13530,24792,0.00
13531,24424,100.00
13532,47702,0.00
13533,55523,0.00
13534,52336,0.00
13535,56313,0.00
13536,69321,0.00
13537,76193,66.67
13538,20942,0.00
13539,59533,100.00
13540,28758,0.00
13541,22787,100.00
13542,23974,100.00
13543,19682,100.00
13544,19577,100.00
13545,51893,0.00
13546,40105,100.00
13547,46460,100.00
13548,34699,100.00
13549,61792,0.00
13550,55336,100.00
13551,23357,100.00
13552,25041,100.00
13553,21261,100.00
13554,20281,0.00
13555,45644,0.00
13556,44031,0.00
13557,44837,0.00
13558,57533,0.00
13559,46406,0.00
13560,60359,100.00
13561,21332,0.00
13562,24649,0.00
13563,24692,100.00
13564,48321,100.00
13565,47646,100.00
13566,30023,100.00
13567,20538,0.00
13568,21642,100.00
13569,20730,100.00
13570,19716,100.00
13571,19037,100.00
13572,22694,0.00
13573,24969,100.00
13574,24286,100.00
13575,48457,100.00
13576,50348,100.00
13577,21881,0.00
13578,43773,0.00
13579,40974,0.00
13580,55381,0.00
13581,62084,0.00
13582,63761,0.00
13583,71172,66.67
13584,21509,0.00
13585,21355,100.00
13586,24807,100.00
13587,27973,0.00
13588,27324,100.00
13589,24099,100.00
13590,44770,100.00
13591,38720,100.00
13592,44226,0.00
13593,22681,100.00
13594,20643,100.00
13595,47440,0.00
13596,42048,0.00
13597,44916,0.00
13598,61032,66.67
13599,16757,0.00
13600,18913,0.00
13601,18257,100.00
13602,22806,100.00
13603,25539,100.00
13604,24430,100.00
13605,57796,0.00
13606,50086,100.00
13607,22255,100.00
13608,23525,100.00
13609,20456,100.00
13610,20062,0.00
13611,23261,100.00
13612,35862,100.00
13613,24864,100.00
13614,37649,100.00
13615,38597,0.00
13616,40441,0.00
13617,49517,0.00
13618,31429,0.00
13619,44768,0.00
13620,39507,0.00
13621,68542,50.00
13622,21464,0.00
13623,27689,100.00
13624,32423,100.00
13625,21730,100.00
13626,19991,0.00
13627,18117,100.00
13628,22424,100.00
13629,27560,100.00
13630,23559,100.00
13631,52515,0.00
13632,49145,100.00
13633,24267,100.00
13634,21905,100.00
13635,22864,100.00
13636,28117,0.00
13637,23270,100.00
13638,25269,100.00
13639,35301,0.00
13640,41153,0.00
13641,43615,0.00
13642,54853,0.00
13643,46033,0.00
13644,44778,0.00
13645,65889,66.67
13646,21149,0.00
13647,49207,0.00
13648,54035,100.00
13649,23052,100.00
13650,24271,100.00
13651,22656,100.00
13652,19440,0.00
13653,18809,100.00
13654,21907,100.00
13655,22396,100.00
13656,25466,100.00
13657,50746,0.00
13658,45512,100.00
13659,37881,100.00
13660,24730,100.00
13661,25206,100.00
13662,50612,0.00
13663,59007,0.00
13664,54484,0.00
13665,60285,0.00
13666,67627,0.00
13667,64940,100.00
13668,19880,0.00
13669,23334,100.00
13670,29176,100.00
13671,26044,100.00
13672,49121,0.00
13673,38016,100.00
13674,44144,100.00
13675,23354,100.00
13676,23023,100.00
13677,33414,0.00
13678,19690,100.00
13679,20232,100.00
13680,22626,100.00
13681,31429,100.00
13682,25385,0.00
13683,42457,100.00
13684,33575,100.00
13685,35052,0.00
13686,40578,0.00
13687,39397,0.00
13688,45447,0.00
13689,54516,0.00
13690,67762,66.67
13691,19183,0.00
13692,27362,0.00
13693,22345,100.00
13694,20454,100.00
13695,25362,100.00
13696,27876,100.00
13697,25737,0.00
13698,43255,100.00
13699,47688,100.00
13700,66849,100.00
13701,24596,100.00
13702,40362,0.00
13703,44539,0.00
13704,47592,0.00
13705,53926,0.00
13706,57823,100.00
13707,17332,0.00
13708,21499,100.00
13709,20352,100.00
13710,25661,100.00
13711,25853,0.00
13712,23919,100.00
13713,53975,100.00
13714,49421,100.00
13715,23330,100.00
13716,23694,0.00
13717,23459,100.00
13718,21300,100.00
13719,29949,100.00
13720,24961,100.00
13721,24298,0.00
13722,37246,0.00
13723,42626,0.00
13724,44083,0.00
13725,51929,0.00
13726,51642,0.00
13727,51578,0.00
13728,65070,100.00
13729,19242,0.00
13730,34262,100.00
13731,34418,100.00
13732,25806,0.00
13733,21648,100.00
13734,18434,100.00
13735,19237,100.00
13736,23834,100.00
13737,24079,0.00
13738,30390,100.00
13739,46632,100.00
13740,41579,100.00
13741,40081,100.00
13742,26856,0.00
13743,24218,100.00
13744,21608,100.00
13745,37810,0.00
13746,48659,0.00
13747,49457,0.00
13748,45944,0.00
13749,43643,0.00
13750,43427,0.00
13751,57881,100.00
13752,22283,0.00
13753,27386,0.00
13754,39538,100.00
13755,35972,100.00
13756,36652,100.00
13757,23574,100.00
13758,21356,0.00
13759,21498,100.00
13760,20127,100.00
13761,19090,100.00
13762,18600,100.00
13763,23013,0.00
13764,28504,100.00
13765,38577,100.00
13766,38036,100.00
13767,31740,100.00
13768,32022,0.00
13769,29162,0.00
13770,36190,0.00
13771,41238,0.00
13772,42861,0.00
13773,45825,0.00
13774,66567,100.00
13775,20678,0.00
13776,22892,100.00
13777,23536,100.00
13778,26564,100.00
13779,26044,0.00
13780,28008,100.00
13781,53495,100.00
13782,47591,100.00
13783,22234,100.00
13784,20210,0.00
13785,44434,0.00
13786,50062,0.00
13787,43540,0.00
13788,58589,0.00
13789,68579,100.00
13790,18674,0.00
13791,21264,100.00
13792,25546,100.00
13793,25324,0.00
13794,27033,100.00
13795,52888,100.00
13796,46812,100.00
13797,29095,100.00
13798,22733,0.00
13799,24125,100.00
13800,22180,100.00
13801,21979,100.00
13802,30112,100.00
13803,27350,0.00
13804,23006,100.00
13805,40220,100.00
13806,39084,0.00
13807,37788,0.00
13808,47687,0.00
13809,43555,0.00
13810,45567,0.00
13811,51192,0.00
13812,61384,100.00
13813,20832,0.00
13814,22042,0.00
13815,22433,100.00
13816,19862,100.00
13817,18549,100.00
13818,18597,100.00
13819,24795,0.00
13820,25160,100.00
13821,47317,100.00
13822,44035,100.00
13823,35064,100.00
13824,28205,0.00
13825,27769,100.00
13826,24527,100.00
13827,22773,100.00
13828,24843,100.00
13829,25195,0.00
13830,38846,0.00
13831,59440,0.00
13832,53159,0.00
13833,52175,0.00
13834,46402,0.00
13835,71906,66.67
13836,21363,0.00
13837,60199,0.00
13838,57308,100.00
13839,23716,100.00
13840,25063,100.00
13841,23238,100.00
13842,18998,0.00
13843,18650,100.00
13844,17687,100.00
13845,22608,100.00
13846,24352,100.00
13847,39317,0.00
13848,42924,100.00
13849,45244,100.00
13850,28521,100.00
13851,24961,100.00
13852,21924,0.00
13853,38073,0.00
13854,41994,0.00
13855,52429,0.00
13856,54480,0.00
13857,63094,0.00
13858,68277,100.00
13859,20692,0.00
13860,26803,100.00
13861,26787,100.00
13862,37416,0.00
13863,49861,100.00
13864,49585,100.00
13865,23847,100.00
13866,22403,100.00
13867,23317,0.00
13868,20226,100.00
13869,20161,100.00
13870,18728,100.00
13871,22192,100.00
13872,33679,0.00
13873,33950,100.00
13874,40987,100.00
13875,37690,0.00
13876,41143,0.00
13877,40932,0.00
13878,40495,0.00
13879,44745,0.00
13880,65410,50.00
13881,18923,0.00
13882,22151,100.00
13883,27146,100.00
13884,22094,100.00
13885,23149,0.00
13886,27724,100.00
13887,24299,100.00
13888,37668,100.00
13889,37054,100.00
13890,49543,0.00
13891,23349,100.00
13892,28728,0.00
13893,62625,0.00
13894,57390,0.00
13895,52749,0.00
13896,66689,66.67
13897,17837,0.00
13898,20339,100.00
13899,22058,0.00
13900,21591,100.00
13901,24372,100.00
13902,25449,100.00
13903,47030,100.00
13904,48878,0.00
13905,47497,100.00
13906,27237,100.00
13907,25262,100.00
13908,21790,100.00
13909,32298,0.00
13910,26268,100.00
13911,26226,100.00
13912,19876,0.00
13913,54301,0.00
13914,59496,0.00
13915,51606,0.00
13916,56577,0.00
13917,54394,0.00
13918,72581,100.00
13919,22374,0.00
13920,54823,100.00
13921,26707,100.00
13922,24936,0.00
13923,34534,100.00
13924,20690,100.00
13925,19949,100.00
13926,22945,100.00
13927,25423,0.00
13928,24030,100.00
13929,51926,100.00
13930,45671,100.00
13931,27214,100.00
13932,32746,0.00
13933,23111,100.00
13934,21045,100.00
13935,29283,0.00
13936,29350,0.00
13937,32187,0.00
13938,36365,0.00
13939,38719,0.00
13940,40180,0.00
13941,65160,100.00
13942,33975,0.00
13943,30149,0.00
13944,52604,100.00
13945,41904,100.00
13946,48304,100.00
13947,26003,100.00
13948,23823,0.00
13949,20997,100.00
13950,19997,100.00
13951,18729,100.00
13952,21971,100.00
13953,24637,0.00
13954,24134,100.00
13955,49980,100.00
13956,41982,100.00
13957,27695,100.00
13958,22687,0.00
13959,44420,0.00
13960,44943,0.00
13961,51860,0.00
13962,44461,0.00
13963,46205,0.00
13964,58949,0.00
13965,65419,100.00
13966,19509,0.00
13967,25295,100.00
13968,31569,100.00
13969,27405,0.00
13970,34139,100.00
13971,50957,100.00
13972,50071,100.00
13973,23425,100.00
13974,20936,0.00
13975,23347,100.00
13976,29922,0.00
13977,57235,0.00
13978,44608,0.00
13979,55971,66.67
13980,19520,0.00
13981,20376,100.00
13982,24233,0.00
13983,21894,100.00
13984,25143,100.00
13985,50025,100.00
13986,48408,100.00
13987,33853,0.00
13988,23436,100.00
13989,23261,100.00
13990,21478,100.00
13991,33423,100.00
13992,32879,0.00
13993,24286,100.00
13994,23820,100.00
13995,43108,100.00
13996,41106,100.00
13997,26474,0.00
13998,35313,0.00
13999,34223,0.00
14000,67955,0.00
14001,41466,0.00
14002,41072,0.00
14003,64699,100.00
14004,18900,0.00
14005,23011,100.00
14006,19670,100.00
14007,19463,100.00
14008,19191,0.00
14009,22793,100.00
14010,26298,100.00
14011,23931,100.00
14012,55478,100.00
14013,42723,0.00
14014,37369,100.00
14015,25976,100.00
14016,24541,100.00
14017,20305,100.00
14018,26057,0.00
14019,25249,100.00
14020,21417,0.00
14021,51301,0.00
14022,42263,0.00
14023,50499,0.00
14024,55727,0.00
14025,59649,0.00
14026,69701,66.67
14027,20540,0.00
14028,52321,100.00
14029,23809,0.00
14030,22338,100.00
14031,25214,100.00
14032,20750,100.00
14033,20527,100.00
14034,18786,0.00
14035,22679,100.00
14036,24988,100.00
14037,24021,100.00
14038,53552,100.00
14039,45041,0.00
14040,32485,100.00
14041,24027,100.00
14042,21145,100.00
14043,21142,100.00
14044,39689,0.00
14045,45407,0.00
14046,59901,0.00
14047,47550,0.00
14048,50946,0.00
14049,69476,100.00
14050,22391,0.00
14051,37692,100.00
14052,29010,0.00
14053,47181,100.00
14054,45664,100.00
14055,52496,100.00
14056,22433,100.00
14057,24749,0.00
14058,20184,100.00
14059,18979,100.00
14060,18746,100.00
14061,22593,100.00
14062,23722,0.00
14063,24983,100.00
14064,48941,100.00
14065,39643,100.00
14066,35116,0.00
14067,43132,0.00
14068,44531,0.00
14069,42578,0.00
14070,50317,0.00
14071,71854,50.00
14072,22542,0.00
14073,25261,100.00
14074,23074,100.00
14075,22391,100.00
14076,25421,100.00
14077,26159,0.00
14078,24735,100.00
14079,51560,100.00
14080,55389,100.00
14081,26016,100.00
14082,20220,0.00
14083,48156,0.00
14084,60033,0.00
14085,60721,0.00
14086,58943,0.00
14087,65577,66.67
14088,17361,0.00
14089,21056,100.00
14090,20630,100.00
14091,23611,0.00
14092,27038,100.00
14093,26109,100.00
14094,62176,100.00
14095,52041,100.00
14096,22528,0.00
14097,28358,100.00
14098,24362,100.00
14099,20318,100.00
14100,23926,100.00
14101,25720,0.00
14102,24413,100.00
14103,28142,0.00
14104,50996,0.00
14105,56178,0.00
14106,58610,0.00
14107,56383,0.00
14108,73915,0.00
14109,71565,100.00
14110,20204,0.00
14111,22954,100.00
14112,23409,0.00
14113,22593,100.00
14114,20498,100.00
14115,19966,100.00
14116,18802,100.00
14117,23643,0.00
14118,26524,100.00
14119,48659,100.00
14120,51021,100.00
14121,47866,100.00
14122,35821,0.00
14123,24111,100.00
14124,20801,100.00
14125,18106,100.00
14126,54348,0.00
14127,62184,0.00
14128,58620,0.00
14129,65881,0.00
14130,69482,0.00
14131,72820,100.00
14132,21943,0.00
14133,24867,100.00
14134,44230,100.00
14135,39624,100.00
14136,60719,100.00
14137,22578,0.00
14138,19983,100.00
14139,20490,100.00
14140,19286,100.00
14141,19902,100.00
14142,22191,0.00
14143,22863,100.00
14144,30757,100.00
14145,55171,100.00
14146,53350,100.00
14147,32405,0.00
14148,25572,100.00
14149,52762,0.00
14150,69560,0.00
14151,56249,0.00
14152,56945,0.00
14153,61305,0.00
14154,58950,0.00
14155,57514,100.00
14156,20019,0.00
14157,23655,100.00
14158,27252,0.00
14159,25976,100.00
14160,38253,100.00
14161,48081,100.00
14162,52217,100.00
14163,23757,0.00
14164,21461,100.00
14165,21364,100.00
14166,19587,100.00
14167,20368,100.00
14168,21696,0.00
14169,53578,0.00
14170,77506,0.00
14171,53052,0.00
14172,56454,0.00
14173,69898,100.00
14174,23532,0.00
14175,26438,100.00
14176,60012,100.00
14177,53309,0.00
14178,28461,100.00
14179,23212,100.00
14180,24713,100.00
14181,21408,100.00
14182,22089,0.00
14183,25944,100.00
14184,23160,100.00
14185,22108,100.00
14186,52567,100.00
14187,52901,0.00
14188,25073,100.00
14189,44263,0.00
14190,45744,0.00
14191,47836,0.00
14192,57295,0.00
14193,53618,0.00
14194,66011,100.00
14195,19740,0.00
14196,19922,100.00
14197,21507,0.00
14198,19180,100.00
14199,24853,100.00
14200,26902,100.00
14201,52046,100.00
14202,50257,0.00
14203,46418,100.00
14204,30290,100.00
14205,24189,100.00
14206,20907,100.00
14207,28433,0.00
14208,32342,100.00
14209,25972,100.00
14210,25204,0.00
14211,45837,0.00
14212,49511,0.00
14213,56778,0.00
14214,55472,0.00
14215,55234,0.00
14216,76864,66.67
14217,20732,0.00
14218,54888,0.00
14219,24945,100.00
14220,23709,100.00
14221,19761,100.00
14222,18746,100.00
14223,18483,0.00
14224,23313,100.00
14225,24856,100.00
14226,27112,100.00
14227,54733,100.00
14228,47740,0.00
14229,37978,100.00
14230,23421,100.00
14231,25103,100.00
14232,21744,100.00
14233,49200,0.00
14234,44404,0.00
14235,45980,0.00
14236,46582,0.00
14237,47049,0.00
14238,48612,0.00
14239,66987,100.00
14240,22241,0.00
14241,30062,100.00
14242,28630,100.00
14243,54577,100.00
14244,58093,0.00
14245,22401,100.00
14246,21808,100.00
14247,22961,100.00
14248,20235,100.00
14249,19754,0.00
14250,18925,100.00
14251,29212,100.00
14252,27317,100.00
14253,41409,100.00
14254,44092,0.00
14255,37428,100.00
14256,47331,0.00
14257,64014,0.00
14258,53517,0.00
14259,53262,0.00
14260,59260,0.00
14261,66963,100.00
14262,18456,0.00
14263,23904,100.00
14264,22036,0.00
14265,24281,100.00
14266,26095,100.00
14267,25284,100.00
14268,38474,100.00
14269,49745,0.00
14270,55755,100.00
14271,29764,100.00
14272,22795,100.00
14273,54791,0.00
14274,67440,0.00
14275,65169,0.00
14276,71292,100.00
14277,18440,0.00
14278,20093,0.00
14279,19601,100.00
14280,20538,100.00
14281,24605,100.00
14282,28006,100.00
14283,58760,0.00
14284,54129,100.00
14285,40179,100.00
14286,25675,100.00
14287,24762,100.00
14288,20781,0.00
14289,24338,100.00
14290,32187,100.00
14291,29693,100.00
14292,21872,100.00
14293,50877,0.00
14294,52004,0.00
14295,59217,0.00
14296,85005,0.00
14297,69516,0.00
14298,66527,0.00
14299,72970,0.00
14300,75912,66.67
14301,22310,0.00
14302,25709,100.00
14303,24285,100.00
14304,22851,0.00
14305,21422,100.00
14306,19592,100.00
14307,24591,100.00
14308,25840,100.00
14309,41414,0.00
14310,40932,100.00
14311,40497,100.00
14312,33193,100.00
14313,33499,100.00
14314,20594,0.00
14315,21624,100.00
14316,41225,0.00
14317,41303,0.00
14318,44858,0.00
14319,50721,0.00
14320,57894,0.00
14321,70323,50.00
14322,22893,0.00
14323,27664,100.00
14324,42171,100.00
14325,47840,0.00
14326,51568,100.00
14327,26543,100.00
14328,22480,100.00
14329,22568,100.00
14330,19644,0.00
14331,19284,100.00
14332,23024,100.00
14333,24708,100.00
14334,26283,100.00
14335,45929,0.00
14336,47153,100.00
14337,32771,100.00
14338,26560,100.00
14339,32774,0.00
14340,43422,0.00
14341,52756,0.00
14342,52992,0.00
14343,57551,0.00
14344,56675,0.00
14345,81967,50.00
14346,20928,0.00
14347,24643,100.00
14348,30780,100.00
14349,26621,100.00
14350,45800,100.00
14351,45665,0.00
14352,50449,100.00
14353,23117,100.00
14354,21987,100.00
14355,20624,100.00
14356,18672,0.00
14357,19102,100.00
14358,20498,100.00
14359,25206,100.00
14360,49392,0.00
14361,51059,0.00
14362,50599,0.00
14363,54441,0.00
14364,73319,100.00
14365,23555,0.00
14366,75736,0.00
14367,55788,100.00
14368,32473,100.00
14369,29213,100.00
14370,24096,100.00
14371,21237,0.00
14372,23574,100.00
14373,26027,100.00
14374,25350,100.00
14375,23386,100.00
14376,55558,0.00
14377,56328,100.00
14378,22789,100.00
14379,44036,0.00
14380,55929,0.00
14381,55372,0.00
14382,58468,0.00
14383,56033,0.00
14384,68380,100.00
14385,21135,0.00
14386,20794,0.00
14387,20869,100.00
14388,20113,100.00
14389,26351,100.00
14390,26730,100.00
14391,59470,0.00
14392,58049,100.00
14393,42528,100.00
14394,28981,100.00
14395,25409,100.00
14396,24875,0.00
14397,22565,100.00
14398,29232,100.00
14399,24890,100.00
14400,29747,0.00
14401,57293,0.00
14402,56552,0.00
14403,67755,0.00
14404,52506,0.00
14405,64784,0.00
14406,69984,100.00
14407,20957,0.00
14408,33836,100.00
14409,25110,0.00
14410,26383,100.00
14411,21208,100.00
14412,20185,100.00
14413,18051,100.00
14414,21976,0.00
14415,31318,100.00
14416,25195,100.00
14417,61357,100.00
14418,54484,100.00
14419,26925,0.00
14420,31972,100.00
14421,20170,100.00
14422,20103,100.00
14423,47575,0.00
14424,45614,0.00
14425,49529,0.00
14426,55468,0.00
14427,62323,0.00
14428,74701,50.00
14429,39024,0.00
14430,27961,100.00
14431,24377,100.00
14432,57059,100.00
14433,55957,100.00
14434,25201,0.00
14435,21390,100.00
14436,22489,100.00
14437,18546,100.00
14438,19142,100.00
14439,18502,0.00
14440,22345,100.00
14441,25895,100.00
14442,28178,100.00
14443,54088,100.00
14444,42203,0.00
14445,21678,100.00
14446,39503,0.00
14447,38149,0.00
14448,36187,0.00
14449,33298,0.00
14450,43433,0.00
14451,69999,100.00
14452,24056,0.00
14453,22164,100.00
14454,25272,0.00
14455,26573,100.00
14456,25284,100.00
14457,21059,100.00
14458,54363,100.00
14459,58380,0.00
14460,23338,100.00
14461,20226,100.00
14462,30269,0.00
14463,45424,0.00
14464,48502,0.00
14465,45234,0.00
14466,51501,100.00
14467,16896,0.00
14468,19009,0.00
14469,18442,100.00
14470,24794,100.00
14471,25033,100.00
14472,47731,100.00
14473,43851,0.00
14474,45793,100.00
14475,31558,100.00
14476,24083,100.00
14477,20888,100.00
14478,22399,0.00
14479,25162,100.00
14480,31899,100.00
14481,23221,100.00
14482,40896,100.00
14483,44314,0.00
14484,46032,0.00
14485,47384,0.00
14486,55871,0.00
14487,51381,0.00
14488,53492,0.00
14489,64437,66.67
14490,19744,0.00
14491,34211,0.00
14492,27949,100.00
14493,22538,100.00
14494,20445,100.00
14495,18638,100.00
14496,22590,0.00
14497,25908,100.00
14498,24086,100.00
14499,52658,100.00
14500,47953,100.00
14501,22338,0.00
14502,20238,100.00
14503,25436,100.00
14504,23383,100.00
14505,22854,100.00
14506,25768,0.00
14507,31800,0.00
14508,30805,0.00
14509,34229,0.00
14510,33609,0.00
14511,36650,0.00
14512,43654,0.00
14513,55582,100.00
14514,20291,0.00
14515,40156,100.00
14516,45549,100.00
14517,23354,0.00
14518,22686,100.00
14519,20493,100.00
14520,22714,100.00
14521,34034,100.00
14522,24825,0.00
14523,24722,100.00
14524,25350,100.00
14525,47688,100.00
14526,48301,100.00
14527,40128,0.00
14528,23896,100.00
14529,23725,100.00
14530,44892,0.00
14531,49593,0.00
14532,51224,0.00
14533,45161,0.00
14534,50333,0.00
14535,55988,100.00
14536,40095,100.00
14537,20679,0.00
14538,28012,100.00
14539,25642,100.00
14540,47027,100.00
14541,48534,100.00
14542,58587,0.00
14543,22342,100.00
14544,24700,100.00
14545,20917,100.00
14546,20144,100.00
14547,18562,0.00
14548,27515,100.00
14549,29293,100.00
14550,25234,100.00
14551,51493,100.00
14552,38452,0.00
14553,47910,0.00
14554,59390,0.00
14555,48799,0.00
14556,47277,0.00
14557,48553,0.00
14558,54243,50.00
14559,47553,100.00
14560,19908,0.00
14561,23238,100.00
14562,22417,0.00
14563,24601,100.00
14564,26622,100.00
14565,24313,100.00
14566,38863,100.00
14567,39054,0.00
14568,46945,100.00
14569,24860,100.00
14570,41521,0.00
14571,43044,0.00
14572,43118,0.00
14573,46553,0.00
14574,58368,100.00
14575,17461,0.00
14576,20775,0.00
14577,19699,100.00
14578,24747,100.00
14579,31364,100.00
14580,24718,100.00
14581,48474,0.00
14582,44290,100.00
14583,23542,100.00
14584,21121,100.00
14585,50212,0.00
14586,43481,100.00
14587,45660,0.00
14588,50012,0.00
14589,47931,100.00
14590,26191,100.00
14591,24738,0.00
14592,21703,100.00
14593,44275,0.00
14594,47859,0.00
14595,55558,0.00
14596,49328,0.00
14597,45811,0.00
14598,53595,0.00
14599,68751,100.00
14600,21262,0.00
14601,56301,100.00
14602,23438,0.00
14603,22405,100.00
14604,21243,100.00
14605,19374,100.00
14606,18962,100.00
14607,22551,0.00
14608,24137,100.00
14609,24514,100.00
14610,57074,100.00
14611,54846,100.00
14612,32511,0.00
14613,33127,100.00
14614,23992,100.00
14615,20599,100.00
14616,40223,0.00
14617,64130,0.00
14618,61480,0.00
14619,71136,0.00
14620,59378,0.00
14621,62590,0.00
14622,74055,100.00
14623,23435,0.00
14624,26154,100.00
14625,55374,100.00
14626,57563,100.00
14627,56017,100.00
14628,23230,0.00
14629,24472,100.00
14630,21600,100.00
14631,18697,100.00
14632,21538,100.00
14633,23581,0.00
14634,22509,100.00
14635,25487,100.00
14636,60037,100.00
14637,47470,100.00
14638,30943,0.00
14639,31431,0.00
14640,61030,0.00
14641,54355,0.00
14642,58381,0.00
14643,58070,0.00
14644,56970,0.00
14645,71153,100.00
14646,18166,0.00
14647,28609,100.00
14648,25104,0.00
14649,25849,100.00
14650,26546,100.00
14651,38671,100.00
14652,51138,100.00
14653,53034,0.00
14654,22363,100.00
14655,22337,100.00
14656,46984,0.00
14657,55289,0.00
14658,52964,0.00
14659,68238,66.67
14660,16733,0.00
14661,19846,0.00
14662,20241,100.00
14663,24535,100.00
14664,26131,100.00
14665,23568,100.00
14666,59428,0.00
14667,54955,100.00
14668,21803,100.00
14669,23472,100.00
14670,21135,100.00
14671,20057,0.00
14672,23520,100.00
14673,26915,100.00
14674,35883,100.00
14675,39264,100.00
14676,41081,0.00
14677,52541,0.00
14678,53371,0.00
14679,61161,0.00
14680,55174,0.00
14681,58190,0.00
14682,69059,66.67
14683,20951,0.00
14684,22486,100.00
14685,25099,100.00
14686,20517,0.00
14687,19654,100.00
14688,17989,100.00
14689,22518,100.00
14690,25506,100.00
14691,27869,0.00
14692,56253,100.00
14693,49773,100.00
14694,26499,100.00
14695,23455,100.00
14696,25337,0.00
14697,20828,100.00
14698,24558,100.00
14699,24685,100.00
14700,48352,0.00
14701,53913,0.00
14702,50860,0.00
14703,49918,0.00
14704,56381,0.00
14705,40289,0.00
14706,60823,50.00
14707,19792,0.00
14708,50601,100.00
14709,23558,100.00
14710,23102,100.00
14711,23221,100.00
14712,20162,0.00
14713,19968,100.00
14714,18897,100.00
14715,22495,100.00
14716,25867,100.00
14717,24350,0.00
14718,54256,100.00
14719,48834,100.00
14720,23542,100.00
14721,23940,100.00
14722,20483,0.00
14723,43174,0.00
14724,51605,0.00
14725,51837,0.00
14726,54660,0.00
14727,48849,0.00
14728,51974,0.00
14729,65507,100.00
14730,22231,0.00
14731,25558,100.00
14732,23187,100.00
14733,54949,0.00
14734,51670,100.00
14735,22065,100.00
14736,20631,100.00
14737,24099,100.00
14738,25542,0.00
14739,20750,100.00
14740,19490,100.00
14741,26171,100.00
14742,25059,100.00
14743,31633,0.00
14744,45151,100.00
14745,40005,100.00
14746,50682,0.00
14747,52525,0.00
14748,47297,0.00
14749,46812,0.00
14750,46543,0.00
14751,70062,100.00
14752,20294,0.00
14753,28343,0.00
14754,21657,100.00
14755,21726,100.00
14756,24662,100.00
14757,26075,100.00
14758,25070,0.00
14759,39856,100.00
14760,36456,100.00
14761,45348,100.00
14762,22784,100.00
14763,33330,0.00
14764,52899,0.00
14765,53231,0.00
14766,52885,0.00
14767,68217,100.00
14768,18175,0.00
14769,22387,100.00
14770,21156,100.00
14771,23980,100.00
14772,25171,0.00
14773,24752,100.00
14774,59472,100.00
14775,55554,100.00
14776,26300,100.00
14777,21150,0.00
14778,24618,100.00
14779,20718,100.00
14780,32755,100.00
14781,29829,100.00
14782,24921,0.00
14783,32251,0.00
14784,67886,0.00
14785,50023,0.00
14786,52655,0.00
14787,53052,0.00
14788,50810,0.00
14789,63178,100.00
14790,22311,0.00
14791,24819,100.00
14792,24806,100.00
14793,25170,0.00
14794,20891,100.00
14795,19071,100.00
14796,18930,100.00
14797,22551,100.00
14798,24959,0.00
14799,24230,100.00
14800,51705,100.00
14801,40732,100.00
14802,32109,100.00
14803,21691,0.00
14804,23637,100.00
14805,21200,100.00
14806,27913,0.00
14807,35119,0.00
14808,42202,0.00
14809,49117,0.00
14810,36189,0.00
14811,42321,0.00
14812,53459,100.00
14813,21274,0.00
14814,23966,0.00
14815,42175,100.00
14816,40774,100.00
14817,45018,100.00
14818,19785,100.00
14819,23056,0.00
14820,19551,100.00
14821,20114,100.00
14822,18360,100.00
14823,21714,100.00
14824,25521,0.00
14825,23941,100.00
14826,50136,100.00
14827,40896,100.00
14828,25422,100.00
14829,20299,0.00
14830,35663,0.00
14831,36973,0.00
14832,40616,0.00
14833,37373,0.00
14834,43343,0.00
14835,48535,0.00
14836,48286,100.00
14837,19411,0.00
14838,26366,100.00
14839,29037,100.00
14840,27513,0.00
14841,32374,100.00
14842,39078,100.00
14843,35072,100.00
14844,24655,100.00
14845,20725,0.00
14846,43916,0.00
14847,48164,0.00
14848,47451,0.00
14849,48375,0.00
14850,61929,66.67
14851,18366,0.00
14852,23503,100.00
14853,26118,100.00
14854,27647,0.00
14855,24609,100.00
14856,55029,100.00
14857,45616,100.00
14858,26885,100.00
14859,25832,0.00
14860,21503,100.00
14861,19820,100.00
14862,21807,100.00
14863,25579,100.00
14864,29574,0.00
14865,33308,100.00
14866,33524,100.00
14867,39690,100.00
14868,38870,0.00
14869,41423,0.00
14870,44478,0.00
14871,44553,0.00
14872,39913,0.00
14873,38154,0.00
14874,52514,100.00
14875,20877,0.00
14876,25407,100.00
14877,22856,100.00
14878,23161,100.00
14879,23554,100.00
14880,25701,0.00
14881,23903,100.00
14882,50842,100.00
14883,40605,100.00
14884,23499,100.00
14885,21905,0.00
14886,22683,100.00
14887,20868,100.00
14888,28359,100.00
14889,25517,100.00
14890,23943,0.00
14891,50280,0.00
14892,47560,0.00
14893,45200,0.00
14894,56586,0.00
14895,57362,0.00
14896,56757,66.67
14897,20685,0.00
14898,39090,100.00
14899,43609,100.00
14900,23098,0.00
14901,31634,100.00
14902,27706,100.00
14903,20722,100.00
14904,19750,100.00
14905,23209,0.00
14906,24485,100.00
14907,24516,100.00
14908,45628,100.00
14909,43488,100.00
14910,35087,0.00
14911,21862,100.00
14912,23254,100.00
14913,22337,100.00
14914,33382,0.00
14915,40211,0.00
14916,39132,0.00
14917,43891,0.00
14918,45185,0.00
14919,39636,0.00
14920,57786,100.00
14921,35772,0.00
14922,25796,100.00
14923,40960,100.00
14924,39453,100.00
14925,41224,100.00
14926,24472,0.00
14927,24893,100.00
14928,27387,100.00
14929,20598,100.00
14930,19240,100.00
14931,18303,0.00
14932,23479,100.00
14933,24293,100.00
14934,37502,100.00
14935,43269,100.00
14936,37770,0.00
14937,58007,0.00
14938,49430,0.00
14939,49801,0.00
14940,50496,0.00
14941,50183,0.00
14942,68094,100.00
14943,18386,0.00
14944,25495,100.00
14945,23736,100.00
14946,24891,100.00
14947,30243,0.00
14948,26572,100.00
14949,24256,100.00
14950,51458,100.00
14951,51484,100.00
14952,23277,0.00
14953,22278,100.00
14954,36739,0.00
14955,39379,0.00
14956,36141,0.00
14957,42639,0.00
14958,57611,100.00
14959,17266,0.00
14960,21342,100.00
14961,20412,0.00
14962,24619,100.00
14963,26066,100.00
14964,25027,100.00
14965,57588,100.00
14966,51006,0.00
14967,24403,100.00
14968,24791,100.00
14969,20571,100.00
14970,21735,100.00
14971,24331,0.00
14972,35895,100.00
14973,24622,100.00
14974,32187,0.00
14975,45651,0.00
14976,44361,0.00
14977,47589,0.00
14978,46257,0.00
14979,52710,0.00
14980,75163,100.00
14981,21015,0.00
14982,24356,0.00
14983,25729,100.00
14984,24306,100.00
14985,19756,100.00
14986,20909,100.00
14987,19352,0.00
14988,22842,100.00
14989,25466,100.00
14990,24582,100.00
14991,58477,100.00
14992,49638,0.00
14993,23752,100.00
14994,32950,100.00
14995,26218,100.00
14996,20946,100.00
14997,40898,0.00
14998,41968,0.00
14999,44791,0.00
15000,59549,0.00
