sample,work_ns,cpu_utilization
1,38483,0.00
2,51725,100.00
3,52320,0.00
4,59225,100.00
5,35010,100.00
6,37399,100.00
7,63081,100.00
8,61497,100.00
9,32529,100.00
10,34261,100.00
11,64975,100.00
12,56237,100.00
13,27915,100.00
14,33687,100.00
15,62222,100.00
16,41668,100.00
17,31462,100.00
18,57838,100.00
19,63485,100.00
20,53379,100.00
21,30273,100.00
22,39193,100.00
23,64179,100.00
24,38735,100.00
25,34155,100.00
26,62296,100.00
27,60656,100.00
28,38315,100.00
29,29727,100.00
30,59426,100.00
31,63054,100.00
32,32126,100.00
33,32526,100.00
34,63720,100.00
35,50412,100.00
36,35625,100.00
37,37370,100.00
38,61654,100.00
39,55975,100.00
40,31704,100.00
41,32006,100.00
42,71512,100.00
43,48910,100.00
44,32109,100.00
45,34828,100.00
46,63922,100.00
47,34166,100.00
48,29373,100.00
49,55289,100.00
50,60379,100.00
51,43072,100.00
52,27967,100.00
53,46470,100.00
54,60628,100.00
55,33042,100.00
56,33694,100.00
57,61854,100.00
58,61150,100.00
59,25179,0.00
60,29838,100.00
61,63731,100.00
62,62305,100.00
63,31206,100.00
64,33379,100.00
65,65555,100.00
66,56966,100.00
67,41640,100.00
68,41543,100.00
69,63242,100.00
70,63527,100.00
71,31963,100.00
72,37224,100.00
73,67116,100.00
74,52936,100.00
75,36429,100.00
76,40942,100.00
77,65018,100.00
78,41153,100.00
79,28447,100.00
80,51699,100.00
81,63108,100.00
82,46520,100.00
83,27166,100.00
84,32579,100.00
85,63679,100.00
86,35135,100.00
87,34465,100.00
88,65515,100.00
89,62595,100.00
90,43439,100.00
91,30503,100.00
92,55527,100.00
93,61040,100.00
94,32163,100.00
95,36001,100.00
96,63415,100.00
97,56289,100.00
98,40301,100.00
99,34111,100.00
100,60870,100.00
101,60338,100.00
102,28548,100.00
103,31795,100.00
104,65915,100.00
105,51465,100.00
106,31131,100.00
107,29970,100.00
108,62433,100.00
109,35950,100.00
110,27900,100.00
111,34204,100.00
112,65283,100.00
113,49241,100.00
114,38745,100.00
115,28827,0.00
116,67382,100.00
117,38475,100.00
118,33974,100.00
119,54207,100.00
120,62161,100.00
121,45278,100.00
122,28629,100.00
123,46984,100.00
124,61484,100.00
125,33683,100.00
126,34386,100.00
127,64727,100.00
128,63580,100.00
129,38166,100.00
130,34751,100.00
131,59170,100.00
132,61378,100.00
133,27939,100.00
134,34723,100.00
135,68625,100.00
136,59757,100.00
137,34503,100.00
138,36343,100.00
139,64346,100.00
140,55078,100.00
141,31573,100.00
142,36450,100.00
143,64700,100.00
144,48356,100.00
145,30449,100.00
146,35937,100.00
147,64569,100.00
148,45086,100.00
149,30071,100.00
150,57534,100.00
151,62218,100.00
152,49958,100.00
153,28073,100.00
154,40395,100.00
155,59792,100.00
156,34631,100.00
157,29084,100.00
158,63913,100.00
159,62155,100.00
160,42207,100.00
161,34572,100.00
162,54830,100.00
163,61644,100.00
164,33662,100.00
165,35714,100.00
166,64459,100.00
167,55202,100.00
168,52069,100.00
169,35031,100.00
170,65053,100.00
171,27255,0.00
172,28588,100.00
173,58520,100.00
174,66221,100.00
175,51333,100.00
176,31155,100.00
177,32986,100.00
178,65823,100.00
179,57253,100.00
180,32316,100.00
181,29356,100.00
182,65011,100.00
183,49534,100.00
184,27044,100.00
185,32096,100.00
186,64655,100.00
187,33909,100.00
188,34610,100.00
189,51062,100.00
190,59216,100.00
191,45540,100.00
192,32003,100.00
193,46424,100.00
194,62831,100.00
195,40894,100.00
196,36077,100.00
197,60222,100.00
198,64570,100.00
199,37668,100.00
200,29183,100.00
201,63218,100.00
202,62878,100.00
203,35273,100.00
204,32524,100.00
205,62993,100.00
206,61222,100.00
207,36674,100.00
208,32743,100.00
209,61296,100.00
210,64100,100.00
211,30215,100.00
212,46048,100.00
213,62255,100.00
214,57319,100.00
215,34347,100.00
216,39125,100.00
217,64215,100.00
218,57565,100.00
219,37577,100.00
220,56856,100.00
221,60078,100.00
222,55303,100.00
223,30921,100.00
224,57757,100.00
225,59401,100.00
226,43984,100.00
227,30307,0.00
228,61619,100.00
229,57174,100.00
230,48905,100.00
231,34704,100.00
232,65825,100.00
233,65876,100.00
234,34476,100.00
235,28812,100.00
236,66157,100.00
237,63775,100.00
238,48836,100.00
239,34681,100.00
240,67619,100.00
241,63007,100.00
242,46240,100.00
243,50835,100.00
244,58909,100.00
245,59249,100.00
246,44098,100.00
247,47754,100.00
248,65754,100.00
249,66340,100.00
250,43925,100.00
251,59413,100.00
252,54590,100.00
253,61149,100.00
254,38360,100.00
255,61370,100.00
256,59880,100.00
257,61324,100.00
258,44902,100.00
259,61302,100.00
260,43358,100.00
261,68501,100.00
262,38486,100.00
263,61053,100.00
264,56947,100.00
265,59837,100.00
266,48096,100.00
267,63675,100.00
268,44181,100.00
269,61612,100.00
270,45301,100.00
271,65102,100.00
272,57547,100.00
273,62773,100.00
274,64570,100.00
275,42374,0.00
276,41125,100.00
277,58682,100.00
278,47208,100.00
279,65982,100.00
280,64457,100.00
281,57069,100.00
282,54753,100.00
283,60342,100.00
284,59225,100.00
285,57286,100.00
286,40768,100.00
287,62925,100.00
288,59745,100.00
289,39703,100.00
290,60977,100.00
291,47694,100.00
292,61156,100.00
293,43775,100.00
294,60917,100.00
295,59665,100.00
296,64115,100.00
297,41413,100.00
298,61312,100.00
299,33876,100.00
300,59839,100.00
301,35098,100.00
302,63174,100.00
303,53471,100.00
304,65222,100.00
305,42188,100.00
306,65935,100.00
307,42083,100.00
308,62910,100.00
309,41517,100.00
310,64738,100.00
311,67293,100.00
312,57470,100.00
313,47252,100.00
314,56576,100.00
315,43896,100.00
316,58124,100.00
317,33399,100.00
318,66165,100.00
319,65186,100.00
320,58698,100.00
321,58148,100.00
322,66672,100.00
323,56141,0.00
324,51211,100.00
325,60592,100.00
326,62807,100.00
327,64279,100.00
328,50331,100.00
329,62653,100.00
330,41775,100.00
331,57218,100.00
332,41267,100.00
333,65709,100.00
334,60766,100.00
335,55971,100.00
336,41520,100.00
337,61036,100.00
338,33910,100.00
339,61700,100.00
340,46176,100.00
341,61252,100.00
342,65017,100.00
343,52430,100.00
344,50604,100.00
345,54681,100.00
346,57234,100.00
347,57791,100.00
348,49320,100.00
349,59696,100.00
350,62856,100.00
351,38826,100.00
352,59632,100.00
353,43990,100.00
354,62333,100.00
355,35593,100.00
356,61162,100.00
357,53878,100.00
358,65210,100.00
359,38126,100.00
360,58749,100.00
361,39018,100.00
362,57648,100.00
363,39485,100.00
364,64303,100.00
365,61751,100.00
366,55738,100.00
367,42875,100.00
368,64898,100.00
369,47641,100.00
370,64461,100.00
371,31709,0.00
372,67362,100.00
373,64361,100.00
374,59360,100.00
375,54237,100.00
376,61079,100.00
377,55623,100.00
378,57739,100.00
379,54040,100.00
380,62099,100.00
381,61827,100.00
382,44682,100.00
383,58893,100.00
384,54394,100.00
385,59671,100.00
386,46465,100.00
387,59128,100.00
388,58724,100.00
389,60642,100.00
390,45023,100.00
391,58232,100.00
392,40849,100.00
393,58698,100.00
394,41803,100.00
395,59922,100.00
396,56461,100.00
397,56490,100.00
398,41431,100.00
399,59075,100.00
400,42860,100.00
401,59812,100.00
402,45812,100.00
403,66028,100.00
404,67000,100.00
405,54910,100.00
406,47966,100.00
407,57295,100.00
408,53766,100.00
409,54444,100.00
410,41718,100.00
411,63247,100.00
412,65224,100.00
413,57063,100.00
414,62573,100.00
415,45949,100.00
416,61101,100.00
417,45632,100.00
418,64923,100.00
419,39066,0.00
420,59994,100.00
421,40618,100.00
422,58242,100.00
423,30838,100.00
424,64792,100.00
425,39578,100.00
426,66708,100.00
427,53787,100.00
428,57702,100.00
429,37901,100.00
430,62949,100.00
431,42260,100.00
432,62644,100.00
433,38274,100.00
434,67871,100.00
435,62886,100.00
436,59388,100.00
437,51735,100.00
438,57223,100.00
439,55579,100.00
440,56760,100.00
441,48836,100.00
442,62890,100.00
443,65066,100.00
444,44213,100.00
445,57932,100.00
446,46556,100.00
447,55509,100.00
448,41333,100.00
449,55942,100.00
450,57999,100.00
451,61007,100.00
452,42721,100.00
453,58993,100.00
454,42492,100.00
455,60935,100.00
456,38167,100.00
457,61468,100.00
458,57992,100.00
459,54612,100.00
460,44660,100.00
461,58717,100.00
462,38765,100.00
463,58968,100.00
464,46360,100.00
465,63685,100.00
466,63834,100.00
467,52542,100.00
468,63542,100.00
469,37725,0.00
470,46151,100.00
471,56335,100.00
472,41860,100.00
473,67018,100.00
474,63513,100.00
475,58466,100.00
476,57506,100.00
477,55414,100.00
478,60851,100.00
479,51277,100.00
480,54575,100.00
481,60351,100.00
482,66062,100.00
483,42290,100.00
484,63466,100.00
485,45886,100.00
486,61796,100.00
487,37780,100.00
488,63529,100.00
489,59013,100.00
490,65589,100.00
491,44852,100.00
492,65445,100.00
493,34199,100.00
494,61495,100.00
495,43060,100.00
496,66632,100.00
497,56921,100.00
498,59712,100.00
499,41249,100.00
500,58816,100.00
501,42583,100.00
502,63862,100.00
503,39828,100.00
504,64724,100.00
505,67982,100.00
506,58957,100.00
507,52013,100.00
508,60596,100.00
509,52212,100.00
510,58822,100.00
511,44969,100.00
512,61395,100.00
513,61364,100.00
514,44704,100.00
515,60971,100.00
516,58927,100.00
517,56288,0.00
518,52097,100.00
519,60445,100.00
520,61249,100.00
521,62114,100.00
522,42242,100.00
523,60645,100.00
524,41731,100.00
525,57720,100.00
526,42616,100.00
527,61594,100.00
528,58639,100.00
529,60290,100.00
530,41309,100.00
531,62802,100.00
532,36518,100.00
533,61974,100.00
534,47058,100.00
535,63958,100.00
536,62268,100.00
537,50321,100.00
538,52910,100.00
539,58115,100.00
540,56453,100.00
541,47652,100.00
542,56431,100.00
543,61087,100.00
544,64043,100.00
545,40977,100.00
546,58854,100.00
547,44317,100.00
548,61766,100.00
549,36645,100.00
550,62519,100.00
551,60743,100.00
552,62083,100.00
553,40523,100.00
554,63227,100.00
555,42696,100.00
556,61559,100.00
557,38903,100.00
558,66119,100.00
559,62821,100.00
560,55687,100.00
561,58106,100.00
562,55927,100.00
563,53624,100.00
564,65673,100.00
565,35027,0.00
566,61832,100.00
567,58139,100.00
568,62304,100.00
569,58668,100.00
570,51037,100.00
571,59953,100.00
572,51530,100.00
573,58616,100.00
574,62423,100.00
575,64723,100.00
576,49046,100.00
577,64872,100.00
578,39600,100.00
579,58191,100.00
580,40878,100.00
581,64045,100.00
582,56655,100.00
583,61427,100.00
584,41194,100.00
585,60419,100.00
586,42240,100.00
587,60402,100.00
588,41343,100.00
589,62465,100.00
590,62876,100.00
591,53900,100.00
592,47009,100.00
593,59506,100.00
594,44380,100.00
595,56868,100.00
596,42214,100.00
597,61822,100.00
598,63567,100.00
599,53961,100.00
600,55369,100.00
601,51997,100.00
602,54572,100.00
603,49995,100.00
604,45962,100.00
605,61697,100.00
606,62467,100.00
607,38501,100.00
608,62747,100.00
609,45899,100.00
610,58985,100.00
611,35276,100.00
612,64146,100.00
613,36081,0.00
614,64479,100.00
615,42676,100.00
616,62956,100.00
617,33704,100.00
618,59963,100.00
619,39339,100.00
620,56865,100.00
621,51104,100.00
622,56203,100.00
623,40200,100.00
624,60544,100.00
625,40266,100.00
626,54177,100.00
627,39695,100.00
628,64596,100.00
629,61612,100.00
630,55957,100.00
631,50362,100.00
632,51034,100.00
633,52665,100.00
634,53298,100.00
635,51487,100.00
636,61008,100.00
637,62370,100.00
638,43440,100.00
639,54084,100.00
640,47982,100.00
641,59316,100.00
642,42252,100.00
643,52245,100.00
644,54683,100.00
645,60772,100.00
646,39109,100.00
647,58573,100.00
648,41497,100.00
649,57021,100.00
650,37517,100.00
651,62997,100.00
652,60071,100.00
653,56095,100.00
654,42532,100.00
655,61259,100.00
656,37640,100.00
657,56942,100.00
658,44897,100.00
659,66075,100.00
660,63487,100.00
661,56514,100.00
662,62857,100.00
663,43798,0.00
664,50591,100.00
665,54701,100.00
666,33994,100.00
667,64266,100.00
668,64681,100.00
669,55203,100.00
670,52715,100.00
671,52629,100.00
672,53024,100.00
673,52431,100.00
674,53966,100.00
675,60050,100.00
676,61790,100.00
677,38914,100.00
678,60197,100.00
679,46901,100.00
680,59986,100.00
681,34239,100.00
682,58778,100.00
683,54092,100.00
684,62726,100.00
685,41822,100.00
686,63488,100.00
687,35385,100.00
688,62970,100.00
689,40071,100.00
690,62610,100.00
691,55307,100.00
692,56913,100.00
693,39452,100.00
694,62161,100.00
695,38667,100.00
696,60732,100.00
697,39084,100.00
698,67667,100.00
699,64271,100.00
700,55536,100.00
701,50590,100.00
702,58422,100.00
703,51379,100.00
704,55106,100.00
705,48606,100.00
706,63366,100.00
707,61812,100.00
708,43634,100.00
709,56862,100.00
710,51282,100.00
711,59530,100.00
712,52820,100.00
713,57485,0.00
714,59661,100.00
715,60454,100.00
716,41237,100.00
717,57345,100.00
718,41521,100.00
719,55895,100.00
720,43820,100.00
721,62047,100.00
722,55618,100.00
723,56189,100.00
724,43001,100.00
725,60360,100.00
726,37462,100.00
727,60043,100.00
728,45372,100.00
729,64126,100.00
730,62600,100.00
731,58093,100.00
732,37913,100.00
733,59219,100.00
734,48019,100.00
735,53764,100.00
736,38986,100.00
737,64383,100.00
738,61061,100.00
739,55160,100.00
740,48668,100.00
741,55692,100.00
742,51072,100.00
743,53354,100.00
744,39974,100.00
745,60994,100.00
746,65440,100.00
747,56669,100.00
748,56793,100.00
749,47186,100.00
750,50993,100.00
751,46204,100.00
752,53486,100.00
753,58070,100.00
754,61431,100.00
755,37673,100.00
756,63040,100.00
757,46270,100.00
758,60074,100.00
759,32878,100.00
760,58621,100.00
761,58584,100.00
762,66165,100.00
763,36526,0.00
764,60678,100.00
765,35900,100.00
766,58619,100.00
767,43539,100.00
768,65377,100.00
769,57170,100.00
770,56473,100.00
771,39482,100.00
772,59114,100.00
773,56508,100.00
774,62496,100.00
775,42154,100.00
776,61823,100.00
777,59412,100.00
778,53466,100.00
779,39507,100.00
780,63684,100.00
781,42751,100.00
782,58241,100.00
783,35557,100.00
784,65654,100.00
785,60741,100.00
786,55079,100.00
787,49423,100.00
788,57338,100.00
789,52340,100.00
790,52917,100.00
791,46535,100.00
792,59558,100.00
793,63383,100.00
794,42461,100.00
795,56421,100.00
796,53986,100.00
797,58755,100.00
798,43093,100.00
799,55780,100.00
800,54872,100.00
801,63933,100.00
802,40608,100.00
803,57374,100.00
804,42916,100.00
805,55041,100.00
806,38423,100.00
807,61220,100.00
808,58637,100.00
809,55606,100.00
810,40070,100.00
811,57127,100.00
812,54566,100.00
813,37757,100.00
814,41087,100.00
815,58540,100.00
816,62946,100.00
817,54144,100.00
818,44998,100.00
819,55369,100.00
820,53697,100.00
821,51070,100.00
822,40120,100.00
823,59997,100.00
824,59837,100.00
825,40578,100.00
826,55719,100.00
827,46293,100.00
828,54489,100.00
829,41362,100.00
830,51349,100.00
831,56810,100.00
832,60546,100.00
833,44028,100.00
834,56905,100.00
835,32296,100.00
836,65095,100.00
837,37252,100.00
838,62117,100.00
839,59415,100.00
840,59371,100.00
841,41644,100.00
842,52882,100.00
843,39745,100.00
844,60569,100.00
845,43378,100.00
846,65209,100.00
847,61309,100.00
848,57355,100.00
849,49997,100.00
850,58329,100.00
851,50938,100.00
852,57533,100.00
853,36102,100.00
854,64684,100.00
855,62827,100.00
856,57778,100.00
857,57302,100.00
858,53047,100.00
859,57731,100.00
860,50336,100.00
861,55490,100.00
862,64668,100.00
863,52554,100.00
864,45413,100.00
865,59050,100.00
866,49926,100.00
867,60430,100.00
868,47743,100.00
869,54834,100.00
870,57459,100.00
871,59197,100.00
872,44298,100.00
873,56577,100.00
874,42600,100.00
875,62802,100.00
876,42401,100.00
877,64532,100.00
878,62765,100.00
879,57712,100.00
880,43124,100.00
881,61628,100.00
882,35781,100.00
883,61866,100.00
884,44920,100.00
885,63283,100.00
886,65052,100.00
887,56620,100.00
888,50584,100.00
889,55258,100.00
890,55157,100.00
891,57449,100.00
892,41221,100.00
893,61239,100.00
894,61797,100.00
895,53265,100.00
896,55658,100.00
897,48342,100.00
898,53160,100.00
899,45740,100.00
900,51495,100.00
901,58407,100.00
902,62163,100.00
903,40807,100.00
904,57791,100.00
905,39344,100.00
906,58770,100.00
907,38352,100.00
908,60591,100.00
909,53724,100.00
910,62900,100.00
911,37586,100.00
912,63320,100.00
913,35630,100.00
914,59386,100.00
915,41911,100.00
916,65671,100.00
917,66167,100.00
918,60292,100.00
919,44972,100.00
920,54788,100.00
921,43168,100.00
922,52810,100.00
923,45222,100.00
924,61491,100.00
925,61017,100.00
926,44350,100.00
927,58765,100.00
928,52670,100.00
929,59554,100.00
930,46896,100.00
931,58825,100.00
932,57966,100.00
933,61291,100.00
934,39983,100.00
935,59131,100.00
936,42644,100.00
937,58801,100.00
938,39415,100.00
939,63059,100.00
940,58990,100.00
941,56121,100.00
942,47500,100.00
943,57686,100.00
944,38813,100.00
945,62543,100.00
946,46947,100.00
947,66666,100.00
948,65025,100.00
949,55962,100.00
950,55653,100.00
951,54491,100.00
952,56382,100.00
953,55085,100.00
954,46989,100.00
955,56186,100.00
956,61841,100.00
957,39703,100.00
958,62521,100.00
959,46320,100.00
960,63940,100.00
961,39834,100.00
962,62469,100.00
963,61225,100.00
964,64573,100.00
965,48505,100.00
966,66264,100.00
967,47802,100.00
968,65324,100.00
969,43651,100.00
970,65110,100.00
971,60344,100.00
972,68308,100.00
973,47798,100.00
974,66122,100.00
975,37384,100.00
976,62186,100.00
977,44281,100.00
978,68947,100.00
979,59543,100.00
980,59383,100.00
981,41741,100.00
982,62856,100.00
983,43767,100.00
984,65637,100.00
985,41109,100.00
986,67587,100.00
987,66679,100.00
988,57820,100.00
989,47761,100.00
990,57343,100.00
991,53357,100.00
992,55626,100.00
993,43097,100.00
994,66427,100.00
995,63772,100.00
996,57027,100.00
997,61246,100.00
998,50535,100.00
999,61401,100.00
1000,85316,100.00
1001,62875,100.00
1002,59760,100.00
1003,60221,100.00
1004,40898,100.00
1005,60393,100.00
1006,54995,100.00
1007,51379,100.00
1008,40426,100.00
1009,57176,100.00
1010,57658,100.00
1011,56179,100.00
1012,50218,100.00
1013,66076,100.00
1014,39303,100.00
1015,59715,100.00
1016,46066,100.00
1017,63299,100.00
1018,63150,100.00
1019,57316,100.00
1020,60116,100.00
1021,55420,100.00
1022,58983,100.00
1023,53378,100.00
1024,56193,100.00
1025,63603,100.00
1026,64106,100.00
1027,40467,100.00
1028,61770,100.00
1029,42761,100.00
1030,61314,100.00
1031,35017,100.00
1032,64245,100.00
1033,56139,100.00
1034,63084,100.00
1035,38338,100.00
1036,61838,100.00
1037,37173,100.00
1038,59945,100.00
1039,43054,100.00
1040,63064,100.00
1041,57279,100.00
1042,56844,100.00
1043,39758,100.00
1044,64201,100.00
1045,41861,100.00
1046,60734,100.00
1047,36244,100.00
1048,66678,100.00
1049,63139,100.00
1050,56928,100.00
1051,56017,100.00
1052,54296,100.00
1053,58233,100.00
1054,60060,100.00
1055,58187,100.00
1056,62225,100.00
1057,59394,100.00
1058,46924,100.00
1059,58810,100.00
1060,50730,100.00
1061,63888,100.00
1062,42101,100.00
1063,64577,100.00
1064,59734,100.00
1065,61194,100.00
1066,41953,100.00
1067,63595,100.00
1068,44615,100.00
1069,59922,100.00
1070,44021,100.00
1071,62914,100.00
1072,59926,100.00
1073,65948,100.00
1074,43662,100.00
1075,60998,100.00
1076,36683,100.00
1077,63569,100.00
1078,45613,100.00
1079,63029,100.00
1080,66113,100.00
1081,56983,100.00
1082,42212,100.00
1083,61970,100.00
1084,49731,100.00
1085,58108,100.00
1086,40696,100.00
1087,62274,100.00
1088,64354,100.00
1089,57549,100.00
1090,56546,100.00
1091,54632,100.00
1092,63502,100.00
1093,54851,100.00
1094,59032,100.00
1095,61849,100.00
1096,76804,100.00
1097,42342,100.00
1098,60983,100.00
1099,47216,100.00
1100,64390,100.00
1101,38783,100.00
1102,66996,100.00
1103,34826,100.00
1104,63769,100.00
1105,46178,100.00
1106,62663,100.00
1107,35433,100.00
1108,60045,100.00
1109,44557,100.00
1110,64445,100.00
1111,58407,100.00
1112,58797,100.00
1113,41042,100.00
1114,60728,100.00
1115,42000,100.00
1116,59741,100.00
1117,45089,100.00
1118,67088,100.00
1119,64689,100.00
1120,57499,100.00
1121,51721,100.00
1122,59167,100.00
1123,48663,100.00
1124,55866,100.00
1125,39145,100.00
1126,66208,100.00
1127,64218,100.00
1128,59332,100.00
1129,60856,100.00
1130,55272,100.00
1131,62061,100.00
1132,56349,100.00
1133,59505,100.00
1134,66161,100.00
1135,61929,100.00
1136,50592,100.00
1137,60360,100.00
1138,50435,100.00
1139,62471,100.00
1140,43653,100.00
1141,64681,100.00
1142,59479,100.00
1143,71609,100.00
1144,52052,100.00
1145,61345,100.00
1146,45552,100.00
1147,64816,100.00
1148,46466,100.00
1149,64268,100.00
1150,59364,100.00
1151,59920,100.00
1152,46969,100.00
1153,61636,100.00
1154,41858,100.00
1155,64861,100.00
1156,49546,100.00
1157,68180,100.00
1158,69319,100.00
1159,55907,100.00
1160,52338,100.00
1161,57243,100.00
1162,53794,100.00
1163,56521,100.00
1164,43400,100.00
1165,65639,100.00
1166,68045,100.00
1167,56751,100.00
1168,58327,100.00
1169,59055,100.00
1170,59124,100.00
1171,60704,100.00
1172,56210,100.00
1173,63636,100.00
1174,63778,100.00
1175,44366,100.00
1176,62341,100.00
1177,49908,100.00
1178,62282,100.00
1179,44974,100.00
1180,64454,100.00
1181,59395,100.00
1182,61530,100.00
1183,47716,100.00
1184,63374,100.00
1185,39902,100.00
1186,63987,100.00
1187,43695,100.00
1188,66860,100.00
1189,53249,100.00
1190,66234,100.00
1191,45965,100.00
1192,64851,100.00
1193,43115,100.00
1194,65148,100.00
1195,36118,100.00
1196,66306,100.00
1197,65338,100.00
1198,61973,100.00
1199,44888,100.00
1200,65170,100.00
1201,45805,100.00
1202,56542,100.00
1203,44910,100.00
1204,68888,100.00
1205,61635,100.00
1206,59951,100.00
1207,60914,100.00
1208,57103,100.00
1209,64441,100.00
1210,58404,100.00
1211,58861,100.00
1212,63536,100.00
1213,65875,100.00
1214,48731,100.00
1215,60970,100.00
1216,54019,100.00
1217,63883,100.00
1218,49573,100.00
1219,62798,100.00
1220,60789,100.00
1221,63222,100.00
1222,48512,100.00
1223,58777,100.00
1224,43024,100.00
1225,61029,100.00
1226,45771,100.00
1227,66380,100.00
1228,57342,100.00
1229,63717,100.00
1230,47339,100.00
1231,61112,100.00
1232,41360,100.00
1233,62641,100.00
1234,46782,100.00
1235,66799,100.00
1236,69122,100.00
1237,56012,100.00
1238,67417,100.00
1239,42180,100.00
1240,48286,100.00
1241,60156,100.00
1242,45034,100.00
1243,66172,100.00
1244,63464,100.00
1245,55869,100.00
1246,60383,100.00
1247,53558,100.00
1248,61560,100.00
1249,56757,100.00
1250,60959,100.00
1251,62082,100.00
1252,65967,100.00
1253,41523,100.00
1254,62411,100.00
1255,44756,100.00
1256,63338,100.00
1257,41772,100.00
1258,65276,100.00
1259,64208,100.00
1260,65028,100.00
1261,46468,100.00
1262,62651,100.00
1263,44386,100.00
1264,66059,100.00
1265,42872,100.00
1266,68184,100.00
1267,54387,100.00
1268,65195,100.00
1269,39111,100.00
1270,65985,100.00
1271,41456,100.00
1272,65010,100.00
1273,44210,100.00
1274,62309,100.00
1275,64060,100.00
1276,58041,100.00
1277,44346,100.00
1278,63184,100.00
1279,41760,100.00
1280,62965,100.00
1281,43290,100.00
1282,65362,100.00
1283,63482,100.00
1284,65806,100.00
1285,55069,100.00
1286,55285,100.00
1287,60754,100.00
1288,59250,100.00
1289,54059,100.00
1290,63874,100.00
1291,61861,100.00
1292,48363,100.00
1293,61548,100.00
1294,57190,100.00
1295,62136,100.00
1296,51112,100.00
1297,62043,100.00
1298,60298,100.00
1299,63148,100.00
1300,46505,100.00
1301,61191,100.00
1302,40325,100.00
1303,65683,100.00
1304,45346,100.00
1305,64514,100.00
1306,56937,100.00
1307,63293,100.00
1308,42632,100.00
1309,61239,100.00
1310,39888,100.00
1311,61711,100.00
1312,42793,100.00
1313,62932,100.00
1314,66276,100.00
1315,55526,100.00
1316,42713,100.00
1317,66638,100.00
1318,49432,100.00
1319,58658,100.00
1320,41124,100.00
1321,66197,100.00
1322,66438,100.00
1323,56965,100.00
1324,60554,100.00
1325,52870,100.00
1326,62499,100.00
1327,58174,100.00
1328,55087,100.00
1329,63075,100.00
1330,68135,100.00
1331,33277,100.00
1332,60073,100.00
1333,46277,100.00
1334,61820,100.00
1335,39554,100.00
1336,64453,100.00
1337,58660,100.00
1338,62588,100.00
1339,41196,100.00
1340,58681,100.00
1341,33880,100.00
1342,64043,100.00
1343,43228,100.00
1344,64002,100.00
1345,59753,100.00
1346,59587,100.00
1347,42904,100.00
1348,63667,100.00
1349,47789,100.00
1350,58513,100.00
1351,38334,100.00
1352,67571,100.00
1353,62641,100.00
1354,55692,100.00
1355,59754,100.00
1356,51649,100.00
1357,56682,100.00
1358,48039,100.00
1359,59729,100.00
1360,59132,100.00
1361,64992,100.00
1362,41747,100.00
1363,61801,100.00
1364,41294,100.00
1365,61392,100.00
1366,44273,100.00
1367,63434,100.00
1368,60356,100.00
1369,62614,100.00
1370,41009,100.00
1371,65396,100.00
1372,42245,100.00
1373,61934,100.00
1374,44958,100.00
1375,66471,100.00
1376,61975,100.00
1377,54446,100.00
1378,64461,100.00
1379,45338,100.00
1380,41196,100.00
1381,56276,100.00
1382,46953,100.00
1383,65777,100.00
1384,61004,100.00
1385,57555,100.00
1386,51883,100.00
1387,52731,100.00
1388,52318,100.00
1389,56760,100.00
1390,47193,100.00
1391,59818,100.00
1392,62706,100.00
1393,36857,100.00
1394,57770,100.00
1395,43560,100.00
1396,59189,100.00
1397,44880,100.00
1398,60613,100.00
1399,58323,100.00
1400,62052,100.00
1401,39888,100.00
1402,60218,100.00
1403,36983,100.00
1404,60167,100.00
1405,39257,100.00
1406,62891,100.00
1407,59464,100.00
1408,59078,100.00
1409,39342,100.00
1410,63141,100.00
1411,37975,100.00
1412,60106,100.00
1413,40176,100.00
1414,63699,100.00
1415,62050,100.00
1416,55482,100.00
1417,41971,100.00
1418,63762,100.00
1419,44010,100.00
1420,55139,100.00
1421,34793,100.00
1422,63172,100.00
1423,63955,100.00
1424,56323,100.00
1425,48111,100.00
1426,53790,100.00
1427,59761,100.00
1428,59750,100.00
1429,47423,100.00
1430,61745,100.00
1431,63392,100.00
1432,46881,100.00
1433,60831,100.00
1434,48492,100.00
1435,57409,100.00
1436,42495,100.00
1437,58334,100.00
1438,58777,100.00
1439,65860,100.00
1440,40571,100.00
1441,60272,100.00
1442,39284,100.00
1443,57507,100.00
1444,41152,100.00
1445,63173,100.00
1446,63719,100.00
1447,55542,100.00
1448,45154,100.00
1449,58850,100.00
1450,49876,100.00
1451,55341,100.00
1452,40234,100.00
1453,67949,100.00
1454,61805,100.00
1455,52703,100.00
1456,59104,100.00
1457,51027,100.00
1458,57487,100.00
1459,49298,100.00
1460,57483,100.00
1461,62473,100.00
1462,63293,100.00
1463,44133,100.00
1464,60981,100.00
1465,44721,100.00
1466,60494,100.00
1467,44114,100.00
1468,64291,100.00
1469,55000,100.00
1470,63470,100.00
1471,43162,100.00
1472,65248,100.00
1473,38977,100.00
1474,65174,100.00
1475,45517,100.00
1476,66552,100.00
1477,54307,100.00
1478,57577,100.00
1479,40499,100.00
1480,61533,100.00
1481,38700,100.00
1482,60567,100.00
1483,37326,100.00
1484,66478,100.00
1485,61771,100.00
1486,59743,100.00
1487,48827,100.00
1488,55829,100.00
1489,49851,100.00
1490,58130,100.00
1491,46261,100.00
1492,62798,100.00
1493,64460,100.00
1494,44949,100.00
1495,56805,100.00
1496,56289,100.00
1497,57250,100.00
1498,48239,100.00
1499,60602,100.00
1500,59513,100.00
1501,61381,100.00
1502,42999,100.00
1503,59591,100.00
1504,40436,100.00
1505,63835,100.00
1506,44293,100.00
1507,62377,100.00
1508,62235,100.00
1509,62098,100.00
1510,44208,100.00
1511,59710,100.00
1512,39481,100.00
1513,60755,100.00
1514,43320,100.00
1515,64762,100.00
1516,63850,100.00
1517,55553,100.00
1518,43157,100.00
1519,58290,100.00
1520,47742,100.00
1521,57126,100.00
1522,40510,100.00
1523,65413,100.00
1524,64893,100.00
1525,41183,100.00
1526,56534,100.00
1527,55805,100.00
1528,59950,100.00
1529,52934,100.00
1530,56865,100.00
1531,62569,100.00
1532,64497,100.00
1533,38499,100.00
1534,57329,100.00
1535,46396,100.00
1536,61264,100.00
1537,35750,100.00
1538,61928,100.00
1539,53890,100.00
1540,63289,100.00
1541,41566,100.00
1542,62265,100.00
1543,36868,100.00
1544,61430,100.00
1545,42257,100.00
1546,63190,100.00
1547,61544,100.00
1548,56431,100.00
1549,41192,100.00
1550,60810,100.00
1551,41941,100.00
1552,59718,100.00
1553,40630,100.00
1554,64915,100.00
1555,61607,100.00
1556,57914,100.00
1557,53183,100.00
1558,54379,100.00
1559,56104,100.00
1560,48707,100.00
1561,59731,100.00
1562,61416,100.00
1563,63946,100.00
1564,44210,100.00
1565,61881,100.00
1566,50142,100.00
1567,62952,100.00
1568,44181,100.00
1569,62276,100.00
1570,59870,100.00
1571,60885,100.00
1572,49396,100.00
1573,56624,100.00
1574,44465,100.00
1575,57763,100.00
1576,51329,100.00
1577,63796,100.00
1578,53712,100.00
1579,55034,100.00
1580,41324,100.00
1581,58772,100.00
1582,36884,100.00
1583,61439,100.00
1584,44463,100.00
1585,64625,100.00
1586,65474,100.00
1587,51779,100.00
1588,51773,100.00
1589,57847,100.00
1590,53965,100.00
1591,54911,100.00
1592,40991,100.00
1593,61763,100.00
1594,63664,100.00
1595,53251,100.00
1596,56859,100.00
1597,48663,100.00
1598,59748,100.00
1599,49894,100.00
1600,57047,100.00
1601,62128,100.00
1602,62397,100.00
1603,37637,100.00
1604,58267,100.00
1605,44913,100.00
1606,61619,100.00
1607,35376,100.00
1608,63151,100.00
1609,52295,100.00
1610,66242,100.00
1611,39906,100.00
1612,60132,100.00
1613,38693,100.00
1614,61729,100.00
1615,42419,100.00
1616,63459,100.00
1617,60729,100.00
1618,57940,100.00
1619,40742,100.00
1620,62819,100.00
1621,44698,100.00
1622,61020,100.00
1623,26725,100.00
1624,63616,100.00
1625,61139,100.00
1626,57798,100.00
1627,63084,100.00
1628,51200,100.00
1629,55927,100.00
1630,45466,100.00
1631,59385,100.00
1632,60200,100.00
1633,63255,100.00
1634,42845,100.00
1635,59813,100.00
1636,40746,100.00
1637,59574,100.00
1638,38826,100.00
1639,60330,100.00
1640,57526,100.00
1641,51777,100.00
1642,40246,100.00
1643,59305,100.00
1644,39832,100.00
1645,56195,100.00
1646,44774,100.00
1647,61053,100.00
1648,61147,100.00
1649,55079,100.00
1650,50789,100.00
1651,51592,100.00
1652,54301,100.00
1653,50878,100.00
1654,49036,100.00
1655,62814,100.00
1656,63350,100.00
1657,39452,100.00
1658,58903,100.00
1659,47430,100.00
1660,62592,100.00
1661,36178,100.00
1662,66170,100.00
1663,58615,100.00
1664,60252,100.00
1665,45258,100.00
1666,60818,100.00
1667,36540,100.00
1668,59350,100.00
1669,36403,100.00
1670,67739,100.00
1671,55262,100.00
1672,66346,100.00
1673,54470,100.00
1674,61218,100.00
1675,41763,100.00
1676,62053,100.00
1677,42559,100.00
1678,65235,100.00
1679,61645,100.00
1680,57154,100.00
1681,45147,100.00
1682,59594,100.00
1683,49627,100.00
1684,57269,100.00
1685,37792,100.00
1686,67237,100.00
1687,63445,100.00
1688,58838,100.00
1689,57208,100.00
1690,55821,100.00
1691,57853,100.00
1692,53658,100.00
1693,54095,100.00
1694,68169,100.00
1695,61223,100.00
1696,45583,100.00
1697,59578,100.00
1698,52065,100.00
1699,59451,100.00
1700,41754,100.00
1701,59244,100.00
1702,58756,100.00
1703,62070,100.00
1704,40702,100.00
1705,64201,100.00
1706,42027,100.00
1707,60115,100.00
1708,39031,100.00
1709,60049,100.00
1710,62751,100.00
1711,61398,100.00
1712,42011,100.00
1713,63733,100.00
1714,38884,100.00
1715,56218,100.00
1716,46437,100.00
1717,64507,100.00
1718,63015,100.00
1719,54320,100.00
1720,62560,100.00
1721,30206,100.00
1722,54150,100.00
1723,54836,100.00
1724,47357,100.00
1725,61985,100.00
1726,65339,100.00
1727,38650,100.00
1728,59759,100.00
1729,54404,100.00
1730,57819,100.00
1731,39613,100.00
1732,60363,100.00
1733,60505,100.00
1734,63913,100.00
1735,48191,100.00
1736,61919,100.00
1737,36501,100.00
1738,61519,100.00
1739,40763,100.00
1740,59020,100.00
1741,55642,100.00
1742,62053,100.00
1743,38513,100.00
1744,64491,100.00
1745,40144,100.00
1746,62614,100.00
1747,45827,100.00
1748,65210,100.00
1749,63190,100.00
1750,59611,100.00
1751,42355,100.00
1752,67620,100.00
1753,42418,100.00
1754,56698,100.00
1755,41108,100.00
1756,65189,100.00
1757,62929,100.00
1758,57403,100.00
1759,51099,100.00
1760,56200,100.00
1761,60519,100.00
1762,56614,100.00
1763,48472,100.00
1764,65285,100.00
1765,63381,100.00
1766,55722,100.00
1767,56576,100.00
1768,65808,100.00
1769,52643,100.00
1770,51201,100.00
1771,50286,100.00
1772,59336,100.00
1773,66772,100.00
1774,44922,100.00
1775,57426,100.00
1776,49913,100.00
1777,58239,100.00
1778,40941,100.00
1779,55028,100.00
1780,56691,100.00
1781,62681,100.00
1782,39059,100.00
1783,56230,100.00
1784,38495,100.00
1785,55590,100.00
1786,44182,100.00
1787,62324,100.00
1788,57780,100.00
1789,55086,100.00
1790,39073,100.00
1791,55898,100.00
1792,35030,100.00
1793,60572,100.00
1794,44055,100.00
1795,62573,100.00
1796,63276,100.00
1797,55032,100.00
1798,47547,100.00
1799,55596,100.00
1800,52961,100.00
1801,51843,100.00
1802,39609,100.00
1803,63493,100.00
1804,64869,100.00
1805,53730,100.00
1806,58450,100.00
1807,48924,100.00
1808,57542,100.00
1809,46569,100.00
1810,51189,100.00
1811,58321,100.00
1812,64722,100.00
1813,39824,100.00
1814,57576,100.00
1815,35243,100.00
1816,62658,100.00
1817,37450,100.00
1818,62354,100.00
1819,36682,100.00
1820,62208,100.00
1821,35258,100.00
1822,61750,100.00
1823,39265,100.00
1824,62592,100.00
1825,41064,100.00
1826,61811,100.00
1827,62640,100.00
1828,57137,100.00
1829,48262,100.00
1830,57772,100.00
1831,45015,100.00
1832,52774,100.00
1833,36273,100.00
1834,66108,100.00
1835,61636,100.00
1836,57246,100.00
1837,60212,100.00
1838,48328,100.00
1839,57792,100.00
1840,45612,100.00
1841,60606,100.00
1842,58622,100.00
1843,59973,100.00
1844,38626,100.00
1845,58527,100.00
1846,41963,100.00
1847,58411,100.00
1848,37412,100.00
1849,57407,100.00
1850,57415,100.00
1851,54959,100.00
1852,39997,100.00
1853,61052,100.00
1854,44270,100.00
1855,51695,100.00
1856,38608,100.00
1857,70292,100.00
1858,63940,100.00
1859,54815,100.00
1860,55692,100.00
1861,53540,100.00
1862,57215,100.00
1863,52375,100.00
1864,51993,100.00
1865,56732,100.00
1866,62984,100.00
1867,45783,100.00
1868,65867,100.00
1869,34536,100.00
1870,54913,100.00
1871,43064,100.00
1872,52835,100.00
1873,57976,100.00
1874,61238,100.00
1875,40260,100.00
1876,60411,100.00
1877,33137,100.00
1878,61650,100.00
1879,36725,100.00
1880,59806,100.00
1881,57279,100.00
1882,58348,100.00
1883,39968,100.00
1884,61288,100.00
1885,37776,100.00
1886,62101,100.00
1887,45030,100.00
1888,65157,100.00
1889,62353,100.00
1890,55120,100.00
1891,37764,100.00
1892,61361,100.00
1893,44240,100.00
1894,54193,100.00
1895,35033,100.00
1896,65894,100.00
1897,64240,100.00
1898,56090,100.00
1899,58510,100.00
1900,53878,100.00
1901,56378,100.00
1902,53373,100.00
1903,54671,100.00
1904,61312,100.00
1905,59481,100.00
1906,44234,100.00
1907,60537,100.00
1908,38069,100.00
1909,59096,100.00
1910,42280,100.00
1911,59935,100.00
1912,57939,100.00
1913,58517,100.00
1914,40174,100.00
1915,62726,100.00
1916,36727,100.00
1917,60219,100.00
1918,62596,100.00
1919,57736,100.00
1920,58759,100.00
1921,53792,100.00
1922,46534,100.00
1923,50687,100.00
1924,47963,100.00
1925,47090,100.00
1926,46354,100.00
1927,57846,100.00
1928,63671,100.00
1929,36464,100.00
1930,54379,100.00
1931,45692,100.00
1932,57228,100.00
1933,33193,100.00
1934,56871,100.00
1935,56528,100.00
1936,64827,100.00
1937,42562,100.00
1938,60302,100.00
1939,33123,100.00
1940,60722,100.00
1941,41276,100.00
1942,58907,100.00
1943,59753,100.00
1944,59134,100.00
1945,39266,100.00
1946,64136,100.00
1947,46963,100.00
1948,59132,100.00
1949,36281,100.00
1950,67285,100.00
1951,62615,100.00
1952,58310,100.00
1953,49177,100.00
1954,53458,100.00
1955,49945,100.00
1956,51206,100.00
1957,56867,100.00
1958,58879,100.00
1959,60357,100.00
1960,44314,100.00
1961,60326,100.00
1962,53334,100.00
1963,56019,100.00
1964,45241,100.00
1965,55409,100.00
1966,60723,100.00
1967,60982,100.00
1968,45020,100.00
1969,58647,100.00
1970,37314,100.00
1971,56253,100.00
1972,40305,100.00
1973,61177,100.00
1974,57287,100.00
1975,61605,100.00
1976,41177,100.00
1977,56045,100.00
1978,41357,100.00
1979,58618,100.00
1980,42876,100.00
1981,59808,100.00
1982,53050,100.00
1983,47456,100.00
1984,39745,100.00
1985,59154,100.00
1986,42651,100.00
1987,56786,100.00
1988,39505,100.00
1989,62821,100.00
1990,63541,100.00
1991,52874,100.00
1992,52152,100.00
1993,56431,100.00
1994,59147,100.00
1995,54714,100.00
1996,48983,100.00
1997,56268,100.00
1998,60619,100.00
1999,36965,100.00
2000,75307,100.00
2001,46242,100.00
2002,61923,100.00
2003,35838,100.00
2004,60821,100.00
2005,56330,100.00
2006,64327,100.00
2007,40639,100.00
2008,60956,100.00
2009,37353,100.00
2010,60376,100.00
2011,42991,100.00
2012,61050,100.00
2013,61324,100.00
2014,57906,100.00
2015,46056,100.00
2016,61105,100.00
2017,48268,100.00
2018,63850,100.00
2019,32447,100.00
2020,66354,100.00
2021,64488,100.00
2022,51335,100.00
2023,60182,100.00
2024,52021,100.00
2025,60467,100.00
2026,48766,100.00
2027,57306,100.00
2028,60760,100.00
2029,62100,100.00
2030,38758,100.00
2031,62621,100.00
2032,41832,100.00
2033,57869,100.00
2034,43054,100.00
2035,63758,100.00
2036,55467,100.00
2037,56615,100.00
2038,44131,100.00
2039,58501,100.00
2040,36374,100.00
2041,58845,100.00
2042,43537,100.00
2043,63601,100.00
2044,64409,100.00
2045,48499,100.00
2046,44956,100.00
2047,54247,100.00
2048,50678,100.00
2049,53487,100.00
2050,39385,100.00
2051,61498,100.00
2052,63113,100.00
2053,54871,100.00
2054,58932,100.00
2055,48294,100.00
2056,55240,100.00
2057,44082,100.00
2058,55359,100.00
2059,60124,100.00
2060,58815,100.00
2061,40619,100.00
2062,60694,100.00
2063,46297,100.00
2064,58976,100.00
2065,36961,100.00
2066,62988,100.00
2067,57174,100.00
2068,65287,100.00
2069,31332,100.00
2070,63724,100.00
2071,36681,100.00
2072,61384,100.00
2073,43816,100.00
2074,64158,100.00
2075,53369,100.00
2076,58991,100.00
2077,38338,100.00
2078,63887,100.00
2079,41008,100.00
2080,62795,100.00
2081,38241,100.00
2082,64703,100.00
2083,61837,100.00
2084,57124,100.00
2085,46100,100.00
2086,55267,100.00
2087,49423,100.00
2088,62462,100.00
2089,41135,100.00
2090,63527,100.00
2091,60991,100.00
2092,56405,100.00
2093,57501,100.00
2094,51652,100.00
2095,54918,100.00
2096,47244,100.00
2097,52024,100.00
2098,65482,100.00
2099,63430,100.00
2100,45508,100.00
2101,60642,100.00
2102,45102,100.00
2103,55195,100.00
2104,39488,100.00
2105,55912,100.00
2106,54605,100.00
2107,62809,100.00
2108,42017,100.00
2109,57481,100.00
2110,43104,100.00
2111,58852,100.00
2112,41278,100.00
2113,61874,100.00
2114,63204,100.00
2115,54354,100.00
2116,43667,100.00
2117,63449,100.00
2118,60612,100.00
2119,32548,100.00
2120,37043,100.00
2121,62185,100.00
2122,65961,100.00
2123,54646,100.00
2124,54230,100.00
2125,49213,100.00
2126,52071,100.00
2127,44577,100.00
2128,53084,100.00
2129,59941,100.00
2130,58617,100.00
2131,41133,100.00
2132,59710,100.00
2133,35159,100.00
2134,59711,100.00
2135,36286,100.00
2136,60978,100.00
2137,53229,100.00
2138,66030,100.00
2139,36920,100.00
2140,59053,100.00
2141,35973,100.00
2142,63956,100.00
2143,41183,100.00
2144,60916,100.00
2145,56242,100.00
2146,57924,100.00
2147,38105,100.00
2148,63602,100.00
2149,44234,100.00
2150,59177,100.00
2151,39004,100.00
2152,67151,100.00
2153,64343,100.00
2154,57599,100.00
2155,57529,100.00
2156,56404,100.00
2157,58047,100.00
2158,52954,100.00
2159,54118,100.00
2160,61322,100.00
2161,65232,100.00
2162,44691,100.00
2163,61396,100.00
2164,51059,100.00
2165,59823,100.00
2166,45764,100.00
2167,60094,100.00
2168,69995,100.00
2169,48393,100.00
2170,48200,100.00
2171,58853,100.00
2172,40395,100.00
2173,57838,100.00
2174,45412,100.00
2175,61448,100.00
2176,50290,100.00
2177,59404,100.00
2178,37841,100.00
2179,56416,100.00
2180,38147,100.00
2181,60547,100.00
2182,40211,100.00
2183,61982,100.00
2184,58409,100.00
2185,56351,100.00
2186,37475,100.00
2187,62487,100.00
2188,46002,100.00
2189,56065,100.00
2190,37659,100.00
2191,64364,100.00
2192,63094,100.00
2193,57570,100.00
2194,55846,100.00
2195,49059,100.00
2196,52516,100.00
2197,46993,100.00
2198,49040,100.00
2199,60010,100.00
2200,60422,100.00
2201,39657,100.00
2202,57540,100.00
2203,43940,100.00
2204,55476,100.00
2205,35731,100.00
2206,58904,100.00
2207,58325,100.00
2208,64653,100.00
2209,41033,100.00
2210,61542,100.00
2211,34359,100.00
2212,59427,100.00
2213,42028,100.00
2214,60392,100.00
2215,61241,100.00
2216,56885,100.00
2217,42060,100.00
2218,63020,100.00
2219,32896,100.00
2220,63866,100.00
2221,39241,100.00
2222,67751,100.00
2223,65320,100.00
2224,56870,100.00
2225,53920,100.00
2226,56427,100.00
2227,52424,100.00
2228,62046,100.00
2229,49680,100.00
2230,62902,100.00
2231,60646,100.00
2232,43923,100.00
2233,60091,100.00
2234,54665,100.00
2235,61665,100.00
2236,50210,100.00
2237,59447,100.00
2238,62215,100.00
2239,62254,100.00
2240,41742,100.00
2241,58971,100.00
2242,40817,100.00
2243,55359,100.00
2244,42470,100.00
2245,64487,100.00
2246,61317,100.00
2247,59166,100.00
2248,41386,100.00
2249,59158,100.00
2250,38281,100.00
2251,56306,100.00
2252,45597,100.00
2253,63226,100.00
2254,61827,100.00
2255,55193,100.00
2256,47061,100.00
2257,56220,100.00
2258,54567,100.00
2259,55721,100.00
2260,36687,100.00
2261,65705,100.00
2262,65925,100.00
2263,54920,100.00
2264,57002,100.00
2265,54264,100.00
2266,62096,100.00
2267,29675,100.00
2268,49688,100.00
2269,60551,100.00
2270,67394,100.00
2271,42023,100.00
2272,59290,100.00
2273,58985,100.00
2274,64890,100.00
2275,41736,100.00
2276,61831,100.00
2277,63133,100.00
2278,65799,100.00
2279,42028,100.00
2280,64641,100.00
2281,37083,100.00
2282,64663,100.00
2283,40022,100.00
2284,65474,100.00
2285,58488,100.00
2286,61981,100.00
2287,39506,100.00
2288,61011,100.00
2289,40405,100.00
2290,59908,100.00
2291,41198,100.00
2292,66526,100.00
2293,59639,100.00
2294,57832,100.00
2295,38211,100.00
2296,65080,100.00
2297,45960,100.00
2298,56032,100.00
2299,33620,100.00
2300,63939,100.00
2301,64356,100.00
2302,58969,100.00
2303,45391,100.00
2304,53241,100.00
2305,51576,100.00
2306,54594,100.00
2307,55062,100.00
2308,65012,100.00
2309,63494,100.00
2310,43386,100.00
2311,59877,100.00
2312,50903,100.00
2313,63915,100.00
2314,43121,100.00
2315,61079,100.00
2316,68918,100.00
2317,49070,100.00
2318,49782,100.00
2319,65097,100.00
2320,47342,100.00
2321,63410,100.00
2322,39702,100.00
2323,62710,100.00
2324,62981,100.00
2325,58104,100.00
2326,41597,100.00
2327,63920,100.00
2328,44421,100.00
2329,57559,100.00
2330,48571,100.00
2331,66086,100.00
2332,65133,100.00
2333,55665,100.00
2334,54467,100.00
2335,55471,100.00
2336,61142,100.00
2337,56525,100.00
2338,56628,100.00
2339,64171,100.00
2340,67958,100.00
2341,40180,100.00
2342,61011,100.00
2343,48929,100.00
2344,65058,100.00
2345,39771,100.00
2346,63735,100.00
2347,59756,100.00
2348,64513,100.00
2349,41195,100.00
2350,65300,100.00
2351,38472,100.00
2352,60318,100.00
2353,47359,100.00
2354,65947,100.00
2355,65195,100.00
2356,56736,100.00
2357,45399,100.00
2358,59720,100.00
2359,43540,100.00
2360,56464,100.00
2361,37224,100.00
2362,68195,100.00
2363,62822,100.00
2364,62433,100.00
2365,49442,100.00
2366,58351,100.00
2367,49176,100.00
2368,55322,100.00
2369,48601,100.00
2370,60177,100.00
2371,63576,100.00
2372,49692,100.00
2373,60603,100.00
2374,51800,100.00
2375,60422,100.00
2376,47412,100.00
2377,61928,100.00
2378,62379,100.00
2379,60535,100.00
2380,43517,100.00
2381,62036,100.00
2382,42108,100.00
2383,60849,100.00
2384,43724,100.00
2385,67337,100.00
2386,60551,100.00
2387,58912,100.00
2388,40725,100.00
2389,59120,100.00
2390,40107,100.00
2391,62208,100.00
2392,43084,100.00
2393,64532,100.00
2394,61687,100.00
2395,52587,100.00
2396,47269,100.00
2397,57647,100.00
2398,51416,100.00
2399,55396,100.00
2400,43562,100.00
2401,64757,100.00
2402,64437,100.00
2403,55239,100.00
2404,54203,100.00
2405,46317,100.00
2406,58173,100.00
2407,43987,100.00
2408,62546,100.00
2409,58014,100.00
2410,60829,100.00
2411,44776,100.00
2412,63170,100.00
2413,29994,100.00
2414,61991,100.00
2415,40351,100.00
2416,64218,100.00
2417,54949,100.00
2418,55993,100.00
2419,37423,100.00
2420,62664,100.00
2421,34311,100.00
2422,60445,100.00
2423,40559,100.00
2424,66802,100.00
2425,60781,100.00
2426,57219,100.00
2427,53815,100.00
2428,56181,100.00
2429,53200,100.00
2430,55896,100.00
2431,47005,100.00
2432,62616,100.00
2433,75906,100.00
2434,42947,100.00
2435,56493,100.00
2436,49589,100.00
2437,59951,100.00
2438,44520,100.00
2439,59501,100.00
2440,55418,100.00
2441,64493,100.00
2442,39845,100.00
2443,60397,100.00
2444,40695,100.00
2445,60991,100.00
2446,40072,100.00
2447,65142,100.00
2448,63692,100.00
2449,55280,100.00
2450,48171,100.00
2451,57270,100.00
2452,52624,100.00
2453,53011,100.00
2454,34838,100.00
2455,59817,100.00
2456,60768,100.00
2457,55653,100.00
2458,60689,100.00
2459,47271,100.00
2460,61343,100.00
2461,36335,100.00
2462,62758,100.00
2463,59973,100.00
2464,61508,100.00
2465,40726,100.00
2466,59805,100.00
2467,45782,100.00
2468,59025,100.00
2469,31576,100.00
2470,58573,100.00
2471,54852,100.00
2472,64217,100.00
2473,39950,100.00
2474,60537,100.00
2475,37762,100.00
2476,60138,100.00
2477,41228,100.00
2478,64446,100.00
2479,58702,100.00
2480,55204,100.00
2481,42710,100.00
2482,59833,100.00
2483,39383,100.00
2484,56333,100.00
2485,37200,100.00
2486,63365,100.00
2487,65395,100.00
2488,57705,100.00
2489,46796,100.00
2490,55355,100.00
2491,54017,100.00
2492,59658,100.00
2493,47199,100.00
2494,61489,100.00
2495,60944,100.00
2496,42242,100.00
2497,53697,100.00
2498,51056,100.00
2499,57208,100.00
2500,44438,100.00
2501,52324,100.00
2502,54030,100.00
2503,57454,100.00
2504,38896,100.00
2505,56900,100.00
2506,40951,100.00
2507,57456,100.00
2508,37768,100.00
2509,60371,100.00
2510,58122,100.00
2511,43135,100.00
2512,40493,100.00
2513,60730,100.00
2514,36200,100.00
2515,60790,100.00
2516,43542,100.00
2517,64938,100.00
2518,63341,100.00
2519,55644,100.00
2520,54335,100.00
2521,53962,100.00
2522,60137,100.00
2523,54481,100.00
2524,56529,100.00
2525,60996,100.00
2526,65997,100.00
2527,37408,100.00
2528,59437,100.00
2529,49058,100.00
2530,61545,100.00
2531,36706,100.00
2532,59792,100.00
2533,57539,100.00
2534,63808,100.00
2535,42949,100.00
2536,61882,100.00
2537,34151,100.00
2538,59556,100.00
2539,40636,100.00
2540,64170,100.00
2541,57091,100.00
2542,55614,100.00
2543,43751,100.00
2544,59995,100.00
2545,50926,100.00
2546,56042,100.00
2547,39377,100.00
2548,67603,100.00
2549,59849,100.00
2550,56055,100.00
2551,55193,100.00
2552,49339,100.00
2553,53587,100.00
2554,49038,100.00
2555,55516,100.00
2556,61249,100.00
2557,61714,100.00
2558,46684,100.00
2559,59885,100.00
2560,39675,100.00
2561,60472,100.00
2562,40779,100.00
2563,62673,100.00
2564,51964,100.00
2565,63606,100.00
2566,37834,100.00
2567,60478,100.00
2568,48198,100.00
2569,57072,100.00
2570,37928,100.00
2571,68320,100.00
2572,60055,100.00
2573,56655,100.00
2574,40666,100.00
2575,55598,100.00
2576,39932,100.00
2577,58840,100.00
2578,43889,100.00
2579,63029,100.00
2580,62737,100.00
2581,55895,100.00
2582,49940,100.00
2583,60841,100.00
2584,55296,100.00
2585,54162,100.00
2586,40056,100.00
2587,62876,100.00
2588,61926,100.00
2589,43839,100.00
2590,56627,100.00
2591,46580,100.00
2592,54511,100.00
2593,45557,100.00
2594,52815,100.00
2595,61684,100.00
2596,61079,100.00
2597,38859,100.00
2598,61160,100.00
2599,34419,100.00
2600,56512,100.00
2601,34655,100.00
2602,61055,100.00
2603,53309,100.00
2604,63504,100.00
2605,40267,100.00
2606,59041,100.00
2607,39748,100.00
2608,64025,100.00
2609,32268,100.00
2610,63211,100.00
2611,64604,100.00
2612,60558,100.00
2613,53923,100.00
2614,56129,100.00
2615,53987,100.00
2616,56865,100.00
2617,51980,100.00
2618,59258,100.00
2619,61599,100.00
2620,44415,100.00
2621,53668,100.00
2622,46924,100.00
2623,56801,100.00
2624,41624,100.00
2625,57579,100.00
2626,51685,100.00
2627,63227,100.00
2628,39572,100.00
2629,59257,100.00
2630,35564,100.00
2631,61416,100.00
2632,44735,100.00
2633,63483,100.00
2634,64942,100.00
2635,53365,100.00
2636,50861,100.00
2637,54726,100.00
2638,56639,100.00
2639,51500,100.00
2640,50619,100.00
2641,60470,100.00
2642,64018,100.00
2643,39426,100.00
2644,60709,100.00
2645,43620,100.00
2646,60488,100.00
2647,34977,100.00
2648,63006,100.00
2649,56989,100.00
2650,61034,100.00
2651,38056,100.00
2652,60905,100.00
2653,38905,100.00
2654,61969,100.00
2655,40374,100.00
2656,63913,100.00
2657,62897,100.00
2658,63421,100.00
2659,47239,100.00
2660,55585,100.00
2661,60559,100.00
2662,54316,100.00
2663,52021,100.00
2664,61053,100.00
2665,64275,100.00
2666,43402,100.00
2667,61570,100.00
2668,49847,100.00
2669,57679,100.00
2670,48433,100.00
2671,56436,100.00
2672,57810,100.00
2673,63609,100.00
2674,45911,100.00
2675,61426,100.00
2676,39360,100.00
2677,53835,100.00
2678,41962,100.00
2679,58627,100.00
2680,54757,100.00
2681,64128,100.00
2682,40198,100.00
2683,62763,100.00
2684,40951,100.00
2685,60628,100.00
2686,39968,100.00
2687,63371,100.00
2688,61740,100.00
2689,56655,100.00
2690,39157,100.00
2691,61287,100.00
2692,41549,100.00
2693,55041,100.00
2694,40754,100.00
2695,62399,100.00
2696,65212,100.00
2697,57818,100.00
2698,49549,100.00
2699,51469,100.00
2700,52097,100.00
2701,51083,100.00
2702,52975,100.00
2703,61907,100.00
2704,63865,100.00
2705,37424,100.00
2706,63470,100.00
2707,36870,100.00
2708,61188,100.00
2709,36025,100.00
2710,60900,100.00
2711,59187,100.00
2712,65582,100.00
2713,39675,100.00
2714,59940,100.00
2715,37103,100.00
2716,62274,100.00
2717,43847,100.00
2718,63422,100.00
2719,64663,100.00
2720,59616,100.00
2721,48539,100.00
2722,55437,100.00
2723,48210,100.00
2724,56241,100.00
2725,38500,100.00
2726,66105,100.00
2727,61112,100.00
2728,60406,100.00
2729,54839,100.00
2730,50247,100.00
2731,54387,100.00
2732,51010,100.00
2733,59059,100.00
2734,62851,100.00
2735,63208,100.00
2736,47170,100.00
2737,59594,100.00
2738,50748,100.00
2739,80683,100.00
2740,44503,100.00
2741,64124,100.00
2742,60339,100.00
2743,61581,100.00
2744,42455,100.00
2745,60498,100.00
2746,42964,100.00
2747,59817,100.00
2748,42419,100.00
2749,64034,100.00
2750,55456,100.00
2751,63862,100.00
2752,40967,100.00
2753,60720,100.00
2754,57810,100.00
2755,44268,100.00
2756,40860,100.00
2757,63756,100.00
2758,64243,100.00
2759,53176,100.00
2760,44117,100.00
2761,64371,100.00
2762,41597,100.00
2763,63841,100.00
2764,47528,100.00
2765,63519,100.00
2766,63792,100.00
2767,52059,100.00
2768,46125,100.00
2769,56670,100.00
2770,48921,100.00
2771,52602,100.00
2772,37835,100.00
2773,63760,100.00
2774,62030,100.00
2775,53825,100.00
2776,59483,100.00
2777,45913,100.00
2778,52859,100.00
2779,41869,100.00
2780,51537,100.00
2781,59675,100.00
2782,60256,100.00
2783,38531,100.00
2784,56973,100.00
2785,45490,100.00
2786,54929,100.00
2787,34409,100.00
2788,61606,100.00
2789,50768,100.00
2790,66555,100.00
2791,38601,100.00
2792,60503,100.00
2793,38007,100.00
2794,56859,100.00
2795,40288,100.00
2796,63023,100.00
2797,65203,100.00
2798,58703,100.00
2799,48603,100.00
2800,58898,100.00
2801,52323,100.00
2802,56751,100.00
2803,43981,100.00
2804,58422,100.00
2805,65754,100.00
2806,44614,100.00
2807,57678,100.00
2808,47075,100.00
2809,54388,100.00
2810,41826,100.00
2811,54761,100.00
2812,57841,100.00
2813,62613,100.00
2814,41182,100.00
2815,57586,100.00
2816,41940,100.00
2817,58852,100.00
2818,35869,100.00
2819,59904,100.00
2820,59359,100.00
2821,54147,100.00
2822,42560,100.00
2823,62927,100.00
2824,34397,100.00
2825,63188,100.00
2826,45126,100.00
2827,59315,100.00
2828,64237,100.00
2829,54506,100.00
2830,52827,100.00
2831,53524,100.00
2832,52079,100.00
2833,57946,100.00
2834,46140,100.00
2835,57884,100.00
2836,63408,100.00
2837,34540,100.00
2838,62550,100.00
2839,43978,100.00
2840,53477,100.00
2841,34214,100.00
2842,63478,100.00
2843,55110,100.00
2844,57817,100.00
2845,41075,100.00
2846,61758,100.00
2847,30627,100.00
2848,60711,100.00
2849,42492,100.00
2850,63957,100.00
2851,60198,100.00
2852,58454,100.00
2853,40657,100.00
2854,61467,100.00
2855,44094,100.00
2856,54645,100.00
2857,32155,100.00
2858,65754,100.00
2859,65171,100.00
2860,54274,100.00
2861,60728,100.00
2862,49475,100.00
2863,58865,100.00
2864,47972,100.00
2865,55660,100.00
2866,59777,100.00
2867,57220,100.00
2868,47915,100.00
2869,52773,100.00
2870,47287,100.00
2871,53765,100.00
2872,42974,100.00
2873,54994,100.00
2874,59265,100.00
2875,60905,100.00
2876,41630,100.00
2877,56530,100.00
2878,40135,100.00
2879,61493,100.00
2880,38079,100.00
2881,59464,100.00
2882,57699,100.00
2883,55965,100.00
2884,42511,100.00
2885,58925,100.00
2886,34905,100.00
2887,58600,100.00
2888,47012,100.00
2889,63864,100.00
2890,64183,100.00
2891,52548,100.00
2892,46078,100.00
2893,55965,100.00
2894,52931,100.00
2895,54204,100.00
2896,39937,100.00
2897,59707,100.00
2898,60158,100.00
2899,52194,100.00
2900,55660,100.00
2901,47167,100.00
2902,56523,100.00
2903,45272,100.00
2904,58959,100.00
2905,35412,100.00
2906,59803,100.00
2907,38781,100.00
2908,57501,100.00
2909,35671,100.00
2910,55675,100.00
2911,40224,100.00
2912,64123,100.00
2913,56681,100.00
2914,57270,100.00
2915,34102,100.00
2916,59599,100.00
2917,38679,100.00
2918,62168,100.00
2919,39915,100.00
2920,61815,100.00
2921,60941,100.00
2922,55041,100.00
2923,47912,100.00
2924,55800,100.00
2925,45338,100.00
2926,51409,100.00
2927,45821,100.00
2928,61067,100.00
2929,62525,100.00
2930,47267,100.00
2931,55481,100.00
2932,49777,100.00
2933,56158,100.00
2934,40896,100.00
2935,55946,100.00
2936,57965,100.00
2937,61015,100.00
2938,37041,100.00
2939,58413,100.00
2940,40765,100.00
2941,58949,100.00
2942,36605,100.00
2943,57271,100.00
2944,58262,100.00
2945,53527,100.00
2946,39808,100.00
2947,58322,100.00
2948,39841,100.00
2949,55676,100.00
2950,41558,100.00
2951,64417,100.00
2952,63103,100.00
2953,53893,100.00
2954,63153,100.00
2955,27117,100.00
2956,51503,100.00
2957,47764,100.00
2958,53044,100.00
2959,59633,100.00
2960,60865,100.00
2961,37348,100.00
2962,58521,100.00
2963,47609,100.00
2964,56202,100.00
2965,36299,100.00
2966,52600,100.00
2967,52277,100.00
2968,61636,100.00
2969,38395,100.00
2970,58498,100.00
2971,32020,100.00
2972,58493,100.00
2973,37832,100.00
2974,64007,100.00
2975,55981,100.00
2976,57731,100.00
2977,39210,100.00
2978,57048,100.00
2979,33371,100.00
2980,59057,100.00
2981,39511,100.00
2982,63417,100.00
2983,62654,100.00
2984,56726,100.00
2985,45849,100.00
2986,58340,100.00
2987,42232,100.00
2988,55046,100.00
2989,36007,100.00
2990,64957,100.00
2991,63174,100.00
2992,55922,100.00
2993,49979,100.00
2994,51247,100.00
2995,54534,100.00
2996,50302,100.00
2997,48940,100.00
2998,58757,100.00
2999,59371,100.00
3000,66643,100.00
3001,53491,100.00
3002,49866,100.00
3003,53820,100.00
3004,47713,100.00
3005,50098,100.00
3006,51730,100.00
3007,60181,100.00
3008,40364,100.00
3009,59630,100.00
3010,40997,100.00
3011,58104,100.00
3012,38281,100.00
3013,63605,100.00
3014,58012,100.00
3015,55497,100.00
3016,40039,100.00
3017,59037,100.00
3018,36971,100.00
3019,55797,100.00
3020,45733,100.00
3021,63045,100.00
3022,64406,100.00
3023,53706,100.00
3024,55208,100.00
3025,56459,100.00
3026,58365,100.00
3027,53253,100.00
3028,47883,100.00
3029,62136,100.00
3030,67356,100.00
3031,37795,100.00
3032,60954,100.00
3033,48323,100.00
3034,59334,100.00
3035,34399,100.00
3036,58061,100.00
3037,57754,100.00
3038,62950,100.00
3039,41596,100.00
3040,60585,100.00
3041,35052,100.00
3042,56962,100.00
3043,39950,100.00
3044,60539,100.00
3045,59396,100.00
3046,54849,100.00
3047,40347,100.00
3048,58073,100.00
3049,38391,100.00
3050,58359,100.00
3051,37385,100.00
3052,63077,100.00
3053,62916,100.00
3054,62147,100.00
3055,45836,100.00
3056,55151,100.00
3057,50591,100.00
3058,56270,100.00
3059,50257,100.00
3060,60307,100.00
3061,65086,100.00
3062,46848,100.00
3063,59387,100.00
3064,50363,100.00
3065,58763,100.00
3066,46700,100.00
3067,60410,100.00
3068,62736,100.00
3069,63587,100.00
3070,47128,100.00
3071,61811,100.00
3072,46567,100.00
3073,59655,100.00
3074,43076,100.00
3075,58874,100.00
3076,55900,100.00
3077,60878,100.00
3078,39855,100.00
3079,59432,100.00
3080,41753,100.00
3081,59931,100.00
3082,37159,100.00
3083,57784,100.00
3084,62687,100.00
3085,56929,100.00
3086,44755,100.00
3087,62980,100.00
3088,35878,100.00
3089,56555,100.00
3090,43934,100.00
3091,62386,100.00
3092,61099,100.00
3093,55551,100.00
3094,52037,100.00
3095,57413,100.00
3096,53484,100.00
3097,54435,100.00
3098,42777,100.00
3099,57466,100.00
3100,58746,100.00
3101,37710,100.00
3102,53042,100.00
3103,41236,100.00
3104,60737,100.00
3105,30380,100.00
3106,52250,100.00
3107,48014,100.00
3108,59977,100.00
3109,39216,100.00
3110,53955,100.00
3111,29316,100.00
3112,55806,100.00
3113,39633,100.00
3114,59558,100.00
3115,51342,100.00
3116,52736,100.00
3117,32503,100.00
3118,58421,100.00
3119,39497,100.00
3120,58981,100.00
3121,36686,100.00
3122,61669,100.00
3123,60111,100.00
3124,54867,100.00
3125,51197,100.00
3126,50924,100.00
3127,52013,100.00
3128,52728,100.00
3129,47889,100.00
3130,56260,100.00
3131,60198,100.00
3132,45155,100.00
3133,55789,100.00
3134,51611,100.00
3135,56721,100.00
3136,40142,100.00
3137,60692,100.00
3138,54805,100.00
3139,60233,100.00
3140,39192,100.00
3141,58648,100.00
3142,34554,100.00
3143,61449,100.00
3144,43050,100.00
3145,57606,100.00
3146,59099,100.00
3147,58693,100.00
3148,35006,100.00
3149,58578,100.00
3150,43189,100.00
3151,49624,100.00
3152,39269,100.00
3153,60602,100.00
3154,61365,100.00
3155,54441,100.00
3156,62977,100.00
3157,28170,100.00
3158,56803,100.00
3159,49543,100.00
3160,51804,100.00
3161,63511,100.00
3162,62071,100.00
3163,38049,100.00
3164,58877,100.00
3165,47638,100.00
3166,60375,100.00
3167,41280,100.00
3168,60111,100.00
3169,59457,100.00
3170,66216,100.00
3171,43140,100.00
3172,61733,100.00
3173,49246,100.00
3174,62144,100.00
3175,38374,100.00
3176,60130,100.00
3177,51563,100.00
3178,64788,100.00
3179,38155,100.00
3180,60972,100.00
3181,35659,100.00
3182,59807,100.00
3183,43444,100.00
3184,62423,100.00
3185,57076,100.00
3186,54763,100.00
3187,43315,100.00
3188,60913,100.00
3189,41964,100.00
3190,58616,100.00
3191,35929,100.00
3192,66295,100.00
3193,61230,100.00
3194,57873,100.00
3195,51987,100.00
3196,53798,100.00
3197,55288,100.00
3198,53417,100.00
3199,50887,100.00
3200,67186,100.00
3201,64945,100.00
3202,47296,100.00
3203,58504,100.00
3204,49186,100.00
3205,57657,100.00
3206,47147,100.00
3207,56010,100.00
3208,57938,100.00
3209,63720,100.00
3210,37235,100.00
3211,61192,100.00
3212,40616,100.00
3213,57701,100.00
3214,36171,100.00
3215,59696,100.00
3216,59266,100.00
3217,61483,100.00
3218,42161,100.00
3219,60325,100.00
3220,33170,100.00
3221,58785,100.00
3222,42035,100.00
3223,63037,100.00
3224,61483,100.00
3225,53250,100.00
3226,44026,100.00
3227,53396,100.00
3228,53809,100.00
3229,55928,100.00
3230,50184,100.00
3231,63919,100.00
3232,63441,100.00
3233,38400,100.00
3234,59565,100.00
3235,45690,100.00
3236,57293,100.00
3237,34741,100.00
3238,58386,100.00
3239,52487,100.00
3240,60219,100.00
3241,39172,100.00
3242,57924,100.00
3243,35535,100.00
3244,60451,100.00
3245,40274,100.00
3246,62952,100.00
3247,60040,100.00
3248,57763,100.00
3249,40588,100.00
3250,61522,100.00
3251,41540,100.00
3252,53045,100.00
3253,32378,100.00
3254,60611,100.00
3255,60881,100.00
3256,61783,100.00
3257,52826,100.00
3258,51723,100.00
3259,54083,100.00
3260,48542,100.00
3261,60656,100.00
3262,60942,100.00
3263,64237,100.00
3264,47413,100.00
3265,57965,100.00
3266,50533,100.00
3267,59274,100.00
3268,44353,100.00
3269,58967,100.00
3270,59028,100.00
3271,64175,100.00
3272,43458,100.00
3273,57782,100.00
3274,43372,100.00
3275,59708,100.00
3276,38364,100.00
3277,62379,100.00
3278,55222,100.00
3279,56695,100.00
3280,43927,100.00
3281,59016,100.00
3282,34308,100.00
3283,58953,100.00
3284,44968,100.00
3285,62219,100.00
3286,62328,100.00
3287,55464,100.00
3288,50655,100.00
3289,57481,100.00
3290,57867,100.00
3291,52247,100.00
3292,37388,100.00
3293,57183,100.00
3294,62834,100.00
3295,52296,100.00
3296,54748,100.00
3297,55772,100.00
3298,57038,100.00
3299,47524,100.00
3300,58443,100.00
3301,57750,100.00
3302,58830,100.00
3303,39730,100.00
3304,57730,100.00
3305,36323,100.00
3306,60515,100.00
3307,35903,100.00
3308,59314,100.00
3309,50717,100.00
3310,61948,100.00
3311,36553,100.00
3312,59118,100.00
3313,39825,100.00
3314,60744,100.00
3315,40166,100.00
3316,65078,100.00
3317,56428,100.00
3318,54154,100.00
3319,44921,100.00
3320,61583,100.00
3321,44067,100.00
3322,54390,100.00
3323,36612,100.00
3324,62081,100.00
3325,61221,100.00
3326,59105,100.00
3327,59883,100.00
3328,54564,100.00
3329,58406,100.00
3330,51266,100.00
3331,51526,100.00
3332,62478,100.00
3333,61960,100.00
3334,44922,100.00
3335,57621,100.00
3336,46392,100.00
3337,59839,100.00
3338,41438,100.00
3339,60026,100.00
3340,53448,100.00
3341,63328,100.00
3342,44004,100.00
3343,58015,100.00
3344,35628,100.00
3345,60812,100.00
3346,36664,100.00
3347,62670,100.00
3348,58543,100.00
3349,56845,100.00
3350,38321,100.00
3351,60738,100.00
3352,44705,100.00
3353,51426,100.00
3354,36424,100.00
3355,63243,100.00
3356,64543,100.00
3357,37667,100.00
3358,56829,100.00
3359,50644,100.00
3360,54063,100.00
3361,52791,100.00
3362,52121,100.00
3363,55121,100.00
3364,58161,100.00
3365,38540,100.00
3366,53552,100.00
3367,43287,100.00
3368,59946,100.00
3369,42879,100.00
3370,56732,100.00
3371,59066,100.00
3372,62176,100.00
3373,43150,100.00
3374,62707,100.00
3375,31235,100.00
3376,58877,100.00
3377,36598,100.00
3378,61460,100.00
3379,53021,100.00
3380,57811,100.00
3381,37677,100.00
3382,57445,100.00
3383,37197,100.00
3384,55527,100.00
3385,41181,100.00
3386,59750,100.00
3387,59825,100.00
3388,54968,100.00
3389,43724,100.00
3390,57286,100.00
3391,42430,100.00
3392,50966,100.00
3393,34842,100.00
3394,56253,100.00
3395,56463,100.00
3396,54045,100.00
3397,54129,100.00
3398,51108,100.00
3399,55442,100.00
3400,51725,100.00
3401,46666,100.00
3402,59850,100.00
3403,58777,100.00
3404,42527,100.00
3405,55025,100.00
3406,46998,100.00
3407,52625,100.00
3408,46305,100.00
3409,51060,100.00
3410,52545,100.00
3411,59964,100.00
3412,38045,100.00
3413,58982,100.00
3414,40828,100.00
3415,57364,100.00
3416,40103,100.00
3417,59651,100.00
3418,54974,100.00
3419,50132,100.00
3420,38419,100.00
3421,57281,100.00
3422,42739,100.00
3423,54312,100.00
3424,36812,100.00
3425,62605,100.00
3426,62222,100.00
3427,53867,100.00
3428,49377,100.00
3429,49844,100.00
3430,47189,100.00
3431,48280,100.00
3432,46952,100.00
3433,53542,100.00
3434,58001,100.00
3435,34404,100.00
3436,52556,100.00
3437,43408,100.00
3438,53752,100.00
3439,34187,100.00
3440,51218,100.00
3441,51750,100.00
3442,59698,100.00
3443,40717,100.00
3444,59481,100.00
3445,31514,100.00
3446,60060,100.00
3447,39334,100.00
3448,62432,100.00
3449,56700,100.00
3450,59311,100.00
3451,37881,100.00
3452,60264,100.00
3453,37699,100.00
3454,57826,100.00
3455,37552,100.00
3456,66649,100.00
3457,58947,100.00
3458,59165,100.00
3459,49775,100.00
3460,57647,100.00
3461,51095,100.00
3462,56116,100.00
3463,43715,100.00
3464,56341,100.00
3465,60365,100.00
3466,55121,100.00
3467,53745,100.00
3468,47206,100.00
3469,51208,100.00
3470,53410,100.00
3471,47534,100.00
3472,51610,100.00
3473,59901,100.00
3474,42618,100.00
3475,56178,100.00
3476,50785,100.00
3477,54799,100.00
3478,41038,100.00
3479,51496,100.00
3480,58196,100.00
3481,59975,100.00
3482,38912,100.00
3483,59084,100.00
3484,43529,100.00
3485,58661,100.00
3486,37187,100.00
3487,61792,100.00
3488,57502,100.00
3489,52996,100.00
3490,39675,100.00
3491,58874,100.00
3492,39302,100.00
3493,59873,100.00
3494,46869,100.00
3495,62951,100.00
3496,64938,100.00
3497,54597,100.00
3498,47182,100.00
3499,51895,100.00
3500,57530,100.00
3501,51192,100.00
3502,48376,100.00
3503,54849,100.00
3504,60813,100.00
3505,34435,100.00
3506,59211,100.00
3507,45132,100.00
3508,60545,100.00
3509,33459,100.00
3510,63169,100.00
3511,29884,100.00
3512,63350,100.00
3513,40147,100.00
3514,60059,100.00
3515,35437,100.00
3516,60185,100.00
3517,39879,100.00
3518,60042,100.00
3519,55483,100.00
3520,53568,100.00
3521,47445,100.00
3522,61442,100.00
3523,39028,100.00
3524,58697,100.00
3525,34024,100.00
3526,64470,100.00
3527,64032,100.00
3528,57266,100.00
3529,52707,100.00
3530,58239,100.00
3531,52789,100.00
3532,50061,100.00
3533,53537,100.00
3534,60287,100.00
3535,61556,100.00
3536,44961,100.00
3537,57627,100.00
3538,35181,100.00
3539,56075,100.00
3540,40400,100.00
3541,58895,100.00
3542,52133,100.00
3543,61952,100.00
3544,38709,100.00
3545,58292,100.00
3546,35843,100.00
3547,64352,100.00
3548,40769,100.00
3549,61413,100.00
3550,61231,100.00
3551,52990,100.00
3552,42640,100.00
3553,59345,100.00
3554,48905,100.00
3555,57434,100.00
3556,36847,100.00
3557,59968,100.00
3558,64144,100.00
3559,53905,100.00
3560,63204,100.00
3561,27670,100.00
3562,53509,100.00
3563,52565,100.00
3564,46013,100.00
3565,57621,100.00
3566,67434,100.00
3567,37245,100.00
3568,56291,100.00
3569,55381,100.00
3570,57961,100.00
3571,43831,100.00
3572,62512,100.00
3573,60303,100.00
3574,62760,100.00
3575,46220,100.00
3576,61678,100.00
3577,35302,100.00
3578,58286,100.00
3579,39062,100.00
3580,61385,100.00
3581,55272,100.00
3582,59978,100.00
3583,38086,100.00
3584,61049,100.00
3585,39591,100.00
3586,59556,100.00
3587,41358,100.00
3588,63950,100.00
3589,62416,100.00
3590,56040,100.00
3591,40341,100.00
3592,60013,100.00
3593,42493,100.00
3594,57937,100.00
3595,37067,100.00
3596,61460,100.00
3597,61297,100.00
3598,57457,100.00
3599,53932,100.00
3600,53416,100.00
3601,56525,100.00
3602,50418,100.00
3603,51720,100.00
3604,61034,100.00
3605,63224,100.00
3606,44356,100.00
3607,59060,100.00
3608,47681,100.00
3609,60058,100.00
3610,48187,100.00
3611,58448,100.00
3612,57503,100.00
3613,60327,100.00
3614,40318,100.00
3615,60627,100.00
3616,43198,100.00
3617,60835,100.00
3618,37176,100.00
3619,63545,100.00
3620,61143,100.00
3621,53014,100.00
3622,40183,100.00
3623,59528,100.00
3624,37690,100.00
3625,59842,100.00
3626,45024,100.00
3627,62142,100.00
3628,60362,100.00
3629,50787,100.00
3630,46482,100.00
3631,50594,100.00
3632,54051,100.00
3633,53201,100.00
3634,45619,100.00
3635,55707,100.00
3636,59239,100.00
3637,37747,100.00
3638,56594,100.00
3639,47085,100.00
3640,60163,100.00
3641,32678,100.00
3642,56668,100.00
3643,52053,100.00
3644,58913,100.00
3645,42188,100.00
3646,61240,100.00
3647,35241,100.00
3648,61696,100.00
3649,43015,100.00
3650,62405,100.00
3651,58191,100.00
3652,54079,100.00
3653,39557,100.00
3654,61015,100.00
3655,39636,100.00
3656,60869,100.00
3657,39395,100.00
3658,62354,100.00
3659,59501,100.00
3660,63676,100.00
3661,54116,100.00
3662,57039,100.00
3663,57151,100.00
3664,54441,100.00
3665,44788,100.00
3666,62412,100.00
3667,60535,100.00
3668,56417,100.00
3669,54118,100.00
3670,47354,100.00
3671,54277,100.00
3672,46861,100.00
3673,51031,100.00
3674,56402,100.00
3675,59679,100.00
3676,42819,100.00
3677,54720,100.00
3678,47012,100.00
3679,56849,100.00
3680,41860,100.00
3681,60131,100.00
3682,54789,100.00
3683,64650,100.00
3684,38149,100.00
3685,56863,100.00
3686,41059,100.00
3687,60951,100.00
3688,40378,100.00
3689,61819,100.00
3690,58994,100.00
3691,53510,100.00
3692,42297,100.00
3693,60307,100.00
3694,42561,100.00
3695,56277,100.00
3696,43814,100.00
3697,64360,100.00
3698,61850,100.00
3699,52696,100.00
3700,49990,100.00
3701,53974,100.00
3702,54561,100.00
3703,49564,100.00
3704,45665,100.00
3705,56187,100.00
3706,57353,100.00
3707,40035,100.00
3708,59638,100.00
3709,33835,100.00
3710,61771,100.00
3711,35423,100.00
3712,62146,100.00
3713,54968,100.00
3714,61001,100.00
3715,38133,100.00
3716,58966,100.00
3717,37416,100.00
3718,57211,100.00
3719,40069,100.00
3720,64696,100.00
3721,60609,100.00
3722,55212,100.00
3723,45453,100.00
3724,54191,100.00
3725,41864,100.00
3726,54551,100.00
3727,33242,100.00
3728,65836,100.00
3729,60519,100.00
3730,54635,100.00
3731,52963,100.00
3732,57666,100.00
3733,58097,100.00
3734,53896,100.00
3735,52912,100.00
3736,66010,100.00
3737,64055,100.00
3738,45584,100.00
3739,60063,100.00
3740,48710,100.00
3741,59273,100.00
3742,44320,100.00
3743,55848,100.00
3744,57312,100.00
3745,60120,100.00
3746,38550,100.00
3747,59854,100.00
3748,40180,100.00
3749,57815,100.00
3750,46100,100.00
3751,64296,100.00
3752,58949,100.00
3753,63179,100.00
3754,39992,100.00
3755,59308,100.00
3756,40324,100.00
3757,58156,100.00
3758,42412,100.00
3759,64727,100.00
3760,65147,100.00
3761,43907,100.00
3762,44131,100.00
3763,61556,100.00
3764,39228,100.00
3765,60034,100.00
3766,42769,100.00
3767,61081,100.00
3768,65788,100.00
3769,54588,100.00
3770,40350,100.00
3771,61045,100.00
3772,46893,100.00
3773,56497,100.00
3774,40375,100.00
3775,62808,100.00
3776,62443,100.00
3777,56917,100.00
3778,49438,100.00
3779,51635,100.00
3780,52315,100.00
3781,52037,100.00
3782,51038,100.00
3783,58088,100.00
3784,63789,100.00
3785,32709,100.00
3786,54332,100.00
3787,47523,100.00
3788,56370,100.00
3789,38477,100.00
3790,58422,100.00
3791,56695,100.00
3792,65061,100.00
3793,42115,100.00
3794,60039,100.00
3795,29889,100.00
3796,59270,100.00
3797,41073,100.00
3798,62156,100.00
3799,52712,100.00
3800,56074,100.00
3801,37593,100.00
3802,60491,100.00
3803,38484,100.00
3804,59721,100.00
3805,36134,100.00
3806,64771,100.00
3807,59591,100.00
3808,53541,100.00
3809,51045,100.00
3810,59150,100.00
3811,52782,100.00
3812,52105,100.00
3813,54220,100.00
3814,59064,100.00
3815,59954,100.00
3816,45397,100.00
3817,58747,100.00
3818,38843,100.00
3819,56778,100.00
3820,43158,100.00
3821,55489,100.00
3822,54570,100.00
3823,56415,100.00
3824,45238,100.00
3825,61022,100.00
3826,35068,100.00
3827,54868,100.00
3828,38432,100.00
3829,64070,100.00
3830,61960,100.00
3831,53831,100.00
3832,60048,100.00
3833,48689,100.00
3834,57501,100.00
3835,47122,100.00
3836,54924,100.00
3837,60528,100.00
3838,62332,100.00
3839,38538,100.00
3840,57209,100.00
3841,32105,100.00
3842,56767,100.00
3843,38765,100.00
3844,59878,100.00
3845,53877,100.00
3846,59178,100.00
3847,38758,100.00
3848,60691,100.00
3849,41015,100.00
3850,60683,100.00
3851,38929,100.00
3852,65503,100.00
3853,62218,100.00
3854,56348,100.00
3855,48655,100.00
3856,58444,100.00
3857,52409,100.00
3858,57132,100.00
3859,33572,100.00
3860,62819,100.00
3861,58719,100.00
3862,58588,100.00
3863,57772,100.00
3864,55138,100.00
3865,61285,100.00
3866,54336,100.00
3867,54415,100.00
3868,64413,100.00
3869,61359,100.00
3870,45743,100.00
3871,55793,100.00
3872,48520,100.00
3873,55455,100.00
3874,45659,100.00
3875,56879,100.00
3876,57034,100.00
3877,59210,100.00
3878,39091,100.00
3879,56253,100.00
3880,41364,100.00
3881,56727,100.00
3882,41615,100.00
3883,62034,100.00
3884,53699,100.00
3885,56460,100.00
3886,39993,100.00
3887,58527,100.00
3888,34251,100.00
3889,59508,100.00
3890,42705,100.00
3891,57424,100.00
3892,61690,100.00
3893,50964,100.00
3894,49701,100.00
3895,52905,100.00
3896,49628,100.00
3897,52644,100.00
3898,37884,100.00
3899,63646,100.00
3900,57613,100.00
3901,49003,100.00
3902,50348,100.00
3903,42430,100.00
3904,47083,100.00
3905,46070,100.00
3906,51768,100.00
3907,61138,100.00
3908,62684,100.00
3909,38631,100.00
3910,61964,100.00
3911,38093,100.00
3912,61335,100.00
3913,33566,100.00
3914,60150,100.00
3915,52851,100.00
3916,64351,100.00
3917,41690,100.00
3918,60399,100.00
3919,39836,100.00
3920,63114,100.00
3921,42470,100.00
3922,64938,100.00
3923,59638,100.00
3924,55714,100.00
3925,42135,100.00
3926,61528,100.00
3927,44013,100.00
3928,56521,100.00
3929,33535,100.00
3930,62948,100.00
3931,59725,100.00
3932,57675,100.00
3933,56380,100.00
3934,58237,100.00
3935,55012,100.00
3936,55648,100.00
3937,50688,100.00
3938,65659,100.00
3939,62284,100.00
3940,44995,100.00
3941,58685,100.00
3942,43832,100.00
3943,56974,100.00
3944,43499,100.00
3945,58681,100.00
3946,52992,100.00
3947,62611,100.00
3948,41123,100.00
3949,58921,100.00
3950,43321,100.00
3951,58467,100.00
3952,39733,100.00
3953,67447,100.00
3954,59677,100.00
3955,50959,100.00
3956,42650,100.00
3957,57994,100.00
3958,51321,100.00
3959,56241,100.00
3960,57211,100.00
3961,53755,100.00
3962,60589,100.00
3963,55036,100.00
3964,59095,100.00
3965,58146,100.00
3966,61166,100.00
3967,54972,100.00
3968,51356,100.00
3969,60487,100.00
3970,62493,100.00
3971,40472,100.00
3972,56454,100.00
3973,44902,100.00
3974,51405,100.00
3975,45777,100.00
3976,57128,100.00
3977,57110,100.00
3978,59261,100.00
3979,40320,100.00
3980,62211,100.00
3981,31220,100.00
3982,58745,100.00
3983,32949,100.00
3984,58516,100.00
3985,56112,100.00
3986,58665,100.00
3987,38978,100.00
3988,61299,100.00
3989,39126,100.00
3990,60937,100.00
3991,41069,100.00
3992,60935,100.00
3993,57107,100.00
3994,54405,100.00
3995,38298,100.00
3996,56971,100.00
3997,41633,100.00
3998,54932,100.00
3999,35201,100.00
4000,92384,100.00
4001,61966,100.00
4002,57393,100.00
4003,52855,100.00
4004,49230,100.00
4005,53616,100.00
4006,48851,100.00
4007,53912,100.00
4008,61856,100.00
4009,60433,100.00
4010,46142,100.00
4011,60327,100.00
4012,42882,100.00
4013,57925,100.00
4014,42627,100.00
4015,57907,100.00
4016,54597,100.00
4017,58002,100.00
4018,38475,100.00
4019,58398,100.00
4020,32983,100.00
4021,59274,100.00
4022,44228,100.00
4023,64901,100.00
4024,61654,100.00
4025,53048,100.00
4026,53463,100.00
4027,54829,100.00
4028,58894,100.00
4029,52594,100.00
4030,48983,100.00
4031,58576,100.00
4032,63538,100.00
4033,37044,100.00
4034,56217,100.00
4035,44669,100.00
4036,61136,100.00
4037,34935,100.00
4038,57186,100.00
4039,57945,100.00
4040,60116,100.00
4041,39119,100.00
4042,57590,100.00
4043,33704,100.00
4044,57998,100.00
4045,41201,100.00
4046,63486,100.00
4047,58702,100.00
4048,54730,100.00
4049,38950,100.00
4050,61270,100.00
4051,46250,100.00
4052,55104,100.00
4053,34217,100.00
4054,63002,100.00
4055,61443,100.00
4056,61521,100.00
4057,58834,100.00
4058,51468,100.00
4059,61857,100.00
4060,53249,100.00
4061,59658,100.00
4062,61318,100.00
4063,61762,100.00
4064,42037,100.00
4065,65176,100.00
4066,38838,100.00
4067,58233,100.00
4068,46218,100.00
4069,60286,100.00
4070,54091,100.00
4071,61962,100.00
4072,40984,100.00
4073,63087,100.00
4074,37137,100.00
4075,63084,100.00
4076,37331,100.00
4077,63277,100.00
4078,61285,100.00
4079,53831,100.00
4080,42516,100.00
4081,60781,100.00
4082,35751,100.00
4083,60038,100.00
4084,46031,100.00
4085,67305,100.00
4086,64340,100.00
4087,54664,100.00
4088,53821,100.00
4089,55772,100.00
4090,52302,100.00
4091,55746,100.00
4092,45265,100.00
4093,62796,100.00
4094,62311,100.00
4095,41268,100.00
4096,58583,100.00
4097,48002,100.00
4098,60749,100.00
4099,43560,100.00
4100,58271,100.00
4101,57428,100.00
4102,60406,100.00
4103,42468,100.00
4104,59684,100.00
4105,31650,100.00
4106,57352,100.00
4107,39550,100.00
4108,64814,100.00
4109,56096,100.00
4110,61015,100.00
4111,26431,100.00
4112,64001,100.00
4113,40579,100.00
4114,62737,100.00
4115,39707,100.00
4116,66073,100.00
4117,63832,100.00
4118,58722,100.00
4119,53553,100.00
4120,55975,100.00
4121,55721,100.00
4122,54870,100.00
4123,54103,100.00
4124,57570,100.00
4125,62963,100.00
4126,44311,100.00
4127,58782,100.00
4128,36413,100.00
4129,52034,100.00
4130,40218,100.00
4131,57774,100.00
4132,53499,100.00
4133,61024,100.00
4134,38605,100.00
4135,61341,100.00
4136,42224,100.00
4137,58719,100.00
4138,40133,100.00
4139,62166,100.00
4140,59513,100.00
4141,53264,100.00
4142,40172,100.00
4143,59080,100.00
4144,39502,100.00
4145,54279,100.00
4146,37366,100.00
4147,63910,100.00
4148,63870,100.00
4149,53660,100.00
4150,57524,100.00
4151,46694,100.00
4152,59073,100.00
4153,45378,100.00
4154,54858,100.00
4155,59821,100.00
4156,60605,100.00
4157,37955,100.00
4158,59607,100.00
4159,43233,100.00
4160,60606,100.00
4161,33417,100.00
4162,61194,100.00
4163,55094,100.00
4164,62847,100.00
4165,41541,100.00
4166,60350,100.00
4167,33294,100.00
4168,62902,100.00
4169,40582,100.00
4170,61953,100.00
4171,55450,100.00
4172,59987,100.00
4173,34269,100.00
4174,59073,100.00
4175,38006,100.00
4176,56887,100.00
4177,41113,100.00
4178,62012,100.00
4179,56447,100.00
4180,51790,100.00
4181,45093,100.00
4182,58556,100.00
4183,46546,100.00
4184,55095,100.00
4185,38475,100.00
4186,62062,100.00
4187,63638,100.00
4188,56941,100.00
4189,52933,100.00
4190,49202,100.00
4191,52671,100.00
4192,47509,100.00
4193,48647,100.00
4194,56113,100.00
4195,55416,100.00
4196,45923,100.00
4197,55189,100.00
4198,43184,100.00
4199,53006,100.00
4200,41993,100.00
4201,57622,100.00
4202,54029,100.00
4203,60443,100.00
4204,37885,100.00
4205,57022,100.00
4206,36173,100.00
4207,60270,100.00
4208,40043,100.00
4209,57654,100.00
4210,62188,100.00
4211,54169,100.00
4212,57781,100.00
4213,38921,100.00
4214,46965,100.00
4215,56816,100.00
4216,38950,100.00
4217,62681,100.00
4218,62420,100.00
4219,55327,100.00
4220,48564,100.00
4221,50508,100.00
4222,54241,100.00
4223,50346,100.00
4224,51504,100.00
4225,56830,100.00
4226,63496,100.00
4227,37096,100.00
4228,63415,100.00
4229,50231,100.00
4230,60900,100.00
4231,37232,100.00
4232,61022,100.00
4233,55164,100.00
4234,63305,100.00
4235,41334,100.00
4236,58811,100.00
4237,33117,100.00
4238,63683,100.00
4239,41201,100.00
4240,62044,100.00
4241,54319,100.00
4242,57480,100.00
4243,35915,100.00
4244,59925,100.00
4245,38818,100.00
4246,60205,100.00
4247,39336,100.00
4248,66092,100.00
4249,63623,100.00
4250,56635,100.00
4251,44784,100.00
4252,59463,100.00
4253,49605,100.00
4254,55174,100.00
4255,36860,100.00
4256,62690,100.00
4257,59073,100.00
4258,57844,100.00
4259,58622,100.00
4260,50139,100.00
4261,65142,100.00
4262,57751,100.00
4263,59568,100.00
4264,64757,100.00
4265,60189,100.00
4266,47370,100.00
4267,64105,100.00
4268,52314,100.00
4269,58259,100.00
4270,44001,100.00
4271,60366,100.00
4272,55452,100.00
4273,62686,100.00
4274,41591,100.00
4275,60273,100.00
4276,42496,100.00
4277,59410,100.00
4278,42223,100.00
4279,62182,100.00
4280,56089,100.00
4281,58074,100.00
4282,42065,100.00
4283,60594,100.00
4284,35628,100.00
4285,58224,100.00
4286,43406,100.00
4287,61708,100.00
4288,65213,100.00
4289,55457,100.00
4290,47793,100.00
4291,58778,100.00
4292,53573,100.00
4293,54120,100.00
4294,38075,100.00
4295,63792,100.00
4296,63826,100.00
4297,56536,100.00
4298,62534,100.00
4299,52402,100.00
4300,61257,100.00
4301,48949,100.00
4302,61878,100.00
4303,62198,100.00
4304,62446,100.00
4305,40362,100.00
4306,60508,100.00
4307,34931,100.00
4308,62411,100.00
4309,37817,100.00
4310,64216,100.00
4311,45433,100.00
4312,62623,100.00
4313,42206,100.00
4314,60262,100.00
4315,40347,100.00
4316,60707,100.00
4317,42241,100.00
4318,63144,100.00
4319,61019,100.00
4320,53499,100.00
4321,49347,100.00
4322,55867,100.00
4323,44132,100.00
4324,57765,100.00
4325,39011,100.00
4326,64218,100.00
4327,58173,100.00
4328,56293,100.00
4329,57765,100.00
4330,47500,100.00
4331,54314,100.00
4332,48151,100.00
4333,53049,100.00
4334,62004,100.00
4335,60838,100.00
4336,46378,100.00
4337,54444,100.00
4338,46747,100.00
4339,57577,100.00
4340,40143,100.00
4341,62088,100.00
4342,53986,100.00
4343,61303,100.00
4344,39780,100.00
4345,59538,100.00
4346,41473,100.00
4347,64112,100.00
4348,38562,100.00
4349,63811,100.00
4350,60060,100.00
4351,54300,100.00
4352,46563,100.00
4353,56279,100.00
4354,45951,100.00
4355,52962,100.00
4356,37453,100.00
4357,58868,100.00
4358,60281,100.00
4359,55567,100.00
4360,63149,100.00
4361,31779,100.00
4362,56405,100.00
4363,44328,100.00
4364,55059,100.00
4365,66706,100.00
4366,64685,100.00
4367,37226,100.00
4368,63758,100.00
4369,53567,100.00
4370,61142,100.00
4371,36465,100.00
4372,61514,100.00
4373,58355,100.00
4374,65215,100.00
4375,40543,100.00
4376,60647,100.00
4377,33812,100.00
4378,59685,100.00
4379,39872,100.00
4380,61370,100.00
4381,55504,100.00
4382,58911,100.00
4383,40044,100.00
4384,59628,100.00
4385,41225,100.00
4386,59909,100.00
4387,36321,100.00
4388,64392,100.00
4389,62291,100.00
4390,56995,100.00
4391,47606,100.00
4392,55533,100.00
4393,47402,100.00
4394,52738,100.00
4395,40099,100.00
4396,60410,100.00
4397,58196,100.00
4398,44141,100.00
4399,52065,100.00
4400,47516,100.00
4401,54570,100.00
4402,43959,100.00
4403,43663,100.00
4404,54573,100.00
4405,56586,100.00
4406,40589,100.00
4407,54852,100.00
4408,38490,100.00
4409,52293,100.00
4410,43386,100.00
4411,56821,100.00
4412,54082,100.00
4413,57138,100.00
4414,42530,100.00
4415,61292,100.00
4416,35589,100.00
4417,60146,100.00
4418,40221,100.00
4419,63553,100.00
4420,63024,100.00
4421,53177,100.00
4422,48012,100.00
4423,55333,100.00
4424,56216,100.00
4425,53969,100.00
4426,42672,100.00
4427,60002,100.00
4428,63286,100.00
4429,41630,100.00
4430,59984,100.00
4431,48196,100.00
4432,57302,100.00
4433,44418,100.00
4434,53733,100.00
4435,54541,100.00
4436,63607,100.00
4437,42086,100.00
4438,62274,100.00
4439,34198,100.00
4440,56440,100.00
4441,36639,100.00
4442,64245,100.00
4443,53946,100.00
4444,60741,100.00
4445,40010,100.00
4446,56946,100.00
4447,39538,100.00
4448,60541,100.00
4449,38541,100.00
4450,66092,100.00
4451,61245,100.00
4452,55976,100.00
4453,45422,100.00
4454,52527,100.00
4455,50553,100.00
4456,53393,100.00
4457,50598,100.00
4458,61441,100.00
4459,60530,100.00
4460,47093,100.00
4461,57637,100.00
4462,50298,100.00
4463,57064,100.00
4464,41667,100.00
4465,57797,100.00
4466,59335,100.00
4467,63949,100.00
4468,42979,100.00
4469,57827,100.00
4470,40008,100.00
4471,60996,100.00
4472,43861,100.00
4473,66609,100.00
4474,57501,100.00
4475,60342,100.00
4476,40748,100.00
4477,62448,100.00
4478,37063,100.00
4479,61097,100.00
4480,43916,100.00
4481,64700,100.00
4482,63069,100.00
4483,54539,100.00
4484,46279,100.00
4485,54781,100.00
4486,49623,100.00
4487,55715,100.00
4488,42200,100.00
4489,63037,100.00
4490,61243,100.00
4491,53640,100.00
4492,59960,100.00
4493,48196,100.00
4494,55528,100.00
4495,49118,100.00
4496,55573,100.00
4497,59522,100.00
4498,62233,100.00
4499,40108,100.00
4500,59181,100.00
4501,32354,100.00
4502,57526,100.00
4503,36651,100.00
4504,56404,100.00
4505,51483,100.00
4506,59363,100.00
4507,35925,100.00
4508,59466,100.00
4509,36335,100.00
4510,62917,100.00
4511,29830,100.00
4512,62897,100.00
4513,62324,100.00
4514,58501,100.00
4515,46027,100.00
4516,55257,100.00
4517,51362,100.00
4518,54338,100.00
4519,46455,100.00
4520,60710,100.00
4521,62989,100.00
4522,44456,100.00
4523,57735,100.00
4524,49286,100.00
4525,58623,100.00
4526,43442,100.00
4527,58674,100.00
4528,57595,100.00
4529,59298,100.00
4530,39835,100.00
4531,61011,100.00
4532,42161,100.00
4533,59939,100.00
4534,41720,100.00
4535,62310,100.00
4536,59661,100.00
4537,58900,100.00
4538,45745,100.00
4539,58927,100.00
4540,34519,100.00
4541,60143,100.00
4542,44410,100.00
4543,67140,100.00
4544,61635,100.00
4545,56949,100.00
4546,52441,100.00
4547,56712,100.00
4548,58091,100.00
4549,50779,100.00
4550,50101,100.00
4551,59187,100.00
4552,63302,100.00
4553,38474,100.00
4554,56132,100.00
4555,45644,100.00
4556,56588,100.00
4557,32183,100.00
4558,60730,100.00
4559,55572,100.00
4560,63632,100.00
4561,34691,100.00
4562,63351,100.00
4563,31655,100.00
4564,62066,100.00
4565,40188,100.00
4566,61034,100.00
4567,53652,100.00
4568,65667,100.00
4569,37424,100.00
4570,58921,100.00
4571,44119,100.00
4572,58735,100.00
4573,41063,100.00
4574,64825,100.00
4575,61342,100.00
4576,57789,100.00
4577,51347,100.00
4578,58521,100.00
4579,44304,100.00
4580,56011,100.00
4581,34322,100.00
4582,63244,100.00
4583,64362,100.00
4584,57130,100.00
4585,51782,100.00
4586,49330,100.00
4587,56501,100.00
4588,53218,100.00
4589,60920,100.00
4590,60510,100.00
4591,58388,100.00
4592,44100,100.00
4593,58277,100.00
4594,49016,100.00
4595,52970,100.00
4596,41888,100.00
4597,60727,100.00
4598,53747,100.00
4599,62156,100.00
4600,40402,100.00
4601,60597,100.00
4602,37346,100.00
4603,58217,100.00
4604,41136,100.00
4605,64204,100.00
4606,61881,100.00
4607,54358,100.00
4608,46864,100.00
4609,52906,100.00
4610,59136,100.00
4611,28292,100.00
4612,28941,100.00
4613,63644,100.00
4614,62915,100.00
4615,53227,100.00
4616,58626,100.00
4617,57623,100.00
4618,61333,100.00
4619,51398,100.00
4620,60170,100.00
4621,61082,100.00
4622,63121,100.00
4623,37574,100.00
4624,62921,100.00
4625,45740,100.00
4626,60187,100.00
4627,32813,100.00
4628,61920,100.00
4629,55043,100.00
4630,64841,100.00
4631,42051,100.00
4632,62701,100.00
4633,35046,100.00
4634,62024,100.00
4635,41670,100.00
4636,63115,100.00
4637,55624,100.00
4638,54259,100.00
4639,40250,100.00
4640,62347,100.00
4641,41036,100.00
4642,58296,100.00
4643,33641,100.00
4644,66310,100.00
4645,61163,100.00
4646,54542,100.00
4647,53749,100.00
4648,51425,100.00
4649,56900,100.00
4650,50181,100.00
4651,56044,100.00
4652,60580,100.00
4653,63951,100.00
4654,44923,100.00
4655,62188,100.00
4656,41460,100.00
4657,59965,100.00
4658,42349,100.00
4659,66798,100.00
4660,65492,100.00
4661,44044,100.00
4662,44456,100.00
4663,61024,100.00
4664,37580,100.00
4665,61726,100.00
4666,40091,100.00
4667,77248,100.00
4668,59036,100.00
4669,54857,100.00
4670,43475,100.00
4671,65221,100.00
4672,40524,100.00
4673,58657,100.00
4674,62426,100.00
4675,61742,100.00
4676,61044,100.00
4677,54456,100.00
4678,44219,100.00
4679,51272,100.00
4680,55058,100.00
4681,50408,100.00
4682,42846,100.00
4683,58091,100.00
4684,59010,100.00
4685,36546,100.00
4686,55915,100.00
4687,47204,100.00
4688,57541,100.00
4689,43274,100.00
4690,56490,100.00
4691,57730,100.00
4692,61341,100.00
4693,41603,100.00
4694,57765,100.00
4695,31666,100.00
4696,55901,100.00
4697,36125,100.00
4698,56391,100.00
4699,54599,100.00
4700,58892,100.00
4701,39961,100.00
4702,58790,100.00
4703,35492,100.00
4704,53890,100.00
4705,39640,100.00
4706,61527,100.00
4707,59481,100.00
4708,52678,100.00
4709,48203,100.00
4710,58435,100.00
4711,39778,100.00
4712,53156,100.00
4713,35895,100.00
4714,65281,100.00
4715,64774,100.00
4716,59123,100.00
4717,56572,100.00
4718,49136,100.00
4719,52517,100.00
4720,45476,100.00
4721,51622,100.00
4722,57917,100.00
4723,55147,100.00
4724,40654,100.00
4725,57614,100.00
4726,35289,100.00
4727,54750,100.00
4728,39626,100.00
4729,54578,100.00
4730,50893,100.00
4731,62774,100.00
4732,41312,100.00
4733,59875,100.00
4734,41249,100.00
4735,59363,100.00
4736,39838,100.00
4737,64128,100.00
4738,58858,100.00
4739,52830,100.00
4740,41832,100.00
4741,56318,100.00
4742,34378,100.00
4743,56081,100.00
4744,43593,100.00
4745,62381,100.00
4746,58418,100.00
4747,52073,100.00
4748,40283,100.00
4749,61407,100.00
4750,53136,100.00
4751,57742,100.00
4752,43596,100.00
4753,61304,100.00
4754,60123,100.00
4755,57893,100.00
4756,48716,100.00
4757,53050,100.00
4758,49706,100.00
4759,50726,100.00
4760,58475,100.00
4761,48273,100.00
4762,63299,100.00
4763,37810,100.00
4764,56624,100.00
4765,46473,100.00
4766,57014,100.00
4767,47433,100.00
4768,57833,100.00
4769,60073,100.00
4770,62170,100.00
4771,37454,100.00
4772,57330,100.00
4773,46568,100.00
4774,56927,100.00
4775,32373,100.00
4776,59140,100.00
4777,58905,100.00
4778,65009,100.00
4779,42888,100.00
4780,60667,100.00
4781,36574,100.00
4782,60360,100.00
4783,42444,100.00
4784,62704,100.00
4785,58841,100.00
4786,57177,100.00
4787,40054,100.00
4788,65761,100.00
4789,39859,100.00
4790,60492,100.00
4791,41323,100.00
4792,65612,100.00
4793,63851,100.00
4794,54586,100.00
4795,44300,100.00
4796,56730,100.00
4797,54543,100.00
4798,56903,100.00
4799,45332,100.00
4800,58867,100.00
4801,61058,100.00
4802,43608,100.00
4803,57176,100.00
4804,50897,100.00
4805,56578,100.00
4806,39807,100.00
4807,53581,100.00
4808,58348,100.00
4809,57763,100.00
4810,44984,100.00
4811,55111,100.00
4812,42612,100.00
4813,56240,100.00
4814,40397,100.00
4815,60390,100.00
4816,54770,100.00
4817,53198,100.00
4818,38458,100.00
4819,54601,100.00
4820,33425,100.00
4821,57918,100.00
4822,42325,100.00
4823,65514,100.00
4824,62894,100.00
4825,54008,100.00
4826,45512,100.00
4827,54956,100.00
4828,53572,100.00
4829,50303,100.00
4830,49476,100.00
4831,59735,100.00
4832,61337,100.00
4833,38070,100.00
4834,57544,100.00
4835,45026,100.00
4836,59664,100.00
4837,34695,100.00
4838,57390,100.00
4839,55815,100.00
4840,63831,100.00
4841,38879,100.00
4842,57037,100.00
4843,34396,100.00
4844,57601,100.00
4845,42137,100.00
4846,61275,100.00
4847,57145,100.00
4848,56361,100.00
4849,43815,100.00
4850,60809,100.00
4851,43669,100.00
4852,54832,100.00
4853,39023,100.00
4854,65198,100.00
4855,63406,100.00
4856,40965,100.00
4857,58462,100.00
4858,53134,100.00
4859,60789,100.00
4860,52580,100.00
4861,52825,100.00
4862,62875,100.00
4863,65005,100.00
4864,48090,100.00
4865,62061,100.00
4866,47332,100.00
4867,61578,100.00
4868,46041,100.00
4869,59882,100.00
4870,59313,100.00
4871,64826,100.00
4872,43748,100.00
4873,60626,100.00
4874,39102,100.00
4875,59769,100.00
4876,36453,100.00
4877,60465,100.00
4878,57153,100.00
4879,55036,100.00
4880,43832,100.00
4881,60166,100.00
4882,32314,100.00
4883,59031,100.00
4884,43532,100.00
4885,62234,100.00
4886,61304,100.00
4887,56814,100.00
4888,49399,100.00
4889,56019,100.00
4890,55363,100.00
4891,53472,100.00
4892,42279,100.00
4893,60737,100.00
4894,62593,100.00
4895,42284,100.00
4896,56368,100.00
4897,44053,100.00
4898,58942,100.00
4899,44128,100.00
4900,55321,100.00
4901,58866,100.00
4902,60317,100.00
4903,39883,100.00
4904,56549,100.00
4905,30359,100.00
4906,58082,100.00
4907,37610,100.00
4908,61098,100.00
4909,53895,100.00
4910,59598,100.00
4911,33549,100.00
4912,58326,100.00
4913,38089,100.00
4914,58877,100.00
4915,40536,100.00
4916,63819,100.00
4917,59168,100.00
4918,54463,100.00
4919,47386,100.00
4920,56344,100.00
4921,44273,100.00
4922,53287,100.00
4923,36973,100.00
4924,64782,100.00
4925,60023,100.00
4926,55542,100.00
4927,53196,100.00
4928,48587,100.00
4929,49986,100.00
4930,48536,100.00
4931,46412,100.00
4932,57768,100.00
4933,59037,100.00
4934,39749,100.00
4935,57973,100.00
4936,42891,100.00
4937,58255,100.00
4938,42395,100.00
4939,60828,100.00
4940,54694,100.00
4941,54735,100.00
4942,38626,100.00
4943,57580,100.00
4944,35481,100.00
4945,56761,100.00
4946,40864,100.00
4947,57681,100.00
4948,59989,100.00
4949,57100,100.00
4950,50325,100.00
4951,51714,100.00
4952,52191,100.00
4953,54171,100.00
4954,44029,100.00
4955,58641,100.00
4956,61536,100.00
4957,37936,100.00
4958,55621,100.00
4959,49254,100.00
4960,62043,100.00
4961,32715,100.00
4962,58528,100.00
4963,59364,100.00
4964,61780,100.00
4965,43406,100.00
4966,61059,100.00
4967,33667,100.00
4968,61067,100.00
4969,32668,100.00
4970,61309,100.00
4971,51656,100.00
4972,62326,100.00
4973,42512,100.00
4974,65601,100.00
4975,35429,100.00
4976,59760,100.00
4977,40948,100.00
4978,64154,100.00
4979,56509,100.00
4980,57689,100.00
4981,38265,100.00
4982,61052,100.00
4983,39772,100.00
4984,59046,100.00
4985,36291,100.00
4986,61735,100.00
4987,58225,100.00
4988,58385,100.00
4989,50278,100.00
4990,56008,100.00
4991,54070,100.00
4992,57913,100.00
4993,43869,100.00
4994,63014,100.00
4995,63873,100.00
4996,42882,100.00
4997,57540,100.00
4998,50928,100.00
4999,58628,100.00
5000,62758,100.00
5001,60082,100.00
5002,56327,100.00
5003,60991,100.00
5004,41998,100.00
5005,54440,100.00
5006,40573,100.00
5007,58925,100.00
5008,40115,100.00
5009,59527,100.00
5010,60606,100.00
5011,40064,100.00
5012,41192,100.00
5013,58832,100.00
5014,39239,100.00
5015,56034,100.00
5016,39767,100.00
5017,62531,100.00
5018,63085,100.00
5019,52124,100.00
5020,50421,100.00
5021,48930,100.00
5022,51761,100.00
5023,48454,100.00
5024,55365,100.00
5025,57460,100.00
5026,64355,100.00
5027,36593,100.00
5028,57663,100.00
5029,43785,100.00
5030,57617,100.00
5031,33477,100.00
5032,62568,100.00
5033,53476,100.00
5034,61470,100.00
5035,41689,100.00
5036,62206,100.00
5037,35761,100.00
5038,60034,100.00
5039,39392,100.00
5040,63784,100.00
5041,54605,100.00
5042,50895,100.00
5043,45617,100.00
5044,50649,100.00
5045,46421,100.00
5046,53907,100.00
5047,40297,100.00
5048,60067,100.00
5049,58918,100.00
5050,44228,100.00
5051,52101,100.00
5052,47860,100.00
5053,53152,100.00
5054,47734,100.00
5055,55972,100.00
5056,59319,100.00
5057,57981,100.00
5058,39392,100.00
5059,56603,100.00
5060,41415,100.00
5061,59992,100.00
5062,44775,100.00
5063,61223,100.00
5064,55446,100.00
5065,61283,100.00
5066,41046,100.00
5067,59193,100.00
5068,45184,100.00
5069,59017,100.00
5070,40613,100.00
5071,64402,100.00
5072,57013,100.00
5073,59694,100.00
5074,46877,100.00
5075,65510,100.00
5076,43421,100.00
5077,59184,100.00
5078,44934,100.00
5079,61990,100.00
5080,60799,100.00
5081,54233,100.00
5082,48090,100.00
5083,56739,100.00
5084,59484,100.00
5085,55207,100.00
5086,49713,100.00
5087,63799,100.00
5088,64609,100.00
5089,36946,100.00
5090,59373,100.00
5091,45413,100.00
5092,59559,100.00
5093,43245,100.00
5094,58929,100.00
5095,56670,100.00
5096,62996,100.00
5097,41831,100.00
5098,59980,100.00
5099,33903,100.00
5100,57993,100.00
5101,36518,100.00
5102,61357,100.00
5103,51490,100.00
5104,56698,100.00
5105,35807,100.00
5106,54236,100.00
5107,36498,100.00
5108,59445,100.00
5109,36063,100.00
5110,62126,100.00
5111,57534,100.00
5112,62763,100.00
5113,43898,100.00
5114,57015,100.00
5115,49659,100.00
5116,53265,100.00
5117,45889,100.00
5118,61705,100.00
5119,59386,100.00
5120,42239,100.00
5121,59792,100.00
5122,49474,100.00
5123,58373,100.00
5124,41162,100.00
5125,48775,100.00
5126,58002,100.00
5127,58823,100.00
5128,37831,100.00
5129,56421,100.00
5130,36685,100.00
5131,56241,100.00
5132,36813,100.00
5133,60400,100.00
5134,56307,100.00
5135,55935,100.00
5136,43101,100.00
5137,58513,100.00
5138,39016,100.00
5139,58659,100.00
5140,39857,100.00
5141,64570,100.00
5142,60815,100.00
5143,51942,100.00
5144,44834,100.00
5145,51489,100.00
5146,49911,100.00
5147,46301,100.00
5148,49750,100.00
5149,57181,100.00
5150,60104,100.00
5151,37706,100.00
5152,59823,100.00
5153,35696,100.00
5154,59885,100.00
5155,38722,100.00
5156,55747,100.00
5157,52517,100.00
5158,57574,100.00
5159,34291,100.00
5160,59345,100.00
5161,40436,100.00
5162,57973,100.00
5163,38051,100.00
5164,64571,100.00
5165,55912,100.00
5166,57095,100.00
5167,37649,100.00
5168,62909,100.00
5169,47098,100.00
5170,52978,100.00
5171,34151,100.00
5172,59233,100.00
5173,58389,100.00
5174,56178,100.00
5175,52403,100.00
5176,57126,100.00
5177,50198,100.00
5178,49557,100.00
5179,49001,100.00
5180,52839,100.00
5181,60187,100.00
5182,45274,100.00
5183,58650,100.00
5184,49387,100.00
5185,58240,100.00
5186,43737,100.00
5187,52685,100.00
5188,55594,100.00
5189,60608,100.00
5190,40171,100.00
5191,58087,100.00
5192,42862,100.00
5193,59842,100.00
5194,40127,100.00
5195,61696,100.00
5196,54841,100.00
5197,56001,100.00
5198,41411,100.00
5199,61895,100.00
5200,33910,100.00
5201,59127,100.00
5202,46030,100.00
5203,61501,100.00
5204,57342,100.00
5205,54793,100.00
5206,48871,100.00
5207,55518,100.00
5208,54667,100.00
5209,54247,100.00
5210,47031,100.00
5211,55506,100.00
5212,63044,100.00
5213,40021,100.00
5214,66768,100.00
5215,35003,100.00
5216,54492,100.00
5217,36639,100.00
5218,51488,100.00
5219,55136,100.00
5220,64213,100.00
5221,42390,100.00
5222,61864,100.00
5223,30548,100.00
5224,63763,100.00
5225,41495,100.00
5226,60743,100.00
5227,55743,100.00
5228,52451,100.00
5229,35684,100.00
5230,58806,100.00
5231,38273,100.00
5232,57797,100.00
5233,38910,100.00
5234,64609,100.00
5235,58455,100.00
5236,56202,100.00
5237,48008,100.00
5238,51544,100.00
5239,48650,100.00
5240,53513,100.00
5241,45039,100.00
5242,58275,100.00
5243,56911,100.00
5244,43335,100.00
5245,53980,100.00
5246,49188,100.00
5247,56229,100.00
5248,43515,100.00
5249,57398,100.00
5250,57236,100.00
5251,63826,100.00
5252,40362,100.00
5253,60027,100.00
5254,41395,100.00
5255,61075,100.00
5256,40184,100.00
5257,59846,100.00
5258,57451,100.00
5259,50066,100.00
5260,40225,100.00
5261,65135,100.00
5262,41139,100.00
5263,60021,100.00
5264,57476,100.00
5265,53009,100.00
5266,57791,100.00
5267,53205,100.00
5268,43463,100.00
5269,58205,100.00
5270,43808,100.00
5271,57968,100.00
5272,39845,100.00
5273,63162,100.00
5274,66710,100.00
5275,52184,100.00
5276,49079,100.00
5277,56621,100.00
5278,59235,100.00
5279,51505,100.00
5280,45780,100.00
5281,52861,100.00
5282,59414,100.00
5283,34094,100.00
5284,55851,100.00
5285,48257,100.00
5286,59010,100.00
5287,36631,100.00
5288,53156,100.00
5289,54596,100.00
5290,62525,100.00
5291,43525,100.00
5292,60705,100.00
5293,32307,100.00
5294,63518,100.00
5295,40645,100.00
5296,62980,100.00
5297,55702,100.00
5298,56341,100.00
5299,37188,100.00
5300,64037,100.00
5301,38271,100.00
5302,61591,100.00
5303,39770,100.00
5304,65268,100.00
5305,67061,100.00
5306,55599,100.00
5307,50151,100.00
5308,56392,100.00
5309,44739,100.00
5310,52232,100.00
5311,35467,100.00
5312,61272,100.00
5313,55482,100.00
5314,58866,100.00
5315,56974,100.00
5316,52304,100.00
5317,57826,100.00
5318,48050,100.00
5319,55376,100.00
5320,59363,100.00
5321,61796,100.00
5322,43627,100.00
5323,58932,100.00
5324,35789,100.00
5325,54076,100.00
5326,42580,100.00
5327,61095,100.00
5328,53892,100.00
5329,61320,100.00
5330,40038,100.00
5331,58632,100.00
5332,41785,100.00
5333,61142,100.00
5334,40377,100.00
5335,59691,100.00
5336,60638,100.00
5337,52682,100.00
5338,43053,100.00
5339,58450,100.00
5340,50019,100.00
5341,56663,100.00
5342,39060,100.00
5343,58585,100.00
5344,58626,100.00
5345,55129,100.00
5346,52447,100.00
5347,46919,100.00
5348,51218,100.00
5349,50490,100.00
5350,59246,100.00
5351,65807,100.00
5352,63156,100.00
5353,38147,100.00
5354,55844,100.00
5355,48452,100.00
5356,61657,100.00
5357,35863,100.00
5358,62329,100.00
5359,55526,100.00
5360,63033,100.00
5361,40940,100.00
5362,62403,100.00
5363,33518,100.00
5364,59901,100.00
5365,31307,100.00
5366,63600,100.00
5367,55912,100.00
5368,60470,100.00
5369,43253,100.00
5370,60688,100.00
5371,40516,100.00
5372,59856,100.00
5373,43608,100.00
5374,61065,100.00
5375,58557,100.00
5376,54533,100.00
5377,43518,100.00
5378,60227,100.00
5379,39782,100.00
5380,63153,100.00
5381,35977,100.00
5382,70516,100.00
5383,63605,100.00
5384,57587,100.00
5385,52224,100.00
5386,55765,100.00
5387,50677,100.00
5388,58923,100.00
5389,44917,100.00
5390,64612,100.00
5391,63253,100.00
5392,42874,100.00
5393,59199,100.00
5394,52351,100.00
5395,60206,100.00
5396,50962,100.00
5397,58857,100.00
5398,60543,100.00
5399,61462,100.00
5400,47070,100.00
5401,60532,100.00
5402,41166,100.00
5403,59778,100.00
5404,42385,100.00
5405,60123,100.00
5406,54855,100.00
5407,59990,100.00
5408,42614,100.00
5409,60257,100.00
5410,36587,100.00
5411,62773,100.00
5412,57848,100.00
5413,50395,100.00
5414,55077,100.00
5415,52445,100.00
5416,51270,100.00
5417,57390,100.00
5418,48419,100.00
5419,50471,100.00
5420,37715,100.00
5421,60423,100.00
5422,57520,100.00
5423,54093,100.00
5424,56072,100.00
5425,49944,100.00
5426,54545,100.00
5427,46460,100.00
5428,54733,100.00
5429,59641,100.00
5430,61606,100.00
5431,37337,100.00
5432,61465,100.00
5433,43848,100.00
5434,56084,100.00
5435,32357,100.00
5436,56056,100.00
5437,53738,100.00
5438,61245,100.00
5439,37005,100.00
5440,60118,100.00
5441,36598,100.00
5442,58956,100.00
5443,40679,100.00
5444,62817,100.00
5445,57091,100.00
5446,53839,100.00
5447,41622,100.00
5448,64132,100.00
5449,42190,100.00
5450,58699,100.00
5451,35278,100.00
5452,64623,100.00
5453,61838,100.00
5454,56053,100.00
5455,51607,100.00
5456,55393,100.00
5457,48189,100.00
5458,54213,100.00
5459,54641,100.00
5460,56774,100.00
5461,63569,100.00
5462,48755,100.00
5463,56898,100.00
5464,49832,100.00
5465,56955,100.00
5466,46331,100.00
5467,71418,100.00
5468,60694,100.00
5469,69669,100.00
5470,50099,100.00
5471,67317,100.00
5472,52547,100.00
5473,59777,100.00
5474,49813,100.00
5475,52141,100.00
5476,56953,100.00
5477,61110,100.00
5478,42541,100.00
5479,58197,100.00
5480,40830,100.00
5481,59061,100.00
5482,40377,100.00
5483,54846,100.00
5484,52149,100.00
5485,55460,100.00
5486,41636,100.00
5487,58886,100.00
5488,37100,100.00
5489,57905,100.00
5490,38565,100.00
5491,55428,100.00
5492,58459,100.00
5493,56023,100.00
5494,34697,100.00
5495,55124,100.00
5496,51193,100.00
5497,55807,100.00
5498,37454,100.00
5499,60729,100.00
5500,60702,100.00
5501,54712,100.00
5502,50882,100.00
5503,48531,100.00
5504,47463,100.00
5505,45767,100.00
5506,45805,100.00
5507,59472,100.00
5508,59860,100.00
5509,34202,100.00
5510,56279,100.00
5511,45331,100.00
5512,62111,100.00
5513,29997,100.00
5514,61491,100.00
5515,50827,100.00
5516,63083,100.00
5517,40172,100.00
5518,60021,100.00
5519,38125,100.00
5520,59183,100.00
5521,41970,100.00
5522,60089,100.00
5523,54321,100.00
5524,53369,100.00
5525,40753,100.00
5526,61108,100.00
5527,41478,100.00
5528,57727,100.00
5529,40873,100.00
5530,63185,100.00
5531,56910,100.00
5532,57044,100.00
5533,53659,100.00
5534,54371,100.00
5535,56486,100.00
5536,56621,100.00
5537,52250,100.00
5538,59726,100.00
5539,59684,100.00
5540,41292,100.00
5541,59342,100.00
5542,48895,100.00
5543,54241,100.00
5544,40847,100.00
5545,57039,100.00
5546,55865,100.00
5547,59356,100.00
5548,34895,100.00
5549,56352,100.00
5550,41954,100.00
5551,59477,100.00
5552,37720,100.00
5553,62439,100.00
5554,58108,100.00
5555,56271,100.00
5556,42853,100.00
5557,58049,100.00
5558,33239,100.00
5559,57821,100.00
5560,42568,100.00
5561,65619,100.00
5562,63046,100.00
5563,31937,100.00
5564,41971,100.00
5565,54501,100.00
5566,51491,100.00
5567,52943,100.00
5568,45049,100.00
5569,61056,100.00
5570,63281,100.00
5571,55633,100.00
5572,55544,100.00
5573,51383,100.00
5574,61832,100.00
5575,50862,100.00
5576,51218,100.00
5577,57335,100.00
5578,64169,100.00
5579,40377,100.00
5580,54822,100.00
5581,45708,100.00
5582,58172,100.00
5583,35863,100.00
5584,54556,100.00
5585,54058,100.00
5586,61775,100.00
5587,44334,100.00
5588,61607,100.00
5589,33326,100.00
5590,61255,100.00
5591,43779,100.00
5592,65246,100.00
5593,57447,100.00
5594,56299,100.00
5595,35007,100.00
5596,59010,100.00
5597,40251,100.00
5598,60202,100.00
5599,39498,100.00
5600,64134,100.00
5601,58362,100.00
5602,59107,100.00
5603,51579,100.00
5604,56383,100.00
5605,48863,100.00
5606,54367,100.00
5607,43607,100.00
5608,62897,100.00
5609,63005,100.00
5610,43640,100.00
5611,55544,100.00
5612,55634,100.00
5613,53535,100.00
5614,47424,100.00
5615,55021,100.00
5616,63061,100.00
5617,59664,100.00
5618,42280,100.00
5619,58505,100.00
5620,40477,100.00
5621,57700,100.00
5622,41925,100.00
5623,59297,100.00
5624,53615,100.00
5625,55202,100.00
5626,39837,100.00
5627,59829,100.00
5628,33210,100.00
5629,60100,100.00
5630,43833,100.00
5631,60888,100.00
5632,62637,100.00
5633,57417,100.00
5634,56460,100.00
5635,51875,100.00
5636,53072,100.00
5637,55833,100.00
5638,47797,100.00
5639,56499,100.00
5640,62779,100.00
5641,36200,100.00
5642,57481,100.00
5643,49150,100.00
5644,56590,100.00
5645,35433,100.00
5646,56714,100.00
5647,56877,100.00
5648,61652,100.00
5649,42200,100.00
5650,59111,100.00
5651,32276,100.00
5652,60907,100.00
5653,38725,100.00
5654,65850,100.00
5655,60659,100.00
5656,57597,100.00
5657,42024,100.00
5658,63987,100.00
5659,38714,100.00
5660,58013,100.00
5661,40476,100.00
5662,66654,100.00
5663,56478,100.00
5664,57688,100.00
5665,47695,100.00
5666,55825,100.00
5667,44048,100.00
5668,53247,100.00
5669,36760,100.00
5670,63781,100.00
5671,60955,100.00
5672,58634,100.00
5673,57527,100.00
5674,50147,100.00
5675,57207,100.00
5676,48165,100.00
5677,49403,100.00
5678,58618,100.00
5679,59298,100.00
5680,46233,100.00
5681,63152,100.00
5682,45283,100.00
5683,58734,100.00
5684,42014,100.00
5685,57353,100.00
5686,54065,100.00
5687,59686,100.00
5688,42074,100.00
5689,58763,100.00
5690,41589,100.00
5691,60937,100.00
5692,39878,100.00
5693,59242,100.00
5694,59180,100.00
5695,56244,100.00
5696,44157,100.00
5697,62090,100.00
5698,36668,100.00
5699,58878,100.00
5700,46212,100.00
5701,62674,100.00
5702,62860,100.00
5703,53193,100.00
5704,54580,100.00
5705,52782,100.00
5706,56007,100.00
5707,51683,100.00
5708,51331,100.00
5709,59293,100.00
5710,66715,100.00
5711,31161,100.00
5712,62535,100.00
5713,43945,100.00
5714,60559,100.00
5715,33215,100.00
5716,58278,100.00
5717,54466,100.00
5718,65000,100.00
5719,40966,100.00
5720,63383,100.00
5721,36952,100.00
5722,57271,100.00
5723,41194,100.00
5724,61175,100.00
5725,58741,100.00
5726,54920,100.00
5727,42464,100.00
5728,59590,100.00
5729,42618,100.00
5730,60204,100.00
5731,34424,100.00
5732,65003,100.00
5733,63820,100.00
5734,54898,100.00
5735,56325,100.00
5736,58835,100.00
5737,58724,100.00
5738,51426,100.00
5739,54581,100.00
5740,62622,100.00
5741,58815,100.00
5742,46298,100.00
5743,60589,100.00
5744,49044,100.00
5745,55418,100.00
5746,39617,100.00
5747,58129,100.00
5748,58102,100.00
5749,62457,100.00
5750,38257,100.00
5751,60571,100.00
5752,42836,100.00
5753,61580,100.00
5754,42223,100.00
5755,65188,100.00
5756,56267,100.00
5757,55730,100.00
5758,42779,100.00
5759,61860,100.00
5760,62796,100.00
5761,45498,100.00
5762,41955,100.00
5763,66314,100.00
5764,62294,100.00
5765,56084,100.00
5766,41978,100.00
5767,63918,100.00
5768,45842,100.00
5769,60340,100.00
5770,44291,100.00
5771,61835,100.00
5772,61205,100.00
5773,56853,100.00
5774,48367,100.00
5775,66095,100.00
5776,51833,100.00
5777,54012,100.00
5778,46391,100.00
5779,60633,100.00
5780,62279,100.00
5781,45357,100.00
5782,58522,100.00
5783,46190,100.00
5784,62821,100.00
5785,42120,100.00
5786,56842,100.00
5787,55456,100.00
5788,61578,100.00
5789,41056,100.00
5790,60838,100.00
5791,36044,100.00
5792,58197,100.00
5793,38259,100.00
5794,61602,100.00
5795,53894,100.00
5796,64359,100.00
5797,37534,100.00
5798,59873,100.00
5799,37421,100.00
5800,63340,100.00
5801,40681,100.00
5802,65804,100.00
5803,58329,100.00
5804,55608,100.00
5805,42533,100.00
5806,61185,100.00
5807,42230,100.00
5808,67491,100.00
5809,35798,100.00
5810,63330,100.00
5811,61894,100.00
5812,58712,100.00
5813,55300,100.00
5814,57087,100.00
5815,56560,100.00
5816,53329,100.00
5817,49746,100.00
5818,62573,100.00
5819,57622,100.00
5820,47860,100.00
5821,55321,100.00
5822,51821,100.00
5823,54861,100.00
5824,37302,100.00
5825,55478,100.00
5826,57833,100.00
5827,63186,100.00
5828,37898,100.00
5829,59716,100.00
5830,41279,100.00
5831,62934,100.00
5832,42025,100.00
5833,62372,100.00
5834,54685,100.00
5835,61427,100.00
5836,37573,100.00
5837,59008,100.00
5838,41954,100.00
5839,59341,100.00
5840,36372,100.00
5841,61096,100.00
5842,57871,100.00
5843,51152,100.00
5844,41915,100.00
5845,55389,100.00
5846,38260,100.00
5847,56227,100.00
5848,43333,100.00
5849,61453,100.00
5850,60890,100.00
5851,53717,100.00
5852,48328,100.00
5853,53811,100.00
5854,51494,100.00
5855,50075,100.00
5856,46196,100.00
5857,56050,100.00
5858,59703,100.00
5859,34491,100.00
5860,58271,100.00
5861,33316,100.00
5862,55821,100.00
5863,42795,100.00
5864,54753,100.00
5865,61214,100.00
5866,62763,100.00
5867,57951,100.00
5868,61846,100.00
5869,44881,100.00
5870,55666,100.00
5871,34790,100.00
5872,53720,100.00
5873,52908,100.00
5874,63972,100.00
5875,44104,100.00
5876,56114,100.00
5877,34105,100.00
5878,59682,100.00
5879,39233,100.00
5880,65822,100.00
5881,54943,100.00
5882,54764,100.00
5883,33242,100.00
5884,57616,100.00
5885,37762,100.00
5886,61280,100.00
5887,39932,100.00
5888,64076,100.00
5889,58332,100.00
5890,55605,100.00
5891,43062,100.00
5892,55787,100.00
5893,48290,100.00
5894,57176,100.00
5895,42855,100.00
5896,57616,100.00
5897,60872,100.00
5898,43507,100.00
5899,59589,100.00
5900,51337,100.00
5901,55005,100.00
5902,44884,100.00
5903,53545,100.00
5904,56022,100.00
5905,60694,100.00
5906,43187,100.00
5907,60545,100.00
5908,40335,100.00
5909,55031,100.00
5910,43821,100.00
5911,60507,100.00
5912,65163,100.00
5913,42443,100.00
5914,39824,100.00
5915,54981,100.00
5916,36341,100.00
5917,59970,100.00
5918,39592,100.00
5919,59876,100.00
5920,61185,100.00
5921,53430,100.00
5922,45138,100.00
5923,59246,100.00
5924,50670,100.00
5925,56941,100.00
5926,40326,100.00
5927,61033,100.00
5928,58942,100.00
5929,52582,100.00
5930,58077,100.00
5931,49399,100.00
5932,56353,100.00
5933,46782,100.00
5934,55334,100.00
5935,56455,100.00
5936,57823,100.00
5937,38313,100.00
5938,58300,100.00
5939,36984,100.00
5940,56109,100.00
5941,33049,100.00
5942,58261,100.00
5943,53514,100.00
5944,61867,100.00
5945,37016,100.00
5946,60463,100.00
5947,36257,100.00
5948,54540,100.00
5949,38288,100.00
5950,61624,100.00
5951,56276,100.00
5952,54842,100.00
5953,45114,100.00
5954,54227,100.00
5955,50282,100.00
5956,52731,100.00
5957,44767,100.00
5958,60766,100.00
5959,60438,100.00
5960,46228,100.00
5961,58985,100.00
5962,48193,100.00
5963,58975,100.00
5964,47880,100.00
5965,51713,100.00
5966,57720,100.00
5967,56897,100.00
5968,41090,100.00
5969,58086,100.00
5970,42143,100.00
5971,60427,100.00
5972,43694,100.00
5973,62265,100.00
5974,51900,100.00
5975,61264,100.00
5976,39335,100.00
5977,57769,100.00
5978,36651,100.00
5979,64072,100.00
5980,43317,100.00
5981,58856,100.00
5982,61892,100.00
5983,57063,100.00
5984,37488,100.00
5985,58901,100.00
5986,45974,100.00
5987,54507,100.00
5988,40160,100.00
5989,62827,100.00
5990,59669,100.00
5991,51953,100.00
5992,55886,100.00
5993,53017,100.00
5994,55589,100.00
5995,50474,100.00
5996,54776,100.00
5997,63678,100.00
5998,61345,100.00
5999,36673,100.00
6000,91136,100.00
