sample,work_ns,cpu_utilization
1,52676,0.00
2,47623,100.00
3,39437,100.00
4,23131,0.00
5,53206,100.00
6,48007,100.00
7,50079,100.00
8,30609,100.00
9,38063,100.00
10,53245,100.00
11,53944,50.00
12,34896,100.00
13,33710,0.00
14,43166,100.00
15,33211,100.00
16,28569,100.00
17,58181,100.00
18,47850,100.00
19,53360,100.00
20,54449,100.00
21,73393,66.67
22,28851,0.00
23,53613,100.00
24,56344,100.00
25,51737,100.00
26,41853,100.00
27,49138,100.00
28,36136,100.00
29,48639,100.00
30,52689,100.00
31,41871,0.00
32,56460,100.00
33,63058,100.00
34,25645,0.00
35,26189,100.00
36,54993,100.00
37,41204,0.00
38,44248,100.00
39,48628,100.00
40,36352,0.00
41,36290,50.00
42,59150,66.67
43,32290,0.00
44,37719,100.00
45,45351,100.00
46,39214,100.00
47,34038,100.00
48,38571,100.00
49,36854,100.00
50,37641,100.00
51,65499,50.00
52,42840,0.00
53,44466,100.00
54,43220,100.00
55,38431,100.00
56,45722,100.00
57,43570,100.00
58,43466,100.00
59,28324,100.00
60,52001,50.00
61,51072,100.00
62,42813,100.00
63,33146,100.00
64,39267,100.00
65,40524,100.00
66,33163,100.00
67,26416,100.00
68,59061,100.00
69,45213,100.00
70,39108,50.00
71,60253,100.00
72,52859,100.00
73,23990,0.00
74,49828,100.00
75,46702,100.00
76,31673,100.00
77,55390,100.00
78,30437,100.00
79,32411,100.00
80,49775,50.00
81,55125,100.00
82,48051,50.00
83,40540,100.00
84,28136,100.00
85,25813,100.00
86,37379,100.00
87,39727,100.00
88,31512,100.00
89,58110,100.00
90,36089,100.00
91,33110,0.00
92,31391,100.00
93,52387,100.00
94,50297,0.00
95,51266,100.00
96,43886,100.00
97,29899,0.00
98,47216,100.00
99,54281,50.00
100,27027,100.00
101,26206,100.00
102,58214,100.00
103,22781,0.00
104,23191,100.00
105,39898,100.00
106,53480,100.00
107,44926,100.00
108,42649,100.00
109,39548,50.00
110,37291,100.00
111,48163,100.00
112,25328,0.00
113,32424,100.00
114,43705,100.00
115,42528,0.00
116,32970,100.00
117,27635,100.00
118,55430,0.00
119,41378,66.67
120,40563,0.00
121,51958,50.00
122,29675,100.00
123,35319,100.00
124,30367,0.00
125,44038,100.00
126,37092,100.00
127,40118,100.00
128,45158,100.00
129,27816,100.00
130,45685,0.00
131,50648,50.00
132,51357,100.00
133,29770,0.00
134,29371,100.00
135,27136,100.00
136,37716,100.00
137,41367,100.00
138,38139,100.00
139,44452,50.00
140,45366,100.00
141,37444,100.00
142,22886,0.00
143,52236,100.00
144,71966,100.00
145,53097,0.00
146,48598,100.00
147,44071,100.00
148,29586,0.00
149,49996,100.00
150,55117,100.00
151,23013,0.00
152,52312,100.00
153,32347,100.00
154,24588,100.00
155,41790,100.00
156,49862,100.00
157,28631,0.00
158,44887,66.67
159,59555,0.00
160,41520,100.00
161,29984,100.00
162,63490,100.00
163,24975,0.00
164,56190,100.00
165,46262,100.00
166,39961,100.00
167,32015,100.00
168,52538,50.00
169,46274,0.00
170,53892,50.00
171,63067,100.00
172,23185,0.00
173,24701,100.00
174,55313,100.00
175,41250,100.00
176,43500,100.00
177,60144,100.00
178,20744,0.00
179,29719,100.00
180,54793,100.00
181,32613,0.00
182,37700,100.00
183,42686,100.00
184,42916,100.00
185,28891,100.00
186,47761,100.00
187,47833,0.00
188,26156,100.00
189,54987,100.00
190,29247,0.00
191,30957,100.00
192,26946,100.00
193,37567,100.00
194,50736,100.00
195,50364,100.00
196,56457,0.00
197,35790,66.67
198,39872,0.00
199,38788,100.00
200,45826,100.00
201,45199,100.00
202,30084,0.00
203,38945,100.00
204,34389,100.00
205,26113,100.00
206,52389,100.00
207,51036,50.00
208,27506,0.00
209,58650,50.00
210,35361,100.00
211,21863,0.00
212,42413,100.00
213,48118,100.00
214,38727,100.00
215,44181,100.00
216,34387,100.00
217,37395,100.00
218,56842,50.00
219,34721,0.00
220,43610,100.00
221,46369,100.00
222,39337,100.00
223,21734,0.00
224,42153,100.00
225,44976,100.00
226,46701,100.00
227,59181,50.00
228,35027,100.00
229,22730,0.00
230,25661,100.00
231,56197,100.00
232,46748,100.00
233,58118,100.00
234,44004,100.00
235,43422,0.00
236,38841,100.00
237,60093,100.00
238,24259,0.00
239,24458,100.00
240,55162,100.00
241,33043,100.00
242,29486,100.00
243,50143,100.00
244,51092,100.00
245,46295,50.00
246,61639,100.00
247,25028,0.00
248,30209,100.00
249,56334,100.00
250,29779,0.00
251,31220,100.00
252,48757,100.00
253,36665,100.00
254,31871,100.00
255,37819,100.00
256,75205,100.00
257,49850,0.00
258,63706,66.67
259,23295,0.00
260,26962,100.00
261,23590,100.00
262,54249,100.00
263,39857,100.00
264,56297,100.00
265,56067,100.00
266,41855,50.00
267,44334,100.00
268,42276,0.00
269,51571,100.00
270,49244,100.00
271,48054,100.00
272,37375,100.00
273,31039,100.00
274,55952,100.00
275,40640,50.00
276,39365,100.00
277,37414,0.00
278,39348,100.00
279,33661,100.00
280,26579,100.00
281,49483,100.00
282,38920,100.00
283,51451,100.00
284,49784,50.00
285,37692,100.00
286,27630,0.00
287,50870,100.00
288,40530,100.00
289,36242,0.00
290,47189,100.00
291,33418,100.00
292,26022,100.00
293,54581,100.00
294,50539,100.00
295,37431,100.00
296,52786,50.00
297,40505,100.00
298,22364,0.00
299,42001,100.00
300,42642,100.00
301,31433,100.00
302,51500,100.00
303,31859,100.00
304,28559,100.00
305,59793,100.00
306,60215,0.00
307,36837,100.00
308,55316,100.00
309,43925,100.00
310,23372,0.00
311,46439,100.00
312,43069,100.00
313,38731,100.00
314,51557,50.00
315,46290,100.00
316,27616,100.00
317,29569,100.00
318,60967,100.00
319,38592,0.00
320,55337,100.00
321,48025,100.00
322,42571,100.00
323,29077,50.00
324,52493,100.00
325,26161,0.00
326,31164,100.00
327,42993,100.00
328,33284,100.00
329,38519,100.00
330,42376,100.00
331,50757,100.00
332,37810,100.00
333,33458,0.00
334,50119,100.00
335,41448,50.00
336,27321,100.00
337,47506,0.00
338,42667,100.00
339,41457,100.00
340,40226,0.00
341,26994,100.00
342,30401,100.00
343,44834,0.00
344,39627,100.00
345,59719,66.67
346,21587,0.00
347,24914,100.00
348,30785,100.00
349,54646,100.00
350,47767,100.00
351,38012,100.00
352,48603,100.00
353,36463,100.00
354,58745,0.00
355,51299,100.00
356,53848,100.00
357,58136,100.00
358,45775,0.00
359,46926,100.00
360,38159,100.00
361,27222,100.00
362,49192,100.00
363,49163,50.00
364,65825,0.00
365,64966,100.00
366,53974,100.00
367,23694,0.00
368,28564,100.00
369,69985,100.00
370,38842,100.00
371,59786,100.00
372,50380,100.00
373,41416,0.00
374,48864,50.00
375,62180,100.00
376,26953,0.00
377,26058,100.00
378,55058,100.00
379,33240,100.00
380,27037,100.00
381,46042,100.00
382,56441,100.00
383,39604,100.00
384,50439,100.00
385,59252,0.00
386,40047,100.00
387,52683,100.00
388,27659,0.00
389,34379,100.00
390,54342,100.00
391,38029,100.00
392,35872,100.00
393,29905,100.00
394,62518,0.00
395,57310,100.00
396,55146,100.00
397,46285,0.00
398,33766,100.00
399,25482,100.00
400,51995,0.00
401,39178,100.00
402,53905,50.00
403,42488,100.00
404,40451,100.00
405,39640,100.00
406,41186,0.00
407,55883,100.00
408,47065,100.00
409,50587,100.00
410,34853,100.00
411,38358,50.00
412,52162,0.00
413,38809,50.00
414,37110,100.00
415,38909,0.00
416,50382,100.00
417,32308,100.00
418,26353,100.00
419,54945,100.00
420,55571,100.00
421,56950,100.00
422,62831,0.00
423,42760,50.00
424,44631,100.00
425,57248,100.00
426,60684,100.00
427,28027,0.00
428,49441,100.00
429,40307,100.00
430,31390,100.00
431,38418,100.00
432,64162,0.00
433,36205,50.00
434,57343,100.00
435,25627,100.00
436,26667,0.00
437,25355,100.00
438,52892,100.00
439,33867,0.00
440,49799,100.00
441,45017,100.00
442,30807,0.00
443,67051,50.00
444,65960,66.67
445,38302,0.00
446,38326,100.00
447,59775,100.00
448,28782,100.00
449,26168,100.00
450,44961,100.00
451,43656,100.00
452,34519,100.00
453,69498,66.67
454,39064,0.00
455,38620,100.00
456,30020,100.00
457,42969,100.00
458,51139,100.00
459,50337,100.00
460,49262,100.00
461,36332,100.00
462,37845,100.00
463,39246,0.00
464,49048,100.00
465,39854,100.00
466,36857,0.00
467,47569,100.00
468,39774,100.00
469,28594,100.00
470,56841,100.00
471,111227,100.00
472,39622,50.00
473,60425,0.00
474,47340,100.00
475,25958,0.00
476,40824,100.00
477,37497,100.00
478,31823,0.00
479,47236,100.00
480,32054,100.00
481,26002,0.00
482,33211,100.00
483,44719,50.00
484,44400,0.00
485,57232,100.00
486,51153,100.00
487,23837,0.00
488,35133,100.00
489,42417,100.00
490,32902,100.00
491,52195,100.00
492,46444,66.67
493,24501,0.00
494,31893,100.00
495,57737,100.00
496,41005,0.00
497,34455,100.00
498,54674,100.00
499,33804,100.00
500,35880,100.00
501,47561,100.00
502,56170,50.00
503,27967,100.00
504,48693,100.00
505,42845,100.00
506,35530,100.00
507,27027,100.00
508,55276,100.00
509,52457,100.00
510,64922,100.00
511,43575,66.67
512,33658,0.00
513,43808,100.00
514,24543,0.00
515,43879,100.00
516,34285,100.00
517,49185,100.00
518,33250,100.00
519,26225,100.00
520,40581,100.00
521,52173,100.00
522,41156,66.67
523,35852,0.00
524,44048,50.00
525,38092,100.00
526,20899,0.00
527,51524,100.00
528,34780,100.00
529,52736,0.00
530,43604,100.00
531,32823,100.00
532,52443,0.00
533,60502,100.00
534,67525,66.67
535,36926,0.00
536,49985,100.00
537,33554,100.00
538,25111,100.00
539,50990,100.00
540,48450,100.00
541,56027,100.00
542,47336,50.00
543,36168,100.00
544,22851,0.00
545,47483,100.00
546,49944,100.00
547,42091,100.00
548,48325,100.00
549,35477,100.00
550,36863,100.00
551,45806,50.00
552,34696,100.00
553,27918,100.00
554,37436,100.00
555,44019,100.00
556,32131,100.00
557,26094,100.00
558,52223,100.00
559,39762,100.00
560,45200,50.00
561,56765,100.00
562,26349,0.00
563,29984,100.00
564,61119,100.00
565,24763,0.00
566,31451,100.00
567,52778,100.00
568,32531,0.00
569,28479,100.00
570,54104,50.00
571,56114,100.00
572,52265,66.67
573,41096,0.00
574,24454,100.00
575,24931,100.00
576,38655,100.00
577,39417,100.00
578,37647,100.00
579,57429,100.00
580,35172,0.00
581,31540,66.67
582,45818,100.00
583,33585,0.00
584,61808,100.00
585,68645,100.00
586,45533,100.00
587,37329,100.00
588,59039,100.00
589,20647,0.00
590,25381,100.00
591,54157,100.00
592,30663,0.00
593,31732,100.00
594,25138,100.00
595,39838,100.00
596,56724,100.00
597,53631,100.00
598,63648,0.00
599,38292,66.67
600,37629,0.00
601,30446,100.00
602,53440,100.00
603,41864,100.00
604,40727,0.00
605,44570,100.00
606,34815,100.00
607,27546,100.00
608,59260,100.00
609,55114,50.00
610,30873,0.00
611,63495,100.00
612,34240,66.67
613,23315,0.00
614,49059,100.00
615,48075,100.00
616,37848,100.00
617,54376,100.00
618,28402,100.00
619,24534,100.00
620,58676,100.00
621,51977,50.00
622,45498,0.00
623,62114,100.00
624,26126,100.00
625,24413,0.00
626,39451,100.00
627,44068,100.00
628,32976,0.00
629,68030,100.00
630,34949,66.67
631,19370,0.00
632,25819,100.00
633,52670,100.00
634,62273,100.00
635,57631,100.00
636,48783,100.00
637,41622,100.00
638,39103,0.00
639,57617,100.00
640,23933,0.00
641,25300,100.00
642,57023,100.00
643,33180,0.00
644,26765,100.00
645,36728,100.00
646,59803,0.00
647,48054,100.00
648,63862,50.00
649,27112,0.00
650,30571,100.00
651,57807,100.00
652,25946,0.00
653,36667,100.00
654,48500,100.00
655,42401,100.00
656,32917,100.00
657,27355,100.00
658,60084,0.00
659,42460,100.00
660,55676,0.00
661,58292,100.00
662,31607,100.00
663,50212,100.00
664,26480,0.00
665,45328,100.00
666,46370,100.00
667,59358,100.00
668,41386,100.00
669,37602,66.67
670,22265,0.00
671,62018,100.00
672,42862,100.00
673,54199,100.00
674,45784,100.00
675,35215,100.00
676,56171,100.00
677,54881,100.00
678,36991,66.67
679,25568,0.00
680,53964,100.00
681,29426,100.00
682,26955,100.00
683,50102,100.00
684,58298,100.00
685,52746,100.00
686,53481,100.00
687,38737,50.00
688,39196,100.00
689,50864,100.00
690,53964,100.00
691,23651,0.00
692,49734,100.00
693,36444,100.00
694,27253,100.00
695,43948,100.00
696,50608,100.00
697,44797,0.00
698,44238,100.00
699,60028,66.67
700,26794,0.00
701,25635,100.00
702,54584,100.00
703,30073,0.00
704,50864,100.00
705,45235,100.00
706,32360,0.00
707,36353,100.00
708,61161,0.00
709,43402,100.00
710,47950,100.00
711,54294,100.00
712,26781,0.00
713,24783,100.00
714,54104,100.00
715,30550,100.00
716,50876,100.00
717,57100,66.67
718,20441,0.00
719,26307,100.00
720,33813,100.00
721,55378,100.00
722,36581,100.00
723,60474,100.00
724,25853,100.00
725,27009,50.00
726,36472,100.00
727,55156,100.00
728,35364,100.00
729,54906,100.00
730,25706,0.00
731,26603,100.00
732,26482,100.00
733,50194,100.00
734,47894,100.00
735,32947,66.67
736,59714,0.00
737,52305,66.67
738,42534,100.00
739,38568,0.00
740,44912,100.00
741,32521,100.00
742,49300,100.00
743,33680,100.00
744,28465,100.00
745,34865,100.00
746,50616,100.00
747,42457,50.00
748,54163,100.00
749,28593,100.00
750,33027,100.00
751,32553,0.00
752,38911,100.00
753,30900,100.00
754,45351,100.00
755,29733,100.00
756,46525,0.00
757,52631,100.00
758,49865,100.00
759,58106,100.00
760,41581,0.00
761,49373,100.00
762,40849,100.00
763,29377,100.00
764,48189,100.00
765,38297,100.00
766,73103,50.00
767,54280,100.00
768,50885,100.00
769,32229,100.00
770,28224,100.00
771,57801,100.00
772,50813,100.00
773,53574,100.00
774,46412,100.00
775,36745,50.00
776,43237,100.00
777,58332,100.00
778,26680,0.00
779,26251,100.00
780,53693,100.00
781,29086,100.00
782,27912,100.00
783,47107,100.00
784,50810,100.00
785,43373,50.00
786,53105,100.00
787,60649,66.67
788,33920,0.00
789,43436,100.00
790,40189,100.00
791,35284,100.00
792,46815,100.00
793,36050,100.00
794,33977,100.00
795,31534,100.00
796,65199,0.00
797,54134,100.00
798,63784,100.00
799,24400,0.00
800,25702,100.00
801,25892,100.00
802,57099,100.00
803,36201,100.00
804,58451,100.00
805,48661,50.00
806,35544,100.00
807,48782,100.00
808,45817,0.00
809,48798,100.00
810,37957,100.00
811,57966,0.00
812,38735,100.00
813,43056,50.00
814,60330,100.00
815,58805,100.00
816,40032,100.00
817,34054,0.00
818,48601,100.00
819,34631,100.00
820,26446,100.00
821,47923,100.00
822,53418,100.00
823,53301,100.00
824,45194,50.00
825,63397,50.00
826,57340,100.00
827,49453,100.00
828,59625,100.00
829,25040,0.00
830,51392,100.00
831,42384,100.00
832,37351,100.00
833,44969,100.00
834,69293,100.00
835,40556,100.00
836,66139,66.67
837,24653,100.00
838,26621,0.00
839,28073,100.00
840,56202,100.00
841,34443,0.00
842,51900,100.00
843,51464,100.00
844,29098,0.00
845,65693,50.00
846,67186,100.00
847,40269,0.00
848,35890,100.00
849,57318,100.00
850,28297,100.00
851,29450,100.00
852,51801,100.00
853,42758,100.00
854,49569,50.00
855,71205,100.00
856,38294,0.00
857,30639,100.00
858,28014,100.00
859,45391,100.00
860,53169,100.00
861,45873,100.00
862,43272,100.00
863,39735,50.00
864,44718,100.00
865,44059,0.00
866,49472,100.00
867,45041,100.00
868,35203,0.00
869,36019,100.00
870,33834,100.00
871,35997,0.00
872,49245,100.00
873,40932,100.00
874,40352,100.00
875,62625,50.00
876,47211,100.00
877,22035,0.00
878,48381,100.00
879,46167,100.00
880,42581,100.00
881,47378,100.00
882,30757,100.00
883,34959,100.00
884,46763,100.00
885,51466,66.67
886,47541,0.00
887,51837,100.00
888,42570,100.00
889,21188,0.00
890,49713,100.00
891,44801,100.00
892,40070,100.00
893,56052,50.00
894,43600,100.00
895,23402,0.00
896,27296,100.00
897,58598,100.00
898,40856,100.00
899,57042,100.00
900,44112,100.00
901,36332,50.00
902,57637,100.00
903,55136,100.00
904,29641,100.00
905,28502,100.00
906,61212,100.00
907,22948,0.00
908,24918,100.00
909,47361,100.00
910,53848,100.00
911,53952,100.00
912,49829,50.00
913,41143,100.00
914,45585,50.00
915,61748,100.00
916,27959,0.00
917,34886,100.00
918,45500,100.00
919,41761,0.00
920,43136,100.00
921,28143,100.00
922,60566,0.00
923,46198,100.00
924,38113,0.00
925,54724,100.00
926,27599,0.00
927,26358,100.00
928,38436,100.00
929,42455,100.00
930,30913,100.00
931,47029,100.00
932,29161,100.00
933,28915,100.00
934,44505,0.00
935,49263,100.00
936,54055,75.00
937,30284,0.00
938,25867,100.00
939,26638,100.00
940,35663,100.00
941,41826,100.00
942,36152,100.00
943,44781,100.00
944,39819,50.00
945,33145,100.00
946,23528,0.00
947,46338,100.00
948,63070,100.00
949,52997,100.00
950,41882,100.00
951,44609,100.00
952,24898,0.00
953,43554,50.00
954,53121,100.00
955,23604,0.00
956,44299,100.00
957,29198,100.00
958,23506,100.00
959,34562,100.00
960,49103,100.00
961,26987,100.00
962,45208,100.00
963,55751,50.00
964,39797,0.00
965,28859,100.00
966,62902,100.00
967,25615,0.00
968,56030,100.00
969,46384,100.00
970,36904,0.00
971,28336,100.00
972,51920,50.00
973,47048,0.00
974,60596,100.00
975,53247,100.00
976,25631,0.00
977,26114,100.00
978,52099,100.00
979,41710,100.00
980,51783,50.00
981,60916,100.00
982,21356,0.00
983,36245,66.67
984,61521,100.00
985,37649,0.00
986,36318,100.00
987,50985,100.00
988,27416,100.00
989,38807,100.00
990,63161,100.00
991,21461,0.00
992,33144,50.00
993,63532,100.00
994,27896,0.00
995,26422,100.00
996,28088,100.00
997,30814,0.00
998,65472,100.00
999,60131,100.00
1000,95354,0.00
1001,36572,50.00
1002,41161,100.00
1003,38632,100.00
1004,45036,100.00
1005,44937,100.00
1006,38372,0.00
1007,41747,100.00
1008,33752,100.00
1009,28286,100.00
1010,60907,100.00
1011,53222,100.00
1012,28611,0.00
1013,61915,100.00
1014,37956,100.00
1015,23012,0.00
1016,53225,100.00
1017,52378,100.00
1018,41882,100.00
1019,50974,100.00
1020,33303,100.00
1021,40781,100.00
1022,60462,50.00
1023,34773,0.00
1024,43243,100.00
1025,50881,100.00
1026,37293,100.00
1027,20886,0.00
1028,49878,100.00
1029,48746,100.00
1030,45400,100.00
1031,52645,100.00
1032,33285,66.67
1033,22364,0.00
1034,26458,100.00
1035,55269,100.00
1036,44049,100.00
1037,55032,100.00
1038,44416,100.00
1039,40538,0.00
1040,40451,66.67
1041,61338,100.00
1042,28130,0.00
1043,28086,100.00
1044,59463,100.00
1045,30789,100.00
1046,26560,100.00
1047,48577,100.00
1048,53237,100.00
1049,48602,100.00
1050,55701,50.00
1051,59501,100.00
1052,21410,0.00
1053,41147,100.00
1054,47654,0.00
1055,45127,100.00
1056,54645,100.00
1057,31051,0.00
1058,24456,100.00
1059,47736,100.00
1060,65080,50.00
1061,48380,100.00
1062,60258,100.00
1063,23086,0.00
1064,28154,100.00
1065,29327,100.00
1066,48542,100.00
1067,39183,100.00
1068,52106,66.67
1069,54362,0.00
1070,37920,100.00
1071,36852,66.67
1072,38179,0.00
1073,44995,100.00
1074,38927,100.00
1075,40438,100.00
1076,36412,100.00
1077,32624,100.00
1078,44658,100.00
1079,41920,100.00
1080,35393,66.67
1081,38622,0.00
1082,37541,100.00
1083,37073,100.00
1084,24726,0.00
1085,56743,100.00
1086,41879,100.00
1087,56448,0.00
1088,47094,100.00
1089,42774,0.00
1090,27398,100.00
1091,50660,100.00
1092,42051,100.00
1093,23708,0.00
1094,40940,100.00
1095,31929,100.00
1096,28809,100.00
1097,54892,100.00
1098,65091,100.00
1099,34437,50.00
1100,54247,0.00
1101,40054,100.00
1102,21875,0.00
1103,42033,100.00
1104,46365,100.00
1105,33777,100.00
1106,54489,100.00
1107,31837,100.00
1108,24043,100.00
1109,53857,50.00
1110,62418,50.00
1111,36674,100.00
1112,54065,100.00
1113,53514,100.00
1114,26198,0.00
1115,45123,100.00
1116,43305,100.00
1117,33683,100.00
1118,52221,100.00
1119,44312,66.67
1120,21934,0.00
1121,26312,100.00
1122,48325,100.00
1123,50268,100.00
1124,47210,100.00
1125,51797,100.00
1126,31760,100.00
1127,35613,100.00
1128,61762,66.67
1129,29484,0.00
1130,32884,100.00
1131,52724,100.00
1132,36588,100.00
1133,33771,100.00
1134,31939,100.00
1135,57035,100.00
1136,32274,100.00
1137,36795,50.00
1138,55939,0.00
1139,44654,100.00
1140,51410,100.00
1141,24773,0.00
1142,41810,100.00
1143,45159,100.00
1144,47342,100.00
1145,30348,100.00
1146,29737,100.00
1147,45723,0.00
1148,40864,100.00
1149,49665,0.00
1150,49769,50.00
1151,29202,100.00
1152,45022,100.00
1153,23768,0.00
1154,39146,100.00
1155,39893,100.00
1156,44997,100.00
1157,27430,100.00
1158,45583,0.00
1159,35736,100.00
1160,50055,100.00
1161,44517,100.00
1162,51402,100.00
1163,48419,100.00
1164,35564,100.00
1165,36890,100.00
1166,41143,100.00
1167,64968,0.00
1168,40297,100.00
1169,56832,100.00
1170,44600,100.00
1171,23042,0.00
1172,41965,100.00
1173,54183,100.00
1174,48366,100.00
1175,49104,100.00
1176,32513,100.00
1177,36729,0.00
1178,39408,100.00
1179,52259,100.00
1180,27167,0.00
1181,46396,100.00
1182,38694,100.00
1183,34939,100.00
1184,30375,100.00
1185,56864,100.00
1186,30149,100.00
1187,35369,50.00
1188,59105,100.00
1189,37871,50.00
1190,28496,100.00
1191,61521,100.00
1192,27705,0.00
1193,47920,100.00
1194,48232,100.00
1195,31945,100.00
1196,27170,100.00
1197,46309,100.00
1198,52664,50.00
1199,45342,100.00
1200,56803,100.00
1201,24260,0.00
1202,23897,100.00
1203,52916,100.00
1204,42162,100.00
1205,55003,100.00
1206,58468,50.00
1207,22118,0.00
1208,27201,50.00
1209,33669,100.00
1210,44378,0.00
1211,68007,100.00
1212,58526,100.00
1213,48108,100.00
1214,35023,100.00
1215,37014,100.00
1216,59037,100.00
1217,36325,100.00
1218,56422,100.00
1219,34552,0.00
1220,29176,100.00
1221,23622,100.00
1222,34309,100.00
1223,51749,100.00
1224,46096,100.00
1225,51228,100.00
1226,36258,50.00
1227,39213,100.00
1228,27433,0.00
1229,44549,100.00
1230,33470,100.00
1231,41787,100.00
1232,41107,100.00
1233,33543,100.00
1234,29897,100.00
1235,45644,50.00
1236,42607,100.00
1237,42351,0.00
1238,43177,100.00
1239,35126,100.00
1240,20564,0.00
1241,39156,100.00
1242,36596,100.00
1243,41993,100.00
1244,48676,100.00
1245,36345,100.00
1246,44660,0.00
1247,61349,100.00
1248,67191,100.00
1249,25085,0.00
1250,57349,100.00
1251,43174,100.00
1252,33561,0.00
1253,43355,100.00
1254,38377,100.00
1255,56869,0.00
1256,71820,50.00
1257,66462,100.00
1258,22674,0.00
1259,29519,100.00
1260,43339,100.00
1261,54944,100.00
1262,45928,100.00
1263,54871,100.00
1264,30692,100.00
1265,43430,0.00
1266,55081,100.00
1267,24467,0.00
1268,31277,100.00
1269,41147,100.00
1270,37525,0.00
1271,31680,100.00
1272,27993,100.00
1273,59325,0.00
1274,46167,100.00
1275,40856,50.00
1276,59732,0.00
1277,43585,50.00
1278,49611,100.00
1279,24498,0.00
1280,42061,100.00
1281,34576,100.00
1282,48541,100.00
1283,34346,100.00
1284,32209,100.00
1285,42375,0.00
1286,55583,66.67
1287,61851,100.00
1288,29299,0.00
1289,27606,100.00
1290,28303,100.00
1291,42079,100.00
1292,50204,100.00
1293,35704,100.00
1294,62695,0.00
1295,40735,50.00
1296,36771,100.00
1297,29029,0.00
1298,52510,100.00
1299,47211,100.00
1300,50978,0.00
1301,44599,100.00
1302,37999,100.00
1303,47854,50.00
1304,55136,100.00
1305,37804,100.00
1306,23532,0.00
1307,51075,100.00
1308,42210,100.00
1309,25732,100.00
1310,29057,100.00
1311,59238,100.00
1312,46646,100.00
1313,41215,100.00
1314,39173,50.00
1315,39407,100.00
1316,29256,50.00
1317,64133,100.00
1318,24732,0.00
1319,46293,100.00
1320,47328,100.00
1321,36353,100.00
1322,26022,100.00
1323,60533,100.00
1324,41804,100.00
1325,40422,100.00
1326,59774,66.67
1327,22615,0.00
1328,26941,100.00
1329,47055,100.00
1330,46305,100.00
1331,32670,100.00
1332,52840,100.00
1333,26720,100.00
1334,28217,100.00
1335,51131,50.00
1336,50662,100.00
1337,45436,100.00
1338,58166,100.00
1339,27414,0.00
1340,26920,100.00
1341,49822,100.00
1342,43766,100.00
1343,47715,50.00
1344,61475,100.00
1345,20337,0.00
1346,25300,100.00
1347,23831,100.00
1348,59483,100.00
1349,45751,100.00
1350,62505,100.00
1351,27983,100.00
1352,39223,50.00
1353,35431,100.00
1354,53623,0.00
1355,46710,100.00
1356,62362,100.00
1357,28190,0.00
1358,26123,100.00
1359,27854,100.00
1360,54457,0.00
1361,54444,100.00
1362,33761,50.00
1363,51709,100.00
1364,54579,50.00
1365,30415,100.00
1366,40204,100.00
1367,46004,100.00
1368,34600,100.00
1369,56718,100.00
1370,43889,100.00
1371,38784,100.00
1372,24640,100.00
1373,55931,100.00
1374,43889,0.00
1375,56167,100.00
1376,47393,100.00
1377,44236,100.00
1378,19330,0.00
1379,50582,100.00
1380,35867,100.00
1381,53428,100.00
1382,38028,50.00
1383,38670,100.00
1384,22092,0.00
1385,37626,100.00
1386,45891,100.00
1387,38549,100.00
1388,50142,100.00
1389,32499,100.00
1390,28149,50.00
1391,52676,100.00
1392,36612,100.00
1393,23006,0.00
1394,38940,100.00
1395,44626,100.00
1396,29396,100.00
1397,26562,100.00
1398,54272,100.00
1399,45568,100.00
1400,56977,100.00
1401,49655,50.00
1402,41468,100.00
1403,34531,66.67
1404,49190,0.00
1405,40213,100.00
1406,33561,100.00
1407,51888,100.00
1408,27885,100.00
1409,26215,100.00
1410,46871,100.00
1411,45418,100.00
1412,29115,100.00
1413,49808,50.00
1414,46633,100.00
1415,33231,100.00
1416,50848,100.00
1417,28881,0.00
1418,33663,100.00
1419,45693,100.00
1420,36438,100.00
1421,31283,100.00
1422,23090,100.00
1423,51700,50.00
1424,37167,100.00
1425,60798,100.00
1426,23562,0.00
1427,25944,100.00
1428,23800,100.00
1429,55283,100.00
1430,36648,100.00
1431,55251,66.67
1432,32597,0.00
1433,31202,100.00
1434,25953,100.00
1435,39919,100.00
1436,47594,100.00
1437,40737,100.00
1438,45003,100.00
1439,30063,66.67
1440,36587,0.00
1441,40543,66.67
1442,37750,0.00
1443,33423,100.00
1444,41321,100.00
1445,45356,100.00
1446,36255,100.00
1447,28383,100.00
1448,55231,100.00
1449,36671,100.00
1450,27127,0.00
1451,61170,50.00
1452,40404,100.00
1453,21915,0.00
1454,47090,100.00
1455,43673,100.00
1456,39760,100.00
1457,42159,100.00
1458,31295,100.00
1459,25460,100.00
1460,45175,100.00
1461,44914,66.67
1462,47783,0.00
1463,53059,100.00
1464,50161,100.00
1465,24596,0.00
1466,48150,100.00
1467,47952,100.00
1468,39865,0.00
1469,49443,50.00
1470,35384,100.00
1471,27893,100.00
1472,47805,100.00
1473,75914,100.00
1474,24097,0.00
1475,56339,100.00
1476,32443,100.00
1477,26002,100.00
1478,54862,50.00
1479,37971,100.00
1480,27311,100.00
1481,42313,100.00
1482,43647,100.00
1483,29386,100.00
1484,27007,100.00
1485,53076,100.00
1486,58813,100.00
1487,54169,100.00
1488,48938,50.00
1489,39078,100.00
1490,30488,50.00
1491,59470,100.00
1492,24072,0.00
1493,25924,100.00
1494,52492,100.00
1495,35806,100.00
1496,29751,100.00
1497,50187,100.00
1498,50331,100.00
1499,42958,100.00
1500,57906,50.00
1501,36042,0.00
1502,27542,100.00
1503,50961,100.00
1504,24863,0.00
1505,30430,100.00
1506,57542,100.00
1507,30420,0.00
1508,25972,100.00
1509,58405,100.00
1510,65631,50.00
1511,39357,100.00
1512,64069,100.00
1513,26551,0.00
1514,28761,100.00
1515,44362,100.00
1516,42655,100.00
1517,37738,100.00
1518,55822,50.00
1519,33130,0.00
1520,37709,100.00
1521,28002,100.00
1522,40296,0.00
1523,49068,100.00
1524,45123,100.00
1525,44946,0.00
1526,26501,100.00
1527,33791,50.00
1528,42948,50.00
1529,35552,100.00
1530,31773,100.00
1531,40094,100.00
1532,38425,100.00
1533,33690,100.00
1534,27198,100.00
1535,53261,100.00
1536,42506,100.00
1537,27691,0.00
1538,54336,50.00
1539,38429,100.00
1540,21932,0.00
1541,40711,100.00
1542,39007,100.00
1543,39068,0.00
1544,42486,100.00
1545,29517,100.00
1546,26305,0.00
1547,37659,100.00
1548,45139,50.00
1549,41160,0.00
1550,57509,100.00
1551,38801,100.00
1552,21544,0.00
1553,46613,100.00
1554,42541,100.00
1555,34014,100.00
1556,53508,100.00
1557,32312,100.00
1558,39415,0.00
1559,53321,100.00
1560,64299,100.00
1561,27206,0.00
1562,46061,100.00
1563,45928,100.00
1564,32363,100.00
1565,26405,100.00
1566,53181,100.00
1567,29806,50.00
1568,75610,50.00
1569,62190,100.00
1570,22326,0.00
1571,29575,100.00
1572,28383,100.00
1573,60438,100.00
1574,43816,100.00
1575,60644,100.00
1576,25521,100.00
1577,46696,100.00
1578,58203,66.67
1579,28993,0.00
1580,30978,100.00
1581,36604,100.00
1582,45822,100.00
1583,31098,100.00
1584,27220,100.00
1585,58057,100.00
1586,53676,100.00
1587,45646,50.00
1588,58837,100.00
1589,38838,100.00
1590,40920,100.00
1591,36865,0.00
1592,50178,100.00
1593,34898,100.00
1594,50983,100.00
1595,33124,100.00
1596,28467,100.00
1597,31744,100.00
1598,57764,0.00
1599,57414,66.67
1600,28681,0.00
1601,40016,100.00
1602,34566,100.00
1603,40259,0.00
1604,39172,100.00
1605,35527,100.00
1606,59410,0.00
1607,39382,100.00
1608,33341,66.67
1609,30412,100.00
1610,44781,100.00
1611,59798,100.00
1612,50632,100.00
1613,51715,100.00
1614,32481,100.00
1615,45471,0.00
1616,62657,100.00
1617,36245,66.67
1618,25143,0.00
1619,57895,100.00
1620,48628,100.00
1621,32373,100.00
1622,26592,100.00
1623,61106,100.00
1624,44991,100.00
1625,50034,100.00
1626,68252,50.00
1627,59557,0.00
1628,69302,100.00
1629,62555,100.00
1630,25195,0.00
1631,27740,100.00
1632,55234,100.00
1633,30872,100.00
1634,27578,100.00
1635,47092,100.00
1636,55663,0.00
1637,48477,100.00
1638,61474,100.00
1639,21238,0.00
1640,24680,100.00
1641,47637,100.00
1642,41145,100.00
1643,34882,100.00
1644,48648,100.00
1645,37598,100.00
1646,50546,50.00
1647,67455,50.00
1648,41615,0.00
1649,52277,100.00
1650,53888,100.00
1651,47984,0.00
1652,35359,100.00
1653,28599,100.00
1654,53566,0.00
1655,36151,100.00
1656,72621,50.00
1657,53490,100.00
1658,48180,100.00
1659,53780,100.00
1660,22693,0.00
1661,58476,100.00
1662,45255,100.00
1663,54167,100.00
1664,47843,100.00
1665,46323,100.00
1666,48601,0.00
1667,57349,100.00
1668,58799,100.00
1669,23442,0.00
1670,53085,100.00
1671,29171,100.00
1672,34114,100.00
1673,48113,100.00
1674,52300,100.00
1675,35459,100.00
1676,53531,50.00
1677,59384,100.00
1678,26328,0.00
1679,40735,100.00
1680,43873,100.00
1681,30070,100.00
1682,43411,100.00
1683,38824,100.00
1684,34704,100.00
1685,28450,100.00
1686,53854,50.00
1687,46280,50.00
1688,52028,100.00
1689,49689,100.00
1690,24763,0.00
1691,23714,100.00
1692,49169,100.00
1693,31682,100.00
1694,52997,100.00
1695,54341,100.00
1696,22591,0.00
1697,41654,100.00
1698,39008,100.00
1699,39437,0.00
1700,60601,100.00
1701,48413,100.00
1702,29803,100.00
1703,38652,50.00
1704,38570,100.00
1705,41432,100.00
1706,33714,100.00
1707,41312,100.00
1708,36542,100.00
1709,32252,100.00
1710,27403,100.00
1711,48280,100.00
1712,58492,100.00
1713,51415,100.00
1714,38089,50.00
1715,38374,100.00
1716,43613,100.00
1717,21385,0.00
1718,37940,100.00
1719,33899,100.00
1720,43098,100.00
1721,29445,100.00
1722,28203,100.00
1723,41675,100.00
1724,67509,100.00
1725,56252,50.00
1726,38308,0.00
1727,46917,50.00
1728,38808,100.00
1729,20678,0.00
1730,50089,100.00
1731,32488,100.00
1732,51309,100.00
1733,39572,100.00
1734,33573,100.00
1735,49777,0.00
1736,54315,100.00
1737,53475,66.67
1738,31631,0.00
1739,45425,100.00
1740,35265,100.00
1741,27524,100.00
1742,49617,100.00
1743,48508,100.00
1744,61175,0.00
1745,52620,50.00
1746,41077,100.00
1747,23021,0.00
1748,48466,100.00
1749,49184,100.00
1750,45416,0.00
1751,49304,100.00
1752,38356,100.00
1753,37128,100.00
1754,45654,66.67
1755,31445,0.00
1756,34171,100.00
1757,43239,100.00
1758,45775,100.00
1759,32059,100.00
1760,26348,100.00
1761,50831,100.00
1762,60997,100.00
1763,33559,50.00
1764,63166,100.00
1765,29479,100.00
1766,30099,100.00
1767,55943,100.00
1768,24566,0.00
1769,40774,100.00
1770,44304,100.00
1771,29186,100.00
1772,26006,100.00
1773,51935,50.00
1774,53289,100.00
1775,42793,50.00
1776,51993,100.00
1777,23158,0.00
1778,25299,100.00
1779,41116,100.00
1780,36673,0.00
1781,31558,100.00
1782,56990,100.00
1783,32506,50.00
1784,32932,100.00
1785,48370,100.00
1786,32534,0.00
1787,53121,100.00
1788,64148,100.00
1789,39919,100.00
1790,35703,100.00
1791,55407,100.00
1792,20613,0.00
1793,24429,100.00
1794,53178,100.00
1795,32078,0.00
1796,29948,100.00
1797,24269,100.00
1798,34379,100.00
1799,49935,100.00
1800,50041,100.00
1801,59771,100.00
1802,61669,50.00
1803,42102,100.00
1804,26310,0.00
1805,53047,100.00
1806,42726,100.00
1807,37898,0.00
1808,45385,100.00
1809,36082,100.00
1810,26284,0.00
1811,54122,100.00
1812,68080,50.00
1813,31090,100.00
1814,56078,50.00
1815,34445,100.00
1816,23153,0.00
1817,54720,100.00
1818,45740,100.00
1819,32669,100.00
1820,48536,100.00
1821,29657,100.00
1822,27641,100.00
1823,52189,100.00
1824,53951,50.00
1825,27801,100.00
1826,53789,100.00
1827,38753,100.00
1828,20826,0.00
1829,36788,100.00
1830,41573,100.00
1831,34914,100.00
1832,60503,50.00
1833,35579,100.00
1834,18798,0.00
1835,27132,100.00
1836,48875,100.00
1837,59369,100.00
1838,51904,100.00
1839,41792,100.00
1840,42098,100.00
1841,41115,50.00
1842,51597,100.00
1843,23069,0.00
1844,25512,100.00
1845,50373,100.00
1846,29801,100.00
1847,24933,100.00
1848,34800,100.00
1849,56278,100.00
1850,49212,100.00
1851,59924,50.00
1852,25917,0.00
1853,32058,66.67
1854,55670,100.00
1855,24656,0.00
1856,39350,100.00
1857,51202,100.00
1858,48175,100.00
1859,35322,100.00
1860,27263,100.00
1861,59477,100.00
1862,53025,100.00
1863,62533,66.67
1864,22074,0.00
1865,23943,100.00
1866,25994,100.00
1867,53594,100.00
1868,46334,100.00
1869,46112,100.00
1870,52196,0.00
1871,37035,66.67
1872,33066,100.00
1873,30599,0.00
1874,39053,100.00
1875,33637,100.00
1876,55299,100.00
1877,31303,100.00
1878,30059,100.00
1879,50769,100.00
1880,41281,50.00
1881,36734,100.00
1882,40506,0.00
1883,50001,100.00
1884,32949,100.00
1885,25632,100.00
1886,55421,100.00
1887,47923,100.00
1888,53306,100.00
1889,55251,100.00
1890,42527,50.00
1891,28355,0.00
1892,47723,100.00
1893,52167,100.00
1894,23508,0.00
1895,52158,100.00
1896,31200,100.00
1897,27138,0.00
1898,55832,100.00
1899,69433,100.00
1900,31453,0.00
1901,58762,100.00
1902,58478,66.67
1903,22909,0.00
1904,46391,100.00
1905,48195,100.00
1906,34573,100.00
1907,49968,100.00
1908,34670,100.00
1909,25738,100.00
1910,50466,100.00
1911,52119,50.00
1912,36824,100.00
1913,52566,100.00
1914,57689,100.00
1915,24212,0.00
1916,35476,100.00
1917,44282,100.00
1918,36110,100.00
1919,57503,50.00
1920,38970,100.00
1921,30150,0.00
1922,28187,100.00
1923,40896,100.00
1924,48034,0.00
1925,45498,100.00
1926,44835,100.00
1927,27771,0.00
1928,28978,66.67
1929,54082,0.00
1930,52414,100.00
1931,32841,100.00
1932,55873,100.00
1933,26341,0.00
1934,32838,100.00
1935,25107,100.00
1936,50389,100.00
1937,46262,100.00
1938,31409,50.00
1939,49392,100.00
1940,57912,50.00
1941,28966,100.00
1942,43529,100.00
1943,44732,100.00
1944,31993,100.00
1945,53195,100.00
1946,39529,100.00
1947,27869,100.00
1948,30444,100.00
1949,50940,100.00
1950,46670,50.00
1951,49327,0.00
1952,47078,100.00
1953,40554,100.00
1954,22346,0.00
1955,49237,100.00
1956,37164,100.00
1957,48103,0.00
1958,42574,100.00
1959,47169,100.00
1960,66002,0.00
1961,75143,100.00
1962,80361,100.00
1963,27721,0.00
1964,60316,100.00
1965,48464,100.00
1966,36891,100.00
1967,48673,100.00
1968,52957,100.00
1969,54542,0.00
1970,62138,100.00
1971,57649,100.00
1972,43433,100.00
1973,33218,100.00
1974,46294,100.00
1975,64052,100.00
1976,42263,100.00
1977,42167,100.00
1978,40952,50.00
1979,40787,0.00
1980,61687,66.67
1981,31472,0.00
1982,34165,100.00
1983,43432,100.00
1984,41736,0.00
1985,33737,100.00
1986,40392,100.00
1987,60135,0.00
1988,37669,100.00
1989,63818,100.00
1990,34617,0.00
1991,47900,100.00
1992,50758,100.00
1993,26783,0.00
1994,40928,100.00
1995,36784,100.00
1996,40558,100.00
1997,29165,100.00
1998,27800,100.00
1999,37703,100.00
2000,88908,50.00
2001,67803,100.00
2002,31995,0.00
2003,29227,100.00
2004,30380,100.00
2005,46478,100.00
2006,46982,100.00
2007,42330,100.00
2008,56759,0.00
2009,53921,100.00
2010,34548,100.00
2011,28077,0.00
2012,53273,100.00
2013,62852,100.00
2014,54378,0.00
2015,45104,100.00
2016,44452,100.00
2017,47037,50.00
2018,46621,100.00
2019,38611,66.67
2020,24766,0.00
2021,46877,100.00
2022,36396,100.00
2023,26732,100.00
2024,47483,100.00
2025,48782,100.00
2026,45339,100.00
2027,59025,100.00
2028,65108,66.67
2029,30317,0.00
2030,32704,100.00
2031,56856,100.00
2032,32147,100.00
2033,37487,100.00
2034,42216,100.00
2035,32135,100.00
2036,27689,100.00
2037,62255,100.00
2038,47904,0.00
2039,44488,50.00
2040,75952,100.00
2041,25158,0.00
2042,27621,100.00
2043,48598,100.00
2044,43017,100.00
2045,41232,100.00
2046,43296,100.00
2047,31939,100.00
2048,46038,0.00
2049,74923,100.00
2050,41615,0.00
2051,51908,100.00
2052,56878,100.00
2053,40113,100.00
2054,39000,100.00
2055,46854,100.00
2056,42360,100.00
2057,43482,50.00
2058,71180,66.67
2059,36440,0.00
2060,37040,100.00
2061,34133,100.00
2062,43821,100.00
2063,51802,100.00
2064,50646,100.00
2065,48777,100.00
2066,41464,100.00
2067,60007,50.00
2068,37405,0.00
2069,55553,100.00
2070,44604,100.00
2071,47819,0.00
2072,46983,100.00
2073,37911,100.00
2074,27243,0.00
2075,57570,100.00
2076,41935,100.00
2077,31754,100.00
2078,61334,50.00
2079,47429,100.00
2080,23296,0.00
2081,47324,100.00
2082,36437,100.00
2083,39595,100.00
2084,48070,100.00
2085,35875,100.00
2086,31099,100.00
2087,41443,50.00
2088,50685,100.00
2089,51691,0.00
2090,47800,100.00
2091,39967,100.00
2092,20169,0.00
2093,50407,100.00
2094,44496,100.00
2095,52123,0.00
2096,59575,100.00
2097,45820,100.00
2098,25193,0.00
2099,29897,100.00
2100,54123,100.00
2101,32753,100.00
2102,57706,100.00
2103,30854,100.00
2104,36812,50.00
2105,64346,100.00
2106,58891,50.00
2107,31849,100.00
2108,47032,100.00
2109,54712,100.00
2110,21946,0.00
2111,26921,100.00
2112,51342,100.00
2113,51453,100.00
2114,57757,100.00
2115,50285,0.00
2116,40452,100.00
2117,49432,50.00
2118,61891,100.00
2119,25965,0.00
2120,30276,100.00
2121,54562,100.00
2122,48508,0.00
2123,28067,100.00
2124,36838,100.00
2125,54034,0.00
2126,36943,66.67
2127,47578,100.00
2128,53401,100.00
2129,30260,100.00
2130,45017,100.00
2131,25214,0.00
2132,44723,100.00
2133,44469,100.00
2134,46787,100.00
2135,31224,100.00
2136,28095,50.00
2137,52113,100.00
2138,44326,66.67
2139,47546,100.00
2140,47323,0.00
2141,25750,100.00
2142,27573,100.00
2143,47090,0.00
2144,45976,100.00
2145,53459,100.00
2146,41840,100.00
2147,35274,50.00
2148,39082,100.00
2149,22544,0.00
2150,58824,100.00
2151,45945,100.00
2152,55899,100.00
2153,29259,100.00
2154,38070,100.00
2155,27482,0.00
2156,53124,100.00
2157,42848,100.00
2158,40642,100.00
2159,45398,100.00
2160,29382,100.00
2161,26777,100.00
2162,51574,100.00
2163,64866,100.00
2164,44118,100.00
2165,39953,50.00
2166,56830,100.00
2167,23660,0.00
2168,37038,100.00
2169,43188,100.00
2170,32358,100.00
2171,45375,100.00
2172,37785,100.00
2173,25323,100.00
2174,51940,100.00
2175,57511,66.67
2176,31381,0.00
2177,61111,100.00
2178,53044,100.00
2179,25947,0.00
2180,25485,100.00
2181,52740,100.00
2182,30936,100.00
2183,56733,50.00
2184,53769,100.00
2185,28838,0.00
2186,33803,100.00
2187,55783,100.00
2188,39574,0.00
2189,38148,100.00
2190,57557,100.00
2191,26230,100.00
2192,38045,100.00
2193,54332,100.00
2194,53913,0.00
2195,29121,100.00
2196,56880,100.00
2197,41360,100.00
2198,25766,100.00
2199,26046,100.00
2200,52708,100.00
2201,50449,100.00
2202,58504,100.00
2203,28767,0.00
2204,33556,66.67
2205,42583,100.00
2206,22939,0.00
2207,41269,100.00
2208,39811,100.00
2209,43152,100.00
2210,30532,100.00
2211,28850,100.00
2212,48789,100.00
2213,66478,100.00
2214,48907,50.00
2215,35123,0.00
2216,35143,100.00
2217,36357,100.00
2218,29111,0.00
2219,46372,100.00
2220,26048,100.00
2221,51418,100.00
2222,33621,100.00
2223,25712,100.00
2224,54871,50.00
2225,61174,50.00
2226,57862,100.00
2227,30309,0.00
2228,25595,100.00
2229,24793,100.00
2230,37614,100.00
2231,39131,100.00
2232,30601,100.00
2233,56599,100.00
2234,35443,50.00
2235,38583,100.00
2236,23006,0.00
2237,55612,100.00
2238,63270,100.00
2239,58998,0.00
2240,48737,100.00
2241,43935,100.00
2242,40242,0.00
2243,47060,100.00
2244,50117,100.00
2245,21071,0.00
2246,44708,100.00
2247,26700,100.00
2248,25789,100.00
2249,41667,100.00
2250,44775,100.00
2251,43272,0.00
2252,44371,66.67
2253,53607,100.00
2254,21397,0.00
2255,40534,100.00
2256,43999,100.00
2257,30074,100.00
2258,44890,100.00
2259,46380,100.00
2260,37754,100.00
2261,47963,100.00
2262,62889,66.67
2263,44764,0.00
2264,70698,50.00
2265,57640,100.00
2266,34996,100.00
2267,39667,100.00
2268,60477,100.00
2269,44486,100.00
2270,47232,100.00
2271,72298,0.00
2272,19476,0.00
2273,71030,0.00
2274,69519,100.00
2275,69799,0.00
2276,74032,50.00
2277,73936,100.00
2278,85856,0.00
2279,71356,100.00
2280,67328,100.00
2281,47811,100.00
2282,56825,100.00
2283,45716,100.00
2284,41475,100.00
2285,63885,100.00
2286,43637,100.00
2287,24231,0.00
2288,47066,100.00
2289,53573,100.00
2290,46227,100.00
2291,68788,100.00
2292,45702,100.00
2293,27265,100.00
2294,56526,100.00
2295,60581,50.00
2296,71113,50.00
2297,61882,100.00
2298,49231,100.00
2299,29385,100.00
2300,28783,100.00
2301,52639,100.00
2302,46712,100.00
2303,56081,100.00
2304,58911,100.00
2305,48917,100.00
2306,50007,100.00
2307,72181,66.67
2308,48461,0.00
2309,46093,100.00
2310,60762,100.00
2311,34650,100.00
2312,23526,100.00
2313,27512,100.00
2314,59121,100.00
2315,59995,100.00
2316,64956,100.00
2317,59066,0.00
2318,65141,100.00
2319,48207,100.00
2320,51803,0.00
2321,62817,100.00
2322,51265,100.00
2323,46597,0.00
2324,28884,66.67
2325,32003,100.00
2326,39475,100.00
2327,62439,100.00
2328,63833,100.00
2329,33952,0.00
2330,28318,100.00
2331,32053,100.00
2332,27828,100.00
2333,58774,100.00
2334,34851,66.67
2335,64848,0.00
2336,62671,100.00
2337,31180,100.00
2338,25002,100.00
2339,53123,100.00
2340,50734,100.00
2341,56271,100.00
2342,70295,100.00
2343,41657,100.00
2344,34242,100.00
2345,58487,0.00
2346,70986,100.00
2347,43499,0.00
2348,61158,100.00
2349,30385,100.00
2350,22270,0.00
2351,26535,100.00
2352,52935,100.00
2353,52384,0.00
2354,62191,100.00
2355,43414,100.00
2356,58980,0.00
2357,65362,100.00
2358,67878,100.00
2359,29786,0.00
2360,55333,100.00
2361,47535,100.00
2362,31029,100.00
2363,28302,100.00
2364,52402,100.00
2365,54002,0.00
2366,43625,100.00
2367,62030,100.00
2368,34706,100.00
2369,30916,100.00
2370,53322,100.00
2371,53045,100.00
2372,53664,100.00
2373,45467,100.00
2374,42449,50.00
2375,63043,0.00
2376,52235,100.00
2377,31999,0.00
2378,63105,100.00
2379,65981,100.00
2380,29948,100.00
2381,34762,100.00
2382,29867,100.00
2383,63316,100.00
2384,56149,0.00
2385,77171,66.67
2386,26937,0.00
2387,25622,100.00
2388,26722,100.00
2389,48577,100.00
2390,56655,100.00
2391,54918,100.00
2392,44966,100.00
2393,41527,100.00
2394,35574,100.00
2395,72368,0.00
2396,71414,100.00
2397,60672,100.00
2398,53898,100.00
2399,33963,100.00
2400,22347,100.00
2401,26735,100.00
2402,57541,100.00
2403,53783,100.00
2404,62746,100.00
2405,59981,0.00
2406,64216,100.00
2407,28263,0.00
2408,54946,100.00
2409,55849,100.00
2410,58890,0.00
2411,51528,100.00
2412,37025,50.00
2413,38578,100.00
2414,43642,100.00
2415,55741,100.00
2416,59606,50.00
2417,74216,100.00
2418,32582,100.00
2419,26382,100.00
2420,29319,100.00
2421,62990,100.00
2422,55966,100.00
2423,60508,0.00
2424,76058,100.00
2425,26090,0.00
2426,26473,100.00
2427,42735,100.00
2428,60386,0.00
2429,59249,100.00
2430,59444,100.00
2431,33902,0.00
2432,52638,100.00
2433,48559,100.00
2434,143037,0.00
2435,66558,100.00
2436,73366,100.00
2437,27626,0.00
2438,31707,100.00
2439,32126,100.00
2440,56108,100.00
2441,55453,100.00
2442,60809,100.00
2443,66274,100.00
2444,93272,25.00
2445,22535,0.00
2446,73832,0.00
2447,73753,100.00
2448,22807,100.00
2449,85270,100.00
2450,29075,0.00
2451,76082,0.00
2452,19658,0.00
2453,153929,100.00
2454,70900,0.00
2455,74766,0.00
2456,20537,0.00
2457,72080,0.00
2458,75065,100.00
2459,53668,100.00
2460,77323,0.00
2461,74527,0.00
2462,71105,0.00
2463,865887,100.00
2464,75989,0.00
2465,55286,100.00
2466,1227045,100.00
2467,69799,0.00
2468,88565,100.00
2469,70939,100.00
2470,72190,0.00
2471,71950,100.00
2472,72410,100.00
2473,79338,0.00
2474,69536,0.00
2475,100228,50.00
2476,249071,0.00
2477,69840,100.00
2478,72002,100.00
2479,69863,0.00
2480,105467,100.00
2481,72319,100.00
2482,106977,0.00
2483,66402,100.00
2484,68528,100.00
2485,70652,0.00
2486,67418,100.00
2487,168382,66.67
2488,67314,0.00
2489,73513,100.00
2490,428675,0.00
2491,70332,100.00
2492,71866,100.00
2493,68836,0.00
2494,69119,100.00
2495,85776,100.00
2496,72369,100.00
2497,118812,100.00
2498,70627,100.00
2499,72058,100.00
2500,69288,100.00
2501,71437,50.00
2502,69848,0.00
2503,69026,50.00
2504,67931,100.00
2505,70181,100.00
2506,53327,0.00
2507,66521,100.00
2508,70926,100.00
2509,75279,100.00
2510,67470,100.00
2511,145118,100.00
2512,208318,100.00
2513,68241,100.00
2514,113065,50.00
2515,69097,100.00
2516,188789,0.00
2517,72768,100.00
2518,46274,0.00
2519,62510,100.00
2520,64201,100.00
2521,65586,100.00
2522,62025,100.00
2523,49042,100.00
2524,68595,100.00
2525,81969,100.00
2526,70231,50.00
2527,70191,0.00
2528,69895,100.00
2529,71862,0.00
2530,69883,100.00
2531,36855,100.00
2532,72320,100.00
2533,73135,0.00
2534,114314,0.00
2535,72297,100.00
2536,70303,100.00
2537,68701,0.00
2538,71414,0.00
2539,61044,100.00
2540,71513,100.00
2541,72085,100.00
2542,71900,0.00
2543,67660,0.00
2544,68958,50.00
2545,70012,0.00
2546,72278,100.00
2547,73146,100.00
2548,66936,0.00
2549,72782,100.00
2550,66903,0.00
2551,72943,100.00
2552,68159,0.00
2553,69436,100.00
2554,87249,0.00
2555,43673,100.00
2556,587991,0.00
2557,70298,100.00
2558,69273,0.00
2559,72478,100.00
2560,69150,0.00
2561,69865,100.00
2562,1644950,100.00
2563,66146,0.00
2564,70593,0.00
2565,74817,100.00
2566,81778,0.00
2567,71821,0.00
2568,71555,100.00
2569,75079,0.00
2570,67591,100.00
2571,1614564,0.00
2572,71206,0.00
2573,76555,0.00
2575,18012,0.00
2576,17116,0.00
2577,22548,100.00
2578,42998798,0.00
2579,52891,100.00
2580,16512,0.00
2581,14835,0.00
2582,13681,0.00
2583,13426,0.00
2584,13341,0.00
2585,13425,0.00
2586,73067,0.00
2587,17849,0.00
2588,14565,0.00
2589,13632,0.00
2590,13682,0.00
2591,86072,0.00
2592,69383,0.00
2593,77024,0.00
2594,70924,0.00
2595,72265,0.00
2596,25980,0.00
2597,77392,100.00
2598,19612,0.00
2599,25248,0.00
2600,70724,100.00
2601,16212,0.00
2602,13727,0.00
2603,985225,100.00
2604,335372,0.00
2605,71302,0.00
2606,33241,100.00
2607,75205,0.00
2608,75841,0.00
2609,183865,0.00
2610,124183,100.00
2611,1531383,0.00
2612,994934,0.00
2613,86741,0.00
2614,91145,0.00
2615,86985,0.00
2616,20271,0.00
2617,78820,100.00
2618,76091,0.00
2619,76501,0.00
2620,19284,0.00
2621,73181,0.00
2622,87783,0.00
2623,76158,0.00
2624,25062,0.00
2625,18863,0.00
2626,84859,0.00
2627,74802,0.00
2628,72202,0.00
2629,87125,100.00
2630,23610,0.00
2631,75723,0.00
2632,72739,0.00
2633,315660,100.00
2634,120088,100.00
2635,74350,100.00
2636,333275,0.00
2637,93666,0.00
2638,99994,100.00
2639,71319,0.00
2640,106010,100.00
2641,52862,0.00
2642,74427,100.00
2643,74663,0.00
2644,73211,0.00
2645,71881,100.00
2646,96034,100.00
2647,20282,0.00
2648,19049,0.00
2649,71508,0.00
2650,61238,100.00
2651,71247,100.00
2652,72356,100.00
2653,74473,0.00
2654,39235,100.00
2655,78227,100.00
2656,74742,100.00
2657,61602,100.00
2658,86662,0.00
2659,23823,0.00
2660,127084,100.00
2661,536429,50.00
2662,32926,0.00
2663,73150,50.00
2664,72004,100.00
2665,13153916,0.00
2666,51519,100.00
2667,21919,0.00
2668,73687,100.00
2669,75157,100.00
2670,20745,0.00
2671,71285,0.00
2672,49815,100.00
2673,72235,0.00
2674,24500,0.00
2675,28491,100.00
2676,71714,0.00
2677,70492,100.00
2678,23190,100.00
2679,79243,100.00
2680,21548,0.00
2681,60634,100.00
2682,75206,0.00
2683,43475,0.00
2684,72273,50.00
2685,23464,100.00
2686,68292,50.00
2687,32455,100.00
2688,69569,0.00
2689,17487,0.00
2690,28272,100.00
2691,74819,100.00
2692,19653,0.00
2693,28504,100.00
2694,72129,0.00
2695,19214,0.00
2696,66520,100.00
2697,69148,0.00
2698,42796,100.00
2699,72104,50.00
2700,20084,0.00
2701,28373,100.00
2702,74194,100.00
2703,18378,0.00
2704,19768,100.00
2705,33973,100.00
2706,93521,0.00
2707,20442,0.00
2708,62464,100.00
2709,71170,0.00
2710,19524,0.00
2711,67686,100.00
2712,72573,0.00
2713,28473,0.00
2714,71550,100.00
2715,21865,100.00
2716,32481,100.00
2717,75089,0.00
2718,37340,100.00
2719,72173,0.00
2720,37400,100.00
2721,68771,0.00
2722,71457,0.00
2723,71352,50.00
2724,28916,0.00
2725,58233,50.00
2726,35144,100.00
2727,67940,100.00
2728,23060,0.00
2729,59883,100.00
2730,60793,100.00
2731,80382,100.00
2732,35324,100.00
2733,32524,100.00
2734,178040,0.00
2735,71924,50.00
2736,72323,100.00
2737,48213,0.00
2738,57070,100.00
2739,64685,100.00
2740,30115,0.00
2741,31520,100.00
2742,63246,100.00
2743,57003,0.00
2744,57542,100.00
2745,58542,100.00
2746,70545,0.00
2747,66801,100.00
2748,72288,100.00
2749,63259,0.00
2750,67267,100.00
2751,69574,100.00
2752,69327,0.00
2753,60516,100.00
2754,55490,100.00
2755,72093,50.00
2756,70471,100.00
2757,68609,100.00
2758,69824,100.00
2759,82256,100.00
2760,44009,0.00
2761,34802,100.00
2762,44388,100.00
2763,64353,100.00
2764,61781,100.00
2765,52507,50.00
2766,68285,100.00
2767,56684,50.00
2768,46977,100.00
2769,45309,100.00
2770,31722,0.00
2771,77188,100.00
2772,53861,100.00
2773,62529,0.00
2774,42982,100.00
2775,35001,100.00
2776,46208,0.00
2777,71354,50.00
2778,69862,100.00
2779,45248,0.00
2780,52718,100.00
2781,37117,100.00
2782,46251,0.00
2783,44496,100.00
2784,60434,100.00
2785,61702,0.00
2786,45747,100.00
2787,30399,100.00
2788,57677,0.00
2789,73067,50.00
2790,61915,0.00
2791,68972,100.00
2792,43236,100.00
2793,55621,100.00
2794,32399,100.00
2795,28721,100.00
2796,32322,100.00
2797,58967,100.00
2798,69413,100.00
2799,51440,100.00
2800,81336,50.00
2801,68571,100.00
2802,48457,100.00
2803,52227,0.00
2804,58543,100.00
2805,59185,100.00
2806,65914,0.00
2807,67336,100.00
2808,73935,100.00
2809,68907,100.00
2810,17833,0.00
2811,15686,0.00
2812,67385,0.00
2813,73960,50.00
2814,22630,100.00
2815,50105,100.00
2816,55427,100.00
2817,39394,100.00
2818,32557,100.00
2819,59842,100.00
2820,50914,100.00
2821,58345,0.00
2822,70636,100.00
2823,70527,100.00
2824,23974,0.00
2825,65214,100.00
2826,68433,100.00
2827,57002,100.00
2828,57466,100.00
2829,66771,100.00
2830,57167,100.00
2831,47275,50.00
2832,55786,100.00
2833,65414,50.00
2834,37440,100.00
2835,67647,100.00
2836,27836,0.00
2837,25205,100.00
2838,49879,100.00
2839,44839,100.00
2840,39924,100.00
2841,57933,100.00
2842,51845,0.00
2843,47692,66.67
2844,64675,100.00
2845,24952,0.00
2846,28649,100.00
2847,42967,100.00
2848,49595,100.00
2849,37575,100.00
2850,43357,100.00
2851,55163,100.00
2852,38056,50.00
2853,54141,100.00
2854,30653,0.00
2855,58539,100.00
2856,38256,100.00
2857,53325,0.00
2858,34283,100.00
2859,43817,100.00
2860,64620,50.00
2861,69006,0.00
2862,48512,100.00
2863,38431,0.00
2864,49764,100.00
2865,39921,100.00
2866,34013,100.00
2867,58249,100.00
2868,40945,100.00
2869,55657,100.00
2870,45555,100.00
2871,63280,50.00
2872,65105,0.00
2873,60889,100.00
2874,37738,100.00
2875,24237,0.00
2876,55843,100.00
2877,40845,100.00
2878,42610,100.00
2879,51691,100.00
2880,49080,100.00
2881,39586,100.00
2882,51271,0.00
2883,63340,100.00
2884,23720,0.00
2885,52620,100.00
2886,45750,100.00
2887,31706,100.00
2888,52105,100.00
2889,46978,100.00
2890,39355,100.00
2891,44538,100.00
2892,69492,50.00
2893,55762,100.00
2894,47742,100.00
2895,61033,100.00
2896,24322,0.00
2897,37371,100.00
2898,53337,100.00
2899,30179,100.00
2900,58769,0.00
2901,49867,100.00
2902,30784,0.00
2903,37225,100.00
2904,43251,100.00
2905,53924,100.00
2906,37800,100.00
2907,57280,100.00
2908,48078,100.00
2909,39738,50.00
2910,58794,100.00
2911,60947,100.00
2912,34254,100.00
2913,57286,100.00
2914,27436,0.00
2915,29248,100.00
2916,28057,100.00
2917,52785,100.00
2918,46430,100.00
2919,35754,66.67
2920,57930,0.00
2921,37984,66.67
2922,48989,100.00
2923,25715,0.00
2924,42628,100.00
2925,35939,100.00
2926,54499,100.00
2927,33716,100.00
2928,30797,100.00
2929,43916,100.00
2930,56270,100.00
2931,44745,50.00
2932,54526,100.00
2933,34382,100.00
2934,34563,100.00
2935,40340,0.00
2936,53111,100.00
2937,34361,100.00
2938,56573,100.00
2939,37961,100.00
2940,62489,50.00
2941,71334,100.00
2942,61015,100.00
2943,61369,100.00
2944,52594,0.00
2945,56274,100.00
2946,37872,100.00
2947,31758,100.00
2948,56182,100.00
2949,43745,50.00
2950,68707,0.00
2951,62427,100.00
2952,55272,100.00
2953,25432,0.00
2954,23943,100.00
2955,65408,100.00
2956,39659,0.00
2957,59992,100.00
2958,33459,100.00
2959,52748,0.00
2960,61954,66.67
2961,39130,0.00
2962,29280,100.00
2963,35175,100.00
2964,47568,100.00
2965,31939,100.00
2966,31974,100.00
2967,58562,100.00
2968,51492,100.00
2969,46274,100.00
2970,67818,50.00
2971,47636,100.00
2972,43504,100.00
2973,60001,100.00
2974,30898,0.00
2975,28277,100.00
2976,59428,100.00
2977,29423,100.00
2978,33558,100.00
2979,47178,100.00
2980,63099,50.00
2981,59329,100.00
2982,65474,100.00
2983,25555,0.00
2984,29646,100.00
2985,52256,100.00
2986,47304,0.00
2987,41184,100.00
2988,65031,50.00
2989,41287,100.00
2990,40664,100.00
2991,31466,100.00
2992,53621,100.00
2993,54788,100.00
2994,53612,100.00
2995,49501,100.00
2996,31600,100.00
2997,54665,50.00
2998,58753,100.00
2999,33507,50.00
3000,68226,100.00
3001,36774,0.00
3002,44433,100.00
3003,36488,100.00
3004,28318,0.00
3005,59766,100.00
3006,53779,100.00
3007,49110,0.00
3008,42836,100.00
3009,50067,66.67
3010,22049,0.00
3011,51323,100.00
3012,41233,100.00
3013,34993,100.00
3014,55911,100.00
3015,30711,100.00
3016,29650,100.00
3017,61526,100.00
3018,47640,50.00
3019,50972,100.00
3020,60230,100.00
3021,61491,100.00
3022,28024,0.00
3023,41177,100.00
3024,46588,100.00
3025,33201,0.00
3026,60555,100.00
3027,44631,100.00
3028,32721,0.00
3029,68372,0.00
3030,57666,100.00
3031,59161,100.00
3032,49394,100.00
3033,56326,100.00
3034,31877,100.00
3035,29591,100.00
3036,50446,100.00
3037,40017,100.00
3038,54847,50.00
3039,74637,66.67
3040,36450,0.00
3041,37970,100.00
3042,35054,100.00
3043,56971,100.00
3044,59004,100.00
3045,60222,100.00
3046,51174,100.00
3047,49639,100.00
3048,54631,50.00
3049,53491,100.00
3050,60388,100.00
3051,51184,100.00
3052,36526,0.00
3053,44087,100.00
3054,36006,100.00
3055,38584,100.00
3056,51275,100.00
3057,41805,100.00
3058,45754,0.00
3059,67477,100.00
3060,54591,100.00
3061,22294,0.00
3062,57953,100.00
3063,45231,100.00
3064,48215,100.00
3065,49135,100.00
3066,32495,100.00
3067,34694,100.00
3068,52101,50.00
3069,59546,100.00
3070,51283,0.00
3071,60698,100.00
3072,43716,100.00
3073,22422,0.00
3074,54837,100.00
3075,48611,100.00
3076,45012,0.00
3077,66026,100.00
3078,45922,66.67
3079,24814,0.00
3080,25989,100.00
3081,57977,100.00
3082,39570,100.00
3083,56269,100.00
3084,45119,100.00
3085,33011,100.00
3086,62582,100.00
3087,62846,50.00
3088,33511,0.00
3089,30142,100.00
3090,61442,100.00
3091,20742,0.00
3092,25988,100.00
3093,52957,100.00
3094,52335,0.00
3095,60779,100.00
3096,53540,100.00
3097,44326,100.00
3098,45601,50.00
3099,46349,100.00
3100,42535,100.00
3101,34024,100.00
3102,54965,100.00
3103,27884,100.00
3104,29636,100.00
3105,46083,100.00
3106,47709,100.00
3107,34687,50.00
3108,59206,0.00
3109,52157,100.00
3110,35490,100.00
3111,61341,100.00
3112,28709,0.00
3113,37544,100.00
3114,50916,100.00
3115,42616,100.00
3116,41856,100.00
3117,41228,50.00
3118,58242,0.00
3119,46320,66.67
3120,63073,100.00
3121,24121,0.00
3122,27678,100.00
3123,29594,100.00
3124,54457,100.00
3125,40217,100.00
3126,61133,100.00
3127,38167,0.00
3128,32541,100.00
3129,28550,100.00
3130,40392,100.00
3131,56668,100.00
3132,50564,100.00
3133,50989,100.00
3134,38409,100.00
3135,39666,100.00
3136,41793,50.00
3137,36592,100.00
3138,36775,100.00
3139,45863,0.00
3140,49067,100.00
3141,37690,100.00
3142,27569,0.00
3143,59276,100.00
3144,41326,100.00
3145,31803,0.00
3146,62336,100.00
3147,48403,100.00
3148,24615,0.00
3149,52920,100.00
3150,46015,100.00
3151,39036,100.00
3152,52309,100.00
3153,32135,100.00
3154,28404,100.00
3155,50211,50.00
3156,54112,100.00
3157,54624,50.00
3158,47959,100.00
3159,33713,100.00
3160,29588,100.00
3161,46416,100.00
3162,49091,100.00
3163,35743,100.00
3164,63236,100.00
3165,29773,100.00
3166,35172,0.00
3167,29595,100.00
3168,51078,100.00
3169,54215,0.00
3170,55970,100.00
3171,56179,100.00
3172,61848,0.00
3173,33678,100.00
3174,61628,100.00
3175,27299,50.00
3176,31030,100.00
3177,57365,100.00
3178,49511,100.00
3179,35658,100.00
3180,29196,100.00
3181,59363,100.00
3182,44983,100.00
3183,50073,100.00
3184,22435,0.00
3185,39788,66.67
3186,55509,100.00
3187,24305,0.00
3188,43516,100.00
3189,35052,100.00
3190,50002,100.00
3191,35028,100.00
3192,29481,100.00
3193,50157,100.00
3194,43778,100.00
3195,39790,50.00
3196,58962,100.00
3197,49424,50.00
3198,41350,100.00
3199,28948,0.00
3200,52857,100.00
3201,35202,100.00
3202,58810,0.00
3203,49349,100.00
3204,27852,100.00
3205,36330,0.00
3206,60920,100.00
3207,57018,66.67
3208,29180,0.00
3209,47764,100.00
3210,36542,100.00
3211,27353,100.00
3212,54334,100.00
3213,36948,100.00
3214,64267,0.00
3215,44127,50.00
3216,33935,100.00
3217,27826,100.00
3218,41821,100.00
3219,56113,100.00
3220,51983,100.00
3221,50407,100.00
3222,30890,100.00
3223,33102,100.00
3224,51062,66.67
3225,33768,100.00
3226,33510,0.00
3227,49051,100.00
3228,43811,100.00
3229,36026,0.00
3230,28209,100.00
3231,60748,100.00
3232,36449,0.00
3233,45887,50.00
3234,64919,100.00
3235,29747,100.00
3236,31529,100.00
3237,60553,100.00
3238,26009,0.00
3239,43662,100.00
3240,49377,100.00
3241,32262,100.00
3242,31190,100.00
3243,51070,50.00
3244,63398,0.00
3245,44812,100.00
3246,63511,75.00
3247,26555,0.00
3248,27843,100.00
3249,54188,100.00
3250,49374,100.00
3251,31770,100.00
3252,62331,100.00
3253,34329,0.00
3254,42964,66.67
3255,27764,100.00
3256,59475,100.00
3257,61893,100.00
3258,60215,100.00
3259,46000,100.00
3260,34747,100.00
3261,54589,100.00
3262,36237,100.00
3263,23824,50.00
3264,31664,100.00
3265,56046,100.00
3266,37198,100.00
3267,32757,100.00
3268,48270,100.00
3269,83751,100.00
3270,57367,100.00
3271,44461,100.00
3272,47902,100.00
3273,43757,50.00
3274,42307,0.00
3275,46582,100.00
3276,36913,100.00
3277,52966,0.00
3278,39896,100.00
3279,60505,100.00
3280,49889,0.00
3281,59954,100.00
3282,49678,50.00
3283,45411,100.00
3284,67202,100.00
3285,31298,100.00
3286,27401,100.00
3287,56755,100.00
3288,37248,100.00
3289,52543,100.00
3290,47118,100.00
3291,36779,100.00
3292,25528,100.00
3293,64787,0.00
3294,55627,66.67
3295,49762,0.00
3296,51513,100.00
3297,35747,100.00
3298,27819,100.00
3299,59623,100.00
3300,35941,100.00
3301,58910,100.00
3302,43344,50.00
3303,30536,100.00
3304,27865,0.00
3305,48422,100.00
3306,59123,100.00
3307,51411,0.00
3308,54081,100.00
3309,38011,100.00
3310,37851,0.00
3311,46434,50.00
3312,44696,100.00
3313,38952,100.00
3314,46739,100.00
3315,47270,100.00
3316,34388,100.00
3317,30051,100.00
3318,61579,100.00
3319,44026,100.00
3320,46908,100.00
3321,63414,66.67
3322,49758,0.00
3323,39027,100.00
3324,59141,100.00
3325,29159,0.00
3326,29401,100.00
3327,60020,100.00
3328,30732,100.00
3329,27571,100.00
3330,47813,100.00
3331,55034,0.00
3332,51243,100.00
3333,63131,66.67
3334,25152,0.00
3335,28958,100.00
3336,43688,100.00
3337,49095,0.00
3338,38184,100.00
3339,57698,100.00
3340,41841,0.00
3341,57460,100.00
3342,72161,66.67
3343,27820,0.00
3344,66521,100.00
3345,42636,100.00
3346,61766,100.00
3347,39366,100.00
3348,32819,100.00
3349,52340,100.00
3350,45332,100.00
3351,65262,50.00
3352,47080,100.00
3353,61031,100.00
3354,43107,100.00
3355,24585,0.00
3356,53964,100.00
3357,61698,100.00
3358,57714,100.00
3359,58532,100.00
3360,46534,100.00
3361,55890,50.00
3362,52952,100.00
3363,57641,100.00
3364,32357,0.00
3365,57835,100.00
3366,44733,100.00
3367,29156,0.00
3368,37714,100.00
3369,59039,100.00
3370,34846,0.00
3371,55517,66.67
3372,63501,0.00
3373,42749,50.00
3374,33137,100.00
3375,61710,100.00
3376,27383,0.00
3377,56935,100.00
3378,54918,100.00
3379,34861,100.00
3380,35700,100.00
3381,56201,100.00
3382,56582,0.00
3383,56283,100.00
3384,52181,100.00
3385,38114,100.00
3386,37019,100.00
3387,61153,100.00
3388,46188,100.00
3389,61387,100.00
3390,64793,66.67
3391,32999,0.00
3392,42441,50.00
3393,38009,100.00
3394,48007,0.00
3395,72796,100.00
3396,57117,100.00
3397,47758,100.00
3398,41826,100.00
3399,66576,100.00
3400,43840,0.00
3401,38454,100.00
3402,52973,100.00
3403,30267,0.00
3404,32527,100.00
3405,26451,100.00
3406,39250,100.00
3407,55004,100.00
3408,54277,100.00
3409,62865,0.00
3410,65908,50.00
3411,52747,100.00
3412,32466,0.00
3413,47829,100.00
3414,38563,100.00
3415,47068,0.00
3416,48491,100.00
3417,36505,100.00
3418,28107,0.00
3419,52535,66.67
3420,65213,100.00
3421,49667,0.00
3422,63097,50.00
3423,46024,100.00
3424,24646,0.00
3425,56752,100.00
3426,49150,100.00
3427,32795,100.00
3428,57000,100.00
3429,37038,100.00
3430,53736,0.00
3431,71015,50.00
3432,66301,100.00
3433,27899,0.00
3434,58193,100.00
3435,53480,100.00
3436,34643,100.00
3437,28127,100.00
3438,54566,100.00
3439,33173,100.00
3440,60022,0.00
3441,68464,100.00
3442,61318,100.00
3443,38740,100.00
3444,30620,100.00
3445,61475,100.00
3446,51615,100.00
3447,71423,100.00
3448,55218,100.00
3449,38924,50.00
3450,60581,100.00
3451,67479,100.00
3452,63722,100.00
3453,34305,100.00
3454,29806,100.00
3455,54399,100.00
3456,35840,100.00
3457,29064,100.00
3458,61983,100.00
3459,57509,100.00
3460,55420,50.00
3461,66784,100.00
3462,69863,66.67
3463,47715,0.00
3464,61932,100.00
3465,50207,100.00
3466,39688,100.00
3467,55717,100.00
3468,57309,100.00
3469,33338,100.00
3470,29524,100.00
3471,55410,100.00
3472,64899,50.00
3473,60891,100.00
3474,57776,100.00
3475,27009,0.00
3476,27838,100.00
3477,58730,100.00
3478,43657,100.00
3479,56108,100.00
3480,61408,66.67
3481,22901,0.00
3482,37540,100.00
3483,58579,100.00
3484,40480,0.00
3485,38325,100.00
3486,60624,100.00
3487,35926,100.00
3488,56667,100.00
3489,62330,66.67
3490,24763,0.00
3491,43108,50.00
3492,61017,100.00
3493,30390,0.00
3494,32508,100.00
3495,28321,100.00
3496,26211,0.00
3497,62560,100.00
3498,57638,100.00
3499,62323,0.00
3500,35557,100.00
3501,41305,50.00
3502,44933,100.00
3503,47300,100.00
3504,44547,100.00
3505,37602,0.00
3506,46545,100.00
3507,37062,100.00
3508,30344,100.00
3509,58482,100.00
3510,63934,100.00
3511,41937,0.00
3512,61195,100.00
3513,33685,100.00
3514,21077,0.00
3515,51332,100.00
3516,47580,100.00
3517,43122,100.00
3518,50445,100.00
3519,31436,100.00
3520,42220,100.00
3521,55089,50.00
3522,55428,100.00
3523,46856,0.00
3524,57319,100.00
3525,42739,100.00
3526,22518,0.00
3527,47587,100.00
3528,47675,100.00
3529,46244,0.00
3530,64522,100.00
3531,43399,100.00
3532,19854,0.00
3533,26251,100.00
3534,57375,100.00
3535,63503,100.00
3536,59499,100.00
3537,45448,100.00
3538,48041,50.00
3539,44490,100.00
3540,64206,66.67
3541,26014,0.00
3542,27509,100.00
3543,57045,100.00
3544,34123,100.00
3545,26828,100.00
3546,31380,100.00
3547,58413,100.00
3548,53124,100.00
3549,57386,100.00
3550,32995,0.00
3551,68072,100.00
3552,20132,0.00
3553,68753,0.00
3554,46819,100.00
3555,65784,100.00
3556,49097,100.00
3557,56063,100.00
3558,48317,100.00
3559,35927,100.00
3560,31382,100.00
3561,80878,50.00
3562,60984,100.00
3563,47983,100.00
3564,67463,100.00
3565,24326,0.00
3566,57023,100.00
3567,48210,100.00
3568,39790,100.00
3569,48413,50.00
3570,61373,100.00
3571,34414,0.00
3572,64670,100.00
3573,59487,100.00
3574,26419,0.00
3575,26568,100.00
3576,59965,100.00
3577,51020,100.00
3578,57378,100.00
3579,67836,33.33
3580,24138,0.00
3581,29803,100.00
3582,35736,100.00
3583,49999,0.00
3584,42628,100.00
3585,58602,100.00
3586,38578,0.00
3587,51254,100.00
3588,55137,100.00
3589,60104,0.00
3590,66759,0.00
3591,69963,100.00
3592,27088,0.00
3593,28472,100.00
3594,26014,100.00
3595,56769,100.00
3596,41987,100.00
3597,52026,100.00
3598,67439,100.00
3599,49582,100.00
3600,66254,66.67
3601,43035,0.00
3602,62155,100.00
3603,59809,100.00
3604,29978,0.00
3605,29833,100.00
3606,28094,100.00
3607,51030,100.00
3608,38769,100.00
3609,45748,100.00
3610,49672,0.00
3611,67657,50.00
3612,40339,100.00
3613,44789,100.00
3614,54957,100.00
3615,37722,100.00
3616,47994,100.00
3617,52658,100.00
3618,46903,100.00
3619,58675,100.00
3620,55742,100.00
3621,69773,66.67
3622,31070,0.00
3623,74180,100.00
3624,55153,100.00
3625,43453,100.00
3626,54661,100.00
3627,59905,100.00
3628,40099,0.00
3629,68580,50.00
3630,67831,100.00
3631,31513,100.00
3632,29722,100.00
3633,56578,100.00
3634,31900,100.00
3635,29262,100.00
3636,61273,100.00
3637,57560,100.00
3638,50940,100.00
3639,63449,50.00
3640,58636,0.00
3641,44850,100.00
3642,60210,100.00
3643,26712,0.00
3644,26294,100.00
3645,58693,100.00
3646,34758,0.00
3647,30332,100.00
3648,44732,100.00
3649,58772,50.00
3650,58449,100.00
3651,68693,100.00
3652,23955,0.00
3653,29953,100.00
3654,41808,100.00
3655,43540,100.00
3656,39256,100.00
3657,54482,66.67
3658,62013,0.00
3659,35839,100.00
3660,48159,66.67
3661,43162,0.00
3662,52188,100.00
3663,43757,100.00
3664,44699,100.00
3665,38819,100.00
3666,37267,100.00
3667,58914,100.00
3668,47433,100.00
3669,43580,75.00
3670,44052,0.00
3671,45501,100.00
3672,34294,100.00
3673,25791,100.00
3674,59268,100.00
3675,46424,100.00
3676,60516,100.00
3677,40391,100.00
3678,49414,50.00
3679,37531,0.00
3680,62316,100.00
3681,45101,100.00
3682,37746,0.00
3683,50240,100.00
3684,33695,100.00
3685,28611,100.00
3686,57920,100.00
3687,45026,100.00
3688,37037,0.00
3689,61151,100.00
3690,53433,100.00
3691,25797,0.00
3692,53101,100.00
3693,47867,100.00
3694,38142,100.00
3695,64071,100.00
3696,33821,100.00
3697,28598,100.00
3698,53344,50.00
3699,64008,0.00
3700,41340,100.00
3701,61387,100.00
3702,47240,100.00
3703,22038,0.00
3704,53357,100.00
3705,44924,100.00
3706,38658,100.00
3707,50308,100.00
3708,40571,66.67
3709,20212,0.00
3710,27137,100.00
3711,58491,100.00
3712,43270,100.00
3713,60023,100.00
3714,48402,100.00
3715,35761,100.00
3716,41473,100.00
3717,59413,66.67
3718,26874,0.00
3719,26734,100.00
3720,56651,100.00
3721,31581,100.00
3722,27643,100.00
3723,53781,100.00
3724,55567,100.00
3725,35784,100.00
3726,52520,100.00
3727,58817,50.00
3728,45277,100.00
3729,60356,100.00
3730,48511,100.00
3731,38126,100.00
3732,57489,100.00
3733,38614,100.00
3734,27417,100.00
3735,32713,100.00
3736,53203,0.00
3737,48472,100.00
3738,64490,100.00
3739,25022,0.00
3740,27819,100.00
3741,43794,100.00
3742,50536,100.00
3743,35460,100.00
3744,53301,100.00
3745,40112,100.00
3746,58718,50.00
3747,65258,66.67
3748,45868,0.00
3749,56444,100.00
3750,48248,100.00
3751,49922,100.00
3752,38326,100.00
3753,26586,100.00
3754,60529,100.00
3755,44592,100.00
3756,68080,66.67
3757,50353,0.00
3758,47002,100.00
3759,37433,100.00
3760,28136,100.00
3761,59572,100.00
3762,38959,100.00
3763,58609,100.00
3764,36496,100.00
3765,31658,100.00
3766,39036,50.00
3767,56921,100.00
3768,43256,100.00
3769,31809,100.00
3770,53870,100.00
3771,41559,100.00
3772,50634,100.00
3773,54785,100.00
3774,55802,100.00
3775,35566,0.00
3776,49486,50.00
3777,60684,100.00
3778,23788,0.00
3779,43267,100.00
3780,44518,100.00
3781,31377,0.00
3782,51333,100.00
3783,39810,100.00
3784,25602,0.00
3785,28088,100.00
3786,61284,50.00
3787,43092,0.00
3788,55969,100.00
3789,55655,100.00
3790,24774,0.00
3791,34743,100.00
3792,47959,100.00
3793,34733,100.00
3794,61950,100.00
3795,49573,66.67
3796,22809,0.00
3797,23043,100.00
3798,40341,100.00
3799,51174,0.00
3800,46947,100.00
3801,49382,100.00
3802,29346,0.00
3803,34579,100.00
3804,54236,100.00
3805,30480,66.67
3806,22142,0.00
3807,46937,100.00
3808,45143,100.00
3809,33351,100.00
3810,29477,100.00
3811,55760,100.00
3812,52584,100.00
3813,57442,100.00
3814,44722,100.00
3815,62630,0.00
3816,43388,100.00
3817,52755,100.00
3818,45720,100.00
3819,36496,100.00
3820,55233,100.00
3821,33813,100.00
3822,28287,100.00
3823,39527,100.00
3824,45726,0.00
3825,53695,100.00
3826,56714,0.00
3827,47569,100.00
3828,40491,100.00
3829,32304,0.00
3830,46563,100.00
3831,32826,100.00
3832,46884,100.00
3833,40900,100.00
3834,33651,100.00
3835,70720,0.00
3836,65914,100.00
3837,60432,100.00
3838,44287,100.00
3839,50759,100.00
3840,32424,100.00
3841,28057,100.00
3842,48594,100.00
3843,52209,100.00
3844,58770,0.00
3845,72809,100.00
3846,66441,100.00
3847,27270,0.00
3848,29155,100.00
3849,55686,100.00
3850,52692,100.00
3851,53483,100.00
3852,50699,100.00
3853,40844,0.00
3854,48678,50.00
3855,62843,100.00
3856,24810,0.00
3857,27022,100.00
3858,54961,100.00
3859,27903,0.00
3860,27717,100.00
3861,48791,100.00
3862,51237,0.00
3863,42837,100.00
3864,53918,0.00
3865,56976,100.00
3866,33158,0.00
3867,43765,100.00
3868,43269,100.00
3869,37478,100.00
3870,51415,100.00
3871,41105,100.00
3872,37508,100.00
3873,34262,66.67
3874,54636,0.00
3875,50450,50.00
3876,65174,100.00
3877,23898,0.00
3878,25930,100.00
3879,49413,100.00
3880,44186,100.00
3881,39775,100.00
3882,57757,100.00
3883,34631,100.00
3884,33190,50.00
3885,31512,100.00
3886,39882,0.00
3887,50603,100.00
3888,50319,100.00
3889,48965,0.00
3890,36972,100.00
3891,48253,100.00
3892,64685,100.00
3893,40506,66.67
3894,25728,0.00
3895,52079,100.00
3896,47271,100.00
3897,37380,100.00
3898,29014,100.00
3899,60510,100.00
3900,54253,100.00
3901,55285,100.00
3902,63132,50.00
3903,52338,100.00
3904,26743,0.00
3905,55620,0.00
3906,59857,100.00
3907,28429,0.00
3908,53824,100.00
3909,48633,100.00
3910,35030,100.00
3911,44436,100.00
3912,57695,100.00
3913,50072,0.00
3914,62327,66.67
3915,57694,100.00
3916,24531,0.00
3917,37793,100.00
3918,46066,100.00
3919,33910,100.00
3920,54684,100.00
3921,44442,100.00
3922,59210,100.00
3923,81151,100.00
3924,79029,50.00
3925,69338,100.00
3926,41465,100.00
3927,64365,100.00
3928,20958,0.00
3929,26819,100.00
3930,52558,100.00
3931,39575,0.00
3932,44484,100.00
3933,63860,50.00
3934,44439,100.00
3935,31931,100.00
3936,30782,100.00
3937,58830,100.00
3938,52342,100.00
3939,74684,100.00
3940,50512,100.00
3941,47504,100.00
3942,39430,66.67
3943,48892,0.00
3944,47310,100.00
3945,54968,100.00
3946,33421,0.00
3947,33189,100.00
3948,27052,100.00
3949,41216,0.00
3950,60312,100.00
3951,48627,100.00
3952,46992,50.00
3953,63467,100.00
3954,41616,66.67
3955,20419,0.00
3956,51304,100.00
3957,37448,100.00
3958,49826,100.00
3959,46413,100.00
3960,36012,100.00
3961,28087,100.00
3962,60073,100.00
3963,51331,50.00
3964,52283,100.00
3965,48706,100.00
3966,41616,100.00
3967,20280,0.00
3968,49665,100.00
3969,44702,100.00
3970,45644,100.00
3971,55229,100.00
3972,36495,50.00
3973,33162,100.00
3974,28093,100.00
3975,76945,100.00
3976,25947,0.00
3977,57577,100.00
3978,34188,100.00
3979,37908,100.00
3980,60342,100.00
3981,59514,50.00
3982,28562,100.00
3983,39775,100.00
3984,57867,100.00
3985,19150,0.00
3986,26961,100.00
3987,54733,100.00
3988,52138,100.00
3989,55896,100.00
3990,61776,50.00
3991,36095,100.00
3992,39986,100.00
3993,65041,100.00
3994,24207,0.00
3995,28111,100.00
3996,57890,100.00
3997,35120,100.00
3998,25966,100.00
3999,36559,100.00
4000,112966,100.00
4001,50036,50.00
4002,43872,100.00
4003,56240,50.00
4004,28165,100.00
4005,27526,100.00
4006,53091,0.00
4007,50886,100.00
4008,52913,100.00
4009,44175,0.00
4010,36728,100.00
4011,43005,100.00
4012,60065,50.00
4013,42868,100.00
4014,64303,100.00
4015,23675,0.00
4016,25266,100.00
4017,26286,100.00
4018,51835,100.00
4019,47196,100.00
4020,57616,50.00
4021,55981,0.00
4022,28850,100.00
4023,39893,100.00
4024,38719,0.00
4025,58333,100.00
4026,36391,100.00
4027,56082,100.00
4028,34563,100.00
4029,40212,50.00
4030,35005,0.00
4031,57094,100.00
4032,42320,100.00
4033,39359,0.00
4034,44887,100.00
4035,32576,100.00
4036,25219,100.00
4037,53335,100.00
4038,49020,100.00
4039,48721,50.00
4040,60910,100.00
4041,45149,66.67
4042,24221,0.00
4043,45171,100.00
4044,49286,100.00
4045,32353,100.00
4046,60064,100.00
4047,33462,100.00
4048,24986,100.00
4049,51851,100.00
4050,58189,100.00
4051,27975,0.00
4052,54555,100.00
4053,38574,100.00
4054,22364,0.00
4055,43510,100.00
4056,44451,100.00
4057,33137,0.00
4058,53439,100.00
4059,51450,66.67
4060,21743,0.00
4061,33146,100.00
4062,62815,100.00
4063,40947,0.00
4064,52629,100.00
4065,47124,100.00
4066,35387,100.00
4067,29172,100.00
4068,61395,66.67
4069,20302,0.00
4070,30659,100.00
4071,63371,100.00
4072,24493,0.00
4073,29137,100.00
4074,28315,100.00
4075,60993,100.00
4076,47902,100.00
4077,61327,100.00
4078,43903,0.00
4079,41306,100.00
4080,55053,66.67
4081,25742,0.00
4082,29523,100.00
4083,34641,100.00
4084,46910,100.00
4085,33858,100.00
4086,30499,100.00
4087,55620,100.00
4088,66443,100.00
4089,51750,100.00
4090,55429,0.00
4091,35095,100.00
4092,36738,100.00
4093,41123,0.00
4094,48024,100.00
4095,32556,100.00
4096,51951,100.00
4097,31901,100.00
4098,26476,100.00
4099,50356,100.00
4100,66148,50.00
4101,57080,100.00
4102,26637,0.00
4103,42697,100.00
4104,35025,100.00
4105,40857,100.00
4106,43938,100.00
4107,34910,100.00
4108,51907,50.00
4109,32845,100.00
4110,29478,100.00
4111,25149,100.00
4112,47529,100.00
4113,50534,100.00
4114,45796,100.00
4115,48229,100.00
4116,31062,100.00
4117,32063,0.00
4118,53149,100.00
4119,33766,100.00
4120,33983,100.00
4121,46387,100.00
4122,41007,100.00
4123,32797,100.00
4124,25191,100.00
4125,58230,100.00
4126,38052,100.00
4127,26419,0.00
4128,59730,100.00
4129,28636,0.00
4130,28434,100.00
4131,60057,100.00
4132,28466,0.00
4133,40243,100.00
4134,48024,100.00
4135,31104,0.00
4136,28510,100.00
4137,43856,100.00
4138,38038,100.00
4139,46012,50.00
4140,59060,100.00
4141,27785,0.00
4142,27311,100.00
4143,46629,100.00
4144,41620,100.00
4145,35231,100.00
4146,54350,100.00
4147,30825,100.00
4148,72879,50.00
4149,72754,100.00
4150,52326,0.00
4151,60734,100.00
4152,56087,100.00
4153,52335,100.00
4154,36271,100.00
4155,32285,100.00
4156,55311,100.00
4157,48146,50.00
4158,74010,50.00
4159,65431,100.00
4160,55935,100.00
4161,44029,100.00
4162,23417,0.00
4163,59074,100.00
4164,42728,100.00
4165,62102,100.00
4166,46687,100.00
4167,50049,0.00
4168,59430,50.00
4169,57942,100.00
4170,48082,100.00
4171,32451,100.00
4172,56575,100.00
4173,29687,100.00
4174,25010,100.00
4175,54793,100.00
4176,56198,100.00
4177,40793,0.00
4178,52049,66.67
4179,67000,100.00
4180,24389,0.00
4181,43844,100.00
4182,51340,100.00
4183,33934,100.00
4184,53420,100.00
4185,41936,100.00
4186,25965,100.00
4187,37926,100.00
4188,61921,50.00
4189,45037,0.00
4190,58913,100.00
4191,55913,100.00
4192,26740,0.00
4193,38619,100.00
4194,46126,100.00
4195,34924,0.00
4196,62773,66.67
4197,45820,100.00
4198,37800,100.00
4199,30914,100.00
4200,46807,100.00
4201,52524,100.00
4202,52329,100.00
4203,50282,100.00
4204,33083,100.00
4205,50526,0.00
4206,63219,100.00
4207,35517,50.00
4208,29785,100.00
4209,54188,100.00
4210,46415,100.00
4211,34807,100.00
4212,30224,100.00
4213,56808,100.00
4214,50973,100.00
4215,55313,100.00
4216,51528,100.00
4217,63691,0.00
4218,47968,100.00
4219,52111,0.00
4220,44170,100.00
4221,34847,100.00
4222,55317,0.00
4223,45047,100.00
4224,40950,100.00
4225,43047,0.00
4226,49172,100.00
4227,52272,50.00
4228,55360,100.00
4229,41954,100.00
4230,33021,100.00
4231,25946,100.00
4232,57516,100.00
4233,36011,100.00
4234,52345,100.00
4235,51546,100.00
4236,29275,100.00
4237,55505,0.00
4238,42098,100.00
4239,58862,100.00
4240,25173,0.00
4241,57005,100.00
4242,33808,100.00
4243,28493,100.00
4244,53018,100.00
4245,45725,100.00
4246,46611,0.00
4247,59929,50.00
4248,64051,100.00
4249,25574,0.00
4250,31523,100.00
4251,58207,100.00
4252,52291,0.00
4253,55383,100.00
4254,49256,100.00
4255,32804,0.00
4256,51967,50.00
4257,60717,100.00
4258,22663,0.00
4259,26953,100.00
4260,49252,100.00
4261,41162,100.00
4262,35400,100.00
4263,40983,100.00
4264,52568,100.00
4265,40613,100.00
4266,42173,50.00
4267,65708,0.00
4268,48137,100.00
4269,60126,100.00
4270,26838,0.00
4271,33856,100.00
4272,43405,100.00
4273,45963,100.00
4274,31631,100.00
4275,32735,100.00
4276,53605,50.00
4277,68184,0.00
4278,65816,100.00
4279,31725,0.00
4280,28773,100.00
4281,29364,100.00
4282,56008,0.00
4283,47629,100.00
4284,51858,50.00
4285,57559,100.00
4286,31410,100.00
4287,45679,75.00
4288,24548,0.00
4289,58233,100.00
4290,36498,100.00
4291,54394,100.00
4292,32163,100.00
4293,34292,100.00
4294,57509,100.00
4295,70335,50.00
4296,41614,100.00
4297,26140,0.00
4298,62566,100.00
4299,46754,100.00
4300,35122,100.00
4301,42351,100.00
4302,57892,100.00
4303,45844,100.00
4304,49745,100.00
4305,62988,50.00
4306,43272,0.00
4307,52711,100.00
4308,45612,100.00
4309,34517,0.00
4310,48598,100.00
4311,54915,100.00
4312,41686,0.00
4313,51951,100.00
4314,57446,100.00
4315,43497,0.00
4316,72880,50.00
4317,70264,100.00
4318,20144,0.00
4319,27461,100.00
4320,56305,100.00
4321,46370,100.00
4322,32501,100.00
4323,50773,100.00
4324,41505,100.00
4325,54276,100.00
4326,49017,50.00
4327,73499,50.00
4328,45319,100.00
4329,48924,100.00
4330,47304,100.00
4331,33371,100.00
4332,47971,100.00
4333,44524,100.00
4334,49804,100.00
4335,65813,100.00
4336,29079,0.00
4337,42184,100.00
4338,61205,100.00
4339,31018,0.00
4340,47017,100.00
4341,31388,100.00
4342,53187,0.00
4343,52447,100.00
4344,54616,50.00
4345,53520,0.00
4346,52417,100.00
4347,51711,100.00
4348,34690,0.00
4349,43670,100.00
4350,32460,100.00
4351,38580,100.00
4352,50808,100.00
4353,52405,100.00
4354,52381,0.00
4355,67750,100.00
4356,53947,100.00
4357,20913,0.00
4358,54733,100.00
4359,38576,100.00
4360,52418,0.00
4361,47828,100.00
4362,37020,100.00
4363,39895,0.00
4364,61223,50.00
4365,55852,100.00
4366,55092,50.00
4367,50791,100.00
4368,40605,100.00
4369,22418,0.00
4370,55178,100.00
4371,54741,100.00
4372,40208,100.00
4373,59571,100.00
4374,35524,100.00
4375,32833,50.00
4376,35030,100.00
4377,92392,100.00
4378,25386,0.00
4379,59096,100.00
4380,47940,100.00
4381,42557,100.00
4382,57726,100.00
4383,61906,50.00
4384,30322,100.00
4385,28411,100.00
4386,61245,100.00
4387,22434,0.00
4388,25526,100.00
4389,46747,100.00
4390,55709,100.00
4391,57088,100.00
4392,60496,100.00
4393,36048,0.00
4394,41068,50.00
4395,57715,100.00
4396,27027,0.00
4397,34363,100.00
4398,49534,100.00
4399,39621,100.00
4400,34830,100.00
4401,28022,100.00
4402,58407,100.00
4403,49835,50.00
4404,57209,100.00
4405,27396,0.00
4406,29497,66.67
4407,43665,100.00
4408,21915,0.00
4409,48271,100.00
4410,42956,100.00
4411,42334,0.00
4412,32774,100.00
4413,39649,100.00
4414,54111,100.00
4415,44788,50.00
4416,45572,100.00
4417,43924,100.00
4418,32704,100.00
4419,28000,100.00
4420,41625,100.00
4421,44536,100.00
4422,48340,100.00
4423,54789,0.00
4424,27816,100.00
4425,36323,100.00
4426,23378,0.00
4427,57969,100.00
4428,47212,100.00
4429,51684,100.00
4430,43243,100.00
4431,44544,100.00
4432,36474,0.00
4433,51251,100.00
4434,53300,100.00
4435,33346,0.00
4436,43481,100.00
4437,31075,100.00
4438,27649,100.00
4439,48223,100.00
4440,48079,100.00
4441,56847,50.00
4442,52869,100.00
4443,59380,100.00
4444,24018,0.00
4445,40715,100.00
4446,43557,100.00
4447,29827,100.00
4448,56190,100.00
4449,30868,100.00
4450,23099,100.00
4451,45409,50.00
4452,49386,100.00
4453,33833,0.00
4454,53695,50.00
4455,44879,100.00
4456,24332,0.00
4457,36256,100.00
4458,38962,100.00
4459,29206,100.00
4460,54303,100.00
4461,51057,100.00
4462,21182,0.00
4463,34247,100.00
4464,62306,100.00
4465,37820,0.00
4466,45204,100.00
4467,52506,100.00
4468,34070,100.00
4469,30726,100.00
4470,59207,100.00
4471,20074,0.00
4472,29973,100.00
4473,63389,100.00
4474,24447,0.00
4475,28273,100.00
4476,27129,100.00
4477,58750,100.00
4478,42765,100.00
4479,56797,100.00
4480,43741,0.00
4481,35147,50.00
4482,51386,100.00
4483,24035,0.00
4484,29414,100.00
4485,37222,100.00
4486,38589,100.00
4487,32886,100.00
4488,28162,100.00
4489,50035,100.00
4490,49735,100.00
4491,49368,50.00
4492,36732,0.00
4493,38309,66.67
4494,44545,100.00
4495,22330,0.00
4496,38477,100.00
4497,30242,100.00
4498,50396,100.00
4499,32862,100.00
4500,28701,100.00
4501,55742,100.00
4502,65865,0.00
4503,61995,100.00
4504,33312,0.00
4505,29239,100.00
4506,27532,100.00
4507,43358,100.00
4508,46310,100.00
4509,46433,100.00
4510,50771,0.00
4511,42991,66.67
4512,28420,100.00
4513,29586,100.00
4514,56689,100.00
4515,66170,100.00
4516,54986,100.00
4517,48480,100.00
4518,45418,100.00
4519,29163,50.00
4520,52791,100.00
4521,58722,100.00
4522,26638,0.00
4523,54721,100.00
4524,41448,100.00
4525,34969,100.00
4526,48367,100.00
4527,53419,100.00
4528,36936,100.00
4529,41767,50.00
4530,62409,100.00
4531,27119,0.00
4532,26986,100.00
4533,55490,100.00
4534,43712,0.00
4535,49423,100.00
4536,46467,100.00
4537,29691,0.00
4538,27506,100.00
4539,56029,50.00
4540,38678,100.00
4541,52433,0.00
4542,59826,100.00
4543,24304,0.00
4544,25171,100.00
4545,48387,100.00
4546,43269,100.00
4547,35750,100.00
4548,49219,100.00
4549,31214,100.00
4550,48192,0.00
4551,71549,100.00
4552,49416,0.00
4553,55256,100.00
4554,53472,100.00
4555,48710,100.00
4556,31245,100.00
4557,31019,100.00
4558,48512,100.00
4559,45201,100.00
4560,68610,50.00
4561,66577,100.00
4562,49751,100.00
4563,48039,100.00
4564,23090,0.00
4565,57034,100.00
4566,45860,100.00
4567,60637,100.00
4568,27636,100.00
4569,47838,66.67
4570,38455,0.00
4571,51342,100.00
4572,41293,100.00
4573,38192,100.00
4574,49720,100.00
4575,34728,100.00
4576,27195,100.00
4577,47213,100.00
4578,59079,100.00
4579,46769,50.00
4580,60217,100.00
4581,64636,66.67
4582,23574,0.00
4583,43048,100.00
4584,42947,100.00
4585,30827,100.00
4586,50908,100.00
4587,40017,100.00
4588,27375,100.00
4589,34530,100.00
4590,57449,50.00
4591,41002,100.00
4592,57819,100.00
4593,53364,100.00
4594,23211,0.00
4595,43664,100.00
4596,37467,100.00
4597,35004,100.00
4598,48232,100.00
4599,36908,50.00
4600,32279,100.00
4601,27440,100.00
4602,38653,100.00
4603,66649,100.00
4604,42196,100.00
4605,44370,100.00
4606,29302,100.00
4607,37789,50.00
4608,50887,100.00
4609,31544,100.00
4610,26265,100.00
4611,46821,100.00
4612,45147,100.00
4613,33104,100.00
4614,26617,100.00
4615,54521,100.00
4616,50099,100.00
4617,62101,100.00
4618,50468,0.00
4619,70439,66.67
4620,36945,100.00
4621,57150,0.00
4622,47824,100.00
4623,54899,100.00
4624,59846,0.00
4625,46034,100.00
4626,31288,100.00
4627,49782,0.00
4628,50598,100.00
4629,60396,100.00
4630,62787,50.00
4631,64218,100.00
4632,43440,100.00
4633,31459,0.00
4634,41608,100.00
4635,41140,100.00
4636,44908,100.00
4637,44342,100.00
4638,32396,100.00
4639,65461,0.00
4640,62319,100.00
4641,60768,100.00
4642,53419,100.00
4643,53511,100.00
4644,37827,100.00
4645,28361,100.00
4646,47712,100.00
4647,44070,100.00
4648,47853,0.00
4649,60687,100.00
4650,62705,100.00
4651,21357,0.00
4652,26290,100.00
4653,63215,100.00
4654,45471,0.00
4655,58092,100.00
4656,47929,100.00
4657,46797,0.00
4658,45886,100.00
4659,64159,66.67
4660,27309,0.00
4661,27151,100.00
4662,54425,100.00
4663,33086,100.00
4664,28525,100.00
4665,45448,100.00
4666,53489,100.00
4667,41639,100.00
4668,49031,100.00
4669,55213,0.00
4670,44461,100.00
4671,55006,100.00
4672,29344,0.00
4673,32257,100.00
4674,38289,100.00
4675,40163,100.00
4676,30737,100.00
4677,31224,100.00
4678,40783,0.00
4679,50507,50.00
4680,59477,100.00
4681,29880,0.00
4682,31805,100.00
4683,27353,100.00
4684,49168,100.00
4685,42342,100.00
4686,45609,100.00
4687,54266,50.00
4688,28995,100.00
4689,44037,100.00
4690,21817,0.00
4691,56049,100.00
4692,39467,100.00
4693,54161,100.00
4694,46080,100.00
4695,38692,100.00
4696,49162,50.00
4697,56081,100.00
4698,39753,100.00
4699,24481,0.00
4700,59184,100.00
4701,36756,100.00
4702,29590,0.00
4703,49355,100.00
4704,58732,100.00
4705,49910,0.00
4706,50080,66.67
4707,38930,100.00
4708,38681,0.00
4709,45583,100.00
4710,54504,100.00
4711,25568,0.00
4712,47170,100.00
4713,39264,100.00
4714,35438,100.00
4715,26405,100.00
4716,57277,100.00
4717,33654,0.00
4718,40158,50.00
4719,63729,100.00
4720,20953,0.00
4721,26829,100.00
4722,49576,100.00
4723,40020,100.00
4724,42035,100.00
4725,43352,100.00
4726,30708,100.00
4727,28551,100.00
4728,55119,66.67
4729,52624,0.00
4730,46838,100.00
4731,48818,100.00
4732,25578,100.00
4733,26725,100.00
4734,45757,100.00
4735,44305,100.00
4736,51127,50.00
4737,59121,66.67
4738,20975,0.00
4739,25549,100.00
4740,25146,100.00
4741,60787,100.00
4742,46290,100.00
4743,59605,100.00
4744,41845,100.00
4745,41810,100.00
4746,35375,100.00
4747,54042,50.00
4748,46914,100.00
4749,58403,100.00
4750,27147,0.00
4751,26216,100.00
4752,26133,100.00
4753,44136,100.00
4754,49736,100.00
4755,32811,0.00
4756,53929,100.00
4757,55164,66.67
4758,25169,100.00
4759,37904,0.00
4760,43166,100.00
4761,31992,100.00
4762,49391,0.00
4763,31439,100.00
4764,25248,100.00
4765,33891,0.00
4766,51480,66.67
4767,37724,0.00
4768,58980,100.00
4769,35007,100.00
4770,33381,100.00
4771,33577,0.00
4772,49100,100.00
4773,35784,100.00
4774,59766,50.00
4775,31832,100.00
4776,38769,100.00
4777,24069,0.00
4778,48363,100.00
4779,52617,100.00
4780,50972,100.00
4781,45483,100.00
4782,35932,100.00
4783,44753,50.00
4784,51410,100.00
4785,29317,100.00
4786,23501,0.00
4787,48340,100.00
4788,47029,100.00
4789,28355,100.00
4790,26740,100.00
4791,53411,100.00
4792,44978,100.00
4793,41970,50.00
4794,35418,100.00
4795,35316,50.00
4796,24934,100.00
4797,58993,100.00
4798,24687,0.00
4799,42889,100.00
4800,47752,100.00
4801,32535,100.00
4802,26302,100.00
4803,59707,100.00
4804,42028,100.00
4805,40181,50.00
4806,63364,100.00
4807,27177,0.00
4808,25964,100.00
4809,60005,100.00
4810,32819,0.00
4811,29585,100.00
4812,57336,100.00
4813,27777,0.00
4814,23692,100.00
4815,38317,50.00
4816,56937,0.00
4817,37262,50.00
4818,59650,100.00
4819,23121,0.00
4820,26872,100.00
4821,35895,100.00
4822,43986,100.00
4823,32779,100.00
4824,43837,100.00
4825,31513,0.00
4826,27450,100.00
4827,26797,100.00
4828,42513,100.00
4829,50147,100.00
4830,44110,100.00
4831,41170,100.00
4832,28808,100.00
4833,36335,100.00
4834,36074,0.00
4835,47793,100.00
4836,43304,100.00
4837,28839,0.00
4838,35748,100.00
4839,33029,100.00
4840,26952,0.00
4841,51321,100.00
4842,34654,100.00
4843,34041,100.00
4844,57409,50.00
4845,40522,100.00
4846,26461,0.00
4847,48123,100.00
4848,45576,100.00
4849,42613,100.00
4850,51513,100.00
4851,32274,100.00
4852,28148,100.00
4853,41522,50.00
4854,49355,100.00
4855,39931,0.00
4856,51770,100.00
4857,38374,100.00
4858,22161,0.00
4859,42207,100.00
4860,42153,100.00
4861,30171,100.00
4862,57471,50.00
4863,42077,100.00
4864,23978,0.00
4865,27024,100.00
4866,56638,100.00
4867,31775,0.00
4868,52529,100.00
4869,28885,100.00
4870,26324,100.00
4871,38904,100.00
4872,54312,100.00
4873,48000,50.00
4874,44924,100.00
4875,47964,100.00
4876,31979,100.00
4877,29374,100.00
4878,47960,100.00
4879,60333,100.00
4880,55016,100.00
4881,50840,100.00
4882,51862,100.00
4883,25332,0.00
4884,57000,100.00
4885,25522,0.00
4886,25252,100.00
4887,55365,100.00
4888,39511,100.00
4889,27182,100.00
4890,41435,100.00
4891,53715,100.00
4892,46106,100.00
4893,59539,66.67
4894,37664,0.00
4895,35560,100.00
4896,55270,100.00
4897,26196,0.00
4898,35943,100.00
4899,47341,100.00
4900,41521,100.00
4901,36414,100.00
4902,37979,100.00
4903,51856,0.00
4904,54229,50.00
4905,61319,100.00
4906,22786,0.00
4907,25709,100.00
4908,25586,100.00
4909,52144,100.00
4910,52507,100.00
4911,39458,100.00
4912,55532,100.00
4913,29389,50.00
4914,37831,100.00
4915,38046,0.00
4916,53994,100.00
4917,37214,100.00
4918,57078,0.00
4919,32836,100.00
4920,37719,100.00
4921,25303,50.00
4922,57452,100.00
4923,56155,100.00
4924,30453,0.00
4925,49918,100.00
4926,31617,100.00
4927,26436,100.00
4928,50794,100.00
4929,55463,100.00
4930,33287,100.00
4931,52434,50.00
4932,54059,100.00
4933,34494,100.00
4934,41372,100.00
4935,46837,100.00
4936,31815,100.00
4937,50854,100.00
4938,44211,100.00
4939,29227,100.00
4940,24240,100.00
4941,50224,50.00
4942,44980,100.00
4943,59872,50.00
4944,25597,100.00
4945,28899,100.00
4946,25099,100.00
4947,53790,100.00
4948,60437,100.00
4949,42732,100.00
4950,42366,100.00
4951,25022,100.00
4952,52971,0.00
4953,40777,100.00
4954,60573,0.00
4955,48158,100.00
4956,55775,100.00
4957,44680,0.00
4958,34874,100.00
4959,40084,100.00
4960,40928,0.00
4961,44632,50.00
4962,72445,100.00
4963,45489,0.00
4964,46670,100.00
4965,42383,100.00
4966,36389,100.00
4967,58868,100.00
4968,40379,100.00
4969,59633,100.00
4970,37447,100.00
4971,57413,50.00
4972,58847,100.00
4973,39279,100.00
4974,35489,100.00
4975,33314,100.00
4976,52135,100.00
4977,36980,100.00
4978,27222,100.00
4979,54511,100.00
4980,51999,100.00
4981,45843,50.00
4982,57252,100.00
4983,63106,66.67
4984,23926,0.00
4985,49768,100.00
4986,46441,100.00
4987,35262,100.00
4988,49819,100.00
4989,35192,100.00
4990,25061,100.00
4991,41021,100.00
4992,61844,50.00
4993,53128,100.00
4994,63057,100.00
4995,58208,100.00
4996,24537,0.00
4997,38732,100.00
4998,44295,100.00
4999,35189,100.00
5000,88701,100.00
5001,43209,50.00
5002,36471,100.00
5003,27060,100.00
5004,39353,100.00
5005,53572,100.00
5006,47297,100.00
5007,48142,100.00
5008,31856,100.00
5009,38161,100.00
5010,57203,50.00
5011,32933,100.00
5012,26760,100.00
5013,41540,100.00
5014,38871,100.00
5015,35776,100.00
5016,25695,100.00
5017,47930,100.00
5018,42493,100.00
5019,45111,100.00
5020,34333,0.00
5021,58302,100.00
5022,29916,100.00
5023,43944,0.00
5024,39766,100.00
5025,30305,100.00
5026,44876,0.00
5027,35865,100.00
5028,26327,100.00
5029,50285,0.00
5030,55986,50.00
5031,51585,100.00
5032,53339,50.00
5033,33875,100.00
5034,32451,100.00
5035,37659,0.00
5036,49712,100.00
5037,34044,100.00
5038,51067,100.00
5039,36290,100.00
5040,36467,100.00
5041,66668,0.00
5042,60537,100.00
5043,60426,100.00
5044,43442,0.00
5045,48103,100.00
5046,32364,100.00
5047,27823,100.00
5048,50524,100.00
5049,32409,100.00
5050,59232,0.00
5051,55706,100.00
5052,53598,100.00
5053,24012,0.00
5054,33203,100.00
5055,49670,100.00
5056,29683,100.00
5057,46955,100.00
5058,30557,100.00
5059,43202,0.00
5060,42172,100.00
5061,52703,100.00
5062,30481,100.00
5063,36912,100.00
5064,43876,100.00
5065,32125,100.00
5066,25769,100.00
5067,52508,100.00
5068,41221,100.00
5069,37438,0.00
5070,58311,100.00
5071,30415,0.00
5072,33448,100.00
5073,59386,100.00
5074,25817,0.00
5075,25316,100.00
5076,52453,100.00
5077,27915,0.00
5078,30220,100.00
5079,39461,100.00
5080,62895,100.00
5081,59498,50.00
5082,41527,100.00
5083,27061,100.00
5084,23932,100.00
5085,47792,100.00
5086,44228,100.00
5087,30045,100.00
5088,61474,100.00
5089,25538,0.00
5090,31853,100.00
5091,38468,100.00
5092,48215,100.00
5093,42936,100.00
5094,51611,100.00
5095,43626,100.00
5096,28703,100.00
5097,47662,100.00
5098,50214,0.00
5099,29735,100.00
5100,46315,100.00
5101,29648,0.00
5102,26145,100.00
5103,25824,100.00
5104,34902,100.00
5105,48530,100.00
5106,45337,100.00
5107,37494,0.00
5108,38375,66.67
5109,38903,0.00
5110,36441,50.00
5111,42145,100.00
5112,38732,100.00
5113,37023,0.00
5114,39718,100.00
5115,39949,100.00
5116,27574,100.00
5117,56616,100.00
5118,36777,100.00
5119,37395,0.00
5120,60127,66.67
5121,24132,100.00
5122,42917,100.00
5123,43908,100.00
5124,42808,100.00
5125,32110,100.00
5126,50379,100.00
5127,31875,100.00
5128,25604,100.00
5129,45544,50.00
5130,53757,100.00
5131,30597,0.00
5132,56032,100.00
5133,40356,100.00
5134,21045,0.00
5135,42394,100.00
5136,40088,100.00
5137,36765,0.00
5138,45337,50.00
5139,38689,100.00
5140,17932,0.00
5141,24957,100.00
5142,46343,100.00
5143,43014,100.00
5144,45275,100.00
5145,44550,100.00
5146,32034,50.00
5147,38109,100.00
5148,55976,100.00
5149,24821,0.00
5150,25171,100.00
5151,52787,100.00
5152,28993,100.00
5153,26518,100.00
5154,37743,100.00
5155,54345,100.00
5156,30694,50.00
5157,39265,100.00
5158,48561,0.00
5159,34975,100.00
5160,48211,100.00
5161,24868,0.00
5162,31330,100.00
5163,43872,100.00
5164,36821,100.00
5165,32720,100.00
5166,27025,100.00
5167,39743,100.00
5168,46184,50.00
5169,56891,100.00
5170,22092,0.00
5171,22447,100.00
5172,23852,100.00
5173,47527,100.00
5174,40646,100.00
5175,43288,100.00
5176,42139,0.00
5177,22546,66.67
5178,34812,100.00
5179,24162,0.00
5180,60836,100.00
5181,35237,100.00
5182,52740,100.00
5183,32915,100.00
5184,25492,100.00
5185,55401,50.00
5186,54912,100.00
5187,36342,100.00
5188,28482,0.00
5189,46943,100.00
5190,30518,100.00
5191,27251,100.00
5192,52952,100.00
5193,55265,100.00
5194,56049,100.00
5195,48035,50.00
5196,38876,100.00
5197,55119,66.67
5198,21282,0.00
5199,38108,100.00
5200,30726,0.00
5201,46498,100.00
5202,30753,100.00
5203,25335,0.00
5204,38423,100.00
5205,46670,100.00
5206,32019,0.00
5207,47503,50.00
5208,55131,100.00
5209,24728,0.00
5210,24751,100.00
5211,58876,100.00
5212,30948,100.00
5213,52372,100.00
5214,41755,100.00
5215,24623,100.00
5216,33872,100.00
5217,53965,50.00
5218,32406,100.00
5219,51936,100.00
5220,45642,100.00
5221,23176,0.00
5222,34222,100.00
5223,43891,100.00
5224,33824,100.00
5225,43170,50.00
5226,34697,100.00
5227,20928,0.00
5228,25197,100.00
5229,40039,100.00
5230,50474,100.00
5231,47438,100.00
5232,41109,100.00
5233,30912,50.00
5234,38770,100.00
5235,56643,100.00
5236,27960,0.00
5237,24532,100.00
5238,50328,100.00
5239,27594,100.00
5240,29638,100.00
5241,43266,100.00
5242,48125,100.00
5243,32015,50.00
5244,41679,100.00
5245,64023,0.00
5246,37171,100.00
5247,53454,100.00
5248,30104,0.00
5249,31206,100.00
5250,48378,100.00
5251,33713,0.00
5252,24953,100.00
5253,30806,100.00
5254,42698,100.00
5255,45328,50.00
5256,57740,100.00
5257,23306,0.00
5258,27022,100.00
5259,41454,100.00
5260,37935,100.00
5261,33686,100.00
5262,50774,100.00
5263,43155,0.00
5264,25500,66.67
5265,37463,100.00
5266,41487,0.00
5267,53860,100.00
5268,42225,100.00
5269,47056,100.00
5270,33800,100.00
5271,24096,100.00
5272,41904,50.00
5273,33346,100.00
5274,33471,100.00
5275,30431,0.00
5276,38324,100.00
5277,35169,100.00
5278,25878,0.00
5279,51502,100.00
5280,40720,100.00
5281,54861,0.00
5282,32912,66.67
5283,33057,0.00
5284,28757,50.00
5285,55352,100.00
5286,41329,100.00
5287,30240,0.00
5288,44139,100.00
5289,32781,100.00
5290,27651,100.00
5291,57384,100.00
5292,40540,100.00
5293,33326,0.00
5294,51958,50.00
5295,42901,100.00
5296,21629,0.00
5297,42588,100.00
5298,45606,100.00
5299,30208,100.00
5300,52722,100.00
5301,32494,100.00
5302,25851,100.00
5303,35942,100.00
5304,59429,50.00
5305,41219,100.00
5306,54576,100.00
5307,55539,100.00
5308,24628,0.00
5309,45934,100.00
5310,41365,100.00
5311,35893,100.00
5312,53379,50.00
5313,45030,100.00
5314,22847,0.00
5315,27089,100.00
5316,46642,100.00
5317,49412,100.00
5318,46561,100.00
5319,42767,100.00
5320,28574,50.00
5321,37586,100.00
5322,52321,66.67
5323,23362,0.00
5324,24197,100.00
5325,51260,100.00
5326,32248,100.00
5327,27473,100.00
5328,38807,100.00
5329,50630,100.00
5330,30983,100.00
5331,38730,100.00
5332,46919,50.00
5333,30812,100.00
5334,45210,100.00
5335,27577,0.00
5336,32264,100.00
5337,45764,100.00
5338,36506,100.00
5339,31311,100.00
5340,24616,100.00
5341,51879,0.00
5342,43446,50.00
5343,64496,100.00
5344,24076,0.00
5345,26991,100.00
5346,27672,100.00
5347,51251,100.00
5348,37057,100.00
5349,50940,100.00
5350,39344,100.00
5351,54949,50.00
5352,67545,100.00
5353,43795,0.00
5354,60710,100.00
5355,37702,100.00
5356,58934,100.00
5357,35101,100.00
5358,27820,100.00
5359,49280,100.00
5360,42104,50.00
5361,63667,50.00
5362,50789,0.00
5363,44783,100.00
5364,32670,100.00
5365,29083,0.00
5366,48216,100.00
5367,40843,100.00
5368,53661,0.00
5369,42595,100.00
5370,43742,100.00
5371,45828,0.00
5372,52853,100.00
5373,55753,100.00
5374,24462,0.00
5375,52941,100.00
5376,29897,100.00
5377,25308,100.00
5378,45895,100.00
5379,51530,100.00
5380,41087,100.00
5381,52779,50.00
5382,57890,100.00
5383,23498,0.00
5384,44092,100.00
5385,43732,100.00
5386,29886,100.00
5387,46291,100.00
5388,32535,100.00
5389,24361,100.00
5390,41291,100.00
5391,64790,50.00
5392,57295,100.00
5393,61125,100.00
5394,58103,100.00
5395,25775,0.00
5396,36647,100.00
5397,35619,100.00
5398,32876,100.00
5399,47706,50.00
5400,38994,100.00
5401,30498,100.00
5402,25246,100.00
5403,36105,100.00
5404,41260,100.00
5405,41230,100.00
5406,41670,100.00
5407,31805,100.00
5408,42840,50.00
5409,62210,100.00
5410,31289,50.00
5411,27346,100.00
5412,44800,100.00
5413,46445,0.00
5414,32011,100.00
5415,29799,100.00
5416,55779,0.00
5417,56065,100.00
5418,57344,100.00
5419,50938,0.00
5420,60165,0.00
5421,57341,100.00
5422,38701,0.00
5423,38053,100.00
5424,33882,100.00
5425,40780,100.00
5426,38523,100.00
5427,37437,100.00
5428,37750,100.00
5429,42779,100.00
5430,46553,50.00
5431,43841,100.00
5432,31302,100.00
5433,29391,100.00
5434,22637,100.00
5435,45149,100.00
5436,32360,100.00
5437,37914,100.00
5438,39839,100.00
5439,33572,100.00
5440,64099,0.00
5441,51474,66.67
5442,62000,100.00
5443,25352,0.00
5444,57160,100.00
5445,34477,100.00
5446,28745,0.00
5447,47246,100.00
5448,46498,100.00
5449,48676,0.00
5450,68954,0.00
5451,62496,100.00
5452,25673,0.00
5453,26506,100.00
5454,49478,100.00
5455,50507,100.00
5456,46086,100.00
5457,46922,100.00
5458,30845,100.00
5459,50882,50.00
5460,57953,100.00
5461,20728,0.00
5462,25904,100.00
5463,51571,100.00
5464,39530,100.00
5465,35817,100.00
5466,36704,100.00
5467,49785,100.00
5468,38188,100.00
5469,43367,50.00
5470,59878,100.00
5471,53084,100.00
5472,55014,100.00
5473,26825,0.00
5474,34373,100.00
5475,40528,100.00
5476,43229,0.00
5477,31828,100.00
5478,34416,100.00
5479,49801,0.00
5480,58255,100.00
5481,67711,66.67
5482,22003,0.00
5483,23003,100.00
5484,24813,100.00
5485,54602,100.00
5486,45147,100.00
5487,58519,100.00
5488,59738,0.00
5489,30617,100.00
5490,45176,66.67
5491,21688,0.00
5492,60469,100.00
5493,39432,100.00
5494,56781,100.00
5495,36165,100.00
5496,37261,100.00
5497,54286,100.00
5498,60084,50.00
5499,36990,100.00
5500,24904,0.00
5501,47641,100.00
5502,32939,100.00
5503,30566,100.00
5504,52022,100.00
5505,53688,100.00
5506,50393,100.00
5507,44636,100.00
5508,43873,66.67
5509,33712,100.00
5510,44964,100.00
5511,41117,100.00
5512,32047,100.00
5513,40084,100.00
5514,26149,100.00
5515,25723,100.00
5516,37706,100.00
5517,43102,100.00
5518,30918,50.00
5519,52201,100.00
5520,53513,66.67
5521,25172,0.00
5522,25392,100.00
5523,51615,100.00
5524,29984,100.00
5525,52192,100.00
5526,41042,100.00
5527,33410,100.00
5528,34802,100.00
5529,50630,100.00
5530,55276,50.00
5531,54913,100.00
5532,49831,100.00
5533,27248,0.00
5534,27679,100.00
5535,49222,100.00
5536,30262,100.00
5537,53562,100.00
5538,34822,50.00
5539,27367,0.00
5540,25339,100.00
5541,37173,100.00
5542,53095,0.00
5543,41250,100.00
5544,45583,100.00
5545,27557,0.00
5546,32662,100.00
5547,50630,66.67
5548,24966,0.00
5549,34286,100.00
5550,45901,100.00
5551,42796,100.00
5552,35089,100.00
5553,27039,100.00
5554,52001,100.00
5555,38005,100.00
5556,33225,50.00
5557,58878,100.00
5558,36303,100.00
5559,52022,100.00
5560,24342,0.00
5561,40033,100.00
5562,35396,100.00
5563,44644,0.00
5564,31753,100.00
5565,28304,100.00
5566,37435,0.00
5567,48960,100.00
5568,52338,66.67
5569,26708,0.00
5570,30981,100.00
5571,34740,100.00
5572,42883,100.00
5573,38871,100.00
5574,29892,100.00
5575,48455,100.00
5576,25275,100.00
5577,23133,50.00
5578,25837,100.00
5579,42455,100.00
5580,45506,100.00
5581,40209,100.00
5582,40664,100.00
5583,33381,100.00
5584,40789,100.00
5585,47987,100.00
5586,29692,66.67
5587,23275,0.00
5588,44940,100.00
5589,42337,100.00
5590,33246,100.00
5591,26824,100.00
5592,57163,100.00
5593,44265,100.00
5594,41955,100.00
5595,35668,66.67
5596,33503,0.00
5597,25011,100.00
5598,59208,100.00
5599,20729,0.00
5600,41976,100.00
5601,48302,100.00
5602,33075,100.00
5603,26412,100.00
5604,49964,100.00
5605,40775,50.00
5606,38921,100.00
5607,53238,100.00
5608,25548,50.00
5609,25498,100.00
5610,54610,100.00
5611,24949,0.00
5612,23658,100.00
5613,51449,100.00
5614,33641,100.00
5615,25829,100.00
5616,66282,100.00
5617,54274,100.00
5618,61430,50.00
5619,59904,100.00
5620,19242,0.00
5621,20260,100.00
5622,24523,100.00
5623,24769,100.00
5624,61266,100.00
5625,62003,100.00
5626,52629,0.00
5627,48593,100.00
5628,27647,100.00
5629,27271,100.00
5630,34860,100.00
5631,57928,100.00
5632,49051,100.00
5633,25946,100.00
5634,31699,50.00
5635,27437,100.00
5636,33268,100.00
5637,58277,100.00
5638,50977,0.00
5639,45697,100.00
5640,33298,100.00
5641,24554,0.00
5642,27465,100.00
5643,46192,100.00
5644,42047,50.00
5645,55026,100.00
5646,39755,100.00
5647,26476,50.00
5648,27944,100.00
5649,65284,100.00
5650,43962,0.00
5651,47030,100.00
5652,33439,100.00
5653,24564,100.00
5654,23549,100.00
5655,59980,100.00
5656,31819,100.00
5657,56993,50.00
5658,28230,100.00
5659,20583,0.00
5660,23378,100.00
5661,53601,100.00
5662,51432,0.00
5663,52546,100.00
5664,37298,100.00
5665,25519,0.00
5666,22901,100.00
5667,26979,100.00
5668,47646,100.00
5669,50149,100.00
5670,47336,100.00
5671,25809,100.00
5672,31485,100.00
5673,51274,100.00
5674,46063,0.00
5675,48029,100.00
5676,53755,100.00
5677,21839,0.00
5678,20355,100.00
5679,26807,100.00
5680,45826,100.00
5681,54777,100.00
5682,36943,100.00
5683,28601,0.00
5684,30816,100.00
5685,35186,100.00
5686,44487,0.00
5687,51167,100.00
5688,56102,100.00
5689,21569,0.00
5690,22985,100.00
5691,29697,100.00
5692,41180,0.00
5693,46664,66.67
5694,43694,100.00
5695,43142,100.00
5696,44711,0.00
5697,40835,100.00
5698,21264,0.00
5699,57486,100.00
5700,54488,100.00
5701,43228,100.00
5702,29736,100.00
5703,22688,100.00
5704,33043,0.00
5705,55456,66.67
5706,62217,100.00
5707,29548,0.00
5708,23013,100.00
5709,25717,100.00
5710,36048,100.00
5711,46545,100.00
5712,32102,100.00
5713,43748,0.00
5714,34311,100.00
5715,30039,100.00
5716,26883,100.00
5717,43687,100.00
5718,48645,100.00
5719,49190,100.00
5720,57541,100.00
5721,32604,100.00
5722,34052,0.00
5723,52042,100.00
5724,37798,100.00
5725,31102,100.00
5726,55763,100.00
5727,45769,100.00
5728,25584,100.00
5729,27468,100.00
5730,54791,100.00
5731,32215,100.00
5732,38233,0.00
5733,52477,100.00
5734,30132,0.00
5735,26400,100.00
5736,57176,100.00
5737,27261,0.00
5738,41477,100.00
5739,46079,100.00
5740,29446,0.00
5741,25885,100.00
5742,37927,100.00
5743,42257,100.00
5744,46403,50.00
5745,57373,100.00
5746,24920,0.00
5747,25691,100.00
5748,46461,100.00
5749,44838,100.00
5750,33143,100.00
5751,52118,100.00
5752,29763,100.00
5753,52744,50.00
5754,50441,100.00
5755,39374,0.00
5756,49877,100.00
5757,44574,100.00
5758,39822,100.00
5759,26617,100.00
5760,24302,100.00
5761,47392,100.00
5762,37510,50.00
5763,66593,100.00
5764,34823,0.00
5765,42897,100.00
5766,53188,100.00
5767,28815,100.00
5768,60949,100.00
5769,39638,100.00
5770,51459,100.00
5771,29260,66.67
5772,37911,100.00
5773,38671,50.00
5774,37683,100.00
5775,30245,100.00
5776,35666,100.00
5777,40457,100.00
5778,32839,100.00
5779,25670,100.00
5780,47199,100.00
5781,35319,100.00
5782,30325,0.00
5783,51643,50.00
5784,43514,100.00
5785,24396,0.00
5786,39612,100.00
5787,42649,100.00
5788,33204,0.00
5789,43900,100.00
5790,28950,100.00
5791,27582,0.00
5792,39145,100.00
5793,53938,0.00
5794,43419,100.00
5795,48281,100.00
5796,41178,100.00
5797,20878,0.00
5798,46534,100.00
5799,43431,100.00
5800,38857,100.00
5801,43544,50.00
5802,33850,100.00
5803,22498,0.00
5804,23846,100.00
5805,52464,100.00
5806,39904,100.00
5807,53666,100.00
5808,42616,100.00
5809,30568,50.00
5810,54832,100.00
5811,57290,100.00
5812,28000,50.00
5813,25593,100.00
5814,58743,100.00
5815,24027,0.00
5816,23495,100.00
5817,39442,100.00
5818,43243,100.00
5819,46191,100.00
5820,43582,100.00
5821,64980,0.00
5822,60345,100.00
5823,61179,100.00
5824,26214,0.00
5825,34003,100.00
5826,42303,100.00
5827,41404,100.00
5828,37537,100.00
5829,30411,100.00
5830,45102,0.00
5831,56158,50.00
5832,48267,100.00
5833,55553,100.00
5834,27358,100.00
5835,49029,100.00
5836,22704,0.00
5837,38902,100.00
5838,42049,100.00
5839,41760,100.00
5840,38403,100.00
5841,45659,0.00
5842,45430,100.00
5843,50864,100.00
5844,53877,100.00
5845,29918,0.00
5846,31793,100.00
5847,27953,100.00
5848,39541,100.00
5849,39836,100.00
5850,41072,50.00
5851,62986,50.00
5852,53478,100.00
5853,43998,100.00
5854,23049,0.00
5855,55977,100.00
5856,53655,100.00
5857,48738,100.00
5858,41083,100.00
5859,39159,100.00
5860,39959,100.00
5861,47061,50.00
5862,55085,100.00
5863,28341,0.00
5864,50403,100.00
5865,42115,100.00
5866,37046,100.00
5867,32637,100.00
5868,53988,100.00
5869,27419,100.00
5870,42958,100.00
5871,62791,50.00
5872,55670,100.00
5873,36647,100.00
5874,60818,100.00
5875,25738,0.00
5876,31753,100.00
5877,55379,100.00
5878,32175,100.00
5879,30396,100.00
5880,46624,50.00
5881,44200,100.00
5882,47778,100.00
5883,60920,100.00
5884,22566,0.00
5885,24928,100.00
5886,46983,100.00
5887,46084,100.00
5888,35028,100.00
5889,63452,66.67
5890,21200,0.00
5891,34927,50.00
5892,49837,100.00
5893,42602,0.00
5894,60213,100.00
5895,55953,100.00
5896,36943,100.00
5897,41092,100.00
5898,60905,100.00
5899,46619,0.00
5900,29582,66.67
5901,49829,100.00
5902,29114,0.00
5903,28127,100.00
5904,25800,100.00
5905,33357,100.00
5906,48109,100.00
5907,46174,100.00
5908,50597,100.00
5909,37583,100.00
5910,40114,50.00
5911,38626,0.00
5912,41215,100.00
5913,44234,100.00
5914,37445,0.00
5915,42339,100.00
5916,35432,100.00
5917,27692,0.00
5918,53754,100.00
5919,53717,100.00
5920,35730,50.00
5921,51473,0.00
5922,30453,100.00
5923,20321,0.00
5924,46867,100.00
5925,46592,100.00
5926,38831,100.00
5927,45513,100.00
5928,33590,100.00
5929,37804,0.00
5930,48902,100.00
5931,48387,0.00
5932,43905,100.00
5933,47136,100.00
5934,35573,100.00
5935,21853,0.00
5936,39413,100.00
5937,44375,100.00
5938,45126,100.00
5939,59071,100.00
5940,34867,66.67
5941,22535,0.00
5942,24537,100.00
5943,57436,100.00
5944,42800,100.00
5945,53962,100.00
5946,41690,100.00
5947,44256,100.00
5948,36321,50.00
5949,59895,100.00
5950,25062,0.00
5951,25960,100.00
5952,51046,100.00
5953,30415,100.00
5954,26388,100.00
5955,40796,100.00
5956,44724,100.00
5957,43559,100.00
5958,61391,66.67
5959,23343,0.00
5960,28870,100.00
5961,52307,100.00
5962,27427,0.00
5963,33194,100.00
5964,58970,100.00
5965,37058,100.00
5966,26620,100.00
5967,55677,100.00
5968,69781,50.00
5969,44460,0.00
5970,62028,75.00
5971,23418,0.00
5972,26898,100.00
5973,26691,100.00
5974,51498,100.00
5975,41287,100.00
5976,59783,100.00
5977,46484,0.00
5978,36519,66.67
5979,28692,100.00
5980,62398,100.00
5981,52496,100.00
5982,43611,100.00
5983,43435,100.00
5984,36216,100.00
5985,37201,100.00
5986,54970,100.00
5987,23219,50.00
5988,30432,100.00
5989,45430,0.00
5990,48967,100.00
5991,36933,100.00
5992,26070,0.00
5993,55307,100.00
5994,50840,100.00
5995,58215,0.00
5996,58127,100.00
5997,47894,50.00
5998,35999,100.00
5999,53850,0.00
6000,70113,100.00
6001,32356,100.00
6002,50660,100.00
6003,35034,100.00
6004,28063,100.00
6005,53808,100.00
6006,74356,100.00
6007,51678,50.00
6008,26411,0.00
6009,60094,100.00
6010,24515,0.00
6011,27985,100.00
6012,57978,100.00
6013,30783,100.00
6014,55384,100.00
6015,48264,100.00
6016,35669,100.00
6017,46030,50.00
6018,66219,100.00
6019,40918,50.00
6020,54656,100.00
6021,55462,100.00
6022,25327,0.00
6023,24600,100.00
6024,52068,100.00
6025,47315,100.00
6026,54055,100.00
6027,57804,50.00
6028,30107,0.00
6029,29287,100.00
6030,61081,100.00
6031,36765,0.00
6032,44443,100.00
6033,53052,100.00
6034,30261,0.00
6035,39620,100.00
6036,35158,50.00
6037,55522,100.00
6038,34709,100.00
6039,56762,100.00
6040,22120,0.00
6041,23761,100.00
6042,25362,100.00
6043,54791,100.00
6044,50598,100.00
6045,46731,100.00
6046,58432,50.00
6047,34390,100.00
6048,35378,100.00
6049,40387,0.00
6050,46931,100.00
6051,32589,100.00
6052,55565,100.00
6053,36350,100.00
6054,28207,100.00
6055,51315,50.00
6056,70844,100.00
6057,57116,100.00
6058,57756,0.00
6059,31662,100.00
6060,31050,100.00
6061,33046,0.00
6062,45011,100.00
6063,32413,100.00
6064,57376,0.00
6065,44630,100.00
6066,37133,0.00
6067,34982,100.00
6068,49729,100.00
6069,57600,100.00
6070,44239,0.00
6071,44689,100.00
6072,35365,100.00
6073,33727,100.00
6074,59499,100.00
6075,41087,50.00
6076,31895,100.00
6077,56406,100.00
6078,53253,100.00
6079,23957,0.00
6080,24970,100.00
6081,59757,100.00
6082,46103,100.00
6083,55304,100.00
6084,50414,100.00
6085,35650,50.00
6086,30562,100.00
6087,58581,100.00
6088,26101,0.00
6089,44211,100.00
6090,46137,100.00
6091,36118,100.00
6092,25201,100.00
6093,56858,100.00
6094,48514,100.00
6095,31958,50.00
6096,61830,100.00
6097,31822,50.00
6098,28946,100.00
6099,57461,100.00
6100,24810,0.00
6101,38324,100.00
6102,49267,100.00
6103,27704,100.00
6104,28230,100.00
6105,58781,0.00
6106,56549,50.00
6107,41159,100.00
6108,62925,100.00
6109,20606,0.00
6110,24777,100.00
6111,53960,100.00
6112,40915,100.00
6113,42652,100.00
6114,62373,66.67
6115,25824,0.00
6116,29599,100.00
6117,57009,100.00
6118,38781,0.00
6119,42774,100.00
6120,54239,100.00
6121,46324,100.00
6122,42381,100.00
6123,45520,66.67
6124,25131,0.00
6125,46508,100.00
6126,34287,100.00
6127,48158,100.00
6128,34516,100.00
6129,28861,100.00
6130,42804,100.00
6131,65417,100.00
6132,40259,100.00
6133,43620,0.00
6134,54470,100.00
6135,46508,100.00
6136,29112,0.00
6137,43674,100.00
6138,29973,100.00
6139,44011,100.00
6140,38841,100.00
6141,29394,100.00
6142,23151,100.00
6143,49252,50.00
6144,40922,100.00
6145,51110,50.00
6146,37168,100.00
6147,35808,100.00
6148,25745,100.00
6149,48004,100.00
6150,35232,100.00
6151,42865,100.00
6152,40908,100.00
6153,38255,100.00
6154,61830,0.00
6155,33338,100.00
6156,61278,100.00
6157,22001,0.00
6158,55160,100.00
6159,33614,100.00
6160,27549,100.00
6161,42980,100.00
6162,35904,100.00
6163,53666,0.00
6164,42283,100.00
6165,62182,100.00
6166,25817,0.00
6167,26639,100.00
6168,43465,100.00
6169,52940,0.00
6170,47545,100.00
6171,52162,100.00
6172,35635,0.00
6173,43035,50.00
6174,55058,100.00
6175,20813,0.00
6176,26317,100.00
6177,47843,100.00
6178,35058,100.00
6179,33123,100.00
6180,38808,100.00
6181,52252,100.00
6182,32482,50.00
6183,38735,100.00
6184,54426,100.00
6185,34581,50.00
6186,49055,100.00
6187,24399,0.00
6188,32939,100.00
6189,40075,100.00
6190,40188,100.00
6191,29733,100.00
6192,26441,100.00
6193,37316,100.00
6194,51893,0.00
6195,58400,100.00
6196,29630,0.00
6197,30884,100.00
6198,25731,100.00
6199,51294,100.00
6200,44872,100.00
6201,50109,100.00
6202,43569,50.00
6203,39812,100.00
6204,26416,100.00
6205,26308,0.00
6206,54612,100.00
6207,43670,100.00
6208,45291,0.00
6209,44771,100.00
6210,37758,100.00
6211,44108,100.00
6212,37683,50.00
6213,50464,100.00
6214,22682,0.00
6215,50076,100.00
6216,30239,100.00
6217,26658,100.00
6218,44387,100.00
6219,48815,100.00
6220,46728,100.00
6221,53242,50.00
6222,62318,66.67
6223,25012,0.00
6224,42807,100.00
6225,46788,100.00
6226,33786,100.00
6227,43218,100.00
6228,45429,100.00
6229,34979,100.00
6230,49545,100.00
6231,70954,100.00
6232,39521,100.00
6233,55469,50.00
6234,58540,100.00
6235,26512,0.00
6236,25230,100.00
6237,51517,100.00
6238,46922,0.00
6239,50732,100.00
6240,51912,100.00
6241,28502,0.00
6242,63001,50.00
6243,63234,100.00
6244,39278,0.00
6245,38128,100.00
6246,59574,100.00
6247,26363,100.00
6248,28226,100.00
6249,50129,100.00
6250,44263,100.00
6251,57693,50.00
6252,75686,100.00
6253,39068,0.00
6254,33197,100.00
6255,32246,100.00
6256,49585,100.00
6257,54722,100.00
6258,55354,100.00
6259,44977,100.00
6260,40269,50.00
6261,46413,100.00
6262,47315,0.00
6263,50645,100.00
6264,47678,100.00
6265,38578,0.00
6266,41694,100.00
6267,37733,100.00
6268,37111,0.00
6269,60286,100.00
6270,43296,50.00
6271,38752,100.00
6272,62841,50.00
6273,45467,100.00
6274,21150,0.00
6275,49720,100.00
6276,46780,100.00
6277,48650,100.00
6278,46477,100.00
6279,32057,100.00
6280,31899,100.00
6281,42069,100.00
6282,43341,66.67
6283,45637,0.00
6284,50580,100.00
6285,39726,100.00
6286,21496,0.00
6287,43711,100.00
6288,42485,100.00
6289,38382,100.00
6290,52104,50.00
6291,43259,100.00
6292,23988,0.00
6293,26684,100.00
6294,55565,100.00
6295,39885,100.00
6296,54041,100.00
6297,41433,100.00
6298,33098,100.00
6299,56560,50.00
6300,58665,100.00
6301,31883,100.00
6302,28950,100.00
6303,58530,100.00
6304,24848,0.00
6305,27537,100.00
6306,51800,100.00
6307,52698,100.00
6308,54082,100.00
6309,47909,50.00
6310,43090,100.00
6311,45427,50.00
6312,56798,100.00
6313,27582,0.00
6314,33631,100.00
6315,48727,100.00
6316,40740,100.00
6317,33955,100.00
6318,27735,100.00
6319,54126,100.00
6320,42466,100.00
6321,41169,50.00
6322,60232,0.00
6323,33243,100.00
6324,37827,100.00
6325,31895,0.00
6326,45009,100.00
6327,31052,100.00
6328,52002,100.00
6329,34587,100.00
6330,28710,100.00
6331,45627,0.00
6332,54255,100.00
6333,60399,100.00
6334,33230,0.00
6335,30457,100.00
6336,27808,100.00
6337,42354,0.00
6338,44923,100.00
6339,41782,50.00
6340,49145,100.00
6341,41481,100.00
6342,35712,100.00
6343,23945,0.00
6344,49857,100.00
6345,64678,100.00
6346,57907,100.00
6347,50523,100.00
6348,48198,50.00
6349,31847,100.00
6350,61775,50.00
6351,57698,100.00
6352,24066,0.00
6353,55923,100.00
6354,32871,100.00
6355,26399,0.00
6356,37908,100.00
6357,46579,100.00
6358,27173,0.00
6359,40311,100.00
6360,66429,0.00
6361,38944,100.00
6362,27592,100.00
6363,64302,100.00
6364,23159,0.00
6365,52497,100.00
6366,44782,100.00
6367,34836,100.00
6368,25722,100.00
6369,46741,50.00
6370,40811,0.00
6371,55254,100.00
6372,55892,100.00
6373,24324,0.00
6374,24573,100.00
6375,51152,100.00
6376,42622,100.00
6377,55167,100.00
6378,61521,50.00
6379,20772,0.00
6380,33276,100.00
6381,61789,100.00
6382,35017,0.00
6383,34505,100.00
6384,57564,100.00
6385,28067,0.00
6386,36966,66.67
6387,58879,100.00
6388,19650,0.00
6389,24168,50.00
6390,52752,100.00
6391,32983,0.00
6392,44229,100.00
6393,31716,100.00
6394,51157,0.00
6395,42273,100.00
6396,43143,100.00
6397,50135,0.00
6398,34605,100.00
6399,45974,66.67
6400,23004,0.00
6401,38313,100.00
6402,40785,100.00
6403,39885,100.00
6404,29353,100.00
6405,26877,100.00
6406,43716,100.00
6407,65717,100.00
6408,36249,50.00
6409,50337,100.00
6410,30618,100.00
6411,35354,100.00
6412,27517,0.00
6413,46413,100.00
6414,34517,100.00
6415,58878,100.00
6416,37162,100.00
6417,26408,100.00
6418,50854,0.00
6419,53262,100.00
6420,55418,100.00
6421,29219,0.00
6422,41031,100.00
6423,33252,100.00
6424,26095,100.00
6425,55232,100.00
6426,32393,100.00
6427,59191,50.00
6428,37954,50.00
6429,26051,100.00
6430,59900,100.00
6431,45448,100.00
6432,56521,100.00
6433,49728,100.00
6434,47927,100.00
6435,44057,100.00
6436,31995,100.00
6437,36180,0.00
6438,62510,100.00
6439,24714,0.00
6440,50013,100.00
6441,44155,100.00
6442,34260,100.00
6443,31364,100.00
6444,57354,100.00
6445,44531,100.00
6446,39770,100.00
6447,61779,50.00
6448,28409,0.00
6449,33481,100.00
6450,57627,100.00
6451,23936,0.00
6452,27075,100.00
6453,53436,100.00
6454,32431,100.00
6455,27312,100.00
6456,56491,100.00
6457,64482,0.00
6458,49716,100.00
6459,63830,100.00
6460,23944,0.00
6461,28150,100.00
6462,39394,100.00
6463,40292,100.00
6464,36529,100.00
6465,50739,100.00
6466,58061,50.00
6467,42254,100.00
6468,48284,100.00
6469,37493,0.00
6470,54447,100.00
6471,47567,100.00
6472,44462,0.00
6473,34734,100.00
6474,35119,50.00
6475,57384,100.00
6476,42786,100.00
6477,35530,66.67
6478,40752,0.00
6479,45670,100.00
6480,35853,100.00
6481,27292,100.00
6482,59822,100.00
6483,49875,100.00
6484,58959,100.00
6485,46712,100.00
6486,42493,100.00
6487,28158,50.00
6488,52536,100.00
6489,40140,100.00
6490,25605,0.00
6491,49523,100.00
6492,33626,100.00
6493,26153,100.00
6494,56087,100.00
6495,65189,100.00
6496,50683,66.67
6497,29137,0.00
6498,42015,100.00
6499,22476,0.00
6500,42092,100.00
6501,41035,100.00
6502,30987,100.00
6503,50074,100.00
6504,29995,100.00
6505,24697,100.00
6506,51411,50.00
6507,56114,100.00
6508,40207,50.00
6509,50913,100.00
6510,50518,100.00
6511,23215,0.00
6512,37972,100.00
6513,37975,100.00
6514,34625,100.00
6515,49301,100.00
6516,32863,50.00
6517,26620,100.00
6518,26294,100.00
6519,42034,100.00
6520,42639,100.00
6521,37250,100.00
6522,41961,100.00
6523,29387,100.00
6524,32724,100.00
6525,53729,66.67
6526,29420,0.00
6527,31811,100.00
6528,52479,100.00
6529,38646,100.00
6530,29879,100.00
6531,31842,100.00
6532,45530,100.00
6533,30367,100.00
6534,36893,100.00
6535,49856,0.00
6536,46196,100.00
6537,49979,100.00
6538,24979,0.00
6539,33575,100.00
6540,41500,100.00
6541,45937,100.00
6542,31710,100.00
6543,26805,100.00
6544,41344,0.00
6545,42628,100.00
6546,46369,100.00
6547,44364,100.00
6548,26618,100.00
6549,42855,100.00
6550,20660,0.00
6551,38277,100.00
6552,36938,100.00
6553,39691,100.00
6554,29112,100.00
6555,47904,0.00
6556,33320,100.00
6557,50764,100.00
6558,50535,100.00
6559,53703,100.00
6560,45550,100.00
6561,34381,100.00
6562,35150,100.00
6563,38829,100.00
6564,45815,100.00
6565,59606,50.00
6566,61267,100.00
6567,51238,100.00
6568,19978,0.00
6569,38229,100.00
6570,52709,100.00
6571,44467,100.00
6572,52555,100.00
6573,34049,100.00
6574,39924,50.00
6575,44356,100.00
6576,59487,100.00
6577,25419,0.00
6578,48737,100.00
6579,41401,100.00
6580,33580,0.00
6581,25800,100.00
6582,57278,100.00
6583,31194,0.00
6584,33151,50.00
6585,60615,100.00
6586,28347,100.00
6587,26985,100.00
6588,59153,100.00
6589,26414,0.00
6590,40441,100.00
6591,40829,100.00
6592,28759,100.00
6593,25269,100.00
6594,39455,50.00
6595,46881,0.00
6596,45901,100.00
6597,56259,100.00
6598,26054,0.00
6599,24985,100.00
6600,54455,100.00
6601,39706,100.00
6602,48910,100.00
6603,56856,50.00
6604,24518,0.00
6605,31020,100.00
6606,57877,100.00
6607,35882,0.00
6608,37729,100.00
6609,56797,100.00
6610,30147,0.00
6611,37927,100.00
6612,63130,100.00
6613,21567,0.00
6614,28404,100.00
6615,58743,100.00
6616,30165,0.00
6617,36367,100.00
6618,27634,100.00
6619,37693,100.00
6620,44534,100.00
6621,42040,100.00
6622,54850,100.00
6623,45564,50.00
6624,43976,100.00
6625,29827,0.00
6626,53850,100.00
6627,34153,100.00
6628,46306,100.00
6629,48105,100.00
6630,35772,100.00
6631,26515,100.00
6632,51461,50.00
6633,48948,100.00
6634,52385,100.00
6635,56344,50.00
6636,39715,100.00
6637,20756,0.00
6638,54010,100.00
6639,50453,100.00
6640,43491,0.00
6641,50004,100.00
6642,34531,100.00
6643,37210,0.00
6644,57330,0.00
6645,62211,100.00
6646,23969,0.00
6647,56716,100.00
6648,44692,100.00
6649,33547,100.00
6650,42733,100.00
6651,45296,100.00
6652,39917,100.00
6653,66545,50.00
6654,61299,100.00
6655,23602,0.00
6656,27931,100.00
6657,48713,100.00
6658,49585,100.00
6659,43578,100.00
6660,56382,100.00
6661,38271,100.00
6662,47464,50.00
6663,62107,100.00
6664,27135,0.00
6665,34140,100.00
6666,42595,100.00
6667,42604,100.00
6668,33726,100.00
6669,26700,100.00
6670,56138,100.00
6671,47085,100.00
6672,44222,50.00
6673,63537,100.00
6674,44502,50.00
6675,50630,100.00
6676,24340,0.00
6677,44778,100.00
6678,38702,100.00
6679,48340,100.00
6680,30352,100.00
6681,32895,100.00
6682,42656,100.00
6683,46612,100.00
6684,59057,66.67
6685,31373,0.00
6686,27478,100.00
6687,26089,100.00
6688,45335,100.00
6689,42129,100.00
6690,41543,100.00
6691,59159,100.00
6692,35699,50.00
6693,46338,100.00
6694,23676,0.00
6695,57699,100.00
6696,42394,100.00
6697,51498,0.00
6698,42376,100.00
6699,35138,100.00
6700,48814,100.00
6701,48624,50.00
6702,36852,100.00
6703,22915,0.00
6704,55004,100.00
6705,32485,100.00
6706,25560,100.00
6707,42331,100.00
6708,54847,100.00
6709,45717,100.00
6710,45288,100.00
6711,43845,50.00
6712,38469,0.00
6713,41883,100.00
6714,52220,100.00
6715,25787,0.00
6716,48438,100.00
6717,40698,100.00
6718,24893,0.00
6719,35604,100.00
6720,54197,100.00
6721,32165,0.00
6722,50548,100.00
6723,56501,66.67
6724,24289,0.00
6725,25668,100.00
6726,52066,100.00
6727,43029,100.00
6728,45496,100.00
6729,40996,100.00
6730,29719,100.00
6731,24208,100.00
6732,53005,50.00
6733,34341,100.00
6734,45411,100.00
6735,52491,100.00
6736,28029,0.00
6737,24796,100.00
6738,45886,100.00
6739,43272,100.00
6740,53083,50.00
6741,36543,100.00
6742,29043,0.00
6743,23858,100.00
6744,33237,100.00
6745,44161,0.00
6746,42789,100.00
6747,41504,100.00
6748,25332,0.00
6749,29894,66.67
6750,48487,100.00
6751,25441,0.00
6752,34166,100.00
6753,42121,100.00
6754,37286,100.00
6755,36887,100.00
6756,28169,100.00
6757,54577,100.00
6758,33078,100.00
6759,34436,50.00
6760,63242,100.00
6761,41336,50.00
6762,50380,100.00
6763,24189,0.00
6764,42153,100.00
6765,41321,100.00
6766,55573,0.00
6767,34177,100.00
6768,29767,100.00
6769,44574,0.00
6770,55297,100.00
6771,63443,66.67
6772,30174,0.00
6773,29954,100.00
6774,28075,100.00
6775,42477,100.00
6776,49844,100.00
6777,31192,100.00
6778,52670,100.00
6779,30633,50.00
6780,28381,100.00
6781,27789,100.00
6782,46672,100.00
6783,51402,100.00
6784,54398,100.00
6785,45788,100.00
6786,35246,100.00
6787,46580,100.00
6788,52979,50.00
6789,31847,100.00
6790,22543,0.00
6791,50020,100.00
6792,39210,100.00
6793,25854,100.00
6794,25395,100.00
6795,51642,100.00
6796,41169,100.00
6797,46358,100.00
6798,43863,50.00
6799,34115,100.00
6800,25261,100.00
6801,58744,100.00
6802,24554,0.00
6803,45102,100.00
6804,40915,100.00
6805,32128,100.00
6806,24697,100.00
6807,50201,100.00
6808,35675,50.00
6809,34847,100.00
6810,58190,50.00
6811,26212,100.00
6812,25730,100.00
6813,60202,100.00
6814,24282,0.00
6815,23117,100.00
6816,55169,100.00
6817,29472,100.00
6818,25252,100.00
6819,42689,100.00
6820,50532,0.00
6821,30808,100.00
6822,59662,100.00
6823,23174,0.00
6824,23805,100.00
6825,43953,100.00
6826,41874,100.00
6827,39164,100.00
6828,60559,50.00
6829,22122,0.00
6830,27029,50.00
6831,34051,100.00
6832,38456,0.00
6833,56958,100.00
6834,45626,100.00
6835,44357,100.00
6836,35252,100.00
6837,36947,100.00
6838,38641,0.00
6839,43575,100.00
6840,47430,100.00
6841,30444,0.00
6842,42475,100.00
6843,28824,100.00
6844,26730,100.00
6845,58493,100.00
6846,47479,50.00
6847,39555,100.00
6848,51984,100.00
6849,40492,66.67
6850,20648,0.00
6851,47357,100.00
6852,44139,100.00
6853,40915,0.00
6854,42328,100.00
6855,33072,100.00
6856,28617,0.00
6857,54826,100.00
6858,53437,66.67
6859,37938,0.00
6860,51753,100.00
6861,38933,100.00
6862,20253,0.00
6863,44005,100.00
6864,40691,100.00
6865,42664,100.00
6866,53958,100.00
6867,39241,50.00
6868,29510,0.00
6869,45380,100.00
6870,89331,100.00
6871,25718,0.00
6872,60405,100.00
6873,35088,100.00
6874,35364,0.00
6875,57939,66.67
6876,40287,100.00
6877,44037,0.00
6878,48811,100.00
6879,56452,100.00
6880,31375,100.00
6881,27223,100.00
6882,52885,100.00
6883,42693,100.00
6884,58978,100.00
6885,44453,50.00
6886,38858,0.00
6887,33981,66.67
6888,61686,100.00
6889,23880,0.00
6890,40620,100.00
6891,43342,100.00
6892,30440,100.00
6893,25270,100.00
6894,56486,100.00
6895,49643,100.00
6896,29217,100.00
6897,53443,50.00
6898,24876,100.00
6899,27177,100.00
6900,57307,100.00
6901,24691,0.00
6902,28672,100.00
6903,47404,100.00
6904,29651,100.00
6905,29583,100.00
6906,55499,100.00
6907,67230,0.00
6908,47283,100.00
6909,63385,100.00
6910,25952,0.00
6911,31141,100.00
6912,54051,100.00
6913,43850,100.00
6914,36363,100.00
6915,64185,50.00
6916,21894,0.00
6917,36062,100.00
6918,49819,100.00
6919,42160,0.00
6920,72808,100.00
6921,53163,100.00
6922,49255,100.00
6923,38312,100.00
6924,39193,50.00
6925,36547,0.00
6926,49997,50.00
6927,54052,100.00
6928,43388,0.00
6929,45767,100.00
6930,33871,100.00
6931,28871,100.00
6932,53956,100.00
6933,68026,100.00
6934,58246,100.00
6935,64104,100.00
6936,43218,66.67
6937,22932,0.00
6938,50868,100.00
6939,44575,100.00
6940,34592,0.00
6941,55873,100.00
6942,33238,100.00
6943,30452,0.00
6944,62696,100.00
6945,61180,50.00
6946,25225,0.00
6947,64511,100.00
6948,33077,100.00
6949,30115,100.00
6950,54559,100.00
6951,47910,100.00
6952,34742,100.00
6953,53874,100.00
6954,42804,100.00
6955,53005,0.00
6956,65723,100.00
6957,66069,100.00
6958,25634,0.00
6959,42040,100.00
6960,48500,100.00
6961,33880,100.00
6962,25683,100.00
6963,59740,100.00
6964,49264,50.00
6965,68323,100.00
6966,63269,100.00
6967,22864,0.00
6968,27635,100.00
6969,27369,100.00
6970,64916,0.00
6971,41412,100.00
6972,59885,100.00
6973,29093,0.00
6974,41511,50.00
6975,62195,66.67
6976,28928,0.00
6977,33832,100.00
6978,42354,100.00
6979,50800,100.00
6980,36016,100.00
6981,30290,100.00
6982,60723,100.00
6983,50961,100.00
6984,38719,100.00
6985,64296,0.00
6986,37396,100.00
6987,46195,100.00
6988,23701,0.00
6989,41910,100.00
6990,27955,100.00
6991,52578,100.00
6992,33900,100.00
6993,31013,100.00
6994,44489,100.00
6995,73177,0.00
6996,66847,100.00
6997,30113,0.00
6998,51525,100.00
6999,41026,100.00
7000,68554,100.00
7001,47956,100.00
7002,40264,100.00
7003,61077,50.00
7004,42930,100.00
7005,47688,100.00
7006,22306,0.00
7007,55670,100.00
7008,53989,100.00
7009,54354,100.00
7010,49050,100.00
7011,40634,100.00
7012,56878,50.00
7013,58519,100.00
7014,34208,100.00
7015,26373,0.00
7016,59012,100.00
7017,41660,100.00
7018,38809,100.00
7019,42006,100.00
7020,52593,100.00
7021,46979,100.00
7022,41449,50.00
7023,61124,50.00
7024,49278,100.00
7025,31966,100.00
7026,57744,100.00
7027,25794,0.00
7028,26427,100.00
7029,54188,100.00
7030,32423,100.00
7031,27017,100.00
7032,46042,100.00
7033,39526,100.00
7034,41643,50.00
7035,64092,100.00
7036,26535,0.00
7037,25018,100.00
7038,47441,100.00
7039,42827,0.00
7040,37932,100.00
7041,56653,100.00
7042,37800,0.00
7043,40371,50.00
7044,66721,100.00
7045,34000,0.00
7046,43066,100.00
7047,50620,100.00
7048,41936,100.00
7049,34320,100.00
7050,38488,100.00
7051,34532,100.00
7052,40088,50.00
7053,65266,66.67
7054,39112,0.00
7055,40200,100.00
7056,40431,100.00
7057,40786,100.00
7058,45956,100.00
7059,41878,100.00
7060,46984,100.00
7061,35959,100.00
7062,40500,100.00
7063,39830,0.00
7064,48469,100.00
7065,39147,100.00
7066,36838,0.00
7067,42774,100.00
7068,37017,100.00
7069,27832,0.00
7070,58682,100.00
7071,46932,100.00
7072,40815,0.00
7073,59570,50.00
7074,48820,100.00
7075,23073,0.00
7076,45440,100.00
7077,41034,100.00
7078,30750,100.00
7079,52897,100.00
7080,31709,100.00
7081,27207,100.00
7082,44195,100.00
7083,53444,50.00
7084,46332,100.00
7085,41919,100.00
7086,30709,100.00
7087,25542,100.00
7088,38061,100.00
7089,41480,100.00
7090,32671,100.00
7091,58978,50.00
7092,29131,100.00
7093,26696,0.00
7094,28424,100.00
7095,46759,100.00
7096,48535,0.00
7097,50383,100.00
7098,46919,100.00
7099,32211,0.00
7100,48799,100.00
7101,54674,100.00
7102,29823,0.00
7103,29239,100.00
7104,60136,100.00
7105,24110,0.00
7106,25275,100.00
7107,28779,100.00
7108,57754,100.00
7109,42073,100.00
7110,38204,100.00
7111,32368,0.00
7112,33761,66.67
7113,51511,100.00
7114,26248,0.00
7115,33919,100.00
7116,41157,100.00
7117,44356,100.00
7118,33060,100.00
7119,26804,100.00
7120,52158,100.00
7121,38173,100.00
7122,34307,50.00
7123,52260,100.00
7124,25803,100.00
7125,25243,100.00
7126,40345,100.00
7127,41651,100.00
7128,31982,100.00
7129,49676,100.00
7130,33964,100.00
7131,26790,50.00
7132,46577,0.00
7133,50787,50.00
7134,52293,100.00
7135,33066,0.00
7136,28726,100.00
7137,25039,100.00
7138,36842,100.00
7139,45219,100.00
7140,39533,100.00
7141,46068,0.00
7142,36699,66.67
7143,34917,100.00
7144,23606,0.00
7145,49569,100.00
7146,77127,100.00
7147,54987,100.00
7148,46768,100.00
7149,46530,100.00
7150,25866,0.00
7151,60047,100.00
7152,54550,100.00
7153,24311,0.00
7154,51004,100.00
7155,36502,100.00
7156,24864,100.00
7157,38536,100.00
7158,52782,100.00
7159,31362,0.00
7160,41972,66.67
7161,51920,0.00
7162,37821,100.00
7163,29173,100.00
7164,61397,100.00
7165,24866,0.00
7166,55050,100.00
7167,44011,100.00
7168,34263,100.00
7169,23819,100.00
7170,57203,50.00
7171,42936,0.00
7172,54637,50.00
7173,53381,100.00
7174,24391,0.00
7175,24081,100.00
7176,52971,100.00
7177,34499,100.00
7178,55060,100.00
7179,49953,100.00
7180,23059,0.00
7181,30623,100.00
7182,58303,100.00
7183,32842,0.00
7184,32997,100.00
7185,50195,100.00
7186,33452,100.00
7187,33856,100.00
7188,52576,100.00
7189,57953,50.00
7190,29955,100.00
7191,57344,100.00
7192,39074,100.00
7193,34934,100.00
7194,29531,100.00
7195,54452,100.00
7196,48603,100.00
7197,56098,100.00
7198,30786,100.00
7199,31435,0.00
7200,45658,100.00
7201,24115,0.00
7202,42178,100.00
7203,39584,100.00
7204,42879,100.00
7205,28243,100.00
7206,26336,100.00
7207,44183,100.00
7208,51238,100.00
7209,48060,66.67
7210,42730,0.00
7211,47127,66.67
7212,40607,100.00
7213,21584,0.00
7214,56477,100.00
7215,35203,100.00
7216,58846,100.00
7217,49277,100.00
7218,33265,100.00
7219,39238,100.00
7220,59555,0.00
7221,52973,66.67
7222,27858,0.00
7223,44558,100.00
7224,34434,100.00
7225,30120,0.00
7226,46636,100.00
7227,37041,100.00
7228,52442,0.00
7229,44424,50.00
7230,38774,100.00
7231,22565,0.00
7232,36709,100.00
7233,51657,100.00
7234,42477,100.00
7235,54834,100.00
7236,35228,100.00
7237,40128,0.00
7238,47787,66.67
7239,33474,100.00
7240,29503,0.00
7241,40883,100.00
7242,46548,100.00
7243,35251,0.00
7244,27260,100.00
7245,54967,100.00
7246,40612,0.00
7247,43548,50.00
7248,60473,100.00
7249,28649,100.00
7250,29675,100.00
7251,59130,100.00
7252,24136,0.00
7253,30233,100.00
7254,51446,100.00
7255,30150,100.00
7256,26762,100.00
7257,47548,66.67
7258,43196,0.00
7259,44458,100.00
7260,60793,66.67
7261,21906,0.00
7262,24462,100.00
7263,47889,100.00
7264,40977,100.00
7265,31617,100.00
7266,62699,100.00
7267,33798,100.00
7268,35274,50.00
7269,47329,100.00
7270,29980,0.00
7271,58527,100.00
7272,50271,100.00
7273,41722,0.00
7274,36892,100.00
7275,45034,100.00
7276,54521,100.00
7277,42963,50.00
7278,55133,100.00
7279,31032,0.00
7280,33561,100.00
7281,28380,100.00
7282,34763,100.00
7283,48509,100.00
7284,43889,100.00
7285,47697,100.00
7286,52765,100.00
7287,37487,50.00
7288,39392,100.00
7289,43516,100.00
7290,45496,100.00
7291,35532,0.00
7292,38810,100.00
7293,38114,100.00
7294,39353,100.00
7295,53668,100.00
7296,48010,50.00
7297,27623,100.00
7298,61505,0.00
7299,42000,100.00
7300,19942,0.00
7301,53904,100.00
7302,37144,100.00
7303,42218,100.00
7304,58812,100.00
7305,34293,100.00
7306,27798,100.00
7307,46502,100.00
7308,50543,66.67
7309,36690,0.00
7310,49182,100.00
7311,32678,100.00
7312,26437,100.00
7313,51130,100.00
7314,42978,100.00
7315,54308,0.00
7316,45701,50.00
7317,36857,100.00
7318,23978,0.00
7319,24994,100.00
7320,57234,100.00
7321,38443,100.00
7322,59247,100.00
7323,33906,100.00
7324,27545,100.00
7325,34216,0.00
7326,60643,100.00
7327,24939,0.00
7328,22773,100.00
7329,55239,100.00
7330,45419,100.00
7331,28818,100.00
7332,43078,100.00
7333,47212,100.00
7334,31259,100.00
7335,44439,50.00
7336,55317,100.00
7337,35404,100.00
7338,41429,100.00
7339,43492,100.00
7340,34924,100.00
7341,53035,100.00
7342,36812,100.00
7343,26862,100.00
7344,33780,100.00
7345,43483,50.00
7346,44805,100.00
7347,59168,66.67
7348,24865,0.00
7349,25993,100.00
7350,43055,100.00
7351,41217,100.00
7352,35004,100.00
7353,44240,100.00
7354,33098,100.00
7355,43184,100.00
7356,64400,66.67
7357,48680,0.00
7358,52751,100.00
7359,42307,100.00
7360,40199,100.00
7361,34043,100.00
7362,27084,100.00
7363,38929,100.00
7364,37739,100.00
7365,61916,50.00
7366,47370,100.00
7367,54321,100.00
7368,39351,100.00
7369,29901,100.00
7370,59278,100.00
7371,54526,100.00
7372,57257,100.00
7373,45620,100.00
7374,40320,50.00
7375,42718,0.00
7376,52419,100.00
7377,54405,100.00
7378,23566,0.00
7379,50950,100.00
7380,30880,100.00
7381,26977,0.00
7382,47378,100.00
7383,54391,100.00
7384,35493,0.00
7385,48028,100.00
7386,59808,66.67
7387,24082,0.00
7388,37986,100.00
7389,45824,100.00
7390,32403,100.00
7391,47354,100.00
7392,42500,100.00
7393,28842,100.00
7394,22048,100.00
7395,54823,100.00
7396,39465,0.00
7397,51157,100.00
7398,52705,100.00
7399,26232,0.00
7400,25717,100.00
7401,55188,100.00
7402,32353,100.00
7403,54703,100.00
7404,53138,66.67
7405,21644,0.00
7406,26289,100.00
7407,40137,100.00
7408,43988,100.00
7409,38858,100.00
7410,48281,100.00
7411,27243,100.00
7412,28028,100.00
7413,55981,100.00
7414,24498,0.00
7415,26406,100.00
7416,57412,100.00
7417,21728,0.00
7418,25275,100.00
7419,26986,100.00
7420,50175,0.00
7421,42384,100.00
7422,49319,100.00
7423,40715,0.00
7424,57888,100.00
7425,26983,0.00
7426,44228,100.00
7427,39115,100.00
7428,33040,100.00
7429,51208,100.00
7430,31287,100.00
7431,26182,100.00
7432,43463,100.00
7433,40234,50.00
7434,48510,100.00
7435,49981,50.00
7436,29484,100.00
7437,33078,100.00
7438,34150,0.00
7439,40834,100.00
7440,30556,100.00
7441,50891,100.00
7442,31573,100.00
7443,27627,100.00
7444,57723,0.00
7445,55624,100.00
7446,57903,100.00
7447,50245,0.00
7448,49191,100.00
7449,34802,100.00
7450,24906,0.00
7451,52264,100.00
7452,29632,100.00
7453,69387,0.00
7454,59046,100.00
7455,51802,100.00
7456,25569,0.00
7457,39364,100.00
7458,52848,100.00
7459,44625,100.00
7460,49273,100.00
7461,30418,100.00
7462,30998,0.00
7463,38152,100.00
7464,55478,100.00
7465,26925,0.00
7466,49454,100.00
7467,48209,100.00
7468,34058,100.00
7469,31374,100.00
7470,60447,100.00
7471,30855,100.00
7472,29464,0.00
7473,65139,100.00
7474,31155,0.00
7475,29426,100.00
7476,62899,100.00
7477,24121,0.00
7478,42520,100.00
7479,46111,100.00
7480,33231,0.00
7481,26087,100.00
7482,46746,100.00
7483,41746,50.00
7484,47073,100.00
7485,54912,100.00
7486,25746,0.00
7487,27325,100.00
7488,56175,100.00
7489,42217,100.00
7490,56037,100.00
7491,61059,66.67
7492,21550,0.00
7493,40067,100.00
7494,35716,100.00
7495,48147,0.00
7496,67848,100.00
7497,50938,100.00
7498,25214,100.00
7499,36337,50.00
7500,42830,100.00
7501,49976,100.00
7502,33257,100.00
7503,59364,100.00
7504,23163,0.00
7505,26817,100.00
7506,25840,100.00
7507,55540,100.00
7508,48283,100.00
7509,67815,100.00
7510,38078,50.00
7511,41777,100.00
7512,42187,66.67
7513,27283,0.00
7514,46662,100.00
7515,32742,100.00
7516,56754,0.00
7517,34313,100.00
7518,27679,100.00
7519,38314,0.00
7520,56601,100.00
7521,41933,100.00
7522,55241,0.00
7523,52734,100.00
7524,37470,100.00
7525,20818,0.00
7526,50796,100.00
7527,49270,100.00
7528,54329,100.00
7529,48187,100.00
7530,34947,100.00
7531,43787,0.00
7532,61724,66.67
7533,49665,100.00
7534,38790,0.00
7535,51394,100.00
7536,33291,100.00
7537,28173,100.00
7538,45232,100.00
7539,51639,100.00
7540,51483,0.00
7541,57925,100.00
7542,37288,100.00
7543,24689,0.00
7544,28029,100.00
7545,62112,100.00
7546,34895,100.00
7547,58965,100.00
7548,30346,100.00
7549,41368,0.00
7550,36837,100.00
7551,60097,100.00
7552,24317,0.00
7553,41647,100.00
7554,45913,100.00
7555,30296,100.00
7556,28553,100.00
7557,52783,100.00
7558,46318,100.00
7559,55933,50.00
7560,58638,100.00
7561,47839,50.00
7562,29381,100.00
7563,42059,100.00
7564,41095,0.00
7565,32257,100.00
7566,54060,100.00
7567,28744,0.00
7568,24487,100.00
7569,49222,100.00
7570,60738,100.00
7571,45418,0.00
7572,62865,100.00
7573,25448,0.00
7574,27536,100.00
7575,40865,100.00
7576,44081,100.00
7577,35093,100.00
7578,51481,66.67
7579,31672,0.00
7580,29096,100.00
7581,49734,100.00
7582,33911,0.00
7583,58468,100.00
7584,46849,100.00
7585,41437,100.00
7586,34424,100.00
7587,45649,50.00
7588,47810,100.00
7589,25203,0.00
7590,35660,100.00
7591,27712,0.00
7592,40804,100.00
7593,34502,100.00
7594,26411,100.00
7595,55827,100.00
7596,48116,100.00
7597,57165,100.00
7598,51837,50.00
7599,37175,100.00
7600,24977,0.00
7601,46396,100.00
7602,41916,100.00
7603,36741,0.00
7604,47052,100.00
7605,33521,100.00
7606,25771,100.00
7607,50496,100.00
7608,68730,100.00
7609,34471,0.00
7610,60030,66.67
7611,41669,100.00
7612,22434,0.00
7613,41323,100.00
7614,43747,100.00
7615,33884,100.00
7616,48374,100.00
7617,30930,100.00
7618,25734,100.00
7619,56782,50.00
7620,50567,100.00
7621,40889,0.00
7622,49028,100.00
7623,40377,100.00
7624,22496,0.00
7625,44235,100.00
7626,44108,100.00
7627,41750,0.00
7628,55458,100.00
7629,32208,100.00
7630,22669,0.00
7631,25776,100.00
7632,54727,100.00
7633,42143,100.00
7634,52915,100.00
7635,46741,100.00
7636,46186,50.00
7637,43257,100.00
7638,59850,100.00
7639,23575,0.00
7640,24472,100.00
7641,52471,100.00
7642,29728,0.00
7643,26379,100.00
7644,42260,100.00
7645,50620,0.00
7646,44916,66.67
7647,51025,100.00
7648,59101,66.67
7649,20430,0.00
7650,36746,100.00
7651,35931,100.00
7652,32238,100.00
7653,51887,100.00
7654,27508,100.00
7655,26326,100.00
7656,47327,100.00
7657,62192,0.00
7658,47020,100.00
7659,61675,100.00
7660,23528,0.00
7661,28694,100.00
7662,36514,100.00
7663,37866,100.00
7664,34816,100.00
7665,43328,100.00
7666,49314,50.00
7667,37934,100.00
7668,43423,100.00
7669,37787,0.00
7670,49459,100.00
7671,42990,100.00
7672,48042,0.00
7673,36534,100.00
7674,30339,100.00
7675,55622,50.00
7676,39411,100.00
7677,37632,100.00
7678,36204,0.00
7679,40544,100.00
7680,36264,100.00
7681,27373,100.00
7682,51174,100.00
7683,41685,100.00
7684,51465,100.00
7685,46144,50.00
7686,37608,100.00
7687,28542,50.00
7688,46989,100.00
7689,42151,100.00
7690,27505,0.00
7691,51494,100.00
7692,31003,100.00
7693,27230,100.00
7694,52465,100.00
7695,67456,100.00
7696,34567,100.00
7697,58136,0.00
7698,41691,100.00
7699,22362,0.00
7700,41790,100.00
7701,47940,100.00
7702,31002,100.00
7703,50541,100.00
7704,29885,100.00
7705,23512,100.00
7706,48577,100.00
7707,49660,50.00
7708,30458,100.00
7709,46200,100.00
7710,48431,100.00
7711,23253,0.00
7712,41550,100.00
7713,39656,100.00
7714,32909,100.00
7715,50138,50.00
7716,41218,100.00
7717,21987,0.00
7718,25259,100.00
7719,43765,100.00
7720,42560,100.00
7721,42016,100.00
7722,42188,100.00
7723,30599,50.00
7724,38705,100.00
7725,53497,66.67
7726,28363,0.00
7727,29571,100.00
7728,51967,100.00
7729,37183,100.00
7730,33183,100.00
7731,29910,100.00
7732,52414,100.00
7733,28988,100.00
7734,35702,100.00
7735,64121,50.00
7736,44126,100.00
7737,53405,100.00
7738,22750,0.00
7739,39587,100.00
7740,41926,100.00
7741,46728,100.00
7742,31850,100.00
7743,28273,100.00
7744,46489,100.00
7745,45886,50.00
7746,49016,100.00
7747,53248,100.00
7748,28698,100.00
7749,43275,100.00
7750,22942,0.00
7751,40083,100.00
7752,38620,100.00
7753,48810,100.00
7754,34550,100.00
7755,51781,0.00
7756,38504,50.00
7757,52715,100.00
7758,51615,100.00
7759,54520,100.00
7760,49193,100.00
7761,36129,100.00
7762,35703,100.00
7763,44244,100.00
7764,41916,0.00
7765,62713,50.00
7766,56111,100.00
7767,46967,100.00
7768,21560,0.00
7769,39743,100.00
7770,51740,100.00
7771,49731,100.00
7772,49213,100.00
7773,36488,100.00
7774,38470,0.00
7775,44975,100.00
7776,53758,100.00
7777,26502,0.00
7778,48128,100.00
7779,41495,100.00
7780,55150,100.00
7781,33938,100.00
7782,60055,100.00
7783,33139,100.00
7784,33840,50.00
7785,60652,100.00
7786,32900,100.00
7787,28828,100.00
7788,62435,100.00
7789,26630,0.00
7790,41747,100.00
7791,51360,100.00
7792,32902,100.00
7793,29175,100.00
7794,46978,50.00
7795,59569,0.00
7796,45764,100.00
7797,56739,100.00
7798,23173,0.00
7799,27283,100.00
7800,49118,100.00
7801,39865,100.00
7802,41067,50.00
7803,60424,100.00
7804,27008,50.00
7805,27654,0.00
7806,26531,100.00
7807,59507,100.00
7808,53355,100.00
7809,59049,100.00
7810,41591,100.00
7811,42931,100.00
7812,60326,100.00
7813,21919,0.00
7814,25298,50.00
7815,49257,100.00
7816,34311,0.00
7817,41341,100.00
7818,27717,100.00
7819,27364,100.00
7820,58992,100.00
7821,51484,100.00
7822,42495,100.00
7823,52395,0.00
7824,43463,100.00
7825,20445,0.00
7826,53139,100.00
7827,34889,100.00
7828,34841,100.00
7829,41501,100.00
7830,30631,100.00
7831,25159,100.00
7832,37955,100.00
7833,38001,50.00
7834,36216,100.00
7835,51235,100.00
7836,38228,100.00
7837,20834,0.00
7838,41418,100.00
7839,37518,100.00
7840,24406,0.00
7841,45968,100.00
7842,29615,100.00
7843,44538,0.00
7844,56166,50.00
7845,64122,100.00
7846,23852,0.00
7847,57333,100.00
7848,50941,100.00
7849,33749,100.00
7850,31329,100.00
7851,56580,100.00
7852,33297,100.00
7853,72064,50.00
7854,69146,100.00
7855,23838,0.00
7856,27879,100.00
7857,26300,100.00
7858,75106,0.00
7859,65210,100.00
7860,51141,100.00
7861,46955,100.00
7862,36470,100.00
7863,43867,50.00
7864,42520,100.00
7865,51622,100.00
7866,41769,100.00
7867,38961,0.00
7868,42659,100.00
7869,36027,100.00
7870,26921,100.00
7871,55462,100.00
7872,37760,100.00
7873,29249,0.00
7874,50816,100.00
7875,42413,100.00
7876,23174,0.00
7877,43179,100.00
7878,39107,100.00
7879,38165,0.00
7880,46465,100.00
7881,30270,100.00
7882,30172,0.00
7883,43659,66.67
7884,52982,0.00
7885,42457,50.00
7886,49120,100.00
7887,38873,100.00
7888,21112,0.00
7889,39551,100.00
7890,38256,100.00
7891,32839,100.00
7892,57704,100.00
7893,45581,66.67
7894,22779,0.00
7895,26234,100.00
7896,54907,100.00
7897,41086,100.00
7898,51712,100.00
7899,39821,100.00
7900,27720,100.00
7901,48944,100.00
7902,52741,50.00
7903,29828,100.00
7904,25874,100.00
7905,55903,100.00
7906,20795,0.00
7907,22607,100.00
7908,39015,100.00
7909,48009,100.00
7910,44058,100.00
7911,39900,100.00
7912,30923,0.00
7913,36100,100.00
7914,49298,100.00
7915,24420,0.00
7916,33604,100.00
7917,44170,100.00
7918,40258,100.00
7919,34575,100.00
7920,26684,100.00
7921,58601,100.00
7922,42868,50.00
7923,35190,100.00
7924,52490,0.00
7925,24679,100.00
7926,41967,100.00
7927,23443,0.00
7928,43651,100.00
7929,43383,100.00
7930,45722,0.00
7931,31188,100.00
7932,28384,100.00
7933,49359,100.00
7934,53003,0.00
7935,59367,100.00
7936,34809,0.00
7937,29843,100.00
7938,27911,100.00
7939,45067,100.00
7940,47521,100.00
7941,42936,100.00
7942,43263,0.00
7943,41780,100.00
7944,37403,100.00
7945,23384,0.00
7946,48191,100.00
7947,64197,100.00
7948,52825,100.00
7949,47947,100.00
7950,45437,50.00
7951,28560,100.00
7952,56088,100.00
7953,58962,100.00
7954,23656,0.00
7955,60116,100.00
7956,35136,100.00
7957,25563,0.00
7958,30840,100.00
7959,63222,100.00
7960,30459,0.00
7961,48048,66.67
7962,57050,100.00
7963,35625,50.00
7964,29896,100.00
7965,64558,100.00
7966,27524,0.00
7967,43143,100.00
7968,52807,100.00
7969,29933,100.00
7970,30013,100.00
7971,59074,100.00
7972,43164,100.00
7973,43382,50.00
7974,63972,100.00
7975,24395,0.00
7976,31020,100.00
7977,57204,100.00
7978,41943,0.00
7979,43475,100.00
7980,56730,100.00
7981,32609,50.00
7982,31545,100.00
7983,48204,100.00
7984,32147,0.00
7985,65131,100.00
7986,58124,100.00
7987,42768,100.00
7988,34779,100.00
7989,51726,100.00
7990,36953,50.00
7991,27835,100.00
7992,25977,100.00
7993,43390,100.00
7994,38462,100.00
7995,32211,100.00
7996,24478,100.00
7997,55942,100.00
7998,41003,100.00
7999,53384,100.00
8000,68302,50.00
8001,29317,100.00
8002,28736,50.00
8003,61506,100.00
8004,52232,100.00
8005,38448,100.00
8006,46705,100.00
8007,33878,100.00
8008,27082,100.00
8009,55670,100.00
8010,64050,100.00
8011,32728,100.00
8012,46384,50.00
8013,45390,100.00
8014,25070,0.00
8015,47738,100.00
8016,42876,100.00
8017,28655,0.00
8018,53913,100.00
8019,32330,100.00
8020,26260,0.00
8021,56074,50.00
8022,72603,100.00
8023,30855,0.00
8024,46935,100.00
8025,28760,100.00
8026,27976,100.00
8027,40507,100.00
8028,41912,100.00
8029,27773,100.00
8030,58316,50.00
8031,36468,100.00
8032,22005,0.00
8033,26344,100.00
8034,52712,100.00
8035,76267,100.00
8036,56326,100.00
8037,45902,100.00
8038,46266,50.00
8039,28066,100.00
8040,63067,100.00
8041,26416,0.00
8042,25408,100.00
8043,58605,100.00
8044,29116,100.00
8045,29252,100.00
8046,51188,100.00
8047,82953,100.00
8048,45862,50.00
8049,61590,100.00
8050,24146,0.00
8051,33719,100.00
8052,56322,100.00
8053,30728,0.00
8054,35151,100.00
8055,54196,100.00
8056,36497,100.00
8057,25022,100.00
8058,27178,100.00
8059,48854,100.00
8060,47295,50.00
8061,61351,100.00
8062,23010,0.00
8063,26649,100.00
8064,33006,100.00
8065,46030,100.00
8066,34589,100.00
8067,50744,100.00
8068,43779,100.00
8069,25096,50.00
8070,31962,100.00
8071,42095,0.00
8072,61475,100.00
8073,50416,100.00
8074,44403,100.00
8075,32743,100.00
8076,25522,100.00
8077,51172,50.00
8078,37171,100.00
8079,47759,100.00
8080,30408,0.00
8081,34738,100.00
8082,33005,100.00
8083,26446,0.00
8084,52095,100.00
8085,43716,100.00
8086,47038,0.00
8087,36268,66.67
8088,42899,0.00
8089,27965,50.00
8090,56223,100.00
8091,40347,100.00
8092,38968,0.00
8093,41436,100.00
8094,34913,100.00
8095,27726,100.00
8096,49078,100.00
8097,37365,100.00
8098,33420,0.00
8099,57768,66.67
8100,40263,100.00
8101,23611,0.00
8102,52404,100.00
8103,48658,100.00
8104,46938,100.00
8105,48370,100.00
8106,31089,100.00
8107,27380,100.00
8108,41423,100.00
8109,51721,66.67
8110,33989,0.00
8111,45988,100.00
8112,29739,100.00
8113,25724,100.00
8114,41047,100.00
8115,40416,100.00
8116,36531,100.00
8117,46278,50.00
8118,38815,100.00
8119,23071,0.00
8120,32767,100.00
8121,49280,100.00
8122,45201,100.00
8123,53457,100.00
8124,46398,100.00
8125,33919,50.00
8126,39020,100.00
8127,62942,100.00
8128,26733,0.00
8129,28023,100.00
8130,56334,100.00
8131,30794,100.00
8132,25900,100.00
8133,42558,100.00
8134,55386,100.00
8135,32361,50.00
8136,44256,100.00
8137,47085,50.00
8138,35888,100.00
8139,56435,100.00
8140,27564,0.00
8141,34212,100.00
8142,44991,100.00
8143,40391,100.00
8144,30670,100.00
8145,26974,100.00
8146,37915,100.00
8147,42132,100.00
8148,44237,66.67
8149,42166,0.00
8150,33020,100.00
8151,26542,100.00
8152,43946,0.00
8153,46260,100.00
8154,56719,100.00
8155,24352,0.00
8156,21921,100.00
8157,54092,0.00
8158,34995,100.00
8159,59951,100.00
8160,47690,100.00
8161,56420,100.00
8162,47895,100.00
8163,37785,100.00
8164,40818,100.00
8165,45752,100.00
8166,57600,0.00
8167,47585,100.00
8168,57048,100.00
8169,45130,100.00
8170,22595,0.00
8171,40249,100.00
8172,53014,100.00
8173,45635,100.00
8174,42389,100.00
8175,31934,50.00
8176,37715,0.00
8177,38922,50.00
8178,50208,100.00
8179,27717,0.00
8180,49268,100.00
8181,38537,100.00
8182,26299,100.00
8183,34813,100.00
8184,50146,100.00
8185,27157,100.00
8186,38396,100.00
8187,51189,50.00
8188,35519,100.00
8189,25772,100.00
8190,59926,100.00
8191,24999,0.00
8192,45385,100.00
8193,47041,100.00
8194,32651,100.00
8195,29497,100.00
8196,47154,50.00
8197,54162,0.00
8198,50052,100.00
8199,47464,100.00
8200,29508,0.00
8201,25074,100.00
8202,44778,100.00
8203,30053,0.00
8204,45932,66.67
8205,59337,100.00
8206,24159,0.00
8207,31043,100.00
8208,54381,100.00
8209,30550,0.00
8210,34743,100.00
8211,56743,100.00
8212,26260,100.00
8213,33146,50.00
8214,62059,100.00
8215,20638,0.00
8216,29491,50.00
8217,53827,100.00
8218,29402,0.00
8219,39688,100.00
8220,28141,100.00
8221,47677,100.00
8222,43876,100.00
8223,43679,100.00
8224,44034,100.00
8225,36820,50.00
8226,23843,100.00
8227,36258,100.00
8228,38157,100.00
8229,29480,100.00
8230,54790,100.00
8231,29524,100.00
8232,27199,100.00
8233,35613,100.00
8234,49780,50.00
8235,40577,100.00
8236,57378,100.00
8237,30650,100.00
8238,32017,100.00
8239,35593,0.00
8240,50556,100.00
8241,33152,100.00
8242,59999,100.00
8243,33842,100.00
8244,36528,50.00
8245,66435,0.00
8246,63757,100.00
8247,62237,100.00
8248,48317,0.00
8249,50208,100.00
8250,34278,100.00
8251,27915,0.00
8252,57369,100.00
8253,36021,100.00
8254,66188,0.00
8255,50069,100.00
8256,47439,100.00
8257,33740,100.00
8258,28064,100.00
8259,61532,100.00
8260,34813,100.00
8261,49430,100.00
8262,39847,100.00
8263,39400,0.00
8264,59872,50.00
8265,63303,100.00
8266,27147,0.00
8267,28623,100.00
8268,54645,100.00
8269,24791,100.00
8270,27385,100.00
8271,45060,100.00
8272,53020,100.00
8273,32657,100.00
8274,42002,50.00
8275,45065,100.00
8276,29919,100.00
8277,36870,100.00
8278,41699,100.00
8279,34536,100.00
8280,41591,100.00
8281,36907,100.00
8282,34451,100.00
8283,30207,100.00
8284,54990,0.00
8285,48055,100.00
8286,61876,100.00
8287,21970,0.00
8288,26324,100.00
8289,24432,100.00
8290,55308,100.00
8291,36272,100.00
8292,52519,50.00
8293,41290,100.00
8294,41983,50.00
8295,27314,100.00
8296,39205,100.00
8297,46658,100.00
8298,41016,100.00
8299,44744,100.00
8300,35855,100.00
8301,34710,100.00
8302,1183601,100.00
8303,27782,0.00
8304,37882,100.00
8305,38641,0.00
8306,46261,100.00
8307,36420,100.00
8308,27834,100.00
8309,50401,100.00
8310,50853,100.00
8311,48495,100.00
8312,42091,0.00
8313,41372,100.00
8314,32268,50.00
8315,42363,100.00
8316,47198,100.00
8317,31431,100.00
8318,51764,100.00
8319,29407,100.00
8320,25443,100.00
8321,41734,100.00
8322,42847,100.00
8323,31719,0.00
8324,48786,100.00
8325,53449,100.00
8326,25665,0.00
8327,33271,100.00
8328,47330,100.00
8329,30042,100.00
8330,55936,100.00
8331,39272,100.00
8332,25228,100.00
8333,41064,50.00
8334,53213,100.00
8335,28755,50.00
8336,57666,100.00
8337,36627,100.00
8338,24599,0.00
8339,24975,100.00
8340,54037,100.00
8341,28404,100.00
8342,42230,100.00
8343,31580,50.00
8344,22558,100.00
8345,24910,100.00
8346,40796,100.00
8347,46033,100.00
8348,46532,100.00
8349,43201,100.00
8350,31783,0.00
8351,40086,100.00
8352,52279,66.67
8353,23110,0.00
8354,24679,100.00
8355,49201,100.00
8356,34496,100.00
8357,26675,100.00
8358,34522,100.00
8359,52848,100.00
8360,35043,100.00
8361,42359,66.67
8362,49167,0.00
8363,34095,100.00
8364,46253,100.00
8365,25027,0.00
8366,33791,100.00
8367,44705,100.00
8368,39536,100.00
8369,35081,100.00
8370,23657,100.00
8371,47525,50.00
8372,39532,100.00
8373,60587,66.67
8374,24051,0.00
8375,25818,100.00
8376,23972,100.00
8377,50784,0.00
8378,36428,100.00
8379,55629,100.00
8380,36124,100.00
8381,42087,66.67
8382,26694,0.00
8383,43956,100.00
8384,63612,100.00
8385,50486,100.00
8386,44447,100.00
8387,33814,100.00
8388,42228,100.00
8389,43788,0.00
8390,27155,50.00
8391,24175,100.00
8392,49730,100.00
8393,46712,100.00
8394,37226,100.00
8395,27646,100.00
8396,57959,100.00
8397,46226,100.00
8398,53906,100.00
8399,41844,100.00
8400,22789,50.00
8401,24974,0.00
8402,52335,100.00
8403,41243,100.00
8404,42034,100.00
8405,51846,100.00
8406,34343,100.00
8407,27999,100.00
8408,53536,100.00
8409,65010,100.00
8410,35743,0.00
8411,49499,100.00
8412,50372,100.00
8413,25591,0.00
8414,42755,100.00
8415,47953,100.00
8416,32100,0.00
8417,51549,100.00
8418,33973,100.00
8419,27198,0.00
8420,50717,66.67
8421,64906,66.67
8422,36003,0.00
8423,57919,100.00
8424,39337,100.00
8425,32539,100.00
8426,45899,100.00
8427,50251,100.00
8428,27226,100.00
8429,61920,100.00
8430,42663,50.00
8431,26899,100.00
8432,28808,100.00
8433,46182,100.00
8434,67144,100.00
8435,56235,100.00
8436,48806,100.00
8437,44676,100.00
8438,38143,100.00
8439,58598,66.67
8440,29610,0.00
8441,32664,100.00
8442,48887,100.00
8443,38145,100.00
8444,34546,100.00
8445,29297,100.00
8446,56568,100.00
8447,39968,100.00
8448,54983,50.00
8449,37187,0.00
8450,37940,100.00
8451,48393,100.00
8452,25026,0.00
8453,47125,100.00
8454,43516,100.00
8455,50809,100.00
8456,37016,100.00
8457,29528,100.00
8458,43217,0.00
8459,46050,100.00
8460,42605,0.00
8461,56453,50.00
8462,32319,100.00
8463,40960,100.00
8464,26749,0.00
8465,48815,100.00
8466,36072,100.00
8467,59618,100.00
8468,34667,100.00
8469,36235,66.67
8470,20983,0.00
8471,58489,100.00
8472,43565,100.00
8473,53911,100.00
8474,50307,100.00
8475,38923,100.00
8476,53969,100.00
8477,48795,100.00
8478,38746,66.67
8479,22645,0.00
8480,58581,100.00
8481,33569,100.00
8482,27883,100.00
8483,49492,100.00
8484,58862,100.00
8485,56514,100.00
8486,51790,100.00
8487,38854,100.00
8488,41003,0.00
8489,54455,100.00
8490,51016,100.00
8491,28391,0.00
8492,52602,100.00
8493,44399,100.00
8494,29734,100.00
8495,41560,100.00
8496,55858,100.00
8497,32424,50.00
8498,38555,100.00
8499,58501,50.00
8500,39382,0.00
8501,26081,100.00
8502,60413,100.00
8503,24208,0.00
8504,50595,100.00
8505,42758,100.00
8506,32102,0.00
8507,27143,100.00
8508,47877,0.00
8509,43611,50.00
8510,50359,100.00
8511,56255,100.00
8512,27478,0.00
8513,25027,100.00
8514,49443,100.00
8515,28513,100.00
8516,51208,100.00
8517,57633,66.67
8518,20515,0.00
8519,32804,100.00
8520,34947,100.00
8521,52296,100.00
8522,39198,100.00
8523,53373,100.00
8524,28724,100.00
8525,35075,100.00
8526,33695,50.00
8527,54200,100.00
8528,36416,100.00
8529,54711,100.00
8530,21791,0.00
8531,24307,100.00
8532,26501,100.00
8533,53686,100.00
8534,45490,100.00
8535,39063,100.00
8536,59420,50.00
8537,37385,100.00
8538,43997,100.00
8539,22533,0.00
8540,44003,100.00
8541,32678,100.00
8542,53859,100.00
8543,33234,100.00
8544,27921,100.00
8545,37425,50.00
8546,49977,100.00
8547,39555,100.00
8548,59219,50.00
8549,29207,100.00
8550,30866,100.00
8551,34058,0.00
8552,44278,100.00
8553,32694,100.00
8554,50725,100.00
8555,37782,100.00
8556,47439,100.00
8557,67817,50.00
8558,55165,100.00
8559,60794,100.00
8560,35995,0.00
8561,53403,100.00
8562,32054,100.00
8563,25049,100.00
8564,45432,100.00
8565,34335,100.00
8566,65771,0.00
8567,62380,100.00
8568,50002,100.00
8569,32177,100.00
8570,27317,100.00
8571,55746,100.00
8572,48238,100.00
8573,51197,100.00
8574,43416,100.00
8575,36540,0.00
8576,39700,100.00
8577,55909,100.00
8578,26531,0.00
8579,25370,100.00
8580,51430,100.00
8581,26009,100.00
8582,23990,100.00
8583,41909,100.00
8584,49531,100.00
8585,37767,50.00
8586,49725,100.00
8587,60259,66.67
8588,22162,0.00
8589,38796,100.00
8590,39099,100.00
8591,32602,100.00
8592,42586,100.00
8593,35710,100.00
8594,29412,100.00
8595,24019,100.00
8596,52138,0.00
8597,39584,50.00
8598,61200,100.00
8599,24066,0.00
8600,25972,100.00
8601,23744,100.00
8602,52615,100.00
8603,38410,100.00
8604,52201,100.00
8605,39256,50.00
8606,39593,100.00
8607,33628,100.00
8608,34568,0.00
8609,48994,100.00
8610,43826,100.00
8611,40479,0.00
8612,32535,100.00
8613,38389,100.00
8614,45247,50.00
8615,32657,0.00
8616,33499,100.00
8617,37683,0.00
8618,44917,100.00
8619,36205,100.00
8620,25914,100.00
8621,48385,100.00
8622,45710,100.00
8623,53995,100.00
8624,42660,50.00
8625,35535,0.00
8626,30601,100.00
8627,39488,100.00
8628,45308,100.00
8629,30196,100.00
8630,47008,100.00
8631,32503,100.00
8632,26301,100.00
8633,40234,100.00
8634,44709,100.00
8635,47967,0.00
8636,56442,66.67
8637,25861,100.00
8638,25630,100.00
8639,40012,100.00
8640,42488,100.00
8641,29220,100.00
8642,43320,100.00
8643,38570,100.00
8644,27598,100.00
8645,58770,0.00
8646,56236,100.00
8647,52051,100.00
8648,45173,100.00
8649,47219,100.00
8650,34454,100.00
8651,27456,100.00
8652,42591,100.00
8653,34215,100.00
8654,55013,50.00
8655,68604,100.00
8656,34427,0.00
8657,31631,100.00
8658,28564,100.00
8659,59450,100.00
8660,49591,100.00
8661,55208,100.00
8662,42929,100.00
8663,37852,50.00
8664,39638,100.00
8665,45198,0.00
8666,38508,100.00
8667,49522,100.00
8668,27799,0.00
8669,26162,100.00
8670,25958,100.00
8671,42441,0.00
8672,55675,100.00
8673,37836,100.00
8674,42823,100.00
8675,58578,0.00
8676,47419,100.00
8677,30560,0.00
8678,36105,100.00
8679,31414,100.00
8680,41189,100.00
8681,34298,100.00
8682,31774,100.00
8683,28512,100.00
8684,43860,100.00
8685,44816,0.00
8686,52489,100.00
8687,47577,100.00
8688,42004,100.00
8689,19545,0.00
8690,54943,100.00
8691,36261,100.00
8692,49159,100.00
8693,42024,50.00
8694,43720,100.00
8695,25527,0.00
8696,39622,100.00
8697,50349,100.00
8698,41148,100.00
8699,46536,100.00
8700,30155,100.00
8701,34195,0.00
8702,52450,100.00
8703,39170,100.00
8704,24530,0.00
8705,49049,100.00
8706,47058,100.00
8707,31472,100.00
8708,25343,100.00
8709,59033,100.00
8710,47687,100.00
8711,53699,100.00
8712,44946,50.00
8713,44184,100.00
8714,36207,66.67
8715,45508,0.00
8716,42691,100.00
8717,33407,100.00
8718,56539,100.00
8719,28066,100.00
8720,33294,100.00
8721,46955,100.00
8722,46256,100.00
8723,29345,100.00
8724,50678,50.00
8725,46539,100.00
8726,32311,100.00
8727,48838,100.00
8728,26585,0.00
8729,33820,100.00
8730,40306,100.00
8731,36589,100.00
8732,32326,100.00
8733,27247,0.00
8734,57287,100.00
8735,43189,100.00
8736,64822,100.00
8737,22962,0.00
8738,26249,100.00
8739,26698,100.00
8740,55263,100.00
8741,50201,100.00
8742,55567,66.67
8743,43910,0.00
8744,41573,100.00
8745,37916,100.00
8746,40182,0.00
8747,56373,100.00
8748,40720,100.00
8749,50719,100.00
8750,36711,100.00
8751,39113,50.00
8752,25226,50.00
8753,48178,100.00
8754,32968,100.00
8755,36564,100.00
8756,42139,100.00
8757,35586,100.00
8758,27716,100.00
8759,53856,100.00
8760,69298,100.00
8761,47623,0.00
8762,44262,100.00
8763,45012,66.67
8764,25606,0.00
8765,44469,100.00
8766,44636,100.00
8767,28531,100.00
8768,52720,100.00
8769,34156,100.00
8770,25678,100.00
8771,50178,100.00
8772,61238,66.67
8773,25181,0.00
8774,47330,50.00
8775,59771,100.00
8776,24685,0.00
8777,47500,100.00
8778,47328,100.00
8779,31387,100.00
8780,56964,100.00
8781,51245,100.00
8782,40151,0.00
8783,29415,100.00
8784,49668,100.00
8785,44923,0.00
8786,50982,100.00
8787,45720,100.00
8788,44164,0.00
8789,48953,66.67
8790,59990,100.00
8791,25881,0.00
8792,28882,100.00
8793,67183,100.00
8794,25196,0.00
8795,26083,100.00
8796,28987,100.00
8797,56687,100.00
8798,52097,100.00
8799,54453,50.00
8800,33822,0.00
8801,38297,66.67
8802,56111,100.00
8803,26041,0.00
8804,34950,100.00
8805,50970,100.00
8806,48121,100.00
8807,37276,100.00
8808,27190,100.00
8809,55589,100.00
8810,53536,100.00
8811,55691,50.00
8812,33397,0.00
8813,36178,100.00
8814,44355,100.00
8815,23404,0.00
8816,48366,100.00
8817,46989,100.00
8818,48875,0.00
8819,32650,100.00
8820,41292,100.00
8821,58420,50.00
8822,45554,100.00
8823,50689,100.00
8824,48222,100.00
8825,32138,100.00
8826,29083,100.00
8827,43344,100.00
8828,44841,100.00
8829,51570,66.67
8830,47910,0.00
8831,25958,50.00
8832,33407,100.00
8833,21857,0.00
8834,55878,100.00
8835,45180,100.00
8836,56858,100.00
8837,31001,100.00
8838,37869,100.00
8839,33140,50.00
8840,61558,100.00
8841,57850,100.00
8842,39956,0.00
8843,46458,100.00
8844,33645,100.00
8845,26854,100.00
8846,50289,100.00
8847,51147,100.00
8848,44482,0.00
8849,57511,100.00
8850,35448,50.00
8851,28900,100.00
8852,46842,100.00
8853,57458,100.00
8854,24815,0.00
8855,53414,100.00
8856,31184,100.00
8857,25574,100.00
8858,54517,100.00
8859,59256,50.00
8860,28470,0.00
8861,58675,100.00
8862,40161,100.00
8863,21379,0.00
8864,39446,100.00
8865,44789,100.00
8866,32717,100.00
8867,54336,100.00
8868,57250,66.67
8869,22000,0.00
8870,33076,100.00
8871,64128,100.00
8872,40190,0.00
8873,44954,100.00
8874,45240,100.00
8875,33268,0.00
8876,32666,66.67
8877,58760,100.00
8878,31235,0.00
8879,32676,50.00
8880,60186,100.00
8881,24396,0.00
8882,29407,100.00
8883,25438,100.00
8884,58196,100.00
8885,47823,100.00
8886,59614,100.00
8887,53372,100.00
8888,46380,100.00
8889,53522,66.67
8890,23914,0.00
8891,40585,100.00
8892,31013,100.00
8893,50479,0.00
8894,31456,100.00
8895,28033,100.00
8896,54660,0.00
8897,52009,100.00
8898,44982,50.00
8899,52597,100.00
8900,46729,100.00
8901,36811,100.00
8902,33079,0.00
8903,39875,100.00
8904,33932,100.00
8905,49499,100.00
8906,30456,100.00
8907,25654,100.00
8908,43576,100.00
8909,52878,50.00
8910,53246,66.67
8911,30106,0.00
8912,49165,100.00
8913,35217,100.00
8914,36450,100.00
8915,42596,100.00
8916,37531,100.00
8917,59791,100.00
8918,37721,100.00
8919,33675,50.00
8920,27672,100.00
8921,40588,100.00
8922,44882,100.00
8923,42934,100.00
8924,44453,100.00
8925,33183,100.00
8926,34460,100.00
8927,39243,50.00
8928,46186,100.00
8929,34601,100.00
8930,45802,100.00
8931,41000,100.00
8932,35286,100.00
8933,26179,100.00
8934,58362,100.00
8935,40706,100.00
8936,27374,100.00
8937,57019,50.00
8938,28492,100.00
8939,31143,100.00
8940,59778,100.00
8941,26143,0.00
8942,31373,100.00
8943,49199,100.00
8944,30404,100.00
8945,29455,100.00
8946,40502,100.00
8947,45884,0.00
8948,42000,100.00
8949,66628,100.00
8950,24246,0.00
8951,25216,100.00
8952,45335,100.00
8953,40819,100.00
8954,30834,100.00
8955,54280,100.00
8956,28466,100.00
8957,51269,50.00
8958,70260,66.67
8959,60097,0.00
8960,61355,100.00
8961,52502,100.00
8962,46784,100.00
8963,34147,100.00
8964,26220,100.00
8965,53246,100.00
8966,59122,100.00
8967,68559,66.67
8968,48834,0.00
8969,46244,100.00
8970,38431,100.00
8971,27673,100.00
8972,62920,100.00
8973,44078,100.00
8974,58019,100.00
8975,29971,100.00
8976,39639,0.00
8977,41142,66.67
8978,38658,0.00
8979,33191,100.00
8980,36106,100.00
8981,45313,100.00
8982,32057,100.00
8983,26559,100.00
8984,57945,100.00
8985,50684,100.00
8986,35914,0.00
8987,58746,100.00
8988,47884,100.00
8989,24154,0.00
8990,50673,100.00
8991,49189,100.00
8992,36493,100.00
8993,55263,100.00
8994,33298,100.00
8995,25451,100.00
8996,38203,50.00
8997,53497,100.00
8998,34997,0.00
8999,55800,100.00
9000,84023,100.00
