sample,work_ns,cpu_utilization
1,47585,50.00
2,40175,0.00
3,40977,100.00
4,54958,0.00
5,216709,0.00
6,210099,0.00
7,48283,0.00
8,38424,50.00
9,42186,100.00
10,16766,0.00
11,22389,0.00
12,26055,100.00
13,23392,0.00
14,50057,100.00
15,31476,100.00
16,26209,100.00
17,27034,100.00
18,43697,0.00
19,41242,100.00
20,32039,100.00
21,31462,0.00
22,18571,100.00
23,15896,0.00
24,210835,100.00
25,167809,0.00
26,155214,0.00
27,175546,0.00
28,210790,0.00
29,162042,0.00
30,195346,0.00
31,246203,0.00
32,49355,0.00
33,49110,0.00
34,46446,100.00
35,45410,0.00
36,38512,100.00
37,27833,100.00
38,40592,100.00
39,39242,0.00
40,24461,100.00
41,25040,100.00
42,25133,100.00
43,49300,100.00
44,36832,0.00
45,26151,100.00
46,33255,100.00
47,23311,0.00
48,36105,100.00
49,22475,0.00
50,17362,50.00
51,215207,0.00
52,200365,0.00
53,215027,0.00
54,144392,0.00
55,132420,0.00
56,137608,0.00
57,164499,0.00
58,1208367,0.00
59,143892,0.00
60,45940,0.00
61,45881,0.00
62,36996,50.00
63,55684,0.00
64,46198,100.00
65,25961,100.00
66,28538,100.00
67,23678,0.00
68,32333,100.00
69,30678,100.00
70,36552,100.00
71,35436,100.00
72,29653,0.00
73,23396,0.00
74,24617,100.00
75,25546,0.00
76,33288,50.00
77,131066,0.00
78,143020,0.00
79,205649,0.00
80,215026,0.00
81,41868,0.00
82,49558,0.00
83,140875,0.00
84,53200,100.00
85,52218,100.00
86,34224,0.00
87,36908,0.00
88,48679,100.00
89,42167,100.00
90,34881,100.00
91,34313,100.00
92,31648,0.00
93,24446,100.00
94,22422,100.00
95,24433,0.00
96,27630,50.00
97,27050,0.00
98,29989,50.00
99,40091,0.00
100,201542,0.00
101,156894,0.00
102,281704,0.00
103,158269,0.00
104,230083,0.00
105,44775,0.00
106,37184,0.00
107,29267,100.00
108,38143,0.00
109,28131,100.00
110,47572,100.00
111,36983,100.00
112,25756,0.00
113,25010,100.00
114,24191,100.00
115,37275,100.00
116,40356,100.00
117,33477,0.00
118,33901,100.00
119,30815,50.00
120,26825,0.00
121,28676,100.00
122,41241,0.00
123,184222,0.00
124,42515,0.00
125,42398,0.00
126,43246,0.00
127,42116,0.00
128,45258,0.00
129,223683,0.00
130,204045,0.00
131,215346,0.00
132,54302,100.00
133,38979,0.00
134,47565,0.00
135,42279,100.00
136,35653,100.00
137,23444,100.00
138,24781,100.00
139,27184,0.00
140,32614,100.00
141,28073,100.00
142,24408,100.00
143,23809,100.00
144,25463,0.00
145,39824,100.00
146,40928,100.00
147,29921,0.00
148,26678,50.00
149,23280,0.00
150,40665,0.00
151,38418,0.00
152,155948,0.00
153,129465,0.00
154,144695,0.00
155,140705,0.00
156,211563,0.00
157,43227,0.00
158,139745,0.00
159,46387,100.00
160,43609,0.00
161,40900,0.00
162,35280,100.00
163,29969,100.00
164,33164,0.00
165,31475,100.00
166,31862,100.00
167,25877,100.00
168,24907,100.00
169,25923,0.00
170,41818,100.00
171,40373,100.00
172,41587,100.00
173,29180,0.00
174,30162,100.00
175,49250,0.00
176,34021,0.00
177,132118,50.00
178,66209,0.00
179,164658,0.00
180,149189,0.00
181,68480,0.00
182,169705,0.00
183,70702,0.00
184,263825,0.00
185,41214,0.00
186,32858,50.00
187,40411,0.00
188,26229,0.00
189,49255,50.00
190,48568,100.00
191,28262,100.00
192,25937,100.00
193,22404,0.00
194,32106,100.00
195,34233,0.00
196,18729,100.00
197,38706,0.00
198,172569,0.00
199,188161,0.00
200,152401,0.00
201,39608,0.00
202,39114,100.00
203,31344,0.00
204,36115,100.00
205,35175,0.00
206,49383,100.00
207,37982,100.00
208,28739,100.00
209,26839,100.00
210,32425,0.00
211,27828,100.00
212,28668,100.00
213,26611,100.00
214,23737,100.00
215,36734,0.00
216,46690,100.00
217,37582,50.00
218,35839,0.00
219,36251,0.00
220,212279,0.00
221,141130,0.00
222,192113,0.00
223,129097,0.00
224,131982,0.00
225,187720,0.00
226,145337,0.00
227,187977,0.00
228,144925,0.00
229,200746,0.00
230,41615,100.00
231,37390,0.00
232,34809,100.00
233,32017,100.00
234,24818,100.00
235,25865,0.00
236,26748,100.00
237,49482,100.00
238,42885,100.00
239,28941,100.00
240,29134,0.00
241,38548,100.00
242,31871,100.00
243,25450,100.00
244,29730,100.00
245,19759,0.00
246,17726,100.00
247,20095,0.00
248,88983,0.00
249,40482,0.00
250,169103,0.00
251,112903,0.00
252,131533,0.00
253,142179,0.00
254,146078,0.00
255,219690,0.00
256,46250,0.00
257,43781,0.00
258,132717,0.00
259,48984,50.00
260,60859,100.00
261,21277,0.00
262,25724,0.00
263,31436,0.00
264,20207,100.00
265,21011,100.00
266,23744,100.00
267,25686,100.00
268,26351,0.00
269,36970,100.00
270,33430,100.00
271,27563,100.00
272,37840,100.00
273,44062,0.00
274,30128,50.00
275,30382,0.00
276,175700,50.00
277,38750,0.00
278,44167,0.00
279,177913,0.00
280,131308,0.00
281,42360,0.00
282,40945,0.00
283,128006,0.00
284,175331,0.00
285,184531,0.00
286,34799,0.00
287,44880,0.00
288,38230,50.00
289,49302,100.00
290,41908,0.00
291,28043,100.00
292,31671,100.00
293,38593,100.00
294,36423,100.00
295,24494,0.00
296,21988,100.00
297,25302,100.00
298,32162,100.00
299,42544,100.00
300,44466,0.00
301,118118,100.00
302,44857,0.00
303,140874,50.00
304,203471,0.00
305,150358,0.00
306,169771,0.00
307,272102,0.00
308,145897,0.00
309,218252,0.00
310,167311,0.00
311,227255,0.00
312,220700,0.00
313,40593,0.00
314,50628,0.00
315,33758,100.00
316,35307,0.00
317,39402,100.00
318,27598,100.00
319,32840,100.00
320,35826,0.00
321,40472,100.00
322,26204,100.00
323,19671,100.00
324,34294,0.00
325,17350,100.00
326,40916,0.00
327,120029,0.00
328,188435,0.00
329,39410,0.00
330,200723,0.00
331,148734,0.00
332,43685,0.00
333,36293,100.00
334,35673,0.00
335,30177,100.00
336,26902,100.00
337,23319,100.00
338,42824,0.00
339,36306,100.00
340,27662,100.00
341,44812,100.00
342,35672,100.00
343,23376,0.00
344,26324,100.00
345,28218,100.00
346,20987,100.00
347,35406,0.00
348,30324,100.00
349,38202,0.00
350,173595,0.00
351,121530,0.00
352,119428,0.00
353,117678,0.00
354,146411,0.00
355,44324,0.00
356,42595,0.00
357,114866,0.00
358,43533,0.00
359,144303,0.00
360,53185,0.00
361,51422,100.00
362,45784,100.00
363,26606,0.00
364,28226,100.00
365,25692,100.00
366,24610,100.00
367,24123,100.00
368,22640,0.00
369,48240,100.00
370,39228,100.00
371,37199,100.00
372,39052,100.00
373,39906,0.00
374,37330,100.00
375,33291,100.00
376,29683,0.00
377,144767,0.00
378,97480,0.00
379,136773,0.00
380,45965,0.00
381,112270,0.00
382,144671,0.00
383,213280,0.00
384,131760,0.00
385,136072,0.00
386,134870,0.00
387,146121,0.00
388,47900,0.00
389,45913,100.00
390,38638,0.00
391,36351,0.00
392,28709,100.00
393,35450,100.00
394,33389,100.00
395,24258,100.00
396,23268,0.00
397,24846,100.00
398,24628,100.00
399,24810,100.00
400,41471,100.00
401,33067,0.00
402,40482,100.00
403,45088,100.00
404,30629,0.00
405,42299,0.00
406,41905,0.00
407,46829,0.00
408,38640,0.00
409,46729,0.00
410,41373,0.00
411,48863,0.00
412,41784,0.00
413,158303,0.00
414,41500,0.00
415,57367,0.00
416,40341,100.00
417,44811,0.00
418,38895,100.00
419,26694,100.00
420,34027,100.00
421,40422,0.00
422,42197,100.00
423,27196,100.00
424,47012,100.00
425,133641,0.00
426,37120,100.00
427,44244,0.00
428,177049,0.00
429,200590,0.00
430,177070,0.00
431,127046,0.00
432,184152,0.00
433,49285,0.00
434,33729,50.00
435,32171,100.00
436,30545,0.00
437,27113,100.00
438,35294,100.00
439,35831,100.00
440,33703,100.00
441,44777,0.00
442,39555,100.00
443,26210,100.00
444,22287,100.00
445,24135,100.00
446,23668,0.00
447,28289,100.00
448,42338,100.00
449,33342,100.00
450,35093,0.00
451,216483,0.00
452,132742,0.00
453,217925,0.00
454,217213,0.00
455,214937,0.00
456,195699,0.00
457,218772,0.00
458,144727,0.00
459,243520,0.00
460,192593,0.00
461,190215,0.00
462,204963,0.00
463,67664,100.00
464,27173,0.00
465,28418,100.00
466,23092,100.00
467,20585,0.00
468,18961,100.00
469,23003,100.00
470,25506,100.00
471,42170,100.00
472,47117,0.00
473,42644,100.00
474,34513,100.00
475,27228,100.00
476,22306,100.00
477,24362,0.00
478,28483,100.00
479,20750,100.00
480,36092,0.00
481,51925,0.00
482,204956,0.00
483,136688,0.00
484,189071,0.00
485,147976,0.00
486,215759,0.00
487,233035,0.00
488,240701,0.00
489,233784,0.00
490,235150,0.00
491,210261,0.00
492,208003,0.00
493,244670,0.00
494,54588,100.00
495,54090,100.00
496,52312,0.00
497,33181,100.00
498,26383,100.00
499,24458,100.00
500,21522,100.00
501,19447,0.00
502,21602,100.00
503,24121,100.00
504,24581,100.00
505,50047,100.00
506,48456,0.00
507,37915,100.00
508,40171,100.00
509,24411,100.00
510,31346,100.00
511,141984,0.00
512,170084,0.00
513,224858,0.00
514,165040,0.00
515,211565,0.00
516,203712,0.00
517,194591,0.00
518,226876,0.00
519,215688,0.00
520,155268,0.00
521,226787,0.00
522,141074,0.00
523,178414,0.00
524,44789,0.00
525,45613,100.00
526,32412,100.00
527,26613,0.00
528,54672,100.00
529,58139,100.00
530,39517,100.00
531,26234,100.00
532,23521,0.00
533,20719,100.00
534,18441,100.00
535,18698,100.00
536,22966,100.00
537,29486,0.00
538,33287,100.00
539,51481,100.00
540,44674,100.00
541,198184,0.00
542,78270,0.00
543,100481,0.00
544,204468,0.00
545,215348,0.00
546,224777,0.00
547,209878,0.00
548,218857,0.00
549,209897,0.00
550,149195,0.00
551,153851,0.00
552,149270,0.00
553,55452,0.00
554,52995,100.00
555,44736,0.00
556,25522,100.00
557,23706,100.00
558,25111,100.00
559,25834,100.00
560,35432,0.00
561,50502,100.00
562,42210,100.00
563,50434,100.00
564,26657,100.00
565,26233,0.00
566,41034,0.00
567,141236,0.00
568,145434,0.00
569,135441,0.00
570,187009,0.00
571,151717,0.00
572,62401,0.00
573,224564,0.00
574,68650,50.00
575,33157,0.00
576,30063,100.00
577,24752,100.00
578,19590,100.00
579,23247,0.00
580,25055,100.00
581,38487,100.00
582,43507,100.00
583,45861,100.00
584,29590,0.00
585,25666,100.00
586,20632,100.00
587,24608,100.00
588,25679,100.00
589,38867,0.00
590,22526,100.00
591,137638,100.00
592,48462,0.00
593,143258,0.00
594,152830,0.00
595,138562,0.00
596,120247,0.00
597,207896,0.00
598,239218,0.00
599,146872,0.00
600,140477,0.00
601,208579,0.00
602,245081,0.00
603,201981,0.00
604,235158,0.00
605,69463,100.00
606,71962,100.00
607,30297,0.00
608,28553,100.00
609,25156,100.00
610,21983,100.00
611,20794,100.00
612,19234,0.00
613,22064,100.00
614,24669,100.00
615,33589,100.00
616,46574,100.00
617,41819,0.00
618,27349,100.00
619,39582,100.00
620,23641,100.00
621,21026,100.00
622,65794,0.00
623,183400,0.00
624,226298,0.00
625,241149,0.00
626,146611,0.00
627,121032,0.00
628,195697,0.00
629,227018,0.00
630,162332,0.00
631,146635,0.00
632,203512,0.00
633,45204,0.00
634,43706,0.00
635,129148,0.00
636,51924,0.00
637,46903,100.00
638,34667,100.00
639,40544,0.00
640,41931,100.00
641,43102,100.00
642,24989,100.00
643,22473,100.00
644,23053,0.00
645,20752,100.00
646,19414,100.00
647,18012,100.00
648,22160,100.00
649,29071,0.00
650,39357,100.00
651,37604,100.00
652,40136,100.00
653,25332,100.00
654,119691,0.00
655,213601,0.00
656,208657,0.00
657,176918,0.00
658,160235,0.00
659,200714,0.00
660,205761,0.00
661,207469,0.00
662,140729,0.00
663,203675,0.00
664,45479,0.00
665,44072,0.00
666,44281,0.00
667,45674,0.00
668,186650,0.00
669,53477,0.00
670,34770,100.00
671,28323,100.00
672,34029,100.00
673,28552,100.00
674,24568,0.00
675,52407,100.00
676,48372,100.00
677,24941,100.00
678,20133,100.00
679,23002,0.00
680,368011,50.00
681,137401,0.00
682,212536,0.00
683,290868,0.00
684,211955,0.00
685,217439,0.00
686,193989,0.00
687,206375,0.00
688,214617,0.00
689,52146,0.00
690,41670,100.00
691,27450,100.00
692,25598,100.00
693,26832,0.00
694,25162,100.00
695,55816,100.00
696,45439,100.00
697,27969,100.00
698,25406,0.00
699,21946,100.00
700,20345,100.00
701,22417,100.00
702,25339,100.00
703,30468,0.00
704,41803,100.00
705,40814,100.00
706,45889,100.00
707,41666,50.00
708,221719,0.00
709,146071,0.00
710,71979,0.00
711,231672,0.00
712,46022,0.00
713,43446,0.00
714,43682,0.00
715,44143,0.00
716,41937,0.00
717,43623,0.00
718,147128,0.00
719,201291,0.00
720,152521,0.00
721,160367,0.00
722,36555,0.00
723,30635,100.00
724,26074,100.00
725,22900,100.00
726,18481,100.00
727,21611,0.00
728,25355,100.00
729,23874,100.00
730,66854,100.00
731,54145,100.00
732,41725,0.00
733,24688,100.00
734,22096,100.00
735,21879,100.00
736,30228,100.00
737,25533,0.00
738,23311,100.00
739,143994,100.00
740,133299,0.00
741,186356,0.00
742,133867,0.00
743,210379,0.00
744,222525,0.00
745,153814,0.00
746,140421,0.00
747,143049,0.00
748,150305,0.00
749,161136,0.00
750,146836,0.00
751,135443,0.00
752,65915,50.00
753,18402,0.00
754,37130,0.00
755,44091,100.00
756,23402,100.00
757,23188,100.00
758,24002,0.00
759,18669,100.00
760,19980,100.00
761,20741,100.00
762,23957,100.00
763,24494,0.00
764,47253,100.00
765,57572,100.00
766,32013,100.00
767,30481,100.00
768,24997,0.00
769,20737,100.00
770,39043,100.00
771,110013,0.00
772,32594,0.00
773,29796,0.00
774,34722,0.00
775,37437,0.00
776,42111,0.00
777,186533,0.00
778,45108,0.00
779,155610,0.00
780,175694,0.00
781,183246,0.00
782,144826,0.00
783,191754,0.00
784,63927,0.00
785,50970,100.00
786,31035,100.00
787,22598,0.00
788,53161,100.00
789,50311,100.00
790,24159,100.00
791,22310,100.00
792,23144,0.00
793,20693,100.00
794,20082,100.00
795,22310,100.00
796,21955,100.00
797,24542,0.00
798,27509,100.00
799,49696,100.00
800,46768,100.00
801,48400,100.00
802,47240,0.00
803,182367,0.00
804,173338,0.00
805,208847,0.00
806,232468,0.00
807,233789,0.00
808,232952,0.00
809,231383,0.00
810,221857,0.00
811,225408,0.00
812,213807,0.00
813,157944,0.00
814,63031,0.00
815,45555,0.00
816,32857,100.00
817,25907,100.00
818,25172,100.00
819,26132,100.00
820,26622,0.00
821,21063,100.00
822,53184,100.00
823,46318,100.00
824,47164,100.00
825,21727,0.00
826,43478,100.00
827,41956,0.00
828,165042,0.00
829,216586,0.00
830,139350,0.00
831,44303,0.00
832,44617,0.00
833,197931,0.00
834,206285,0.00
835,215383,0.00
836,43511,100.00
837,38227,0.00
838,25764,100.00
839,21801,100.00
840,24743,100.00
841,25398,100.00
842,36314,0.00
843,47481,100.00
844,47598,100.00
845,25378,100.00
846,24203,100.00
847,21698,0.00
848,27006,100.00
849,24210,100.00
850,28966,100.00
851,24204,100.00
852,30063,0.00
853,213750,0.00
854,158705,0.00
855,150298,0.00
856,161499,0.00
857,167887,0.00
858,167933,0.00
859,161689,0.00
860,160664,0.00
861,165645,0.00
862,172654,0.00
863,161650,0.00
864,130084,0.00
865,158211,0.00
866,60863,100.00
867,45210,100.00
868,27446,100.00
869,26649,100.00
870,22842,0.00
871,19757,100.00
872,21126,100.00
873,23194,100.00
874,27013,100.00
875,24701,0.00
876,68402,100.00
877,54833,100.00
878,49645,100.00
879,37340,100.00
880,29263,0.00
881,19560,100.00
882,42815,100.00
883,122802,0.00
884,112630,0.00
885,104072,0.00
886,130667,0.00
887,191012,0.00
888,143648,0.00
889,132145,0.00
890,46984,0.00
891,195180,0.00
892,171269,0.00
893,175959,0.00
894,181793,0.00
895,58513,0.00
896,31532,0.00
897,36117,100.00
898,38355,100.00
899,41994,100.00
900,44742,100.00
901,27856,0.00
902,23018,100.00
903,23165,100.00
904,20197,100.00
905,20406,100.00
906,19054,0.00
907,25737,100.00
908,27554,100.00
909,37066,100.00
910,40002,100.00
911,39995,0.00
912,26224,100.00
913,35658,100.00
914,40267,0.00
915,39120,0.00
916,43877,0.00
917,150303,0.00
918,103486,0.00
919,192693,0.00
920,45743,0.00
921,45295,0.00
922,112963,0.00
923,46621,0.00
924,116017,0.00
925,159597,0.00
926,229744,0.00
927,234338,0.00
928,40685,0.00
929,39114,100.00
930,26944,100.00
931,27377,100.00
932,25339,100.00
933,41620,0.00
934,49802,100.00
935,55444,100.00
936,30958,100.00
937,20843,100.00
938,19842,0.00
939,20614,100.00
940,24241,100.00
941,31984,50.00
942,45577,0.00
943,158310,0.00
944,196381,0.00
945,130215,0.00
946,197614,0.00
947,120107,0.00
948,140679,0.00
949,124440,0.00
950,134893,0.00
951,205560,0.00
952,187467,0.00
953,46564,0.00
954,47863,100.00
955,37990,100.00
956,37217,100.00
957,39638,0.00
958,31120,100.00
959,27800,100.00
960,21554,100.00
961,21690,100.00
962,26019,0.00
963,24411,100.00
964,20703,100.00
965,52133,100.00
966,52629,100.00
967,25468,0.00
968,21937,100.00
969,127735,0.00
970,176940,0.00
971,189859,0.00
972,47165,0.00
973,46554,0.00
974,47276,0.00
975,46026,0.00
976,45828,0.00
977,46318,0.00
978,43724,0.00
979,46488,0.00
980,224016,0.00
981,49600,100.00
982,43659,0.00
983,25829,100.00
984,23730,100.00
985,24676,100.00
986,26302,100.00
987,23959,0.00
988,50647,100.00
989,47812,100.00
990,36270,100.00
991,28154,100.00
992,20790,0.00
993,19810,100.00
994,24646,100.00
995,30151,100.00
996,38258,100.00
997,31815,0.00
998,36296,0.00
999,35088,0.00
1000,201272,0.00
1001,37083,0.00
1002,121794,0.00
1003,44166,0.00
1004,46535,0.00
1005,43757,0.00
1006,178489,0.00
1007,43747,0.00
1008,214808,0.00
1009,231730,0.00
1010,55266,0.00
1011,50591,100.00
1012,41577,100.00
1013,30288,100.00
1014,27229,100.00
1015,22447,0.00
1016,20344,100.00
1017,19226,100.00
1018,22078,100.00
1019,32460,100.00
1020,23358,0.00
1021,50855,100.00
1022,45815,100.00
1023,36986,100.00
1024,38092,100.00
1025,26616,0.00
1026,23591,100.00
1027,28296,50.00
1028,39323,0.00
1029,143326,0.00
1030,45447,0.00
1031,54888,0.00
1032,174258,0.00
1033,133866,0.00
1034,135895,0.00
1035,166068,0.00
1036,224454,0.00
1037,261142,0.00
1038,144171,0.00
1039,200878,0.00
1040,199710,0.00
1041,49500,0.00
1042,51426,100.00
1043,29416,100.00
1044,44957,100.00
1045,45907,100.00
1046,50980,0.00
1047,25810,100.00
1048,22656,100.00
1049,21414,100.00
1050,20983,100.00
1051,35598,0.00
1052,37588,100.00
1053,25885,100.00
1054,26913,100.00
1055,37092,100.00
1056,47771,0.00
1057,37165,100.00
1058,227716,50.00
1059,150420,0.00
1060,205067,0.00
1061,46617,0.00
1062,135513,0.00
1063,226879,0.00
1064,218791,0.00
1065,165429,0.00
1066,143914,0.00
1067,214400,0.00
1068,202090,0.00
1069,140701,0.00
1070,45705,0.00
1071,68761,100.00
1072,18015,0.00
1073,23732,0.00
1074,21879,100.00
1075,23927,100.00
1076,34215,100.00
1077,24772,0.00
1078,21033,100.00
1079,54198,100.00
1080,49713,100.00
1081,36978,100.00
1082,22322,0.00
1083,124072,50.00
1084,194077,0.00
1085,189296,0.00
1086,181620,0.00
1087,45507,0.00
1088,166743,0.00
1089,42218,0.00
1090,123473,0.00
1091,42266,0.00
1092,171179,0.00
1093,58415,0.00
1094,44530,100.00
1095,30347,100.00
1096,28092,100.00
1097,27198,0.00
1098,26124,100.00
1099,35871,100.00
1100,42802,100.00
1101,40532,100.00
1102,30020,0.00
1103,24705,100.00
1104,21464,100.00
1105,20022,100.00
1106,25488,100.00
1107,24368,0.00
1108,37768,100.00
1109,44404,100.00
1110,44554,100.00
1111,245149,50.00
1112,56220,0.00
1113,217392,0.00
1114,209196,0.00
1115,159613,0.00
1116,172339,0.00
1117,213698,0.00
1118,199346,0.00
1119,194999,0.00
1120,124243,0.00
1121,181750,0.00
1122,143464,0.00
1123,192443,0.00
1124,45995,0.00
1125,57189,0.00
1126,49702,0.00
1127,26492,100.00
1128,27289,100.00
1129,20957,100.00
1130,19345,100.00
1131,18973,0.00
1132,24436,100.00
1133,28582,100.00
1134,36867,100.00
1135,39656,100.00
1136,37644,0.00
1137,26150,100.00
1138,24304,100.00
1139,20854,100.00
1140,25390,100.00
1141,42506,0.00
1142,41412,0.00
1143,122797,0.00
1144,188533,0.00
1145,176798,0.00
1146,118530,0.00
1147,248182,0.00
1148,172962,0.00
1149,176630,0.00
1150,40069,0.00
1151,42255,0.00
1152,37377,0.00
1153,39529,0.00
1154,49429,0.00
1155,44461,100.00
1156,31302,100.00
1157,52030,100.00
1158,49777,100.00
1159,25938,0.00
1160,22037,100.00
1161,23434,100.00
1162,19009,100.00
1163,19641,100.00
1164,18378,0.00
1165,21954,100.00
1166,23996,100.00
1167,23843,100.00
1168,50644,100.00
1169,47379,0.00
1170,26052,100.00
1171,22533,100.00
1172,22448,0.00
1173,44578,0.00
1174,42474,0.00
1175,121131,0.00
1176,48258,0.00
1177,120466,0.00
1178,180612,0.00
1179,174558,0.00
1180,160931,0.00
1181,139289,0.00
1182,46827,0.00
1183,126561,0.00
1184,161071,0.00
1185,133741,0.00
1186,55704,0.00
1187,40802,100.00
1188,26817,100.00
1189,30800,100.00
1190,25922,100.00
1191,39304,0.00
1192,40343,100.00
1193,53260,100.00
1194,24244,100.00
1195,20072,100.00
1196,20076,0.00
1197,18424,100.00
1198,18653,100.00
1199,19377,100.00
1200,26340,100.00
1201,168905,0.00
1202,110547,0.00
1203,127215,0.00
1204,41963,0.00
1205,65785,0.00
1206,69851,0.00
1207,44778,0.00
1208,43011,0.00
1209,43553,0.00
1210,173624,0.00
1211,45986,0.00
1212,112231,0.00
1213,49818,0.00
1214,51220,100.00
1215,46564,100.00
1216,37058,100.00
1217,29310,100.00
1218,27483,0.00
1219,23308,100.00
1220,22951,100.00
1221,25550,100.00
1222,23338,100.00
1223,22816,0.00
1224,46539,100.00
1225,44720,100.00
1226,25380,100.00
1227,22051,100.00
1228,39330,0.00
1229,142339,0.00
1230,151234,0.00
1231,135918,0.00
1232,142907,0.00
1233,222543,0.00
1234,201842,0.00
1235,143199,0.00
1236,188389,0.00
1237,127458,0.00
1238,40547,0.00
1239,57002,0.00
1240,50759,0.00
1241,33646,100.00
1242,27559,100.00
1243,20541,100.00
1244,23563,100.00
1245,24644,0.00
1246,41865,100.00
1247,44622,100.00
1248,37853,100.00
1249,27321,100.00
1250,24052,0.00
1251,20242,100.00
1252,22543,100.00
1253,28406,100.00
1254,24342,100.00
1255,27427,0.00
1256,41388,0.00
1257,133111,0.00
1258,151765,0.00
1259,140271,0.00
1260,139884,0.00
1261,149085,0.00
1262,162843,0.00
1263,157005,0.00
1264,194293,0.00
1265,48741,0.00
1266,44063,0.00
1267,187804,0.00
1268,46919,0.00
1269,55015,0.00
1270,45849,100.00
1271,33811,100.00
1272,25608,100.00
1273,26706,100.00
1274,27219,0.00
1275,23759,100.00
1276,22602,100.00
1277,22682,100.00
1278,24007,100.00
1279,23681,0.00
1280,53138,100.00
1281,45279,100.00
1282,24574,100.00
1283,20703,100.00
1284,28839,0.00
1285,25112,100.00
1286,30475,50.00
1287,50236,0.00
1288,43154,0.00
1289,138568,0.00
1290,191059,0.00
1291,100026,0.00
1292,57992,0.00
1293,109516,0.00
1294,44368,0.00
1295,119527,0.00
1296,176507,0.00
1297,44877,0.00
1298,37402,0.00
1299,40770,0.00
1300,57876,0.00
1301,56703,100.00
1302,30714,100.00
1303,43506,100.00
1304,45426,100.00
1305,49010,0.00
1306,29115,100.00
1307,23191,100.00
1308,24368,100.00
1309,19787,100.00
1310,21776,0.00
1311,21462,100.00
1312,26907,100.00
1313,23977,100.00
1314,35649,100.00
1315,46415,0.00
1316,42472,100.00
1317,28832,100.00
1318,194343,0.00
1319,44978,0.00
1320,181994,0.00
1321,134898,0.00
1322,183409,0.00
1323,156066,0.00
1324,131499,0.00
1325,43275,0.00
1326,43057,0.00
1327,127827,0.00
1328,193894,0.00
1329,191411,0.00
1330,54362,0.00
1331,73905,0.00
1332,39681,100.00
1333,40862,100.00
1334,24541,0.00
1335,25786,100.00
1336,27229,100.00
1337,25176,100.00
1338,41708,100.00
1339,42174,0.00
1340,46389,100.00
1341,23941,100.00
1342,30143,100.00
1343,43777,0.00
1344,186866,0.00
1345,147859,0.00
1346,44607,0.00
1347,186871,0.00
1348,43523,0.00
1349,129895,0.00
1350,190447,0.00
1351,64319,50.00
1352,16784,0.00
1353,20544,0.00
1354,21601,100.00
1355,25447,100.00
1356,25984,100.00
1357,24419,100.00
1358,55612,0.00
1359,47184,100.00
1360,27724,100.00
1361,23871,100.00
1362,22206,100.00
1363,20141,0.00
1364,23467,100.00
1365,30416,100.00
1366,27294,100.00
1367,31807,100.00
1368,47239,0.00
1369,135199,50.00
1370,45467,0.00
1371,43576,0.00
1372,40308,0.00
1373,37155,0.00
1374,35631,0.00
1375,45943,0.00
1376,43052,0.00
1377,38987,0.00
1378,45574,0.00
1379,43853,0.00
1380,41689,0.00
1381,107732,0.00
1382,167245,0.00
1383,53170,100.00
1384,24572,0.00
1385,35195,100.00
1386,30887,100.00
1387,22446,0.00
1388,19057,100.00
1389,18512,100.00
1390,21980,100.00
1391,24872,100.00
1392,21224,0.00
1393,58680,100.00
1394,47740,100.00
1395,28012,100.00
1396,23768,100.00
1397,21567,0.00
1398,27746,100.00
1399,23047,100.00
1400,23557,100.00
1401,33754,50.00
1402,33415,0.00
1403,31596,0.00
1404,33867,0.00
1405,35729,0.00
1406,37015,0.00
1407,127026,0.00
1408,42450,0.00
1409,178055,0.00
1410,45999,0.00
1411,148580,0.00
1412,44361,0.00
1413,44444,0.00
1414,187837,0.00
1415,54357,0.00
1416,32867,0.00
1417,49936,100.00
1418,48716,100.00
1419,27259,100.00
1420,28280,100.00
1421,26889,0.00
1422,20913,100.00
1423,19474,100.00
1424,18659,100.00
1425,22382,100.00
1426,24755,0.00
1427,24162,100.00
1428,53119,100.00
1429,53847,100.00
1430,38706,100.00
1431,27301,0.00
1432,30289,100.00
1433,104302,0.00
1434,193492,0.00
1435,188161,0.00
1436,187364,0.00
1437,45538,0.00
1438,144557,0.00
1439,131449,0.00
1440,133438,0.00
1441,63581,0.00
1442,187001,0.00
1443,46268,0.00
1444,45370,0.00
1445,131797,0.00
1446,64150,0.00
1447,47241,100.00
1448,34225,100.00
1449,26768,100.00
1450,21435,0.00
1451,52804,100.00
1452,42645,100.00
1453,26297,100.00
1454,20749,100.00
1455,22052,0.00
1456,19492,100.00
1457,19486,100.00
1458,18260,100.00
1459,22729,100.00
1460,36954,0.00
1461,23888,100.00
1462,54475,100.00
1463,187314,100.00
1464,159337,0.00
1465,47358,0.00
1466,48736,0.00
1467,42617,0.00
1468,44560,0.00
1469,145696,0.00
1470,134585,0.00
1471,173512,0.00
1472,188750,0.00
1473,46774,0.00
1474,168377,0.00
1475,131888,0.00
1476,111957,0.00
1477,60829,0.00
1478,46633,100.00
1479,39105,0.00
1480,23078,100.00
1481,23249,100.00
1482,25332,100.00
1483,24427,100.00
1484,24174,0.00
1485,56657,100.00
1486,45873,100.00
1487,48384,100.00
1488,24704,100.00
1489,206776,0.00
1490,175048,0.00
1491,151493,0.00
1492,136561,0.00
1493,164761,0.00
1494,174002,0.00
1495,211735,0.00
1496,201716,0.00
1497,210328,0.00
1498,51796,0.00
1499,44864,100.00
1500,23603,100.00
1501,22498,0.00
1502,22487,100.00
1503,32049,100.00
1504,26232,100.00
1505,51317,100.00
1506,52843,0.00
1507,30812,100.00
1508,25018,100.00
1509,29887,100.00
1510,20944,100.00
1511,23530,0.00
1512,25010,100.00
1513,30935,100.00
1514,21270,100.00
1515,198173,0.00
1516,138243,0.00
1517,155051,0.00
1518,209041,0.00
1519,158917,0.00
1520,197171,0.00
1521,184711,0.00
1522,131223,0.00
1523,131196,0.00
1524,45453,0.00
1525,46039,0.00
1526,179937,0.00
1527,45851,0.00
1528,50904,0.00
1529,49413,100.00
1530,34988,0.00
1531,25319,100.00
1532,27154,100.00
1533,24819,100.00
1534,21671,100.00
1535,19927,0.00
1536,22010,100.00
1537,25308,100.00
1538,28704,100.00
1539,55335,100.00
1540,47439,0.00
1541,25769,100.00
1542,23874,100.00
1543,29344,100.00
1544,22822,100.00
1545,38959,0.00
1546,162105,0.00
1547,126240,0.00
1548,200858,0.00
1549,175108,0.00
1550,199458,0.00
1551,128126,0.00
1552,137426,0.00
1553,171108,0.00
1554,182108,0.00
1555,128071,0.00
1556,67824,0.00
1557,271293,0.00
1558,229602,0.00
1559,59695,0.00
1560,56926,100.00
1561,28194,100.00
1562,42398,100.00
1563,46467,100.00
1564,46557,0.00
1565,26054,100.00
1566,23673,100.00
1567,23386,100.00
1568,20866,100.00
1569,20945,0.00
1570,19736,100.00
1571,28841,100.00
1572,27248,100.00
1573,38354,100.00
1574,57608,0.00
1575,48768,100.00
1576,27175,100.00
1577,154549,0.00
1578,152446,0.00
1579,211624,0.00
1580,205093,0.00
1581,183739,0.00
1582,192567,0.00
1583,184757,0.00
1584,204534,0.00
1585,213463,0.00
1586,225231,0.00
1587,151285,0.00
1588,216815,0.00
1589,206316,0.00
1590,66424,100.00
1591,19261,0.00
1592,20066,0.00
1593,22886,0.00
1594,24922,100.00
1595,26784,100.00
1596,24688,100.00
1597,41986,100.00
1598,43422,0.00
1599,51662,100.00
1600,40835,100.00
1601,27023,100.00
1602,44622,50.00
1603,206720,0.00
1604,213683,0.00
1605,203541,0.00
1606,50105,0.00
1607,232650,0.00
1608,245251,0.00
1609,279085,0.00
1610,82005,0.00
1611,68210,50.00
1612,24887,0.00
1613,23635,100.00
1614,21372,100.00
1615,29612,100.00
1616,26080,100.00
1617,24101,0.00
1618,56927,100.00
1619,53247,100.00
1620,28035,100.00
1621,28230,100.00
1622,22544,0.00
1623,61735,0.00
1624,25095,100.00
1625,163802,100.00
1626,36604,100.00
1627,26132,100.00
1628,47207,0.00
1629,46913,100.00
1630,196862,100.00
1631,342816,0.00
1632,152919,0.00
1633,170475,0.00
1634,157496,0.00
1635,216342,0.00
1636,165151,0.00
1637,249936,0.00
1638,159884,0.00
1639,153618,0.00
1640,180259,0.00
1641,197847,0.00
1642,43658,0.00
1643,129495,0.00
1644,128357,0.00
1645,44871,0.00
1646,41698,100.00
1647,27875,100.00
1648,22070,0.00
1649,19192,100.00
1650,18806,100.00
1651,20692,100.00
1652,23310,100.00
1653,25684,0.00
1654,53506,100.00
1655,51892,100.00
1656,37390,100.00
1657,24984,100.00
1658,29380,0.00
1659,20287,100.00
1660,23608,100.00
1661,26507,100.00
1662,24224,100.00
1663,268213,0.00
1664,289547,0.00
1665,167828,0.00
1666,97570,0.00
1667,92632,0.00
1668,256549,0.00
1669,260868,0.00
1670,469646,0.00
1671,327399,0.00
1672,169286,0.00
1673,145458,0.00
1674,146389,0.00
1675,56699,0.00
1676,66091,0.00
1677,60856,0.00
1678,69307,0.00
1679,54482,100.00
1680,58937,100.00
1681,26303,100.00
1682,24628,100.00
1683,22886,0.00
1684,20206,100.00
1685,20413,100.00
1686,23390,100.00
1687,23872,100.00
1688,26059,0.00
1689,51355,100.00
1690,55727,100.00
1691,44836,100.00
1692,37174,100.00
1693,27208,0.00
1694,19118,100.00
1695,157769,0.00
1696,184901,0.00
1697,147032,0.00
1698,217669,0.00
1699,238377,0.00
1700,218678,0.00
1701,202737,0.00
1702,182683,0.00
1703,228864,0.00
1704,221578,0.00
1705,287873,0.00
1706,189462,0.00
1707,56196,0.00
1708,177893,0.00
1709,62136,0.00
1710,52277,100.00
1711,36075,100.00
1712,28804,100.00
1713,55500,0.00
1714,50206,100.00
1715,55613,100.00
1716,24624,100.00
1717,24694,100.00
1718,21366,0.00
1719,19775,100.00
1720,19578,100.00
1721,22692,100.00
1722,26435,100.00
1723,40095,0.00
1724,54828,100.00
1725,45932,100.00
1726,165392,0.00
1727,590704,50.00
1728,210672,0.00
1729,393078,0.00
1730,201311,0.00
1731,65475,0.00
1732,293252,0.00
1733,249671,0.00
1734,113347,0.00
1735,139294,0.00
1736,135929,0.00
1737,174829,0.00
1738,69191,0.00
1739,66446,0.00
1740,48823,100.00
1741,36462,100.00
1742,23527,0.00
1743,62224,100.00
1744,30925,100.00
1745,26699,0.00
1746,23800,100.00
1747,41660,100.00
1748,44640,100.00
1749,53872,100.00
1750,25999,0.00
1751,38314,100.00
1752,353016,0.00
1753,56967,0.00
1754,248499,0.00
1755,154822,0.00
1756,239078,0.00
1757,233325,0.00
1758,355288,0.00
1759,242713,0.00
1760,271516,0.00
1761,52554,0.00
1762,45385,100.00
1763,23090,100.00
1764,19678,100.00
1765,24315,0.00
1766,25386,100.00
1767,25321,100.00
1768,56532,100.00
1769,54233,100.00
1770,28399,0.00
1771,21847,100.00
1772,20257,100.00
1773,20150,100.00
1774,30262,100.00
1775,30053,0.00
1776,24602,100.00
1777,40810,50.00
1778,167503,0.00
1779,182253,0.00
1780,46643,0.00
1781,272590,0.00
1782,132062,0.00
1783,218845,0.00
1784,253872,0.00
1785,219034,0.00
1786,213964,0.00
1787,192538,0.00
1788,198254,0.00
1789,46934,0.00
1790,54839,0.00
1791,147545,100.00
1792,53196,100.00
1793,28024,0.00
1794,27091,100.00
1795,23285,100.00
1796,21677,100.00
1797,20954,100.00
1798,22919,0.00
1799,26509,100.00
1800,26860,100.00
1801,177220,100.00
1802,52006,100.00
1803,47967,0.00
1804,29505,100.00
1805,31450,100.00
1806,21233,100.00
1807,26883,0.00
1808,40012,0.00
1809,217359,0.00
1810,196821,0.00
1811,162162,0.00
1812,46705,0.00
1813,42013,0.00
1814,43147,0.00
1815,38865,0.00
1816,38483,0.00
1817,41249,0.00
1818,41609,0.00
1819,127521,0.00
1820,68229,66.67
1821,19751,0.00
1822,24443,0.00
1823,51449,100.00
1824,50911,0.00
1825,37341,100.00
1826,24929,100.00
1827,23091,100.00
1828,21149,100.00
1829,21689,0.00
1830,19364,100.00
1831,22638,100.00
1832,29181,100.00
1833,38724,100.00
1834,39226,0.00
1835,38939,100.00
1836,36377,100.00
1837,42774,0.00
1838,39194,50.00
1839,161770,0.00
1840,222626,0.00
1841,205903,0.00
1842,205902,0.00
1843,152170,0.00
1844,161930,0.00
1845,172203,0.00
1846,137215,0.00
1847,146263,0.00
1848,205012,0.00
1849,149744,0.00
1850,152343,0.00
1851,41310,0.00
1852,39436,100.00
1853,34745,0.00
1854,30031,100.00
1855,26230,100.00
1856,45672,100.00
1857,44860,100.00
1858,34190,0.00
1859,33516,100.00
1860,23947,100.00
1861,19181,0.00
1862,41096,50.00
1863,41729,0.00
1864,41007,0.00
1865,213818,0.00
1866,129724,0.00
1867,45964,0.00
1868,134865,0.00
1869,56398,0.00
1870,47024,100.00
1871,31541,0.00
1872,28146,100.00
1873,27360,100.00
1874,24588,100.00
1875,51254,100.00
1876,53241,0.00
1877,40384,100.00
1878,30577,100.00
1879,22322,100.00
1880,22199,100.00
1881,24722,0.00
1882,24790,100.00
1883,23759,100.00
1884,46396,100.00
1885,46364,100.00
1886,34891,0.00
1887,39126,50.00
1888,123690,0.00
1889,176311,0.00
1890,46896,0.00
1891,161940,0.00
1892,42161,0.00
1893,39198,0.00
1894,41167,0.00
1895,47305,0.00
1896,37114,0.00
1897,37088,0.00
1898,43271,0.00
1899,39176,0.00
1900,186501,0.00
1901,47920,0.00
1902,35955,100.00
1903,29182,100.00
1904,25759,100.00
1905,20166,0.00
1906,23584,100.00
1907,24891,100.00
1908,35591,100.00
1909,49061,100.00
1910,40622,0.00
1911,26438,100.00
1912,24849,100.00
1913,21150,100.00
1914,26029,100.00
1915,28234,0.00
1916,24828,100.00
1917,208206,50.00
1918,59025,0.00
1919,129598,0.00
1920,127741,0.00
1921,114017,0.00
1922,116668,0.00
1923,57309,0.00
1924,279426,0.00
1925,42945,0.00
1926,138365,0.00
1927,224247,0.00
1928,197599,0.00
1929,157856,0.00
1930,62395,0.00
1931,75384,0.00
1932,70782,100.00
1933,44316,100.00
1934,29743,100.00
1935,25588,100.00
1936,20882,0.00
1937,20807,100.00
1938,19104,100.00
1939,24398,100.00
1940,24144,100.00
1941,40020,0.00
1942,51019,100.00
1943,49013,100.00
1944,41517,100.00
1945,27472,100.00
1946,22899,0.00
1947,18281,50.00
1948,169205,0.00
1949,147742,0.00
1950,181274,0.00
1951,230824,0.00
1952,156476,0.00
1953,45354,0.00
1954,44566,0.00
1955,219882,0.00
1956,212277,0.00
1957,218269,0.00
1958,195953,0.00
1959,119947,0.00
1960,130017,0.00
1961,59900,0.00
1962,51719,100.00
1963,38289,100.00
1964,34028,100.00
1965,48213,0.00
1966,53275,100.00
1967,27365,100.00
1968,20664,100.00
1969,23162,100.00
1970,20072,0.00
1971,19669,100.00
1972,18559,100.00
1973,23697,100.00
1974,23906,100.00
1975,41830,0.00
1976,43930,100.00
1977,30814,100.00
1978,39001,0.00
1979,38443,0.00
1980,134999,0.00
1981,42160,0.00
1982,134850,0.00
1983,223751,0.00
1984,61042,0.00
1985,152078,0.00
1986,145078,0.00
1987,135525,0.00
1988,135967,0.00
1989,45313,0.00
1990,56686,0.00
1991,44281,100.00
1992,39696,100.00
1993,29464,0.00
1994,24851,100.00
1995,25598,100.00
1996,23871,100.00
1997,22288,100.00
1998,48064,0.00
1999,51512,100.00
2000,57223,100.00
2001,22500,100.00
2002,36603,50.00
2003,42439,0.00
2004,39909,0.00
2005,143210,0.00
2006,166226,0.00
2007,44902,0.00
2008,112499,0.00
2009,146550,0.00
2010,173523,0.00
2011,63407,0.00
2012,29690,0.00
2013,28965,100.00
2014,24313,100.00
2015,22764,100.00
2016,23134,100.00
2017,24737,0.00
2018,52606,100.00
2019,49734,100.00
2020,38533,100.00
2021,27381,100.00
2022,24735,0.00
2023,20949,100.00
2024,21825,100.00
2025,25394,100.00
2026,38719,100.00
2027,26994,0.00
2028,41909,100.00
2029,41821,0.00
2030,185874,0.00
2031,46411,0.00
2032,208830,0.00
2033,151146,0.00
2034,128809,0.00
2035,159985,0.00
2036,204184,0.00
2037,131543,0.00
2038,158332,0.00
2039,128265,0.00
2040,154226,0.00
2041,60938,0.00
2042,58452,100.00
2043,58799,0.00
2044,29401,100.00
2045,25577,100.00
2046,24560,100.00
2047,20029,100.00
2048,21010,0.00
2049,19233,100.00
2050,24134,100.00
2051,52582,100.00
2052,45791,100.00
2053,51662,0.00
2054,48338,100.00
2055,31973,100.00
2056,45044,100.00
2057,24372,100.00
2058,21667,0.00
2059,146464,50.00
2060,44722,0.00
2061,168545,0.00
2062,215535,0.00
2063,211452,0.00
2064,52598,0.00
2065,207245,0.00
2066,189690,0.00
2067,203398,0.00
2068,142906,0.00
2069,200510,0.00
2070,146699,0.00
2071,172020,0.00
2072,244134,0.00
2073,60670,0.00
2074,55836,100.00
2075,27868,0.00
2076,49562,100.00
2077,46089,100.00
2078,53255,100.00
2079,27811,100.00
2080,19677,0.00
2081,22731,100.00
2082,17684,100.00
2083,19009,100.00
2084,18079,100.00
2085,22709,0.00
2086,25442,100.00
2087,48965,100.00
2088,45474,100.00
2089,36923,100.00
2090,24622,0.00
2091,185386,100.00
2092,41378,0.00
2093,41362,0.00
2094,183811,0.00
2095,185209,0.00
2096,47832,0.00
2097,190579,0.00
2098,190835,0.00
2099,47151,0.00
2100,44699,0.00
2101,193307,0.00
2102,84350,0.00
2103,41013,0.00
2104,41280,0.00
2105,176065,0.00
2106,51453,100.00
2107,43841,0.00
2108,25109,100.00
2109,27415,100.00
2110,26390,100.00
2111,34947,100.00
2112,39130,0.00
2113,45236,100.00
2114,23464,100.00
2115,21792,100.00
2116,22230,100.00
2117,20625,0.00
2118,20625,100.00
2119,19389,100.00
2120,190636,50.00
2121,195163,0.00
2122,197628,0.00
2123,141561,0.00
2124,195030,0.00
2125,160076,0.00
2126,154924,0.00
2127,194386,0.00
2128,197123,0.00
2129,148881,0.00
2130,45320,0.00
2131,73979,100.00
2132,21126,0.00
2133,24596,0.00
2134,66821,100.00
2135,55960,100.00
2136,41943,100.00
2137,24323,100.00
2138,24040,0.00
2139,21549,100.00
2140,22155,100.00
2141,24561,100.00
2142,23171,100.00
2143,21859,0.00
2144,49768,100.00
2145,53710,100.00
2146,40012,100.00
2147,21678,50.00
2148,176692,0.00
2149,143042,0.00
2150,198359,0.00
2151,46682,0.00
2152,39610,0.00
2153,41493,0.00
2154,139507,0.00
2155,42422,0.00
2156,41668,0.00
2157,39979,0.00
2158,39611,0.00
2159,36721,0.00
2160,51913,0.00
2161,38155,0.00
2162,28383,100.00
2163,38802,100.00
2164,24479,100.00
2165,24439,100.00
2166,25499,0.00
2167,38893,100.00
2168,40963,100.00
2169,40119,100.00
2170,26103,100.00
2171,23292,0.00
2172,19951,100.00
2173,22283,100.00
2174,30079,100.00
2175,26355,100.00
2176,28588,0.00
2177,38235,0.00
2178,34890,0.00
2179,162897,0.00
2180,42836,0.00
2181,43329,0.00
2182,120472,0.00
2183,41286,0.00
2184,46483,0.00
2185,45586,0.00
2186,42395,0.00
2187,42661,0.00
2188,43259,0.00
2189,126009,0.00
2190,44784,100.00
2191,40338,100.00
2192,43611,0.00
2193,29561,100.00
2194,27650,100.00
2195,24678,100.00
2196,26331,100.00
2197,20291,0.00
2198,21980,100.00
2199,24131,100.00
2200,25307,100.00
2201,46484,100.00
2202,41038,0.00
2203,30614,100.00
2204,30157,100.00
2205,22343,100.00
2206,20918,100.00
2207,30443,0.00
2208,39457,0.00
2209,41634,0.00
2210,37471,0.00
2211,36227,0.00
2212,34411,0.00
2213,33988,0.00
2214,36864,0.00
2215,37223,0.00
2216,39492,0.00
2217,165328,0.00
2218,42826,0.00
2219,44216,0.00
2220,40106,0.00
2221,45100,0.00
2222,41756,100.00
2223,32449,100.00
2224,39913,100.00
2225,41055,100.00
2226,44108,0.00
2227,25952,100.00
2228,21765,100.00
2229,23933,100.00
2230,19245,100.00
2231,19417,0.00
2232,18056,100.00
2233,23549,100.00
2234,24801,100.00
2235,37477,100.00
2236,39299,0.00
2237,29492,100.00
2238,105609,0.00
2239,39231,0.00
2240,34532,0.00
2241,37721,0.00
2242,37710,0.00
2243,39495,0.00
2244,39104,0.00
2245,44020,0.00
2246,40314,0.00
2247,38421,0.00
2248,174921,0.00
2249,146192,0.00
2250,200499,0.00
2251,58535,0.00
2252,49949,100.00
2253,35203,100.00
2254,27188,100.00
2255,24394,0.00
2256,25975,100.00
2257,23536,100.00
2258,32827,100.00
2259,44360,100.00
2260,45884,0.00
2261,25093,100.00
2262,21139,100.00
2263,32735,50.00
2264,113997,0.00
2265,44326,0.00
2266,164347,0.00
2267,108045,0.00
2268,164395,0.00
2269,64728,0.00
2270,188991,0.00
2271,191125,0.00
2272,67242,50.00
2273,17212,0.00
2274,17840,0.00
2275,22094,100.00
2276,26684,100.00
2277,25276,100.00
2278,25419,100.00
2279,55980,0.00
2280,48397,100.00
2281,26159,100.00
2282,21458,100.00
2283,23692,100.00
2284,59526,0.00
2285,23862,0.00
2286,22466,100.00
2287,35174,100.00
2288,24706,100.00
2289,22030,100.00
2290,44389,0.00
2291,43602,100.00
2292,181427,0.00
2293,64261,0.00
2294,199234,0.00
2295,127500,0.00
2296,138446,0.00
2297,121414,0.00
2298,148807,0.00
2299,195700,0.00
2300,124312,0.00
2301,117671,0.00
2302,45804,0.00
2303,45234,0.00
2304,45612,0.00
2305,160169,0.00
2306,212366,0.00
2307,37241,100.00
2308,29849,100.00
2309,25388,100.00
2310,21626,0.00
2311,20851,100.00
2312,21006,100.00
2313,24652,100.00
2314,26439,100.00
2315,26893,0.00
2316,66075,100.00
2317,55734,100.00
2318,30708,100.00
2319,27342,100.00
2320,22006,0.00
2321,25118,100.00
2322,20278,100.00
2323,119870,0.00
2324,42271,0.00
2325,152699,0.00
2326,158549,0.00
2327,229226,0.00
2328,146547,0.00
2329,164514,0.00
2330,302022,0.00
2331,203467,0.00
2332,203335,0.00
2333,149757,0.00
2334,52831,0.00
2335,67583,0.00
2336,49455,100.00
2337,32535,100.00
2338,53948,0.00
2339,50026,100.00
2340,39167,100.00
2341,21545,100.00
2342,23181,100.00
2343,21285,0.00
2344,20692,100.00
2345,18898,100.00
2346,23207,100.00
2347,24833,100.00
2348,24461,0.00
2349,53869,100.00
2350,51257,100.00
2351,33341,100.00
2352,23343,100.00
2353,42940,0.00
2354,218124,0.00
2355,216199,0.00
2356,197787,0.00
2357,179405,0.00
2358,46873,0.00
2359,46266,0.00
2360,136284,0.00
2361,193100,0.00
2362,187156,0.00
2363,41552,0.00
2364,144947,0.00
2365,106165,0.00
2366,126229,0.00
2367,52651,0.00
2368,39362,100.00
2369,38540,100.00
2370,33878,0.00
2371,27896,100.00
2372,31128,100.00
2373,46276,100.00
2374,46046,100.00
2375,26080,0.00
2376,20836,100.00
2377,19800,100.00
2378,19643,100.00
2379,19408,100.00
2380,18567,0.00
2381,23418,100.00
2382,1910915,100.00
2383,148362,0.00
2384,187374,0.00
2385,44948,0.00
2386,43819,0.00
2387,148321,0.00
2388,144589,0.00
2389,145017,0.00
2390,213110,0.00
2391,47124,0.00
2392,44003,0.00
2393,47634,0.00
2394,57051,0.00
2395,46700,100.00
2396,42307,100.00
2397,43230,100.00
2398,28370,0.00
2399,27778,100.00
2400,23359,100.00
2401,22700,100.00
2402,24202,100.00
2403,23873,0.00
2404,25638,100.00
2405,40299,100.00
2406,37431,100.00
2407,40143,100.00
2408,25297,0.00
2409,136781,50.00
2410,42577,0.00
2411,42563,0.00
2412,43055,0.00
2413,52976,0.00
2414,112412,0.00
2415,44031,0.00
2416,42705,0.00
2417,45363,0.00
2418,43952,0.00
2419,42416,0.00
2420,60968,50.00
2421,31826,0.00
2422,41655,0.00
2423,24822,100.00
2424,20139,100.00
2425,23319,100.00
2426,24035,100.00
2427,23505,0.00
2428,56988,100.00
2429,48109,100.00
2430,29742,100.00
2431,25482,100.00
2432,21345,0.00
2433,25405,100.00
2434,24162,100.00
2435,24370,100.00
2436,27050,100.00
2437,31809,0.00
2438,39098,0.00
2439,176784,0.00
2440,117788,0.00
2441,150140,0.00
2442,45004,0.00
2443,45410,0.00
2444,99990,0.00
2445,39262,0.00
2446,36486,0.00
2447,37582,0.00
2448,155046,0.00
2449,42827,0.00
2450,59357,50.00
2451,43133,0.00
2452,49421,100.00
2453,25666,100.00
2454,30510,100.00
2455,26364,0.00
2456,24809,100.00
2457,20128,100.00
2458,21253,100.00
2459,24300,100.00
2460,23527,0.00
2461,42947,100.00
2462,37484,100.00
2463,28775,100.00
2464,34117,100.00
2465,21779,0.00
2466,21266,100.00
2467,25867,100.00
2468,33755,0.00
2469,39600,0.00
2470,39542,0.00
2471,40651,0.00
2472,157524,0.00
2473,40028,0.00
2474,36070,0.00
2475,41497,0.00
2476,40438,0.00
2477,36824,0.00
2478,39936,0.00
2479,39429,0.00
2480,40816,0.00
2481,46755,0.00
2482,42265,100.00
2483,32264,100.00
2484,36888,100.00
2485,35079,100.00
2486,38237,0.00
2487,26909,100.00
2488,26049,100.00
2489,22507,100.00
2490,19632,100.00
2491,18163,0.00
2492,21183,100.00
2493,24041,100.00
2494,31217,100.00
2495,39924,100.00
2496,51918,0.00
2497,36534,100.00
2498,21318,50.00
2499,56633,0.00
2500,179283,0.00
2501,50202,0.00
2502,44815,0.00
2503,48168,0.00
2504,49295,0.00
2505,106822,0.00
2506,132203,0.00
2507,172084,0.00
2508,175617,0.00
2509,45171,0.00
2510,45019,0.00
2511,44289,0.00
2512,57701,100.00
2513,22315,0.00
2514,29071,100.00
2515,35049,0.00
2516,29690,100.00
2517,26035,100.00
2518,38266,100.00
2519,45151,100.00
2520,42411,0.00
2521,25006,100.00
2522,20954,100.00
2523,19448,50.00
2524,114203,0.00
2525,187154,0.00
2526,45287,0.00
2527,187071,0.00
2528,126255,0.00
2529,120362,0.00
2530,43993,0.00
2531,168828,0.00
2532,44676,0.00
2533,32528,100.00
2534,28566,100.00
2535,27020,100.00
2536,24014,0.00
2537,24199,100.00
2538,44734,100.00
2539,41501,100.00
2540,29895,100.00
2541,22712,0.00
2542,23198,100.00
2543,21252,100.00
2544,23029,100.00
2545,32442,100.00
2546,30463,0.00
2547,32371,100.00
2548,34648,100.00
2549,31097,100.00
2550,128176,0.00
2551,186438,0.00
2552,128531,0.00
2553,111646,0.00
2554,114944,0.00
2555,45999,0.00
2556,44645,0.00
2557,189227,0.00
2558,132051,0.00
2559,197474,0.00
2560,57065,0.00
2561,234629,0.00
2562,155395,0.00
2563,220772,0.00
2564,51119,0.00
2565,43728,100.00
2566,29954,100.00
2567,22848,100.00
2568,20736,0.00
2569,19003,100.00
2570,21728,100.00
2571,25392,100.00
2572,23490,100.00
2573,58002,0.00
2574,55204,100.00
2575,37644,100.00
2576,24778,100.00
2577,23561,100.00
2578,20766,0.00
2579,23371,100.00
2580,29995,100.00
2581,28533,100.00
2582,138596,0.00
2583,51261,0.00
2584,153538,0.00
2585,200384,0.00
2586,214487,0.00
2587,144114,0.00
2588,145297,0.00
2589,196503,0.00
2590,45513,0.00
2591,44541,0.00
2592,40005,0.00
2593,44595,0.00
2594,115202,0.00
2595,62183,50.00
2596,19397,0.00
2597,42149,0.00
2598,47965,100.00
2599,24085,100.00
2600,29375,100.00
2601,26590,100.00
2602,21169,0.00
2603,20826,100.00
2604,18231,100.00
2605,21439,100.00
2606,24454,100.00
2607,22857,0.00
2608,52523,100.00
2609,47270,100.00
2610,23999,100.00
2611,27719,100.00
2612,22945,0.00
2613,170392,0.00
2614,43218,0.00
2615,128386,0.00
2616,43975,0.00
2617,40180,0.00
2618,42253,0.00
2619,42470,0.00
2620,143792,0.00
2621,177064,0.00
2622,48008,0.00
2623,42104,0.00
2624,41852,0.00
2625,173027,0.00
2626,48379,0.00
2627,43494,100.00
2628,33329,100.00
2629,31068,100.00
2630,25866,100.00
2631,44067,0.00
2632,40839,100.00
2633,43721,100.00
2634,20061,100.00
2635,23658,100.00
2636,21174,0.00
2637,19807,100.00
2638,19141,100.00
2639,22423,100.00
2640,29917,100.00
2641,28678,0.00
2642,43129,100.00
2643,30619,100.00
2644,35455,0.00
2645,197879,0.00
2646,205048,0.00
2647,44812,0.00
2648,202201,0.00
2649,149967,0.00
2650,149635,0.00
2651,178206,0.00
2652,134460,0.00
2653,195019,0.00
2654,45892,0.00
2655,181229,0.00
2656,46858,0.00
2657,152147,0.00
2658,36553,100.00
2659,29540,100.00
2660,31549,0.00
2661,22420,100.00
2662,23251,100.00
2663,24871,100.00
2664,23397,100.00
2665,24856,0.00
2666,44214,100.00
2667,39630,100.00
2668,24692,100.00
2669,18026,100.00
2670,35587,0.00
2671,37674,0.00
2672,35538,0.00
2673,37786,0.00
2674,117552,0.00
2675,41664,0.00
2676,91872,0.00
2677,45644,0.00
2678,177321,0.00
2679,63946,0.00
2680,45914,0.00
2681,28079,100.00
2682,24534,100.00
2683,23609,100.00
2684,23731,100.00
2685,24624,0.00
2686,44385,100.00
2687,41416,100.00
2688,31437,100.00
2689,23981,100.00
2690,23512,0.00
2691,21588,100.00
2692,21448,100.00
2693,24183,100.00
2694,35843,100.00
2695,29255,0.00
2696,37079,0.00
2697,37712,0.00
2698,127273,0.00
2699,177206,0.00
2700,166199,0.00
2701,162932,0.00
2702,139959,0.00
2703,202528,0.00
2704,125164,0.00
2705,42759,0.00
2706,201511,0.00
2707,154317,0.00
2708,218759,0.00
2709,151972,0.00
2710,47664,100.00
2711,51973,100.00
2712,29068,100.00
2713,24311,100.00
2714,26613,0.00
2715,20220,100.00
2716,19519,100.00
2717,17921,100.00
2718,22570,100.00
2719,26766,0.00
2720,49659,100.00
2721,53032,100.00
2722,43890,100.00
2723,24644,100.00
2724,22881,0.00
2725,21004,100.00
2726,22669,100.00
2727,40475,0.00
2728,42852,0.00
2729,46672,0.00
2730,44706,0.00
2731,41415,0.00
2732,128209,0.00
2733,137926,0.00
2734,44253,0.00
2735,40530,0.00
2736,40874,0.00
2737,139445,0.00
2738,45685,0.00
2739,42768,0.00
2740,46572,0.00
2741,44433,100.00
2742,33010,100.00
2743,28586,0.00
2744,51709,100.00
2745,53864,100.00
2746,26062,100.00
2747,21700,100.00
2748,21968,0.00
2749,19815,100.00
2750,27401,100.00
2751,19002,100.00
2752,28409,100.00
2753,24655,0.00
2754,24169,100.00
2755,56041,100.00
2756,46999,100.00
2757,24849,100.00
2758,206602,0.00
2759,150289,0.00
2760,241171,0.00
2761,182986,0.00
2762,146200,0.00
2763,128619,0.00
2764,163457,0.00
2765,134240,0.00
2766,41956,0.00
2767,169080,0.00
2768,183913,0.00
2769,129215,0.00
2770,37654,0.00
2771,39241,0.00
2772,49899,0.00
2773,44958,100.00
2774,26938,100.00
2775,30201,0.00
2776,27764,100.00
2777,24150,100.00
2778,38996,100.00
2779,36595,100.00
2780,43545,0.00
2781,23782,100.00
2782,20896,100.00
2783,22535,100.00
2784,41543,0.00
2785,149571,0.00
2786,209477,0.00
2787,188346,0.00
2788,185434,0.00
2789,114825,0.00
2790,46494,0.00
2791,491741,0.00
2792,63517,0.00
2793,41076,100.00
2794,25572,0.00
2795,24445,100.00
2796,24904,100.00
2797,26451,100.00
2798,38022,100.00
2799,47295,0.00
2800,44359,100.00
2801,44488,100.00
2802,25624,100.00
2803,23232,100.00
2804,20621,0.00
2805,24923,100.00
2806,28349,100.00
2807,23419,100.00
2808,40283,100.00
2809,35077,0.00
2810,37713,100.00
2811,140473,0.00
2812,42643,0.00
2813,39084,0.00
2814,39624,0.00
2815,36551,0.00
2816,34785,0.00
2817,50771,0.00
2818,42987,0.00
2819,43381,0.00
2820,37984,0.00
2821,40761,0.00
2822,42626,0.00
2823,43741,0.00
2824,52724,100.00
2825,25607,0.00
2826,30548,100.00
2827,29876,100.00
2828,25483,0.00
2829,20039,100.00
2830,19121,100.00
2831,22835,100.00
2832,24963,100.00
2833,31002,0.00
2834,53669,100.00
2835,45310,100.00
2836,25647,100.00
2837,23676,100.00
2838,27354,0.00
2839,23683,100.00
2840,24852,100.00
2841,25034,100.00
2842,31852,50.00
2843,41732,0.00
2844,155422,0.00
2845,43384,0.00
2846,180591,0.00
2847,44889,0.00
2848,200589,0.00
2849,89174,0.00
2850,153231,0.00
2851,207048,0.00
2852,44857,0.00
2853,111525,0.00
2854,107601,0.00
2855,148918,0.00
2856,66868,0.00
2857,39561,0.00
2858,49050,100.00
2859,54649,100.00
2860,27061,100.00
2861,25981,100.00
2862,24125,0.00
2863,21036,100.00
2864,19031,100.00
2865,18811,100.00
2866,22815,100.00
2867,25122,0.00
2868,40984,100.00
2869,53871,100.00
2870,49959,100.00
2871,39169,100.00
2872,26867,0.00
2873,19995,100.00
2874,39524,50.00
2875,44385,0.00
2876,127358,0.00
2877,40331,0.00
2878,123108,0.00
2879,42177,0.00
2880,154947,0.00
2881,39769,0.00
2882,46064,0.00
2883,44275,0.00
2884,162589,0.00
2885,66695,0.00
2886,138218,0.00
2887,111142,0.00
2888,47456,0.00
2889,46661,100.00
2890,31349,100.00
2891,30235,0.00
2892,44039,100.00
2893,40500,100.00
2894,40492,100.00
2895,26154,100.00
2896,19764,0.00
2897,22302,100.00
2898,17882,100.00
2899,18236,100.00
2900,18235,100.00
2901,22369,0.00
2902,33495,100.00
2903,44551,100.00
2904,39813,100.00
2905,40711,50.00
2906,44159,0.00
2907,47028,0.00
2908,38424,0.00
2909,61457,0.00
2910,107175,0.00
2911,38046,0.00
2912,38302,0.00
2913,185845,0.00
2914,39269,0.00
2915,37808,0.00
2916,39805,0.00
2917,43637,0.00
2918,64104,50.00
2919,18369,0.00
2920,20507,0.00
2921,25223,100.00
2922,22978,100.00
2923,23807,100.00
2924,25389,0.00
2925,24043,100.00
2926,36332,100.00
2927,60446,100.00
2928,49951,100.00
2929,24778,0.00
2930,23723,100.00
2931,43827,0.00
2932,131614,0.00
2933,47059,0.00
2934,133729,0.00
2935,177085,0.00
2936,145402,0.00
2937,44821,0.00
2938,42090,0.00
2939,50927,0.00
2940,46845,0.00
2941,44404,100.00
2942,33602,100.00
2943,27099,100.00
2944,23488,0.00
2945,23446,100.00
2946,23894,100.00
2947,43171,100.00
2948,37445,100.00
2949,35735,0.00
2950,21838,100.00
2951,21979,100.00
2952,24995,100.00
2953,22152,100.00
2954,27674,0.00
2955,23289,100.00
2956,17905,100.00
2957,55986,0.00
2958,208612,0.00
2959,44888,0.00
2960,138548,0.00
2961,142153,0.00
2962,121327,0.00
2963,47274,0.00
2964,43382,0.00
2965,44382,0.00
2966,42792,0.00
2967,39884,0.00
2968,114810,0.00
2969,39393,0.00
2970,44227,0.00
2971,48656,100.00
2972,48798,100.00
2973,25865,0.00
2974,26297,100.00
2975,27994,100.00
2976,24159,100.00
2977,20681,100.00
2978,18187,0.00
2979,22230,100.00
2980,24287,100.00
2981,47329,100.00
2982,45825,100.00
2983,41478,0.00
2984,26768,100.00
2985,35497,100.00
2986,23083,100.00
2987,28855,100.00
2988,51718,0.00
2989,43933,0.00
2990,46881,0.00
2991,62586,0.00
2992,104905,0.00
2993,138203,0.00
2994,206241,0.00
2995,142592,0.00
2996,157944,0.00
2997,149261,0.00
2998,200356,0.00
2999,130264,0.00
3000,230808,0.00
3001,68796,50.00
3002,20570,0.00
3003,25366,0.00
3004,24098,100.00
3005,66004,100.00
3006,53158,100.00
3007,53697,0.00
3008,23869,100.00
3009,22944,100.00
3010,28900,100.00
3011,19838,100.00
3012,20858,0.00
3013,21549,100.00
3014,22807,100.00
3015,23748,100.00
3016,54578,100.00
3017,45107,0.00
3018,29608,100.00
3019,23018,100.00
3020,44841,50.00
3021,43012,0.00
3022,218627,0.00
3023,214317,0.00
3024,145017,0.00
3025,168108,0.00
3026,216152,0.00
3027,217857,0.00
3028,216833,0.00
3029,149127,0.00
3030,157684,0.00
3031,62790,0.00
3032,217611,0.00
3033,216090,0.00
3034,66474,50.00
3035,17729,0.00
3036,20196,0.00
3037,22992,100.00
3038,25293,100.00
3039,24129,0.00
3040,39034,100.00
3041,43295,100.00
3042,48990,100.00
3043,26058,100.00
3044,23887,0.00
3045,23726,100.00
3046,42809,100.00
3047,45664,0.00
3048,177709,0.00
3049,133047,0.00
3050,169538,0.00
3051,130110,0.00
3052,119990,0.00
3053,128126,0.00
3054,199661,0.00
3055,40791,0.00
3056,38149,100.00
3057,23505,100.00
3058,24162,100.00
3059,26755,100.00
3060,36130,0.00
3061,53049,100.00
3062,44568,100.00
3063,27165,100.00
3064,24576,100.00
3065,20887,0.00
3066,21768,100.00
3067,23870,100.00
3068,28378,100.00
3069,27415,100.00
3070,47641,0.00
3071,39687,100.00
3072,42996,100.00
3073,130987,0.00
3074,212988,0.00
3075,139091,0.00
3076,130328,0.00
3077,38509,0.00
3078,39660,0.00
3079,134315,0.00
3080,190842,0.00
3081,142575,0.00
3082,126662,0.00
3083,155764,0.00
3084,145015,0.00
3085,140746,0.00
3086,152547,0.00
3087,60049,0.00
3088,41352,100.00
3089,32383,100.00
3090,28227,100.00
3091,22967,100.00
3092,18836,0.00
3093,23196,100.00
3094,24833,100.00
3095,33900,100.00
3096,40925,100.00
3097,35629,0.00
3098,24912,100.00
3099,23686,100.00
3100,20010,100.00
3101,21523,100.00
3102,34179,0.00
3103,25770,100.00
3104,20768,100.00
3105,40583,0.00
3106,187942,0.00
3107,43046,0.00
3108,41660,0.00
3109,42271,0.00
3110,44082,0.00
3111,43475,0.00
3112,42880,0.00
3113,161421,0.00
3114,169395,0.00
3115,46603,0.00
3116,45837,0.00
3117,44109,0.00
3118,57062,0.00
3119,51386,100.00
3120,43820,100.00
3121,21377,0.00
3122,27778,100.00
3123,33428,100.00
3124,23016,100.00
3125,19953,100.00
3126,17772,0.00
3127,21713,100.00
3128,24590,100.00
3129,23498,100.00
3130,55636,100.00
3131,50224,0.00
3132,31649,100.00
3133,28702,100.00
3134,23567,100.00
3135,20705,100.00
3136,43129,0.00
3137,41201,0.00
3138,34755,0.00
3139,117253,0.00
3140,113924,0.00
3141,113723,0.00
3142,45102,0.00
3143,155207,0.00
3144,45596,0.00
3145,43434,0.00
3146,112301,0.00
3147,42513,0.00
3148,41757,0.00
3149,113915,0.00
3150,50182,0.00
3151,44690,100.00
3152,33208,100.00
3153,29928,100.00
3154,54642,100.00
3155,50658,0.00
3156,24163,100.00
3157,19973,100.00
3158,22015,100.00
3159,20833,100.00
3160,19051,0.00
3161,19016,100.00
3162,21743,100.00
3163,23457,100.00
3164,27709,100.00
3165,54631,0.00
3166,49474,100.00
3167,41347,50.00
3168,40422,0.00
3169,39217,0.00
3170,34054,0.00
3171,37081,0.00
3172,38930,0.00
3173,35140,0.00
3174,155034,0.00
3175,43900,0.00
3176,45239,0.00
3177,45150,0.00
3178,46183,0.00
3179,109509,0.00
3180,52850,0.00
3181,45620,0.00
3182,28518,100.00
3183,26209,100.00
3184,25038,100.00
3185,25762,100.00
3186,24375,0.00
3187,31047,100.00
3188,44479,100.00
3189,56072,100.00
3190,26364,100.00
3191,22636,0.00
3192,39290,0.00
3193,152465,0.00
3194,41536,0.00
3195,42926,0.00
3196,40573,0.00
3197,157692,0.00
3198,39617,0.00
3199,38750,0.00
3200,40959,0.00
3201,63376,0.00
3202,35270,100.00
3203,26184,100.00
3204,26304,100.00
3205,29066,100.00
3206,25485,0.00
3207,23670,100.00
3208,46995,100.00
3209,43997,100.00
3210,24134,100.00
3211,21048,0.00
3212,23185,100.00
3213,20475,100.00
3214,25888,100.00
3215,25114,100.00
3216,26422,0.00
3217,20926,100.00
3218,131949,0.00
3219,54086,0.00
3220,177539,0.00
3221,45416,0.00
3222,132343,0.00
3223,142356,0.00
3224,44126,0.00
3225,111573,0.00
3226,173717,0.00
3227,42205,0.00
3228,41947,0.00
3229,45242,0.00
3230,45288,0.00
3231,49276,0.00
3232,47602,100.00
3233,45213,100.00
3234,29933,100.00
3235,27733,0.00
3236,24763,100.00
3237,20138,100.00
3238,17943,100.00
3239,23345,100.00
3240,25689,0.00
3241,32125,100.00
3242,44861,100.00
3243,46089,100.00
3244,24612,100.00
3245,30979,0.00
3246,25979,100.00
3247,20890,100.00
3248,199641,0.00
3249,155538,0.00
3250,219846,0.00
3251,138535,0.00
3252,46245,0.00
3253,143951,0.00
3254,196962,0.00
3255,189691,0.00
3256,118166,0.00
3257,130605,0.00
3258,46163,0.00
3259,181906,0.00
3260,46148,0.00
3261,59870,0.00
3262,54026,100.00
3263,34324,100.00
3264,46825,100.00
3265,47829,100.00
3266,49196,0.00
3267,25138,100.00
3268,23869,100.00
3269,23689,100.00
3270,21352,100.00
3271,19277,0.00
3272,18052,100.00
3273,23208,100.00
3274,23936,100.00
3275,43163,100.00
3276,51205,0.00
3277,42151,100.00
3278,27778,100.00
3279,36830,100.00
3280,134477,0.00
3281,36850,0.00
3282,123844,0.00
3283,199020,0.00
3284,143109,0.00
3285,145268,0.00
3286,129446,0.00
3287,139507,0.00
3288,46035,0.00
3289,47161,0.00
3290,47394,0.00
3291,109960,0.00
3292,163874,0.00
3293,45979,0.00
3294,51734,0.00
3295,36839,100.00
3296,30520,100.00
3297,27209,100.00
3298,24854,0.00
3299,42682,100.00
3300,43741,100.00
3301,49511,100.00
3302,21975,100.00
3303,22710,0.00
3304,21637,100.00
3305,22039,100.00
3306,23058,100.00
3307,28144,100.00
3308,270966,0.00
3309,197598,0.00
3310,39201,0.00
3311,237719,0.00
3312,46612,0.00
3313,44744,0.00
3314,37752,0.00
3315,34830,0.00
3316,169980,0.00
3317,56781,0.00
3318,185330,0.00
3319,49361,0.00
3320,36149,100.00
3321,54354,100.00
3322,49320,100.00
3323,34439,100.00
3324,30020,0.00
3325,24358,100.00
3326,23135,100.00
3327,23434,100.00
3328,25466,100.00
3329,22446,0.00
3330,35467,100.00
3331,38249,100.00
3332,38247,100.00
3333,41025,100.00
3334,37926,0.00
3335,36737,0.00
3336,183133,0.00
3337,181913,0.00
3338,47726,0.00
3339,37025,0.00
3340,40544,0.00
3341,42694,0.00
3342,140922,0.00
3343,140045,0.00
3344,125955,0.00
3345,85571,0.00
3346,47033,0.00
3347,44672,100.00
3348,23906,100.00
3349,21579,100.00
3350,22624,100.00
3351,26439,0.00
3352,26272,100.00
3353,57479,100.00
3354,50501,100.00
3355,37998,100.00
3356,27160,0.00
3357,25870,100.00
3358,20101,100.00
3359,25057,100.00
3360,40449,100.00
3361,25906,0.00
3362,32279,50.00
3363,221058,0.00
3364,208777,0.00
3365,151326,0.00
3366,203117,0.00
3367,138569,0.00
3368,171012,0.00
3369,201967,0.00
3370,45478,0.00
3371,128949,0.00
3372,229726,0.00
3373,45152,0.00
3374,216412,0.00
3375,51115,100.00
3376,55066,0.00
3377,45282,100.00
3378,31101,100.00
3379,28655,100.00
3380,22422,100.00
3381,21269,0.00
3382,19424,100.00
3383,23854,100.00
3384,24553,100.00
3385,35615,100.00
3386,46999,0.00
3387,50637,100.00
3388,36064,100.00
3389,33469,100.00
3390,21487,100.00
3391,29662,0.00
3392,150428,100.00
3393,159387,0.00
3394,46355,0.00
3395,195716,0.00
3396,45996,0.00
3397,202467,0.00
3398,44097,0.00
3399,41259,0.00
3400,42579,0.00
3401,43383,0.00
3402,45399,0.00
3403,41177,0.00
3404,255048,0.00
3405,54127,0.00
3406,53906,100.00
3407,42783,0.00
3408,37793,100.00
3409,48164,100.00
3410,51240,100.00
3411,27984,100.00
3412,25357,0.00
3413,22336,100.00
3414,19242,100.00
3415,18916,100.00
3416,19108,100.00
3417,22517,0.00
3418,24035,100.00
3419,43872,100.00
3420,43687,100.00
3421,45818,100.00
3422,43869,0.00
3423,46212,0.00
3424,126735,0.00
3425,146924,0.00
3426,64452,0.00
3427,191096,0.00
3428,182611,0.00
3429,186545,0.00
3430,191861,0.00
3431,226067,0.00
3432,47353,0.00
3433,45089,0.00
3434,56059,0.00
3435,35852,0.00
3436,47103,100.00
3437,27061,100.00
3438,25937,0.00
3439,27246,100.00
3440,24914,100.00
3441,23037,100.00
3442,53700,100.00
3443,52302,0.00
3444,39966,100.00
3445,23909,100.00
3446,43932,50.00
3447,45216,0.00
3448,136992,0.00
3449,186620,0.00
3450,190045,0.00
3451,195064,0.00
3452,43179,0.00
3453,40856,0.00
3454,44902,0.00
3455,60526,50.00
3456,25086,0.00
3457,28344,0.00
3458,22977,100.00
3459,23517,100.00
3460,25554,100.00
3461,23617,100.00
3462,50889,0.00
3463,41363,100.00
3464,27036,100.00
3465,26755,100.00
3466,21978,100.00
3467,20311,0.00
3468,22675,100.00
3469,24865,100.00
3470,23830,100.00
3471,37024,100.00
3472,44022,0.00
3473,150186,100.00
3474,215060,0.00
3475,179817,0.00
3476,175430,0.00
3477,128481,0.00
3478,134709,0.00
3479,197799,0.00
3480,49498,0.00
3481,46768,0.00
3482,54071,0.00
3483,45977,0.00
3484,45753,0.00
3485,45158,0.00
3486,44957,0.00
3487,64641,66.67
3488,19825,0.00
3489,22035,0.00
3490,22813,100.00
3491,24653,0.00
3492,19953,100.00
3493,19558,100.00
3494,22857,100.00
3495,23710,100.00
3496,23235,0.00
3497,67177,100.00
3498,51769,100.00
3499,25835,100.00
3500,24645,100.00
3501,21015,0.00
3502,22363,100.00
3503,22832,100.00
3504,213469,0.00
3505,47651,0.00
3506,191008,0.00
3507,182378,0.00
3508,48975,0.00
3509,47384,0.00
3510,167916,0.00
3511,149989,0.00
3512,115868,0.00
3513,166802,0.00
3514,189639,0.00
3515,143324,0.00
3516,45460,0.00
3517,53608,0.00
3518,47929,100.00
3519,35421,100.00
3520,37073,100.00
3521,52730,100.00
3522,24286,0.00
3523,25713,100.00
3524,24024,100.00
3525,19783,100.00
3526,20252,100.00
3527,17905,0.00
3528,21952,100.00
3529,23489,100.00
3530,35773,100.00
3531,37126,100.00
3532,41847,0.00
3533,28325,100.00
3534,23659,100.00
3535,39300,0.00
3536,36371,0.00
3537,44206,0.00
3538,46966,0.00
3539,125245,0.00
3540,132108,0.00
3541,143242,0.00
3542,185996,0.00
3543,90748,0.00
3544,129187,0.00
3545,279184,0.00
3546,195823,0.00
3547,134632,0.00
3548,130980,0.00
3549,61698,0.00
3550,41108,100.00
3551,31308,100.00
3552,27577,0.00
3553,25670,100.00
3554,35625,100.00
3555,40276,100.00
3556,44261,100.00
3557,24970,0.00
3558,21770,100.00
3559,21997,100.00
3560,34251,100.00
3561,20296,100.00
3562,19051,0.00
3563,22353,100.00
3564,35377,50.00
3565,38815,0.00
3566,39195,0.00
3567,130286,0.00
3568,211486,0.00
3569,215759,0.00
3570,199346,0.00
3571,52186,0.00
3572,215800,0.00
3573,46784,0.00
3574,49196,0.00
3575,154922,0.00
3576,73960,66.67
3577,21190,0.00
3578,59756,0.00
3579,54528,0.00
3580,27767,100.00
3581,25043,100.00
3582,26694,100.00
3583,20725,100.00
3584,26202,0.00
3585,25865,100.00
3586,39022,100.00
3587,24305,100.00
3588,44240,100.00
3589,44433,0.00
3590,30699,100.00
3591,31863,100.00
3592,42984,0.00
3593,45063,0.00
3594,114471,0.00
3595,41259,0.00
3596,42173,0.00
3597,186024,0.00
3598,193971,0.00
3599,150815,0.00
3600,201750,0.00
3601,340006,0.00
3602,137978,0.00
3603,56086,0.00
3604,43754,100.00
3605,28098,100.00
3606,24140,0.00
3607,19141,100.00
3608,25033,100.00
3609,24122,100.00
3610,38779,100.00
3611,49176,0.00
3612,41647,100.00
3613,28920,100.00
3614,23655,100.00
3615,21612,100.00
3616,26123,0.00
3617,23983,100.00
3618,26690,100.00
3619,22808,100.00
3620,222245,0.00
3621,136091,0.00
3622,45500,0.00
3623,128117,0.00
3624,41216,0.00
3625,44513,0.00
3626,186124,0.00
3627,44085,0.00
3628,47135,0.00
3629,47646,0.00
3630,46679,0.00
3631,223804,0.00
3632,196578,0.00
3633,57325,0.00
3634,50844,100.00
3635,38724,0.00
3636,25388,100.00
3637,23104,100.00
3638,24043,100.00
3639,18243,100.00
3640,18223,0.00
3641,21726,100.00
3642,26839,100.00
3643,23993,100.00
3644,52383,100.00
3645,46586,0.00
3646,26232,100.00
3647,22683,100.00
3648,27085,100.00
3649,20479,100.00
3650,178004,0.00
3651,39400,0.00
3652,42058,0.00
3653,177344,0.00
3654,128025,0.00
3655,58175,0.00
3656,191104,0.00
3657,176871,0.00
3658,147778,0.00
3659,82534,0.00
3660,90632,0.00
3661,220367,0.00
3662,147953,0.00
3663,60372,50.00
3664,33563,0.00
3665,44342,100.00
3666,31765,0.00
3667,53363,100.00
3668,54948,100.00
3669,45307,100.00
3670,26125,100.00
3671,22767,0.00
3672,20989,100.00
3673,19598,100.00
3674,19050,100.00
3675,21960,100.00
3676,24573,0.00
3677,39265,100.00
3678,43844,100.00
3679,46941,100.00
3680,38382,100.00
3681,35897,0.00
3682,39059,0.00
3683,41613,0.00
3684,57452,0.00
3685,177872,0.00
3686,300501,0.00
3687,105029,0.00
3688,166752,0.00
3689,157425,0.00
3690,152648,0.00
3691,212616,0.00
3692,193720,0.00
3693,45798,0.00
3694,148818,0.00
3695,49468,0.00
3696,36612,100.00
3697,28471,100.00
3698,30018,100.00
3699,27909,100.00
3700,36372,0.00
3701,37537,100.00
3702,42008,100.00
3703,37385,100.00
3704,21534,100.00
3705,143521,0.00
3706,41819,0.00
3707,154814,0.00
3708,219852,0.00
3709,222770,0.00
3710,159717,0.00
3711,147462,0.00
3712,136360,0.00
3713,67727,100.00
3714,16692,0.00
3715,18709,0.00
3716,20804,0.00
3717,26492,100.00
3718,26742,100.00
3719,35468,100.00
3720,52703,100.00
3721,49912,0.00
3722,28224,100.00
3723,23475,100.00
3724,21186,100.00
3725,26182,100.00
3726,30659,0.00
3727,25466,100.00
3728,24733,100.00
3729,45556,100.00
3730,38236,50.00
3731,210975,0.00
3732,52469,0.00
3733,214077,0.00
3734,161943,0.00
3735,149791,0.00
3736,133225,0.00
3737,190324,0.00
3738,146912,0.00
3739,47172,0.00
3740,151370,0.00
3741,148424,0.00
3742,136959,0.00
3743,221593,0.00
3744,75505,100.00
3745,20749,0.00
3746,21517,0.00
3747,24362,0.00
3748,20678,100.00
3749,20047,100.00
3750,18983,100.00
3751,22683,100.00
3752,25532,0.00
3753,24680,100.00
3754,75375,100.00
3755,55983,100.00
3756,30170,100.00
3757,22917,0.00
3758,21433,100.00
3759,32559,100.00
3760,26642,100.00
3761,25612,100.00
3762,41345,0.00
3763,44747,0.00
3764,188402,0.00
3765,249346,0.00
3766,313339,0.00
3767,196867,0.00
3768,237817,0.00
3769,235950,0.00
3770,197388,0.00
3771,67786,0.00
3772,159366,0.00
3773,71263,0.00
3774,162959,0.00
3775,163427,0.00
3776,65545,0.00
3777,59128,100.00
3778,50488,100.00
3779,57845,100.00
3780,26478,100.00
3781,26279,0.00
3782,22390,100.00
3783,18894,100.00
3784,19174,100.00
3785,22249,100.00
3786,24531,0.00
3787,24967,100.00
3788,150700,100.00
3789,50773,100.00
3790,31211,100.00
3791,25034,0.00
3792,21107,100.00
3793,26950,50.00
3794,42389,0.00
3795,42594,0.00
3796,41762,0.00
3797,40552,0.00
3798,48737,0.00
3799,37862,0.00
3800,111895,0.00
3801,193535,0.00
3802,46812,0.00
3803,197698,0.00
3804,48034,0.00
3805,193783,0.00
3806,59603,0.00
3807,49586,0.00
3808,39472,100.00
3809,32110,100.00
3810,27204,100.00
3811,46886,100.00
3812,43237,0.00
3813,47778,100.00
3814,27288,100.00
3815,20721,100.00
3816,21895,100.00
3817,18692,0.00
3818,26093,100.00
3819,19494,100.00
3820,23551,100.00
3821,30998,100.00
3822,42028,0.00
3823,42424,100.00
3824,40258,100.00
3825,179199,0.00
3826,44691,0.00
3827,172261,0.00
3828,51204,0.00
3829,112538,0.00
3830,53011,0.00
3831,42649,0.00
3832,46247,0.00
3833,40980,0.00
3834,134035,0.00
3835,46945,0.00
3836,38627,0.00
3837,42246,0.00
3838,41060,0.00
3839,36286,100.00
3840,35544,100.00
3841,31449,0.00
3842,22217,100.00
3843,25241,100.00
3844,26297,100.00
3845,23854,100.00
3846,34303,0.00
3847,32052,100.00
3848,45069,100.00
3849,24297,100.00
3850,18033,100.00
3851,29454,0.00
3852,38623,0.00
3853,125746,0.00
3854,41667,0.00
3855,43526,0.00
3856,37416,0.00
3857,36984,0.00
3858,34154,0.00
3859,36764,0.00
3860,32794,0.00
3861,47902,100.00
3862,25912,100.00
3863,24640,100.00
3864,25889,100.00
3865,25629,0.00
3866,24656,100.00
3867,46064,100.00
3868,48059,100.00
3869,24435,100.00
3870,21901,0.00
3871,23825,100.00
3872,20193,100.00
3873,22459,100.00
3874,29867,100.00
3875,27965,0.00
3876,24005,50.00
3877,38061,0.00
3878,48870,0.00
3879,47900,0.00
3880,45841,0.00
3881,190392,0.00
3882,147974,0.00
3883,47682,0.00
3884,131228,0.00
3885,41438,0.00
3886,43450,0.00
3887,43548,0.00
3888,45132,0.00
3889,43357,0.00
3890,46677,0.00
3891,42585,100.00
3892,39746,100.00
3893,26424,100.00
3894,28831,0.00
3895,30255,100.00
3896,24198,100.00
3897,20406,100.00
3898,21733,100.00
3899,22180,0.00
3900,24246,100.00
3901,44366,100.00
3902,42933,100.00
3903,31396,100.00
3904,31046,0.00
3905,30425,100.00
3906,21978,100.00
3907,32943,100.00
3908,38922,0.00
3909,39657,0.00
3910,41234,0.00
3911,37480,0.00
3912,45861,0.00
3913,36358,0.00
3914,36391,0.00
3915,37331,0.00
3916,36550,0.00
3917,35328,0.00
3918,34581,0.00
3919,35222,0.00
3920,36346,0.00
3921,49230,100.00
3922,28238,0.00
3923,34807,0.00
3924,32692,100.00
3925,48344,100.00
3926,42803,100.00
3927,23416,100.00
3928,21521,0.00
3929,21717,100.00
3930,19091,100.00
3931,19204,100.00
3932,17492,100.00
3933,21387,0.00
3934,25145,100.00
3935,23086,100.00
3936,49806,100.00
3937,41610,100.00
3938,26155,0.00
3939,41460,50.00
3940,39532,0.00
3941,181039,0.00
3942,134922,0.00
3943,138184,0.00
3944,143165,0.00
3945,53578,0.00
3946,110419,0.00
3947,175842,0.00
3948,128987,0.00
3949,42764,0.00
3950,162360,0.00
3951,44097,0.00
3952,43948,0.00
3953,50814,0.00
3954,45549,100.00
3955,31263,100.00
3956,30422,100.00
3957,28054,0.00
3958,25322,100.00
3959,22304,100.00
3960,53328,100.00
3961,51231,100.00
3962,24148,0.00
3963,22070,100.00
3964,22659,100.00
3965,194357,0.00
3966,40837,0.00
3967,40266,0.00
3968,128342,0.00
3969,46472,0.00
3970,200711,0.00
3971,166256,0.00
3972,47318,0.00
3973,62988,100.00
3974,16573,0.00
3975,18300,0.00
3976,19865,0.00
3977,22991,100.00
3978,24716,100.00
3979,23970,100.00
3980,57266,100.00
3981,47817,0.00
3982,24087,100.00
3983,26509,100.00
3984,21422,100.00
3985,22167,100.00
3986,22309,0.00
3987,24504,100.00
3988,26977,100.00
3989,36745,100.00
3990,32124,100.00
3991,53149,0.00
3992,43180,0.00
3993,44703,0.00
3994,130341,0.00
3995,124054,0.00
3996,53393,0.00
3997,43579,0.00
3998,41279,0.00
3999,154131,0.00
4000,127883,0.00
4001,45781,0.00
4002,149142,0.00
4003,153023,0.00
4004,201879,0.00
4005,159840,0.00
4006,41236,100.00
4007,32036,100.00
4008,27162,100.00
4009,22753,100.00
4010,20535,0.00
4011,20320,100.00
4012,22726,100.00
4013,26032,100.00
4014,25168,100.00
4015,57300,0.00
4016,57577,100.00
4017,29974,100.00
4018,25585,100.00
4019,22302,100.00
4020,26703,0.00
4021,26838,100.00
4022,25117,100.00
4023,39906,50.00
4024,136612,0.00
4025,43588,0.00
4026,186235,0.00
4027,47142,0.00
4028,182540,0.00
4029,112946,0.00
4030,43257,0.00
4031,183036,0.00
4032,46437,0.00
4033,44326,0.00
4034,187609,0.00
4035,181903,0.00
4036,44441,0.00
4037,51051,0.00
4038,50872,100.00
4039,43361,0.00
4040,43500,100.00
4041,27783,100.00
4042,35647,100.00
4043,22800,100.00
4044,20254,0.00
4045,20428,100.00
4046,22383,100.00
4047,24761,100.00
4048,26749,100.00
4049,48615,0.00
4050,49404,100.00
4051,51168,100.00
4052,41725,100.00
4053,28782,100.00
4054,20061,0.00
4055,41707,50.00
4056,205100,0.00
4057,273225,0.00
4058,357593,0.00
4059,146955,0.00
4060,148731,0.00
4061,190414,0.00
4062,131691,0.00
4063,196952,0.00
4064,196967,0.00
4065,201318,0.00
4066,185824,0.00
4067,198653,0.00
4068,150012,0.00
4069,183572,0.00
4070,35037,100.00
4071,41470,0.00
4072,30943,100.00
4073,46801,100.00
4074,49226,100.00
4075,49703,100.00
4076,31407,0.00
4077,24273,100.00
4078,21021,100.00
4079,20327,100.00
4080,19620,100.00
4081,21413,0.00
4082,24181,100.00
4083,25716,100.00
4084,55366,100.00
4085,41796,100.00
4086,52381,0.00
4087,42995,0.00
4088,36187,0.00
4089,41058,0.00
4090,40823,0.00
4091,106322,0.00
4092,158181,0.00
4093,48851,0.00
4094,131896,0.00
4095,109120,0.00
4096,148605,0.00
4097,45255,0.00
4098,123475,0.00
4099,55353,0.00
4100,38928,100.00
4101,29189,100.00
4102,22180,0.00
4103,21874,100.00
4104,25772,100.00
4105,23804,100.00
4106,23591,100.00
4107,43711,0.00
4108,49471,100.00
4109,55052,100.00
4110,24694,100.00
4111,46273,100.00
4112,46229,0.00
4113,151506,0.00
4114,216903,0.00
4115,136893,0.00
4116,42810,0.00
4117,177484,0.00
4118,39387,0.00
4119,39774,0.00
4120,47702,0.00
4121,41492,0.00
4122,35428,100.00
4123,26547,100.00
4124,23278,100.00
4125,24298,100.00
4126,25283,0.00
4127,23533,100.00
4128,49180,100.00
4129,42463,100.00
4130,26205,100.00
4131,23611,0.00
4132,21039,100.00
4133,23078,100.00
4134,23809,100.00
4135,34802,100.00
4136,22874,0.00
4137,32759,100.00
4138,43187,0.00
4139,113513,0.00
4140,208791,0.00
4141,214397,0.00
4142,211840,0.00
4143,192171,0.00
4144,121006,0.00
4145,44954,0.00
4146,129005,0.00
4147,46268,0.00
4148,48069,0.00
4149,207225,0.00
4150,63419,50.00
4151,45427,0.00
4152,53870,100.00
4153,30406,100.00
4154,24969,0.00
4155,22065,100.00
4156,20933,100.00
4157,24765,100.00
4158,22236,100.00
4159,22923,0.00
4160,25077,100.00
4161,47304,100.00
4162,45925,100.00
4163,217088,100.00
4164,47143,0.00
4165,33865,100.00
4166,26726,100.00
4167,38471,100.00
4168,198608,0.00
4169,170725,0.00
4170,206627,0.00
4171,170818,0.00
4172,235585,0.00
4173,215935,0.00
4174,224962,0.00
4175,229589,0.00
4176,216253,0.00
4177,134106,0.00
4178,153885,0.00
4179,45140,0.00
4180,135189,0.00
4181,58601,0.00
4182,51640,100.00
4183,32902,0.00
4184,47670,100.00
4185,48484,100.00
4186,46563,100.00
4187,25337,100.00
4188,20378,0.00
4189,22262,100.00
4190,18701,100.00
4191,18705,100.00
4192,18903,100.00
4193,22304,0.00
4194,24120,100.00
4195,42472,100.00
4196,40882,100.00
4197,35767,100.00
4198,25005,0.00
4199,33976,50.00
4200,143952,0.00
4201,183960,0.00
4202,198377,0.00
4203,222386,0.00
4204,219905,0.00
4205,398896,0.00
4206,163127,0.00
4207,201609,0.00
4208,204446,0.00
4209,143396,0.00
4210,321715,0.00
4211,201401,0.00
4212,48364,0.00
4213,150069,0.00
4214,206224,0.00
4215,40141,100.00
4216,26530,100.00
4217,34351,100.00
4218,28468,0.00
4219,22679,100.00
4220,51698,100.00
4221,50388,100.00
4222,24032,100.00
4223,21938,0.00
4224,22953,100.00
4225,19298,100.00
4226,190011,0.00
4227,43609,0.00
4228,44728,0.00
4229,158840,0.00
4230,171864,0.00
4231,179975,0.00
4232,172799,0.00
4233,47592,0.00
4234,45590,0.00
4235,39303,100.00
4236,22695,100.00
4237,25062,100.00
4238,25814,100.00
4239,34632,0.00
4240,43952,100.00
4241,47258,100.00
4242,27266,100.00
4243,22742,100.00
4244,19907,0.00
4245,19777,100.00
4246,27357,100.00
4247,24962,100.00
4248,28496,100.00
4249,38739,0.00
4250,32765,100.00
4251,33522,100.00
4252,27813,100.00
4253,32638,0.00
4254,32146,0.00
4255,42858,0.00
4256,44568,0.00
4257,45114,0.00
4258,138480,0.00
4259,45525,0.00
4260,44264,0.00
4261,138631,0.00
4262,143384,0.00
4263,41934,0.00
4264,48076,0.00
4265,45296,0.00
4266,45614,0.00
4267,54501,0.00
4268,42349,100.00
4269,27310,0.00
4270,23258,100.00
4271,22614,100.00
4272,23304,100.00
4273,23450,100.00
4274,24857,0.00
4275,45859,100.00
4276,40835,100.00
4277,35474,100.00
4278,22348,100.00
4279,23068,0.00
4280,20923,100.00
4281,21874,100.00
4282,30251,100.00
4283,30481,100.00
4284,43478,0.00
4285,173817,0.00
4286,170756,0.00
4287,42246,0.00
4288,43030,0.00
4289,207742,0.00
4290,226489,0.00
4291,185366,0.00
4292,122676,0.00
4293,46674,0.00
4294,117720,0.00
4295,134920,0.00
4296,114255,0.00
4297,169166,0.00
4298,55477,0.00
4299,59783,100.00
4300,50057,100.00
4301,30159,100.00
4302,24761,100.00
4303,24252,0.00
4304,21785,100.00
4305,20385,100.00
4306,18750,100.00
4307,22160,100.00
4308,24617,0.00
4309,24601,100.00
4310,53295,100.00
4311,52299,100.00
4312,41239,100.00
4313,28158,0.00
4314,22686,100.00
4315,20830,100.00
4316,96696,50.00
4317,167347,0.00
4318,42269,0.00
4319,43234,0.00
4320,41430,0.00
4321,44236,0.00
4322,129481,0.00
4323,124532,0.00
4324,120746,0.00
4325,175406,0.00
4326,137807,0.00
4327,182051,0.00
4328,181659,0.00
4329,170473,0.00
4330,67268,50.00
4331,19688,0.00
4332,24244,0.00
4333,24434,100.00
4334,51324,100.00
4335,48894,100.00
4336,56532,100.00
4337,25446,0.00
4338,19853,100.00
4339,25752,100.00
4340,18574,100.00
4341,18778,100.00
4342,17879,0.00
4343,21993,100.00
4344,23662,100.00
4345,53456,100.00
4346,58417,100.00
4347,62550,0.00
4348,215133,0.00
4349,250950,0.00
4350,163131,0.00
4351,235362,0.00
4352,226342,0.00
4353,225946,0.00
4354,148066,0.00
4355,206653,0.00
4356,227372,0.00
4357,212967,0.00
4358,155252,0.00
4359,156074,0.00
4360,67173,66.67
4361,19795,0.00
4362,23169,0.00
4363,21716,100.00
4364,21246,100.00
4365,24835,0.00
4366,26470,100.00
4367,24829,100.00
4368,40479,100.00
4369,37739,100.00
4370,40540,0.00
4371,22134,100.00
4372,17872,100.00
4373,212659,0.00
4374,218449,0.00
4375,199858,0.00
4376,47797,0.00
4377,183005,0.00
4378,143799,0.00
4379,113667,0.00
4380,94869,0.00
4381,128499,0.00
4382,64577,50.00
4383,29323,0.00
4384,28362,100.00
4385,21353,0.00
4386,18772,100.00
4387,23844,100.00
4388,24146,100.00
4389,49114,100.00
4390,44977,0.00
4391,40309,100.00
4392,28109,100.00
4393,24000,100.00
4394,20169,100.00
4395,22255,0.00
4396,23846,100.00
4397,38415,100.00
4398,21712,100.00
4399,193939,100.00
4400,239642,0.00
4401,158944,0.00
4402,150452,0.00
4403,143454,0.00
4404,222964,0.00
4405,45376,0.00
4406,205374,0.00
4407,294606,0.00
4408,230266,0.00
4409,314141,0.00
4410,159207,0.00
4411,145237,0.00
4412,58329,0.00
4413,55992,0.00
4414,50044,100.00
4415,25275,100.00
4416,22800,100.00
4417,29313,100.00
4418,18796,0.00
4419,19552,100.00
4420,18610,100.00
4421,23399,100.00
4422,25176,100.00
4423,39026,0.00
4424,44316,100.00
4425,39838,100.00
4426,25203,100.00
4427,29609,100.00
4428,21206,0.00
4429,21908,100.00
4430,150774,0.00
4431,186542,0.00
4432,189942,0.00
4433,264433,0.00
4434,228559,0.00
4435,188162,0.00
4436,230151,0.00
4437,127011,0.00
4438,220852,0.00
4439,164038,0.00
4440,143002,0.00
4441,128497,0.00
4442,200816,0.00
4443,52238,0.00
4444,41852,100.00
4445,31666,100.00
4446,35379,100.00
4447,42725,0.00
4448,42149,100.00
4449,26737,100.00
4450,25756,100.00
4451,25344,100.00
4452,20843,0.00
4453,20782,100.00
4454,18221,100.00
4455,21538,100.00
4456,32501,100.00
4457,31181,0.00
4458,52621,100.00
4459,51088,100.00
4460,27248,100.00
4461,42353,100.00
4462,147031,0.00
4463,121505,0.00
4464,206737,0.00
4465,178465,0.00
4466,137897,0.00
4467,114290,0.00
4468,43781,0.00
4469,99849,0.00
4470,47742,0.00
4471,127122,0.00
4472,126246,0.00
4473,66495,0.00
4474,183844,0.00
4475,180268,0.00
4476,51350,0.00
4477,37180,0.00
4478,34222,100.00
4479,40116,100.00
4480,29731,100.00
4481,21027,100.00
4482,52601,0.00
4483,51968,100.00
4484,24078,100.00
4485,22408,100.00
4486,21954,100.00
4487,19385,0.00
4488,19317,100.00
4489,18418,100.00
4490,42809,100.00
4491,47202,0.00
4492,137404,0.00
4493,165823,0.00
4494,144806,0.00
4495,44675,0.00
4496,44484,0.00
4497,51085,0.00
4498,41455,0.00
4499,41056,0.00
4500,50170,0.00
4501,61828,50.00
4502,19469,0.00
4503,24219,0.00
4504,55045,100.00
4505,51260,100.00
4506,39577,100.00
4507,23943,100.00
4508,23481,0.00
4509,21328,100.00
4510,22981,100.00
4511,25483,100.00
4512,23270,100.00
4513,21683,0.00
4514,55049,100.00
4515,53935,100.00
4516,25196,100.00
4517,178868,100.00
4518,158008,0.00
4519,190944,0.00
4520,43823,0.00
4521,120964,0.00
4522,209056,0.00
4523,133222,0.00
4524,39243,0.00
4525,42597,0.00
4526,40923,0.00
4527,41016,0.00
4528,43691,0.00
4529,44786,0.00
4530,50931,0.00
4531,44668,0.00
4532,26029,100.00
4533,25213,100.00
4534,22179,100.00
4535,24078,100.00
4536,24345,0.00
4537,42183,100.00
4538,47856,100.00
4539,42803,100.00
4540,33792,100.00
4541,24844,0.00
4542,20686,100.00
4543,22155,100.00
4544,25993,100.00
4545,29348,100.00
4546,25820,0.00
4547,182161,0.00
4548,41296,0.00
4549,42772,0.00
4550,42005,0.00
4551,46287,0.00
4552,46502,0.00
4553,47342,0.00
4554,166800,0.00
4555,157082,0.00
4556,140890,0.00
4557,149253,0.00
4558,44985,0.00
4559,46936,0.00
4560,54309,0.00
4561,54942,100.00
4562,46968,100.00
4563,26530,100.00
4564,26805,100.00
4565,27274,0.00
4566,22297,100.00
4567,19880,100.00
4568,18226,100.00
4569,22633,100.00
4570,33571,0.00
4571,33801,100.00
4572,45438,100.00
4573,42849,100.00
4574,25989,100.00
4575,30411,0.00
4576,22212,100.00
4577,29943,100.00
4578,35239,0.00
4579,44020,0.00
4580,157021,0.00
4581,225488,0.00
4582,44890,0.00
4583,47856,0.00
4584,52670,0.00
4585,147215,0.00
4586,111000,0.00
4587,139634,0.00
4588,205152,0.00
4589,44784,0.00
4590,44259,0.00
4591,39956,0.00
4592,51644,0.00
4593,39000,100.00
4594,31157,100.00
4595,39898,0.00
4596,35516,100.00
4597,39440,100.00
4598,24989,100.00
4599,23266,100.00
4600,24266,0.00
4601,22115,100.00
4602,20058,100.00
4603,19197,100.00
4604,23196,100.00
4605,23920,0.00
4606,37359,100.00
4607,46416,100.00
4608,32859,50.00
4609,42436,0.00
4610,42973,0.00
4611,158265,0.00
4612,148068,0.00
4613,138215,0.00
4614,174688,0.00
4615,144458,0.00
4616,46717,0.00
4617,46208,0.00
4618,42813,0.00
4619,42986,0.00
4620,41080,0.00
4621,44604,0.00
4622,56712,0.00
4623,48322,100.00
4624,32718,0.00
4625,30870,100.00
4626,24995,100.00
4627,26083,100.00
4628,25200,100.00
4629,35645,0.00
4630,36815,100.00
4631,42487,100.00
4632,25136,100.00
4633,19975,100.00
4634,34538,0.00
4635,35636,0.00
4636,40751,0.00
4637,39628,0.00
4638,40475,0.00
4639,131351,0.00
4640,183201,0.00
4641,43058,0.00
4642,48870,0.00
4643,59386,50.00
4644,26702,0.00
4645,27501,100.00
4646,22795,100.00
4647,23783,100.00
4648,24288,0.00
4649,24398,100.00
4650,52378,100.00
4651,52141,100.00
4652,24715,100.00
4653,19598,0.00
4654,22544,100.00
4655,24139,100.00
4656,22293,100.00
4657,24607,100.00
4658,27709,0.00
4659,22957,100.00
4660,54173,100.00
4661,44408,100.00
4662,42383,0.00
4663,43319,0.00
4664,136794,0.00
4665,197939,0.00
4666,49597,0.00
4667,43332,0.00
4668,44881,0.00
4669,201373,0.00
4670,49363,0.00
4671,190262,0.00
4672,184941,0.00
4673,199395,0.00
4674,133506,0.00
4675,211092,0.00
4676,46703,0.00
4677,39598,100.00
4678,25049,0.00
4679,24031,100.00
4680,21132,100.00
4681,19081,100.00
4682,23541,100.00
4683,23997,0.00
4684,23455,100.00
4685,52135,100.00
4686,53443,100.00
4687,34613,100.00
4688,22472,0.00
4689,23167,100.00
4690,20074,100.00
4691,27453,100.00
4692,197842,100.00
4693,47300,0.00
4694,42684,0.00
4695,39747,0.00
4696,44728,0.00
4697,42628,0.00
4698,42040,0.00
4699,46578,0.00
4700,44580,0.00
4701,159228,0.00
4702,162681,0.00
4703,201978,0.00
4704,46879,0.00
4705,53140,0.00
4706,49623,0.00
4707,31161,100.00
4708,54384,100.00
4709,50133,100.00
4710,24878,100.00
4711,19684,0.00
4712,21964,100.00
4713,19360,100.00
4714,18934,100.00
4715,17951,100.00
4716,24091,0.00
4717,24153,100.00
4718,23960,100.00
4719,45246,100.00
4720,45828,100.00
4721,25774,0.00
4722,21247,100.00
4723,126626,50.00
4724,46059,0.00
4725,187437,0.00
4726,162130,0.00
4727,209820,0.00
4728,136201,0.00
4729,152704,0.00
4730,141446,0.00
4731,45321,0.00
4732,43408,0.00
4733,41784,0.00
4734,44470,0.00
4735,222482,0.00
4736,47916,0.00
4737,64827,100.00
4738,18263,0.00
4739,20562,0.00
4740,24269,0.00
4741,25053,100.00
4742,22222,100.00
4743,50809,100.00
4744,46384,100.00
4745,50601,0.00
4746,22948,100.00
4747,22588,100.00
4748,20786,100.00
4749,17584,100.00
4750,26367,0.00
4751,23105,100.00
4752,25010,100.00
4753,152331,0.00
4754,213892,0.00
4755,153536,0.00
4756,146227,0.00
4757,228132,0.00
4758,161291,0.00
4759,299031,0.00
4760,154929,0.00
4761,180609,0.00
4762,147631,0.00
4763,45987,0.00
4764,48533,0.00
4765,72942,0.00
4766,54124,100.00
4767,50309,100.00
4768,46211,100.00
4769,34943,100.00
4770,29068,0.00
4771,25176,100.00
4772,24429,100.00
4773,27283,100.00
4774,24126,100.00
4775,21693,0.00
4776,50152,100.00
4777,49018,100.00
4778,53526,100.00
4779,43129,100.00
4780,201060,0.00
4781,159758,0.00
4782,154930,0.00
4783,150396,0.00
4784,201235,0.00
4785,155980,0.00
4786,214060,0.00
4787,46302,0.00
4788,135777,0.00
4789,125342,0.00
4790,83017,0.00
4791,66555,50.00
4792,20097,0.00
4793,19604,0.00
4794,22302,100.00
4795,19406,100.00
4796,23922,100.00
4797,26556,0.00
4798,25466,100.00
4799,62001,100.00
4800,56081,100.00
4801,44467,100.00
4802,28410,0.00
4803,24595,100.00
4804,22368,100.00
4805,23208,100.00
4806,24212,100.00
4807,25839,0.00
4808,25751,100.00
4809,41627,0.00
4810,46348,0.00
4811,39421,0.00
4812,53666,0.00
4813,39790,0.00
4814,39659,0.00
4815,39197,0.00
4816,39947,0.00
4817,35523,0.00
4818,41163,0.00
4819,39917,0.00
4820,38748,0.00
4821,49764,50.00
4822,41160,0.00
4823,47073,0.00
4824,37599,100.00
4825,30859,100.00
4826,29496,100.00
4827,23521,100.00
4828,19850,0.00
4829,19561,100.00
4830,41147,100.00
4831,24016,100.00
4832,34806,100.00
4833,50928,0.00
4834,44271,100.00
4835,28074,100.00
4836,29068,100.00
4837,27189,100.00
4838,32135,0.00
4839,43802,0.00
4840,43473,0.00
4841,44933,0.00
4842,147767,0.00
4843,214437,0.00
4844,45576,0.00
4845,48537,0.00
4846,323613,0.00
4847,45927,0.00
4848,46809,0.00
4849,176916,0.00
4850,49241,0.00
4851,49001,0.00
4852,50288,0.00
4853,44118,100.00
4854,28763,100.00
4855,38130,100.00
4856,31645,100.00
4857,32927,0.00
4858,24558,100.00
4859,21766,100.00
4860,27335,100.00
4861,19180,100.00
4862,18968,0.00
4863,19019,100.00
4864,22548,100.00
4865,23684,100.00
4866,33288,100.00
4867,36968,0.00
4868,34361,100.00
4869,29208,50.00
4870,34875,0.00
4871,35320,0.00
4872,39713,0.00
4873,42484,0.00
4874,216454,0.00
4875,191495,0.00
4876,227588,0.00
4877,146922,0.00
4878,201814,0.00
4879,193664,0.00
4880,160633,0.00
4881,231348,0.00
4882,161275,0.00
4883,234201,0.00
4884,51984,100.00
4885,26925,100.00
4886,24081,0.00
4887,26341,100.00
4888,25342,100.00
4889,21400,100.00
4890,49545,100.00
4891,44732,0.00
4892,24035,100.00
4893,20198,100.00
4894,165465,50.00
4895,187567,0.00
4896,150796,0.00
4897,134961,0.00
4898,196554,0.00
4899,185736,0.00
4900,118372,0.00
4901,218743,0.00
4902,158417,0.00
4903,55504,0.00
4904,39894,100.00
4905,27891,0.00
4906,24182,100.00
4907,27843,100.00
4908,26201,100.00
4909,31294,100.00
4910,51877,0.00
4911,43732,100.00
4912,27768,100.00
4913,23048,100.00
4914,20302,100.00
4915,20080,0.00
4916,23288,100.00
4917,28840,100.00
4918,26338,100.00
4919,34612,100.00
4920,32756,0.00
4921,41767,50.00
4922,46818,0.00
4923,44068,0.00
4924,42520,0.00
4925,189939,0.00
4926,202230,0.00
4927,206352,0.00
4928,167517,0.00
4929,216706,0.00
4930,42214,0.00
4931,43065,0.00
4932,40267,0.00
4933,42331,0.00
4934,43199,0.00
4935,49919,0.00
4936,38175,100.00
4937,27495,100.00
4938,31082,100.00
4939,24639,0.00
4940,19981,100.00
4941,20644,100.00
4942,22677,100.00
4943,24794,100.00
4944,24367,0.00
4945,54191,100.00
4946,47189,100.00
4947,29514,100.00
4948,31001,100.00
4949,21296,0.00
4950,23323,100.00
4951,24244,100.00
4952,24785,100.00
4953,128000,50.00
4954,40936,0.00
4955,165091,0.00
4956,43011,0.00
4957,196107,0.00
4958,139206,0.00
4959,146156,0.00
4960,212281,0.00
4961,158867,0.00
4962,146406,0.00
4963,233734,0.00
4964,47346,0.00
4965,43554,0.00
4966,45309,0.00
4967,70382,50.00
4968,22075,0.00
4969,50769,0.00
4970,53429,100.00
4971,30838,100.00
4972,26097,100.00
4973,25002,0.00
4974,21563,100.00
4975,23058,100.00
4976,18744,100.00
4977,23039,0.00
4978,25052,100.00
4979,24637,100.00
4980,52115,100.00
4981,51687,100.00
4982,29061,0.00
4983,25271,100.00
4984,22265,100.00
4985,99793,0.00
4986,145616,0.00
4987,46608,0.00
4988,113421,0.00
4989,124064,0.00
4990,170797,0.00
4991,195312,0.00
4992,180425,0.00
4993,168920,0.00
4994,48493,0.00
4995,175407,0.00
4996,181875,0.00
4997,118933,0.00
4998,67939,66.67
4999,19620,0.00
5000,42515,0.00
5001,30487,0.00
5002,27835,100.00
5003,40410,100.00
5004,38815,100.00
5005,43988,100.00
5006,25113,0.00
5007,21841,100.00
5008,22555,100.00
5009,18550,100.00
5010,19258,100.00
5011,17613,0.00
5012,22422,100.00
5013,29503,100.00
5014,35747,100.00
5015,38507,100.00
5016,30375,0.00
5017,43954,0.00
5018,41903,0.00
5019,141661,0.00
5020,41769,0.00
5021,41648,0.00
5022,45520,0.00
5023,135354,0.00
5024,158544,0.00
5025,171508,0.00
5026,163767,0.00
5027,1373855,0.00
5028,43876,0.00
5029,42382,0.00
5030,44428,0.00
5031,36071,100.00
5032,31171,100.00
5033,34131,100.00
5034,28770,100.00
5035,26801,0.00
5036,25945,100.00
5037,23856,100.00
5038,36074,100.00
5039,30528,100.00
5040,30015,0.00
5041,24539,100.00
5042,18806,100.00
5043,39593,0.00
5044,38314,0.00
5045,43295,0.00
5046,37432,0.00
5047,153068,0.00
5048,35957,0.00
5049,41544,0.00
5050,41968,0.00
5051,42196,0.00
5052,45519,0.00
5053,37373,100.00
5054,27115,100.00
5055,27940,0.00
5056,27759,100.00
5057,27205,100.00
5058,24542,100.00
5059,41528,100.00
5060,37548,0.00
5061,36101,100.00
5062,22295,100.00
5063,22109,100.00
5064,20356,100.00
5065,22047,0.00
5066,28095,100.00
5067,25881,100.00
5068,18390,100.00
5069,40632,0.00
5070,34171,0.00
5071,38799,0.00
5072,38678,0.00
5073,44169,0.00
5074,30251,0.00
5075,34010,0.00
5076,39307,0.00
5077,141634,0.00
5078,41048,0.00
5079,36893,0.00
5080,38369,0.00
5081,37424,0.00
5082,41370,0.00
5083,45848,100.00
5084,53230,0.00
5085,25532,100.00
5086,26934,100.00
5087,24744,100.00
5088,20903,100.00
5089,19392,0.00
5090,19645,100.00
5091,23215,100.00
5092,23547,100.00
5093,42411,100.00
5094,42107,0.00
5095,39074,100.00
5096,23215,100.00
5097,23881,100.00
5098,28460,100.00
5099,22487,0.00
5100,36284,0.00
5101,43722,0.00
5102,32526,0.00
5103,39078,0.00
5104,41784,0.00
5105,37888,0.00
5106,41683,0.00
5107,41758,0.00
5108,223333,0.00
5109,40492,0.00
5110,191789,0.00
5111,41208,0.00
5112,42748,0.00
5113,75659,66.67
5114,20259,0.00
5115,25243,0.00
5116,23804,100.00
5117,52639,100.00
5118,48692,0.00
5119,35142,100.00
5120,22760,100.00
5121,23215,100.00
5122,19474,100.00
5123,20109,0.00
5124,17849,100.00
5125,24520,100.00
5126,23781,100.00
5127,23030,100.00
5128,50889,0.00
5129,43650,100.00
5130,24941,100.00
5131,48629,0.00
5132,45626,0.00
5133,142833,0.00
5134,156370,0.00
5135,185314,0.00
5136,47269,0.00
5137,119993,0.00
5138,109581,0.00
5139,47644,0.00
5140,131556,0.00
5141,45313,0.00
5142,42445,0.00
5143,176133,0.00
5144,48207,0.00
5145,57842,0.00
5146,39159,100.00
5147,26344,100.00
5148,32077,100.00
5149,31266,100.00
5150,26567,0.00
5151,40680,100.00
5152,39437,100.00
5153,42014,100.00
5154,26943,100.00
5155,21367,0.00
5156,34300,100.00
5157,181192,0.00
5158,115998,0.00
5159,165640,0.00
5160,60824,0.00
5161,183864,0.00
5162,296321,0.00
5163,205083,0.00
5164,294034,0.00
5165,41574,100.00
5166,31847,0.00
5167,25575,100.00
5168,26231,100.00
5169,26888,100.00
5170,24203,100.00
5171,49845,0.00
5172,43100,100.00
5173,25442,100.00
5174,27026,100.00
5175,21372,100.00
5176,21377,0.00
5177,23036,100.00
5178,26177,100.00
5179,40629,100.00
5180,40507,100.00
5181,44912,0.00
5182,46448,100.00
5183,145447,0.00
5184,159354,0.00
5185,158443,0.00
5186,239969,0.00
5187,199585,0.00
5188,169733,0.00
5189,180649,0.00
5190,215041,0.00
5191,44019,0.00
5192,206633,0.00
5193,42969,0.00
5194,41707,0.00
5195,42627,0.00
5196,48742,0.00
5197,44062,100.00
5198,31196,100.00
5199,30017,100.00
5200,24274,0.00
5201,19738,100.00
5202,18104,100.00
5203,22697,100.00
5204,34450,100.00
5205,37239,0.00
5206,46459,100.00
5207,51396,100.00
5208,32910,100.00
5209,25439,100.00
5210,23302,0.00
5211,25282,100.00
5212,24788,100.00
5213,23610,100.00
5214,156746,0.00
5215,46441,0.00
5216,135687,0.00
5217,146189,0.00
5218,151978,0.00
5219,145047,0.00
5220,148947,0.00
5221,218046,0.00
5222,141286,0.00
5223,47474,0.00
5224,203090,0.00
5225,203394,0.00
5226,48635,0.00
5227,44004,0.00
5228,51150,0.00
5229,48934,100.00
5230,48585,100.00
5231,52474,100.00
5232,24116,0.00
5233,22947,100.00
5234,23485,100.00
5235,18696,100.00
5236,19956,100.00
5237,18760,0.00
5238,22463,100.00
5239,29399,100.00
5240,41963,100.00
5241,44114,100.00
5242,35129,0.00
5243,32920,100.00
5244,25267,100.00
5245,17996,100.00
5246,170186,0.00
5247,46947,0.00
5248,184339,0.00
5249,45057,0.00
5250,42111,0.00
5251,162994,0.00
5252,161669,0.00
5253,116393,0.00
5254,46206,0.00
5255,142426,0.00
5256,108835,0.00
5257,48995,0.00
5258,138304,0.00
5259,135622,0.00
5260,55446,0.00
5261,52076,100.00
5262,30923,0.00
5263,26355,100.00
5264,51639,100.00
5265,41547,100.00
5266,46230,100.00
5267,25333,0.00
5268,23046,100.00
5269,20361,100.00
5270,19526,100.00
5271,17898,100.00
5272,22259,0.00
5273,23040,100.00
5274,22662,100.00
5275,40320,100.00
5276,42084,100.00
5277,37897,0.00
5278,37770,0.00
5279,41838,0.00
5280,171579,0.00
5281,169745,0.00
5282,39768,0.00
5283,40475,0.00
5284,144233,0.00
5285,40950,0.00
5286,41088,0.00
5287,40434,0.00
5288,44281,0.00
5289,42132,0.00
5290,52614,50.00
5291,26900,0.00
5292,51721,100.00
5293,25710,0.00
5294,22600,100.00
5295,22721,100.00
5296,25406,100.00
5297,25770,100.00
5298,36983,0.00
5299,34105,100.00
5300,36080,100.00
5301,28283,100.00
5302,19659,100.00
5303,43959,0.00
5304,123919,0.00
5305,166910,0.00
5306,37019,0.00
5307,53962,0.00
5308,44478,0.00
5309,188182,0.00
5310,40873,0.00
5311,45631,0.00
5312,45489,0.00
5313,37509,0.00
5314,28763,100.00
5315,29287,100.00
5316,26682,100.00
5317,24903,100.00
5318,25785,0.00
5319,40896,100.00
5320,41698,100.00
5321,38172,100.00
5322,28630,100.00
5323,23755,0.00
5324,20678,100.00
5325,26354,100.00
5326,24945,100.00
5327,23829,100.00
5328,26407,0.00
5329,40868,0.00
5330,34732,0.00
5331,51483,0.00
5332,30320,0.00
5333,45835,0.00
5334,33147,0.00
5335,41961,50.00
5336,40116,0.00
5337,41614,0.00
5338,37891,0.00
5339,42940,0.00
5340,42582,0.00
5341,168504,0.00
5342,51490,0.00
5343,46981,100.00
5344,48322,0.00
5345,27389,100.00
5346,29270,100.00
5347,27871,100.00
5348,21229,100.00
5349,19401,0.00
5350,19496,100.00
5351,21901,100.00
5352,23756,100.00
5353,44270,100.00
5354,39691,0.00
5355,33622,100.00
5356,29509,100.00
5357,30855,100.00
5358,20615,100.00
5359,18332,0.00
5360,199092,0.00
5361,211082,0.00
5362,150610,0.00
5363,203668,0.00
5364,139234,0.00
5365,147684,0.00
5366,160595,0.00
5367,147640,0.00
5368,150928,0.00
5369,205583,0.00
5370,150442,0.00
5371,138631,0.00
5372,200885,0.00
5373,63137,50.00
5374,33700,0.00
5375,34766,100.00
5376,23449,100.00
5377,57384,100.00
5378,59172,0.00
5379,32625,100.00
5380,19889,100.00
5381,21834,100.00
5382,20137,100.00
5383,18978,0.00
5384,18290,100.00
5385,22055,100.00
5386,25090,100.00
5387,28346,100.00
5388,59726,0.00
5389,57052,100.00
5390,27811,100.00
5391,24584,100.00
5392,214218,0.00
5393,47894,0.00
5394,46482,0.00
5395,37897,0.00
5396,41461,0.00
5397,204469,0.00
5398,44819,0.00
5399,39049,0.00
5400,202892,0.00
5401,35145,0.00
5402,41748,0.00
5403,36322,0.00
5404,39737,0.00
5405,36375,0.00
5406,48428,100.00
5407,25883,0.00
5408,33389,0.00
5409,31175,100.00
5410,26101,100.00
5411,23762,100.00
5412,45060,100.00
5413,42080,0.00
5414,45032,100.00
5415,26001,100.00
5416,22186,100.00
5417,19855,100.00
5418,107415,0.00
5419,146730,0.00
5420,169951,0.00
5421,41619,0.00
5422,39284,0.00
5423,119898,0.00
5424,47132,0.00
5425,44490,0.00
5426,53028,0.00
5427,43392,0.00
5428,24226,100.00
5429,29222,100.00
5430,28045,100.00
5431,25755,100.00
5432,60689,0.00
5433,49695,100.00
5434,28857,100.00
5435,20820,100.00
5436,22439,100.00
5437,28141,0.00
5438,23393,100.00
5439,25439,100.00
5440,24349,100.00
5441,41274,100.00
5442,35979,0.00
5443,39135,100.00
5444,28133,100.00
5445,43300,0.00
5446,42892,0.00
5447,42019,0.00
5448,40595,0.00
5449,42992,0.00
5450,43231,0.00
5451,40128,0.00
5452,110128,0.00
5453,163165,0.00
5454,42575,0.00
5455,41514,0.00
5456,38234,0.00
5457,44835,0.00
5458,46179,0.00
5459,52647,0.00
5460,42756,100.00
5461,27255,100.00
5462,25047,100.00
5463,24328,100.00
5464,24406,0.00
5465,24355,100.00
5466,24149,100.00
5467,50948,100.00
5468,44067,100.00
5469,24635,0.00
5470,19404,100.00
5471,23304,100.00
5472,23891,100.00
5473,21713,100.00
5474,29698,0.00
5475,23857,100.00
5476,35528,100.00
5477,41139,0.00
5478,193773,0.00
5479,45545,0.00
5480,46753,0.00
5481,113515,0.00
5482,51924,0.00
5483,45240,0.00
5484,151809,0.00
5485,62147,0.00
5486,47825,0.00
5487,47713,0.00
5488,116863,0.00
5489,68293,100.00
5490,18015,0.00
5491,38094,0.00
5492,47282,0.00
5493,26030,100.00
5494,23769,100.00
5495,22881,100.00
5496,19050,100.00
5497,19502,0.00
5498,18163,100.00
5499,23908,100.00
5500,23809,100.00
5501,41134,100.00
5502,46904,0.00
5503,39892,100.00
5504,35746,100.00
5505,31731,100.00
5506,20152,100.00
5507,27815,0.00
5508,43028,0.00
5509,49457,0.00
5510,121375,0.00
5511,132503,0.00
5512,128663,0.00
5513,153495,0.00
5514,204410,0.00
5515,47338,0.00
5516,142964,0.00
5517,44969,0.00
5518,155047,0.00
5519,148049,0.00
5520,151648,0.00
5521,64844,66.67
5522,19670,0.00
5523,26137,0.00
5524,26403,100.00
5525,46872,100.00
5526,45363,0.00
5527,46879,100.00
5528,24776,100.00
5529,21025,100.00
5530,20830,100.00
5531,17895,0.00
5532,18486,100.00
5533,21214,100.00
5534,23725,100.00
5535,31170,100.00
5536,41818,0.00
5537,40751,100.00
5538,34623,100.00
5539,30434,0.00
5540,37379,0.00
5541,161034,0.00
5542,175586,0.00
5543,184351,0.00
5544,47961,0.00
5545,162642,0.00
5546,178790,0.00
5547,47939,0.00
5548,185814,0.00
5549,49447,0.00
5550,136910,0.00
5551,64099,50.00
5552,23608,0.00
5553,31274,100.00
5554,27788,0.00
5555,22929,100.00
5556,24164,100.00
5557,24692,100.00
5558,23756,100.00
5559,42856,0.00
5560,37063,100.00
5561,44465,100.00
5562,25137,100.00
5563,18994,100.00
5564,210914,0.00
5565,145032,0.00
5566,202781,0.00
5567,102970,0.00
5568,52076,0.00
5569,159168,0.00
5570,49469,0.00
5571,47950,0.00
5572,51068,0.00
5573,64151,0.00
5574,26161,0.00
5575,23515,100.00
5576,29365,100.00
5577,24572,100.00
5578,24095,100.00
5579,24235,0.00
5580,47065,100.00
5581,46017,100.00
5582,30705,100.00
5583,23922,100.00
5584,24940,0.00
5585,21046,100.00
5586,25107,100.00
5587,24134,100.00
5588,27075,100.00
5589,34993,0.00
5590,40737,50.00
5591,195972,0.00
5592,205881,0.00
5593,135716,0.00
5594,134711,0.00
5595,49306,0.00
5596,175408,0.00
5597,200967,0.00
5598,154983,0.00
5599,130083,0.00
5600,138268,0.00
5601,146741,0.00
5602,48727,0.00
5603,57808,0.00
5604,53170,100.00
5605,40182,0.00
5606,24545,100.00
5607,25787,100.00
5608,24236,100.00
5609,20393,100.00
5610,18547,0.00
5611,22203,100.00
5612,25157,100.00
5613,22773,100.00
5614,48210,100.00
5615,38524,0.00
5616,25392,100.00
5617,20022,100.00
5618,25840,100.00
5619,20363,100.00
5620,34341,0.00
5621,37446,0.00
5622,40809,0.00
5623,37626,0.00
5624,37399,0.00
5625,43368,0.00
5626,44634,0.00
5627,39980,0.00
5628,44273,0.00
5629,107997,0.00
5630,46851,0.00
5631,197059,0.00
5632,200913,0.00
5633,203942,0.00
5634,57459,0.00
5635,48504,100.00
5636,32993,100.00
5637,36566,100.00
5638,36351,100.00
5639,36457,0.00
5640,22854,100.00
5641,22410,100.00
5642,24684,100.00
5643,23524,100.00
5644,19718,0.00
5645,18544,100.00
5646,21371,100.00
5647,28425,100.00
5648,30607,100.00
5649,45351,0.00
5650,41977,100.00
5651,26882,100.00
5652,24638,100.00
5653,37376,0.00
5654,40619,0.00
5655,126256,0.00
5656,185307,0.00
5657,46575,0.00
5658,171908,0.00
5659,43460,0.00
5660,44518,0.00
5661,38263,0.00
5662,42758,0.00
5663,41694,0.00
5664,43625,0.00
5665,134584,0.00
5666,43041,0.00
5667,60358,0.00
5668,43268,100.00
5669,32784,0.00
5670,28349,100.00
5671,27281,100.00
5672,22030,100.00
5673,49891,100.00
5674,49153,0.00
5675,35401,100.00
5676,19934,100.00
5677,22253,100.00
5678,19786,100.00
5679,19990,0.00
5680,19229,100.00
5681,30806,50.00
5682,45794,0.00
5683,42098,0.00
5684,47431,0.00
5685,190213,0.00
5686,154502,0.00
5687,147407,0.00
5688,192928,0.00
5689,201203,0.00
5690,216073,0.00
5691,197433,0.00
5692,214677,0.00
5693,55186,0.00
5694,49624,100.00
5695,46356,100.00
5696,42804,0.00
5697,44730,100.00
5698,30110,100.00
5699,26406,100.00
5700,22046,100.00
5701,21955,0.00
5702,24321,100.00
5703,23518,100.00
5704,20090,100.00
5705,37304,100.00
5706,43116,0.00
5707,40925,100.00
5708,36682,100.00
5709,41437,0.00
5710,183095,0.00
5711,210656,0.00
5712,136320,0.00
5713,46117,0.00
5714,47233,0.00
5715,40727,0.00
5716,40821,0.00
5717,46661,0.00
5718,45950,0.00
5719,178313,0.00
5720,193899,0.00
5721,68357,0.00
5722,47923,100.00
5723,27451,100.00
5724,21740,0.00
5725,19261,100.00
5726,23239,100.00
5727,24900,100.00
5728,37953,100.00
5729,47712,0.00
5730,45530,100.00
5731,32584,100.00
5732,23757,100.00
5733,20337,100.00
5734,21737,0.00
5735,32150,100.00
5736,28726,100.00
5737,20576,100.00
5738,61010,0.00
5739,45667,0.00
5740,168314,0.00
5741,43052,0.00
5742,44501,0.00
5743,119285,0.00
5744,196697,0.00
5745,49482,0.00
5746,47761,0.00
5747,175549,0.00
5748,172989,0.00
5749,47988,0.00
5750,201245,0.00
5751,54386,0.00
5752,46731,100.00
5753,50578,100.00
5754,31921,100.00
5755,26483,0.00
5756,23902,100.00
5757,21672,100.00
5758,19461,100.00
5759,21720,100.00
5760,24953,0.00
5761,23784,100.00
5762,51903,100.00
5763,50239,100.00
5764,35218,100.00
5765,29243,0.00
5766,26076,100.00
5767,29287,100.00
5768,41483,0.00
5769,43078,0.00
5770,45076,0.00
5771,183860,0.00
5772,42962,0.00
5773,44132,0.00
5774,44008,0.00
5775,43761,0.00
5776,47473,0.00
5777,39773,0.00
5778,39115,0.00
5779,37560,0.00
5780,40064,0.00
5781,53428,100.00
5782,33236,0.00
5783,40680,100.00
5784,34116,100.00
5785,55462,100.00
5786,53364,0.00
5787,27361,100.00
5788,22494,100.00
5789,22139,100.00
5790,19469,100.00
5791,22141,0.00
5792,19821,100.00
5793,22022,100.00
5794,25094,100.00
5795,36828,100.00
5796,57141,0.00
5797,47173,100.00
5798,26562,50.00
5799,159796,0.00
5800,154821,0.00
5801,176219,0.00
5802,130559,0.00
5803,182539,0.00
5804,151202,0.00
5805,125544,0.00
5806,122806,0.00
5807,129401,0.00
5808,47911,0.00
5809,44195,0.00
5810,51157,0.00
5811,208376,0.00
5812,42572,0.00
5813,35406,100.00
5814,25092,100.00
5815,26211,100.00
5816,30026,100.00
5817,24669,0.00
5818,23454,100.00
5819,42557,100.00
5820,42262,100.00
5821,48379,100.00
5822,28283,0.00
5823,41245,100.00
5824,82118,0.00
5825,137729,0.00
5826,213315,0.00
5827,44571,0.00
5828,43770,0.00
5829,147928,0.00
5830,249608,0.00
5831,235807,0.00
5832,46342,0.00
5833,53459,0.00
5834,49795,100.00
5835,24475,100.00
5836,21686,100.00
5837,25177,0.00
5838,25908,100.00
5839,35911,100.00
5840,41879,100.00
5841,39987,100.00
5842,26969,0.00
5843,24485,100.00
5844,28523,100.00
5845,21093,100.00
5846,23445,100.00
5847,23830,0.00
5848,30017,100.00
5849,41490,100.00
5850,41356,100.00
5851,141728,50.00
5852,48551,0.00
5853,47525,0.00
5854,49563,0.00
5855,164323,0.00
5856,150938,0.00
5857,204783,0.00
5858,142153,0.00
5859,148816,0.00
5860,57171,0.00
5861,161902,0.00
5862,170900,0.00
5863,151757,0.00
5864,147812,0.00
5865,59905,0.00
5866,24944,0.00
5867,27407,100.00
5868,28664,100.00
5869,23492,100.00
5870,36983,100.00
5871,21360,0.00
5872,23478,100.00
5873,25011,100.00
5874,28754,100.00
5875,59951,100.00
5876,51695,0.00
5877,35653,100.00
5878,27938,100.00
5879,22388,100.00
5880,25576,100.00
5881,27083,0.00
5882,130937,0.00
5883,221833,0.00
5884,136842,0.00
5885,202759,0.00
5886,146629,0.00
5887,148383,0.00
5888,151528,0.00
5889,170446,0.00
5890,47064,0.00
5891,48669,0.00
5892,219563,0.00
5893,246986,0.00
5894,70625,66.67
5895,20075,0.00
5896,23602,0.00
5897,52449,100.00
5898,50960,100.00
5899,58937,0.00
5900,25968,100.00
5901,21801,100.00
5902,21221,100.00
5903,18684,100.00
5904,18785,0.00
5905,21900,100.00
5906,23885,100.00
5907,33648,100.00
5908,50022,100.00
5909,48295,0.00
5910,36330,100.00
5911,25014,100.00
5912,32474,100.00
5913,42392,0.00
5914,54544,0.00
5915,45391,0.00
5916,47361,0.00
5917,48846,0.00
5918,185740,0.00
5919,131462,0.00
5920,47064,0.00
5921,128325,0.00
5922,41420,0.00
5923,44918,0.00
5924,138725,0.00
5925,223154,0.00
5926,69491,50.00
5927,28112,0.00
5928,29817,0.00
5929,26173,100.00
5930,24721,100.00
5931,22934,100.00
5932,50554,100.00
5933,47333,0.00
5934,25770,100.00
5935,20038,100.00
5936,23233,100.00
5937,20786,100.00
5938,27189,0.00
5939,21830,100.00
5940,21456,100.00
5941,36646,100.00
5942,198094,0.00
5943,50005,0.00
5944,166501,0.00
5945,212615,0.00
5946,163370,0.00
5947,217933,0.00
5948,150600,0.00
5949,235034,0.00
5950,143701,0.00
5951,232565,0.00
5952,156482,0.00
5953,67598,50.00
5954,21164,0.00
5955,51641,0.00
5956,51618,100.00
5957,26300,100.00
5958,22680,100.00
5959,23683,100.00
5960,21135,0.00
5961,29136,100.00
5962,25104,100.00
5963,24029,100.00
5964,26789,100.00
5965,63603,0.00
5966,44899,100.00
5967,23538,100.00
5968,18542,100.00
5969,220887,0.00
5970,42769,0.00
5971,48386,0.00
5972,69840,0.00
5973,245022,0.00
5974,173293,0.00
5975,68192,0.00
5976,128679,0.00
5977,158238,0.00
5978,213092,0.00
5979,146363,0.00
5980,50993,0.00
5981,44880,100.00
5982,29196,0.00
5983,23761,100.00
5984,21196,100.00
5985,23265,100.00
5986,23996,100.00
5987,38048,0.00
5988,40573,100.00
5989,36088,100.00
5990,31958,100.00
5991,28082,100.00
5992,19296,0.00
5993,20298,100.00
5994,23593,100.00
5995,27787,100.00
5996,21476,100.00
5997,28812,0.00
5998,45575,0.00
5999,41667,0.00
6000,140465,0.00
6001,180527,0.00
6002,44881,0.00
6003,214302,0.00
6004,147653,0.00
6005,228113,0.00
6006,216242,0.00
6007,219757,0.00
6008,251102,0.00
6009,230742,0.00
6010,70732,50.00
6011,58359,0.00
6012,61966,100.00
6013,46168,100.00
6014,25016,100.00
6015,23637,0.00
6016,21322,100.00
6017,20292,100.00
6018,20780,100.00
6019,24275,100.00
6020,29754,0.00
6021,23733,100.00
6022,57002,100.00
6023,49329,100.00
6024,27567,100.00
6025,24945,0.00
6026,21732,100.00
6027,22190,100.00
6028,47834,50.00
6029,51449,0.00
6030,278218,0.00
6031,142146,0.00
6032,209478,0.00
6033,194057,0.00
6034,227907,0.00
6035,207998,0.00
6036,243279,0.00
6037,252961,0.00
6038,174229,0.00
6039,229009,0.00
6040,149322,0.00
6041,190451,0.00
6042,66900,0.00
6043,50264,100.00
6044,31875,0.00
6045,40116,100.00
6046,42663,100.00
6047,45159,100.00
6048,24687,100.00
6049,22565,0.00
6050,22770,100.00
6051,39454,100.00
6052,23855,100.00
6053,19230,100.00
6054,23070,0.00
6055,25465,100.00
6056,31782,100.00
6057,50291,100.00
6058,44917,100.00
6059,26106,0.00
6060,38629,100.00
6061,43615,0.00
6062,44430,0.00
6063,43464,0.00
6064,45209,0.00
6065,42242,0.00
6066,43990,0.00
6067,136572,0.00
6068,46370,0.00
6069,48889,0.00
6070,197218,0.00
6071,46595,0.00
6072,47950,0.00
6073,170860,0.00
6074,55940,0.00
6075,41849,100.00
6076,30096,100.00
6077,34203,100.00
6078,28498,0.00
6079,24727,100.00
6080,20502,100.00
6081,54205,100.00
6082,51612,100.00
6083,25514,0.00
6084,19886,100.00
6085,37969,100.00
6086,46662,0.00
6087,190750,0.00
6088,43498,0.00
6089,44262,0.00
6090,43764,0.00
6091,184405,0.00
6092,215054,0.00
6093,41212,0.00
6094,48563,0.00
6095,37712,100.00
6096,27419,100.00
6097,24028,0.00
6098,29315,100.00
6099,26016,100.00
6100,31814,100.00
6101,44248,100.00
6102,40418,0.00
6103,28275,100.00
6104,23025,100.00
6105,20873,100.00
6106,20816,100.00
6107,30090,0.00
6108,23794,100.00
6109,29890,100.00
6110,38343,100.00
6111,40188,100.00
6112,45662,0.00
6113,45182,0.00
6114,148795,0.00
6115,187403,0.00
6116,196112,0.00
6117,46856,0.00
6118,214682,0.00
6119,218935,0.00
6120,179847,0.00
6121,226203,0.00
6122,208533,0.00
6123,207404,0.00
6124,148443,0.00
6125,232261,0.00
6126,78409,100.00
6127,27966,0.00
6128,30686,100.00
6129,23667,100.00
6130,19685,100.00
6131,20584,0.00
6132,19202,100.00
6133,23101,100.00
6134,25570,100.00
6135,24898,100.00
6136,75171,0.00
6137,59036,100.00
6138,25584,100.00
6139,23771,100.00
6140,19497,100.00
6141,24210,0.00
6142,25426,100.00
6143,24020,100.00
6144,200474,50.00
6145,214570,0.00
6146,43197,0.00
6147,40024,0.00
6148,148756,0.00
6149,42910,0.00
6150,197547,0.00
6151,134224,0.00
6152,44573,0.00
6153,52259,0.00
6154,128168,0.00
6155,48841,0.00
6156,45911,0.00
6157,43856,0.00
6158,64896,100.00
6159,19079,0.00
6160,47568,0.00
6161,48354,100.00
6162,24410,100.00
6163,22234,100.00
6164,23490,100.00
6165,19821,0.00
6166,19054,100.00
6167,21594,100.00
6168,22052,100.00
6169,24430,100.00
6170,32649,0.00
6171,40127,100.00
6172,40321,100.00
6173,27068,100.00
6174,29941,100.00
6175,27028,0.00
6176,40548,0.00
6177,40441,0.00
6178,36212,0.00
6179,37304,0.00
6180,181997,0.00
6181,45400,0.00
6182,132560,0.00
6183,44726,0.00
6184,41602,0.00
6185,143842,0.00
6186,147451,0.00
6187,218491,0.00
6188,236590,0.00
6189,152165,100.00
6190,43367,100.00
6191,32599,0.00
6192,27098,100.00
6193,23797,100.00
6194,54395,100.00
6195,56757,100.00
6196,25095,0.00
6197,20901,100.00
6198,22726,100.00
6199,18679,100.00
6200,19612,100.00
6201,18463,0.00
6202,22611,100.00
6203,24387,100.00
6204,36283,100.00
6205,56268,100.00
6206,182626,0.00
6207,150846,0.00
6208,200674,0.00
6209,180997,0.00
6210,51004,0.00
6211,128635,0.00
6212,45050,0.00
6213,42494,0.00
6214,125093,0.00
6215,46994,0.00
6216,39982,0.00
6217,42838,0.00
6218,42783,0.00
6219,175883,0.00
6220,68480,66.67
6221,18306,0.00
6222,21365,0.00
6223,27864,100.00
6224,22754,100.00
6225,22456,0.00
6226,24508,100.00
6227,24242,100.00
6228,41805,100.00
6229,42930,100.00
6230,48136,0.00
6231,25502,100.00
6232,18894,100.00
6233,146352,0.00
6234,141870,0.00
6235,45693,0.00
6236,41164,0.00
6237,49718,0.00
6238,46591,0.00
6239,42858,0.00
6240,167513,0.00
6241,39032,0.00
6242,43746,0.00
6243,34154,100.00
6244,21385,100.00
6245,18407,100.00
6246,21722,100.00
6247,23634,0.00
6248,23499,100.00
6249,46378,100.00
6250,43696,100.00
6251,24403,100.00
6252,19362,0.00
6253,21112,100.00
6254,20563,100.00
6255,22361,100.00
6256,25595,100.00
6257,33899,0.00
6258,138288,50.00
6259,197407,0.00
6260,46184,0.00
6261,149588,0.00
6262,198206,0.00
6263,214299,0.00
6264,135120,0.00
6265,232926,0.00
6266,214108,0.00
6267,46050,0.00
6268,48093,0.00
6269,194392,0.00
6270,49110,0.00
6271,140742,0.00
6272,54773,0.00
6273,55366,100.00
6274,53399,100.00
6275,30290,100.00
6276,30790,0.00
6277,21218,100.00
6278,18909,100.00
6279,19557,100.00
6280,21068,100.00
6281,21280,0.00
6282,23644,100.00
6283,49110,100.00
6284,44143,100.00
6285,40854,100.00
6286,26540,0.00
6287,29807,100.00
6288,21388,100.00
6289,39089,100.00
6290,39233,0.00
6291,122887,0.00
6292,183211,0.00
6293,173989,0.00
6294,43244,0.00
6295,41937,0.00
6296,46371,0.00
6297,40667,0.00
6298,41134,0.00
6299,39933,0.00
6300,168146,0.00
6301,48728,0.00
6302,50987,0.00
6303,59018,50.00
6304,30976,0.00
6305,32594,0.00
6306,28600,100.00
6307,56283,100.00
6308,55634,100.00
6309,22397,100.00
6310,19648,0.00
6311,23386,100.00
6312,26050,100.00
6313,20536,100.00
6314,18030,100.00
6315,25330,0.00
6316,24392,100.00
6317,23467,100.00
6318,50568,100.00
6319,44471,100.00
6320,25637,0.00
6321,45450,100.00
6322,45842,0.00
6323,48411,0.00
6324,44378,0.00
6325,144151,0.00
6326,197853,0.00
6327,47994,0.00
6328,46431,0.00
6329,126153,0.00
6330,147747,0.00
6331,126529,0.00
6332,158483,0.00
6333,45729,0.00
6334,45619,0.00
6335,57281,0.00
6336,50772,100.00
6337,27579,100.00
6338,27886,100.00
6339,27674,0.00
6340,23955,100.00
6341,20586,100.00
6342,49955,100.00
6343,60129,0.00
6344,56138,100.00
6345,25274,100.00
6346,21850,0.00
6347,20138,100.00
6348,47475,0.00
6349,38693,0.00
6350,38634,0.00
6351,235987,0.00
6352,33187,0.00
6353,36607,0.00
6354,32088,0.00
6355,39893,0.00
6356,43315,0.00
6357,55614,0.00
6358,36632,100.00
6359,25093,100.00
6360,27228,100.00
6361,25864,0.00
6362,25443,100.00
6363,43414,100.00
6364,43416,100.00
6365,38393,100.00
6366,22258,0.00
6367,23121,100.00
6368,19534,100.00
6369,24782,100.00
6370,23590,100.00
6371,22792,0.00
6372,25826,100.00
6373,34998,100.00
6374,29298,100.00
6375,32714,0.00
6376,34988,0.00
6377,40821,0.00
6378,38824,0.00
6379,117262,0.00
6380,46060,0.00
6381,42151,0.00
6382,41172,0.00
6383,45460,0.00
6384,44800,0.00
6385,132220,0.00
6386,45000,0.00
6387,185203,0.00
6388,219352,0.00
6389,36545,100.00
6390,29644,0.00
6391,28325,100.00
6392,23021,100.00
6393,20192,100.00
6394,17838,100.00
6395,21663,0.00
6396,26196,100.00
6397,23433,100.00
6398,51490,100.00
6399,47668,100.00
6400,27529,0.00
6401,27580,100.00
6402,25879,100.00
6403,22778,100.00
6404,23553,100.00
6405,24828,0.00
6406,23985,100.00
6407,39802,0.00
6408,38559,0.00
6409,114769,0.00
6410,145606,0.00
6411,115137,0.00
6412,123223,0.00
6413,47661,0.00
6414,43218,0.00
6415,43616,0.00
6416,42114,0.00
6417,39168,0.00
6418,45061,0.00
6419,42754,0.00
6420,68833,66.67
6421,17127,0.00
6422,43030,0.00
6423,47846,100.00
6424,25184,0.00
6425,24275,100.00
6426,22913,100.00
6427,19479,100.00
6428,18723,100.00
6429,17912,0.00
6430,22706,100.00
6431,24047,100.00
6432,35132,100.00
6433,44493,100.00
6434,35262,0.00
6435,29235,100.00
6436,26129,100.00
6437,19819,100.00
6438,26768,50.00
6439,93316,0.00
6440,102917,0.00
6441,189097,0.00
6442,49890,0.00
6443,201513,0.00
6444,82935,0.00
6445,182200,0.00
6446,210373,0.00
6447,149812,0.00
6448,46814,0.00
6449,134504,0.00
6450,139455,0.00
6451,174568,0.00
6452,61710,0.00
6453,48502,0.00
6454,35559,100.00
6455,27319,100.00
6456,44788,100.00
6457,43541,100.00
6458,49633,0.00
6459,23378,100.00
6460,23633,100.00
6461,21116,100.00
6462,20114,100.00
6463,19524,0.00
6464,21566,100.00
6465,24629,100.00
6466,23209,100.00
6467,53672,100.00
6468,41732,0.00
6469,165295,50.00
6470,55908,0.00
6471,153237,0.00
6472,210072,0.00
6473,231092,0.00
6474,154573,0.00
6475,146510,0.00
6476,149269,0.00
6477,168171,0.00
6478,63788,0.00
6479,147774,0.00
6480,46958,0.00
6481,148202,0.00
6482,64944,0.00
6483,47672,100.00
6484,32233,0.00
6485,28776,100.00
6486,24636,100.00
6487,26264,100.00
6488,25705,100.00
6489,21624,0.00
6490,54096,100.00
6491,41814,100.00
6492,38372,100.00
6493,27165,100.00
6494,44649,0.00
6495,52591,0.00
6496,163968,0.00
6497,42159,0.00
6498,44856,0.00
6499,42013,0.00
6500,45727,0.00
6501,44068,0.00
6502,45003,0.00
6503,51566,50.00
6504,28478,0.00
6505,35093,100.00
6506,27379,100.00
6507,22206,100.00
6508,23752,0.00
6509,24533,100.00
6510,35443,100.00
6511,44700,100.00
6512,47628,100.00
6513,30554,0.00
6514,25402,100.00
6515,21128,100.00
6516,20489,100.00
6517,23660,100.00
6518,33259,0.00
6519,21870,100.00
6520,36373,100.00
6521,45795,0.00
6522,42729,0.00
6523,40487,0.00
6524,123122,0.00
6525,180255,0.00
6526,45771,0.00
6527,240710,0.00
6528,183573,0.00
6529,44648,0.00
6530,43332,0.00
6531,37618,0.00
6532,38113,0.00
6533,43705,100.00
6534,31826,0.00
6535,35364,100.00
6536,25141,0.00
6537,34593,100.00
6538,28546,100.00
6539,20435,100.00
6540,19629,100.00
6541,21109,0.00
6542,24195,100.00
6543,26047,100.00
6544,27976,100.00
6545,50213,100.00
6546,47025,0.00
6547,38144,100.00
6548,32423,100.00
6549,23546,100.00
6550,21223,100.00
6551,39513,0.00
6552,42978,0.00
6553,134586,0.00
6554,164957,0.00
6555,189731,0.00
6556,46902,0.00
6557,43884,0.00
6558,46853,0.00
6559,47378,0.00
6560,76983,0.00
6561,177820,0.00
6562,45866,0.00
6563,207063,0.00
6564,222629,0.00
6565,64001,0.00
6566,50793,100.00
6567,40369,100.00
6568,41266,100.00
6569,43801,100.00
6570,49738,0.00
6571,25292,100.00
6572,24947,100.00
6573,22852,100.00
6574,19422,100.00
6575,19272,0.00
6576,18437,100.00
6577,22065,100.00
6578,24194,100.00
6579,33780,100.00
6580,40913,0.00
6581,35973,100.00
6582,25400,100.00
6583,38680,50.00
6584,136595,0.00
6585,129253,0.00
6586,49277,0.00
6587,47786,0.00
6588,179392,0.00
6589,47615,0.00
6590,185840,0.00
6591,47561,0.00
6592,45660,0.00
6593,49543,0.00
6594,47033,0.00
6595,230265,0.00
6596,49994,0.00
6597,135713,0.00
6598,58037,0.00
6599,42612,100.00
6600,26622,0.00
6601,27435,100.00
6602,24070,100.00
6603,20955,100.00
6604,46298,100.00
6605,39443,0.00
6606,43722,100.00
6607,20886,100.00
6608,22941,100.00
6609,20191,100.00
6610,41609,0.00
6611,40485,0.00
6612,41568,0.00
6613,149878,0.00
6614,48576,0.00
6615,235953,0.00
6616,46044,0.00
6617,148348,0.00
6618,67927,0.00
6619,44181,0.00
6620,28302,100.00
6621,30500,100.00
6622,28174,100.00
6623,62718,0.00
6624,41296,100.00
6625,45667,100.00
6626,45344,100.00
6627,37184,0.00
6628,25592,100.00
6629,20634,100.00
6630,21839,100.00
6631,23747,100.00
6632,29950,0.00
6633,24840,100.00
6634,38736,100.00
6635,46523,100.00
6636,46764,100.00
6637,49626,0.00
6638,187106,0.00
6639,140754,0.00
6640,141405,0.00
6641,137894,0.00
6642,190738,0.00
6643,192609,0.00
6644,174891,0.00
6645,148021,0.00
6646,205167,0.00
6647,46118,0.00
6648,43619,0.00
6649,45015,0.00
6650,153288,0.00
6651,45625,0.00
6652,39201,0.00
6653,43587,100.00
6654,27629,100.00
6655,22048,100.00
6656,20957,100.00
6657,21856,0.00
6658,24547,100.00
6659,24170,100.00
6660,47822,100.00
6661,43123,100.00
6662,33061,0.00
6663,24356,100.00
6664,24909,100.00
6665,25072,100.00
6666,23253,100.00
6667,24646,0.00
6668,23598,100.00
6669,45171,100.00
6670,44205,0.00
6671,210699,0.00
6672,144182,0.00
6673,135641,0.00
6674,44868,0.00
6675,117822,0.00
6676,47021,0.00
6677,135549,0.00
6678,47912,0.00
6679,186551,0.00
6680,45840,0.00
6681,45990,0.00
6682,55044,0.00
6683,48991,100.00
6684,44128,100.00
6685,45501,0.00
6686,26668,100.00
6687,26347,100.00
6688,25159,100.00
6689,22282,100.00
6690,20272,0.00
6691,18038,100.00
6692,22459,100.00
6693,23641,100.00
6694,41070,100.00
6695,37670,0.00
6696,37687,100.00
6697,32586,100.00
6698,24230,100.00
6699,20318,100.00
6700,31975,0.00
6701,42553,0.00
6702,144999,0.00
6703,139192,0.00
6704,210041,0.00
6705,188700,0.00
6706,199965,0.00
6707,144560,0.00
6708,152698,0.00
6709,176284,0.00
6710,208191,0.00
6711,212216,0.00
6712,154832,0.00
6713,149320,0.00
6714,61167,50.00
6715,28498,0.00
6716,30340,100.00
6717,24363,100.00
6718,49311,100.00
6719,42413,0.00
6720,45338,100.00
6721,22099,100.00
6722,22657,100.00
6723,23479,100.00
6724,21268,0.00
6725,18463,100.00
6726,22217,100.00
6727,28704,100.00
6728,23876,100.00
6729,50628,0.00
6730,46638,100.00
6731,46131,100.00
6732,48781,0.00
6733,203073,0.00
6734,46748,0.00
6735,48118,0.00
6736,133404,0.00
6737,271703,0.00
6738,242436,0.00
6739,162279,0.00
6740,127679,0.00
6741,48375,0.00
6742,46853,0.00
6743,47609,0.00
6744,65349,0.00
6745,49574,0.00
6746,29860,100.00
6747,26310,100.00
6748,25385,100.00
6749,27974,100.00
6750,24577,0.00
6751,22245,100.00
6752,49862,100.00
6753,49323,100.00
6754,25707,100.00
6755,21141,0.00
6756,38065,100.00
6757,40267,0.00
6758,40463,0.00
6759,37112,0.00
6760,45764,0.00
6761,42566,0.00
6762,234022,0.00
6763,133993,0.00
6764,97768,0.00
6765,60704,100.00
6766,27790,0.00
6767,28937,100.00
6768,24119,100.00
6769,20329,0.00
6770,23255,100.00
6771,24900,100.00
6772,47446,100.00
6773,49681,100.00
6774,45256,0.00
6775,25644,100.00
6776,23294,100.00
6777,22582,100.00
6778,21775,100.00
6779,23961,0.00
6780,25024,100.00
6781,23238,100.00
6782,38368,50.00
6783,44503,0.00
6784,44451,0.00
6785,187730,0.00
6786,183405,0.00
6787,132482,0.00
6788,207440,0.00
6789,140582,0.00
6790,122991,0.00
6791,118856,0.00
6792,47848,0.00
6793,157486,0.00
6794,46912,0.00
6795,60556,0.00
6796,59735,100.00
6797,57085,0.00
6798,28971,100.00
6799,30380,100.00
6800,26376,100.00
6801,44490,100.00
6802,28770,0.00
6803,21492,100.00
6804,24467,100.00
6805,26197,100.00
6806,35745,0.00
6807,41055,100.00
6808,40012,100.00
6809,32946,100.00
6810,34358,100.00
6811,21826,0.00
6812,21229,100.00
6813,39900,100.00
6814,147302,0.00
6815,150695,0.00
6816,146636,0.00
6817,156353,0.00
6818,49773,0.00
6819,212355,0.00
6820,47011,0.00
6821,183286,0.00
6822,40813,0.00
6823,46945,0.00
6824,46371,0.00
6825,45909,0.00
6826,62862,0.00
6827,42618,0.00
6828,49377,0.00
6829,35268,100.00
6830,43113,100.00
6831,38968,100.00
6832,39537,100.00
6833,27275,0.00
6834,22122,100.00
6835,29269,100.00
6836,19527,100.00
6837,35263,100.00
6838,22923,0.00
6839,21946,100.00
6840,25534,100.00
6841,42635,100.00
6842,38129,100.00
6843,33507,0.00
6844,23206,100.00
6845,167488,100.00
6846,182509,0.00
6847,35686,0.00
6848,40249,0.00
6849,38512,0.00
6850,45227,0.00
6851,137960,0.00
6852,46405,0.00
6853,49245,0.00
6854,128085,0.00
6855,42240,0.00
6856,46495,0.00
6857,43621,0.00
6858,197584,0.00
6859,63722,66.67
6860,17366,0.00
6861,19888,0.00
6862,24718,0.00
6863,27622,100.00
6864,24548,100.00
6865,48828,100.00
6866,40552,100.00
6867,43002,0.00
6868,26247,100.00
6869,20132,100.00
6870,20336,100.00
6871,18903,100.00
6872,23732,0.00
6873,18643,100.00
6874,37660,50.00
6875,96826,0.00
6876,41427,0.00
6877,46323,0.00
6878,48830,0.00
6879,38671,0.00
6880,41135,0.00
6881,205440,0.00
6882,40922,0.00
6883,167846,0.00
6884,47191,0.00
6885,59238,100.00
6886,28791,0.00
6887,30550,100.00
6888,51164,0.00
6889,47370,100.00
6890,26510,100.00
6891,22017,100.00
6892,22653,100.00
6893,21378,0.00
6894,22649,100.00
6895,25371,100.00
6896,24973,100.00
6897,31888,100.00
6898,41706,0.00
6899,40991,100.00
6900,30080,100.00
6901,41118,50.00
6902,129793,0.00
6903,213921,0.00
6904,206529,0.00
6905,198290,0.00
6906,49411,0.00
6907,47739,0.00
6908,180903,0.00
6909,136103,0.00
6910,141269,0.00
6911,156033,0.00
6912,145789,0.00
6913,143345,0.00
6914,65831,0.00
6915,51798,100.00
6916,24267,0.00
6917,22061,100.00
6918,18438,100.00
6919,23310,100.00
6920,24632,100.00
6921,49252,0.00
6922,45751,100.00
6923,38819,100.00
6924,23464,100.00
6925,23689,100.00
6926,19763,0.00
6927,22100,100.00
6928,25016,100.00
6929,34486,100.00
6930,20910,100.00
6931,41974,0.00
6932,44600,0.00
6933,45151,0.00
6934,129128,0.00
6935,48015,0.00
6936,191586,0.00
6937,49116,0.00
6938,183680,0.00
6939,153980,0.00
6940,183221,0.00
6941,193589,0.00
6942,46874,0.00
6943,139392,0.00
6944,54173,0.00
6945,51925,100.00
6946,54964,100.00
6947,25999,0.00
6948,23308,100.00
6949,24366,100.00
6950,21886,100.00
6951,19646,100.00
6952,18203,0.00
6953,23070,100.00
6954,23929,100.00
6955,47149,100.00
6956,45111,100.00
6957,48659,0.00
6958,27346,100.00
6959,29136,100.00
6960,23268,100.00
6961,18823,100.00
6962,148244,0.00
6963,41068,0.00
6964,39812,0.00
6965,45495,0.00
6966,47055,0.00
6967,145120,0.00
6968,147722,0.00
6969,143342,0.00
6970,49233,0.00
6971,154474,0.00
6972,214777,0.00
6973,53227,0.00
6974,48486,0.00
6975,66361,50.00
6976,20491,0.00
6977,23440,0.00
6978,21265,100.00
6979,54493,100.00
6980,45060,100.00
6981,43472,0.00
6982,20159,100.00
6983,22050,100.00
6984,60039,0.00
6985,28740,100.00
6986,39787,100.00
6987,25223,0.00
6988,25329,100.00
6989,25938,100.00
6990,24284,100.00
6991,52727,100.00
6992,39695,0.00
6993,25003,100.00
6994,54631,0.00
6995,51447,0.00
6996,179820,0.00
6997,46343,0.00
6998,46908,0.00
6999,179507,0.00
7000,195363,0.00
7001,160009,0.00
7002,47365,0.00
7003,180702,0.00
7004,40072,0.00
7005,44205,0.00
7006,41799,0.00
7007,53148,50.00
7008,26049,0.00
7009,31675,100.00
7010,35228,100.00
7011,28698,0.00
7012,27337,100.00
7013,24570,100.00
7014,23982,100.00
7015,54820,100.00
7016,49742,0.00
7017,25007,100.00
7018,20624,100.00
7019,39364,100.00
7020,43913,0.00
7021,45181,0.00
7022,45434,0.00
7023,200153,0.00
7024,50309,0.00
7025,198420,0.00
7026,222735,0.00
7027,182824,0.00
7028,206731,0.00
7029,217361,0.00
7030,37436,100.00
7031,25736,100.00
7032,24263,100.00
7033,26418,0.00
7034,24346,100.00
7035,43548,100.00
7036,45898,100.00
7037,48332,100.00
7038,28930,0.00
7039,26439,100.00
7040,20967,100.00
7041,23161,100.00
7042,27033,100.00
7043,29066,0.00
7044,26319,100.00
7045,41972,100.00
7046,38020,100.00
7047,134579,0.00
7048,44846,0.00
7049,41618,0.00
7050,41002,0.00
7051,45845,0.00
7052,175863,0.00
7053,166107,0.00
7054,113093,0.00
7055,101645,0.00
7056,43637,0.00
7057,134418,0.00
7058,51002,0.00
7059,209615,0.00
7060,48381,0.00
7061,61711,0.00
7062,44524,100.00
7063,34371,100.00
7064,29116,100.00
7065,22079,0.00
7066,20430,100.00
7067,17960,100.00
7068,24661,100.00
7069,24907,100.00
7070,37227,0.00
7071,41614,100.00
7072,42824,100.00
7073,29738,100.00
7074,23550,100.00
7075,20362,0.00
7076,31320,100.00
7077,22115,50.00
7078,129632,0.00
7079,144528,0.00
7080,170444,0.00
7081,178812,0.00
7082,47914,0.00
7083,166344,0.00
7084,51525,0.00
7085,173143,0.00
7086,59811,0.00
7087,155493,0.00
7088,48445,0.00
7089,44291,0.00
7090,53876,50.00
7091,28430,0.00
7092,31563,100.00
7093,45093,0.00
7094,41657,100.00
7095,45191,100.00
7096,24598,100.00
7097,22239,100.00
7098,21203,0.00
7099,18090,100.00
7100,19060,100.00
7101,21914,100.00
7102,22776,100.00
7103,23615,0.00
7104,40603,100.00
7105,46409,100.00
7106,33975,100.00
7107,22510,100.00
7108,21785,0.00
7109,48661,0.00
7110,189960,0.00
7111,47810,0.00
7112,49880,0.00
7113,47459,0.00
7114,135731,0.00
7115,198941,0.00
7116,43350,0.00
7117,41015,0.00
7118,175588,0.00
7119,43899,0.00
7120,42816,0.00
7121,42892,0.00
7122,149604,0.00
7123,49333,100.00
7124,35213,100.00
7125,27670,0.00
7126,26226,100.00
7127,23012,100.00
7128,45238,100.00
7129,35781,100.00
7130,42714,0.00
7131,23920,100.00
7132,22691,100.00
7133,19762,100.00
7134,19110,100.00
7135,18285,0.00
7136,21147,100.00
7137,32737,100.00
7138,130400,0.00
7139,189205,0.00
7140,144132,0.00
7141,48754,0.00
7142,131146,0.00
7143,158380,0.00
7144,183571,0.00
7145,50523,0.00
7146,208908,0.00
7147,48027,0.00
7148,44086,0.00
7149,69808,66.67
7150,20850,0.00
7151,54906,0.00
7152,44901,0.00
7153,26834,100.00
7154,25453,100.00
7155,26662,100.00
7156,23235,100.00
7157,23045,0.00
7158,27424,100.00
7159,23690,100.00
7160,30203,100.00
7161,41684,100.00
7162,43191,0.00
7163,25187,100.00
7164,43912,50.00
7165,123871,0.00
7166,46382,0.00
7167,138584,0.00
7168,184491,0.00
7169,132983,0.00
7170,172676,0.00
7171,144420,0.00
7172,52328,0.00
7173,117376,0.00
7174,189050,0.00
7175,43109,0.00
7176,54811,0.00
7177,44357,100.00
7178,29403,100.00
7179,26033,0.00
7180,21874,100.00
7181,24691,100.00
7182,25299,100.00
7183,45474,100.00
7184,46681,0.00
7185,41191,100.00
7186,29168,100.00
7187,24117,100.00
7188,20000,100.00
7189,21784,0.00
7190,24059,100.00
7191,38248,100.00
7192,23359,100.00
7193,187876,0.00
7194,46368,0.00
7195,42297,0.00
7196,39892,0.00
7197,46029,0.00
7198,38858,0.00
7199,39455,0.00
7200,35914,0.00
7201,40281,0.00
7202,40473,0.00
7203,45737,0.00
7204,56223,0.00
7205,130627,0.00
7206,59578,0.00
7207,54163,100.00
7208,55557,0.00
7209,25404,100.00
7210,28665,100.00
7211,24708,100.00
7212,22459,100.00
7213,19449,0.00
7214,19703,100.00
7215,23483,100.00
7216,25406,100.00
7217,39719,100.00
7218,46317,0.00
7219,52806,100.00
7220,42231,100.00
7221,24235,100.00
7222,20105,100.00
7223,20610,0.00
7224,42832,50.00
7225,139917,0.00
7226,48968,0.00
7227,180916,0.00
7228,199495,0.00
7229,185693,0.00
7230,44159,0.00
7231,136230,0.00
7232,180568,0.00
7233,47200,0.00
7234,47772,0.00
7235,143928,0.00
7236,112811,0.00
7237,185891,0.00
7238,58744,0.00
7239,48407,100.00
7240,30054,0.00
7241,47650,100.00
7242,38837,100.00
7243,47745,100.00
7244,29690,100.00
7245,24916,0.00
7246,24993,100.00
7247,19586,100.00
7248,19690,100.00
7249,18246,100.00
7250,23723,0.00
7251,24246,100.00
7252,37632,100.00
7253,45154,100.00
7254,43534,100.00
7255,22860,0.00
7256,111964,0.00
7257,48348,0.00
7258,170621,0.00
7259,45873,0.00
7260,42468,0.00
7261,46820,0.00
7262,46610,0.00
7263,49732,0.00
7264,48117,0.00
7265,48813,0.00
7266,52201,0.00
7267,181880,0.00
7268,48629,0.00
7269,67407,66.67
7270,20206,0.00
7271,22058,0.00
7272,23283,100.00
7273,27118,100.00
7274,29416,0.00
7275,24480,100.00
7276,44970,100.00
7277,46667,100.00
7278,48252,100.00
7279,25424,0.00
7280,21317,100.00
7281,142003,50.00
7282,131053,0.00
7283,186138,0.00
7284,182380,0.00
7285,188586,0.00
7286,125387,0.00
7287,129594,0.00
7288,158042,0.00
7289,128241,0.00
7290,44640,0.00
7291,44400,100.00
7292,27250,100.00
7293,21501,0.00
7294,25145,100.00
7295,26279,100.00
7296,38869,100.00
7297,46964,100.00
7298,42188,0.00
7299,28763,100.00
7300,24067,100.00
7301,27568,100.00
7302,21200,100.00
7303,24226,0.00
7304,43352,100.00
7305,26767,100.00
7306,34234,100.00
7307,31413,100.00
7308,39533,0.00
7309,135105,0.00
7310,46626,0.00
7311,43217,0.00
7312,133046,0.00
7313,53539,0.00
7314,50987,0.00
7315,36729,0.00
7316,41159,0.00
7317,40261,0.00
7318,41534,0.00
7319,41916,0.00
7320,41955,0.00
7321,189904,0.00
7322,150092,0.00
7323,47698,100.00
7324,44666,100.00
7325,31444,0.00
7326,25887,100.00
7327,20624,100.00
7328,20006,100.00
7329,21314,100.00
7330,24533,0.00
7331,23530,100.00
7332,48933,100.00
7333,44021,100.00
7334,29314,100.00
7335,22999,0.00
7336,22617,100.00
7337,21604,100.00
7338,22643,100.00
7339,29915,100.00
7340,25739,0.00
7341,42606,0.00
7342,44304,0.00
7343,44511,0.00
7344,53353,0.00
7345,50272,0.00
7346,159171,0.00
7347,201223,0.00
7348,132562,0.00
7349,205525,0.00
7350,174137,0.00
7351,228086,0.00
7352,54859,0.00
7353,46536,0.00
7354,201477,0.00
7355,42236,0.00
7356,53850,100.00
7357,45943,100.00
7358,41726,100.00
7359,28156,100.00
7360,30051,0.00
7361,22732,100.00
7362,20273,100.00
7363,18546,100.00
7364,22580,100.00
7365,24048,0.00
7366,23571,100.00
7367,49166,100.00
7368,45053,100.00
7369,39435,100.00
7370,22740,0.00
7371,23140,100.00
7372,57374,50.00
7373,40664,0.00
7374,54294,0.00
7375,44411,0.00
7376,39863,0.00
7377,39620,0.00
7378,126008,0.00
7379,45191,0.00
7380,200890,0.00
7381,47688,0.00
7382,48095,0.00
7383,204975,0.00
7384,153624,0.00
7385,70051,50.00
7386,19422,0.00
7387,23923,0.00
7388,26190,100.00
7389,25498,100.00
7390,41095,100.00
7391,45083,0.00
7392,47419,100.00
7393,26185,100.00
7394,20675,100.00
7395,20490,100.00
7396,19940,0.00
7397,20288,100.00
7398,19200,100.00
7399,24158,100.00
7400,38645,100.00
7401,40986,0.00
7402,41498,100.00
7403,38893,100.00
7404,124310,0.00
7405,45843,0.00
7406,129836,0.00
7407,49134,0.00
7408,195270,0.00
7409,127884,0.00
7410,120606,0.00
7411,121173,0.00
7412,120323,0.00
7413,45476,0.00
7414,157446,0.00
7415,180362,0.00
7416,50821,0.00
7417,61047,0.00
7418,44820,100.00
7419,30853,100.00
7420,25429,0.00
7421,24221,100.00
7422,25037,100.00
7423,71628,0.00
7424,31663,100.00
7425,24240,100.00
7426,47152,0.00
7427,62303,100.00
7428,50825,0.00
7429,53636,100.00
7430,25389,100.00
7431,45000,100.00
7432,38904,0.00
7433,43849,0.00
7434,38421,0.00
7435,47271,0.00
7436,45466,0.00
7437,251058,0.00
7438,47513,0.00
7439,47279,0.00
7440,135007,0.00
7441,44386,0.00
7442,46444,0.00
7443,38277,100.00
7444,22598,0.00
7445,21752,100.00
7446,26385,100.00
7447,25777,100.00
7448,24315,100.00
7449,41923,0.00
7450,41197,100.00
7451,24421,100.00
7452,28497,100.00
7453,25204,100.00
7454,21348,0.00
7455,22426,100.00
7456,28703,100.00
7457,24155,100.00
7458,35000,50.00
7459,37371,0.00
7460,37360,0.00
7461,35078,0.00
7462,39297,0.00
7463,43272,0.00
7464,49626,0.00
7465,44873,0.00
7466,46653,0.00
7467,45231,0.00
7468,43457,0.00
7469,46398,0.00
7470,59807,0.00
7471,56196,0.00
7472,52125,0.00
7473,47928,100.00
7474,29144,100.00
7475,32793,100.00
7476,29014,100.00
7477,23367,0.00
7478,19945,100.00
7479,20154,100.00
7480,23467,100.00
7481,26452,100.00
7482,34037,0.00
7483,43533,100.00
7484,43436,100.00
7485,25391,100.00
7486,32435,100.00
7487,22752,0.00
7488,18297,100.00
7489,125352,0.00
7490,48710,0.00
7491,172548,0.00
7492,261818,0.00
7493,185739,0.00
7494,140434,0.00
7495,48498,0.00
7496,146278,0.00
7497,48130,0.00
7498,147065,0.00
7499,43012,0.00
7500,41076,0.00
7501,43710,0.00
7502,57088,0.00
7503,42162,100.00
7504,33504,100.00
7505,43967,100.00
7506,39183,0.00
7507,42020,100.00
7508,26288,100.00
7509,24407,100.00
7510,22389,100.00
7511,19684,0.00
7512,18799,100.00
7513,20920,100.00
7514,23788,100.00
7515,22989,100.00
7516,44858,0.00
7517,38851,100.00
7518,30751,100.00
7519,31950,50.00
7520,32321,0.00
7521,30302,0.00
7522,32085,0.00
7523,33958,0.00
7524,36713,0.00
7525,40862,0.00
7526,42774,0.00
7527,40937,0.00
7528,39995,0.00
7529,44898,0.00
7530,37894,0.00
7531,51175,0.00
7532,132118,0.00
7533,49680,0.00
7534,38630,100.00
7535,26916,100.00
7536,27962,100.00
7537,27565,0.00
7538,24014,100.00
7539,48311,100.00
7540,45173,100.00
7541,34006,100.00
7542,24288,0.00
7543,30390,100.00
7544,47332,50.00
7545,36391,0.00
7546,115051,0.00
7547,108782,0.00
7548,41599,0.00
7549,46014,0.00
7550,45649,0.00
7551,54788,0.00
7552,50528,0.00
7553,40456,0.00
7554,28615,100.00
7555,25088,100.00
7556,28297,100.00
7557,27323,100.00
7558,42715,0.00
7559,45105,100.00
7560,41327,100.00
7561,28895,100.00
7562,24196,100.00
7563,20015,0.00
7564,26962,100.00
7565,25099,100.00
7566,23914,100.00
7567,25481,100.00
7568,37330,0.00
7569,31229,100.00
7570,43743,0.00
7571,172862,0.00
7572,40475,0.00
7573,38876,0.00
7574,36750,0.00
7575,38275,0.00
7576,52562,0.00
7577,42245,0.00
7578,37537,0.00
7579,37210,0.00
7580,35951,0.00
7581,40760,0.00
7582,45718,0.00
7583,53266,0.00
7584,42144,100.00
7585,37021,100.00
7586,33401,100.00
7587,47782,0.00
7588,28111,100.00
7589,21867,100.00
7590,23604,100.00
7591,24757,100.00
7592,33731,0.00
7593,36179,100.00
7594,33248,100.00
7595,23621,100.00
7596,24001,100.00
7597,27049,0.00
7598,24134,100.00
7599,25072,100.00
7600,34203,100.00
7601,31114,0.00
7602,46103,0.00
7603,37871,0.00
7604,36502,0.00
7605,59322,0.00
7606,38296,0.00
7607,38599,0.00
7608,49905,0.00
7609,204184,0.00
7610,50632,0.00
7611,193483,0.00
7612,189994,0.00
7613,41587,0.00
7614,52551,0.00
7615,42429,100.00
7616,55560,0.00
7617,46007,100.00
7618,32370,100.00
7619,24258,100.00
7620,28073,100.00
7621,21288,0.00
7622,19964,100.00
7623,19127,100.00
7624,22360,100.00
7625,23983,100.00
7626,26021,0.00
7627,50907,100.00
7628,49119,100.00
7629,33989,100.00
7630,25475,100.00
7631,21947,0.00
7632,33975,100.00
7633,40978,0.00
7634,192348,0.00
7635,192861,0.00
7636,45546,0.00
7637,45717,0.00
7638,43740,0.00
7639,44332,0.00
7640,48068,0.00
7641,46519,0.00
7642,38914,0.00
7643,48492,0.00
7644,45252,0.00
7645,42071,0.00
7646,53776,0.00
7647,42770,100.00
7648,32386,100.00
7649,34268,100.00
7650,52365,0.00
7651,51305,100.00
7652,39043,100.00
7653,22918,100.00
7654,24112,100.00
7655,22511,0.00
7656,19830,100.00
7657,19323,100.00
7658,22131,100.00
7659,31053,100.00
7660,37572,0.00
7661,43714,100.00
7662,37507,100.00
7663,36143,0.00
7664,42442,0.00
7665,146041,0.00
7666,178190,0.00
7667,124056,0.00
7668,124291,0.00
7669,141165,0.00
7670,132280,0.00
7671,160363,0.00
7672,199972,0.00
7673,43892,0.00
7674,42840,0.00
7675,65185,100.00
7676,19076,0.00
7677,23997,0.00
7678,28087,0.00
7679,26238,100.00
7680,24911,100.00
7681,27036,100.00
7682,24367,100.00
7683,39986,0.00
7684,37308,100.00
7685,47250,100.00
7686,24114,100.00
7687,34875,50.00
7688,39337,0.00
7689,38688,0.00
7690,38743,0.00
7691,37602,0.00
7692,35926,0.00
7693,38552,0.00
7694,39712,0.00
7695,46692,0.00
7696,67291,50.00
7697,19355,0.00
7698,20261,0.00
7699,21975,100.00
7700,19624,100.00
7701,22184,100.00
7702,24578,0.00
7703,32539,100.00
7704,63860,100.00
7705,60473,100.00
7706,29075,100.00
7707,32124,0.00
7708,24872,100.00
7709,21715,100.00
7710,24785,100.00
7711,24822,100.00
7712,23685,0.00
7713,145435,100.00
7714,47286,0.00
7715,42696,0.00
7716,212939,0.00
7717,202749,0.00
7718,239920,0.00
7719,202875,0.00
7720,149144,0.00
7721,50140,0.00
7722,49239,0.00
7723,46823,0.00
7724,147826,0.00
7725,194659,0.00
7726,65416,100.00
7727,50283,0.00
7728,54661,100.00
7729,24174,100.00
7730,26329,0.00
7731,22666,100.00
7732,21124,100.00
7733,25887,100.00
7734,18951,100.00
7735,21849,0.00
7736,24668,100.00
7737,33607,100.00
7738,39801,100.00
7739,40165,100.00
7740,31404,0.00
7741,32159,100.00
7742,21910,100.00
7743,16994,100.00
7744,36322,0.00
7745,199081,0.00
7746,186789,0.00
7747,180899,0.00
7748,44585,0.00
7749,44350,0.00
7750,49106,0.00
7751,49643,0.00
7752,184979,0.00
7753,183300,0.00
7754,155538,0.00
7755,155834,0.00
7756,206281,0.00
7757,70861,50.00
7758,39178,0.00
7759,26762,0.00
7760,24591,100.00
7761,53325,100.00
7762,45583,100.00
7763,46270,100.00
7764,22760,0.00
7765,23432,100.00
7766,19415,100.00
7767,18998,100.00
7768,18297,100.00
7769,21690,0.00
7770,25194,100.00
7771,24007,100.00
7772,56586,100.00
7773,50294,100.00
7774,24702,0.00
7775,20826,100.00
7776,116671,0.00
7777,109256,0.00
7778,45914,0.00
7779,46769,0.00
7780,132186,0.00
7781,184660,0.00
7782,52218,0.00
7783,47886,0.00
7784,47155,0.00
7785,271095,0.00
7786,202472,0.00
7787,145811,0.00
7788,50722,0.00
7789,269618,0.00
7790,61311,0.00
7791,76720,100.00
7792,18569,0.00
7793,16343,0.00
7794,15762,0.00
7795,71980,0.00
7796,20392,0.00
7797,30323,100.00
7798,75592,0.00
7799,26358,0.00
7800,69712,100.00
7801,70359,0.00
7802,75184,0.00
7803,20244,0.00
7804,18349,0.00
7805,26206,100.00
7806,49117,100.00
7807,49641,0.00
7808,71241,0.00
7809,18571,0.00
7810,16597,0.00
7811,60212,100.00
7812,31845,100.00
7813,22268,0.00
7814,74143,0.00
7815,30310,100.00
7816,239378,50.00
7817,162378,0.00
7818,227775,0.00
7819,153986,0.00
7820,191562,0.00
7821,188245,0.00
7822,237894,0.00
7823,233718,0.00
7824,218268,0.00
7825,212334,0.00
7826,48924,0.00
7827,215979,0.00
7828,320779,0.00
7829,231584,0.00
7830,100012,0.00
7831,60432,0.00
7832,163847,0.00
7833,159473,0.00
7834,60150,0.00
7835,218517,0.00
7836,62458,0.00
7837,47009,0.00
7838,23788,100.00
7839,23972,100.00
7840,24601,100.00
7841,24438,100.00
7842,52659,0.00
7843,45536,100.00
7844,34158,100.00
7845,24343,100.00
7846,25199,100.00
7847,21761,0.00
7848,27033,100.00
7849,28193,100.00
7850,24416,100.00
7851,26477,100.00
7852,49266,0.00
7853,48458,100.00
7854,34863,100.00
7855,159535,0.00
7856,53881,0.00
7857,44750,0.00
7858,164817,0.00
7859,43347,0.00
7860,49627,0.00
7861,234596,0.00
7862,212183,0.00
7863,226109,0.00
7864,182543,0.00
7865,240095,0.00
7866,183358,0.00
7867,236488,0.00
7868,226954,0.00
7869,71707,66.67
7870,20638,0.00
7871,23140,0.00
7872,25625,0.00
7873,21001,100.00
7874,19336,100.00
7875,30024,100.00
7876,27479,100.00
7877,23928,0.00
7878,73163,100.00
7879,57099,100.00
7880,28095,100.00
7881,26634,100.00
7882,22736,0.00
7883,36583,100.00
7884,25298,100.00
7885,26311,100.00
7886,21229,100.00
7887,48112,0.00
7888,44425,0.00
7889,41884,0.00
7890,41441,0.00
7891,47209,0.00
7892,47476,0.00
7893,43682,0.00
7894,144836,0.00
7895,46717,0.00
7896,113889,0.00
7897,46677,0.00
7898,45205,0.00
7899,44572,0.00
7900,56739,0.00
7901,50566,0.00
7902,46929,100.00
7903,51990,100.00
7904,28550,100.00
7905,29748,100.00
7906,22525,0.00
7907,20476,100.00
7908,18719,100.00
7909,22625,100.00
7910,26112,100.00
7911,23883,0.00
7912,45359,100.00
7913,42622,100.00
7914,31763,100.00
7915,39434,100.00
7916,23717,0.00
7917,20988,100.00
7918,33897,100.00
7919,43971,0.00
7920,205683,0.00
7921,153650,0.00
7922,151251,0.00
7923,168028,0.00
7924,163308,0.00
7925,369706,0.00
7926,208320,0.00
7927,363997,0.00
7928,176324,0.00
7929,71614,0.00
7930,215988,0.00
7931,235145,0.00
7932,72010,0.00
7933,56568,100.00
7934,31319,100.00
7935,25782,0.00
7936,56164,100.00
7937,58110,100.00
7938,24995,100.00
7939,19677,100.00
7940,22022,0.00
7941,19281,100.00
7942,20401,100.00
7943,18835,100.00
7944,22874,100.00
7945,24700,0.00
7946,29645,100.00
7947,72438,100.00
7948,49177,100.00
7949,213172,0.00
7950,125100,0.00
7951,192242,0.00
7952,45918,0.00
7953,45942,0.00
7954,47901,0.00
7955,155199,0.00
7956,132436,0.00
7957,49726,0.00
7958,200281,0.00
7959,47906,0.00
7960,153656,0.00
7961,179528,0.00
7962,60893,0.00
7963,47562,100.00
7964,29776,100.00
7965,24323,100.00
7966,24949,0.00
7967,27433,100.00
7968,23932,100.00
7969,23166,100.00
7970,53167,100.00
7971,54364,0.00
7972,27322,100.00
7973,22256,100.00
7974,152590,50.00
7975,137054,0.00
7976,192506,0.00
7977,168905,0.00
7978,157350,0.00
7979,262338,0.00
7980,152394,0.00
7981,321298,0.00
7982,130701,0.00
7983,64107,100.00
7984,32151,0.00
7985,29943,0.00
7986,22100,100.00
7987,22345,100.00
7988,23696,100.00
7989,26990,100.00
7990,53897,0.00
7991,50440,100.00
7992,31932,100.00
7993,25952,100.00
7994,29584,100.00
7995,21160,0.00
7996,25076,100.00
7997,24315,100.00
7998,23982,100.00
7999,22586,100.00
8000,232773,0.00
8001,234151,0.00
8002,60137,0.00
8003,162501,0.00
8004,198441,0.00
8005,144329,0.00
8006,47891,0.00
8007,243268,0.00
8008,48671,0.00
8009,221972,0.00
8010,49850,0.00
8011,49581,0.00
8012,210315,0.00
8013,58733,0.00
8014,57415,100.00
8015,29784,100.00
8016,24723,0.00
8017,25727,100.00
8018,22246,100.00
8019,22349,100.00
8020,19091,100.00
8021,24034,0.00
8022,24664,100.00
8023,36300,100.00
8024,51806,100.00
8025,46114,100.00
8026,30185,0.00
8027,24619,100.00
8028,32306,100.00
8029,20718,100.00
8030,129140,0.00
8031,59910,0.00
8032,45154,0.00
8033,189968,0.00
8034,146273,0.00
8035,163191,0.00
8036,136560,0.00
8037,192019,0.00
8038,144632,0.00
8039,48868,0.00
8040,50431,0.00
8041,136846,0.00
8042,188647,0.00
8043,61966,0.00
8044,43582,100.00
8045,35468,0.00
8046,46898,100.00
8047,51251,100.00
8048,48126,100.00
8049,26231,100.00
8050,24402,0.00
8051,41276,100.00
8052,27826,100.00
8053,25262,100.00
8054,20695,0.00
8055,22942,100.00
8056,34484,100.00
8057,29822,100.00
8058,58107,100.00
8059,54268,0.00
8060,25402,100.00
8061,28529,100.00
8062,275187,0.00
8063,196746,0.00
8064,640640,0.00
8065,65080,0.00
8066,240454,0.00
8067,284053,0.00
8068,438537,0.00
8069,335873,0.00
8070,302585,0.00
8071,413928,0.00
8072,208003,0.00
8073,301622,0.00
8074,183258,0.00
8075,171952,0.00
8076,72411,66.67
8077,17308,0.00
8078,19920,0.00
8079,34982,100.00
8080,29024,100.00
8081,50734,0.00
8082,47786,100.00
8083,51757,100.00
8084,67037,100.00
8085,16898,0.00
8086,73410,0.00
8087,57380,100.00
8088,17495,0.00
8089,23955,0.00
8090,53864,100.00
8091,17660,0.00
8092,22682,0.00
8093,36295,0.00
8094,16552,0.00
8095,15699,0.00
8096,19303,0.00
8097,27658,100.00
8098,20842,100.00
8099,247910,100.00
8100,107995,100.00
8101,68663,0.00
8102,63355,0.00
8103,588795,0.00
8104,276144,0.00
8105,280647,0.00
8106,93496,0.00
8107,1049743,0.00
8108,97587,0.00
8109,103972,0.00
8110,66059,0.00
8111,89650,0.00
8112,311962,0.00
8113,95750,0.00
8114,58227,0.00
8115,98050,0.00
8116,96973,0.00
8117,183954,0.00
8118,378285,0.00
8119,63799,0.00
8120,176657,0.00
8121,59086,0.00
8122,53747,0.00
8123,64776,0.00
8124,71426,0.00
8125,79716,0.00
8126,72183,100.00
8127,92848,0.00
8128,80315,100.00
8129,78810,0.00
8130,75078,100.00
8131,77815,0.00
8132,151984,100.00
8133,166197,0.00
8134,292570,0.00
8135,76907,100.00
8136,75571,0.00
8137,66306,100.00
8138,476100,0.00
8139,298281,0.00
8140,74936,100.00
8141,218195,0.00
8142,59953,100.00
8143,74754,100.00
8144,61970,0.00
8145,57842,100.00
8146,99859,0.00
8147,64424,100.00
8148,69631,100.00
8149,74411,0.00
8150,40112,100.00
8151,56087,0.00
8152,226093,0.00
8153,59726,0.00
8154,14125,0.00
8155,516646,0.00
8156,58274,100.00
8157,15907,0.00
8158,87778,0.00
8159,158773,0.00
8160,281421,0.00
8161,152381,0.00
8162,153212,0.00
8163,156678,0.00
8164,219915,0.00
8165,149765,0.00
8166,142805,0.00
8167,159842,0.00
8168,68851,0.00
8169,79615,0.00
8170,52423,0.00
8171,79129,100.00
8172,64019,0.00
8173,1522188,100.00
8174,70575,0.00
8175,15759,0.00
8176,35197,0.00
8177,68986,0.00
8178,1069784,100.00
8179,66179,0.00
8180,20386,0.00
8181,54119,0.00
8182,67429,100.00
8183,783513,0.00
8184,52114,0.00
8185,50991,100.00
8186,11790857,100.00
8187,28010,0.00
8188,18599,0.00
8189,17496,0.00
8190,78305,0.00
8191,20381,0.00
8192,18050,0.00
8193,22338,0.00
8194,84447,0.00
8195,70159,0.00
8196,6872035,0.00
8197,58061,100.00
8198,19941,0.00
8199,72397,0.00
8200,75887,0.00
8201,83127,0.00
8202,73944,100.00
8203,26026,0.00
8204,72535,0.00
8205,17436,0.00
8206,17167,0.00
8207,69507,100.00
8208,73036,0.00
8209,73765,0.00
8210,2689196,0.00
8211,48789,0.00
8212,67034,100.00
8213,73679,0.00
8214,73383,0.00
8215,74135,100.00
8216,62524,0.00
8217,73314,100.00
8218,25452,0.00
8219,69188,100.00
8220,71807,0.00
8221,70607,0.00
8222,60446,0.00
8223,57113,0.00
8224,70696,50.00
8225,61007,0.00
8226,136527,0.00
8227,154838,0.00
8228,64490,0.00
8229,47311,0.00
8230,92489,0.00
8231,96567,0.00
8232,96364,0.00
8233,92623,0.00
8234,90990,0.00
8235,266565,0.00
8236,72415,0.00
8237,102970,0.00
8238,221384,0.00
8239,70672,0.00
8240,130404,0.00
8241,90217,100.00
8242,61147,0.00
8243,125160,0.00
8244,93042,0.00
8245,86698,0.00
8246,134225,0.00
8247,384842,0.00
8248,84979,0.00
8249,72678,0.00
8250,126645,0.00
8251,120713,0.00
8252,125779,0.00
8253,127287,0.00
8254,174077,0.00
8255,162656,0.00
8256,142936,0.00
8257,147464,0.00
8258,72126,0.00
8259,185314,0.00
8260,207528,0.00
8261,76539,0.00
8262,76898,50.00
8263,177121,0.00
8264,150406,0.00
8265,72954,0.00
8266,80726,0.00
8267,108013,100.00
8268,63416,0.00
8269,129586,0.00
8270,71762,100.00
8271,75145,0.00
8272,62182,100.00
8273,730288,100.00
8274,68434,100.00
8275,18521,0.00
8276,15092,0.00
8277,86115,0.00
8278,67564,0.00
8279,80247,0.00
8280,165863,100.00
8281,293807,0.00
8282,149220,0.00
8283,217237,100.00
8284,76699,0.00
8285,632439,100.00
8286,77416,0.00
8287,71623,100.00
8288,234361,0.00
8289,74395,100.00
8290,98212,0.00
8291,72704,100.00
8292,75483,100.00
8293,135761,100.00
8294,240432,0.00
8295,74978,0.00
8296,58236,50.00
8297,60876,0.00
8298,1214338,0.00
8299,110749,0.00
8300,109504,0.00
8301,114380,0.00
8302,104435,0.00
8303,202437,0.00
8304,71989,0.00
8305,112403,0.00
8306,114012,0.00
8307,128833,0.00
8308,270616,0.00
8309,138443,0.00
8310,131183,0.00
8311,282359,0.00
8312,141907,0.00
8313,123756,0.00
8314,72450,0.00
8315,65590,0.00
8316,1665692,0.00
8317,72769,0.00
8318,90343,0.00
8319,215259,100.00
8320,27589,0.00
8321,89581,0.00
8322,76884,0.00
8323,61071,0.00
8324,71843,100.00
8325,85381,0.00
8326,77867,0.00
8327,80885,0.00
8328,70505,100.00
8329,756533,0.00
8330,71486,0.00
8331,642221,0.00
8332,71583,0.00
8333,99087,0.00
8334,73581,100.00
8335,78706,0.00
8336,1406689,100.00
8337,71361,0.00
8338,175843,0.00
8339,53304,100.00
8340,64194,0.00
8341,92828,100.00
8342,61096,100.00
8343,67619,100.00
8344,70925,0.00
8345,68926,0.00
8346,70611,0.00
8347,73044,100.00
8348,38952,0.00
8349,58826,100.00
8350,78693,100.00
8351,70131,0.00
8352,73618,100.00
8353,76191,100.00
8354,93421,0.00
8355,57298,0.00
8356,86264,0.00
8357,60529,0.00
8358,191658,0.00
8359,224722,0.00
8360,231107,0.00
8361,383880,0.00
8362,63366,0.00
8363,220185,0.00
8364,60706,0.00
8365,2773923,0.00
8366,489864,0.00
8367,66143,0.00
8368,14037,0.00
8369,11481,0.00
8370,79893,0.00
8371,72246,0.00
8372,59792,0.00
8373,102291,0.00
8374,102493,0.00
8375,118227,0.00
8376,67072,0.00
8377,174033,0.00
8378,380517,0.00
8379,183400,50.00
8380,196044,0.00
8381,248957,50.00
8382,302571,0.00
8383,65694,0.00
8384,88624,100.00
8385,45955,0.00
8386,30172,0.00
8387,27830,100.00
8388,41047,100.00
8389,30747,100.00
8390,54906,100.00
8391,53286,0.00
8392,45387,100.00
8393,58043,100.00
8394,39705,100.00
8395,62676,0.00
8396,142228,0.00
8397,144290,0.00
8398,223656,0.00
8399,171864,0.00
8400,79714,0.00
8401,109028,0.00
8402,1752496,0.00
8403,144496,0.00
8404,95752,50.00
8405,72283,100.00
8406,17227,0.00
8407,19123,0.00
8408,21928,100.00
8409,27069,100.00
8410,29355,100.00
8411,46633,0.00
8412,60374,100.00
8413,56978,100.00
8414,35672,100.00
8415,30593,100.00
8416,22649,0.00
8417,23751,100.00
8418,28787,100.00
8419,35802,100.00
8420,27839,0.00
8421,53698,100.00
8422,74604,100.00
8423,129101,0.00
8424,89704,0.00
8425,471340,66.67
8426,15754,0.00
8427,302964,0.00
8428,168833,0.00
8429,58084,0.00
8430,127684,0.00
8431,277885,0.00
8432,153291,0.00
8433,15013,0.00
8434,38607,0.00
8435,66698,0.00
8436,126032,0.00
8437,71417,100.00
8438,50028,0.00
8439,77065,0.00
8440,63247,0.00
8441,71578,100.00
8442,66565,0.00
8443,74983,0.00
8444,38572,100.00
8445,45393,0.00
8446,40092,100.00
8447,22180,0.00
8448,53032,0.00
8449,19773,0.00
8450,54183,100.00
8451,77539,0.00
8452,33800,100.00
8453,54752,0.00
8454,56642,0.00
8455,60993,100.00
8456,77251,0.00
8457,24900,0.00
8458,58287,100.00
8459,33325,100.00
8460,71418,0.00
8461,55334,0.00
8462,45247,100.00
8463,32950,100.00
8464,26754,0.00
8465,1386174,50.00
8466,54588,0.00
8467,59391,0.00
8468,262374,0.00
8469,136138,0.00
8470,630466,0.00
8471,56705,0.00
8472,1123213,0.00
8473,83138,0.00
8474,215367,0.00
8475,178512,0.00
8476,273174,0.00
8477,184561,0.00
8478,66507,0.00
8479,65705,0.00
8480,525736,50.00
8481,795949,0.00
8482,122959,0.00
8483,123664,0.00
8484,56300,0.00
8485,178420,0.00
8486,187867,0.00
8487,354343,0.00
8488,57745,0.00
8489,164814,0.00
8490,51800,100.00
8491,59247,100.00
8492,61304,100.00
8493,58021,100.00
8494,23375,0.00
8495,23391,100.00
8496,24057,100.00
8497,22016,100.00
8498,19520,100.00
8499,24201,0.00
8500,25616,100.00
8501,54209,100.00
8502,55809,100.00
8503,47696,100.00
8504,49325,0.00
8505,48864,50.00
8506,246850,100.00
8507,256078,0.00
8508,458751,0.00
8509,72274,0.00
8510,397656,0.00
8511,593150,0.00
8512,1066002,0.00
8513,56363,50.00
8514,231934,0.00
8515,218219,0.00
8516,143214,0.00
8517,181859,0.00
8518,105600,0.00
8519,64576,0.00
8520,37569,100.00
8521,31201,100.00
8522,48739,0.00
8523,30495,100.00
8524,44658,100.00
8525,50059,100.00
8526,50137,100.00
8527,29852,0.00
8528,23278,100.00
8529,25291,100.00
8530,21546,100.00
8531,22354,100.00
8532,21285,0.00
8533,27554,100.00
8534,298908,100.00
8535,169375,0.00
8536,140239,0.00
8537,202958,0.00
8538,60499,0.00
8539,177664,0.00
8540,136625,0.00
8541,251812,0.00
8542,192497,0.00
8543,148716,0.00
8544,89435,0.00
8545,67550,0.00
8546,49893,0.00
8547,54132,100.00
8548,58435,0.00
8549,65370,100.00
8550,40024,0.00
8551,72334,100.00
8552,17902,0.00
8553,16196,0.00
8554,20186,0.00
8555,56373,100.00
8556,264277,100.00
8557,46694,0.00
8558,39389,100.00
8559,33961,100.00
8560,39303,100.00
8561,61246,0.00
8562,57184,100.00
8563,43618,100.00
8564,41121,100.00
8565,63861,0.00
8566,145172,0.00
8567,233071,0.00
8568,245411,0.00
8569,146171,0.00
8570,49003,0.00
8571,168064,0.00
8572,50985,0.00
8573,222002,0.00
8574,213496,0.00
8575,155682,0.00
8576,57066,0.00
8577,52668,0.00
8578,225168,0.00
8579,59765,50.00
8580,29687,0.00
8581,29469,0.00
8582,23387,100.00
8583,20441,100.00
8584,22736,100.00
8585,25319,100.00
8586,28003,0.00
8587,53907,100.00
8588,48244,100.00
8589,29008,100.00
8590,24041,100.00
8591,21521,0.00
8592,21267,100.00
8593,29754,100.00
8594,35555,100.00
8595,26301,100.00
8596,181356,0.00
8597,160651,0.00
8598,175687,0.00
8599,56805,0.00
8600,217713,0.00
8601,203263,0.00
8602,172208,0.00
8603,218917,0.00
8604,218191,0.00
8605,213350,0.00
8606,239284,0.00
8607,232543,0.00
8608,338448,0.00
8609,68709,50.00
8610,55846,0.00
8611,56044,100.00
8612,33197,100.00
8613,24869,100.00
8614,24204,0.00
8615,21297,100.00
8616,20930,100.00
8617,18378,100.00
8618,22871,100.00
8619,24161,0.00
8620,28988,100.00
8621,58914,100.00
8622,53281,100.00
8623,36086,100.00
8624,27183,0.00
8625,23248,100.00
8626,20839,100.00
8627,247341,100.00
8628,226072,0.00
8629,188359,0.00
8630,198717,0.00
8631,195245,0.00
8632,74133,0.00
8633,58368,0.00
8634,119272,0.00
8635,59362,0.00
8636,246605,0.00
8637,245174,0.00
8638,171008,0.00
8639,167751,0.00
8640,169566,0.00
8641,74282,0.00
8642,57725,100.00
8643,29026,0.00
8644,38474,100.00
8645,47449,100.00
8646,47637,100.00
8647,28172,100.00
8648,24415,0.00
8649,23281,100.00
8650,19857,100.00
8651,19912,100.00
8652,18769,100.00
8653,23232,0.00
8654,29925,100.00
8655,38616,100.00
8656,45334,100.00
8657,45522,100.00
8658,24015,0.00
8659,142927,0.00
8660,141872,0.00
8661,149849,0.00
8662,194503,0.00
8663,227769,0.00
8664,195816,0.00
8665,50272,0.00
8666,169220,0.00
8667,214208,0.00
8668,204212,0.00
8669,161420,0.00
8670,156541,0.00
8671,193571,0.00
8672,73244,66.67
8673,20813,0.00
8674,20239,0.00
8675,20726,100.00
8676,23853,100.00
8677,27563,0.00
8678,23675,100.00
8679,46338,100.00
8680,44274,100.00
8681,49993,100.00
8682,24249,0.00
8683,19670,100.00
8684,45989,100.00
8685,47195,0.00
8686,173109,0.00
8687,49957,0.00
8688,232953,0.00
8689,296506,0.00
8690,146697,0.00
8691,50224,0.00
8692,250752,0.00
8693,57409,0.00
8694,41986,100.00
8695,26022,100.00
8696,22686,0.00
8697,26367,100.00
8698,25091,100.00
8699,40043,100.00
8700,50302,100.00
8701,53282,0.00
8702,31498,100.00
8703,23997,100.00
8704,41812,100.00
8705,21103,100.00
8706,27532,0.00
8707,24513,100.00
8708,24502,100.00
8709,45337,100.00
8710,43621,100.00
8711,46014,0.00
8712,49495,0.00
8713,47663,0.00
8714,44979,0.00
8715,44665,0.00
8716,47656,0.00
8717,48890,0.00
8718,216347,0.00
8719,183333,0.00
8720,52262,0.00
8721,145201,0.00
8722,46949,0.00
8723,145871,0.00
8724,219999,0.00
8725,56668,0.00
8726,46100,100.00
8727,33015,100.00
8728,27818,100.00
8729,20565,100.00
8730,19661,0.00
8731,17825,100.00
8732,22636,100.00
8733,24533,100.00
8734,45059,100.00
8735,45378,0.00
8736,45212,100.00
8737,24941,100.00
8738,22263,100.00
8739,24700,100.00
8740,24833,0.00
8741,24335,100.00
8742,23237,100.00
8743,44757,0.00
8744,50971,0.00
8745,59100,0.00
8746,185630,0.00
8747,46591,0.00
8748,188206,0.00
8749,63577,0.00
8750,146389,0.00
8751,142550,0.00
8752,49611,0.00
8753,49489,0.00
8754,148932,0.00
8755,49923,0.00
8756,47175,0.00
8757,48910,0.00
8758,56703,100.00
8759,50981,100.00
8760,40593,100.00
8761,21669,100.00
8762,22445,0.00
8763,27181,100.00
8764,24728,100.00
8765,21344,100.00
8766,21637,100.00
8767,24886,0.00
8768,23756,100.00
8769,54613,100.00
8770,49371,100.00
8771,26220,100.00
8772,27211,0.00
8773,23186,100.00
8774,144055,0.00
8775,193102,0.00
8776,218938,0.00
8777,249424,0.00
8778,149906,0.00
8779,48141,0.00
8780,204702,0.00
8781,48324,0.00
8782,42493,0.00
8783,209484,0.00
8784,45949,0.00
8785,194545,0.00
8786,48400,0.00
8787,61402,50.00
8788,23964,0.00
8789,32050,100.00
8790,27758,100.00
8791,24177,0.00
8792,51401,100.00
8793,48795,100.00
8794,49303,100.00
8795,24353,100.00
8796,20751,0.00
8797,22081,100.00
8798,19000,100.00
8799,20063,100.00
8800,21836,100.00
8801,29681,0.00
8802,28485,100.00
8803,33347,100.00
8804,44060,100.00
8805,48498,100.00
8806,45110,0.00
8807,45920,0.00
8808,51290,0.00
8809,180102,0.00
8810,235403,0.00
8811,44439,0.00
8812,141415,0.00
8813,193769,0.00
8814,42420,0.00
8815,114130,0.00
8816,45375,0.00
8817,145994,0.00
8818,50630,0.00
8819,67731,50.00
8820,17888,0.00
8821,21879,0.00
8822,25165,100.00
8823,22564,100.00
8824,24060,100.00
8825,25341,0.00
8826,25298,100.00
8827,34048,100.00
8828,53997,100.00
8829,51026,100.00
8830,23268,0.00
8831,39437,100.00
8832,36452,0.00
8833,47681,0.00
8834,139758,0.00
8835,44719,0.00
8836,47547,0.00
8837,49354,0.00
8838,49613,0.00
8839,47158,0.00
8840,53044,0.00
8841,57167,0.00
8842,53099,100.00
8843,27264,100.00
8844,21331,100.00
8845,21951,0.00
8846,27447,100.00
8847,26027,100.00
8848,49152,100.00
8849,48502,100.00
8850,36592,0.00
8851,23811,100.00
8852,22558,100.00
8853,21456,100.00
8854,21683,100.00
8855,24855,0.00
8856,30619,100.00
8857,20752,100.00
8858,39304,0.00
8859,44171,0.00
8860,49352,0.00
8861,241662,0.00
8862,178034,0.00
8863,167356,0.00
8864,230842,0.00
8865,248700,0.00
8866,215551,0.00
8867,156894,0.00
8868,54054,0.00
8869,153754,0.00
8870,211270,0.00
8871,58984,0.00
8872,46766,100.00
8873,62861,100.00
8874,25428,0.00
8875,25150,100.00
8876,25039,100.00
8877,21024,100.00
8878,21385,100.00
8879,19672,0.00
8880,23508,100.00
8881,24316,100.00
8882,47105,100.00
8883,46986,100.00
8884,45803,0.00
8885,23814,100.00
8886,29800,100.00
8887,20657,100.00
8888,17982,100.00
8889,145234,0.00
8890,213399,0.00
8891,149711,0.00
8892,49446,0.00
8893,50520,0.00
8894,48905,0.00
8895,45741,0.00
8896,52775,0.00
8897,45536,0.00
8898,46149,0.00
8899,54239,0.00
8900,191461,0.00
8901,48666,0.00
8902,65386,50.00
8903,20244,0.00
8904,24456,0.00
8905,22940,100.00
8906,55325,100.00
8907,47956,100.00
8908,42231,0.00
8909,22680,100.00
8910,23602,100.00
8911,19166,100.00
8912,19433,100.00
8913,18640,0.00
8914,23351,100.00
8915,25227,100.00
8916,31562,100.00
8917,59330,100.00
8918,54163,0.00
8919,27079,100.00
8920,200916,100.00
8921,194963,0.00
8922,46748,0.00
8923,47262,0.00
8924,210610,0.00
8925,45782,0.00
8926,47194,0.00
8927,147711,0.00
8928,215290,0.00
8929,48484,0.00
8930,200015,0.00
8931,208828,0.00
8932,45072,0.00
8933,188197,0.00
8934,55250,0.00
8935,57303,100.00
8936,27874,0.00
8937,34293,100.00
8938,30502,100.00
8939,25529,100.00
8940,22141,100.00
8941,51757,0.00
8942,48320,100.00
8943,26086,100.00
8944,20835,100.00
8945,25130,100.00
8946,43523,0.00
8947,47379,0.00
8948,49317,0.00
8949,49468,0.00
8950,226667,0.00
8951,137585,0.00
8952,51093,0.00
8953,51583,0.00
8954,50248,0.00
8955,53319,0.00
8956,42930,0.00
8957,22591,100.00
8958,24303,100.00
8959,24037,100.00
8960,26174,100.00
8961,49565,0.00
8962,41884,100.00
8963,34532,100.00
8964,29715,100.00
8965,29931,100.00
8966,21026,0.00
8967,22690,100.00
8968,24711,100.00
8969,23059,100.00
8970,26958,100.00
8971,52216,0.00
8972,48256,100.00
8973,44443,0.00
8974,46058,0.00
8975,176794,0.00
8976,190089,0.00
8977,45029,0.00
8978,49841,0.00
8979,138289,0.00
8980,48365,0.00
8981,142601,0.00
8982,156195,0.00
8983,227076,0.00
8984,140362,0.00
8985,157327,0.00
8986,227678,0.00
8987,51189,100.00
8988,41716,0.00
8989,28557,100.00
8990,23606,100.00
8991,22260,100.00
8992,20424,100.00
8993,22784,0.00
8994,25639,100.00
8995,23900,100.00
8996,58358,100.00
8997,54748,100.00
8998,29431,0.00
8999,28036,100.00
9000,45769,100.00
9001,21052,100.00
9002,26786,100.00
9003,24223,0.00
9004,35135,100.00
9005,37230,0.00
9006,187462,0.00
9007,43982,0.00
9008,132757,0.00
9009,209166,0.00
9010,175012,0.00
9011,207742,0.00
9012,234009,0.00
9013,59800,0.00
9014,159253,0.00
9015,160659,0.00
9016,242283,0.00
9017,234503,0.00
9018,72990,66.67
9019,17565,0.00
9020,44066,0.00
9021,55300,100.00
9022,27629,0.00
9023,23663,100.00
9024,24640,100.00
9025,19692,100.00
9026,19821,100.00
9027,19111,0.00
9028,23428,100.00
9029,24290,100.00
9030,40307,100.00
9031,56044,100.00
9032,50104,0.00
9033,38811,100.00
9034,28855,100.00
9035,18359,100.00
9036,41392,0.00
9037,41743,0.00
9038,54670,0.00
9039,49472,0.00
9040,142645,0.00
9041,175478,0.00
9042,125124,0.00
9043,195866,0.00
9044,135054,0.00
9045,47804,0.00
9046,127655,0.00
9047,162968,0.00
9048,130279,0.00
9049,218908,0.00
9050,55800,100.00
9051,54422,0.00
9052,32571,100.00
9053,28741,100.00
9054,53650,100.00
9055,56171,100.00
9056,47226,0.00
9057,34441,100.00
9058,23534,100.00
9059,20135,100.00
9060,20051,100.00
9061,18800,0.00
9062,21686,100.00
9063,29364,100.00
9064,29325,100.00
9065,56416,100.00
9066,41149,0.00
9067,47531,0.00
9068,45613,0.00
9069,58157,0.00
9070,54678,0.00
9071,227259,0.00
9072,52749,0.00
9073,62393,0.00
9074,229454,0.00
9075,233109,0.00
9076,227418,0.00
9077,82636,0.00
9078,135944,0.00
9079,162576,0.00
9080,62586,0.00
9081,49488,100.00
9082,31829,100.00
9083,26800,100.00
9084,24997,100.00
9085,24792,0.00
9086,25770,100.00
9087,23948,100.00
9088,51571,100.00
9089,61589,100.00
9090,36626,0.00
9091,20682,100.00
9092,34896,50.00
9093,57400,0.00
9094,39578,0.00
9095,45587,0.00
9096,45492,0.00
9097,211336,0.00
9098,131523,0.00
9099,153015,0.00
9100,50030,0.00
9101,61375,0.00
9102,46177,0.00
9103,32988,100.00
9104,71313,0.00
9105,27532,100.00
9106,30322,100.00
9107,24903,100.00
9108,25283,0.00
9109,55618,100.00
9110,51817,100.00
9111,41080,100.00
9112,28095,100.00
9113,24341,0.00
9114,20963,100.00
9115,21419,100.00
9116,26483,100.00
9117,30027,100.00
9118,19727,0.00
9119,40954,0.00
9120,206250,0.00
9121,163745,0.00
9122,166619,0.00
9123,220406,0.00
9124,48848,0.00
9125,828698,0.00
9126,49079,0.00
9127,47972,0.00
9128,142210,0.00
9129,67110,0.00
9130,156935,0.00
9131,141955,0.00
9132,207532,0.00
9133,215371,100.00
9134,87567,100.00
9135,55713,0.00
9136,25786,100.00
9137,24999,100.00
9138,20964,100.00
9139,21962,100.00
9140,19764,0.00
9141,22837,100.00
9142,25069,100.00
9143,23401,100.00
9144,59535,100.00
9145,53001,0.00
9146,31636,100.00
9147,33602,100.00
9148,30316,100.00
9149,23701,100.00
9150,31127,0.00
9151,244925,0.00
9152,169235,0.00
9153,167862,0.00
9154,238995,0.00
9155,233218,0.00
9156,240889,0.00
9157,289181,0.00
9158,287983,0.00
9159,152247,0.00
9160,163177,0.00
9161,158773,0.00
9162,5299808,0.00
9163,44191,0.00
9164,30340,0.00
9165,64494,100.00
9166,31601,100.00
9167,66987,0.00
9168,51777,100.00
9169,58667,0.00
9170,65903,100.00
9171,22351,0.00
9172,28750,100.00
9173,23529,100.00
9174,21360,100.00
9175,20898,100.00
9176,21788,0.00
9177,26200,100.00
9178,24362,100.00
9179,57154,100.00
9180,56895,100.00
9181,40470,0.00
9182,27783,100.00
9183,256103,50.00
9184,207686,0.00
9185,202868,0.00
9186,50682,0.00
9187,136565,0.00
9188,116965,0.00
9189,182902,0.00
9190,196139,0.00
9191,225593,0.00
9192,157098,0.00
9193,213288,0.00
9194,131764,0.00
9195,138917,0.00
9196,127448,0.00
9197,226886,0.00
9198,48174,100.00
9199,28374,100.00
9200,27517,0.00
9201,27923,100.00
9202,24821,100.00
9203,38666,100.00
9204,40976,100.00
9205,46022,0.00
9206,25230,100.00
9207,20791,100.00
9208,18976,100.00
9209,196351,0.00
9210,193907,0.00
9211,147646,0.00
9212,143232,0.00
9213,150585,0.00
9214,161603,0.00
9215,68739,0.00
9216,203704,0.00
9217,63562,50.00
9218,22703,0.00
9219,22942,0.00
9220,24819,100.00
9221,25135,100.00
9222,24051,100.00
9223,57479,100.00
9224,51724,0.00
9225,25911,100.00
9226,21803,100.00
9227,23655,100.00
9228,21319,100.00
9229,23272,0.00
9230,25118,100.00
9231,30691,100.00
9232,38544,100.00
9233,53379,100.00
9234,56183,0.00
9235,244073,100.00
9236,247077,0.00
9237,226155,0.00
9238,217095,0.00
9239,195561,0.00
9240,221194,0.00
9241,225392,0.00
9242,220728,0.00
9243,215967,0.00
9244,221921,0.00
9245,154843,0.00
9246,107706,0.00
9247,69179,0.00
9248,171908,0.00
9249,385863,0.00
9250,48325,100.00
9251,40821,0.00
9252,27412,100.00
9253,24962,100.00
9254,20882,100.00
9255,23326,100.00
9256,24914,0.00
9257,24123,100.00
9258,50219,100.00
9259,48081,100.00
9260,26916,100.00
9261,22541,0.00
9262,31727,100.00
9263,21982,100.00
9264,22172,100.00
9265,30847,100.00
9266,24282,0.00
9267,37670,100.00
9268,41381,0.00
9269,42907,0.00
9270,42112,0.00
9271,45218,0.00
9272,124072,0.00
9273,202153,0.00
9274,152613,0.00
9275,233774,0.00
9276,157124,0.00
9277,137477,0.00
9278,195414,0.00
9279,49655,0.00
9280,60177,50.00
9281,48078,0.00
9282,55135,0.00
9283,55257,100.00
9284,31844,100.00
9285,28352,100.00
9286,24227,100.00
9287,21105,0.00
9288,20272,100.00
9289,21960,100.00
9290,25461,100.00
9291,25692,100.00
9292,57800,0.00
9293,54384,100.00
9294,40364,100.00
9295,28159,100.00
9296,31212,100.00
9297,22797,0.00
9298,36114,100.00
9299,41596,0.00
9300,48401,0.00
9301,207987,0.00
9302,221926,0.00
9303,61003,0.00
9304,192366,0.00
9305,81783,0.00
9306,71710,0.00
9307,69843,0.00
9308,177253,0.00
9309,223348,0.00
9310,151219,0.00
9311,211746,0.00
9312,63559,0.00
9313,56149,100.00
9314,32237,100.00
9315,41964,100.00
9316,45108,0.00
9317,50476,100.00
9318,28124,100.00
9319,21540,100.00
9320,21832,100.00
9321,19742,0.00
9322,20304,100.00
9323,19034,100.00
9324,23330,100.00
9325,32782,100.00
9326,52781,0.00
9327,54532,100.00
9328,46664,50.00
9329,47903,0.00
9330,320597,0.00
9331,147651,0.00
9332,45493,0.00
9333,49186,0.00
9334,257547,0.00
9335,178009,0.00
9336,79611,0.00
9337,290408,0.00
9338,221158,0.00
9339,50577,0.00
9340,46775,0.00
9341,81907,66.67
9342,20277,0.00
9343,24378,0.00
9344,25858,0.00
9345,25445,100.00
9346,25036,100.00
9347,27175,100.00
9348,25491,100.00
9349,56543,0.00
9350,51063,100.00
9351,57998,100.00
9352,47723,100.00
9353,38343,100.00
9354,182265,0.00
9355,220202,0.00
9356,214448,0.00
9357,213989,0.00
9358,156945,0.00
9359,152543,0.00
9360,213712,0.00
9361,222374,0.00
9362,178164,0.00
9363,62209,0.00
9364,49745,0.00
9365,27525,100.00
9366,21809,100.00
9367,23776,100.00
9368,26200,100.00
9369,26793,0.00
9370,60870,100.00
9371,54555,100.00
9372,26453,100.00
9373,23915,100.00
9374,23941,0.00
9375,20781,100.00
9376,28621,100.00
9377,25625,100.00
9378,29967,100.00
9379,22181,0.00
9380,70310,0.00
9381,242033,0.00
9382,49481,0.00
9383,203651,0.00
9384,48262,0.00
9385,195366,0.00
9386,43353,0.00
9387,47691,0.00
9388,47292,0.00
9389,47180,0.00
9390,211036,0.00
9391,47967,0.00
9392,48254,0.00
9393,154221,0.00
9394,56616,100.00
9395,40568,100.00
9396,28981,100.00
9397,29536,100.00
9398,24060,0.00
9399,21171,100.00
9400,22991,100.00
9401,24277,100.00
9402,24757,100.00
9403,24681,0.00
9404,61135,100.00
9405,54677,100.00
9406,29591,100.00
9407,23078,100.00
9408,33865,0.00
9409,21965,100.00
9410,23603,100.00
9411,140991,0.00
9412,47668,0.00
9413,48143,0.00
9414,187866,0.00
9415,43028,0.00
9416,238926,0.00
9417,163938,0.00
9418,150145,0.00
9419,216265,0.00
9420,48361,0.00
9421,48670,0.00
9422,48668,0.00
9423,230614,0.00
9424,62354,0.00
9425,58470,100.00
9426,37967,100.00
9427,45751,0.00
9428,49232,100.00
9429,53894,100.00
9430,26936,100.00
9431,23378,100.00
9432,22737,0.00
9433,18943,100.00
9434,21095,100.00
9435,18792,100.00
9436,22702,100.00
9437,24417,0.00
9438,43644,100.00
9439,51964,100.00
9440,42835,100.00
9441,31268,100.00
9442,22957,0.00
9443,196896,0.00
9444,240905,0.00
9445,49972,0.00
9446,151519,0.00
9447,148395,0.00
9448,156410,0.00
9449,50416,0.00
9450,51413,0.00
9451,228649,0.00
9452,203685,0.00
9453,213556,0.00
9454,140763,0.00
9455,44209,0.00
9456,75621,50.00
9457,27977,0.00
9458,43947,100.00
9459,30414,0.00
9460,25584,100.00
9461,25523,100.00
9462,53072,100.00
9463,166296,0.00
9464,70941,100.00
9465,74424,0.00
9466,68698,100.00
9467,76754,0.00
9468,27678,0.00
9469,22886,100.00
9470,67255,0.00
9471,26847,100.00
9472,27800,100.00
9473,74457,0.00
9474,149612,100.00
9475,43955,0.00
9476,44975,0.00
9477,45376,0.00
9478,48465,0.00
9479,46243,0.00
9480,106818,0.00
9481,49634,0.00
9482,105923,0.00
9483,111355,0.00
9484,53745,0.00
9485,120997,0.00
9486,143486,0.00
9487,203497,0.00
9488,223277,0.00
9489,133591,0.00
9490,52203,100.00
9491,59212,0.00
9492,56176,100.00
9493,42672,100.00
9494,40887,100.00
9495,27903,100.00
9496,23949,0.00
9497,24449,100.00
9498,24998,100.00
9499,26632,100.00
9500,36257,100.00
9501,35089,0.00
9502,50955,100.00
9503,43231,100.00
9504,34784,0.00
9505,125113,0.00
9506,46250,0.00
9507,126902,0.00
9508,64084,0.00
9509,194645,0.00
9510,59695,0.00
9511,220897,0.00
9512,47969,0.00
9513,203584,0.00
9514,167823,0.00
9515,226006,0.00
9516,48052,100.00
9517,23939,0.00
9518,25850,0.00
9519,21773,100.00
9520,23719,100.00
9521,25619,100.00
9522,45936,100.00
9523,44544,0.00
9524,38488,100.00
9525,34058,100.00
9526,27537,100.00
9527,21103,100.00
9528,22533,0.00
9529,32097,100.00
9530,40390,100.00
9531,36178,50.00
9532,47388,0.00
9533,174095,0.00
9534,271022,0.00
9535,154686,0.00
9536,231357,0.00
9537,239864,0.00
9538,218796,0.00
9539,230394,0.00
9540,171265,0.00
9541,145172,0.00
9542,161088,0.00
9543,157253,0.00
9544,73783,100.00
9545,19870,0.00
9546,35329,0.00
9547,26087,100.00
9548,23919,100.00
9549,22665,100.00
9550,21117,0.00
9551,36584,100.00
9552,26478,100.00
9553,25851,100.00
9554,36915,100.00
9555,39268,0.00
9556,46970,100.00
9557,39159,100.00
9558,45837,100.00
9559,26500,100.00
9560,25267,0.00
9561,40209,50.00
9562,154383,0.00
9563,179731,0.00
9564,252559,0.00
9565,179577,0.00
9566,249918,0.00
9567,165100,0.00
9568,224076,0.00
9569,258274,0.00
9570,165228,0.00
9571,165491,0.00
9572,48668,0.00
9573,48388,0.00
9574,60262,0.00
9575,50540,100.00
9576,42650,0.00
9577,43796,100.00
9578,45762,100.00
9579,48177,100.00
9580,29682,100.00
9581,27078,0.00
9582,22503,100.00
9583,22321,100.00
9584,20151,100.00
9585,22751,100.00
9586,24967,0.00
9587,31417,100.00
9588,47065,100.00
9589,58281,100.00
9590,40516,100.00
9591,47397,0.00
9592,52888,0.00
9593,225149,0.00
9594,51281,0.00
9595,49159,0.00
9596,48777,0.00
9597,47414,0.00
9598,45512,0.00
9599,226040,0.00
9600,43325,0.00
9601,43681,0.00
9602,228399,0.00
9603,60149,0.00
9604,45689,100.00
9605,31617,100.00
9606,27455,0.00
9607,29979,100.00
9608,29057,100.00
9609,22212,100.00
9610,46778,100.00
9611,54035,0.00
9612,45928,100.00
9613,24745,100.00
9614,18469,50.00
9615,127218,0.00
9616,253712,0.00
9617,215959,0.00
9618,207977,0.00
9619,162073,0.00
9620,47988,0.00
9621,49618,0.00
9622,165385,0.00
9623,52848,0.00
9624,55546,100.00
9625,41001,0.00
9626,25490,100.00
9627,23804,100.00
9628,24606,100.00
9629,39193,100.00
9630,44639,0.00
9631,46655,100.00
9632,46430,100.00
9633,26543,100.00
9634,25102,100.00
9635,21786,0.00
9636,22294,100.00
9637,26191,100.00
9638,24057,100.00
9639,31709,100.00
9640,43392,0.00
9641,34979,100.00
9642,43331,0.00
9643,43217,0.00
9644,216417,0.00
9645,50046,0.00
9646,47881,0.00
9647,45845,0.00
9648,47002,0.00
9649,43814,0.00
9650,45157,0.00
9651,46772,0.00
9652,48167,0.00
9653,56078,0.00
9654,49409,0.00
9655,172962,0.00
9656,52929,0.00
9657,57470,100.00
9658,44009,100.00
9659,28714,100.00
9660,25326,0.00
9661,20140,100.00
9662,17938,100.00
9663,24082,100.00
9664,24005,100.00
9665,41850,0.00
9666,40975,100.00
9667,39516,100.00
9668,24288,100.00
9669,23839,100.00
9670,23593,0.00
9671,24814,100.00
9672,26668,100.00
9673,120323,0.00
9674,217371,0.00
9675,195842,0.00
9676,151307,0.00
9677,196826,0.00
9678,50489,0.00
9679,208321,0.00
9680,221389,0.00
9681,169821,0.00
9682,168941,0.00
9683,230186,0.00
9684,199337,0.00
9685,58616,0.00
9686,46096,100.00
9687,30854,100.00
9688,49630,0.00
9689,50613,100.00
9690,39283,100.00
9691,25866,100.00
9692,23603,100.00
9693,21113,0.00
9694,20545,100.00
9695,19504,100.00
9696,25747,100.00
9697,24440,100.00
9698,24062,0.00
9699,50456,100.00
9700,48378,100.00
9701,27023,100.00
9702,22342,100.00
9703,40275,0.00
9704,46796,0.00
9705,205189,0.00
9706,141719,0.00
9707,49614,0.00
9708,49122,0.00
9709,136089,0.00
9710,211850,0.00
9711,158051,0.00
9712,139022,0.00
9713,141704,0.00
9714,143091,0.00
9715,49563,0.00
9716,171131,0.00
9717,69078,100.00
9718,20846,0.00
9719,21868,0.00
9720,26392,100.00
9721,25042,100.00
9722,23164,0.00
9723,50833,100.00
9724,51751,100.00
9725,57634,100.00
9726,27354,100.00
9727,22364,0.00
9728,20048,100.00
9729,17726,100.00
9730,18970,100.00
9731,22454,100.00
9732,27186,0.00
9733,41031,0.00
9734,202705,0.00
9735,45772,0.00
9736,203389,0.00
9737,202809,0.00
9738,189834,0.00
9739,141110,0.00
9740,189131,0.00
9741,176997,0.00
9742,209572,0.00
9743,188277,0.00
9744,179460,0.00
9745,65626,0.00
9746,59335,100.00
9747,56842,100.00
9748,44993,100.00
9749,37124,100.00
9750,29288,0.00
9751,28288,100.00
9752,24241,100.00
9753,24836,100.00
9754,29034,100.00
9755,22308,0.00
9756,45223,100.00
9757,46434,100.00
9758,50540,100.00
9759,22889,100.00
9760,216377,0.00
9761,217769,0.00
9762,144602,0.00
9763,141021,0.00
9764,50757,0.00
9765,200796,0.00
9766,51396,0.00
9767,228568,0.00
9768,181325,0.00
9769,171329,0.00
9770,166039,0.00
9771,234113,0.00
9772,51631,100.00
9773,47372,100.00
9774,23334,0.00
9775,20410,100.00
9776,21796,100.00
9777,24875,100.00
9778,23990,100.00
9779,61559,0.00
9780,50604,100.00
9781,40579,100.00
9782,38678,100.00
9783,21331,100.00
9784,20701,0.00
9785,24238,100.00
9786,25661,100.00
9787,25700,100.00
9788,46336,50.00
9789,57144,0.00
9790,137327,0.00
9791,51634,0.00
9792,189020,0.00
9793,181025,0.00
9794,155248,0.00
9795,211457,0.00
9796,229065,0.00
9797,156067,0.00
9798,75194,0.00
9799,136371,0.00
9800,137157,0.00
9801,166456,0.00
9802,76389,0.00
9803,62283,100.00
9804,33188,100.00
9805,24571,100.00
9806,24769,100.00
9807,21999,0.00
9808,28702,100.00
9809,20458,100.00
9810,22780,100.00
9811,27177,100.00
9812,26378,0.00
9813,58755,100.00
9814,51568,100.00
9815,32783,100.00
9816,42276,100.00
9817,22679,0.00
9818,18287,100.00
9819,136601,100.00
9820,145628,0.00
9821,145496,0.00
9822,153838,0.00
9823,224248,0.00
9824,252792,0.00
9825,201248,0.00
9826,214080,0.00
9827,135827,0.00
9828,176290,0.00
9829,192693,0.00
9830,134094,0.00
9831,199957,0.00
9832,69342,100.00
9833,21087,0.00
9834,25327,0.00
9835,25915,100.00
9836,55874,100.00
9837,47736,100.00
9838,52493,0.00
9839,56324,100.00
9840,30001,100.00
9841,22760,100.00
9842,19818,100.00
9843,21516,0.00
9844,18611,100.00
9845,24472,100.00
9846,25380,100.00
9847,44604,100.00
9848,51140,0.00
9849,47985,100.00
9850,27447,50.00
9851,49648,0.00
9852,128866,0.00
9853,178606,0.00
9854,131555,0.00
9855,64477,0.00
9856,141885,0.00
9857,206446,0.00
9858,218594,0.00
9859,212553,0.00
9860,158202,0.00
9861,212209,0.00
9862,149486,0.00
9863,47422,0.00
9864,69765,100.00
9865,20063,0.00
9866,19346,0.00
9867,22806,0.00
9868,23869,100.00
9869,24385,100.00
9870,23094,100.00
9871,50411,100.00
9872,46845,0.00
9873,53605,100.00
9874,26197,100.00
9875,18572,100.00
9876,224054,0.00
9877,155715,0.00
9878,149513,0.00
9879,238956,0.00
9880,245405,0.00
9881,229893,0.00
9882,216195,0.00
9883,63588,0.00
9884,139430,0.00
9885,45746,100.00
9886,35159,0.00
9887,24827,100.00
9888,25086,100.00
9889,25126,100.00
9890,25959,100.00
9891,54658,0.00
9892,49997,100.00
9893,37192,100.00
9894,24152,100.00
9895,21560,100.00
9896,22155,0.00
9897,22217,100.00
9898,37054,100.00
9899,23771,100.00
9900,34091,100.00
9901,35765,0.00
9902,36153,50.00
9903,38884,0.00
9904,52597,0.00
9905,46316,0.00
9906,148670,0.00
9907,44076,0.00
9908,206454,0.00
9909,46551,0.00
9910,124305,0.00
9911,48097,0.00
9912,201386,0.00
9913,210258,0.00
9914,142995,0.00
9915,177518,0.00
9916,60252,100.00
9917,31120,0.00
9918,34774,100.00
9919,25130,100.00
9920,21878,0.00
9921,19729,100.00
9922,18485,100.00
9923,24502,100.00
9924,80472,0.00
9925,72229,100.00
9926,30816,0.00
9927,64193,100.00
9928,54150,100.00
9929,28948,100.00
9930,23941,0.00
9931,21223,100.00
9932,22417,100.00
9933,24311,100.00
9934,25202,100.00
9935,36744,0.00
9936,206374,0.00
9937,207524,0.00
9938,49387,0.00
9939,216201,0.00
9940,136999,0.00
9941,156667,0.00
9942,139308,0.00
9943,143145,0.00
9944,49542,0.00
9945,50366,0.00
9946,153004,0.00
9947,147791,0.00
9948,274771,0.00
9949,205693,0.00
9950,63636,0.00
9951,59183,100.00
9952,48097,100.00
9953,46524,100.00
9954,26288,100.00
9955,23500,0.00
9956,23847,100.00
9957,21273,100.00
9958,19707,100.00
9959,18698,100.00
9960,22518,0.00
9961,24028,100.00
9962,40596,100.00
9963,38829,100.00
9964,37910,100.00
9965,39699,0.00
9966,25822,100.00
9967,43526,50.00
9968,232730,0.00
9969,277279,0.00
9970,219997,0.00
9971,126282,0.00
9972,225150,0.00
9973,151276,0.00
9974,148642,0.00
9975,130764,0.00
9976,191352,0.00
9977,195764,0.00
9978,227886,0.00
9979,227002,0.00
9980,64637,66.67
9981,18202,0.00
9982,22515,0.00
9983,27929,0.00
9984,26383,100.00
9985,42276,100.00
9986,37298,100.00
9987,40917,100.00
9988,23602,0.00
9989,20265,100.00
9990,21626,100.00
9991,18365,100.00
9992,19677,100.00
9993,17990,0.00
9994,31493,100.00
9995,31185,100.00
9996,40471,100.00
9997,44260,100.00
9998,200720,0.00
9999,44506,0.00
10000,196082,0.00
10001,47169,0.00
10002,48187,0.00
10003,183815,0.00
10004,47365,0.00
10005,191224,0.00
10006,183483,0.00
10007,49786,0.00
10008,46998,0.00
10009,180910,0.00
10010,51031,0.00
10011,180664,0.00
10012,56873,0.00
10013,46211,100.00
10014,33395,100.00
10015,26640,100.00
10016,24507,100.00
10017,24817,0.00
10018,25217,100.00
10019,21353,100.00
10020,50289,100.00
10021,38451,100.00
10022,40581,0.00
10023,19960,100.00
10024,125576,50.00
10025,139901,0.00
10026,177440,0.00
10027,48154,0.00
10028,41810,0.00
10029,41844,0.00
10030,42114,0.00
10031,44544,0.00
10032,48753,0.00
10033,53783,0.00
10034,41627,100.00
10035,29161,100.00
10036,24362,0.00
10037,19259,100.00
10038,23835,100.00
10039,24156,100.00
10040,36524,100.00
10041,44459,0.00
10042,37093,100.00
10043,26829,100.00
10044,24058,100.00
10045,21286,100.00
10046,25699,0.00
10047,23807,100.00
10048,27758,100.00
10049,24095,100.00
10050,37845,100.00
10051,41728,0.00
10052,39240,0.00
10053,42386,0.00
10054,130998,0.00
10055,45951,0.00
10056,44878,0.00
10057,42547,0.00
10058,40861,0.00
10059,39873,0.00
10060,40207,0.00
10061,41220,0.00
10062,43846,0.00
10063,61328,50.00
10064,18166,0.00
10065,54175,0.00
10066,30081,100.00
10067,29369,100.00
10068,25772,100.00
10069,25574,0.00
10070,20865,100.00
10071,19103,100.00
10072,22696,100.00
10073,24782,100.00
10074,22073,0.00
10075,36469,100.00
10076,35098,100.00
10077,28008,100.00
10078,28233,100.00
10079,21269,0.00
10080,20009,100.00
10081,34916,100.00
10082,36622,0.00
10083,53208,0.00
10084,194106,0.00
10085,47125,0.00
10086,50123,0.00
10087,141744,0.00
10088,48646,0.00
10089,188130,0.00
10090,140103,0.00
10091,46941,0.00
10092,48351,0.00
10093,47612,0.00
10094,257794,0.00
10095,65018,0.00
10096,54315,100.00
10097,33675,100.00
10098,43051,0.00
10099,39257,100.00
10100,38780,100.00
10101,22662,100.00
10102,20099,100.00
10103,21960,0.00
10104,18568,100.00
10105,18565,100.00
10106,18614,100.00
10107,23040,100.00
10108,38457,0.00
10109,34939,100.00
10110,42929,100.00
10111,43931,100.00
10112,42292,100.00
10113,35060,0.00
10114,31775,0.00
10115,41394,0.00
10116,41243,0.00
10117,43830,0.00
10118,43888,0.00
10119,45711,0.00
10120,41934,0.00
10121,38936,0.00
10122,38454,0.00
10123,38975,0.00
10124,40618,0.00
10125,41223,0.00
10126,54741,0.00
10127,29010,0.00
10128,34581,100.00
10129,31507,100.00
10130,26792,100.00
10131,23498,100.00
10132,21074,0.00
10133,52828,100.00
10134,48040,100.00
10135,52645,100.00
10136,24997,100.00
10137,22540,0.00
10138,39915,100.00
10139,44733,0.00
10140,42817,0.00
10141,40396,0.00
10142,48289,0.00
10143,42604,0.00
10144,38893,0.00
10145,41512,0.00
10146,37545,0.00
10147,49366,0.00
10148,35019,100.00
10149,29796,100.00
10150,30312,100.00
10151,28681,0.00
10152,26600,100.00
10153,44876,100.00
10154,40662,100.00
10155,31490,100.00
10156,21815,0.00
10157,22355,100.00
10158,20432,100.00
10159,24428,100.00
10160,24367,100.00
10161,27365,0.00
10162,25681,100.00
10163,36260,100.00
10164,32655,100.00
10165,36567,0.00
10166,41322,0.00
10167,48314,0.00
10168,142179,0.00
10169,160039,0.00
10170,169517,0.00
10171,191748,0.00
10172,45727,0.00
10173,47694,0.00
10174,156423,0.00
10175,199843,0.00
10176,141455,0.00
10177,58017,0.00
10178,62863,50.00
10179,28428,0.00
10180,29026,0.00
10181,24928,100.00
10182,22756,100.00
10183,19207,100.00
10184,18020,100.00
10185,21699,0.00
10186,25629,100.00
10187,25864,100.00
10188,53899,100.00
10189,54303,100.00
10190,24582,0.00
10191,23107,100.00
10192,30767,100.00
10193,20710,100.00
10194,23537,100.00
10195,24011,0.00
10196,152901,100.00
10197,42934,0.00
10198,42820,0.00
10199,45177,0.00
10200,45861,0.00
10201,47173,0.00
10202,45302,0.00
10203,43697,0.00
10204,46236,0.00
10205,184700,0.00
10206,48624,0.00
10207,48903,0.00
10208,153154,0.00
10209,195379,0.00
10210,75831,66.67
10211,19692,0.00
10212,48536,0.00
10213,57281,100.00
10214,26482,0.00
10215,21846,100.00
10216,23376,100.00
10217,19629,100.00
10218,19513,100.00
10219,18894,0.00
10220,23340,100.00
10221,26089,100.00
10222,31644,100.00
10223,67222,0.00
10224,51817,100.00
10225,50306,0.00
10226,30802,100.00
10227,31515,100.00
10228,29101,100.00
10229,48634,50.00
10230,38566,0.00
10231,51125,0.00
10232,45731,0.00
10233,45574,0.00
10234,45668,0.00
10235,43880,0.00
10236,44048,0.00
10237,45082,0.00
10238,39397,0.00
10239,40075,0.00
10240,39410,0.00
10241,45515,0.00
10242,44433,0.00
10243,46589,0.00
10244,49140,0.00
10245,40773,0.00
10246,30591,100.00
10247,42283,100.00
10248,22349,100.00
10249,22307,100.00
10250,18060,0.00
10251,15999,100.00
10252,12973,100.00
10253,18052,100.00
10254,26017,100.00
10255,42310,0.00
10256,133657,0.00
10257,195468,0.00
10258,214194,0.00
10259,152686,0.00
10260,152650,0.00
10261,211808,0.00
10262,148644,0.00
10263,151657,0.00
10264,67337,66.67
10265,21259,0.00
10266,21846,0.00
10267,22905,100.00
10268,21926,100.00
10269,23299,0.00
10270,26147,100.00
10271,23500,100.00
10272,39595,100.00
10273,38824,100.00
10274,47570,0.00
10275,24603,100.00
10276,43252,100.00
10277,206843,0.00
10278,49324,0.00
10279,147073,0.00
10280,225430,0.00
10281,213881,0.00
10282,153079,0.00
10283,49644,0.00
10284,49997,0.00
10285,50330,0.00
10286,53993,0.00
10287,46706,100.00
10288,26981,100.00
10289,23321,0.00
10290,23510,100.00
10291,26817,100.00
10292,26754,100.00
10293,54829,100.00
10294,51660,0.00
10295,26867,100.00
10296,25204,100.00
10297,32538,100.00
10298,21765,100.00
10299,22931,0.00
10300,25684,100.00
10301,43181,100.00
10302,25968,100.00
10303,182153,0.00
10304,207368,0.00
10305,121937,0.00
10306,173308,0.00
10307,45195,0.00
10308,144482,0.00
10309,154635,0.00
10310,218064,0.00
10311,47646,0.00
10312,154101,0.00
10313,49657,0.00
10314,152721,0.00
10315,46005,0.00
10316,60001,0.00
10317,54706,100.00
10318,53408,0.00
10319,26992,100.00
10320,27716,100.00
10321,29568,100.00
10322,22486,100.00
10323,20242,0.00
10324,19321,100.00
10325,23179,100.00
10326,24388,100.00
10327,43506,100.00
10328,48899,0.00
10329,43501,100.00
10330,28935,100.00
10331,41657,100.00
10332,20471,100.00
10333,20962,0.00
10334,176307,0.00
10335,222963,0.00
10336,223463,0.00
10337,173463,0.00
10338,212196,0.00
10339,208305,0.00
10340,50798,0.00
10341,47553,0.00
10342,192059,0.00
10343,197984,0.00
10344,46703,0.00
10345,45361,0.00
10346,46573,0.00
10347,213575,0.00
10348,41537,100.00
10349,38961,100.00
10350,27407,0.00
10351,41083,100.00
10352,37091,100.00
10353,44524,100.00
10354,24123,100.00
10355,23781,0.00
10356,21478,100.00
10357,19577,100.00
10358,18514,100.00
10359,22782,100.00
10360,29098,0.00
10361,23670,100.00
10362,53807,100.00
10363,46464,100.00
10364,32634,100.00
10365,34091,0.00
10366,41705,50.00
10367,38614,0.00
10368,38654,0.00
10369,41136,0.00
10370,36605,0.00
10371,36922,0.00
10372,37532,0.00
10373,37001,0.00
10374,38405,0.00
10375,41355,0.00
10376,45409,0.00
10377,44919,0.00
10378,46184,0.00
10379,50569,0.00
10380,59710,100.00
10381,23571,0.00
10382,27765,0.00
10383,26747,100.00
10384,26296,100.00
10385,23159,100.00
10386,54178,100.00
10387,49383,0.00
10388,49613,100.00
10389,25201,100.00
10390,18897,100.00
10391,29479,50.00
10392,42143,0.00
10393,66954,0.00
10394,45413,0.00
10395,32485,0.00
10396,31517,0.00
10397,32090,0.00
10398,35126,0.00
10399,35253,0.00
10400,51285,0.00
10401,24449,0.00
10402,36628,100.00
10403,28154,100.00
10404,25319,100.00
10405,24039,100.00
10406,37776,0.00
10407,34456,100.00
10408,30581,100.00
10409,22463,100.00
10410,25348,100.00
10411,34568,0.00
10412,22578,100.00
10413,24332,100.00
10414,36602,100.00
10415,22813,100.00
10416,42116,0.00
10417,45239,100.00
10418,36680,100.00
10419,153927,0.00
10420,185118,0.00
10421,183788,0.00
10422,46450,0.00
10423,190820,0.00
10424,48379,0.00
10425,51957,0.00
10426,200532,0.00
10427,48216,0.00
10428,140081,0.00
10429,194234,0.00
10430,49312,0.00
10431,184098,0.00
10432,48259,0.00
10433,60467,50.00
10434,23829,0.00
10435,31341,100.00
10436,27653,0.00
10437,21821,100.00
10438,19596,100.00
10439,22506,100.00
10440,24677,100.00
10441,27493,0.00
10442,51770,100.00
10443,47594,100.00
10444,25312,100.00
10445,23336,100.00
10446,25792,0.00
10447,20758,100.00
10448,27809,100.00
10449,24684,100.00
10450,23026,100.00
10451,46295,0.00
10452,125764,0.00
10453,201439,0.00
10454,161795,0.00
10455,45572,0.00
10456,45096,0.00
10457,47259,0.00
10458,189022,0.00
10459,49450,0.00
10460,45625,0.00
10461,44815,0.00
10462,40876,0.00
10463,52698,0.00
10464,51743,0.00
10465,49346,0.00
10466,44068,100.00
10467,37918,100.00
10468,28504,100.00
10469,28283,100.00
10470,24963,0.00
10471,20034,100.00
10472,25486,100.00
10473,22731,100.00
10474,24817,100.00
10475,25342,0.00
10476,58302,100.00
10477,54092,100.00
10478,33386,100.00
10479,29333,100.00
10480,24078,0.00
10481,20843,100.00
10482,45647,100.00
10483,217874,0.00
10484,147776,0.00
10485,162194,0.00
10486,150109,0.00
10487,204929,0.00
10488,157939,0.00
10489,221769,0.00
10490,44824,0.00
10491,44424,0.00
10492,182377,0.00
10493,49589,0.00
10494,137244,0.00
10495,42861,0.00
10496,56312,0.00
10497,43694,100.00
10498,31583,100.00
10499,33806,0.00
10500,45161,100.00
10501,40314,100.00
10502,31676,100.00
10503,23628,100.00
10504,25137,0.00
10505,20279,100.00
10506,19655,100.00
10507,18578,100.00
10508,21828,100.00
10509,23794,0.00
10510,22797,100.00
10511,58193,100.00
10512,53121,100.00
10513,45644,50.00
10514,47814,0.00
10515,210357,0.00
10516,161009,0.00
10517,50052,0.00
10518,209036,0.00
10519,197966,0.00
10520,171343,0.00
10521,211934,0.00
10522,46779,0.00
10523,226360,0.00
10524,154105,0.00
10525,212758,0.00
10526,57133,0.00
10527,44022,0.00
10528,31971,100.00
10529,25079,100.00
10530,26398,100.00
10531,25834,100.00
10532,25619,0.00
10533,20349,100.00
10534,50779,100.00
10535,50435,100.00
10536,40552,100.00
10537,21499,0.00
10538,45087,50.00
10539,48932,0.00
10540,44129,0.00
10541,48517,0.00
10542,208849,0.00
10543,137249,0.00
10544,44423,0.00
10545,43631,0.00
10546,162399,0.00
10547,238075,0.00
10548,49594,100.00
10549,38548,0.00
10550,35125,100.00
10551,35697,100.00
10552,26018,100.00
10553,27095,100.00
10554,20751,0.00
10555,147685,100.00
10556,48072,100.00
10557,28084,100.00
10558,23954,100.00
10559,21636,0.00
10560,23375,100.00
10561,25448,100.00
10562,26144,100.00
10563,33386,100.00
10564,29797,0.00
10565,42565,0.00
10566,162169,0.00
10567,48859,0.00
10568,206920,0.00
10569,219292,0.00
10570,50791,0.00
10571,226053,0.00
10572,207619,0.00
10573,46903,0.00
10574,49451,0.00
10575,152380,0.00
10576,231002,0.00
10577,185323,0.00
10578,54682,100.00
10579,49778,100.00
10580,26768,100.00
10581,26897,100.00
10582,26980,0.00
10583,20245,100.00
10584,19363,100.00
10585,18828,100.00
10586,23737,100.00
10587,25624,0.00
10588,41305,100.00
10589,58305,100.00
10590,45492,100.00
10591,34143,100.00
10592,25316,0.00
10593,21176,100.00
10594,32269,100.00
10595,48518,0.00
10596,111383,0.00
10597,243735,0.00
10598,240289,0.00
10599,150674,0.00
10600,246117,0.00
10601,67754,0.00
10602,218689,0.00
10603,47440,0.00
10604,200062,0.00
10605,45046,0.00
10606,43726,0.00
10607,125837,0.00
10608,70679,0.00
10609,56291,100.00
10610,28649,100.00
10611,43263,0.00
10612,41158,100.00
10613,43872,100.00
10614,25889,100.00
10615,21343,100.00
10616,21616,0.00
10617,19083,100.00
10618,20478,100.00
10619,20339,100.00
10620,27999,100.00
10621,25451,0.00
10622,44924,100.00
10623,42168,100.00
10624,45684,100.00
10625,30404,100.00
10626,34073,0.00
10627,36896,0.00
10628,41024,0.00
10629,43492,0.00
10630,51445,0.00
10631,37073,0.00
10632,43290,0.00
10633,203727,0.00
10634,51125,0.00
10635,212613,0.00
10636,223822,0.00
10637,217217,0.00
10638,52629,0.00
10639,172641,0.00
10640,154080,0.00
10641,49126,100.00
10642,40291,100.00
10643,28272,0.00
10644,29140,100.00
10645,24607,100.00
10646,38236,100.00
10647,33962,100.00
10648,37988,0.00
10649,23388,100.00
10650,19953,100.00
10651,22356,100.00
10652,24625,100.00
10653,19130,0.00
10654,18375,100.00
10655,38067,50.00
10656,40069,0.00
10657,41191,0.00
10658,42382,0.00
10659,195660,0.00
10660,149398,0.00
10661,48264,0.00
10662,120647,0.00
10663,201930,0.00
10664,44844,0.00
10665,37197,0.00
10666,51616,100.00
10667,29254,0.00
10668,33881,100.00
10669,52690,0.00
10670,62184,100.00
10671,25703,100.00
10672,21178,100.00
10673,23103,100.00
10674,20440,0.00
10675,22824,100.00
10676,25097,100.00
10677,24239,100.00
10678,23513,100.00
10679,44042,0.00
10680,47850,100.00
10681,34307,100.00
10682,28357,50.00
10683,43128,0.00
10684,40381,0.00
10685,175658,0.00
10686,45250,0.00
10687,49074,0.00
10688,44562,0.00
10689,43143,0.00
10690,45579,0.00
10691,49159,0.00
10692,44849,0.00
10693,37688,0.00
10694,39539,0.00
10695,48694,0.00
10696,36726,100.00
10697,25580,0.00
10698,28846,100.00
10699,30150,100.00
10700,28768,100.00
10701,26771,100.00
10702,46853,0.00
10703,40559,100.00
10704,32523,100.00
10705,25109,100.00
10706,22574,100.00
10707,20631,0.00
10708,22602,100.00
10709,29911,100.00
10710,28725,100.00
10711,22594,100.00
10712,47660,0.00
10713,137191,0.00
10714,134200,0.00
10715,135356,0.00
10716,47046,0.00
10717,45403,0.00
10718,131226,0.00
10719,50906,0.00
10720,48807,0.00
10721,237803,0.00
10722,181063,0.00
10723,58788,0.00
10724,73624,0.00
10725,52019,0.00
10726,51786,100.00
10727,54524,100.00
10728,30008,0.00
10729,27713,100.00
10730,24836,100.00
10731,20313,100.00
10732,19227,100.00
10733,22083,0.00
10734,27274,100.00
10735,24652,100.00
10736,51387,100.00
10737,48065,100.00
10738,37642,0.00
10739,26524,100.00
10740,30549,100.00
10741,20662,100.00
10742,41409,100.00
10743,226096,0.00
10744,161178,0.00
10745,209973,0.00
10746,219606,0.00
10747,48710,0.00
10748,202861,0.00
10749,44716,0.00
10750,149739,0.00
10751,141077,0.00
10752,54797,0.00
10753,42147,0.00
10754,48648,0.00
10755,54265,0.00
10756,60297,0.00
10757,50636,0.00
10758,32049,100.00
10759,41343,100.00
10760,44201,100.00
10761,48931,100.00
10762,26787,0.00
10763,22528,100.00
10764,24019,100.00
10765,36285,100.00
10766,20849,100.00
10767,18369,0.00
10768,22709,100.00
10769,30937,100.00
10770,35033,100.00
10771,50855,100.00
10772,53781,0.00
10773,42491,100.00
10774,195333,0.00
10775,206229,0.00
10776,157685,0.00
10777,219764,0.00
10778,152296,0.00
10779,158751,0.00
10780,196860,0.00
10781,283285,0.00
10782,225938,0.00
10783,223007,0.00
10784,214864,0.00
10785,160360,0.00
10786,61947,0.00
10787,49944,100.00
10788,33945,0.00
10789,24863,100.00
10790,24490,100.00
10791,25866,100.00
10792,26730,100.00
10793,24087,0.00
10794,53292,100.00
10795,54065,100.00
10796,25738,100.00
10797,22509,100.00
10798,42836,0.00
10799,38586,0.00
10800,42347,0.00
10801,47528,0.00
10802,51982,0.00
10803,48676,0.00
10804,51453,0.00
10805,51876,0.00
10806,50389,0.00
10807,49061,0.00
10808,65769,100.00
10809,41888,100.00
10810,22769,0.00
10811,18667,100.00
10812,23655,100.00
10813,23548,100.00
10814,45287,100.00
10815,43235,0.00
10816,35679,100.00
10817,27209,100.00
10818,24010,100.00
10819,22254,100.00
10820,22783,0.00
10821,25403,100.00
10822,23356,100.00
10823,32532,100.00
10824,47926,100.00
10825,42168,0.00
10826,44220,0.00
10827,43919,0.00
10828,41578,0.00
10829,45572,0.00
10830,48308,0.00
10831,44119,0.00
10832,40880,0.00
10833,42606,0.00
10834,39204,0.00
10835,43396,0.00
10836,45915,0.00
10837,45276,0.00
10838,52158,0.00
10839,72131,66.67
10840,21461,0.00
10841,19826,0.00
10842,24729,100.00
10843,21020,100.00
10844,21026,0.00
10845,18753,100.00
10846,22315,100.00
10847,25047,100.00
10848,23758,100.00
10849,56872,0.00
10850,52142,100.00
10851,24466,100.00
10852,23770,100.00
10853,37556,100.00
10854,21712,0.00
10855,22432,100.00
10856,47803,100.00
10857,138794,0.00
10858,165028,0.00
10859,235698,0.00
10860,226625,0.00
10861,156212,0.00
10862,209897,0.00
10863,50425,0.00
10864,122669,0.00
10865,158233,0.00
10866,49903,0.00
10867,52025,0.00
10868,159048,0.00
10869,62128,0.00
10870,47848,100.00
10871,41596,100.00
10872,43303,0.00
10873,48220,100.00
10874,24996,100.00
10875,24601,100.00
10876,25069,100.00
10877,22190,0.00
10878,19437,100.00
10879,18202,100.00
10880,21827,100.00
10881,24713,100.00
10882,28870,0.00
10883,53980,100.00
10884,50732,100.00
10885,29501,100.00
10886,25878,100.00
10887,163931,0.00
10888,167528,0.00
10889,151328,0.00
10890,136907,0.00
10891,202732,0.00
10892,184913,0.00
10893,230069,0.00
10894,47975,0.00
10895,49077,0.00
10896,149752,0.00
10897,219994,0.00
10898,51247,0.00
10899,47121,0.00
10900,52581,0.00
10901,58013,0.00
10902,41863,100.00
10903,27199,100.00
10904,29657,0.00
10905,25124,100.00
10906,22002,100.00
10907,44550,100.00
10908,47475,100.00
10909,27923,0.00
10910,22152,100.00
10911,22666,100.00
10912,24447,100.00
10913,19013,100.00
10914,18553,0.00
10915,21363,100.00
10916,31430,100.00
10917,48299,0.00
10918,48304,0.00
10919,47821,0.00
10920,49376,0.00
10921,197910,0.00
10922,131231,0.00
10923,47365,0.00
10924,151229,0.00
10925,196130,0.00
10926,50954,0.00
10927,51314,0.00
10928,63234,50.00
10929,27349,0.00
10930,72195,100.00
10931,55337,0.00
10932,26012,100.00
10933,23610,100.00
10934,23007,100.00
10935,19964,100.00
10936,28347,0.00
10937,25288,100.00
10938,24879,100.00
10939,40247,100.00
10940,36845,100.00
10941,39945,0.00
10942,24570,100.00
10943,42435,100.00
10944,169743,0.00
10945,223069,0.00
10946,66723,0.00
10947,50794,0.00
10948,132033,0.00
10949,188562,0.00
10950,49740,0.00
10951,116755,0.00
10952,118346,0.00
10953,144236,0.00
10954,168781,0.00
10955,57369,0.00
10956,45504,100.00
10957,29489,100.00
10958,24295,0.00
10959,24048,100.00
10960,24873,100.00
10961,23774,100.00
10962,49360,100.00
10963,45808,0.00
10964,26543,100.00
10965,23218,100.00
10966,24089,100.00
10967,21084,100.00
10968,23355,0.00
10969,29195,100.00
10970,29232,100.00
10971,19719,100.00
10972,37648,0.00
10973,38617,0.00
10974,40511,0.00
10975,79256,0.00
10976,129464,0.00
10977,47063,0.00
10978,46897,0.00
10979,210709,0.00
10980,146782,0.00
10981,210239,0.00
10982,214543,0.00
10983,169610,0.00
10984,67229,0.00
10985,63555,0.00
10986,60493,100.00
10987,47503,100.00
10988,22139,100.00
10989,22516,0.00
10990,27088,100.00
10991,20464,100.00
10992,18312,100.00
10993,21808,100.00
10994,24226,0.00
10995,23235,100.00
10996,55721,100.00
10997,49631,100.00
10998,30362,100.00
10999,22640,0.00
11000,43622,100.00
11001,31273,100.00
11002,42557,0.00
11003,197944,0.00
11004,181401,0.00
11005,49482,0.00
11006,199249,0.00
11007,140781,0.00
11008,383647,0.00
11009,134624,0.00
11010,133366,0.00
11011,253653,0.00
11012,192077,0.00
11013,187326,0.00
11014,46137,0.00
11015,71874,66.67
11016,20402,0.00
11017,24150,0.00
11018,22323,100.00
11019,59699,100.00
11020,53917,0.00
11021,55750,100.00
11022,24774,100.00
11023,63667,0.00
11024,24507,100.00
11025,20759,100.00
11026,20558,100.00
11027,18665,100.00
11028,29246,0.00
11029,24317,100.00
11030,43825,100.00
11031,44559,100.00
11032,43145,100.00
11033,24882,0.00
11034,169177,0.00
11035,255299,0.00
11036,220872,0.00
11037,210676,0.00
11038,51179,0.00
11039,237801,0.00
11040,51044,0.00
11041,48865,0.00
11042,224606,0.00
11043,84218,0.00
11044,234378,0.00
11045,212495,0.00
11046,129288,0.00
11047,212725,0.00
11048,68637,0.00
11049,44465,100.00
11050,26179,100.00
11051,28567,100.00
11052,26786,100.00
11053,25136,0.00
11054,46431,100.00
11055,45988,100.00
11056,52056,100.00
11057,27299,100.00
11058,21002,0.00
11059,47405,50.00
11060,58994,0.00
11061,47595,0.00
11062,46482,0.00
11063,66537,0.00
11064,50212,0.00
11065,149300,0.00
11066,46853,0.00
11067,49901,0.00
11068,60178,0.00
11069,44316,100.00
11070,27291,100.00
11071,21833,100.00
11072,24351,0.00
11073,27305,100.00
11074,38438,100.00
11075,46497,100.00
11076,44828,100.00
11077,27629,0.00
11078,31210,100.00
11079,22148,100.00
11080,20706,100.00
11081,22445,100.00
11082,28098,0.00
11083,22763,100.00
11084,40052,100.00
11085,35831,100.00
11086,42737,50.00
11087,46893,0.00
11088,150999,0.00
11089,465612,0.00
11090,148610,50.00
11091,43119,0.00
11092,44247,0.00
11093,42452,0.00
11094,149293,0.00
11095,47193,0.00
11096,219977,0.00
11097,45955,0.00
11098,46452,0.00
11099,144218,0.00
11100,64813,0.00
11101,25150,0.00
11102,30065,100.00
11103,24950,100.00
11104,21879,100.00
11105,20590,100.00
11106,17872,0.00
11107,21794,100.00
11108,24196,100.00
11109,23741,100.00
11110,61781,100.00
11111,53419,0.00
11112,27382,100.00
11113,25430,100.00
11114,21017,100.00
11115,31966,100.00
11116,22828,0.00
11117,24182,100.00
11118,50110,100.00
11119,206604,0.00
11120,46546,0.00
11121,48717,0.00
11122,47770,0.00
11123,47514,0.00
11124,50747,0.00
11125,45428,0.00
11126,46510,0.00
11127,48565,0.00
11128,43099,0.00
11129,51960,0.00
11130,48645,0.00
11131,146461,0.00
11132,69863,66.67
11133,20138,0.00
11134,48247,0.00
11135,50984,0.00
11136,24012,100.00
11137,20861,100.00
11138,24614,100.00
11139,19853,100.00
11140,19639,0.00
11141,18348,100.00
11142,22543,100.00
11143,24825,100.00
11144,31267,100.00
11145,55597,0.00
11146,58493,100.00
11147,38587,100.00
11148,25925,100.00
11149,40736,100.00
11150,37185,0.00
11151,39495,0.00
11152,43004,0.00
11153,45273,0.00
11154,139263,0.00
11155,45704,0.00
11156,46842,0.00
11157,207686,0.00
11158,42922,0.00
11159,45760,0.00
11160,51461,0.00
11161,49588,0.00
11162,48393,0.00
11163,51915,0.00
11164,42431,0.00
11165,30674,100.00
11166,27557,100.00
11167,23665,100.00
11168,45740,100.00
11169,51476,0.00
11170,26334,100.00
11171,20042,100.00
11172,21642,100.00
11173,19997,100.00
11174,19588,0.00
11175,21182,100.00
11176,21244,100.00
11177,23870,100.00
11178,25571,100.00
11179,51105,0.00
11180,158811,50.00
11181,138691,0.00
11182,54839,0.00
11183,46648,0.00
11184,133339,0.00
11185,178874,0.00
11186,195694,0.00
11187,117995,0.00
11188,133364,0.00
11189,138050,0.00
11190,205434,0.00
11191,153806,0.00
11192,196732,0.00
11193,207202,0.00
11194,66595,100.00
11195,22564,0.00
11196,28812,100.00
11197,23806,100.00
11198,21417,0.00
11199,24054,100.00
11200,26574,100.00
11201,23157,100.00
11202,38456,100.00
11203,35203,0.00
11204,41020,100.00
11205,23239,100.00
11206,28885,50.00
11207,41477,0.00
11208,47596,0.00
11209,40855,0.00
11210,42984,0.00
11211,49785,0.00
11212,46010,0.00
11213,48473,0.00
11214,47023,0.00
11215,45841,0.00
11216,45201,0.00
11217,39498,100.00
11218,24628,100.00
11219,23812,100.00
11220,23352,0.00
11221,24402,100.00
11222,23234,100.00
11223,55334,100.00
11224,48951,100.00
11225,33944,0.00
11226,25573,100.00
11227,20032,100.00
11228,20072,100.00
11229,23037,100.00
11230,24155,0.00
11231,28441,100.00
11232,20483,100.00
11233,160765,0.00
11234,45483,0.00
11235,138394,0.00
11236,139923,0.00
11237,46486,0.00
11238,42703,0.00
11239,44308,0.00
11240,49477,0.00
11241,132475,0.00
11242,49193,0.00
11243,42590,0.00
11244,46087,0.00
11245,67448,100.00
11246,18206,0.00
11247,48212,0.00
11248,24800,0.00
11249,22578,100.00
11250,25062,100.00
11251,21953,100.00
11252,19171,100.00
11253,19711,0.00
11254,22826,100.00
11255,24096,100.00
11256,37800,100.00
11257,40643,100.00
11258,45485,0.00
11259,26715,100.00
11260,37217,100.00
11261,21883,100.00
11262,35511,50.00
11263,132042,0.00
11264,53343,0.00
11265,100730,0.00
11266,116009,0.00
11267,202270,0.00
11268,214166,0.00
11269,200620,0.00
11270,51638,0.00
11271,49959,0.00
11272,48051,0.00
11273,48112,0.00
11274,143287,0.00
11275,210359,0.00
11276,65848,0.00
11277,55526,0.00
11278,34347,100.00
11279,43286,100.00
11280,47189,100.00
11281,48813,100.00
11282,38236,0.00
11283,21725,100.00
11284,21410,100.00
11285,19907,100.00
11286,20138,100.00
11287,18485,0.00
11288,22670,100.00
11289,24561,100.00
11290,40703,100.00
11291,58404,100.00
11292,52928,0.00
11293,27610,100.00
11294,157585,0.00
11295,50670,0.00
11296,210981,0.00
11297,196599,0.00
11298,106966,0.00
11299,48648,0.00
11300,48719,0.00
11301,51601,0.00
11302,51951,0.00
11303,193172,0.00
11304,180402,0.00
11305,168652,0.00
11306,194890,0.00
11307,69201,66.67
11308,18718,0.00
11309,20712,0.00
11310,25490,100.00
11311,26428,0.00
11312,36696,100.00
11313,35569,100.00
11314,41436,100.00
11315,45260,100.00
11316,26386,0.00
11317,22226,100.00
11318,32450,100.00
11319,45102,0.00
11320,184227,0.00
11321,51054,0.00
11322,185152,0.00
11323,155668,0.00
11324,144531,0.00
11325,48348,0.00
11326,155371,0.00
11327,59481,0.00
11328,44128,100.00
11329,29733,100.00
11330,23252,0.00
11331,25077,100.00
11332,24415,100.00
11333,44201,100.00
11334,41926,100.00
11335,40914,0.00
11336,27203,100.00
11337,23738,100.00
11338,20389,100.00
11339,38981,100.00
11340,31760,0.00
11341,31080,100.00
11342,23875,100.00
11343,43104,100.00
11344,39333,100.00
11345,172242,0.00
11346,48791,0.00
11347,49522,0.00
11348,162938,0.00
11349,202743,0.00
11350,199077,0.00
11351,152564,0.00
11352,193198,0.00
11353,42338,0.00
11354,48483,0.00
11355,136551,0.00
11356,47490,0.00
11357,48198,0.00
11358,71350,50.00
11359,20837,0.00
11360,21395,0.00
11361,25152,100.00
11362,20161,100.00
11363,20949,100.00
11364,19465,0.00
11365,22135,100.00
11366,25229,100.00
11367,23532,100.00
11368,59985,100.00
11369,53699,0.00
11370,25824,100.00
11371,23298,100.00
11372,37036,100.00
11373,21155,100.00
11374,22561,0.00
11375,24655,100.00
11376,32628,100.00
11377,46184,0.00
11378,43797,0.00
11379,43907,0.00
11380,42973,0.00
11381,45735,0.00
11382,45532,0.00
11383,47085,0.00
11384,52747,0.00
11385,191479,0.00
11386,51758,0.00
11387,50237,0.00
11388,166550,0.00
11389,183692,0.00
11390,68137,66.67
11391,19974,0.00
11392,55379,0.00
11393,59104,0.00
11394,28581,100.00
11395,23043,100.00
11396,22865,100.00
11397,19943,100.00
11398,19487,0.00
11399,18518,100.00
11400,22881,100.00
11401,25881,100.00
11402,24449,100.00
11403,52132,0.00
11404,52923,100.00
11405,24651,100.00
11406,26362,100.00
11407,23668,100.00
11408,33451,0.00
11409,44313,0.00
11410,135142,0.00
11411,212762,0.00
11412,144875,0.00
11413,209054,0.00
11414,45503,0.00
11415,137331,0.00
11416,51880,0.00
11417,48483,0.00
11418,42462,0.00
11419,47478,0.00
11420,50835,0.00
11421,182645,0.00
11422,66201,66.67
11423,19851,0.00
11424,26475,0.00
11425,27498,100.00
11426,25612,100.00
11427,55994,0.00
11428,54598,100.00
11429,24108,100.00
11430,21524,100.00
11431,22730,100.00
11432,19426,0.00
11433,20660,100.00
11434,18183,100.00
11435,28212,100.00
11436,24792,100.00
11437,23906,0.00
11438,47681,100.00
11439,38774,100.00
11440,38949,0.00
11441,38854,0.00
11442,35650,0.00
11443,35035,0.00
11444,46772,0.00
11445,40471,0.00
11446,38682,0.00
11447,37070,0.00
11448,40918,0.00
11449,37872,0.00
11450,46941,0.00
11451,36856,0.00
11452,35753,0.00
11453,40777,0.00
11454,40915,100.00
11455,30604,100.00
11456,25310,0.00
11457,24129,100.00
11458,25204,100.00
11459,24373,100.00
11460,23018,100.00
11461,47955,0.00
11462,47713,100.00
11463,22955,100.00
11464,26356,100.00
11465,38650,0.00
11466,111344,0.00
11467,40724,0.00
11468,40431,0.00
11469,178688,0.00
11470,208001,0.00
11471,48930,0.00
11472,48242,0.00
11473,51163,0.00
11474,49162,0.00
11475,40958,100.00
11476,25432,0.00
11477,22769,100.00
11478,27318,100.00
11479,26211,100.00
11480,23877,100.00
11481,59890,0.00
11482,45128,100.00
11483,28168,100.00
11484,21220,100.00
11485,24664,100.00
11486,21428,0.00
11487,22400,100.00
11488,30175,100.00
11489,30553,100.00
11490,31652,100.00
11491,136462,0.00
11492,158226,0.00
11493,140900,0.00
11494,49060,0.00
11495,193550,0.00
11496,56777,0.00
11497,51469,0.00
11498,170957,0.00
11499,46161,0.00
11500,48561,0.00
11501,47433,0.00
11502,45651,0.00
11503,47507,0.00
11504,50701,0.00
11505,46305,100.00
11506,44866,100.00
11507,22990,0.00
11508,25607,100.00
11509,23760,100.00
11510,20253,100.00
11511,18658,100.00
11512,22717,0.00
11513,29574,100.00
11514,24135,100.00
11515,41804,100.00
11516,40406,100.00
11517,23511,0.00
11518,20219,100.00
11519,27048,100.00
11520,20835,100.00
11521,41254,50.00
11522,47889,0.00
11523,179764,0.00
11524,186026,0.00
11525,50691,0.00
11526,48736,0.00
11527,49372,0.00
11528,167160,0.00
11529,44337,0.00
11530,52541,0.00
11531,48380,0.00
11532,46502,0.00
11533,51483,0.00
11534,49450,0.00
11535,75866,0.00
11536,54124,0.00
11537,29817,100.00
11538,24044,100.00
11539,52710,100.00
11540,50262,100.00
11541,26705,0.00
11542,23224,100.00
11543,24825,100.00
11544,21758,100.00
11545,24368,100.00
11546,20988,0.00
11547,23214,100.00
11548,25077,100.00
11549,24679,100.00
11550,58121,100.00
11551,56992,0.00
11552,27655,100.00
11553,23979,100.00
11554,178551,0.00
11555,51416,0.00
11556,148719,0.00
11557,49552,0.00
11558,142981,0.00
11559,144265,0.00
11560,154888,0.00
11561,146401,0.00
11562,50168,0.00
11563,48691,0.00
11564,49403,0.00
11565,48452,0.00
11566,47670,0.00
11567,51924,0.00
11568,63686,66.67
11569,16774,0.00
11570,19540,0.00
11571,22636,100.00
11572,25206,100.00
11573,30501,0.00
11574,37349,100.00
11575,34755,100.00
11576,39849,100.00
11577,22798,100.00
11578,21852,0.00
11579,21848,100.00
11580,38703,50.00
11581,35781,0.00
11582,40984,0.00
11583,40024,0.00
11584,43032,0.00
11585,43237,0.00
11586,215541,0.00
11587,45845,0.00
11588,57620,0.00
11589,41575,0.00
11590,39029,100.00
11591,26153,100.00
11592,26620,0.00
11593,27628,100.00
11594,35222,100.00
11595,53541,100.00
11596,49114,100.00
11597,26343,0.00
11598,24774,100.00
11599,19873,100.00
11600,21802,100.00
11601,24316,100.00
11602,23364,0.00
11603,20563,100.00
11604,46119,100.00
11605,42628,100.00
11606,34646,100.00
11607,39633,0.00
11608,43300,0.00
11609,45746,0.00
11610,148603,0.00
11611,200082,0.00
11612,47966,0.00
11613,45586,0.00
11614,42403,0.00
11615,47700,0.00
11616,133783,0.00
11617,54595,0.00
11618,61126,0.00
11619,49883,0.00
11620,48278,0.00
11621,59126,100.00
11622,25184,0.00
11623,27141,100.00
11624,26175,0.00
11625,21894,100.00
11626,18373,100.00
11627,22378,100.00
11628,24660,100.00
11629,32707,0.00
11630,50324,100.00
11631,47296,100.00
11632,26259,100.00
11633,33900,100.00
11634,19917,0.00
11635,20896,100.00
11636,27681,100.00
11637,23442,100.00
11638,41057,50.00
11639,46055,0.00
11640,45404,0.00
11641,40770,0.00
11642,44568,0.00
11643,40950,0.00
11644,39375,0.00
11645,46920,0.00
11646,43058,0.00
11647,38251,0.00
11648,39100,0.00
11649,36279,0.00
11650,38552,0.00
11651,38234,0.00
11652,46362,0.00
11653,48041,0.00
11654,49385,100.00
11655,27351,100.00
11656,33582,100.00
11657,27277,100.00
11658,21155,0.00
11659,21174,100.00
11660,18311,100.00
11661,21582,100.00
11662,24128,100.00
11663,23939,0.00
11664,55851,100.00
11665,45604,100.00
11666,32531,100.00
11667,32594,100.00
11668,21965,0.00
11669,16657,100.00
11670,59729,50.00
11671,142794,0.00
11672,217230,0.00
11673,49407,0.00
11674,48902,0.00
11675,189838,0.00
11676,46714,0.00
11677,44788,0.00
11678,192080,0.00
11679,180335,0.00
11680,52145,0.00
11681,51282,0.00
11682,156876,0.00
11683,217142,0.00
11684,71856,0.00
11685,52439,0.00
11686,30392,100.00
11687,31945,100.00
11688,55600,100.00
11689,56792,100.00
11690,29513,0.00
11691,21989,100.00
11692,22970,100.00
11693,26574,100.00
11694,20360,100.00
11695,18694,0.00
11696,21866,100.00
11697,24247,100.00
11698,33999,100.00
11699,53223,100.00
11700,42554,0.00
11701,136748,0.00
11702,47027,0.00
11703,45396,0.00
11704,44992,0.00
11705,50292,0.00
11706,211304,0.00
11707,44075,0.00
11708,44529,0.00
11709,48486,0.00
11710,144639,0.00
11711,44874,0.00
11712,48561,0.00
11713,51927,0.00
11714,51619,100.00
11715,46915,100.00
11716,26229,100.00
11717,21026,100.00
11718,25029,0.00
11719,26920,100.00
11720,25219,100.00
11721,34491,100.00
11722,34425,100.00
11723,40137,0.00
11724,23491,100.00
11725,26357,100.00
11726,41394,0.00
11727,45769,0.00
11728,42660,0.00
11729,175401,0.00
11730,129396,0.00
11731,235847,0.00
11732,47026,0.00
11733,43362,0.00
11734,45848,0.00
11735,49519,0.00
11736,40057,100.00
11737,25603,100.00
11738,21742,0.00
11739,24603,100.00
11740,26471,100.00
11741,24484,100.00
11742,57298,100.00
11743,52921,0.00
11744,24626,100.00
11745,23398,100.00
11746,23481,100.00
11747,19751,100.00
11748,21967,0.00
11749,32182,100.00
11750,28960,100.00
11751,23732,100.00
11752,195835,0.00
11753,44316,0.00
11754,121565,0.00
11755,118858,0.00
11756,43006,0.00
11757,38780,0.00
11758,44111,0.00
11759,41280,0.00
11760,143325,0.00
11761,44227,0.00
11762,46981,0.00
11763,43193,0.00
11764,59471,0.00
11765,49310,0.00
11766,53621,100.00
11767,27594,100.00
11768,25571,100.00
11769,25566,0.00
11770,21567,100.00
11771,19263,100.00
11772,20138,100.00
11773,23381,100.00
11774,25032,0.00
11775,45715,100.00
11776,47499,100.00
11777,39312,100.00
11778,23003,100.00
11779,23654,0.00
11780,24600,100.00
11781,19361,100.00
11782,38505,0.00
11783,43370,0.00
11784,190770,0.00
11785,137398,0.00
11786,214195,0.00
11787,144971,0.00
11788,142648,0.00
11789,135567,0.00
11790,187122,0.00
11791,216764,0.00
11792,194472,0.00
11793,201663,0.00
11794,207072,0.00
11795,68512,0.00
11796,55558,100.00
11797,33463,100.00
11798,50468,0.00
11799,49972,100.00
11800,57619,100.00
11801,44786,100.00
11802,23666,100.00
11803,23032,0.00
11804,20611,100.00
11805,20714,100.00
11806,19496,100.00
11807,22031,100.00
11808,31508,0.00
11809,43448,100.00
11810,53582,100.00
11811,46461,100.00
11812,25417,100.00
11813,23788,0.00
11814,44961,0.00
11815,47364,0.00
11816,49287,0.00
11817,50970,0.00
11818,47666,0.00
11819,49845,0.00
11820,48737,0.00
11821,49080,0.00
11822,204838,0.00
11823,127493,0.00
11824,47212,0.00
11825,194701,0.00
11826,131915,0.00
11827,176000,0.00
11828,63672,0.00
11829,40912,100.00
11830,32050,100.00
11831,28458,100.00
11832,25217,100.00
11833,35411,0.00
11834,40572,100.00
11835,46551,100.00
11836,27115,100.00
11837,24152,100.00
11838,20546,0.00
11839,19131,100.00
11840,20167,100.00
11841,29781,100.00
11842,40751,0.00
11843,43865,0.00
11844,147433,0.00
11845,155671,0.00
11846,209792,0.00
11847,161325,0.00
11848,47849,0.00
11849,49127,0.00
11850,152875,0.00
11851,208992,0.00
11852,134374,0.00
11853,47528,100.00
11854,41571,0.00
11855,54210,100.00
11856,51281,100.00
11857,46061,100.00
11858,27358,100.00
11859,23981,0.00
11860,21818,100.00
11861,24371,100.00
11862,25522,100.00
11863,25451,100.00
11864,37840,0.00
11865,46562,100.00
11866,46853,100.00
11867,45308,100.00
11868,39310,0.00
11869,43816,0.00
11870,49028,0.00
11871,46945,0.00
11872,146821,0.00
11873,46656,0.00
11874,172743,0.00
11875,52018,0.00
11876,48228,0.00
11877,48636,0.00
11878,50843,0.00
11879,47889,0.00
11880,48184,0.00
11881,42572,100.00
11882,30447,100.00
11883,28008,100.00
11884,24836,0.00
11885,26796,100.00
11886,26241,100.00
11887,48979,100.00
11888,50096,100.00
11889,39975,0.00
11890,32460,100.00
11891,26978,100.00
11892,21682,100.00
11893,27847,100.00
11894,26031,0.00
11895,29142,100.00
11896,45074,100.00
11897,139174,0.00
11898,49162,0.00
11899,50256,0.00
11900,48759,0.00
11901,175744,0.00
11902,48695,0.00
11903,198386,0.00
11904,196756,0.00
11905,214963,0.00
11906,219296,0.00
11907,225665,0.00
11908,217683,0.00
11909,58430,0.00
11910,64691,100.00
11911,56408,100.00
11912,36143,100.00
11913,25750,100.00
11914,23974,0.00
11915,19423,100.00
11916,19291,100.00
11917,21167,100.00
11918,23331,100.00
11919,23912,0.00
11920,50665,100.00
11921,47899,100.00
11922,34469,100.00
11923,35477,100.00
11924,35124,0.00
11925,19989,100.00
11926,27784,100.00
11927,42100,0.00
11928,50504,0.00
11929,201144,0.00
11930,228448,0.00
11931,148919,0.00
11932,213370,0.00
11933,146240,0.00
11934,198727,0.00
11935,178487,0.00
11936,221157,0.00
11937,210622,0.00
11938,227081,0.00
11939,68679,0.00
11940,44550,0.00
11941,42807,100.00
11942,31204,100.00
11943,49460,100.00
11944,54092,100.00
11945,45494,0.00
11946,24854,100.00
11947,23358,100.00
11948,21022,100.00
11949,19781,100.00
11950,18040,0.00
11951,22384,100.00
11952,24748,100.00
11953,43914,100.00
11954,49786,100.00
11955,51657,0.00
11956,44967,100.00
11957,45179,0.00
11958,122902,0.00
11959,126725,0.00
11960,178661,0.00
11961,44050,0.00
11962,133524,0.00
11963,215775,0.00
11964,173760,0.00
11965,52549,0.00
11966,140824,0.00
11967,215554,0.00
11968,165068,0.00
11969,46167,100.00
11970,34114,0.00
11971,25860,100.00
11972,23978,100.00
11973,28789,100.00
11974,24491,100.00
11975,32254,0.00
11976,45919,100.00
11977,49281,100.00
11978,26147,100.00
11979,24075,100.00
11980,59788,0.00
11981,167603,0.00
11982,152604,0.00
11983,324562,0.00
11984,49668,0.00
11985,219765,0.00
11986,149095,0.00
11987,51022,0.00
11988,144855,0.00
11989,58866,50.00
11990,23479,0.00
11991,27490,100.00
11992,24785,100.00
11993,23245,100.00
11994,25337,0.00
11995,24214,100.00
11996,62654,100.00
11997,60658,100.00
11998,27682,100.00
11999,22246,0.00
12000,58635,100.00
12001,36359,100.00
12002,22839,100.00
12003,31029,100.00
12004,30023,0.00
12005,31272,100.00
12006,43698,100.00
12007,43111,100.00
12008,44588,0.00
12009,221758,0.00
12010,232332,0.00
12011,164272,0.00
12012,226654,0.00
12013,210804,0.00
12014,157003,0.00
12015,306122,0.00
12016,151686,0.00
12017,71706,0.00
12018,242218,0.00
12019,172681,0.00
12020,47347,0.00
12021,143989,0.00
12022,36947,0.00
12023,33854,100.00
12024,34499,100.00
12025,24699,100.00
12026,20929,0.00
12027,18556,100.00
12028,24066,100.00
12029,25311,100.00
12030,23421,100.00
12031,51413,0.00
12032,43965,100.00
12033,32382,100.00
12034,26281,100.00
12035,27357,100.00
12036,21285,0.00
12037,27164,100.00
12038,89860,50.00
12039,245328,0.00
12040,159434,0.00
12041,70359,0.00
12042,58558,0.00
12043,223543,0.00
12044,161282,0.00
12045,153120,0.00
12046,204223,0.00
12047,154967,0.00
12048,51082,0.00
12049,50244,0.00
12050,66176,50.00
12051,20537,0.00
12052,24570,0.00
12053,40093,100.00
12054,39065,100.00
12055,42860,100.00
12056,34224,0.00
12057,21518,100.00
12058,23441,100.00
12059,20716,100.00
12060,19292,100.00
12061,21645,0.00
12062,22318,100.00
12063,24027,100.00
12064,39014,100.00
12065,45541,100.00
12066,36268,0.00
12067,24888,100.00
12068,22339,100.00
12069,131080,0.00
12070,41535,0.00
12071,58022,0.00
12072,49313,0.00
12073,215370,0.00
12074,49719,0.00
12075,47578,0.00
12076,48372,0.00
12077,44715,0.00
12078,47739,0.00
12079,187250,0.00
12080,46743,0.00
12081,45769,0.00
12082,47705,0.00
12083,59170,0.00
12084,41956,100.00
12085,33155,100.00
12086,30168,0.00
12087,27354,100.00
12088,36607,100.00
12089,42386,100.00
12090,38369,100.00
12091,23672,0.00
12092,20983,100.00
12093,20498,100.00
12094,19597,100.00
12095,18757,100.00
12096,17925,0.00
12097,22381,100.00
12098,34686,50.00
12099,32182,0.00
12100,42769,0.00
12101,55788,0.00
12102,45525,0.00
12103,44115,0.00
12104,190169,0.00
12105,47119,0.00
12106,44648,0.00
12107,45043,0.00
12108,48813,0.00
12109,161270,0.00
12110,53980,0.00
12111,56089,100.00
12112,54013,100.00
12113,44799,0.00
12114,29692,100.00
12115,27035,100.00
12116,21367,100.00
12117,22703,100.00
12118,27608,0.00
12119,23908,100.00
12120,20933,100.00
12121,45966,100.00
12122,45061,100.00
12123,51534,0.00
12124,24898,100.00
12125,48296,0.00
12126,51124,0.00
12127,49378,0.00
12128,50673,0.00
12129,226360,0.00
12130,48790,0.00
12131,44607,0.00
12132,52615,0.00
12133,219186,0.00
12134,207008,0.00
12135,188876,0.00
12136,69079,66.67
12137,19965,0.00
12138,20761,0.00
12139,21206,100.00
12140,20617,0.00
12141,21820,100.00
12142,24635,100.00
12143,23478,100.00
12144,59754,100.00
12145,56708,0.00
12146,24936,100.00
12147,21487,100.00
12148,20802,100.00
12149,19998,100.00
12150,22546,0.00
12151,32778,100.00
12152,31735,100.00
12153,188562,50.00
12154,49320,0.00
12155,49261,0.00
12156,134748,0.00
12157,50446,0.00
12158,178501,0.00
12159,212430,0.00
12160,53913,0.00
12161,213324,0.00
12162,163813,0.00
12163,104686,0.00
12164,315133,0.00
12165,229559,0.00
12166,173539,0.00
12167,83905,100.00
12168,58110,0.00
12169,31965,100.00
12170,24871,100.00
12171,24863,100.00
12172,22269,100.00
12173,19845,0.00
12174,19296,100.00
12175,23999,100.00
12176,24483,100.00
12177,38470,100.00
12178,50665,0.00
12179,46767,100.00
12180,35872,100.00
12181,36949,100.00
12182,22294,100.00
12183,30442,0.00
12184,222541,0.00
12185,244682,0.00
12186,178333,0.00
12187,252122,0.00
12188,167845,0.00
12189,220642,0.00
12190,235320,0.00
12191,51012,0.00
12192,49460,0.00
12193,52751,0.00
12194,212488,0.00
12195,66439,0.00
12196,239761,0.00
12197,63339,0.00
12198,52339,100.00
12199,33611,100.00
12200,30084,100.00
12201,55878,100.00
12202,48554,0.00
12203,23491,100.00
12204,22542,100.00
12205,21861,100.00
12206,18402,100.00
12207,18690,0.00
12208,23041,100.00
12209,22848,100.00
12210,26048,100.00
12211,21501,100.00
12212,61166,0.00
12213,55354,100.00
12214,27014,100.00
12215,284338,0.00
12216,152193,0.00
12217,50405,0.00
12218,178815,0.00
12219,50027,0.00
12220,48274,0.00
12221,49432,0.00
12222,131454,0.00
12223,151204,0.00
12224,50785,0.00
12225,51017,0.00
12226,155988,0.00
12227,48419,0.00
12228,147593,0.00
12229,73083,0.00
12230,50489,100.00
12231,24733,100.00
12232,26398,100.00
12233,32345,0.00
12234,25884,100.00
12235,33821,100.00
12236,54893,100.00
12237,57344,100.00
12238,28676,0.00
12239,21610,100.00
12240,39709,50.00
12241,44750,0.00
12242,48186,0.00
12243,46442,0.00
12244,45949,0.00
12245,40694,0.00
12246,47034,0.00
12247,154664,0.00
12248,329304,0.00
12249,61484,0.00
12250,40942,100.00
12251,27533,100.00
12252,25462,0.00
12253,25911,100.00
12254,27155,100.00
12255,32833,100.00
12256,51274,100.00
12257,49719,0.00
12258,28659,100.00
12259,24714,100.00
12260,21425,100.00
12261,21006,100.00
12262,32725,0.00
12263,27255,100.00
12264,24096,100.00
12265,36373,100.00
12266,39274,100.00
12267,123828,0.00
12268,226850,0.00
12269,48615,0.00
12270,45492,0.00
12271,47954,0.00
12272,46831,0.00
12273,48323,0.00
12274,44034,0.00
12275,191786,0.00
12276,146714,0.00
12277,50395,0.00
12278,170073,0.00
12279,53957,0.00
12280,179881,0.00
12281,69226,50.00
12282,29075,0.00
12283,31403,100.00
12284,26972,0.00
12285,23120,100.00
12286,22822,100.00
12287,19294,100.00
12288,22260,100.00
12289,26110,0.00
12290,24194,100.00
12291,61151,100.00
12292,55212,100.00
12293,38812,100.00
12294,29526,0.00
12295,25005,100.00
12296,30586,100.00
12297,29897,100.00
12298,28527,100.00
12299,218453,0.00
12300,221440,0.00
12301,142163,0.00
12302,69432,0.00
12303,60713,0.00
12304,167888,0.00
12305,59184,0.00
12306,293096,0.00
12307,64551,0.00
12308,76721,0.00
12309,63189,0.00
12310,242975,0.00
12311,279612,0.00
12312,52188,0.00
12313,288181,0.00
12314,58887,100.00
12315,59616,100.00
12316,52005,100.00
12317,40978,100.00
12318,28637,0.00
12319,24202,100.00
12320,21060,100.00
12321,23257,100.00
12322,20444,100.00
12323,23838,0.00
12324,27015,100.00
12325,24330,100.00
12326,56274,100.00
12327,50602,100.00
12328,45876,0.00
12329,31115,100.00
12330,33961,100.00
12331,228093,0.00
12332,47325,0.00
12333,138861,0.00
12334,56979,0.00
12335,148052,0.00
12336,227829,0.00
12337,231760,0.00
12338,160191,0.00
12339,180346,0.00
12340,247373,0.00
12341,385160,0.00
12342,165672,0.00
12343,260868,0.00
12344,68119,0.00
12345,50660,100.00
12346,43187,100.00
12347,29030,0.00
12348,22777,100.00
12349,55187,100.00
12350,53851,100.00
12351,42370,100.00
12352,23352,0.00
12353,21580,100.00
12354,21472,100.00
12355,20297,100.00
12356,19478,100.00
12357,21815,0.00
12358,26500,100.00
12359,40251,100.00
12360,61935,100.00
12361,50051,100.00
12362,156693,0.00
12363,156388,0.00
12364,152599,0.00
12365,157958,0.00
12366,160423,0.00
12367,249308,0.00
12368,321231,0.00
12369,231892,0.00
12370,196729,0.00
12371,138629,0.00
12372,217381,0.00
12373,169114,0.00
12374,226021,0.00
12375,68820,50.00
12376,18271,0.00
12377,23262,0.00
12378,24954,100.00
12379,22418,100.00
12380,23137,100.00
12381,25313,0.00
12382,33585,100.00
12383,38446,100.00
12384,48948,100.00
12385,52441,100.00
12386,24246,0.00
12387,41474,100.00
12388,179025,0.00
12389,218113,0.00
12390,158131,0.00
12391,145780,0.00
12392,172300,0.00
12393,244301,0.00
12394,189400,0.00
12395,148479,0.00
12396,140660,0.00
12397,66468,0.00
12398,48514,100.00
12399,26721,100.00
12400,21390,100.00
12401,24703,0.00
12402,24171,100.00
12403,24694,100.00
12404,55670,100.00
12405,47460,100.00
12406,30068,0.00
12407,27474,100.00
12408,23928,100.00
12409,21096,100.00
12410,25815,100.00
12411,25574,0.00
12412,30529,100.00
12413,24190,50.00
12414,40855,0.00
12415,40108,0.00
12416,47932,0.00
12417,227041,0.00
12418,244193,0.00
12419,172912,0.00
12420,182025,0.00
12421,71055,0.00
12422,53201,0.00
12423,196342,0.00
12424,191148,0.00
12425,154218,0.00
12426,48223,0.00
12427,56774,0.00
12428,54624,100.00
12429,50361,100.00
12430,26150,0.00
12431,28702,100.00
12432,23690,100.00
12433,19025,100.00
12434,20015,100.00
12435,18402,0.00
12436,22736,100.00
12437,24035,100.00
12438,48314,100.00
12439,47228,100.00
12440,39033,0.00
12441,23565,100.00
12442,29495,100.00
12443,21330,100.00
12444,18642,100.00
12445,39405,0.00
12446,43190,0.00
12447,47576,0.00
12448,42535,0.00
12449,47772,0.00
12450,51241,0.00
12451,180494,0.00
12452,48891,0.00
12453,185374,0.00
12454,42177,0.00
12455,45453,0.00
12456,212351,0.00
12457,50252,0.00
12458,57849,0.00
12459,34629,0.00
12460,37757,100.00
12461,25293,100.00
12462,55127,100.00
12463,82045,100.00
12464,27137,0.00
12465,19402,100.00
12466,22274,100.00
12467,20158,100.00
12468,19630,100.00
12469,23267,0.00
12470,22180,100.00
12471,25170,100.00
12472,26603,100.00
12473,55447,100.00
12474,46324,0.00
12475,21538,100.00
12476,107888,50.00
12477,175385,0.00
12478,46257,0.00
12479,112153,0.00
12480,48283,0.00
12481,50696,0.00
12482,47158,0.00
12483,236210,0.00
12484,200654,0.00
12485,46639,0.00
12486,230738,0.00
12487,52519,0.00
12488,216532,0.00
12489,173781,0.00
12490,51171,0.00
12491,30254,100.00
12492,26000,100.00
12493,27045,100.00
12494,25735,100.00
12495,23639,0.00
12496,42458,100.00
12497,40531,100.00
12498,45043,100.00
12499,24473,100.00
12500,22987,0.00
12501,44831,100.00
12502,44130,0.00
12503,148216,0.00
12504,48803,0.00
12505,208164,0.00
12506,221853,0.00
12507,144467,0.00
12508,318146,0.00
12509,130357,0.00
12510,70478,0.00
12511,46897,100.00
12512,23706,100.00
12513,20407,100.00
12514,23563,0.00
12515,25198,100.00
12516,86351,100.00
12517,46333,100.00
12518,42632,100.00
12519,26494,0.00
12520,23064,100.00
12521,20356,100.00
12522,21843,100.00
12523,25339,100.00
12524,23816,0.00
12525,32721,100.00
12526,44047,100.00
12527,34341,100.00
12528,30881,0.00
12529,37243,0.00
12530,44054,0.00
12531,45892,0.00
12532,41937,0.00
12533,39231,0.00
12534,130429,0.00
12535,144844,0.00
12536,146929,0.00
12537,42233,0.00
12538,46980,0.00
12539,41288,0.00
12540,40820,0.00
12541,60302,0.00
12542,47040,0.00
12543,41616,100.00
12544,30038,100.00
12545,26764,100.00
12546,21197,0.00
12547,20110,100.00
12548,22125,100.00
12549,23354,100.00
12550,24920,100.00
12551,52068,0.00
12552,46516,100.00
12553,40089,100.00
12554,25235,100.00
12555,23882,100.00
12556,26651,0.00
12557,25021,100.00
12558,25210,100.00
12559,24637,100.00
12560,229365,0.00
12561,46558,0.00
12562,44028,0.00
12563,42918,0.00
12564,44081,0.00
12565,42736,0.00
12566,43923,0.00
12567,109276,0.00
12568,43265,0.00
12569,47698,0.00
12570,132286,0.00
12571,43244,0.00
12572,44157,0.00
12573,43369,0.00
12574,49405,0.00
12575,44534,100.00
12576,39387,100.00
12577,37660,100.00
12578,24677,0.00
12579,25940,100.00
12580,25062,100.00
12581,20113,100.00
12582,18920,100.00
12583,18790,0.00
12584,26727,100.00
12585,25454,100.00
12586,35182,100.00
12587,42671,100.00
12588,36442,0.00
12589,35200,100.00
12590,25409,100.00
12591,20606,100.00
12592,35176,0.00
12593,43350,0.00
12594,34589,0.00
12595,41542,0.00
12596,36343,0.00
12597,43041,0.00
12598,34987,0.00
12599,35969,0.00
12600,43215,0.00
12601,47141,0.00
12602,44073,0.00
12603,47411,0.00
12604,45884,0.00
12605,48254,0.00
12606,58452,0.00
12607,49326,100.00
12608,39722,100.00
12609,30230,100.00
12610,48897,0.00
12611,50250,100.00
12612,51755,100.00
12613,24800,100.00
12614,22251,100.00
12615,20443,0.00
12616,18820,100.00
12617,19122,100.00
12618,21057,100.00
12619,36670,100.00
12620,24361,0.00
12621,43904,100.00
12622,37154,100.00
12623,39757,100.00
12624,39626,0.00
12625,38583,0.00
12626,41981,0.00
12627,52555,0.00
12628,35455,0.00
12629,36172,0.00
12630,39272,0.00
12631,41903,0.00
12632,41589,0.00
12633,206545,0.00
12634,35807,0.00
12635,49787,0.00
12636,64354,100.00
12637,17679,0.00
12638,19071,0.00
12639,20695,100.00
12640,21823,100.00
12641,22054,100.00
12642,25679,100.00
12643,24195,0.00
12644,40206,100.00
12645,37840,100.00
12646,42163,100.00
12647,23511,100.00
12648,30926,0.00
12649,35873,0.00
12650,37847,0.00
12651,38463,0.00
12652,35921,0.00
12653,36617,0.00
12654,37732,0.00
12655,45744,0.00
12656,47421,0.00
12657,45735,0.00
12658,58489,0.00
12659,44375,100.00
12660,26680,100.00
12661,21189,100.00
12662,22720,100.00
12663,31904,0.00
12664,24653,100.00
12665,49270,100.00
12666,51100,100.00
12667,35174,100.00
12668,25240,0.00
12669,25174,100.00
12670,26536,100.00
12671,25599,100.00
12672,26231,100.00
12673,30795,0.00
12674,23154,100.00
12675,206955,0.00
12676,50457,0.00
12677,186818,0.00
12678,160347,0.00
12679,187998,0.00
12680,224184,0.00
12681,229904,0.00
12682,198838,0.00
12683,141641,0.00
12684,168543,0.00
12685,179950,0.00
12686,64063,0.00
12687,246821,0.00
12688,63866,100.00
12689,62121,0.00
12690,58936,100.00
12691,26106,100.00
12692,23447,100.00
12693,20264,100.00
12694,20785,0.00
12695,19745,100.00
12696,23624,100.00
12697,25565,100.00
12698,25421,100.00
12699,63909,0.00
12700,57600,100.00
12701,32585,100.00
12702,23558,100.00
12703,30003,100.00
12704,22061,0.00
12705,17655,50.00
12706,47433,0.00
12707,47520,0.00
12708,160540,0.00
12709,181737,0.00
12710,180807,0.00
12711,143881,0.00
12712,50298,0.00
12713,209111,0.00
12714,162219,0.00
12715,143288,0.00
12716,217797,0.00
12717,139719,0.00
12718,196848,0.00
12719,57602,0.00
12720,50101,100.00
12721,31681,100.00
12722,35744,100.00
12723,48237,0.00
12724,53276,100.00
12725,27888,100.00
12726,21726,100.00
12727,22458,100.00
12728,18650,0.00
12729,19037,100.00
12730,18391,100.00
12731,22759,100.00
12732,23963,100.00
12733,31818,0.00
12734,56601,100.00
12735,50011,100.00
12736,30108,100.00
12737,45460,100.00
12738,139524,0.00
12739,48906,0.00
12740,154326,0.00
12741,48230,0.00
12742,49171,0.00
12743,363866,0.00
12744,50495,0.00
12745,215456,0.00
12746,211210,0.00
12747,135977,0.00
12748,186490,0.00
12749,207590,0.00
12750,205839,0.00
12751,51131,0.00
12752,60757,0.00
12753,44762,0.00
12754,33354,100.00
12755,29313,100.00
12756,24378,100.00
12757,20144,100.00
12758,50178,0.00
12759,47874,100.00
12760,53129,100.00
12761,23724,100.00
12762,23037,100.00
12763,217114,0.00
12764,205762,0.00
12765,158083,0.00
12766,50733,0.00
12767,218702,0.00
12768,219779,0.00
12769,238631,0.00
12770,166572,0.00
12771,232639,0.00
12772,66428,0.00
12773,45568,100.00
12774,24517,100.00
12775,25411,100.00
12776,26290,100.00
12777,23838,0.00
12778,59066,100.00
12779,54247,100.00
12780,32547,100.00
12781,28303,100.00
12782,25310,0.00
12783,23175,100.00
12784,26165,100.00
12785,25970,100.00
12786,24872,100.00
12787,30051,0.00
12788,40819,100.00
12789,42597,100.00
12790,24230,100.00
12791,45743,0.00
12792,186011,0.00
12793,44337,0.00
12794,47975,0.00
12795,47915,0.00
12796,47361,0.00
12797,47758,0.00
12798,50442,0.00
12799,51733,0.00
12800,51146,0.00
12801,52431,0.00
12802,196101,0.00
12803,203242,0.00
12804,203819,0.00
12805,60090,0.00
12806,46209,100.00
12807,26163,0.00
12808,25897,100.00
12809,20339,100.00
12810,18648,100.00
12811,22638,100.00
12812,24087,0.00
12813,44899,100.00
12814,48449,100.00
12815,40368,100.00
12816,24368,100.00
12817,24435,0.00
12818,24443,100.00
12819,22246,100.00
12820,28627,100.00
12821,25060,100.00
12822,42549,0.00
12823,45578,0.00
12824,48098,0.00
12825,141535,0.00
12826,55528,0.00
12827,218630,0.00
12828,208995,0.00
12829,217928,0.00
12830,46170,0.00
12831,47381,0.00
12832,54030,0.00
12833,127500,0.00
12834,50576,0.00
12835,205478,0.00
12836,44342,0.00
12837,55320,100.00
12838,49837,100.00
12839,41911,100.00
12840,27418,100.00
12841,25145,0.00
12842,22408,100.00
12843,20770,100.00
12844,19384,100.00
12845,22324,100.00
12846,24604,0.00
12847,27711,100.00
12848,50203,100.00
12849,45696,100.00
12850,34744,100.00
12851,33776,0.00
12852,21357,100.00
12853,20134,100.00
12854,190485,0.00
12855,211956,0.00
12856,48623,0.00
12857,159873,0.00
12858,223365,0.00
12859,160075,0.00
12860,232268,0.00
12861,153444,0.00
12862,162297,0.00
12863,163470,0.00
12864,228422,0.00
12865,181160,0.00
12866,150401,0.00
12867,69357,66.67
12868,19388,0.00
12869,25565,0.00
12870,41024,0.00
12871,56744,100.00
12872,51734,100.00
12873,56162,100.00
12874,25322,100.00
12875,22924,0.00
12876,21295,100.00
12877,19162,100.00
12878,20769,100.00
12879,22496,100.00
12880,27416,0.00
12881,32175,100.00
12882,53260,100.00
12883,49940,100.00
12884,41977,100.00
12885,216240,0.00
12886,50016,0.00
12887,46440,0.00
12888,43065,0.00
12889,44465,0.00
12890,42589,0.00
12891,43558,0.00
12892,44541,0.00
12893,39311,0.00
12894,40053,0.00
12895,184222,0.00
12896,61874,0.00
12897,61703,0.00
12898,29618,0.00
12899,39341,100.00
12900,27760,100.00
12901,23131,100.00
12902,25601,100.00
12903,24780,0.00
12904,21234,100.00
12905,48740,100.00
12906,42020,100.00
12907,53058,100.00
12908,22525,0.00
12909,40794,100.00
12910,47687,0.00
12911,66914,0.00
12912,205041,0.00
12913,51962,0.00
12914,182384,0.00
12915,137377,0.00
12916,212792,0.00
12917,134000,0.00
12918,70471,100.00
12919,16143,0.00
12920,18187,0.00
12921,20016,100.00
12922,19628,0.00
12923,23490,100.00
12924,24550,100.00
12925,51797,100.00
12926,48752,100.00
12927,51587,0.00
12928,27772,100.00
12929,25983,100.00
12930,21098,100.00
12931,22358,100.00
12932,24075,0.00
12933,39982,100.00
12934,22877,100.00
12935,36486,50.00
12936,155931,0.00
12937,152706,0.00
12938,43535,0.00
12939,45993,0.00
12940,45472,0.00
12941,44044,0.00
12942,49647,0.00
12943,44349,0.00
12944,41898,0.00
12945,39123,0.00
12946,37976,0.00
12947,40111,0.00
12948,47105,0.00
12949,50364,100.00
12950,48397,0.00
12951,24952,100.00
12952,30756,100.00
12953,28560,100.00
12954,19365,100.00
12955,19093,0.00
12956,21387,100.00
12957,22793,100.00
12958,25454,100.00
12959,50433,100.00
12960,45252,0.00
12961,30429,100.00
12962,24894,100.00
12963,37516,100.00
12964,20710,100.00
12965,17665,0.00
12966,71547,0.00
12967,49653,0.00
12968,49601,0.00
12969,51064,0.00
12970,49985,0.00
12971,246754,0.00
12972,42434,0.00
12973,190814,0.00
12974,47701,0.00
12975,47371,0.00
12976,48359,0.00
12977,141033,0.00
12978,132654,0.00
12979,59715,0.00
12980,53238,100.00
12981,36491,100.00
12982,47181,100.00
12983,46003,100.00
12984,54688,0.00
12985,26302,100.00
12986,20806,100.00
12987,22620,100.00
12988,17899,100.00
12989,19016,0.00
12990,18150,100.00
12991,22088,100.00
12992,23857,100.00
12993,50075,100.00
12994,54199,0.00
12995,43632,100.00
12996,25834,100.00
12997,41732,100.00
12998,50555,0.00
12999,162025,0.00
13000,251369,0.00
13001,53719,0.00
13002,147781,0.00
13003,141193,0.00
13004,141096,0.00
13005,143590,0.00
13006,141303,0.00
13007,209925,0.00
13008,185425,0.00
13009,127873,0.00
13010,131451,0.00
13011,69729,50.00
13012,16954,0.00
13013,20570,0.00
13014,24740,100.00
13015,54404,100.00
13016,31700,100.00
13017,42818,100.00
13018,53342,0.00
13019,55333,100.00
13020,28325,100.00
13021,20770,100.00
13022,20798,100.00
13023,19940,0.00
13024,19690,100.00
13025,19139,100.00
13026,39210,100.00
13027,230709,0.00
13028,162461,0.00
13029,160857,0.00
13030,161170,0.00
13031,48913,0.00
13032,46354,0.00
13033,192586,0.00
13034,51699,0.00
13035,51397,0.00
13036,164115,0.00
13037,64172,0.00
13038,45737,100.00
13039,31863,0.00
13040,60406,100.00
13041,55451,100.00
13042,29024,100.00
13043,23879,100.00
13044,23518,0.00
13045,21342,100.00
13046,23507,100.00
13047,25143,100.00
13048,24563,100.00
13049,39552,0.00
13050,44079,100.00
13051,54564,100.00
13052,26213,100.00
13053,39605,100.00
13054,183886,0.00
13055,48920,0.00
13056,53281,0.00
13057,44622,0.00
13058,45721,0.00
13059,153913,0.00
13060,47261,0.00
13061,47395,0.00
13062,42282,0.00
13063,41403,0.00
13064,37279,0.00
13065,42702,0.00
13066,54066,0.00
13067,44927,0.00
13068,27726,100.00
13069,28784,100.00
13070,22571,100.00
13071,23978,100.00
13072,25710,0.00
13073,40739,100.00
13074,45199,100.00
13075,38429,100.00
13076,26991,100.00
13077,23635,0.00
13078,20160,100.00
13079,22231,100.00
13080,25835,100.00
13081,36742,100.00
13082,21519,0.00
13083,46069,0.00
13084,49260,0.00
13085,129415,0.00
13086,165335,0.00
13087,53331,0.00
13088,49122,0.00
13089,49166,0.00
13090,49031,0.00
13091,47674,0.00
13092,132079,0.00
13093,179989,0.00
13094,50177,0.00
13095,57490,50.00
13096,55472,0.00
13097,48447,100.00
13098,48810,0.00
13099,23973,100.00
13100,27936,100.00
13101,26114,100.00
13102,20250,100.00
13103,19534,0.00
13104,23783,100.00
13105,24812,100.00
13106,24168,100.00
13107,56264,100.00
13108,46752,0.00
13109,41272,100.00
13110,30221,100.00
13111,27241,100.00
13112,20404,100.00
13113,45219,0.00
13114,42919,0.00
13115,129193,0.00
13116,166914,0.00
13117,55940,0.00
13118,45887,0.00
13119,42866,0.00
13120,45588,0.00
13121,45467,0.00
13122,45548,0.00
13123,48697,0.00
13124,53885,0.00
13125,204768,0.00
13126,209846,0.00
13127,60292,0.00
13128,51583,100.00
13129,33947,100.00
13130,50371,0.00
13131,44907,100.00
13132,49516,100.00
13133,25633,100.00
13134,22474,100.00
13135,20977,0.00
13136,19570,100.00
13137,19142,100.00
13138,21751,100.00
13139,20531,100.00
13140,24535,0.00
13141,48295,100.00
13142,48561,100.00
13143,31995,100.00
13144,41167,0.00
13145,48876,0.00
13146,49579,0.00
13147,193949,0.00
13148,140191,0.00
13149,135904,0.00
13150,54639,0.00
13151,50711,0.00
13152,211794,0.00
13153,48770,0.00
13154,50814,0.00
13155,48372,0.00
13156,46237,0.00
13157,56906,0.00
13158,42055,100.00
13159,32292,100.00
13160,29714,100.00
13161,26774,0.00
13162,24595,100.00
13163,21534,100.00
13164,48130,100.00
13165,41769,100.00
13166,45787,0.00
13167,21504,100.00
13168,20023,50.00
13169,41208,0.00
13170,42214,0.00
13171,42327,0.00
13172,45568,0.00
13173,49653,0.00
13174,52336,0.00
13175,143731,0.00
13176,52301,0.00
13177,183851,0.00
13178,56178,0.00
13179,41131,100.00
13180,26886,100.00
13181,21553,0.00
13182,23008,100.00
13183,24362,100.00
13184,43343,100.00
13185,44332,100.00
13186,46457,0.00
13187,28746,100.00
13188,24218,100.00
13189,22270,100.00
13190,21586,100.00
13191,24240,0.00
13192,26329,100.00
13193,23798,100.00
13194,41237,100.00
13195,39757,100.00
13196,43454,0.00
13197,40150,0.00
13198,44020,0.00
13199,40672,0.00
13200,46450,0.00
13201,45785,0.00
13202,44651,0.00
13203,198970,0.00
13204,146640,0.00
13205,67014,0.00
13206,149848,0.00
13207,213666,0.00
13208,149979,0.00
13209,171749,0.00
13210,77029,0.00
13211,49747,100.00
13212,28254,100.00
13213,25506,100.00
13214,20046,100.00
13215,20428,0.00
13216,19846,100.00
13217,23655,100.00
13218,26439,100.00
13219,44410,100.00
13220,52370,0.00
13221,50038,100.00
13222,30113,100.00
13223,26362,100.00
13224,25738,100.00
13225,25213,0.00
13226,39985,100.00
13227,216187,0.00
13228,209665,0.00
13229,49086,0.00
13230,46086,0.00
13231,50699,0.00
13232,234782,0.00
13233,229403,0.00
13234,218256,0.00
13235,54567,0.00
13236,53382,0.00
13237,50302,0.00
13238,50515,0.00
13239,56754,100.00
13240,27887,0.00
13241,35502,100.00
13242,49036,100.00
13243,48582,0.00
13244,50305,100.00
13245,25306,100.00
13246,24131,100.00
13247,20537,100.00
13248,31711,0.00
13249,20348,100.00
13250,21933,100.00
13251,24665,100.00
13252,23830,100.00
13253,54591,0.00
13254,52544,100.00
13255,25846,100.00
13256,28332,100.00
13257,251869,50.00
13258,44493,0.00
13259,137009,0.00
13260,47944,0.00
13261,187717,0.00
13262,194087,0.00
13263,48346,0.00
13264,50083,0.00
13265,48244,0.00
13266,191723,0.00
13267,46797,0.00
13268,50241,0.00
13269,47959,0.00
13270,48056,0.00
13271,56241,0.00
13272,41235,0.00
13273,29933,100.00
13274,30780,100.00
13275,27628,100.00
13276,44913,100.00
13277,38009,0.00
13278,42294,100.00
13279,26588,100.00
13280,19568,100.00
13281,20039,100.00
13282,18422,0.00
13283,21795,100.00
13284,22581,100.00
13285,25076,100.00
13286,189411,0.00
13287,47518,0.00
13288,152251,0.00
13289,199325,0.00
13290,38756,0.00
13291,195377,0.00
13292,52523,0.00
13293,49062,0.00
13294,131630,0.00
13295,213291,0.00
13296,200181,0.00
13297,65241,0.00
13298,45459,100.00
13299,57144,0.00
13300,53025,100.00
13301,33411,100.00
13302,28169,100.00
13303,27243,100.00
13304,22752,0.00
13305,27916,100.00
13306,26028,100.00
13307,23285,100.00
13308,34599,100.00
13309,38393,0.00
13310,46561,100.00
13311,24379,100.00
13312,33512,100.00
13313,44104,0.00
13314,39677,0.00
13315,39545,0.00
13316,40750,0.00
13317,41337,0.00
13318,43801,0.00
13319,41848,0.00
13320,42364,0.00
13321,48180,0.00
13322,50870,0.00
13323,46420,0.00
13324,56429,0.00
13325,43978,100.00
13326,26234,0.00
13327,23542,100.00
13328,22902,100.00
13329,23886,100.00
13330,24455,100.00
13331,34068,0.00
13332,45023,100.00
13333,38273,100.00
13334,31970,100.00
13335,23042,100.00
13336,26016,0.00
13337,20312,100.00
13338,22899,100.00
13339,31826,100.00
13340,24456,100.00
13341,39910,0.00
13342,46719,0.00
13343,127362,0.00
13344,43703,0.00
13345,42497,0.00
13346,47428,0.00
13347,47833,0.00
13348,40010,0.00
13349,36800,0.00
13350,40274,0.00
13351,42765,0.00
13352,38233,0.00
13353,43822,0.00
13354,61186,50.00
13355,48848,0.00
13356,48087,100.00
13357,25350,100.00
13358,30408,100.00
13359,30407,0.00
13360,24122,100.00
13361,19496,100.00
13362,18560,100.00
13363,21600,100.00
13364,29540,0.00
13365,26855,100.00
13366,52061,100.00
13367,48218,100.00
13368,46142,100.00
13369,26310,0.00
13370,20492,100.00
13371,20151,100.00
13372,43903,100.00
13373,41678,0.00
13374,54152,0.00
13375,46722,0.00
13376,185340,0.00
13377,47365,0.00
13378,346613,0.00
13379,204132,0.00
13380,45515,0.00
13381,48462,0.00
13382,200168,0.00
13383,49155,0.00
13384,48097,0.00
13385,45665,0.00
13386,55066,0.00
13387,47909,100.00
13388,38815,0.00
13389,39303,100.00
13390,33423,100.00
13391,38405,100.00
13392,23512,100.00
13393,23326,0.00
13394,24715,100.00
13395,18224,100.00
13396,18186,100.00
13397,20355,100.00
13398,21911,0.00
13399,23117,100.00
13400,41182,100.00
13401,39786,100.00
13402,36671,100.00
13403,31751,0.00
13404,42519,0.00
13405,45162,0.00
13406,49146,0.00
13407,50880,0.00
13408,123446,0.00
13409,188937,0.00
13410,135059,0.00
13411,129899,0.00
13412,48184,0.00
13413,178123,0.00
13414,47036,0.00
13415,43815,0.00
13416,45571,0.00
13417,61356,0.00
13418,46393,100.00
13419,26651,100.00
13420,30368,100.00
13421,31381,100.00
13422,25825,0.00
13423,33162,100.00
13424,44583,100.00
13425,53813,100.00
13426,25353,100.00
13427,23378,0.00
13428,207147,100.00
13429,198800,0.00
13430,123455,0.00
13431,137230,0.00
13432,122165,0.00
13433,121034,0.00
13434,48153,0.00
13435,44702,0.00
13436,187823,0.00
13437,43211,100.00
13438,45356,0.00
13439,28023,100.00
13440,24537,100.00
13441,26249,100.00
13442,26555,100.00
13443,55519,0.00
13444,49002,100.00
13445,37766,100.00
13446,24917,100.00
13447,23193,100.00
13448,20945,0.00
13449,22044,100.00
13450,24179,100.00
13451,36906,100.00
13452,21997,100.00
13453,44078,0.00
13454,45622,50.00
13455,43194,0.00
13456,47415,0.00
13457,44958,0.00
13458,44885,0.00
13459,43725,0.00
13460,45839,0.00
13461,45433,0.00
13462,50470,0.00
13463,37419,0.00
13464,45038,0.00
13465,42841,0.00
13466,144277,0.00
13467,49394,0.00
13468,209601,0.00
13469,35745,50.00
13470,44379,0.00
13471,28501,100.00
13472,25742,100.00
13473,21214,100.00
13474,19576,100.00
13475,22105,0.00
13476,23506,100.00
13477,23341,100.00
13478,52750,100.00
13479,51627,100.00
13480,28010,0.00
13481,31916,100.00
13482,23558,100.00
13483,24341,100.00
13484,23160,100.00
13485,24201,0.00
13486,32268,100.00
13487,62092,0.00
13488,84957,0.00
13489,47876,0.00
13490,43508,0.00
13491,44699,0.00
13492,45915,0.00
13493,47981,0.00
13494,47230,0.00
13495,45929,0.00
13496,45146,0.00
13497,49567,0.00
13498,43775,0.00
13499,44173,0.00
13500,50950,0.00
13501,39274,100.00
13502,36136,100.00
13503,41132,100.00
13504,29999,0.00
13505,34627,100.00
13506,25368,100.00
13507,19317,100.00
13508,18928,100.00
13509,19073,0.00
13510,23911,100.00
13511,23920,100.00
13512,41991,100.00
13513,38781,100.00
13514,34449,0.00
13515,24564,100.00
13516,23312,100.00
13517,72619,0.00
13518,48730,0.00
13519,82780,0.00
13520,82650,0.00
13521,89007,0.00
13522,166697,0.00
13523,218122,0.00
13524,151231,0.00
13525,148726,0.00
13526,222893,0.00
13527,51464,0.00
13528,152263,0.00
13529,56712,0.00
13530,59606,0.00
13531,43980,100.00
13532,29004,100.00
13533,28228,100.00
13534,22519,100.00
13535,46089,0.00
13536,39620,100.00
13537,42219,100.00
13538,23209,100.00
13539,22429,100.00
13540,20896,0.00
13541,18253,100.00
13542,19383,100.00
13543,27951,100.00
13544,23876,100.00
13545,27940,0.00
13546,40747,100.00
13547,39830,100.00
13548,47463,50.00
13549,44738,0.00
13550,156269,0.00
13551,185686,0.00
13552,198386,0.00
13553,137328,0.00
13554,231592,0.00
13555,189166,0.00
13556,139949,0.00
13557,48890,0.00
13558,49167,0.00
13559,50594,0.00
13560,45092,0.00
13561,39068,0.00
13562,49735,0.00
13563,40916,100.00
13564,29877,0.00
13565,23344,100.00
13566,25238,100.00
13567,24720,100.00
13568,23516,100.00
13569,20388,0.00
13570,40195,100.00
13571,47140,100.00
13572,42372,100.00
13573,21877,100.00
13574,36712,0.00
13575,39286,0.00
13576,53235,0.00
13577,46357,0.00
13578,41886,0.00
13579,45279,0.00
13580,146122,0.00
13581,50147,0.00
13582,45101,0.00
13583,59879,50.00
13584,26105,0.00
13585,30477,100.00
13586,24022,100.00
13587,20722,100.00
13588,23851,0.00
13589,36019,100.00
13590,38201,100.00
13591,48689,100.00
13592,48866,100.00
13593,26489,0.00
13594,25426,100.00
13595,30638,100.00
13596,20956,100.00
13597,22973,100.00
13598,29362,0.00
13599,23868,100.00
13600,38882,100.00
13601,41575,0.00
13602,44247,0.00
13603,45049,0.00
13604,41979,0.00
13605,162867,0.00
13606,146470,0.00
13607,187476,0.00
13608,162719,0.00
13609,149959,0.00
13610,213080,0.00
13611,231411,0.00
13612,153837,0.00
13613,66487,100.00
13614,18005,0.00
13615,41060,0.00
13616,28278,0.00
13617,24186,100.00
13618,30183,100.00
13619,21754,100.00
13620,19523,100.00
13621,18832,0.00
13622,21758,100.00
13623,24205,100.00
13624,23002,100.00
13625,52325,100.00
13626,40665,0.00
13627,23672,100.00
13628,31810,100.00
13629,22644,100.00
13630,20606,100.00
13631,39124,0.00
13632,45531,0.00
13633,43988,0.00
13634,169604,0.00
13635,204003,0.00
13636,153654,0.00
13637,50042,0.00
13638,153502,0.00
13639,188253,0.00
13640,38788,0.00
13641,44526,0.00
13642,36937,0.00
13643,41045,0.00
13644,49740,0.00
13645,49291,0.00
13646,49365,100.00
13647,30086,100.00
13648,53164,100.00
13649,45727,100.00
13650,50569,0.00
13651,25352,100.00
13652,24581,100.00
13653,24880,100.00
13654,19850,100.00
13655,19723,0.00
13656,18352,100.00
13657,21487,100.00
13658,30443,100.00
13659,24077,100.00
13660,58545,0.00
13661,49495,100.00
13662,25851,100.00
13663,153023,0.00
13664,78903,0.00
13665,47172,0.00
13666,198828,0.00
13667,51809,0.00
13668,146424,0.00
13669,220797,0.00
13670,47292,0.00
13671,182071,0.00
13672,50100,0.00
13673,51011,0.00
13674,50174,0.00
13675,48393,0.00
13676,51163,0.00
13677,145590,0.00
13678,44442,100.00
13679,29525,100.00
13680,27102,0.00
13681,27558,100.00
13682,25717,100.00
13683,39211,100.00
13684,45594,100.00
13685,48817,0.00
13686,26726,100.00
13687,20250,100.00
13688,46256,50.00
13689,157390,0.00
13690,152467,0.00
13691,52691,0.00
13692,51252,0.00
13693,47904,0.00
13694,48114,0.00
13695,178207,0.00
13696,48541,0.00
13697,53961,0.00
13698,37836,100.00
13699,24774,0.00
13700,27826,100.00
13701,26726,100.00
13702,25676,100.00
13703,40728,100.00
13704,42592,0.00
13705,39959,100.00
13706,30490,100.00
13707,25613,100.00
13708,21403,100.00
13709,23129,0.00
13710,32244,100.00
13711,24290,100.00
13712,27233,100.00
13713,42797,100.00
13714,44177,0.00
13715,43047,0.00
13716,45517,0.00
13717,199393,0.00
13718,158096,0.00
13719,209346,0.00
13720,194236,0.00
13721,45882,0.00
13722,46240,0.00
13723,157639,0.00
13724,48805,0.00
13725,208060,0.00
13726,280312,0.00
13727,220164,0.00
13728,140158,0.00
13729,69757,0.00
13730,45475,100.00
13731,28464,100.00
13732,24475,100.00
13733,20721,100.00
13734,20467,0.00
13735,21439,100.00
13736,22906,100.00
13737,24560,100.00
13738,47740,100.00
13739,43200,0.00
13740,33383,100.00
13741,26703,100.00
13742,31853,100.00
13743,20454,100.00
13744,23837,0.00
13745,24513,100.00
13746,20115,100.00
13747,40793,0.00
13748,42244,0.00
13749,40832,0.00
13750,42037,0.00
13751,198903,0.00
13752,44168,0.00
13753,43431,0.00
13754,202980,0.00
13755,145208,0.00
13756,48315,0.00
13757,192747,0.00
13758,46720,0.00
13759,48459,0.00
13760,46681,0.00
13761,42175,0.00
13762,52265,100.00
13763,40845,100.00
13764,43608,0.00
13765,27747,100.00
13766,31299,100.00
13767,24929,100.00
13768,20851,100.00
13769,18799,0.00
13770,22715,100.00
13771,24497,100.00
13772,22988,100.00
13773,49647,100.00
13774,45688,0.00
13775,34380,100.00
13776,27807,100.00
13777,24416,100.00
13778,27102,100.00
13779,46223,0.00
13780,46992,0.00
13781,50610,0.00
13782,66783,0.00
13783,47180,0.00
13784,47454,0.00
13785,211544,0.00
13786,149805,0.00
13787,161050,0.00
13788,218385,0.00
13789,151385,0.00
13790,201325,0.00
13791,49378,0.00
13792,64814,50.00
13793,19194,0.00
13794,26326,0.00
13795,24751,100.00
13796,22861,100.00
13797,55891,100.00
13798,48012,0.00
13799,46952,100.00
13800,23490,100.00
13801,26480,100.00
13802,21145,100.00
13803,20344,0.00
13804,19774,100.00
13805,26857,100.00
13806,23560,100.00
13807,23343,100.00
13808,53181,0.00
13809,42693,100.00
13810,47815,100.00
13811,48081,0.00
13812,38985,0.00
13813,41072,0.00
13814,38109,0.00
13815,41941,0.00
13816,40821,0.00
13817,43954,0.00
13818,47929,0.00
13819,47443,0.00
13820,44117,0.00
13821,42422,0.00
13822,38693,0.00
13823,71866,50.00
13824,21397,0.00
13825,20889,0.00
13826,27129,100.00
13827,22085,100.00
13828,23671,100.00
13829,24629,0.00
13830,23182,100.00
13831,25110,100.00
13832,49097,100.00
13833,51097,100.00
13834,25153,0.00
13835,19212,100.00
13836,42533,0.00
13837,54913,0.00
13838,173940,0.00
13839,49674,0.00
13840,49946,0.00
13841,70779,0.00
13842,51152,0.00
13843,125941,0.00
13844,142413,0.00
13845,60755,0.00
13846,40370,100.00
13847,22586,100.00
13848,19673,100.00
13849,21943,0.00
13850,22238,100.00
13851,28906,100.00
13852,46081,100.00
13853,41325,100.00
13854,32417,0.00
13855,25464,100.00
13856,23163,100.00
13857,20373,100.00
13858,22223,100.00
13859,24379,0.00
13860,30114,100.00
13861,22176,100.00
13862,43889,0.00
13863,47809,0.00
13864,221225,0.00
13865,212466,0.00
13866,48949,0.00
13867,190018,0.00
13868,144827,0.00
13869,234149,0.00
13870,50635,0.00
13871,138869,0.00
13872,50326,0.00
13873,50593,0.00
13874,49153,0.00
13875,52992,0.00
13876,53642,100.00
13877,43914,100.00
13878,29270,100.00
13879,28385,100.00
13880,22745,0.00
13881,20492,100.00
13882,19085,100.00
13883,22666,100.00
13884,34251,100.00
13885,23834,0.00
13886,58833,100.00
13887,50505,100.00
13888,28775,100.00
13889,25414,100.00
13890,26500,0.00
13891,20663,100.00
13892,44223,50.00
13893,37000,0.00
13894,47374,0.00
13895,46739,0.00
13896,48933,0.00
13897,46177,0.00
13898,43019,0.00
13899,44971,0.00
13900,44201,0.00
13901,39394,0.00
13902,38793,0.00
13903,38108,0.00
13904,46738,0.00
13905,52306,0.00
13906,44204,0.00
13907,39877,100.00
13908,30320,100.00
13909,46077,100.00
13910,43509,100.00
13911,42614,0.00
13912,23234,100.00
13913,22827,100.00
13914,21922,100.00
13915,21026,100.00
13916,19647,0.00
13917,22020,100.00
13918,24386,100.00
13919,23241,100.00
13920,47668,100.00
13921,37510,0.00
13922,27306,100.00
13923,21348,100.00
13924,46099,0.00
13925,130103,0.00
13926,45472,0.00
13927,46348,0.00
13928,47256,0.00
13929,45236,0.00
13930,50215,0.00
13931,50804,0.00
13932,228263,0.00
13933,229528,0.00
13934,52577,0.00
13935,50361,0.00
13936,209934,0.00
13937,50606,0.00
13938,69971,66.67
13939,18821,0.00
13940,21798,0.00
13941,27147,100.00
13942,26287,100.00
13943,22490,0.00
13944,51618,100.00
13945,46130,100.00
13946,36639,100.00
13947,22231,100.00
13948,21143,0.00
13949,33053,100.00
13950,41060,0.00
13951,40960,0.00
13952,47651,0.00
13953,46589,0.00
13954,46542,0.00
13955,45467,0.00
13956,45465,0.00
13957,48650,0.00
13958,59370,0.00
13959,45356,100.00
13960,29468,100.00
13961,30019,100.00
13962,27375,0.00
13963,24216,100.00
13964,58615,100.00
13965,55758,100.00
13966,28211,100.00
13967,24918,0.00
13968,22688,100.00
13969,20793,100.00
13970,24918,100.00
13971,25028,100.00
13972,22909,0.00
13973,56883,100.00
13974,49257,100.00
13975,54790,100.00
13976,195842,100.00
13977,50908,0.00
13978,203338,0.00
13979,51742,0.00
13980,228996,0.00
13981,145484,0.00
13982,211982,0.00
13983,220631,0.00
13984,161471,0.00
13985,202758,0.00
13986,151221,0.00
13987,162851,0.00
13988,147037,0.00
13989,184231,0.00
13990,72030,50.00
13991,19759,0.00
13992,23020,0.00
13993,23483,100.00
13994,22163,100.00
13995,20470,100.00
13996,22315,0.00
13997,26881,100.00
13998,23612,100.00
13999,65319,100.00
14000,109679,100.00
14001,44045,0.00
14002,25205,100.00
14003,22798,100.00
14004,21174,100.00
14005,40879,100.00
14006,28719,0.00
14007,44234,100.00
14008,150695,0.00
14009,228460,0.00
14010,201603,0.00
14011,51691,0.00
14012,238875,0.00
14013,187895,0.00
14014,176765,0.00
14015,48882,0.00
14016,52990,0.00
14017,48188,0.00
14018,115313,0.00
14019,49650,0.00
14020,61000,0.00
14021,49905,0.00
14022,54646,100.00
14023,45487,100.00
14024,44671,100.00
14025,26317,0.00
14026,27588,100.00
14027,25039,100.00
14028,20682,100.00
14029,21181,100.00
14030,24791,0.00
14031,26569,100.00
14032,27067,100.00
14033,63421,100.00
14034,56419,100.00
14035,42786,0.00
14036,37156,100.00
14037,23123,100.00
14038,20704,100.00
14039,51094,100.00
14040,43237,0.00
14041,128211,0.00
14042,209392,0.00
14043,242739,0.00
14044,51352,0.00
14045,132918,0.00
14046,52159,0.00
14047,61272,0.00
14048,200536,0.00
14049,48780,0.00
14050,200950,0.00
14051,119164,0.00
14052,139136,0.00
14053,64002,0.00
14054,54991,100.00
14055,30011,100.00
14056,32718,0.00
14057,52251,100.00
14058,49494,100.00
14059,25578,100.00
14060,21314,100.00
14061,21890,0.00
14062,20054,100.00
14063,18822,100.00
14064,18232,100.00
14065,21950,100.00
14066,26220,0.00
14067,28446,100.00
14068,57076,100.00
14069,47977,100.00
14070,46543,100.00
14071,44633,0.00
14072,46739,0.00
14073,49698,0.00
14074,45832,0.00
14075,46261,0.00
14076,44759,0.00
14077,176054,0.00
14078,38727,0.00
14079,212644,0.00
14080,143609,0.00
14081,221355,0.00
14082,51553,0.00
14083,57390,0.00
14084,52061,0.00
14085,34084,100.00
14086,23186,100.00
14087,25600,100.00
14088,25492,100.00
14089,32017,0.00
14090,20837,100.00
14091,52491,100.00
14092,49237,100.00
14093,38180,100.00
14094,31530,0.00
14095,35465,50.00
14096,46128,0.00
14097,43844,0.00
14098,46297,0.00
14099,179787,0.00
14100,48038,0.00
14101,51065,0.00
14102,48761,0.00
14103,45472,0.00
14104,46926,0.00
14105,52374,0.00
14106,44828,100.00
14107,23615,100.00
14108,19771,100.00
14109,24106,0.00
14110,25798,100.00
14111,31506,100.00
14112,52332,100.00
14113,49920,100.00
14114,37840,0.00
14115,28863,100.00
14116,20261,100.00
14117,20474,100.00
14118,23423,100.00
14119,24483,0.00
14120,30375,100.00
14121,43367,100.00
14122,217048,0.00
14123,46176,0.00
14124,49002,0.00
14125,155853,0.00
14126,232700,0.00
14127,152755,0.00
14128,53364,0.00
14129,221201,0.00
14130,204091,0.00
14131,157377,0.00
14132,227604,0.00
14133,52740,0.00
14134,64576,66.67
14135,17779,0.00
14136,43525,0.00
14137,26421,0.00
14138,24894,100.00
14139,24842,100.00
14140,19844,100.00
14141,19822,100.00
14142,18817,0.00
14143,23833,100.00
14144,25233,100.00
14145,37236,100.00
14146,42217,100.00
14147,43311,0.00
14148,30739,100.00
14149,23234,100.00
14150,24744,100.00
14151,20311,100.00
14152,38009,0.00
14153,40800,0.00
14154,46867,0.00
14155,47038,0.00
14156,152913,0.00
14157,51586,0.00
14158,151741,0.00
14159,194444,0.00
14160,196735,0.00
14161,222535,0.00
14162,197017,0.00
14163,50321,0.00
14164,158863,0.00
14165,64159,66.67
14166,19585,0.00
14167,22871,0.00
14168,24551,100.00
14169,52596,100.00
14170,44877,0.00
14171,37481,100.00
14172,22255,100.00
14173,23961,100.00
14174,20968,100.00
14175,19406,0.00
14176,21520,100.00
14177,21967,100.00
14178,23406,100.00
14179,23299,100.00
14180,49625,0.00
14181,52319,100.00
14182,24937,100.00
14183,20223,100.00
14184,107814,50.00
14185,51555,0.00
14186,49911,0.00
14187,48384,0.00
14188,45926,0.00
14189,46304,0.00
14190,181846,0.00
14191,45911,0.00
14192,50704,0.00
14193,54362,0.00
14194,52036,0.00
14195,50508,0.00
14196,216692,0.00
14197,52268,0.00
14198,67359,100.00
14199,16621,0.00
14200,20828,0.00
14201,25341,100.00
14202,25395,100.00
14203,24804,100.00
14204,45646,0.00
14205,43141,100.00
14206,46545,100.00
14207,25261,100.00
14208,21658,100.00
14209,20924,0.00
14210,24661,100.00
14211,19227,100.00
14212,19405,100.00
14213,130340,0.00
14214,164290,0.00
14215,139840,0.00
14216,47428,0.00
14217,143895,0.00
14218,50517,0.00
14219,180844,0.00
14220,45381,0.00
14221,48401,0.00
14222,197237,0.00
14223,154458,0.00
14224,64944,0.00
14225,52961,100.00
14226,33008,100.00
14227,60158,100.00
14228,54676,0.00
14229,27652,100.00
14230,28822,100.00
14231,20939,100.00
14232,19960,100.00
14233,22670,0.00
14234,24963,100.00
14235,24229,100.00
14236,47094,100.00
14237,41611,100.00
14238,51006,0.00
14239,40771,100.00
14240,37985,50.00
14241,50390,0.00
14242,197527,0.00
14243,151994,0.00
14244,164171,0.00
14245,159967,0.00
14246,243835,0.00
14247,226316,0.00
14248,50705,0.00
14249,208520,0.00
14250,205541,0.00
14251,54095,0.00
14252,66404,0.00
14253,29499,0.00
14254,39195,100.00
14255,24902,100.00
14256,20875,100.00
14257,23543,100.00
14258,27806,0.00
14259,23923,100.00
14260,57892,100.00
14261,53860,100.00
14262,26793,100.00
14263,22847,0.00
14264,20662,100.00
14265,20624,100.00
14266,23132,100.00
14267,39103,100.00
14268,25138,0.00
14269,48463,50.00
14270,155196,0.00
14271,215507,0.00
14272,152264,0.00
14273,49274,0.00
14274,50216,0.00
14275,160477,0.00
14276,54480,0.00
14277,51101,0.00
14278,50760,0.00
14279,49975,0.00
14280,220360,0.00
14281,51292,0.00
14282,65510,0.00
14283,64064,100.00
14284,57493,100.00
14285,32380,100.00
14286,25848,0.00
14287,25366,100.00
14288,21901,100.00
14289,20990,100.00
14290,20055,100.00
14291,23744,0.00
14292,28387,100.00
14293,26779,100.00
14294,59323,100.00
14295,57481,100.00
14296,39933,0.00
14297,27120,100.00
14298,22088,100.00
14299,21970,100.00
14300,28734,100.00
14301,165263,0.00
14302,51426,0.00
14303,131601,0.00
14304,122078,0.00
14305,195402,0.00
14306,147738,0.00
14307,153746,0.00
14308,52434,0.00
14309,228575,0.00
14310,50534,0.00
14311,49236,0.00
14312,49516,0.00
14313,222508,0.00
14314,58633,0.00
14315,29326,0.00
14316,29677,100.00
14317,23726,100.00
14318,49015,100.00
14319,50567,100.00
14320,24848,0.00
14321,21306,100.00
14322,21786,100.00
14323,20369,100.00
14324,19951,100.00
14325,18165,0.00
14326,22352,100.00
14327,26319,100.00
14328,28416,100.00
14329,55642,100.00
14330,52011,0.00
14331,200324,100.00
14332,232627,0.00
14333,159506,0.00
14334,153945,0.00
14335,223306,0.00
14336,137663,0.00
14337,500201,0.00
14338,49333,0.00
14339,156292,0.00
14340,55485,50.00
14341,51909,0.00
14342,198872,0.00
14343,53127,0.00
14344,261478,0.00
14345,41944,0.00
14346,33128,100.00
14347,28943,100.00
14348,26826,100.00
14349,25042,100.00
14350,25408,0.00
14351,24410,100.00
14352,53410,100.00
14353,53506,100.00
14354,39318,100.00
14355,25425,0.00
14356,20932,100.00
14357,46372,0.00
14358,47261,0.00
14359,145571,0.00
14360,235847,0.00
14361,54849,0.00
14362,52337,0.00
14363,235162,0.00
14364,211870,0.00
14365,151578,0.00
14366,56716,0.00
14367,44329,100.00
14368,26942,100.00
14369,22293,100.00
14370,23837,0.00
14371,25295,100.00
14372,42512,100.00
14373,50071,100.00
14374,44682,100.00
14375,29387,0.00
14376,22920,100.00
14377,20388,100.00
14378,22504,100.00
14379,29680,100.00
14380,23194,0.00
14381,23451,100.00
14382,46917,100.00
14383,46578,100.00
14384,49214,0.00
14385,48047,0.00
14386,47659,0.00
14387,48301,0.00
14388,182932,0.00
14389,53461,0.00
14390,56961,0.00
14391,210186,0.00
14392,46294,0.00
14393,49924,0.00
14394,56288,0.00
14395,161021,0.00
14396,48522,0.00
14397,186817,0.00
14398,63299,0.00
14399,47803,100.00
14400,31423,100.00
14401,23976,100.00
14402,20079,0.00
14403,20121,100.00
14404,18054,100.00
14405,22779,100.00
14406,24399,100.00
14407,40288,0.00
14408,43644,100.00
14409,50025,100.00
14410,28616,100.00
14411,33636,100.00
14412,20472,0.00
14413,22192,100.00
14414,23326,100.00
14415,42466,0.00
14416,199710,0.00
14417,48356,0.00
14418,47742,0.00
14419,208007,0.00
14420,47421,0.00
14421,52398,0.00
14422,122763,0.00
14423,48170,0.00
14424,48878,0.00
14425,212356,0.00
14426,50788,0.00
14427,66338,50.00
14428,28870,0.00
14429,33482,100.00
14430,52874,0.00
14431,49155,100.00
14432,50656,100.00
14433,27329,100.00
14434,22430,100.00
14435,20348,0.00
14436,18829,100.00
14437,24941,100.00
14438,22186,100.00
14439,22449,100.00
14440,24734,0.00
14441,50580,100.00
14442,47872,100.00
14443,31405,100.00
14444,26038,100.00
14445,28958,0.00
14446,37455,0.00
14447,50137,0.00
14448,166755,0.00
14449,142055,0.00
14450,200118,0.00
14451,51559,0.00
14452,51138,0.00
14453,146066,0.00
14454,46636,0.00
14455,50415,0.00
14456,48875,0.00
14457,45658,0.00
14458,50867,0.00
14459,66578,100.00
14460,18553,0.00
14461,21231,0.00
14462,27014,100.00
14463,27770,100.00
14464,22470,0.00
14465,53253,100.00
14466,47509,100.00
14467,48700,100.00
14468,27722,100.00
14469,22149,0.00
14470,19591,100.00
14471,22032,100.00
14472,21502,100.00
14473,21452,100.00
14474,23242,0.00
14475,50889,0.00
14476,43812,0.00
14477,47448,0.00
14478,191519,0.00
14479,48399,0.00
14480,43827,0.00
14481,48380,0.00
14482,123258,0.00
14483,181979,0.00
14484,122688,0.00
14485,44825,0.00
14486,72003,50.00
14487,31182,0.00
14488,59603,100.00
14489,51123,0.00
14490,34955,100.00
14491,33025,100.00
14492,23745,100.00
14493,21140,100.00
14494,23916,0.00
14495,26132,100.00
14496,26074,100.00
14497,31545,100.00
14498,33043,100.00
14499,40943,0.00
14500,23287,100.00
14501,27802,100.00
14502,46246,0.00
14503,74811,0.00
14504,133249,0.00
14505,138080,0.00
14506,50873,0.00
14507,50283,0.00
14508,49596,0.00
14509,45018,0.00
14510,47170,0.00
14511,49505,0.00
14512,45013,0.00
14513,47710,100.00
14514,36863,100.00
14515,24328,0.00
14516,23038,100.00
14517,21973,100.00
14518,26553,100.00
14519,24571,100.00
14520,44666,0.00
14521,42696,100.00
14522,28533,100.00
14523,22591,100.00
14524,22914,100.00
14525,20432,0.00
14526,22086,100.00
14527,25124,100.00
14528,30307,100.00
14529,26060,100.00
14530,44100,0.00
14531,40675,0.00
14532,42266,0.00
14533,128558,0.00
14534,46455,0.00
14535,164291,0.00
14536,52242,0.00
14537,177556,0.00
14538,237379,0.00
14539,233685,0.00
14540,243784,0.00
14541,346872,0.00
14542,216184,0.00
14543,66853,0.00
14544,63327,0.00
14545,64550,100.00
14546,27994,100.00
14547,20902,100.00
14548,21838,100.00
14549,19582,0.00
14550,20321,100.00
14551,21692,100.00
14552,27541,100.00
14553,25161,100.00
14554,44433,0.00
14555,44100,100.00
14556,39079,100.00
14557,26708,100.00
14558,29917,100.00
14559,21293,0.00
14560,20390,100.00
14561,39680,0.00
14562,47527,0.00
14563,49111,0.00
14564,47995,0.00
14565,194565,0.00
14566,43097,0.00
14567,43657,0.00
14568,50229,0.00
14569,47403,0.00
14570,47242,0.00
14571,42262,0.00
14572,38539,0.00
14573,40996,0.00
14574,45741,0.00
14575,51420,0.00
14576,46084,100.00
14577,29128,100.00
14578,41845,100.00
14579,40445,0.00
14580,41190,100.00
14581,25797,100.00
14582,22436,100.00
14583,21303,100.00
14584,18274,0.00
14585,18895,100.00
14586,19700,100.00
14587,22078,100.00
14588,24187,100.00
14589,40863,0.00
14590,43928,100.00
14591,39289,100.00
14592,39396,100.00
14593,40606,0.00
14594,50269,0.00
14595,44262,0.00
14596,131587,0.00
14597,49892,0.00
14598,41017,0.00
14599,44395,0.00
14600,40578,0.00
14601,40144,0.00
14602,38772,0.00
14603,45365,0.00
14604,44006,0.00
14605,43596,0.00
14606,63340,0.00
14607,40556,100.00
14608,26747,0.00
14609,25493,100.00
14610,24743,100.00
14611,23700,100.00
14612,21785,100.00
14613,43388,0.00
14614,39133,100.00
14615,33108,100.00
14616,22341,100.00
14617,25272,100.00
14618,40954,0.00
14619,49800,0.00
14620,212870,0.00
14621,46622,0.00
14622,48865,0.00
14623,215019,0.00
14624,58482,0.00
14625,156745,0.00
14626,66021,0.00
14627,23836,0.00
14628,27680,100.00
14629,22523,100.00
14630,23904,100.00
14631,23955,100.00
14632,23520,0.00
14633,62390,100.00
14634,57027,100.00
14635,25274,100.00
14636,21078,100.00
14637,21960,0.00
14638,20392,100.00
14639,26392,100.00
14640,31617,100.00
14641,23611,100.00
14642,33917,0.00
14643,38024,100.00
14644,43033,100.00
14645,144592,0.00
14646,49551,0.00
14647,50624,0.00
14648,148746,0.00
14649,46232,0.00
14650,40259,0.00
14651,42797,0.00
14652,40716,0.00
14653,48845,0.00
14654,46490,0.00
14655,43789,0.00
14656,45320,0.00
14657,56045,0.00
14658,68292,66.67
14659,20159,0.00
14660,20625,0.00
14661,22762,0.00
14662,21524,100.00
14663,19602,100.00
14664,18487,100.00
14665,21443,100.00
14666,23208,0.00
14667,22785,100.00
14668,57350,100.00
14669,50638,100.00
14670,24947,100.00
14671,20657,0.00
14672,26473,100.00
14673,22668,100.00
14674,22353,100.00
14675,24086,100.00
14676,22387,0.00
14677,50191,0.00
14678,47710,0.00
14679,173439,0.00
14680,42033,0.00
14681,48060,0.00
14682,42183,0.00
14683,179777,0.00
14684,189425,0.00
14685,46790,0.00
14686,42141,0.00
14687,47501,0.00
14688,51244,0.00
14689,46648,0.00
14690,64973,100.00
14691,20098,0.00
14692,41342,0.00
14693,45944,100.00
14694,25142,100.00
14695,22952,0.00
14696,25616,100.00
14697,19942,100.00
14698,20713,100.00
14699,17955,100.00
14700,21237,0.00
14701,24057,100.00
14702,28706,100.00
14703,51138,100.00
14704,44614,100.00
14705,27792,0.00
14706,24875,100.00
14707,22049,100.00
14708,123319,0.00
14709,50128,0.00
14710,46435,0.00
14711,49331,0.00
14712,46931,0.00
14713,49627,0.00
14714,180342,0.00
14715,49705,0.00
14716,51343,0.00
14717,46553,0.00
14718,45880,0.00
14719,50388,0.00
14720,45462,0.00
14721,61174,0.00
14722,45481,100.00
14723,35997,100.00
14724,31319,0.00
14725,22647,100.00
14726,55430,100.00
14727,50403,100.00
14728,53008,100.00
14729,24411,0.00
14730,22079,100.00
14731,22062,100.00
14732,18707,100.00
14733,19235,100.00
14734,21297,0.00
14735,21938,100.00
14736,37170,100.00
14737,43323,100.00
14738,42501,100.00
14739,43963,0.00
14740,46098,0.00
14741,49716,0.00
14742,136267,0.00
14743,49573,0.00
14744,48564,0.00
14745,48361,0.00
14746,47239,0.00
14747,45870,0.00
14748,46431,0.00
14749,46170,0.00
14750,44222,0.00
14751,43348,0.00
14752,166993,0.00
14753,35790,0.00
14754,36657,100.00
14755,27871,100.00
14756,26633,0.00
14757,25440,100.00
14758,25025,100.00
14759,24278,100.00
14760,21074,100.00
14761,44060,0.00
14762,42049,100.00
14763,48716,100.00
14764,25359,100.00
14765,39186,50.00
14766,39102,0.00
14767,36880,0.00
14768,42053,0.00
14769,46151,0.00
14770,45360,0.00
14771,50522,0.00
14772,41286,0.00
14773,48961,0.00
14774,65521,50.00
14775,19137,0.00
14776,19738,0.00
14777,25608,100.00
14778,22008,100.00
14779,25224,100.00
14780,25528,0.00
14781,23751,100.00
14782,60207,100.00
14783,49014,100.00
14784,29647,100.00
14785,23066,0.00
14786,23985,100.00
14787,21812,100.00
14788,26397,100.00
14789,31039,100.00
14790,24951,0.00
14791,38302,100.00
14792,162034,0.00
14793,46646,0.00
14794,47027,0.00
14795,46240,0.00
14796,51645,0.00
14797,113671,0.00
14798,51009,0.00
14799,55804,0.00
14800,172079,0.00
14801,50946,0.00
14802,49121,0.00
14803,52211,0.00
14804,131881,0.00
14805,56475,0.00
14806,52976,100.00
14807,50233,100.00
14808,32586,100.00
14809,28126,0.00
14810,26237,100.00
14811,23307,100.00
14812,20536,100.00
14813,18374,100.00
14814,22239,0.00
14815,24278,100.00
14816,38259,100.00
14817,40702,100.00
14818,43720,100.00
14819,24866,0.00
14820,30246,100.00
14821,20976,100.00
14822,17589,100.00
14823,51147,0.00
14824,47836,0.00
14825,202664,0.00
14826,45045,0.00
14827,45149,0.00
14828,47393,0.00
14829,48563,0.00
14830,40380,0.00
14831,50764,0.00
14832,191467,0.00
14833,48414,0.00
14834,208394,0.00
14835,48101,0.00
14836,211155,0.00
14837,46265,0.00
14838,45756,100.00
14839,31985,100.00
14840,46345,100.00
14841,38964,0.00
14842,44869,100.00
14843,23036,100.00
14844,21706,100.00
14845,21030,100.00
14846,17974,0.00
14847,18161,100.00
14848,21672,100.00
14849,22518,100.00
14850,29768,100.00
14851,41271,0.00
14852,43805,100.00
14853,34860,100.00
14854,33222,100.00
14855,47784,0.00
14856,47799,0.00
14857,206574,0.00
14858,148954,0.00
14859,207468,0.00
14860,255007,0.00
14861,232424,0.00
14862,51192,0.00
14863,49228,0.00
14864,46888,0.00
14865,49341,0.00
14866,47830,0.00
14867,47720,0.00
14868,52092,50.00
14869,24428,0.00
14870,25094,0.00
14871,28223,100.00
14872,24893,100.00
14873,23818,100.00
14874,20302,100.00
14875,49183,0.00
14876,45160,100.00
14877,42827,100.00
14878,22731,100.00
14879,25974,100.00
14880,42872,0.00
14881,39804,0.00
14882,39042,0.00
14883,51472,0.00
14884,224983,0.00
14885,151894,0.00
14886,54553,0.00
14887,140078,0.00
14888,52038,0.00
14889,53435,0.00
14890,40669,100.00
14891,27279,100.00
14892,24001,0.00
14893,27691,100.00
14894,26014,100.00
14895,42339,100.00
14896,39833,100.00
14897,37808,0.00
14898,23403,100.00
14899,23716,100.00
14900,20725,100.00
14901,21678,100.00
14902,30470,0.00
14903,23798,100.00
14904,29279,100.00
14905,46150,100.00
14906,35684,100.00
14907,30417,0.00
14908,35677,0.00
14909,224399,0.00
14910,54739,0.00
14911,50629,0.00
14912,165552,0.00
14913,48587,0.00
14914,44621,0.00
14915,42457,0.00
14916,159391,0.00
14917,46303,0.00
14918,45712,0.00
14919,50038,0.00
14920,69866,50.00
14921,19418,0.00
14922,19444,0.00
14923,23480,100.00
14924,21802,100.00
14925,21342,100.00
14926,18603,0.00
14927,21490,100.00
14928,23461,100.00
14929,23052,100.00
14930,53825,100.00
14931,48931,0.00
14932,25670,100.00
14933,20610,100.00
14934,23854,100.00
14935,23048,100.00
14936,25342,0.00
14937,25496,100.00
14938,36692,100.00
14939,44206,0.00
14940,47342,0.00
14941,150193,0.00
14942,47223,0.00
14943,48450,0.00
14944,45618,0.00
14945,222836,0.00
14946,52801,0.00
14947,125943,0.00
14948,133353,0.00
14949,206164,0.00
14950,203056,0.00
14951,176719,0.00
14952,48067,0.00
14953,58024,0.00
14954,59368,100.00
14955,46470,100.00
14956,47405,0.00
14957,26272,100.00
14958,28189,100.00
14959,23659,100.00
14960,20874,100.00
14961,18951,0.00
14962,21553,100.00
14963,23794,100.00
14964,22705,100.00
14965,48290,100.00
14966,43997,0.00
14967,24436,100.00
14968,24884,100.00
14969,21719,100.00
14970,24933,100.00
14971,49316,0.00
14972,50611,0.00
14973,175951,0.00
14974,62850,0.00
14975,46995,0.00
14976,47291,0.00
14977,50491,0.00
14978,46101,0.00
14979,45015,0.00
14980,46495,0.00
14981,55117,0.00
14982,160509,0.00
14983,48107,0.00
14984,70439,100.00
14985,20402,0.00
14986,26513,0.00
14987,25379,100.00
14988,22044,100.00
14989,56769,100.00
14990,51485,0.00
14991,28142,100.00
14992,23178,100.00
14993,26106,100.00
14994,19708,100.00
14995,20110,0.00
14996,19104,100.00
14997,22968,100.00
14998,25327,100.00
14999,36133,100.00
15000,84373,0.00
