sample,work_ns,cpu_utilization
1,135663,0.00
2,53746,0.00
3,77737,0.00
4,51233,0.00
5,49517,0.00
6,57116,0.00
7,60822,33.33
8,42176,0.00
9,37306,100.00
10,29383,0.00
11,33381,100.00
12,55856,0.00
13,37057,100.00
14,30722,0.00
15,26643,100.00
16,32729,0.00
17,171240,0.00
18,50133,0.00
19,57853,0.00
20,68698,0.00
21,223436,0.00
22,49973,100.00
23,43300,0.00
24,43142,100.00
25,30209,0.00
26,27727,100.00
27,25774,0.00
28,25993,100.00
29,37717,0.00
30,39142,100.00
31,36381,0.00
32,56090,0.00
33,118054,0.00
34,55466,0.00
35,55965,0.00
36,56951,0.00
37,155722,0.00
38,54526,0.00
39,61104,0.00
40,59085,0.00
41,35121,100.00
42,29504,100.00
43,28052,0.00
44,27669,0.00
45,32893,50.00
46,51421,100.00
47,29613,0.00
48,28445,0.00
49,31647,50.00
50,66884,0.00
51,59708,0.00
52,60423,100.00
53,35209,0.00
54,44224,100.00
55,47956,0.00
56,51513,100.00
57,35007,0.00
58,45852,0.00
59,44772,0.00
60,49117,0.00
61,139268,0.00
62,52560,0.00
63,54891,0.00
64,53376,0.00
65,156704,0.00
66,66020,0.00
67,53681,0.00
68,67358,0.00
69,190638,0.00
70,48179,0.00
71,48441,0.00
72,64855,100.00
73,28236,0.00
74,31092,100.00
75,53230,100.00
76,60630,100.00
77,41292,100.00
78,42262,100.00
79,33397,100.00
80,22541,100.00
81,20996,100.00
82,25710,100.00
83,25250,100.00
84,51486,100.00
85,131690,0.00
86,55054,0.00
87,56260,0.00
88,55305,0.00
89,134072,0.00
90,62285,0.00
91,58991,0.00
92,57898,0.00
93,178374,0.00
94,70580,0.00
95,56646,0.00
96,56486,0.00
97,141398,0.00
98,52655,0.00
99,51390,0.00
100,51940,0.00
101,185483,0.00
102,50528,0.00
103,51792,0.00
104,58534,0.00
105,218545,0.00
106,54340,0.00
107,52443,0.00
108,53824,0.00
109,187901,0.00
110,55934,0.00
111,52184,0.00
112,50861,0.00
113,149892,0.00
114,67624,100.00
115,19898,0.00
116,22067,100.00
117,26730,100.00
118,28867,100.00
119,47695,0.00
120,42858,100.00
121,33609,100.00
122,50961,100.00
123,41813,50.00
124,32372,0.00
125,31148,0.00
126,52248,100.00
127,51029,0.00
128,66557,0.00
129,166003,0.00
130,60552,0.00
131,58538,0.00
132,63040,0.00
133,287962,0.00
134,56910,0.00
135,57358,0.00
136,61045,0.00
137,207106,0.00
138,53639,0.00
139,68453,0.00
140,64984,0.00
141,184969,0.00
142,56427,0.00
143,59516,0.00
144,30794,100.00
145,24969,0.00
146,36521,100.00
147,57468,0.00
148,40871,100.00
149,38702,0.00
150,30558,100.00
151,32430,0.00
152,43054,100.00
153,131934,0.00
154,54483,0.00
155,53225,100.00
156,47161,0.00
157,36280,100.00
158,29514,0.00
159,25422,100.00
160,29126,0.00
161,44218,100.00
162,45963,0.00
163,34234,0.00
164,45200,0.00
165,136630,0.00
166,47824,0.00
167,56798,0.00
168,55271,0.00
169,206003,0.00
170,57189,0.00
171,57628,0.00
172,55013,0.00
173,151507,0.00
174,63861,50.00
175,62550,0.00
176,39899,0.00
177,27061,100.00
178,31999,50.00
179,30429,0.00
180,41857,0.00
181,47925,100.00
182,43389,50.00
183,25710,0.00
184,47578,0.00
185,176126,0.00
186,64538,0.00
187,63526,0.00
188,47223,100.00
189,39183,0.00
190,57811,100.00
191,36450,0.00
192,28314,100.00
193,28021,0.00
194,26665,100.00
195,50276,0.00
196,56454,0.00
197,58862,0.00
198,57511,0.00
199,52777,0.00
200,50456,0.00
201,62830,0.00
202,55429,0.00
203,55700,0.00
204,56715,0.00
205,156994,0.00
206,65316,0.00
207,53624,100.00
208,52244,0.00
209,131407,100.00
210,44006,0.00
211,28913,100.00
212,25275,0.00
213,29914,100.00
214,48031,100.00
215,23983,0.00
216,40746,100.00
217,33683,100.00
218,49174,100.00
219,25402,0.00
220,30546,100.00
221,34054,0.00
222,42792,100.00
223,43099,0.00
224,41839,0.00
225,166943,0.00
226,53294,0.00
227,56872,0.00
228,51538,0.00
229,147572,0.00
230,62847,0.00
231,61949,0.00
232,60608,0.00
233,206239,0.00
234,55652,0.00
235,54855,0.00
236,53159,0.00
237,155091,0.00
238,52723,0.00
239,49613,0.00
240,54703,0.00
241,149904,0.00
242,55597,0.00
243,63080,0.00
244,55911,0.00
245,214424,0.00
246,61633,100.00
247,22131,0.00
248,28468,100.00
249,23463,0.00
250,56985,100.00
251,45550,100.00
252,45724,100.00
253,35971,0.00
254,27528,100.00
255,21665,100.00
256,21149,0.00
257,31641,50.00
258,52110,0.00
259,49271,0.00
260,49093,0.00
261,165457,0.00
262,47238,0.00
263,47128,0.00
264,57050,0.00
265,149582,0.00
266,55536,0.00
267,51257,0.00
268,51223,0.00
269,144418,0.00
270,50748,0.00
271,53220,0.00
272,53283,0.00
273,190199,0.00
274,68501,0.00
275,50695,0.00
276,55512,0.00
277,170081,0.00
278,59679,0.00
279,45867,0.00
280,64754,0.00
281,123967,0.00
282,63829,100.00
283,30788,0.00
284,28544,100.00
285,35652,0.00
286,65848,100.00
287,22049,0.00
288,53044,100.00
289,44736,100.00
290,40476,100.00
291,32121,100.00
292,32330,0.00
293,118406,0.00
294,44215,50.00
295,58542,100.00
296,37443,0.00
297,139903,0.00
298,50940,0.00
299,56879,0.00
300,54273,0.00
301,181153,0.00
302,54072,0.00
303,52839,0.00
304,55197,0.00
305,136069,0.00
306,49469,0.00
307,53011,0.00
308,54470,0.00
309,66058,0.00
310,54566,0.00
311,55033,0.00
312,59322,0.00
313,47633,0.00
314,32813,100.00
315,25853,50.00
316,32429,0.00
317,107385,0.00
318,43844,100.00
319,36861,50.00
320,26793,0.00
321,32472,0.00
322,43336,50.00
323,58767,0.00
324,43215,100.00
325,129085,0.00
326,49718,50.00
327,30801,0.00
328,25687,50.00
329,20378,0.00
330,33015,50.00
331,46853,0.00
332,43517,50.00
333,197831,0.00
334,52171,0.00
335,48096,0.00
336,60411,0.00
337,187134,0.00
338,49798,0.00
339,48396,0.00
340,53960,0.00
341,175165,0.00
342,51260,0.00
343,52430,0.00
344,61053,0.00
345,112983,0.00
346,40764,100.00
347,28332,50.00
348,27313,0.00
349,30562,0.00
350,47513,100.00
351,45405,50.00
352,38269,0.00
353,32180,0.00
354,42401,100.00
355,25852,0.00
356,35305,0.00
357,36616,100.00
358,48113,50.00
359,23057,0.00
360,50192,0.00
361,204164,0.00
362,52597,0.00
363,53589,0.00
364,54259,0.00
365,193801,0.00
366,49325,0.00
367,49856,0.00
368,47756,0.00
369,216760,0.00
370,56774,0.00
371,64189,0.00
372,56238,0.00
373,198059,0.00
374,67461,0.00
375,42457,50.00
376,28266,0.00
377,28224,50.00
378,62237,100.00
379,26457,0.00
380,42138,0.00
381,53402,100.00
382,49853,100.00
383,24624,100.00
384,27296,0.00
385,26623,100.00
386,49718,100.00
387,56002,0.00
388,43035,100.00
389,234879,0.00
390,54112,0.00
391,57075,0.00
392,54187,0.00
393,220014,0.00
394,58232,0.00
395,59188,0.00
396,67533,0.00
397,214137,0.00
398,61323,0.00
399,55229,0.00
400,55654,0.00
401,166155,0.00
402,58654,0.00
403,58165,0.00
404,52555,0.00
405,177902,0.00
406,70948,0.00
407,65381,0.00
408,59569,0.00
409,157054,0.00
410,56641,0.00
411,61901,0.00
412,57988,0.00
413,158447,0.00
414,55532,0.00
415,49799,0.00
416,61920,0.00
417,49348,100.00
418,43370,100.00
419,23135,0.00
420,28211,0.00
421,39141,100.00
422,46009,100.00
423,29688,100.00
424,46838,0.00
425,126246,50.00
426,41540,100.00
427,31099,0.00
428,50385,0.00
429,134276,0.00
430,56632,0.00
431,45229,0.00
432,48589,0.00
433,193610,0.00
434,52731,0.00
435,48039,0.00
436,50904,0.00
437,183366,0.00
438,55969,0.00
439,49695,0.00
440,53241,0.00
441,200914,0.00
442,58547,0.00
443,60861,0.00
444,55866,0.00
445,142582,0.00
446,38812,100.00
447,28553,50.00
448,33337,0.00
449,137743,0.00
450,32018,100.00
451,26125,50.00
452,29383,0.00
453,33747,0.00
454,65391,100.00
455,19233,0.00
456,65825,0.00
457,40184,100.00
458,46656,50.00
459,28239,0.00
460,22906,0.00
461,34171,100.00
462,67810,50.00
463,50495,0.00
464,45653,0.00
465,119072,0.00
466,55534,0.00
467,50016,0.00
468,52473,0.00
469,168080,0.00
470,58253,0.00
471,50697,0.00
472,53774,0.00
473,182314,0.00
474,55083,0.00
475,49511,0.00
476,50702,0.00
477,187587,0.00
478,46195,0.00
479,57655,0.00
480,49258,100.00
481,44997,0.00
482,37142,50.00
483,26173,0.00
484,27803,50.00
485,131867,0.00
486,37478,50.00
487,26562,0.00
488,29645,50.00
489,160553,0.00
490,48846,100.00
491,38810,0.00
492,53640,0.00
493,32270,50.00
494,25388,100.00
495,50042,0.00
496,40997,0.00
497,114513,50.00
498,56569,0.00
499,53849,0.00
500,69402,0.00
501,167835,0.00
502,57417,0.00
503,57215,0.00
504,71868,0.00
505,187858,0.00
506,54305,0.00
507,54582,0.00
508,55247,0.00
509,196204,0.00
510,63065,0.00
511,37247,50.00
512,57360,0.00
513,34497,0.00
514,27886,100.00
515,22968,50.00
516,31199,0.00
517,35059,0.00
518,65684,100.00
519,27404,0.00
520,27100,100.00
521,38077,0.00
522,30649,100.00
523,35231,50.00
524,38934,0.00
525,45931,0.00
526,40633,100.00
527,38495,0.00
528,48785,0.00
529,134641,0.00
530,54131,0.00
531,65842,0.00
532,57758,0.00
533,170653,0.00
534,58098,0.00
535,60276,0.00
536,60563,0.00
537,153226,0.00
538,50607,0.00
539,45866,0.00
540,54032,0.00
541,182568,0.00
542,47422,0.00
543,46891,0.00
544,47823,0.00
545,188496,0.00
546,52216,0.00
547,66218,100.00
548,29962,0.00
549,28061,100.00
550,30451,100.00
551,39956,0.00
552,40896,0.00
553,39010,100.00
554,32980,100.00
555,29253,100.00
556,20624,0.00
557,22959,100.00
558,36674,100.00
559,29207,0.00
560,54086,0.00
561,131480,0.00
562,48326,0.00
563,65181,0.00
564,46481,0.00
565,177288,0.00
566,46679,0.00
567,45956,0.00
568,50433,0.00
569,114005,0.00
570,44006,0.00
571,40324,0.00
572,54794,0.00
573,35731,0.00
574,39474,0.00
575,50462,0.00
576,40093,0.00
577,124366,0.00
578,40677,0.00
579,35907,0.00
580,40346,0.00
581,40445,0.00
582,40029,0.00
583,41160,0.00
584,42592,0.00
585,51824,100.00
586,47492,0.00
587,29380,100.00
588,46565,50.00
589,33275,0.00
590,48796,100.00
591,28077,0.00
592,40751,100.00
593,37776,100.00
594,38633,100.00
595,29008,100.00
596,37150,0.00
597,34987,0.00
598,32061,50.00
599,23270,100.00
600,53339,0.00
601,165728,0.00
602,51076,0.00
603,56946,0.00
604,47620,0.00
605,110420,0.00
606,54467,0.00
607,54144,0.00
608,58434,0.00
609,132342,0.00
610,53906,0.00
611,57945,0.00
612,64537,0.00
613,110984,0.00
614,56048,0.00
615,59876,0.00
616,47195,0.00
617,131807,0.00
618,46696,100.00
619,30994,0.00
620,35223,100.00
621,43409,0.00
622,43020,100.00
623,35502,0.00
624,25213,100.00
625,48766,66.67
626,32787,0.00
627,30205,0.00
628,50436,0.00
629,36567,100.00
630,28919,50.00
631,21214,0.00
632,21810,0.00
633,27581,100.00
634,49085,50.00
635,43372,0.00
636,56440,0.00
637,184730,0.00
638,57438,0.00
639,56618,0.00
640,54660,0.00
641,166327,0.00
642,58081,0.00
643,59235,0.00
644,60302,0.00
645,173119,0.00
646,60432,0.00
647,78490,0.00
648,56069,0.00
649,216163,0.00
650,63590,100.00
651,30500,0.00
652,28651,100.00
653,24078,0.00
654,28083,100.00
655,40740,0.00
656,48679,100.00
657,35578,0.00
658,51031,100.00
659,22887,0.00
660,30716,0.00
661,35024,0.00
662,41771,50.00
663,39702,100.00
664,34443,0.00
665,34310,0.00
666,36109,0.00
667,51356,0.00
668,55857,0.00
669,122541,0.00
670,51003,0.00
671,48702,0.00
672,49041,0.00
673,138222,0.00
674,53400,0.00
675,57586,0.00
676,54012,0.00
677,188164,0.00
678,57113,0.00
679,32472,50.00
680,31177,0.00
681,34967,50.00
682,64278,100.00
683,22845,0.00
684,25787,0.00
685,45204,100.00
686,42613,100.00
687,31939,100.00
688,24847,0.00
689,49609,100.00
690,46219,50.00
691,19883,100.00
692,24073,0.00
693,42711,100.00
694,42171,0.00
695,45634,0.00
696,62191,0.00
697,125221,0.00
698,58847,0.00
699,47166,0.00
700,49510,0.00
701,120397,0.00
702,46342,0.00
703,66244,0.00
704,57282,0.00
705,184510,0.00
706,56943,0.00
707,52560,0.00
708,51352,0.00
709,175794,0.00
710,57866,0.00
711,51576,0.00
712,56335,0.00
713,173078,0.00
714,44997,0.00
715,41136,0.00
716,42971,0.00
717,221244,0.00
718,50504,100.00
719,41645,0.00
720,30717,100.00
721,34422,0.00
722,41513,100.00
723,22097,0.00
724,46895,100.00
725,43356,100.00
726,36471,100.00
727,33969,0.00
728,25919,100.00
729,24945,100.00
730,35340,0.00
731,49227,0.00
732,54391,0.00
733,183929,0.00
734,53065,0.00
735,64899,0.00
736,59941,0.00
737,190273,0.00
738,44219,0.00
739,51203,0.00
740,45751,0.00
741,124178,0.00
742,45585,0.00
743,52287,0.00
744,50397,0.00
745,196734,0.00
746,53834,0.00
747,51222,0.00
748,53578,0.00
749,64843,50.00
750,35479,0.00
751,28432,50.00
752,32430,0.00
753,35945,0.00
754,51853,100.00
755,24932,50.00
756,28401,0.00
757,34067,0.00
758,29320,100.00
759,48597,50.00
760,42208,0.00
761,40569,0.00
762,35253,100.00
763,22892,50.00
764,21720,0.00
765,27504,0.00
766,36919,100.00
767,34737,50.00
768,27052,0.00
769,36353,50.00
770,45992,0.00
771,45171,0.00
772,48477,0.00
773,138963,0.00
774,69264,0.00
775,53588,0.00
776,51597,0.00
777,167227,0.00
778,41999,0.00
779,45525,0.00
780,46082,0.00
781,142690,0.00
782,63817,0.00
783,43687,0.00
784,40155,50.00
785,30232,0.00
786,24686,50.00
787,32103,0.00
788,55817,50.00
789,41624,0.00
790,37613,50.00
791,43220,100.00
792,25345,0.00
793,28520,0.00
794,39188,100.00
795,29102,50.00
796,27213,0.00
797,16485,0.00
798,14217,100.00
799,16790,50.00
800,24703,0.00
801,54437,0.00
802,55851,0.00
803,64739,0.00
804,47887,0.00
805,194515,0.00
806,51060,0.00
807,50628,0.00
808,52276,0.00
809,209459,0.00
810,53515,0.00
811,51073,0.00
812,51463,0.00
813,65398,0.00
814,57277,0.00
815,57147,0.00
816,76686,0.00
817,189932,0.00
818,64334,0.00
819,64677,50.00
820,63402,0.00
821,42481,50.00
822,33586,0.00
823,27668,50.00
824,27032,0.00
825,29103,100.00
826,63910,100.00
827,21347,0.00
828,21482,100.00
829,36734,100.00
830,33358,50.00
831,57460,0.00
832,44563,50.00
833,165385,0.00
834,59468,0.00
835,56039,0.00
836,54356,0.00
837,156295,0.00
838,54365,0.00
839,60289,0.00
840,55035,0.00
841,188834,0.00
842,53480,0.00
843,56955,0.00
844,54986,0.00
845,148798,0.00
846,54455,0.00
847,55758,0.00
848,58111,0.00
849,172771,0.00
850,68088,0.00
851,37506,50.00
852,28107,0.00
853,34266,50.00
854,62344,100.00
855,21966,0.00
856,30851,0.00
857,24229,100.00
858,46936,100.00
859,43181,100.00
860,24322,0.00
861,34010,100.00
862,29793,50.00
863,26921,0.00
864,39197,50.00
865,141715,0.00
866,56967,50.00
867,57539,0.00
868,59349,0.00
869,175655,0.00
870,61058,0.00
871,56800,0.00
872,60710,0.00
873,198350,0.00
874,64511,0.00
875,63355,0.00
876,55749,0.00
877,213927,0.00
878,57525,0.00
879,53513,0.00
880,61295,0.00
881,165751,0.00
882,68326,0.00
883,56981,0.00
884,55758,0.00
885,183593,0.00
886,55538,0.00
887,50262,0.00
888,61578,0.00
889,107532,0.00
890,36973,100.00
891,29328,50.00
892,27381,0.00
893,31103,100.00
894,63711,100.00
895,25665,0.00
896,61026,100.00
897,74419,100.00
898,37987,100.00
899,50626,100.00
900,52473,0.00
901,63835,100.00
902,55748,0.00
903,58880,0.00
904,52589,0.00
905,151786,0.00
906,45409,0.00
907,42859,0.00
908,42868,0.00
909,46760,0.00
910,48281,0.00
911,51549,0.00
912,48393,0.00
913,133552,0.00
914,56910,0.00
915,55350,0.00
916,52241,0.00
917,219926,0.00
918,53270,0.00
919,52548,0.00
920,57026,0.00
921,217242,0.00
922,43521,100.00
923,28515,0.00
924,31175,0.00
925,33642,50.00
926,55625,100.00
927,26326,0.00
928,26780,0.00
929,29744,100.00
930,50195,100.00
931,25038,0.00
932,49030,0.00
933,30016,50.00
934,22913,100.00
935,21644,0.00
936,26359,0.00
937,37501,50.00
938,48250,100.00
939,56984,0.00
940,48528,0.00
941,183876,0.00
942,57234,0.00
943,57029,0.00
944,53598,0.00
945,145825,0.00
946,55790,0.00
947,54944,0.00
948,55745,0.00
949,151563,0.00
950,60184,0.00
951,56260,0.00
952,59816,0.00
953,149613,0.00
954,50969,0.00
955,54088,0.00
956,58741,0.00
957,220100,0.00
958,61510,0.00
959,34570,50.00
960,28461,0.00
961,24821,50.00
962,29399,0.00
963,31913,50.00
964,56031,100.00
965,21431,0.00
966,21380,100.00
967,22444,0.00
968,44687,100.00
969,43862,0.00
970,45597,100.00
971,31133,0.00
972,55110,0.00
973,190701,0.00
974,45847,0.00
975,40328,0.00
976,54378,0.00
977,152377,0.00
978,53402,0.00
979,50597,0.00
980,52680,0.00
981,125724,0.00
982,71373,0.00
983,45344,0.00
984,73207,0.00
985,160672,0.00
986,43762,0.00
987,55411,0.00
988,37350,100.00
989,40567,0.00
990,35568,100.00
991,55439,0.00
992,46054,100.00
993,30233,100.00
994,50796,100.00
995,24679,0.00
996,30956,100.00
997,25782,100.00
998,52422,100.00
999,39290,0.00
1000,43029,0.00
1001,30736,100.00
1002,41010,50.00
1003,23318,0.00
1004,43435,0.00
1005,98911,0.00
1006,46292,0.00
1007,51075,0.00
1008,54732,0.00
1009,166148,0.00
1010,53451,0.00
1011,57251,0.00
1012,56583,0.00
1013,145575,0.00
1014,57252,0.00
1015,53552,0.00
1016,61153,0.00
1017,184753,0.00
1018,55178,0.00
1019,60073,0.00
1020,60307,0.00
1021,208416,0.00
1022,56966,0.00
1023,52841,0.00
1024,53352,0.00
1025,192562,0.00
1026,70089,0.00
1027,31546,100.00
1028,29786,0.00
1029,26708,100.00
1030,28221,0.00
1031,55458,100.00
1032,40758,0.00
1033,40707,100.00
1034,33563,100.00
1035,27429,100.00
1036,42842,100.00
1037,45531,100.00
1038,47907,100.00
1039,32978,100.00
1040,57585,0.00
1041,165300,0.00
1042,56059,0.00
1043,55238,0.00
1044,57740,0.00
1045,170701,0.00
1046,56125,0.00
1047,62855,0.00
1048,55089,0.00
1049,176708,0.00
1050,58320,0.00
1051,60375,0.00
1052,62988,0.00
1053,205683,0.00
1054,55988,0.00
1055,53301,0.00
1056,54962,0.00
1057,212122,0.00
1058,49657,0.00
1059,46764,0.00
1060,29308,50.00
1061,29027,0.00
1062,36432,50.00
1063,52177,0.00
1064,31715,50.00
1065,31986,0.00
1066,33670,50.00
1067,30627,0.00
1068,54642,50.00
1069,148117,0.00
1070,36946,50.00
1071,23400,0.00
1072,29148,50.00
1073,27207,0.00
1074,32104,50.00
1075,40663,0.00
1076,37718,50.00
1077,31960,0.00
1078,36682,0.00
1079,54440,0.00
1080,57130,0.00
1081,133840,0.00
1082,56169,0.00
1083,56522,0.00
1084,53234,0.00
1085,201604,0.00
1086,57197,0.00
1087,58511,0.00
1088,60247,0.00
1089,211696,0.00
1090,57330,0.00
1091,61390,0.00
1092,72577,100.00
1093,41909,0.00
1094,35077,100.00
1095,49455,0.00
1096,67712,100.00
1097,50362,0.00
1098,62034,100.00
1099,26304,0.00
1100,26163,100.00
1101,52069,66.67
1102,21958,0.00
1103,40450,0.00
1104,49104,0.00
1105,109098,100.00
1106,37496,100.00
1107,37208,0.00
1108,38669,0.00
1109,35785,50.00
1110,45218,100.00
1111,41346,0.00
1112,54681,0.00
1113,120044,0.00
1114,50673,0.00
1115,50438,0.00
1116,52833,0.00
1117,137539,0.00
1118,57637,0.00
1119,54388,0.00
1120,55515,0.00
1121,256033,0.00
1122,56673,0.00
1123,57803,0.00
1124,53978,0.00
1125,91321,0.00
1126,49453,0.00
1127,49220,0.00
1128,62407,0.00
1129,63106,0.00
1130,52422,50.00
1131,28987,0.00
1132,29268,50.00
1133,43641,100.00
1134,21082,0.00
1135,25041,0.00
1136,46225,100.00
1137,33502,100.00
1138,31376,100.00
1139,24014,0.00
1140,47382,50.00
1141,28474,0.00
1142,44361,0.00
1143,59258,0.00
1144,47514,0.00
1145,144947,0.00
1146,49651,0.00
1147,58203,0.00
1148,55374,0.00
1149,151849,0.00
1150,52735,0.00
1151,58842,0.00
1152,54468,0.00
1153,160888,0.00
1154,52849,0.00
1155,69308,0.00
1156,50559,0.00
1157,191183,0.00
1158,51624,0.00
1159,59778,0.00
1160,63530,0.00
1161,48441,100.00
1162,35084,0.00
1163,29970,100.00
1164,36723,0.00
1165,139517,100.00
1166,33005,0.00
1167,28697,100.00
1168,25464,100.00
1169,25441,100.00
1170,47556,100.00
1171,19652,0.00
1172,21159,0.00
1173,15639,100.00
1174,14645,0.00
1175,14183,100.00
1176,16513,0.00
1177,34456,100.00
1178,41025,0.00
1179,37863,0.00
1180,43538,0.00
1181,116404,0.00
1182,46059,0.00
1183,39821,0.00
1184,43523,0.00
1185,42427,0.00
1186,51583,0.00
1187,50033,0.00
1188,52735,0.00
1189,147142,0.00
1190,53287,0.00
1191,50890,0.00
1192,54160,0.00
1193,38880,0.00
1194,42318,0.00
1195,40732,0.00
1196,58031,0.00
1197,139328,0.00
1198,42209,50.00
1199,31406,100.00
1200,24717,0.00
1201,44502,100.00
1202,21874,0.00
1203,58802,100.00
1204,33517,100.00
1205,27674,0.00
1206,24654,100.00
1207,34536,100.00
1208,55789,0.00
1209,36777,100.00
1210,53911,0.00
1211,51865,0.00
1212,54342,0.00
1213,106534,0.00
1214,55502,0.00
1215,54790,0.00
1216,54197,0.00
1217,197027,0.00
1218,55203,0.00
1219,58382,0.00
1220,52605,0.00
1221,115163,0.00
1222,46393,0.00
1223,50184,0.00
1224,56103,0.00
1225,193489,0.00
1226,57318,0.00
1227,57877,0.00
1228,65794,0.00
1229,37593,0.00
1230,27629,50.00
1231,39286,100.00
1232,51547,0.00
1233,43589,0.00
1234,50006,100.00
1235,21241,0.00
1236,23817,100.00
1237,72894,100.00
1238,45708,100.00
1239,30887,0.00
1240,18374,0.00
1241,17325,50.00
1242,32678,100.00
1243,42308,0.00
1244,40399,0.00
1245,34350,50.00
1246,53054,0.00
1247,59966,0.00
1248,56437,0.00
1249,140052,0.00
1250,50741,0.00
1251,44304,0.00
1252,45579,0.00
1253,167504,0.00
1254,55850,0.00
1255,52673,0.00
1256,50083,0.00
1257,170007,0.00
1258,49331,0.00
1259,59793,0.00
1260,51604,0.00
1261,192651,0.00
1262,49473,0.00
1263,48388,0.00
1264,63323,0.00
1265,94853,50.00
1266,37279,0.00
1267,28783,50.00
1268,26435,0.00
1269,30738,50.00
1270,58491,0.00
1271,47780,50.00
1272,42201,100.00
1273,22349,0.00
1274,40400,100.00
1275,30981,50.00
1276,51233,0.00
1277,40005,0.00
1278,24773,100.00
1279,53888,0.00
1280,52249,0.00
1281,201080,0.00
1282,62519,0.00
1283,62437,0.00
1284,57389,0.00
1285,83155,0.00
1286,49550,0.00
1287,49234,0.00
1288,69455,0.00
1289,196506,0.00
1290,54861,0.00
1291,58720,0.00
1292,64642,0.00
1293,41060,0.00
1294,34595,50.00
1295,54254,0.00
1296,52076,50.00
1297,49499,100.00
1298,30889,100.00
1299,24415,100.00
1300,40826,0.00
1301,43618,100.00
1302,29166,100.00
1303,44604,100.00
1304,43050,0.00
1305,46968,50.00
1306,41076,100.00
1307,35524,0.00
1308,49954,0.00
1309,29307,50.00
1310,43524,0.00
1311,46664,0.00
1312,44754,0.00
1313,138177,0.00
1314,50805,0.00
1315,46057,0.00
1316,44508,0.00
1317,137797,0.00
1318,45457,0.00
1319,39894,0.00
1320,40588,0.00
1321,124595,0.00
1322,49964,0.00
1323,48705,0.00
1324,52022,0.00
1325,193262,0.00
1326,46629,0.00
1327,53785,0.00
1328,55942,0.00
1329,211479,0.00
1330,53255,0.00
1331,50722,0.00
1332,47824,0.00
1333,184404,0.00
1334,59781,50.00
1335,37672,0.00
1336,28917,0.00
1337,26039,50.00
1338,47368,100.00
1339,24779,0.00
1340,31962,100.00
1341,30193,100.00
1342,31574,100.00
1343,58338,0.00
1344,38953,0.00
1345,68079,100.00
1346,33246,100.00
1347,31565,0.00
1348,48029,0.00
1349,51435,0.00
1350,42361,0.00
1351,39508,0.00
1352,45710,0.00
1353,175544,0.00
1354,54230,0.00
1355,50002,0.00
1356,50231,0.00
1357,129828,0.00
1358,56369,0.00
1359,54302,0.00
1360,56704,0.00
1361,156161,0.00
1362,52565,0.00
1363,54216,0.00
1364,52993,0.00
1365,199771,0.00
1366,48392,0.00
1367,47433,0.00
1368,45522,0.00
1369,48724,100.00
1370,37111,0.00
1371,29621,100.00
1372,52170,0.00
1373,29551,100.00
1374,28768,0.00
1375,29634,100.00
1376,35258,0.00
1377,43980,100.00
1378,61265,100.00
1379,21341,0.00
1380,33832,0.00
1381,26154,100.00
1382,24447,50.00
1383,42276,0.00
1384,45806,0.00
1385,43552,100.00
1386,38582,50.00
1387,45039,0.00
1388,54129,0.00
1389,176817,0.00
1390,51403,0.00
1391,52190,0.00
1392,51163,0.00
1393,106992,0.00
1394,48782,0.00
1395,51596,0.00
1396,57427,0.00
1397,141576,0.00
1398,56956,0.00
1399,54356,0.00
1400,49328,0.00
1401,177425,0.00
1402,51768,0.00
1403,51557,0.00
1404,58656,0.00
1405,53231,0.00
1406,38117,50.00
1407,28209,100.00
1408,31134,0.00
1409,40204,0.00
1410,58585,50.00
1411,27059,100.00
1412,37460,50.00
1413,26250,0.00
1414,25060,100.00
1415,47498,100.00
1416,49351,0.00
1417,32068,100.00
1418,25697,0.00
1419,23275,100.00
1420,25603,0.00
1421,40502,100.00
1422,50006,0.00
1423,49549,0.00
1424,58870,0.00
1425,163629,0.00
1426,57922,0.00
1427,60479,0.00
1428,57852,0.00
1429,227313,0.00
1430,59113,0.00
1431,64312,0.00
1432,61137,0.00
1433,168762,0.00
1434,55390,0.00
1435,53765,0.00
1436,53949,0.00
1437,162842,0.00
1438,58095,0.00
1439,55096,0.00
1440,68732,0.00
1441,151883,50.00
1442,44065,100.00
1443,33048,0.00
1444,27228,0.00
1445,32596,100.00
1446,54697,100.00
1447,24225,0.00
1448,40607,100.00
1449,32007,100.00
1450,27848,100.00
1451,47897,100.00
1452,55176,50.00
1453,35058,0.00
1454,45491,0.00
1455,47073,0.00
1456,44488,0.00
1457,226182,0.00
1458,46485,0.00
1459,44802,0.00
1460,62458,0.00
1461,120801,0.00
1462,43546,0.00
1463,49628,0.00
1464,53513,0.00
1465,213106,0.00
1466,54289,0.00
1467,53541,0.00
1468,51111,0.00
1469,176189,0.00
1470,52375,0.00
1471,56293,0.00
1472,95608,0.00
1473,47502,0.00
1474,30082,50.00
1475,32967,100.00
1476,48730,0.00
1477,49773,0.00
1478,46361,50.00
1479,37633,100.00
1480,25820,0.00
1481,25599,100.00
1482,39712,100.00
1483,45682,0.00
1484,27401,100.00
1485,24261,0.00
1486,24299,100.00
1487,26700,0.00
1488,30234,100.00
1489,103346,0.00
1490,55501,0.00
1491,56195,0.00
1492,56908,0.00
1493,213583,0.00
1494,53863,0.00
1495,56869,0.00
1496,58958,0.00
1497,252585,0.00
1498,57984,0.00
1499,57137,0.00
1500,54173,0.00
1501,169794,0.00
1502,50882,0.00
1503,52534,0.00
1504,55222,0.00
1505,175011,0.00
1506,55878,0.00
1507,69548,0.00
1508,43034,100.00
1509,36311,0.00
1510,35253,100.00
1511,24177,0.00
1512,39340,100.00
1513,36138,0.00
1514,39949,100.00
1515,22034,100.00
1516,24550,100.00
1517,23935,100.00
1518,39117,50.00
1519,38079,0.00
1520,23402,50.00
1521,37037,0.00
1522,53312,0.00
1523,50106,0.00
1524,56622,0.00
1525,147051,0.00
1526,51751,0.00
1527,50212,0.00
1528,57089,0.00
1529,172256,0.00
1530,56351,0.00
1531,59541,0.00
1532,67675,0.00
1533,273496,0.00
1534,58132,0.00
1535,60027,0.00
1536,61573,0.00
1537,252716,0.00
1538,59650,0.00
1539,69452,0.00
1540,39657,0.00
1541,27711,100.00
1542,42769,50.00
1543,54542,0.00
1544,52802,100.00
1545,28761,0.00
1546,27515,100.00
1547,50192,100.00
1548,51062,0.00
1549,26220,100.00
1550,43067,50.00
1551,25625,100.00
1552,24404,0.00
1553,38759,100.00
1554,55714,0.00
1555,35777,100.00
1556,34901,0.00
1557,51679,0.00
1558,48876,0.00
1559,43777,0.00
1560,65259,0.00
1561,131201,0.00
1562,49533,0.00
1563,48384,0.00
1564,51010,0.00
1565,116067,0.00
1566,53505,0.00
1567,59346,0.00
1568,59408,0.00
1569,227491,0.00
1570,53813,0.00
1571,48696,0.00
1572,51134,0.00
1573,179741,0.00
1574,47772,0.00
1575,52972,0.00
1576,50700,100.00
1577,35215,0.00
1578,30853,100.00
1579,27230,0.00
1580,25984,100.00
1581,32118,0.00
1582,47249,100.00
1583,24955,0.00
1584,29023,100.00
1585,22688,100.00
1586,46153,100.00
1587,38893,0.00
1588,38686,0.00
1589,26711,50.00
1590,23722,100.00
1591,22920,0.00
1592,35078,0.00
1593,48394,0.00
1594,49662,0.00
1595,49269,0.00
1596,54708,0.00
1597,194956,0.00
1598,52294,0.00
1599,51556,0.00
1600,49379,0.00
1601,139803,0.00
1602,48220,0.00
1603,50674,0.00
1604,54815,0.00
1605,158350,0.00
1606,57262,0.00
1607,58497,0.00
1608,52867,0.00
1609,141092,0.00
1610,50902,100.00
1611,63449,50.00
1612,24400,0.00
1613,23185,100.00
1614,51139,100.00
1615,27865,100.00
1616,22161,0.00
1617,22320,100.00
1618,24969,100.00
1619,48802,100.00
1620,42283,0.00
1621,43528,100.00
1622,52174,100.00
1623,30935,0.00
1624,51932,0.00
1625,163836,0.00
1626,48521,0.00
1627,49719,0.00
1628,46346,0.00
1629,117136,0.00
1630,39843,0.00
1631,46094,0.00
1632,52667,0.00
1633,67662,0.00
1634,56136,0.00
1635,51072,0.00
1636,53183,0.00
1637,183657,0.00
1638,53300,0.00
1639,53854,0.00
1640,53996,0.00
1641,154227,0.00
1642,53841,0.00
1643,53107,0.00
1644,55082,0.00
1645,202656,0.00
1646,60671,0.00
1647,53896,0.00
1648,52461,0.00
1649,201564,0.00
1650,47929,100.00
1651,29911,100.00
1652,24719,0.00
1653,28016,100.00
1654,55135,100.00
1655,23857,0.00
1656,51056,0.00
1657,41160,100.00
1658,27451,100.00
1659,23128,100.00
1660,25429,0.00
1661,38225,100.00
1662,39048,50.00
1663,55842,0.00
1664,48096,0.00
1665,130424,0.00
1666,47092,0.00
1667,44374,0.00
1668,45237,0.00
1669,117009,0.00
1670,52625,0.00
1671,49988,0.00
1672,42982,0.00
1673,149873,0.00
1674,53215,0.00
1675,53691,0.00
1676,54481,0.00
1677,164039,0.00
1678,57601,0.00
1679,55323,0.00
1680,58524,0.00
1681,72313,0.00
1682,60200,0.00
1683,58424,0.00
1684,57384,0.00
1685,144809,0.00
1686,59146,0.00
1687,65958,0.00
1688,62809,0.00
1689,48467,100.00
1690,63803,66.67
1691,25146,0.00
1692,25746,100.00
1693,29347,0.00
1694,28202,100.00
1695,60478,100.00
1696,47394,100.00
1697,43524,0.00
1698,55430,100.00
1699,53921,50.00
1700,36924,0.00
1701,41171,0.00
1702,55766,50.00
1703,70506,0.00
1704,66591,0.00
1705,215919,0.00
1706,58132,0.00
1707,68537,0.00
1708,58367,0.00
1709,249136,0.00
1710,67888,0.00
1711,57793,0.00
1712,62977,0.00
1713,221779,0.00
1714,58756,0.00
1715,57560,0.00
1716,55065,0.00
1717,190895,0.00
1718,52572,0.00
1719,48775,0.00
1720,47597,0.00
1721,174159,0.00
1722,47325,0.00
1723,32947,100.00
1724,31030,0.00
1725,37492,0.00
1726,47646,50.00
1727,44138,100.00
1728,34830,0.00
1729,31645,0.00
1730,40266,100.00
1731,22308,0.00
1732,48909,100.00
1733,45672,0.00
1734,31244,100.00
1735,22631,0.00
1736,21486,100.00
1737,33392,0.00
1738,39484,100.00
1739,33338,0.00
1740,38021,0.00
1741,36561,0.00
1742,45403,0.00
1743,54007,0.00
1744,56523,0.00
1745,169700,0.00
1746,55913,0.00
1747,52697,0.00
1748,53114,0.00
1749,166845,0.00
1750,51973,0.00
1751,54201,0.00
1752,53226,0.00
1753,161000,0.00
1754,56261,0.00
1755,50193,0.00
1756,50550,0.00
1757,145400,0.00
1758,55688,50.00
1759,29514,0.00
1760,23642,50.00
1761,22331,0.00
1762,32943,50.00
1763,49248,100.00
1764,25587,0.00
1765,26566,0.00
1766,29604,100.00
1767,24226,100.00
1768,31702,100.00
1769,32751,0.00
1770,22962,0.00
1771,59481,0.00
1772,52885,0.00
1773,204250,0.00
1774,53865,0.00
1775,57708,0.00
1776,54299,0.00
1777,221550,0.00
1778,55186,0.00
1779,54396,0.00
1780,50523,0.00
1781,173709,0.00
1782,43513,0.00
1783,47616,0.00
1784,47911,0.00
1785,156518,0.00
1786,44693,0.00
1787,45520,0.00
1788,46083,0.00
1789,136425,100.00
1790,35675,50.00
1791,34350,0.00
1792,34955,0.00
1793,107081,100.00
1794,31655,50.00
1795,27294,0.00
1796,29016,100.00
1797,26239,100.00
1798,65252,100.00
1799,20926,0.00
1800,48413,100.00
1801,28063,50.00
1802,27136,0.00
1803,26282,50.00
1804,30154,0.00
1805,97573,50.00
1806,52258,0.00
1807,54329,0.00
1808,59490,0.00
1809,152108,0.00
1810,47136,0.00
1811,52397,0.00
1812,50531,0.00
1813,132856,0.00
1814,48645,0.00
1815,50819,0.00
1816,61830,0.00
1817,108161,0.00
1818,45667,0.00
1819,41711,0.00
1820,44930,0.00
1821,36939,0.00
1822,38357,0.00
1823,43712,0.00
1824,44153,0.00
1825,40344,0.00
1826,41233,0.00
1827,52634,0.00
1828,44915,50.00
1829,43028,0.00
1830,42665,66.67
1831,17563,0.00
1832,25038,100.00
1833,23520,100.00
1834,59888,100.00
1835,49527,100.00
1836,43111,100.00
1837,41377,100.00
1838,30614,100.00
1839,27471,100.00
1840,53256,0.00
1841,147247,0.00
1842,57662,0.00
1843,59355,0.00
1844,57296,0.00
1845,128949,0.00
1846,49782,0.00
1847,48069,0.00
1848,50251,0.00
1849,121113,0.00
1850,52632,0.00
1851,48887,0.00
1852,41450,0.00
1853,116427,0.00
1854,53984,0.00
1855,45979,0.00
1856,50201,0.00
1857,166451,0.00
1858,48153,0.00
1859,44632,0.00
1860,48828,0.00
1861,23604,0.00
1862,43228,50.00
1863,35863,0.00
1864,37838,50.00
1865,102515,0.00
1866,37782,50.00
1867,48835,100.00
1868,21660,0.00
1869,51628,0.00
1870,42004,100.00
1871,34226,100.00
1872,46637,100.00
1873,26378,0.00
1874,24165,50.00
1875,31515,0.00
1876,42508,50.00
1877,37542,0.00
1878,40866,50.00
1879,51172,0.00
1880,51516,0.00
1881,142257,0.00
1882,50973,0.00
1883,55354,0.00
1884,63163,0.00
1885,193251,0.00
1886,53852,0.00
1887,63539,0.00
1888,50549,0.00
1889,191954,0.00
1890,54799,0.00
1891,48818,0.00
1892,53108,0.00
1893,181757,0.00
1894,55344,0.00
1895,54943,0.00
1896,54146,0.00
1897,175780,0.00
1898,68837,0.00
1899,56459,0.00
1900,76261,0.00
1901,52804,0.00
1902,37696,100.00
1903,30364,0.00
1904,31029,100.00
1905,45725,0.00
1906,63326,100.00
1907,19524,0.00
1908,24144,100.00
1909,22330,100.00
1910,37818,100.00
1911,52237,100.00
1912,32973,0.00
1913,24912,100.00
1914,23981,0.00
1915,25332,100.00
1916,41458,0.00
1917,134454,0.00
1918,47559,0.00
1919,47019,0.00
1920,48223,0.00
1921,124819,0.00
1922,48351,0.00
1923,47412,0.00
1924,49458,0.00
1925,137484,0.00
1926,45968,0.00
1927,81135,0.00
1928,50818,0.00
1929,137634,0.00
1930,45770,0.00
1931,49513,0.00
1932,50023,0.00
1933,179034,0.00
1934,53494,0.00
1935,49418,0.00
1936,62458,0.00
1937,124675,50.00
1938,48928,0.00
1939,49954,100.00
1940,30477,0.00
1941,37615,100.00
1942,26320,100.00
1943,25880,100.00
1944,27498,100.00
1945,51731,100.00
1946,47376,100.00
1947,34695,100.00
1948,34232,50.00
1949,30563,0.00
1950,45500,0.00
1951,44870,0.00
1952,51372,0.00
1953,179869,0.00
1954,46689,0.00
1955,47908,0.00
1956,46749,0.00
1957,124165,0.00
1958,46178,0.00
1959,43645,0.00
1960,42596,0.00
1961,162754,0.00
1962,46402,0.00
1963,49003,0.00
1964,46128,0.00
1965,169052,0.00
1966,51082,0.00
1967,53133,0.00
1968,50860,0.00
1969,140490,0.00
1970,54426,0.00
1971,45983,0.00
1972,59567,0.00
1973,57040,0.00
1974,40214,100.00
1975,33437,0.00
1976,35263,100.00
1977,25187,0.00
1978,34960,100.00
1979,45079,100.00
1980,32491,100.00
1981,45684,0.00
1982,37455,100.00
1983,26639,100.00
1984,25083,100.00
1985,21640,0.00
1986,37244,50.00
1987,31560,100.00
1988,51617,0.00
1989,155154,0.00
1990,44051,0.00
1991,51770,0.00
1992,47357,0.00
1993,161642,0.00
1994,40732,0.00
1995,42195,0.00
1996,44401,0.00
1997,99645,0.00
1998,53938,0.00
1999,51466,0.00
2000,69201,0.00
2001,140791,0.00
2002,55691,0.00
2003,54222,0.00
2004,53486,0.00
2005,157774,0.00
2006,52089,0.00
2007,53453,0.00
2008,58317,0.00
2009,174139,0.00
2010,62567,0.00
2011,60406,0.00
2012,60880,0.00
2013,221823,0.00
2014,66985,100.00
2015,20963,0.00
2016,45348,100.00
2017,23406,100.00
2018,26613,100.00
2019,27493,100.00
2020,24557,100.00
2021,56669,100.00
2022,57236,100.00
2023,60876,100.00
2024,48831,0.00
2025,37002,100.00
2026,22923,0.00
2027,47657,0.00
2028,57521,0.00
2029,228147,0.00
2030,59318,0.00
2031,58509,0.00
2032,60319,0.00
2033,177987,0.00
2034,54720,0.00
2035,50235,0.00
2036,56721,0.00
2037,159966,0.00
2038,61496,0.00
2039,69934,0.00
2040,52500,0.00
2041,204719,0.00
2042,58403,0.00
2043,58389,0.00
2044,58225,0.00
2045,151437,0.00
2046,64903,0.00
2047,54947,0.00
2048,35110,50.00
2049,28611,0.00
2050,33952,50.00
2051,56709,0.00
2052,48112,50.00
2053,39768,0.00
2054,51624,100.00
2055,24287,0.00
2056,23947,100.00
2057,44571,100.00
2058,43008,50.00
2059,19234,0.00
2060,13945,0.00
2061,13245,100.00
2062,18863,50.00
2063,43887,0.00
2064,37895,0.00
2065,127927,0.00
2066,50505,0.00
2067,66604,0.00
2068,54447,0.00
2069,144275,0.00
2070,65226,0.00
2071,52685,0.00
2072,61654,0.00
2073,214607,0.00
2074,54134,0.00
2075,58843,0.00
2076,66966,0.00
2077,58993,0.00
2078,49784,0.00
2079,57769,0.00
2080,54730,0.00
2081,155174,0.00
2082,70087,100.00
2083,59385,0.00
2084,35841,100.00
2085,33691,0.00
2086,31375,100.00
2087,30955,0.00
2088,47510,100.00
2089,61373,66.67
2090,18380,0.00
2091,19073,0.00
2092,37873,100.00
2093,37670,100.00
2094,65035,0.00
2095,60037,100.00
2096,38300,0.00
2097,39357,0.00
2098,43189,0.00
2099,61903,0.00
2100,50367,0.00
2101,128164,0.00
2102,56337,0.00
2103,51595,0.00
2104,53520,0.00
2105,217071,0.00
2106,52196,0.00
2107,54452,0.00
2108,52112,0.00
2109,223977,0.00
2110,57467,0.00
2111,52870,0.00
2112,77005,0.00
2113,37122,50.00
2114,34458,100.00
2115,38867,0.00
2116,63418,0.00
2117,41587,100.00
2118,51047,100.00
2119,32768,0.00
2120,43293,0.00
2121,39908,100.00
2122,24291,100.00
2123,48755,100.00
2124,52445,0.00
2125,25437,0.00
2126,34393,50.00
2127,48870,100.00
2128,40241,0.00
2129,165784,0.00
2130,50457,0.00
2131,50470,0.00
2132,66209,0.00
2133,145195,0.00
2134,56762,0.00
2135,52161,0.00
2136,55024,0.00
2137,128517,0.00
2138,48204,0.00
2139,51176,0.00
2140,49983,0.00
2141,138672,0.00
2142,48856,0.00
2143,44493,0.00
2144,64740,0.00
2145,201816,0.00
2146,62798,0.00
2147,51925,0.00
2148,52025,0.00
2149,147110,0.00
2150,58772,0.00
2151,52541,0.00
2152,60398,0.00
2153,42806,0.00
2154,36539,100.00
2155,26493,50.00
2156,34407,0.00
2157,28567,100.00
2158,56545,100.00
2159,28279,0.00
2160,34257,0.00
2161,45458,100.00
2162,46474,100.00
2163,29000,100.00
2164,26366,0.00
2165,42950,0.00
2166,38520,0.00
2167,54427,0.00
2168,50885,0.00
2169,159467,0.00
2170,53842,0.00
2171,53524,0.00
2172,54904,0.00
2173,163974,0.00
2174,54519,0.00
2175,61057,0.00
2176,56001,0.00
2177,173094,0.00
2178,53629,0.00
2179,52891,0.00
2180,54793,0.00
2181,202149,0.00
2182,52905,0.00
2183,53246,0.00
2184,60904,50.00
2185,21882,0.00
2186,40582,100.00
2187,30679,0.00
2188,46750,0.00
2189,106853,50.00
2190,42408,100.00
2191,27368,0.00
2192,30779,0.00
2193,25481,50.00
2194,54153,100.00
2195,47996,0.00
2196,47288,0.00
2197,38129,50.00
2198,30721,100.00
2199,20212,0.00
2200,25680,0.00
2201,44016,50.00
2202,48694,100.00
2203,39536,0.00
2204,57189,0.00
2205,208495,0.00
2206,59654,0.00
2207,58076,0.00
2208,56648,0.00
2209,231279,0.00
2210,60347,0.00
2211,56828,0.00
2212,60938,0.00
2213,215402,0.00
2214,59792,0.00
2215,63601,0.00
2216,57148,0.00
2217,155023,0.00
2218,44371,50.00
2219,32651,0.00
2220,27826,50.00
2221,25670,0.00
2222,31424,50.00
2223,46597,0.00
2224,36080,50.00
2225,27589,0.00
2226,37749,100.00
2227,23323,0.00
2228,38895,50.00
2229,40271,0.00
2230,47354,50.00
2231,26954,0.00
2232,28262,50.00
2233,24323,0.00
2234,30459,50.00
2235,41263,0.00
2236,56863,0.00
2237,167018,0.00
2238,58857,0.00
2239,56242,0.00
2240,62197,0.00
2241,231005,0.00
2242,58835,0.00
2243,64617,0.00
2244,64219,0.00
2245,156181,0.00
2246,65617,0.00
2247,57834,0.00
2248,52803,0.00
2249,238983,0.00
2250,55165,0.00
2251,68188,0.00
2252,55769,0.00
2253,206275,0.00
2254,70703,100.00
2255,61724,0.00
2256,39344,100.00
2257,31104,0.00
2258,31499,100.00
2259,29649,0.00
2260,38708,100.00
2261,51521,100.00
2262,53225,100.00
2263,24250,0.00
2264,26799,100.00
2265,23678,0.00
2266,45710,50.00
2267,23364,100.00
2268,50154,0.00
2269,203649,0.00
2270,53481,0.00
2271,54323,0.00
2272,54401,0.00
2273,211327,0.00
2274,56215,0.00
2275,51069,0.00
2276,52502,0.00
2277,128659,0.00
2278,48020,0.00
2279,49099,0.00
2280,52737,0.00
2281,185457,0.00
2282,50738,0.00
2283,56069,0.00
2284,48667,0.00
2285,203344,0.00
2286,42217,0.00
2287,29643,50.00
2288,33073,0.00
2289,28792,50.00
2290,63370,100.00
2291,24859,0.00
2292,27631,0.00
2293,23344,100.00
2294,65218,100.00
2295,62532,100.00
2296,37210,0.00
2297,33311,50.00
2298,30405,100.00
2299,28808,0.00
2300,35666,0.00
2301,186703,50.00
2302,52127,0.00
2303,53957,0.00
2304,58442,0.00
2305,143633,0.00
2306,57490,0.00
2307,60722,0.00
2308,62732,0.00
2309,211337,0.00
2310,52636,0.00
2311,59084,0.00
2312,51773,0.00
2313,141795,0.00
2314,55271,0.00
2315,52976,0.00
2316,54753,0.00
2317,201807,0.00
2318,52193,0.00
2319,54804,0.00
2320,62124,0.00
2321,154459,0.00
2322,67946,0.00
2323,66969,50.00
2324,52776,0.00
2325,40600,0.00
2326,28851,100.00
2327,22309,50.00
2328,32366,0.00
2329,53990,100.00
2330,55563,100.00
2331,18235,0.00
2332,20754,100.00
2333,24238,100.00
2334,29335,50.00
2335,43701,0.00
2336,23550,0.00
2337,64288,0.00
2338,56323,0.00
2339,54151,0.00
2340,58756,0.00
2341,145698,0.00
2342,56195,0.00
2343,53767,0.00
2344,48791,0.00
2345,152032,0.00
2346,65366,0.00
2347,52736,0.00
2348,56892,0.00
2349,288804,0.00
2350,61342,0.00
2351,55091,0.00
2352,55086,0.00
2353,154180,0.00
2354,62154,100.00
2355,32682,0.00
2356,26202,100.00
2357,33174,0.00
2358,59936,100.00
2359,47327,100.00
2360,23452,0.00
2361,25121,100.00
2362,45919,100.00
2363,45802,100.00
2364,26163,100.00
2365,36265,0.00
2366,27180,100.00
2367,24227,50.00
2368,35073,0.00
2369,138304,0.00
2370,52891,100.00
2371,49919,0.00
2372,49119,0.00
2373,152861,0.00
2374,48446,0.00
2375,52785,0.00
2376,53881,0.00
2377,181148,0.00
2378,52216,0.00
2379,58206,0.00
2380,48166,0.00
2381,109977,0.00
2382,48043,0.00
2383,48438,0.00
2384,47489,0.00
2385,168700,0.00
2386,50031,0.00
2387,56721,0.00
2388,53705,0.00
2389,138348,0.00
2390,62272,0.00
2391,63386,100.00
2392,56872,0.00
2393,35415,0.00
2394,33820,50.00
2395,25254,100.00
2396,37207,0.00
2397,56489,0.00
2398,56328,100.00
2399,20540,0.00
2400,23165,100.00
2401,34635,0.00
2402,49216,50.00
2403,46817,100.00
2404,33841,0.00
2405,110102,0.00
2406,46087,0.00
2407,50660,0.00
2408,56960,0.00
2409,198146,0.00
2410,54230,0.00
2411,47441,0.00
2412,44096,0.00
2413,177144,0.00
2414,50045,0.00
2415,55586,0.00
2416,55707,0.00
2417,133179,0.00
2418,59011,0.00
2419,56537,0.00
2420,66058,0.00
2421,51992,0.00
2422,33344,50.00
2423,30726,100.00
2424,48541,0.00
2425,48248,0.00
2426,55024,66.67
2427,20728,0.00
2428,23528,100.00
2429,48137,100.00
2430,40239,100.00
2431,36702,0.00
2432,45086,100.00
2433,30110,100.00
2434,28578,0.00
2435,31089,100.00
2436,40716,0.00
2437,39790,100.00
2438,48598,0.00
2439,49110,0.00
2440,41654,0.00
2441,103085,0.00
2442,48006,0.00
2443,53166,0.00
2444,54165,0.00
2445,251962,0.00
2446,48100,0.00
2447,48596,0.00
2448,51102,0.00
2449,124743,0.00
2450,61262,0.00
2451,53522,0.00
2452,46770,0.00
2453,200331,0.00
2454,54920,0.00
2455,56837,0.00
2456,51493,0.00
2457,187724,0.00
2458,57060,0.00
2459,69662,0.00
2460,51519,0.00
2461,34444,50.00
2462,29314,100.00
2463,24866,0.00
2464,32890,0.00
2465,55460,100.00
2466,51550,100.00
2467,19418,0.00
2468,22847,0.00
2469,23605,100.00
2470,56398,100.00
2471,38382,100.00
2472,21329,0.00
2473,129446,0.00
2474,41569,0.00
2475,45042,0.00
2476,56084,0.00
2477,42755,0.00
2478,50298,0.00
2479,42408,0.00
2480,50489,0.00
2481,101698,0.00
2482,52473,0.00
2483,57337,0.00
2484,63445,0.00
2485,144285,0.00
2486,55106,0.00
2487,62270,0.00
2488,58228,0.00
2489,242628,0.00
2490,61931,0.00
2491,70079,0.00
2492,35523,50.00
2493,31082,0.00
2494,40837,50.00
2495,66723,0.00
2496,52893,50.00
2497,45499,0.00
2498,36013,50.00
2499,47384,100.00
2500,35199,0.00
2501,55548,100.00
2502,62674,100.00
2503,47222,50.00
2504,33266,0.00
2505,28243,0.00
2506,32199,100.00
2507,44783,50.00
2508,45635,0.00
2509,37528,0.00
2510,43807,100.00
2511,46955,0.00
2512,56980,0.00
2513,164312,0.00
2514,64534,0.00
2515,65789,0.00
2516,54710,0.00
2517,159711,0.00
2518,59017,0.00
2519,57910,0.00
2520,68419,0.00
2521,242018,0.00
2522,60109,0.00
2523,60024,0.00
2524,64836,0.00
2525,241087,0.00
2526,55327,0.00
2527,70204,0.00
2528,55721,0.00
2529,39658,100.00
2530,36130,0.00
2531,26198,100.00
2532,34313,0.00
2533,133374,100.00
2534,45373,0.00
2535,40457,100.00
2536,30937,100.00
2537,28095,0.00
2538,43051,100.00
2539,23944,0.00
2540,47366,100.00
2541,31511,0.00
2542,21795,100.00
2543,22895,0.00
2544,29414,100.00
2545,37304,0.00
2546,45534,100.00
2547,45537,0.00
2548,47898,0.00
2549,148187,0.00
2550,49287,0.00
2551,47868,0.00
2552,52069,0.00
2553,191667,0.00
2554,53045,0.00
2555,57285,0.00
2556,52422,0.00
2557,173207,0.00
2558,48865,0.00
2559,52601,0.00
2560,57774,0.00
2561,145213,0.00
2562,56504,0.00
2563,62797,0.00
2564,58894,0.00
2565,166262,0.00
2566,62360,100.00
2567,36047,0.00
2568,30544,100.00
2569,38099,66.67
2570,21070,0.00
2571,26207,0.00
2572,45163,100.00
2573,37883,100.00
2574,37711,100.00
2575,27761,0.00
2576,49008,100.00
2577,29482,100.00
2578,41225,0.00
2579,46161,0.00
2580,48421,0.00
2581,259070,0.00
2582,44604,0.00
2583,43115,0.00
2584,53175,0.00
2585,174201,0.00
2586,49847,0.00
2587,53961,0.00
2588,53513,0.00
2589,191547,0.00
2590,48853,0.00
2591,55066,0.00
2592,54803,0.00
2593,122727,0.00
2594,55397,0.00
2595,45361,0.00
2596,52337,0.00
2597,135749,0.00
2598,41127,50.00
2599,32041,100.00
2600,35942,0.00
2601,112385,0.00
2602,34199,50.00
2603,30851,100.00
2604,27800,100.00
2605,28030,100.00
2606,46739,100.00
2607,27718,0.00
2608,33676,0.00
2609,28926,0.00
2610,26335,50.00
2611,22420,100.00
2612,26756,0.00
2613,39690,0.00
2614,52701,0.00
2615,50690,0.00
2616,50378,0.00
2617,128758,0.00
2618,58466,0.00
2619,45867,0.00
2620,64263,0.00
2621,176653,0.00
2622,51248,0.00
2623,47840,0.00
2624,54791,0.00
2625,162354,0.00
2626,48388,0.00
2627,42553,0.00
2628,53818,0.00
2629,251020,0.00
2630,53728,0.00
2631,53514,0.00
2632,62657,50.00
2633,93798,0.00
2634,37057,50.00
2635,30718,0.00
2636,37000,50.00
2637,33219,100.00
2638,62890,100.00
2639,24377,0.00
2640,23140,100.00
2641,25119,100.00
2642,28364,100.00
2643,34689,100.00
2644,56963,0.00
2645,31118,0.00
2646,42623,0.00
2647,52535,0.00
2648,54709,0.00
2649,116081,0.00
2650,51612,0.00
2651,51979,0.00
2652,52639,0.00
2653,159499,0.00
2654,49370,0.00
2655,49729,0.00
2656,47912,0.00
2657,157737,0.00
2658,46100,0.00
2659,45572,0.00
2660,44516,0.00
2661,151555,0.00
2662,41596,0.00
2663,51161,50.00
2664,36769,0.00
2665,34042,100.00
2666,35438,0.00
2667,38818,100.00
2668,41454,0.00
2669,38155,100.00
2670,42253,100.00
2671,21793,0.00
2672,56524,100.00
2673,46881,100.00
2674,43638,100.00
2675,30226,0.00
2676,23480,100.00
2677,24027,0.00
2678,39282,100.00
2679,38802,0.00
2680,25890,100.00
2681,147125,0.00
2682,42769,0.00
2683,43570,0.00
2684,54693,0.00
2685,134460,0.00
2686,49978,0.00
2687,59897,0.00
2688,49819,0.00
2689,176107,0.00
2690,53058,0.00
2691,51842,0.00
2692,50992,0.00
2693,128621,0.00
2694,54817,0.00
2695,65909,0.00
2696,60484,0.00
2697,184554,0.00
2698,49718,0.00
2699,54027,0.00
2700,54637,0.00
2701,38353,50.00
2702,32237,100.00
2703,25987,0.00
2704,29945,0.00
2705,110838,100.00
2706,55257,50.00
2707,56732,100.00
2708,19777,0.00
2709,29548,100.00
2710,39995,0.00
2711,40902,100.00
2712,46494,0.00
2713,30324,100.00
2714,44475,0.00
2715,41660,0.00
2716,43252,0.00
2717,122412,0.00
2718,50032,0.00
2719,46213,0.00
2720,47264,0.00
2721,135935,0.00
2722,52646,0.00
2723,42647,0.00
2724,39047,0.00
2725,38583,0.00
2726,58275,0.00
2727,47955,0.00
2728,58672,0.00
2729,45035,0.00
2730,34104,100.00
2731,38764,0.00
2732,57320,100.00
2733,37772,0.00
2734,56404,100.00
2735,22324,0.00
2736,35942,100.00
2737,39695,100.00
2738,33041,100.00
2739,32899,100.00
2740,29960,100.00
2741,23926,0.00
2742,13848,50.00
2743,17629,0.00
2744,29346,50.00
2745,22556,0.00
2746,36067,50.00
2747,46142,0.00
2748,54132,0.00
2749,156803,0.00
2750,63983,0.00
2751,58925,0.00
2752,57528,0.00
2753,160023,0.00
2754,60132,0.00
2755,58662,0.00
2756,56526,0.00
2757,186526,0.00
2758,41348,0.00
2759,42149,0.00
2760,47233,0.00
2761,140246,0.00
2762,49206,0.00
2763,48144,0.00
2764,52740,0.00
2765,179302,0.00
2766,53080,0.00
2767,59029,0.00
2768,56670,0.00
2769,191903,0.00
2770,44837,0.00
2771,28693,100.00
2772,27596,0.00
2773,33295,100.00
2774,62875,66.67
2775,19519,0.00
2776,23538,0.00
2777,23009,100.00
2778,26171,100.00
2779,46818,100.00
2780,33997,0.00
2781,27485,0.00
2782,38867,50.00
2783,53044,0.00
2784,73484,0.00
2785,150169,0.00
2786,40907,0.00
2787,41909,0.00
2788,47181,0.00
2789,42003,0.00
2790,43624,0.00
2791,51960,0.00
2792,45487,0.00
2793,51798,0.00
2794,47127,0.00
2795,48320,0.00
2796,50431,0.00
2797,117151,0.00
2798,45234,0.00
2799,69679,0.00
2800,41623,100.00
2801,30241,0.00
2802,42563,100.00
2803,57143,0.00
2804,39407,100.00
2805,22839,0.00
2806,58902,100.00
2807,24754,0.00
2808,45692,100.00
2809,45038,100.00
2810,49980,100.00
2811,34475,100.00
2812,24824,0.00
2813,28303,0.00
2814,44214,50.00
2815,49653,100.00
2816,36784,0.00
2817,33052,0.00
2818,47527,0.00
2819,49419,0.00
2820,49341,0.00
2821,178149,0.00
2822,55905,0.00
2823,57401,0.00
2824,58255,0.00
2825,132469,0.00
2826,53234,0.00
2827,55284,0.00
2828,53873,0.00
2829,192836,0.00
2830,53604,0.00
2831,55416,0.00
2832,55414,0.00
2833,175648,0.00
2834,56331,0.00
2835,57848,0.00
2836,55739,0.00
2837,169922,0.00
2838,66239,0.00
2839,50238,50.00
2840,30053,0.00
2841,26409,100.00
2842,29247,0.00
2843,46212,100.00
2844,51441,50.00
2845,40528,0.00
2846,50344,100.00
2847,27812,0.00
2848,44275,100.00
2849,25410,0.00
2850,25852,100.00
2851,16129,0.00
2852,14504,0.00
2853,18790,50.00
2854,31662,100.00
2855,41724,0.00
2856,47374,0.00
2857,101705,0.00
2858,42661,0.00
2859,41032,0.00
2860,43790,0.00
2861,143113,0.00
2862,53536,0.00
2863,52304,0.00
2864,62571,0.00
2865,62478,0.00
2866,57537,0.00
2867,59058,0.00
2868,57786,0.00
2869,145190,0.00
2870,50136,0.00
2871,45994,0.00
2872,57544,0.00
2873,145508,0.00
2874,56899,0.00
2875,56738,0.00
2876,63402,0.00
2877,144398,0.00
2878,37030,100.00
2879,29445,50.00
2880,35301,0.00
2881,27346,100.00
2882,28627,100.00
2883,33459,0.00
2884,47396,0.00
2885,33743,100.00
2886,49934,100.00
2887,44685,100.00
2888,20993,0.00
2889,170118,0.00
2890,59422,0.00
2891,56335,0.00
2892,49172,0.00
2893,57109,0.00
2894,54452,0.00
2895,72827,0.00
2896,67453,0.00
2897,203862,0.00
2898,65737,0.00
2899,60223,0.00
2900,59045,0.00
2901,194931,0.00
2902,53097,0.00
2903,59713,0.00
2904,57435,0.00
2905,194808,0.00
2906,51791,0.00
2907,56093,0.00
2908,48722,0.00
2909,180699,0.00
2910,39903,100.00
2911,32910,50.00
2912,40175,0.00
2913,127137,0.00
2914,56569,100.00
2915,33603,50.00
2916,26198,0.00
2917,39199,100.00
2918,30297,100.00
2919,20310,0.00
2920,59828,50.00
2921,36650,0.00
2922,27642,50.00
2923,23827,0.00
2924,26086,50.00
2925,29222,0.00
2926,53157,50.00
2927,55833,0.00
2928,61202,0.00
2929,356073,0.00
2930,61316,0.00
2931,62934,0.00
2932,58469,0.00
2933,173793,0.00
2934,53458,0.00
2935,61260,0.00
2936,52673,0.00
2937,140870,0.00
2938,44521,0.00
2939,49746,0.00
2940,47495,0.00
2941,247039,0.00
2942,43538,0.00
2943,45101,0.00
2944,56576,0.00
2945,147477,0.00
2946,41508,100.00
2947,33503,0.00
2948,26390,50.00
2949,28818,0.00
2950,61720,75.00
2951,24913,0.00
2952,25218,0.00
2953,26626,100.00
2954,23976,100.00
2955,33387,100.00
2956,49830,0.00
2957,28934,0.00
2958,44940,0.00
2959,45630,0.00
2960,45022,0.00
2961,130446,0.00
2962,52379,0.00
2963,45708,0.00
2964,53497,0.00
2965,193853,0.00
2966,48753,0.00
2967,52836,0.00
2968,50890,0.00
2969,214239,0.00
2970,49963,0.00
2971,50384,0.00
2972,50477,0.00
2973,128494,0.00
2974,51839,0.00
2975,58918,0.00
2976,67222,50.00
2977,32034,0.00
2978,34892,50.00
2979,31122,0.00
2980,51240,50.00
2981,45815,100.00
2982,22264,0.00
2983,22100,100.00
2984,40463,0.00
2985,38601,100.00
2986,31403,100.00
2987,30870,0.00
2988,22574,100.00
2989,21762,0.00
2990,28880,100.00
2991,42771,0.00
2992,43735,100.00
2993,29931,0.00
2994,54211,0.00
2995,45763,0.00
2996,53884,0.00
2997,65714,0.00
2998,54910,0.00
2999,53897,0.00
3000,78851,0.00
3001,153680,0.00
3002,50696,0.00
3003,52407,0.00
3004,50462,0.00
3005,136899,0.00
3006,52350,0.00
3007,53475,0.00
3008,54691,0.00
3009,64999,0.00
3010,60984,0.00
3011,56899,0.00
3012,78481,0.00
3013,65973,0.00
3014,46688,50.00
3015,23010,100.00
3016,21818,0.00
3017,22591,0.00
3018,36647,50.00
3019,45156,100.00
3020,22735,0.00
3021,30147,100.00
3022,30050,100.00
3023,28787,0.00
3024,46620,0.00
3025,43329,100.00
3026,39677,0.00
3027,21512,100.00
3028,20206,0.00
3029,176520,100.00
3030,49285,0.00
3031,49028,0.00
3032,50359,0.00
3033,140720,0.00
3034,55844,0.00
3035,56280,0.00
3036,57487,0.00
3037,156630,0.00
3038,57710,0.00
3039,52735,0.00
3040,56930,0.00
3041,155234,0.00
3042,55406,0.00
3043,50050,0.00
3044,55113,0.00
3045,128418,0.00
3046,63346,0.00
3047,56721,0.00
3048,50177,50.00
3049,52803,0.00
3050,48250,100.00
3051,23061,0.00
3052,30770,0.00
3053,23309,100.00
3054,25719,100.00
3055,25976,100.00
3056,37926,0.00
3057,44239,100.00
3058,35828,100.00
3059,46436,0.00
3060,21410,50.00
3061,168634,0.00
3062,46756,0.00
3063,45563,0.00
3064,47514,0.00
3065,140250,0.00
3066,46209,0.00
3067,50538,0.00
3068,62935,0.00
3069,189195,0.00
3070,53380,0.00
3071,52890,0.00
3072,51549,0.00
3073,208840,0.00
3074,68851,0.00
3075,58833,0.00
3076,59426,0.00
3077,137219,0.00
3078,51851,0.00
3079,50138,0.00
3080,51114,0.00
3081,179345,0.00
3082,48636,0.00
3083,47795,0.00
3084,47781,0.00
3085,197437,0.00
3086,46903,0.00
3087,45302,0.00
3088,50270,50.00
3089,21599,0.00
3090,25307,100.00
3091,26562,100.00
3092,52241,0.00
3093,48707,100.00
3094,58082,100.00
3095,51282,0.00
3096,26512,100.00
3097,25361,100.00
3098,30698,100.00
3099,22553,0.00
3100,52501,0.00
3101,89705,0.00
3102,48700,0.00
3103,49859,0.00
3104,54881,0.00
3105,167371,0.00
3106,60678,0.00
3107,59786,0.00
3108,55252,0.00
3109,114950,0.00
3110,52211,0.00
3111,49288,0.00
3112,51052,0.00
3113,164542,0.00
3114,55691,0.00
3115,55861,0.00
3116,69276,0.00
3117,192344,0.00
3118,54918,0.00
3119,59233,0.00
3120,59242,0.00
3121,194222,0.00
3122,58390,0.00
3123,56536,0.00
3124,52678,0.00
3125,147488,0.00
3126,57915,50.00
3127,42823,100.00
3128,52142,0.00
3129,41359,100.00
3130,43316,100.00
3131,21869,0.00
3132,23813,0.00
3133,42008,100.00
3134,34332,100.00
3135,56290,0.00
3136,63035,50.00
3137,128492,0.00
3138,41368,50.00
3139,27738,0.00
3140,43925,0.00
3141,127278,0.00
3142,46955,0.00
3143,49561,0.00
3144,50465,0.00
3145,48811,0.00
3146,50529,0.00
3147,54839,0.00
3148,49071,0.00
3149,167874,0.00
3150,53192,0.00
3151,47837,0.00
3152,56147,0.00
3153,215573,0.00
3154,56946,0.00
3155,59888,0.00
3156,57735,0.00
3157,154891,0.00
3158,55245,0.00
3159,64023,0.00
3160,53170,100.00
3161,29182,0.00
3162,24880,100.00
3163,32680,0.00
3164,50969,100.00
3165,32348,0.00
3166,28336,100.00
3167,28142,50.00
3168,31808,0.00
3169,29236,100.00
3170,54087,100.00
3171,41714,0.00
3172,26293,100.00
3173,22212,0.00
3174,21789,100.00
3175,28197,0.00
3176,36995,100.00
3177,34706,0.00
3178,47306,0.00
3179,47392,0.00
3180,37863,0.00
3181,164853,0.00
3182,41713,0.00
3183,42853,0.00
3184,45364,0.00
3185,155032,0.00
3186,56074,0.00
3187,52520,0.00
3188,54112,0.00
3189,149757,0.00
3190,57854,0.00
3191,53474,0.00
3192,52007,0.00
3193,137867,0.00
3194,59099,100.00
3195,51673,0.00
3196,41572,0.00
3197,28120,50.00
3198,26017,100.00
3199,30493,0.00
3200,44933,0.00
3201,50347,100.00
3202,36319,100.00
3203,20975,0.00
3204,23198,0.00
3205,33881,100.00
3206,57143,50.00
3207,23897,0.00
3208,49985,0.00
3209,185965,0.00
3210,55668,0.00
3211,55327,0.00
3212,60485,0.00
3213,131113,0.00
3214,64393,0.00
3215,53331,0.00
3216,53805,0.00
3217,188416,0.00
3218,59494,0.00
3219,59060,0.00
3220,59127,0.00
3221,181003,0.00
3222,58043,0.00
3223,53705,0.00
3224,49469,0.00
3225,207826,0.00
3226,48833,100.00
3227,34345,50.00
3228,32624,0.00
3229,30089,0.00
3230,66708,100.00
3231,53950,66.67
3232,25233,0.00
3233,28560,100.00
3234,59234,100.00
3235,53544,100.00
3236,35086,100.00
3237,33748,100.00
3238,21849,0.00
3239,14538,50.00
3240,15980,0.00
3241,27846,50.00
3242,33514,0.00
3243,45699,0.00
3244,49454,0.00
3245,217508,0.00
3246,55608,0.00
3247,59300,0.00
3248,65572,0.00
3249,61505,0.00
3250,60902,0.00
3251,62877,0.00
3252,54480,0.00
3253,208166,0.00
3254,59069,0.00
3255,57489,0.00
3256,60541,0.00
3257,203928,0.00
3258,62555,0.00
3259,59267,0.00
3260,70694,0.00
3261,199708,0.00
3262,60058,0.00
3263,62453,0.00
3264,54767,0.00
3265,158192,0.00
3266,51810,100.00
3267,30711,0.00
3268,31393,100.00
3269,24857,100.00
3270,31700,100.00
3271,22492,0.00
3272,54715,100.00
3273,43270,100.00
3274,49296,100.00
3275,39668,100.00
3276,26513,100.00
3277,221290,50.00
3278,46277,0.00
3279,46900,0.00
3280,57843,0.00
3281,177708,0.00
3282,58543,0.00
3283,71839,0.00
3284,72030,0.00
3285,137269,0.00
3286,69800,0.00
3287,55202,0.00
3288,59809,0.00
3289,146636,0.00
3290,57207,0.00
3291,58887,0.00
3292,54870,0.00
3293,165324,0.00
3294,60693,0.00
3295,59365,0.00
3296,74675,0.00
3297,168962,0.00
3298,67700,0.00
3299,36931,100.00
3300,31281,0.00
3301,38964,0.00
3302,58038,50.00
3303,53862,100.00
3304,38904,0.00
3305,40567,100.00
3306,66020,100.00
3307,29984,0.00
3308,34836,100.00
3309,59927,100.00
3310,54540,100.00
3311,23288,0.00
3312,33437,100.00
3313,29202,0.00
3314,58275,100.00
3315,50646,0.00
3316,52558,100.00
3317,182564,0.00
3318,59274,0.00
3319,59053,0.00
3320,61228,0.00
3321,55501,0.00
3322,61291,0.00
3323,60471,0.00
3324,58299,0.00
3325,183953,0.00
3326,62205,0.00
3327,62121,0.00
3328,65468,0.00
3329,239965,0.00
3330,58524,0.00
3331,55865,0.00
3332,58734,0.00
3333,215947,0.00
3334,63768,0.00
3335,66995,0.00
3336,63746,0.00
3337,181238,0.00
3338,66862,0.00
3339,34973,100.00
3340,27224,0.00
3341,22442,0.00
3342,29913,50.00
3343,36253,100.00
3344,53907,0.00
3345,39965,100.00
3346,39787,100.00
3347,20401,0.00
3348,47647,0.00
3349,46112,50.00
3350,34355,100.00
3351,20673,0.00
3352,15223,0.00
3353,16250,50.00
3354,44822,0.00
3355,50078,0.00
3356,61993,0.00
3357,213330,0.00
3358,59867,0.00
3359,58296,0.00
3360,58270,0.00
3361,144605,0.00
3362,56830,0.00
3363,56465,0.00
3364,49043,0.00
3365,192946,0.00
3366,47513,0.00
3367,47384,0.00
3368,47357,0.00
3369,234081,0.00
3370,52916,0.00
3371,49438,0.00
3372,48087,0.00
3373,243070,0.00
3374,53091,50.00
3375,55042,0.00
3376,39717,50.00
3377,34906,100.00
3378,56373,100.00
3379,17732,0.00
3380,22730,100.00
3381,25114,100.00
3382,39899,100.00
3383,37744,100.00
3384,31230,100.00
3385,45657,100.00
3386,48815,0.00
3387,42709,0.00
3388,44345,0.00
3389,138121,0.00
3390,47328,0.00
3391,46833,0.00
3392,47260,0.00
3393,204675,0.00
3394,45130,0.00
3395,43778,0.00
3396,55104,0.00
3397,41308,0.00
3398,43813,0.00
3399,63686,0.00
3400,50489,0.00
3401,136235,0.00
3402,54409,0.00
3403,54109,0.00
3404,56841,0.00
3405,175948,0.00
3406,51122,0.00
3407,56472,0.00
3408,58466,0.00
3409,210167,0.00
3410,60853,0.00
3411,63399,100.00
3412,34199,0.00
3413,28048,100.00
3414,44776,100.00
3415,23410,0.00
3416,57678,0.00
3417,51627,100.00
3418,48294,100.00
3419,42264,100.00
3420,26691,0.00
3421,24806,100.00
3422,24859,100.00
3423,58011,0.00
3424,13364,0.00
3425,12929,0.00
3426,20019,100.00
3427,55411,0.00
3428,52580,0.00
3429,110217,0.00
3430,49383,0.00
3431,60532,0.00
3432,57098,0.00
3433,173862,0.00
3434,58482,0.00
3435,67735,0.00
3436,59982,0.00
3437,213240,0.00
3438,59404,0.00
3439,56437,0.00
3440,53918,0.00
3441,115989,0.00
3442,53428,0.00
3443,50327,0.00
3444,57437,0.00
3445,142608,0.00
3446,57477,0.00
3447,51670,0.00
3448,57097,0.00
3449,186115,0.00
3450,57408,0.00
3451,51913,0.00
3452,62211,0.00
3453,47061,50.00
3454,40444,100.00
3455,31473,0.00
3456,36799,100.00
3457,46695,100.00
3458,54004,100.00
3459,23237,0.00
3460,38201,100.00
3461,26080,100.00
3462,22597,100.00
3463,30889,100.00
3464,30867,0.00
3465,29398,100.00
3466,31529,0.00
3467,39206,0.00
3468,39891,0.00
3469,168281,0.00
3470,50125,0.00
3471,52309,0.00
3472,53647,0.00
3473,158477,0.00
3474,58123,0.00
3475,53851,0.00
3476,51922,0.00
3477,158953,0.00
3478,50755,0.00
3479,54695,0.00
3480,48668,0.00
3481,128214,0.00
3482,51078,0.00
3483,53568,0.00
3484,49950,0.00
3485,117310,0.00
3486,59607,0.00
3487,49353,0.00
3488,48451,0.00
3489,169529,0.00
3490,43154,50.00
3491,32599,100.00
3492,32392,100.00
3493,27698,0.00
3494,67816,100.00
3495,24960,0.00
3496,31537,100.00
3497,25897,0.00
3498,23450,100.00
3499,21747,100.00
3500,33041,100.00
3501,27583,0.00
3502,48868,100.00
3503,45931,0.00
3504,41508,0.00
3505,129781,0.00
3506,58532,0.00
3507,55639,0.00
3508,66746,0.00
3509,154848,0.00
3510,57660,0.00
3511,56292,0.00
3512,57189,0.00
3513,233768,0.00
3514,57942,0.00
3515,75585,0.00
3516,59571,0.00
3517,162163,0.00
3518,58129,0.00
3519,77042,0.00
3520,71920,0.00
3521,347474,0.00
3522,51001,0.00
3523,54420,0.00
3524,57269,0.00
3525,169978,0.00
3526,70165,0.00
3527,58777,0.00
3528,57071,0.00
3529,71604,0.00
3530,55477,0.00
3531,73868,0.00
3532,67129,0.00
3533,60977,100.00
3534,20731,0.00
3535,19674,100.00
3536,23005,100.00
3537,27600,100.00
3538,27290,100.00
3539,60110,100.00
3540,62102,100.00
3541,31328,100.00
3542,39513,50.00
3543,44698,0.00
3544,50724,0.00
3545,64010,0.00
3546,50091,0.00
3547,96798,0.00
3548,69633,0.00
3549,229804,0.00
3550,60634,0.00
3551,56505,0.00
3552,63531,0.00
3553,245745,0.00
3554,57287,0.00
3555,60793,0.00
3556,63118,0.00
3557,147391,0.00
3558,55826,0.00
3559,57699,0.00
3560,59649,0.00
3561,70172,50.00
3562,36430,0.00
3563,31848,50.00
3564,31171,0.00
3565,45232,0.00
3566,62451,100.00
3567,34623,50.00
3568,31627,0.00
3569,40049,0.00
3570,40615,100.00
3571,65728,50.00
3572,34442,0.00
3573,108806,100.00
3574,51076,50.00
3575,29281,0.00
3576,21771,0.00
3577,21523,100.00
3578,26083,50.00
3579,43744,0.00
3580,40499,0.00
3581,193068,0.00
3582,53919,0.00
3583,58920,0.00
3584,58303,0.00
3585,59128,0.00
3586,52302,0.00
3587,60656,0.00
3588,71650,0.00
3589,151853,0.00
3590,60390,0.00
3591,70985,0.00
3592,57135,0.00
3593,203747,0.00
3594,58287,0.00
3595,70516,0.00
3596,49794,100.00
3597,37920,0.00
3598,32736,100.00
3599,24790,0.00
3600,32320,50.00
3601,138468,0.00
3602,41101,50.00
3603,54548,100.00
3604,21505,0.00
3605,25325,100.00
3606,28466,100.00
3607,36468,0.00
3608,54173,0.00
3609,50221,50.00
3610,50595,0.00
3611,55837,0.00
3612,55173,0.00
3613,171554,0.00
3614,56421,0.00
3615,50712,0.00
3616,58197,0.00
3617,224434,0.00
3618,55847,0.00
3619,50186,0.00
3620,54879,0.00
3621,138599,0.00
3622,52449,0.00
3623,52368,0.00
3624,53929,0.00
3625,122008,0.00
3626,64735,50.00
3627,32533,0.00
3628,29491,50.00
3629,36777,0.00
3630,61929,50.00
3631,33836,0.00
3632,33971,50.00
3633,36306,100.00
3634,64644,100.00
3635,18848,0.00
3636,52079,100.00
3637,130930,0.00
3638,30571,50.00
3639,26120,0.00
3640,32343,50.00
3641,128999,0.00
3642,34921,50.00
3643,25060,0.00
3644,48202,0.00
3645,211203,0.00
3646,55169,0.00
3647,58772,0.00
3648,68636,0.00
3649,61232,0.00
3650,55754,0.00
3651,60049,0.00
3652,58854,0.00
3653,194224,0.00
3654,62524,0.00
3655,57534,0.00
3656,59442,0.00
3657,281407,0.00
3658,61030,0.00
3659,60599,0.00
3660,58832,0.00
3661,155092,0.00
3662,66469,0.00
3663,80033,50.00
3664,36731,0.00
3665,31473,50.00
3666,27498,0.00
3667,27707,50.00
3668,32480,0.00
3669,69417,100.00
3670,54825,100.00
3671,23489,0.00
3672,41891,100.00
3673,46387,100.00
3674,51307,100.00
3675,34405,0.00
3676,48497,0.00
3677,225331,100.00
3678,41628,0.00
3679,32891,100.00
3680,53136,0.00
3681,127635,0.00
3682,70258,0.00
3683,55173,0.00
3684,61001,0.00
3685,190100,0.00
3686,64544,0.00
3687,64024,0.00
3688,58510,0.00
3689,180586,0.00
3690,59655,0.00
3691,61067,0.00
3692,76384,0.00
3693,254429,0.00
3694,56841,0.00
3695,59228,0.00
3696,60078,0.00
3697,74288,0.00
3698,56117,0.00
3699,58095,0.00
3700,51993,0.00
3701,191516,0.00
3702,57171,0.00
3703,69092,50.00
3704,68371,0.00
3705,45934,0.00
3706,49143,50.00
3707,27788,100.00
3708,33468,0.00
3709,42546,100.00
3710,67906,100.00
3711,22872,0.00
3712,33277,100.00
3713,37052,100.00
3714,53644,50.00
3715,51798,0.00
3716,56471,50.00
3717,180863,0.00
3718,62665,0.00
3719,60077,0.00
3720,58095,0.00
3721,231388,0.00
3722,53437,0.00
3723,55782,0.00
3724,53798,0.00
3725,207783,0.00
3726,56549,0.00
3727,59131,0.00
3728,56663,0.00
3729,161932,0.00
3730,61912,0.00
3731,62502,0.00
3732,59903,0.00
3733,239626,0.00
3734,70905,0.00
3735,51129,50.00
3736,31570,0.00
3737,28855,0.00
3738,41227,100.00
3739,69834,50.00
3740,46193,0.00
3741,37607,100.00
3742,41630,100.00
3743,29827,100.00
3744,53325,100.00
3745,164976,100.00
3746,36233,50.00
3747,29977,0.00
3748,27791,0.00
3749,29199,100.00
3750,35494,50.00
3751,44615,0.00
3752,64808,0.00
3753,211944,0.00
3754,52164,0.00
3755,51505,0.00
3756,60071,0.00
3757,157640,0.00
3758,51455,0.00
3759,52902,0.00
3760,56358,0.00
3761,211622,0.00
3762,50116,0.00
3763,45419,0.00
3764,57500,0.00
3765,43156,0.00
3766,47920,0.00
3767,47920,0.00
3768,48096,0.00
3769,180913,0.00
3770,50489,0.00
3771,63879,0.00
3772,64588,100.00
3773,36319,0.00
3774,30110,100.00
3775,25243,0.00
3776,29215,100.00
3777,68428,66.67
3778,21453,0.00
3779,23630,100.00
3780,23833,0.00
3781,22046,100.00
3782,43103,100.00
3783,46262,100.00
3784,46585,0.00
3785,38357,50.00
3786,44148,0.00
3787,46405,0.00
3788,56114,0.00
3789,211503,0.00
3790,63415,0.00
3791,53235,0.00
3792,55730,0.00
3793,152842,0.00
3794,55126,0.00
3795,64578,0.00
3796,54027,0.00
3797,136125,0.00
3798,57412,0.00
3799,54653,0.00
3800,54502,0.00
3801,177546,0.00
3802,68821,0.00
3803,48574,0.00
3804,30508,100.00
3805,23470,0.00
3806,36076,100.00
3807,51155,0.00
3808,40948,100.00
3809,34241,100.00
3810,51876,100.00
3811,25101,0.00
3812,31100,100.00
3813,22404,100.00
3814,27433,100.00
3815,14439,0.00
3816,15116,100.00
3817,19133,0.00
3818,36855,100.00
3819,28567,0.00
3820,37296,0.00
3821,175364,0.00
3822,47011,0.00
3823,57601,0.00
3824,50451,0.00
3825,135397,0.00
3826,54226,0.00
3827,55555,0.00
3828,53876,0.00
3829,136070,0.00
3830,48268,0.00
3831,57173,0.00
3832,54241,0.00
3833,163148,0.00
3834,55801,0.00
3835,48888,0.00
3836,58079,0.00
3837,129021,0.00
3838,56590,0.00
3839,60572,0.00
3840,68504,100.00
3841,107337,0.00
3842,38284,100.00
3843,29114,0.00
3844,27814,100.00
3845,29768,0.00
3846,63927,100.00
3847,24474,0.00
3848,24411,100.00
3849,27149,100.00
3850,26088,100.00
3851,37434,100.00
3852,29311,0.00
3853,21771,0.00
3854,44082,0.00
3855,46763,0.00
3856,56885,0.00
3857,144918,0.00
3858,61749,0.00
3859,63772,0.00
3860,55540,0.00
3861,124457,0.00
3862,49139,0.00
3863,55594,0.00
3864,52182,0.00
3865,153975,0.00
3866,51241,0.00
3867,56413,0.00
3868,51660,0.00
3869,125155,0.00
3870,63478,33.33
3871,20129,0.00
3872,42247,0.00
3873,31366,50.00
3874,35629,0.00
3875,54733,50.00
3876,31978,0.00
3877,29493,100.00
3878,41835,100.00
3879,23279,0.00
3880,55558,100.00
3881,51059,100.00
3882,56559,50.00
3883,27513,0.00
3884,25617,50.00
3885,26192,0.00
3886,31869,50.00
3887,48899,0.00
3888,34236,50.00
3889,111679,0.00
3890,53609,0.00
3891,54497,0.00
3892,54115,0.00
3893,184337,0.00
3894,62656,0.00
3895,63827,0.00
3896,58015,0.00
3897,183497,0.00
3898,56478,0.00
3899,58211,0.00
3900,63174,0.00
3901,198817,0.00
3902,59286,0.00
3903,66276,0.00
3904,59707,0.00
3905,204691,0.00
3906,51680,0.00
3907,63337,0.00
3908,56989,0.00
3909,251682,0.00
3910,59910,0.00
3911,34348,100.00
3912,32154,0.00
3913,27642,100.00
3914,37630,0.00
3915,59299,100.00
3916,26266,0.00
3917,25809,100.00
3918,30979,100.00
3919,32554,100.00
3920,40492,100.00
3921,46951,100.00
3922,40878,100.00
3923,52905,0.00
3924,56124,0.00
3925,126746,0.00
3926,53900,0.00
3927,69274,0.00
3928,62522,0.00
3929,217782,0.00
3930,55116,0.00
3931,50770,0.00
3932,53111,0.00
3933,192736,0.00
3934,51700,0.00
3935,57352,0.00
3936,54910,0.00
3937,119532,0.00
3938,53750,0.00
3939,51255,0.00
3940,55358,0.00
3941,215787,0.00
3942,42704,100.00
3943,33572,0.00
3944,33379,100.00
3945,102507,0.00
3946,54660,100.00
3947,31272,0.00
3948,31399,100.00
3949,34055,0.00
3950,53649,100.00
3951,24628,0.00
3952,39502,0.00
3953,19883,50.00
3954,18038,100.00
3955,14092,0.00
3956,14884,0.00
3957,17636,50.00
3958,41524,100.00
3959,21591,0.00
3960,15863,0.00
3961,200395,0.00
3962,56393,0.00
3963,45479,0.00
3964,49602,0.00
3965,40375,0.00
3966,48520,0.00
3967,51090,0.00
3968,51276,0.00
3969,193171,0.00
3970,47803,0.00
3971,46468,0.00
3972,50523,0.00
3973,155719,0.00
3974,54502,0.00
3975,55305,0.00
3976,64843,0.00
3977,47628,100.00
3978,44653,50.00
3979,27200,0.00
3980,25759,0.00
3981,34496,100.00
3982,50112,50.00
3983,27551,0.00
3984,30800,0.00
3985,31632,100.00
3986,43649,100.00
3987,23856,0.00
3988,47609,0.00
3989,48477,100.00
3990,31264,0.00
3991,20790,100.00
3992,19912,0.00
3993,25008,100.00
3994,39223,0.00
3995,42640,0.00
3996,49310,0.00
3997,177666,0.00
3998,48562,0.00
3999,51902,0.00
4000,68738,0.00
4001,150036,0.00
4002,54749,0.00
4003,54872,0.00
4004,54654,0.00
4005,203788,0.00
4006,48166,0.00
4007,61956,0.00
4008,54986,0.00
4009,196962,0.00
4010,60540,0.00
4011,51169,0.00
4012,56385,0.00
4013,192877,50.00
4014,57550,100.00
4015,25364,0.00
4016,31258,0.00
4017,26202,50.00
4018,43416,100.00
4019,22210,0.00
4020,38416,100.00
4021,38569,0.00
4022,29808,100.00
4023,26722,100.00
4024,29886,100.00
4025,33559,0.00
4026,48226,0.00
4027,53130,0.00
4028,59564,0.00
4029,224249,0.00
4030,56836,0.00
4031,52546,0.00
4032,62243,0.00
4033,159016,0.00
4034,58702,0.00
4035,54421,0.00
4036,64116,0.00
4037,65352,0.00
4038,67464,0.00
4039,60310,0.00
4040,62322,0.00
4041,194209,0.00
4042,59550,0.00
4043,54844,0.00
4044,54463,0.00
4045,162594,0.00
4046,45774,100.00
4047,26507,50.00
4048,34842,0.00
4049,42765,0.00
4050,53178,100.00
4051,38230,50.00
4052,31814,0.00
4053,27950,100.00
4054,43602,100.00
4055,18781,0.00
4056,51015,0.00
4057,32260,0.00
4058,26609,100.00
4059,25137,50.00
4060,28158,0.00
4061,46854,0.00
4062,47665,100.00
4063,62280,0.00
4064,48739,0.00
4065,140208,0.00
4066,48700,0.00
4067,49204,0.00
4068,58086,0.00
4069,157593,0.00
4070,55439,0.00
4071,45336,0.00
4072,43065,0.00
4073,139618,0.00
4074,53687,0.00
4075,57830,0.00
4076,49854,0.00
4077,205960,0.00
4078,66642,0.00
4079,71328,0.00
4080,62546,0.00
4081,167545,0.00
4082,36260,100.00
4083,30657,0.00
4084,26605,100.00
4085,25933,0.00
4086,48444,100.00
4087,25226,0.00
4088,39758,100.00
4089,29377,100.00
4090,29947,100.00
4091,26950,100.00
4092,40952,100.00
4093,42547,0.00
4094,39031,0.00
4095,50291,0.00
4096,53556,0.00
4097,128605,0.00
4098,67398,0.00
4099,63584,0.00
4100,51104,0.00
4101,121285,0.00
4102,47623,0.00
4103,46284,0.00
4104,54137,0.00
4105,43046,0.00
4106,45716,0.00
4107,53403,0.00
4108,52455,0.00
4109,139842,0.00
4110,50333,0.00
4111,52260,0.00
4112,52952,0.00
4113,45710,50.00
4114,44510,100.00
4115,28547,0.00
4116,31173,0.00
4117,137624,50.00
4118,49069,100.00
4119,23607,0.00
4120,23500,100.00
4121,49820,0.00
4122,45516,100.00
4123,36639,100.00
4124,27154,0.00
4125,22762,100.00
4126,23055,0.00
4127,31069,50.00
4128,44045,0.00
4129,37047,50.00
4130,44214,0.00
4131,41221,0.00
4132,56028,0.00
4133,160307,0.00
4134,52841,0.00
4135,51543,0.00
4136,55179,0.00
4137,195478,0.00
4138,48911,0.00
4139,46674,0.00
4140,54604,0.00
4141,151355,0.00
4142,57351,0.00
4143,49198,0.00
4144,63254,0.00
4145,176710,0.00
4146,54386,0.00
4147,55202,0.00
4148,69879,0.00
4149,161676,0.00
4150,62032,50.00
4151,33210,0.00
4152,36915,50.00
4153,24838,0.00
4154,33113,50.00
4155,40779,0.00
4156,42541,50.00
4157,44959,100.00
4158,17794,0.00
4159,27695,0.00
4160,37589,50.00
4161,36433,0.00
4162,43670,50.00
4163,27736,0.00
4164,37218,0.00
4165,41631,0.00
4166,41189,0.00
4167,41153,0.00
4168,46271,0.00
4169,178394,0.00
4170,49617,0.00
4171,49333,0.00
4172,59841,0.00
4173,281377,0.00
4174,53532,0.00
4175,51990,0.00
4176,47002,0.00
4177,157618,0.00
4178,51359,50.00
4179,26916,0.00
4180,40941,50.00
4181,32936,0.00
4182,56671,50.00
4183,41500,100.00
4184,25631,0.00
4185,24410,100.00
4186,38603,100.00
4187,45261,100.00
4188,30970,100.00
4189,39184,100.00
4190,41948,100.00
4191,23224,0.00
4192,24503,100.00
4193,27919,0.00
4194,50892,100.00
4195,34323,0.00
4196,42849,0.00
4197,37571,0.00
4198,46524,0.00
4199,46737,0.00
4200,51031,0.00
4201,149271,0.00
4202,52781,0.00
4203,48973,0.00
4204,51495,0.00
4205,123626,0.00
4206,50813,0.00
4207,56042,0.00
4208,53766,0.00
4209,204697,0.00
4210,57840,0.00
4211,56352,0.00
4212,55049,0.00
4213,197455,0.00
4214,65618,0.00
4215,55856,0.00
4216,54127,0.00
4217,186092,0.00
4218,50378,0.00
4219,57947,50.00
4220,34986,0.00
4221,25983,50.00
4222,30098,0.00
4223,32840,50.00
4224,61296,100.00
4225,21630,0.00
4226,25730,100.00
4227,37204,0.00
4228,24461,100.00
4229,68068,100.00
4230,58923,100.00
4231,29717,50.00
4232,47150,0.00
4233,167225,0.00
4234,46168,0.00
4235,48202,0.00
4236,52408,0.00
4237,158148,0.00
4238,48384,0.00
4239,51355,0.00
4240,49068,0.00
4241,175596,0.00
4242,51286,0.00
4243,52162,0.00
4244,48684,0.00
4245,169815,0.00
4246,47148,0.00
4247,51512,0.00
4248,49711,0.00
4249,135652,0.00
4250,43418,0.00
4251,25132,100.00
4252,30662,0.00
4253,43613,100.00
4254,43393,0.00
4255,56346,100.00
4256,36575,50.00
4257,39939,0.00
4258,50816,100.00
4259,22693,100.00
4260,47336,100.00
4261,45370,100.00
4262,40022,100.00
4263,30354,0.00
4264,33034,0.00
4265,104702,50.00
4266,33195,100.00
4267,34622,0.00
4268,48528,0.00
4269,183216,0.00
4270,51604,0.00
4271,50131,0.00
4272,51338,0.00
4273,127094,0.00
4274,45964,0.00
4275,53652,0.00
4276,56272,0.00
4277,133110,0.00
4278,47148,0.00
4279,46905,0.00
4280,47336,0.00
4281,183141,0.00
4282,47187,0.00
4283,46955,0.00
4284,55311,0.00
4285,135807,0.00
4286,43604,0.00
4287,44893,0.00
4288,61407,0.00
4289,115599,0.00
4290,60469,0.00
4291,35011,50.00
4292,25807,0.00
4293,23611,50.00
4294,54767,100.00
4295,37025,0.00
4296,41075,0.00
4297,38225,100.00
4298,37856,100.00
4299,29418,100.00
4300,24758,0.00
4301,30356,100.00
4302,25469,100.00
4303,19950,50.00
4304,19789,0.00
4305,28550,50.00
4306,40809,0.00
4307,35404,0.00
4308,39289,0.00
4309,146015,0.00
4310,43019,0.00
4311,41956,0.00
4312,43699,0.00
4313,122626,0.00
4314,44320,0.00
4315,43674,0.00
4316,60506,0.00
4317,100394,0.00
4318,53420,0.00
4319,57764,0.00
4320,51654,0.00
4321,139731,0.00
4322,51044,0.00
4323,47555,0.00
4324,51436,0.00
4325,149920,0.00
4326,46996,0.00
4327,45770,0.00
4328,47681,0.00
4329,131541,0.00
4330,60681,0.00
4331,52101,0.00
4332,47807,100.00
4333,23272,0.00
4334,28057,100.00
4335,24641,100.00
4336,28109,100.00
4337,27088,100.00
4338,40262,100.00
4339,37547,100.00
4340,37644,100.00
4341,29328,100.00
4342,33962,0.00
4343,51327,0.00
4344,45888,0.00
4345,49093,0.00
4346,46879,0.00
4347,43824,0.00
4348,59350,0.00
4349,182052,0.00
4350,52571,0.00
4351,52462,0.00
4352,50753,0.00
4353,148127,0.00
4354,50896,0.00
4355,50618,0.00
4356,57375,0.00
4357,97144,0.00
4358,44445,0.00
4359,42976,0.00
4360,50677,0.00
4361,109968,0.00
4362,55659,50.00
4363,28182,0.00
4364,28346,100.00
4365,34123,0.00
4366,45588,100.00
4367,44817,0.00
4368,28567,100.00
4369,27319,0.00
4370,33157,100.00
4371,46281,100.00
4372,28170,0.00
4373,38597,0.00
4374,42410,50.00
4375,29800,100.00
4376,23350,0.00
4377,23609,0.00
4378,31678,50.00
4379,35551,100.00
4380,36303,0.00
4381,108460,0.00
4382,43525,0.00
4383,48044,0.00
4384,59036,0.00
4385,164988,0.00
4386,43898,0.00
4387,43655,0.00
4388,43579,0.00
4389,170092,0.00
4390,50268,0.00
4391,42268,0.00
4392,43662,0.00
4393,228221,0.00
4394,63541,0.00
4395,60620,0.00
4396,29543,0.00
4397,27173,100.00
4398,31802,50.00
4399,26363,0.00
4400,26890,0.00
4401,65532,100.00
4402,20186,0.00
4403,22471,100.00
4404,20339,100.00
4405,36830,100.00
4406,34287,50.00
4407,51466,0.00
4408,36012,0.00
4409,115029,0.00
4410,54898,0.00
4411,52905,0.00
4412,46671,0.00
4413,128889,0.00
4414,46577,0.00
4415,47461,0.00
4416,46744,0.00
4417,120903,0.00
4418,45300,0.00
4419,52568,0.00
4420,51210,0.00
4421,209081,0.00
4422,52706,0.00
4423,55687,0.00
4424,51138,0.00
4425,194336,0.00
4426,44828,50.00
4427,30016,100.00
4428,32710,0.00
4429,54464,100.00
4430,43872,100.00
4431,34383,100.00
4432,41422,100.00
4433,36269,0.00
4434,32504,100.00
4435,28486,100.00
4436,21918,100.00
4437,37395,0.00
4438,30623,100.00
4439,35021,50.00
4440,42526,0.00
4441,36289,0.00
4442,51247,0.00
4443,50821,0.00
4444,52750,0.00
4445,208180,0.00
4446,53214,0.00
4447,54226,0.00
4448,53819,0.00
4449,130512,0.00
4450,48971,0.00
4451,49957,0.00
4452,54045,0.00
4453,177879,0.00
4454,46689,0.00
4455,52378,0.00
4456,55456,0.00
4457,236560,0.00
4458,54137,0.00
4459,49861,0.00
4460,50992,0.00
4461,144288,0.00
4462,58073,0.00
4463,56287,0.00
4464,66160,0.00
4465,158446,50.00
4466,45573,100.00
4467,33254,0.00
4468,26846,0.00
4469,32020,100.00
4470,41850,50.00
4471,56885,100.00
4472,21384,0.00
4473,29525,0.00
4474,23515,100.00
4475,54965,100.00
4476,49886,0.00
4477,30147,50.00
4478,26200,0.00
4479,20902,50.00
4480,51724,0.00
4481,183001,0.00
4482,56176,0.00
4483,57918,0.00
4484,57329,0.00
4485,217383,0.00
4486,70193,0.00
4487,54481,0.00
4488,51561,0.00
4489,145648,0.00
4490,52132,0.00
4491,52389,0.00
4492,59881,0.00
4493,169711,0.00
4494,54952,0.00
4495,57542,0.00
4496,67113,0.00
4497,141086,0.00
4498,63417,0.00
4499,66433,0.00
4500,63254,0.00
4501,211226,0.00
4502,59480,66.67
4503,22746,0.00
4504,60649,100.00
4505,56789,0.00
4506,42470,100.00
4507,31373,100.00
4508,21461,100.00
4509,24123,0.00
4510,30193,100.00
4511,35936,100.00
4512,51964,0.00
4513,65308,100.00
4514,60313,100.00
4515,30161,0.00
4516,56651,0.00
4517,130948,0.00
4518,47875,0.00
4519,55776,0.00
4520,59720,0.00
4521,146936,0.00
4522,55908,0.00
4523,58396,0.00
4524,59378,0.00
4525,208528,0.00
4526,50492,0.00
4527,45677,0.00
4528,53850,0.00
4529,151361,0.00
4530,52782,0.00
4531,53425,0.00
4532,56140,0.00
4533,141271,0.00
4534,52421,0.00
4535,48036,0.00
4536,49785,0.00
4537,228852,0.00
4538,60324,0.00
4539,55486,0.00
4540,50419,0.00
4541,190098,0.00
4542,52513,0.00
4543,54939,0.00
4544,67380,0.00
4545,158550,0.00
4546,82497,50.00
4547,35120,0.00
4548,33384,0.00
4549,34254,100.00
4550,64593,100.00
4551,23990,0.00
4552,30249,100.00
4553,33502,100.00
4554,42215,100.00
4555,39797,100.00
4556,33131,100.00
4557,32330,100.00
4558,36173,50.00
4559,26208,0.00
4560,31680,0.00
4561,40437,0.00
4562,51230,0.00
4563,51963,0.00
4564,53785,0.00
4565,145921,0.00
4566,51669,0.00
4567,52645,0.00
4568,57400,0.00
4569,124672,0.00
4570,53083,0.00
4571,47620,0.00
4572,46183,0.00
4573,132960,0.00
4574,45468,0.00
4575,50375,0.00
4576,53352,0.00
4577,145988,0.00
4578,52461,0.00
4579,48906,0.00
4580,50776,0.00
4581,85522,0.00
4582,50444,0.00
4583,50498,0.00
4584,50362,0.00
4585,137607,0.00
4586,62835,100.00
4587,22150,0.00
4588,21921,100.00
4589,29139,0.00
4590,27819,100.00
4591,24508,100.00
4592,26724,100.00
4593,23851,0.00
4594,53994,100.00
4595,49417,100.00
4596,25148,100.00
4597,26462,0.00
4598,18426,100.00
4599,48230,0.00
4600,39567,0.00
4601,186357,0.00
4602,44106,0.00
4603,44536,0.00
4604,46588,0.00
4605,42065,0.00
4606,39440,0.00
4607,37905,0.00
4608,44470,0.00
4609,147876,0.00
4610,43930,0.00
4611,47879,0.00
4612,44185,0.00
4613,125108,0.00
4614,54923,0.00
4615,46128,0.00
4616,48961,0.00
4617,177325,0.00
4618,48395,0.00
4619,43964,0.00
4620,54900,0.00
4621,169248,0.00
4622,42404,0.00
4623,56991,0.00
4624,39015,100.00
4625,39479,0.00
4626,34766,100.00
4627,32751,0.00
4628,51566,100.00
4629,41726,0.00
4630,45681,100.00
4631,20982,0.00
4632,33766,100.00
4633,29057,0.00
4634,34710,100.00
4635,23759,0.00
4636,43266,0.00
4637,40842,50.00
4638,41393,100.00
4639,34845,0.00
4640,39177,0.00
4641,157867,0.00
4642,52135,0.00
4643,54031,0.00
4644,64154,0.00
4645,150950,0.00
4646,56185,0.00
4647,68257,0.00
4648,55230,0.00
4649,201798,0.00
4650,50047,0.00
4651,68104,0.00
4652,53234,0.00
4653,182338,0.00
4654,51999,0.00
4655,62505,0.00
4656,57772,0.00
4657,136014,0.00
4658,49546,0.00
4659,50676,0.00
4660,57887,0.00
4661,132003,0.00
4662,39328,100.00
4663,30222,50.00
4664,27771,0.00
4665,28260,0.00
4666,45947,100.00
4667,30745,0.00
4668,36995,100.00
4669,32873,0.00
4670,32655,100.00
4671,47055,100.00
4672,53996,100.00
4673,35988,0.00
4674,49094,0.00
4675,50939,0.00
4676,56085,0.00
4677,206275,0.00
4678,51785,0.00
4679,46223,0.00
4680,48227,0.00
4681,161316,0.00
4682,58365,0.00
4683,51095,0.00
4684,54528,0.00
4685,173181,0.00
4686,53466,0.00
4687,48166,0.00
4688,46893,0.00
4689,184903,0.00
4690,51488,0.00
4691,49501,0.00
4692,51527,0.00
4693,186688,0.00
4694,42347,100.00
4695,51138,0.00
4696,49386,100.00
4697,39003,0.00
4698,40772,100.00
4699,31077,0.00
4700,29291,100.00
4701,37081,100.00
4702,46088,100.00
4703,40871,0.00
4704,53733,100.00
4705,46782,0.00
4706,32430,50.00
4707,20440,100.00
4708,14731,0.00
4709,18226,0.00
4710,38179,50.00
4711,52557,0.00
4712,57051,0.00
4713,213301,0.00
4714,60296,0.00
4715,46610,0.00
4716,51206,0.00
4717,131341,0.00
4718,52823,0.00
4719,53073,0.00
4720,53706,0.00
4721,144957,0.00
4722,51218,0.00
4723,59959,0.00
4724,45042,0.00
4725,179822,0.00
4726,46806,0.00
4727,56746,0.00
4728,40285,0.00
4729,187510,0.00
4730,46939,0.00
4731,46068,0.00
4732,47622,0.00
4733,124221,50.00
4734,40459,0.00
4735,32061,50.00
4736,36561,100.00
4737,26005,0.00
4738,43374,100.00
4739,24507,0.00
4740,38472,100.00
4741,28822,0.00
4742,40714,100.00
4743,27010,100.00
4744,38464,100.00
4745,161063,0.00
4746,52078,0.00
4747,52337,0.00
4748,55092,0.00
4749,147900,0.00
4750,55833,0.00
4751,52799,0.00
4752,54039,0.00
4753,158614,0.00
4754,55085,0.00
4755,61496,0.00
4756,60478,0.00
4757,288682,0.00
4758,54874,0.00
4759,53263,0.00
4760,56640,0.00
4761,152209,0.00
4762,58068,0.00
4763,56383,0.00
4764,66720,0.00
4765,209977,0.00
4766,41799,0.00
4767,28835,50.00
4768,28545,0.00
4769,45790,50.00
4770,55713,0.00
4771,33083,50.00
4772,36211,100.00
4773,26439,0.00
4774,66099,100.00
4775,21907,0.00
4776,48161,100.00
4777,139480,0.00
4778,28700,100.00
4779,22412,50.00
4780,32074,0.00
4781,103532,0.00
4782,49785,100.00
4783,43148,50.00
4784,50231,0.00
4785,210419,0.00
4786,55184,0.00
4787,53436,0.00
4788,50123,0.00
4789,170998,0.00
4790,54729,0.00
4791,56545,0.00
4792,60151,0.00
4793,197878,0.00
4794,58490,0.00
4795,58164,0.00
4796,60820,0.00
4797,207612,0.00
4798,53568,0.00
4799,53804,0.00
4800,57172,0.00
4801,202909,0.00
4802,56244,0.00
4803,55424,0.00
4804,66692,0.00
4805,61242,0.00
4806,39865,50.00
4807,26016,0.00
4808,25851,50.00
4809,33403,0.00
4810,50840,100.00
4811,59811,50.00
4812,19374,0.00
4813,23214,100.00
4814,24851,100.00
4815,42452,0.00
4816,29855,100.00
4817,21634,0.00
4818,26111,100.00
4819,20388,0.00
4820,18833,100.00
4821,128841,0.00
4822,45336,0.00
4823,46523,0.00
4824,63227,0.00
4825,134834,0.00
4826,52739,0.00
4827,50629,0.00
4828,52680,0.00
4829,200882,0.00
4830,47962,0.00
4831,49554,0.00
4832,47314,0.00
4833,194248,0.00
4834,44779,0.00
4835,47256,0.00
4836,47829,0.00
4837,169245,0.00
4838,48672,0.00
4839,64640,0.00
4840,38649,0.00
4841,128212,50.00
4842,32124,100.00
4843,54319,50.00
4844,27889,0.00
4845,35117,100.00
4846,33153,100.00
4847,26185,0.00
4848,48967,100.00
4849,35663,100.00
4850,35586,100.00
4851,33570,0.00
4852,26252,0.00
4853,40486,0.00
4854,44830,0.00
4855,48095,0.00
4856,47962,0.00
4857,135202,0.00
4858,42593,0.00
4859,46837,0.00
4860,43150,0.00
4861,159846,0.00
4862,43042,0.00
4863,44023,0.00
4864,45932,0.00
4865,103777,0.00
4866,52772,0.00
4867,45653,0.00
4868,52758,0.00
4869,126978,0.00
4870,52422,0.00
4871,58690,0.00
4872,57919,0.00
4873,144040,0.00
4874,56956,0.00
4875,54584,0.00
4876,55902,50.00
4877,49247,0.00
4878,37855,100.00
4879,21894,0.00
4880,26664,100.00
4881,50614,100.00
4882,48994,100.00
4883,48936,100.00
4884,22737,100.00
4885,23469,100.00
4886,28006,100.00
4887,26456,100.00
4888,35184,50.00
4889,184205,0.00
4890,60199,0.00
4891,60179,0.00
4892,57501,0.00
4893,232169,0.00
4894,64443,0.00
4895,59958,0.00
4896,68133,0.00
4897,59213,0.00
4898,56939,0.00
4899,60532,0.00
4900,53680,0.00
4901,175931,0.00
4902,54952,0.00
4903,53707,0.00
4904,56091,0.00
4905,136510,0.00
4906,52218,0.00
4907,53514,0.00
4908,56652,0.00
4909,151086,0.00
4910,68116,0.00
4911,54573,0.00
4912,56079,0.00
4913,152973,0.00
4914,62419,0.00
4915,56450,0.00
4916,43080,50.00
4917,40576,100.00
4918,41112,100.00
4919,22344,0.00
4920,28527,100.00
4921,36134,100.00
4922,38848,100.00
4923,27743,0.00
4924,39610,100.00
4925,109983,0.00
4926,41678,50.00
4927,30744,0.00
4928,44513,0.00
4929,115839,0.00
4930,46871,0.00
4931,49514,0.00
4932,54739,0.00
4933,199612,0.00
4934,43125,0.00
4935,46043,0.00
4936,46971,0.00
4937,94269,0.00
4938,45311,0.00
4939,47739,0.00
4940,45328,0.00
4941,132893,0.00
4942,46874,0.00
4943,52896,0.00
4944,56136,0.00
4945,145484,0.00
4946,50939,0.00
4947,60440,0.00
4948,39005,100.00
4949,30365,0.00
4950,27750,100.00
4951,32364,0.00
4952,50874,100.00
4953,35700,0.00
4954,25286,100.00
4955,29223,50.00
4956,29988,100.00
4957,25700,0.00
4958,50375,100.00
4959,44780,0.00
4960,35087,0.00
4961,21310,100.00
4962,25299,50.00
4963,31469,0.00
4964,44110,0.00
4965,35976,100.00
4966,51774,0.00
4967,44169,0.00
4968,53204,0.00
4969,186973,0.00
4970,53938,0.00
4971,48925,0.00
4972,70919,0.00
4973,175514,0.00
4974,55949,0.00
4975,43713,0.00
4976,46505,0.00
4977,165766,0.00
4978,49896,0.00
4979,47331,0.00
4980,41087,0.00
4981,42912,0.00
4982,51678,50.00
4983,48191,0.00
4984,28771,0.00
4985,29239,100.00
4986,26451,50.00
4987,24669,0.00
4988,44878,0.00
4989,98014,100.00
4990,36243,50.00
4991,28725,100.00
4992,19183,0.00
4993,34247,0.00
4994,32815,100.00
4995,45227,0.00
4996,27449,100.00
4997,67451,0.00
4998,50154,0.00
4999,51603,0.00
5000,77557,0.00
5001,196682,0.00
5002,58278,0.00
5003,54294,0.00
5004,57875,0.00
5005,160775,0.00
5006,53809,0.00
5007,54993,0.00
5008,53563,0.00
5009,171046,0.00
5010,68554,0.00
5011,56647,0.00
5012,64907,0.00
5013,34638,0.00
5014,28184,50.00
5015,35069,100.00
5016,53043,0.00
5017,41773,100.00
5018,31207,100.00
5019,26122,100.00
5020,51675,100.00
5021,49873,0.00
5022,27856,100.00
5023,48087,100.00
5024,52914,0.00
5025,32424,100.00
5026,32778,0.00
5027,32462,100.00
5028,46722,0.00
5029,120255,100.00
5030,45853,0.00
5031,62406,0.00
5032,60257,0.00
5033,135860,0.00
5034,50941,0.00
5035,51576,0.00
5036,46883,0.00
5037,106410,0.00
5038,50659,0.00
5039,54751,0.00
5040,55430,0.00
5041,150123,0.00
5042,54161,0.00
5043,57062,0.00
5044,53497,0.00
5045,135122,0.00
5046,47510,0.00
5047,52873,0.00
5048,53436,0.00
5049,139741,0.00
5050,48289,0.00
5051,64632,0.00
5052,49708,0.00
5053,32540,0.00
5054,35631,100.00
5055,23989,50.00
5056,40698,100.00
5057,35251,0.00
5058,38324,100.00
5059,26448,100.00
5060,27461,100.00
5061,31374,100.00
5062,37401,100.00
5063,32105,100.00
5064,32268,50.00
5065,161912,0.00
5066,41035,0.00
5067,41033,0.00
5068,45493,0.00
5069,171476,0.00
5070,51609,0.00
5071,54877,0.00
5072,65821,0.00
5073,150731,0.00
5074,51831,0.00
5075,57755,0.00
5076,54950,0.00
5077,156840,0.00
5078,58141,0.00
5079,53786,0.00
5080,47642,0.00
5081,185231,0.00
5082,59727,0.00
5083,61075,0.00
5084,34571,0.00
5085,34252,100.00
5086,35123,50.00
5087,51886,0.00
5088,53916,0.00
5089,43668,100.00
5090,39600,0.00
5091,40842,100.00
5092,33403,0.00
5093,48679,100.00
5094,60731,100.00
5095,42973,50.00
5096,36420,0.00
5097,28446,0.00
5098,26197,100.00
5099,31400,50.00
5100,41398,0.00
5101,34053,0.00
5102,33251,100.00
5103,49616,0.00
5104,50449,0.00
5105,177222,0.00
5106,51483,0.00
5107,53196,0.00
5108,54764,0.00
5109,194565,0.00
5110,50576,0.00
5111,50601,0.00
5112,56633,0.00
5113,171686,0.00
5114,45212,0.00
5115,39902,0.00
5116,45938,0.00
5117,101961,0.00
5118,50290,0.00
5119,60595,100.00
5120,36477,0.00
5121,33312,0.00
5122,27007,50.00
5123,33264,100.00
5124,44368,0.00
5125,44517,0.00
5126,47111,100.00
5127,19527,0.00
5128,25703,100.00
5129,25554,100.00
5130,43528,50.00
5131,16983,100.00
5132,15912,0.00
5133,13871,0.00
5134,15039,50.00
5135,17686,100.00
5136,31088,0.00
5137,35894,0.00
5138,33931,0.00
5139,33798,0.00
5140,31787,0.00
5141,150556,0.00
5142,45240,0.00
5143,40564,0.00
5144,51091,0.00
5145,133895,0.00
5146,52069,0.00
5147,57823,0.00
5148,54889,0.00
5149,204699,0.00
5150,50722,0.00
5151,53250,0.00
5152,49698,0.00
5153,197867,0.00
5154,46426,0.00
5155,61765,0.00
5156,50244,0.00
5157,141811,0.00
5158,63970,100.00
5159,26048,50.00
5160,28253,0.00
5161,26666,0.00
5162,42296,100.00
5163,24268,0.00
5164,33463,100.00
5165,36954,0.00
5166,39899,100.00
5167,32331,100.00
5168,38096,0.00
5169,27595,50.00
5170,52891,0.00
5171,49212,0.00
5172,54951,0.00
5173,168172,0.00
5174,49442,0.00
5175,47496,0.00
5176,44273,0.00
5177,113529,0.00
5178,44321,0.00
5179,48364,0.00
5180,46452,0.00
5181,103224,0.00
5182,49057,0.00
5183,48261,0.00
5184,53243,0.00
5185,192064,0.00
5186,53058,0.00
5187,52446,0.00
5188,65302,0.00
5189,49960,0.00
5190,34988,100.00
5191,25874,50.00
5192,31632,0.00
5193,127868,0.00
5194,32742,100.00
5195,26977,100.00
5196,22133,0.00
5197,24988,100.00
5198,43755,100.00
5199,44512,0.00
5200,26825,50.00
5201,23990,0.00
5202,24584,50.00
5203,24346,0.00
5204,28308,50.00
5205,43419,0.00
5206,53556,0.00
5207,49649,0.00
5208,47129,0.00
5209,132532,0.00
5210,44905,0.00
5211,45348,0.00
5212,44706,0.00
5213,57135,0.00
5214,46329,0.00
5215,59479,0.00
5216,56842,0.00
5217,207786,0.00
5218,55227,0.00
5219,56385,0.00
5220,53344,0.00
5221,139867,0.00
5222,54585,0.00
5223,52442,0.00
5224,48833,0.00
5225,143879,0.00
5226,62752,100.00
5227,36741,0.00
5228,28731,100.00
5229,25909,0.00
5230,29107,100.00
5231,58282,50.00
5232,30303,0.00
5233,26998,100.00
5234,24542,100.00
5235,22214,0.00
5236,38689,100.00
5237,117179,0.00
5238,48320,50.00
5239,42048,0.00
5240,52306,0.00
5241,164342,0.00
5242,43921,0.00
5243,49020,0.00
5244,52021,0.00
5245,199684,0.00
5246,73935,0.00
5247,57404,0.00
5248,54762,0.00
5249,206571,0.00
5250,56613,0.00
5251,58217,0.00
5252,58298,0.00
5253,204336,0.00
5254,56655,0.00
5255,55305,0.00
5256,69273,0.00
5257,127404,0.00
5258,31861,100.00
5259,28564,50.00
5260,39842,0.00
5261,52447,0.00
5262,58595,100.00
5263,20884,0.00
5264,51158,100.00
5265,57673,0.00
5266,29639,100.00
5267,39631,0.00
5268,29873,100.00
5269,25720,0.00
5270,30622,100.00
5271,46534,0.00
5272,43024,100.00
5273,166443,0.00
5274,46094,0.00
5275,54430,0.00
5276,53277,0.00
5277,179621,0.00
5278,58734,0.00
5279,54325,0.00
5280,55929,0.00
5281,146059,0.00
5282,57336,0.00
5283,60334,0.00
5284,59943,0.00
5285,166558,0.00
5286,53339,0.00
5287,47384,0.00
5288,47628,0.00
5289,66929,0.00
5290,52343,0.00
5291,51643,0.00
5292,53050,0.00
5293,136360,0.00
5294,64372,100.00
5295,74302,0.00
5296,62526,100.00
5297,49801,0.00
5298,30066,100.00
5299,36202,0.00
5300,63044,100.00
5301,56286,100.00
5302,48695,100.00
5303,23218,0.00
5304,24351,100.00
5305,114825,100.00
5306,60122,0.00
5307,42398,100.00
5308,52767,0.00
5309,205497,0.00
5310,56963,0.00
5311,57319,0.00
5312,82642,0.00
5313,190974,0.00
5314,53965,0.00
5315,53342,0.00
5316,56115,0.00
5317,137267,0.00
5318,53620,0.00
5319,58711,0.00
5320,56898,0.00
5321,198553,0.00
5322,58839,0.00
5323,58148,0.00
5324,55945,0.00
5325,166565,0.00
5326,39404,50.00
5327,31229,0.00
5328,40418,50.00
5329,146058,0.00
5330,38296,50.00
5331,28994,0.00
5332,41329,100.00
5333,30173,100.00
5334,64474,100.00
5335,34035,0.00
5336,36173,50.00
5337,25322,100.00
5338,17021,0.00
5339,13218,100.00
5340,17761,0.00
5341,30770,100.00
5342,24912,0.00
5343,37980,0.00
5344,40844,0.00
5345,262634,0.00
5346,50393,0.00
5347,51537,0.00
5348,55387,0.00
5349,206796,0.00
5350,50128,0.00
5351,57650,0.00
5352,52955,0.00
5353,148147,0.00
5354,54645,0.00
5355,58789,0.00
5356,53329,0.00
5357,190206,0.00
5358,46550,0.00
5359,49604,0.00
5360,48671,0.00
5361,182899,0.00
5362,52140,0.00
5363,65002,50.00
5364,39767,0.00
5365,34833,50.00
5366,28928,0.00
5367,28340,50.00
5368,38538,0.00
5369,48162,100.00
5370,41972,100.00
5371,21584,0.00
5372,22810,100.00
5373,25398,100.00
5374,47825,100.00
5375,36411,0.00
5376,19879,0.00
5377,42692,0.00
5378,52613,0.00
5379,48699,0.00
5380,53361,0.00
5381,170976,0.00
5382,47118,0.00
5383,45892,0.00
5384,46023,0.00
5385,106302,0.00
5386,53548,0.00
5387,50300,0.00
5388,46362,0.00
5389,126754,0.00
5390,54082,0.00
5391,48124,0.00
5392,42535,0.00
5393,125276,0.00
5394,64258,50.00
5395,39506,0.00
5396,30360,100.00
5397,29764,0.00
5398,43980,100.00
5399,42741,0.00
5400,31049,100.00
5401,27382,0.00
5402,50120,100.00
5403,23229,0.00
5404,49037,100.00
5405,148011,100.00
5406,33945,0.00
5407,27309,100.00
5408,36906,0.00
5409,34003,100.00
5410,51347,0.00
5411,32839,100.00
5412,32305,0.00
5413,101708,100.00
5414,45030,0.00
5415,42265,0.00
5416,38564,0.00
5417,206224,0.00
5418,51181,0.00
5419,48662,0.00
5420,46752,0.00
5421,160080,0.00
5422,48941,0.00
5423,55615,0.00
5424,48248,0.00
5425,149789,0.00
5426,47608,0.00
5427,49670,0.00
5428,51300,0.00
5429,185107,0.00
5430,58499,0.00
5431,33903,0.00
5432,30945,50.00
5433,29204,0.00
5434,34148,50.00
5435,36468,0.00
5436,54499,50.00
5437,38278,0.00
5438,44859,66.67
5439,23579,0.00
5440,25614,100.00
5441,39340,100.00
5442,40206,100.00
5443,19579,0.00
5444,15335,0.00
5445,14146,50.00
5446,17056,100.00
5447,31863,0.00
5448,41795,0.00
5449,196778,0.00
5450,50638,0.00
5451,45249,0.00
5452,44291,0.00
5453,42222,0.00
5454,44601,0.00
5455,47255,0.00
5456,55057,0.00
5457,272352,0.00
5458,43996,0.00
5459,41741,0.00
5460,43643,0.00
5461,114027,0.00
5462,46692,0.00
5463,48899,0.00
5464,44624,0.00
5465,213742,0.00
5466,48653,0.00
5467,53989,50.00
5468,55699,0.00
5469,36528,50.00
5470,47415,0.00
5471,30298,50.00
5472,29152,100.00
5473,28931,0.00
5474,50923,100.00
5475,24829,0.00
5476,40001,100.00
5477,40909,0.00
5478,39533,100.00
5479,48242,0.00
5480,41403,50.00
5481,235611,0.00
5482,65990,0.00
5483,62295,0.00
5484,72469,0.00
5485,240842,0.00
5486,57809,0.00
5487,67360,0.00
5488,59257,0.00
5489,156219,0.00
5490,53864,0.00
5491,54116,0.00
5492,57974,0.00
5493,202302,0.00
5494,55724,0.00
5495,56973,0.00
5496,54397,0.00
5497,132360,0.00
5498,52288,0.00
5499,50418,0.00
5500,51939,0.00
5501,34029,50.00
5502,29372,0.00
5503,31311,50.00
5504,52068,0.00
5505,39782,50.00
5506,45042,100.00
5507,20597,0.00
5508,26150,0.00
5509,25614,100.00
5510,51624,100.00
5511,46453,50.00
5512,31085,0.00
5513,29052,50.00
5514,22419,0.00
5515,32479,50.00
5516,43230,0.00
5517,195552,50.00
5518,55099,0.00
5519,58429,0.00
5520,55191,0.00
5521,152283,0.00
5522,50131,0.00
5523,56861,0.00
5524,56862,0.00
5525,207513,0.00
5526,52279,0.00
5527,55285,0.00
5528,60771,0.00
5529,138836,0.00
5530,54030,0.00
5531,56208,0.00
5532,52158,0.00
5533,141607,0.00
5534,50852,0.00
5535,48542,0.00
5536,61638,0.00
5537,35957,0.00
5538,35301,100.00
5539,25646,50.00
5540,22905,0.00
5541,55808,66.67
5542,21543,0.00
5543,39876,100.00
5544,26588,100.00
5545,26756,0.00
5546,25964,100.00
5547,43399,0.00
5548,48934,100.00
5549,42018,0.00
5550,56576,0.00
5551,59391,0.00
5552,61208,0.00
5553,146853,0.00
5554,58592,0.00
5555,60504,0.00
5556,49668,0.00
5557,184576,0.00
5558,49716,0.00
5559,46028,0.00
5560,57256,0.00
5561,169347,0.00
5562,47337,0.00
5563,48362,0.00
5564,51586,0.00
5565,176412,0.00
5566,49894,0.00
5567,49423,0.00
5568,62906,100.00
5569,35082,0.00
5570,30125,100.00
5571,35379,0.00
5572,58687,100.00
5573,45223,50.00
5574,31836,100.00
5575,23408,0.00
5576,43519,100.00
5577,45096,100.00
5578,33556,100.00
5579,25958,0.00
5580,22663,0.00
5581,22929,100.00
5582,32215,50.00
5583,46200,0.00
5584,32645,0.00
5585,38478,100.00
5586,44382,0.00
5587,48615,0.00
5588,54286,0.00
5589,183260,0.00
5590,59213,0.00
5591,59528,0.00
5592,52641,0.00
5593,215537,0.00
5594,58653,0.00
5595,57788,0.00
5596,48242,0.00
5597,251873,0.00
5598,49796,0.00
5599,46741,0.00
5600,46417,0.00
5601,128938,0.00
5602,49242,0.00
5603,45802,0.00
5604,58586,0.00
5605,100686,100.00
5606,37131,0.00
5607,26069,100.00
5608,26491,0.00
5609,30339,100.00
5610,48060,0.00
5611,39793,100.00
5612,36603,50.00
5613,21155,0.00
5614,35225,100.00
5615,28471,100.00
5616,36444,0.00
5617,39397,0.00
5618,42395,50.00
5619,43658,0.00
5620,41704,0.00
5621,91057,0.00
5622,48766,0.00
5623,44537,0.00
5624,70205,0.00
5625,125716,0.00
5626,56946,0.00
5627,49477,0.00
5628,49465,0.00
5629,140739,0.00
5630,49556,0.00
5631,51256,0.00
5632,51143,0.00
5633,112772,0.00
5634,39905,50.00
5635,36114,0.00
5636,42697,50.00
5637,46567,0.00
5638,54770,100.00
5639,20685,0.00
5640,33810,100.00
5641,44967,100.00
5642,31379,100.00
5643,40464,100.00
5644,41161,100.00
5645,30763,0.00
5646,18090,100.00
5647,20270,50.00
5648,37882,0.00
5649,27629,0.00
5650,53816,100.00
5651,53785,0.00
5652,63402,0.00
5653,131052,0.00
5654,60285,0.00
5655,49376,0.00
5656,46202,0.00
5657,39093,0.00
5658,44499,0.00
5659,49555,0.00
5660,49416,0.00
5661,187916,0.00
5662,52170,0.00
5663,54989,0.00
5664,55853,0.00
5665,217817,0.00
5666,59939,0.00
5667,55176,0.00
5668,53146,0.00
5669,197033,0.00
5670,58183,0.00
5671,54695,0.00
5672,50805,0.00
5673,166406,0.00
5674,49048,100.00
5675,35780,0.00
5676,25567,0.00
5677,31907,50.00
5678,65623,100.00
5679,25466,0.00
5680,24235,100.00
5681,31492,0.00
5682,26356,100.00
5683,56280,100.00
5684,63807,100.00
5685,36062,0.00
5686,47684,100.00
5687,59194,0.00
5688,53215,0.00
5689,206623,0.00
5690,53626,0.00
5691,54378,0.00
5692,54723,0.00
5693,208030,0.00
5694,50753,0.00
5695,65745,0.00
5696,70412,0.00
5697,139372,0.00
5698,52657,0.00
5699,53752,0.00
5700,54101,0.00
5701,142454,0.00
5702,57456,0.00
5703,54225,0.00
5704,70135,0.00
5705,135247,0.00
5706,33338,50.00
5707,34131,0.00
5708,61442,50.00
5709,50263,0.00
5710,42784,50.00
5711,30215,0.00
5712,39477,50.00
5713,38252,100.00
5714,58885,100.00
5715,34516,0.00
5716,33026,0.00
5717,24920,50.00
5718,25959,100.00
5719,29513,0.00
5720,40384,0.00
5721,41961,50.00
5722,39994,100.00
5723,26816,0.00
5724,48304,0.00
5725,203617,0.00
5726,57145,0.00
5727,44336,0.00
5728,48038,0.00
5729,142119,0.00
5730,46894,0.00
5731,49853,0.00
5732,55156,0.00
5733,205486,0.00
5734,49372,0.00
5735,46912,0.00
5736,55420,0.00
5737,53761,0.00
5738,60519,0.00
5739,61043,0.00
5740,55649,0.00
5741,159799,0.00
5742,71352,100.00
5743,35675,0.00
5744,29355,100.00
5745,30011,0.00
5746,41444,100.00
5747,59444,0.00
5748,37297,100.00
5749,35321,0.00
5750,46367,100.00
5751,23302,0.00
5752,59313,100.00
5753,143162,50.00
5754,38945,0.00
5755,28624,50.00
5756,24521,0.00
5757,25130,50.00
5758,44618,0.00
5759,46067,0.00
5760,61429,0.00
5761,55300,0.00
5762,55610,0.00
5763,63166,0.00
5764,51751,0.00
5765,67839,0.00
5766,57832,0.00
5767,55152,0.00
5768,53574,0.00
5769,60515,0.00
5770,55510,0.00
5771,55555,0.00
5772,55433,0.00
5773,212012,0.00
5774,54457,0.00
5775,57009,0.00
5776,59297,0.00
5777,238798,0.00
5778,80357,100.00
5779,51513,0.00
5780,35674,100.00
5781,29926,0.00
5782,40126,100.00
5783,22243,0.00
5784,27424,100.00
5785,50990,100.00
5786,46551,100.00
5787,37125,100.00
5788,38634,100.00
5789,48432,100.00
5790,55779,50.00
5791,52034,0.00
5792,67162,0.00
5793,257559,0.00
5794,57970,0.00
5795,60164,0.00
5796,71235,0.00
5797,223005,0.00
5798,62539,0.00
5799,58359,0.00
5800,56311,0.00
5801,167756,0.00
5802,52412,0.00
5803,54221,0.00
5804,53518,0.00
5805,206758,0.00
5806,54983,0.00
5807,60465,0.00
5808,63644,0.00
5809,343012,0.00
5810,70252,0.00
5811,62895,0.00
5812,49043,100.00
5813,35055,0.00
5814,38639,100.00
5815,59586,0.00
5816,43811,100.00
5817,33384,0.00
5818,48503,100.00
5819,24925,0.00
5820,25007,100.00
5821,47448,100.00
5822,28069,100.00
5823,17966,0.00
5824,14224,0.00
5825,18135,50.00
5826,26380,100.00
5827,34599,0.00
5828,45224,0.00
5829,139884,0.00
5830,54126,0.00
5831,52227,0.00
5832,58560,0.00
5833,212504,0.00
5834,59685,0.00
5835,55098,0.00
5836,67670,0.00
5837,202527,0.00
5838,56790,0.00
5839,52590,0.00
5840,55833,0.00
5841,183768,0.00
5842,51818,0.00
5843,51206,0.00
5844,53114,0.00
5845,206804,0.00
5846,72078,0.00
5847,64527,50.00
5848,30905,0.00
5849,37510,50.00
5850,28003,0.00
5851,35761,66.67
5852,28199,0.00
5853,38817,0.00
5854,33155,100.00
5855,28518,100.00
5856,29388,100.00
5857,31750,0.00
5858,42713,100.00
5859,27008,0.00
5860,32772,0.00
5861,173537,0.00
5862,50063,0.00
5863,60320,0.00
5864,48129,0.00
5865,189665,0.00
5866,49183,0.00
5867,61674,0.00
5868,50493,0.00
5869,176403,0.00
5870,61483,0.00
5871,59296,0.00
5872,59188,0.00
5873,129530,0.00
5874,58276,0.00
5875,57233,0.00
5876,54197,0.00
5877,168528,0.00
5878,57146,0.00
5879,57846,0.00
5880,40704,100.00
5881,36892,0.00
5882,40374,100.00
5883,50049,0.00
5884,46580,100.00
5885,53349,66.67
5886,21034,0.00
5887,27115,100.00
5888,54533,0.00
5889,162529,100.00
5890,33395,100.00
5891,30371,0.00
5892,25070,100.00
5893,25488,0.00
5894,33971,100.00
5895,57571,0.00
5896,46693,100.00
5897,110270,0.00
5898,52790,0.00
5899,53573,0.00
5900,72330,0.00
5901,128718,0.00
5902,56897,0.00
5903,58085,0.00
5904,57155,0.00
5905,151332,0.00
5906,62635,0.00
5907,58633,0.00
5908,53349,0.00
5909,219173,0.00
5910,62521,0.00
5911,54528,0.00
5912,60311,0.00
5913,115284,0.00
5914,60565,100.00
5915,50614,0.00
5916,28410,0.00
5917,26769,50.00
5918,28628,100.00
5919,26188,0.00
5920,31585,0.00
5921,123909,50.00
5922,31550,100.00
5923,21668,0.00
5924,32856,100.00
5925,29228,0.00
5926,34146,100.00
5927,46692,0.00
5928,45388,100.00
5929,32781,0.00
5930,24625,100.00
5931,20512,0.00
5932,45022,0.00
5933,128708,0.00
5934,46063,0.00
5935,45101,0.00
5936,46468,0.00
5937,151595,0.00
5938,49787,0.00
5939,50557,0.00
5940,54092,0.00
5941,205743,0.00
5942,54905,0.00
5943,52568,0.00
5944,48582,0.00
5945,143420,0.00
5946,55533,0.00
5947,67887,50.00
5948,42222,0.00
5949,134164,100.00
5950,32793,0.00
5951,42938,100.00
5952,28995,0.00
5953,47516,100.00
5954,31007,100.00
5955,27790,100.00
5956,43789,100.00
5957,50687,100.00
5958,40277,100.00
5959,23866,100.00
5960,34950,0.00
5961,42925,50.00
5962,38698,0.00
5963,33718,0.00
5964,40909,0.00
5965,52287,0.00
5966,51127,0.00
5967,55398,0.00
5968,57706,0.00
5969,213771,0.00
5970,57264,0.00
5971,56234,0.00
5972,64420,0.00
5973,161198,0.00
5974,54916,0.00
5975,53459,0.00
5976,57562,0.00
5977,197212,0.00
5978,54300,0.00
5979,57069,0.00
5980,58191,0.00
5981,176872,0.00
5982,54681,0.00
5983,55064,0.00
5984,58584,0.00
5985,160187,0.00
5986,67939,0.00
5987,44102,50.00
5988,31823,100.00
5989,26695,0.00
5990,36756,100.00
5991,29595,0.00
5992,48943,100.00
5993,43622,0.00
5994,27428,100.00
5995,23779,100.00
5996,26797,100.00
5997,32163,0.00
5998,43161,100.00
5999,57168,0.00
6000,97936,0.00
6001,207248,0.00
6002,57516,0.00
6003,51891,0.00
6004,58443,0.00
6005,137929,0.00
6006,53525,0.00
6007,55222,0.00
6008,57800,0.00
6009,188052,0.00
6010,56347,0.00
6011,60799,0.00
6012,60337,0.00
6013,194928,0.00
6014,68622,0.00
6015,58478,0.00
6016,59261,0.00
6017,184786,0.00
6018,51276,0.00
6019,53182,0.00
6020,54988,0.00
6021,146647,0.00
6022,55767,0.00
6023,60860,100.00
6024,60257,0.00
6025,39693,0.00
6026,63482,100.00
6027,22956,0.00
6028,39746,100.00
6029,30112,100.00
6030,25735,100.00
6031,48980,0.00
6032,40390,100.00
6033,35695,50.00
6034,51514,100.00
6035,46209,0.00
6036,33923,100.00
6037,30615,0.00
6038,51934,0.00
6039,61192,0.00
6040,56552,0.00
6041,200338,0.00
6042,50589,0.00
6043,51951,0.00
6044,50943,0.00
6045,201404,0.00
6046,56583,0.00
6047,53692,0.00
6048,68992,0.00
6049,207261,0.00
6050,68053,0.00
6051,57995,0.00
6052,53505,0.00
6053,178531,0.00
6054,50761,0.00
6055,54347,0.00
6056,57397,0.00
6057,131352,0.00
6058,47539,50.00
6059,28769,100.00
6060,32537,0.00
6061,34463,0.00
6062,56782,50.00
6063,25766,100.00
6064,43811,0.00
6065,34370,100.00
6066,50803,100.00
6067,25904,0.00
6068,57067,50.00
6069,31720,0.00
6070,31500,50.00
6071,25428,0.00
6072,32401,50.00
6073,42502,0.00
6074,40721,0.00
6075,46258,0.00
6076,50461,0.00
6077,175303,0.00
6078,54459,0.00
6079,67901,0.00
6080,55874,0.00
6081,132752,0.00
6082,64933,0.00
6083,48956,0.00
6084,50609,0.00
6085,107156,0.00
6086,55396,0.00
6087,70887,0.00
6088,56813,0.00
6089,130261,0.00
6090,56482,0.00
6091,131359,0.00
6092,67899,100.00
6093,130158,0.00
6094,38594,100.00
6095,47594,0.00
6096,38784,100.00
6097,30431,0.00
6098,52717,100.00
6099,24260,0.00
6100,35397,0.00
6101,37280,100.00
6102,28977,100.00
6103,32084,100.00
6104,50977,0.00
6105,19401,0.00
6106,37213,50.00
6107,46258,0.00
6108,56713,0.00
6109,292343,0.00
6110,52630,0.00
6111,56782,0.00
6112,76254,0.00
6113,188813,0.00
6114,54147,0.00
6115,51418,0.00
6116,58840,0.00
6117,104811,0.00
6118,53760,0.00
6119,50359,0.00
6120,47982,0.00
6121,166653,0.00
6122,52603,0.00
6123,58754,0.00
6124,57434,0.00
6125,132198,0.00
6126,35080,100.00
6127,29084,0.00
6128,37942,100.00
6129,124160,0.00
6130,33792,100.00
6131,27662,0.00
6132,33181,100.00
6133,36228,100.00
6134,50327,100.00
6135,33002,0.00
6136,48824,100.00
6137,30676,100.00
6138,27186,0.00
6139,22718,100.00
6140,24673,0.00
6141,28636,100.00
6142,48862,0.00
6143,48207,0.00
6144,76103,0.00
6145,195107,0.00
6146,57728,0.00
6147,73098,0.00
6148,54269,0.00
6149,142995,0.00
6150,53810,0.00
6151,51761,0.00
6152,55627,0.00
6153,136893,0.00
6154,45682,0.00
6155,51758,0.00
6156,60063,0.00
6157,167692,0.00
6158,57680,0.00
6159,55640,0.00
6160,67818,0.00
6161,317164,0.00
6162,49156,0.00
6163,61194,0.00
6164,60708,100.00
6165,119988,0.00
6166,45040,100.00
6167,39151,50.00
6168,27035,0.00
6169,28381,100.00
6170,43879,100.00
6171,46073,0.00
6172,34103,100.00
6173,41114,100.00
6174,40507,100.00
6175,27393,0.00
6176,34261,100.00
6177,137125,0.00
6178,46609,0.00
6179,45482,0.00
6180,52337,0.00
6181,200260,0.00
6182,56899,0.00
6183,59028,0.00
6184,58135,0.00
6185,147270,0.00
6186,52653,0.00
6187,48299,0.00
6188,55337,0.00
6189,76669,0.00
6190,54281,0.00
6191,50388,0.00
6192,57329,0.00
6193,149635,0.00
6194,60037,0.00
6195,56088,0.00
6196,65374,0.00
6197,50970,0.00
6198,42280,100.00
6199,31611,0.00
6200,46947,50.00
6201,140869,0.00
6202,35887,50.00
6203,34368,100.00
6204,27466,100.00
6205,48627,0.00
6206,57256,100.00
6207,21434,0.00
6208,59823,100.00
6209,32492,0.00
6210,46978,100.00
6211,34223,0.00
6212,46530,100.00
6213,113921,0.00
6214,46153,100.00
6215,51860,0.00
6216,52903,0.00
6217,174411,0.00
6218,56885,0.00
6219,61350,0.00
6220,63554,0.00
6221,306922,0.00
6222,52655,0.00
6223,55281,0.00
6224,51715,0.00
6225,154435,0.00
6226,54154,0.00
6227,53354,0.00
6228,55755,0.00
6229,203021,0.00
6230,55865,0.00
6231,50412,0.00
6232,60021,0.00
6233,147326,0.00
6234,51975,0.00
6235,59467,0.00
6236,50442,0.00
6237,38759,50.00
6238,31926,0.00
6239,22216,50.00
6240,36510,0.00
6241,62454,66.67
6242,18364,0.00
6243,23159,100.00
6244,25436,100.00
6245,24256,100.00
6246,60871,0.00
6247,34590,50.00
6248,28219,0.00
6249,28380,50.00
6250,25646,0.00
6251,41101,0.00
6252,42772,0.00
6253,41467,0.00
6254,39720,0.00
6255,45377,0.00
6256,44607,0.00
6257,160757,0.00
6258,45872,0.00
6259,42441,0.00
6260,41796,0.00
6261,127991,0.00
6262,52684,0.00
6263,42576,0.00
6264,45553,0.00
6265,139131,0.00
6266,47495,0.00
6267,49553,0.00
6268,53661,0.00
6269,251926,0.00
6270,53591,100.00
6271,55631,50.00
6272,52019,0.00
6273,51936,66.67
6274,18487,0.00
6275,31156,100.00
6276,29437,100.00
6277,29239,0.00
6278,44101,100.00
6279,32112,100.00
6280,30683,100.00
6281,45291,0.00
6282,45956,100.00
6283,28675,0.00
6284,44698,0.00
6285,94826,0.00
6286,48984,0.00
6287,48288,0.00
6288,49911,0.00
6289,49145,0.00
6290,50116,0.00
6291,54048,0.00
6292,50600,0.00
6293,63729,0.00
6294,61498,0.00
6295,62613,0.00
6296,57914,0.00
6297,178465,0.00
6298,53515,0.00
6299,50797,0.00
6300,49491,0.00
6301,150937,0.00
6302,46993,0.00
6303,48312,0.00
6304,54964,0.00
6305,109429,0.00
6306,60215,100.00
6307,35773,0.00
6308,37006,100.00
6309,27405,100.00
6310,45454,100.00
6311,26862,0.00
6312,36481,100.00
6313,34453,100.00
6314,27660,100.00
6315,21618,100.00
6316,24054,100.00
6317,23647,100.00
6318,36663,100.00
6319,35888,0.00
6320,39950,0.00
6321,150847,0.00
6322,49111,0.00
6323,47923,0.00
6324,53902,0.00
6325,192982,0.00
6326,46207,0.00
6327,42622,0.00
6328,45734,0.00
6329,177335,0.00
6330,45625,0.00
6331,44533,0.00
6332,49149,0.00
6333,60683,0.00
6334,59239,0.00
6335,50707,0.00
6336,45233,0.00
6337,41834,0.00
6338,43480,0.00
6339,56455,0.00
6340,45530,0.00
6341,115983,0.00
6342,44617,0.00
6343,47399,0.00
6344,45629,0.00
6345,136454,0.00
6346,50174,50.00
6347,41337,100.00
6348,46106,100.00
6349,33576,0.00
6350,36689,100.00
6351,20986,0.00
6352,38041,100.00
6353,30734,0.00
6354,29834,100.00
6355,32356,0.00
6356,29885,50.00
6357,21796,0.00
6358,17170,50.00
6359,57117,0.00
6360,52172,0.00
6361,208565,0.00
6362,49947,0.00
6363,49287,0.00
6364,54425,0.00
6365,122928,0.00
6366,45769,0.00
6367,44782,0.00
6368,43087,0.00
6369,126670,0.00
6370,51743,0.00
6371,49044,0.00
6372,61797,0.00
6373,192014,0.00
6374,51469,0.00
6375,49010,0.00
6376,46346,0.00
6377,42904,0.00
6378,55656,0.00
6379,31720,50.00
6380,29262,0.00
6381,35150,50.00
6382,45495,0.00
6383,45085,50.00
6384,30508,0.00
6385,25850,50.00
6386,42457,100.00
6387,23062,0.00
6388,27619,0.00
6389,37382,100.00
6390,19846,50.00
6391,15477,0.00
6392,14848,0.00
6393,19507,100.00
6394,27884,50.00
6395,36101,0.00
6396,38066,0.00
6397,101521,0.00
6398,59489,0.00
6399,48712,0.00
6400,53081,0.00
6401,182543,0.00
6402,52156,0.00
6403,51001,0.00
6404,56983,0.00
6405,121881,0.00
6406,52156,0.00
6407,60313,0.00
6408,54908,0.00
6409,119578,0.00
6410,52974,0.00
6411,49459,0.00
6412,59378,0.00
6413,99535,100.00
6414,36923,50.00
6415,28700,0.00
6416,30032,0.00
6417,26438,100.00
6418,34476,50.00
6419,52121,0.00
6420,29353,0.00
6421,26376,100.00
6422,34281,100.00
6423,25349,0.00
6424,39699,50.00
6425,47114,0.00
6426,36062,50.00
6427,51100,0.00
6428,55514,0.00
6429,124995,0.00
6430,51102,0.00
6431,65425,0.00
6432,56026,0.00
6433,194725,0.00
6434,55801,0.00
6435,62876,0.00
6436,59299,0.00
6437,181474,0.00
6438,53186,0.00
6439,48465,0.00
6440,43486,0.00
6441,197456,0.00
6442,49635,50.00
6443,37625,0.00
6444,34714,0.00
6445,35004,100.00
6446,58428,50.00
6447,48064,100.00
6448,25443,0.00
6449,32417,100.00
6450,40840,100.00
6451,29999,0.00
6452,34768,100.00
6453,33031,100.00
6454,21431,100.00
6455,13787,0.00
6456,17274,100.00
6457,29407,0.00
6458,23641,100.00
6459,44010,0.00
6460,44167,0.00
6461,187974,0.00
6462,54262,0.00
6463,56072,0.00
6464,58671,0.00
6465,55169,0.00
6466,53549,0.00
6467,54448,0.00
6468,56907,0.00
6469,131048,0.00
6470,56761,0.00
6471,69424,0.00
6472,72375,0.00
6473,174212,0.00
6474,60390,0.00
6475,58892,0.00
6476,69780,0.00
6477,149463,0.00
6478,56146,0.00
6479,63028,0.00
6480,59534,0.00
6481,214809,0.00
6482,43993,50.00
6483,40525,0.00
6484,32513,0.00
6485,35331,50.00
6486,56221,100.00
6487,27812,0.00
6488,39997,100.00
6489,31984,0.00
6490,29982,100.00
6491,38324,100.00
6492,43292,100.00
6493,41052,0.00
6494,39297,50.00
6495,55794,0.00
6496,60213,0.00
6497,196239,0.00
6498,59817,0.00
6499,58864,0.00
6500,61667,0.00
6501,193834,0.00
6502,59084,0.00
6503,56935,0.00
6504,55271,0.00
6505,206895,0.00
6506,55831,0.00
6507,54470,0.00
6508,69304,0.00
6509,230336,0.00
6510,52043,0.00
6511,63709,0.00
6512,58106,0.00
6513,227862,0.00
6514,46142,50.00
6515,32432,0.00
6516,30413,50.00
6517,38246,0.00
6518,58393,50.00
6519,30622,0.00
6520,32108,50.00
6521,33197,0.00
6522,41362,50.00
6523,63020,100.00
6524,47688,0.00
6525,133704,0.00
6526,40833,50.00
6527,23886,0.00
6528,36049,50.00
6529,36984,0.00
6530,55429,50.00
6531,52833,0.00
6532,28775,50.00
6533,99768,0.00
6534,48246,0.00
6535,47413,0.00
6536,52921,0.00
6537,120494,0.00
6538,48082,0.00
6539,48476,0.00
6540,68983,0.00
6541,218408,0.00
6542,52503,0.00
6543,56673,0.00
6544,67278,0.00
6545,172116,0.00
6546,63353,0.00
6547,66617,50.00
6548,40193,0.00
6549,40653,0.00
6550,35639,100.00
6551,30274,50.00
6552,47801,0.00
6553,45361,0.00
6554,40792,100.00
6555,38395,66.67
6556,24262,0.00
6557,26345,100.00
6558,38363,100.00
6559,43470,0.00
6560,33714,50.00
6561,28410,0.00
6562,29057,50.00
6563,25366,0.00
6564,39966,50.00
6565,125062,0.00
6566,47559,0.00
6567,48778,0.00
6568,49270,0.00
6569,215102,0.00
6570,64395,0.00
6571,60035,0.00
6572,121957,0.00
6573,151872,0.00
6574,57570,0.00
6575,62873,0.00
6576,58064,0.00
6577,164576,0.00
6578,51622,0.00
6579,49228,0.00
6580,55298,0.00
6581,200480,0.00
6582,58047,0.00
6583,60459,0.00
6584,64176,0.00
6585,153202,100.00
6586,40815,50.00
6587,26727,0.00
6588,23216,0.00
6589,25954,100.00
6590,55302,100.00
6591,25418,0.00
6592,38132,100.00
6593,24220,0.00
6594,23973,100.00
6595,21630,0.00
6596,44858,100.00
6597,36923,0.00
6598,50998,0.00
6599,54421,0.00
6600,56773,0.00
6601,216724,0.00
6602,67624,0.00
6603,52607,0.00
6604,53638,0.00
6605,145304,0.00
6606,55650,0.00
6607,60318,0.00
6608,56585,0.00
6609,178137,0.00
6610,59061,0.00
6611,58911,0.00
6612,80814,0.00
6613,157806,0.00
6614,57977,0.00
6615,62630,50.00
6616,42443,0.00
6617,31923,0.00
6618,35408,50.00
6619,49292,100.00
6620,53375,0.00
6621,27301,100.00
6622,35348,100.00
6623,20300,0.00
6624,55617,0.00
6625,48204,100.00
6626,36240,100.00
6627,29821,50.00
6628,31274,0.00
6629,30314,50.00
6630,36998,0.00
6631,44962,0.00
6632,41724,0.00
6633,44314,0.00
6634,60925,0.00
6635,63462,0.00
6636,57788,0.00
6637,241040,0.00
6638,58222,0.00
6639,52547,0.00
6640,52437,0.00
6641,156803,0.00
6642,56339,0.00
6643,62001,0.00
6644,56284,0.00
6645,161294,0.00
6646,53298,0.00
6647,58901,0.00
6648,56732,0.00
6649,211557,0.00
6650,59017,0.00
6651,54277,0.00
6652,64156,0.00
6653,161975,100.00
6654,38664,50.00
6655,35189,0.00
6656,32019,0.00
6657,28708,100.00
6658,52113,100.00
6659,22392,0.00
6660,30088,100.00
6661,22913,0.00
6662,24944,100.00
6663,30928,100.00
6664,37762,0.00
6665,17272,100.00
6666,45571,0.00
6667,50641,0.00
6668,48156,0.00
6669,59470,0.00
6670,54713,0.00
6671,56931,0.00
6672,65814,0.00
6673,163570,0.00
6674,61340,0.00
6675,57873,0.00
6676,59923,0.00
6677,199305,0.00
6678,50293,0.00
6679,55051,0.00
6680,48439,0.00
6681,68886,0.00
6682,53871,0.00
6683,65441,0.00
6684,53446,0.00
6685,40207,0.00
6686,30695,100.00
6687,44853,50.00
6688,56345,0.00
6689,47675,0.00
6690,58204,100.00
6691,22086,0.00
6692,24337,100.00
6693,60346,100.00
6694,43603,100.00
6695,57046,50.00
6696,18640,0.00
6697,45694,0.00
6698,25483,100.00
6699,19233,0.00
6700,35177,100.00
6701,39735,0.00
6702,54790,0.00
6703,54950,0.00
6704,62439,0.00
6705,176850,0.00
6706,52466,0.00
6707,51804,0.00
6708,52782,0.00
6709,225628,0.00
6710,61640,0.00
6711,54823,0.00
6712,60022,0.00
6713,217195,0.00
6714,56773,0.00
6715,58035,0.00
6716,72908,0.00
6717,237834,0.00
6718,59225,0.00
6719,69253,0.00
6720,65989,50.00
6721,42876,0.00
6722,37619,50.00
6723,24106,0.00
6724,23168,50.00
6725,34158,0.00
6726,56606,50.00
6727,38754,0.00
6728,39445,50.00
6729,155725,0.00
6730,69478,50.00
6731,32032,0.00
6732,36972,0.00
6733,46146,100.00
6734,55335,50.00
6735,28179,0.00
6736,55823,0.00
6737,184441,0.00
6738,59561,0.00
6739,56972,0.00
6740,57194,0.00
6741,165565,0.00
6742,60226,0.00
6743,59373,0.00
6744,55072,0.00
6745,169061,0.00
6746,54549,0.00
6747,59488,0.00
6748,58269,0.00
6749,193916,0.00
6750,57021,100.00
6751,34624,0.00
6752,39696,100.00
6753,42106,0.00
6754,69471,100.00
6755,25510,0.00
6756,51217,100.00
6757,23652,0.00
6758,24359,100.00
6759,29374,100.00
6760,26415,100.00
6761,52067,0.00
6762,59796,100.00
6763,49711,0.00
6764,40844,0.00
6765,206509,0.00
6766,54315,0.00
6767,53821,0.00
6768,56650,0.00
6769,242920,0.00
6770,62738,0.00
6771,56466,0.00
6772,60449,0.00
6773,228773,0.00
6774,60153,0.00
6775,65380,0.00
6776,61855,0.00
6777,243362,0.00
6778,53143,0.00
6779,52555,0.00
6780,57530,0.00
6781,240981,0.00
6782,49496,0.00
6783,58114,0.00
6784,52715,0.00
6785,127608,0.00
6786,52255,0.00
6787,59589,0.00
6788,68590,0.00
6789,222825,0.00
6790,55797,0.00
6791,53594,0.00
6792,57764,0.00
6793,75392,100.00
6794,49355,100.00
6795,19361,0.00
6796,27720,100.00
6797,24730,100.00
6798,49163,100.00
6799,41646,100.00
6800,46753,100.00
6801,103250,100.00
6802,36161,50.00
6803,25853,0.00
6804,39152,0.00
6805,41306,100.00
6806,47180,0.00
6807,44646,0.00
6808,47493,0.00
6809,135465,0.00
6810,52224,0.00
6811,59506,0.00
6812,72243,0.00
6813,191479,0.00
6814,56906,0.00
6815,52374,0.00
6816,49227,0.00
6817,138784,0.00
6818,50395,0.00
6819,48635,0.00
6820,49460,0.00
6821,202764,0.00
6822,41554,50.00
6823,27971,0.00
6824,38570,0.00
6825,126115,50.00
6826,43678,100.00
6827,34889,0.00
6828,26422,0.00
6829,32218,50.00
6830,42015,100.00
6831,41173,0.00
6832,58938,0.00
6833,212857,0.00
6834,58042,0.00
6835,61846,100.00
6836,31904,0.00
6837,33748,100.00
6838,28497,0.00
6839,32034,50.00
6840,52186,0.00
6841,43343,50.00
6842,41619,0.00
6843,33275,0.00
6844,70257,0.00
6845,192944,0.00
6846,60611,0.00
6847,59396,0.00
6848,57572,0.00
6849,188098,0.00
6850,46498,0.00
6851,50088,0.00
6852,50992,0.00
6853,199861,0.00
6854,57628,50.00
6855,37923,0.00
6856,33700,50.00
6857,28373,0.00
6858,28766,50.00
6859,35462,0.00
6860,43593,50.00
6861,33815,0.00
6862,32011,50.00
6863,32530,0.00
6864,45042,0.00
6865,154099,0.00
6866,64736,50.00
6867,54930,0.00
6868,46348,0.00
6869,49729,100.00
6870,38815,50.00
6871,28839,0.00
6872,24537,0.00
6873,26801,100.00
6874,27470,50.00
6875,41570,0.00
6876,44807,0.00
6877,215899,0.00
6878,56663,0.00
6879,55490,0.00
6880,58751,0.00
6881,137090,0.00
6882,53479,0.00
6883,48202,0.00
6884,50145,0.00
6885,172898,0.00
6886,64492,0.00
6887,64880,0.00
6888,59303,0.00
6889,131155,100.00
6890,39423,50.00
6891,28730,0.00
6892,23747,0.00
6893,28384,100.00
6894,53867,50.00
6895,61541,0.00
6896,47803,100.00
6897,26292,0.00
6898,38944,50.00
6899,30755,100.00
6900,36462,0.00
6901,116124,0.00
6902,50721,50.00
6903,50195,0.00
6904,55867,0.00
6905,157152,0.00
6906,56140,0.00
6907,59143,0.00
6908,61482,0.00
6909,64665,0.00
6910,60540,0.00
6911,61483,0.00
6912,59099,0.00
6913,341980,0.00
6914,60439,0.00
6915,48965,0.00
6916,66447,0.00
6917,143412,0.00
6918,68095,50.00
6919,48752,0.00
6920,31414,0.00
6921,34502,50.00
6922,48573,100.00
6923,37778,0.00
6924,39649,100.00
6925,33271,0.00
6926,45470,100.00
6927,24105,100.00
6928,23443,100.00
6929,26923,0.00
6930,39565,100.00
6931,23729,0.00
6932,27388,0.00
6933,46002,100.00
6934,52005,0.00
6935,50004,0.00
6936,56563,0.00
6937,183528,0.00
6938,57340,0.00
6939,58426,0.00
6940,50303,0.00
6941,158931,0.00
6942,49728,0.00
6943,48873,0.00
6944,51006,0.00
6945,130927,0.00
6946,54077,0.00
6947,52201,0.00
6948,57065,0.00
6949,131148,0.00
6950,56786,0.00
6951,54356,0.00
6952,56550,0.00
6953,254261,0.00
6954,53604,0.00
6955,57689,0.00
6956,59302,0.00
6957,153960,0.00
6958,64784,0.00
6959,62370,100.00
6960,37623,0.00
6961,30004,100.00
6962,33397,100.00
6963,18008,0.00
6964,22812,100.00
6965,25599,100.00
6966,49366,100.00
6967,45875,100.00
6968,39190,100.00
6969,22769,100.00
6970,31618,100.00
6971,53104,0.00
6972,53286,0.00
6973,147043,0.00
6974,52988,0.00
6975,56525,0.00
6976,50457,0.00
6977,136294,0.00
6978,51538,0.00
6979,61664,0.00
6980,49979,0.00
6981,174134,0.00
6982,53297,0.00
6983,54424,0.00
6984,51730,0.00
6985,195681,0.00
6986,57384,0.00
6987,52561,0.00
6988,58024,0.00
6989,152558,0.00
6990,64873,0.00
6991,38352,0.00
6992,28448,100.00
6993,30725,0.00
6994,30761,100.00
6995,50739,0.00
6996,33724,100.00
6997,25807,0.00
6998,25072,100.00
6999,41078,100.00
7000,49130,0.00
7001,44900,0.00
7002,45034,100.00
7003,24978,0.00
7004,22397,100.00
7005,20269,0.00
7006,31468,100.00
7007,40096,0.00
7008,35285,100.00
7009,197478,0.00
7010,50370,0.00
7011,54426,0.00
7012,51187,0.00
7013,127399,0.00
7014,52764,0.00
7015,53755,0.00
7016,55039,0.00
7017,136537,0.00
7018,53609,0.00
7019,47131,0.00
7020,53612,0.00
7021,53275,0.00
7022,49128,0.00
7023,45729,0.00
7024,64281,0.00
7025,40775,50.00
7026,46641,100.00
7027,26695,0.00
7028,25317,0.00
7029,33152,50.00
7030,56868,100.00
7031,40416,0.00
7032,30037,0.00
7033,22869,50.00
7034,53504,0.00
7035,27374,50.00
7036,33355,0.00
7037,37959,0.00
7038,45210,100.00
7039,29504,50.00
7040,37244,0.00
7041,36390,0.00
7042,52791,0.00
7043,53164,0.00
7044,48561,0.00
7045,131826,0.00
7046,52605,0.00
7047,56132,0.00
7048,55027,0.00
7049,145090,0.00
7050,49864,0.00
7051,50607,0.00
7052,47706,0.00
7053,119014,0.00
7054,36814,50.00
7055,36215,0.00
7056,36694,50.00
7057,52569,100.00
7058,50506,100.00
7059,18583,0.00
7060,37045,100.00
7061,23162,100.00
7062,25881,100.00
7063,24703,100.00
7064,39704,100.00
7065,39327,100.00
7066,31054,100.00
7067,35517,0.00
7068,24921,50.00
7069,51711,0.00
7070,54760,0.00
7071,54340,0.00
7072,48515,0.00
7073,110180,0.00
7074,50973,0.00
7075,45690,0.00
7076,44653,0.00
7077,123530,0.00
7078,61016,0.00
7079,63585,0.00
7080,57783,0.00
7081,204184,0.00
7082,51626,0.00
7083,48780,0.00
7084,53543,0.00
7085,43607,0.00
7086,51213,0.00
7087,51571,0.00
7088,52736,0.00
7089,202122,0.00
7090,52013,0.00
7091,55676,0.00
7092,53975,0.00
7093,136467,0.00
7094,55644,0.00
7095,58917,0.00
7096,69056,0.00
7097,52078,0.00
7098,34837,100.00
7099,26970,100.00
7100,24452,0.00
7101,28198,100.00
7102,40182,100.00
7103,44184,100.00
7104,44487,100.00
7105,30857,100.00
7106,23743,100.00
7107,38594,50.00
7108,36247,0.00
7109,194986,0.00
7110,57134,0.00
7111,49475,0.00
7112,50808,0.00
7113,145609,0.00
7114,47719,0.00
7115,55839,0.00
7116,48440,0.00
7117,155726,0.00
7118,53504,0.00
7119,52929,0.00
7120,47629,0.00
7121,136659,0.00
7122,45156,0.00
7123,57535,0.00
7124,47939,0.00
7125,175797,0.00
7126,56828,50.00
7127,41986,0.00
7128,34637,0.00
7129,36611,100.00
7130,53905,50.00
7131,44857,0.00
7132,34349,0.00
7133,29136,100.00
7134,33766,50.00
7135,43341,0.00
7136,39748,100.00
7137,47983,0.00
7138,32243,100.00
7139,24769,0.00
7140,23752,100.00
7141,23673,0.00
7142,30138,100.00
7143,40162,0.00
7144,31572,100.00
7145,26482,0.00
7146,32146,100.00
7147,49242,0.00
7148,50073,0.00
7149,179846,0.00
7150,62158,0.00
7151,70809,0.00
7152,59118,0.00
7153,229019,0.00
7154,56890,0.00
7155,59168,0.00
7156,59889,0.00
7157,100605,0.00
7158,48034,0.00
7159,55225,0.00
7160,49409,0.00
7161,198079,0.00
7162,42389,0.00
7163,33763,50.00
7164,28101,0.00
7165,31436,50.00
7166,49640,0.00
7167,47019,50.00
7168,36166,0.00
7169,31503,50.00
7170,37347,0.00
7171,45736,50.00
7172,32775,0.00
7173,122956,50.00
7174,34011,0.00
7175,25521,50.00
7176,23342,0.00
7177,23948,50.00
7178,28034,0.00
7179,44216,50.00
7180,48865,0.00
7181,196495,0.00
7182,165311,0.00
7183,50585,0.00
7184,53286,0.00
7185,189780,0.00
7186,43230,0.00
7187,44003,0.00
7188,45904,0.00
7189,128575,0.00
7190,58886,0.00
7191,48705,0.00
7192,47618,0.00
7193,100922,0.00
7194,56906,100.00
7195,49550,0.00
7196,33946,0.00
7197,28507,50.00
7198,27734,100.00
7199,30399,0.00
7200,52370,100.00
7201,29360,0.00
7202,27778,100.00
7203,19744,100.00
7204,37106,0.00
7205,31270,100.00
7206,44059,50.00
7207,26963,0.00
7208,38566,0.00
7209,53155,0.00
7210,51188,0.00
7211,57208,0.00
7212,53561,0.00
7213,187436,0.00
7214,52087,0.00
7215,54246,0.00
7216,53910,0.00
7217,191566,0.00
7218,59742,0.00
7219,55484,0.00
7220,54624,0.00
7221,130636,0.00
7222,49490,0.00
7223,44209,0.00
7224,47510,0.00
7225,59635,0.00
7226,43972,100.00
7227,28745,50.00
7228,37466,0.00
7229,127166,0.00
7230,60144,100.00
7231,22685,0.00
7232,22667,100.00
7233,53991,100.00
7234,50872,100.00
7235,24640,0.00
7236,21067,100.00
7237,14801,0.00
7238,14225,100.00
7239,17719,0.00
7240,33655,100.00
7241,119008,0.00
7242,50413,0.00
7243,56650,0.00
7244,76770,0.00
7245,195925,0.00
7246,54865,0.00
7247,56558,0.00
7248,50498,0.00
7249,186808,0.00
7250,59162,0.00
7251,58029,0.00
7252,53320,0.00
7253,133142,0.00
7254,48848,0.00
7255,51051,0.00
7256,63423,0.00
7257,151176,0.00
7258,55424,0.00
7259,49294,0.00
7260,44877,0.00
7261,174519,0.00
7262,56271,0.00
7263,29682,50.00
7264,31428,0.00
7265,44824,0.00
7266,42842,100.00
7267,23879,0.00
7268,24157,100.00
7269,55622,100.00
7270,46512,100.00
7271,40822,0.00
7272,49667,100.00
7273,148193,100.00
7274,29437,100.00
7275,45690,0.00
7276,48522,0.00
7277,125244,0.00
7278,50855,0.00
7279,46077,0.00
7280,48410,0.00
7281,55846,0.00
7282,53043,0.00
7283,54705,0.00
7284,55046,0.00
7285,201992,0.00
7286,52032,0.00
7287,54873,0.00
7288,57872,0.00
7289,190378,0.00
7290,52926,0.00
7291,60964,0.00
7292,55681,0.00
7293,209309,0.00
7294,74870,0.00
7295,64062,100.00
7296,40638,0.00
7297,103564,0.00
7298,36718,50.00
7299,62185,100.00
7300,43176,0.00
7301,37560,100.00
7302,38852,100.00
7303,28058,0.00
7304,57172,100.00
7305,45915,100.00
7306,30451,50.00
7307,18203,0.00
7308,19271,0.00
7309,21776,100.00
7310,31363,50.00
7311,31971,0.00
7312,21930,0.00
7313,82463,0.00
7314,50411,0.00
7315,47312,0.00
7316,54114,0.00
7317,169725,0.00
7318,58268,0.00
7319,49916,0.00
7320,46225,0.00
7321,152992,0.00
7322,56199,0.00
7323,54425,0.00
7324,65759,0.00
7325,249732,0.00
7326,60533,0.00
7327,60114,0.00
7328,58197,0.00
7329,240162,0.00
7330,62257,0.00
7331,68626,0.00
7332,68049,50.00
7333,35754,0.00
7334,27149,50.00
7335,22727,0.00
7336,27686,50.00
7337,36958,0.00
7338,54736,50.00
7339,24445,0.00
7340,25132,100.00
7341,22429,100.00
7342,42721,50.00
7343,43535,0.00
7344,49378,50.00
7345,30856,0.00
7346,25484,50.00
7347,24206,0.00
7348,56043,50.00
7349,213366,0.00
7350,53841,0.00
7351,51633,0.00
7352,52741,0.00
7353,209623,0.00
7354,54979,0.00
7355,51585,0.00
7356,74646,0.00
7357,216785,0.00
7358,59724,0.00
7359,55455,0.00
7360,59596,0.00
7361,237078,0.00
7362,68708,0.00
7363,60482,0.00
7364,60167,0.00
7365,238247,0.00
7366,70339,0.00
7367,46329,100.00
7368,46646,50.00
7369,30429,0.00
7370,57730,100.00
7371,19575,0.00
7372,20416,100.00
7373,23329,0.00
7374,25327,100.00
7375,48373,100.00
7376,42720,100.00
7377,35774,0.00
7378,43673,100.00
7379,28268,0.00
7380,60563,0.00
7381,163829,0.00
7382,46482,0.00
7383,48918,0.00
7384,54075,0.00
7385,201023,0.00
7386,53539,0.00
7387,52490,0.00
7388,53592,0.00
7389,203969,0.00
7390,56834,0.00
7391,56753,0.00
7392,55330,0.00
7393,213233,0.00
7394,65998,0.00
7395,71454,0.00
7396,55188,0.00
7397,151095,0.00
7398,48866,0.00
7399,48556,0.00
7400,49709,0.00
7401,118434,0.00
7402,49955,0.00
7403,46963,0.00
7404,48078,0.00
7405,170653,0.00
7406,52192,0.00
7407,32958,100.00
7408,32525,100.00
7409,28756,0.00
7410,45588,100.00
7411,31435,0.00
7412,42439,100.00
7413,38949,0.00
7414,28958,100.00
7415,22574,100.00
7416,24908,100.00
7417,28317,0.00
7418,24907,50.00
7419,49855,0.00
7420,53086,0.00
7421,189660,0.00
7422,43746,0.00
7423,42391,0.00
7424,40270,0.00
7425,137785,0.00
7426,47706,0.00
7427,42589,0.00
7428,44395,0.00
7429,41640,0.00
7430,49076,0.00
7431,48320,0.00
7432,52458,0.00
7433,151485,0.00
7434,57151,0.00
7435,59898,0.00
7436,51243,0.00
7437,249621,0.00
7438,57349,0.00
7439,57571,0.00
7440,52612,0.00
7441,150094,0.00
7442,52359,0.00
7443,63234,50.00
7444,54018,0.00
7445,145222,0.00
7446,37688,50.00
7447,62428,100.00
7448,32531,0.00
7449,32261,100.00
7450,29083,100.00
7451,37359,100.00
7452,36414,100.00
7453,25046,100.00
7454,36455,0.00
7455,40834,50.00
7456,30977,0.00
7457,29065,50.00
7458,41306,0.00
7459,49242,0.00
7460,42829,0.00
7461,40579,0.00
7462,41177,0.00
7463,49831,0.00
7464,47398,0.00
7465,157781,0.00
7466,54329,0.00
7467,50967,0.00
7468,51795,0.00
7469,168726,0.00
7470,53420,0.00
7471,53748,0.00
7472,49491,0.00
7473,142625,0.00
7474,47162,0.00
7475,50984,0.00
7476,57127,0.00
7477,179519,0.00
7478,62452,0.00
7479,33911,100.00
7480,29352,0.00
7481,27353,100.00
7482,48484,0.00
7483,41857,100.00
7484,26512,0.00
7485,30191,100.00
7486,38767,100.00
7487,23453,0.00
7488,50624,100.00
7489,43944,0.00
7490,32172,50.00
7491,24558,0.00
7492,21630,50.00
7493,30759,0.00
7494,46597,50.00
7495,48318,0.00
7496,46839,0.00
7497,196707,0.00
7498,50226,0.00
7499,51168,0.00
7500,40938,0.00
7501,157387,0.00
7502,47626,0.00
7503,50163,0.00
7504,47713,0.00
7505,172088,0.00
7506,46675,0.00
7507,66655,0.00
7508,59465,0.00
7509,201495,0.00
7510,55779,0.00
7511,53301,0.00
7512,58195,0.00
7513,154753,0.00
7514,50753,100.00
7515,31297,50.00
7516,27777,0.00
7517,24586,0.00
7518,45344,100.00
7519,24681,0.00
7520,42259,100.00
7521,29791,100.00
7522,30510,100.00
7523,22794,0.00
7524,42375,50.00
7525,47475,100.00
7526,36718,0.00
7527,40400,0.00
7528,57316,0.00
7529,164114,0.00
7530,60222,0.00
7531,55877,0.00
7532,63066,0.00
7533,148650,0.00
7534,56683,0.00
7535,63493,0.00
7536,52525,0.00
7537,149194,0.00
7538,50834,0.00
7539,63078,0.00
7540,48829,0.00
7541,145668,0.00
7542,57535,0.00
7543,59132,0.00
7544,67655,0.00
7545,50538,0.00
7546,33214,100.00
7547,30276,50.00
7548,28920,0.00
7549,133760,0.00
7550,35671,100.00
7551,30466,50.00
7552,40041,100.00
7553,30491,100.00
7554,61145,100.00
7555,20950,0.00
7556,43606,100.00
7557,31400,0.00
7558,18905,50.00
7559,12298,0.00
7560,18280,50.00
7561,33101,0.00
7562,36941,50.00
7563,40062,0.00
7564,52325,0.00
7565,203281,0.00
7566,51389,0.00
7567,56330,0.00
7568,56817,0.00
7569,224795,0.00
7570,78927,0.00
7571,56944,0.00
7572,58850,0.00
7573,215313,0.00
7574,53759,0.00
7575,56960,0.00
7576,58326,0.00
7577,128370,0.00
7578,51116,0.00
7579,51812,0.00
7580,51955,0.00
7581,205267,0.00
7582,55117,0.00
7583,59079,0.00
7584,37728,0.00
7585,37765,50.00
7586,42010,100.00
7587,22200,0.00
7588,25609,100.00
7589,35088,0.00
7590,44361,100.00
7591,31619,100.00
7592,37278,100.00
7593,39853,0.00
7594,42929,100.00
7595,46281,0.00
7596,51776,0.00
7597,177486,0.00
7598,56209,0.00
7599,69448,0.00
7600,54615,0.00
7601,207018,0.00
7602,50819,0.00
7603,58000,0.00
7604,55992,0.00
7605,76278,0.00
7606,59355,0.00
7607,54702,0.00
7608,65090,0.00
7609,188381,0.00
7610,53457,0.00
7611,55164,0.00
7612,57333,0.00
7613,151992,0.00
7614,55914,0.00
7615,45727,0.00
7616,47889,0.00
7617,34208,100.00
7618,31442,50.00
7619,32127,0.00
7620,56080,0.00
7621,39918,100.00
7622,52203,66.67
7623,23898,0.00
7624,44623,100.00
7625,44808,0.00
7626,43253,100.00
7627,49189,0.00
7628,24515,100.00
7629,21754,0.00
7630,27963,100.00
7631,38594,0.00
7632,35927,100.00
7633,35488,0.00
7634,51735,50.00
7635,53816,0.00
7636,50791,0.00
7637,210053,0.00
7638,47504,0.00
7639,58715,0.00
7640,55493,0.00
7641,177925,0.00
7642,47743,0.00
7643,51605,0.00
7644,44763,0.00
7645,127668,0.00
7646,50321,0.00
7647,50353,0.00
7648,51054,0.00
7649,207931,0.00
7650,44333,0.00
7651,47114,0.00
7652,49497,0.00
7653,193282,0.00
7654,62078,0.00
7655,39942,0.00
7656,36880,100.00
7657,28697,0.00
7658,28090,100.00
7659,28654,0.00
7660,47477,100.00
7661,39601,100.00
7662,32525,100.00
7663,20784,0.00
7664,31234,100.00
7665,45633,0.00
7666,27817,100.00
7667,25241,0.00
7668,36939,100.00
7669,28880,0.00
7670,32713,100.00
7671,47911,0.00
7672,51014,0.00
7673,179764,0.00
7674,48266,0.00
7675,45316,0.00
7676,47946,0.00
7677,134559,0.00
7678,46278,0.00
7679,50469,0.00
7680,60695,0.00
7681,118028,0.00
7682,51439,0.00
7683,46972,0.00
7684,48476,0.00
7685,154427,0.00
7686,45644,0.00
7687,45143,0.00
7688,60325,0.00
7689,126973,0.00
7690,57778,100.00
7691,46123,0.00
7692,42816,100.00
7693,30764,0.00
7694,39225,100.00
7695,55853,0.00
7696,59775,100.00
7697,181836,0.00
7698,62251,100.00
7699,43860,100.00
7700,40475,100.00
7701,39023,0.00
7702,59459,50.00
7703,24545,100.00
7704,46819,0.00
7705,111282,0.00
7706,58361,0.00
7707,45942,0.00
7708,62281,0.00
7709,139872,0.00
7710,55032,0.00
7711,49638,0.00
7712,53969,0.00
7713,142781,0.00
7714,60813,0.00
7715,59019,0.00
7716,59519,0.00
7717,137288,0.00
7718,54599,0.00
7719,66431,0.00
7720,65974,0.00
7721,148005,0.00
7722,53492,0.00
7723,46308,0.00
7724,48433,0.00
7725,199048,0.00
7726,48032,0.00
7727,51314,0.00
7728,56305,0.00
7729,172952,0.00
7730,66077,66.67
7731,24057,0.00
7732,24926,0.00
7733,28702,100.00
7734,55947,100.00
7735,47160,100.00
7736,42307,0.00
7737,25373,100.00
7738,22383,100.00
7739,24837,100.00
7740,31107,0.00
7741,37454,100.00
7742,45630,50.00
7743,59523,0.00
7744,50485,0.00
7745,197954,0.00
7746,55945,0.00
7747,59911,0.00
7748,51028,0.00
7749,195707,0.00
7750,55828,0.00
7751,51523,0.00
7752,63586,0.00
7753,199824,0.00
7754,53221,0.00
7755,45183,0.00
7756,42346,0.00
7757,44510,0.00
7758,46823,0.00
7759,45435,0.00
7760,59656,0.00
7761,145850,0.00
7762,47799,0.00
7763,57523,0.00
7764,50569,0.00
7765,136068,0.00
7766,52851,0.00
7767,68567,0.00
7768,63723,0.00
7769,67526,0.00
7770,61551,100.00
7771,22524,0.00
7772,28529,100.00
7773,25898,100.00
7774,26855,100.00
7775,43117,0.00
7776,35648,100.00
7777,23453,100.00
7778,29171,50.00
7779,22801,0.00
7780,16128,50.00
7781,17946,0.00
7782,36156,0.00
7783,42259,0.00
7784,48389,0.00
7785,60849,0.00
7786,51547,0.00
7787,52721,0.00
7788,52326,0.00
7789,144325,0.00
7790,52397,0.00
7791,54074,0.00
7792,51549,0.00
7793,158520,0.00
7794,44930,0.00
7795,46000,0.00
7796,58249,0.00
7797,148054,0.00
7798,55219,0.00
7799,52769,0.00
7800,55753,0.00
7801,52339,100.00
7802,38092,50.00
7803,29977,0.00
7804,33690,0.00
7805,123226,100.00
7806,43073,50.00
7807,39919,0.00
7808,33135,0.00
7809,30558,100.00
7810,44728,100.00
7811,29057,0.00
7812,40786,100.00
7813,27245,0.00
7814,24749,100.00
7815,22997,0.00
7816,25672,100.00
7817,36828,0.00
7818,40401,100.00
7819,33279,0.00
7820,30838,0.00
7821,34630,0.00
7822,45385,0.00
7823,61427,0.00
7824,53842,0.00
7825,149952,0.00
7826,59240,0.00
7827,54313,0.00
7828,51883,0.00
7829,187208,0.00
7830,47172,0.00
7831,52923,0.00
7832,55284,0.00
7833,236771,0.00
7834,52525,0.00
7835,65963,0.00
7836,56061,100.00
7837,42554,0.00
7838,33412,100.00
7839,28581,0.00
7840,26466,100.00
7841,38747,0.00
7842,53368,100.00
7843,35621,50.00
7844,31421,0.00
7845,22078,100.00
7846,42602,100.00
7847,37754,0.00
7848,55609,100.00
7849,37829,0.00
7850,50828,100.00
7851,55232,0.00
7852,42871,0.00
7853,40048,0.00
7854,50988,0.00
7855,47332,0.00
7856,55123,0.00
7857,183660,0.00
7858,48785,0.00
7859,51415,0.00
7860,51889,0.00
7861,49514,0.00
7862,45082,0.00
7863,50226,0.00
7864,50938,0.00
7865,137020,0.00
7866,34004,100.00
7867,34908,0.00
7868,34231,100.00
7869,71347,0.00
7870,51140,100.00
7871,23434,0.00
7872,23497,100.00
7873,56392,100.00
7874,49375,100.00
7875,30890,100.00
7876,57451,100.00
7877,45392,0.00
7878,44548,50.00
7879,18745,0.00
7880,27969,50.00
7881,30118,0.00
7882,46072,50.00
7883,38049,0.00
7884,66942,0.00
7885,133170,0.00
7886,50780,0.00
7887,45935,0.00
7888,48691,0.00
7889,181693,0.00
7890,47642,0.00
7891,51771,0.00
7892,51511,0.00
7893,137006,0.00
7894,46960,0.00
7895,52097,0.00
7896,61605,0.00
7897,158822,0.00
7898,56197,0.00
7899,51404,0.00
7900,66096,0.00
7901,130336,0.00
7902,50592,0.00
7903,53995,0.00
7904,42384,0.00
7905,160650,0.00
7906,59073,100.00
7907,33942,0.00
7908,31401,0.00
7909,33647,50.00
7910,68353,100.00
7911,26540,0.00
7912,34070,100.00
7913,31666,100.00
7914,28170,100.00
7915,46995,100.00
7916,43450,100.00
7917,39861,100.00
7918,50974,0.00
7919,52622,0.00
7920,53351,0.00
7921,207245,0.00
7922,50122,0.00
7923,51285,0.00
7924,59100,0.00
7925,108190,0.00
7926,49932,0.00
7927,44492,0.00
7928,60050,0.00
7929,76223,0.00
7930,57812,0.00
7931,49481,0.00
7932,48058,0.00
7933,192369,0.00
7934,48028,0.00
7935,47300,0.00
7936,52457,0.00
7937,138055,50.00
7938,42701,0.00
7939,27360,50.00
7940,38837,0.00
7941,124699,50.00
7942,32933,0.00
7943,25780,50.00
7944,26315,0.00
7945,32717,50.00
7946,39805,0.00
7947,47293,50.00
7948,46382,0.00
7949,39743,50.00
7950,26239,0.00
7951,23666,50.00
7952,22888,0.00
7953,29295,50.00
7954,47845,0.00
7955,23177,50.00
7956,30307,0.00
7957,41108,0.00
7958,45391,0.00
7959,46208,0.00
7960,37943,0.00
7961,41012,0.00
7962,42775,0.00
7963,48766,0.00
7964,36580,0.00
7965,39736,0.00
7966,58053,0.00
7967,40117,0.00
7968,49906,0.00
7969,202451,0.00
7970,57348,50.00
7971,33666,0.00
7972,31309,0.00
7973,26116,100.00
7974,30861,50.00
7975,42364,0.00
7976,40955,0.00
7977,30028,100.00
7978,37751,66.67
7979,21178,0.00
7980,32373,100.00
7981,22449,0.00
7982,41775,50.00
7983,15784,100.00
7984,15369,0.00
7985,13313,0.00
7986,13274,50.00
7987,18260,100.00
7988,44670,0.00
7989,155398,0.00
7990,56742,0.00
7991,57823,0.00
7992,56601,0.00
7993,148608,0.00
7994,58157,0.00
7995,50914,0.00
7996,47666,0.00
7997,171433,0.00
7998,47193,0.00
7999,50512,0.00
8000,66479,0.00
8001,163095,0.00
8002,48390,0.00
8003,41171,0.00
8004,44453,0.00
8005,158095,0.00
8006,55239,50.00
8007,48809,0.00
8008,50739,100.00
8009,30015,0.00
8010,32122,100.00
8011,30668,0.00
8012,37205,100.00
8013,24378,0.00
8014,43323,100.00
8015,32012,100.00
8016,25107,100.00
8017,38802,100.00
8018,42498,0.00
8019,48813,100.00
8020,39236,0.00
8021,103820,0.00
8022,42130,0.00
8023,45344,0.00
8024,50368,0.00
8025,131933,0.00
8026,56110,0.00
8027,57904,0.00
8028,68177,0.00
8029,187004,0.00
8030,62630,0.00
8031,54466,0.00
8032,61217,0.00
8033,114550,0.00
8034,53728,0.00
8035,57237,0.00
8036,57480,0.00
8037,125413,0.00
8038,68060,0.00
8039,34576,50.00
8040,29483,0.00
8041,33133,0.00
8042,49709,100.00
8043,52473,50.00
8044,26798,100.00
8045,26740,100.00
8046,52360,100.00
8047,23533,0.00
8048,42485,100.00
8049,33689,100.00
8050,30629,0.00
8051,22606,50.00
8052,23515,0.00
8053,26446,50.00
8054,53946,0.00
8055,47160,0.00
8056,52886,0.00
8057,149450,0.00
8058,54879,0.00
8059,51972,0.00
8060,52921,0.00
8061,133945,0.00
8062,49943,0.00
8063,50098,0.00
8064,58653,0.00
8065,137087,0.00
8066,49237,0.00
8067,45328,0.00
8068,50187,0.00
8069,156930,0.00
8070,49267,0.00
8071,44072,0.00
8072,52221,0.00
8073,192873,0.00
8074,44777,0.00
8075,56630,0.00
8076,39203,100.00
8077,30864,0.00
8078,30400,100.00
8079,35686,0.00
8080,29393,100.00
8081,50060,100.00
8082,56232,100.00
8083,17589,0.00
8084,22228,100.00
8085,31075,100.00
8086,36161,50.00
8087,55649,0.00
8088,27822,50.00
8089,115452,0.00
8090,45376,0.00
8091,45695,0.00
8092,55668,0.00
8093,145031,0.00
8094,55222,0.00
8095,70600,0.00
8096,58726,0.00
8097,154631,0.00
8098,53296,0.00
8099,60178,0.00
8100,56339,0.00
8101,288764,0.00
8102,52141,0.00
8103,48812,0.00
8104,57450,0.00
8105,144950,0.00
8106,62532,0.00
8107,33282,0.00
8108,33053,100.00
8109,43880,0.00
8110,45628,100.00
8111,53153,50.00
8112,24304,0.00
8113,22891,100.00
8114,41651,100.00
8115,44011,0.00
8116,26121,100.00
8117,37339,100.00
8118,28568,100.00
8119,23357,0.00
8120,27763,100.00
8121,37707,0.00
8122,38659,100.00
8123,37624,0.00
8124,39189,0.00
8125,51863,0.00
8126,46446,0.00
8127,49557,0.00
8128,46220,0.00
8129,172496,0.00
8130,57329,0.00
8131,55349,0.00
8132,51234,0.00
8133,146266,0.00
8134,55540,0.00
8135,56766,0.00
8136,52109,0.00
8137,143077,0.00
8138,64342,0.00
8139,48469,0.00
8140,61419,0.00
8141,145804,0.00
8142,53016,0.00
8143,61952,0.00
8144,35723,50.00
8145,35735,0.00
8146,33458,50.00
8147,27150,0.00
8148,28297,50.00
8149,64603,100.00
8150,19746,0.00
8151,21054,0.00
8152,21422,100.00
8153,41810,100.00
8154,41410,50.00
8155,37433,0.00
8156,26638,50.00
8157,47422,0.00
8158,42586,0.00
8159,54130,0.00
8160,63342,0.00
8161,146684,0.00
8162,51883,0.00
8163,51779,0.00
8164,53529,0.00
8165,178183,0.00
8166,49696,0.00
8167,44345,0.00
8168,47727,0.00
8169,128743,0.00
8170,51384,0.00
8171,48401,0.00
8172,55994,0.00
8173,206588,0.00
8174,59333,50.00
8175,31861,0.00
8176,30782,50.00
8177,118687,0.00
8178,49188,66.67
8179,21605,0.00
8180,22863,0.00
8181,39062,100.00
8182,35592,100.00
8183,30356,100.00
8184,47361,0.00
8185,25691,100.00
8186,22820,50.00
8187,23249,0.00
8188,39137,0.00
8189,45445,100.00
8190,50437,0.00
8191,48061,0.00
8192,50669,0.00
8193,183455,0.00
8194,52426,0.00
8195,63469,0.00
8196,55138,0.00
8197,200571,0.00
8198,54615,0.00
8199,56021,0.00
8200,56644,0.00
8201,143978,0.00
8202,54321,0.00
8203,53290,0.00
8204,58298,0.00
8205,209180,0.00
8206,58317,0.00
8207,64199,0.00
8208,66464,0.00
8209,211445,0.00
8210,61487,0.00
8211,68367,50.00
8212,39351,0.00
8213,36698,0.00
8214,30946,100.00
8215,27850,50.00
8216,52503,100.00
8217,37840,0.00
8218,38994,100.00
8219,31544,100.00
8220,27164,100.00
8221,34338,100.00
8222,44795,100.00
8223,40472,100.00
8224,37961,0.00
8225,115714,0.00
8226,55787,0.00
8227,53305,0.00
8228,69632,0.00
8229,236358,0.00
8230,53411,0.00
8231,68282,0.00
8232,54366,0.00
8233,251411,0.00
8234,56293,0.00
8235,57342,0.00
8236,58688,0.00
8237,162319,0.00
8238,57221,0.00
8239,59385,0.00
8240,52861,0.00
8241,232904,0.00
8242,55917,0.00
8243,69948,100.00
8244,41173,0.00
8245,27264,0.00
8246,38592,50.00
8247,57424,100.00
8248,50096,0.00
8249,42926,0.00
8250,31163,50.00
8251,50419,100.00
8252,41706,0.00
8253,55228,100.00
8254,55645,100.00
8255,30974,50.00
8256,26197,0.00
8257,23215,50.00
8258,31774,0.00
8259,48582,50.00
8260,42370,0.00
8261,39348,50.00
8262,37575,0.00
8263,46972,0.00
8264,49292,0.00
8265,147117,0.00
8266,57004,0.00
8267,54050,0.00
8268,54390,0.00
8269,138882,0.00
8270,61811,0.00
8271,56307,0.00
8272,60845,0.00
8273,160370,0.00
8274,58240,0.00
8275,54067,0.00
8276,60548,0.00
8277,210598,0.00
8278,55698,0.00
8279,59152,0.00
8280,38337,50.00
8281,36618,0.00
8282,33075,50.00
8283,30756,0.00
8284,34543,50.00
8285,132641,0.00
8286,39555,50.00
8287,32472,100.00
8288,26460,100.00
8289,27990,0.00
8290,46372,100.00
8291,46818,0.00
8292,32144,0.00
8293,27703,100.00
8294,31377,50.00
8295,51067,0.00
8296,72406,0.00
8297,57502,50.00
8298,102521,0.00
8299,60435,0.00
8300,58820,0.00
8301,135929,0.00
8302,63319,0.00
8303,75643,0.00
8304,128148,0.00
8305,157973,0.00
8306,59625,0.00
8307,61117,0.00
8308,73806,0.00
8309,222393,0.00
8310,57980,0.00
8311,61886,0.00
8312,57964,0.00
8313,251567,0.00
8314,60899,0.00
8315,65105,0.00
8316,83049,0.00
8317,166745,0.00
8318,59205,50.00
8319,35733,0.00
8320,29526,50.00
8321,43549,0.00
8322,68953,100.00
8323,23693,0.00
8324,65655,100.00
8325,45411,100.00
8326,38417,100.00
8327,33675,100.00
8328,43231,0.00
8329,36392,100.00
8330,46803,0.00
8331,76684,0.00
8332,62412,0.00
8333,312855,0.00
8334,60646,0.00
8335,60835,0.00
8336,59162,0.00
8337,309362,0.00
8338,57391,0.00
8339,61322,0.00
8340,56284,0.00
8341,163446,0.00
8342,58414,0.00
8343,54131,0.00
8344,60074,0.00
8345,176948,0.00
8346,59260,0.00
8347,52686,0.00
8348,62150,0.00
8349,147642,100.00
8350,36689,0.00
8351,34471,100.00
8352,40885,0.00
8353,145937,100.00
8354,35600,0.00
8355,24269,100.00
8356,30270,100.00
8357,26696,0.00
8358,41714,100.00
8359,30125,0.00
8360,47873,100.00
8361,24638,0.00
8362,27413,50.00
8363,25493,0.00
8364,30403,50.00
8365,39177,0.00
8366,42720,50.00
8367,51702,0.00
8368,47519,0.00
8369,153855,0.00
8370,54386,0.00
8371,54850,0.00
8372,48264,0.00
8373,133667,0.00
8374,55868,0.00
8375,58176,0.00
8376,58852,0.00
8377,167786,0.00
8378,52163,0.00
8379,55154,0.00
8380,51531,0.00
8381,144584,0.00
8382,50096,0.00
8383,54002,0.00
8384,67531,0.00
8385,122376,0.00
8386,35473,50.00
8387,27331,100.00
8388,22581,0.00
8389,28281,0.00
8390,61699,100.00
8391,20046,0.00
8392,23026,100.00
8393,23024,100.00
8394,26595,100.00
8395,43213,0.00
8396,57271,0.00
8397,25212,50.00
8398,57234,0.00
8399,59783,0.00
8400,57836,0.00
8401,362118,0.00
8402,53885,0.00
8403,55622,0.00
8404,59644,0.00
8405,217543,0.00
8406,59328,0.00
8407,62815,0.00
8408,59521,0.00
8409,223214,0.00
8410,51343,0.00
8411,50955,0.00
8412,46960,0.00
8413,144181,0.00
8414,50724,0.00
8415,72823,0.00
8416,53806,50.00
8417,35704,0.00
8418,32041,50.00
8419,35746,0.00
8420,54179,50.00
8421,45017,0.00
8422,37559,100.00
8423,30034,0.00
8424,39632,100.00
8425,31421,0.00
8426,21842,100.00
8427,15949,0.00
8428,13495,0.00
8429,16291,100.00
8430,20330,50.00
8431,25735,0.00
8432,19425,0.00
8433,114374,0.00
8434,54400,0.00
8435,54908,0.00
8436,53284,0.00
8437,130304,0.00
8438,56918,0.00
8439,52837,0.00
8440,53558,0.00
8441,172445,0.00
8442,62853,0.00
8443,58227,0.00
8444,54856,0.00
8445,175211,0.00
8446,58107,0.00
8447,67599,0.00
8448,60889,0.00
8449,144333,0.00
8450,51679,0.00
8451,54152,0.00
8452,65335,100.00
8453,97070,0.00
8454,35722,100.00
8455,28555,0.00
8456,26294,100.00
8457,30127,0.00
8458,51701,100.00
8459,40069,0.00
8460,39967,100.00
8461,27342,100.00
8462,37456,100.00
8463,23875,0.00
8464,45515,100.00
8465,25006,0.00
8466,34238,0.00
8467,38570,0.00
8468,42420,0.00
8469,41464,0.00
8470,44694,0.00
8471,51730,0.00
8472,52737,0.00
8473,119422,0.00
8474,51151,0.00
8475,50309,0.00
8476,52398,0.00
8477,181734,0.00
8478,55072,0.00
8479,48282,0.00
8480,54023,0.00
8481,41705,50.00
8482,33448,100.00
8483,34710,0.00
8484,55833,0.00
8485,41273,50.00
8486,54501,100.00
8487,21455,0.00
8488,38164,100.00
8489,42421,0.00
8490,33662,100.00
8491,44834,100.00
8492,49566,100.00
8493,28381,0.00
8494,30563,50.00
8495,43878,0.00
8496,47821,50.00
8497,37311,0.00
8498,46724,0.00
8499,107495,0.00
8500,62623,0.00
8501,212353,0.00
8502,65354,0.00
8503,69095,0.00
8504,62243,0.00
8505,376901,0.00
8506,60709,0.00
8507,56819,0.00
8508,64695,0.00
8509,242845,0.00
8510,55806,0.00
8511,64467,0.00
8512,72198,0.00
8513,116315,0.00
8514,60465,0.00
8515,57951,0.00
8516,58530,0.00
8517,235419,0.00
8518,59823,0.00
8519,62550,0.00
8520,75706,0.00
8521,75883,50.00
8522,70268,0.00
8523,61666,50.00
8524,38083,0.00
8525,205843,0.00
8526,87106,100.00
8527,21684,0.00
8528,23596,100.00
8529,44525,100.00
8530,34682,100.00
8531,57726,0.00
8532,63809,100.00
8533,74148,100.00
8534,68899,0.00
8535,67189,100.00
8536,58983,0.00
8537,97936,0.00
8538,63776,0.00
8539,58047,0.00
8540,64704,0.00
8541,62114,0.00
8542,58188,0.00
8543,61721,0.00
8544,221401,0.00
8545,541579,0.00
8546,61522,0.00
8547,566951,0.00
8548,62305,0.00
8549,73444,0.00
8550,84923,0.00
8551,61508,0.00
8552,58931,0.00
8553,885538,50.00
8554,56746,0.00
8555,70596,0.00
8556,71929,0.00
8557,88729,0.00
8558,69926,0.00
8559,72588,0.00
8560,69824,50.00
8561,71596,0.00
8562,74425,100.00
8563,20791,0.00
8564,72334,0.00
8565,96953,100.00
8566,69062,100.00
8567,66541,100.00
8568,67558,100.00
8569,47219,0.00
8570,57528,100.00
8571,70361,100.00
8572,57003,0.00
8573,69792,100.00
8574,67723,100.00
8575,66303,100.00
8576,67302,0.00
8577,70488,0.00
8578,59513,50.00
8579,63144,0.00
8580,63151,0.00
8581,70501,0.00
8582,59933,0.00
8583,58500,0.00
8584,62734,0.00
8585,88247,0.00
8586,60310,0.00
8587,64282,0.00
8588,60681,0.00
8589,94700,0.00
8590,60958,0.00
8591,62729,0.00
8592,63327,0.00
8593,82909,0.00
8594,60892,0.00
8595,60923,0.00
8596,70957,0.00
8597,83311,0.00
8598,62733,0.00
8599,59915,0.00
8600,58112,0.00
8601,68705,0.00
8602,62526,0.00
8603,59005,0.00
8604,58246,0.00
8605,86021,0.00
8606,125578,0.00
8607,220408,0.00
8608,85595,0.00
8609,59962,0.00
8610,58472,0.00
8611,60301,0.00
8612,294570,0.00
8613,1245374,0.00
8614,65783,0.00
8615,71500,0.00
8616,73554,0.00
8617,1358813,100.00
8618,72463,0.00
8619,71268,0.00
8620,180980,0.00
8621,77177,100.00
8622,267242,100.00
8623,58526,0.00
8624,68050,0.00
8625,111627,100.00
8626,72270,100.00
8627,70218,0.00
8628,67351,100.00
8629,185472,0.00
8630,67308,100.00
8631,68891,100.00
8632,70264,0.00
8633,225955,100.00
8634,67798,100.00
8635,448941,100.00
8636,69781,0.00
8637,1691759,50.00
8638,72647,0.00
8639,58438,0.00
8640,68328,0.00
8641,70853,50.00
8642,739229,0.00
8643,28444,0.00
8644,73330,0.00
8645,149153,0.00
8646,61307,0.00
8647,61294,0.00
8648,60706,0.00
8649,62790,0.00
8650,59510,0.00
8651,60660,0.00
8652,59719,0.00
8653,66569,0.00
8654,64859,0.00
8655,61947,0.00
8656,229974,0.00
8657,139329,0.00
8658,58658,0.00
8659,60436,0.00
8660,58047,0.00
8661,65256,0.00
8662,68044,0.00
8663,56903,0.00
8664,60934,0.00
8665,65584,0.00
8666,66774,0.00
8667,59250,0.00
8668,73116,0.00
8669,83422,0.00
8670,60375,0.00
8671,205571,0.00
8672,58676,0.00
8673,85346,0.00
8674,192979,0.00
8675,62623,0.00
8676,61062,0.00
8677,59956,0.00
8678,64405,0.00
8679,59084,0.00
8680,80899,0.00
8681,99012,0.00
8682,58906,0.00
8683,59245,0.00
8684,61793,0.00
8685,87962,0.00
8686,71116,0.00
8687,391909,0.00
8688,70800,0.00
8689,384719,0.00
8690,74733,100.00
8691,17833,0.00
8692,829807,0.00
8693,74500,0.00
8694,77354,0.00
8695,68780,100.00
8696,2045234,100.00
8697,68152,0.00
8698,66959,0.00
8699,72051,0.00
8700,45706,100.00
8701,73302,0.00
8702,20270,0.00
8703,18410,0.00
8704,69141,100.00
8705,78254,0.00
8706,72586,100.00
8707,69113,0.00
8708,1099257,100.00
8709,67430,0.00
8710,72568,100.00
8711,73334,0.00
8712,58170,50.00
8713,121399,0.00
8714,74336,0.00
8715,72869,0.00
8716,83929,50.00
8717,95090,0.00
8718,70037,0.00
8719,70085,0.00
8720,188174,50.00
8721,67494,0.00
8722,62167,0.00
8723,68095,0.00
8724,64101,0.00
8725,287696,0.00
8726,698388,0.00
8727,75430,0.00
8728,138787,0.00
8729,131902,0.00
8730,59170,0.00
8731,58921,0.00
8732,59815,0.00
8733,180591,0.00
8734,60673,0.00
8735,60204,0.00
8736,64320,0.00
8737,3080161,0.00
8738,172570,0.00
8739,72520,0.00
8740,60207,0.00
8741,113760,50.00
8742,47682,0.00
8743,60790,0.00
8744,59384,0.00
8745,154882,0.00
8746,304830,0.00
8747,240419,0.00
8748,132634,0.00
8749,165309,0.00
8750,196776,0.00
8751,64814,0.00
8752,71544,0.00
8753,199898,0.00
8754,57782,0.00
8755,60311,0.00
8756,61509,0.00
8757,137645,0.00
8758,56898,0.00
8759,59202,0.00
8760,64188,0.00
8761,83568,0.00
8762,57972,0.00
8763,58219,0.00
8764,56869,0.00
8765,48175,0.00
8766,52951,0.00
8767,57782,0.00
8768,56960,0.00
8769,61827,0.00
8770,50070,0.00
8771,72516,0.00
8772,73758,0.00
8773,134928,0.00
8774,71529,50.00
8775,81338,0.00
8776,44734,50.00
8777,74563,0.00
8778,74925,50.00
8779,69929,0.00
8780,69154,0.00
8781,118437,0.00
8782,62635,50.00
8783,116091,100.00
8784,159022,0.00
8785,61681,0.00
8786,58874,0.00
8787,60606,0.00
8788,60369,0.00
8789,266242,0.00
8790,75091,0.00
8791,73723,0.00
8792,60260,50.00
8793,170466,0.00
8794,37992,50.00
8795,63285,0.00
8796,66446,50.00
8797,73893,0.00
8798,53887,50.00
8799,69818,0.00
8800,69194,0.00
8801,59028,0.00
8802,65877,0.00
8803,58839,0.00
8804,52988,0.00
8805,63290,0.00
8806,60450,0.00
8807,69460,0.00
8808,59273,0.00
8809,248237,0.00
8810,59110,0.00
8811,63577,0.00
8812,72745,50.00
8813,126772,0.00
8814,35199,50.00
8815,26053,0.00
8816,31735,50.00
8817,33310,0.00
8818,62177,50.00
8819,34301,0.00
8820,30778,50.00
8821,354804,0.00
8822,62460,0.00
8823,57632,0.00
8824,59343,0.00
8825,156186,0.00
8826,65536,50.00
8827,71959,0.00
8828,41585,0.00
8829,46592,100.00
8830,53901,50.00
8831,55603,0.00
8832,49416,0.00
8833,199390,0.00
8834,56374,0.00
8835,56462,0.00
8836,72207,0.00
8837,16448,0.00
8838,50382,0.00
8839,61958,0.00
8840,64269,0.00
8841,64058,0.00
8842,60321,0.00
8843,65612,0.00
8844,73449,100.00
8845,102006,0.00
8846,66444,100.00
8847,48893,50.00
8848,26751,0.00
8849,20244,100.00
8850,20050,100.00
8851,26179,0.00
8852,26972,100.00
8853,69335,100.00
8854,56353,100.00
8855,39299,0.00
8856,35539,100.00
8857,33530,100.00
8858,37781,0.00
8859,63911,0.00
8860,59063,0.00
8861,203228,0.00
8862,54952,0.00
8863,52275,0.00
8864,60194,0.00
8865,222121,0.00
8866,56761,0.00
8867,69007,0.00
8868,64165,0.00
8869,183936,0.00
8870,61712,0.00
8871,72197,0.00
8872,64994,0.00
8873,237157,0.00
8874,58751,0.00
8875,64463,0.00
8876,58475,0.00
8877,141063,0.00
8878,54762,0.00
8879,58270,0.00
8880,54330,0.00
8881,199771,0.00
8882,55901,0.00
8883,53190,0.00
8884,60067,0.00
8885,241428,0.00
8886,70508,100.00
8887,23845,0.00
8888,25172,100.00
8889,49072,0.00
8890,45872,100.00
8891,22832,100.00
8892,26362,100.00
8893,22974,0.00
8894,56157,100.00
8895,50915,100.00
8896,53367,0.00
8897,102382,100.00
8898,62012,0.00
8899,61359,0.00
8900,57856,0.00
8901,64444,0.00
8902,64110,0.00
8903,57011,0.00
8904,63064,0.00
8905,74249,0.00
8906,63371,0.00
8907,75035,0.00
8908,62718,0.00
8909,108729,0.00
8910,60630,0.00
8911,125417,0.00
8912,120564,0.00
8913,64700,0.00
8914,60321,0.00
8915,59313,0.00
8916,56732,0.00
8917,259281,0.00
8918,56823,0.00
8919,61368,0.00
8920,74603,0.00
8921,182060,50.00
8922,58924,0.00
8923,44822,100.00
8924,52817,0.00
8925,110351,100.00
8926,49489,0.00
8927,62911,100.00
8928,23888,0.00
8929,156445,0.00
8930,53362,50.00
8931,31084,100.00
8932,27878,0.00
8933,25391,0.00
8934,31411,50.00
8935,44587,100.00
8936,49396,0.00
8937,35752,0.00
8938,53401,0.00
8939,54086,0.00
8940,55933,0.00
8941,229147,0.00
8942,55592,0.00
8943,60381,0.00
8944,58397,0.00
8945,174625,0.00
8946,71306,0.00
8947,60990,0.00
8948,74358,0.00
8949,174002,0.00
8950,67811,50.00
8951,35487,0.00
8952,31701,50.00
8953,36183,0.00
8954,57177,50.00
8955,52825,0.00
8956,35872,50.00
8957,29616,0.00
8958,38427,50.00
8959,45423,0.00
8960,52757,0.00
8961,157158,0.00
8962,56878,0.00
8963,52861,0.00
8964,46807,100.00
8965,40693,0.00
8966,59303,100.00
8967,35376,0.00
8968,29093,100.00
8969,28023,0.00
8970,24585,100.00
8971,44109,0.00
8972,44551,0.00
8973,195110,0.00
8974,49132,0.00
8975,54616,0.00
8976,54671,0.00
8977,113479,0.00
8978,56450,0.00
8979,60413,0.00
8980,67048,0.00
8981,146538,0.00
8982,70143,50.00
8983,35330,0.00
8984,31549,0.00
8985,28298,100.00
8986,31700,100.00
8987,35140,0.00
8988,54164,0.00
8989,39960,50.00
8990,54768,100.00
8991,22448,0.00
8992,58695,100.00
8993,38665,0.00
8994,41594,100.00
8995,37516,0.00
8996,32606,100.00
8997,122188,0.00
8998,35748,0.00
8999,54341,0.00
9000,74121,0.00
9001,159947,0.00
9002,68552,0.00
9003,55975,0.00
9004,55470,0.00
9005,153344,0.00
9006,52166,0.00
9007,56505,0.00
9008,58260,0.00
9009,203658,0.00
9010,51692,0.00
9011,54927,0.00
9012,56463,0.00
9013,205238,0.00
9014,54399,0.00
9015,50877,0.00
9016,64225,0.00
9017,135051,100.00
9018,51770,50.00
9019,62403,100.00
9020,23630,0.00
9021,23175,100.00
9022,21779,100.00
9023,22256,100.00
9024,26635,100.00
9025,42814,100.00
9026,50349,100.00
9027,43460,100.00
9028,43981,0.00
9029,34263,100.00
9030,35608,50.00
9031,46361,0.00
9032,48320,0.00
9033,188133,0.00
9034,48613,0.00
9035,50635,0.00
9036,52227,0.00
9037,205589,0.00
9038,52095,0.00
9039,63975,0.00
9040,53053,0.00
9041,151746,0.00
9042,64994,0.00
9043,56012,0.00
9044,54191,0.00
9045,290496,0.00
9046,49747,0.00
9047,51195,0.00
9048,67297,0.00
9049,185247,0.00
9050,58443,0.00
9051,52695,0.00
9052,192250,0.00
9053,228368,0.00
9054,68826,0.00
9055,42107,0.00
9056,36032,50.00
9057,45144,100.00
9058,52092,100.00
9059,49269,100.00
9060,31171,0.00
9061,23126,100.00
9062,31665,50.00
9063,30325,0.00
9064,26331,50.00
9065,139944,0.00
9066,46397,50.00
9067,31762,0.00
9068,23039,50.00
9069,230634,0.00
9070,54676,0.00
9071,64796,0.00
9072,61680,0.00
9073,209769,0.00
9074,60726,0.00
9075,49565,0.00
9076,67418,0.00
9077,147092,0.00
9078,58450,0.00
9079,54925,0.00
9080,61998,0.00
9081,34369,100.00
9082,37412,0.00
9083,51494,100.00
9084,60043,0.00
9085,38566,100.00
9086,28694,0.00
9087,28809,100.00
9088,36397,0.00
9089,102384,100.00
9090,50074,0.00
9091,57281,0.00
9092,57736,0.00
9093,193822,0.00
9094,64614,0.00
9095,65065,0.00
9096,45707,0.00
9097,115214,50.00
9098,36063,100.00
9099,26903,0.00
9100,22095,0.00
9101,21930,50.00
9102,29686,100.00
9103,50650,0.00
9104,46611,0.00
9105,195464,0.00
9106,60215,0.00
9107,51749,0.00
9108,53617,0.00
9109,225697,0.00
9110,57305,0.00
9111,53238,0.00
9112,48710,0.00
9113,144097,50.00
9114,42171,50.00
9115,27716,0.00
9116,24123,0.00
9117,28366,100.00
9118,45464,50.00
9119,42109,0.00
9120,38077,0.00
9121,24193,50.00
9122,42098,0.00
9123,51841,0.00
9124,51647,0.00
9125,70913,0.00
9126,68067,100.00
9127,37110,0.00
9128,31743,0.00
9129,31918,50.00
9130,51254,100.00
9131,42889,0.00
9132,34065,0.00
9133,214406,0.00
9134,51370,0.00
9135,49524,0.00
9136,52631,0.00
9137,197883,0.00
9138,48797,0.00
9139,48449,0.00
9140,55022,0.00
9141,322831,0.00
9142,53726,0.00
9143,58112,0.00
9144,62318,50.00
9145,151332,0.00
9146,53691,50.00
9147,43558,100.00
9148,20284,0.00
9149,20640,0.00
9150,22947,100.00
9151,24671,100.00
9152,50368,100.00
9153,54255,0.00
9154,49694,100.00
9155,27335,100.00
9156,40171,0.00
9157,44671,50.00
9158,44787,0.00
9159,38071,0.00
9160,49621,0.00
9161,132992,0.00
9162,52966,0.00
9163,51084,0.00
9164,54410,0.00
9165,173284,0.00
9166,51760,0.00
9167,51855,0.00
9168,55710,0.00
9169,158803,0.00
9170,55130,0.00
9171,60136,0.00
9172,64044,0.00
9173,207688,0.00
9174,61916,0.00
9175,58027,0.00
9176,59167,0.00
9177,223349,0.00
9178,55876,0.00
9179,58579,0.00
9180,55078,0.00
9181,340824,0.00
9182,56847,0.00
9183,58378,0.00
9184,68834,0.00
9185,108151,100.00
9186,44383,50.00
9187,50483,0.00
9188,39643,100.00
9189,31376,100.00
9190,25831,100.00
9191,16412,0.00
9192,21744,100.00
9193,25107,100.00
9194,38133,100.00
9195,32049,50.00
9196,22515,0.00
9197,16483,0.00
9198,67248,100.00
9199,51171,0.00
9200,49900,0.00
9201,146966,0.00
9202,50180,0.00
9203,59908,0.00
9204,53476,0.00
9205,178251,0.00
9206,58332,0.00
9207,50492,0.00
9208,48204,0.00
9209,138006,0.00
9210,49239,0.00
9211,51015,0.00
9212,51604,0.00
9213,146426,0.00
9214,56700,0.00
9215,53930,0.00
9216,77676,0.00
9217,216306,0.00
9218,67427,100.00
9219,43808,0.00
9220,34287,0.00
9221,30325,50.00
9222,42261,100.00
9223,59011,100.00
9224,27920,0.00
9225,46814,100.00
9226,41614,50.00
9227,20700,0.00
9228,16783,50.00
9229,13533,0.00
9230,19849,50.00
9231,32012,0.00
9232,30238,50.00
9233,34741,0.00
9234,59772,0.00
9235,56995,0.00
9236,65135,0.00
9237,64377,0.00
9238,60070,0.00
9239,57258,0.00
9240,54570,0.00
9241,223881,0.00
9242,58848,0.00
9243,53239,0.00
9244,66353,0.00
9245,203560,0.00
9246,50794,50.00
9247,36514,0.00
9248,31150,50.00
9249,33074,0.00
9250,50794,50.00
9251,38684,0.00
9252,35371,50.00
9253,28423,0.00
9254,38545,50.00
9255,41864,0.00
9256,49351,0.00
9257,134084,0.00
9258,68360,33.33
9259,24714,0.00
9260,53890,0.00
9261,106391,0.00
9262,51293,100.00
9263,25987,50.00
9264,29507,0.00
9265,24090,0.00
9266,29276,100.00
9267,40685,0.00
9268,42966,0.00
9269,162251,0.00
9270,54706,0.00
9271,59781,0.00
9272,56532,0.00
9273,163856,0.00
9274,60322,0.00
9275,57264,0.00
9276,59838,0.00
9277,180873,0.00
9278,63568,100.00
9279,31941,0.00
9280,27604,100.00
9281,28651,0.00
9282,33234,100.00
9283,41356,0.00
9284,48954,100.00
9285,38732,0.00
9286,43327,100.00
9287,34752,0.00
9288,47884,0.00
9289,38690,100.00
9290,32179,0.00
9291,32592,100.00
9292,36501,0.00
9293,46456,100.00
9294,49573,0.00
9295,79095,0.00
9296,62697,0.00
9297,67944,0.00
9298,57467,0.00
9299,59363,0.00
9300,57843,0.00
9301,230336,0.00
9302,60992,0.00
9303,63640,0.00
9304,66428,0.00
9305,194992,0.00
9306,62814,0.00
9307,58494,0.00
9308,54806,0.00
9309,201719,0.00
9310,69747,0.00
9311,68447,0.00
9312,53243,50.00
9313,70782,100.00
9314,34201,100.00
9315,20781,0.00
9316,21172,100.00
9317,33153,100.00
9318,45528,100.00
9319,49859,100.00
9320,34123,100.00
9321,50209,100.00
9322,36970,100.00
9323,42227,100.00
9324,41144,0.00
9325,186426,0.00
9326,56572,0.00
9327,55429,0.00
9328,61109,0.00
9329,297509,0.00
9330,56222,0.00
9331,66168,0.00
9332,60558,0.00
9333,221985,0.00
9334,64288,0.00
9335,54645,0.00
9336,52288,0.00
9337,194666,0.00
9338,51064,0.00
9339,49672,0.00
9340,59294,0.00
9341,233406,0.00
9342,72722,0.00
9343,55083,0.00
9344,66012,0.00
9345,70271,0.00
9346,61638,0.00
9347,62063,0.00
9348,75376,0.00
9349,247533,0.00
9350,56040,0.00
9351,65447,0.00
9352,64246,100.00
9353,37808,0.00
9354,53581,100.00
9355,28021,100.00
9356,48640,100.00
9357,39888,100.00
9358,29870,100.00
9359,41102,100.00
9360,48315,0.00
9361,150507,0.00
9362,42715,50.00
9363,31298,100.00
9364,57401,0.00
9365,213464,0.00
9366,57611,0.00
9367,53350,0.00
9368,52753,0.00
9369,236129,0.00
9370,54908,0.00
9371,59342,0.00
9372,73081,0.00
9373,216997,0.00
9374,60794,0.00
9375,55383,0.00
9376,59107,0.00
9377,168035,0.00
9378,68042,0.00
9379,46490,0.00
9380,36679,50.00
9381,38782,0.00
9382,53642,50.00
9383,36315,0.00
9384,33387,50.00
9385,31286,0.00
9386,34680,50.00
9387,45937,0.00
9388,49885,0.00
9389,171785,0.00
9390,72887,50.00
9391,45580,0.00
9392,60228,50.00
9393,86312,0.00
9394,33166,50.00
9395,24485,0.00
9396,22369,50.00
9397,31309,0.00
9398,52937,50.00
9399,33904,0.00
9400,60280,0.00
9401,205392,0.00
9402,50032,0.00
9403,55546,0.00
9404,55009,0.00
9405,155019,0.00
9406,58781,0.00
9407,60737,0.00
9408,60355,0.00
9409,229277,0.00
9410,54420,0.00
9411,59616,50.00
9412,28760,0.00
9413,33662,0.00
9414,25614,100.00
9415,32107,50.00
9416,44269,0.00
9417,115377,0.00
9418,42495,100.00
9419,27497,50.00
9420,33276,0.00
9421,187966,0.00
9422,51293,0.00
9423,31579,100.00
9424,42727,0.00
9425,52268,100.00
9426,58018,0.00
9427,30437,100.00
9428,60600,0.00
9429,149919,0.00
9430,63212,0.00
9431,59170,0.00
9432,61617,0.00
9433,161567,0.00
9434,56616,0.00
9435,60682,0.00
9436,58019,0.00
9437,70685,0.00
9438,71697,0.00
9439,71345,0.00
9440,58975,0.00
9441,241219,0.00
9442,47121,100.00
9443,27453,0.00
9444,38875,0.00
9445,59541,100.00
9446,63847,100.00
9447,20115,0.00
9448,24787,0.00
9449,23278,100.00
9450,25092,100.00
9451,26071,100.00
9452,25916,0.00
9453,73671,100.00
9454,62258,100.00
9455,31761,50.00
9456,50783,0.00
9457,188875,0.00
9458,49746,0.00
9459,51976,0.00
9460,55868,0.00
9461,182830,0.00
9462,53967,0.00
9463,59113,0.00
9464,61118,0.00
9465,198438,0.00
9466,51004,0.00
9467,49356,0.00
9468,47707,0.00
9469,175946,0.00
9470,46401,0.00
9471,49039,0.00
9472,50113,0.00
9473,128650,0.00
9474,52314,0.00
9475,51193,0.00
9476,65483,0.00
9477,172453,0.00
9478,48997,0.00
9479,49553,0.00
9480,49663,0.00
9481,124464,0.00
9482,50552,0.00
9483,51289,0.00
9484,53136,100.00
9485,31821,100.00
9486,36534,100.00
9487,29433,0.00
9488,35338,100.00
9489,27986,100.00
9490,23451,100.00
9491,40045,100.00
9492,34995,100.00
9493,24647,100.00
9494,37047,100.00
9495,32854,100.00
9496,57690,100.00
9497,113816,50.00
9498,52785,0.00
9499,53727,0.00
9500,51491,0.00
9501,142948,0.00
9502,55743,0.00
9503,59400,0.00
9504,59076,0.00
9505,246216,0.00
9506,62530,0.00
9507,62234,0.00
9508,58033,0.00
9509,159182,0.00
9510,57009,0.00
9511,57549,0.00
9512,59224,0.00
9513,164769,0.00
9514,60389,0.00
9515,56231,0.00
9516,53760,0.00
9517,141563,0.00
9518,55788,0.00
9519,65627,0.00
9520,55102,0.00
9521,154615,0.00
9522,57064,0.00
9523,69067,0.00
9524,62594,0.00
9525,262537,0.00
9526,54929,0.00
9527,58731,0.00
9528,65533,0.00
9529,54346,100.00
9530,67678,100.00
9531,20435,0.00
9532,25608,100.00
9533,26821,100.00
9534,49259,100.00
9535,42012,100.00
9536,25016,100.00
9537,21856,0.00
9538,42847,50.00
9539,20753,0.00
9540,42162,50.00
9541,223356,0.00
9542,66539,0.00
9543,60280,0.00
9544,60773,0.00
9545,181208,0.00
9546,61031,0.00
9547,59240,0.00
9548,62732,0.00
9549,159059,0.00
9550,62436,0.00
9551,60888,0.00
9552,59027,0.00
9553,210770,0.00
9554,70373,0.00
9555,56978,0.00
9556,62883,0.00
9557,236538,0.00
9558,47058,50.00
9559,31820,0.00
9560,30709,0.00
9561,36507,100.00
9562,61222,50.00
9563,30973,0.00
9564,31317,0.00
9565,32466,100.00
9566,35555,50.00
9567,67416,0.00
9568,30567,0.00
9569,50427,100.00
9570,63468,50.00
9571,26992,0.00
9572,28350,0.00
9573,25951,100.00
9574,29028,50.00
9575,28264,0.00
9576,54147,0.00
9577,204243,0.00
9578,53551,0.00
9579,71919,0.00
9580,53315,0.00
9581,253434,0.00
9582,58002,0.00
9583,57577,0.00
9584,55567,0.00
9585,210736,0.00
9586,52464,0.00
9587,53704,0.00
9588,53369,0.00
9589,164723,100.00
9590,61829,50.00
9591,35903,0.00
9592,29851,0.00
9593,25082,100.00
9594,33516,50.00
9595,52295,0.00
9596,47403,0.00
9597,38538,100.00
9598,46735,50.00
9599,24209,0.00
9600,45089,33.33
9601,33489,0.00
9602,38454,50.00
9603,46511,0.00
9604,45834,100.00
9605,152063,0.00
9606,58504,0.00
9607,60862,0.00
9608,65643,0.00
9609,151065,0.00
9610,61268,0.00
9611,61538,0.00
9612,59103,0.00
9613,169569,0.00
9614,62319,0.00
9615,62896,0.00
9616,63672,0.00
9617,125450,0.00
9618,54301,0.00
9619,56082,0.00
9620,69858,0.00
9621,55739,100.00
9622,20263,0.00
9623,26375,100.00
9624,54257,100.00
9625,62753,100.00
9626,44990,100.00
9627,30185,100.00
9628,22235,100.00
9629,22659,100.00
9630,29603,100.00
9631,26315,100.00
9632,47661,0.00
9633,150304,50.00
9634,50780,0.00
9635,70733,0.00
9636,60268,0.00
9637,196355,0.00
9638,50770,0.00
9639,52693,0.00
9640,50788,0.00
9641,133912,0.00
9642,59247,0.00
9643,56824,0.00
9644,54730,0.00
9645,209343,0.00
9646,63802,0.00
9647,82938,0.00
9648,56693,0.00
9649,196376,0.00
9650,56414,0.00
9651,54187,0.00
9652,55336,0.00
9653,200741,0.00
9654,61747,0.00
9655,61467,0.00
9656,61305,0.00
9657,246143,0.00
9658,63987,0.00
9659,62458,0.00
9660,67838,0.00
9661,153490,50.00
9662,57479,100.00
9663,22082,0.00
9664,22509,100.00
9665,23924,100.00
9666,25630,100.00
9667,32450,100.00
9668,56335,100.00
9669,57113,100.00
9670,34087,100.00
9671,34341,50.00
9672,54773,0.00
9673,170066,0.00
9674,54886,0.00
9675,57184,0.00
9676,63360,0.00
9677,158661,0.00
9678,57968,0.00
9679,54154,0.00
9680,77271,0.00
9681,302960,0.00
9682,55530,0.00
9683,53799,0.00
9684,51436,0.00
9685,187618,0.00
9686,53138,0.00
9687,56105,0.00
9688,72427,0.00
9689,112207,0.00
9690,66612,0.00
9691,41638,100.00
9692,30361,0.00
9693,26414,0.00
9694,33941,50.00
9695,61231,0.00
9696,32141,50.00
9697,26778,0.00
9698,30824,50.00
9699,42466,100.00
9700,28794,0.00
9701,98880,50.00
9702,53028,100.00
9703,24126,0.00
9704,24028,100.00
9705,23278,0.00
9706,32599,100.00
9707,29981,0.00
9708,51872,100.00
9709,44746,0.00
9710,58694,0.00
9711,54104,0.00
9712,53579,0.00
9713,154925,0.00
9714,54181,0.00
9715,56510,0.00
9716,62465,0.00
9717,229367,0.00
9718,59499,0.00
9719,60502,0.00
9720,58821,0.00
9721,226472,0.00
9722,59187,0.00
9723,67531,0.00
9724,56335,0.00
9725,157123,0.00
9726,51468,50.00
9727,37365,100.00
9728,32838,0.00
9729,27860,0.00
9730,56922,50.00
9731,53769,100.00
9732,47466,0.00
9733,55424,100.00
9734,20564,0.00
9735,24916,100.00
9736,36484,100.00
9737,49062,0.00
9738,53861,100.00
9739,46957,0.00
9740,36019,50.00
9741,114692,0.00
9742,62014,0.00
9743,54800,0.00
9744,55701,0.00
9745,202779,0.00
9746,61395,0.00
9747,59327,0.00
9748,63866,0.00
9749,225540,0.00
9750,54567,0.00
9751,59100,0.00
9752,68297,0.00
9753,253146,0.00
9754,57693,0.00
9755,53776,0.00
9756,61538,0.00
9757,48148,0.00
9758,35946,50.00
9759,39197,0.00
9760,47713,50.00
9761,42147,0.00
9762,40975,50.00
9763,51781,100.00
9764,27689,0.00
9765,44024,100.00
9766,27431,100.00
9767,45138,100.00
9768,49596,0.00
9769,27301,0.00
9770,33362,100.00
9771,42201,50.00
9772,36660,0.00
9773,34523,0.00
9774,31594,100.00
9775,55450,0.00
9776,49379,0.00
9777,220662,0.00
9778,52945,0.00
9779,53631,0.00
9780,51091,0.00
9781,137882,0.00
9782,52574,0.00
9783,47289,0.00
9784,43885,0.00
9785,166067,0.00
9786,43880,0.00
9787,44201,0.00
9788,50789,0.00
9789,167802,0.00
9790,55423,0.00
9791,57339,0.00
9792,57325,0.00
9793,152280,0.00
9794,71018,0.00
9795,58163,0.00
9796,66931,50.00
9797,132666,0.00
9798,32458,50.00
9799,28801,0.00
9800,33063,0.00
9801,61316,100.00
9802,55807,100.00
9803,21328,0.00
9804,43482,0.00
9805,40396,100.00
9806,41295,100.00
9807,28918,0.00
9808,17004,50.00
9809,15377,0.00
9810,28844,50.00
9811,29856,0.00
9812,39215,50.00
9813,192093,0.00
9814,46569,0.00
9815,44759,0.00
9816,47495,0.00
9817,148944,0.00
9818,47001,0.00
9819,48113,0.00
9820,43383,0.00
9821,117696,0.00
9822,46114,0.00
9823,61811,0.00
9824,50025,0.00
9825,132439,0.00
9826,54097,0.00
9827,54038,0.00
9828,57318,0.00
9829,160205,0.00
9830,57699,0.00
9831,57402,0.00
9832,59118,0.00
9833,181986,0.00
9834,63341,0.00
9835,58626,0.00
9836,87255,0.00
9837,72938,0.00
9838,67042,100.00
9839,51729,100.00
9840,23729,0.00
9841,20646,100.00
9842,25336,100.00
9843,28453,100.00
9844,40923,100.00
9845,60658,100.00
9846,56830,100.00
9847,41207,50.00
9848,39778,0.00
9849,133026,0.00
9850,50705,0.00
9851,67147,0.00
9852,63169,0.00
9853,187274,0.00
9854,59156,0.00
9855,55331,0.00
9856,57438,0.00
9857,187152,0.00
9858,56110,0.00
9859,64345,0.00
9860,58689,0.00
9861,132208,0.00
9862,56551,0.00
9863,60468,0.00
9864,55315,0.00
9865,200773,0.00
9866,56265,0.00
9867,57031,0.00
9868,69529,50.00
9869,25295,0.00
9870,42852,100.00
9871,32808,0.00
9872,31330,0.00
9873,133592,50.00
9874,32660,100.00
9875,30292,0.00
9876,26201,0.00
9877,31908,50.00
9878,46399,100.00
9879,34869,0.00
9880,50467,0.00
9881,104186,50.00
9882,33853,100.00
9883,24018,0.00
9884,36864,0.00
9885,38037,50.00
9886,49118,100.00
9887,54381,0.00
9888,62119,0.00
9889,212496,0.00
9890,53512,0.00
9891,68963,0.00
9892,57146,0.00
9893,185167,0.00
9894,62466,0.00
9895,64859,0.00
9896,66671,0.00
9897,75350,0.00
9898,62115,0.00
9899,60084,0.00
9900,72402,0.00
9901,74380,0.00
9902,34034,50.00
9903,26298,100.00
9904,26942,0.00
9905,34035,0.00
9906,48638,50.00
9907,52851,100.00
9908,39136,0.00
9909,23778,100.00
9910,35781,100.00
9911,27496,50.00
9912,27382,0.00
9913,44967,50.00
9914,37253,0.00
9915,42841,0.00
9916,57642,0.00
9917,196923,0.00
9918,53744,0.00
9919,55329,0.00
9920,54056,0.00
9921,197039,0.00
9922,55621,0.00
9923,50278,0.00
9924,51973,0.00
9925,189040,0.00
9926,47169,0.00
9927,47155,0.00
9928,47263,0.00
9929,164743,0.00
9930,62759,50.00
9931,45359,0.00
9932,34372,100.00
9933,30203,0.00
9934,38704,50.00
9935,58785,100.00
9936,23305,0.00
9937,33236,100.00
9938,41276,100.00
9939,26935,100.00
9940,25913,0.00
9941,24271,100.00
9942,23756,100.00
9943,13904,50.00
9944,17993,0.00
9945,33667,50.00
9946,34236,0.00
9947,44008,0.00
9948,49202,0.00
9949,216279,0.00
9950,55121,0.00
9951,53400,0.00
9952,67172,0.00
9953,198461,0.00
9954,56586,0.00
9955,72459,0.00
9956,61161,0.00
9957,71402,0.00
9958,52173,0.00
9959,48123,0.00
9960,44537,0.00
9961,154978,0.00
9962,55961,0.00
9963,52029,0.00
9964,53228,0.00
9965,179945,0.00
9966,52204,0.00
9967,49144,0.00
9968,52399,0.00
9969,137770,0.00
9970,58194,100.00
9971,34220,100.00
9972,33349,0.00
9973,26177,0.00
9974,32484,50.00
9975,42555,100.00
9976,42337,0.00
9977,25917,100.00
9978,39248,100.00
9979,20803,0.00
9980,29704,0.00
9981,23722,0.00
9982,23061,50.00
9983,59535,0.00
9984,49214,0.00
9985,116068,0.00
9986,55315,0.00
9987,56481,0.00
9988,55480,0.00
9989,136935,0.00
9990,61248,0.00
9991,56413,0.00
9992,51161,0.00
9993,159524,0.00
9994,60484,0.00
9995,61015,0.00
9996,59881,0.00
9997,206530,0.00
9998,65554,0.00
9999,66021,100.00
10000,51997,0.00
10001,36062,0.00
10002,51232,50.00
10003,46951,100.00
10004,32212,0.00
10005,30589,0.00
10006,38804,100.00
10007,23187,0.00
10008,49878,100.00
10009,51626,0.00
10010,50434,100.00
10011,21713,0.00
10012,22276,0.00
10013,25696,100.00
10014,30763,50.00
10015,48790,0.00
10016,29119,0.00
10017,201388,0.00
10018,56414,0.00
10019,53952,0.00
10020,45620,0.00
10021,173967,0.00
10022,43163,0.00
10023,45559,0.00
10024,44614,0.00
10025,39698,0.00
10026,57371,0.00
10027,48721,0.00
10028,47636,0.00
10029,153283,0.00
10030,51738,0.00
10031,48942,0.00
10032,52646,0.00
10033,147141,0.00
10034,51193,0.00
10035,56284,0.00
10036,56327,0.00
10037,140090,0.00
10038,58581,50.00
10039,33461,0.00
10040,29017,100.00
10041,27501,0.00
10042,40189,100.00
10043,50696,0.00
10044,42995,100.00
10045,40600,0.00
10046,33818,100.00
10047,22205,0.00
10048,25038,100.00
10049,138905,0.00
10050,30467,50.00
10051,32375,100.00
10052,50041,0.00
10053,205976,0.00
10054,49795,0.00
10055,52250,0.00
10056,53148,0.00
10057,176164,0.00
10058,53233,0.00
10059,54783,0.00
10060,57357,0.00
10061,192351,0.00
10062,55758,0.00
10063,54697,0.00
10064,59255,0.00
10065,197836,0.00
10066,57528,0.00
10067,59785,0.00
10068,75510,0.00
10069,51973,0.00
10070,36152,50.00
10071,31914,0.00
10072,56358,50.00
10073,37087,0.00
10074,34096,50.00
10075,52250,100.00
10076,30154,0.00
10077,28970,100.00
10078,34871,100.00
10079,34709,100.00
10080,35892,0.00
10081,25736,0.00
10082,48778,100.00
10083,53396,50.00
10084,44961,0.00
10085,32843,0.00
10086,43923,100.00
10087,61127,0.00
10088,67450,0.00
10089,131685,0.00
10090,54728,0.00
10091,63026,0.00
10092,58388,0.00
10093,129975,0.00
10094,56770,0.00
10095,62214,0.00
10096,66644,0.00
10097,188055,0.00
10098,54364,0.00
10099,52051,0.00
10100,55225,0.00
10101,142583,0.00
10102,55467,0.00
10103,54904,0.00
10104,54841,0.00
10105,203502,0.00
10106,52013,0.00
10107,53332,0.00
10108,73654,0.00
10109,37795,50.00
10110,31089,0.00
10111,30543,50.00
10112,48227,0.00
10113,64157,50.00
10114,48312,100.00
10115,19813,0.00
10116,51798,100.00
10117,53315,100.00
10118,32220,100.00
10119,40975,100.00
10120,26352,0.00
10121,25418,0.00
10122,31144,100.00
10123,45891,50.00
10124,42012,0.00
10125,191426,0.00
10126,52164,0.00
10127,50028,0.00
10128,55635,0.00
10129,157446,0.00
10130,56440,0.00
10131,59618,0.00
10132,57372,0.00
10133,208278,0.00
10134,52622,0.00
10135,58818,0.00
10136,65330,0.00
10137,199380,0.00
10138,54808,0.00
10139,54940,0.00
10140,56792,0.00
10141,197885,0.00
10142,57872,0.00
10143,49178,0.00
10144,61251,0.00
10145,315512,0.00
10146,63491,0.00
10147,58344,0.00
10148,26363,50.00
10149,32231,0.00
10150,42416,100.00
10151,22408,0.00
10152,24778,100.00
10153,34997,100.00
10154,44455,100.00
10155,30220,100.00
10156,40245,100.00
10157,38623,100.00
10158,38745,50.00
10159,39429,0.00
10160,46490,0.00
10161,35524,0.00
10162,47876,0.00
10163,47782,0.00
10164,53781,0.00
10165,190245,0.00
10166,51197,0.00
10167,54818,0.00
10168,57102,0.00
10169,130778,0.00
10170,58492,0.00
10171,53721,0.00
10172,67755,0.00
10173,165595,0.00
10174,55192,0.00
10175,54511,0.00
10176,56516,0.00
10177,184730,0.00
10178,46052,0.00
10179,58184,0.00
10180,45995,50.00
10181,35711,0.00
10182,35672,50.00
10183,42591,0.00
10184,44853,50.00
10185,33779,0.00
10186,33438,50.00
10187,42349,100.00
10188,23651,0.00
10189,31759,0.00
10190,44562,100.00
10191,24616,0.00
10192,24347,0.00
10193,22818,100.00
10194,25383,50.00
10195,29033,0.00
10196,44778,0.00
10197,48564,0.00
10198,46187,0.00
10199,45938,0.00
10200,48042,0.00
10201,178169,0.00
10202,54277,0.00
10203,58321,0.00
10204,57724,0.00
10205,204097,0.00
10206,53257,0.00
10207,51093,0.00
10208,54316,0.00
10209,161552,0.00
10210,56334,0.00
10211,56055,0.00
10212,72193,0.00
10213,161597,0.00
10214,64635,0.00
10215,71056,100.00
10216,41948,0.00
10217,36056,100.00
10218,32503,0.00
10219,27926,100.00
10220,34252,100.00
10221,43551,0.00
10222,50281,100.00
10223,21232,0.00
10224,34512,100.00
10225,25003,0.00
10226,41823,66.67
10227,26936,0.00
10228,42311,0.00
10229,124034,0.00
10230,52726,0.00
10231,52950,0.00
10232,58562,0.00
10233,170536,0.00
10234,52380,0.00
10235,54676,0.00
10236,57432,0.00
10237,135771,0.00
10238,58438,0.00
10239,54566,0.00
10240,56240,0.00
10241,193926,0.00
10242,52679,0.00
10243,59316,0.00
10244,62907,0.00
10245,158784,0.00
10246,58453,0.00
10247,66349,0.00
10248,36934,50.00
10249,29820,0.00
10250,33493,50.00
10251,46107,0.00
10252,43906,50.00
10253,38918,0.00
10254,42263,100.00
10255,21585,0.00
10256,52407,0.00
10257,39835,100.00
10258,38211,100.00
10259,23211,50.00
10260,25627,0.00
10261,26152,50.00
10262,37377,0.00
10263,44775,50.00
10264,27545,0.00
10265,95257,0.00
10266,45565,0.00
10267,53066,0.00
10268,51542,0.00
10269,40698,0.00
10270,50090,0.00
10271,53139,0.00
10272,71385,0.00
10273,136012,0.00
10274,61236,0.00
10275,58076,0.00
10276,57368,0.00
10277,144943,0.00
10278,55584,0.00
10279,50719,0.00
10280,48006,0.00
10281,181239,0.00
10282,47669,0.00
10283,53122,50.00
10284,55410,0.00
10285,36023,0.00
10286,33130,100.00
10287,26607,50.00
10288,31319,0.00
10289,47090,0.00
10290,45923,100.00
10291,33672,50.00
10292,28805,0.00
10293,19938,100.00
10294,50361,100.00
10295,53452,0.00
10296,50963,100.00
10297,32006,0.00
10298,26785,100.00
10299,23381,0.00
10300,35187,50.00
10301,146665,0.00
10302,44717,0.00
10303,49625,0.00
10304,48112,0.00
10305,145471,0.00
10306,45737,0.00
10307,47935,0.00
10308,47257,0.00
10309,162782,0.00
10310,47903,0.00
10311,46047,0.00
10312,43811,0.00
10313,38587,0.00
10314,41255,0.00
10315,46363,0.00
10316,47465,0.00
10317,44655,0.00
10318,45479,100.00
10319,38220,0.00
10320,34446,100.00
10321,32648,100.00
10322,59347,100.00
10323,23697,0.00
10324,26534,100.00
10325,41603,100.00
10326,43337,100.00
10327,26636,0.00
10328,29622,100.00
10329,43322,50.00
10330,21482,0.00
10331,54352,0.00
10332,50484,0.00
10333,96473,0.00
10334,50401,0.00
10335,50287,0.00
10336,48635,0.00
10337,142608,0.00
10338,50197,0.00
10339,44151,0.00
10340,43617,0.00
10341,55656,0.00
10342,45305,0.00
10343,45915,0.00
10344,55036,0.00
10345,64086,0.00
10346,55947,0.00
10347,52177,0.00
10348,54369,0.00
10349,89654,0.00
10350,51633,0.00
10351,51107,0.00
10352,54420,0.00
10353,148087,0.00
10354,52917,0.00
10355,56279,50.00
10356,33713,100.00
10357,29549,0.00
10358,41891,100.00
10359,22801,0.00
10360,37179,100.00
10361,47642,0.00
10362,42691,100.00
10363,25326,100.00
10364,22825,100.00
10365,28534,0.00
10366,25291,100.00
10367,42655,0.00
10368,46444,0.00
10369,162176,0.00
10370,60613,0.00
10371,56853,0.00
10372,59387,0.00
10373,154228,0.00
10374,54498,0.00
10375,49949,0.00
10376,48569,0.00
10377,181607,0.00
10378,48838,0.00
10379,54725,0.00
10380,57912,0.00
10381,195724,0.00
10382,61638,0.00
10383,59771,0.00
10384,60745,0.00
10385,203296,0.00
10386,54417,0.00
10387,51360,0.00
10388,53010,0.00
10389,166322,0.00
10390,59286,0.00
10391,53473,0.00
10392,72018,0.00
10393,153927,100.00
10394,55349,50.00
10395,41139,0.00
10396,56721,100.00
10397,46427,100.00
10398,40929,100.00
10399,20951,0.00
10400,53858,100.00
10401,46334,100.00
10402,39326,100.00
10403,41964,50.00
10404,41660,0.00
10405,30661,0.00
10406,29836,100.00
10407,53093,0.00
10408,53581,0.00
10409,166673,0.00
10410,56141,0.00
10411,62274,0.00
10412,52470,0.00
10413,197755,0.00
10414,61321,0.00
10415,50653,0.00
10416,52347,0.00
10417,141206,0.00
10418,50771,0.00
10419,59958,0.00
10420,53384,0.00
10421,138328,0.00
10422,54829,0.00
10423,46065,0.00
10424,49050,0.00
10425,170974,0.00
10426,60092,50.00
10427,42382,0.00
10428,31341,0.00
10429,25054,100.00
10430,36226,50.00
10431,52513,0.00
10432,31646,0.00
10433,32939,100.00
10434,29304,0.00
10435,27259,100.00
10436,47681,100.00
10437,134537,0.00
10438,38434,50.00
10439,23731,100.00
10440,24226,0.00
10441,27201,0.00
10442,37848,50.00
10443,49627,100.00
10444,57385,0.00
10445,185762,0.00
10446,60125,0.00
10447,55512,0.00
10448,66214,0.00
10449,159970,0.00
10450,61421,0.00
10451,73220,0.00
10452,53066,0.00
10453,213794,0.00
10454,53432,0.00
10455,51139,0.00
10456,51637,0.00
10457,153986,0.00
10458,66128,0.00
10459,53649,0.00
10460,59201,0.00
10461,206861,0.00
10462,65816,0.00
10463,33934,50.00
10464,30341,0.00
10465,28565,50.00
10466,26452,0.00
10467,40631,50.00
10468,55966,100.00
10469,46919,100.00
10470,44026,100.00
10471,23130,0.00
10472,23937,100.00
10473,122700,100.00
10474,48244,50.00
10475,35549,0.00
10476,51929,0.00
10477,136892,0.00
10478,53458,0.00
10479,50757,0.00
10480,52540,0.00
10481,196065,0.00
10482,51165,0.00
10483,56582,0.00
10484,59199,0.00
10485,189239,0.00
10486,52383,0.00
10487,56312,0.00
10488,58137,0.00
10489,162206,0.00
10490,57713,0.00
10491,60738,0.00
10492,51923,0.00
10493,155792,0.00
10494,48091,0.00
10495,65009,50.00
10496,38183,0.00
10497,38555,0.00
10498,62511,100.00
10499,32274,50.00
10500,40242,0.00
10501,27938,100.00
10502,64771,100.00
10503,26704,0.00
10504,50990,0.00
10505,131546,100.00
10506,35651,100.00
10507,25076,0.00
10508,30294,100.00
10509,45557,0.00
10510,58219,100.00
10511,52593,0.00
10512,53661,0.00
10513,152757,0.00
10514,53499,0.00
10515,51822,0.00
10516,55168,0.00
10517,241748,0.00
10518,63324,0.00
10519,61988,0.00
10520,72910,0.00
10521,224655,0.00
10522,51414,0.00
10523,56545,0.00
10524,57233,0.00
10525,151498,0.00
10526,53578,0.00
10527,59234,0.00
10528,56501,0.00
10529,208072,0.00
10530,63011,0.00
10531,55617,0.00
10532,52651,0.00
10533,140221,0.00
10534,62460,0.00
10535,32730,100.00
10536,34918,0.00
10537,28627,100.00
10538,30286,100.00
10539,22687,0.00
10540,37374,100.00
10541,43909,100.00
10542,43882,100.00
10543,46833,0.00
10544,23570,100.00
10545,32562,100.00
10546,57843,0.00
10547,63223,0.00
10548,65123,0.00
10549,221396,0.00
10550,70114,0.00
10551,57533,0.00
10552,54805,0.00
10553,146865,0.00
10554,54880,0.00
10555,62046,0.00
10556,51259,0.00
10557,149950,0.00
10558,52395,0.00
10559,52202,0.00
10560,53131,0.00
10561,150269,0.00
10562,52585,0.00
10563,49142,0.00
10564,48339,0.00
10565,125938,0.00
10566,63994,0.00
10567,29621,50.00
10568,36318,0.00
10569,32664,50.00
10570,48472,0.00
10571,51299,50.00
10572,34528,0.00
10573,42229,100.00
10574,58746,100.00
10575,24673,0.00
10576,52291,100.00
10577,47555,100.00
10578,55556,100.00
10579,26357,50.00
10580,24432,0.00
10581,30675,0.00
10582,48302,100.00
10583,40309,50.00
10584,36618,0.00
10585,144757,0.00
10586,52560,0.00
10587,50239,0.00
10588,63904,0.00
10589,211036,0.00
10590,61178,0.00
10591,62664,0.00
10592,57344,0.00
10593,206369,0.00
10594,57718,0.00
10595,56882,0.00
10596,55113,0.00
10597,154986,0.00
10598,60991,0.00
10599,55080,0.00
10600,59752,0.00
10601,157871,0.00
10602,58719,0.00
10603,53848,0.00
10604,47647,0.00
10605,140267,0.00
10606,67230,0.00
10607,53331,100.00
10608,35946,0.00
10609,26835,100.00
10610,38045,0.00
10611,46527,100.00
10612,38987,100.00
10613,29586,0.00
10614,30602,100.00
10615,19846,0.00
10616,28306,100.00
10617,35383,0.00
10618,21734,100.00
10619,14802,0.00
10620,14266,100.00
10621,16024,0.00
10622,55339,0.00
10623,52436,0.00
10624,52234,0.00
10625,160472,0.00
10626,59545,0.00
10627,52160,0.00
10628,62724,0.00
10629,224302,0.00
10630,70841,0.00
10631,56359,0.00
10632,72013,0.00
10633,228634,0.00
10634,55584,0.00
10635,59610,0.00
10636,61349,0.00
10637,233924,0.00
10638,60169,0.00
10639,61299,0.00
10640,59470,0.00
10641,163651,0.00
10642,57509,50.00
10643,50201,0.00
10644,32051,100.00
10645,45699,0.00
10646,59414,100.00
10647,19312,0.00
10648,27114,100.00
10649,25205,0.00
10650,59910,100.00
10651,44794,100.00
10652,38065,100.00
10653,137434,0.00
10654,30085,100.00
10655,50418,0.00
10656,57959,0.00
10657,195560,0.00
10658,58248,0.00
10659,57504,0.00
10660,58308,0.00
10661,289010,0.00
10662,53730,0.00
10663,44787,0.00
10664,45904,0.00
10665,45521,0.00
10666,47109,0.00
10667,45544,0.00
10668,54440,0.00
10669,124301,0.00
10670,53375,0.00
10671,52153,0.00
10672,55448,0.00
10673,160277,0.00
10674,57845,0.00
10675,57497,0.00
10676,53730,0.00
10677,172231,0.00
10678,64778,50.00
10679,42668,0.00
10680,27151,0.00
10681,43715,100.00
10682,21502,0.00
10683,27030,100.00
10684,61477,100.00
10685,43774,100.00
10686,58001,100.00
10687,37423,100.00
10688,26292,100.00
10689,29222,100.00
10690,31731,100.00
10691,37560,50.00
10692,26683,0.00
10693,83992,0.00
10694,64937,0.00
10695,64867,0.00
10696,72384,0.00
10697,201792,0.00
10698,65626,0.00
10699,60934,0.00
10700,57638,0.00
10701,212591,0.00
10702,58094,0.00
10703,58220,0.00
10704,59406,0.00
10705,158153,0.00
10706,56127,0.00
10707,56663,0.00
10708,111075,0.00
10709,168690,0.00
10710,58329,0.00
10711,57491,0.00
10712,54730,0.00
10713,187113,0.00
10714,57005,0.00
10715,56940,0.00
10716,61970,0.00
10717,166645,0.00
10718,72466,100.00
10719,69133,50.00
10720,41401,0.00
10721,37423,100.00
10722,26073,100.00
10723,22318,0.00
10724,27801,100.00
10725,22973,100.00
10726,53424,100.00
10727,43852,0.00
10728,33854,100.00
10729,36309,100.00
10730,32705,0.00
10731,41066,100.00
10732,53066,0.00
10733,176692,0.00
10734,62484,0.00
10735,69892,0.00
10736,56700,0.00
10737,207484,0.00
10738,58451,0.00
10739,70481,0.00
10740,53635,0.00
10741,152084,0.00
10742,53924,0.00
10743,51775,0.00
10744,57206,0.00
10745,147722,0.00
10746,52793,0.00
10747,53194,0.00
10748,69549,0.00
10749,166665,0.00
10750,59811,0.00
10751,53963,0.00
10752,56256,0.00
10753,156112,0.00
10754,51003,100.00
10755,30859,0.00
10756,37526,100.00
10757,148034,0.00
10758,50684,100.00
10759,37678,0.00
10760,34051,100.00
10761,31566,100.00
10762,55013,100.00
10763,19608,0.00
10764,53258,100.00
10765,33510,0.00
10766,28963,100.00
10767,23574,0.00
10768,31882,100.00
10769,127240,0.00
10770,43234,100.00
10771,47147,0.00
10772,56013,0.00
10773,152164,0.00
10774,58568,0.00
10775,55263,0.00
10776,56303,0.00
10777,197060,0.00
10778,55493,0.00
10779,51231,0.00
10780,51138,0.00
10781,187008,0.00
10782,45096,0.00
10783,63729,0.00
10784,46785,0.00
10785,170329,0.00
10786,53870,0.00
10787,44987,0.00
10788,52006,0.00
10789,135448,0.00
10790,32034,50.00
10791,29628,100.00
10792,28589,0.00
10793,25321,0.00
10794,32810,50.00
10795,53529,100.00
10796,47957,0.00
10797,42166,100.00
10798,40032,100.00
10799,24546,0.00
10800,37211,100.00
10801,122949,0.00
10802,33718,100.00
10803,44613,0.00
10804,53438,0.00
10805,202270,0.00
10806,54862,0.00
10807,66478,0.00
10808,53563,0.00
10809,222002,0.00
10810,59568,0.00
10811,54997,0.00
10812,54877,0.00
10813,216934,0.00
10814,57224,0.00
10815,52717,0.00
10816,60429,0.00
10817,218958,0.00
10818,78699,0.00
10819,38405,100.00
10820,33515,0.00
10821,35181,0.00
10822,49493,50.00
10823,39490,100.00
10824,33586,100.00
10825,27124,100.00
10826,62791,100.00
10827,23009,0.00
10828,21670,100.00
10829,55213,100.00
10830,56429,100.00
10831,26318,0.00
10832,28598,100.00
10833,98954,0.00
10834,56613,100.00
10835,44004,0.00
10836,48568,0.00
10837,147915,0.00
10838,52088,0.00
10839,55148,0.00
10840,56634,0.00
10841,184493,0.00
10842,47866,0.00
10843,47996,0.00
10844,48652,0.00
10845,204957,0.00
10846,53406,0.00
10847,52975,0.00
10848,52747,0.00
10849,184244,0.00
10850,61487,0.00
10851,52721,0.00
10852,59890,0.00
10853,185388,0.00
10854,49186,0.00
10855,50281,0.00
10856,52918,0.00
10857,169284,0.00
10858,66360,0.00
10859,35972,50.00
10860,32392,0.00
10861,27114,0.00
10862,44831,100.00
10863,23082,0.00
10864,41775,100.00
10865,42311,100.00
10866,37738,100.00
10867,34440,0.00
10868,35844,100.00
10869,35003,100.00
10870,38683,100.00
10871,58346,0.00
10872,48403,0.00
10873,144630,0.00
10874,57183,0.00
10875,56937,0.00
10876,58764,0.00
10877,153820,0.00
10878,71880,0.00
10879,55853,0.00
10880,47854,0.00
10881,134551,0.00
10882,43385,0.00
10883,48715,0.00
10884,63838,0.00
10885,104977,0.00
10886,47957,0.00
10887,55900,0.00
10888,52976,0.00
10889,185607,0.00
10890,66211,0.00
10891,35644,0.00
10892,29417,50.00
10893,38433,0.00
10894,62852,50.00
10895,56207,0.00
10896,41398,50.00
10897,31435,0.00
10898,39775,50.00
10899,42237,0.00
10900,57290,100.00
10901,111343,50.00
10902,33685,0.00
10903,23789,50.00
10904,21729,0.00
10905,20471,50.00
10906,46859,0.00
10907,50845,50.00
10908,37628,0.00
10909,32221,50.00
10910,52143,0.00
10911,57299,0.00
10912,72930,0.00
10913,161315,0.00
10914,64961,0.00
10915,69354,0.00
10916,57135,0.00
10917,298627,0.00
10918,56437,0.00
10919,58433,0.00
10920,59785,0.00
10921,156833,0.00
10922,56730,0.00
10923,62596,0.00
10924,92559,0.00
10925,139012,0.00
10926,47187,100.00
10927,28522,0.00
10928,25802,100.00
10929,35847,0.00
10930,64376,100.00
10931,49164,0.00
10932,56643,100.00
10933,36607,0.00
10934,37006,100.00
10935,22747,0.00
10936,61589,0.00
10937,41074,100.00
10938,31500,0.00
10939,25794,100.00
10940,21101,0.00
10941,32427,100.00
10942,47409,0.00
10943,49236,0.00
10944,47320,0.00
10945,122245,0.00
10946,49231,0.00
10947,46697,0.00
10948,57061,0.00
10949,62447,0.00
10950,58194,0.00
10951,61294,0.00
10952,63021,0.00
10953,231902,0.00
10954,61234,0.00
10955,55278,0.00
10956,55117,0.00
10957,207548,0.00
10958,68067,0.00
10959,51030,0.00
10960,50134,0.00
10961,196092,0.00
10962,67025,50.00
10963,63576,0.00
10964,45283,50.00
10965,35034,0.00
10966,28810,50.00
10967,38220,100.00
10968,26604,0.00
10969,23122,100.00
10970,51621,100.00
10971,31339,100.00
10972,32785,100.00
10973,40859,100.00
10974,58745,50.00
10975,29020,0.00
10976,41159,0.00
10977,294486,0.00
10978,49048,0.00
10979,50921,0.00
10980,51769,0.00
10981,181687,0.00
10982,49292,0.00
10983,47004,0.00
10984,51438,0.00
10985,181625,0.00
10986,51387,0.00
10987,61526,0.00
10988,54901,0.00
10989,146484,0.00
10990,49364,0.00
10991,53611,0.00
10992,57328,0.00
10993,205567,0.00
10994,60781,50.00
10995,38857,0.00
10996,31996,50.00
10997,40075,0.00
10998,57340,50.00
10999,54375,100.00
11000,43466,0.00
11001,25430,100.00
11002,28176,100.00
11003,40831,100.00
11004,43596,100.00
11005,44653,0.00
11006,32384,100.00
11007,25336,50.00
11008,24547,0.00
11009,33938,0.00
11010,44167,100.00
11011,56093,0.00
11012,67198,0.00
11013,128050,0.00
11014,56810,0.00
11015,50847,0.00
11016,48485,0.00
11017,105553,0.00
11018,53884,0.00
11019,47021,0.00
11020,44334,0.00
11021,194149,0.00
11022,50584,0.00
11023,44638,0.00
11024,55506,0.00
11025,138216,0.00
11026,54859,0.00
11027,58152,0.00
11028,66331,0.00
11029,179952,0.00
11030,67765,50.00
11031,62162,0.00
11032,35206,0.00
11033,33117,100.00
11034,28563,50.00
11035,29635,0.00
11036,52158,50.00
11037,38817,0.00
11038,38007,100.00
11039,25917,100.00
11040,25695,0.00
11041,38334,100.00
11042,43055,100.00
11043,43731,0.00
11044,39742,0.00
11045,152882,0.00
11046,53045,0.00
11047,44524,0.00
11048,51394,0.00
11049,170744,0.00
11050,53185,0.00
11051,54509,0.00
11052,51788,0.00
11053,195581,0.00
11054,58514,0.00
11055,58191,0.00
11056,60463,0.00
11057,253029,0.00
11058,60853,0.00
11059,77678,0.00
11060,62020,0.00
11061,219617,0.00
11062,47313,50.00
11063,31314,100.00
11064,29633,0.00
11065,33717,0.00
11066,53542,50.00
11067,49365,100.00
11068,27936,0.00
11069,36292,100.00
11070,45619,100.00
11071,31993,100.00
11072,20353,100.00
11073,24763,0.00
11074,18594,50.00
11075,21828,0.00
11076,24611,50.00
11077,41597,0.00
11078,53867,50.00
11079,42862,0.00
11080,39724,0.00
11081,168090,0.00
11082,48610,0.00
11083,51643,0.00
11084,48505,0.00
11085,120564,0.00
11086,49988,0.00
11087,48469,0.00
11088,65280,0.00
11089,194458,0.00
11090,48741,0.00
11091,57601,0.00
11092,54708,0.00
11093,131448,0.00
11094,51767,0.00
11095,54954,0.00
11096,50159,0.00
11097,131804,0.00
11098,77538,0.00
11099,34770,0.00
11100,30607,100.00
11101,27958,0.00
11102,24484,100.00
11103,53704,0.00
11104,47045,100.00
11105,29065,0.00
11106,26046,100.00
11107,23345,100.00
11108,24135,100.00
11109,40009,50.00
11110,55610,0.00
11111,27617,50.00
11112,35945,0.00
11113,199494,0.00
11114,69506,0.00
11115,53147,0.00
11116,51536,0.00
11117,192386,0.00
11118,54614,0.00
11119,52018,0.00
11120,53801,0.00
11121,147122,0.00
11122,51053,0.00
11123,51410,0.00
11124,52496,0.00
11125,144596,0.00
11126,50546,0.00
11127,48378,0.00
11128,47708,0.00
11129,99981,0.00
11130,32838,100.00
11131,33876,0.00
11132,41373,100.00
11133,109630,0.00
11134,37676,100.00
11135,29677,50.00
11136,33163,100.00
11137,28870,0.00
11138,56920,100.00
11139,19175,0.00
11140,42510,0.00
11141,34618,100.00
11142,20699,0.00
11143,16259,100.00
11144,17965,0.00
11145,32818,100.00
11146,24057,0.00
11147,54680,0.00
11148,61123,0.00
11149,161300,0.00
11150,59853,0.00
11151,62419,0.00
11152,63112,0.00
11153,238643,0.00
11154,58708,0.00
11155,57062,0.00
11156,55064,0.00
11157,220295,0.00
11158,58028,0.00
11159,55346,0.00
11160,56501,0.00
11161,141718,0.00
11162,59091,0.00
11163,51601,0.00
11164,53773,0.00
11165,114776,0.00
11166,61596,0.00
11167,45045,100.00
11168,39145,0.00
11169,36928,100.00
11170,30764,0.00
11171,49725,100.00
11172,63987,50.00
11173,24527,0.00
11174,24111,100.00
11175,23243,0.00
11176,26986,100.00
11177,26269,100.00
11178,62199,100.00
11179,34427,100.00
11180,45867,0.00
11181,183356,0.00
11182,42438,0.00
11183,52487,0.00
11184,57273,0.00
11185,132456,0.00
11186,53791,0.00
11187,54428,0.00
11188,58082,0.00
11189,152841,0.00
11190,52794,0.00
11191,53113,0.00
11192,52488,0.00
11193,146857,0.00
11194,55463,0.00
11195,59657,0.00
11196,59777,0.00
11197,210390,0.00
11198,41724,0.00
11199,28513,50.00
11200,30477,0.00
11201,42434,50.00
11202,48279,0.00
11203,25337,50.00
11204,26626,0.00
11205,31411,100.00
11206,65680,100.00
11207,29559,0.00
11208,49528,50.00
11209,32177,0.00
11210,25595,50.00
11211,20894,0.00
11212,27325,50.00
11213,48912,0.00
11214,37079,50.00
11215,27974,0.00
11216,44041,50.00
11217,126534,0.00
11218,56521,0.00
11219,61283,0.00
11220,61751,0.00
11221,185223,0.00
11222,48620,0.00
11223,47865,0.00
11224,55647,0.00
11225,184325,0.00
11226,55986,0.00
11227,55569,0.00
11228,54277,0.00
11229,187732,0.00
11230,53254,0.00
11231,56537,0.00
11232,58365,0.00
11233,154229,0.00
11234,44778,100.00
11235,33941,0.00
11236,28924,0.00
11237,24203,100.00
11238,36089,50.00
11239,53195,0.00
11240,38834,0.00
11241,43683,100.00
11242,27178,0.00
11243,28371,100.00
11244,25953,100.00
11245,151011,0.00
11246,32288,100.00
11247,26470,50.00
11248,26774,0.00
11249,26090,0.00
11250,33839,100.00
11251,48253,50.00
11252,47463,0.00
11253,203358,0.00
11254,56292,0.00
11255,54966,0.00
11256,56746,0.00
11257,165614,0.00
11258,55553,0.00
11259,57217,0.00
11260,60750,0.00
11261,164124,0.00
11262,62099,0.00
11263,58706,0.00
11264,64887,0.00
11265,200921,0.00
11266,58750,0.00
11267,64464,0.00
11268,57106,0.00
11269,272573,0.00
11270,56590,0.00
11271,56878,0.00
11272,54321,0.00
11273,30379,100.00
11274,26384,100.00
11275,29011,0.00
11276,26646,100.00
11277,28041,100.00
11278,63624,100.00
11279,25789,0.00
11280,30564,100.00
11281,49057,100.00
11282,46435,100.00
11283,27553,100.00
11284,53597,0.00
11285,168034,0.00
11286,48788,0.00
11287,56105,0.00
11288,52965,0.00
11289,150519,0.00
11290,50500,0.00
11291,52026,0.00
11292,51436,0.00
11293,146074,0.00
11294,59609,0.00
11295,59135,0.00
11296,54320,0.00
11297,233610,0.00
11298,59459,0.00
11299,58788,0.00
11300,55659,0.00
11301,137031,0.00
11302,60541,0.00
11303,68835,0.00
11304,44920,0.00
11305,31254,50.00
11306,30481,100.00
11307,34857,0.00
11308,59388,0.00
11309,44205,50.00
11310,47662,100.00
11311,23001,0.00
11312,25786,100.00
11313,44022,0.00
11314,50122,100.00
11315,24876,0.00
11316,22936,0.00
11317,24434,50.00
11318,25949,100.00
11319,30483,0.00
11320,44371,0.00
11321,163006,0.00
11322,52401,0.00
11323,51495,0.00
11324,54393,0.00
11325,208564,0.00
11326,49959,0.00
11327,54958,0.00
11328,53961,0.00
11329,80150,0.00
11330,61996,0.00
11331,57732,0.00
11332,58209,0.00
11333,65466,0.00
11334,69671,0.00
11335,57932,0.00
11336,54132,0.00
11337,208643,0.00
11338,54361,0.00
11339,61905,50.00
11340,58485,0.00
11341,34148,50.00
11342,30012,0.00
11343,26012,50.00
11344,26934,0.00
11345,36248,100.00
11346,64587,100.00
11347,20978,0.00
11348,20568,100.00
11349,23752,100.00
11350,29900,100.00
11351,57242,0.00
11352,51813,0.00
11353,225027,0.00
11354,48623,0.00
11355,56786,0.00
11356,55631,0.00
11357,160411,0.00
11358,57933,0.00
11359,57365,0.00
11360,64154,0.00
11361,194658,0.00
11362,47529,0.00
11363,47214,0.00
11364,45721,0.00
11365,123392,0.00
11366,47001,0.00
11367,48384,0.00
11368,49513,0.00
11369,169091,0.00
11370,49729,0.00
11371,66203,50.00
11372,39726,0.00
11373,31826,50.00
11374,34816,0.00
11375,37592,50.00
11376,41437,0.00
11377,28691,50.00
11378,42215,100.00
11379,20175,0.00
11380,44115,100.00
11381,38598,100.00
11382,35355,100.00
11383,26123,0.00
11384,22890,50.00
11385,22295,0.00
11386,31849,50.00
11387,46180,0.00
11388,43736,50.00
11389,180617,0.00
11390,54403,0.00
11391,56670,0.00
11392,56836,0.00
11393,151584,0.00
11394,52679,0.00
11395,52954,0.00
11396,52821,0.00
11397,99550,0.00
11398,44484,0.00
11399,44102,0.00
11400,49511,0.00
11401,136403,0.00
11402,55280,0.00
11403,53637,0.00
11404,64514,0.00
11405,141002,0.00
11406,51403,0.00
11407,64646,0.00
11408,66132,0.00
11409,44781,0.00
11410,40143,50.00
11411,29901,100.00
11412,28880,0.00
11413,34063,0.00
11414,57706,50.00
11415,30320,100.00
11416,31827,0.00
11417,22002,100.00
11418,46952,50.00
11419,32351,100.00
11420,53934,0.00
11421,38597,0.00
11422,44441,50.00
11423,54308,0.00
11424,58935,0.00
11425,137978,0.00
11426,54670,0.00
11427,50512,0.00
11428,59219,0.00
11429,198923,0.00
11430,56650,0.00
11431,55869,0.00
11432,59038,0.00
11433,62446,0.00
11434,63585,0.00
11435,62939,0.00
11436,69831,0.00
11437,155742,0.00
11438,41755,50.00
11439,32599,0.00
11440,47992,50.00
11441,43295,0.00
11442,58936,100.00
11443,20556,0.00
11444,25258,100.00
11445,56113,100.00
11446,51135,100.00
11447,52078,100.00
11448,49594,100.00
11449,32660,0.00
11450,29615,100.00
11451,20794,50.00
11452,36994,0.00
11453,40433,0.00
11454,39244,50.00
11455,59448,0.00
11456,55174,0.00
11457,192137,0.00
11458,52541,0.00
11459,53503,0.00
11460,59217,0.00
11461,269304,0.00
11462,67556,0.00
11463,58238,0.00
11464,55763,0.00
11465,230421,0.00
11466,53015,0.00
11467,67088,0.00
11468,58109,0.00
11469,190621,0.00
11470,42698,0.00
11471,52204,0.00
11472,44781,0.00
11473,171089,0.00
11474,45289,0.00
11475,42412,0.00
11476,42352,0.00
11477,131455,0.00
11478,40654,50.00
11479,38196,0.00
11480,25455,0.00
11481,36389,100.00
11482,43646,50.00
11483,49910,100.00
11484,21236,0.00
11485,26861,100.00
11486,24407,100.00
11487,39839,0.00
11488,41180,100.00
11489,38777,100.00
11490,31867,0.00
11491,44981,0.00
11492,56946,0.00
11493,135616,0.00
11494,55733,0.00
11495,51950,0.00
11496,49870,0.00
11497,116937,0.00
11498,44209,0.00
11499,53050,0.00
11500,47321,0.00
11501,162668,0.00
11502,49341,0.00
11503,76411,0.00
11504,55676,0.00
11505,146828,0.00
11506,51139,0.00
11507,51303,0.00
11508,58178,0.00
11509,42853,100.00
11510,33403,50.00
11511,36983,0.00
11512,53816,0.00
11513,42510,100.00
11514,30815,50.00
11515,28353,0.00
11516,42160,50.00
11517,36408,0.00
11518,48039,100.00
11519,43585,100.00
11520,31739,0.00
11521,26913,0.00
11522,27418,100.00
11523,30058,50.00
11524,39131,0.00
11525,39815,0.00
11526,35778,100.00
11527,30487,50.00
11528,52772,0.00
11529,92880,0.00
11530,46020,0.00
11531,45560,0.00
11532,46937,0.00
11533,166749,0.00
11534,48277,0.00
11535,51889,0.00
11536,52219,0.00
11537,199478,0.00
11538,59946,0.00
11539,53151,0.00
11540,54136,0.00
11541,138825,0.00
11542,47668,0.00
11543,45328,0.00
11544,54567,0.00
11545,168690,0.00
11546,45417,0.00
11547,32547,50.00
11548,26188,0.00
11549,28047,50.00
11550,39096,0.00
11551,53297,50.00
11552,30739,0.00
11553,36302,100.00
11554,40421,100.00
11555,22286,0.00
11556,48479,50.00
11557,44021,0.00
11558,32891,50.00
11559,25497,0.00
11560,22844,50.00
11561,29330,0.00
11562,41120,50.00
11563,41674,0.00
11564,51307,0.00
11565,211984,0.00
11566,52188,0.00
11567,53040,0.00
11568,67246,0.00
11569,149610,0.00
11570,68515,0.00
11571,55290,0.00
11572,55743,0.00
11573,130846,0.00
11574,52792,0.00
11575,55863,0.00
11576,55037,0.00
11577,152108,0.00
11578,58969,0.00
11579,54826,0.00
11580,53875,0.00
11581,221687,0.00
11582,56017,100.00
11583,32160,0.00
11584,29228,100.00
11585,28815,0.00
11586,45502,100.00
11587,22516,0.00
11588,25073,100.00
11589,51317,100.00
11590,41650,100.00
11591,35501,100.00
11592,36845,100.00
11593,36791,100.00
11594,34269,0.00
11595,48354,0.00
11596,55254,0.00
11597,60626,0.00
11598,61783,0.00
11599,62996,0.00
11600,52488,0.00
11601,200013,0.00
11602,56494,0.00
11603,59226,0.00
11604,56850,0.00
11605,211341,0.00
11606,56677,0.00
11607,57617,0.00
11608,58286,0.00
11609,363426,0.00
11610,57479,0.00
11611,58660,0.00
11612,65829,0.00
11613,172362,0.00
11614,69321,100.00
11615,43147,0.00
11616,39451,100.00
11617,35755,0.00
11618,47294,100.00
11619,44387,0.00
11620,36092,100.00
11621,32596,0.00
11622,39976,100.00
11623,22851,0.00
11624,39792,100.00
11625,47808,100.00
11626,42318,0.00
11627,33410,50.00
11628,40297,0.00
11629,34573,50.00
11630,41772,0.00
11631,53421,50.00
11632,59333,0.00
11633,203834,0.00
11634,59366,0.00
11635,54951,0.00
11636,71718,0.00
11637,150990,0.00
11638,61146,0.00
11639,67786,0.00
11640,62497,0.00
11641,162206,0.00
11642,57441,0.00
11643,56764,0.00
11644,56848,0.00
11645,227751,0.00
11646,54601,0.00
11647,53120,0.00
11648,67708,0.00
11649,56239,0.00
11650,64257,100.00
11651,29739,0.00
11652,32801,0.00
11653,26206,100.00
11654,34367,50.00
11655,47782,100.00
11656,46280,0.00
11657,38150,100.00
11658,28412,100.00
11659,28146,0.00
11660,23673,100.00
11661,142027,100.00
11662,29579,50.00
11663,54199,0.00
11664,59160,0.00
11665,210781,0.00
11666,51021,0.00
11667,52285,0.00
11668,48400,0.00
11669,274308,0.00
11670,69057,0.00
11671,55058,0.00
11672,56921,0.00
11673,166205,0.00
11674,65993,0.00
11675,57305,0.00
11676,61242,0.00
11677,73523,0.00
11678,67345,0.00
11679,70095,0.00
11680,72241,0.00
11681,224021,0.00
11682,44120,50.00
11683,28467,0.00
11684,30238,0.00
11685,40266,100.00
11686,54557,50.00
11687,45325,100.00
11688,22709,0.00
11689,25307,100.00
11690,49199,100.00
11691,45789,100.00
11692,37019,100.00
11693,27942,0.00
11694,27020,100.00
11695,43847,0.00
11696,35933,100.00
11697,103338,0.00
11698,40707,100.00
11699,43855,0.00
11700,44525,0.00
11701,187487,0.00
11702,57042,0.00
11703,64684,0.00
11704,68506,0.00
11705,213137,0.00
11706,60530,0.00
11707,58178,0.00
11708,56736,0.00
11709,242986,0.00
11710,61506,0.00
11711,72652,0.00
11712,53122,0.00
11713,197264,0.00
11714,50157,0.00
11715,59002,0.00
11716,61718,0.00
11717,150582,0.00
11718,60294,100.00
11719,33858,0.00
11720,34959,100.00
11721,29280,0.00
11722,26890,100.00
11723,29034,0.00
11724,55160,100.00
11725,42248,0.00
11726,25754,100.00
11727,33471,100.00
11728,30267,0.00
11729,34837,0.00
11730,46163,50.00
11731,40976,100.00
11732,27754,0.00
11733,21674,0.00
11734,20472,50.00
11735,33589,0.00
11736,46298,0.00
11737,183946,0.00
11738,64943,0.00
11739,52753,0.00
11740,51295,0.00
11741,211247,0.00
11742,51481,0.00
11743,48987,0.00
11744,52964,0.00
11745,158302,0.00
11746,60598,0.00
11747,58218,0.00
11748,70291,0.00
11749,74836,0.00
11750,71282,0.00
11751,52715,50.00
11752,53997,0.00
11753,73606,0.00
11754,47569,100.00
11755,21374,0.00
11756,54919,100.00
11757,33549,100.00
11758,29108,100.00
11759,25100,0.00
11760,55810,100.00
11761,49145,100.00
11762,35994,100.00
11763,55541,0.00
11764,59281,0.00
11765,83482,0.00
11766,57117,0.00
11767,58881,0.00
11768,60074,0.00
11769,205895,0.00
11770,57636,0.00
11771,55567,0.00
11772,61874,0.00
11773,213060,0.00
11774,62062,0.00
11775,62135,0.00
11776,59032,0.00
11777,171234,0.00
11778,63036,0.00
11779,63573,0.00
11780,63130,0.00
11781,137681,0.00
11782,50222,0.00
11783,51090,0.00
11784,52165,0.00
11785,138949,0.00
11786,47073,0.00
11787,51420,0.00
11788,52877,0.00
11789,60627,0.00
11790,68632,50.00
11791,31519,100.00
11792,29676,0.00
11793,30351,100.00
11794,54815,100.00
11795,23751,0.00
11796,44278,0.00
11797,38428,100.00
11798,28332,100.00
11799,23786,100.00
11800,25392,0.00
11801,24827,100.00
11802,37977,50.00
11803,53825,0.00
11804,60442,0.00
11805,194370,0.00
11806,52770,0.00
11807,56062,0.00
11808,62115,0.00
11809,227735,0.00
11810,56223,0.00
11811,62570,0.00
11812,61361,0.00
11813,166249,0.00
11814,58664,0.00
11815,57194,0.00
11816,58293,0.00
11817,135514,0.00
11818,54505,0.00
11819,60636,0.00
11820,66987,0.00
11821,190219,0.00
11822,55661,0.00
11823,60587,0.00
11824,53701,0.00
11825,144398,0.00
11826,49807,0.00
11827,62361,0.00
11828,53651,50.00
11829,136081,0.00
11830,62738,66.67
11831,19576,0.00
11832,36563,100.00
11833,32700,100.00
11834,27203,100.00
11835,38058,100.00
11836,37697,100.00
11837,28383,100.00
11838,39598,100.00
11839,52143,0.00
11840,38932,100.00
11841,30288,0.00
11842,50466,100.00
11843,59061,0.00
11844,62151,0.00
11845,172245,0.00
11846,56434,0.00
11847,53683,0.00
11848,55900,0.00
11849,66838,0.00
11850,54193,0.00
11851,53495,0.00
11852,71486,0.00
11853,153984,0.00
11854,51515,0.00
11855,48203,0.00
11856,57403,0.00
11857,122517,0.00
11858,54182,0.00
11859,51673,0.00
11860,50501,0.00
11861,174840,0.00
11862,65730,0.00
11863,40023,0.00
11864,32722,50.00
11865,30883,0.00
11866,35175,50.00
11867,60382,0.00
11868,41927,50.00
11869,48283,100.00
11870,21685,0.00
11871,25174,100.00
11872,47011,0.00
11873,152303,50.00
11874,33621,100.00
11875,27028,0.00
11876,23241,0.00
11877,25628,50.00
11878,31041,100.00
11879,53898,0.00
11880,57705,0.00
11881,175384,0.00
11882,57562,0.00
11883,58973,0.00
11884,58924,0.00
11885,144672,0.00
11886,53126,0.00
11887,60699,0.00
11888,52686,0.00
11889,69352,0.00
11890,42502,0.00
11891,52831,0.00
11892,52681,0.00
11893,207862,0.00
11894,51842,0.00
11895,60189,0.00
11896,56410,0.00
11897,202154,0.00
11898,64153,50.00
11899,35171,0.00
11900,27207,50.00
11901,29818,0.00
11902,27573,50.00
11903,43528,100.00
11904,47825,0.00
11905,44763,100.00
11906,53598,100.00
11907,24298,0.00
11908,23512,0.00
11909,139204,100.00
11910,55808,50.00
11911,53332,0.00
11912,58805,0.00
11913,55560,0.00
11914,44746,0.00
11915,51051,0.00
11916,47839,0.00
11917,211604,0.00
11918,54454,0.00
11919,54181,0.00
11920,57221,0.00
11921,232613,0.00
11922,57920,0.00
11923,58489,0.00
11924,69370,0.00
11925,245690,0.00
11926,56877,0.00
11927,58323,0.00
11928,59018,0.00
11929,62059,0.00
11930,51816,50.00
11931,24385,0.00
11932,33413,50.00
11933,94993,0.00
11934,61642,50.00
11935,44419,0.00
11936,40732,50.00
11937,26219,0.00
11938,27384,100.00
11939,46396,100.00
11940,52487,100.00
11941,139427,0.00
11942,35113,100.00
11943,22774,50.00
11944,21664,0.00
11945,29912,0.00
11946,45136,100.00
11947,50543,0.00
11948,50277,0.00
11949,200557,0.00
11950,53204,0.00
11951,52011,0.00
11952,60580,0.00
11953,160763,0.00
11954,58010,0.00
11955,55964,0.00
11956,55981,0.00
11957,182078,0.00
11958,47445,0.00
11959,53766,0.00
11960,53961,0.00
11961,132294,0.00
11962,52698,0.00
11963,52524,0.00
11964,70785,0.00
11965,228259,0.00
11966,74386,0.00
11967,67378,0.00
11968,70855,0.00
11969,130260,100.00
11970,38625,0.00
11971,28554,100.00
11972,29078,100.00
11973,29887,0.00
11974,50690,100.00
11975,21845,0.00
11976,40198,100.00
11977,28904,0.00
11978,42697,100.00
11979,32807,100.00
11980,37601,100.00
11981,217104,0.00
11982,44436,0.00
11983,44636,0.00
11984,51632,0.00
11985,198967,0.00
11986,47277,0.00
11987,55119,0.00
11988,50641,0.00
11989,199814,0.00
11990,57043,0.00
11991,59893,0.00
11992,58133,0.00
11993,223551,0.00
11994,60324,0.00
11995,61501,0.00
11996,61719,0.00
11997,174946,0.00
11998,60168,0.00
11999,70275,0.00
12000,92674,0.00
