sample,work_ns,cpu_utilization
1,104431,0.00
2,78594,0.00
3,56694,0.00
4,96856,50.00
5,86820,0.00
6,84015,50.00
7,123167,0.00
8,99794,0.00
9,64714,50.00
10,83179,0.00
11,65891,0.00
12,96402,100.00
13,86849,0.00
14,84127,0.00
15,80427,50.00
16,85051,50.00
17,78568,0.00
18,78527,50.00
19,84264,0.00
20,92063,0.00
21,85261,100.00
22,78555,0.00
23,80550,50.00
24,72946,0.00
25,72594,0.00
26,85273,0.00
27,69008,0.00
28,71387,50.00
29,75620,50.00
30,72098,0.00
31,72060,100.00
32,174606,0.00
33,88125,0.00
34,72908,0.00
35,78672,100.00
36,75665,0.00
37,85757,50.00
38,80687,0.00
39,88673,0.00
40,79751,100.00
41,72549,0.00
42,82739,50.00
43,75861,0.00
44,65904,0.00
45,50201,0.00
46,103509,50.00
47,56168,0.00
48,57320,75.00
49,18721,0.00
50,25075,0.00
51,65566,100.00
52,43060,0.00
53,31543,100.00
54,34996,0.00
55,33708,100.00
56,25615,100.00
57,35595,100.00
58,22643,100.00
59,30999,0.00
60,37460,0.00
61,56416,100.00
62,36724,50.00
63,59747,0.00
64,64084,0.00
65,71943,50.00
66,63488,0.00
67,76817,50.00
68,80463,0.00
69,81854,0.00
70,73819,50.00
71,70944,0.00
72,86493,100.00
73,82770,0.00
74,73585,0.00
75,86136,50.00
76,81381,0.00
77,82313,100.00
78,77103,0.00
79,82355,0.00
80,66253,0.00
81,80534,50.00
82,83820,100.00
83,80074,0.00
84,80020,0.00
85,82788,50.00
86,93199,50.00
87,77547,0.00
88,104785,0.00
89,94373,0.00
90,97125,50.00
91,224082,0.00
92,86807,0.00
93,82129,50.00
94,83841,0.00
95,74945,0.00
96,73360,0.00
97,75312,50.00
98,81628,0.00
99,73817,50.00
100,76339,0.00
101,84078,0.00
102,77876,50.00
103,82266,0.00
104,84556,50.00
105,81026,0.00
106,82690,0.00
107,81267,50.00
108,84394,50.00
109,84042,0.00
110,80561,100.00
111,82802,0.00
112,74133,0.00
113,82640,50.00
114,56634,0.00
115,94170,0.00
116,84512,50.00
117,104113,0.00
118,66934,100.00
119,36837,0.00
120,33301,0.00
121,29695,100.00
122,37449,0.00
123,74972,100.00
124,36541,0.00
125,34652,0.00
126,28366,100.00
127,29562,0.00
128,34490,100.00
129,59111,0.00
130,79962,100.00
131,85587,0.00
132,80764,50.00
133,77854,50.00
134,82146,0.00
135,86133,0.00
136,81669,50.00
137,78009,0.00
138,78525,0.00
139,78436,50.00
140,77118,0.00
141,79007,0.00
142,77143,50.00
143,77812,100.00
144,80497,0.00
145,75089,50.00
146,77929,0.00
147,89800,0.00
148,34429,0.00
149,65564,0.00
150,35911,66.67
151,54934,0.00
152,64784,100.00
153,30745,50.00
154,29981,0.00
155,28242,50.00
156,24015,0.00
157,28467,100.00
158,71735,0.00
159,73838,0.00
160,90051,0.00
161,76062,100.00
162,75799,50.00
163,74728,0.00
164,76485,50.00
165,74370,0.00
166,71691,0.00
167,73621,50.00
168,69041,0.00
169,71161,50.00
170,81634,0.00
171,74358,0.00
172,72196,0.00
173,85740,50.00
174,83458,0.00
175,75878,50.00
176,81985,0.00
177,92739,50.00
178,76697,0.00
179,83814,0.00
180,133234,100.00
181,108734,50.00
182,133109,0.00
183,86500,0.00
184,85228,0.00
185,84884,0.00
186,79481,50.00
187,97549,0.00
188,98225,50.00
189,77986,0.00
190,82794,0.00
191,87677,50.00
192,106884,0.00
193,83978,50.00
194,79674,0.00
195,84128,0.00
196,81721,50.00
197,90844,0.00
198,144830,50.00
199,76501,0.00
200,85725,0.00
201,32058,0.00
202,32320,50.00
203,27704,0.00
204,28376,50.00
205,23597,0.00
206,33069,0.00
207,55540,50.00
208,61919,100.00
209,34889,50.00
210,32068,0.00
211,28197,100.00
212,68212,0.00
213,67106,50.00
214,69620,0.00
215,68522,0.00
216,73059,50.00
217,80877,50.00
218,71058,100.00
219,59455,0.00
220,36220,0.00
221,31978,100.00
222,31401,0.00
223,32607,0.00
224,35207,100.00
225,38349,50.00
226,23024,100.00
227,71743,0.00
228,74729,0.00
229,88528,0.00
230,173639,100.00
231,78259,0.00
232,76453,50.00
233,77479,50.00
234,91109,0.00
235,89890,0.00
236,89750,0.00
237,79609,50.00
238,87709,0.00
239,81879,100.00
240,80571,0.00
241,82611,0.00
242,79871,50.00
243,84109,50.00
244,84700,0.00
245,84152,50.00
246,72889,0.00
247,75333,0.00
248,76825,50.00
249,90156,0.00
250,75289,50.00
251,77191,0.00
252,83035,0.00
253,78574,100.00
254,79040,0.00
255,76485,0.00
256,60097,0.00
257,95453,50.00
258,84549,0.00
259,90661,0.00
260,86211,50.00
261,82918,0.00
262,82237,50.00
263,77726,100.00
264,81478,0.00
265,80696,0.00
266,73941,50.00
267,75084,0.00
268,73342,100.00
269,70736,0.00
270,79888,0.00
271,73329,50.00
272,83518,0.00
273,88684,0.00
274,78932,50.00
275,77500,0.00
276,79619,50.00
277,77147,0.00
278,76701,50.00
279,37264,0.00
280,73249,50.00
281,37755,0.00
282,27048,100.00
283,23953,100.00
284,20261,100.00
285,20414,100.00
286,22507,0.00
287,24373,100.00
288,43896,100.00
289,43376,100.00
290,41868,0.00
291,33289,100.00
292,27610,100.00
293,34404,100.00
294,29172,0.00
295,34738,0.00
296,64994,100.00
297,99060,0.00
298,72483,50.00
299,79964,0.00
300,83219,50.00
301,62714,0.00
302,98413,50.00
303,73490,0.00
304,74335,50.00
305,70527,0.00
306,72519,0.00
307,67740,50.00
308,79127,0.00
309,79055,50.00
310,79931,0.00
311,84174,50.00
312,78300,0.00
313,83210,0.00
314,81836,50.00
315,79385,0.00
316,74033,0.00
317,68691,0.00
318,93342,50.00
319,76649,0.00
320,72222,50.00
321,76412,0.00
322,72539,0.00
323,60677,0.00
324,74284,100.00
325,77388,0.00
326,84062,50.00
327,67930,0.00
328,74777,50.00
329,72337,100.00
330,74779,0.00
331,69848,0.00
332,81608,50.00
333,77178,0.00
334,105381,0.00
335,79847,50.00
336,77223,0.00
337,77419,0.00
338,76976,100.00
339,73756,50.00
340,69998,0.00
341,73489,0.00
342,71134,0.00
343,68631,100.00
344,67180,0.00
345,68236,0.00
346,65783,50.00
347,75083,50.00
348,70340,0.00
349,83671,0.00
350,78048,0.00
351,77067,50.00
352,85421,100.00
353,89035,0.00
354,73411,50.00
355,81700,0.00
356,78783,0.00
357,83431,100.00
358,75922,0.00
359,79972,50.00
360,80062,0.00
361,79098,0.00
362,76543,0.00
363,76774,50.00
364,80104,50.00
365,99459,0.00
366,81082,50.00
367,81816,0.00
368,74971,0.00
369,78237,50.00
370,69252,0.00
371,80178,100.00
372,71250,0.00
373,64523,0.00
374,68264,0.00
375,69638,50.00
376,64948,0.00
377,67479,50.00
378,63974,0.00
379,75086,0.00
380,68403,100.00
381,18900,0.00
382,20743,0.00
383,25891,0.00
384,25291,100.00
385,25727,100.00
386,63503,100.00
387,46231,100.00
388,31324,0.00
389,27518,100.00
390,47092,100.00
391,39962,0.00
392,33326,100.00
393,22776,100.00
394,24620,100.00
395,70639,66.67
396,69320,0.00
397,78936,0.00
398,74059,50.00
399,81347,0.00
400,77019,100.00
401,65632,0.00
402,63653,0.00
403,64916,0.00
404,75910,50.00
405,80342,100.00
406,119371,0.00
407,84575,0.00
408,60136,0.00
409,105335,0.00
410,86272,100.00
411,84717,0.00
412,82964,50.00
413,86055,0.00
414,78689,0.00
415,79568,100.00
416,68650,0.00
417,75283,0.00
418,72996,50.00
419,71557,0.00
420,68374,0.00
421,70377,50.00
422,69073,0.00
423,76885,50.00
424,65916,0.00
425,69575,50.00
426,60683,0.00
427,57385,0.00
428,81190,0.00
429,66857,100.00
430,88351,50.00
431,79514,0.00
432,78346,0.00
433,77762,100.00
434,79904,0.00
435,74756,50.00
436,76087,50.00
437,76123,0.00
438,81763,0.00
439,73763,0.00
440,84616,50.00
441,56117,0.00
442,55523,0.00
443,65110,0.00
444,56289,50.00
445,59721,0.00
446,78779,0.00
447,71061,50.00
448,68222,0.00
449,60303,50.00
450,53420,0.00
451,58100,0.00
452,71448,100.00
453,75409,0.00
454,78753,0.00
455,259545,50.00
456,63419,0.00
457,62710,0.00
458,169854,50.00
459,70541,0.00
460,63343,50.00
461,57935,0.00
462,65035,0.00
463,67383,50.00
464,66293,0.00
465,62156,0.00
466,64881,100.00
467,62961,0.00
468,70306,50.00
469,71999,50.00
470,67415,0.00
471,65005,0.00
472,59122,50.00
473,67921,0.00
474,58841,0.00
475,61108,0.00
476,56048,50.00
477,26130,100.00
478,55230,100.00
479,28853,0.00
480,32329,0.00
481,30683,50.00
482,37733,0.00
483,54724,100.00
484,59328,50.00
485,39507,100.00
486,54447,100.00
487,64097,50.00
488,29947,0.00
489,28749,50.00
490,24497,0.00
491,29341,0.00
492,28198,50.00
493,29972,0.00
494,63155,100.00
495,39831,0.00
496,52066,100.00
497,66619,50.00
498,67571,0.00
499,66398,50.00
500,72964,0.00
501,69780,0.00
502,68067,0.00
503,63965,50.00
504,71570,50.00
505,69287,0.00
506,77626,0.00
507,80136,50.00
508,78550,0.00
509,81537,50.00
510,91817,0.00
511,85368,0.00
512,79597,50.00
513,78690,0.00
514,83150,50.00
515,58337,0.00
516,81095,0.00
517,71402,0.00
518,71774,0.00
519,76735,66.67
520,68646,0.00
521,68849,0.00
522,71500,50.00
523,68949,0.00
524,91647,50.00
525,76942,0.00
526,373346,50.00
527,84612,0.00
528,87859,0.00
529,86042,100.00
530,92171,0.00
531,114319,50.00
532,78163,0.00
533,94544,0.00
534,99813,100.00
535,79766,0.00
536,82107,50.00
537,86242,0.00
538,81976,0.00
539,70880,100.00
540,65068,0.00
541,47160,0.00
542,58257,100.00
543,68852,50.00
544,56106,0.00
545,55525,50.00
546,58584,100.00
547,30050,100.00
548,29380,0.00
549,30415,100.00
550,33124,0.00
551,28264,0.00
552,69544,66.67
553,76375,0.00
554,75676,0.00
555,80255,50.00
556,76939,0.00
557,79941,50.00
558,97071,0.00
559,86654,0.00
560,62102,0.00
561,80967,50.00
562,89359,0.00
563,87267,100.00
564,82588,0.00
565,81130,50.00
566,38970,0.00
567,35033,0.00
568,52769,100.00
569,51901,100.00
570,57811,0.00
571,28417,100.00
572,36084,0.00
573,82593,100.00
574,91744,0.00
575,70856,50.00
576,81083,0.00
577,57153,0.00
578,76227,0.00
579,79364,0.00
580,82043,50.00
581,81545,0.00
582,81881,50.00
583,84656,0.00
584,84938,0.00
585,80119,50.00
586,78389,0.00
587,78692,100.00
588,69014,0.00
589,84202,0.00
590,72228,0.00
591,67739,0.00
592,75338,100.00
593,81901,0.00
594,72678,50.00
595,82746,0.00
596,79221,0.00
597,72247,0.00
598,73560,50.00
599,74174,50.00
600,67663,0.00
601,64401,0.00
602,77392,100.00
603,80358,0.00
604,76179,50.00
605,76486,0.00
606,85777,100.00
607,76240,0.00
608,72419,0.00
609,75868,0.00
610,79692,50.00
611,110215,0.00
612,76065,0.00
613,55954,0.00
614,32190,100.00
615,27989,0.00
616,28597,50.00
617,30309,0.00
618,61204,0.00
619,28811,100.00
620,38394,0.00
621,31967,100.00
622,31460,100.00
623,30569,100.00
624,26444,0.00
625,22236,100.00
626,37024,100.00
627,56640,100.00
628,27029,0.00
629,54197,100.00
630,53920,100.00
631,35960,0.00
632,29012,100.00
633,23079,0.00
634,63094,100.00
635,69402,50.00
636,70123,0.00
637,72827,0.00
638,78922,0.00
639,87974,50.00
640,71539,0.00
641,73349,50.00
642,75425,100.00
643,68422,0.00
644,68959,0.00
645,67301,50.00
646,90013,0.00
647,82652,100.00
648,78367,0.00
649,78384,0.00
650,76999,50.00
651,78527,0.00
652,76560,100.00
653,83113,0.00
654,81851,0.00
655,53502,0.00
656,93460,50.00
657,78621,0.00
658,83439,50.00
659,91599,0.00
660,72717,0.00
661,84132,100.00
662,88370,0.00
663,77767,50.00
664,62067,0.00
665,73871,50.00
666,77993,0.00
667,98951,0.00
668,83834,0.00
669,80407,0.00
670,97147,50.00
671,69582,0.00
672,75410,50.00
673,72367,50.00
674,64070,0.00
675,72476,0.00
676,66606,0.00
677,65273,50.00
678,63532,0.00
679,71082,50.00
680,73838,0.00
681,75545,50.00
682,74515,0.00
683,72623,0.00
684,78504,50.00
685,85939,0.00
686,413197,50.00
687,64955,0.00
688,87671,0.00
689,63073,0.00
690,87933,0.00
691,92734,50.00
692,77773,0.00
693,85650,50.00
694,82682,0.00
695,86462,0.00
696,98178,50.00
697,105012,0.00
698,82322,50.00
699,89459,0.00
700,84493,0.00
701,94083,50.00
702,144729,50.00
703,99918,0.00
704,64418,0.00
705,84553,50.00
706,90167,0.00
707,97461,0.00
708,95626,0.00
709,88295,50.00
710,86533,50.00
711,32047,0.00
712,28735,0.00
713,38931,100.00
714,17814,0.00
715,24367,0.00
716,25501,100.00
717,60485,100.00
718,56875,100.00
719,35105,100.00
720,25792,100.00
721,24046,100.00
722,21324,0.00
723,22781,100.00
724,22821,100.00
725,24933,100.00
726,35326,100.00
727,60957,0.00
728,29391,0.00
729,57707,50.00
730,69895,100.00
731,70975,50.00
732,89543,0.00
733,76250,0.00
734,84869,0.00
735,77879,100.00
736,82742,0.00
737,85338,50.00
738,77916,0.00
739,83580,0.00
740,74877,100.00
741,78077,50.00
742,74544,0.00
743,50382,0.00
744,77535,100.00
745,74874,0.00
746,71875,0.00
747,73288,0.00
748,73364,0.00
749,78531,100.00
750,71943,0.00
751,82178,50.00
752,76806,50.00
753,74415,0.00
754,80449,100.00
755,92359,0.00
756,77618,0.00
757,77489,0.00
758,70890,100.00
759,86863,0.00
760,79844,50.00
761,82737,0.00
762,71529,50.00
763,66631,0.00
764,67131,50.00
765,78802,0.00
766,72403,0.00
767,76088,100.00
768,72986,0.00
769,73203,50.00
770,67379,0.00
771,65968,0.00
772,65905,0.00
773,66298,50.00
774,74878,50.00
775,75832,0.00
776,90696,0.00
777,79137,100.00
778,83881,0.00
779,84833,50.00
780,79235,0.00
781,85655,0.00
782,94445,100.00
783,77298,0.00
784,76451,50.00
785,83708,0.00
786,82448,0.00
787,97693,50.00
788,83861,0.00
789,88415,50.00
790,83358,0.00
791,84829,0.00
792,77843,50.00
793,105645,0.00
794,99545,50.00
795,84328,0.00
796,158995,0.00
797,83962,0.00
798,86126,50.00
799,76868,0.00
800,79975,100.00
801,81063,0.00
802,85526,0.00
803,78150,50.00
804,78815,50.00
805,73204,0.00
806,89254,50.00
807,77109,0.00
808,91844,0.00
809,82401,50.00
810,79190,0.00
811,87618,50.00
812,83130,0.00
813,87735,0.00
814,83031,100.00
815,40170,0.00
816,29243,100.00
817,67485,100.00
818,47922,0.00
819,27707,100.00
820,24180,100.00
821,60093,100.00
822,39990,100.00
823,25266,100.00
824,21166,100.00
825,52080,0.00
826,54837,50.00
827,59040,0.00
828,53343,100.00
829,35678,50.00
830,68592,0.00
831,74199,100.00
832,84323,0.00
833,88076,0.00
834,82034,50.00
835,94561,0.00
836,92802,50.00
837,64232,50.00
838,103668,0.00
839,94223,0.00
840,75995,100.00
841,79473,0.00
842,55464,0.00
843,81858,50.00
844,72071,0.00
845,74567,0.00
846,83454,0.00
847,81649,50.00
848,77987,0.00
849,75811,100.00
850,86898,50.00
851,59302,0.00
852,87201,0.00
853,80210,0.00
854,77885,100.00
855,75847,0.00
856,84080,50.00
857,87776,0.00
858,85930,0.00
859,85747,100.00
860,194028,0.00
861,85438,50.00
862,86869,0.00
863,83531,0.00
864,84760,50.00
865,93188,0.00
866,87627,50.00
867,82035,0.00
868,86878,0.00
869,81621,50.00
870,79689,0.00
871,105192,50.00
872,79214,0.00
873,75448,0.00
874,83376,50.00
875,78394,0.00
876,70398,0.00
877,77710,100.00
878,87623,0.00
879,75966,0.00
880,72307,50.00
881,72332,0.00
882,72929,100.00
883,30211,0.00
884,30185,0.00
885,46941,100.00
886,43381,0.00
887,70601,100.00
888,69157,0.00
889,61365,50.00
890,73449,0.00
891,77281,50.00
892,73860,100.00
893,74645,0.00
894,76766,66.67
895,66077,0.00
896,77175,0.00
897,78175,50.00
898,80225,100.00
899,89225,0.00
900,74400,50.00
901,73952,0.00
902,79903,0.00
903,86431,0.00
904,91187,0.00
905,80331,50.00
906,72099,0.00
907,89964,100.00
908,79403,50.00
909,53892,0.00
910,41754,0.00
911,59445,100.00
912,62092,50.00
913,25708,100.00
914,28682,0.00
915,23279,50.00
916,21893,0.00
917,24832,0.00
918,33823,100.00
919,60839,100.00
920,63405,0.00
921,81854,0.00
922,64649,0.00
923,58830,0.00
924,70777,50.00
925,68016,0.00
926,70994,50.00
927,76509,0.00
928,84693,100.00
929,80011,0.00
930,74398,0.00
931,81773,50.00
932,88138,0.00
933,76424,50.00
934,85680,0.00
935,80814,0.00
936,64878,50.00
937,96041,0.00
938,76966,50.00
939,73946,0.00
940,75059,0.00
941,80443,50.00
942,104137,0.00
943,77433,50.00
944,77388,0.00
945,78353,0.00
946,79819,100.00
947,97192,0.00
948,79856,50.00
949,75754,50.00
950,156738,0.00
951,84019,0.00
952,83090,50.00
953,84896,0.00
954,80451,50.00
955,78739,0.00
956,81294,0.00
957,86254,50.00
958,77070,0.00
959,88060,50.00
960,80437,0.00
961,86364,0.00
962,75394,0.00
963,87480,0.00
964,100729,50.00
965,85627,0.00
966,106124,50.00
967,79524,0.00
968,82043,0.00
969,77108,50.00
970,79933,0.00
971,75495,50.00
972,84224,50.00
973,83111,0.00
974,93605,0.00
975,80616,50.00
976,77875,0.00
977,76248,50.00
978,75634,0.00
979,74030,0.00
980,81664,50.00
981,78225,0.00
982,64294,0.00
983,82633,50.00
984,95063,0.00
985,80699,0.00
986,81937,50.00
987,83613,0.00
988,40494,0.00
989,36261,100.00
990,32915,0.00
991,54242,0.00
992,39724,50.00
993,59032,100.00
994,40069,0.00
995,31420,100.00
996,23177,100.00
997,30750,100.00
998,27528,0.00
999,25636,50.00
1000,77951,0.00
1001,58144,0.00
1002,59339,100.00
1003,28355,0.00
1004,25891,50.00
1005,29190,0.00
1006,30437,0.00
1007,79634,100.00
1008,80759,0.00
1009,84825,0.00
1010,80863,50.00
1011,73195,0.00
1012,79444,50.00
1013,81448,0.00
1014,76115,0.00
1015,86063,50.00
1016,95788,0.00
1017,90278,50.00
1018,70417,0.00
1019,70612,50.00
1020,86572,0.00
1021,83648,0.00
1022,77519,0.00
1023,75374,50.00
1024,82394,0.00
1025,80623,50.00
1026,94668,0.00
1027,93849,50.00
1028,83971,0.00
1029,87619,0.00
1030,82778,100.00
1031,79016,0.00
1032,86629,0.00
1033,80088,50.00
1034,84611,0.00
1035,75847,0.00
1036,70487,50.00
1037,73735,50.00
1038,73559,0.00
1039,88821,0.00
1040,89989,0.00
1041,80315,50.00
1042,85637,0.00
1043,61375,0.00
1044,64022,100.00
1045,80348,0.00
1046,90089,0.00
1047,83961,50.00
1048,199279,0.00
1049,106717,0.00
1050,93329,66.67
1051,77431,0.00
1052,39450,0.00
1053,56718,50.00
1054,69279,100.00
1055,39570,0.00
1056,58166,100.00
1057,62552,100.00
1058,34184,50.00
1059,33001,0.00
1060,31038,50.00
1061,51264,0.00
1062,38151,100.00
1063,78555,0.00
1064,80355,50.00
1065,91551,0.00
1066,78207,50.00
1067,93158,100.00
1068,95037,0.00
1069,81618,0.00
1070,101398,50.00
1071,100006,0.00
1072,84892,50.00
1073,83693,0.00
1074,62079,0.00
1075,87087,0.00
1076,90928,100.00
1077,179442,0.00
1078,101727,0.00
1079,85219,50.00
1080,70451,0.00
1081,89651,0.00
1082,84290,0.00
1083,80968,50.00
1084,83324,50.00
1085,78572,100.00
1086,76535,100.00
1087,33833,0.00
1088,37692,0.00
1089,32400,50.00
1090,27421,0.00
1091,23542,0.00
1092,33450,50.00
1093,56630,0.00
1094,57870,50.00
1095,26532,0.00
1096,62631,0.00
1097,75055,50.00
1098,78795,50.00
1099,74781,50.00
1100,80580,0.00
1101,80058,0.00
1102,75833,0.00
1103,75744,50.00
1104,72079,0.00
1105,68299,0.00
1106,64236,50.00
1107,68865,0.00
1108,72070,50.00
1109,76810,50.00
1110,73595,0.00
1111,78947,50.00
1112,77029,0.00
1113,87732,0.00
1114,76456,50.00
1115,78551,0.00
1116,82549,50.00
1117,86581,0.00
1118,78129,0.00
1119,93181,50.00
1120,78175,0.00
1121,82424,50.00
1122,77083,0.00
1123,92921,0.00
1124,89010,100.00
1125,81438,0.00
1126,104554,50.00
1127,84940,0.00
1128,82122,0.00
1129,83268,0.00
1130,83102,50.00
1131,84603,0.00
1132,84931,50.00
1133,83652,0.00
1134,89386,0.00
1135,90347,50.00
1136,87093,0.00
1137,82756,100.00
1138,31892,0.00
1139,37408,100.00
1140,29342,0.00
1141,27091,0.00
1142,27698,100.00
1143,36204,0.00
1144,62569,50.00
1145,57231,100.00
1146,33832,50.00
1147,27505,0.00
1148,32141,50.00
1149,74187,0.00
1150,87721,0.00
1151,77023,50.00
1152,78037,0.00
1153,80003,100.00
1154,87121,0.00
1155,82949,0.00
1156,82362,50.00
1157,81042,0.00
1158,83880,100.00
1159,88738,0.00
1160,89806,0.00
1161,81612,50.00
1162,91295,0.00
1163,83140,100.00
1164,84543,0.00
1165,57765,0.00
1166,57771,0.00
1167,34993,100.00
1168,79518,66.67
1169,31626,0.00
1170,39406,0.00
1171,62823,50.00
1172,28723,100.00
1173,24165,0.00
1174,29337,0.00
1175,54733,100.00
1176,62816,50.00
1177,58249,0.00
1178,73874,100.00
1179,84567,0.00
1180,75670,50.00
1181,77171,0.00
1182,76953,0.00
1183,75704,100.00
1184,87144,0.00
1185,62631,50.00
1186,82404,0.00
1187,79353,0.00
1188,72225,100.00
1189,76625,50.00
1190,92681,0.00
1191,60748,0.00
1192,86518,100.00
1193,75618,0.00
1194,80074,0.00
1195,71727,50.00
1196,83560,0.00
1197,76740,100.00
1198,136828,0.00
1199,85716,0.00
1200,74191,0.00
1201,92007,50.00
1202,78934,0.00
1203,91687,50.00
1204,81997,0.00
1205,68756,0.00
1206,67281,100.00
1207,78667,50.00
1208,86098,0.00
1209,86368,50.00
1210,89722,0.00
1211,83630,0.00
1212,85295,50.00
1213,85882,0.00
1214,76409,50.00
1215,93812,0.00
1216,78900,100.00
1217,82819,0.00
1218,53536,0.00
1219,61205,0.00
1220,63055,100.00
1221,27433,0.00
1222,27874,50.00
1223,25160,0.00
1224,24324,0.00
1225,24869,100.00
1226,38434,0.00
1227,63099,50.00
1228,38196,100.00
1229,67636,0.00
1230,71578,50.00
1231,80532,0.00
1232,75492,50.00
1233,81695,0.00
1234,67315,0.00
1235,81082,50.00
1236,78847,0.00
1237,78750,50.00
1238,75948,0.00
1239,81055,50.00
1240,77466,0.00
1241,91431,50.00
1242,79307,0.00
1243,86395,50.00
1244,80605,0.00
1245,55435,0.00
1246,36997,100.00
1247,47036,0.00
1248,66679,50.00
1249,53048,100.00
1250,62180,100.00
1251,33685,50.00
1252,69751,100.00
1253,92834,0.00
1254,79119,50.00
1255,83566,0.00
1256,88613,0.00
1257,76572,100.00
1258,82486,0.00
1259,79399,50.00
1260,85071,0.00
1261,111840,0.00
1262,116335,0.00
1263,83693,50.00
1264,86990,0.00
1265,103105,50.00
1266,80692,0.00
1267,80535,0.00
1268,81280,50.00
1269,87507,0.00
1270,62140,0.00
1271,104079,100.00
1272,86388,0.00
1273,72893,50.00
1274,85609,50.00
1275,141325,0.00
1276,83622,0.00
1277,88858,50.00
1278,85561,0.00
1279,85499,50.00
1280,95263,0.00
1281,85826,0.00
1282,86662,50.00
1283,86128,0.00
1284,88671,50.00
1285,82616,0.00
1286,76719,0.00
1287,64183,0.00
1288,90199,0.00
1289,82839,50.00
1290,62606,0.00
1291,80599,0.00
1292,80615,50.00
1293,76779,0.00
1294,77114,0.00
1295,83690,50.00
1296,78197,0.00
1297,81236,0.00
1298,32499,100.00
1299,29579,100.00
1300,25742,100.00
1301,26069,100.00
1302,25529,100.00
1303,22991,0.00
1304,71643,100.00
1305,67649,100.00
1306,29765,0.00
1307,22661,100.00
1308,51086,100.00
1309,30982,100.00
1310,39737,0.00
1311,39242,100.00
1312,222517,0.00
1313,55643,0.00
1314,81174,100.00
1315,81538,0.00
1316,77065,0.00
1317,77713,50.00
1318,79823,0.00
1319,82051,50.00
1320,76694,0.00
1321,78072,0.00
1322,62450,0.00
1323,79665,100.00
1324,85276,0.00
1325,77111,50.00
1326,89824,50.00
1327,89799,0.00
1328,86656,0.00
1329,81187,50.00
1330,93866,0.00
1331,139217,50.00
1332,178597,0.00
1333,81425,0.00
1334,96116,50.00
1335,86098,0.00
1336,89826,50.00
1337,80297,0.00
1338,80876,0.00
1339,82731,50.00
1340,84806,0.00
1341,84411,50.00
1342,69860,0.00
1343,83283,0.00
1344,87766,50.00
1345,92036,0.00
1346,77961,100.00
1347,74346,0.00
1348,75031,50.00
1349,80759,0.00
1350,80782,0.00
1351,88479,0.00
1352,76067,50.00
1353,77046,0.00
1354,78714,50.00
1355,72537,0.00
1356,74045,100.00
1357,74702,0.00
1358,76235,50.00
1359,82271,0.00
1360,75007,0.00
1361,79596,0.00
1362,81074,50.00
1363,79579,0.00
1364,83495,50.00
1365,79982,0.00
1366,85746,0.00
1367,65708,50.00
1368,85964,0.00
1369,67268,0.00
1370,34724,100.00
1371,35662,0.00
1372,36161,100.00
1373,62911,0.00
1374,67406,100.00
1375,29441,0.00
1376,27845,0.00
1377,26867,100.00
1378,35967,0.00
1379,30639,0.00
1380,58375,100.00
1381,58800,0.00
1382,72037,50.00
1383,77285,50.00
1384,81562,0.00
1385,86206,0.00
1386,77512,50.00
1387,86973,0.00
1388,76004,50.00
1389,73853,0.00
1390,76836,0.00
1391,75305,50.00
1392,77796,50.00
1393,74783,0.00
1394,30707,0.00
1395,29175,100.00
1396,24139,0.00
1397,24438,50.00
1398,20527,0.00
1399,30449,0.00
1400,52681,50.00
1401,59350,100.00
1402,31955,50.00
1403,70570,100.00
1404,26672,0.00
1405,104282,50.00
1406,119277,0.00
1407,113636,50.00
1408,86922,0.00
1409,82224,50.00
1410,85655,0.00
1411,79722,0.00
1412,84292,50.00
1413,103013,0.00
1414,81044,50.00
1415,87356,0.00
1416,89033,0.00
1417,77755,0.00
1418,84234,100.00
1419,76948,0.00
1420,85073,50.00
1421,77361,0.00
1422,83021,50.00
1423,75087,0.00
1424,75083,50.00
1425,75905,0.00
1426,77306,0.00
1427,82864,100.00
1428,87672,0.00
1429,86905,50.00
1430,95234,0.00
1431,82521,0.00
1432,83155,100.00
1433,83837,0.00
1434,79463,0.00
1435,76020,50.00
1436,79404,0.00
1437,78061,0.00
1438,88507,50.00
1439,85996,0.00
1440,84208,50.00
1441,88922,0.00
1442,81422,0.00
1443,208553,50.00
1444,84654,0.00
1445,80555,50.00
1446,123656,0.00
1447,83573,0.00
1448,82346,50.00
1449,83689,0.00
1450,79311,0.00
1451,41217,0.00
1452,33970,100.00
1453,31451,50.00
1454,26059,0.00
1455,44465,0.00
1456,28900,100.00
1457,32187,0.00
1458,67668,50.00
1459,28895,100.00
1460,28757,0.00
1461,35435,100.00
1462,29555,0.00
1463,28080,50.00
1464,55605,0.00
1465,65944,0.00
1466,38525,0.00
1467,71909,50.00
1468,67988,0.00
1469,74336,0.00
1470,75031,100.00
1471,75590,0.00
1472,85761,50.00
1473,77367,0.00
1474,73206,0.00
1475,77623,66.67
1476,38465,0.00
1477,58073,0.00
1478,51716,100.00
1479,27938,0.00
1480,27012,0.00
1481,23446,100.00
1482,21178,0.00
1483,23348,100.00
1484,28992,0.00
1485,58118,0.00
1486,33517,100.00
1487,60532,0.00
1488,65976,0.00
1489,67578,50.00
1490,70807,0.00
1491,70797,0.00
1492,71289,50.00
1493,54057,0.00
1494,71224,50.00
1495,74271,0.00
1496,76016,50.00
1497,78674,0.00
1498,77781,0.00
1499,72821,100.00
1500,70442,0.00
1501,81937,50.00
1502,83548,0.00
1503,84882,0.00
1504,63633,0.00
1505,81764,50.00
1506,53551,0.00
1507,80688,0.00
1508,83408,100.00
1509,77530,0.00
1510,147162,0.00
1511,74499,50.00
1512,75382,0.00
1513,80904,100.00
1514,78179,0.00
1515,91943,0.00
1516,175836,50.00
1517,208196,0.00
1518,75839,100.00
1519,75804,50.00
1520,82873,0.00
1521,87165,0.00
1522,84643,100.00
1523,100170,0.00
1524,77748,50.00
1525,75025,0.00
1526,58691,0.00
1527,61928,0.00
1528,77211,50.00
1529,72665,50.00
1530,77019,0.00
1531,76258,50.00
1532,77058,0.00
1533,81533,0.00
1534,92413,0.00
1535,75535,100.00
1536,70122,50.00
1537,27909,0.00
1538,27853,0.00
1539,23695,0.00
1540,23410,100.00
1541,24851,0.00
1542,28844,100.00
1543,57658,0.00
1544,33142,0.00
1545,27667,100.00
1546,23332,0.00
1547,34054,100.00
1548,57024,0.00
1549,36439,50.00
1550,67007,0.00
1551,72001,0.00
1552,67856,0.00
1553,70186,66.67
1554,71166,0.00
1555,63818,0.00
1556,28167,50.00
1557,34734,0.00
1558,30074,0.00
1559,53930,100.00
1560,53602,100.00
1561,29292,50.00
1562,68538,0.00
1563,61171,0.00
1564,74481,50.00
1565,76884,0.00
1566,76382,100.00
1567,78725,0.00
1568,68998,50.00
1569,95271,0.00
1570,73557,50.00
1571,73415,0.00
1572,71193,50.00
1573,80533,0.00
1574,66447,0.00
1575,80626,50.00
1576,71497,0.00
1577,82376,50.00
1578,76538,0.00
1579,70321,0.00
1580,66156,100.00
1581,70010,0.00
1582,75985,0.00
1583,67355,0.00
1584,84460,66.67
1585,76545,0.00
1586,66298,0.00
1587,64269,0.00
1588,66209,0.00
1589,67030,50.00
1590,66261,0.00
1591,65285,0.00
1592,66406,50.00
1593,73615,0.00
1594,77759,50.00
1595,79544,100.00
1596,76212,0.00
1597,77244,50.00
1598,81395,0.00
1599,79802,0.00
1600,73915,50.00
1601,82088,0.00
1602,89194,50.00
1603,63165,0.00
1604,32452,50.00
1605,29805,0.00
1606,27953,0.00
1607,31328,100.00
1608,66357,0.00
1609,33415,50.00
1610,31546,0.00
1611,34256,0.00
1612,54418,50.00
1613,52194,0.00
1614,38241,66.67
1615,71184,100.00
1616,77432,0.00
1617,39756,0.00
1618,56697,50.00
1619,67402,100.00
1620,35767,100.00
1621,29171,50.00
1622,22898,0.00
1623,21889,0.00
1624,23795,100.00
1625,68496,100.00
1626,50973,0.00
1627,81784,100.00
1628,74881,0.00
1629,100275,50.00
1630,81232,0.00
1631,78415,0.00
1632,72501,0.00
1633,78823,50.00
1634,70285,0.00
1635,71430,0.00
1636,82032,100.00
1637,79361,0.00
1638,76150,50.00
1639,75125,50.00
1640,98645,0.00
1641,76516,50.00
1642,79353,0.00
1643,84337,0.00
1644,81094,50.00
1645,79660,0.00
1646,85241,50.00
1647,81921,0.00
1648,78956,0.00
1649,70446,50.00
1650,76500,0.00
1651,73953,50.00
1652,66967,0.00
1653,55306,0.00
1654,66458,0.00
1655,35294,100.00
1656,65050,0.00
1657,66967,0.00
1658,65775,50.00
1659,66767,0.00
1660,67498,0.00
1661,72584,50.00
1662,80774,50.00
1663,78094,0.00
1664,71423,0.00
1665,80129,50.00
1666,70334,0.00
1667,76274,50.00
1668,80594,0.00
1669,72672,0.00
1670,76864,50.00
1671,78810,0.00
1672,74574,50.00
1673,77912,0.00
1674,81344,50.00
1675,77595,0.00
1676,75907,0.00
1677,84943,0.00
1678,77855,100.00
1679,72561,0.00
1680,73067,50.00
1681,84173,0.00
1682,81392,0.00
1683,73364,100.00
1684,90860,50.00
1685,32110,0.00
1686,36354,0.00
1687,28565,0.00
1688,24515,50.00
1689,24617,0.00
1690,31270,100.00
1691,29453,0.00
1692,42816,100.00
1693,34939,100.00
1694,30685,100.00
1695,23790,100.00
1696,24906,100.00
1697,25245,0.00
1698,28290,100.00
1699,35981,100.00
1700,58294,100.00
1701,24144,0.00
1702,68273,50.00
1703,133873,50.00
1704,72799,0.00
1705,71006,0.00
1706,80980,100.00
1707,75106,0.00
1708,83551,0.00
1709,70058,0.00
1710,74540,100.00
1711,61854,0.00
1712,67840,50.00
1713,71369,0.00
1714,72122,0.00
1715,74431,100.00
1716,78907,0.00
1717,79033,50.00
1718,78366,0.00
1719,72612,50.00
1720,71121,0.00
1721,70025,50.00
1722,63382,0.00
1723,66142,0.00
1724,72757,50.00
1725,66985,0.00
1726,71393,50.00
1727,76663,0.00
1728,78989,50.00
1729,59408,0.00
1730,80708,0.00
1731,67647,0.00
1732,73484,50.00
1733,73495,0.00
1734,75752,0.00
1735,92374,50.00
1736,88651,0.00
1737,67107,0.00
1738,86665,66.67
1739,68315,0.00
1740,81269,0.00
1741,73897,0.00
1742,67941,50.00
1743,70422,100.00
1744,71010,0.00
1745,71726,50.00
1746,75097,0.00
1747,83644,0.00
1748,82028,0.00
1749,85367,50.00
1750,79484,0.00
1751,83707,50.00
1752,83966,0.00
1753,141820,0.00
1754,81294,50.00
1755,76955,0.00
1756,77418,50.00
1757,75625,0.00
1758,74038,0.00
1759,74710,0.00
1760,64964,0.00
1761,27682,100.00
1762,28174,0.00
1763,26659,50.00
1764,35296,0.00
1765,35213,0.00
1766,56761,100.00
1767,25166,100.00
1768,27932,0.00
1769,23866,0.00
1770,27673,50.00
1771,26962,0.00
1772,56532,50.00
1773,39834,0.00
1774,31809,0.00
1775,32084,0.00
1776,33652,0.00
1777,33330,0.00
1778,70058,0.00
1779,59187,0.00
1780,61415,50.00
1781,72580,50.00
1782,63192,0.00
1783,65905,0.00
1784,59307,0.00
1785,57684,50.00
1786,69623,50.00
1787,62311,0.00
1788,69604,66.67
1789,25558,0.00
1790,34552,100.00
1791,30139,0.00
1792,25515,0.00
1793,27938,100.00
1794,29955,0.00
1795,57367,100.00
1796,38131,0.00
1797,27499,0.00
1798,24716,100.00
1799,33437,0.00
1800,70636,50.00
1801,60591,0.00
1802,78975,0.00
1803,70463,100.00
1804,61025,0.00
1805,58544,50.00
1806,55778,0.00
1807,59896,0.00
1808,59127,50.00
1809,55298,0.00
1810,58375,0.00
1811,68261,0.00
1812,86243,100.00
1813,88879,0.00
1814,92286,50.00
1815,84479,0.00
1816,76768,0.00
1817,79039,100.00
1818,81890,0.00
1819,77155,50.00
1820,81523,0.00
1821,84060,0.00
1822,82040,50.00
1823,82903,0.00
1824,75796,0.00
1825,75576,0.00
1826,85223,100.00
1827,78135,50.00
1828,84117,0.00
1829,57606,50.00
1830,78866,0.00
1831,70394,0.00
1832,74444,50.00
1833,75090,0.00
1834,70584,50.00
1835,77356,0.00
1836,91539,0.00
1837,83372,0.00
1838,82495,50.00
1839,67455,0.00
1840,33868,100.00
1841,33440,0.00
1842,37185,100.00
1843,54329,0.00
1844,28854,100.00
1845,38679,0.00
1846,70700,50.00
1847,61849,0.00
1848,33818,100.00
1849,48710,0.00
1850,79453,100.00
1851,73192,50.00
1852,106890,50.00
1853,87869,0.00
1854,76094,0.00
1855,82362,100.00
1856,104768,0.00
1857,96652,50.00
1858,75552,0.00
1859,76967,0.00
1860,74104,100.00
1861,75460,0.00
1862,81503,50.00
1863,81918,0.00
1864,83141,0.00
1865,85001,50.00
1866,94515,0.00
1867,76223,0.00
1868,73661,50.00
1869,68750,0.00
1870,42206,50.00
1871,37325,100.00
1872,56177,0.00
1873,57005,0.00
1874,25025,100.00
1875,26543,50.00
1876,22387,0.00
1877,20747,0.00
1878,25226,50.00
1879,33529,0.00
1880,36642,50.00
1881,38604,50.00
1882,67192,0.00
1883,62262,0.00
1884,57708,50.00
1885,36685,0.00
1886,75347,0.00
1887,68121,0.00
1888,64314,0.00
1889,36490,50.00
1890,57530,0.00
1891,64352,100.00
1892,71425,50.00
1893,73711,50.00
1894,74544,0.00
1895,71334,0.00
1896,69070,0.00
1897,70127,50.00
1898,70276,0.00
1899,60782,0.00
1900,58688,100.00
1901,37640,0.00
1902,53155,0.00
1903,65315,50.00
1904,55554,0.00
1905,64104,100.00
1906,57779,0.00
1907,57894,0.00
1908,54384,50.00
1909,68143,50.00
1910,70022,0.00
1911,85596,50.00
1912,71973,0.00
1913,66768,50.00
1914,66254,0.00
1915,58373,0.00
1916,85758,0.00
1917,84653,50.00
1918,77179,0.00
1919,72739,100.00
1920,40925,0.00
1921,54562,100.00
1922,37172,50.00
1923,26371,0.00
1924,28747,100.00
1925,26456,0.00
1926,25776,100.00
1927,25093,0.00
1928,29277,0.00
1929,51297,100.00
1930,37340,0.00
1931,58914,100.00
1932,54667,0.00
1933,129180,50.00
1934,67802,0.00
1935,71327,50.00
1936,73736,0.00
1937,65339,0.00
1938,67183,0.00
1939,74722,66.67
1940,60912,0.00
1941,61698,0.00
1942,61186,50.00
1943,66298,0.00
1944,27146,0.00
1945,38573,0.00
1946,35240,100.00
1947,31395,0.00
1948,29907,100.00
1949,54332,0.00
1950,55713,100.00
1951,55197,66.67
1952,67506,0.00
1953,62533,0.00
1954,63151,0.00
1955,70458,50.00
1956,59309,0.00
1957,68391,0.00
1958,58785,0.00
1959,61182,50.00
1960,63598,0.00
1961,70760,100.00
1962,69680,0.00
1963,67278,0.00
1964,66589,50.00
1965,64160,0.00
1966,66902,0.00
1967,65635,50.00
1968,70002,0.00
1969,65627,50.00
1970,71458,0.00
1971,70123,0.00
1972,64635,0.00
1973,70484,66.67
1974,68883,0.00
1975,62951,0.00
1976,69237,0.00
1977,63939,0.00
1978,64647,50.00
1979,77436,50.00
1980,74892,0.00
1981,76207,0.00
1982,75728,0.00
1983,72595,50.00
1984,78447,50.00
1985,89979,0.00
1986,82758,0.00
1987,77237,50.00
1988,69589,0.00
1989,75925,0.00
1990,70120,50.00
1991,75327,50.00
1992,56746,0.00
1993,75449,0.00
1994,70415,0.00
1995,75439,50.00
1996,71141,0.00
1997,69253,0.00
1998,30398,100.00
1999,30223,0.00
2000,46196,50.00
2001,30480,0.00
2002,37747,50.00
2003,60381,0.00
2004,30133,100.00
2005,26422,100.00
2006,20641,100.00
2007,24772,100.00
2008,25266,100.00
2009,24067,0.00
2010,57394,100.00
2011,65018,66.67
2012,27612,0.00
2013,31609,0.00
2014,73767,0.00
2015,74104,0.00
2016,71541,50.00
2017,83224,0.00
2018,80939,100.00
2019,79865,0.00
2020,90472,0.00
2021,83339,50.00
2022,87197,0.00
2023,82870,50.00
2024,83884,0.00
2025,84392,0.00
2026,56051,0.00
2027,76308,100.00
2028,75603,0.00
2029,67494,0.00
2030,78154,66.67
2031,77171,0.00
2032,80002,0.00
2033,83164,50.00
2034,75970,0.00
2035,77736,0.00
2036,76183,100.00
2037,82924,0.00
2038,87102,0.00
2039,84064,50.00
2040,93379,0.00
2041,77208,100.00
2042,77420,0.00
2043,93450,0.00
2044,87445,50.00
2045,83399,0.00
2046,98424,100.00
2047,83165,0.00
2048,81760,0.00
2049,75686,0.00
2050,73097,100.00
2051,78917,0.00
2052,68227,0.00
2053,75697,50.00
2054,70217,0.00
2055,76291,100.00
2056,70629,0.00
2057,71830,0.00
2058,80340,50.00
2059,87918,0.00
2060,85663,100.00
2061,80043,0.00
2062,75026,50.00
2063,76272,0.00
2064,75087,50.00
2065,71799,0.00
2066,29444,0.00
2067,27022,100.00
2068,31039,0.00
2069,31950,0.00
2070,63688,100.00
2071,30872,50.00
2072,34304,100.00
2073,29504,0.00
2074,28526,0.00
2075,31657,100.00
2076,34014,0.00
2077,39955,50.00
2078,55231,0.00
2079,70583,100.00
2080,73742,0.00
2081,76235,50.00
2082,83798,0.00
2083,79733,50.00
2084,79132,0.00
2085,74529,50.00
2086,84179,0.00
2087,75287,0.00
2088,79291,100.00
2089,67334,0.00
2090,25334,100.00
2091,28115,0.00
2092,27929,0.00
2093,24061,100.00
2094,25350,0.00
2095,30458,100.00
2096,57521,0.00
2097,52087,50.00
2098,31357,100.00
2099,29714,50.00
2100,71770,0.00
2101,76766,0.00
2102,76158,0.00
2103,77537,100.00
2104,71641,0.00
2105,75308,50.00
2106,88039,50.00
2107,87572,0.00
2108,82366,0.00
2109,77872,50.00
2110,81231,0.00
2111,91924,50.00
2112,79031,0.00
2113,73683,100.00
2114,79254,0.00
2115,70797,0.00
2116,71362,50.00
2117,74653,0.00
2118,74060,0.00
2119,83712,50.00
2120,72898,0.00
2121,111113,0.00
2122,72892,100.00
2123,75499,0.00
2124,66709,0.00
2125,71084,50.00
2126,68618,0.00
2127,64081,0.00
2128,73564,50.00
2129,66305,0.00
2130,81231,50.00
2131,68703,0.00
2132,72115,100.00
2133,79418,50.00
2134,89563,0.00
2135,83101,0.00
2136,71455,100.00
2137,78069,0.00
2138,69898,0.00
2139,75588,50.00
2140,69181,0.00
2141,73504,100.00
2142,74817,0.00
2143,64547,0.00
2144,73105,0.00
2145,76761,50.00
2146,59845,0.00
2147,72350,50.00
2148,77200,50.00
2149,78528,0.00
2150,35737,0.00
2151,37011,100.00
2152,27348,0.00
2153,26520,100.00
2154,29231,0.00
2155,29738,0.00
2156,66185,100.00
2157,28799,0.00
2158,32115,100.00
2159,25058,0.00
2160,29632,0.00
2161,26739,100.00
2162,70452,0.00
2163,68177,0.00
2164,67507,50.00
2165,68681,0.00
2166,79694,100.00
2167,81182,0.00
2168,76878,50.00
2169,81002,0.00
2170,54596,0.00
2171,33359,100.00
2172,67501,0.00
2173,26814,0.00
2174,29707,50.00
2175,25769,0.00
2176,22838,100.00
2177,23300,0.00
2178,32478,0.00
2179,63543,50.00
2180,61900,0.00
2181,67354,100.00
2182,79905,50.00
2183,82322,0.00
2184,87211,0.00
2185,82306,100.00
2186,80382,0.00
2187,77734,50.00
2188,81808,0.00
2189,88445,0.00
2190,92505,50.00
2191,78587,0.00
2192,88888,50.00
2193,75143,0.00
2194,76881,0.00
2195,76422,50.00
2196,78131,0.00
2197,76072,50.00
2198,83309,0.00
2199,74741,0.00
2200,67892,0.00
2201,70182,50.00
2202,69277,50.00
2203,52203,0.00
2204,73494,0.00
2205,73725,0.00
2206,74194,0.00
2207,80257,50.00
2208,76689,0.00
2209,77147,50.00
2210,81495,50.00
2211,78592,0.00
2212,76833,0.00
2213,81315,0.00
2214,76621,50.00
2215,80730,0.00
2216,84056,50.00
2217,78661,0.00
2218,83488,0.00
2219,78193,50.00
2220,83786,0.00
2221,85516,50.00
2222,85948,0.00
2223,82057,0.00
2224,80318,50.00
2225,103216,50.00
2226,80843,0.00
2227,82842,100.00
2228,93324,0.00
2229,94678,0.00
2230,81884,100.00
2231,70992,0.00
2232,27629,0.00
2233,29685,50.00
2234,25337,0.00
2235,23261,100.00
2236,31525,0.00
2237,32284,0.00
2238,68948,100.00
2239,59652,0.00
2240,30187,100.00
2241,32234,0.00
2242,60341,0.00
2243,74126,50.00
2244,85272,0.00
2245,86001,50.00
2246,81958,0.00
2247,84882,50.00
2248,80489,0.00
2249,79301,0.00
2250,81063,100.00
2251,90910,0.00
2252,83135,50.00
2253,85312,0.00
2254,82044,50.00
2255,76133,0.00
2256,29753,100.00
2257,36052,0.00
2258,38265,100.00
2259,57194,100.00
2260,26358,0.00
2261,30004,0.00
2262,70430,50.00
2263,74804,50.00
2264,68156,0.00
2265,69194,0.00
2266,67387,0.00
2267,80403,66.67
2268,81852,0.00
2269,90637,50.00
2270,76331,0.00
2271,65589,0.00
2272,80782,50.00
2273,72037,0.00
2274,70787,100.00
2275,69828,0.00
2276,77948,0.00
2277,74295,50.00
2278,62481,0.00
2279,69240,100.00
2280,76619,0.00
2281,80675,0.00
2282,82050,0.00
2283,85840,50.00
2284,75966,0.00
2285,84850,50.00
2286,94052,0.00
2287,84108,0.00
2288,78691,50.00
2289,73297,0.00
2290,73743,0.00
2291,69627,50.00
2292,69015,0.00
2293,71096,0.00
2294,80310,0.00
2295,79807,50.00
2296,88055,50.00
2297,87640,0.00
2298,87705,0.00
2299,76079,50.00
2300,79580,0.00
2301,58484,0.00
2302,43873,100.00
2303,36915,50.00
2304,31719,100.00
2305,30667,0.00
2306,34681,0.00
2307,61431,100.00
2308,36379,0.00
2309,33413,100.00
2310,30136,0.00
2311,30552,0.00
2312,47603,100.00
2313,61616,66.67
2314,19298,0.00
2315,25630,0.00
2316,49488,100.00
2317,76132,100.00
2318,28782,0.00
2319,30039,0.00
2320,25705,0.00
2321,22587,100.00
2322,22257,0.00
2323,29796,50.00
2324,62895,0.00
2325,42225,0.00
2326,87947,100.00
2327,76375,50.00
2328,84309,0.00
2329,83554,50.00
2330,76720,0.00
2331,78401,0.00
2332,96081,0.00
2333,74295,50.00
2334,105760,50.00
2335,74442,0.00
2336,87689,0.00
2337,73985,0.00
2338,73980,50.00
2339,79631,0.00
2340,79198,0.00
2341,93493,50.00
2342,77790,0.00
2343,74489,50.00
2344,76450,0.00
2345,85764,0.00
2346,79215,50.00
2347,59590,0.00
2348,92516,0.00
2349,88102,50.00
2350,99651,0.00
2351,78124,50.00
2352,78044,0.00
2353,63212,0.00
2354,88886,100.00
2355,79952,0.00
2356,73427,50.00
2357,84038,0.00
2358,80877,0.00
2359,79208,100.00
2360,87463,0.00
2361,83236,50.00
2362,86524,0.00
2363,85074,0.00
2364,89665,100.00
2365,79014,0.00
2366,80593,50.00
2367,76634,0.00
2368,85879,100.00
2369,88680,0.00
2370,81488,50.00
2371,76092,0.00
2372,80601,50.00
2373,86649,0.00
2374,77184,0.00
2375,78150,50.00
2376,75963,0.00
2377,69993,0.00
2378,82525,100.00
2379,75639,0.00
2380,77417,0.00
2381,97067,0.00
2382,83984,50.00
2383,81243,0.00
2384,93004,50.00
2385,81376,50.00
2386,84244,0.00
2387,82706,0.00
2388,80522,50.00
2389,84794,0.00
2390,91781,50.00
2391,83906,0.00
2392,69299,0.00
2393,36427,0.00
2394,31278,100.00
2395,25490,100.00
2396,21671,100.00
2397,24608,0.00
2398,26876,100.00
2399,36992,100.00
2400,38127,100.00
2401,67122,100.00
2402,32264,100.00
2403,23159,100.00
2404,31141,100.00
2405,32627,0.00
2406,27525,0.00
2407,86545,50.00
2408,96681,0.00
2409,80488,50.00
2410,75268,0.00
2411,74837,0.00
2412,75861,0.00
2413,82818,50.00
2414,70199,0.00
2415,65870,0.00
2416,70110,50.00
2417,67492,0.00
2418,69401,50.00
2419,70751,0.00
2420,97846,50.00
2421,78164,0.00
2422,72282,0.00
2423,93388,50.00
2424,70190,0.00
2425,82730,50.00
2426,75647,0.00
2427,80387,0.00
2428,81944,50.00
2429,83548,0.00
2430,82642,50.00
2431,81199,0.00
2432,79884,0.00
2433,76137,100.00
2434,79394,0.00
2435,82002,50.00
2436,79684,0.00
2437,79816,0.00
2438,74086,100.00
2439,80469,0.00
2440,82872,50.00
2441,77303,0.00
2442,85925,0.00
2443,76665,100.00
2444,81251,0.00
2445,80242,50.00
2446,87422,0.00
2447,78434,0.00
2448,88286,50.00
2449,82068,0.00
2450,70858,50.00
2451,73284,0.00
2452,64856,0.00
2453,63244,0.00
2454,124081,50.00
2455,131179,50.00
2456,82811,0.00
2457,71354,0.00
2458,71551,50.00
2459,92115,0.00
2460,75376,50.00
2461,75791,50.00
2462,79959,0.00
2463,70200,0.00
2464,87476,50.00
2465,84023,0.00
2466,73694,100.00
2467,57821,0.00
2468,33871,0.00
2469,29556,50.00
2470,31348,0.00
2471,33538,100.00
2472,68442,0.00
2473,28803,0.00
2474,27363,50.00
2475,26106,0.00
2476,25539,100.00
2477,30765,0.00
2478,58118,100.00
2479,93496,0.00
2480,75918,50.00
2481,67079,0.00
2482,68456,100.00
2483,70465,0.00
2484,112836,50.00
2485,76358,0.00
2486,82232,50.00
2487,84785,0.00
2488,75492,0.00
2489,60893,0.00
2490,65076,100.00
2491,65136,0.00
2492,29959,0.00
2493,27593,100.00
2494,25486,50.00
2495,24546,100.00
2496,26156,0.00
2497,29390,0.00
2498,56937,100.00
2499,32593,0.00
2500,28578,100.00
2501,29444,0.00
2502,64002,0.00
2503,60236,0.00
2504,59044,50.00
2505,63678,50.00
2506,83987,100.00
2507,71192,0.00
2508,67892,0.00
2509,82902,50.00
2510,81948,0.00
2511,82301,100.00
2512,72762,0.00
2513,80400,0.00
2514,67402,0.00
2515,65800,100.00
2516,62644,0.00
2517,77923,50.00
2518,74649,0.00
2519,72186,50.00
2520,79222,0.00
2521,83326,50.00
2522,71284,0.00
2523,78000,0.00
2524,69161,0.00
2525,80920,100.00
2526,66953,0.00
2527,67222,0.00
2528,79803,50.00
2529,71213,0.00
2530,74653,100.00
2531,70246,50.00
2532,74374,0.00
2533,77030,0.00
2534,70251,100.00
2535,72470,0.00
2536,65104,0.00
2537,65759,0.00
2538,77508,50.00
2539,66050,0.00
2540,65108,0.00
2541,65915,50.00
2542,67237,0.00
2543,66781,50.00
2544,58305,0.00
2545,67394,50.00
2546,59313,0.00
2547,27963,50.00
2548,31145,0.00
2549,25859,100.00
2550,24068,0.00
2551,26242,100.00
2552,28803,0.00
2553,62523,0.00
2554,25312,100.00
2555,26511,0.00
2556,22570,100.00
2557,30345,0.00
2558,56688,0.00
2559,65054,0.00
2560,77282,0.00
2561,72271,50.00
2562,89457,0.00
2563,68537,0.00
2564,73882,100.00
2565,76812,0.00
2566,63844,0.00
2567,67873,0.00
2568,76667,50.00
2569,66965,0.00
2570,67115,0.00
2571,61086,50.00
2572,73738,50.00
2573,69873,0.00
2574,36939,0.00
2575,60859,100.00
2576,58095,0.00
2577,31669,66.67
2578,27311,0.00
2579,22945,0.00
2580,23093,100.00
2581,24682,0.00
2582,28678,50.00
2583,56146,0.00
2584,57879,50.00
2585,62028,0.00
2586,67045,100.00
2587,80372,0.00
2588,69208,0.00
2589,71147,0.00
2590,79071,50.00
2591,73299,100.00
2592,65918,0.00
2593,68995,0.00
2594,61809,0.00
2595,41083,33.33
2596,67873,0.00
2597,61728,0.00
2598,56629,50.00
2599,59207,50.00
2600,81413,0.00
2601,64332,0.00
2602,72672,50.00
2603,83282,0.00
2604,63601,0.00
2605,59174,0.00
2606,67866,50.00
2607,62431,50.00
2608,72959,0.00
2609,85495,50.00
2610,69663,0.00
2611,79558,50.00
2612,76670,0.00
2613,67268,0.00
2614,68598,0.00
2615,76383,50.00
2616,74928,50.00
2617,70822,0.00
2618,74462,0.00
2619,83381,100.00
2620,81504,0.00
2621,78310,0.00
2622,75693,0.00
2623,72416,50.00
2624,78027,0.00
2625,69695,66.67
2626,36826,0.00
2627,65853,0.00
2628,42271,0.00
2629,34544,100.00
2630,26284,50.00
2631,24053,0.00
2632,28214,0.00
2633,29284,100.00
2634,50884,0.00
2635,58015,50.00
2636,30987,100.00
2637,34841,50.00
2638,70388,0.00
2639,67744,0.00
2640,70209,0.00
2641,83409,50.00
2642,73405,50.00
2643,68468,0.00
2644,72035,50.00
2645,66578,0.00
2646,100711,50.00
2647,40323,0.00
2648,39146,0.00
2649,34367,50.00
2650,35427,0.00
2651,29331,50.00
2652,57292,0.00
2653,51985,0.00
2654,78564,66.67
2655,82849,0.00
2656,92930,0.00
2657,80492,50.00
2658,76321,0.00
2659,76275,50.00
2660,115584,0.00
2661,71754,0.00
2662,74621,50.00
2663,81392,0.00
2664,77750,50.00
2665,75873,0.00
2666,78984,0.00
2667,78548,50.00
2668,90988,0.00
2669,70182,0.00
2670,77180,100.00
2671,73838,0.00
2672,75703,0.00
2673,77922,50.00
2674,77788,50.00
2675,72889,100.00
2676,75847,0.00
2677,88930,0.00
2678,81501,0.00
2679,75266,50.00
2680,77864,0.00
2681,77665,50.00
2682,82784,0.00
2683,96777,0.00
2684,85339,100.00
2685,88529,0.00
2686,84273,50.00
2687,84489,0.00
2688,93947,0.00
2689,95880,100.00
2690,81413,0.00
2691,60851,0.00
2692,79641,50.00
2693,86586,0.00
2694,133842,0.00
2695,79306,50.00
2696,79234,0.00
2697,84452,50.00
2698,69501,100.00
2699,85443,0.00
2700,56976,0.00
2701,43265,100.00
2702,28475,0.00
2703,28986,0.00
2704,31201,100.00
2705,69339,50.00
2706,53747,100.00
2707,36644,0.00
2708,30968,0.00
2709,32312,100.00
2710,28340,100.00
2711,26548,0.00
2712,23469,100.00
2713,34149,100.00
2714,69901,66.67
2715,38047,0.00
2716,28924,100.00
2717,24822,0.00
2718,23605,100.00
2719,23425,0.00
2720,60926,50.00
2721,78858,0.00
2722,78894,0.00
2723,79689,100.00
2724,62310,0.00
2725,65740,0.00
2726,58505,50.00
2727,63364,0.00
2728,71282,0.00
2729,72878,50.00
2730,73680,0.00
2731,62901,0.00
2732,61221,50.00
2733,64963,0.00
2734,73266,0.00
2735,71639,66.67
2736,75422,0.00
2737,73236,50.00
2738,79692,0.00
2739,84837,0.00
2740,85742,50.00
2741,73672,0.00
2742,78775,100.00
2743,78966,0.00
2744,84641,0.00
2745,76901,50.00
2746,70607,0.00
2747,74209,100.00
2748,70889,0.00
2749,67662,0.00
2750,68099,0.00
2751,72573,50.00
2752,93725,0.00
2753,70223,50.00
2754,79290,0.00
2755,77352,0.00
2756,80832,100.00
2757,78033,50.00
2758,113521,0.00
2759,73863,0.00
2760,80975,50.00
2761,78939,0.00
2762,75069,0.00
2763,77916,50.00
2764,70493,0.00
2765,110709,50.00
2766,79898,0.00
2767,77736,0.00
2768,75235,0.00
2769,69333,50.00
2770,72143,0.00
2771,72966,100.00
2772,79081,50.00
2773,74552,0.00
2774,73941,0.00
2775,76813,100.00
2776,51069,0.00
2777,77729,0.00
2778,68611,0.00
2779,72888,0.00
2780,67891,100.00
2781,72134,0.00
2782,71166,50.00
2783,63771,0.00
2784,73321,100.00
2785,39264,0.00
2786,70153,100.00
2787,29694,0.00
2788,72965,0.00
2789,35147,100.00
2790,28905,0.00
2791,24658,100.00
2792,25638,100.00
2793,24548,100.00
2794,39078,100.00
2795,35451,0.00
2796,29251,100.00
2797,49443,100.00
2798,62903,0.00
2799,34238,66.67
2800,34305,0.00
2801,27814,100.00
2802,66790,0.00
2803,70154,50.00
2804,75285,0.00
2805,66724,0.00
2806,77660,0.00
2807,73128,50.00
2808,78283,0.00
2809,78105,50.00
2810,74309,0.00
2811,70972,0.00
2812,80491,50.00
2813,72141,0.00
2814,72217,50.00
2815,76294,0.00
2816,89708,0.00
2817,75535,50.00
2818,78949,0.00
2819,77740,100.00
2820,76390,0.00
2821,79318,0.00
2822,81214,50.00
2823,75981,50.00
2824,81350,0.00
2825,95169,50.00
2826,78802,0.00
2827,76378,0.00
2828,74970,0.00
2829,70023,100.00
2830,87115,50.00
2831,60937,0.00
2832,64924,0.00
2833,84113,50.00
2834,70414,0.00
2835,68107,0.00
2836,68351,0.00
2837,69549,50.00
2838,82539,0.00
2839,59921,50.00
2840,62998,0.00
2841,62675,0.00
2842,62935,50.00
2843,65839,0.00
2844,66480,50.00
2845,70322,0.00
2846,71873,50.00
2847,78885,0.00
2848,72443,0.00
2849,70247,0.00
2850,70827,50.00
2851,75920,50.00
2852,85927,0.00
2853,89465,50.00
2854,84273,0.00
2855,81446,50.00
2856,77626,0.00
2857,77229,100.00
2858,73813,0.00
2859,73575,0.00
2860,83832,0.00
2861,76788,50.00
2862,90242,0.00
2863,76783,0.00
2864,85983,50.00
2865,78854,0.00
2866,77018,0.00
2867,76858,100.00
2868,74915,0.00
2869,66008,0.00
2870,35647,100.00
2871,27915,0.00
2872,22560,0.00
2873,29768,100.00
2874,52298,0.00
2875,36865,50.00
2876,30018,0.00
2877,26293,50.00
2878,24624,0.00
2879,30801,100.00
2880,59633,0.00
2881,72149,50.00
2882,66877,0.00
2883,35211,0.00
2884,56916,100.00
2885,58482,0.00
2886,28699,66.67
2887,32467,0.00
2888,24506,0.00
2889,25280,100.00
2890,25632,0.00
2891,31037,50.00
2892,55315,0.00
2893,51542,0.00
2894,29990,100.00
2895,61936,50.00
2896,73929,50.00
2897,74299,0.00
2898,67043,0.00
2899,60383,0.00
2900,76658,50.00
2901,56909,0.00
2902,66083,0.00
2903,63659,50.00
2904,67740,0.00
2905,73740,50.00
2906,67947,0.00
2907,80220,50.00
2908,74036,0.00
2909,74597,0.00
2910,98930,50.00
2911,77888,0.00
2912,73013,50.00
2913,71413,0.00
2914,75708,50.00
2915,72387,0.00
2916,72829,100.00
2917,152657,0.00
2918,72644,0.00
2919,71485,50.00
2920,71163,100.00
2921,74831,0.00
2922,72526,0.00
2923,78401,0.00
2924,65187,0.00
2925,70130,100.00
2926,66892,0.00
2927,83845,50.00
2928,73360,0.00
2929,69710,50.00
2930,80762,0.00
2931,85582,50.00
2932,85893,0.00
2933,88441,0.00
2934,79362,50.00
2935,64330,0.00
2936,77285,50.00
2937,82831,0.00
2938,83302,0.00
2939,93353,100.00
2940,76484,0.00
2941,77452,0.00
2942,75189,50.00
2943,70686,0.00
2944,69048,100.00
2945,76681,0.00
2946,80233,50.00
2947,72294,100.00
2948,61385,0.00
2949,34419,0.00
2950,35233,0.00
2951,41573,100.00
2952,26871,100.00
2953,29926,0.00
2954,32924,0.00
2955,59559,50.00
2956,35825,100.00
2957,27673,100.00
2958,27242,0.00
2959,31638,0.00
2960,58891,0.00
2961,71528,0.00
2962,87849,50.00
2963,84815,0.00
2964,56601,0.00
2965,77308,50.00
2966,78974,50.00
2967,32823,0.00
2968,39536,100.00
2969,36156,0.00
2970,62902,100.00
2971,41075,0.00
2972,30523,100.00
2973,26432,0.00
2974,23073,50.00
2975,20567,0.00
2976,30912,50.00
2977,59882,0.00
2978,63020,0.00
2979,60184,0.00
2980,70159,0.00
2981,76496,50.00
2982,66019,0.00
2983,75891,50.00
2984,75711,0.00
2985,75992,50.00
2986,73811,50.00
2987,83031,0.00
2988,74888,0.00
2989,84058,50.00
2990,80191,0.00
2991,81281,100.00
2992,70850,0.00
2993,71024,0.00
2994,72529,50.00
2995,74224,0.00
2996,80465,100.00
2997,76770,0.00
2998,78202,50.00
2999,79629,0.00
3000,89538,0.00
3001,69554,0.00
3002,75017,50.00
3003,71105,0.00
3004,84812,50.00
3005,83113,0.00
3006,68027,0.00
3007,70794,50.00
3008,79241,0.00
3009,86376,50.00
3010,82943,100.00
3011,59873,0.00
3012,96597,0.00
3013,81701,0.00
3014,78555,0.00
3015,83745,50.00
3016,73958,0.00
3017,72655,50.00
3018,68712,0.00
3019,67525,0.00
3020,74683,50.00
3021,70483,0.00
3022,71135,50.00
3023,77691,0.00
3024,82279,0.00
3025,81189,50.00
3026,83102,0.00
3027,82220,50.00
3028,73434,0.00
3029,84675,0.00
3030,100912,66.67
3031,38161,0.00
3032,67357,100.00
3033,18935,0.00
3034,24226,0.00
3035,61518,100.00
3036,40113,0.00
3037,25083,100.00
3038,23039,100.00
3039,22853,100.00
3040,24695,100.00
3041,26247,0.00
3042,42523,100.00
3043,38720,100.00
3044,58103,100.00
3045,54286,50.00
3046,53381,100.00
3047,73573,0.00
3048,70206,50.00
3049,72839,0.00
3050,75326,100.00
3051,79244,0.00
3052,82738,0.00
3053,68966,50.00
3054,75131,0.00
3055,70830,0.00
3056,77192,50.00
3057,72914,0.00
3058,73107,50.00
3059,68097,0.00
3060,83157,50.00
3061,80989,0.00
3062,80690,0.00
3063,76045,50.00
3064,65270,0.00
3065,78868,50.00
3066,75781,0.00
3067,71317,50.00
3068,67552,0.00
3069,65447,0.00
3070,66222,0.00
3071,61586,0.00
3072,92820,50.00
3073,65121,0.00
3074,68698,0.00
3075,37320,50.00
3076,80825,50.00
3077,65259,0.00
3078,64477,0.00
3079,59066,50.00
3080,66181,50.00
3081,61298,0.00
3082,60958,0.00
3083,76579,0.00
3084,73119,50.00
3085,71402,50.00
3086,91692,0.00
3087,80619,0.00
3088,81464,100.00
3089,86024,0.00
3090,75951,0.00
3091,82542,50.00
3092,53021,0.00
3093,56872,0.00
3094,60760,0.00
3095,58481,0.00
3096,80207,50.00
3097,68006,100.00
3098,81938,0.00
3099,75716,50.00
3100,67556,50.00
3101,78808,0.00
3102,68655,0.00
3103,66105,0.00
3104,64059,50.00
3105,70411,50.00
3106,68870,0.00
3107,75411,0.00
3108,66701,50.00
3109,69908,0.00
3110,80238,0.00
3111,71558,50.00
3112,81329,0.00
3113,74603,0.00
3114,71831,50.00
3115,70109,0.00
3116,78331,100.00
3117,70738,0.00
3118,78063,0.00
3119,67597,0.00
3120,69105,50.00
3121,65271,0.00
3122,90059,50.00
3123,64258,0.00
3124,74210,0.00
3125,75845,66.67
3126,53235,0.00
3127,33397,0.00
3128,30803,100.00
3129,26760,0.00
3130,27918,100.00
3131,26626,100.00
3132,40115,100.00
3133,38003,100.00
3134,33770,0.00
3135,33201,100.00
3136,34219,100.00
3137,30741,100.00
3138,27288,100.00
3139,33956,0.00
3140,23201,50.00
3141,55454,0.00
3142,55468,0.00
3143,76790,50.00
3144,60809,0.00
3145,38455,50.00
3146,54916,0.00
3147,60491,0.00
3148,59588,0.00
3149,56682,0.00
3150,54706,50.00
3151,57001,50.00
3152,36979,0.00
3153,35702,0.00
3154,35789,0.00
3155,65018,50.00
3156,66771,50.00
3157,71623,0.00
3158,73556,0.00
3159,81513,50.00
3160,75847,0.00
3161,88368,0.00
3162,80253,100.00
3163,78746,0.00
3164,86015,0.00
3165,100265,50.00
3166,73408,0.00
3167,70285,50.00
3168,66979,0.00
3169,67985,0.00
3170,64934,0.00
3171,64811,100.00
3172,62450,0.00
3173,66819,50.00
3174,77569,0.00
3175,74634,50.00
3176,71242,0.00
3177,71864,50.00
3178,73149,0.00
3179,75155,0.00
3180,71148,100.00
3181,74876,0.00
3182,80179,50.00
3183,75156,50.00
3184,79971,0.00
3185,90245,0.00
3186,89302,50.00
3187,73981,0.00
3188,76223,50.00
3189,86538,0.00
3190,79076,0.00
3191,80045,50.00
3192,76924,0.00
3193,71224,0.00
3194,76293,50.00
3195,73003,0.00
3196,83621,0.00
3197,86755,50.00
3198,156463,0.00
3199,83284,100.00
3200,80705,0.00
3201,85986,0.00
3202,74428,50.00
3203,86377,0.00
3204,75743,100.00
3205,27729,0.00
3206,33546,0.00
3207,34287,0.00
3208,38532,50.00
3209,71889,100.00
3210,57113,0.00
3211,36614,0.00
3212,38225,100.00
3213,32229,0.00
3214,33968,100.00
3215,59898,0.00
3216,64577,50.00
3217,73008,50.00
3218,80747,100.00
3219,78452,0.00
3220,78393,0.00
3221,78511,0.00
3222,68988,0.00
3223,71587,100.00
3224,76230,50.00
3225,72269,50.00
3226,67807,0.00
3227,43190,0.00
3228,38650,100.00
3229,31450,100.00
3230,26001,0.00
3231,23503,0.00
3232,29694,50.00
3233,34639,0.00
3234,56437,100.00
3235,30736,0.00
3236,29892,0.00
3237,38694,50.00
3238,77435,100.00
3239,75198,0.00
3240,81176,0.00
3241,80326,50.00
3242,77658,0.00
3243,79453,50.00
3244,78190,0.00
3245,72695,0.00
3246,91515,50.00
3247,80678,50.00
3248,80309,0.00
3249,72261,0.00
3250,70069,50.00
3251,70683,0.00
3252,77412,100.00
3253,72242,0.00
3254,77646,50.00
3255,88610,0.00
3256,74425,0.00
3257,77916,0.00
3258,81285,50.00
3259,75859,0.00
3260,78380,50.00
3261,75751,0.00
3262,80777,0.00
3263,84544,50.00
3264,77121,0.00
3265,74746,50.00
3266,83010,0.00
3267,82645,0.00
3268,81986,50.00
3269,76515,0.00
3270,75303,0.00
3271,79847,50.00
3272,143653,0.00
3273,77837,0.00
3274,75199,50.00
3275,89786,0.00
3276,80519,50.00
3277,80993,0.00
3278,78668,50.00
3279,81433,0.00
3280,76779,100.00
3281,91955,0.00
3282,86840,50.00
3283,75433,0.00
3284,76842,0.00
3285,92331,100.00
3286,84404,0.00
3287,86925,50.00
3288,37151,0.00
3289,33929,100.00
3290,26490,0.00
3291,21765,0.00
3292,25978,50.00
3293,27872,0.00
3294,70805,100.00
3295,27544,0.00
3296,32573,0.00
3297,26645,100.00
3298,59614,0.00
3299,69507,0.00
3300,74949,66.67
3301,76396,0.00
3302,93775,50.00
3303,77301,0.00
3304,75486,0.00
3305,82957,0.00
3306,82245,50.00
3307,72937,0.00
3308,76299,50.00
3309,66492,0.00
3310,63738,100.00
3311,65481,0.00
3312,28327,100.00
3313,68378,50.00
3314,28586,0.00
3315,26073,0.00
3316,25581,50.00
3317,33154,0.00
3318,58861,0.00
3319,36023,100.00
3320,79530,50.00
3321,78511,0.00
3322,79205,0.00
3323,73085,50.00
3324,78409,0.00
3325,69478,0.00
3326,69125,50.00
3327,79933,0.00
3328,76038,50.00
3329,75878,0.00
3330,72251,50.00
3331,67187,0.00
3332,71691,0.00
3333,68521,50.00
3334,72333,0.00
3335,74655,0.00
3336,66069,100.00
3337,79148,0.00
3338,71431,50.00
3339,67635,0.00
3340,68951,0.00
3341,65074,100.00
3342,66757,0.00
3343,83473,50.00
3344,70118,0.00
3345,70814,50.00
3346,69927,0.00
3347,70434,0.00
3348,63654,0.00
3349,65538,50.00
3350,81728,0.00
3351,67319,50.00
3352,91417,50.00
3353,72673,0.00
3354,88027,0.00
3355,78332,0.00
3356,78646,50.00
3357,96552,0.00
3358,91523,50.00
3359,87383,0.00
3360,79678,0.00
3361,79819,50.00
3362,77817,0.00
3363,84521,50.00
3364,102760,100.00
3365,41743,0.00
3366,76714,100.00
3367,36301,0.00
3368,29745,0.00
3369,23918,100.00
3370,24623,0.00
3371,23080,100.00
3372,31969,0.00
3373,54694,0.00
3374,53651,100.00
3375,31959,0.00
3376,77246,100.00
3377,77296,0.00
3378,70843,0.00
3379,75685,0.00
3380,129328,0.00
3381,75053,50.00
3382,74863,0.00
3383,90954,50.00
3384,39800,0.00
3385,33884,100.00
3386,33524,0.00
3387,39705,100.00
3388,29028,0.00
3389,61123,50.00
3390,58935,0.00
3391,51797,50.00
3392,80406,50.00
3393,74331,0.00
3394,91589,50.00
3395,72160,0.00
3396,78319,0.00
3397,79645,100.00
3398,76094,0.00
3399,83076,50.00
3400,78755,0.00
3401,82521,0.00
3402,89343,100.00
3403,82346,0.00
3404,79210,50.00
3405,97291,0.00
3406,82543,0.00
3407,87854,0.00
3408,86231,50.00
3409,87727,0.00
3410,77889,50.00
3411,85638,0.00
3412,91957,0.00
3413,89393,50.00
3414,91717,0.00
3415,86492,50.00
3416,63614,100.00
3417,79731,0.00
3418,80780,0.00
3419,78354,50.00
3420,82988,0.00
3421,92679,100.00
3422,79788,0.00
3423,80056,0.00
3424,82303,50.00
3425,96129,0.00
3426,87601,50.00
3427,85496,0.00
3428,78925,0.00
3429,75647,50.00
3430,78348,0.00
3431,86644,50.00
3432,84961,0.00
3433,70986,0.00
3434,61130,0.00
3435,96430,100.00
3436,87009,0.00
3437,36124,0.00
3438,31984,66.67
3439,28614,0.00
3440,39545,0.00
3441,64621,50.00
3442,64373,0.00
3443,32713,66.67
3444,34892,0.00
3445,30039,0.00
3446,39255,50.00
3447,44580,0.00
3448,37617,100.00
3449,38370,100.00
3450,67410,100.00
3451,60758,0.00
3452,65071,0.00
3453,28194,100.00
3454,28596,0.00
3455,32244,100.00
3456,25077,0.00
3457,28102,0.00
3458,66286,66.67
3459,74199,0.00
3460,70127,50.00
3461,79936,0.00
3462,71982,0.00
3463,77645,50.00
3464,83997,0.00
3465,74840,0.00
3466,80158,50.00
3467,93589,0.00
3468,80151,0.00
3469,76394,50.00
3470,84806,0.00
3471,71857,50.00
3472,75054,50.00
3473,75501,0.00
3474,71156,0.00
3475,82063,50.00
3476,73599,0.00
3477,81041,50.00
3478,75280,0.00
3479,86410,0.00
3480,75565,50.00
3481,80204,0.00
3482,62824,0.00
3483,73335,50.00
3484,71687,0.00
3485,68731,0.00
3486,76025,50.00
3487,72933,0.00
3488,74934,50.00
3489,65237,0.00
3490,63706,0.00
3491,87071,50.00
3492,65198,0.00
3493,66369,0.00
3494,67261,50.00
3495,71584,0.00
3496,73369,0.00
3497,91987,100.00
3498,157225,50.00
3499,76038,0.00
3500,78127,50.00
3501,80823,0.00
3502,96442,0.00
3503,85117,50.00
3504,80701,0.00
3505,83219,50.00
3506,93042,0.00
3507,88657,0.00
3508,67144,0.00
3509,89393,50.00
3510,109262,0.00
3511,69338,0.00
3512,75744,50.00
3513,78814,0.00
3514,75065,50.00
3515,84637,100.00
3516,73314,0.00
3517,78884,0.00
3518,84513,0.00
3519,72167,50.00
3520,68833,0.00
3521,75675,0.00
3522,79593,66.67
3523,58948,0.00
3524,60992,0.00
3525,31478,100.00
3526,51930,100.00
3527,17605,0.00
3528,23406,0.00
3529,25120,0.00
3530,24332,100.00
3531,27127,100.00
3532,37628,100.00
3533,34307,100.00
3534,30798,0.00
3535,56408,50.00
3536,51768,100.00
3537,28251,0.00
3538,25843,0.00
3539,23847,100.00
3540,60736,0.00
3541,68208,50.00
3542,75585,50.00
3543,74270,100.00
3544,75271,0.00
3545,77514,0.00
3546,69864,50.00
3547,89205,0.00
3548,69766,0.00
3549,77077,50.00
3550,70664,0.00
3551,105609,0.00
3552,79744,100.00
3553,81896,0.00
3554,84492,0.00
3555,82845,50.00
3556,80669,0.00
3557,79017,0.00
3558,81403,50.00
3559,132538,0.00
3560,60966,0.00
3561,82969,50.00
3562,90748,0.00
3563,77683,0.00
3564,78598,0.00
3565,75517,66.67
3566,78519,0.00
3567,106246,50.00
3568,93633,0.00
3569,80163,0.00
3570,86390,50.00
3571,95209,0.00
3572,89417,50.00
3573,81730,0.00
3574,82214,0.00
3575,88119,50.00
3576,76467,0.00
3577,92634,50.00
3578,76121,0.00
3579,81084,0.00
3580,78624,0.00
3581,84523,50.00
3582,70110,0.00
3583,75883,50.00
3584,65379,0.00
3585,55405,0.00
3586,61944,50.00
3587,79175,50.00
3588,74612,0.00
3589,66554,0.00
3590,71229,100.00
3591,73283,0.00
3592,71975,0.00
3593,70347,0.00
3594,85843,0.00
3595,46533,0.00
3596,74258,50.00
3597,71510,0.00
3598,65432,50.00
3599,66845,0.00
3600,69111,50.00
3601,73940,0.00
3602,83045,50.00
3603,79901,0.00
3604,68275,0.00
3605,31116,50.00
3606,29289,0.00
3607,24530,100.00
3608,29807,0.00
3609,49709,100.00
3610,63730,0.00
3611,31965,50.00
3612,33167,100.00
3613,29422,0.00
3614,33397,100.00
3615,34668,0.00
3616,68362,0.00
3617,33809,100.00
3618,53333,0.00
3619,55640,100.00
3620,33050,100.00
3621,25008,0.00
3622,22735,100.00
3623,23877,0.00
3624,27480,100.00
3625,54455,0.00
3626,57909,50.00
3627,28428,0.00
3628,25710,50.00
3629,65667,0.00
3630,73924,100.00
3631,87366,0.00
3632,92664,0.00
3633,75657,50.00
3634,85530,0.00
3635,80318,0.00
3636,79671,50.00
3637,82543,0.00
3638,74189,50.00
3639,84165,0.00
3640,78313,50.00
3641,84133,0.00
3642,78056,0.00
3643,82126,50.00
3644,78314,0.00
3645,77464,50.00
3646,78963,0.00
3647,82124,0.00
3648,75799,50.00
3649,74771,0.00
3650,79892,50.00
3651,70449,0.00
3652,72501,0.00
3653,71023,100.00
3654,66354,0.00
3655,76444,50.00
3656,79152,0.00
3657,82903,50.00
3658,72632,0.00
3659,79514,50.00
3660,80764,0.00
3661,81299,0.00
3662,84427,50.00
3663,87831,0.00
3664,79391,50.00
3665,77072,0.00
3666,76660,0.00
3667,84966,100.00
3668,81891,0.00
3669,82520,50.00
3670,84216,0.00
3671,84584,0.00
3672,113952,100.00
3673,90808,0.00
3674,84382,50.00
3675,86027,0.00
3676,85880,0.00
3677,88804,100.00
3678,98550,0.00
3679,91071,50.00
3680,96088,0.00
3681,92819,0.00
3682,85661,50.00
3683,103586,0.00
3684,80885,100.00
3685,61809,0.00
3686,77571,100.00
3687,77492,50.00
3688,66994,0.00
3689,69409,100.00
3690,37778,0.00
3691,47492,100.00
3692,50707,0.00
3693,35895,0.00
3694,41677,100.00
3695,45739,0.00
3696,33559,0.00
3697,45544,100.00
3698,33020,0.00
3699,56283,100.00
3700,33003,0.00
3701,28951,0.00
3702,51751,100.00
3703,145949,100.00
3704,35364,0.00
3705,26284,0.00
3706,25311,50.00
3707,62448,0.00
3708,38103,100.00
3709,86233,0.00
3710,85838,50.00
3711,61920,50.00
3712,83629,0.00
3713,78494,0.00
3714,87922,50.00
3715,77366,0.00
3716,78245,0.00
3717,44905,0.00
3718,85687,0.00
3719,61979,50.00
3720,73983,0.00
3721,67300,0.00
3722,58643,50.00
3723,54348,50.00
3724,65643,0.00
3725,65689,50.00
3726,63445,0.00
3727,238467,50.00
3728,73471,0.00
3729,91654,50.00
3730,55797,0.00
3731,90828,0.00
3732,80596,0.00
3733,80129,0.00
3734,81745,0.00
3735,75638,50.00
3736,83047,0.00
3737,79851,50.00
3738,97128,0.00
3739,81681,0.00
3740,86836,100.00
3741,80987,0.00
3742,99280,50.00
3743,72711,0.00
3744,78503,0.00
3745,70231,100.00
3746,71183,0.00
3747,75548,50.00
3748,81328,0.00
3749,80658,0.00
3750,74623,100.00
3751,73026,50.00
3752,77244,0.00
3753,72944,50.00
3754,76514,0.00
3755,66704,0.00
3756,67976,0.00
3757,71046,50.00
3758,77275,0.00
3759,69598,0.00
3760,73897,50.00
3761,72958,0.00
3762,67927,0.00
3763,72874,50.00
3764,71404,100.00
3765,75297,0.00
3766,99569,0.00
3767,81748,50.00
3768,80640,0.00
3769,75439,50.00
3770,84751,50.00
3771,71603,0.00
3772,63319,0.00
3773,36455,100.00
3774,34558,100.00
3775,32876,0.00
3776,35203,100.00
3777,33577,0.00
3778,67575,100.00
3779,27229,0.00
3780,68351,50.00
3781,69883,0.00
3782,76565,0.00
3783,92614,100.00
3784,84480,0.00
3785,78332,50.00
3786,81817,0.00
3787,78540,50.00
3788,41759,0.00
3789,36842,100.00
3790,92730,50.00
3791,33701,0.00
3792,28354,0.00
3793,24255,50.00
3794,23554,0.00
3795,20620,50.00
3796,29168,0.00
3797,33499,0.00
3798,38119,50.00
3799,21288,0.00
3800,55821,0.00
3801,64367,50.00
3802,76489,50.00
3803,65333,0.00
3804,71306,100.00
3805,66682,0.00
3806,88567,0.00
3807,184766,50.00
3808,64530,0.00
3809,65277,0.00
3810,59380,50.00
3811,65853,0.00
3812,67859,0.00
3813,64246,100.00
3814,66786,0.00
3815,60818,50.00
3816,32939,0.00
3817,68819,50.00
3818,61376,0.00
3819,71225,50.00
3820,67086,0.00
3821,71512,0.00
3822,85806,100.00
3823,94341,0.00
3824,64679,0.00
3825,68931,50.00
3826,51948,0.00
3827,78735,0.00
3828,75275,50.00
3829,73693,0.00
3830,82726,0.00
3831,53748,0.00
3832,72155,0.00
3833,74439,50.00
3834,75614,50.00
3835,51947,0.00
3836,34946,50.00
3837,29973,0.00
3838,50936,0.00
3839,36975,50.00
3840,60164,0.00
3841,37986,66.67
3842,36187,0.00
3843,32086,0.00
3844,55943,50.00
3845,39654,100.00
3846,58932,0.00
3847,79128,50.00
3848,69432,0.00
3849,74036,50.00
3850,72575,0.00
3851,72133,0.00
3852,76913,100.00
3853,78276,50.00
3854,83299,0.00
3855,70248,0.00
3856,77867,50.00
3857,69870,0.00
3858,62441,0.00
3859,36240,50.00
3860,55340,0.00
3861,63095,0.00
3862,69650,100.00
3863,69965,0.00
3864,73790,50.00
3865,71046,0.00
3866,69971,0.00
3867,76481,66.67
3868,35938,0.00
3869,40895,0.00
3870,38997,100.00
3871,32996,50.00
3872,70568,0.00
3873,27367,0.00
3874,33955,50.00
3875,57891,0.00
3876,67097,50.00
3877,85104,0.00
3878,64677,0.00
3879,67633,50.00
3880,66404,50.00
3881,68115,0.00
3882,65814,0.00
3883,59806,0.00
3884,55157,50.00
3885,37416,50.00
3886,74010,0.00
3887,56869,0.00
3888,52061,0.00
3889,68929,50.00
3890,58197,0.00
3891,56381,100.00
3892,62378,0.00
3893,70752,0.00
3894,72328,50.00
3895,89995,50.00
3896,80978,0.00
3897,82294,0.00
3898,80630,50.00
3899,95750,0.00
3900,75190,100.00
3901,76816,0.00
3902,81547,0.00
3903,77596,50.00
3904,74097,50.00
3905,87675,0.00
3906,83409,50.00
3907,80856,0.00
3908,71025,0.00
3909,70142,0.00
3910,90793,100.00
3911,70858,0.00
3912,69968,50.00
3913,74372,0.00
3914,68366,0.00
3915,37301,100.00
3916,30478,100.00
3917,27816,0.00
3918,21925,100.00
3919,23963,100.00
3920,24460,100.00
3921,43913,100.00
3922,37235,100.00
3923,57590,100.00
3924,38787,100.00
3925,27047,0.00
3926,26036,100.00
3927,21339,100.00
3928,23508,100.00
3929,49338,100.00
3930,40934,50.00
3931,99112,0.00
3932,183647,0.00
3933,70452,0.00
3934,93372,50.00
3935,79907,0.00
3936,90558,50.00
3937,82420,0.00
3938,85005,50.00
3939,73569,0.00
3940,79706,0.00
3941,74835,50.00
3942,73815,0.00
3943,83522,50.00
3944,79938,0.00
3945,89330,100.00
3946,201051,0.00
3947,89506,0.00
3948,65803,0.00
3949,81788,100.00
3950,77359,0.00
3951,82813,0.00
3952,79107,50.00
3953,94441,0.00
3954,103707,0.00
3955,89759,50.00
3956,83937,0.00
3957,70957,50.00
3958,71612,0.00
3959,84514,0.00
3960,69379,50.00
3961,71323,0.00
3962,94429,0.00
3963,77039,100.00
3964,78457,0.00
3965,98512,0.00
3966,81875,50.00
3967,75501,0.00
3968,173576,100.00
3969,76874,50.00
3970,77320,0.00
3971,77736,0.00
3972,73605,0.00
3973,76857,100.00
3974,74326,0.00
3975,77904,50.00
3976,84207,0.00
3977,81019,0.00
3978,78233,50.00
3979,56066,0.00
3980,80519,0.00
3981,85695,50.00
3982,99080,0.00
3983,84184,50.00
3984,78826,0.00
3985,82428,50.00
3986,77162,0.00
3987,74974,0.00
3988,75624,50.00
3989,84274,0.00
3990,95554,0.00
3991,73996,100.00
3992,86405,0.00
3993,71929,50.00
3994,75408,0.00
3995,79829,0.00
3996,74016,100.00
3997,72810,0.00
3998,84408,50.00
3999,71975,0.00
4000,98075,0.00
4001,80620,100.00
4002,85704,0.00
4003,76967,50.00
4004,77985,0.00
4005,87614,0.00
4006,77737,0.00
4007,82389,50.00
4008,76065,0.00
4009,84557,50.00
4010,61526,0.00
4011,86495,0.00
4012,83967,0.00
4013,82617,50.00
4014,91734,0.00
4015,85643,100.00
4016,82026,0.00
4017,84326,50.00
4018,54593,0.00
4019,56826,100.00
4020,64854,50.00
4021,27813,0.00
4022,35492,50.00
4023,29008,0.00
4024,23500,100.00
4025,25503,100.00
4026,26475,100.00
4027,24574,0.00
4028,45519,100.00
4029,35061,100.00
4030,53026,100.00
4031,56426,100.00
4032,58082,50.00
4033,28576,0.00
4034,28717,0.00
4035,28730,50.00
4036,31102,0.00
4037,69755,50.00
4038,68521,50.00
4039,56047,0.00
4040,57967,0.00
4041,45882,0.00
4042,83154,50.00
4043,74649,50.00
4044,75580,0.00
4045,75070,0.00
4046,82143,50.00
4047,86221,0.00
4048,55755,0.00
4049,78058,0.00
4050,79351,50.00
4051,86959,0.00
4052,97783,0.00
4053,103942,100.00
4054,82418,0.00
4055,91082,50.00
4056,76223,0.00
4057,79925,50.00
4058,73863,0.00
4059,52942,0.00
4060,81848,0.00
4061,83096,50.00
4062,91962,0.00
4063,86253,100.00
4064,345727,0.00
4065,76527,50.00
4066,79404,0.00
4067,88850,0.00
4068,81231,50.00
4069,88264,0.00
4070,76088,0.00
4071,90327,50.00
4072,78648,0.00
4073,80922,0.00
4074,79492,50.00
4075,87053,0.00
4076,98541,100.00
4077,94583,0.00
4078,80730,0.00
4079,76663,50.00
4080,78232,0.00
4081,122435,100.00
4082,93393,50.00
4083,100087,0.00
4084,77184,0.00
4085,77317,50.00
4086,75119,0.00
4087,84140,0.00
4088,79526,0.00
4089,83155,50.00
4090,75941,50.00
4091,73938,0.00
4092,74569,0.00
4093,95886,50.00
4094,74792,0.00
4095,73846,100.00
4096,75745,0.00
4097,90565,50.00
4098,81148,0.00
4099,81951,0.00
4100,93908,100.00
4101,92060,0.00
4102,85420,50.00
4103,60159,0.00
4104,78918,0.00
4105,82898,0.00
4106,76080,50.00
4107,74794,0.00
4108,38952,0.00
4109,41360,100.00
4110,37704,50.00
4111,60586,0.00
4112,63903,100.00
4113,33312,50.00
4114,168648,0.00
4115,98683,100.00
4116,78809,50.00
4117,68058,100.00
4118,56807,0.00
4119,35110,0.00
4120,27129,50.00
4121,30570,0.00
4122,24539,100.00
4123,27176,0.00
4124,37150,0.00
4125,66177,50.00
4126,34551,100.00
4127,61590,100.00
4128,73813,50.00
4129,71648,0.00
4130,84475,0.00
4131,83108,0.00
4132,77256,50.00
4133,74426,50.00
4134,75870,0.00
4135,77760,100.00
4136,84954,0.00
4137,83981,0.00
4138,79328,50.00
4139,78956,0.00
4140,79201,100.00
4141,81258,0.00
4142,95624,0.00
4143,77206,0.00
4144,151595,50.00
4145,127361,100.00
4146,147186,0.00
4147,89632,0.00
4148,99972,50.00
4149,93165,0.00
4150,88932,50.00
4151,60983,0.00
4152,85881,0.00
4153,85407,0.00
4154,81390,100.00
4155,31595,0.00
4156,31747,0.00
4157,26134,100.00
4158,31299,0.00
4159,58533,100.00
4160,57001,0.00
4161,30545,100.00
4162,30049,0.00
4163,35096,50.00
4164,34478,0.00
4165,33299,0.00
4166,78293,66.67
4167,75909,0.00
4168,75569,100.00
4169,73224,0.00
4170,71687,0.00
4171,68378,50.00
4172,70754,0.00
4173,69757,0.00
4174,75360,50.00
4175,76292,0.00
4176,75677,50.00
4177,82387,0.00
4178,77123,100.00
4179,77199,0.00
4180,76188,0.00
4181,85726,0.00
4182,80649,50.00
4183,90379,0.00
4184,138794,50.00
4185,79822,0.00
4186,79627,0.00
4187,77016,100.00
4188,86287,0.00
4189,77874,50.00
4190,77671,0.00
4191,75066,0.00
4192,75679,0.00
4193,94414,50.00
4194,79687,50.00
4195,37664,0.00
4196,63392,50.00
4197,32084,0.00
4198,58135,0.00
4199,69543,66.67
4200,31463,0.00
4201,27392,50.00
4202,28571,0.00
4203,24649,0.00
4204,27411,50.00
4205,36174,0.00
4206,62601,50.00
4207,71147,0.00
4208,78224,50.00
4209,81571,50.00
4210,75693,0.00
4211,98871,0.00
4212,83545,0.00
4213,77941,50.00
4214,92917,0.00
4215,85364,50.00
4216,88992,0.00
4217,85274,0.00
4218,79970,50.00
4219,81142,0.00
4220,77222,50.00
4221,80403,0.00
4222,83139,0.00
4223,91143,0.00
4224,85923,50.00
4225,80715,0.00
4226,70061,100.00
4227,87771,50.00
4228,83905,0.00
4229,87432,0.00
4230,84283,0.00
4231,81250,100.00
4232,77889,0.00
4233,85996,50.00
4234,81024,0.00
4235,79371,0.00
4236,87082,100.00
4237,34747,0.00
4238,35288,0.00
4239,25243,0.00
4240,22899,50.00
4241,20637,0.00
4242,34444,50.00
4243,64699,0.00
4244,59970,0.00
4245,58946,66.67
4246,77972,0.00
4247,81843,100.00
4248,29158,0.00
4249,24431,0.00
4250,35362,0.00
4251,68409,100.00
4252,81664,0.00
4253,85070,50.00
4254,75555,100.00
4255,78393,0.00
4256,75214,0.00
4257,73405,0.00
4258,73741,100.00
4259,67549,0.00
4260,76568,50.00
4261,69025,0.00
4262,74454,0.00
4263,71392,0.00
4264,44836,50.00
4265,48737,0.00
4266,75299,0.00
4267,79069,50.00
4268,79912,0.00
4269,90196,0.00
4270,92444,0.00
4271,79602,50.00
4272,92193,0.00
4273,54966,0.00
4274,78232,50.00
4275,37832,0.00
4276,56333,50.00
4277,36600,0.00
4278,38782,100.00
4279,33407,0.00
4280,65778,100.00
4281,24513,0.00
4282,65842,0.00
4283,70774,0.00
4284,71585,50.00
4285,67701,0.00
4286,72466,100.00
4287,73778,0.00
4288,80417,50.00
4289,80598,0.00
4290,74342,0.00
4291,86878,100.00
4292,78303,50.00
4293,78701,0.00
4294,83477,50.00
4295,80210,0.00
4296,81731,0.00
4297,80669,0.00
4298,85498,50.00
4299,82509,0.00
4300,81683,100.00
4301,76910,0.00
4302,68801,0.00
4303,76313,50.00
4304,76292,0.00
4305,77313,100.00
4306,84675,0.00
4307,79971,50.00
4308,78011,0.00
4309,88907,0.00
4310,100023,100.00
4311,94032,0.00
4312,81560,50.00
4313,85497,0.00
4314,83448,0.00
4315,85655,50.00
4316,86683,0.00
4317,87948,50.00
4318,98012,0.00
4319,84364,0.00
4320,81530,50.00
4321,93596,0.00
4322,72185,0.00
4323,90371,50.00
4324,88508,0.00
4325,82036,0.00
4326,89939,66.67
4327,71768,0.00
4328,78636,100.00
4329,54310,0.00
4330,40181,100.00
4331,40274,50.00
4332,70154,100.00
4333,58824,0.00
4334,41391,0.00
4335,28773,100.00
4336,28475,50.00
4337,37625,0.00
4338,68364,50.00
4339,65267,0.00
4340,67164,0.00
4341,61275,100.00
4342,33207,100.00
4343,30979,0.00
4344,23955,0.00
4345,22591,50.00
4346,24856,0.00
4347,27269,100.00
4348,59095,0.00
4349,59283,100.00
4350,66213,50.00
4351,58433,0.00
4352,80445,50.00
4353,80859,50.00
4354,89808,0.00
4355,83898,0.00
4356,83432,50.00
4357,86773,0.00
4358,106615,50.00
4359,81722,0.00
4360,85186,0.00
4361,92332,50.00
4362,162313,0.00
4363,88205,50.00
4364,102820,0.00
4365,59790,0.00
4366,88321,0.00
4367,57696,0.00
4368,69740,100.00
4369,90257,0.00
4370,90672,0.00
4371,93030,50.00
4372,58982,0.00
4373,88740,0.00
4374,119412,0.00
4375,72767,0.00
4376,92425,50.00
4377,84646,0.00
4378,63940,0.00
4379,65761,0.00
4380,62700,0.00
4381,61209,0.00
4382,174960,100.00
4383,62825,0.00
4384,95357,0.00
4385,85252,50.00
4386,77887,0.00
4387,81490,100.00
4388,101034,0.00
4389,81559,0.00
4390,80705,50.00
4391,89669,0.00
4392,76557,100.00
4393,80490,0.00
4394,84482,0.00
4395,82311,50.00
4396,59399,0.00
4397,85933,0.00
4398,85564,50.00
4399,85417,50.00
4400,77205,0.00
4401,83113,0.00
4402,83770,50.00
4403,80912,0.00
4404,85676,50.00
4405,84398,0.00
4406,75455,0.00
4407,77431,50.00
4408,69123,0.00
4409,36699,50.00
4410,36587,0.00
4411,30519,0.00
4412,36947,50.00
4413,32498,100.00
4414,35387,0.00
4415,66378,50.00
4416,27829,100.00
4417,33591,0.00
4418,35628,100.00
4419,26855,0.00
4420,31678,50.00
4421,33484,0.00
4422,66888,100.00
4423,53993,0.00
4424,91897,0.00
4425,56885,66.67
4426,32299,0.00
4427,29350,100.00
4428,27378,0.00
4429,31582,0.00
4430,68493,50.00
4431,75760,0.00
4432,76243,50.00
4433,82815,0.00
4434,84339,0.00
4435,65993,100.00
4436,103609,50.00
4437,81609,0.00
4438,87749,50.00
4439,87551,0.00
4440,97054,0.00
4441,90401,50.00
4442,85094,0.00
4443,86511,0.00
4444,85647,100.00
4445,70064,50.00
4446,79666,0.00
4447,84508,0.00
4448,82781,50.00
4449,61500,0.00
4450,206990,0.00
4451,92359,50.00
4452,60960,0.00
4453,96807,0.00
4454,159326,0.00
4455,87883,50.00
4456,79705,0.00
4457,102517,50.00
4458,71746,0.00
4459,88175,50.00
4460,74109,0.00
4461,85717,0.00
4462,103233,50.00
4463,77375,0.00
4464,84411,0.00
4465,76215,50.00
4466,97658,0.00
4467,162039,100.00
4468,64370,0.00
4469,83498,0.00
4470,78069,50.00
4471,85488,0.00
4472,80029,50.00
4473,78507,0.00
4474,90026,0.00
4475,88833,50.00
4476,80102,0.00
4477,81466,50.00
4478,80454,0.00
4479,82495,0.00
4480,77688,50.00
4481,81926,0.00
4482,77888,50.00
4483,78423,0.00
4484,98619,0.00
4485,93235,0.00
4486,181866,50.00
4487,170588,0.00
4488,85294,50.00
4489,90979,0.00
4490,91787,100.00
4491,62081,0.00
4492,63093,50.00
4493,56220,100.00
4494,31640,0.00
4495,28760,100.00
4496,25718,0.00
4497,22737,50.00
4498,29646,0.00
4499,34566,0.00
4500,67565,100.00
4501,36857,100.00
4502,55041,100.00
4503,25642,100.00
4504,34096,0.00
4505,58808,100.00
4506,57429,0.00
4507,52793,50.00
4508,65643,0.00
4509,79852,50.00
4510,84922,50.00
4511,144982,0.00
4512,89698,0.00
4513,79486,50.00
4514,68606,0.00
4515,70706,50.00
4516,70189,0.00
4517,69120,50.00
4518,82941,0.00
4519,84846,50.00
4520,77129,0.00
4521,79180,100.00
4522,74928,0.00
4523,84700,0.00
4524,78391,50.00
4525,82538,0.00
4526,107885,100.00
4527,76886,0.00
4528,78245,0.00
4529,91179,0.00
4530,78178,100.00
4531,81024,0.00
4532,76714,50.00
4533,70883,0.00
4534,88707,50.00
4535,71999,0.00
4536,72911,0.00
4537,69499,0.00
4538,79729,50.00
4539,74549,0.00
4540,71150,100.00
4541,76802,0.00
4542,70426,0.00
4543,78071,50.00
4544,62703,0.00
4545,59563,0.00
4546,71026,66.67
4547,75831,0.00
4548,70833,0.00
4549,84396,0.00
4550,75033,50.00
4551,72980,0.00
4552,82080,0.00
4553,81741,50.00
4554,75866,100.00
4555,77418,0.00
4556,32506,0.00
4557,31923,100.00
4558,27571,0.00
4559,29284,0.00
4560,36149,100.00
4561,69017,100.00
4562,71638,50.00
4563,56392,0.00
4564,31198,0.00
4565,72755,100.00
4566,47407,100.00
4567,50944,0.00
4568,68545,0.00
4569,81544,0.00
4570,81680,50.00
4571,83652,0.00
4572,80637,50.00
4573,86082,100.00
4574,71484,0.00
4575,29855,0.00
4576,35875,0.00
4577,29433,100.00
4578,66327,0.00
4579,63026,66.67
4580,31789,0.00
4581,68466,50.00
4582,86905,50.00
4583,82258,0.00
4584,88449,0.00
4585,91107,50.00
4586,58764,0.00
4587,90777,0.00
4588,88713,100.00
4589,90919,0.00
4590,80712,0.00
4591,98041,50.00
4592,80479,0.00
4593,86344,100.00
4594,118712,0.00
4595,82042,0.00
4596,112897,0.00
4597,84863,100.00
4598,86549,0.00
4599,82694,50.00
4600,87436,0.00
4601,83722,0.00
4602,72348,0.00
4603,78531,50.00
4604,90552,0.00
4605,77736,50.00
4606,83097,0.00
4607,83273,0.00
4608,75653,50.00
4609,75958,0.00
4610,74268,50.00
4611,74112,0.00
4612,86189,0.00
4613,79862,50.00
4614,107918,50.00
4615,77996,0.00
4616,78945,100.00
4617,82707,0.00
4618,92303,0.00
4619,83182,0.00
4620,62864,0.00
4621,86351,100.00
4622,85666,50.00
4623,32962,0.00
4624,34981,50.00
4625,34012,0.00
4626,37810,0.00
4627,71118,66.67
4628,71122,0.00
4629,34703,0.00
4630,30349,100.00
4631,32572,0.00
4632,36042,50.00
4633,33018,0.00
4634,39097,0.00
4635,68348,100.00
4636,97300,50.00
4637,72607,0.00
4638,74460,0.00
4639,67412,0.00
4640,29390,100.00
4641,34363,0.00
4642,37355,0.00
4643,25818,50.00
4644,47272,100.00
4645,35413,0.00
4646,57144,0.00
4647,36952,100.00
4648,55958,0.00
4649,26890,100.00
4650,45655,0.00
4651,68440,0.00
4652,82325,50.00
4653,73255,0.00
4654,90776,50.00
4655,72860,0.00
4656,55854,0.00
4657,81628,50.00
4658,84722,50.00
4659,67410,0.00
4660,71087,0.00
4661,80664,50.00
4662,76378,0.00
4663,71721,0.00
4664,71170,50.00
4665,79922,0.00
4666,71937,0.00
4667,72459,50.00
4668,74851,0.00
4669,78958,100.00
4670,85182,0.00
4671,77018,0.00
4672,80370,50.00
4673,78752,0.00
4674,68514,100.00
4675,71685,0.00
4676,83013,0.00
4677,80738,0.00
4678,71934,50.00
4679,76566,0.00
4680,72640,50.00
4681,82717,0.00
4682,85194,0.00
4683,77885,100.00
4684,81855,0.00
4685,80977,50.00
4686,82121,0.00
4687,77714,0.00
4688,84280,100.00
4689,79901,0.00
4690,85552,50.00
4691,82165,0.00
4692,79316,0.00
4693,87389,100.00
4694,74380,0.00
4695,90084,50.00
4696,84169,0.00
4697,89382,0.00
4698,75827,50.00
4699,72469,50.00
4700,186160,0.00
4701,87999,50.00
4702,153160,0.00
4703,79444,50.00
4704,81000,0.00
4705,37065,0.00
4706,36468,100.00
4707,58394,0.00
4708,64243,100.00
4709,76971,50.00
4710,40256,0.00
4711,66321,100.00
4712,38314,50.00
4713,36420,100.00
4714,34603,0.00
4715,31357,0.00
4716,34484,100.00
4717,78430,50.00
4718,77026,0.00
4719,82689,0.00
4720,59974,0.00
4721,57878,100.00
4722,70884,50.00
4723,75879,100.00
4724,53177,0.00
4725,31822,0.00
4726,78624,100.00
4727,31747,0.00
4728,32349,100.00
4729,35681,0.00
4730,66591,50.00
4731,56211,0.00
4732,93426,50.00
4733,62868,0.00
4734,67312,100.00
4735,69447,0.00
4736,126056,50.00
4737,70470,0.00
4738,74198,50.00
4739,77331,0.00
4740,69701,0.00
4741,77844,50.00
4742,75883,50.00
4743,89707,0.00
4744,87358,0.00
4745,83727,50.00
4746,81383,0.00
4747,84950,50.00
4748,78568,0.00
4749,87622,0.00
4750,82342,50.00
4751,88475,0.00
4752,83974,50.00
4753,77104,0.00
4754,82168,0.00
4755,72740,50.00
4756,77426,0.00
4757,77947,100.00
4758,77410,0.00
4759,82188,0.00
4760,74862,0.00
4761,78024,50.00
4762,72898,0.00
4763,71831,50.00
4764,71525,50.00
4765,77227,0.00
4766,131964,0.00
4767,79753,100.00
4768,79618,0.00
4769,94590,50.00
4770,81893,0.00
4771,87573,0.00
4772,80044,50.00
4773,74091,0.00
4774,72747,0.00
4775,80112,50.00
4776,73685,0.00
4777,69782,0.00
4778,85791,0.00
4779,76138,50.00
4780,75321,50.00
4781,159490,0.00
4782,84446,50.00
4783,80191,0.00
4784,78740,0.00
4785,84369,100.00
4786,119031,0.00
4787,79015,50.00
4788,90205,0.00
4789,83324,50.00
4790,143674,0.00
4791,24817,0.00
4792,82438,0.00
4793,80571,0.00
4794,242058,0.00
4795,80107,100.00
4796,58853,100.00
4797,78236,50.00
4798,65046,0.00
4799,72593,50.00
4800,75775,100.00
4801,71554,0.00
4802,92317,50.00
4803,76313,100.00
4804,64200,0.00
4805,56512,100.00
4806,33105,0.00
4807,63303,0.00
4808,70848,100.00
4809,34612,0.00
4810,61379,0.00
4811,61623,100.00
4812,29814,50.00
4813,67819,0.00
4814,62470,50.00
4815,61291,0.00
4816,67053,50.00
4817,66202,0.00
4818,68538,0.00
4819,84075,50.00
4820,74766,0.00
4821,68751,0.00
4822,76100,100.00
4823,78364,50.00
4824,85065,0.00
4825,98340,0.00
4826,61074,50.00
4827,82455,0.00
4828,86942,50.00
4829,81496,0.00
4830,74179,0.00
4831,86485,100.00
4832,96943,0.00
4833,87950,50.00
4834,83916,0.00
4835,67830,0.00
4836,62896,0.00
4837,33622,50.00
4838,73441,0.00
4839,60614,0.00
4840,66727,50.00
4841,63068,0.00
4842,68085,50.00
4843,64682,0.00
4844,62777,0.00
4845,66781,50.00
4846,102091,100.00
4847,80775,0.00
4848,77400,0.00
4849,73890,0.00
4850,75680,100.00
4851,76967,0.00
4852,74909,50.00
4853,88666,50.00
4854,77864,0.00
4855,74408,0.00
4856,73992,50.00
4857,34142,0.00
4858,39589,0.00
4859,34813,100.00
4860,34566,0.00
4861,69458,50.00
4862,31441,0.00
4863,34562,50.00
4864,25617,0.00
4865,33124,0.00
4866,32338,50.00
4867,65933,0.00
4868,67850,50.00
4869,75607,50.00
4870,73663,100.00
4871,96553,0.00
4872,81665,50.00
4873,79050,0.00
4874,84926,0.00
4875,79645,0.00
4876,63677,0.00
4877,92950,50.00
4878,76136,0.00
4879,84058,100.00
4880,80099,0.00
4881,81094,0.00
4882,85126,50.00
4883,73641,0.00
4884,80847,100.00
4885,75612,0.00
4886,79565,0.00
4887,112231,50.00
4888,79424,0.00
4889,92266,0.00
4890,78422,50.00
4891,84549,0.00
4892,82795,50.00
4893,80371,100.00
4894,55066,0.00
4895,40559,0.00
4896,64399,50.00
4897,62382,100.00
4898,32589,100.00
4899,29948,0.00
4900,23345,100.00
4901,22270,0.00
4902,50236,0.00
4903,31914,100.00
4904,69760,50.00
4905,74962,100.00
4906,78016,0.00
4907,74561,50.00
4908,79442,0.00
4909,91867,0.00
4910,85918,100.00
4911,72833,0.00
4912,72679,50.00
4913,79270,0.00
4914,76402,50.00
4915,72699,0.00
4916,72524,50.00
4917,77799,0.00
4918,99201,0.00
4919,79109,0.00
4920,78818,50.00
4921,84438,0.00
4922,73046,50.00
4923,76560,0.00
4924,73559,0.00
4925,80175,50.00
4926,80361,50.00
4927,86952,0.00
4928,81830,50.00
4929,75900,0.00
4930,69521,0.00
4931,80175,50.00
4932,73867,0.00
4933,76197,0.00
4934,98384,50.00
4935,81651,0.00
4936,83031,0.00
4937,77382,50.00
4938,33105,0.00
4939,33686,100.00
4940,27001,0.00
4941,25276,100.00
4942,24658,0.00
4943,32869,0.00
4944,37497,100.00
4945,39539,50.00
4946,32100,0.00
4947,29801,100.00
4948,26374,0.00
4949,32247,100.00
4950,58608,0.00
4951,149371,50.00
4952,71474,0.00
4953,77043,0.00
4954,76728,0.00
4955,80020,50.00
4956,74658,0.00
4957,77460,100.00
4958,101642,0.00
4959,80852,0.00
4960,82926,50.00
4961,85038,0.00
4962,81970,50.00
4963,80432,0.00
4964,80358,0.00
4965,76858,50.00
4966,90943,0.00
4967,76321,50.00
4968,80563,0.00
4969,70526,0.00
4970,56326,50.00
4971,31377,100.00
4972,30158,50.00
4973,34669,0.00
4974,34920,0.00
4975,38892,50.00
4976,26606,100.00
4977,56867,0.00
4978,66950,0.00
4979,56657,0.00
4980,70972,50.00
4981,65440,0.00
4982,74775,50.00
4983,71122,0.00
4984,80091,100.00
4985,85816,0.00
4986,85310,50.00
4987,96084,0.00
4988,84372,0.00
4989,76513,100.00
4990,76657,0.00
4991,91666,0.00
4992,76958,50.00
4993,72774,100.00
4994,72962,0.00
4995,78282,0.00
4996,81484,0.00
4997,82584,50.00
4998,76199,0.00
4999,79142,50.00
5000,108283,0.00
5001,56609,0.00
5002,80727,0.00
5003,82004,100.00
5004,87053,0.00
5005,76617,50.00
5006,80738,0.00
5007,73694,0.00
5008,71307,0.00
5009,112484,50.00
5010,84548,0.00
5011,73769,50.00
5012,79479,0.00
5013,141309,0.00
5014,85291,50.00
5015,75928,50.00
5016,71790,0.00
5017,73772,100.00
5018,68212,0.00
5019,67507,0.00
5020,68427,50.00
5021,76126,0.00
5022,68937,0.00
5023,34425,0.00
5024,47737,100.00
5025,41577,100.00
5026,31254,100.00
5027,31106,100.00
5028,24530,0.00
5029,32514,100.00
5030,36655,100.00
5031,31703,100.00
5032,29380,100.00
5033,24416,0.00
5034,43057,100.00
5035,32256,100.00
5036,30759,0.00
5037,32371,100.00
5038,24509,100.00
5039,68397,0.00
5040,68667,50.00
5041,77335,0.00
5042,76180,50.00
5043,77828,0.00
5044,73841,50.00
5045,77112,0.00
5046,72378,0.00
5047,64683,0.00
5048,70987,50.00
5049,67583,0.00
5050,70090,50.00
5051,62339,0.00
5052,68572,100.00
5053,77364,0.00
5054,70644,50.00
5055,67122,0.00
5056,62557,0.00
5057,82737,100.00
5058,71918,50.00
5059,75236,0.00
5060,80323,0.00
5061,80077,50.00
5062,70444,0.00
5063,69353,0.00
5064,66116,0.00
5065,74565,50.00
5066,75771,0.00
5067,74192,50.00
5068,80605,0.00
5069,75905,50.00
5070,79664,0.00
5071,77294,0.00
5072,69354,50.00
5073,68117,0.00
5074,58666,0.00
5075,63370,0.00
5076,70367,100.00
5077,66615,50.00
5078,66512,0.00
5079,73350,0.00
5080,66580,0.00
5081,67369,100.00
5082,66108,0.00
5083,64730,50.00
5084,73798,0.00
5085,62491,0.00
5086,68569,50.00
5087,67195,0.00
5088,66109,50.00
5089,74680,0.00
5090,65342,0.00
5091,58162,50.00
5092,71747,50.00
5093,65500,0.00
5094,69209,0.00
5095,73824,100.00
5096,69454,0.00
5097,69047,0.00
5098,68389,50.00
5099,63231,0.00
5100,78052,100.00
5101,75463,50.00
5102,68891,0.00
5103,73883,0.00
5104,72643,0.00
5105,65345,50.00
5106,67456,0.00
5107,68498,50.00
5108,72301,0.00
5109,80084,0.00
5110,74854,50.00
5111,77617,0.00
5112,80012,50.00
5113,82496,0.00
5114,81636,0.00
5115,74732,50.00
5116,91380,0.00
5117,87662,50.00
5118,75864,0.00
5119,83438,0.00
5120,84860,50.00
5121,82872,0.00
5122,78175,50.00
5123,93053,0.00
5124,90388,0.00
5125,85412,66.67
5126,80615,0.00
5127,40331,0.00
5128,33508,100.00
5129,27451,0.00
5130,48231,100.00
5131,27555,0.00
5132,29025,100.00
5133,26551,100.00
5134,34354,100.00
5135,59539,100.00
5136,46363,100.00
5137,25154,100.00
5138,23474,100.00
5139,22368,0.00
5140,32603,100.00
5141,22561,100.00
5142,29793,0.00
5143,31950,100.00
5144,56108,0.00
5145,67909,100.00
5146,71205,0.00
5147,82324,50.00
5148,66583,0.00
5149,69275,0.00
5150,74014,50.00
5151,73828,0.00
5152,72153,50.00
5153,76353,0.00
5154,73435,0.00
5155,82219,50.00
5156,82744,0.00
5157,79980,0.00
5158,73291,100.00
5159,80616,50.00
5160,77088,0.00
5161,80730,50.00
5162,75443,0.00
5163,75995,100.00
5164,80945,0.00
5165,75777,0.00
5166,82279,0.00
5167,67937,50.00
5168,75237,100.00
5169,69930,0.00
5170,65102,0.00
5171,63340,50.00
5172,36470,0.00
5173,62270,0.00
5174,59804,0.00
5175,70014,50.00
5176,68608,0.00
5177,85366,0.00
5178,76496,50.00
5179,77259,0.00
5180,81141,50.00
5181,78176,33.33
5182,74915,0.00
5183,78098,0.00
5184,75628,50.00
5185,86668,0.00
5186,84605,0.00
5187,77716,100.00
5188,83421,0.00
5189,94725,0.00
5190,85055,50.00
5191,83364,0.00
5192,95237,0.00
5193,83616,50.00
5194,90137,0.00
5195,80364,50.00
5196,77315,0.00
5197,94260,0.00
5198,142267,50.00
5199,74199,50.00
5200,83311,0.00
5201,77593,100.00
5202,73450,0.00
5203,72815,0.00
5204,71571,0.00
5205,72999,100.00
5206,76768,50.00
5207,73415,0.00
5208,80076,0.00
5209,79883,50.00
5210,76240,0.00
5211,81686,50.00
5212,70880,0.00
5213,75252,0.00
5214,79483,0.00
5215,92267,100.00
5216,81769,0.00
5217,80245,50.00
5218,77874,0.00
5219,82036,0.00
5220,77055,50.00
5221,73844,0.00
5222,76529,50.00
5223,79501,50.00
5224,70175,0.00
5225,55049,0.00
5226,61397,0.00
5227,39731,100.00
5228,42148,100.00
5229,26080,100.00
5230,25706,100.00
5231,25274,0.00
5232,25836,100.00
5233,32210,100.00
5234,34593,100.00
5235,32827,100.00
5236,30830,0.00
5237,56387,100.00
5238,29719,100.00
5239,27863,0.00
5240,42580,0.00
5241,74819,0.00
5242,84651,0.00
5243,89847,50.00
5244,69366,0.00
5245,72957,50.00
5246,72391,0.00
5247,72695,50.00
5248,79172,0.00
5249,72283,0.00
5250,83221,100.00
5251,81154,0.00
5252,95506,50.00
5253,82079,0.00
5254,72950,0.00
5255,68858,0.00
5256,78363,50.00
5257,78216,50.00
5258,78537,0.00
5259,76272,0.00
5260,70388,50.00
5261,68858,0.00
5262,77407,50.00
5263,76527,0.00
5264,85061,100.00
5265,82105,0.00
5266,83000,50.00
5267,77560,0.00
5268,78702,0.00
5269,76697,0.00
5270,75508,0.00
5271,76948,50.00
5272,85049,50.00
5273,76931,0.00
5274,73197,100.00
5275,78094,0.00
5276,53291,0.00
5277,77278,50.00
5278,77910,0.00
5279,88555,0.00
5280,78387,50.00
5281,67294,0.00
5282,78678,0.00
5283,86949,0.00
5284,74687,0.00
5285,69272,50.00
5286,70937,0.00
5287,90232,0.00
5288,79886,100.00
5289,78026,0.00
5290,79872,50.00
5291,73778,0.00
5292,76848,0.00
5293,74766,50.00
5294,81789,0.00
5295,69050,0.00
5296,82430,50.00
5297,68330,0.00
5298,59577,66.67
5299,33760,0.00
5300,27006,0.00
5301,31739,100.00
5302,28478,0.00
5303,29406,0.00
5304,63714,50.00
5305,52617,0.00
5306,27562,100.00
5307,31394,0.00
5308,27119,0.00
5309,30630,50.00
5310,34574,0.00
5311,71321,50.00
5312,67338,0.00
5313,73925,0.00
5314,76442,50.00
5315,76139,0.00
5316,77411,50.00
5317,89213,0.00
5318,78817,0.00
5319,63382,0.00
5320,84095,50.00
5321,75242,0.00
5322,78357,50.00
5323,79530,0.00
5324,60996,0.00
5325,75736,0.00
5326,88915,50.00
5327,81599,100.00
5328,33725,0.00
5329,50890,0.00
5330,34706,100.00
5331,69155,0.00
5332,53827,0.00
5333,30723,100.00
5334,65943,50.00
5335,72250,0.00
5336,73005,50.00
5337,67671,0.00
5338,73880,0.00
5339,81145,50.00
5340,70224,0.00
5341,75587,0.00
5342,81397,100.00
5343,87520,50.00
5344,71450,0.00
5345,75366,50.00
5346,89741,0.00
5347,84964,100.00
5348,74981,0.00
5349,83726,0.00
5350,91034,0.00
5351,76275,50.00
5352,80480,0.00
5353,88595,50.00
5354,75569,0.00
5355,78227,50.00
5356,78177,0.00
5357,87792,0.00
5358,103331,50.00
5359,76558,0.00
5360,74693,50.00
5361,88341,0.00
5362,80179,50.00
5363,78596,0.00
5364,76074,0.00
5365,95174,0.00
5366,85342,100.00
5367,83519,0.00
5368,73937,50.00
5369,77286,0.00
5370,76054,0.00
5371,85583,0.00
5372,82505,50.00
5373,78166,0.00
5374,110391,100.00
5375,40482,0.00
5376,35072,0.00
5377,84464,100.00
5378,44925,0.00
5379,41861,100.00
5380,39807,100.00
5381,33548,100.00
5382,22847,100.00
5383,24678,100.00
5384,22134,0.00
5385,24894,100.00
5386,24827,100.00
5387,33291,100.00
5388,33862,100.00
5389,39494,0.00
5390,45067,100.00
5391,51479,100.00
5392,26300,0.00
5393,62944,100.00
5394,69068,50.00
5395,73202,0.00
5396,76551,0.00
5397,80138,50.00
5398,84542,0.00
5399,73465,50.00
5400,59513,50.00
5401,71056,0.00
5402,76504,0.00
5403,73261,100.00
5404,76606,0.00
5405,69273,0.00
5406,74961,50.00
5407,63768,0.00
5408,64537,0.00
5409,59304,50.00
5410,74720,50.00
5411,76339,0.00
5412,66942,0.00
5413,65394,0.00
5414,70129,50.00
5415,74623,50.00
5416,68419,0.00
5417,68190,0.00
5418,77868,50.00
5419,70871,0.00
5420,75895,50.00
5421,75543,0.00
5422,88729,0.00
5423,76799,50.00
5424,76556,0.00
5425,80596,50.00
5426,76900,0.00
5427,92748,0.00
5428,80646,50.00
5429,80544,0.00
5430,78604,50.00
5431,77553,0.00
5432,98725,0.00
5433,77660,50.00
5434,84080,0.00
5435,79639,50.00
5436,75105,0.00
5437,79856,0.00
5438,64380,0.00
5439,69471,0.00
5440,71413,100.00
5441,64481,0.00
5442,78993,50.00
5443,85756,50.00
5444,73605,0.00
5445,71572,0.00
5446,142045,0.00
5447,72225,50.00
5448,75621,0.00
5449,66552,0.00
5450,59079,100.00
5451,70346,0.00
5452,72247,50.00
5453,66977,0.00
5454,67507,50.00
5455,75191,0.00
5456,71431,0.00
5457,68859,50.00
5458,69182,50.00
5459,67478,0.00
5460,69192,0.00
5461,65203,50.00
5462,65484,0.00
5463,75290,50.00
5464,73775,0.00
5465,67557,0.00
5466,68045,50.00
5467,63479,0.00
5468,85559,50.00
5469,89529,0.00
5470,92969,50.00
5471,80777,0.00
5472,102451,0.00
5473,85813,100.00
5474,84692,0.00
5475,81718,50.00
5476,84788,0.00
5477,101551,0.00
5478,90945,100.00
5479,79640,0.00
5480,77409,0.00
5481,76342,0.00
5482,69730,0.00
5483,70897,100.00
5484,62984,0.00
5485,36229,0.00
5486,72736,66.67
5487,67968,0.00
5488,36356,0.00
5489,26714,100.00
5490,21779,100.00
5491,20261,100.00
5492,22983,100.00
5493,25855,100.00
5494,25743,100.00
5495,63373,100.00
5496,46044,0.00
5497,36327,100.00
5498,37717,100.00
5499,46378,50.00
5500,31218,100.00
5501,36164,0.00
5502,36191,0.00
5503,57339,100.00
5504,74350,0.00
5505,76536,50.00
5506,76784,0.00
5507,73188,0.00
5508,67920,100.00
5509,85943,0.00
5510,78640,50.00
5511,94202,0.00
5512,77526,0.00
5513,79610,50.00
5514,79883,0.00
5515,89715,50.00
5516,77221,0.00
5517,77678,0.00
5518,78049,0.00
5519,79647,50.00
5520,73940,0.00
5521,71988,50.00
5522,73467,0.00
5523,74576,50.00
5524,67369,0.00
5525,71965,0.00
5526,67209,0.00
5527,73955,50.00
5528,76437,50.00
5529,80522,0.00
5530,72586,0.00
5531,52519,100.00
5532,75837,0.00
5533,76153,50.00
5534,94434,0.00
5535,79068,0.00
5536,88496,100.00
5537,87411,50.00
5538,90971,0.00
5539,83726,50.00
5540,82810,0.00
5541,76971,0.00
5542,74355,50.00
5543,66610,0.00
5544,61494,0.00
5545,74572,100.00
5546,79287,0.00
5547,86881,50.00
5548,72010,0.00
5549,74568,50.00
5550,77165,0.00
5551,77798,0.00
5552,78088,50.00
5553,73367,0.00
5554,72800,50.00
5555,73213,0.00
5556,77757,0.00
5557,77634,50.00
5558,66601,0.00
5559,81779,100.00
5560,97033,0.00
5561,86782,0.00
5562,90276,50.00
5563,83106,0.00
5564,77510,100.00
5565,74323,0.00
5566,57554,0.00
5567,78500,0.00
5568,77461,50.00
5569,78889,0.00
5570,75578,50.00
5571,77552,0.00
5572,88603,0.00
5573,78977,50.00
5574,84429,0.00
5575,82193,50.00
5576,78531,0.00
5577,81261,0.00
5578,79830,100.00
5579,91649,0.00
5580,99846,50.00
5581,80615,0.00
5582,85395,0.00
5583,80837,100.00
5584,34620,0.00
5585,36099,0.00
5586,58066,0.00
5587,42001,100.00
5588,39223,100.00
5589,37646,100.00
5590,29132,100.00
5591,24111,0.00
5592,23385,100.00
5593,35225,100.00
5594,28475,50.00
5595,33444,0.00
5596,59006,50.00
5597,31115,100.00
5598,30557,0.00
5599,26957,50.00
5600,70252,0.00
5601,71603,100.00
5602,70137,0.00
5603,69276,50.00
5604,74182,0.00
5605,65022,0.00
5606,76172,0.00
5607,89617,0.00
5608,77507,50.00
5609,96504,0.00
5610,83411,0.00
5611,79197,50.00
5612,82143,0.00
5613,84732,50.00
5614,102803,0.00
5615,85676,0.00
5616,85872,50.00
5617,75046,50.00
5618,78801,0.00
5619,77568,100.00
5620,78025,0.00
5621,80515,0.00
5622,80094,0.00
5623,76970,50.00
5624,86180,0.00
5625,85453,50.00
5626,207391,0.00
5627,89885,0.00
5628,80080,50.00
5629,80452,0.00
5630,63784,0.00
5631,78898,50.00
5632,88574,0.00
5633,78459,100.00
5634,73702,0.00
5635,77855,0.00
5636,88029,50.00
5637,87010,0.00
5638,68807,100.00
5639,88992,0.00
5640,77068,0.00
5641,74015,50.00
5642,73377,0.00
5643,75651,0.00
5644,76568,50.00
5645,69756,0.00
5646,35491,100.00
5647,57816,0.00
5648,26106,0.00
5649,35667,100.00
5650,59144,0.00
5651,54808,0.00
5652,37169,100.00
5653,32884,0.00
5654,27825,100.00
5655,35570,0.00
5656,31196,0.00
5657,60104,100.00
5658,34289,0.00
5659,77040,50.00
5660,74229,0.00
5661,78761,0.00
5662,84274,50.00
5663,94067,0.00
5664,80025,50.00
5665,91878,0.00
5666,86034,0.00
5667,78336,50.00
5668,76868,0.00
5669,76638,50.00
5670,75392,100.00
5671,73465,0.00
5672,82769,0.00
5673,82315,50.00
5674,76998,0.00
5675,73429,50.00
5676,71918,0.00
5677,80989,0.00
5678,85382,50.00
5679,84404,0.00
5680,82477,50.00
5681,95930,0.00
5682,58730,0.00
5683,64506,100.00
5684,29843,100.00
5685,35913,50.00
5686,29834,0.00
5687,33097,0.00
5688,26944,100.00
5689,32784,0.00
5690,54368,50.00
5691,58819,0.00
5692,72033,50.00
5693,87063,0.00
5694,120151,0.00
5695,78327,50.00
5696,76021,0.00
5697,74197,50.00
5698,75256,0.00
5699,71589,50.00
5700,54192,0.00
5701,96094,0.00
5702,61918,0.00
5703,58106,0.00
5704,80602,50.00
5705,136680,0.00
5706,82910,50.00
5707,80648,0.00
5708,82354,0.00
5709,85075,50.00
5710,86142,0.00
5711,85182,50.00
5712,103676,0.00
5713,89281,0.00
5714,85468,100.00
5715,97599,0.00
5716,63401,0.00
5717,87293,0.00
5718,164202,50.00
5719,84985,100.00
5720,77387,0.00
5721,77482,0.00
5722,79394,0.00
5723,83994,50.00
5724,75991,0.00
5725,82137,50.00
5726,83605,0.00
5727,103518,0.00
5728,78547,100.00
5729,78518,0.00
5730,55553,0.00
5731,74000,50.00
5732,72740,0.00
5733,91956,0.00
5734,87299,50.00
5735,57183,0.00
5736,79412,66.67
5737,32334,0.00
5738,32583,0.00
5739,54005,50.00
5740,71875,100.00
5741,73127,0.00
5742,127774,0.00
5743,76624,100.00
5744,67285,50.00
5745,79120,0.00
5746,81395,0.00
5747,22845,0.00
5748,42676,0.00
5749,31955,50.00
5750,75612,0.00
5751,81303,100.00
5752,79106,0.00
5753,74484,50.00
5754,69846,0.00
5755,68424,100.00
5756,77331,0.00
5757,37643,0.00
5758,34153,0.00
5759,38293,100.00
5760,32265,50.00
5761,50034,100.00
5762,54981,0.00
5763,30892,50.00
5764,61044,100.00
5765,62979,0.00
5766,73220,0.00
5767,72434,50.00
5768,70371,0.00
5769,68135,100.00
5770,69613,0.00
5771,69643,0.00
5772,70607,50.00
5773,81804,50.00
5774,75037,0.00
5775,81072,0.00
5776,79589,50.00
5777,79868,0.00
5778,73987,0.00
5779,67952,0.00
5780,69525,50.00
5781,67607,0.00
5782,74279,50.00
5783,56526,0.00
5784,68580,50.00
5785,72512,0.00
5786,77888,50.00
5787,87214,0.00
5788,86978,0.00
5789,92291,50.00
5790,94995,0.00
5791,130389,50.00
5792,94175,0.00
5793,95814,0.00
5794,89266,50.00
5795,84361,0.00
5796,82874,50.00
5797,96782,0.00
5798,86063,0.00
5799,85055,50.00
5800,93762,0.00
5801,78504,50.00
5802,78152,0.00
5803,86348,0.00
5804,80656,50.00
5805,76897,0.00
5806,100276,0.00
5807,75339,50.00
5808,86302,0.00
5809,89134,50.00
5810,37782,0.00
5811,31522,100.00
5812,30530,0.00
5813,31305,100.00
5814,57147,0.00
5815,56012,100.00
5816,29795,100.00
5817,26450,0.00
5818,25235,100.00
5819,30170,0.00
5820,25259,50.00
5821,74257,0.00
5822,61850,0.00
5823,64141,50.00
5824,65286,0.00
5825,68549,0.00
5826,80140,50.00
5827,80750,0.00
5828,79281,50.00
5829,86048,0.00
5830,55095,0.00
5831,74276,0.00
5832,76857,100.00
5833,70766,0.00
5834,71017,50.00
5835,59962,0.00
5836,64030,0.00
5837,61360,0.00
5838,68587,66.67
5839,54653,0.00
5840,28355,50.00
5841,28386,0.00
5842,28790,0.00
5843,29048,50.00
5844,30179,0.00
5845,31323,50.00
5846,64004,0.00
5847,55121,0.00
5848,25791,50.00
5849,28336,100.00
5850,30082,0.00
5851,58113,0.00
5852,69262,50.00
5853,88055,0.00
5854,72122,0.00
5855,75918,50.00
5856,79545,100.00
5857,80467,0.00
5858,79051,0.00
5859,82504,50.00
5860,63847,0.00
5861,64351,100.00
5862,102552,0.00
5863,86690,0.00
5864,72105,50.00
5865,87825,0.00
5866,102860,0.00
5867,59876,0.00
5868,60443,50.00
5869,83138,0.00
5870,169754,100.00
5871,274798,0.00
5872,86838,0.00
5873,84798,50.00
5874,85052,0.00
5875,88655,50.00
5876,58231,0.00
5877,85619,0.00
5878,83107,0.00
5879,80563,100.00
5880,75621,50.00
5881,78184,0.00
5882,83512,50.00
5883,77587,0.00
5884,79153,0.00
5885,78079,50.00
5886,78160,0.00
5887,79233,100.00
5888,41829,0.00
5889,32493,100.00
5890,29602,0.00
5891,27806,100.00
5892,25715,0.00
5893,33616,0.00
5894,56616,100.00
5895,54036,0.00
5896,31868,100.00
5897,33459,0.00
5898,27421,50.00
5899,67612,0.00
5900,79223,50.00
5901,83229,0.00
5902,79220,50.00
5903,80705,0.00
5904,75736,0.00
5905,79967,50.00
5906,93217,0.00
5907,75611,50.00
5908,77502,0.00
5909,74025,0.00
5910,75311,50.00
5911,70898,0.00
5912,77445,50.00
5913,71246,0.00
5914,70158,0.00
5915,69478,50.00
5916,73892,0.00
5917,68374,0.00
5918,79415,100.00
5919,73259,0.00
5920,78170,50.00
5921,78837,100.00
5922,35524,0.00
5923,57032,0.00
5924,37979,50.00
5925,29627,0.00
5926,26558,100.00
5927,24806,0.00
5928,25162,0.00
5929,27642,50.00
5930,29524,0.00
5931,72765,100.00
5932,72787,0.00
5933,72949,0.00
5934,89528,0.00
5935,82697,100.00
5936,97980,0.00
5937,81826,50.00
5938,78046,0.00
5939,91674,0.00
5940,82714,100.00
5941,76813,0.00
5942,88720,50.00
5943,75621,50.00
5944,73152,0.00
5945,77394,0.00
5946,73981,0.00
5947,71404,50.00
5948,73961,50.00
5949,71685,0.00
5950,137251,50.00
5951,72697,0.00
5952,70156,0.00
5953,66690,0.00
5954,70396,0.00
5955,63973,0.00
5956,63307,50.00
5957,78650,50.00
5958,64004,0.00
5959,47056,50.00
5960,85137,0.00
5961,71561,0.00
5962,74698,0.00
5963,75352,100.00
5964,70391,0.00
5965,68669,0.00
5966,80730,50.00
5967,88321,100.00
5968,52018,0.00
5969,67285,100.00
5970,56434,0.00
5971,29188,50.00
5972,30494,0.00
5973,27176,0.00
5974,24995,100.00
5975,27544,0.00
5976,33862,50.00
5977,66795,0.00
5978,25582,0.00
5979,34587,100.00
5980,72364,50.00
5981,76563,0.00
5982,75616,0.00
5983,76379,50.00
5984,73519,0.00
5985,82311,50.00
5986,77928,0.00
5987,80175,50.00
5988,82443,0.00
5989,77514,0.00
5990,74507,0.00
5991,74308,100.00
5992,79523,50.00
5993,81802,0.00
5994,97025,50.00
5995,81995,0.00
5996,72210,0.00
5997,38402,0.00
5998,31813,50.00
5999,40892,0.00
6000,66391,0.00
6001,59302,66.67
6002,56089,0.00
6003,30616,50.00
6004,62575,0.00
6005,51851,50.00
6006,70319,50.00
6007,72065,50.00
6008,91665,0.00
6009,83301,50.00
6010,77668,0.00
6011,74269,0.00
6012,81636,50.00
6013,79193,0.00
6014,73692,50.00
6015,73764,0.00
6016,69660,0.00
6017,73814,50.00
6018,75328,0.00
6019,70623,0.00
6020,75614,50.00
6021,69637,0.00
6022,74370,0.00
6023,73484,50.00
6024,92968,50.00
6025,74494,0.00
6026,72371,0.00
6027,70780,100.00
6028,69202,0.00
6029,60420,0.00
6030,58247,0.00
6031,66531,0.00
6032,63823,100.00
6033,69339,0.00
6034,86162,50.00
6035,71118,0.00
6036,68585,0.00
6037,68785,100.00
6038,71789,50.00
6039,68955,0.00
6040,70863,50.00
6041,75645,0.00
6042,87004,50.00
6043,78386,0.00
6044,72953,0.00
6045,86970,50.00
6046,71380,0.00
6047,86488,0.00
6048,78041,50.00
6049,83872,50.00
6050,42242,0.00
6051,37401,100.00
6052,29131,100.00
6053,25730,0.00
6054,26714,100.00
6055,33734,100.00
6056,39420,100.00
6057,36743,100.00
6058,34486,0.00
6059,28451,100.00
6060,21120,100.00
6061,23517,100.00
6062,29398,100.00
6063,25583,0.00
6064,29400,100.00
6065,70886,0.00
6066,71198,50.00
6067,79728,50.00
6068,78436,0.00
6069,75942,0.00
6070,80353,50.00
6071,72694,0.00
6072,81602,50.00
6073,80379,0.00
6074,78965,0.00
6075,85336,50.00
6076,78259,0.00
6077,78887,0.00
6078,91581,100.00
6079,68254,0.00
6080,85689,0.00
6081,71811,0.00
6082,53512,0.00
6083,80839,100.00
6084,81767,0.00
6085,58683,0.00
6086,78768,50.00
6087,94714,0.00
6088,77584,0.00
6089,81967,50.00
6090,72841,0.00
6091,74907,50.00
6092,146479,0.00
6093,72002,50.00
6094,79101,0.00
6095,87262,50.00
6096,77742,0.00
6097,86925,100.00
6098,75029,0.00
6099,75649,0.00
6100,80807,0.00
6101,80216,100.00
6102,83602,0.00
6103,65862,0.00
6104,73840,50.00
6105,67102,0.00
6106,72241,100.00
6107,71667,50.00
6108,73826,0.00
6109,71709,0.00
6110,71337,0.00
6111,76077,100.00
6112,72906,0.00
6113,78700,50.00
6114,78234,0.00
6115,89410,100.00
6116,78511,0.00
6117,78294,0.00
6118,82742,50.00
6119,89563,0.00
6120,76337,100.00
6121,71045,0.00
6122,73358,0.00
6123,74772,50.00
6124,73966,0.00
6125,88731,100.00
6126,82677,0.00
6127,77107,0.00
6128,74460,50.00
6129,79902,0.00
6130,73126,0.00
6131,65648,50.00
6132,65399,0.00
6133,46816,50.00
6134,74326,0.00
6135,65534,0.00
6136,76248,0.00
6137,73498,50.00
6138,70442,50.00
6139,69900,0.00
6140,56845,0.00
6141,56500,100.00
6142,28708,100.00
6143,35175,50.00
6144,30536,0.00
6145,33755,0.00
6146,36456,50.00
6147,54334,0.00
6148,56518,50.00
6149,36615,0.00
6150,65795,50.00
6151,61170,0.00
6152,32778,50.00
6153,25188,0.00
6154,20607,100.00
6155,27736,0.00
6156,27749,100.00
6157,28371,0.00
6158,60180,0.00
6159,31872,100.00
6160,28863,0.00
6161,26157,100.00
6162,33991,0.00
6163,82374,0.00
6164,74020,100.00
6165,71280,0.00
6166,69534,0.00
6167,70839,50.00
6168,77086,0.00
6169,80720,100.00
6170,78026,0.00
6171,59584,50.00
6172,55007,0.00
6173,83192,0.00
6174,78375,50.00
6175,79592,0.00
6176,80225,50.00
6177,74441,0.00
6178,69879,0.00
6179,81218,0.00
6180,82412,50.00
6181,82319,0.00
6182,92661,50.00
6183,82197,0.00
6184,96601,0.00
6185,93716,50.00
6186,97391,50.00
6187,97339,0.00
6188,88854,50.00
6189,81674,0.00
6190,108163,0.00
6191,81029,50.00
6192,89671,0.00
6193,84582,50.00
6194,85048,0.00
6195,98018,0.00
6196,83716,0.00
6197,80549,100.00
6198,155847,0.00
6199,63809,0.00
6200,80534,50.00
6201,100542,0.00
6202,79027,0.00
6203,84827,50.00
6204,90907,0.00
6205,78479,50.00
6206,100139,100.00
6207,42645,0.00
6208,46653,100.00
6209,27248,0.00
6210,26976,100.00
6211,52789,0.00
6212,56997,50.00
6213,58541,0.00
6214,33769,50.00
6215,29148,100.00
6216,25810,0.00
6217,35250,0.00
6218,34567,100.00
6219,75003,0.00
6220,80442,50.00
6221,80592,0.00
6222,76174,100.00
6223,68809,0.00
6224,72586,0.00
6225,77350,50.00
6226,67256,0.00
6227,71562,50.00
6228,79112,50.00
6229,68998,0.00
6230,71552,0.00
6231,33988,0.00
6232,71937,100.00
6233,56928,0.00
6234,30080,66.67
6235,29889,0.00
6236,27131,0.00
6237,23982,100.00
6238,38187,0.00
6239,38601,50.00
6240,65380,0.00
6241,27418,50.00
6242,54968,0.00
6243,70977,50.00
6244,78553,50.00
6245,64250,0.00
6246,74435,50.00
6247,82558,0.00
6248,56899,0.00
6249,82344,0.00
6250,79902,0.00
6251,78934,50.00
6252,77647,0.00
6253,75862,0.00
6254,82437,50.00
6255,67994,0.00
6256,67432,0.00
6257,76927,50.00
6258,68872,0.00
6259,63194,100.00
6260,65504,0.00
6261,64974,50.00
6262,79139,0.00
6263,68854,50.00
6264,74063,100.00
6265,82328,0.00
6266,63580,0.00
6267,80187,50.00
6268,77415,0.00
6269,76674,0.00
6270,79163,50.00
6271,72025,0.00
6272,77058,0.00
6273,97533,0.00
6274,86359,100.00
6275,87924,0.00
6276,102612,50.00
6277,84792,50.00
6278,86586,0.00
6279,62687,0.00
6280,80940,50.00
6281,84600,0.00
6282,82530,50.00
6283,86590,0.00
6284,82540,0.00
6285,81154,50.00
6286,73328,100.00
6287,38500,0.00
6288,33564,0.00
6289,25074,100.00
6290,24295,0.00
6291,22274,100.00
6292,30427,0.00
6293,55012,0.00
6294,55134,100.00
6295,30547,50.00
6296,25725,100.00
6297,21257,0.00
6298,68144,0.00
6299,62559,0.00
6300,68448,50.00
6301,80551,0.00
6302,86014,50.00
6303,88236,0.00
6304,94064,0.00
6305,94605,50.00
6306,78878,0.00
6307,74774,0.00
6308,83367,50.00
6309,70263,0.00
6310,84915,0.00
6311,70534,50.00
6312,75460,0.00
6313,70515,50.00
6314,77680,50.00
6315,35323,0.00
6316,54936,0.00
6317,33600,100.00
6318,69457,0.00
6319,70227,50.00
6320,29294,100.00
6321,29405,100.00
6322,26850,0.00
6323,24911,0.00
6324,35303,50.00
6325,72425,50.00
6326,72831,0.00
6327,69027,50.00
6328,64098,0.00
6329,68515,0.00
6330,83243,50.00
6331,69567,0.00
6332,52219,0.00
6333,60264,50.00
6334,62841,0.00
6335,34681,0.00
6336,64926,0.00
6337,58732,50.00
6338,60140,0.00
6339,59245,0.00
6340,57651,50.00
6341,36855,100.00
6342,34175,0.00
6343,32911,0.00
6344,63536,0.00
6345,58190,0.00
6346,58790,0.00
6347,75258,66.67
6348,78313,0.00
6349,74242,50.00
6350,78108,0.00
6351,78709,0.00
6352,77924,50.00
6353,91669,0.00
6354,78968,50.00
6355,83661,0.00
6356,75772,0.00
6357,74701,0.00
6358,78681,50.00
6359,80633,0.00
6360,116573,0.00
6361,92637,50.00
6362,77017,0.00
6363,72340,0.00
6364,76438,100.00
6365,82188,0.00
6366,76143,0.00
6367,81639,50.00
6368,75686,100.00
6369,61780,0.00
6370,58290,50.00
6371,31881,100.00
6372,34858,0.00
6373,27668,50.00
6374,27091,0.00
6375,30120,50.00
6376,29163,0.00
6377,53769,0.00
6378,32535,50.00
6379,53859,0.00
6380,66955,66.67
6381,55646,0.00
6382,57732,0.00
6383,50999,0.00
6384,34079,100.00
6385,34710,0.00
6386,32984,100.00
6387,34234,0.00
6388,33184,0.00
6389,66088,100.00
6390,33288,0.00
6391,67674,50.00
6392,59933,50.00
6393,70393,0.00
6394,71031,50.00
6395,69920,0.00
6396,83346,50.00
6397,74216,0.00
6398,71342,0.00
6399,72556,0.00
6400,66202,0.00
6401,67826,50.00
6402,73070,50.00
6403,72466,0.00
6404,71989,0.00
6405,70743,0.00
6406,77277,50.00
6407,74727,0.00
6408,80053,50.00
6409,68344,0.00
6410,74608,50.00
6411,76369,0.00
6412,80664,50.00
6413,74492,0.00
6414,101890,0.00
6415,80229,50.00
6416,69995,0.00
6417,72004,50.00
6418,64555,0.00
6419,60852,0.00
6420,62872,50.00
6421,64868,50.00
6422,60992,0.00
6423,55943,0.00
6424,59057,0.00
6425,63883,0.00
6426,66468,0.00
6427,74194,50.00
6428,77096,100.00
6429,65654,0.00
6430,70668,0.00
6431,75332,50.00
6432,78599,0.00
6433,68441,100.00
6434,66692,0.00
6435,75542,0.00
6436,71080,0.00
6437,76285,100.00
6438,66102,0.00
6439,67117,50.00
6440,67135,0.00
6441,67670,0.00
6442,77868,100.00
6443,64610,0.00
6444,41902,100.00
6445,29582,50.00
6446,57117,0.00
6447,37985,0.00
6448,56876,50.00
6449,44664,0.00
6450,26161,100.00
6451,27593,100.00
6452,24537,0.00
6453,21298,50.00
6454,30127,0.00
6455,50610,0.00
6456,35767,100.00
6457,25599,0.00
6458,24770,50.00
6459,26268,0.00
6460,31268,0.00
6461,27819,100.00
6462,69088,0.00
6463,70012,50.00
6464,74343,0.00
6465,69057,0.00
6466,75062,0.00
6467,68168,0.00
6468,65509,50.00
6469,74964,100.00
6470,75301,50.00
6471,80077,0.00
6472,86264,0.00
6473,75983,0.00
6474,69630,0.00
6475,77787,50.00
6476,79372,50.00
6477,76060,0.00
6478,70203,0.00
6479,72342,50.00
6480,75309,0.00
6481,79258,0.00
6482,76150,50.00
6483,70957,0.00
6484,72318,0.00
6485,76045,50.00
6486,98055,0.00
6487,88018,50.00
6488,78611,0.00
6489,82233,0.00
6490,82926,50.00
6491,84072,0.00
6492,77190,100.00
6493,78776,0.00
6494,75278,0.00
6495,71974,50.00
6496,68366,0.00
6497,66258,100.00
6498,68004,50.00
6499,74279,0.00
6500,67690,0.00
6501,75195,100.00
6502,33645,0.00
6503,28200,0.00
6504,28131,0.00
6505,33519,50.00
6506,66745,0.00
6507,37196,66.67
6508,28554,0.00
6509,24935,0.00
6510,28403,50.00
6511,33318,0.00
6512,30077,50.00
6513,71462,0.00
6514,80449,50.00
6515,80103,0.00
6516,77283,100.00
6517,77106,0.00
6518,75311,0.00
6519,83044,0.00
6520,77806,50.00
6521,77817,100.00
6522,82126,0.00
6523,91067,50.00
6524,86939,0.00
6525,81347,0.00
6526,60018,0.00
6527,76027,50.00
6528,87124,0.00
6529,69602,0.00
6530,65427,0.00
6531,76288,66.67
6532,61422,0.00
6533,60688,100.00
6534,33089,0.00
6535,27733,0.00
6536,27861,100.00
6537,25625,0.00
6538,27531,100.00
6539,31331,0.00
6540,59325,0.00
6541,30058,100.00
6542,32677,0.00
6543,29769,100.00
6544,57630,0.00
6545,56772,0.00
6546,76132,50.00
6547,89565,0.00
6548,71244,0.00
6549,79023,50.00
6550,73134,100.00
6551,82768,0.00
6552,75684,50.00
6553,73843,0.00
6554,70121,0.00
6555,75563,0.00
6556,72743,50.00
6557,78374,50.00
6558,77941,0.00
6559,74729,100.00
6560,78132,0.00
6561,75052,0.00
6562,76044,50.00
6563,74006,0.00
6564,73823,0.00
6565,73139,0.00
6566,57727,0.00
6567,80259,50.00
6568,74365,0.00
6569,75773,100.00
6570,78535,0.00
6571,74928,0.00
6572,74998,50.00
6573,78754,100.00
6574,74355,0.00
6575,70727,0.00
6576,82376,50.00
6577,82189,0.00
6578,75541,100.00
6579,75010,0.00
6580,76135,0.00
6581,78810,50.00
6582,70466,0.00
6583,81959,100.00
6584,77415,0.00
6585,54611,0.00
6586,56500,0.00
6587,30282,100.00
6588,28764,0.00
6589,35160,50.00
6590,35359,0.00
6591,70565,50.00
6592,36436,0.00
6593,30170,0.00
6594,28702,50.00
6595,27987,0.00
6596,65105,0.00
6597,90120,50.00
6598,88487,0.00
6599,85269,50.00
6600,75112,0.00
6601,77343,50.00
6602,82253,0.00
6603,78376,0.00
6604,73857,0.00
6605,76606,50.00
6606,77198,0.00
6607,74327,50.00
6608,75041,100.00
6609,77815,0.00
6610,82403,0.00
6611,79936,0.00
6612,79159,50.00
6613,85111,0.00
6614,88598,66.67
6615,57962,0.00
6616,52785,0.00
6617,52483,100.00
6618,24235,0.00
6619,27000,50.00
6620,24958,0.00
6621,23435,0.00
6622,26508,100.00
6623,32346,0.00
6624,55706,50.00
6625,69949,100.00
6626,73418,0.00
6627,73714,50.00
6628,70998,0.00
6629,71643,100.00
6630,66915,0.00
6631,73375,0.00
6632,78317,50.00
6633,62128,0.00
6634,68699,100.00
6635,73631,0.00
6636,71069,50.00
6637,73148,0.00
6638,70981,0.00
6639,70710,100.00
6640,94025,0.00
6641,83607,0.00
6642,80961,50.00
6643,65126,0.00
6644,56349,50.00
6645,62753,0.00
6646,61264,50.00
6647,55626,0.00
6648,54668,0.00
6649,65207,0.00
6650,62561,0.00
6651,73931,66.67
6652,70559,0.00
6653,69250,0.00
6654,56607,50.00
6655,56146,0.00
6656,61415,0.00
6657,55747,0.00
6658,38262,100.00
6659,67429,50.00
6660,67013,50.00
6661,70710,0.00
6662,87687,0.00
6663,69360,0.00
6664,63932,0.00
6665,88059,66.67
6666,25749,0.00
6667,28678,100.00
6668,26273,0.00
6669,26595,0.00
6670,22036,50.00
6671,30215,0.00
6672,54944,100.00
6673,39626,0.00
6674,28791,100.00
6675,63686,50.00
6676,67032,50.00
6677,76640,0.00
6678,83174,50.00
6679,76521,0.00
6680,73586,0.00
6681,77571,0.00
6682,76066,50.00
6683,86208,50.00
6684,84311,0.00
6685,77416,0.00
6686,78060,100.00
6687,72130,0.00
6688,73318,0.00
6689,87454,50.00
6690,37895,0.00
6691,32348,100.00
6692,31916,0.00
6693,36440,0.00
6694,30675,50.00
6695,63112,0.00
6696,28685,100.00
6697,64082,0.00
6698,74189,50.00
6699,70231,0.00
6700,69480,0.00
6701,49183,50.00
6702,144024,0.00
6703,73699,0.00
6704,73322,100.00
6705,72805,0.00
6706,75466,50.00
6707,68174,0.00
6708,67467,0.00
6709,62087,0.00
6710,68380,50.00
6711,62833,0.00
6712,70408,66.67
6713,69499,0.00
6714,75000,0.00
6715,92664,50.00
6716,77502,0.00
6717,70549,0.00
6718,78641,100.00
6719,83082,0.00
6720,63102,0.00
6721,64413,50.00
6722,84802,50.00
6723,71833,0.00
6724,58998,0.00
6725,67489,0.00
6726,75777,50.00
6727,76287,50.00
6728,77219,0.00
6729,67766,0.00
6730,59736,50.00
6731,61957,0.00
6732,58408,0.00
6733,68366,0.00
6734,56985,50.00
6735,63088,0.00
6736,64314,0.00
6737,60593,100.00
6738,61030,0.00
6739,57700,50.00
6740,54369,0.00
6741,63328,50.00
6742,67673,0.00
6743,36633,50.00
6744,35978,100.00
6745,29800,0.00
6746,34806,100.00
6747,30983,100.00
6748,31164,0.00
6749,45173,100.00
6750,43553,100.00
6751,46051,0.00
6752,42167,100.00
6753,28685,100.00
6754,25165,100.00
6755,29216,100.00
6756,50319,100.00
6757,28081,0.00
6758,35100,100.00
6759,59049,100.00
6760,34513,0.00
6761,80485,50.00
6762,65612,0.00
6763,66549,50.00
6764,56658,0.00
6765,60053,0.00
6766,59258,50.00
6767,58092,50.00
6768,59322,0.00
6769,67538,50.00
6770,80068,0.00
6771,58487,0.00
6772,63275,0.00
6773,63830,50.00
6774,63890,0.00
6775,67324,100.00
6776,71811,0.00
6777,64640,0.00
6778,72358,50.00
6779,64827,0.00
6780,59927,50.00
6781,55281,0.00
6782,55184,0.00
6783,54282,50.00
6784,59790,0.00
6785,64737,0.00
6786,60220,50.00
6787,59741,50.00
6788,53317,0.00
6789,53698,0.00
6790,36624,0.00
6791,35846,50.00
6792,37186,0.00
6793,58977,50.00
6794,54072,100.00
6795,60723,0.00
6796,62787,0.00
6797,54713,50.00
6798,59321,0.00
6799,63596,0.00
6800,69814,50.00
6801,65718,0.00
6802,99116,0.00
6803,81701,100.00
6804,73156,0.00
6805,71163,50.00
6806,63955,0.00
6807,62149,0.00
6808,70605,100.00
6809,65858,0.00
6810,72691,50.00
6811,75904,0.00
6812,72739,50.00
6813,68308,0.00
6814,64773,0.00
6815,57851,0.00
6816,67525,50.00
6817,63203,0.00
6818,68730,50.00
6819,63901,0.00
6820,58484,0.00
6821,62603,50.00
6822,64249,0.00
6823,60633,50.00
6824,64080,0.00
6825,74045,50.00
6826,76457,0.00
6827,82180,100.00
6828,77989,0.00
6829,79158,0.00
6830,85613,50.00
6831,50721,0.00
6832,78019,0.00
6833,67470,0.00
6834,72892,50.00
6835,60498,0.00
6836,62332,0.00
6837,62464,50.00
6838,69107,50.00
6839,55774,0.00
6840,57463,100.00
6841,28740,0.00
6842,36612,50.00
6843,30861,0.00
6844,31042,100.00
6845,31778,0.00
6846,35508,0.00
6847,37761,50.00
6848,25946,0.00
6849,73574,0.00
6850,76266,50.00
6851,74589,0.00
6852,73240,100.00
6853,64724,0.00
6854,33811,100.00
6855,36023,0.00
6856,30279,100.00
6857,23857,0.00
6858,25699,50.00
6859,25614,0.00
6860,54652,0.00
6861,22797,100.00
6862,29121,100.00
6863,23763,0.00
6864,55188,0.00
6865,63094,50.00
6866,68161,0.00
6867,74515,50.00
6868,69730,0.00
6869,77704,50.00
6870,70028,0.00
6871,94390,0.00
6872,79457,50.00
6873,80845,0.00
6874,82408,50.00
6875,79141,0.00
6876,75944,0.00
6877,75702,100.00
6878,79580,0.00
6879,78378,50.00
6880,80499,0.00
6881,78663,50.00
6882,84332,0.00
6883,81763,0.00
6884,79340,50.00
6885,75519,0.00
6886,221358,50.00
6887,81258,0.00
6888,80799,0.00
6889,78164,0.00
6890,78182,0.00
6891,78710,100.00
6892,73597,50.00
6893,77826,0.00
6894,71664,0.00
6895,83181,50.00
6896,80723,0.00
6897,75998,0.00
6898,72193,50.00
6899,67019,0.00
6900,76461,50.00
6901,82533,0.00
6902,74269,0.00
6903,83616,66.67
6904,38163,0.00
6905,36388,0.00
6906,29815,0.00
6907,36432,100.00
6908,56271,0.00
6909,54218,100.00
6910,25455,100.00
6911,28079,0.00
6912,26791,100.00
6913,31802,0.00
6914,27503,0.00
6915,71632,50.00
6916,63581,0.00
6917,75906,50.00
6918,82161,0.00
6919,78103,50.00
6920,83252,0.00
6921,80180,100.00
6922,79277,0.00
6923,78182,50.00
6924,76641,0.00
6925,75465,0.00
6926,72719,0.00
6927,70743,0.00
6928,74750,50.00
6929,81218,50.00
6930,40736,0.00
6931,72650,100.00
6932,65574,0.00
6933,28462,100.00
6934,34411,0.00
6935,29935,0.00
6936,25211,100.00
6937,21534,0.00
6938,33850,100.00
6939,50201,0.00
6940,35831,100.00
6941,28517,0.00
6942,24786,50.00
6943,64656,0.00
6944,66855,0.00
6945,66533,0.00
6946,64135,50.00
6947,63154,0.00
6948,62426,50.00
6949,55282,0.00
6950,119760,0.00
6951,78338,50.00
6952,77552,0.00
6953,70276,0.00
6954,76008,100.00
6955,80363,50.00
6956,66332,0.00
6957,72047,0.00
6958,63308,0.00
6959,69355,0.00
6960,65921,50.00
6961,61790,0.00
6962,66612,50.00
6963,74822,100.00
6964,70173,0.00
6965,74101,50.00
6966,75276,0.00
6967,73521,0.00
6968,80991,0.00
6969,79773,50.00
6970,87723,0.00
6971,233435,0.00
6972,75013,50.00
6973,70380,0.00
6974,76439,50.00
6975,70161,0.00
6976,82968,0.00
6977,82866,100.00
6978,86518,0.00
6979,80728,50.00
6980,79562,0.00
6981,75397,0.00
6982,78162,100.00
6983,68539,0.00
6984,31469,0.00
6985,37266,100.00
6986,27363,0.00
6987,51046,0.00
6988,44171,66.67
6989,35785,0.00
6990,62851,100.00
6991,61322,0.00
6992,35260,100.00
6993,28587,50.00
6994,62781,0.00
6995,72823,50.00
6996,74021,0.00
6997,85521,0.00
6998,75127,50.00
6999,89161,0.00
7000,102613,50.00
7001,82240,0.00
7002,76719,0.00
7003,86360,50.00
7004,81715,0.00
7005,92477,50.00
7006,73572,0.00
7007,76963,0.00
7008,80509,50.00
7009,82128,0.00
7010,77105,50.00
7011,74245,0.00
7012,84497,0.00
7013,76233,50.00
7014,73307,50.00
7015,77907,0.00
7016,28801,0.00
7017,35155,0.00
7018,28030,50.00
7019,63773,0.00
7020,33980,100.00
7021,26474,0.00
7022,23095,0.00
7023,24130,100.00
7024,22110,0.00
7025,27703,100.00
7026,72167,0.00
7027,69157,0.00
7028,71182,0.00
7029,74471,100.00
7030,78511,0.00
7031,85729,50.00
7032,79919,0.00
7033,70147,0.00
7034,69329,100.00
7035,79069,0.00
7036,66182,0.00
7037,77338,50.00
7038,74789,50.00
7039,69143,0.00
7040,64874,0.00
7041,73379,50.00
7042,64351,0.00
7043,63300,0.00
7044,72896,100.00
7045,76829,0.00
7046,83807,50.00
7047,74777,0.00
7048,78805,0.00
7049,84957,50.00
7050,82473,0.00
7051,79386,0.00
7052,79955,50.00
7053,75249,100.00
7054,79700,0.00
7055,79853,0.00
7056,75727,0.00
7057,67446,0.00
7058,73914,100.00
7059,79615,0.00
7060,83781,50.00
7061,76991,0.00
7062,79160,100.00
7063,90048,50.00
7064,62478,0.00
7065,33321,100.00
7066,66976,100.00
7067,40233,0.00
7068,31055,100.00
7069,27620,0.00
7070,24748,0.00
7071,25461,100.00
7072,27660,0.00
7073,36643,100.00
7074,40444,0.00
7075,20366,100.00
7076,82006,50.00
7077,80086,0.00
7078,76971,100.00
7079,83314,0.00
7080,71900,0.00
7081,59792,0.00
7082,61419,0.00
7083,36052,100.00
7084,61327,50.00
7085,44132,0.00
7086,70528,0.00
7087,27144,0.00
7088,36325,50.00
7089,32464,0.00
7090,26522,100.00
7091,31469,0.00
7092,29599,0.00
7093,54965,50.00
7094,58521,100.00
7095,67692,50.00
7096,92585,100.00
7097,80950,0.00
7098,79519,50.00
7099,80925,0.00
7100,92128,0.00
7101,98365,50.00
7102,85057,0.00
7103,89917,50.00
7104,84760,0.00
7105,96229,0.00
7106,87369,0.00
7107,77261,0.00
7108,75446,50.00
7109,79492,50.00
7110,81887,0.00
7111,80764,0.00
7112,82828,50.00
7113,80785,0.00
7114,86532,0.00
7115,81896,50.00
7116,79913,0.00
7117,94228,50.00
7118,84652,0.00
7119,77340,0.00
7120,84029,50.00
7121,74680,0.00
7122,75478,50.00
7123,74039,50.00
7124,70498,0.00
7125,86515,0.00
7126,75548,50.00
7127,80349,0.00
7128,82742,100.00
7129,81777,0.00
7130,138545,0.00
7131,78156,50.00
7132,81399,0.00
7133,93190,100.00
7134,76508,0.00
7135,76618,0.00
7136,81059,0.00
7137,77147,0.00
7138,73907,100.00
7139,76343,0.00
7140,72139,50.00
7141,79479,50.00
7142,79687,0.00
7143,80080,100.00
7144,38970,0.00
7145,37923,0.00
7146,41429,0.00
7147,34188,50.00
7148,58259,100.00
7149,55933,50.00
7150,23278,100.00
7151,68403,0.00
7152,66378,0.00
7153,61084,100.00
7154,75204,0.00
7155,72109,50.00
7156,68123,0.00
7157,30113,0.00
7158,27147,100.00
7159,24298,0.00
7160,27856,0.00
7161,53405,100.00
7162,67379,66.67
7163,33350,0.00
7164,29983,0.00
7165,23911,0.00
7166,30569,100.00
7167,32471,0.00
7168,57069,50.00
7169,59247,0.00
7170,66680,0.00
7171,68201,0.00
7172,73724,50.00
7173,66552,100.00
7174,67673,0.00
7175,70739,0.00
7176,77169,0.00
7177,71315,50.00
7178,71842,100.00
7179,77908,50.00
7180,81964,0.00
7181,79690,0.00
7182,71903,50.00
7183,67542,0.00
7184,81777,0.00
7185,77584,50.00
7186,81852,0.00
7187,104521,0.00
7188,84089,100.00
7189,82006,0.00
7190,75982,50.00
7191,67756,0.00
7192,33919,50.00
7193,31241,0.00
7194,29301,0.00
7195,32763,100.00
7196,64162,0.00
7197,40587,50.00
7198,29389,0.00
7199,34711,50.00
7200,28509,0.00
7201,34407,100.00
7202,29171,0.00
7203,65262,0.00
7204,72322,50.00
7205,76484,50.00
7206,75031,50.00
7207,71004,0.00
7208,69947,0.00
7209,77558,0.00
7210,78161,50.00
7211,75077,100.00
7212,93250,0.00
7213,82983,0.00
7214,89375,50.00
7215,77666,0.00
7216,64396,0.00
7217,72252,50.00
7218,70660,0.00
7219,82714,50.00
7220,76286,0.00
7221,74665,0.00
7222,78440,50.00
7223,73661,0.00
7224,79770,50.00
7225,76912,0.00
7226,75275,0.00
7227,76635,50.00
7228,83323,0.00
7229,97837,50.00
7230,83083,0.00
7231,83908,0.00
7232,84232,0.00
7233,86678,50.00
7234,94250,50.00
7235,83150,100.00
7236,63662,0.00
7237,35893,50.00
7238,32590,0.00
7239,25734,0.00
7240,25747,50.00
7241,32782,0.00
7242,51228,50.00
7243,62758,0.00
7244,26718,100.00
7245,31746,50.00
7246,28090,0.00
7247,88999,66.67
7248,73373,0.00
7249,60484,0.00
7250,75039,0.00
7251,69414,50.00
7252,85933,0.00
7253,81924,50.00
7254,86974,0.00
7255,83388,0.00
7256,89826,50.00
7257,79933,0.00
7258,63661,50.00
7259,96529,0.00
7260,86175,0.00
7261,89396,0.00
7262,94353,50.00
7263,81849,0.00
7264,89388,100.00
7265,89771,0.00
7266,86403,0.00
7267,81200,50.00
7268,83452,0.00
7269,78671,50.00
7270,88274,0.00
7271,85285,0.00
7272,82668,50.00
7273,78029,0.00
7274,80677,50.00
7275,31396,0.00
7276,32335,50.00
7277,25409,0.00
7278,21975,0.00
7279,41416,100.00
7280,37212,0.00
7281,55754,50.00
7282,35205,0.00
7283,26690,100.00
7284,26438,0.00
7285,24249,100.00
7286,31297,0.00
7287,72355,100.00
7288,60635,0.00
7289,71678,0.00
7290,62656,0.00
7291,71701,100.00
7292,63967,0.00
7293,70877,66.67
7294,75379,0.00
7295,71135,0.00
7296,66399,0.00
7297,69819,50.00
7298,76520,50.00
7299,74002,0.00
7300,84451,0.00
7301,79475,0.00
7302,84476,50.00
7303,87827,0.00
7304,69325,50.00
7305,81782,100.00
7306,181597,0.00
7307,74572,0.00
7308,74964,0.00
7309,75400,50.00
7310,95632,0.00
7311,82565,50.00
7312,99016,0.00
7313,74991,0.00
7314,81854,50.00
7315,139182,0.00
7316,82496,50.00
7317,40673,0.00
7318,59938,50.00
7319,62489,100.00
7320,30239,0.00
7321,26065,0.00
7322,20063,100.00
7323,22014,0.00
7324,24730,100.00
7325,28024,0.00
7326,61753,0.00
7327,30628,100.00
7328,52173,0.00
7329,64685,0.00
7330,76107,50.00
7331,78673,100.00
7332,77769,0.00
7333,74067,0.00
7334,77651,0.00
7335,114450,100.00
7336,74056,50.00
7337,82226,0.00
7338,82156,0.00
7339,46356,0.00
7340,64912,0.00
7341,66185,50.00
7342,102333,0.00
7343,60931,50.00
7344,72148,0.00
7345,69587,100.00
7346,71470,0.00
7347,77858,50.00
7348,72141,0.00
7349,74960,0.00
7350,73631,50.00
7351,73511,0.00
7352,77901,0.00
7353,70306,50.00
7354,73895,0.00
7355,182177,50.00
7356,81168,0.00
7357,82043,50.00
7358,73796,100.00
7359,85893,0.00
7360,73951,100.00
7361,34844,0.00
7362,38071,0.00
7363,26651,100.00
7364,24122,0.00
7365,26583,100.00
7366,52099,0.00
7367,55649,50.00
7368,35843,100.00
7369,33967,50.00
7370,66217,0.00
7371,63363,0.00
7372,70250,50.00
7373,85538,0.00
7374,83570,0.00
7375,92888,50.00
7376,84451,0.00
7377,102296,50.00
7378,160069,0.00
7379,83384,0.00
7380,86234,50.00
7381,80847,0.00
7382,97418,50.00
7383,77580,0.00
7384,75038,0.00
7385,83932,50.00
7386,94995,0.00
7387,85759,50.00
7388,73589,100.00
7389,75068,0.00
7390,51533,0.00
7391,82828,0.00
7392,72273,50.00
7393,68867,0.00
7394,75285,50.00
7395,64358,0.00
7396,35115,0.00
7397,35423,100.00
7398,34476,0.00
7399,37846,0.00
7400,37710,50.00
7401,27642,100.00
7402,63680,0.00
7403,70381,100.00
7404,69106,50.00
7405,77921,0.00
7406,126585,0.00
7407,83481,50.00
7408,79780,0.00
7409,78341,50.00
7410,82506,0.00
7411,97111,0.00
7412,63259,0.00
7413,83695,100.00
7414,77561,0.00
7415,84661,50.00
7416,76717,0.00
7417,83721,0.00
7418,84818,50.00
7419,77938,0.00
7420,82485,50.00
7421,79405,0.00
7422,83575,0.00
7423,78705,50.00
7424,82600,0.00
7425,77801,50.00
7426,82100,0.00
7427,90963,0.00
7428,91911,50.00
7429,79431,0.00
7430,83745,50.00
7431,77932,0.00
7432,81895,0.00
7433,79430,50.00
7434,81254,0.00
7435,89424,50.00
7436,84710,100.00
7437,40275,0.00
7438,40418,100.00
7439,36566,0.00
7440,76143,100.00
7441,58572,0.00
7442,28842,50.00
7443,24147,0.00
7444,20167,100.00
7445,18944,100.00
7446,22769,100.00
7447,26609,100.00
7448,25097,0.00
7449,61205,100.00
7450,57277,100.00
7451,61447,0.00
7452,33051,100.00
7453,24995,0.00
7454,31957,100.00
7455,41698,0.00
7456,60667,50.00
7457,74371,100.00
7458,68897,0.00
7459,72462,50.00
7460,77140,0.00
7461,83839,50.00
7462,83736,100.00
7463,77667,0.00
7464,81014,0.00
7465,87534,0.00
7466,77671,0.00
7467,71938,100.00
7468,72865,50.00
7469,74490,0.00
7470,85103,0.00
7471,74852,100.00
7472,70612,0.00
7473,76596,50.00
7474,74310,0.00
7475,70654,0.00
7476,73300,0.00
7477,76838,50.00
7478,70510,0.00
7479,75482,0.00
7480,75661,50.00
7481,71794,0.00
7482,70988,50.00
7483,69291,0.00
7484,77718,50.00
7485,80556,0.00
7486,79595,0.00
7487,83451,50.00
7488,86515,50.00
7489,82496,0.00
7490,106185,0.00
7491,70432,0.00
7492,71690,50.00
7493,77810,50.00
7494,65983,0.00
7495,67735,0.00
7496,66911,0.00
7497,63488,50.00
7498,72498,50.00
7499,75381,0.00
7500,78544,0.00
7501,78581,50.00
7502,81095,0.00
7503,84007,50.00
7504,108762,0.00
7505,81390,0.00
7506,81224,50.00
7507,84720,0.00
7508,81591,50.00
7509,86427,0.00
7510,181233,0.00
7511,76764,0.00
7512,77855,50.00
7513,77094,0.00
7514,53722,0.00
7515,78601,50.00
7516,79134,0.00
7517,92589,0.00
7518,83072,100.00
7519,89227,0.00
7520,54095,0.00
7521,86791,50.00
7522,78087,0.00
7523,80811,0.00
7524,76703,50.00
7525,70455,0.00
7526,72983,50.00
7527,79256,50.00
7528,74158,0.00
7529,83945,0.00
7530,74916,0.00
7531,72061,50.00
7532,81443,100.00
7533,33095,0.00
7534,61143,0.00
7535,31133,50.00
7536,38052,100.00
7537,34944,0.00
7538,59909,50.00
7539,37863,0.00
7540,36680,0.00
7541,26882,50.00
7542,24132,0.00
7543,22251,50.00
7544,23931,0.00
7545,27410,0.00
7546,33738,50.00
7547,55656,0.00
7548,38079,50.00
7549,33491,100.00
7550,31229,0.00
7551,26110,50.00
7552,29198,0.00
7553,80937,0.00
7554,76565,50.00
7555,75111,0.00
7556,72289,0.00
7557,69318,50.00
7558,70231,0.00
7559,67650,50.00
7560,80822,0.00
7561,80322,50.00
7562,80316,0.00
7563,77267,0.00
7564,77879,50.00
7565,84483,0.00
7566,87387,0.00
7567,84046,50.00
7568,82634,50.00
7569,81432,0.00
7570,77619,0.00
7571,86826,50.00
7572,72895,0.00
7573,79641,50.00
7574,73512,0.00
7575,75868,0.00
7576,71893,50.00
7577,74436,0.00
7578,66958,0.00
7579,68309,100.00
7580,72107,0.00
7581,62285,0.00
7582,58207,50.00
7583,35509,0.00
7584,36694,0.00
7585,67878,66.67
7586,70484,0.00
7587,33263,0.00
7588,40588,0.00
7589,32797,50.00
7590,35393,100.00
7591,56578,0.00
7592,33502,0.00
7593,23143,100.00
7594,24454,0.00
7595,23547,100.00
7596,31065,0.00
7597,30806,0.00
7598,69073,50.00
7599,69609,0.00
7600,73283,0.00
7601,75039,50.00
7602,83301,0.00
7603,90546,50.00
7604,102444,0.00
7605,56602,0.00
7606,60168,0.00
7607,92674,0.00
7608,76995,50.00
7609,71774,100.00
7610,72597,0.00
7611,81932,50.00
7612,77281,0.00
7613,74725,0.00
7614,75197,0.00
7615,75459,50.00
7616,72769,0.00
7617,71368,0.00
7618,72445,100.00
7619,74970,50.00
7620,55543,0.00
7621,80023,0.00
7622,74934,0.00
7623,92521,100.00
7624,78445,100.00
7625,64418,50.00
7626,58878,0.00
7627,60626,0.00
7628,28763,100.00
7629,25162,0.00
7630,22939,50.00
7631,29580,0.00
7632,52850,50.00
7633,33935,0.00
7634,24532,100.00
7635,28117,0.00
7636,67195,0.00
7637,69031,0.00
7638,31926,0.00
7639,29770,0.00
7640,30820,0.00
7641,80522,50.00
7642,69135,0.00
7643,61334,0.00
7644,63076,50.00
7645,53620,0.00
7646,60940,50.00
7647,66043,0.00
7648,67679,50.00
7649,78274,50.00
7650,89364,0.00
7651,73723,0.00
7652,87344,50.00
7653,75415,0.00
7654,103225,50.00
7655,83314,0.00
7656,79652,0.00
7657,72269,0.00
7658,78702,0.00
7659,76690,50.00
7660,78953,0.00
7661,240564,100.00
7662,51523,0.00
7663,69570,0.00
7664,66481,0.00
7665,68500,100.00
7666,66030,0.00
7667,38094,100.00
7668,34978,0.00
7669,29248,100.00
7670,27626,0.00
7671,24447,0.00
7672,28852,100.00
7673,37998,0.00
7674,36123,100.00
7675,27552,0.00
7676,25747,50.00
7677,23805,0.00
7678,63409,50.00
7679,56547,0.00
7680,77780,50.00
7681,85106,0.00
7682,81137,50.00
7683,87694,0.00
7684,84999,0.00
7685,62410,50.00
7686,81232,0.00
7687,82666,50.00
7688,79623,0.00
7689,79658,0.00
7690,75974,100.00
7691,105952,0.00
7692,78972,0.00
7693,92883,50.00
7694,81023,0.00
7695,81829,0.00
7696,61755,50.00
7697,80034,0.00
7698,80660,50.00
7699,75604,0.00
7700,85044,0.00
7701,77805,50.00
7702,138534,0.00
7703,74022,50.00
7704,76455,0.00
7705,77611,0.00
7706,70757,0.00
7707,77538,66.67
7708,35666,0.00
7709,54649,0.00
7710,54625,50.00
7711,52276,100.00
7712,25798,50.00
7713,24055,0.00
7714,21446,100.00
7715,21736,0.00
7716,24014,0.00
7717,27319,50.00
7718,51155,0.00
7719,82212,50.00
7720,74101,100.00
7721,79986,0.00
7722,70488,50.00
7723,83091,0.00
7724,73384,0.00
7725,76516,0.00
7726,100262,50.00
7727,70379,0.00
7728,72630,0.00
7729,66539,100.00
7730,68713,0.00
7731,66313,0.00
7732,65744,50.00
7733,78478,50.00
7734,75651,0.00
7735,85029,0.00
7736,71057,50.00
7737,74372,50.00
7738,90228,0.00
7739,84496,100.00
7740,83878,0.00
7741,77104,0.00
7742,110348,0.00
7743,77416,50.00
7744,81935,0.00
7745,83937,50.00
7746,85783,50.00
7747,58090,0.00
7748,74386,100.00
7749,74419,0.00
7750,29297,100.00
7751,32561,0.00
7752,24348,50.00
7753,24361,0.00
7754,28593,0.00
7755,26386,100.00
7756,68854,100.00
7757,32473,50.00
7758,77333,0.00
7759,75997,0.00
7760,65655,0.00
7761,73835,50.00
7762,67827,0.00
7763,77395,50.00
7764,77628,0.00
7765,73789,50.00
7766,68726,0.00
7767,88200,0.00
7768,78480,100.00
7769,84506,50.00
7770,78072,0.00
7771,98598,0.00
7772,80516,50.00
7773,84570,0.00
7774,81677,50.00
7775,93612,0.00
7776,97535,0.00
7777,85734,0.00
7778,104866,100.00
7779,82848,50.00
7780,80862,0.00
7781,78370,50.00
7782,79500,0.00
7783,76948,0.00
7784,77412,0.00
7785,81611,50.00
7786,34872,0.00
7787,66887,0.00
7788,31939,100.00
7789,33642,0.00
7790,35642,50.00
7791,54547,0.00
7792,59504,50.00
7793,34413,100.00
7794,78892,0.00
7795,73676,50.00
7796,92944,0.00
7797,83431,50.00
7798,109708,0.00
7799,77996,50.00
7800,80924,0.00
7801,141714,0.00
7802,79274,50.00
7803,79726,0.00
7804,84098,50.00
7805,77093,0.00
7806,86655,0.00
7807,74406,0.00
7808,79724,0.00
7809,79665,50.00
7810,82057,0.00
7811,93153,50.00
7812,84486,50.00
7813,79690,0.00
7814,88516,0.00
7815,77813,100.00
7816,82098,0.00
7817,91010,50.00
7818,78308,0.00
7819,82632,0.00
7820,82952,50.00
7821,82867,0.00
7822,78195,50.00
7823,77819,0.00
7824,87915,0.00
7825,85943,50.00
7826,87752,0.00
7827,78096,100.00
7828,30117,0.00
7829,80193,0.00
7830,40377,0.00
7831,72342,66.67
7832,55155,0.00
7833,29959,100.00
7834,73956,0.00
7835,70392,50.00
7836,72574,0.00
7837,79975,0.00
7838,78022,0.00
7839,35148,50.00
7840,31889,100.00
7841,26103,0.00
7842,43295,100.00
7843,30754,0.00
7844,61967,0.00
7845,33893,100.00
7846,35173,0.00
7847,28395,100.00
7848,28218,0.00
7849,31667,0.00
7850,66197,100.00
7851,158390,50.00
7852,94710,0.00
7853,103809,0.00
7854,86719,100.00
7855,79073,50.00
7856,84512,0.00
7857,78171,50.00
7858,77555,0.00
7859,85522,0.00
7860,86949,0.00
7861,61571,0.00
7862,96542,50.00
7863,94103,0.00
7864,92009,50.00
7865,79177,0.00
7866,76769,0.00
7867,82740,0.00
7868,92087,100.00
7869,86374,0.00
7870,75346,50.00
7871,79451,0.00
7872,62739,50.00
7873,77324,0.00
7874,62164,0.00
7875,90060,0.00
7876,83660,100.00
7877,57688,0.00
7878,24793,0.00
7879,29405,100.00
7880,31346,0.00
7881,67694,100.00
7882,25305,0.00
7883,33544,0.00
7884,27535,100.00
7885,33759,0.00
7886,55768,100.00
7887,67098,66.67
7888,73066,0.00
7889,70599,0.00
7890,77382,50.00
7891,68748,0.00
7892,85731,100.00
7893,88703,0.00
7894,80419,0.00
7895,76209,50.00
7896,80994,0.00
7897,81626,100.00
7898,84335,0.00
7899,75799,0.00
7900,74102,0.00
7901,84689,100.00
7902,76298,0.00
7903,74885,50.00
7904,82641,50.00
7905,87808,0.00
7906,80378,0.00
7907,81088,50.00
7908,102961,0.00
7909,76953,0.00
7910,76728,50.00
7911,82207,0.00
7912,86669,0.00
7913,78719,50.00
7914,70217,0.00
7915,65842,0.00
7916,62870,50.00
7917,67409,0.00
7918,65998,0.00
7919,62885,66.67
7920,36075,0.00
7921,33993,50.00
7922,26846,0.00
7923,25991,0.00
7924,33423,50.00
7925,54229,0.00
7926,55076,66.67
7927,29730,0.00
7928,34571,0.00
7929,27929,50.00
7930,60939,0.00
7931,93449,0.00
7932,95435,50.00
7933,87540,0.00
7934,91400,50.00
7935,88509,0.00
7936,78489,0.00
7937,79949,50.00
7938,99319,0.00
7939,77541,50.00
7940,76668,100.00
7941,79061,0.00
7942,72514,0.00
7943,75054,0.00
7944,72834,0.00
7945,69757,50.00
7946,71356,0.00
7947,74344,50.00
7948,77016,50.00
7949,79853,0.00
7950,136880,0.00
7951,60619,50.00
7952,80810,0.00
7953,75224,0.00
7954,75699,0.00
7955,77294,50.00
7956,74575,50.00
7957,85076,0.00
7958,69312,0.00
7959,32280,50.00
7960,36638,100.00
7961,27211,0.00
7962,26646,0.00
7963,25431,100.00
7964,32286,0.00
7965,67125,100.00
7966,36016,0.00
7967,30153,0.00
7968,22863,100.00
7969,26161,0.00
7970,29265,100.00
7971,71999,0.00
7972,52049,0.00
7973,78848,100.00
7974,95352,0.00
7975,57771,0.00
7976,86915,50.00
7977,83423,0.00
7978,81159,0.00
7979,71784,50.00
7980,71082,0.00
7981,65658,0.00
7982,92564,100.00
7983,73195,50.00
7984,76161,0.00
7985,78552,0.00
7986,70627,50.00
7987,72696,0.00
7988,86914,50.00
7989,80333,0.00
7990,75556,0.00
7991,77360,100.00
7992,72270,0.00
7993,83125,50.00
7994,79368,0.00
7995,72305,0.00
7996,80368,100.00
7997,75000,0.00
7998,76875,0.00
7999,83107,100.00
8000,65198,0.00
8001,62814,100.00
8002,60755,50.00
8003,26407,100.00
8004,31006,0.00
8005,24403,0.00
8006,23418,100.00
8007,28574,0.00
8008,28594,100.00
8009,58103,0.00
8010,36601,0.00
8011,67473,100.00
8012,73816,0.00
8013,75531,0.00
8014,107563,50.00
8015,80448,0.00
8016,76501,0.00
8017,68714,0.00
8018,64375,50.00
8019,62706,0.00
8020,70224,50.00
8021,66270,0.00
8022,66242,0.00
8023,68652,50.00
8024,77263,50.00
8025,80968,0.00
8026,111274,0.00
8027,60812,50.00
8028,80869,50.00
8029,85935,0.00
8030,64763,0.00
8031,75967,50.00
8032,86013,0.00
8033,78104,0.00
8034,74742,50.00
8035,85275,0.00
8036,77649,50.00
8037,88222,0.00
8038,89708,0.00
8039,95793,50.00
8040,78188,0.00
8041,82856,50.00
8042,85627,0.00
8043,81019,100.00
8044,71151,0.00
8045,53898,0.00
8046,50647,66.67
8047,32564,0.00
8048,27011,0.00
8049,21913,50.00
8050,29092,0.00
8051,33754,50.00
8052,57312,0.00
8053,29254,100.00
8054,28748,50.00
8055,28881,0.00
8056,73884,50.00
8057,79982,0.00
8058,64482,0.00
8059,59606,0.00
8060,73447,50.00
8061,74879,0.00
8062,68091,0.00
8063,64401,0.00
8064,60564,100.00
8065,63333,0.00
8066,58234,0.00
8067,66867,50.00
8068,73061,100.00
8069,77359,0.00
8070,78879,50.00
8071,72686,0.00
8072,73499,50.00
8073,79139,0.00
8074,84162,50.00
8075,78260,0.00
8076,81494,50.00
8077,76529,0.00
8078,86070,0.00
8079,82553,50.00
8080,26154,0.00
8081,37339,0.00
8082,35999,100.00
8083,53502,100.00
8084,56886,0.00
8085,24994,100.00
8086,32459,50.00
8087,76147,0.00
8088,81815,0.00
8089,76188,50.00
8090,71116,0.00
8091,71035,50.00
8092,79821,0.00
8093,66732,0.00
8094,73548,50.00
8095,64529,0.00
8096,64948,0.00
8097,53683,100.00
8098,74832,0.00
8099,73223,50.00
8100,76609,0.00
8101,76098,50.00
8102,73737,0.00
8103,71926,0.00
8104,77076,50.00
8105,74264,0.00
8106,71516,0.00
8107,69598,0.00
8108,71426,66.67
8109,68130,0.00
8110,93767,0.00
8111,74955,100.00
8112,83754,0.00
8113,78711,50.00
8114,73082,0.00
8115,75932,0.00
8116,74432,0.00
8117,82300,50.00
8118,75417,0.00
8119,78981,50.00
8120,76785,0.00
8121,73850,0.00
8122,89101,0.00
8123,77049,50.00
8124,209948,0.00
8125,80930,100.00
8126,88787,50.00
8127,58827,100.00
8128,19164,0.00
8129,62122,0.00
8130,37343,100.00
8131,31124,100.00
8132,24962,100.00
8133,21649,100.00
8134,42106,0.00
8135,30644,100.00
8136,27162,100.00
8137,26331,0.00
8138,26480,100.00
8139,41154,100.00
8140,37901,100.00
8141,50483,50.00
8142,54963,100.00
8143,59990,50.00
8144,70223,0.00
8145,77171,100.00
8146,73663,0.00
8147,74911,50.00
8148,79297,0.00
8149,69129,0.00
8150,69304,50.00
8151,76640,0.00
8152,61440,0.00
8153,69968,0.00
8154,66836,100.00
8155,71908,0.00
8156,68038,0.00
8157,66387,50.00
8158,64043,0.00
8159,58497,100.00
8160,65844,0.00
8161,70254,0.00
8162,49358,0.00
8163,76473,50.00
8164,79913,100.00
8165,69471,0.00
8166,72457,50.00
8167,74145,0.00
8168,80088,0.00
8169,72539,50.00
8170,67906,0.00
8171,68053,0.00
8172,77656,50.00
8173,60214,0.00
8174,61319,0.00
8175,89957,0.00
8176,81275,50.00
8177,87683,0.00
8178,84876,100.00
8179,61670,0.00
8180,84159,0.00
8181,86306,0.00
8182,81400,100.00
8183,79128,0.00
8184,87597,50.00
8185,74547,0.00
8186,101464,0.00
8187,62092,100.00
8188,85241,50.00
8189,93614,0.00
8190,81571,50.00
8191,100965,0.00
8192,87279,0.00
8193,103600,0.00
8194,68713,0.00
8195,101824,50.00
8196,89026,100.00
8197,137302,0.00
8198,150698,0.00
8199,90516,50.00
8200,100325,0.00
8201,62207,0.00
8202,67071,50.00
8203,101870,0.00
8204,74471,0.00
8205,75004,100.00
8206,68440,0.00
8207,62337,0.00
8208,94463,0.00
8209,78898,50.00
8210,80663,0.00
8211,84849,0.00
8212,86775,50.00
8213,79555,0.00
8214,81786,50.00
8215,76871,0.00
8216,81973,0.00
8217,79018,0.00
8218,75105,66.67
8219,78543,0.00
8220,74933,50.00
8221,78696,0.00
8222,79586,0.00
8223,80742,0.00
8224,59597,0.00
8225,86215,66.67
8226,44854,0.00
8227,59348,0.00
8228,66659,100.00
8229,68743,100.00
8230,32294,100.00
8231,42376,100.00
8232,39430,0.00
8233,30780,100.00
8234,31515,100.00
8235,24936,0.00
8236,28258,0.00
8237,55358,100.00
8238,51678,50.00
8239,27207,0.00
8240,27780,50.00
8241,26471,0.00
8242,30638,100.00
8243,67905,0.00
8244,63585,0.00
8245,62860,50.00
8246,66987,0.00
8247,68163,100.00
8248,71311,0.00
8249,79528,0.00
8250,80328,50.00
8251,75704,0.00
8252,73231,50.00
8253,54069,0.00
8254,90020,0.00
8255,86201,0.00
8256,78181,0.00
8257,71900,50.00
8258,78441,50.00
8259,72814,50.00
8260,82657,0.00
8261,83555,0.00
8262,73926,0.00
8263,72852,50.00
8264,69153,0.00
8265,68039,100.00
8266,70924,0.00
8267,66789,0.00
8268,60355,50.00
8269,60914,0.00
8270,69285,0.00
8271,68990,50.00
8272,75600,0.00
8273,79855,50.00
8274,74687,0.00
8275,79305,100.00
8276,59862,0.00
8277,82623,50.00
8278,75282,0.00
8279,79046,0.00
8280,83541,0.00
8281,81344,50.00
8282,81519,0.00
8283,79582,50.00
8284,73754,0.00
8285,79607,0.00
8286,76443,0.00
8287,78691,50.00
8288,76928,50.00
8289,72881,0.00
8290,35338,0.00
8291,32108,100.00
8292,26383,0.00
8293,28154,0.00
8294,29850,100.00
8295,66688,0.00
8296,25615,100.00
8297,31695,0.00
8298,28364,0.00
8299,30313,100.00
8300,34087,0.00
8301,79560,100.00
8302,80519,0.00
8303,82234,50.00
8304,86413,0.00
8305,92966,100.00
8306,93132,0.00
8307,81433,0.00
8308,86738,0.00
8309,76944,100.00
8310,103497,0.00
8311,77632,0.00
8312,79175,50.00
8313,73593,50.00
8314,78391,0.00
8315,73800,0.00
8316,72072,0.00
8317,72833,50.00
8318,71398,0.00
8319,70593,0.00
8320,66643,50.00
8321,59282,100.00
8322,57904,0.00
8323,28542,100.00
8324,27236,0.00
8325,25831,100.00
8326,28605,0.00
8327,29608,0.00
8328,31289,100.00
8329,57793,0.00
8330,34546,100.00
8331,29733,0.00
8332,25154,0.00
8333,24627,50.00
8334,78600,0.00
8335,80927,50.00
8336,70302,0.00
8337,70098,0.00
8338,71013,100.00
8339,61956,0.00
8340,71561,0.00
8341,65897,50.00
8342,62328,0.00
8343,58137,0.00
8344,63656,50.00
8345,69084,50.00
8346,62323,0.00
8347,73909,0.00
8348,73292,0.00
8349,68360,0.00
8350,101676,66.67
8351,77009,0.00
8352,82056,50.00
8353,76877,0.00
8354,79850,0.00
8355,72840,0.00
8356,78291,50.00
8357,72734,0.00
8358,76673,50.00
8359,76842,0.00
8360,143076,0.00
8361,83581,50.00
8362,68022,0.00
8363,82737,50.00
8364,83171,0.00
8365,78039,0.00
8366,87468,50.00
8367,77657,0.00
8368,62071,0.00
8369,29605,66.67
8370,30133,0.00
8371,23803,50.00
8372,25192,0.00
8373,26265,0.00
8374,30097,50.00
8375,60250,0.00
8376,39633,50.00
8377,32267,0.00
8378,27331,100.00
8379,33152,0.00
8380,77990,50.00
8381,81936,0.00
8382,89240,0.00
8383,68609,50.00
8384,62817,0.00
8385,65162,50.00
8386,72556,0.00
8387,70770,50.00
8388,63433,0.00
8389,69800,0.00
8390,72056,50.00
8391,83532,0.00
8392,73308,50.00
8393,75427,0.00
8394,66323,0.00
8395,69696,50.00
8396,81246,0.00
8397,81767,0.00
8398,76485,0.00
8399,70234,50.00
8400,68233,0.00
8401,64683,100.00
8402,58479,0.00
8403,55278,50.00
8404,39904,0.00
8405,38312,100.00
8406,38104,50.00
8407,31505,0.00
8408,24694,100.00
8409,22450,0.00
8410,25992,0.00
8411,26901,50.00
8412,29659,0.00
8413,53532,100.00
8414,35112,0.00
8415,56830,0.00
8416,54352,50.00
8417,66905,0.00
8418,60295,0.00
8419,55490,50.00
8420,36580,0.00
8421,36648,50.00
8422,108154,0.00
8423,74126,50.00
8424,75048,0.00
8425,70689,50.00
8426,77874,0.00
8427,88628,100.00
8428,70321,0.00
8429,75089,0.00
8430,93146,0.00
8431,81140,50.00
8432,70453,0.00
8433,63163,0.00
8434,83914,50.00
8435,91582,0.00
8436,74969,100.00
8437,75110,0.00
8438,85973,50.00
8439,78858,0.00
8440,95065,0.00
8441,88698,100.00
8442,82453,0.00
8443,73501,50.00
8444,78618,50.00
8445,79547,0.00
8446,119383,0.00
8447,85137,50.00
8448,82275,0.00
8449,40345,0.00
8450,66205,100.00
8451,68692,50.00
8452,24268,100.00
8453,28744,0.00
8454,22859,100.00
8455,23893,0.00
8456,26785,0.00
8457,29264,100.00
8458,80247,0.00
8459,37938,100.00
8460,25440,0.00
8461,74549,66.67
8462,75582,0.00
8463,76269,50.00
8464,77764,0.00
8465,71731,0.00
8466,74583,0.00
8467,77042,0.00
8468,72110,50.00
8469,72600,0.00
8470,76002,50.00
8471,70884,0.00
8472,72512,50.00
8473,76554,0.00
8474,73722,100.00
8475,70797,0.00
8476,67695,50.00
8477,82855,0.00
8478,78634,0.00
8479,39895,0.00
8480,31723,100.00
8481,31090,0.00
8482,33464,50.00
8483,36483,0.00
8484,36459,0.00
8485,44309,100.00
8486,68345,0.00
8487,62460,0.00
8488,67255,50.00
8489,64810,0.00
8490,66851,0.00
8491,55957,50.00
8492,61751,0.00
8493,62069,50.00
8494,76434,0.00
8495,70364,0.00
8496,65042,100.00
8497,63627,0.00
8498,65214,50.00
8499,71121,0.00
8500,70605,0.00
8501,74474,100.00
8502,69461,0.00
8503,66267,0.00
8504,59261,50.00
8505,78299,0.00
8506,76568,100.00
8507,76828,0.00
8508,68777,0.00
8509,76528,50.00
8510,72022,0.00
8511,73510,0.00
8512,71118,0.00
8513,79937,50.00
8514,72839,50.00
8515,69126,0.00
8516,67861,50.00
8517,68655,0.00
8518,67579,0.00
8519,66680,0.00
8520,59436,100.00
8521,66421,0.00
8522,64057,0.00
8523,72520,50.00
8524,64599,0.00
8525,73606,100.00
8526,68945,0.00
8527,72439,50.00
8528,71559,0.00
8529,70831,0.00
8530,68380,0.00
8531,83427,66.67
8532,75199,0.00
8533,36611,0.00
8534,33863,100.00
8535,36030,100.00
8536,28152,100.00
8537,32860,0.00
8538,36934,100.00
8539,36946,100.00
8540,42284,100.00
8541,33243,0.00
8542,33470,100.00
8543,28530,100.00
8544,23312,50.00
8545,27060,0.00
8546,33043,50.00
8547,35253,0.00
8548,68655,50.00
8549,66829,0.00
8550,78702,50.00
8551,85972,0.00
8552,78558,0.00
8553,72318,50.00
8554,71361,0.00
8555,76665,50.00
8556,89260,0.00
8557,76946,0.00
8558,80301,0.00
8559,80192,0.00
8560,78443,50.00
8561,89933,0.00
8562,87145,50.00
8563,81441,0.00
8564,84935,50.00
8565,87257,0.00
8566,78451,0.00
8567,75759,50.00
8568,84593,100.00
8569,78045,0.00
8570,73091,0.00
8571,70490,50.00
8572,53725,0.00
8573,78142,0.00
8574,80502,50.00
8575,76788,0.00
8576,74576,0.00
8577,93985,100.00
8578,77340,0.00
8579,91394,0.00
8580,76022,50.00
8581,81668,0.00
8582,78254,100.00
8583,75741,0.00
8584,75140,50.00
8585,86073,0.00
8586,71439,0.00
8587,77162,100.00
8588,74735,0.00
8589,72195,50.00
8590,71653,0.00
8591,60443,0.00
8592,36220,0.00
8593,66699,0.00
8594,66860,50.00
8595,64969,0.00
8596,70457,100.00
8597,72219,50.00
8598,74998,0.00
8599,76932,50.00
8600,32015,0.00
8601,28109,100.00
8602,28925,0.00
8603,34157,0.00
8604,55954,50.00
8605,29045,100.00
8606,29339,0.00
8607,24574,0.00
8608,34059,100.00
8609,29954,0.00
8610,41687,100.00
8611,32788,0.00
8612,58535,0.00
8613,78876,50.00
8614,75619,0.00
8615,76673,100.00
8616,56249,0.00
8617,78797,0.00
8618,75881,0.00
8619,74061,50.00
8620,83625,0.00
8621,74691,50.00
8622,96429,0.00
8623,99792,0.00
8624,89700,50.00
8625,86047,0.00
8626,82070,66.67
8627,70803,0.00
8628,30671,0.00
8629,28294,0.00
8630,25943,50.00
8631,26676,0.00
8632,28563,100.00
8633,33114,0.00
8634,62468,0.00
8635,51401,100.00
8636,32802,50.00
8637,30537,100.00
8638,30948,0.00
8639,70223,0.00
8640,65888,0.00
8641,87324,50.00
8642,69606,0.00
8643,66418,0.00
8644,65590,50.00
8645,68943,100.00
8646,65602,0.00
8647,54445,0.00
8648,65227,0.00
8649,75354,100.00
8650,80082,0.00
8651,79110,50.00
8652,72451,0.00
8653,79929,0.00
8654,73103,100.00
8655,73982,0.00
8656,75905,50.00
8657,83970,0.00
8658,76175,0.00
8659,74410,100.00
8660,74774,50.00
8661,73512,0.00
8662,70784,0.00
8663,75452,50.00
8664,80508,0.00
8665,79385,0.00
8666,71705,0.00
8667,74012,50.00
8668,77676,100.00
8669,87473,0.00
8670,76258,50.00
8671,76054,0.00
8672,77695,0.00
8673,77526,100.00
8674,73705,0.00
8675,79348,0.00
8676,70434,0.00
8677,76086,66.67
8678,69484,0.00
8679,73166,0.00
8680,80141,50.00
8681,86213,0.00
8682,79088,100.00
8683,40549,0.00
8684,37780,100.00
8685,33768,0.00
8686,24001,100.00
8687,28112,0.00
8688,28614,50.00
8689,66971,0.00
8690,31714,0.00
8691,29452,100.00
8692,24584,0.00
8693,29446,50.00
8694,30239,0.00
8695,62977,0.00
8696,76346,50.00
8697,70214,0.00
8698,72586,50.00
8699,77390,0.00
8700,71366,0.00
8701,77364,50.00
8702,133186,0.00
8703,70097,0.00
8704,72964,66.67
8705,74003,0.00
8706,76315,0.00
8707,72924,100.00
8708,40328,0.00
8709,52540,100.00
8710,61070,100.00
8711,27059,0.00
8712,29344,100.00
8713,37326,0.00
8714,23109,0.00
8715,23875,100.00
8716,28602,0.00
8717,59727,100.00
8718,39129,0.00
8719,28956,100.00
8720,58313,0.00
8721,66460,100.00
8722,60548,0.00
8723,82966,0.00
8724,78934,50.00
8725,85605,0.00
8726,82223,100.00
8727,79094,0.00
8728,80177,0.00
8729,51010,0.00
8730,73290,0.00
8731,77104,100.00
8732,76133,50.00
8733,71622,0.00
8734,65771,0.00
8735,65419,100.00
8736,65769,0.00
8737,68747,0.00
8738,90755,50.00
8739,80633,0.00
8740,82152,100.00
8741,91658,0.00
8742,88946,0.00
8743,83378,50.00
8744,75938,0.00
8745,80899,100.00
8746,68835,0.00
8747,70564,0.00
8748,66583,0.00
8749,68581,100.00
8750,74847,0.00
8751,76512,50.00
8752,74619,0.00
8753,79103,50.00
8754,82921,0.00
8755,74770,50.00
8756,72253,0.00
8757,78494,0.00
8758,94094,50.00
8759,85000,100.00
8760,72629,0.00
8761,79096,50.00
8762,81846,0.00
8763,82748,0.00
8764,78689,0.00
8765,72920,0.00
8766,31080,66.67
8767,32594,0.00
8768,29066,50.00
8769,24485,0.00
8770,22011,0.00
8771,30634,50.00
8772,52223,0.00
8773,34712,50.00
8774,25100,0.00
8775,23935,0.00
8776,23993,50.00
8777,63767,0.00
8778,76883,100.00
8779,78912,0.00
8780,85299,50.00
8781,79001,0.00
8782,84692,50.00
8783,78593,0.00
8784,84099,0.00
8785,74619,50.00
8786,75142,0.00
8787,89444,50.00
8788,85317,0.00
8789,56036,50.00
8790,80860,0.00
8791,73683,0.00
8792,30647,0.00
8793,37716,100.00
8794,30140,0.00
8795,56491,100.00
8796,36652,0.00
8797,30214,0.00
8798,66030,100.00
8799,66538,0.00
8800,65197,0.00
8801,67874,50.00
8802,73587,0.00
8803,74558,100.00
8804,76306,0.00
8805,73451,0.00
8806,101278,50.00
8807,73337,100.00
8808,69503,0.00
8809,77193,0.00
8810,73292,50.00
8811,76509,0.00
8812,74877,100.00
8813,73761,0.00
8814,77009,0.00
8815,78328,0.00
8816,67160,0.00
8817,78383,100.00
8818,75248,50.00
8819,76851,0.00
8820,71461,0.00
8821,68650,0.00
8822,68247,0.00
8823,72176,66.67
8824,79873,0.00
8825,81982,50.00
8826,70524,0.00
8827,80124,0.00
8828,73859,0.00
8829,73859,50.00
8830,74491,50.00
8831,69621,0.00
8832,79096,0.00
8833,74005,50.00
8834,78135,0.00
8835,61389,0.00
8836,58319,0.00
8837,66908,0.00
8838,66689,66.67
8839,33840,0.00
8840,37555,0.00
8841,35506,50.00
8842,31822,0.00
8843,60583,50.00
8844,22505,0.00
8845,28877,100.00
8846,24395,0.00
8847,29253,0.00
8848,32058,100.00
8849,24312,100.00
8850,32435,100.00
8851,39128,100.00
8852,39284,0.00
8853,34358,100.00
8854,27471,0.00
8855,28117,100.00
8856,26935,0.00
8857,27117,0.00
8858,31122,100.00
8859,62464,0.00
8860,54397,100.00
8861,75625,0.00
8862,70814,0.00
8863,71013,0.00
8864,77626,50.00
8865,98242,0.00
8866,75476,50.00
8867,88028,50.00
8868,79606,0.00
8869,79955,0.00
8870,72981,50.00
8871,72924,0.00
8872,77811,0.00
8873,84930,50.00
8874,78187,0.00
8875,77618,50.00
8876,73391,0.00
8877,79910,0.00
8878,76208,0.00
8879,70258,100.00
8880,81690,0.00
8881,77733,50.00
8882,72209,0.00
8883,67549,0.00
8884,66637,0.00
8885,75331,50.00
8886,71096,50.00
8887,76068,0.00
8888,91843,100.00
8889,86755,0.00
8890,71164,0.00
8891,64614,0.00
8892,67487,50.00
8893,69045,100.00
8894,64694,0.00
8895,67645,0.00
8896,62800,0.00
8897,62575,50.00
8898,68013,100.00
8899,68312,0.00
8900,67995,50.00
8901,73354,0.00
8902,71034,100.00
8903,77441,0.00
8904,82329,50.00
8905,82598,0.00
8906,75562,0.00
8907,125768,0.00
8908,83364,50.00
8909,81592,0.00
8910,79074,50.00
8911,82663,0.00
8912,77974,0.00
8913,78458,50.00
8914,86651,0.00
8915,76077,0.00
8916,70218,100.00
8917,60567,0.00
8918,73885,0.00
8919,66734,0.00
8920,70316,50.00
8921,69583,0.00
8922,66439,50.00
8923,68144,0.00
8924,68183,0.00
8925,70283,50.00
8926,89831,0.00
8927,70656,50.00
8928,80277,0.00
8929,92323,50.00
8930,68799,0.00
8931,114053,100.00
8932,76898,0.00
8933,65834,0.00
8934,69273,0.00
8935,38134,100.00
8936,28461,100.00
8937,25340,0.00
8938,28241,100.00
8939,28651,100.00
8940,27464,100.00
8941,44341,100.00
8942,39632,0.00
8943,71526,100.00
8944,34679,100.00
8945,51055,0.00
8946,34105,100.00
8947,31610,100.00
8948,36893,0.00
8949,57524,0.00
8950,81001,66.67
8951,93410,0.00
8952,81432,0.00
8953,75101,0.00
8954,93577,50.00
8955,76082,0.00
8956,72411,50.00
8957,73538,0.00
8958,72818,0.00
8959,74329,50.00
8960,81499,0.00
8961,64478,0.00
8962,79950,100.00
8963,86798,50.00
8964,78213,0.00
8965,70879,0.00
8966,72395,0.00
8967,62782,50.00
8968,58839,0.00
8969,68075,50.00
8970,59646,0.00
8971,66520,100.00
8972,78875,0.00
8973,70568,50.00
8974,66735,0.00
8975,72780,50.00
8976,73805,0.00
8977,77306,0.00
8978,96960,50.00
8979,73264,0.00
8980,83091,50.00
8981,74930,0.00
8982,75845,0.00
8983,66834,50.00
8984,72879,0.00
8985,79939,100.00
8986,79853,0.00
8987,55773,0.00
8988,70955,50.00
8989,71447,0.00
8990,69271,100.00
8991,60440,0.00
8992,73570,0.00
8993,76615,0.00
8994,80520,50.00
8995,78642,0.00
8996,77038,50.00
8997,71145,0.00
8998,83185,0.00
8999,77916,100.00
9000,94335,50.00
9001,58250,0.00
9002,82908,0.00
9003,77326,50.00
9004,80363,0.00
9005,77670,0.00
9006,86898,0.00
9007,71777,50.00
9008,82876,100.00
9009,39765,0.00
9010,37889,0.00
9011,30358,66.67
9012,33236,0.00
9013,37544,0.00
9014,72022,66.67
9015,35017,0.00
9016,35764,0.00
9017,29833,0.00
9018,30510,100.00
9019,27344,0.00
9020,33062,100.00
9021,72249,0.00
9022,68651,0.00
9023,81272,50.00
9024,78701,0.00
9025,79796,50.00
9026,86835,0.00
9027,98014,0.00
9028,85638,50.00
9029,112853,0.00
9030,88913,0.00
9031,79150,50.00
9032,85764,0.00
9033,86188,0.00
9034,85402,100.00
9035,85155,0.00
9036,75579,100.00
9037,34433,0.00
9038,35468,100.00
9039,30411,0.00
9040,28526,50.00
9041,23957,0.00
9042,32242,0.00
9043,53843,100.00
9044,37718,100.00
9045,27055,0.00
9046,25786,0.00
9047,57280,50.00
9048,72447,0.00
9049,79870,0.00
9050,56501,0.00
9051,77447,50.00
9052,88957,0.00
9053,98016,100.00
9054,83441,0.00
9055,100612,0.00
9056,87059,50.00
9057,79202,100.00
9058,78725,0.00
9059,81017,50.00
9060,87491,0.00
9061,78802,0.00
9062,78792,100.00
9063,76711,0.00
9064,71332,0.00
9065,82500,50.00
9066,76271,0.00
9067,80127,0.00
9068,82357,0.00
9069,77112,50.00
9070,75599,50.00
9071,77888,0.00
9072,83902,50.00
9073,77577,0.00
9074,77196,0.00
9075,85191,50.00
9076,73815,0.00
9077,72287,50.00
9078,66638,0.00
9079,67545,0.00
9080,67999,0.00
9081,69151,100.00
9082,59577,0.00
9083,63213,0.00
9084,75110,50.00
9085,70563,0.00
9086,64277,0.00
9087,69073,66.67
9088,63097,0.00
9089,31679,50.00
9090,34535,0.00
9091,28307,100.00
9092,25090,0.00
9093,26047,100.00
9094,28959,0.00
9095,51982,0.00
9096,29975,100.00
9097,26044,0.00
9098,24588,100.00
9099,63587,0.00
9100,69256,0.00
9101,74272,100.00
9102,75951,0.00
9103,72146,50.00
9104,137956,0.00
9105,75870,0.00
9106,78338,100.00
9107,78362,50.00
9108,76084,0.00
9109,74884,50.00
9110,83902,0.00
9111,59798,0.00
9112,80973,0.00
9113,79701,50.00
9114,55761,0.00
9115,82122,100.00
9116,80025,0.00
9117,81238,0.00
9118,83472,50.00
9119,58245,0.00
9120,38954,100.00
9121,69998,50.00
9122,36582,0.00
9123,32226,0.00
9124,23490,100.00
9125,24300,0.00
9126,24003,50.00
9127,31013,0.00
9128,54488,0.00
9129,54496,100.00
9130,61475,50.00
9131,73800,50.00
9132,81692,0.00
9133,73800,50.00
9134,80606,0.00
9135,81089,0.00
9136,85236,50.00
9137,76662,0.00
9138,80766,50.00
9139,80704,0.00
9140,75948,0.00
9141,84630,0.00
9142,82405,50.00
9143,71441,0.00
9144,79829,0.00
9145,77841,50.00
9146,84476,0.00
9147,69375,50.00
9148,79862,0.00
9149,72124,50.00
9150,72595,0.00
9151,81905,0.00
9152,74820,50.00
9153,84183,50.00
9154,71076,0.00
9155,78553,50.00
9156,65952,0.00
9157,83743,0.00
9158,68236,0.00
9159,59113,50.00
9160,82172,0.00
9161,78746,50.00
9162,74585,0.00
9163,37828,0.00
9164,53470,50.00
9165,53039,0.00
9166,58765,50.00
9167,66783,0.00
9168,34284,100.00
9169,30342,0.00
9170,59509,100.00
9171,27353,0.00
9172,26509,50.00
9173,23313,0.00
9174,22261,0.00
9175,21345,100.00
9176,28382,0.00
9177,47658,50.00
9178,32025,0.00
9179,27303,50.00
9180,29165,0.00
9181,58605,0.00
9182,62720,0.00
9183,58901,50.00
9184,34161,0.00
9185,75003,50.00
9186,76468,0.00
9187,65387,0.00
9188,70076,50.00
9189,63798,0.00
9190,59078,0.00
9191,70142,0.00
9192,63137,50.00
9193,35650,100.00
9194,40175,50.00
9195,31979,0.00
9196,38330,100.00
9197,30622,0.00
9198,51777,100.00
9199,67061,0.00
9200,28589,100.00
9201,65989,50.00
9202,56982,100.00
9203,58061,0.00
9204,62385,0.00
9205,65742,0.00
9206,72606,50.00
9207,75785,0.00
9208,66926,0.00
9209,62998,50.00
9210,73157,0.00
9211,72906,0.00
9212,74822,100.00
9213,75239,50.00
9214,71590,50.00
9215,80421,0.00
9216,58097,0.00
9217,61915,0.00
9218,53095,0.00
9219,63426,50.00
9220,67230,50.00
9221,216082,100.00
9222,75364,0.00
9223,73360,0.00
9224,77321,50.00
9225,78955,0.00
9226,78716,0.00
9227,80845,50.00
9228,82609,0.00
9229,72865,50.00
9230,67787,0.00
9231,77061,0.00
9232,73197,0.00
9233,64573,0.00
9234,63084,50.00
9235,73439,100.00
9236,66198,0.00
9237,63531,0.00
9238,65796,0.00
9239,76463,66.67
9240,64789,0.00
9241,70432,50.00
9242,72008,0.00
9243,75375,0.00
9244,36645,0.00
9245,56200,0.00
9246,62739,0.00
9247,37896,66.67
9248,37878,0.00
9249,34257,100.00
9250,34389,0.00
9251,36973,0.00
9252,36890,100.00
9253,35808,100.00
9254,33177,100.00
9255,27743,100.00
9256,30118,0.00
9257,31095,100.00
9258,30334,100.00
9259,29657,100.00
9260,27267,100.00
9261,27266,0.00
9262,32803,100.00
9263,23152,50.00
9264,25549,0.00
9265,33122,0.00
9266,56025,0.00
9267,68389,0.00
9268,68336,50.00
9269,65869,0.00
9270,65198,50.00
9271,72895,0.00
9272,70424,0.00
9273,65999,0.00
9274,64611,50.00
9275,65566,0.00
9276,82976,100.00
9277,71353,0.00
9278,65019,0.00
9279,83911,50.00
9280,69543,0.00
9281,53930,100.00
9282,59098,50.00
9283,67728,0.00
9284,49846,0.00
9285,68550,50.00
9286,72867,0.00
9287,78125,50.00
9288,80514,50.00
9289,77607,0.00
9290,86247,0.00
9291,77251,0.00
9292,80267,50.00
9293,81209,0.00
9294,79175,50.00
9295,75223,0.00
9296,70223,0.00
9297,74390,50.00
9298,76520,0.00
9299,73073,0.00
9300,74023,100.00
9301,70349,0.00
9302,78407,50.00
9303,74954,0.00
9304,76823,0.00
9305,79329,100.00
9306,74536,0.00
9307,75224,0.00
9308,68444,50.00
9309,69493,0.00
9310,79454,100.00
9311,94072,0.00
9312,75848,0.00
9313,79258,50.00
9314,74703,0.00
9315,83294,50.00
9316,83797,0.00
9317,82361,0.00
9318,101883,50.00
9319,74711,0.00
9320,74579,50.00
9321,69484,0.00
9322,69317,50.00
9323,82634,0.00
9324,69486,100.00
9325,80970,0.00
9326,77043,50.00
9327,91637,0.00
9328,82738,100.00
9329,74528,0.00
9330,77076,0.00
9331,76074,0.00
9332,79904,0.00
9333,75351,100.00
9334,76452,0.00
9335,73942,50.00
9336,73115,50.00
9337,79740,0.00
9338,74484,100.00
9339,74598,0.00
9340,72924,0.00
9341,39370,0.00
9342,66466,50.00
9343,33953,100.00
9344,32606,100.00
9345,26874,0.00
9346,31464,0.00
9347,30894,100.00
9348,65113,0.00
9349,48784,100.00
9350,39906,0.00
9351,31179,100.00
9352,32196,100.00
9353,21841,0.00
9354,23278,50.00
9355,24847,0.00
9356,29708,100.00
9357,58175,0.00
9358,35540,100.00
9359,28535,50.00
9360,26038,0.00
9361,30682,50.00
9362,57589,0.00
9363,58018,0.00
9364,70561,0.00
9365,70176,0.00
9366,80097,0.00
9367,70908,100.00
9368,68484,0.00
9369,64910,50.00
9370,65201,0.00
9371,63841,0.00
9372,74952,50.00
9373,67109,0.00
9374,61153,50.00
9375,72110,50.00
9376,73086,0.00
9377,70011,50.00
9378,69436,0.00
9379,75461,50.00
9380,77039,0.00
9381,86000,0.00
9382,80988,50.00
9383,76594,0.00
9384,75661,0.00
9385,76955,50.00
9386,73498,100.00
9387,81650,0.00
9388,72876,0.00
9389,65097,0.00
9390,79446,100.00
9391,46005,0.00
9392,66337,0.00
9393,70482,0.00
9394,66666,50.00
9395,73540,0.00
9396,73111,0.00
9397,71753,50.00
9398,70042,0.00
9399,86957,50.00
9400,66948,0.00
9401,68827,50.00
9402,77185,0.00
9403,76877,50.00
9404,76861,0.00
9405,78070,0.00
9406,76848,50.00
9407,88408,0.00
9408,78854,50.00
9409,85709,0.00
9410,77803,0.00
9411,77873,50.00
9412,78983,0.00
9413,73643,50.00
9414,67070,0.00
9415,69590,0.00
9416,55087,50.00
9417,65968,0.00
9418,30386,100.00
9419,27096,0.00
9420,22688,50.00
9421,26392,0.00
9422,29205,50.00
9423,62914,0.00
9424,25967,0.00
9425,31893,50.00
9426,25206,0.00
9427,30703,50.00
9428,30979,0.00
9429,60834,0.00
9430,69820,100.00
9431,76077,0.00
9432,74758,50.00
9433,76883,50.00
9434,70271,0.00
9435,76736,0.00
9436,72366,0.00
9437,74032,50.00
9438,39573,100.00
9439,59106,0.00
9440,64359,0.00
9441,26112,100.00
9442,28758,0.00
9443,25217,100.00
9444,25454,0.00
9445,22256,0.00
9446,32722,100.00
9447,56466,0.00
9448,54965,100.00
9449,29858,0.00
9450,55495,50.00
9451,75472,50.00
9452,89863,0.00
9453,79725,100.00
9454,130140,0.00
9455,114596,0.00
9456,56916,0.00
9457,78787,0.00
9458,76313,100.00
9459,79158,0.00
9460,73955,50.00
9461,150802,50.00
9462,73038,0.00
9463,73997,0.00
9464,78132,0.00
9465,75307,50.00
9466,74033,0.00
9467,75679,100.00
9468,83319,0.00
9469,83754,50.00
9470,71023,0.00
9471,84872,0.00
9472,75487,100.00
9473,84795,0.00
9474,72712,50.00
9475,79793,0.00
9476,76848,0.00
9477,86436,100.00
9478,74070,0.00
9479,73687,0.00
9480,70555,0.00
9481,74136,0.00
9482,60498,50.00
9483,59911,0.00
9484,69163,50.00
9485,66322,50.00
9486,73876,0.00
9487,80656,0.00
9488,81376,50.00
9489,82003,0.00
9490,85625,50.00
9491,75632,100.00
9492,74583,0.00
9493,76663,0.00
9494,74931,0.00
9495,63491,0.00
9496,58595,50.00
9497,56717,100.00
9498,34991,50.00
9499,27086,100.00
9500,24690,0.00
9501,22008,0.00
9502,26127,100.00
9503,32978,0.00
9504,65969,100.00
9505,23752,0.00
9506,32000,0.00
9507,27862,100.00
9508,63591,0.00
9509,77652,50.00
9510,118996,0.00
9511,102475,50.00
9512,78613,0.00
9513,86258,0.00
9514,78543,50.00
9515,76618,0.00
9516,68859,0.00
9517,71010,50.00
9518,81445,50.00
9519,73637,0.00
9520,75752,0.00
9521,72377,50.00
9522,88322,0.00
9523,63733,0.00
9524,30925,50.00
9525,41038,100.00
9526,33676,100.00
9527,69020,0.00
9528,26294,0.00
9529,27283,50.00
9530,23210,0.00
9531,22222,100.00
9532,22334,0.00
9533,77534,0.00
9534,74666,100.00
9535,83160,0.00
9536,76727,50.00
9537,77926,0.00
9538,73837,50.00
9539,77193,0.00
9540,85731,50.00
9541,79231,0.00
9542,74381,0.00
9543,84755,50.00
9544,77407,0.00
9545,67643,0.00
9546,63738,50.00
9547,71117,0.00
9548,64265,0.00
9549,87000,50.00
9550,70261,0.00
9551,70604,50.00
9552,74754,50.00
9553,73521,0.00
9554,79829,0.00
9555,65670,0.00
9556,66268,0.00
9557,78708,50.00
9558,74593,100.00
9559,68260,0.00
9560,75736,0.00
9561,75197,50.00
9562,81207,0.00
9563,83927,50.00
9564,75329,50.00
9565,76040,0.00
9566,49791,0.00
9567,74919,0.00
9568,73769,0.00
9569,78393,50.00
9570,89773,0.00
9571,73704,0.00
9572,79835,100.00
9573,69453,0.00
9574,79266,0.00
9575,68502,0.00
9576,73579,50.00
9577,69768,0.00
9578,72421,50.00
9579,36781,100.00
9580,55537,0.00
9581,36590,100.00
9582,29042,0.00
9583,27066,0.00
9584,23484,100.00
9585,22164,0.00
9586,25659,100.00
9587,32614,0.00
9588,55149,0.00
9589,58520,100.00
9590,36895,100.00
9591,37906,0.00
9592,24435,0.00
9593,33132,50.00
9594,25818,0.00
9595,31016,100.00
9596,27605,0.00
9597,34020,0.00
9598,39868,50.00
9599,35527,100.00
9600,85947,50.00
9601,87976,0.00
9602,77404,0.00
9603,71403,50.00
9604,68076,0.00
9605,78612,50.00
9606,82469,0.00
9607,63938,0.00
9608,68974,0.00
9609,59964,0.00
9610,63881,50.00
9611,62724,0.00
9612,68841,100.00
9613,76265,0.00
9614,70124,50.00
9615,71489,50.00
9616,82163,0.00
9617,73913,50.00
9618,74927,0.00
9619,69861,0.00
9620,78070,0.00
9621,83347,100.00
9622,72666,50.00
9623,78175,0.00
9624,78277,50.00
9625,74213,0.00
9626,76630,0.00
9627,72949,0.00
9628,78291,50.00
9629,75480,0.00
9630,74639,50.00
9631,68340,0.00
9632,71967,0.00
9633,69842,50.00
9634,80568,0.00
9635,73951,0.00
9636,80820,50.00
9637,78824,0.00
9638,74955,50.00
9639,72930,50.00
9640,78681,0.00
9641,53664,0.00
9642,74692,0.00
9643,84008,50.00
9644,72159,0.00
9645,70876,100.00
9646,75661,0.00
9647,68466,0.00
9648,68323,0.00
9649,66649,50.00
9650,69955,0.00
9651,32293,50.00
9652,74713,0.00
9653,71237,0.00
9654,35947,0.00
9655,30827,0.00
9656,30360,50.00
9657,33301,0.00
9658,31614,100.00
9659,41869,0.00
9660,33491,100.00
9661,29162,100.00
9662,21451,100.00
9663,34518,50.00
9664,35612,100.00
9665,33712,100.00
9666,23493,0.00
9667,22809,100.00
9668,23817,0.00
9669,27914,0.00
9670,26312,50.00
9671,62014,0.00
9672,55089,0.00
9673,61607,50.00
9674,59034,0.00
9675,53296,0.00
9676,54393,100.00
9677,53877,0.00
9678,66517,0.00
9679,59314,50.00
9680,66445,0.00
9681,80856,50.00
9682,69016,0.00
9683,66559,0.00
9684,65362,50.00
9685,75515,0.00
9686,79627,50.00
9687,74199,0.00
9688,75203,50.00
9689,82882,0.00
9690,73910,0.00
9691,69488,0.00
9692,74576,50.00
9693,70500,50.00
9694,75025,50.00
9695,67628,0.00
9696,71640,0.00
9697,66470,0.00
9698,64388,50.00
9699,57700,0.00
9700,60536,0.00
9701,74142,50.00
9702,148084,0.00
9703,72060,50.00
9704,69509,0.00
9705,74956,50.00
9706,65894,0.00
9707,69255,0.00
9708,70601,0.00
9709,68471,100.00
9710,71336,0.00
9711,71376,50.00
9712,94023,0.00
9713,80143,0.00
9714,77047,100.00
9715,77688,50.00
9716,34313,0.00
9717,32366,50.00
9718,29988,0.00
9719,32191,0.00
9720,54740,50.00
9721,33420,0.00
9722,26486,50.00
9723,25645,0.00
9724,25258,0.00
9725,31563,50.00
9726,35220,0.00
9727,33021,50.00
9728,57189,100.00
9729,65059,0.00
9730,76243,50.00
9731,59305,0.00
9732,67360,0.00
9733,68846,0.00
9734,66420,50.00
9735,81990,0.00
9736,73010,0.00
9737,68508,50.00
9738,64565,0.00
9739,65837,50.00
9740,41555,0.00
9741,40796,50.00
9742,36633,100.00
9743,28643,0.00
9744,26938,100.00
9745,22524,0.00
9746,27623,50.00
9747,31095,0.00
9748,39679,0.00
9749,28532,100.00
9750,32234,100.00
9751,29432,0.00
9752,61192,0.00
9753,65234,0.00
9754,40492,50.00
9755,59951,0.00
9756,69405,0.00
9757,71402,100.00
9758,75607,50.00
9759,76689,0.00
9760,73854,0.00
9761,71377,50.00
9762,69589,0.00
9763,89405,50.00
9764,74218,0.00
9765,74000,0.00
9766,89896,100.00
9767,80802,50.00
9768,86659,0.00
9769,72808,50.00
9770,71772,0.00
9771,74323,0.00
9772,74728,50.00
9773,70651,0.00
9774,72224,0.00
9775,77101,50.00
9776,80371,0.00
9777,71472,0.00
9778,52676,50.00
9779,59404,0.00
9780,77991,0.00
9781,52958,0.00
9782,33672,50.00
9783,34955,0.00
9784,57142,0.00
9785,60820,0.00
9786,69488,66.67
9787,68800,0.00
9788,69350,0.00
9789,67909,50.00
9790,65528,0.00
9791,60104,0.00
9792,63305,0.00
9793,69417,50.00
9794,65404,50.00
9795,68480,0.00
9796,70762,50.00
9797,77706,0.00
9798,41289,0.00
9799,37278,50.00
9800,29836,100.00
9801,25814,100.00
9802,23703,0.00
9803,34821,0.00
9804,38557,50.00
9805,56368,100.00
9806,25009,0.00
9807,31855,50.00
9808,23653,0.00
9809,56027,50.00
9810,71689,0.00
9811,84388,100.00
9812,82293,0.00
9813,79288,50.00
9814,77257,0.00
9815,74109,50.00
9816,62753,0.00
9817,53729,0.00
9818,54671,0.00
9819,49405,0.00
9820,65257,0.00
9821,70295,50.00
9822,82162,0.00
9823,52383,100.00
9824,55531,50.00
9825,50990,0.00
9826,30834,100.00
9827,34050,0.00
9828,27623,0.00
9829,25330,50.00
9830,27134,0.00
9831,30832,100.00
9832,57282,0.00
9833,57704,0.00
9834,72436,66.67
9835,56107,0.00
9836,147626,0.00
9837,90010,0.00
9838,106958,50.00
9839,92221,0.00
9840,81930,50.00
9841,84998,0.00
9842,75772,0.00
9843,77131,50.00
9844,70728,0.00
9845,90114,50.00
9846,82458,0.00
9847,80164,0.00
9848,75357,50.00
9849,78243,0.00
9850,81637,0.00
9851,77332,50.00
9852,86432,0.00
9853,86619,50.00
9854,96777,0.00
9855,86102,0.00
9856,85535,50.00
9857,87528,0.00
9858,75508,50.00
9859,57869,0.00
9860,85982,0.00
9861,84708,0.00
9862,97556,50.00
9863,83331,0.00
9864,101557,100.00
9865,79616,0.00
9866,73717,0.00
9867,81669,50.00
9868,70738,50.00
9869,78104,0.00
9870,100102,50.00
9871,93506,0.00
9872,74483,0.00
9873,81219,50.00
9874,75829,0.00
9875,83767,50.00
9876,51635,0.00
9877,76813,50.00
9878,27221,0.00
9879,34636,100.00
9880,26518,0.00
9881,24497,100.00
9882,24385,0.00
9883,30393,0.00
9884,50230,100.00
9885,62446,0.00
9886,29312,100.00
9887,34802,0.00
9888,67078,0.00
9889,72415,0.00
9890,67620,50.00
9891,67787,0.00
9892,73388,0.00
9893,66752,0.00
9894,63000,50.00
9895,70854,50.00
9896,80817,0.00
9897,63590,0.00
9898,36988,50.00
9899,32697,0.00
9900,34029,100.00
9901,31974,0.00
9902,57471,0.00
9903,53985,66.67
9904,32392,100.00
9905,75043,0.00
9906,68814,0.00
9907,64772,100.00
9908,72031,0.00
9909,68971,0.00
9910,72159,50.00
9911,69287,0.00
9912,82705,50.00
9913,76004,0.00
9914,71215,50.00
9915,70651,0.00
9916,68764,100.00
9917,74908,0.00
9918,70231,0.00
9919,72939,50.00
9920,74782,0.00
9921,62874,0.00
9922,61772,0.00
9923,65320,50.00
9924,56683,0.00
9925,61000,50.00
9926,76680,100.00
9927,75918,0.00
9928,77382,0.00
9929,87438,50.00
9930,85883,100.00
9931,76039,0.00
9932,76700,0.00
9933,70043,50.00
9934,75065,0.00
9935,69678,0.00
9936,80146,0.00
9937,73467,50.00
9938,69604,0.00
9939,75559,50.00
9940,62483,0.00
9941,56225,0.00
9942,37622,50.00
9943,68709,0.00
9944,62124,0.00
9945,66334,50.00
9946,79667,0.00
9947,75893,50.00
9948,72303,50.00
9949,72001,0.00
9950,35559,0.00
9951,37298,0.00
9952,47243,50.00
9953,31845,100.00
9954,31160,0.00
9955,69335,50.00
9956,30997,0.00
9957,35898,100.00
9958,21219,0.00
9959,21891,100.00
9960,26083,100.00
9961,25132,100.00
9962,22002,100.00
9963,68062,0.00
9964,69534,100.00
9965,30089,0.00
9966,30467,100.00
9967,40247,0.00
9968,25895,0.00
9969,24164,100.00
9970,53973,0.00
9971,83886,50.00
9972,73879,0.00
9973,82216,50.00
9974,89124,0.00
9975,81831,0.00
9976,78064,50.00
9977,93341,0.00
9978,82588,50.00
9979,76535,0.00
9980,76279,0.00
9981,73288,50.00
9982,78616,100.00
9983,82181,0.00
9984,80566,50.00
9985,78934,0.00
9986,119294,0.00
9987,90631,100.00
9988,78082,0.00
9989,78300,50.00
9990,77539,0.00
9991,74987,0.00
9992,74421,50.00
9993,85711,0.00
9994,73030,0.00
9995,65824,50.00
9996,69326,0.00
9997,80691,50.00
9998,71420,0.00
9999,75868,50.00
10000,105160,0.00
10001,78249,0.00
10002,73566,0.00
10003,79160,50.00
10004,72578,50.00
10005,70350,0.00
10006,77551,0.00
10007,77204,0.00
10008,75964,0.00
10009,79113,50.00
10010,73692,0.00
10011,81383,50.00
10012,77623,0.00
10013,76916,0.00
10014,73652,50.00
10015,71065,0.00
10016,87257,50.00
10017,80541,0.00
10018,90156,0.00
10019,85784,100.00
10020,77658,50.00
10021,74907,0.00
10022,72935,0.00
10023,73612,50.00
10024,67773,0.00
10025,67244,0.00
10026,68313,0.00
10027,75402,66.67
10028,73128,0.00
10029,98525,100.00
10030,80604,0.00
10031,84454,0.00
10032,78265,50.00
10033,76816,0.00
10034,71461,0.00
10035,78056,50.00
10036,78337,0.00
10037,81650,50.00
10038,78734,0.00
10039,73966,50.00
10040,74926,0.00
10041,73781,0.00
10042,82631,0.00
10043,72924,100.00
10044,56264,0.00
10045,60651,100.00
10046,27927,0.00
10047,35001,100.00
10048,26077,0.00
10049,31465,50.00
10050,27924,0.00
10051,22806,100.00
10052,40397,100.00
10053,36233,0.00
10054,25188,100.00
10055,31914,100.00
10056,27677,0.00
10057,51755,50.00
10058,39975,100.00
10059,30877,100.00
10060,28580,0.00
10061,25729,100.00
10062,58277,0.00
10063,67528,50.00
10064,76522,100.00
10065,47823,0.00
10066,68356,0.00
10067,72823,0.00
10068,76062,50.00
10069,72174,0.00
10070,70783,0.00
10071,83605,50.00
10072,76918,0.00
10073,72163,50.00
10074,73391,0.00
10075,75077,50.00
10076,73470,0.00
10077,81518,0.00
10078,70202,50.00
10079,80219,0.00
10080,76344,0.00
10081,75597,50.00
10082,83694,0.00
10083,63922,0.00
10084,69563,50.00
10085,71775,0.00
10086,73463,50.00
10087,70292,0.00
10088,70088,0.00
10089,74950,50.00
10090,65024,0.00
10091,62304,0.00
10092,69889,50.00
10093,66094,0.00
10094,23702,50.00
10095,34932,0.00
10096,62887,50.00
10097,58264,0.00
10098,36396,0.00
10099,36041,0.00
10100,63798,50.00
10101,59614,0.00
10102,65153,0.00
10103,60391,50.00
10104,56241,50.00
10105,58922,0.00
10106,43014,50.00
10107,77779,0.00
10108,66497,0.00
10109,81032,0.00
10110,75801,0.00
10111,76617,50.00
10112,72816,0.00
10113,71256,50.00
10114,71313,0.00
10115,71388,50.00
10116,67606,0.00
10117,63837,0.00
10118,63107,50.00
10119,79511,50.00
10120,31381,0.00
10121,28961,0.00
10122,24809,0.00
10123,27608,100.00
10124,28747,0.00
10125,60008,100.00
10126,28101,50.00
10127,28586,0.00
10128,24696,100.00
10129,30472,0.00
10130,28168,100.00
10131,32045,0.00
10132,65997,0.00
10133,73410,0.00
10134,34132,0.00
10135,71238,50.00
10136,33219,100.00
10137,34267,50.00
10138,25987,0.00
10139,22153,0.00
10140,22674,50.00
10141,28940,0.00
10142,52447,50.00
10143,38131,0.00
10144,24161,100.00
10145,61094,50.00
10146,74016,0.00
10147,76235,50.00
10148,77856,0.00
10149,75885,0.00
10150,71092,50.00
10151,73694,0.00
10152,79623,100.00
10153,72117,0.00
10154,78792,0.00
10155,59007,0.00
10156,95785,50.00
10157,79525,0.00
10158,92514,50.00
10159,87276,0.00
10160,76560,0.00
10161,88074,50.00
10162,78054,0.00
10163,80219,50.00
10164,76238,0.00
10165,72329,0.00
10166,72004,0.00
10167,78762,50.00
10168,63766,0.00
10169,59504,0.00
10170,72302,66.67
10171,69792,0.00
10172,71136,0.00
10173,67165,0.00
10174,76007,50.00
10175,78965,0.00
10176,63411,100.00
10177,82470,0.00
10178,71759,50.00
10179,80786,0.00
10180,77651,0.00
10181,81926,0.00
10182,78389,50.00
10183,77772,50.00
10184,82028,0.00
10185,82026,0.00
10186,142616,0.00
10187,87229,50.00
10188,81853,0.00
10189,94235,0.00
10190,76980,100.00
10191,83708,0.00
10192,74074,50.00
10193,81030,50.00
10194,77075,0.00
10195,70783,0.00
10196,70655,50.00
10197,75747,50.00
10198,72585,0.00
10199,36434,0.00
10200,32443,0.00
10201,27034,100.00
10202,24321,0.00
10203,23354,100.00
10204,30952,0.00
10205,52365,0.00
10206,55654,100.00
10207,30458,50.00
10208,30470,0.00
10209,67440,66.67
10210,94881,0.00
10211,85835,0.00
10212,86818,50.00
10213,82392,0.00
10214,101583,100.00
10215,38836,0.00
10216,39421,100.00
10217,37183,0.00
10218,62174,100.00
10219,58976,0.00
10220,28596,50.00
10221,28716,0.00
10222,23526,0.00
10223,25209,100.00
10224,29703,0.00
10225,70399,66.67
10226,84549,0.00
10227,66745,0.00
10228,85701,100.00
10229,82355,0.00
10230,81518,0.00
10231,87076,50.00
10232,63526,0.00
10233,88504,0.00
10234,90322,50.00
10235,84027,0.00
10236,62299,50.00
10237,107685,0.00
10238,86685,50.00
10239,95366,0.00
10240,84797,50.00
10241,89790,0.00
10242,87646,0.00
10243,86476,50.00
10244,79148,0.00
10245,77212,50.00
10246,83438,0.00
10247,92625,0.00
10248,78713,50.00
10249,74214,0.00
10250,80325,50.00
10251,73746,0.00
10252,84070,0.00
10253,78086,50.00
10254,74719,0.00
10255,81551,50.00
10256,75724,0.00
10257,72973,0.00
10258,70666,0.00
10259,72509,50.00
10260,74977,100.00
10261,107722,0.00
10262,109399,50.00
10263,91583,0.00
10264,79372,0.00
10265,76058,0.00
10266,79993,50.00
10267,71745,0.00
10268,77150,0.00
10269,77592,50.00
10270,63819,0.00
10271,65609,0.00
10272,76844,50.00
10273,78861,0.00
10274,75103,100.00
10275,77113,0.00
10276,81235,0.00
10277,82971,50.00
10278,77996,0.00
10279,83850,100.00
10280,35247,0.00
10281,67492,0.00
10282,59068,100.00
10283,32253,0.00
10284,25624,0.00
10285,32705,100.00
10286,41373,100.00
10287,38593,0.00
10288,34202,100.00
10289,32883,100.00
10290,36619,100.00
10291,35142,100.00
10292,52581,0.00
10293,25719,66.67
10294,36833,0.00
10295,38562,100.00
10296,32550,0.00
10297,59269,0.00
10298,36866,0.00
10299,55978,50.00
10300,56533,50.00
10301,58673,0.00
10302,58852,50.00
10303,66434,0.00
10304,81204,0.00
10305,95882,50.00
10306,84697,0.00
10307,100684,100.00
10308,116117,0.00
10309,87763,50.00
10310,115232,0.00
10311,63225,0.00
10312,87197,0.00
10313,95620,50.00
10314,78127,0.00
10315,80399,50.00
10316,76149,0.00
10317,88275,100.00
10318,78786,0.00
10319,76101,0.00
10320,73861,0.00
10321,82296,100.00
10322,80692,0.00
10323,76845,50.00
10324,77978,50.00
10325,90537,0.00
10326,89543,0.00
10327,76844,0.00
10328,88592,50.00
10329,80656,0.00
10330,77509,50.00
10331,72915,100.00
10332,78383,0.00
10333,73488,0.00
10334,79781,0.00
10335,81649,100.00
10336,76827,0.00
10337,78361,0.00
10338,81489,50.00
10339,80435,0.00
10340,82349,0.00
10341,75855,50.00
10342,79220,0.00
10343,79566,50.00
10344,72895,50.00
10345,73792,0.00
10346,75763,0.00
10347,77491,0.00
10348,73732,50.00
10349,74303,0.00
10350,83104,50.00
10351,79706,50.00
10352,72461,0.00
10353,74489,0.00
10354,71606,0.00
10355,77663,50.00
10356,71923,0.00
10357,72630,50.00
10358,65899,0.00
10359,79649,0.00
10360,91833,0.00
10361,79512,50.00
10362,83633,50.00
10363,31164,0.00
10364,39221,0.00
10365,28127,50.00
10366,31956,0.00
10367,37639,0.00
10368,72426,100.00
10369,59624,0.00
10370,36225,50.00
10371,27257,0.00
10372,21977,100.00
10373,22302,100.00
10374,25092,100.00
10375,24682,100.00
10376,34606,0.00
10377,61326,100.00
10378,30672,0.00
10379,65445,50.00
10380,75920,50.00
10381,75172,0.00
10382,81740,50.00
10383,74592,0.00
10384,77003,0.00
10385,81041,50.00
10386,75112,0.00
10387,87960,50.00
10388,79280,0.00
10389,77772,0.00
10390,76955,50.00
10391,78865,0.00
10392,75609,50.00
10393,94041,0.00
10394,76780,0.00
10395,83584,100.00
10396,139586,0.00
10397,73929,50.00
10398,68872,0.00
10399,68583,0.00
10400,68081,0.00
10401,75065,50.00
10402,68670,0.00
10403,72759,50.00
10404,64775,0.00
10405,82161,100.00
10406,70845,0.00
10407,69330,0.00
10408,71863,50.00
10409,70732,0.00
10410,72119,0.00
10411,74242,50.00
10412,70306,0.00
10413,68451,50.00
10414,68946,0.00
10415,61138,50.00
10416,68600,0.00
10417,76270,50.00
10418,69903,0.00
10419,67898,0.00
10420,74515,50.00
10421,79485,0.00
10422,72863,0.00
10423,83362,50.00
10424,76568,0.00
10425,81443,50.00
10426,124221,0.00
10427,78042,0.00
10428,76796,100.00
10429,71627,0.00
10430,75487,50.00
10431,85538,0.00
10432,79904,0.00
10433,29696,0.00
10434,33360,100.00
10435,33247,0.00
10436,32859,50.00
10437,75060,100.00
10438,37789,0.00
10439,33085,0.00
10440,28642,100.00
10441,29128,0.00
10442,37387,0.00
10443,36232,50.00
10444,35660,100.00
10445,65479,0.00
10446,78091,50.00
10447,73988,0.00
10448,76419,50.00
10449,89274,0.00
10450,69495,0.00
10451,50581,0.00
10452,84919,100.00
10453,85954,0.00
10454,149135,0.00
10455,71555,50.00
10456,73630,100.00
10457,66740,0.00
10458,27285,0.00
10459,29085,50.00
10460,29527,0.00
10461,22517,0.00
10462,20474,50.00
10463,30043,0.00
10464,51005,50.00
10465,37728,0.00
10466,24321,100.00
10467,26477,50.00
10468,19844,100.00
10469,61529,0.00
10470,78479,50.00
10471,69430,0.00
10472,78351,0.00
10473,78554,50.00
10474,87289,0.00
10475,79566,0.00
10476,75648,50.00
10477,82822,0.00
10478,78054,0.00
10479,73737,0.00
10480,97431,50.00
10481,70957,0.00
10482,66223,50.00
10483,66934,0.00
10484,62986,50.00
10485,66102,0.00
10486,75012,0.00
10487,72003,50.00
10488,75446,0.00
10489,71063,50.00
10490,68304,0.00
10491,54754,0.00
10492,86798,50.00
10493,61496,0.00
10494,56746,0.00
10495,64593,50.00
10496,37666,100.00
10497,76149,0.00
10498,78803,0.00
10499,76938,50.00
10500,68588,0.00
10501,75558,0.00
10502,73361,50.00
10503,80240,0.00
10504,86786,50.00
10505,81368,0.00
10506,78173,0.00
10507,70212,50.00
10508,65839,0.00
10509,72138,100.00
10510,75019,0.00
10511,79464,0.00
10512,66218,0.00
10513,66801,50.00
10514,59618,0.00
10515,68872,50.00
10516,26983,0.00
10517,36178,50.00
10518,30994,0.00
10519,27430,0.00
10520,23701,100.00
10521,33578,0.00
10522,54269,50.00
10523,63024,0.00
10524,28443,66.67
10525,24677,0.00
10526,26703,100.00
10527,34157,0.00
10528,70797,0.00
10529,73212,100.00
10530,79765,0.00
10531,78078,0.00
10532,79463,50.00
10533,73248,0.00
10534,90856,50.00
10535,81379,0.00
10536,79297,0.00
10537,87351,66.67
10538,40344,0.00
10539,34643,0.00
10540,60612,50.00
10541,38137,0.00
10542,30171,0.00
10543,26992,50.00
10544,23520,0.00
10545,20985,50.00
10546,29865,0.00
10547,55305,0.00
10548,39327,66.67
10549,63086,100.00
10550,70015,0.00
10551,74413,50.00
10552,80062,0.00
10553,75513,50.00
10554,81000,0.00
10555,76603,0.00
10556,72233,0.00
10557,75893,0.00
10558,66559,100.00
10559,75238,50.00
10560,73841,0.00
10561,76527,0.00
10562,79148,50.00
10563,74778,0.00
10564,80463,50.00
10565,80501,0.00
10566,84335,0.00
10567,81606,50.00
10568,79701,0.00
10569,84591,50.00
10570,78361,0.00
10571,85091,0.00
10572,82021,100.00
10573,79113,0.00
10574,70702,50.00
10575,64854,0.00
10576,69856,0.00
10577,77964,100.00
10578,73747,0.00
10579,78122,0.00
10580,76490,50.00
10581,81991,0.00
10582,80033,0.00
10583,77007,50.00
10584,72343,50.00
10585,84307,0.00
10586,80252,50.00
10587,76108,0.00
10588,81210,0.00
10589,77223,50.00
10590,77688,0.00
10591,73191,100.00
10592,78415,0.00
10593,68216,0.00
10594,68012,0.00
10595,70891,0.00
10596,72994,100.00
10597,70095,0.00
10598,77128,50.00
10599,68451,0.00
10600,79283,50.00
10601,32511,0.00
10602,31393,50.00
10603,23488,0.00
10604,23150,100.00
10605,20062,0.00
10606,28960,0.00
10607,60188,50.00
10608,60584,100.00
10609,32913,100.00
10610,31420,0.00
10611,71343,0.00
10612,83097,100.00
10613,88942,50.00
10614,80101,0.00
10615,85564,0.00
10616,85732,100.00
10617,42568,0.00
10618,30435,100.00
10619,34040,0.00
10620,29068,100.00
10621,60844,0.00
10622,39836,50.00
10623,29279,0.00
10624,71275,66.67
10625,80458,0.00
10626,87724,0.00
10627,60413,0.00
10628,60751,50.00
10629,64852,0.00
10630,77022,50.00
10631,75527,0.00
10632,78663,0.00
10633,67316,0.00
10634,66995,50.00
10635,69746,0.00
10636,71622,100.00
10637,77542,0.00
10638,74827,50.00
10639,79788,0.00
10640,83615,50.00
10641,74079,100.00
10642,67841,0.00
10643,69042,0.00
10644,73414,0.00
10645,67875,50.00
10646,76218,100.00
10647,84509,0.00
10648,78993,0.00
10649,78811,50.00
10650,74764,0.00
10651,79035,0.00
10652,90344,50.00
10653,70481,0.00
10654,75764,0.00
10655,95087,0.00
10656,85674,50.00
10657,77687,50.00
10658,79547,0.00
10659,78687,0.00
10660,79953,100.00
10661,74086,0.00
10662,75465,0.00
10663,67159,0.00
10664,68514,100.00
10665,30194,50.00
10666,26721,0.00
10667,28219,0.00
10668,31511,50.00
10669,59809,0.00
10670,38936,66.67
10671,25669,0.00
10672,28064,0.00
10673,36004,50.00
10674,36254,100.00
10675,51308,0.00
10676,82914,100.00
10677,78341,50.00
10678,40543,0.00
10679,41624,0.00
10680,39786,100.00
10681,73466,100.00
10682,65117,0.00
10683,29258,0.00
10684,30868,50.00
10685,60930,0.00
10686,44572,100.00
10687,62390,0.00
10688,72819,100.00
10689,77490,50.00
10690,82388,0.00
10691,78082,100.00
10692,93804,0.00
10693,87641,0.00
10694,141037,50.00
10695,76823,0.00
10696,77076,50.00
10697,92704,0.00
10698,80405,0.00
10699,80534,50.00
10700,80331,0.00
10701,118118,50.00
10702,95282,0.00
10703,82459,0.00
10704,76300,50.00
10705,82352,100.00
10706,78268,0.00
10707,77404,50.00
10708,77339,0.00
10709,74541,0.00
10710,74780,50.00
10711,87941,0.00
10712,77037,50.00
10713,72375,0.00
10714,72058,0.00
10715,86454,50.00
10716,78685,0.00
10717,82576,50.00
10718,67314,0.00
10719,89305,0.00
10720,74481,0.00
10721,69508,50.00
10722,77247,0.00
10723,72883,100.00
10724,72139,0.00
10725,76204,0.00
10726,68619,50.00
10727,71666,0.00
10728,73520,100.00
10729,64149,0.00
10730,69652,50.00
10731,71963,0.00
10732,72767,0.00
10733,67860,0.00
10734,85182,50.00
10735,71496,0.00
10736,70595,0.00
10737,73458,50.00
10738,72027,100.00
10739,75005,0.00
10740,76487,0.00
10741,70264,50.00
10742,73865,0.00
10743,75155,0.00
10744,70978,50.00
10745,70679,50.00
10746,40094,0.00
10747,38928,0.00
10748,54042,100.00
10749,38045,0.00
10750,74292,66.67
10751,37183,0.00
10752,35734,50.00
10753,63292,0.00
10754,26655,0.00
10755,27749,50.00
10756,33430,0.00
10757,27249,50.00
10758,32705,0.00
10759,59801,0.00
10760,88095,50.00
10761,72200,0.00
10762,71024,0.00
10763,57201,0.00
10764,82237,50.00
10765,77866,50.00
10766,79075,0.00
10767,73041,50.00
10768,71732,0.00
10769,77300,0.00
10770,69810,100.00
10771,69458,0.00
10772,39635,0.00
10773,40930,100.00
10774,35356,0.00
10775,34234,50.00
10776,39189,0.00
10777,54152,50.00
10778,38726,0.00
10779,26276,100.00
10780,66264,0.00
10781,68469,0.00
10782,71547,50.00
10783,71733,50.00
10784,71448,0.00
10785,77743,50.00
10786,76938,0.00
10787,80364,50.00
10788,77508,0.00
10789,88570,100.00
10790,74907,0.00
10791,77355,0.00
10792,81473,0.00
10793,74728,100.00
10794,77924,0.00
10795,75823,50.00
10796,69445,0.00
10797,67706,0.00
10798,71474,100.00
10799,70939,0.00
10800,75793,50.00
10801,73191,0.00
10802,87048,0.00
10803,80512,100.00
10804,77687,0.00
10805,78218,50.00
10806,76840,0.00
10807,80789,0.00
10808,73203,100.00
10809,74307,0.00
10810,91797,50.00
10811,94423,0.00
10812,80085,0.00
10813,89132,50.00
10814,88120,0.00
10815,86186,50.00
10816,82249,0.00
10817,79992,0.00
10818,82617,50.00
10819,84830,0.00
10820,87082,0.00
10821,81988,50.00
10822,85227,0.00
10823,83519,0.00
10824,74703,0.00
10825,39872,100.00
10826,26679,50.00
10827,26831,0.00
10828,30274,0.00
10829,32371,50.00
10830,59509,0.00
10831,52249,50.00
10832,49560,100.00
10833,35134,0.00
10834,46297,100.00
10835,36016,100.00
10836,28497,0.00
10837,25564,100.00
10838,28108,100.00
10839,32017,50.00
10840,22668,0.00
10841,25960,100.00
10842,28938,0.00
10843,55409,0.00
10844,27431,50.00
10845,29147,0.00
10846,34355,50.00
10847,35425,100.00
10848,69009,0.00
10849,68367,0.00
10850,71257,50.00
10851,84505,0.00
10852,84466,0.00
10853,79823,50.00
10854,80072,0.00
10855,75728,50.00
10856,75936,100.00
10857,78980,0.00
10858,81685,0.00
10859,88911,50.00
10860,77272,0.00
10861,82205,0.00
10862,105459,50.00
10863,55830,0.00
10864,81734,0.00
10865,75932,0.00
10866,78644,100.00
10867,82528,0.00
10868,81483,50.00
10869,83071,0.00
10870,83430,0.00
10871,74664,50.00
10872,73523,0.00
10873,90620,50.00
10874,61926,50.00
10875,89387,0.00
10876,78527,0.00
10877,87076,50.00
10878,76969,0.00
10879,72707,50.00
10880,77161,0.00
10881,94788,0.00
10882,79166,0.00
10883,75203,0.00
10884,90822,100.00
10885,81113,0.00
10886,82468,50.00
10887,128336,0.00
10888,69558,0.00
10889,76196,100.00
10890,73094,0.00
10891,72459,50.00
10892,68784,0.00
10893,68870,50.00
10894,62962,0.00
10895,77457,0.00
10896,74115,50.00
10897,75179,0.00
10898,78011,100.00
10899,74373,0.00
10900,74904,0.00
10901,79511,50.00
10902,80299,50.00
10903,77111,0.00
10904,68719,0.00
10905,75246,50.00
10906,80554,0.00
10907,73659,50.00
10908,73987,0.00
10909,85899,0.00
10910,82065,0.00
10911,60148,0.00
10912,86169,50.00
10913,84246,0.00
10914,79872,0.00
10915,74835,66.67
10916,68360,0.00
10917,31615,0.00
10918,31108,50.00
10919,26501,0.00
10920,23740,0.00
10921,23991,100.00
10922,26317,100.00
10923,22950,100.00
10924,60673,100.00
10925,41190,0.00
10926,38169,100.00
10927,28531,100.00
10928,20708,100.00
10929,23955,100.00
10930,31976,0.00
10931,60916,100.00
10932,25982,100.00
10933,32179,50.00
10934,36644,0.00
10935,37223,0.00
10936,72818,50.00
10937,60867,0.00
10938,60329,50.00
10939,62956,0.00
10940,68037,50.00
10941,74575,0.00
10942,80375,50.00
10943,73576,0.00
10944,72591,50.00
10945,73041,0.00
10946,68503,0.00
10947,68800,50.00
10948,67647,0.00
10949,69449,0.00
10950,132522,0.00
10951,62570,0.00
10952,72253,66.67
10953,69320,0.00
10954,69013,0.00
10955,70459,0.00
10956,81151,100.00
10957,71522,0.00
10958,75671,0.00
10959,65610,50.00
10960,68415,100.00
10961,70781,0.00
10962,67683,50.00
10963,65875,0.00
10964,62940,0.00
10965,69106,100.00
10966,72316,0.00
10967,85106,50.00
10968,69321,0.00
10969,67995,0.00
10970,72734,100.00
10971,69361,0.00
10972,76505,50.00
10973,68572,0.00
10974,78412,0.00
10975,67171,0.00
10976,67200,50.00
10977,72915,50.00
10978,86107,0.00
10979,76467,0.00
10980,77871,50.00
10981,80700,0.00
10982,76169,50.00
10983,78377,0.00
10984,81071,100.00
10985,82278,0.00
10986,82547,0.00
10987,75295,0.00
10988,79883,50.00
10989,75544,0.00
10990,81881,50.00
10991,77247,0.00
10992,75891,50.00
10993,83759,0.00
10994,82972,0.00
10995,73038,0.00
10996,76618,50.00
10997,77292,50.00
10998,80979,0.00
10999,75376,0.00
11000,88204,50.00
11001,68891,0.00
11002,77584,50.00
11003,75021,0.00
11004,71516,0.00
11005,71455,50.00
11006,77665,0.00
11007,73643,50.00
11008,74737,0.00
11009,67339,0.00
11010,75594,50.00
11011,74093,0.00
11012,82105,0.00
11013,71213,50.00
11014,95619,50.00
11015,62043,0.00
11016,36048,0.00
11017,63385,100.00
11018,37006,50.00
11019,29380,0.00
11020,35986,100.00
11021,16908,0.00
11022,19540,0.00
11023,23524,100.00
11024,24895,100.00
11025,27470,100.00
11026,43522,100.00
11027,37411,0.00
11028,55774,100.00
11029,48688,50.00
11030,22283,100.00
11031,80425,0.00
11032,84428,0.00
11033,71689,0.00
11034,70128,50.00
11035,72010,50.00
11036,73937,50.00
11037,68530,0.00
11038,68368,0.00
11039,67284,0.00
11040,63729,50.00
11041,60623,0.00
11042,74887,50.00
11043,77482,0.00
11044,74691,0.00
11045,73743,50.00
11046,78831,50.00
11047,79712,0.00
11048,85052,100.00
11049,75354,0.00
11050,130764,0.00
11051,85118,50.00
11052,75361,0.00
11053,70214,50.00
11054,66635,0.00
11055,64715,0.00
11056,72950,0.00
11057,73216,0.00
11058,67809,50.00
11059,69160,0.00
11060,73435,50.00
11061,74824,50.00
11062,54077,0.00
11063,77588,0.00
11064,77631,50.00
11065,74091,0.00
11066,54608,0.00
11067,77922,0.00
11068,74435,0.00
11069,75202,50.00
11070,81166,50.00
11071,79560,0.00
11072,56304,0.00
11073,83574,50.00
11074,101129,0.00
11075,75545,0.00
11076,76075,0.00
11077,84560,50.00
11078,82623,0.00
11079,76239,50.00
11080,78481,50.00
11081,71214,0.00
11082,95409,0.00
11083,79240,50.00
11084,75908,0.00
11085,68788,0.00
11086,69678,50.00
11087,71933,0.00
11088,60747,0.00
11089,31416,0.00
11090,27590,100.00
11091,24311,0.00
11092,30414,100.00
11093,49952,0.00
11094,39548,50.00
11095,27469,100.00
11096,25718,50.00
11097,23763,0.00
11098,29240,0.00
11099,28746,50.00
11100,75391,0.00
11101,65801,0.00
11102,80011,50.00
11103,63364,0.00
11104,67958,0.00
11105,68552,0.00
11106,58126,100.00
11107,62575,50.00
11108,30200,0.00
11109,54843,0.00
11110,53123,100.00
11111,38188,0.00
11112,56748,100.00
11113,26018,0.00
11114,75739,50.00
11115,77582,50.00
11116,88323,100.00
11117,66524,0.00
11118,96804,0.00
11119,67986,0.00
11120,69256,100.00
11121,76036,0.00
11122,74078,50.00
11123,84440,0.00
11124,74929,100.00
11125,81689,0.00
11126,80589,50.00
11127,75654,0.00
11128,72786,0.00
11129,79093,0.00
11130,65806,50.00
11131,67140,0.00
11132,73773,0.00
11133,68576,50.00
11134,64433,0.00
11135,80152,50.00
11136,86601,0.00
11137,78073,50.00
11138,80513,50.00
11139,76697,0.00
11140,81433,0.00
11141,71440,50.00
11142,70870,0.00
11143,68449,0.00
11144,70049,50.00
11145,71447,0.00
11146,70735,0.00
11147,90961,50.00
11148,71422,100.00
11149,71066,0.00
11150,68917,0.00
11151,84714,0.00
11152,36847,0.00
11153,78187,100.00
11154,49628,0.00
11155,76060,0.00
11156,37184,0.00
11157,32642,100.00
11158,31949,50.00
11159,32219,0.00
11160,63909,0.00
11161,27968,100.00
11162,36306,0.00
11163,27541,50.00
11164,28072,0.00
11165,39287,100.00
11166,34225,0.00
11167,40472,100.00
11168,60559,50.00
11169,25124,0.00
11170,23490,100.00
11171,20128,0.00
11172,24375,0.00
11173,28725,50.00
11174,38281,0.00
11175,34441,100.00
11176,28064,0.00
11177,27954,100.00
11178,30029,0.00
11179,72570,0.00
11180,76868,100.00
11181,81167,0.00
11182,92168,50.00
11183,84877,0.00
11184,80677,0.00
11185,80905,50.00
11186,76465,50.00
11187,77915,0.00
11188,74243,0.00
11189,76656,0.00
11190,78797,50.00
11191,84789,50.00
11192,69124,0.00
11193,52430,0.00
11194,75884,0.00
11195,78766,50.00
11196,65374,0.00
11197,68224,50.00
11198,153774,0.00
11199,71319,0.00
11200,77116,50.00
11201,73283,0.00
11202,76783,0.00
11203,75241,100.00
11204,75060,0.00
11205,69252,0.00
11206,71214,0.00
11207,82447,50.00
11208,68676,0.00
11209,75788,50.00
11210,74759,0.00
11211,77884,50.00
11212,71049,50.00
11213,69839,0.00
11214,64683,0.00
11215,71481,50.00
11216,61396,0.00
11217,68610,100.00
11218,66444,0.00
11219,36573,0.00
11220,45749,50.00
11221,60047,0.00
11222,38352,0.00
11223,78149,0.00
11224,63079,50.00
11225,61070,0.00
11226,65837,50.00
11227,66647,0.00
11228,65966,0.00
11229,70211,50.00
11230,100445,50.00
11231,72598,0.00
11232,74348,0.00
11233,75596,0.00
11234,62342,0.00
11235,72768,66.67
11236,66178,0.00
11237,63666,0.00
11238,65300,50.00
11239,70750,0.00
11240,69537,0.00
11241,63568,0.00
11242,85359,66.67
11243,38115,0.00
11244,39570,50.00
11245,28625,100.00
11246,27115,0.00
11247,23886,100.00
11248,31868,0.00
11249,58764,0.00
11250,41469,100.00
11251,28404,50.00
11252,31825,0.00
11253,26913,100.00
11254,25235,100.00
11255,38485,0.00
11256,36430,100.00
11257,54366,100.00
11258,30319,50.00
11259,22854,0.00
11260,21262,100.00
11261,19953,0.00
11262,27106,0.00
11263,34703,50.00
11264,32276,0.00
11265,67414,100.00
11266,68046,0.00
11267,74378,50.00
11268,69772,0.00
11269,67394,0.00
11270,62520,100.00
11271,91766,0.00
11272,69693,0.00
11273,72592,50.00
11274,68280,0.00
11275,63933,50.00
11276,66375,0.00
11277,65732,50.00
11278,67878,0.00
11279,72161,100.00
11280,77923,0.00
11281,69107,0.00
11282,70723,50.00
11283,83114,0.00
11284,73712,100.00
11285,69385,0.00
11286,77363,0.00
11287,73399,50.00
11288,83159,0.00
11289,82849,0.00
11290,74278,50.00
11291,82775,0.00
11292,71417,0.00
11293,80278,100.00
11294,75082,50.00
11295,69697,0.00
11296,62302,0.00
11297,70230,50.00
11298,61920,0.00
11299,54429,50.00
11300,55062,0.00
11301,58961,0.00
11302,63350,0.00
11303,72720,100.00
11304,67648,0.00
11305,62887,0.00
11306,61806,50.00
11307,68846,50.00
11308,76288,0.00
11309,61016,0.00
11310,87467,50.00
11311,72472,0.00
11312,65461,100.00
11313,72376,0.00
11314,69701,0.00
11315,67022,0.00
11316,69654,66.67
11317,78326,0.00
11318,81444,50.00
11319,67314,0.00
11320,70563,0.00
11321,57840,0.00
11322,68595,100.00
11323,72660,0.00
11324,68948,0.00
11325,70327,50.00
11326,81100,0.00
11327,70644,0.00
11328,36861,0.00
11329,71739,50.00
11330,70792,0.00
11331,72556,100.00
11332,68759,0.00
11333,68516,0.00
11334,81809,50.00
11335,63684,0.00
11336,58926,0.00
11337,55627,100.00
11338,30323,0.00
11339,35150,100.00
11340,26068,0.00
11341,38486,100.00
11342,17550,0.00
11343,23929,0.00
11344,25723,100.00
11345,41558,100.00
11346,38571,0.00
11347,31499,100.00
11348,36193,100.00
11349,39755,0.00
11350,70476,100.00
11351,26811,66.67
11352,55985,0.00
11353,53956,0.00
11354,53707,50.00
11355,57331,0.00
11356,56880,0.00
11357,58469,0.00
11358,63205,50.00
11359,62419,50.00
11360,59924,0.00
11361,76088,0.00
11362,78011,50.00
11363,75926,0.00
11364,79373,50.00
11365,72796,100.00
11366,78101,0.00
11367,71172,0.00
11368,74979,50.00
11369,74035,0.00
11370,73119,0.00
11371,60043,0.00
11372,68715,66.67
11373,69767,0.00
11374,81939,0.00
11375,70888,0.00
11376,71674,50.00
11377,75836,50.00
11378,74787,0.00
11379,75255,0.00
11380,72547,100.00
11381,67310,0.00
11382,54561,0.00
11383,75092,0.00
11384,70086,100.00
11385,73070,0.00
11386,77207,0.00
11387,76967,50.00
11388,77966,50.00
11389,83141,0.00
11390,72011,0.00
11391,75297,50.00
11392,74421,50.00
11393,71801,0.00
11394,74511,0.00
11395,82451,50.00
11396,76559,0.00
11397,67078,0.00
11398,65361,50.00
11399,65188,0.00
11400,69233,0.00
11401,69988,50.00
11402,72317,0.00
11403,73986,100.00
11404,72950,0.00
11405,65878,50.00
11406,68430,0.00
11407,74525,0.00
11408,93957,100.00
11409,65274,0.00
11410,33011,0.00
11411,34855,50.00
11412,31425,0.00
11413,31267,50.00
11414,60631,0.00
11415,38453,0.00
11416,28744,50.00
11417,24541,0.00
11418,27872,100.00
11419,30874,0.00
11420,31566,0.00
11421,78438,50.00
11422,62794,50.00
11423,79236,100.00
11424,67934,0.00
11425,77446,0.00
11426,72024,50.00
11427,62138,0.00
11428,81933,0.00
11429,72401,50.00
11430,115591,0.00
11431,93360,0.00
11432,89455,100.00
11433,74655,50.00
11434,35193,0.00
11435,40802,0.00
11436,68374,100.00
11437,60005,0.00
11438,29428,0.00
11439,26560,100.00
11440,26006,0.00
11441,24054,100.00
11442,26974,0.00
11443,31121,0.00
11444,41133,100.00
11445,49407,0.00
11446,73023,0.00
11447,79086,50.00
11448,75134,0.00
11449,73496,0.00
11450,63183,50.00
11451,62383,0.00
11452,73839,50.00
11453,70352,0.00
11454,131775,50.00
11455,70436,0.00
11456,72089,50.00
11457,65335,0.00
11458,37571,0.00
11459,63189,50.00
11460,62648,0.00
11461,56314,50.00
11462,35947,0.00
11463,55421,0.00
11464,37203,0.00
11465,67703,50.00
11466,67540,50.00
11467,60204,0.00
11468,62046,0.00
11469,77322,50.00
11470,68028,0.00
11471,76030,50.00
11472,74592,100.00
11473,67285,0.00
11474,59576,0.00
11475,69242,0.00
11476,59276,50.00
11477,75134,100.00
11478,74888,0.00
11479,79622,0.00
11480,76489,0.00
11481,80726,50.00
11482,55301,0.00
11483,75923,0.00
11484,85344,50.00
11485,77893,0.00
11486,82677,0.00
11487,78223,100.00
11488,77828,0.00
11489,123204,50.00
11490,78814,0.00
11491,61658,0.00
11492,37550,100.00
11493,28142,50.00
11494,26006,0.00
11495,23287,0.00
11496,26118,100.00
11497,50607,0.00
11498,34524,50.00
11499,27163,0.00
11500,25983,50.00
11501,23465,0.00
11502,28365,100.00
11503,64858,0.00
11504,34002,0.00
11505,51821,50.00
11506,59377,0.00
11507,68797,0.00
11508,64035,50.00
11509,62809,0.00
11510,30900,100.00
11511,39131,0.00
11512,30884,50.00
11513,33082,0.00
11514,30184,50.00
11515,56721,0.00
11516,36732,100.00
11517,61022,50.00
11518,67281,0.00
11519,76510,100.00
11520,69997,0.00
11521,79334,0.00
11522,75558,50.00
11523,70302,0.00
11524,76276,100.00
11525,33399,0.00
11526,66579,50.00
11527,68219,0.00
11528,76227,0.00
11529,72128,100.00
11530,69351,0.00
11531,65772,50.00
11532,72979,0.00
11533,73123,0.00
11534,69089,0.00
11535,72940,50.00
11536,76712,0.00
11537,86304,50.00
11538,73451,0.00
11539,75177,0.00
11540,72545,0.00
11541,74571,50.00
11542,74335,50.00
11543,64233,0.00
11544,64761,50.00
11545,61510,0.00
11546,62826,0.00
11547,64062,0.00
11548,69948,100.00
11549,74742,50.00
11550,73261,0.00
11551,72861,0.00
11552,103963,100.00
11553,76044,0.00
11554,69399,50.00
11555,72153,0.00
11556,61407,0.00
11557,77036,0.00
11558,72402,50.00
11559,70169,0.00
11560,59742,50.00
11561,82289,50.00
11562,85670,0.00
11563,34751,0.00
11564,33057,100.00
11565,50985,0.00
11566,30471,50.00
11567,39146,0.00
11568,77200,50.00
11569,53194,0.00
11570,36761,100.00
11571,30756,0.00
11572,30864,100.00
11573,29272,0.00
11574,53965,0.00
11575,38546,100.00
11576,56003,50.00
11577,31931,0.00
11578,27477,0.00
11579,23561,100.00
11580,24685,0.00
11581,25605,50.00
11582,28654,0.00
11583,63141,0.00
11584,32395,100.00
11585,32239,0.00
11586,24363,50.00
11587,54924,0.00
11588,71959,0.00
11589,74995,0.00
11590,70454,0.00
11591,62643,50.00
11592,61363,0.00
11593,64647,50.00
11594,70933,50.00
11595,76610,0.00
11596,70051,0.00
11597,70558,0.00
11598,74123,66.67
11599,74210,0.00
11600,69718,0.00
11601,69406,50.00
11602,72629,0.00
11603,70169,50.00
11604,70602,0.00
11605,71307,0.00
11606,66620,0.00
11607,78244,50.00
11608,69979,0.00
11609,80767,0.00
11610,77493,50.00
11611,73902,0.00
11612,56578,0.00
11613,78588,50.00
11614,93268,0.00
11615,81756,0.00
11616,72198,100.00
11617,76739,50.00
11618,73039,0.00
11619,81729,50.00
11620,94804,0.00
11621,81948,0.00
11622,87000,50.00
11623,95412,0.00
11624,95451,50.00
11625,79148,0.00
11626,83714,0.00
11627,80265,50.00
11628,86214,0.00
11629,86753,50.00
11630,77989,0.00
11631,77599,0.00
11632,80832,0.00
11633,74055,50.00
11634,80731,50.00
11635,80972,0.00
11636,80417,50.00
11637,84112,0.00
11638,83891,0.00
11639,72778,0.00
11640,76321,50.00
11641,78420,0.00
11642,68250,0.00
11643,31181,66.67
11644,35117,0.00
11645,31696,100.00
11646,27398,0.00
11647,29376,0.00
11648,33157,50.00
11649,57656,0.00
11650,55365,100.00
11651,29027,0.00
11652,26278,100.00
11653,29059,0.00
11654,57817,0.00
11655,67360,0.00
11656,72766,50.00
11657,72818,66.67
11658,61174,0.00
11659,38134,0.00
11660,66199,0.00
11661,26324,100.00
11662,30617,0.00
11663,24075,100.00
11664,23021,0.00
11665,27120,0.00
11666,30850,100.00
11667,62764,0.00
11668,63428,100.00
11669,67477,0.00
11670,69411,50.00
11671,68654,0.00
11672,77912,50.00
11673,87525,0.00
11674,83127,50.00
11675,75718,0.00
11676,86783,0.00
11677,84738,50.00
11678,82943,0.00
11679,88491,50.00
11680,85609,0.00
11681,85912,0.00
11682,84517,50.00
11683,84899,0.00
11684,84562,50.00
11685,94585,0.00
11686,78233,0.00
11687,77845,50.00
11688,79866,0.00
11689,96055,50.00
11690,76329,0.00
11691,84860,0.00
11692,87365,50.00
11693,89109,0.00
11694,133609,50.00
11695,76067,0.00
11696,77421,0.00
11697,85832,0.00
11698,80072,50.00
11699,84089,0.00
11700,91516,50.00
11701,84975,0.00
11702,84259,0.00
11703,85802,50.00
11704,79084,0.00
11705,81300,50.00
11706,80224,0.00
11707,83311,0.00
11708,80107,50.00
11709,77782,0.00
11710,87008,50.00
11711,74963,0.00
11712,82232,0.00
11713,75292,0.00
11714,80315,50.00
11715,72827,50.00
11716,72800,0.00
11717,71951,50.00
11718,87169,0.00
11719,83134,50.00
11720,72025,0.00
11721,72259,0.00
11722,79832,100.00
11723,37644,0.00
11724,52588,0.00
11725,57281,100.00
11726,31838,50.00
11727,31890,0.00
11728,26392,50.00
11729,24963,0.00
11730,26752,100.00
11731,32618,0.00
11732,45466,100.00
11733,39025,100.00
11734,29764,0.00
11735,34761,100.00
11736,31661,100.00
11737,30667,0.00
11738,51793,100.00
11739,52197,0.00
11740,46766,66.67
11741,79146,0.00
11742,71917,50.00
11743,81801,0.00
11744,77120,50.00
11745,71235,0.00
11746,73604,0.00
11747,78248,0.00
11748,80011,100.00
11749,69875,0.00
11750,69556,0.00
11751,75107,50.00
11752,73037,0.00
11753,75475,0.00
11754,91225,50.00
11755,77975,0.00
11756,58273,0.00
11757,77639,100.00
11758,103058,0.00
11759,74581,50.00
11760,89753,0.00
11761,76301,0.00
11762,77942,100.00
11763,99151,50.00
11764,98292,0.00
11765,79293,0.00
11766,95137,100.00
11767,81478,0.00
11768,77002,0.00
11769,77057,50.00
11770,83899,0.00
11771,73174,100.00
11772,79232,0.00
11773,71265,0.00
11774,69347,0.00
11775,64854,50.00
11776,70395,0.00
11777,66651,50.00
11778,68149,0.00
11779,75016,0.00
11780,37185,100.00
11781,63830,0.00
11782,65579,0.00
11783,66611,50.00
11784,73326,0.00
11785,68059,0.00
11786,60653,50.00
11787,64344,0.00
11788,69900,50.00
11789,81218,100.00
11790,36493,0.00
11791,30845,100.00
11792,26495,100.00
11793,30407,0.00
11794,54852,0.00
11795,36560,50.00
11796,27137,100.00
11797,23142,0.00
11798,23271,0.00
11799,29717,100.00
11800,63707,0.00
11801,75950,100.00
11802,71021,0.00
11803,77621,50.00
11804,85206,0.00
11805,76213,50.00
11806,84447,0.00
11807,69705,50.00
11808,75651,0.00
11809,75300,0.00
11810,84636,0.00
11811,57999,100.00
11812,80348,0.00
11813,29379,0.00
11814,39049,50.00
11815,31981,100.00
11816,65914,100.00
11817,59987,0.00
11818,28834,0.00
11819,71348,66.67
11820,76774,0.00
11821,77881,100.00
11822,91941,0.00
11823,77003,0.00
11824,90643,50.00
11825,78003,0.00
11826,80721,100.00
11827,164369,0.00
11828,81618,0.00
11829,77661,0.00
11830,88776,50.00
11831,78287,0.00
11832,56259,0.00
11833,75336,50.00
11834,70616,0.00
11835,67509,0.00
11836,61025,50.00
11837,162968,0.00
11838,85968,50.00
11839,83996,0.00
11840,76729,100.00
11841,79441,0.00
11842,73507,0.00
11843,68882,0.00
11844,77833,50.00
11845,76619,100.00
11846,80061,0.00
11847,83295,0.00
11848,68910,50.00
11849,77602,0.00
11850,82534,50.00
11851,74443,0.00
11852,75419,0.00
11853,67979,50.00
11854,90176,0.00
11855,67627,50.00
11856,61801,0.00
11857,69812,0.00
11858,68561,50.00
11859,74027,100.00
11860,27098,0.00
11861,33471,0.00
11862,35711,100.00
11863,30453,0.00
11864,56757,0.00
11865,24676,100.00
11866,38829,50.00
11867,29357,0.00
11868,30327,100.00
11869,29373,100.00
11870,25374,100.00
11871,23214,100.00
11872,42057,0.00
11873,31990,100.00
11874,48038,100.00
11875,27759,0.00
11876,53321,50.00
11877,31044,100.00
11878,35191,0.00
11879,30031,0.00
11880,32495,100.00
11881,34693,0.00
11882,63430,50.00
11883,34010,0.00
11884,57241,0.00
11885,65905,0.00
11886,62038,0.00
11887,75432,50.00
11888,72993,50.00
11889,74873,0.00
11890,69138,0.00
11891,76076,50.00
11892,71514,0.00
11893,65211,0.00
11894,63743,100.00
11895,71010,50.00
11896,70202,0.00
11897,71585,50.00
11898,69471,0.00
11899,76194,100.00
11900,73750,0.00
11901,65269,0.00
11902,71169,0.00
11903,75436,50.00
11904,70083,0.00
11905,75347,50.00
11906,72864,0.00
11907,68162,0.00
11908,61814,0.00
11909,70282,100.00
11910,63991,0.00
11911,59211,50.00
11912,75047,0.00
11913,75625,0.00
11914,67146,0.00
11915,63402,50.00
11916,67385,0.00
11917,77833,50.00
11918,65210,0.00
11919,60695,0.00
11920,67073,50.00
11921,74748,0.00
11922,72545,66.67
11923,63200,0.00
11924,54753,0.00
11925,60987,0.00
11926,79542,50.00
11927,66469,0.00
11928,56104,100.00
11929,63286,0.00
11930,71295,0.00
11931,79711,50.00
11932,70638,0.00
11933,72407,50.00
11934,80588,50.00
11935,77136,0.00
11936,74360,0.00
11937,63366,0.00
11938,63580,0.00
11939,64213,0.00
11940,63384,0.00
11941,60870,0.00
11942,215865,0.00
11943,255300,0.00
11944,94999,50.00
11945,241324,50.00
11946,91145,0.00
11947,90496,0.00
11948,87229,50.00
11949,81559,0.00
11950,68980,0.00
11951,59408,0.00
11952,96611,0.00
11953,89065,0.00
11954,87464,50.00
11955,60622,0.00
11956,86318,50.00
11957,60621,0.00
11958,101892,0.00
11959,98526,0.00
11960,88214,100.00
11961,35561,0.00
11962,68640,100.00
11963,83201,100.00
11964,77681,0.00
11965,38651,0.00
11966,27646,100.00
11967,25762,100.00
11968,77362,100.00
11969,43485,0.00
11970,29743,100.00
11971,27183,100.00
11972,23419,0.00
11973,44508,100.00
11974,43857,100.00
11975,35387,0.00
11976,39124,100.00
11977,61046,50.00
11978,66096,0.00
11979,70730,50.00
11980,79315,0.00
11981,74058,100.00
11982,72742,50.00
11983,72231,0.00
11984,73943,0.00
11985,75551,0.00
11986,74290,50.00
11987,80706,0.00
11988,76430,50.00
11989,69521,0.00
11990,64457,0.00
11991,76285,50.00
11992,75780,0.00
11993,65418,0.00
11994,67710,50.00
11995,75969,0.00
11996,68975,50.00
11997,77817,0.00
11998,75845,50.00
11999,72727,50.00
12000,102949,0.00
12001,72181,0.00
12002,70333,0.00
12003,79800,0.00
12004,71710,100.00
12005,95342,0.00
12006,85081,50.00
12007,82111,0.00
12008,48730,0.00
12009,80846,0.00
12010,79140,0.00
12011,79221,50.00
12012,71500,50.00
12013,70893,100.00
12014,76665,0.00
12015,57832,0.00
12016,58986,0.00
12017,70719,50.00
12018,73591,0.00
12019,74645,50.00
12020,70407,50.00
12021,78755,0.00
12022,74067,0.00
12023,82466,100.00
12024,167007,0.00
12025,87424,50.00
12026,89686,0.00
12027,89448,0.00
12028,64613,0.00
12029,84701,50.00
12030,91635,0.00
12031,80417,50.00
12032,78666,0.00
12033,85716,0.00
12034,79881,50.00
12035,83188,0.00
12036,82117,50.00
12037,77131,0.00
12038,82610,0.00
12039,85320,50.00
12040,79671,0.00
12041,77549,50.00
12042,84810,0.00
12043,76322,0.00
12044,78486,50.00
12045,78126,0.00
12046,77765,0.00
12047,82511,50.00
12048,75365,50.00
12049,91531,0.00
12050,83703,0.00
12051,81818,100.00
12052,79542,0.00
12053,75642,50.00
12054,80483,0.00
12055,88549,0.00
12056,75640,0.00
12057,63838,0.00
12058,35377,50.00
12059,54533,0.00
12060,56263,100.00
12061,68041,0.00
12062,65333,0.00
12063,71138,50.00
12064,71642,50.00
12065,67409,0.00
12066,73018,0.00
12067,69056,50.00
12068,48523,0.00
12069,65844,50.00
12070,69926,0.00
12071,68080,50.00
12072,33982,0.00
12073,29471,0.00
12074,26487,50.00
12075,29570,0.00
12076,28509,100.00
12077,25551,0.00
12078,25102,100.00
12079,39863,100.00
12080,37858,100.00
12081,31692,100.00
12082,34134,0.00
12083,31998,100.00
12084,25729,100.00
12085,29492,50.00
12086,19955,0.00
12087,63278,0.00
12088,62348,50.00
12089,34109,0.00
12090,56763,50.00
12091,53704,0.00
12092,67420,0.00
12093,67155,50.00
12094,69208,0.00
12095,58945,0.00
12096,55862,50.00
12097,59934,50.00
12098,55414,0.00
12099,59575,0.00
12100,60510,50.00
12101,69143,0.00
12102,68733,0.00
12103,77590,50.00
12104,62878,0.00
12105,72583,50.00
12106,76714,0.00
12107,77913,50.00
12108,79602,0.00
12109,69086,0.00
12110,74883,66.67
12111,68075,0.00
12112,84989,0.00
12113,67537,0.00
12114,64923,50.00
12115,65251,0.00
12116,66999,50.00
12117,75806,0.00
12118,76570,100.00
12119,84107,0.00
12120,70398,0.00
12121,77974,50.00
12122,74871,0.00
12123,70385,0.00
12124,53414,0.00
12125,70277,0.00
12126,68483,50.00
12127,71296,100.00
12128,73784,0.00
12129,75094,0.00
12130,78314,50.00
12131,85056,0.00
12132,74639,100.00
12133,74809,0.00
12134,73733,0.00
12135,67806,0.00
12136,69696,50.00
12137,77042,0.00
12138,64597,0.00
12139,63741,50.00
12140,68420,0.00
12141,76907,50.00
12142,71707,100.00
12143,31961,0.00
12144,32283,0.00
12145,33891,100.00
12146,33729,0.00
12147,63721,0.00
12148,29225,100.00
12149,32315,0.00
12150,26874,100.00
12151,30556,0.00
12152,29793,0.00
12153,35920,100.00
12154,34050,0.00
12155,73455,50.00
12156,32734,0.00
12157,58733,0.00
12158,34324,0.00
12159,30886,0.00
12160,55546,0.00
12161,57834,0.00
12162,60626,50.00
12163,54399,0.00
12164,54035,50.00
12165,54358,0.00
12166,59383,50.00
12167,81568,0.00
12168,62868,0.00
12169,60739,50.00
12170,71636,0.00
12171,37807,50.00
12172,30241,0.00
12173,56075,50.00
12174,30289,0.00
12175,28308,100.00
12176,26468,0.00
12177,23392,100.00
12178,20885,0.00
12179,28342,0.00
12180,36096,100.00
12181,68453,50.00
12182,81418,0.00
12183,70771,50.00
12184,69471,50.00
12185,68411,0.00
12186,72822,0.00
12187,74742,100.00
12188,70342,50.00
12189,71591,0.00
12190,73891,50.00
12191,78302,0.00
12192,80840,0.00
12193,81870,0.00
12194,76319,50.00
12195,78157,50.00
12196,74934,0.00
12197,74167,50.00
12198,120344,0.00
12199,67425,0.00
12200,82417,0.00
12201,139782,100.00
12202,75623,0.00
12203,75749,0.00
12204,73170,50.00
12205,72854,50.00
12206,75414,0.00
12207,69370,0.00
12208,77099,50.00
12209,74121,0.00
12210,79136,50.00
12211,70125,0.00
12212,76582,50.00
12213,65009,0.00
12214,75608,50.00
12215,79421,0.00
12216,88552,0.00
12217,81465,50.00
12218,72314,0.00
12219,76545,0.00
12220,73891,0.00
12221,69246,50.00
12222,78451,0.00
12223,77557,50.00
12224,79368,50.00
12225,75758,0.00
12226,92711,50.00
12227,35230,0.00
12228,41134,0.00
12229,33934,100.00
12230,28182,0.00
12231,37403,100.00
12232,35275,0.00
12233,60723,50.00
12234,31005,100.00
12235,37646,0.00
12236,66193,0.00
12237,36671,100.00
12238,29796,50.00
12239,77204,0.00
12240,90387,100.00
12241,82865,0.00
12242,62583,0.00
12243,64744,0.00
12244,195133,0.00
12245,82848,100.00
12246,72273,100.00
12247,68502,0.00
12248,66131,100.00
12249,76092,50.00
12250,140206,0.00
12251,46798,100.00
12252,83641,50.00
12253,66566,0.00
12254,54195,50.00
12255,77109,0.00
12256,418960,0.00
12257,186434,0.00
12258,83804,50.00
12259,94575,0.00
12260,67711,100.00
12261,66411,0.00
12262,66578,0.00
12263,88234,50.00
12264,123518,0.00
12265,100035,0.00
12266,101594,50.00
12267,71209,0.00
12268,89808,0.00
12269,61250,0.00
12270,335237,50.00
12271,61174,0.00
12272,83534,0.00
12273,90352,0.00
12274,62271,0.00
12275,65733,0.00
12276,116896,0.00
12277,91867,50.00
12278,60059,0.00
12279,73687,50.00
12280,158128,0.00
12281,474711,0.00
12282,206769,100.00
12283,79256,0.00
12284,128760,0.00
12285,58987,0.00
12286,817593,0.00
12287,88014,0.00
12288,127635,0.00
12289,115838,0.00
12290,91987,50.00
12291,70905,100.00
12292,312361,0.00
12293,98601,0.00
12294,75029,0.00
12295,69311,0.00
12296,222583,100.00
12297,127471,50.00
12298,156723,0.00
12299,116744,0.00
12300,61250,0.00
12301,97104,0.00
12302,69197,50.00
12303,84661,0.00
12304,360268,0.00
12305,141477,0.00
12306,97723,50.00
12307,73553,100.00
12308,17226,0.00
12309,72833,0.00
12310,21010,0.00
12311,66514,100.00
12312,45523,0.00
12313,32257,0.00
12314,26235,100.00
12315,40579,100.00
12316,67406,0.00
12317,45743,100.00
12318,29132,100.00
12319,41239,0.00
12320,41357,100.00
12321,63421,100.00
12322,63585,0.00
12323,69115,100.00
12324,33199,100.00
12325,65175,100.00
12326,71387,0.00
12327,199987,0.00
12328,59602,0.00
12329,1848587,0.00
12330,40122,0.00
12331,54337,0.00
12332,86348,50.00
12333,82197,0.00
12334,86532,0.00
12335,59171,0.00
12336,88389,50.00
12337,87949,0.00
12338,96340,50.00
12339,93336,0.00
12340,57179,0.00
12341,135073,0.00
12342,92947,50.00
12343,64187,0.00
12344,230334,50.00
12345,84530,0.00
12346,105623,0.00
12347,144764,0.00
12348,93037,50.00
12349,86732,0.00
12350,520487,50.00
12351,70692,0.00
12352,66032,0.00
12353,64175,0.00
12354,69653,0.00
12355,252344,0.00
12356,66041,0.00
12357,81222,0.00
12358,257693,100.00
12359,92710,0.00
12360,64366,0.00
12361,196955,0.00
12362,98218,100.00
12363,68648,0.00
12364,212581,0.00
12365,88042,0.00
12366,58202,0.00
12367,90877,100.00
12368,237147,0.00
12369,274346,0.00
12370,73704,0.00
12371,70626,0.00
12372,63192,0.00
12373,66414,50.00
12374,134613,50.00
12375,86380,0.00
12376,162267,0.00
12377,95891,0.00
12378,327828,0.00
12379,69998,50.00
12380,66995,0.00
12381,63413,0.00
12382,77805,0.00
12383,68771,0.00
12384,88741,50.00
12385,98512,0.00
12386,88083,50.00
12387,92793,0.00
12388,121250,0.00
12389,185517,0.00
12390,60005,0.00
12391,73375,0.00
12392,61129,0.00
12393,72994,0.00
12394,90945,100.00
12395,86236,0.00
12396,66326,50.00
12397,88184,0.00
12398,92044,0.00
12399,89726,100.00
12400,96359,50.00
12401,60762,0.00
12402,512555,0.00
12403,61856,0.00
12404,3501724,0.00
12405,896781,0.00
12406,83079,0.00
12407,64699,50.00
12408,62261,0.00
12409,67379,0.00
12410,93893,0.00
12411,71874,50.00
12412,75481,0.00
12413,66090,0.00
12414,94790,100.00
12415,90550,0.00
12416,57258,0.00
12417,139222,50.00
12418,64492,0.00
12419,60662,0.00
12420,68895,0.00
12421,91017,0.00
12422,88806,50.00
12423,72901,0.00
12424,88793,50.00
12425,73867,0.00
12426,64966,0.00
12427,69179,0.00
12428,59258,0.00
12429,77339,50.00
12430,111580,50.00
12431,91242,0.00
12432,86479,0.00
12433,86923,50.00
12434,83662,0.00
12435,79045,100.00
12436,85698,0.00
12437,63753,0.00
12438,73256,0.00
12439,19769,0.00
12440,17610,0.00
12441,17346,0.00
12442,25527,0.00
12443,73812,100.00
12444,17807,0.00
12445,18876,0.00
12446,73375,100.00
12447,84589,0.00
12448,79718,100.00
12449,81985,100.00
12450,86804,0.00
12451,67738,100.00
12452,79480,100.00
12453,77522,0.00
12454,68243,0.00
12455,48761,100.00
12456,27720,0.00
12457,27537,100.00
12458,65686,100.00
12459,94545,100.00
12460,58653,0.00
12461,59029,0.00
12462,644164,0.00
12463,186908,0.00
12464,65532,0.00
12465,19430,0.00
12466,63771,0.00
12467,65122,0.00
12468,63072,0.00
12469,173640,0.00
12470,59220,0.00
12471,70366,0.00
12472,61728,0.00
12473,96308,50.00
12474,68752,0.00
12475,61805,0.00
12476,96484,0.00
12477,92319,50.00
12478,196202,0.00
12479,68898,0.00
12480,58515,0.00
12481,63121,0.00
12482,63110,0.00
12483,70325,0.00
12484,274462,50.00
12485,62237,0.00
12486,67707,0.00
12487,285088,0.00
12488,350531,0.00
12489,98985,0.00
12490,59861,0.00
12491,69961,0.00
12492,61592,0.00
12493,508231,0.00
12494,90533,100.00
12495,83802,50.00
12496,60903,0.00
12497,522664,0.00
12498,65839,0.00
12499,91480,0.00
12500,205749,0.00
12501,68083,0.00
12502,419821,0.00
12503,147346,0.00
12504,71533,0.00
12505,151794,50.00
12506,904508,0.00
12507,62105,0.00
12508,69511,0.00
12509,501227,50.00
12510,195090,0.00
12511,71681,0.00
12512,90112,50.00
12513,74915,0.00
12514,66562,0.00
12515,120990,0.00
12516,65610,0.00
12517,63481,0.00
12518,71774,0.00
12519,420266,50.00
12520,67736,0.00
12521,73366,0.00
12522,70965,50.00
12523,65754,0.00
12524,445959,0.00
12525,268710,0.00
12526,105953,50.00
12527,126175,0.00
12528,92726,100.00
12529,119891,0.00
12530,84442,0.00
12531,69178,50.00
12532,62587,0.00
12533,116727,0.00
12534,66300,0.00
12535,60236,0.00
12536,61306,0.00
12537,91924,0.00
12538,106455,100.00
12539,62593,0.00
12540,363536,50.00
12541,200428,0.00
12542,94043,0.00
12543,96367,0.00
12544,95592,0.00
12545,69680,50.00
12546,70461,0.00
12547,104413,100.00
12548,102179,0.00
12549,73701,0.00
12550,84830,50.00
12551,95610,100.00
12552,86312,0.00
12553,79762,0.00
12554,71960,0.00
12555,136945,50.00
12556,88367,0.00
12557,98203,50.00
12558,92651,0.00
12559,56754,0.00
12560,85194,0.00
12561,60620,0.00
12562,69537,0.00
12563,85519,50.00
12564,82889,0.00
12565,60989,0.00
12566,57774,0.00
12567,99530,0.00
12568,212591,0.00
12569,184275,0.00
12570,84698,100.00
12571,84608,0.00
12572,97924,50.00
12573,64419,50.00
12574,66087,0.00
12575,87512,0.00
12576,65843,0.00
12577,707858,0.00
12578,60385,0.00
12579,135775,100.00
12580,87484,0.00
12581,97082,0.00
12582,84384,50.00
12583,135168,0.00
12584,91412,0.00
12585,86538,50.00
12586,84120,0.00
12587,84557,0.00
12588,81183,100.00
12589,92086,0.00
12590,67534,66.67
12591,41362,0.00
12592,33618,100.00
12593,37474,0.00
12594,34063,0.00
12595,59266,50.00
12596,66488,100.00
12597,57916,0.00
12598,75088,50.00
12599,76048,50.00
12600,91487,0.00
12601,92298,0.00
12602,84107,0.00
12603,83777,50.00
12604,86796,0.00
12605,64950,0.00
12606,130006,0.00
12607,57974,0.00
12608,74419,66.67
12609,82259,0.00
12610,67544,100.00
12611,66283,50.00
12612,66935,0.00
12613,64878,0.00
12614,31232,100.00
12615,59372,0.00
12616,50957,0.00
12617,33385,100.00
12618,59720,100.00
12619,33889,0.00
12620,31748,0.00
12621,68425,50.00
12622,84157,0.00
12623,74969,50.00
12624,79062,100.00
12625,92139,0.00
12626,78044,0.00
12627,76736,50.00
12628,74045,0.00
12629,72939,0.00
12630,81863,50.00
12631,89815,0.00
12632,83713,50.00
12633,89618,0.00
12634,78321,100.00
12635,86617,0.00
12636,78449,50.00
12637,84190,0.00
12638,82660,0.00
12639,83151,0.00
12640,79907,50.00
12641,79962,0.00
12642,73973,50.00
12643,65310,0.00
12644,29378,0.00
12645,33899,50.00
12646,31750,0.00
12647,36597,50.00
12648,65819,100.00
12649,38663,0.00
12650,32518,0.00
12651,27711,100.00
12652,33073,0.00
12653,29797,0.00
12654,34649,100.00
12655,75259,0.00
12656,77466,50.00
12657,79068,0.00
12658,76203,50.00
12659,81318,0.00
12660,74741,0.00
12661,82960,50.00
12662,82302,0.00
12663,77227,50.00
12664,71089,0.00
12665,81156,0.00
12666,69975,50.00
12667,70457,50.00
12668,73987,0.00
12669,74936,100.00
12670,83963,0.00
12671,80048,0.00
12672,84500,50.00
12673,76415,0.00
12674,75029,50.00
12675,70850,0.00
12676,75387,0.00
12677,75426,50.00
12678,77056,0.00
12679,77390,50.00
12680,77440,0.00
12681,85902,0.00
12682,80625,50.00
12683,80556,0.00
12684,83210,50.00
12685,83268,0.00
12686,65236,0.00
12687,62068,0.00
12688,92421,50.00
12689,90562,0.00
12690,80457,50.00
12691,82950,0.00
12692,88265,0.00
12693,98746,50.00
12694,34345,0.00
12695,38889,50.00
12696,66011,100.00
12697,73835,50.00
12698,71797,100.00
12699,30142,0.00
12700,55614,0.00
12701,26014,0.00
12702,25497,50.00
12703,37147,0.00
12704,78389,0.00
12705,81284,50.00
12706,96747,0.00
12707,73981,50.00
12708,79844,50.00
12709,61186,0.00
12710,70263,0.00
12711,90522,0.00
12712,86145,0.00
12713,85442,50.00
12714,78740,0.00
12715,80506,100.00
12716,107012,50.00
12717,80726,0.00
12718,89837,0.00
12719,84163,0.00
12720,82430,100.00
12721,67819,0.00
12722,32344,0.00
12723,29896,0.00
12724,25939,50.00
12725,23179,0.00
12726,26264,100.00
12727,30526,0.00
12728,75638,100.00
12729,29948,0.00
12730,30410,0.00
12731,34085,100.00
12732,68844,0.00
12733,77233,0.00
12734,90701,50.00
12735,78787,0.00
12736,82069,50.00
12737,81868,50.00
12738,82112,0.00
12739,87169,0.00
12740,83589,100.00
12741,61284,0.00
12742,74906,0.00
12743,76048,50.00
12744,78060,0.00
12745,72835,0.00
12746,57249,0.00
12747,80075,0.00
12748,77226,50.00
12749,77689,0.00
12750,85131,50.00
12751,81292,0.00
12752,78095,0.00
12753,80694,50.00
12754,82555,0.00
12755,79784,50.00
12756,78644,0.00
12757,87893,0.00
12758,86162,100.00
12759,77284,0.00
12760,78240,50.00
12761,78757,0.00
12762,40337,0.00
12763,73087,100.00
12764,56390,0.00
12765,34292,0.00
12766,29996,0.00
12767,29027,100.00
12768,33461,0.00
12769,50273,50.00
12770,38614,0.00
12771,23473,50.00
12772,70403,100.00
12773,73923,0.00
12774,81654,50.00
12775,78030,0.00
12776,80921,0.00
12777,75871,100.00
12778,73495,0.00
12779,73573,0.00
12780,78123,50.00
12781,72312,0.00
12782,75842,0.00
12783,69845,0.00
12784,66027,50.00
12785,80696,50.00
12786,66600,0.00
12787,61869,50.00
12788,80989,0.00
12789,71338,50.00
12790,68246,0.00
12791,69338,0.00
12792,62757,50.00
12793,61710,0.00
12794,56059,0.00
12795,64731,50.00
12796,51778,0.00
12797,57820,0.00
12798,59350,50.00
12799,54882,0.00
12800,68655,100.00
12801,58905,0.00
12802,52192,0.00
12803,64672,66.67
12804,39095,0.00
12805,27621,0.00
12806,25804,50.00
12807,25594,0.00
12808,21827,50.00
12809,28937,0.00
12810,36680,0.00
12811,41514,50.00
12812,28643,100.00
12813,54579,0.00
12814,74298,50.00
12815,83311,0.00
12816,79361,50.00
12817,106657,0.00
12818,84270,50.00
12819,153955,0.00
12820,87418,0.00
12821,88721,50.00
12822,95837,0.00
12823,83499,50.00
12824,82423,0.00
12825,84497,0.00
12826,100219,50.00
12827,86020,0.00
12828,75611,50.00
12829,85962,0.00
12830,60509,0.00
12831,60067,100.00
12832,27074,50.00
12833,36328,0.00
12834,33224,0.00
12835,57528,50.00
12836,57504,0.00
12837,27363,50.00
12838,26603,0.00
12839,25925,100.00
12840,29466,0.00
12841,29416,100.00
12842,61485,0.00
12843,76392,50.00
12844,61972,0.00
12845,67431,0.00
12846,90479,50.00
12847,78620,0.00
12848,76765,0.00
12849,77522,50.00
12850,77631,100.00
12851,103283,0.00
12852,86248,0.00
12853,90944,50.00
12854,110311,0.00
12855,76565,0.00
12856,86179,50.00
12857,85119,0.00
12858,77366,50.00
12859,83000,0.00
12860,73358,50.00
12861,86354,0.00
12862,77601,50.00
12863,76174,0.00
12864,76613,0.00
12865,86629,0.00
12866,74653,50.00
12867,77079,0.00
12868,76086,0.00
12869,78839,50.00
12870,84232,0.00
12871,80141,50.00
12872,80746,0.00
12873,95566,0.00
12874,86570,50.00
12875,87594,0.00
12876,81272,50.00
12877,79961,0.00
12878,81705,0.00
12879,73387,50.00
12880,74440,50.00
12881,74895,0.00
12882,77561,100.00
12883,82678,0.00
12884,40855,0.00
12885,35587,0.00
12886,38353,100.00
12887,52549,50.00
12888,55199,0.00
12889,26423,50.00
12890,28541,100.00
12891,22918,0.00
12892,22567,0.00
12893,24759,100.00
12894,67841,0.00
12895,71864,50.00
12896,76532,0.00
12897,72509,100.00
12898,77880,0.00
12899,67394,0.00
12900,69956,50.00
12901,75807,0.00
12902,73912,100.00
12903,73413,0.00
12904,77325,0.00
12905,79623,50.00
12906,72257,0.00
12907,76795,0.00
12908,79838,66.67
12909,69536,0.00
12910,31867,0.00
12911,59560,0.00
12912,27585,100.00
12913,26042,0.00
12914,28364,100.00
12915,30064,0.00
12916,67628,0.00
12917,38012,100.00
12918,34518,0.00
12919,28078,100.00
12920,65738,0.00
12921,66295,0.00
12922,73783,50.00
12923,73318,50.00
12924,80974,0.00
12925,76598,0.00
12926,77458,100.00
12927,98264,0.00
12928,80132,50.00
12929,83947,0.00
12930,107501,0.00
12931,82677,100.00
12932,82757,0.00
12933,77790,50.00
12934,109432,0.00
12935,87073,0.00
12936,88404,0.00
12937,86334,50.00
12938,81345,0.00
12939,94606,50.00
12940,89109,0.00
12941,81940,0.00
12942,75402,50.00
12943,78114,0.00
12944,65223,0.00
12945,66497,100.00
12946,88703,50.00
12947,78498,0.00
12948,82982,0.00
12949,77961,100.00
12950,130575,0.00
12951,65912,0.00
12952,56402,50.00
12953,34894,100.00
12954,30459,100.00
12955,27988,0.00
12956,35076,0.00
12957,29687,50.00
12958,69206,100.00
12959,25140,0.00
12960,83926,0.00
12961,79732,50.00
12962,75934,0.00
12963,71244,0.00
12964,63897,0.00
12965,68156,50.00
12966,63611,0.00
12967,60251,0.00
12968,57399,100.00
12969,43283,0.00
12970,64240,0.00
12971,69317,50.00
12972,57464,0.00
12973,66696,100.00
12974,74804,0.00
12975,65582,50.00
12976,74787,50.00
12977,79216,0.00
12978,78091,0.00
12979,83652,50.00
12980,71404,0.00
12981,68531,50.00
12982,73475,0.00
12983,81988,0.00
12984,80533,0.00
12985,79383,50.00
12986,75125,0.00
12987,71389,100.00
12988,75238,50.00
12989,80696,0.00
12990,37688,0.00
12991,37927,0.00
12992,65870,100.00
12993,29794,100.00
12994,27414,0.00
12995,23998,0.00
12996,22008,50.00
12997,20708,0.00
12998,28827,100.00
12999,55822,0.00
13000,84141,100.00
13001,72541,50.00
13002,67018,0.00
13003,75413,50.00
13004,73815,0.00
13005,72118,50.00
13006,97438,0.00
13007,71228,50.00
13008,69669,0.00
13009,80372,0.00
13010,71228,50.00
13011,75596,0.00
13012,69159,0.00
13013,72585,100.00
13014,75745,50.00
13015,73979,0.00
13016,79272,0.00
13017,74638,50.00
13018,53174,0.00
13019,34656,100.00
13020,30738,0.00
13021,26526,100.00
13022,31748,0.00
13023,60946,0.00
13024,56551,100.00
13025,54340,50.00
13026,64423,100.00
13027,60250,50.00
13028,65818,0.00
13029,73483,100.00
13030,73581,50.00
13031,81026,100.00
13032,88777,0.00
13033,76079,0.00
13034,76090,0.00
13035,70649,50.00
13036,78146,0.00
13037,88629,50.00
13038,74474,0.00
13039,78806,0.00
13040,76967,50.00
13041,76136,0.00
13042,60773,0.00
13043,76177,50.00
13044,83613,50.00
13045,56676,0.00
13046,84802,0.00
13047,92248,0.00
13048,84340,50.00
13049,82505,0.00
13050,86091,100.00
13051,79892,0.00
13052,119748,0.00
13053,89827,50.00
13054,77180,0.00
13055,77095,100.00
13056,80496,0.00
13057,81583,0.00
13058,89561,0.00
13059,75186,100.00
13060,86236,0.00
13061,68856,0.00
13062,74795,50.00
13063,77773,0.00
13064,80882,100.00
13065,39437,0.00
13066,38591,0.00
13067,32651,100.00
13068,33302,0.00
13069,51421,100.00
13070,61736,0.00
13071,28787,100.00
13072,59535,0.00
13073,80557,100.00
13074,79654,0.00
13075,76301,0.00
13076,95529,50.00
13077,86832,0.00
13078,77178,100.00
13079,80128,0.00
13080,89301,0.00
13081,76067,50.00
13082,74219,100.00
13083,70917,0.00
13084,73596,0.00
13085,67866,0.00
13086,70762,50.00
13087,75691,0.00
13088,72513,50.00
13089,68078,0.00
13090,67496,0.00
13091,76350,50.00
13092,80983,0.00
13093,80350,50.00
13094,75713,0.00
13095,74900,0.00
13096,74938,50.00
13097,68912,0.00
13098,55754,0.00
13099,75833,50.00
13100,86842,0.00
13101,78061,100.00
13102,95520,50.00
13103,82042,0.00
13104,84314,0.00
13105,89421,100.00
13106,73048,50.00
13107,28542,0.00
13108,30734,0.00
13109,25966,0.00
13110,23203,100.00
13111,29502,0.00
13112,34224,100.00
13113,69588,100.00
13114,62514,0.00
13115,34459,100.00
13116,28969,0.00
13117,31730,100.00
13118,21007,0.00
13119,28530,100.00
13120,29204,0.00
13121,29543,100.00
13122,57317,0.00
13123,59621,0.00
13124,27323,100.00
13125,27449,0.00
13126,27572,100.00
13127,33073,0.00
13128,37894,0.00
13129,57677,50.00
13130,76155,100.00
13131,78121,50.00
13132,75583,0.00
13133,75105,0.00
13134,77192,0.00
13135,75096,50.00
13136,82688,0.00
13137,77080,50.00
13138,84431,0.00
13139,75326,0.00
13140,73927,0.00
13141,75167,50.00
13142,77257,50.00
13143,87004,0.00
13144,77483,0.00
13145,73725,50.00
13146,81889,0.00
13147,76709,50.00
13148,66903,0.00
13149,76598,0.00
13150,77122,50.00
13151,76443,0.00
13152,82804,50.00
13153,83516,0.00
13154,82167,50.00
13155,78783,0.00
13156,76617,0.00
13157,77021,0.00
13158,79684,100.00
13159,76659,0.00
13160,86512,50.00
13161,93533,50.00
13162,80671,0.00
13163,73392,0.00
13164,80590,50.00
13165,79378,0.00
13166,82305,50.00
13167,91719,0.00
13168,83222,0.00
13169,70908,0.00
13170,74377,50.00
13171,83637,0.00
13172,80034,100.00
13173,79575,0.00
13174,79115,0.00
13175,78897,50.00
13176,76604,0.00
13177,77843,0.00
13178,78473,50.00
13179,81374,50.00
13180,78558,0.00
13181,81899,0.00
13182,85567,50.00
13183,84096,0.00
13184,94950,50.00
13185,60516,0.00
13186,61139,0.00
13187,159767,0.00
13188,81355,50.00
13189,71927,0.00
13190,39104,0.00
13191,33209,50.00
13192,61963,0.00
13193,38971,0.00
13194,29875,50.00
13195,21322,0.00
13196,22573,50.00
13197,22353,0.00
13198,25285,0.00
13199,37178,50.00
13200,64307,100.00
13201,19143,0.00
13202,23843,0.00
13203,21184,100.00
13204,22920,0.00
13205,35860,50.00
13206,37040,100.00
13207,34071,0.00
13208,61957,100.00
13209,27523,0.00
13210,26793,50.00
13211,23590,0.00
13212,72772,50.00
13213,84371,100.00
13214,60690,0.00
13215,93283,0.00
13216,224516,0.00
13217,85806,50.00
13218,80398,0.00
13219,68369,50.00
13220,77024,0.00
13221,80545,0.00
13222,86498,50.00
13223,78056,0.00
13224,61574,50.00
13225,93232,50.00
13226,78224,0.00
13227,85794,0.00
13228,75641,50.00
13229,85650,0.00
13230,84273,50.00
13231,116650,0.00
13232,74077,0.00
13233,79218,50.00
13234,84819,0.00
13235,81301,50.00
13236,80508,0.00
13237,83919,0.00
13238,80793,50.00
13239,83982,0.00
13240,83604,50.00
13241,77313,0.00
13242,85670,0.00
13243,76056,50.00
13244,78766,0.00
13245,74557,0.00
13246,77898,0.00
13247,99648,50.00
13248,83548,0.00
13249,81735,0.00
13250,84222,50.00
13251,84463,0.00
13252,83929,50.00
13253,88572,0.00
13254,84169,0.00
13255,83680,50.00
13256,82676,100.00
13257,64026,0.00
13258,80090,50.00
13259,97236,0.00
13260,60539,0.00
13261,85966,0.00
13262,87036,50.00
13263,79902,0.00
13264,76998,50.00
13265,79184,0.00
13266,79784,0.00
13267,40068,0.00
13268,30923,50.00
13269,30365,0.00
13270,36451,50.00
13271,52701,0.00
13272,58761,100.00
13273,29385,0.00
13274,55288,0.00
13275,123908,66.67
13276,76126,0.00
13277,75678,0.00
13278,84146,100.00
13279,82399,0.00
13280,36338,0.00
13281,76573,50.00
13282,55785,0.00
13283,31056,50.00
13284,29314,100.00
13285,65222,0.00
13286,32827,0.00
13287,35035,0.00
13288,35388,100.00
13289,65660,50.00
13290,52741,0.00
13291,28401,0.00
13292,74827,100.00
13293,65387,0.00
13294,61089,50.00
13295,64717,0.00
13296,72159,100.00
13297,83307,0.00
13298,72308,0.00
13299,80426,50.00
13300,94488,0.00
13301,80227,100.00
13302,74117,50.00
13303,76373,0.00
13304,74902,0.00
13305,79626,0.00
13306,78644,100.00
13307,79584,0.00
13308,80882,50.00
13309,83471,0.00
13310,97713,0.00
13311,83960,0.00
13312,83795,50.00
13313,82938,0.00
13314,54278,0.00
13315,78598,100.00
13316,82068,0.00
13317,75122,0.00
13318,70000,0.00
13319,65842,100.00
13320,29406,50.00
13321,31877,0.00
13322,31670,100.00
13323,33712,0.00
13324,68621,100.00
13325,55816,0.00
13326,38317,100.00
13327,37877,0.00
13328,38549,0.00
13329,39304,100.00
13330,39847,50.00
13331,76382,100.00
13332,69875,0.00
13333,71667,50.00
13334,77451,0.00
13335,78163,0.00
13336,75654,50.00
13337,70854,0.00
13338,66834,0.00
13339,65151,100.00
13340,77246,0.00
13341,74914,0.00
13342,76109,50.00
13343,75408,0.00
13344,67682,0.00
13345,70754,50.00
13346,61112,0.00
13347,74351,50.00
13348,64862,0.00
13349,69913,0.00
13350,69554,50.00
13351,68664,0.00
13352,74742,50.00
13353,71047,0.00
13354,86610,0.00
13355,75797,50.00
13356,85541,0.00
13357,82505,50.00
13358,90128,0.00
13359,72510,0.00
13360,78387,0.00
13361,81171,50.00
13362,82001,0.00
13363,92885,100.00
13364,84173,0.00
13365,79472,0.00
13366,63670,0.00
13367,51216,66.67
13368,41191,0.00
13369,59174,50.00
13370,67924,100.00
13371,29170,100.00
13372,58644,0.00
13373,30607,0.00
13374,29481,100.00
13375,32435,0.00
13376,52082,50.00
13377,88497,100.00
13378,82747,0.00
13379,85407,50.00
13380,77028,0.00
13381,86605,0.00
13382,87033,50.00
13383,86272,0.00
13384,62278,0.00
13385,85555,50.00
13386,62328,0.00
13387,104277,0.00
13388,80219,0.00
13389,83348,0.00
13390,107095,100.00
13391,95853,0.00
13392,94953,50.00
13393,83314,0.00
13394,77614,0.00
13395,77840,100.00
13396,83494,0.00
13397,86174,50.00
13398,86063,0.00
13399,74872,0.00
13400,78161,0.00
13401,83060,50.00
13402,79043,50.00
13403,30522,0.00
13404,31298,100.00
13405,36390,0.00
13406,28966,100.00
13407,30124,0.00
13408,30101,100.00
13409,64148,0.00
13410,27693,0.00
13411,31475,100.00
13412,28501,0.00
13413,58400,100.00
13414,79511,50.00
13415,67870,0.00
13416,72635,0.00
13417,77864,50.00
13418,92786,0.00
13419,83989,50.00
13420,81748,0.00
13421,96924,0.00
13422,80932,50.00
13423,73940,0.00
13424,74787,50.00
13425,84536,0.00
13426,55733,0.00
13427,88839,50.00
13428,90993,0.00
13429,78332,0.00
13430,89051,100.00
13431,79048,0.00
13432,74311,0.00
13433,72396,50.00
13434,83458,100.00
13435,68214,0.00
13436,59687,0.00
13437,34560,50.00
13438,35014,0.00
13439,26714,100.00
13440,35872,0.00
13441,32312,0.00
13442,53552,50.00
13443,41263,100.00
13444,33225,0.00
13445,58399,0.00
13446,84966,66.67
13447,87162,0.00
13448,77778,50.00
13449,96954,0.00
13450,76928,0.00
13451,61682,0.00
13452,83150,50.00
13453,83604,0.00
13454,134865,100.00
13455,79947,0.00
13456,77096,0.00
13457,77340,50.00
13458,79759,0.00
13459,77239,100.00
13460,79010,0.00
13461,80071,0.00
13462,94049,50.00
13463,83360,0.00
13464,90740,100.00
13465,76069,0.00
13466,74254,0.00
13467,97492,50.00
13468,77043,0.00
13469,76066,50.00
13470,70738,0.00
13471,72474,0.00
13472,75628,0.00
13473,77467,100.00
13474,76113,0.00
13475,83518,50.00
13476,82568,50.00
13477,86876,0.00
13478,95130,0.00
13479,61455,0.00
13480,57242,100.00
13481,66021,100.00
13482,40302,0.00
13483,53937,0.00
13484,30102,50.00
13485,31693,100.00
13486,28885,0.00
13487,36485,50.00
13488,74401,0.00
13489,64289,0.00
13490,49137,100.00
13491,60136,50.00
13492,76087,100.00
13493,74648,50.00
13494,91732,0.00
13495,77308,0.00
13496,79192,100.00
13497,79471,0.00
13498,92431,50.00
13499,78897,0.00
13500,80694,0.00
13501,54375,0.00
13502,34577,100.00
13503,56333,50.00
13504,36093,0.00
13505,53836,100.00
13506,59238,0.00
13507,62730,100.00
13508,40854,0.00
13509,32366,50.00
13510,34873,0.00
13511,34670,0.00
13512,35355,100.00
13513,77225,0.00
13514,73079,50.00
13515,77682,0.00
13516,76802,100.00
13517,77058,0.00
13518,77317,0.00
13519,70843,50.00
13520,50571,0.00
13521,78157,0.00
13522,90906,50.00
13523,78513,0.00
13524,78164,0.00
13525,76379,50.00
13526,88863,0.00
13527,87964,50.00
13528,84260,0.00
13529,84983,0.00
13530,116845,0.00
13531,74705,50.00
13532,70012,0.00
13533,68033,50.00
13534,70915,0.00
13535,76657,0.00
13536,65343,0.00
13537,70960,50.00
13538,72409,0.00
13539,73421,50.00
13540,65092,0.00
13541,62771,0.00
13542,63402,50.00
13543,75370,50.00
13544,74157,0.00
13545,74503,50.00
13546,73936,0.00
13547,83862,50.00
13548,89008,0.00
13549,95491,100.00
13550,84180,0.00
13551,81274,0.00
13552,85114,50.00
13553,84571,0.00
13554,89706,100.00
13555,81746,0.00
13556,90949,0.00
13557,87542,50.00
13558,77147,0.00
13559,98458,50.00
13560,84834,0.00
13561,89780,0.00
13562,92090,50.00
13563,37444,0.00
13564,36478,0.00
13565,52789,50.00
13566,53606,100.00
13567,51527,0.00
13568,29281,100.00
13569,27269,100.00
13570,23207,0.00
13571,23791,100.00
13572,27801,0.00
13573,65193,0.00
13574,74602,50.00
13575,88514,0.00
13576,61085,0.00
13577,81841,100.00
13578,90247,0.00
13579,83964,0.00
13580,77581,66.67
13581,70585,0.00
13582,27560,0.00
13583,31097,0.00
13584,38555,100.00
13585,27221,50.00
13586,26330,0.00
13587,33075,0.00
13588,61937,50.00
13589,40072,0.00
13590,52429,100.00
13591,29912,50.00
13592,60244,100.00
13593,52234,0.00
13594,59154,50.00
13595,57778,0.00
13596,60818,0.00
13597,63616,0.00
13598,68294,50.00
13599,75361,50.00
13600,78749,0.00
13601,82350,0.00
13602,92550,100.00
13603,81372,0.00
13604,86011,50.00
13605,70386,50.00
13606,69346,0.00
13607,68345,0.00
13608,84009,0.00
13609,86264,0.00
13610,81732,50.00
13611,78145,100.00
13612,84876,0.00
13613,78167,50.00
13614,84572,0.00
13615,81033,0.00
13616,85769,100.00
13617,90464,0.00
13618,85869,50.00
13619,65190,0.00
13620,84527,0.00
13621,121153,0.00
13622,97880,0.00
13623,79331,50.00
13624,83219,0.00
13625,86651,100.00
13626,59653,0.00
13627,84062,0.00
13628,60005,50.00
13629,61306,0.00
13630,84820,100.00
13631,77898,0.00
13632,80853,0.00
13633,74991,100.00
13634,36097,0.00
13635,31414,0.00
13636,26743,100.00
13637,28679,0.00
13638,31658,0.00
13639,36033,100.00
13640,36862,50.00
13641,29017,0.00
13642,33926,0.00
13643,64562,0.00
13644,64256,0.00
13645,56839,100.00
13646,64501,0.00
13647,119397,50.00
13648,72958,0.00
13649,70718,100.00
13650,84224,0.00
13651,65938,0.00
13652,67665,50.00
13653,74251,50.00
13654,75682,0.00
13655,84939,0.00
13656,81549,50.00
13657,77060,0.00
13658,91758,50.00
13659,77466,0.00
13660,80396,50.00
13661,56685,0.00
13662,31733,0.00
13663,70789,100.00
13664,29183,0.00
13665,29206,100.00
13666,25922,0.00
13667,23273,0.00
13668,24428,100.00
13669,31016,0.00
13670,37331,100.00
13671,38282,0.00
13672,30166,50.00
13673,64973,50.00
13674,69400,0.00
13675,70189,100.00
13676,66326,0.00
13677,66176,0.00
13678,78729,0.00
13679,79284,50.00
13680,86921,50.00
13681,87424,0.00
13682,85353,0.00
13683,75290,100.00
13684,74138,0.00
13685,73603,0.00
13686,55857,0.00
13687,85600,50.00
13688,79420,0.00
13689,79859,0.00
13690,83714,50.00
13691,86482,50.00
13692,76971,0.00
13693,95272,50.00
13694,94160,0.00
13695,77422,0.00
13696,82177,0.00
13697,30466,0.00
13698,32603,100.00
13699,29680,100.00
13700,31915,50.00
13701,54729,0.00
13702,80069,0.00
13703,37603,100.00
13704,29130,0.00
13705,54425,50.00
13706,72717,0.00
13707,76762,66.67
13708,75812,0.00
13709,86261,50.00
13710,80842,0.00
13711,78993,0.00
13712,85766,50.00
13713,83734,0.00
13714,86990,0.00
13715,83050,100.00
13716,78516,0.00
13717,70679,0.00
13718,49593,50.00
13719,83964,100.00
13720,87506,0.00
13721,83749,0.00
13722,161553,50.00
13723,82346,0.00
13724,76445,0.00
13725,75751,50.00
13726,78512,0.00
13727,80087,50.00
13728,77817,0.00
13729,94376,0.00
13730,92738,33.33
13731,70680,0.00
13732,73876,0.00
13733,75281,100.00
13734,80025,50.00
13735,88711,0.00
13736,83401,0.00
13737,79008,50.00
13738,81169,0.00
13739,82604,50.00
13740,61070,0.00
13741,43361,0.00
13742,31895,100.00
13743,36131,0.00
13744,54414,0.00
13745,53266,50.00
13746,33502,100.00
13747,74597,50.00
13748,80402,100.00
13749,79255,0.00
13750,94970,0.00
13751,84212,0.00
13752,82988,50.00
13753,85826,0.00
13754,79306,0.00
13755,81121,50.00
13756,87526,0.00
13757,82056,0.00
13758,79585,100.00
13759,76036,0.00
13760,76642,50.00
13761,82215,0.00
13762,100990,0.00
13763,85152,50.00
13764,83601,0.00
13765,81932,50.00
13766,131901,50.00
13767,77972,0.00
13768,80726,0.00
13769,77070,0.00
13770,73510,50.00
13771,72251,0.00
13772,71964,100.00
13773,85085,0.00
13774,84579,0.00
13775,79019,50.00
13776,86954,0.00
13777,83961,50.00
13778,81979,0.00
13779,77999,0.00
13780,79192,50.00
13781,86405,0.00
13782,84095,50.00
13783,82672,50.00
13784,74553,0.00
13785,36548,0.00
13786,36346,100.00
13787,29811,0.00
13788,35047,100.00
13789,24294,0.00
13790,25781,100.00
13791,26502,100.00
13792,46265,100.00
13793,44110,100.00
13794,45629,0.00
13795,41551,100.00
13796,28752,100.00
13797,25437,100.00
13798,30359,50.00
13799,32822,0.00
13800,31483,100.00
13801,29830,0.00
13802,36749,0.00
13803,67610,50.00
13804,66020,0.00
13805,65753,50.00
13806,68056,0.00
13807,76327,50.00
13808,74684,0.00
13809,68149,0.00
13810,73118,50.00
13811,76697,0.00
13812,54445,0.00
13813,91503,50.00
13814,76647,50.00
13815,72408,0.00
13816,73767,0.00
13817,70222,50.00
13818,68577,0.00
13819,68593,0.00
13820,71679,50.00
13821,72360,0.00
13822,99714,50.00
13823,76447,0.00
13824,75205,0.00
13825,89966,0.00
13826,76028,50.00
13827,78403,0.00
13828,84884,50.00
13829,81125,0.00
13830,77783,0.00
13831,71328,50.00
13832,76800,0.00
13833,68141,0.00
13834,79122,50.00
13835,78672,0.00
13836,80805,50.00
13837,76255,0.00
13838,85874,0.00
13839,70690,100.00
13840,74486,0.00
13841,65580,50.00
13842,66205,0.00
13843,65995,0.00
13844,64932,100.00
13845,71876,50.00
13846,62822,0.00
13847,58622,50.00
13848,53032,0.00
13849,66452,0.00
13850,65980,0.00
13851,62670,50.00
13852,66068,0.00
13853,61381,50.00
13854,67723,0.00
13855,58929,0.00
13856,67054,0.00
13857,59738,50.00
13858,60478,0.00
13859,74939,66.67
13860,63925,0.00
13861,65735,0.00
13862,80761,0.00
13863,70307,100.00
13864,76577,50.00
13865,81718,0.00
13866,77242,50.00
13867,80730,0.00
13868,76608,0.00
13869,73783,50.00
13870,96824,0.00
13871,78994,50.00
13872,76181,0.00
13873,71545,0.00
13874,78703,50.00
13875,67084,0.00
13876,68802,0.00
13877,68245,100.00
13878,60339,0.00
13879,59998,0.00
13880,66166,50.00
13881,57350,0.00
13882,38383,0.00
13883,31197,100.00
13884,54486,0.00
13885,39213,100.00
13886,25599,0.00
13887,30679,100.00
13888,23455,100.00
13889,18739,100.00
13890,18605,100.00
13891,20819,0.00
13892,23573,100.00
13893,23136,100.00
13894,35241,100.00
13895,31174,100.00
13896,27210,0.00
13897,32415,100.00
13898,23860,50.00
13899,24433,0.00
13900,28054,0.00
13901,80928,66.67
13902,77180,0.00
13903,78136,0.00
13904,78160,0.00
13905,83589,100.00
13906,74596,50.00
13907,86132,0.00
13908,76451,50.00
13909,70491,0.00
13910,75989,0.00
13911,77671,0.00
13912,77873,50.00
13913,71943,0.00
13914,73195,100.00
13915,75283,0.00
13916,66055,0.00
13917,61298,0.00
13918,58509,50.00
13919,65243,100.00
13920,59494,0.00
13921,36295,0.00
13922,34900,0.00
13923,31132,0.00
13924,72502,100.00
13925,65670,0.00
13926,71385,50.00
13927,67563,0.00
13928,70915,0.00
13929,71588,100.00
13930,134671,50.00
13931,80673,0.00
13932,77916,0.00
13933,80209,100.00
13934,105442,0.00
13935,82330,0.00
13936,78767,50.00
13937,73755,50.00
13938,84739,0.00
13939,76947,50.00
13940,77997,0.00
13941,73969,0.00
13942,79273,0.00
13943,82087,100.00
13944,79171,0.00
13945,89707,50.00
13946,68848,0.00
13947,61813,0.00
13948,68858,0.00
13949,75166,50.00
13950,147523,50.00
13951,68613,0.00
13952,66202,0.00
13953,70579,50.00
13954,62266,0.00
13955,63031,0.00
13956,44768,50.00
13957,66935,0.00
13958,65194,0.00
13959,35666,0.00
13960,36151,0.00
13961,66960,100.00
13962,73963,0.00
13963,70509,0.00
13964,61355,50.00
13965,57617,0.00
13966,58829,0.00
13967,72703,50.00
13968,67095,0.00
13969,72507,50.00
13970,70190,0.00
13971,77609,100.00
13972,74944,0.00
13973,64968,0.00
13974,71401,0.00
13975,60727,50.00
13976,77316,0.00
13977,72049,50.00
13978,70286,0.00
13979,66882,0.00
13980,70109,100.00
13981,69438,0.00
13982,66994,50.00
13983,30716,0.00
13984,30023,50.00
13985,36566,0.00
13986,29428,50.00
13987,61534,0.00
13988,40478,0.00
13989,37890,66.67
13990,37859,0.00
13991,39035,100.00
13992,22578,50.00
13993,23816,0.00
13994,19596,50.00
13995,23147,0.00
13996,25468,0.00
13997,25696,50.00
13998,35513,0.00
13999,33842,50.00
14000,49106,0.00
14001,58660,100.00
14002,56072,0.00
14003,61152,50.00
14004,62288,0.00
14005,68810,50.00
14006,65889,0.00
14007,69692,50.00
14008,68558,0.00
14009,63414,0.00
14010,62256,50.00
14011,76943,0.00
14012,78844,50.00
14013,69639,0.00
14014,83856,0.00
14015,54460,0.00
14016,74950,100.00
14017,85820,50.00
14018,65630,0.00
14019,58677,50.00
14020,66819,0.00
14021,67756,0.00
14022,74314,50.00
14023,71065,0.00
14024,70636,0.00
14025,70425,100.00
14026,71834,0.00
14027,74242,0.00
14028,79023,0.00
14029,71241,50.00
14030,66081,100.00
14031,38141,0.00
14032,33434,100.00
14033,31008,0.00
14034,29415,0.00
14035,31941,100.00
14036,64036,0.00
14037,31745,100.00
14038,32603,0.00
14039,28264,0.00
14040,30729,100.00
14041,32440,0.00
14042,51916,100.00
14043,69858,0.00
14044,67552,100.00
14045,55305,0.00
14046,56724,0.00
14047,70141,50.00
14048,56464,50.00
14049,61934,0.00
14050,56162,0.00
14051,63570,0.00
14052,66210,50.00
14053,62168,0.00
14054,62968,100.00
14055,56955,0.00
14056,68264,50.00
14057,58911,0.00
14058,58878,0.00
14059,69288,100.00
14060,74684,50.00
14061,69260,0.00
14062,81782,0.00
14063,82418,0.00
14064,78424,50.00
14065,70758,0.00
14066,70537,50.00
14067,76186,0.00
14068,78881,0.00
14069,76518,50.00
14070,36110,0.00
14071,51119,66.67
14072,56190,0.00
14073,36430,50.00
14074,27673,100.00
14075,28725,0.00
14076,21353,50.00
14077,25366,0.00
14078,25414,0.00
14079,29117,50.00
14080,59235,0.00
14081,68900,50.00
14082,70084,50.00
14083,73551,0.00
14084,78645,100.00
14085,76787,0.00
14086,85496,0.00
14087,69423,0.00
14088,67442,0.00
14089,68611,100.00
14090,66829,0.00
14091,62676,50.00
14092,67008,0.00
14093,58962,0.00
14094,54294,50.00
14095,61517,0.00
14096,54015,50.00
14097,63977,0.00
14098,34843,100.00
14099,35000,50.00
14100,33278,0.00
14101,75733,0.00
14102,61118,0.00
14103,64522,0.00
14104,54720,0.00
14105,57371,50.00
14106,35698,0.00
14107,71593,50.00
14108,68375,100.00
14109,190984,0.00
14110,83735,0.00
14111,77638,50.00
14112,84287,100.00
14113,80468,0.00
14114,32413,0.00
14115,37608,0.00
14116,30582,100.00
14117,29901,0.00
14118,28092,100.00
14119,32567,0.00
14120,60874,0.00
14121,36974,100.00
14122,33573,0.00
14123,27094,100.00
14124,25747,0.00
14125,32937,0.00
14126,77218,50.00
14127,74860,0.00
14128,76625,50.00
14129,72273,0.00
14130,523226,50.00
14131,80087,100.00
14132,74546,0.00
14133,73853,0.00
14134,64789,0.00
14135,69206,50.00
14136,69197,0.00
14137,72419,50.00
14138,74244,0.00
14139,68119,0.00
14140,65900,0.00
14141,72480,100.00
14142,70324,0.00
14143,70408,50.00
14144,74314,0.00
14145,85197,100.00
14146,72846,0.00
14147,77480,0.00
14148,69432,0.00
14149,52653,100.00
14150,35279,0.00
14151,30321,50.00
14152,34032,0.00
14153,38499,50.00
14154,52259,0.00
14155,29318,100.00
14156,34796,0.00
14157,53534,50.00
14158,57255,0.00
14159,63616,100.00
14160,68861,0.00
14161,71584,50.00
14162,79538,0.00
14163,67120,0.00
14164,77042,100.00
14165,66308,0.00
14166,69647,50.00
14167,75232,50.00
14168,74261,0.00
14169,71691,0.00
14170,75854,0.00
14171,88246,0.00
14172,76342,50.00
14173,81130,0.00
14174,76318,50.00
14175,78367,50.00
14176,76441,0.00
14177,63321,0.00
14178,61745,0.00
14179,63885,50.00
14180,70255,50.00
14181,72712,0.00
14182,72433,0.00
14183,69990,0.00
14184,66629,50.00
14185,78448,50.00
14186,85712,0.00
14187,72151,0.00
14188,70713,0.00
14189,76462,50.00
14190,87450,0.00
14191,72780,50.00
14192,75094,100.00
14193,102006,0.00
14194,78652,0.00
14195,76868,0.00
14196,86154,50.00
14197,68263,0.00
14198,147880,0.00
14199,39365,50.00
14200,42027,100.00
14201,15881,0.00
14202,24383,0.00
14203,21940,100.00
14204,23490,100.00
14205,25400,100.00
14206,24624,0.00
14207,44688,100.00
14208,41534,100.00
14209,36124,100.00
14210,27884,100.00
14211,33891,0.00
14212,25038,66.67
14213,33104,0.00
14214,34953,100.00
14215,58411,0.00
14216,81773,0.00
14217,70183,0.00
14218,57174,0.00
14219,58694,50.00
14220,70028,50.00
14221,78143,50.00
14222,64261,0.00
14223,63286,0.00
14224,55761,0.00
14225,62357,0.00
14226,71897,66.67
14227,67860,0.00
14228,73362,100.00
14229,81068,0.00
14230,88323,0.00
14231,84566,0.00
14232,76695,0.00
14233,73564,100.00
14234,74919,50.00
14235,77272,0.00
14236,81702,50.00
14237,78352,0.00
14238,85002,0.00
14239,74667,0.00
14240,81740,50.00
14241,67029,0.00
14242,64035,100.00
14243,66227,0.00
14244,63848,0.00
14245,66142,0.00
14246,56767,50.00
14247,54107,0.00
14248,60494,50.00
14249,52522,0.00
14250,70330,0.00
14251,75928,100.00
14252,68714,0.00
14253,70581,0.00
14254,65852,0.00
14255,58130,50.00
14256,76183,100.00
14257,65340,0.00
14258,61994,50.00
14259,55295,0.00
14260,61434,0.00
14261,57121,0.00
14262,56128,50.00
14263,38652,0.00
14264,60304,0.00
14265,58702,100.00
14266,60553,50.00
14267,56025,0.00
14268,58436,50.00
14269,55252,0.00
14270,34710,0.00
14271,36930,0.00
14272,63638,50.00
14273,69355,50.00
14274,64643,0.00
14275,65830,0.00
14276,127851,50.00
14277,72576,0.00
14278,76832,0.00
14279,51507,50.00
14280,143174,0.00
14281,75860,0.00
14282,70062,50.00
14283,66307,0.00
14284,68583,100.00
14285,63348,0.00
14286,125713,50.00
14287,64641,0.00
14288,71962,0.00
14289,56591,0.00
14290,60819,0.00
14291,67345,50.00
14292,66281,0.00
14293,72520,100.00
14294,48582,0.00
14295,40962,100.00
14296,56921,100.00
14297,44668,100.00
14298,35323,0.00
14299,29879,100.00
14300,25058,100.00
14301,22654,100.00
14302,21074,100.00
14303,19791,0.00
14304,22601,100.00
14305,23192,100.00
14306,35505,100.00
14307,34646,100.00
14308,51497,0.00
14309,25259,100.00
14310,28611,50.00
14311,28290,0.00
14312,34906,0.00
14313,57538,50.00
14314,54069,100.00
14315,70569,0.00
14316,62700,0.00
14317,40238,0.00
14318,89678,0.00
14319,73920,66.67
14320,71028,0.00
14321,67268,0.00
14322,69846,50.00
14323,67748,0.00
14324,70285,0.00
14325,76863,50.00
14326,70074,0.00
14327,72383,50.00
14328,68491,0.00
14329,71713,0.00
14330,65502,0.00
14331,64511,50.00
14332,59466,0.00
14333,56481,100.00
14334,57002,0.00
14335,34869,0.00
14336,64232,0.00
14337,68405,100.00
14338,74071,0.00
14339,64032,50.00
14340,61736,0.00
14341,64213,0.00
14342,54165,100.00
14343,61425,50.00
14344,55702,0.00
14345,56684,50.00
14346,60314,0.00
14347,73492,100.00
14348,73155,0.00
14349,53547,0.00
14350,53069,50.00
14351,55477,0.00
14352,76546,0.00
14353,71326,50.00
14354,76297,50.00
14355,68732,0.00
14356,64058,0.00
14357,67466,50.00
14358,89197,0.00
14359,61236,0.00
14360,68122,0.00
14361,64818,0.00
14362,76251,50.00
14363,75452,50.00
14364,77442,0.00
14365,74450,50.00
14366,79853,0.00
14367,63923,0.00
14368,61799,50.00
14369,74297,50.00
14370,75805,0.00
14371,72661,0.00
14372,68642,0.00
14373,65755,50.00
14374,72238,0.00
14375,70713,0.00
14376,73566,66.67
14377,72118,0.00
14378,75870,0.00
14379,71598,0.00
14380,72841,100.00
14381,75346,0.00
14382,80483,50.00
14383,86084,0.00
14384,65894,0.00
14385,69374,0.00
14386,75618,50.00
14387,71119,0.00
14388,129143,50.00
14389,67701,0.00
14390,82215,0.00
14391,74440,50.00
14392,77304,0.00
14393,56968,0.00
14394,37287,100.00
14395,30195,0.00
14396,53784,100.00
14397,27797,0.00
14398,41911,100.00
14399,34749,100.00
14400,37945,0.00
14401,52111,100.00
14402,27554,66.67
14403,27653,0.00
14404,27255,0.00
14405,22019,50.00
14406,24902,0.00
14407,27863,50.00
14408,51208,0.00
14409,33439,100.00
14410,162380,0.00
14411,71571,0.00
14412,72080,50.00
14413,63496,0.00
14414,71308,50.00
14415,81509,0.00
14416,69900,0.00
14417,81582,50.00
14418,69441,0.00
14419,71305,50.00
14420,64827,0.00
14421,70241,50.00
14422,78687,0.00
14423,70187,50.00
14424,73017,0.00
14425,71723,50.00
14426,66498,0.00
14427,67798,0.00
14428,77087,50.00
14429,72347,0.00
14430,103061,50.00
14431,85247,0.00
14432,76549,0.00
14433,92781,50.00
14434,94609,0.00
14435,88608,50.00
14436,82942,0.00
14437,80714,0.00
14438,74750,50.00
14439,78842,0.00
14440,97748,50.00
14441,73460,0.00
14442,70307,0.00
14443,83243,50.00
14444,69698,0.00
14445,68551,50.00
14446,60243,0.00
14447,65451,0.00
14448,61807,0.00
14449,56452,50.00
14450,63765,0.00
14451,71361,50.00
14452,71688,0.00
14453,66159,0.00
14454,117098,0.00
14455,66045,0.00
14456,33234,100.00
14457,38062,0.00
14458,31345,100.00
14459,33233,0.00
14460,56092,0.00
14461,54321,100.00
14462,29749,66.67
14463,26267,0.00
14464,25365,0.00
14465,30006,100.00
14466,31274,0.00
14467,65926,50.00
14468,62615,0.00
14469,66050,0.00
14470,69687,50.00
14471,73951,100.00
14472,66487,0.00
14473,63216,0.00
14474,63549,0.00
14475,68513,50.00
14476,59307,0.00
14477,73219,50.00
14478,73364,0.00
14479,65555,0.00
14480,65031,100.00
14481,59430,0.00
14482,60992,50.00
14483,67730,0.00
14484,60480,0.00
14485,59359,0.00
14486,62199,0.00
14487,61687,0.00
14488,34939,100.00
14489,39213,100.00
14490,35624,0.00
14491,54209,100.00
14492,51278,50.00
14493,30963,100.00
14494,61577,0.00
14495,61339,0.00
14496,69192,50.00
14497,74106,0.00
14498,54350,0.00
14499,56294,50.00
14500,79207,100.00
14501,63609,0.00
14502,71248,50.00
14503,80794,50.00
14504,75194,0.00
14505,80794,0.00
14506,77974,50.00
14507,77171,0.00
14508,80928,50.00
14509,82295,0.00
14510,88669,0.00
14511,89789,50.00
14512,75906,0.00
14513,81025,50.00
14514,81236,0.00
14515,77288,0.00
14516,84546,50.00
14517,222490,0.00
14518,82543,0.00
14519,90377,100.00
14520,73421,0.00
14521,72975,0.00
14522,70176,0.00
14523,70061,0.00
14524,73300,50.00
14525,75990,50.00
14526,86347,0.00
14527,89081,0.00
14528,92650,100.00
14529,80887,50.00
14530,143191,0.00
14531,56621,0.00
14532,78767,0.00
14533,91278,100.00
14534,70599,0.00
14535,48300,100.00
14536,18728,0.00
14537,21950,0.00
14538,19553,0.00
14539,23319,100.00
14540,29167,100.00
14541,39459,100.00
14542,38208,100.00
14543,64584,0.00
14544,41950,100.00
14545,61729,100.00
14546,34944,0.00
14547,35871,100.00
14548,33107,100.00
14549,57479,100.00
14550,53984,50.00
14551,66501,100.00
14552,76503,50.00
14553,78148,0.00
14554,81710,50.00
14555,75498,0.00
14556,151181,50.00
14557,76585,0.00
14558,64881,0.00
14559,66455,0.00
14560,75554,0.00
14561,63494,50.00
14562,77570,50.00
14563,72483,0.00
14564,70163,0.00
14565,70024,0.00
14566,79470,50.00
14567,78325,0.00
14568,72525,50.00
14569,77021,0.00
14570,78410,50.00
14571,67693,0.00
14572,82300,0.00
14573,67444,50.00
14574,62068,0.00
14575,66716,50.00
14576,74347,0.00
14577,84884,50.00
14578,82395,0.00
14579,75455,0.00
14580,65207,0.00
14581,64989,0.00
14582,67927,50.00
14583,63828,0.00
14584,36095,50.00
14585,72600,0.00
14586,70465,0.00
14587,77248,50.00
14588,72264,0.00
14589,74619,50.00
14590,72343,50.00
14591,67285,0.00
14592,77661,0.00
14593,74455,100.00
14594,68185,0.00
14595,65434,0.00
14596,71029,50.00
14597,68288,0.00
14598,71007,50.00
14599,69644,0.00
14600,60621,0.00
14601,72408,50.00
14602,78510,0.00
14603,74902,0.00
14604,69982,50.00
14605,67576,0.00
14606,72416,50.00
14607,51034,0.00
14608,76675,0.00
14609,77264,0.00
14610,73312,50.00
14611,75656,50.00
14612,83106,0.00
14613,82787,50.00
14614,86067,0.00
14615,88293,0.00
14616,89033,100.00
14617,87717,0.00
14618,92996,50.00
14619,59457,0.00
14620,124214,0.00
14621,84003,0.00
14622,101337,50.00
14623,82334,0.00
14624,78090,50.00
14625,79144,0.00
14626,95064,0.00
14627,75851,50.00
14628,75408,0.00
14629,88524,50.00
14630,86131,0.00
14631,84378,0.00
14632,73457,0.00
14633,78790,50.00
14634,75947,0.00
14635,70752,100.00
14636,88326,50.00
14637,62237,0.00
14638,52816,50.00
14639,72820,0.00
14640,36642,100.00
14641,28116,100.00
14642,23569,100.00
14643,19855,100.00
14644,21149,100.00
14645,18764,0.00
14646,24536,100.00
14647,25939,100.00
14648,42114,100.00
14649,61246,0.00
14650,46800,100.00
14651,24507,0.00
14652,32951,100.00
14653,27875,50.00
14654,31890,0.00
14655,72326,0.00
14656,76856,0.00
14657,80458,100.00
14658,85241,0.00
14659,76332,50.00
14660,76924,0.00
14661,81574,0.00
14662,78660,100.00
14663,73355,0.00
14664,76441,50.00
14665,87426,0.00
14666,82952,100.00
14667,101552,0.00
14668,75119,0.00
14669,77249,50.00
14670,92933,0.00
14671,78227,100.00
14672,74638,0.00
14673,73899,50.00
14674,74035,0.00
14675,79046,0.00
14676,84294,0.00
14677,76689,50.00
14678,81349,0.00
14679,74300,50.00
14680,79531,100.00
14681,90844,0.00
14682,84310,0.00
14683,76710,50.00
14684,94919,0.00
14685,84266,100.00
14686,81935,0.00
14687,73712,0.00
14688,86084,50.00
14689,77104,0.00
14690,76911,0.00
14691,84476,0.00
14692,79118,50.00
14693,95678,0.00
14694,74334,100.00
14695,77459,50.00
14696,86327,0.00
14697,107971,0.00
14698,82283,50.00
14699,81646,0.00
14700,80123,50.00
14701,76235,0.00
14702,146656,0.00
14703,77855,50.00
14704,75415,0.00
14705,75503,0.00
14706,79978,50.00
14707,75528,0.00
14708,90000,0.00
14709,79645,50.00
14710,84857,0.00
14711,84289,50.00
14712,90878,0.00
14713,79286,0.00
14714,85629,50.00
14715,91339,0.00
14716,75657,50.00
14717,78707,0.00
14718,104994,0.00
14719,76592,50.00
14720,79411,0.00
14721,72024,50.00
14722,69565,0.00
14723,69098,0.00
14724,70707,0.00
14725,75612,50.00
14726,72035,50.00
14727,76758,100.00
14728,79770,0.00
14729,87280,0.00
14730,78300,0.00
14731,77250,50.00
14732,123139,0.00
14733,84012,0.00
14734,82140,50.00
14735,80077,0.00
14736,77936,0.00
14737,88600,100.00
14738,79519,0.00
14739,77357,50.00
14740,31826,0.00
14741,35286,100.00
14742,54444,0.00
14743,33353,100.00
14744,69049,66.67
14745,33770,0.00
14746,49532,0.00
14747,63057,100.00
14748,25728,100.00
14749,34699,0.00
14750,26846,0.00
14751,28920,100.00
14752,30881,0.00
14753,33258,100.00
14754,61416,0.00
14755,56707,0.00
14756,32228,100.00
14757,31268,50.00
14758,74678,100.00
14759,77807,0.00
14760,66029,0.00
14761,75203,50.00
14762,80848,0.00
14763,54557,0.00
14764,56130,0.00
14765,63627,50.00
14766,69143,0.00
14767,68217,50.00
14768,63380,0.00
14769,72461,50.00
14770,92459,0.00
14771,68995,0.00
14772,59281,100.00
14773,68688,0.00
14774,68484,0.00
14775,35868,50.00
14776,59941,50.00
14777,66227,0.00
14778,70185,0.00
14779,72078,50.00
14780,66593,0.00
14781,64415,0.00
14782,63986,100.00
14783,74738,50.00
14784,70739,50.00
14785,69515,0.00
14786,70858,0.00
14787,68545,0.00
14788,70362,0.00
14789,65298,50.00
14790,64471,0.00
14791,60555,100.00
14792,68185,0.00
14793,67509,50.00
14794,28214,0.00
14795,29474,50.00
14796,33663,0.00
14797,34890,100.00
14798,54977,0.00
14799,29155,100.00
14800,26903,0.00
14801,24506,100.00
14802,27515,0.00
14803,32405,0.00
14804,32179,100.00
14805,33923,0.00
14806,77940,0.00
14807,77309,50.00
14808,74585,50.00
14809,79685,0.00
14810,74983,0.00
14811,75259,0.00
14812,70723,0.00
14813,62665,0.00
14814,72373,50.00
14815,75161,50.00
14816,80980,100.00
14817,68999,0.00
14818,70163,0.00
14819,74433,50.00
14820,73052,0.00
14821,65994,0.00
14822,82764,50.00
14823,75816,0.00
14824,71933,0.00
14825,78204,100.00
14826,74306,50.00
14827,75902,0.00
14828,73864,0.00
14829,65889,0.00
14830,71239,100.00
14831,67388,0.00
14832,64776,50.00
14833,39725,0.00
14834,36231,50.00
14835,54613,0.00
14836,51808,50.00
14837,29106,100.00
14838,26321,100.00
14839,23264,0.00
14840,26766,0.00
14841,26521,100.00
14842,31638,0.00
14843,56071,100.00
14844,80150,0.00
14845,74465,50.00
14846,74095,50.00
14847,86494,0.00
14848,75250,0.00
14849,73806,50.00
14850,76936,0.00
14851,77198,100.00
14852,85210,0.00
14853,76931,50.00
14854,74109,0.00
14855,68657,0.00
14856,66221,0.00
14857,59928,50.00
14858,64407,0.00
14859,70445,50.00
14860,62386,0.00
14861,64708,0.00
14862,90123,50.00
14863,68580,50.00
14864,65373,0.00
14865,73025,0.00
14866,73539,100.00
14867,70345,0.00
14868,59922,0.00
14869,76862,0.00
14870,85912,100.00
14871,77185,0.00
14872,83434,0.00
14873,81543,50.00
14874,82655,0.00
14875,37445,0.00
14876,38243,100.00
14877,30637,50.00
14878,26225,0.00
14879,21328,0.00
14880,27897,100.00
14881,33143,0.00
14882,58364,50.00
14883,30725,100.00
14884,32004,0.00
14885,26991,100.00
14886,33369,0.00
14887,63945,50.00
14888,72242,0.00
14889,72597,100.00
14890,71887,0.00
14891,71151,50.00
14892,60509,0.00
14893,61573,0.00
14894,71052,0.00
14895,71866,50.00
14896,76115,50.00
14897,71144,0.00
14898,68374,0.00
14899,65405,0.00
14900,66983,50.00
14901,38271,0.00
14902,68678,0.00
14903,60089,0.00
14904,66236,100.00
14905,69127,0.00
14906,64699,0.00
14907,64716,50.00
14908,74792,100.00
14909,36027,0.00
14910,54693,100.00
14911,39398,100.00
14912,51368,0.00
14913,37996,100.00
14914,51595,50.00
14915,25788,0.00
14916,78115,50.00
14917,70224,100.00
14918,68753,0.00
14919,86409,50.00
14920,94987,0.00
14921,80243,0.00
14922,74210,0.00
14923,69178,50.00
14924,76656,0.00
14925,77642,50.00
14926,78845,0.00
14927,83152,0.00
14928,80739,50.00
14929,76077,0.00
14930,81060,50.00
14931,80922,100.00
14932,73985,0.00
14933,77596,0.00
14934,97161,0.00
14935,74706,100.00
14936,77944,0.00
14937,74357,50.00
14938,71461,0.00
14939,81718,0.00
14940,109286,50.00
14941,80600,0.00
14942,77669,50.00
14943,82361,0.00
14944,76708,0.00
14945,78461,0.00
14946,89992,50.00
14947,81832,50.00
14948,81128,0.00
14949,74947,0.00
14950,138245,0.00
14951,75978,66.67
14952,83254,0.00
14953,73599,0.00
14954,72648,100.00
14955,76250,0.00
14956,72167,50.00
14957,80371,0.00
14958,81401,0.00
14959,68653,50.00
14960,55170,0.00
14961,39275,100.00
14962,32487,100.00
14963,24690,0.00
14964,21257,100.00
14965,21738,100.00
14966,25410,100.00
14967,24912,100.00
14968,63097,0.00
14969,61546,100.00
14970,40760,100.00
14971,30585,100.00
14972,27938,100.00
14973,20314,0.00
14974,49044,100.00
14975,26260,50.00
14976,64366,50.00
14977,64589,100.00
14978,69071,0.00
14979,83563,0.00
14980,80986,50.00
14981,79114,0.00
14982,77456,50.00
14983,76950,0.00
14984,76567,0.00
14985,83853,0.00
14986,86984,100.00
14987,81380,0.00
14988,97233,50.00
14989,78322,0.00
14990,71483,0.00
14991,78872,100.00
14992,80394,0.00
14993,78726,50.00
14994,70268,0.00
14995,73714,0.00
14996,73861,50.00
14997,75481,50.00
14998,70625,0.00
14999,71624,50.00
15000,89338,0.00
