sample,work_ns,cpu_utilization
1,32358,100.00
2,47859,50.00
3,32066,0.00
4,74749,100.00
5,37395,100.00
6,26529,100.00
7,22502,100.00
8,23252,100.00
9,26006,100.00
10,34403,100.00
11,47264,0.00
12,47677,50.00
13,26937,0.00
14,43298,50.00
15,55509,0.00
16,55749,0.00
17,55633,0.00
18,55608,0.00
19,53823,0.00
20,54793,0.00
21,109254,0.00
22,62166,0.00
23,59141,0.00
24,54140,0.00
25,54517,0.00
26,58700,0.00
27,62939,0.00
28,66308,50.00
29,44971,100.00
30,25835,0.00
31,34693,100.00
32,46472,100.00
33,23311,100.00
34,25436,100.00
35,32621,100.00
36,43026,100.00
37,26443,100.00
38,25035,100.00
39,46019,0.00
40,55134,66.67
41,41112,0.00
42,38646,0.00
43,41919,0.00
44,48666,0.00
45,58372,0.00
46,52735,0.00
47,51896,0.00
48,51577,0.00
49,53565,0.00
50,47746,0.00
51,49950,0.00
52,57965,0.00
53,55365,0.00
54,38787,50.00
55,40185,0.00
56,71298,100.00
57,48136,100.00
58,21535,0.00
59,25639,100.00
60,36600,100.00
61,44691,100.00
62,43862,100.00
63,30624,100.00
64,50442,66.67
65,50336,0.00
66,51445,0.00
67,59228,0.00
68,50373,0.00
69,63845,0.00
70,57270,0.00
71,63118,0.00
72,47993,0.00
73,44372,0.00
74,61287,0.00
75,47175,0.00
76,49723,100.00
77,32285,0.00
78,41168,0.00
79,41084,50.00
80,37257,100.00
81,22086,100.00
82,21688,100.00
83,25209,0.00
84,33335,100.00
85,36007,100.00
86,50199,100.00
87,42981,0.00
88,49422,0.00
89,53021,0.00
90,52182,0.00
91,52672,0.00
92,54518,0.00
93,53306,0.00
94,49407,0.00
95,57669,0.00
96,55531,0.00
97,51048,0.00
98,64200,0.00
99,33586,100.00
100,45646,50.00
101,43254,100.00
102,23851,0.00
103,45043,100.00
104,54499,100.00
105,28797,0.00
106,23851,100.00
107,24327,100.00
108,47267,100.00
109,45972,100.00
110,45346,100.00
111,35659,0.00
112,41954,100.00
113,42036,0.00
114,42565,0.00
115,44233,0.00
116,46072,50.00
117,52679,0.00
118,53706,0.00
119,50245,0.00
120,53245,0.00
121,46025,0.00
122,43337,0.00
123,50495,0.00
124,63250,0.00
125,64647,50.00
126,59805,0.00
127,38751,100.00
128,46243,0.00
129,51542,100.00
130,25921,0.00
131,41666,100.00
132,39033,100.00
133,37450,100.00
134,27598,100.00
135,27620,0.00
136,22441,100.00
137,37029,100.00
138,44968,0.00
139,33516,50.00
140,54139,0.00
141,66075,0.00
142,50453,0.00
143,46673,0.00
144,45135,50.00
145,46545,0.00
146,44940,0.00
147,51877,0.00
148,53181,0.00
149,52160,0.00
150,52965,0.00
151,55178,0.00
152,72912,50.00
153,47495,0.00
154,65161,50.00
155,23308,0.00
156,36265,100.00
157,24138,100.00
158,39129,0.00
159,37487,100.00
160,40488,100.00
161,32640,100.00
162,38245,100.00
163,25333,100.00
164,47166,100.00
165,32612,0.00
166,45580,0.00
167,52523,0.00
168,66394,0.00
169,63440,0.00
170,75675,0.00
171,54402,0.00
172,55091,0.00
173,59490,0.00
174,54511,0.00
175,57039,0.00
176,61044,0.00
177,64566,0.00
178,65998,50.00
179,44809,0.00
180,63446,50.00
181,61185,100.00
182,43683,0.00
183,40922,0.00
184,24816,100.00
185,39042,100.00
186,32446,50.00
187,55587,0.00
188,54852,50.00
189,60395,0.00
190,55385,0.00
191,55217,0.00
192,67274,0.00
193,62553,0.00
194,69508,0.00
195,30478,0.00
196,45311,66.67
197,42369,100.00
198,36016,0.00
199,40671,100.00
200,36384,0.00
201,25912,100.00
202,25329,100.00
203,51900,100.00
204,68380,100.00
205,42730,100.00
206,40585,0.00
207,45052,100.00
208,59489,66.67
209,41485,0.00
210,54362,0.00
211,56673,0.00
212,66510,0.00
213,55678,0.00
214,52388,0.00
215,53636,0.00
216,54419,0.00
217,51473,0.00
218,52989,0.00
219,62589,0.00
220,59232,0.00
221,57279,0.00
222,65730,0.00
223,50421,0.00
224,70073,100.00
225,26236,0.00
226,26214,100.00
227,29109,100.00
228,70114,100.00
229,43827,100.00
230,31268,100.00
231,29168,100.00
232,56156,100.00
233,32828,100.00
234,34734,0.00
235,42651,100.00
236,49473,0.00
237,54318,0.00
238,50348,0.00
239,51377,0.00
240,53933,0.00
241,54761,0.00
242,51082,0.00
243,60282,0.00
244,52867,0.00
245,50483,0.00
246,48982,0.00
247,54889,0.00
248,53607,0.00
249,54467,0.00
250,67794,0.00
251,56810,50.00
252,69088,100.00
253,31476,100.00
254,53252,0.00
255,42399,100.00
256,35408,100.00
257,25449,100.00
258,28034,100.00
259,46256,100.00
260,51651,100.00
261,32725,100.00
262,57179,100.00
263,62557,0.00
264,58297,50.00
265,53190,0.00
266,56132,0.00
267,53593,0.00
268,65902,0.00
269,66502,0.00
270,54038,0.00
271,53597,0.00
272,66441,0.00
273,55668,0.00
274,54458,0.00
275,58527,0.00
276,58218,0.00
277,53071,0.00
278,54246,0.00
279,66057,50.00
280,69614,100.00
281,56881,100.00
282,34871,0.00
283,47940,100.00
284,38949,100.00
285,43144,100.00
286,35069,0.00
287,22248,100.00
288,44109,100.00
289,39685,50.00
290,40871,0.00
291,48677,0.00
292,51275,0.00
293,56765,0.00
294,57924,0.00
295,62523,0.00
296,64502,0.00
297,59399,0.00
298,67829,0.00
299,48301,0.00
300,42227,100.00
301,30934,0.00
302,43170,100.00
303,55531,66.67
304,16292,0.00
305,21468,100.00
306,22871,0.00
307,25808,100.00
308,36103,100.00
309,48911,100.00
310,59615,0.00
311,58260,100.00
312,66248,0.00
313,62344,0.00
314,58220,0.00
315,60756,0.00
316,57182,0.00
317,57529,0.00
318,57874,0.00
319,53654,0.00
320,57747,0.00
321,47276,0.00
322,58837,50.00
323,54894,0.00
324,45094,50.00
325,42527,100.00
326,24887,0.00
327,44481,100.00
328,54400,100.00
329,30022,100.00
330,25035,0.00
331,24611,100.00
332,57149,100.00
333,44965,100.00
334,35864,100.00
335,32106,0.00
336,48276,100.00
337,37414,50.00
338,48712,0.00
339,48523,0.00
340,46497,0.00
341,46527,0.00
342,54922,0.00
343,53105,0.00
344,51372,0.00
345,49119,0.00
346,64391,0.00
347,55771,0.00
348,61487,0.00
349,69809,0.00
350,67520,0.00
351,35270,0.00
352,48181,50.00
353,61737,100.00
354,20854,0.00
355,35104,100.00
356,35619,0.00
357,52865,100.00
358,34564,0.00
359,25580,100.00
360,23458,100.00
361,42752,100.00
362,61536,50.00
363,50775,0.00
364,52929,66.67
365,59061,0.00
366,56479,0.00
367,62663,0.00
368,61143,0.00
369,63951,0.00
370,57651,0.00
371,61544,0.00
372,57161,0.00
373,55569,0.00
374,59485,0.00
375,59857,0.00
376,71036,0.00
377,40175,100.00
378,56181,0.00
379,28603,0.00
380,44434,100.00
381,33192,100.00
382,20025,0.00
383,52195,0.00
384,53912,100.00
385,46149,100.00
386,42746,100.00
387,28272,0.00
388,43105,66.67
389,33034,0.00
390,45856,0.00
391,40513,100.00
392,51533,50.00
393,57975,0.00
394,58451,0.00
395,68638,0.00
396,63909,0.00
397,60846,0.00
398,61458,0.00
399,53069,0.00
400,52826,0.00
401,54916,0.00
402,55688,0.00
403,64341,0.00
404,61330,100.00
405,50595,66.67
406,37735,0.00
407,39840,0.00
408,37771,100.00
409,26889,100.00
410,34115,100.00
411,48843,0.00
412,44679,50.00
413,52090,0.00
414,51913,0.00
415,59719,0.00
416,55604,0.00
417,52976,0.00
418,53236,0.00
419,64357,0.00
420,57968,66.67
421,28528,0.00
422,36188,50.00
423,42595,100.00
424,52767,100.00
425,33910,100.00
426,33287,0.00
427,24679,100.00
428,55564,100.00
429,43612,100.00
430,36100,100.00
431,39502,100.00
432,54264,100.00
433,31525,0.00
434,33007,50.00
435,45707,0.00
436,45616,0.00
437,51502,0.00
438,46991,0.00
439,48166,0.00
440,52088,0.00
441,43709,0.00
442,47810,0.00
443,41599,0.00
444,43100,50.00
445,48248,0.00
446,53587,0.00
447,53075,0.00
448,71087,50.00
449,21075,0.00
450,50642,100.00
451,23150,100.00
452,20920,100.00
453,24746,100.00
454,22292,100.00
455,51527,100.00
456,55209,100.00
457,56157,100.00
458,40821,100.00
459,27517,100.00
460,46408,0.00
461,32351,100.00
462,47587,0.00
463,50271,0.00
464,53904,0.00
465,56669,0.00
466,52441,0.00
467,53070,0.00
468,55857,0.00
469,53708,0.00
470,51358,0.00
471,55597,0.00
472,59958,0.00
473,52427,0.00
474,53104,0.00
475,49962,0.00
476,52781,0.00
477,65251,100.00
478,27369,0.00
479,48021,100.00
480,62564,100.00
481,41744,100.00
482,26236,100.00
483,22150,100.00
484,24566,0.00
485,23747,100.00
486,47698,0.00
487,44457,100.00
488,64481,100.00
489,44264,100.00
490,28913,100.00
491,54473,0.00
492,56301,0.00
493,61255,0.00
494,59293,0.00
495,66048,0.00
496,53209,0.00
497,53115,0.00
498,52002,0.00
499,67900,0.00
500,57925,0.00
501,58347,0.00
502,57036,0.00
503,59526,0.00
504,56120,0.00
505,55910,0.00
506,56803,0.00
507,67106,0.00
508,54673,100.00
509,41707,100.00
510,52473,100.00
511,29294,100.00
512,55701,100.00
513,44120,0.00
514,25719,100.00
515,33618,100.00
516,52293,66.67
517,46978,0.00
518,46115,0.00
519,51881,0.00
520,52661,0.00
521,64416,0.00
522,55245,0.00
523,58427,0.00
524,52005,0.00
525,59334,0.00
526,42931,50.00
527,34084,0.00
528,77721,50.00
529,51361,0.00
530,52142,50.00
531,43037,100.00
532,24760,0.00
533,24191,100.00
534,26102,100.00
535,23404,100.00
536,57556,100.00
537,45603,100.00
538,51053,0.00
539,39706,50.00
540,56437,0.00
541,55189,0.00
542,55255,0.00
543,53791,0.00
544,68275,0.00
545,56148,0.00
546,54024,0.00
547,51987,0.00
548,57851,0.00
549,64459,0.00
550,36626,100.00
551,28557,0.00
552,48578,100.00
553,53028,100.00
554,27718,0.00
555,36103,100.00
556,24791,100.00
557,21626,100.00
558,24216,0.00
559,38780,100.00
560,54012,100.00
561,32309,100.00
562,27052,0.00
563,28462,100.00
564,53802,50.00
565,45049,0.00
566,48217,0.00
567,57573,0.00
568,52468,0.00
569,57350,0.00
570,53039,0.00
571,52835,0.00
572,57326,0.00
573,49614,0.00
574,54868,0.00
575,56420,0.00
576,66779,0.00
577,59565,50.00
578,37191,0.00
579,45483,50.00
580,50873,100.00
581,39198,100.00
582,26486,100.00
583,37165,100.00
584,48225,0.00
585,24839,100.00
586,22523,0.00
587,23252,100.00
588,68483,100.00
589,31889,0.00
590,32263,0.00
591,25455,50.00
592,55742,0.00
593,54335,0.00
594,63410,0.00
595,57850,0.00
596,61219,0.00
597,63347,0.00
598,58400,0.00
599,56787,0.00
600,54630,0.00
601,52360,0.00
602,67030,0.00
603,50504,50.00
604,55070,0.00
605,31081,50.00
606,33272,100.00
607,30627,0.00
608,25251,100.00
609,53020,100.00
610,43395,100.00
611,45198,0.00
612,49831,100.00
613,32667,0.00
614,35116,100.00
615,30353,0.00
616,44757,100.00
617,43743,0.00
618,48253,0.00
619,44045,0.00
620,50367,0.00
621,56091,0.00
622,57770,0.00
623,61731,0.00
624,53385,0.00
625,55430,0.00
626,53993,0.00
627,56244,0.00
628,55592,0.00
629,60043,100.00
630,54471,50.00
631,30782,0.00
632,48710,100.00
633,33928,100.00
634,35184,100.00
635,23834,100.00
636,41978,0.00
637,34647,100.00
638,22983,0.00
639,38182,100.00
640,58115,0.00
641,47804,0.00
642,46633,0.00
643,52270,0.00
644,55789,0.00
645,53878,0.00
646,59951,0.00
647,60021,0.00
648,64802,0.00
649,57502,0.00
650,65653,0.00
651,45537,100.00
652,49229,0.00
653,49955,100.00
654,45809,0.00
655,52845,100.00
656,50756,100.00
657,27914,100.00
658,23429,100.00
659,27591,100.00
660,46793,100.00
661,41223,100.00
662,50852,0.00
663,48248,0.00
664,54819,0.00
665,49787,0.00
666,49506,0.00
667,66619,0.00
668,53458,0.00
669,52041,0.00
670,49363,0.00
671,50221,0.00
672,53038,0.00
673,53631,0.00
674,51143,0.00
675,58299,0.00
676,60470,0.00
677,65634,50.00
678,53578,100.00
679,32958,100.00
680,43964,0.00
681,46002,100.00
682,41159,100.00
683,40940,100.00
684,45655,0.00
685,41521,100.00
686,40668,0.00
687,28787,100.00
688,51814,100.00
689,26756,100.00
690,43390,0.00
691,49014,0.00
692,54540,0.00
693,52833,0.00
694,51516,0.00
695,57117,0.00
696,54916,0.00
697,57749,0.00
698,53410,0.00
699,59120,0.00
700,68721,0.00
701,67582,0.00
702,52551,0.00
703,54318,0.00
704,66017,0.00
705,73261,100.00
706,36447,100.00
707,33776,100.00
708,71173,100.00
709,44178,100.00
710,30331,0.00
711,30128,100.00
712,50904,100.00
713,42998,100.00
714,30944,100.00
715,30901,100.00
716,63896,100.00
717,51563,0.00
718,49457,100.00
719,53108,0.00
720,60750,0.00
721,69104,0.00
722,55724,0.00
723,61797,0.00
724,72098,0.00
725,58878,0.00
726,55555,0.00
727,52644,0.00
728,56659,0.00
729,53591,0.00
730,60344,0.00
731,58247,0.00
732,68272,0.00
733,52935,0.00
734,45684,50.00
735,48222,0.00
736,43286,100.00
737,25259,100.00
738,27951,100.00
739,32229,100.00
740,50140,100.00
741,39506,100.00
742,43133,100.00
743,40843,0.00
744,47148,66.67
745,23308,0.00
746,52251,0.00
747,53813,0.00
748,56696,0.00
749,60502,0.00
750,59365,0.00
751,59679,0.00
752,55681,0.00
753,54720,0.00
754,63832,0.00
755,51528,0.00
756,52706,50.00
757,50505,0.00
758,49898,0.00
759,44064,100.00
760,47498,100.00
761,40469,100.00
762,31352,100.00
763,34803,100.00
764,42853,100.00
765,29201,100.00
766,26854,100.00
767,46320,0.00
768,53907,100.00
769,40058,0.00
770,54904,0.00
771,57392,0.00
772,57555,0.00
773,60512,0.00
774,57639,0.00
775,56489,0.00
776,58685,0.00
777,68296,0.00
778,45651,100.00
779,43927,0.00
780,45276,100.00
781,40721,0.00
782,51518,100.00
783,24036,0.00
784,24730,100.00
785,21620,100.00
786,26200,100.00
787,27182,0.00
788,59150,100.00
789,55301,0.00
790,34320,50.00
791,31392,0.00
792,42926,66.67
793,25009,0.00
794,35627,0.00
795,43243,0.00
796,45358,0.00
797,40188,0.00
798,43495,0.00
799,46240,0.00
800,48784,0.00
801,46573,0.00
802,46611,0.00
803,50473,0.00
804,61735,50.00
805,39780,0.00
806,32961,50.00
807,57967,0.00
808,53538,100.00
809,29659,100.00
810,30817,100.00
811,34904,100.00
812,25913,0.00
813,25672,100.00
814,22531,100.00
815,29986,100.00
816,44421,50.00
817,27353,0.00
818,32213,50.00
819,37213,0.00
820,49032,0.00
821,49004,0.00
822,56690,0.00
823,48291,0.00
824,48739,0.00
825,42159,0.00
826,48506,0.00
827,44929,0.00
828,61454,50.00
829,35549,0.00
830,76484,0.00
831,53213,100.00
832,51374,50.00
833,29472,0.00
834,34795,100.00
835,30914,100.00
836,51720,100.00
837,39762,100.00
838,36714,100.00
839,33849,100.00
840,39436,0.00
841,25575,100.00
842,17517,0.00
843,19515,0.00
844,47010,50.00
845,40048,50.00
846,39762,0.00
847,46226,0.00
848,51217,0.00
849,48802,0.00
850,46715,0.00
851,59690,0.00
852,68449,0.00
853,59561,0.00
854,53169,0.00
855,70061,0.00
856,68573,100.00
857,43838,0.00
858,41207,100.00
859,47473,100.00
860,53587,0.00
861,27919,100.00
862,25985,0.00
863,34537,100.00
864,46720,100.00
865,28552,100.00
866,43612,100.00
867,52052,0.00
868,50872,0.00
869,56887,0.00
870,55216,0.00
871,53613,0.00
872,50450,0.00
873,51877,0.00
874,56556,0.00
875,65680,0.00
876,59147,0.00
877,70473,0.00
878,34893,0.00
879,37963,100.00
880,71212,100.00
881,43028,100.00
882,50120,100.00
883,34884,100.00
884,35429,100.00
885,25299,100.00
886,27837,100.00
887,46942,100.00
888,54625,100.00
889,38650,100.00
890,44992,0.00
891,52776,0.00
892,51583,0.00
893,52376,0.00
894,60959,0.00
895,60163,0.00
896,59281,0.00
897,51721,0.00
898,54725,0.00
899,58329,0.00
900,56412,0.00
901,54413,0.00
902,54831,0.00
903,65202,0.00
904,57536,100.00
905,36150,0.00
906,31509,100.00
907,31076,100.00
908,39974,0.00
909,50732,100.00
910,34380,100.00
911,28895,100.00
912,24835,0.00
913,39699,100.00
914,46840,100.00
915,35948,100.00
916,57375,100.00
917,30983,50.00
918,43059,0.00
919,47339,0.00
920,56241,0.00
921,62527,0.00
922,54120,0.00
923,55815,0.00
924,53543,0.00
925,52440,0.00
926,66637,0.00
927,55820,0.00
928,56065,0.00
929,53788,0.00
930,54496,0.00
931,69317,0.00
932,87790,100.00
933,38112,100.00
934,33160,0.00
935,38908,100.00
936,44305,100.00
937,23797,100.00
938,25589,100.00
939,46730,0.00
940,43248,100.00
941,31591,100.00
942,26096,100.00
943,59552,100.00
944,55999,66.67
945,37956,0.00
946,50288,0.00
947,48796,0.00
948,58565,0.00
949,70533,0.00
950,56149,0.00
951,64892,0.00
952,55309,0.00
953,55646,0.00
954,62137,0.00
955,51951,0.00
956,62787,0.00
957,47302,0.00
958,54525,0.00
959,52034,0.00
960,51082,100.00
961,56654,100.00
962,21994,0.00
963,28247,0.00
964,34965,100.00
965,47143,100.00
966,47377,100.00
967,29765,100.00
968,51095,100.00
969,34493,100.00
970,33987,50.00
971,27866,0.00
972,51387,50.00
973,57432,0.00
974,61580,0.00
975,54381,0.00
976,66331,0.00
977,60271,0.00
978,57815,0.00
979,54467,0.00
980,55353,0.00
981,63268,0.00
982,48650,0.00
983,50950,0.00
984,59011,0.00
985,67946,100.00
986,40509,0.00
987,38379,100.00
988,54484,100.00
989,31466,100.00
990,42964,100.00
991,41201,100.00
992,42493,0.00
993,41729,100.00
994,44603,50.00
995,40301,0.00
996,53644,0.00
997,57125,0.00
998,53988,0.00
999,56647,0.00
1000,86853,0.00
1001,54624,0.00
1002,55195,0.00
1003,50038,0.00
1004,61616,66.67
1005,33228,0.00
1006,35253,50.00
1007,58797,100.00
1008,48770,0.00
1009,25926,100.00
1010,23089,100.00
1011,23170,100.00
1012,36088,0.00
1013,44048,100.00
1014,54259,100.00
1015,56890,100.00
1016,55161,0.00
1017,31167,100.00
1018,32763,0.00
1019,47626,50.00
1020,53860,0.00
1021,52448,0.00
1022,55481,0.00
1023,60138,0.00
1024,72382,0.00
1025,68779,0.00
1026,57463,0.00
1027,56989,0.00
1028,65418,0.00
1029,62511,0.00
1030,66175,0.00
1031,48032,0.00
1032,51001,100.00
1033,60626,66.67
1034,22769,0.00
1035,23867,100.00
1036,34895,0.00
1037,51233,100.00
1038,33056,0.00
1039,29484,100.00
1040,35701,100.00
1041,36103,100.00
1042,47929,100.00
1043,45525,100.00
1044,54635,100.00
1045,30091,0.00
1046,44600,0.00
1047,61159,0.00
1048,54355,0.00
1049,53982,0.00
1050,51419,0.00
1051,53839,0.00
1052,52466,0.00
1053,54748,0.00
1054,58298,0.00
1055,59545,0.00
1056,57120,0.00
1057,64409,0.00
1058,61991,0.00
1059,66073,0.00
1060,62928,50.00
1061,53371,100.00
1062,26091,0.00
1063,34407,100.00
1064,60113,100.00
1065,40354,100.00
1066,32400,0.00
1067,40850,100.00
1068,52745,100.00
1069,34540,100.00
1070,28687,0.00
1071,47894,100.00
1072,58221,66.67
1073,44476,0.00
1074,44481,0.00
1075,48834,0.00
1076,75251,0.00
1077,47805,0.00
1078,49245,0.00
1079,47453,0.00
1080,51516,0.00
1081,50138,0.00
1082,54424,0.00
1083,54385,0.00
1084,55762,0.00
1085,66876,0.00
1086,43323,0.00
1087,43737,100.00
1088,72145,100.00
1089,48728,100.00
1090,25412,0.00
1091,25717,100.00
1092,32887,100.00
1093,45651,100.00
1094,41031,100.00
1095,27036,100.00
1096,56962,100.00
1097,46900,0.00
1098,39860,0.00
1099,45309,0.00
1100,48022,0.00
1101,43011,0.00
1102,40636,0.00
1103,45344,0.00
1104,50926,0.00
1105,52323,0.00
1106,66300,0.00
1107,54674,50.00
1108,49079,100.00
1109,35469,0.00
1110,47920,50.00
1111,46513,0.00
1112,43449,100.00
1113,27877,100.00
1114,25111,100.00
1115,28894,100.00
1116,35239,0.00
1117,35889,100.00
1118,65350,0.00
1119,66635,50.00
1120,59301,0.00
1121,56928,0.00
1122,59165,0.00
1123,56815,0.00
1124,58175,0.00
1125,58081,0.00
1126,55655,0.00
1127,58241,0.00
1128,58160,0.00
1129,55621,0.00
1130,57209,0.00
1131,70863,50.00
1132,50072,100.00
1133,30758,50.00
1134,32707,100.00
1135,31265,0.00
1136,68019,100.00
1137,39166,0.00
1138,23718,100.00
1139,21776,100.00
1140,34084,100.00
1141,48036,100.00
1142,49200,100.00
1143,45219,100.00
1144,64652,50.00
1145,35507,0.00
1146,40511,50.00
1147,61456,0.00
1148,58047,0.00
1149,55943,0.00
1150,54557,0.00
1151,58546,0.00
1152,58795,0.00
1153,66935,0.00
1154,61698,0.00
1155,56306,0.00
1156,59882,0.00
1157,59068,0.00
1158,63491,0.00
1159,65175,0.00
1160,60041,100.00
1161,31161,50.00
1162,33886,0.00
1163,55857,100.00
1164,61168,100.00
1165,43723,100.00
1166,36644,0.00
1167,33888,100.00
1168,33363,100.00
1169,24306,100.00
1170,36161,0.00
1171,56036,0.00
1172,58920,100.00
1173,47963,0.00
1174,59919,0.00
1175,63262,0.00
1176,60485,0.00
1177,60697,0.00
1178,56149,0.00
1179,59643,0.00
1180,56668,0.00
1181,58674,0.00
1182,56623,0.00
1183,52492,0.00
1184,54832,0.00
1185,57943,100.00
1186,47696,0.00
1187,49277,0.00
1188,45154,100.00
1189,30702,100.00
1190,27484,100.00
1191,39038,100.00
1192,46196,100.00
1193,29333,100.00
1194,36157,100.00
1195,36663,100.00
1196,56397,100.00
1197,29855,0.00
1198,39054,100.00
1199,57894,0.00
1200,65720,0.00
1201,59569,0.00
1202,71401,0.00
1203,59532,0.00
1204,63631,0.00
1205,63597,0.00
1206,62143,0.00
1207,59564,0.00
1208,62034,0.00
1209,62478,0.00
1210,62037,0.00
1211,70348,0.00
1212,59150,66.67
1213,61377,100.00
1214,40778,0.00
1215,63335,100.00
1216,60291,100.00
1217,26571,100.00
1218,38199,100.00
1219,44255,0.00
1220,55068,100.00
1221,48685,0.00
1222,56184,0.00
1223,54967,0.00
1224,74756,0.00
1225,58184,0.00
1226,63799,0.00
1227,68655,0.00
1228,64248,100.00
1229,32191,50.00
1230,43708,100.00
1231,35559,0.00
1232,54031,100.00
1233,26316,100.00
1234,30764,100.00
1235,24239,100.00
1236,50560,100.00
1237,43979,100.00
1238,32063,0.00
1239,48586,100.00
1240,69288,66.67
1241,48868,0.00
1242,48442,50.00
1243,55758,0.00
1244,56257,0.00
1245,52070,0.00
1246,51687,0.00
1247,57827,0.00
1248,57362,0.00
1249,62568,0.00
1250,52977,0.00
1251,52292,0.00
1252,56203,0.00
1253,58829,0.00
1254,62505,0.00
1255,68922,0.00
1256,74470,66.67
1257,24380,0.00
1258,38033,100.00
1259,25913,0.00
1260,24895,100.00
1261,27672,100.00
1262,52897,100.00
1263,42370,0.00
1264,44949,100.00
1265,47887,100.00
1266,39334,100.00
1267,43775,100.00
1268,55461,100.00
1269,43583,0.00
1270,51544,0.00
1271,51117,0.00
1272,50332,0.00
1273,49703,0.00
1274,50157,0.00
1275,49826,0.00
1276,62188,0.00
1277,57489,0.00
1278,57569,0.00
1279,59597,0.00
1280,59746,0.00
1281,54802,0.00
1282,55363,0.00
1283,59655,0.00
1284,83446,100.00
1285,70969,100.00
1286,23720,0.00
1287,48269,0.00
1288,72295,100.00
1289,24657,0.00
1290,23316,100.00
1291,25922,100.00
1292,33899,100.00
1293,57761,100.00
1294,53366,100.00
1295,49639,100.00
1296,64142,100.00
1297,50854,0.00
1298,49168,0.00
1299,53160,0.00
1300,55869,0.00
1301,59028,0.00
1302,56827,0.00
1303,78714,0.00
1304,59949,0.00
1305,54782,0.00
1306,53237,0.00
1307,59720,0.00
1308,58490,0.00
1309,58698,0.00
1310,61121,0.00
1311,68725,0.00
1312,60775,0.00
1313,71767,50.00
1314,26678,0.00
1315,35708,100.00
1316,66827,100.00
1317,50837,100.00
1318,56014,100.00
1319,51094,100.00
1320,55784,100.00
1321,26244,100.00
1322,22585,0.00
1323,31723,50.00
1324,46500,100.00
1325,49831,0.00
1326,57081,0.00
1327,53572,0.00
1328,56453,0.00
1329,51731,0.00
1330,60486,0.00
1331,55860,0.00
1332,65113,0.00
1333,38691,50.00
1334,32706,0.00
1335,30635,50.00
1336,51686,100.00
1337,45495,50.00
1338,32984,100.00
1339,28386,0.00
1340,25066,100.00
1341,26703,100.00
1342,27629,100.00
1343,49855,0.00
1344,57483,100.00
1345,49284,0.00
1346,47188,0.00
1347,55686,0.00
1348,55951,0.00
1349,54680,0.00
1350,57480,0.00
1351,63386,0.00
1352,56152,0.00
1353,74635,0.00
1354,58719,0.00
1355,63282,0.00
1356,66800,50.00
1357,34892,0.00
1358,30596,50.00
1359,33500,0.00
1360,44669,100.00
1361,54558,100.00
1362,45884,100.00
1363,27917,100.00
1364,24767,100.00
1365,26926,100.00
1366,52433,100.00
1367,57155,100.00
1368,59796,100.00
1369,37909,100.00
1370,31168,0.00
1371,44876,0.00
1372,66249,0.00
1373,69083,0.00
1374,59542,0.00
1375,57624,0.00
1376,57575,0.00
1377,66161,0.00
1378,63446,0.00
1379,54914,0.00
1380,59529,0.00
1381,57587,0.00
1382,69831,0.00
1383,65146,0.00
1384,69331,50.00
1385,34591,100.00
1386,34579,0.00
1387,36992,100.00
1388,68859,100.00
1389,45480,100.00
1390,30867,100.00
1391,48677,0.00
1392,43311,100.00
1393,28134,100.00
1394,23024,100.00
1395,40527,100.00
1396,60202,100.00
1397,36896,0.00
1398,38716,100.00
1399,64171,0.00
1400,55060,0.00
1401,57443,0.00
1402,60147,0.00
1403,59644,0.00
1404,63271,0.00
1405,56074,0.00
1406,56505,0.00
1407,57199,0.00
1408,66161,0.00
1409,71618,0.00
1410,86228,0.00
1411,63133,0.00
1412,62257,50.00
1413,31778,100.00
1414,31247,100.00
1415,25225,100.00
1416,55610,100.00
1417,41582,100.00
1418,30202,100.00
1419,35652,100.00
1420,50407,100.00
1421,33230,100.00
1422,36175,0.00
1423,34297,0.00
1424,51803,100.00
1425,49937,0.00
1426,50421,0.00
1427,53402,0.00
1428,70621,50.00
1429,59513,0.00
1430,55541,0.00
1431,63555,0.00
1432,59044,0.00
1433,53444,0.00
1434,54603,0.00
1435,53812,0.00
1436,57191,0.00
1437,66811,50.00
1438,44307,100.00
1439,33211,0.00
1440,44457,100.00
1441,46030,100.00
1442,40306,100.00
1443,35268,0.00
1444,38595,100.00
1445,53717,50.00
1446,29335,100.00
1447,52857,0.00
1448,57436,0.00
1449,97914,0.00
1450,58806,0.00
1451,57773,0.00
1452,57498,0.00
1453,57236,0.00
1454,65726,0.00
1455,53493,0.00
1456,41996,66.67
1457,45396,100.00
1458,23127,0.00
1459,49799,0.00
1460,45955,100.00
1461,34409,100.00
1462,42012,100.00
1463,40509,100.00
1464,42706,100.00
1465,26592,100.00
1466,46806,100.00
1467,45644,100.00
1468,55618,100.00
1469,42398,0.00
1470,43358,0.00
1471,55433,0.00
1472,50426,0.00
1473,49622,0.00
1474,58133,0.00
1475,62826,0.00
1476,56761,0.00
1477,53708,0.00
1478,49525,0.00
1479,47288,0.00
1480,53642,0.00
1481,51248,0.00
1482,50548,0.00
1483,78001,0.00
1484,73760,100.00
1485,38192,100.00
1486,22027,0.00
1487,23743,100.00
1488,33504,0.00
1489,25745,100.00
1490,52406,100.00
1491,52159,100.00
1492,55074,100.00
1493,28881,100.00
1494,29095,100.00
1495,23899,100.00
1496,55843,100.00
1497,57996,0.00
1498,53990,0.00
1499,53625,0.00
1500,54353,0.00
1501,57299,0.00
1502,58140,0.00
1503,55482,0.00
1504,55043,0.00
1505,54551,0.00
1506,54513,0.00
1507,54507,0.00
1508,58890,0.00
1509,59210,0.00
1510,59588,0.00
1511,72756,0.00
1512,79328,100.00
1513,66610,100.00
1514,27367,0.00
1515,40419,100.00
1516,37832,100.00
1517,26082,100.00
1518,21172,100.00
1519,23139,100.00
1520,35913,100.00
1521,45706,100.00
1522,48764,100.00
1523,46274,100.00
1524,49975,0.00
1525,49043,100.00
1526,54114,0.00
1527,55958,0.00
1528,55480,0.00
1529,52923,0.00
1530,53656,0.00
1531,53004,0.00
1532,61543,0.00
1533,54946,0.00
1534,65340,0.00
1535,55685,0.00
1536,58297,0.00
1537,55448,0.00
1538,55911,0.00
1539,56877,0.00
1540,57295,0.00
1541,53929,0.00
1542,69264,100.00
1543,44097,100.00
1544,42506,100.00
1545,57302,100.00
1546,49833,100.00
1547,38307,0.00
1548,40328,100.00
1549,20669,100.00
1550,23423,100.00
1551,30894,50.00
1552,43631,100.00
1553,39703,0.00
1554,39874,0.00
1555,42380,0.00
1556,54028,0.00
1557,48382,0.00
1558,51563,0.00
1559,51701,0.00
1560,59239,0.00
1561,31792,100.00
1562,34795,0.00
1563,30395,0.00
1564,55539,50.00
1565,48051,100.00
1566,31183,0.00
1567,31313,100.00
1568,44748,100.00
1569,26869,100.00
1570,36235,100.00
1571,48371,0.00
1572,54960,100.00
1573,47380,0.00
1574,25085,0.00
1575,56414,0.00
1576,67870,0.00
1577,53938,0.00
1578,58809,0.00
1579,55283,0.00
1580,71131,0.00
1581,72830,0.00
1582,59821,0.00
1583,57640,0.00
1584,70053,50.00
1585,38678,0.00
1586,31982,50.00
1587,40428,0.00
1588,38394,100.00
1589,53094,100.00
1590,38819,100.00
1591,27873,0.00
1592,24067,100.00
1593,44438,100.00
1594,47084,100.00
1595,39955,100.00
1596,44542,100.00
1597,32232,50.00
1598,44970,0.00
1599,48445,0.00
1600,70511,0.00
1601,55057,0.00
1602,57349,0.00
1603,53795,0.00
1604,57872,0.00
1605,58390,0.00
1606,55498,0.00
1607,56897,0.00
1608,58052,0.00
1609,52810,0.00
1610,58200,0.00
1611,62262,0.00
1612,50456,50.00
1613,57096,100.00
1614,21859,0.00
1615,32441,100.00
1616,34621,0.00
1617,26431,100.00
1618,47101,0.00
1619,28118,100.00
1620,35766,100.00
1621,23243,100.00
1622,55267,0.00
1623,40205,0.00
1624,44960,100.00
1625,33850,0.00
1626,39725,0.00
1627,48407,0.00
1628,44387,0.00
1629,41941,0.00
1630,44307,0.00
1631,42725,0.00
1632,59267,0.00
1633,42516,0.00
1634,46691,0.00
1635,43822,0.00
1636,53792,50.00
1637,38264,0.00
1638,44039,0.00
1639,38893,100.00
1640,53264,100.00
1641,45383,100.00
1642,21327,0.00
1643,48579,100.00
1644,51925,100.00
1645,43041,100.00
1646,42695,100.00
1647,35969,100.00
1648,42199,50.00
1649,29903,0.00
1650,44847,100.00
1651,48697,0.00
1652,49658,0.00
1653,63278,0.00
1654,52828,0.00
1655,49392,0.00
1656,52675,0.00
1657,52481,0.00
1658,53392,0.00
1659,60175,0.00
1660,53953,0.00
1661,52473,0.00
1662,50148,0.00
1663,60680,0.00
1664,64451,100.00
1665,49558,100.00
1666,20465,0.00
1667,46364,100.00
1668,58676,100.00
1669,27958,100.00
1670,38899,0.00
1671,35805,100.00
1672,34135,100.00
1673,33720,50.00
1674,66576,0.00
1675,50435,0.00
1676,49356,0.00
1677,38727,0.00
1678,46431,0.00
1679,46536,0.00
1680,52707,0.00
1681,47510,0.00
1682,50001,0.00
1683,53423,0.00
1684,58747,0.00
1685,48465,50.00
1686,25825,0.00
1687,40069,100.00
1688,56715,100.00
1689,52818,100.00
1690,45371,0.00
1691,28901,100.00
1692,24244,100.00
1693,26959,100.00
1694,26117,0.00
1695,59626,100.00
1696,57080,100.00
1697,34227,0.00
1698,59277,0.00
1699,54681,0.00
1700,54624,0.00
1701,53268,0.00
1702,56357,0.00
1703,52705,0.00
1704,52584,0.00
1705,58269,0.00
1706,56181,0.00
1707,51944,0.00
1708,59450,0.00
1709,54768,0.00
1710,53246,0.00
1711,68347,50.00
1712,53054,100.00
1713,30357,0.00
1714,25883,100.00
1715,30825,100.00
1716,50520,100.00
1717,42447,100.00
1718,47185,100.00
1719,35282,100.00
1720,59510,100.00
1721,40582,100.00
1722,36114,0.00
1723,47652,100.00
1724,52007,50.00
1725,57244,0.00
1726,61922,0.00
1727,61035,0.00
1728,59953,0.00
1729,59748,0.00
1730,49550,0.00
1731,73529,0.00
1732,66989,0.00
1733,53404,0.00
1734,59355,0.00
1735,48225,0.00
1736,55447,0.00
1737,52863,0.00
1738,53363,0.00
1739,63274,0.00
1740,76845,100.00
1741,39791,100.00
1742,30484,0.00
1743,36080,100.00
1744,38650,0.00
1745,25948,100.00
1746,26291,0.00
1747,42672,100.00
1748,41243,100.00
1749,28075,100.00
1750,29732,100.00
1751,50370,100.00
1752,57676,66.67
1753,44731,0.00
1754,39079,0.00
1755,60187,0.00
1756,59196,0.00
1757,51608,0.00
1758,48816,0.00
1759,50863,0.00
1760,53837,0.00
1761,48278,0.00
1762,47197,0.00
1763,47997,0.00
1764,49672,0.00
1765,52148,0.00
1766,59514,0.00
1767,67349,0.00
1768,65949,100.00
1769,58549,50.00
1770,26918,100.00
1771,27856,100.00
1772,37785,0.00
1773,29952,100.00
1774,43323,0.00
1775,43908,100.00
1776,24259,100.00
1777,46812,100.00
1778,44098,0.00
1779,24658,100.00
1780,47145,50.00
1781,52624,0.00
1782,52220,0.00
1783,56069,0.00
1784,51991,0.00
1785,53066,0.00
1786,55549,0.00
1787,57737,0.00
1788,53901,0.00
1789,54313,0.00
1790,50553,0.00
1791,52921,0.00
1792,62717,50.00
1793,55540,100.00
1794,24858,0.00
1795,47549,100.00
1796,53112,100.00
1797,34001,100.00
1798,45587,100.00
1799,41874,100.00
1800,36896,0.00
1801,39973,100.00
1802,52729,0.00
1803,36754,0.00
1804,53021,0.00
1805,50784,0.00
1806,57456,0.00
1807,51607,0.00
1808,57518,0.00
1809,60171,0.00
1810,54083,0.00
1811,54246,0.00
1812,66231,50.00
1813,33994,0.00
1814,29891,50.00
1815,35640,0.00
1816,65273,66.67
1817,21096,0.00
1818,21897,100.00
1819,20777,100.00
1820,22446,0.00
1821,26419,100.00
1822,46050,0.00
1823,51320,100.00
1824,67228,100.00
1825,43207,100.00
1826,31981,0.00
1827,34510,100.00
1828,47341,0.00
1829,48688,0.00
1830,47033,0.00
1831,48051,0.00
1832,45969,50.00
1833,45274,0.00
1834,40893,0.00
1835,39640,0.00
1836,42987,0.00
1837,41560,0.00
1838,49186,0.00
1839,49179,0.00
1840,64051,100.00
1841,35631,0.00
1842,37869,100.00
1843,39284,100.00
1844,43516,100.00
1845,28918,100.00
1846,45062,100.00
1847,38923,0.00
1848,39751,100.00
1849,22637,100.00
1850,27138,100.00
1851,52759,100.00
1852,45702,50.00
1853,25181,100.00
1854,34933,0.00
1855,58620,0.00
1856,47831,50.00
1857,44140,0.00
1858,47045,0.00
1859,60705,0.00
1860,53665,0.00
1861,48487,0.00
1862,50932,0.00
1863,52213,0.00
1864,58602,0.00
1865,66433,0.00
1866,49740,100.00
1867,60999,0.00
1868,50490,100.00
1869,34420,100.00
1870,28783,100.00
1871,24205,0.00
1872,59604,100.00
1873,40763,0.00
1874,44918,100.00
1875,37155,100.00
1876,39158,100.00
1877,30913,50.00
1878,29398,0.00
1879,35579,0.00
1880,50387,100.00
1881,44269,0.00
1882,42119,0.00
1883,48359,0.00
1884,48047,50.00
1885,43324,0.00
1886,44098,0.00
1887,48441,0.00
1888,44565,0.00
1889,50620,0.00
1890,47023,0.00
1891,56701,0.00
1892,59297,50.00
1893,38389,0.00
1894,47093,100.00
1895,44168,100.00
1896,38210,100.00
1897,26074,100.00
1898,26203,100.00
1899,33913,100.00
1900,49941,100.00
1901,41392,100.00
1902,40100,0.00
1903,37653,0.00
1904,51675,0.00
1905,50788,0.00
1906,62413,0.00
1907,54539,0.00
1908,53539,0.00
1909,48557,0.00
1910,63255,0.00
1911,62179,0.00
1912,70206,0.00
1913,41391,0.00
1914,41353,100.00
1915,59100,100.00
1916,63807,100.00
1917,49078,100.00
1918,56133,100.00
1919,25667,0.00
1920,38619,100.00
1921,30898,100.00
1922,26479,100.00
1923,66846,0.00
1924,57149,100.00
1925,64892,0.00
1926,66046,0.00
1927,55484,0.00
1928,59528,0.00
1929,55866,0.00
1930,54834,0.00
1931,55455,0.00
1932,58032,0.00
1933,58532,0.00
1934,52677,0.00
1935,54598,0.00
1936,57244,0.00
1937,72151,0.00
1938,57202,0.00
1939,70311,0.00
1940,51643,100.00
1941,27825,0.00
1942,36813,100.00
1943,30634,100.00
1944,59892,100.00
1945,44828,100.00
1946,28083,0.00
1947,24644,100.00
1948,46515,100.00
1949,38595,100.00
1950,47707,0.00
1951,45490,100.00
1952,43426,66.67
1953,30085,0.00
1954,42908,0.00
1955,48812,0.00
1956,53666,0.00
1957,52608,0.00
1958,51892,0.00
1959,54884,0.00
1960,58325,0.00
1961,54414,0.00
1962,51341,0.00
1963,49667,0.00
1964,54446,0.00
1965,55262,0.00
1966,57733,0.00
1967,67378,100.00
1968,68195,50.00
1969,40735,100.00
1970,40549,0.00
1971,38682,0.00
1972,53034,100.00
1973,27294,100.00
1974,40929,100.00
1975,42924,0.00
1976,44216,100.00
1977,28447,100.00
1978,38716,100.00
1979,52692,100.00
1980,54125,0.00
1981,46411,0.00
1982,43282,0.00
1983,45144,0.00
1984,50381,0.00
1985,57123,0.00
1986,53798,0.00
1987,56189,0.00
1988,58808,0.00
1989,59364,0.00
1990,55603,0.00
1991,63748,0.00
1992,53759,0.00
1993,61543,0.00
1994,68109,50.00
1995,50324,0.00
1996,51482,50.00
1997,27028,100.00
1998,24386,0.00
1999,26303,100.00
2000,64181,100.00
2001,37510,100.00
2002,31225,100.00
2003,32387,0.00
2004,59497,100.00
2005,33379,0.00
2006,27679,100.00
2007,40909,0.00
2008,57232,0.00
2009,59687,0.00
2010,53119,0.00
2011,53701,0.00
2012,52920,0.00
2013,54074,0.00
2014,55380,0.00
2015,54453,0.00
2016,58499,0.00
2017,61256,0.00
2018,59745,0.00
2019,56997,0.00
2020,89213,100.00
2021,64685,100.00
2022,36176,0.00
2023,39005,100.00
2024,62150,100.00
2025,47687,100.00
2026,41685,100.00
2027,34510,100.00
2028,41660,100.00
2029,44456,50.00
2030,45208,0.00
2031,49992,0.00
2032,56295,0.00
2033,49372,0.00
2034,56948,0.00
2035,54113,0.00
2036,56870,0.00
2037,58656,0.00
2038,59193,0.00
2039,62664,0.00
2040,52897,100.00
2041,31220,50.00
2042,31377,0.00
2043,61338,0.00
2044,87454,100.00
2045,32152,100.00
2046,21878,100.00
2047,25016,100.00
2048,36187,100.00
2049,47317,100.00
2050,57406,100.00
2051,59767,50.00
2052,49163,100.00
2053,35539,50.00
2054,32778,0.00
2055,54274,0.00
2056,59443,0.00
2057,66155,0.00
2058,52657,0.00
2059,55086,0.00
2060,55900,0.00
2061,64678,0.00
2062,54030,0.00
2063,54129,0.00
2064,59629,0.00
2065,65963,0.00
2066,68475,50.00
2067,54866,0.00
2068,52204,50.00
2069,64482,100.00
2070,26141,0.00
2071,26367,100.00
2072,52088,100.00
2073,42578,100.00
2074,25612,0.00
2075,24991,100.00
2076,39977,100.00
2077,48181,100.00
2078,47257,100.00
2079,42428,0.00
2080,44825,50.00
2081,31519,0.00
2082,59591,0.00
2083,59447,0.00
2084,59352,0.00
2085,60031,0.00
2086,66544,0.00
2087,62215,0.00
2088,64503,0.00
2089,58206,0.00
2090,56752,0.00
2091,61064,0.00
2092,56464,0.00
2093,54708,0.00
2094,66478,0.00
2095,62967,50.00
2096,50384,0.00
2097,36206,100.00
2098,20121,0.00
2099,48589,100.00
2100,48966,100.00
2101,29994,100.00
2102,31757,100.00
2103,39102,0.00
2104,39581,100.00
2105,25766,100.00
2106,42705,100.00
2107,49553,0.00
2108,55740,100.00
2109,52293,0.00
2110,48392,0.00
2111,49102,0.00
2112,52658,0.00
2113,56996,0.00
2114,56599,0.00
2115,55701,0.00
2116,53726,0.00
2117,55447,0.00
2118,51708,0.00
2119,53581,0.00
2120,69322,0.00
2121,44711,0.00
2122,36317,50.00
2123,59639,100.00
2124,56070,100.00
2125,28458,100.00
2126,29344,0.00
2127,23767,100.00
2128,63644,100.00
2129,38902,100.00
2130,32358,100.00
2131,57736,100.00
2132,59858,0.00
2133,60356,0.00
2134,57323,0.00
2135,61432,0.00
2136,58304,0.00
2137,72424,0.00
2138,58537,0.00
2139,69678,0.00
2140,61377,0.00
2141,69681,50.00
2142,40769,0.00
2143,32070,0.00
2144,48697,100.00
2145,49644,50.00
2146,68001,100.00
2147,26091,0.00
2148,23897,100.00
2149,22665,100.00
2150,25072,100.00
2151,27356,0.00
2152,65202,100.00
2153,59940,0.00
2154,52638,50.00
2155,49498,0.00
2156,59562,0.00
2157,61442,0.00
2158,56026,0.00
2159,60911,0.00
2160,60345,0.00
2161,61901,0.00
2162,62555,0.00
2163,56606,0.00
2164,62221,0.00
2165,70404,0.00
2166,37899,50.00
2167,29614,0.00
2168,49871,66.67
2169,22000,0.00
2170,47063,100.00
2171,42438,100.00
2172,36595,0.00
2173,23933,100.00
2174,24731,0.00
2175,25677,100.00
2176,70887,100.00
2177,50508,100.00
2178,39052,0.00
2179,27774,50.00
2180,61959,0.00
2181,55075,0.00
2182,60703,0.00
2183,58918,0.00
2184,60386,0.00
2185,55970,0.00
2186,63794,0.00
2187,59628,0.00
2188,77265,0.00
2189,55255,0.00
2190,60047,0.00
2191,53685,0.00
2192,66931,50.00
2193,59100,0.00
2194,33445,50.00
2195,33405,0.00
2196,47985,0.00
2197,60955,100.00
2198,24895,0.00
2199,25927,100.00
2200,61922,100.00
2201,35566,100.00
2202,24811,100.00
2203,24471,100.00
2204,56258,50.00
2205,55015,0.00
2206,46954,50.00
2207,53056,0.00
2208,61022,0.00
2209,73664,0.00
2210,56778,0.00
2211,72423,0.00
2212,55588,0.00
2213,53092,0.00
2214,54417,0.00
2215,59115,0.00
2216,67493,0.00
2217,58521,0.00
2218,60333,0.00
2219,85495,0.00
2220,71445,100.00
2221,64138,50.00
2222,22455,0.00
2223,23067,100.00
2224,38233,100.00
2225,39879,100.00
2226,37984,100.00
2227,34154,100.00
2228,35176,0.00
2229,48276,100.00
2230,36659,100.00
2231,42375,0.00
2232,50308,100.00
2233,56175,0.00
2234,51295,0.00
2235,54092,0.00
2236,56769,0.00
2237,61193,0.00
2238,60970,0.00
2239,56221,0.00
2240,62374,0.00
2241,56513,0.00
2242,53800,0.00
2243,56261,0.00
2244,67069,0.00
2245,67691,50.00
2246,47342,0.00
2247,42165,50.00
2248,57353,0.00
2249,62947,100.00
2250,34954,0.00
2251,25809,100.00
2252,37061,100.00
2253,34639,100.00
2254,52916,0.00
2255,32472,100.00
2256,49051,0.00
2257,50827,0.00
2258,64278,0.00
2259,52547,0.00
2260,54964,0.00
2261,67479,0.00
2262,61901,0.00
2263,34133,100.00
2264,50838,50.00
2265,53890,100.00
2266,27737,0.00
2267,36619,100.00
2268,37277,100.00
2269,25880,100.00
2270,39876,100.00
2271,41993,100.00
2272,44128,0.00
2273,43637,100.00
2274,46841,0.00
2275,34812,100.00
2276,45759,50.00
2277,56885,0.00
2278,58012,0.00
2279,57210,0.00
2280,61534,0.00
2281,56540,0.00
2282,50525,0.00
2283,51384,0.00
2284,55148,0.00
2285,46647,0.00
2286,50741,0.00
2287,49607,0.00
2288,54160,0.00
2289,47760,0.00
2290,59278,100.00
2291,56408,0.00
2292,55076,100.00
2293,26483,0.00
2294,27983,100.00
2295,30155,100.00
2296,47666,100.00
2297,35052,100.00
2298,29342,100.00
2299,38444,100.00
2300,46818,0.00
2301,36046,100.00
2302,34536,0.00
2303,26011,50.00
2304,45002,0.00
2305,54014,0.00
2306,51713,0.00
2307,66720,0.00
2308,60851,0.00
2309,56713,0.00
2310,58860,0.00
2311,64497,0.00
2312,57484,0.00
2313,61330,0.00
2314,53628,0.00
2315,61611,0.00
2316,58323,0.00
2317,58514,0.00
2318,65934,0.00
2319,62283,100.00
2320,77911,100.00
2321,65270,100.00
2322,27959,0.00
2323,54798,100.00
2324,34998,100.00
2325,25724,100.00
2326,34016,0.00
2327,24727,100.00
2328,62540,100.00
2329,43629,100.00
2330,53185,100.00
2331,45712,100.00
2332,47853,100.00
2333,47089,0.00
2334,50256,0.00
2335,59626,0.00
2336,50510,0.00
2337,48508,0.00
2338,48954,0.00
2339,49562,0.00
2340,52128,0.00
2341,48787,0.00
2342,52509,0.00
2343,58635,0.00
2344,55976,0.00
2345,54722,0.00
2346,53199,0.00
2347,57322,0.00
2348,86374,0.00
2349,46323,100.00
2350,23582,0.00
2351,48170,100.00
2352,53180,100.00
2353,35914,100.00
2354,38422,100.00
2355,25074,100.00
2356,21553,100.00
2357,31819,100.00
2358,32596,0.00
2359,43276,100.00
2360,44983,0.00
2361,54437,0.00
2362,53088,0.00
2363,55054,0.00
2364,69381,0.00
2365,56369,0.00
2366,53111,0.00
2367,60455,0.00
2368,60321,100.00
2369,32693,50.00
2370,38398,0.00
2371,60069,0.00
2372,48632,100.00
2373,44518,50.00
2374,27978,100.00
2375,28503,100.00
2376,36233,0.00
2377,38898,100.00
2378,48939,0.00
2379,42414,100.00
2380,72403,50.00
2381,55394,0.00
2382,45573,0.00
2383,53403,0.00
2384,58590,0.00
2385,61690,0.00
2386,65278,0.00
2387,65561,0.00
2388,65665,0.00
2389,72671,0.00
2390,70157,0.00
2391,52017,0.00
2392,49689,100.00
2393,36899,100.00
2394,24803,0.00
2395,39396,100.00
2396,53663,100.00
2397,28981,100.00
2398,28212,0.00
2399,24935,100.00
2400,61472,100.00
2401,51595,100.00
2402,38496,100.00
2403,32270,0.00
2404,48800,100.00
2405,37880,0.00
2406,44428,0.00
2407,54203,0.00
2408,57693,0.00
2409,59956,0.00
2410,55356,0.00
2411,58182,0.00
2412,61598,0.00
2413,60489,0.00
2414,56806,0.00
2415,54720,0.00
2416,58809,0.00
2417,65816,0.00
2418,65804,100.00
2419,40493,0.00
2420,53253,100.00
2421,21321,0.00
2422,36247,100.00
2423,32047,100.00
2424,37757,0.00
2425,53541,100.00
2426,39789,100.00
2427,26764,100.00
2428,24976,0.00
2429,42869,100.00
2430,51283,0.00
2431,33561,0.00
2432,49762,66.67
2433,48844,0.00
2434,52966,0.00
2435,79493,0.00
2436,60509,0.00
2437,70049,0.00
2438,56533,0.00
2439,69955,0.00
2440,58215,0.00
2441,56800,0.00
2442,55351,0.00
2443,54759,0.00
2444,71926,50.00
2445,41821,0.00
2446,63928,0.00
2447,43909,66.67
2448,42811,0.00
2449,30928,100.00
2450,33181,100.00
2451,37170,0.00
2452,51578,100.00
2453,40254,100.00
2454,36395,100.00
2455,30747,100.00
2456,47448,100.00
2457,31422,100.00
2458,42744,0.00
2459,45906,0.00
2460,51490,0.00
2461,50243,0.00
2462,53635,0.00
2463,54631,0.00
2464,56068,0.00
2465,58137,0.00
2466,70573,0.00
2467,68863,0.00
2468,62480,0.00
2469,55643,0.00
2470,52779,0.00
2471,65551,0.00
2472,63511,50.00
2473,57526,100.00
2474,20017,0.00
2475,50579,100.00
2476,57217,100.00
2477,29660,100.00
2478,27382,0.00
2479,55885,100.00
2480,41067,50.00
2481,39037,0.00
2482,54012,0.00
2483,54650,0.00
2484,51041,0.00
2485,63380,0.00
2486,48903,0.00
2487,64380,0.00
2488,59996,100.00
2489,29679,50.00
2490,31053,0.00
2491,43421,100.00
2492,58958,100.00
2493,36241,100.00
2494,30310,100.00
2495,23365,100.00
2496,54650,100.00
2497,39450,100.00
2498,31950,100.00
2499,39985,100.00
2500,50351,0.00
2501,39597,100.00
2502,33957,50.00
2503,42748,0.00
2504,50511,0.00
2505,46283,0.00
2506,49867,0.00
2507,58421,0.00
2508,59534,0.00
2509,58629,0.00
2510,59652,0.00
2511,58505,0.00
2512,64685,0.00
2513,66538,0.00
2514,56644,0.00
2515,61359,0.00
2516,56496,0.00
2517,71442,100.00
2518,35088,0.00
2519,34920,0.00
2520,24096,100.00
2521,21420,100.00
2522,23165,100.00
2523,24051,0.00
2524,248254,100.00
2525,52673,0.00
2526,49770,100.00
2527,47249,100.00
2528,42414,100.00
2529,30464,100.00
2530,35068,100.00
2531,41504,0.00
2532,48933,0.00
2533,57904,0.00
2534,53509,0.00
2535,55821,0.00
2536,61000,0.00
2537,59490,0.00
2538,56998,0.00
2539,50590,0.00
2540,65970,50.00
2541,49180,0.00
2542,52437,0.00
2543,50431,0.00
2544,55284,0.00
2545,61724,0.00
2546,58789,0.00
2547,69842,100.00
2548,78355,100.00
2549,43858,100.00
2550,39998,0.00
2551,31747,100.00
2552,22348,100.00
2553,22861,100.00
2554,24846,100.00
2555,26189,100.00
2556,66449,100.00
2557,44479,100.00
2558,55465,100.00
2559,34164,0.00
2560,46645,100.00
2561,41665,0.00
2562,50172,0.00
2563,69488,0.00
2564,55712,0.00
2565,55389,0.00
2566,61096,0.00
2567,56596,0.00
2568,56268,0.00
2569,66589,0.00
2570,54469,0.00
2571,60299,0.00
2572,51195,0.00
2573,51437,0.00
2574,55280,0.00
2575,58921,0.00
2576,58220,0.00
2577,79728,100.00
2578,25117,0.00
2579,37729,100.00
2580,53697,100.00
2581,34107,100.00
2582,31216,100.00
2583,33805,100.00
2584,24783,0.00
2585,33567,66.67
2586,30167,0.00
2587,45706,0.00
2588,48234,50.00
2589,57014,0.00
2590,57269,0.00
2591,58534,0.00
2592,53171,0.00
2593,52508,0.00
2594,52090,0.00
2595,64671,0.00
2596,57743,66.67
2597,30229,0.00
2598,30724,0.00
2599,57723,100.00
2600,54287,50.00
2601,39532,100.00
2602,23096,0.00
2603,26825,100.00
2604,35284,100.00
2605,43209,100.00
2606,45875,100.00
2607,48510,100.00
2608,64665,50.00
2609,40169,0.00
2610,46527,0.00
2611,62533,0.00
2612,56681,0.00
2613,58597,0.00
2614,53968,0.00
2615,58356,0.00
2616,54510,0.00
2617,60256,0.00
2618,52571,0.00
2619,62888,33.33
2620,45629,100.00
2621,30331,0.00
2622,46736,100.00
2623,31076,100.00
2624,68233,100.00
2625,30879,100.00
2626,27653,0.00
2627,27839,100.00
2628,55276,100.00
2629,56634,100.00
2630,31619,100.00
2631,40815,100.00
2632,42960,50.00
2633,41260,0.00
2634,34886,0.00
2635,47028,0.00
2636,49137,0.00
2637,54513,0.00
2638,49906,0.00
2639,49064,0.00
2640,51696,0.00
2641,48096,0.00
2642,40796,0.00
2643,42433,0.00
2644,48337,0.00
2645,62921,0.00
2646,71828,50.00
2647,45168,0.00
2648,51499,100.00
2649,58990,100.00
2650,19070,0.00
2651,24466,0.00
2652,35466,100.00
2653,47940,100.00
2654,38295,100.00
2655,27564,100.00
2656,25501,100.00
2657,55444,50.00
2658,46673,100.00
2659,36849,0.00
2660,48652,50.00
2661,38887,0.00
2662,42180,0.00
2663,46514,0.00
2664,47613,50.00
2665,43664,0.00
2666,48709,0.00
2667,49643,0.00
2668,52642,0.00
2669,54738,0.00
2670,56480,0.00
2671,51413,0.00
2672,64388,100.00
2673,49065,50.00
2674,52855,0.00
2675,34130,0.00
2676,42866,100.00
2677,31055,100.00
2678,30274,0.00
2679,36393,100.00
2680,39541,100.00
2681,36473,100.00
2682,35323,100.00
2683,22486,100.00
2684,45921,100.00
2685,30575,50.00
2686,42587,0.00
2687,44682,0.00
2688,45089,50.00
2689,46768,0.00
2690,48349,0.00
2691,48677,0.00
2692,60819,0.00
2693,47283,0.00
2694,56755,0.00
2695,47384,0.00
2696,61309,50.00
2697,45625,0.00
2698,43225,0.00
2699,56262,0.00
2700,55748,100.00
2701,23051,0.00
2702,28040,100.00
2703,50155,100.00
2704,55791,100.00
2705,31459,0.00
2706,39898,100.00
2707,54458,100.00
2708,50465,100.00
2709,42963,0.00
2710,62931,0.00
2711,56111,0.00
2712,57764,0.00
2713,61153,0.00
2714,61885,0.00
2715,68972,0.00
2716,61754,0.00
2717,61690,0.00
2718,59376,0.00
2719,57788,0.00
2720,82819,0.00
2721,44841,100.00
2722,38871,0.00
2723,27405,100.00
2724,65250,100.00
2725,60242,100.00
2726,28356,0.00
2727,28249,100.00
2728,23809,100.00
2729,30414,100.00
2730,26533,100.00
2731,41720,0.00
2732,58445,100.00
2733,23746,0.00
2734,47864,0.00
2735,43584,0.00
2736,47032,0.00
2737,41560,0.00
2738,52704,0.00
2739,56990,0.00
2740,55508,0.00
2741,52631,0.00
2742,52988,0.00
2743,66589,0.00
2744,52954,0.00
2745,50185,0.00
2746,47313,0.00
2747,46058,0.00
2748,70339,0.00
2749,56778,100.00
2750,22740,0.00
2751,24121,100.00
2752,39255,100.00
2753,44557,100.00
2754,42503,100.00
2755,32728,0.00
2756,62691,100.00
2757,36649,100.00
2758,30538,100.00
2759,29573,0.00
2760,47788,100.00
2761,39732,0.00
2762,42115,0.00
2763,46868,0.00
2764,51941,0.00
2765,43346,0.00
2766,45471,0.00
2767,50955,0.00
2768,56463,0.00
2769,45662,0.00
2770,49744,0.00
2771,50106,0.00
2772,50780,0.00
2773,49617,0.00
2774,57742,0.00
2775,72450,0.00
2776,75675,100.00
2777,44028,100.00
2778,23161,0.00
2779,50357,100.00
2780,97203,100.00
2781,32722,100.00
2782,28166,100.00
2783,47773,0.00
2784,48965,100.00
2785,31331,100.00
2786,31436,100.00
2787,49867,100.00
2788,67114,50.00
2789,38998,100.00
2790,46125,0.00
2791,53485,0.00
2792,55709,0.00
2793,53876,0.00
2794,56868,0.00
2795,54314,0.00
2796,60008,0.00
2797,58620,0.00
2798,50235,0.00
2799,55944,0.00
2800,55767,0.00
2801,54370,0.00
2802,58795,0.00
2803,65139,0.00
2804,68055,100.00
2805,63088,50.00
2806,22526,0.00
2807,24816,100.00
2808,34697,100.00
2809,24229,100.00
2810,47306,0.00
2811,48372,100.00
2812,22524,100.00
2813,44100,100.00
2814,44837,100.00
2815,28105,0.00
2816,51141,66.67
2817,45447,0.00
2818,54820,0.00
2819,52772,0.00
2820,53977,0.00
2821,61319,0.00
2822,55314,0.00
2823,55272,0.00
2824,61439,0.00
2825,58221,0.00
2826,59354,0.00
2827,71658,0.00
2828,69272,0.00
2829,54743,100.00
2830,29068,0.00
2831,51395,100.00
2832,60181,100.00
2833,35058,100.00
2834,49581,100.00
2835,39249,100.00
2836,41140,0.00
2837,36269,100.00
2838,52555,100.00
2839,45005,0.00
2840,54322,0.00
2841,54106,0.00
2842,51602,0.00
2843,52422,0.00
2844,53187,0.00
2845,56670,0.00
2846,55418,0.00
2847,53716,0.00
2848,64905,50.00
2849,35172,0.00
2850,35870,50.00
2851,40398,0.00
2852,65469,100.00
2853,30964,0.00
2854,36670,100.00
2855,23251,100.00
2856,37216,0.00
2857,28840,100.00
2858,40620,0.00
2859,43229,100.00
2860,67285,66.67
2861,37360,100.00
2862,28327,0.00
2863,32464,100.00
2864,50387,0.00
2865,55603,0.00
2866,54862,0.00
2867,61047,0.00
2868,62270,0.00
2869,57334,0.00
2870,55146,0.00
2871,56246,0.00
2872,61112,0.00
2873,57796,0.00
2874,62750,0.00
2875,71177,50.00
2876,60552,100.00
2877,36478,0.00
2878,56784,100.00
2879,48139,100.00
2880,45813,0.00
2881,46882,100.00
2882,43732,0.00
2883,26490,100.00
2884,25410,100.00
2885,23554,100.00
2886,47632,0.00
2887,47847,100.00
2888,49950,50.00
2889,36987,0.00
2890,43282,0.00
2891,56167,0.00
2892,53133,0.00
2893,55637,0.00
2894,66788,0.00
2895,53907,0.00
2896,73764,0.00
2897,44174,0.00
2898,47375,0.00
2899,57109,0.00
2900,55570,0.00
2901,63533,0.00
2902,46529,50.00
2903,51866,0.00
2904,50898,66.67
2905,21240,0.00
2906,23862,100.00
2907,45649,100.00
2908,60004,100.00
2909,42884,100.00
2910,43125,100.00
2911,37685,0.00
2912,42960,100.00
2913,32259,0.00
2914,34682,0.00
2915,60728,100.00
2916,68520,0.00
2917,56459,0.00
2918,61922,0.00
2919,59633,0.00
2920,74361,0.00
2921,60322,0.00
2922,64364,0.00
2923,63376,0.00
2924,67070,0.00
2925,60091,0.00
2926,69402,0.00
2927,51365,0.00
2928,67302,100.00
2929,47824,100.00
2930,43337,100.00
2931,31216,0.00
2932,23287,100.00
2933,25882,100.00
2934,23963,100.00
2935,37999,100.00
2936,53574,100.00
2937,38882,50.00
2938,44761,0.00
2939,62863,0.00
2940,56601,0.00
2941,55914,0.00
2942,52432,0.00
2943,53954,0.00
2944,58445,0.00
2945,55468,0.00
2946,54345,0.00
2947,60677,0.00
2948,78958,100.00
2949,47372,50.00
2950,41887,100.00
2951,47846,100.00
2952,46434,100.00
2953,51552,100.00
2954,35140,100.00
2955,29080,100.00
2956,35536,100.00
2957,26433,100.00
2958,50141,100.00
2959,52866,0.00
2960,53822,100.00
2961,53625,0.00
2962,50627,0.00
2963,65696,0.00
2964,58994,0.00
2965,54893,0.00
2966,59501,0.00
2967,58832,0.00
2968,62088,0.00
2969,59252,0.00
2970,57604,0.00
2971,59754,0.00
2972,72155,0.00
2973,57062,0.00
2974,62032,0.00
2975,39498,50.00
2976,40339,0.00
2977,42667,100.00
2978,24565,0.00
2979,40851,100.00
2980,60298,100.00
2981,35423,100.00
2982,27326,100.00
2983,25176,100.00
2984,67174,100.00
2985,41779,100.00
2986,37163,0.00
2987,30289,50.00
2988,42052,100.00
2989,45083,0.00
2990,48762,0.00
2991,52836,0.00
2992,55115,0.00
2993,61224,0.00
2994,55311,0.00
2995,58184,0.00
2996,55491,0.00
2997,62144,0.00
2998,52539,0.00
2999,58556,0.00
3000,75840,0.00
3001,67423,0.00
3002,65646,0.00
3003,53772,100.00
3004,49813,100.00
3005,53457,100.00
3006,48781,100.00
3007,28914,100.00
3008,38970,100.00
3009,43984,100.00
3010,40150,100.00
3011,31313,0.00
3012,34602,100.00
3013,45200,100.00
3014,42639,0.00
3015,27069,50.00
3016,53394,0.00
3017,59814,0.00
3018,56802,0.00
3019,61411,0.00
3020,53760,0.00
3021,60447,0.00
3022,64980,0.00
3023,67353,0.00
3024,65141,0.00
3025,68719,0.00
3026,70748,0.00
3027,60784,0.00
3028,67354,0.00
3029,77043,0.00
3030,52844,0.00
3031,53841,50.00
3032,44833,100.00
3033,28601,100.00
3034,26984,100.00
3035,38124,0.00
3036,55058,100.00
3037,30579,100.00
3038,35894,100.00
3039,33280,100.00
3040,45694,100.00
3041,28481,100.00
3042,44274,0.00
3043,46712,0.00
3044,50173,0.00
3045,63149,0.00
3046,53634,0.00
3047,75079,0.00
3048,61158,0.00
3049,50797,0.00
3050,54702,0.00
3051,52744,0.00
3052,60099,0.00
3053,48096,0.00
3054,48555,0.00
3055,56478,0.00
3056,65058,100.00
3057,47144,100.00
3058,34047,100.00
3059,28282,100.00
3060,63670,100.00
3061,49274,100.00
3062,28615,0.00
3063,45064,100.00
3064,49654,66.67
3065,49749,0.00
3066,53048,0.00
3067,53782,0.00
3068,54299,0.00
3069,53987,0.00
3070,60986,0.00
3071,53980,0.00
3072,58797,0.00
3073,64441,0.00
3074,35097,0.00
3075,37724,100.00
3076,46698,50.00
3077,59561,100.00
3078,41189,100.00
3079,28413,0.00
3080,40607,100.00
3081,25391,100.00
3082,27456,100.00
3083,51956,100.00
3084,67441,100.00
3085,54816,100.00
3086,33276,0.00
3087,36273,0.00
3088,45068,66.67
3089,57559,0.00
3090,63925,0.00
3091,62897,0.00
3092,58151,0.00
3093,53903,0.00
3094,59212,0.00
3095,55979,0.00
3096,57203,0.00
3097,59632,0.00
3098,55406,0.00
3099,52965,0.00
3100,67317,100.00
3101,35312,0.00
3102,60446,100.00
3103,29017,0.00
3104,42367,0.00
3105,28809,100.00
3106,51353,0.00
3107,49120,100.00
3108,37357,100.00
3109,25680,100.00
3110,26390,0.00
3111,62179,100.00
3112,66990,100.00
3113,34752,50.00
3114,57974,0.00
3115,50837,50.00
3116,54387,0.00
3117,53475,0.00
3118,54939,0.00
3119,54502,0.00
3120,63223,0.00
3121,90838,0.00
3122,55163,0.00
3123,68309,0.00
3124,58643,0.00
3125,58316,0.00
3126,53303,0.00
3127,52477,0.00
3128,60517,0.00
3129,58615,0.00
3130,44528,100.00
3131,29060,0.00
3132,37272,0.00
3133,49652,100.00
3134,38464,100.00
3135,28319,100.00
3136,46737,100.00
3137,39935,100.00
3138,25078,0.00
3139,24274,100.00
3140,45038,66.67
3141,46518,100.00
3142,31637,0.00
3143,55519,0.00
3144,55659,0.00
3145,51119,0.00
3146,49536,0.00
3147,55654,0.00
3148,56446,0.00
3149,58959,0.00
3150,54173,0.00
3151,55628,0.00
3152,53937,0.00
3153,51771,0.00
3154,66449,0.00
3155,54082,100.00
3156,61778,0.00
3157,55604,100.00
3158,44860,100.00
3159,27395,100.00
3160,39385,100.00
3161,26018,100.00
3162,39236,100.00
3163,38881,100.00
3164,43889,100.00
3165,39172,100.00
3166,49066,0.00
3167,51673,0.00
3168,58607,0.00
3169,53456,0.00
3170,55880,0.00
3171,53505,0.00
3172,58280,0.00
3173,60481,0.00
3174,75435,0.00
3175,72859,0.00
3176,64151,50.00
3177,28282,0.00
3178,32880,0.00
3179,38556,100.00
3180,64994,66.67
3181,35018,0.00
3182,25215,100.00
3183,21392,0.00
3184,23434,100.00
3185,27670,100.00
3186,22060,100.00
3187,57256,100.00
3188,62019,100.00
3189,46497,0.00
3190,72491,0.00
3191,56921,0.00
3192,56621,0.00
3193,57759,0.00
3194,53511,0.00
3195,56747,0.00
3196,55725,0.00
3197,52251,0.00
3198,56390,0.00
3199,50688,0.00
3200,65399,100.00
3201,32221,0.00
3202,33221,100.00
3203,39693,0.00
3204,41557,100.00
3205,54732,100.00
3206,44093,100.00
3207,28097,100.00
3208,22745,100.00
3209,25310,100.00
3210,33194,100.00
3211,49539,0.00
3212,59581,100.00
3213,30861,0.00
3214,32091,0.00
3215,46501,100.00
3216,53740,0.00
3217,65613,0.00
3218,51775,0.00
3219,63073,0.00
3220,61514,0.00
3221,62437,0.00
3222,58898,0.00
3223,60313,0.00
3224,59980,0.00
3225,59532,0.00
3226,59488,0.00
3227,72378,0.00
3228,64964,100.00
3229,45821,0.00
3230,30190,100.00
3231,38569,100.00
3232,51518,0.00
3233,34761,100.00
3234,42460,0.00
3235,41816,100.00
3236,43644,100.00
3237,21412,100.00
3238,22523,100.00
3239,44321,0.00
3240,51206,100.00
3241,33613,50.00
3242,44256,0.00
3243,58740,0.00
3244,55512,0.00
3245,63030,0.00
3246,60707,0.00
3247,57111,0.00
3248,66337,0.00
3249,56930,0.00
3250,53422,0.00
3251,66096,0.00
3252,61247,0.00
3253,67415,0.00
3254,57177,0.00
3255,55350,100.00
3256,75359,100.00
3257,43719,100.00
3258,21725,0.00
3259,24977,100.00
3260,61064,100.00
3261,46916,100.00
3262,30447,100.00
3263,59051,100.00
3264,51406,100.00
3265,37670,50.00
3266,34721,0.00
3267,52589,0.00
3268,56101,100.00
3269,58147,0.00
3270,56302,0.00
3271,55715,0.00
3272,62293,0.00
3273,70937,0.00
3274,54614,0.00
3275,55506,0.00
3276,54627,0.00
3277,55946,0.00
3278,53440,0.00
3279,68307,0.00
3280,68133,66.67
3281,42252,0.00
3282,39974,0.00
3283,53838,100.00
3284,55737,100.00
3285,24974,100.00
3286,35648,100.00
3287,34643,0.00
3288,57163,100.00
3289,27942,50.00
3290,51574,0.00
3291,55201,0.00
3292,55871,0.00
3293,51585,0.00
3294,56559,0.00
3295,68571,0.00
3296,64716,100.00
3297,29580,50.00
3298,46726,100.00
3299,44773,0.00
3300,55212,100.00
3301,24847,100.00
3302,24790,100.00
3303,25213,100.00
3304,57131,100.00
3305,41616,100.00
3306,41018,0.00
3307,45743,100.00
3308,41285,50.00
3309,35638,0.00
3310,40861,0.00
3311,49525,0.00
3312,52159,0.00
3313,54410,0.00
3314,58624,0.00
3315,71202,0.00
3316,58430,0.00
3317,59197,0.00
3318,61238,0.00
3319,67785,0.00
3320,60673,0.00
3321,60326,0.00
3322,54864,0.00
3323,70737,100.00
3324,86246,0.00
3325,61848,100.00
3326,24671,0.00
3327,22404,100.00
3328,38246,100.00
3329,38926,100.00
3330,39726,100.00
3331,30915,100.00
3332,36111,100.00
3333,47527,100.00
3334,37472,100.00
3335,43627,0.00
3336,64170,100.00
3337,55103,0.00
3338,57326,0.00
3339,56010,0.00
3340,57557,0.00
3341,61616,0.00
3342,54727,0.00
3343,59300,0.00
3344,59661,0.00
3345,72744,0.00
3346,60355,0.00
3347,66112,0.00
3348,61792,0.00
3349,57836,0.00
3350,59512,0.00
3351,69832,0.00
3352,89195,100.00
3353,67068,100.00
3354,23825,0.00
3355,56592,0.00
3356,54945,100.00
3357,30130,0.00
3358,24299,100.00
3359,26788,100.00
3360,59870,100.00
3361,47644,100.00
3362,32170,100.00
3363,53834,100.00
3364,58464,100.00
3365,50374,0.00
3366,62192,0.00
3367,60650,0.00
3368,65184,0.00
3369,57627,0.00
3370,58236,0.00
3371,59770,0.00
3372,62967,0.00
3373,69020,0.00
3374,58968,0.00
3375,60362,0.00
3376,63733,0.00
3377,57822,0.00
3378,57780,0.00
3379,54805,0.00
3380,74618,100.00
3381,69848,100.00
3382,23012,0.00
3383,55242,100.00
3384,64988,100.00
3385,29275,100.00
3386,43094,100.00
3387,38283,100.00
3388,35391,0.00
3389,32778,100.00
3390,43659,0.00
3391,42757,0.00
3392,59483,0.00
3393,58855,0.00
3394,54964,0.00
3395,55610,0.00
3396,62847,0.00
3397,60762,0.00
3398,56696,0.00
3399,55417,0.00
3400,73526,66.67
3401,36395,50.00
3402,32303,0.00
3403,36780,0.00
3404,55361,100.00
3405,46583,100.00
3406,22418,0.00
3407,21275,100.00
3408,35544,0.00
3409,26742,100.00
3410,33634,100.00
3411,52835,100.00
3412,67375,0.00
3413,53926,0.00
3414,55230,0.00
3415,53558,0.00
3416,56789,0.00
3417,55280,0.00
3418,54478,0.00
3419,58457,0.00
3420,57309,0.00
3421,55849,0.00
3422,59236,0.00
3423,70414,0.00
3424,70218,100.00
3425,34371,50.00
3426,54575,0.00
3427,42433,100.00
3428,56965,100.00
3429,39343,100.00
3430,26947,100.00
3431,26111,100.00
3432,39856,100.00
3433,37523,100.00
3434,40029,100.00
3435,45093,0.00
3436,51827,66.67
3437,27231,100.00
3438,30512,0.00
3439,53113,0.00
3440,51000,0.00
3441,55097,0.00
3442,56404,0.00
3443,53050,0.00
3444,60109,0.00
3445,57057,0.00
3446,53313,0.00
3447,53999,0.00
3448,55313,0.00
3449,60722,0.00
3450,48070,0.00
3451,57693,0.00
3452,47165,50.00
3453,31222,100.00
3454,35084,0.00
3455,48590,100.00
3456,58954,100.00
3457,32941,100.00
3458,44986,100.00
3459,38131,100.00
3460,36830,100.00
3461,25551,100.00
3462,39295,100.00
3463,52638,0.00
3464,55510,100.00
3465,41359,50.00
3466,52971,0.00
3467,59190,0.00
3468,62235,0.00
3469,69236,0.00
3470,57398,0.00
3471,54497,0.00
3472,53587,0.00
3473,57155,0.00
3474,55083,0.00
3475,57432,0.00
3476,58304,0.00
3477,68812,0.00
3478,38304,0.00
3479,60378,100.00
3480,46465,66.67
3481,20640,0.00
3482,23939,100.00
3483,24107,0.00
3484,65498,100.00
3485,49349,0.00
3486,41758,100.00
3487,45792,100.00
3488,38670,100.00
3489,31611,100.00
3490,36289,0.00
3491,43820,0.00
3492,53909,100.00
3493,44219,0.00
3494,53758,0.00
3495,54394,0.00
3496,54441,0.00
3497,53186,0.00
3498,52121,0.00
3499,52068,0.00
3500,52287,0.00
3501,52771,0.00
3502,52285,0.00
3503,50650,0.00
3504,59877,50.00
3505,34466,0.00
3506,39574,100.00
3507,34651,100.00
3508,63621,100.00
3509,42361,100.00
3510,28306,0.00
3511,26818,100.00
3512,50654,100.00
3513,32023,0.00
3514,39446,0.00
3515,42564,0.00
3516,52063,0.00
3517,55087,0.00
3518,53052,0.00
3519,55610,0.00
3520,56394,0.00
3521,67825,100.00
3522,33275,0.00
3523,39612,100.00
3524,48572,0.00
3525,41296,100.00
3526,41048,0.00
3527,30081,100.00
3528,38186,100.00
3529,49577,100.00
3530,46013,0.00
3531,38394,100.00
3532,53458,100.00
3533,34791,100.00
3534,46646,100.00
3535,41616,0.00
3536,55649,50.00
3537,64039,0.00
3538,61445,0.00
3539,56126,0.00
3540,59614,0.00
3541,52143,0.00
3542,53977,0.00
3543,54264,0.00
3544,58575,0.00
3545,59282,0.00
3546,55827,0.00
3547,55999,0.00
3548,61844,0.00
3549,58215,0.00
3550,70890,0.00
3551,64247,100.00
3552,57886,100.00
3553,28340,100.00
3554,22153,0.00
3555,21718,100.00
3556,26033,100.00
3557,46274,100.00
3558,45715,0.00
3559,50132,100.00
3560,53964,100.00
3561,29365,100.00
3562,38668,100.00
3563,39032,50.00
3564,65276,0.00
3565,56159,0.00
3566,61170,0.00
3567,69273,0.00
3568,60893,0.00
3569,61082,0.00
3570,57483,0.00
3571,58218,0.00
3572,72035,0.00
3573,71544,0.00
3574,62181,0.00
3575,59310,0.00
3576,61936,0.00
3577,71114,0.00
3578,66569,0.00
3579,74221,66.67
3580,20310,0.00
3581,48026,100.00
3582,45398,0.00
3583,32466,100.00
3584,36581,100.00
3585,21037,100.00
3586,20697,100.00
3587,26886,100.00
3588,44503,100.00
3589,45722,100.00
3590,52372,100.00
3591,47274,0.00
3592,46530,100.00
3593,47990,0.00
3594,57068,0.00
3595,66156,0.00
3596,67867,0.00
3597,61183,0.00
3598,59209,0.00
3599,55342,0.00
3600,56661,0.00
3601,62335,0.00
3602,56915,0.00
3603,60569,0.00
3604,64595,0.00
3605,57022,0.00
3606,53899,0.00
3607,60146,0.00
3608,61605,0.00
3609,70850,100.00
3610,26137,0.00
3611,29684,100.00
3612,67263,100.00
3613,52658,100.00
3614,43117,100.00
3615,34203,100.00
3616,24195,100.00
3617,34300,100.00
3618,29671,0.00
3619,36259,100.00
3620,54924,0.00
3621,56552,0.00
3622,64837,0.00
3623,58052,0.00
3624,61078,0.00
3625,57068,0.00
3626,60048,0.00
3627,59455,0.00
3628,71277,100.00
3629,32087,0.00
3630,34666,0.00
3631,56254,50.00
3632,50984,100.00
3633,28306,0.00
3634,28895,100.00
3635,30979,100.00
3636,38080,0.00
3637,37990,100.00
3638,42840,0.00
3639,44852,100.00
3640,68216,100.00
3641,46780,0.00
3642,50284,0.00
3643,51123,0.00
3644,55744,0.00
3645,55245,0.00
3646,54418,0.00
3647,64336,0.00
3648,68335,0.00
3649,57378,0.00
3650,57396,0.00
3651,92049,100.00
3652,62598,50.00
3653,34387,0.00
3654,32060,100.00
3655,29904,100.00
3656,68261,100.00
3657,36440,100.00
3658,29193,0.00
3659,22811,100.00
3660,53377,100.00
3661,41985,100.00
3662,29589,100.00
3663,32461,50.00
3664,45946,100.00
3665,40955,0.00
3666,54013,0.00
3667,54455,0.00
3668,67516,0.00
3669,58707,0.00
3670,54141,0.00
3671,55324,0.00
3672,52680,0.00
3673,48003,0.00
3674,47629,0.00
3675,41975,0.00
3676,48430,0.00
3677,48969,0.00
3678,56258,100.00
3679,34176,0.00
3680,52061,100.00
3681,59592,100.00
3682,21086,0.00
3683,24007,0.00
3684,35874,100.00
3685,53667,100.00
3686,32457,100.00
3687,29402,0.00
3688,25805,100.00
3689,54880,100.00
3690,42986,100.00
3691,35797,0.00
3692,45568,50.00
3693,47061,0.00
3694,46411,0.00
3695,50905,0.00
3696,57182,0.00
3697,51577,0.00
3698,50337,0.00
3699,59721,0.00
3700,48882,0.00
3701,44452,0.00
3702,45966,0.00
3703,59093,0.00
3704,65700,50.00
3705,47872,0.00
3706,44385,50.00
3707,36085,0.00
3708,44376,100.00
3709,28407,100.00
3710,50365,100.00
3711,45223,100.00
3712,50591,100.00
3713,48069,100.00
3714,30945,0.00
3715,36988,100.00
3716,39344,50.00
3717,40299,0.00
3718,51538,50.00
3719,57436,0.00
3720,54491,0.00
3721,53798,0.00
3722,54202,0.00
3723,61543,0.00
3724,55918,0.00
3725,57127,0.00
3726,66964,0.00
3727,71530,0.00
3728,60238,0.00
3729,59170,0.00
3730,69258,0.00
3731,48038,0.00
3732,57746,100.00
3733,61411,100.00
3734,69311,0.00
3735,25125,100.00
3736,35586,0.00
3737,24997,100.00
3738,33696,0.00
3739,41361,100.00
3740,50062,66.67
3741,44415,0.00
3742,45933,0.00
3743,50188,0.00
3744,47655,0.00
3745,56510,0.00
3746,57680,0.00
3747,51247,0.00
3748,51891,0.00
3749,53744,0.00
3750,53402,0.00
3751,64839,50.00
3752,48579,0.00
3753,42912,100.00
3754,45928,100.00
3755,33011,100.00
3756,61375,100.00
3757,36283,100.00
3758,27647,100.00
3759,25022,100.00
3760,25202,0.00
3761,51767,100.00
3762,53968,100.00
3763,36692,100.00
3764,52965,0.00
3765,56342,0.00
3766,63483,0.00
3767,53395,0.00
3768,57758,0.00
3769,56566,0.00
3770,53758,0.00
3771,53207,0.00
3772,55438,0.00
3773,57174,0.00
3774,49623,0.00
3775,51393,0.00
3776,53363,0.00
3777,60396,0.00
3778,52907,0.00
3779,54576,100.00
3780,42552,100.00
3781,27335,100.00
3782,25943,100.00
3783,49946,0.00
3784,43128,100.00
3785,29962,100.00
3786,39492,100.00
3787,42335,100.00
3788,49508,100.00
3789,43288,100.00
3790,29783,0.00
3791,50083,0.00
3792,58721,0.00
3793,53461,0.00
3794,51824,0.00
3795,58845,0.00
3796,60085,0.00
3797,57030,0.00
3798,59714,0.00
3799,59973,0.00
3800,60056,0.00
3801,54580,0.00
3802,56848,0.00
3803,58354,0.00
3804,64879,50.00
3805,60330,0.00
3806,38809,100.00
3807,37161,100.00
3808,58060,100.00
3809,41499,100.00
3810,25853,100.00
3811,26051,0.00
3812,48947,100.00
3813,38415,100.00
3814,25616,100.00
3815,30918,100.00
3816,35420,100.00
3817,44178,100.00
3818,18619,0.00
3819,48527,0.00
3820,56554,0.00
3821,62434,0.00
3822,53744,0.00
3823,64662,0.00
3824,56676,0.00
3825,55665,0.00
3826,60230,0.00
3827,59003,0.00
3828,62188,0.00
3829,71521,0.00
3830,66091,0.00
3831,57277,0.00
3832,71347,0.00
3833,48262,50.00
3834,60921,100.00
3835,23355,0.00
3836,23400,100.00
3837,24720,100.00
3838,24480,100.00
3839,46533,100.00
3840,50752,100.00
3841,28681,100.00
3842,43547,100.00
3843,49018,100.00
3844,45777,50.00
3845,41655,0.00
3846,50185,0.00
3847,54114,0.00
3848,63604,0.00
3849,71858,0.00
3850,67964,0.00
3851,56805,0.00
3852,74207,0.00
3853,57205,0.00
3854,60567,0.00
3855,64294,0.00
3856,61711,0.00
3857,71800,0.00
3858,59940,50.00
3859,35662,100.00
3860,68099,100.00
3861,49138,100.00
3862,32031,100.00
3863,43013,0.00
3864,49029,100.00
3865,32942,100.00
3866,38522,100.00
3867,52777,100.00
3868,62627,0.00
3869,46584,0.00
3870,53613,0.00
3871,58105,0.00
3872,69794,0.00
3873,55912,0.00
3874,54684,0.00
3875,56186,0.00
3876,59078,0.00
3877,63715,100.00
3878,38175,0.00
3879,33900,100.00
3880,50121,50.00
3881,42753,100.00
3882,44639,100.00
3883,28694,0.00
3884,23055,100.00
3885,21130,100.00
3886,26566,100.00
3887,35175,100.00
3888,57794,100.00
3889,49218,100.00
3890,37210,0.00
3891,29319,100.00
3892,50742,50.00
3893,49088,0.00
3894,47846,0.00
3895,49466,0.00
3896,56334,0.00
3897,53645,0.00
3898,47391,0.00
3899,49526,0.00
3900,55089,0.00
3901,56756,0.00
3902,56418,0.00
3903,54222,0.00
3904,67627,0.00
3905,39308,0.00
3906,38117,100.00
3907,45716,50.00
3908,57644,100.00
3909,31057,100.00
3910,26556,0.00
3911,51469,100.00
3912,55546,100.00
3913,27703,100.00
3914,26191,100.00
3915,26823,100.00
3916,57744,100.00
3917,38566,0.00
3918,49659,50.00
3919,33303,0.00
3920,56999,0.00
3921,56364,0.00
3922,57406,0.00
3923,58004,0.00
3924,59382,0.00
3925,59686,0.00
3926,60580,0.00
3927,62275,0.00
3928,62965,0.00
3929,65923,0.00
3930,71674,0.00
3931,57077,50.00
3932,63887,0.00
3933,48858,50.00
3934,46954,100.00
3935,31770,0.00
3936,39653,100.00
3937,52240,100.00
3938,52316,100.00
3939,53341,100.00
3940,54973,100.00
3941,28072,100.00
3942,32682,0.00
3943,29150,0.00
3944,43310,100.00
3945,56661,50.00
3946,59562,0.00
3947,58846,0.00
3948,55594,0.00
3949,54360,0.00
3950,58465,0.00
3951,52299,0.00
3952,57612,0.00
3953,52360,0.00
3954,61983,0.00
3955,54395,0.00
3956,62413,0.00
3957,32409,0.00
3958,41327,100.00
3959,50946,50.00
3960,53562,100.00
3961,28482,100.00
3962,23253,100.00
3963,24598,100.00
3964,25513,100.00
3965,35808,100.00
3966,41563,100.00
3967,26437,0.00
3968,45568,0.00
3969,50707,0.00
3970,53245,0.00
3971,51755,0.00
3972,49366,0.00
3973,47629,0.00
3974,61048,0.00
3975,47647,0.00
3976,55804,0.00
3977,67096,0.00
3978,40614,50.00
3979,40720,100.00
3980,62993,100.00
3981,47125,100.00
3982,39306,0.00
3983,38217,100.00
3984,43983,100.00
3985,30042,100.00
3986,25409,0.00
3987,36459,100.00
3988,48743,100.00
3989,28830,100.00
3990,38328,100.00
3991,34579,0.00
3992,41939,0.00
3993,36871,0.00
3994,42876,0.00
3995,39296,0.00
3996,47090,0.00
3997,44075,0.00
3998,43046,0.00
3999,42720,0.00
4000,75743,0.00
4001,47656,0.00
4002,47186,0.00
4003,63492,0.00
4004,67954,100.00
4005,34207,50.00
4006,34229,0.00
4007,34699,100.00
4008,41145,100.00
4009,48102,100.00
4010,28929,100.00
4011,25166,100.00
4012,25727,0.00
4013,28834,100.00
4014,50052,100.00
4015,49538,100.00
4016,53121,50.00
4017,29713,100.00
4018,44732,0.00
4019,46844,0.00
4020,49538,0.00
4021,49037,0.00
4022,53659,0.00
4023,60092,0.00
4024,62243,0.00
4025,58290,0.00
4026,55757,0.00
4027,56682,0.00
4028,69779,0.00
4029,68104,0.00
4030,54661,0.00
4031,65390,0.00
4032,77550,50.00
4033,38175,100.00
4034,31910,0.00
4035,33520,0.00
4036,24135,100.00
4037,24975,100.00
4038,22691,100.00
4039,38634,0.00
4040,34201,100.00
4041,26309,100.00
4042,31981,100.00
4043,43519,0.00
4044,51184,100.00
4045,41601,0.00
4046,48028,0.00
4047,50921,0.00
4048,57153,0.00
4049,54233,0.00
4050,51118,0.00
4051,52101,0.00
4052,56209,0.00
4053,54652,0.00
4054,50835,0.00
4055,53643,0.00
4056,55407,0.00
4057,52479,0.00
4058,54744,50.00
4059,47789,0.00
4060,48333,66.67
4061,52164,100.00
4062,21665,0.00
4063,25654,100.00
4064,37311,100.00
4065,45417,100.00
4066,41078,0.00
4067,30708,100.00
4068,58319,100.00
4069,44059,100.00
4070,40656,100.00
4071,38106,0.00
4072,49106,0.00
4073,49831,0.00
4074,49748,0.00
4075,50375,0.00
4076,50563,0.00
4077,51338,0.00
4078,54175,0.00
4079,50691,0.00
4080,56707,0.00
4081,54393,0.00
4082,51397,0.00
4083,53893,0.00
4084,68290,0.00
4085,62996,66.67
4086,27577,0.00
4087,45850,100.00
4088,47425,100.00
4089,26404,100.00
4090,50469,100.00
4091,42705,0.00
4092,39486,100.00
4093,45955,100.00
4094,40424,0.00
4095,37669,50.00
4096,40484,0.00
4097,38211,0.00
4098,38331,0.00
4099,43116,0.00
4100,53745,0.00
4101,60782,0.00
4102,53128,0.00
4103,65444,0.00
4104,52618,100.00
4105,32422,0.00
4106,35297,100.00
4107,60352,50.00
4108,49219,0.00
4109,30347,100.00
4110,21631,100.00
4111,24120,100.00
4112,34893,100.00
4113,59075,100.00
4114,53528,100.00
4115,50410,100.00
4116,52840,100.00
4117,37211,0.00
4118,58387,0.00
4119,49476,50.00
4120,56883,0.00
4121,61163,0.00
4122,59028,0.00
4123,57851,0.00
4124,60458,0.00
4125,68754,0.00
4126,61883,0.00
4127,71657,0.00
4128,56520,0.00
4129,60575,0.00
4130,68977,0.00
4131,73628,0.00
4132,57744,50.00
4133,63246,0.00
4134,70749,100.00
4135,51400,100.00
4136,63948,100.00
4137,30312,100.00
4138,53147,100.00
4139,37916,100.00
4140,41674,100.00
4141,24401,100.00
4142,44020,100.00
4143,46714,0.00
4144,59509,100.00
4145,40907,0.00
4146,28943,0.00
4147,55973,0.00
4148,66058,0.00
4149,56402,0.00
4150,61032,0.00
4151,60982,0.00
4152,62445,0.00
4153,57448,0.00
4154,56909,0.00
4155,61778,0.00
4156,64582,0.00
4157,55091,0.00
4158,59789,0.00
4159,57835,0.00
4160,64771,0.00
4161,56717,50.00
4162,55783,100.00
4163,38644,0.00
4164,41881,100.00
4165,49467,100.00
4166,41121,100.00
4167,24342,100.00
4168,36004,100.00
4169,47887,100.00
4170,36401,100.00
4171,26073,100.00
4172,50529,100.00
4173,47821,0.00
4174,32986,100.00
4175,38599,0.00
4176,45800,50.00
4177,48953,0.00
4178,55891,0.00
4179,56683,0.00
4180,55832,0.00
4181,54525,0.00
4182,68745,0.00
4183,55285,0.00
4184,65170,0.00
4185,58124,0.00
4186,58411,0.00
4187,66411,0.00
4188,62458,100.00
4189,63345,50.00
4190,27235,0.00
4191,36760,100.00
4192,36554,100.00
4193,25898,100.00
4194,24404,100.00
4195,44239,100.00
4196,49446,100.00
4197,28417,100.00
4198,55383,0.00
4199,39650,0.00
4200,47537,0.00
4201,51177,0.00
4202,49761,0.00
4203,54631,0.00
4204,69012,0.00
4205,53885,0.00
4206,56069,0.00
4207,72405,0.00
4208,69823,100.00
4209,35196,0.00
4210,24476,0.00
4211,41944,50.00
4212,59660,100.00
4213,49224,50.00
4214,22844,0.00
4215,23896,100.00
4216,24651,100.00
4217,28015,100.00
4218,21503,100.00
4219,53404,100.00
4220,59356,100.00
4221,42726,0.00
4222,58763,0.00
4223,56850,0.00
4224,61933,0.00
4225,62312,0.00
4226,68719,0.00
4227,64750,0.00
4228,60209,0.00
4229,58490,0.00
4230,57643,0.00
4231,65572,0.00
4232,71697,50.00
4233,32288,0.00
4234,27473,50.00
4235,32567,100.00
4236,48403,0.00
4237,48987,100.00
4238,30339,0.00
4239,26996,100.00
4240,23580,100.00
4241,24871,100.00
4242,46823,100.00
4243,41027,100.00
4244,53849,100.00
4245,33289,0.00
4246,36456,0.00
4247,43118,50.00
4248,59663,0.00
4249,55444,0.00
4250,50278,0.00
4251,52248,0.00
4252,53620,0.00
4253,48948,0.00
4254,52514,0.00
4255,55286,0.00
4256,53055,0.00
4257,53662,0.00
4258,56153,0.00
4259,64452,0.00
4260,55928,66.67
4261,40218,0.00
4262,34685,50.00
4263,46024,100.00
4264,59510,100.00
4265,33372,100.00
4266,48241,0.00
4267,49520,100.00
4268,36803,100.00
4269,23314,100.00
4270,30592,100.00
4271,47172,0.00
4272,60196,50.00
4273,35025,100.00
4274,43351,0.00
4275,58517,0.00
4276,51624,0.00
4277,49559,0.00
4278,46877,0.00
4279,49902,0.00
4280,68306,0.00
4281,52120,0.00
4282,56118,0.00
4283,53983,0.00
4284,60643,0.00
4285,67490,0.00
4286,58350,0.00
4287,49619,50.00
4288,70672,100.00
4289,41612,100.00
4290,24684,0.00
4291,25345,100.00
4292,59647,100.00
4293,37383,100.00
4294,29815,100.00
4295,38169,100.00
4296,41819,0.00
4297,38067,100.00
4298,35383,100.00
4299,36768,0.00
4300,39333,50.00
4301,41269,0.00
4302,35050,0.00
4303,40118,0.00
4304,47467,0.00
4305,48304,0.00
4306,53913,0.00
4307,57021,0.00
4308,59556,0.00
4309,57991,0.00
4310,52896,0.00
4311,50685,0.00
4312,61532,100.00
4313,39373,0.00
4314,53018,100.00
4315,25859,0.00
4316,67065,100.00
4317,41579,100.00
4318,39758,0.00
4319,39190,100.00
4320,60268,50.00
4321,47383,100.00
4322,40353,0.00
4323,43824,0.00
4324,53630,0.00
4325,56629,0.00
4326,56312,0.00
4327,54567,0.00
4328,61863,0.00
4329,30941,100.00
4330,25725,0.00
4331,36905,100.00
4332,37928,0.00
4333,37941,100.00
4334,26328,100.00
4335,28771,0.00
4336,43105,100.00
4337,45950,100.00
4338,48826,100.00
4339,29687,100.00
4340,61407,100.00
4341,52244,50.00
4342,39215,0.00
4343,45194,0.00
4344,58005,0.00
4345,59614,0.00
4346,53895,0.00
4347,53608,0.00
4348,54608,0.00
4349,62305,0.00
4350,59578,0.00
4351,60266,0.00
4352,58250,0.00
4353,56095,0.00
4354,54142,0.00
4355,59688,0.00
4356,63519,100.00
4357,64448,50.00
4358,26611,0.00
4359,36867,100.00
4360,35219,100.00
4361,25897,100.00
4362,27603,100.00
4363,44038,0.00
4364,52193,100.00
4365,31207,0.00
4366,51689,100.00
4367,53873,100.00
4368,53119,100.00
4369,40783,100.00
4370,42837,0.00
4371,60681,0.00
4372,61327,0.00
4373,60664,0.00
4374,64807,0.00
4375,61105,0.00
4376,61192,0.00
4377,64516,0.00
4378,60153,0.00
4379,61360,0.00
4380,61709,0.00
4381,56003,0.00
4382,53863,0.00
4383,58665,0.00
4384,71797,0.00
4385,68716,0.00
4386,64045,100.00
4387,56060,100.00
4388,60414,100.00
4389,51444,0.00
4390,29194,100.00
4391,23384,100.00
4392,24538,100.00
4393,26620,100.00
4394,39713,100.00
4395,36728,100.00
4396,46300,100.00
4397,40522,100.00
4398,27235,100.00
4399,44673,0.00
4400,52324,0.00
4401,51607,0.00
4402,49463,0.00
4403,60893,0.00
4404,64626,0.00
4405,62286,0.00
4406,61208,0.00
4407,71236,0.00
4408,64400,0.00
4409,62111,0.00
4410,53890,0.00
4411,54527,0.00
4412,56078,0.00
4413,54097,0.00
4414,68488,50.00
4415,30404,0.00
4416,38898,0.00
4417,53085,100.00
4418,55980,0.00
4419,36949,100.00
4420,58300,100.00
4421,37215,100.00
4422,24178,100.00
4423,26889,100.00
4424,48024,66.67
4425,53715,0.00
4426,59597,0.00
4427,58664,0.00
4428,63508,0.00
4429,53577,0.00
4430,55934,0.00
4431,53351,0.00
4432,65083,0.00
4433,63060,0.00
4434,33609,0.00
4435,27714,50.00
4436,53251,100.00
4437,50567,0.00
4438,46860,0.00
4439,40709,50.00
4440,39638,100.00
4441,27032,100.00
4442,26336,100.00
4443,24763,100.00
4444,65202,100.00
4445,56621,0.00
4446,52326,50.00
4447,48066,0.00
4448,55859,0.00
4449,71602,0.00
4450,57690,0.00
4451,54873,0.00
4452,61514,0.00
4453,58426,0.00
4454,62580,0.00
4455,61652,0.00
4456,68031,0.00
4457,41529,50.00
4458,37669,0.00
4459,33925,100.00
4460,44043,100.00
4461,42346,100.00
4462,42458,100.00
4463,32348,0.00
4464,41099,100.00
4465,24740,100.00
4466,45489,100.00
4467,47504,100.00
4468,59549,100.00
4469,40385,50.00
4470,33674,0.00
4471,40775,0.00
4472,55144,0.00
4473,59247,0.00
4474,60335,0.00
4475,62184,0.00
4476,55518,0.00
4477,60453,0.00
4478,60447,0.00
4479,55530,0.00
4480,71908,0.00
4481,53891,0.00
4482,56366,0.00
4483,79059,0.00
4484,81846,100.00
4485,29403,0.00
4486,38783,100.00
4487,37108,0.00
4488,47273,100.00
4489,28967,100.00
4490,30151,100.00
4491,41281,100.00
4492,36282,100.00
4493,23858,100.00
4494,32018,100.00
4495,39430,100.00
4496,62322,66.67
4497,26933,0.00
4498,20330,0.00
4499,39428,0.00
4500,48954,0.00
4501,60318,0.00
4502,47040,0.00
4503,59147,0.00
4504,53675,0.00
4505,50663,0.00
4506,54052,0.00
4507,55944,0.00
4508,59744,0.00
4509,53237,0.00
4510,61180,100.00
4511,47455,0.00
4512,48239,100.00
4513,33197,100.00
4514,30187,100.00
4515,27744,100.00
4516,51186,100.00
4517,42406,100.00
4518,44382,0.00
4519,39158,100.00
4520,64047,100.00
4521,29133,100.00
4522,31397,50.00
4523,33717,0.00
4524,49141,50.00
4525,51572,0.00
4526,52122,0.00
4527,62820,0.00
4528,56693,50.00
4529,49319,0.00
4530,50181,0.00
4531,55753,0.00
4532,50509,0.00
4533,50097,0.00
4534,46169,0.00
4535,48271,0.00
4536,50411,0.00
4537,59409,0.00
4538,50330,50.00
4539,48840,0.00
4540,73863,100.00
4541,40559,100.00
4542,39469,100.00
4543,31318,100.00
4544,25362,0.00
4545,43559,100.00
4546,44334,0.00
4547,38668,0.00
4548,45824,0.00
4549,47432,0.00
4550,49521,0.00
4551,57852,0.00
4552,54076,0.00
4553,53666,0.00
4554,53707,0.00
4555,49729,50.00
4556,46863,100.00
4557,49334,100.00
4558,23847,0.00
4559,47052,0.00
4560,51318,100.00
4561,33511,100.00
4562,40289,100.00
4563,41281,100.00
4564,43898,100.00
4565,33815,100.00
4566,47812,100.00
4567,43834,100.00
4568,61878,50.00
4569,38464,0.00
4570,43882,0.00
4571,43407,0.00
4572,49283,0.00
4573,65380,0.00
4574,56969,0.00
4575,52832,0.00
4576,58500,0.00
4577,54704,0.00
4578,53566,0.00
4579,56919,0.00
4580,61089,0.00
4581,63038,0.00
4582,52740,0.00
4583,52345,0.00
4584,70213,66.67
4585,21555,0.00
4586,25017,100.00
4587,28363,0.00
4588,20514,100.00
4589,24036,100.00
4590,26185,100.00
4591,59461,100.00
4592,68792,100.00
4593,43754,100.00
4594,28917,100.00
4595,31846,100.00
4596,46273,0.00
4597,30392,100.00
4598,42481,0.00
4599,53264,0.00
4600,56459,0.00
4601,51421,0.00
4602,50257,0.00
4603,53269,0.00
4604,54091,0.00
4605,57289,0.00
4606,56412,0.00
4607,57154,0.00
4608,54129,0.00
4609,55922,0.00
4610,60499,0.00
4611,61094,0.00
4612,105051,50.00
4613,68503,100.00
4614,28003,0.00
4615,55176,100.00
4616,54823,100.00
4617,32077,0.00
4618,23715,100.00
4619,20138,100.00
4620,23576,100.00
4621,24905,100.00
4622,53016,100.00
4623,55254,100.00
4624,69224,100.00
4625,27687,100.00
4626,59677,0.00
4627,63389,0.00
4628,133540,0.00
4629,62763,0.00
4630,61280,0.00
4631,57701,0.00
4632,61220,0.00
4633,60200,0.00
4634,60268,0.00
4635,55015,0.00
4636,57747,0.00
4637,53850,0.00
4638,52638,0.00
4639,57280,0.00
4640,63281,0.00
4641,57006,0.00
4642,68761,100.00
4643,30584,0.00
4644,38178,100.00
4645,59461,100.00
4646,52019,0.00
4647,51329,100.00
4648,59383,100.00
4649,26676,100.00
4650,18715,0.00
4651,18133,50.00
4652,18173,0.00
4653,37177,50.00
4654,53698,0.00
4655,56473,0.00
4656,55145,0.00
4657,51740,0.00
4658,54555,0.00
4659,55567,0.00
4660,76425,50.00
4661,42639,0.00
4662,30235,50.00
4663,38131,0.00
4664,57827,50.00
4665,42621,0.00
4666,37352,50.00
4667,30195,0.00
4668,57110,100.00
4669,29102,100.00
4670,33840,100.00
4671,44076,100.00
4672,64989,100.00
4673,46948,0.00
4674,38648,50.00
4675,48128,0.00
4676,53530,0.00
4677,53481,0.00
4678,50192,0.00
4679,48176,0.00
4680,53693,0.00
4681,59770,0.00
4682,56508,0.00
4683,58881,0.00
4684,65570,0.00
4685,43254,0.00
4686,40357,50.00
4687,35230,0.00
4688,56339,100.00
4689,42622,100.00
4690,44128,100.00
4691,26234,100.00
4692,43060,100.00
4693,33669,100.00
4694,49484,100.00
4695,47157,0.00
4696,63931,100.00
4697,29353,0.00
4698,35992,0.00
4699,40032,50.00
4700,46051,0.00
4701,39681,0.00
4702,45168,0.00
4703,56915,0.00
4704,58000,0.00
4705,57305,0.00
4706,54615,0.00
4707,62301,0.00
4708,57684,0.00
4709,55241,0.00
4710,53864,0.00
4711,68046,0.00
4712,63301,50.00
4713,35480,0.00
4714,46623,100.00
4715,42004,100.00
4716,37125,100.00
4717,27737,100.00
4718,38799,100.00
4719,50290,100.00
4720,37442,0.00
4721,29034,100.00
4722,25107,100.00
4723,57648,100.00
4724,61841,0.00
4725,43534,100.00
4726,36128,0.00
4727,52010,0.00
4728,54454,0.00
4729,54919,0.00
4730,57742,0.00
4731,50509,0.00
4732,57011,0.00
4733,74125,0.00
4734,52733,0.00
4735,72135,0.00
4736,58006,0.00
4737,70742,0.00
4738,71468,50.00
4739,52807,0.00
4740,60827,100.00
4741,32559,0.00
4742,35662,100.00
4743,27906,100.00
4744,49736,100.00
4745,43907,100.00
4746,27525,100.00
4747,49874,100.00
4748,52198,100.00
4749,33091,100.00
4750,35083,0.00
4751,30792,50.00
4752,48804,0.00
4753,48872,0.00
4754,55575,0.00
4755,60445,0.00
4756,57267,0.00
4757,59340,0.00
4758,57066,0.00
4759,57633,0.00
4760,61955,0.00
4761,54618,0.00
4762,45608,0.00
4763,48409,0.00
4764,60420,66.67
4765,39436,0.00
4766,42820,100.00
4767,38439,100.00
4768,62263,100.00
4769,41915,100.00
4770,28940,100.00
4771,26263,0.00
4772,50077,100.00
4773,35849,0.00
4774,36550,100.00
4775,57294,0.00
4776,56830,0.00
4777,57376,0.00
4778,63240,0.00
4779,59970,0.00
4780,56162,0.00
4781,56844,0.00
4782,59156,0.00
4783,58050,0.00
4784,64773,0.00
4785,72183,0.00
4786,60290,100.00
4787,28563,0.00
4788,55346,100.00
4789,43590,0.00
4790,36784,100.00
4791,43400,100.00
4792,34785,100.00
4793,26538,100.00
4794,25049,100.00
4795,24950,100.00
4796,59940,100.00
4797,41614,100.00
4798,38464,0.00
4799,39367,0.00
4800,52069,0.00
4801,42804,0.00
4802,39980,0.00
4803,49760,0.00
4804,49358,0.00
4805,49459,0.00
4806,47069,0.00
4807,45899,0.00
4808,49208,0.00
4809,53587,0.00
4810,57633,0.00
4811,56330,0.00
4812,67395,0.00
4813,67892,100.00
4814,20866,0.00
4815,21796,0.00
4816,33911,100.00
4817,28637,100.00
4818,57009,100.00
4819,44079,100.00
4820,44600,100.00
4821,46247,100.00
4822,44414,100.00
4823,41195,100.00
4824,51426,0.00
4825,32477,50.00
4826,59955,0.00
4827,62218,0.00
4828,59081,0.00
4829,55710,0.00
4830,60786,0.00
4831,76389,0.00
4832,61599,0.00
4833,54542,0.00
4834,59418,0.00
4835,53533,0.00
4836,56922,0.00
4837,50757,0.00
4838,56241,0.00
4839,51489,0.00
4840,63543,50.00
4841,65420,100.00
4842,24918,0.00
4843,35574,0.00
4844,54196,100.00
4845,28037,0.00
4846,24660,100.00
4847,28587,100.00
4848,63131,100.00
4849,29769,100.00
4850,29499,100.00
4851,23692,100.00
4852,57978,66.67
4853,39931,0.00
4854,39806,0.00
4855,49328,0.00
4856,60581,0.00
4857,57431,0.00
4858,56562,0.00
4859,69499,0.00
4860,60460,0.00
4861,54298,0.00
4862,60579,0.00
4863,56042,0.00
4864,56405,0.00
4865,54957,0.00
4866,52377,0.00
4867,54382,0.00
4868,118664,100.00
4869,46389,0.00
4870,55327,100.00
4871,29728,100.00
4872,40528,100.00
4873,26949,100.00
4874,33986,100.00
4875,37672,100.00
4876,38901,0.00
4877,32764,100.00
4878,36781,100.00
4879,39343,100.00
4880,33486,0.00
4881,54846,50.00
4882,56981,0.00
4883,53275,0.00
4884,56367,0.00
4885,65075,0.00
4886,59586,0.00
4887,75073,0.00
4888,56288,0.00
4889,53344,0.00
4890,60370,0.00
4891,49694,0.00
4892,50717,0.00
4893,60106,100.00
4894,29047,0.00
4895,39139,0.00
4896,55121,100.00
4897,31315,100.00
4898,29557,100.00
4899,42344,100.00
4900,48342,100.00
4901,28414,100.00
4902,35758,0.00
4903,49300,50.00
4904,60807,50.00
4905,49085,0.00
4906,46689,0.00
4907,50070,0.00
4908,52325,0.00
4909,48275,0.00
4910,50696,0.00
4911,52679,0.00
4912,50213,0.00
4913,51395,0.00
4914,33136,0.00
4915,32085,100.00
4916,47288,50.00
4917,61098,100.00
4918,22009,0.00
4919,25056,100.00
4920,23114,0.00
4921,23979,100.00
4922,27044,0.00
4923,40030,100.00
4924,56537,100.00
4925,53072,100.00
4926,45880,0.00
4927,35559,100.00
4928,49481,50.00
4929,40507,0.00
4930,47095,0.00
4931,44471,0.00
4932,53501,0.00
4933,54468,0.00
4934,52977,0.00
4935,62223,0.00
4936,56267,50.00
4937,64450,0.00
4938,51409,0.00
4939,50515,0.00
4940,69232,0.00
4941,36367,100.00
4942,37865,0.00
4943,43463,100.00
4944,62350,100.00
4945,37723,100.00
4946,28334,100.00
4947,54429,100.00
4948,47812,100.00
4949,26312,100.00
4950,32080,100.00
4951,26365,0.00
4952,59197,100.00
4953,31286,0.00
4954,32517,0.00
4955,37144,50.00
4956,57202,0.00
4957,51893,0.00
4958,46824,0.00
4959,48099,0.00
4960,48582,0.00
4961,46024,0.00
4962,51817,0.00
4963,52498,0.00
4964,55902,0.00
4965,54882,0.00
4966,67328,0.00
4967,59060,100.00
4968,66787,0.00
4969,30153,100.00
4970,32744,100.00
4971,31639,0.00
4972,38286,100.00
4973,54257,100.00
4974,36627,100.00
4975,44581,100.00
4976,47439,100.00
4977,26742,100.00
4978,25150,0.00
4979,22892,100.00
4980,54947,50.00
4981,48393,0.00
4982,49931,0.00
4983,54192,0.00
4984,59561,0.00
4985,57062,0.00
4986,65994,0.00
4987,52020,0.00
4988,51761,0.00
4989,54954,0.00
4990,53661,0.00
4991,51901,0.00
4992,61826,0.00
4993,40359,0.00
4994,41639,100.00
4995,41268,0.00
4996,60204,100.00
4997,29183,100.00
4998,25190,0.00
4999,25384,100.00
5000,76948,100.00
5001,35214,100.00
5002,26633,100.00
5003,44608,0.00
5004,56534,0.00
5005,61273,0.00
5006,58249,0.00
5007,60945,0.00
5008,59221,0.00
5009,60273,0.00
5010,67663,0.00
5011,58878,0.00
5012,54630,50.00
5013,66234,0.00
5014,45658,100.00
5015,41948,100.00
5016,65027,100.00
5017,48809,100.00
5018,45776,0.00
5019,46516,100.00
5020,38556,100.00
5021,32523,100.00
5022,25061,100.00
5023,35092,100.00
5024,59600,100.00
5025,30741,100.00
5026,52504,50.00
5027,130055,0.00
5028,57990,0.00
5029,58352,0.00
5030,56088,0.00
5031,56061,0.00
5032,55752,0.00
5033,55199,0.00
5034,67126,0.00
5035,53286,0.00
5036,58895,0.00
5037,54650,0.00
5038,52548,0.00
5039,65074,0.00
5040,68611,50.00
5041,31615,100.00
5042,31312,50.00
5043,25485,0.00
5044,34779,100.00
5045,56342,100.00
5046,31352,100.00
5047,25267,100.00
5048,24957,100.00
5049,25188,100.00
5050,53209,100.00
5051,50424,100.00
5052,54374,100.00
5053,25464,0.00
5054,47464,0.00
5055,54972,0.00
5056,67986,0.00
5057,54374,0.00
5058,50157,0.00
5059,55539,0.00
5060,53264,0.00
5061,57273,0.00
5062,55411,0.00
5063,56314,0.00
5064,55921,0.00
5065,53414,0.00
5066,58928,0.00
5067,80330,50.00
5068,84904,100.00
5069,39281,100.00
5070,32855,0.00
5071,40090,100.00
5072,37814,100.00
5073,25381,100.00
5074,25833,100.00
5075,49385,0.00
5076,45833,100.00
5077,29875,100.00
5078,23688,100.00
5079,50819,100.00
5080,57170,66.67
5081,51228,0.00
5082,47962,0.00
5083,56710,0.00
5084,53514,0.00
5085,57303,0.00
5086,58567,0.00
5087,54710,0.00
5088,59001,0.00
5089,57162,0.00
5090,58934,0.00
5091,61982,0.00
5092,59181,0.00
5093,69198,0.00
5094,67644,0.00
5095,56937,0.00
5096,54090,100.00
5097,63571,100.00
5098,21556,0.00
5099,28401,0.00
5100,35718,100.00
5101,49137,100.00
5102,38998,100.00
5103,30572,100.00
5104,52737,100.00
5105,45915,0.00
5106,32704,50.00
5107,59590,100.00
5108,52666,0.00
5109,63296,0.00
5110,52251,0.00
5111,51929,0.00
5112,55860,0.00
5113,59771,0.00
5114,58289,0.00
5115,59128,0.00
5116,56721,0.00
5117,61706,0.00
5118,56376,0.00
5119,53286,0.00
5120,56619,0.00
5121,65313,0.00
5122,39082,0.00
5123,49113,100.00
5124,71599,100.00
5125,56776,100.00
5126,29221,0.00
5127,35863,100.00
5128,38013,100.00
5129,43533,0.00
5130,38618,100.00
5131,37455,0.00
5132,49957,100.00
5133,33056,0.00
5134,35600,0.00
5135,36360,0.00
5136,70875,0.00
5137,46751,0.00
5138,46284,0.00
5139,55819,0.00
5140,44112,66.67
5141,32051,0.00
5142,34881,50.00
5143,48715,0.00
5144,59939,0.00
5145,37157,100.00
5146,19894,0.00
5147,25077,100.00
5148,49881,100.00
5149,27455,100.00
5150,59596,100.00
5151,61552,0.00
5152,51778,100.00
5153,32680,50.00
5154,38884,0.00
5155,41855,0.00
5156,53571,0.00
5157,64956,0.00
5158,58958,0.00
5159,57613,0.00
5160,56112,0.00
5161,66050,0.00
5162,55562,0.00
5163,63790,0.00
5164,59207,0.00
5165,65573,50.00
5166,49478,0.00
5167,37136,50.00
5168,45752,0.00
5169,66759,100.00
5170,24974,0.00
5171,24760,100.00
5172,63505,100.00
5173,38372,100.00
5174,28101,100.00
5175,22072,0.00
5176,34562,100.00
5177,47347,100.00
5178,51346,100.00
5179,33875,50.00
5180,37836,0.00
5181,36742,0.00
5182,53679,0.00
5183,57432,0.00
5184,61262,0.00
5185,60166,0.00
5186,58449,0.00
5187,56572,0.00
5188,57736,0.00
5189,56653,0.00
5190,48176,0.00
5191,47296,0.00
5192,51336,0.00
5193,51901,0.00
5194,60558,50.00
5195,57170,0.00
5196,54670,100.00
5197,44336,100.00
5198,19841,0.00
5199,49264,0.00
5200,49158,100.00
5201,35064,100.00
5202,39148,100.00
5203,37038,100.00
5204,40124,100.00
5205,29942,100.00
5206,39114,0.00
5207,53123,100.00
5208,51623,0.00
5209,47620,0.00
5210,49095,0.00
5211,62216,0.00
5212,68945,0.00
5213,57433,0.00
5214,58302,0.00
5215,56196,0.00
5216,64387,0.00
5217,59167,0.00
5218,57227,0.00
5219,59615,0.00
5220,66330,100.00
5221,56049,0.00
5222,37436,0.00
5223,54562,50.00
5224,55432,100.00
5225,33379,100.00
5226,28093,100.00
5227,30195,100.00
5228,61895,100.00
5229,44132,100.00
5230,30082,100.00
5231,55033,0.00
5232,52957,0.00
5233,57302,0.00
5234,58726,0.00
5235,58586,0.00
5236,67232,0.00
5237,56071,0.00
5238,53622,0.00
5239,57115,0.00
5240,60992,0.00
5241,68479,100.00
5242,38693,0.00
5243,32442,100.00
5244,56238,0.00
5245,58957,100.00
5246,50529,100.00
5247,38748,0.00
5248,24044,100.00
5249,23989,100.00
5250,27304,100.00
5251,25619,100.00
5252,64982,100.00
5253,62262,100.00
5254,42485,0.00
5255,53022,0.00
5256,58922,0.00
5257,55199,0.00
5258,55175,0.00
5259,65208,0.00
5260,54896,0.00
5261,66732,0.00
5262,55850,0.00
5263,58938,0.00
5264,67891,0.00
5265,70025,50.00
5266,33217,0.00
5267,35484,50.00
5268,47181,0.00
5269,46791,100.00
5270,38564,0.00
5271,41955,100.00
5272,38595,100.00
5273,23826,100.00
5274,22815,100.00
5275,24266,0.00
5276,56108,100.00
5277,39515,0.00
5278,40205,50.00
5279,30416,0.00
5280,46831,66.67
5281,30097,0.00
5282,38519,0.00
5283,53703,0.00
5284,45370,0.00
5285,49219,0.00
5286,49195,0.00
5287,65866,0.00
5288,54915,0.00
5289,59294,0.00
5290,58340,0.00
5291,57481,0.00
5292,59135,0.00
5293,69612,0.00
5294,42992,100.00
5295,31058,0.00
5296,49937,100.00
5297,56666,100.00
5298,25400,0.00
5299,24846,0.00
5300,59515,100.00
5301,38630,0.00
5302,30856,100.00
5303,27601,100.00
5304,45491,100.00
5305,55249,50.00
5306,47809,0.00
5307,36634,0.00
5308,51736,0.00
5309,56205,0.00
5310,55245,0.00
5311,56498,0.00
5312,54241,0.00
5313,57072,0.00
5314,59331,0.00
5315,58668,0.00
5316,57608,0.00
5317,60638,0.00
5318,59919,0.00
5319,72819,0.00
5320,70591,66.67
5321,58650,100.00
5322,53440,0.00
5323,30102,100.00
5324,36846,100.00
5325,39180,100.00
5326,37382,100.00
5327,32153,100.00
5328,137079,100.00
5329,52044,100.00
5330,40753,100.00
5331,37777,0.00
5332,51516,66.67
5333,50836,100.00
5334,48267,0.00
5335,52686,0.00
5336,53593,0.00
5337,54579,0.00
5338,50485,0.00
5339,56076,0.00
5340,54796,0.00
5341,55376,0.00
5342,56321,0.00
5343,65145,0.00
5344,57058,0.00
5345,51849,0.00
5346,70491,0.00
5347,41907,0.00
5348,61012,66.67
5349,23178,0.00
5350,56222,100.00
5351,44903,100.00
5352,39470,100.00
5353,48274,100.00
5354,52253,0.00
5355,52073,50.00
5356,48293,0.00
5357,58424,0.00
5358,56568,0.00
5359,60395,0.00
5360,55085,0.00
5361,63965,0.00
5362,66253,100.00
5363,44463,0.00
5364,50521,100.00
5365,57048,100.00
5366,48063,0.00
5367,60768,100.00
5368,36151,100.00
5369,27254,100.00
5370,26415,0.00
5371,60948,100.00
5372,70789,100.00
5373,35454,100.00
5374,51365,100.00
5375,60749,0.00
5376,55087,100.00
5377,44720,0.00
5378,57638,0.00
5379,58288,0.00
5380,61109,0.00
5381,57201,0.00
5382,56302,0.00
5383,53050,0.00
5384,52025,0.00
5385,69438,0.00
5386,62471,0.00
5387,58384,0.00
5388,61488,0.00
5389,60763,0.00
5390,70602,0.00
5391,56620,100.00
5392,73960,100.00
5393,34819,100.00
5394,23057,0.00
5395,24238,100.00
5396,35970,100.00
5397,45093,100.00
5398,36951,100.00
5399,37056,100.00
5400,61144,100.00
5401,34032,100.00
5402,31928,100.00
5403,44411,0.00
5404,47185,66.67
5405,51294,0.00
5406,54580,0.00
5407,57390,0.00
5408,194524,0.00
5409,60713,0.00
5410,56700,0.00
5411,155859,0.00
5412,56976,0.00
5413,64498,0.00
5414,60750,0.00
5415,55699,0.00
5416,63645,0.00
5417,119180,0.00
5418,54956,0.00
5419,55962,0.00
5420,73867,100.00
5421,45840,100.00
5422,49445,100.00
5423,47766,100.00
5424,37969,100.00
5425,24083,100.00
5426,24044,100.00
5427,25423,100.00
5428,63704,100.00
5429,52702,100.00
5430,53959,100.00
5431,58260,0.00
5432,65287,100.00
5433,49454,0.00
5434,60149,0.00
5435,58727,0.00
5436,57396,0.00
5437,57900,0.00
5438,55524,0.00
5439,61436,0.00
5440,54873,0.00
5441,56743,0.00
5442,66030,0.00
5443,59661,0.00
5444,343906,0.00
5445,53971,0.00
5446,58990,0.00
5447,61323,0.00
5448,91550,100.00
5449,52340,100.00
5450,28714,0.00
5451,38623,100.00
5452,79268,100.00
5453,51480,100.00
5454,42382,100.00
5455,31703,100.00
5456,23570,0.00
5457,34429,50.00
5458,34542,100.00
5459,55999,0.00
5460,83264,0.00
5461,59603,0.00
5462,62609,0.00
5463,60951,0.00
5464,58574,0.00
5465,59796,0.00
5466,55782,0.00
5467,67323,0.00
5468,53869,50.00
5469,38981,100.00
5470,38760,0.00
5471,55683,0.00
5472,52224,66.67
5473,34054,100.00
5474,33827,0.00
5475,33171,100.00
5476,37140,100.00
5477,51281,100.00
5478,58527,100.00
5479,44645,0.00
5480,57369,100.00
5481,45943,0.00
5482,49582,0.00
5483,54874,0.00
5484,58213,0.00
5485,59225,0.00
5486,54659,0.00
5487,66271,0.00
5488,56287,0.00
5489,57431,0.00
5490,64351,0.00
5491,52368,100.00
5492,57684,0.00
5493,39644,100.00
5494,24589,0.00
5495,55120,100.00
5496,54034,100.00
5497,31173,100.00
5498,25562,100.00
5499,50736,0.00
5500,61753,100.00
5501,42653,0.00
5502,24459,50.00
5503,18710,0.00
5504,40427,50.00
5505,46878,0.00
5506,73877,0.00
5507,59421,0.00
5508,60027,0.00
5509,68181,0.00
5510,56592,0.00
5511,57370,0.00
5512,56329,0.00
5513,58804,0.00
5514,60321,0.00
5515,63451,0.00
5516,57784,0.00
5517,71042,0.00
5518,62128,50.00
5519,49944,0.00
5520,68955,100.00
5521,48645,100.00
5522,28180,100.00
5523,28802,100.00
5524,64317,100.00
5525,43579,100.00
5526,28403,100.00
5527,31413,0.00
5528,47688,100.00
5529,47680,100.00
5530,28973,0.00
5531,41049,100.00
5532,59575,0.00
5533,53522,0.00
5534,53184,0.00
5535,56501,0.00
5536,58478,0.00
5537,56154,0.00
5538,57284,0.00
5539,54033,0.00
5540,52235,0.00
5541,56344,0.00
5542,54340,0.00
5543,62682,0.00
5544,73825,50.00
5545,49206,0.00
5546,48974,0.00
5547,37002,100.00
5548,44221,100.00
5549,28214,100.00
5550,50442,100.00
5551,48226,100.00
5552,44243,100.00
5553,52904,100.00
5554,44357,100.00
5555,43545,0.00
5556,49640,100.00
5557,36249,100.00
5558,39207,0.00
5559,45867,0.00
5560,54132,0.00
5561,55366,0.00
5562,56126,0.00
5563,62698,0.00
5564,60995,0.00
5565,62544,0.00
5566,58914,0.00
5567,59299,0.00
5568,64824,0.00
5569,56959,0.00
5570,64054,0.00
5571,70017,0.00
5572,59626,100.00
5573,54012,100.00
5574,26132,0.00
5575,47384,100.00
5576,59269,100.00
5577,33559,100.00
5578,26688,100.00
5579,62993,0.00
5580,40893,50.00
5581,69108,0.00
5582,54644,0.00
5583,56111,0.00
5584,69390,50.00
5585,67964,0.00
5586,61968,0.00
5587,59605,0.00
5588,91432,0.00
5589,71127,100.00
5590,48732,0.00
5591,40883,0.00
5592,51493,100.00
5593,26945,100.00
5594,53890,100.00
5595,47879,100.00
5596,68837,100.00
5597,43411,100.00
5598,27426,100.00
5599,29765,100.00
5600,41426,0.00
5601,40417,100.00
5602,48772,0.00
5603,40831,100.00
5604,52532,0.00
5605,52732,0.00
5606,53615,0.00
5607,52782,0.00
5608,59449,0.00
5609,55188,0.00
5610,56476,0.00
5611,51195,0.00
5612,50357,0.00
5613,52397,0.00
5614,50709,0.00
5615,47334,0.00
5616,52383,0.00
5617,46697,0.00
5618,59730,0.00
5619,60599,100.00
5620,62308,0.00
5621,38356,100.00
5622,19856,0.00
5623,21592,100.00
5624,24756,100.00
5625,25479,100.00
5626,53342,100.00
5627,50749,100.00
5628,51148,100.00
5629,30584,100.00
5630,45156,100.00
5631,49988,0.00
5632,62955,50.00
5633,53951,0.00
5634,50039,0.00
5635,53290,0.00
5636,56499,0.00
5637,53053,0.00
5638,52936,0.00
5639,50580,0.00
5640,51813,0.00
5641,50517,0.00
5642,60888,0.00
5643,52748,0.00
5644,52018,0.00
5645,55609,0.00
5646,70354,50.00
5647,61752,50.00
5648,62084,100.00
5649,65576,100.00
5650,50083,0.00
5651,28935,100.00
5652,24225,100.00
5653,20108,100.00
5654,19627,0.00
5655,29318,100.00
5656,39106,100.00
5657,61027,100.00
5658,60567,100.00
5659,33241,100.00
5660,42712,100.00
5661,56690,0.00
5662,51353,0.00
5663,54536,0.00
5664,57876,0.00
5665,57369,0.00
5666,59921,0.00
5667,59265,0.00
5668,66138,0.00
5669,57520,0.00
5670,61670,0.00
5671,71046,0.00
5672,62618,0.00
5673,60562,0.00
5674,57565,0.00
5675,57146,0.00
5676,56165,0.00
5677,63303,100.00
5678,24665,0.00
5679,24775,100.00
5680,68614,100.00
5681,51555,100.00
5682,42038,100.00
5683,28575,0.00
5684,21166,100.00
5685,32114,100.00
5686,31234,0.00
5687,51198,100.00
5688,54611,0.00
5689,54869,0.00
5690,54760,0.00
5691,57571,0.00
5692,54569,0.00
5693,55823,0.00
5694,70543,0.00
5695,52567,100.00
5696,52836,0.00
5697,37403,100.00
5698,46624,0.00
5699,45130,100.00
5700,49854,50.00
5701,34223,100.00
5702,28673,0.00
5703,26785,0.00
5704,41440,100.00
5705,42764,100.00
5706,40643,100.00
5707,46965,50.00
5708,60096,100.00
5709,45033,0.00
5710,50276,0.00
5711,51511,0.00
5712,54593,0.00
5713,59561,0.00
5714,60291,0.00
5715,60010,0.00
5716,58484,0.00
5717,61682,0.00
5718,67451,0.00
5719,53310,100.00
5720,46421,66.67
5721,21645,0.00
5722,26190,100.00
5723,48253,0.00
5724,143582,100.00
5725,33638,0.00
5726,26738,100.00
5727,46885,100.00
5728,58704,100.00
5729,36446,100.00
5730,29995,100.00
5731,33105,0.00
5732,50374,50.00
5733,50029,50.00
5734,62383,0.00
5735,56060,0.00
5736,54296,0.00
5737,52039,0.00
5738,47889,0.00
5739,49989,0.00
5740,57953,0.00
5741,52684,0.00
5742,49293,0.00
5743,48632,0.00
5744,50784,0.00
5745,63486,0.00
5746,63097,100.00
5747,43528,0.00
5748,67142,100.00
5749,44422,100.00
5750,26328,100.00
5751,28199,100.00
5752,48086,100.00
5753,36832,100.00
5754,26690,100.00
5755,25875,0.00
5756,55580,100.00
5757,47975,0.00
5758,39403,0.00
5759,43799,50.00
5760,50074,0.00
5761,46618,0.00
5762,44647,0.00
5763,47776,0.00
5764,53081,0.00
5765,53926,0.00
5766,51863,0.00
5767,52909,0.00
5768,56318,0.00
5769,57475,0.00
5770,56021,0.00
5771,81779,0.00
5772,58306,50.00
5773,53433,100.00
5774,55633,0.00
5775,36432,100.00
5776,49266,100.00
5777,26665,100.00
5778,60694,100.00
5779,43538,100.00
5780,38879,0.00
5781,46211,100.00
5782,44582,0.00
5783,25121,100.00
5784,51805,100.00
5785,46393,0.00
5786,49047,50.00
5787,48108,0.00
5788,48659,0.00
5789,53970,0.00
5790,48470,0.00
5791,51258,0.00
5792,50758,0.00
5793,50493,0.00
5794,53666,0.00
5795,51396,0.00
5796,57622,0.00
5797,54541,0.00
5798,65773,0.00
5799,48125,0.00
5800,52507,100.00
5801,43148,100.00
5802,23224,0.00
5803,46697,100.00
5804,56044,100.00
5805,29761,100.00
5806,41354,100.00
5807,35970,0.00
5808,24207,100.00
5809,40201,50.00
5810,45286,0.00
5811,52756,0.00
5812,55693,0.00
5813,49079,0.00
5814,53518,0.00
5815,53309,0.00
5816,51258,0.00
5817,47465,0.00
5818,55997,0.00
5819,66520,0.00
5820,57519,100.00
5821,37548,50.00
5822,31172,0.00
5823,47124,100.00
5824,57592,100.00
5825,42500,100.00
5826,28878,100.00
5827,24931,100.00
5828,24134,100.00
5829,26560,100.00
5830,27927,100.00
5831,48756,0.00
5832,58795,100.00
5833,42605,0.00
5834,42080,0.00
5835,44852,0.00
5836,47732,0.00
5837,44308,0.00
5838,43489,0.00
5839,44772,0.00
5840,50148,50.00
5841,48478,0.00
5842,49847,0.00
5843,49633,0.00
5844,51052,0.00
5845,51003,0.00
5846,66259,0.00
5847,66829,0.00
5848,65947,100.00
5849,28971,0.00
5850,27102,100.00
5851,28452,100.00
5852,57400,100.00
5853,40719,100.00
5854,29865,100.00
5855,54324,100.00
5856,54914,100.00
5857,38659,100.00
5858,42860,100.00
5859,52445,0.00
5860,54873,0.00
5861,53628,0.00
5862,65064,0.00
5863,55715,0.00
5864,59625,0.00
5865,55744,0.00
5866,52945,0.00
5867,50307,0.00
5868,56717,0.00
5869,54545,0.00
5870,54455,0.00
5871,54011,0.00
5872,59057,0.00
5873,64556,0.00
5874,63509,50.00
5875,63661,0.00
5876,48206,100.00
5877,38477,100.00
5878,36673,100.00
5879,25045,100.00
5880,23833,100.00
5881,26961,100.00
5882,36147,100.00
5883,33607,100.00
5884,36273,100.00
5885,32196,100.00
5886,41798,100.00
5887,37450,0.00
5888,44121,66.67
5889,44696,0.00
5890,45063,0.00
5891,52584,0.00
5892,54752,0.00
5893,53715,0.00
5894,57369,0.00
5895,64231,0.00
5896,58068,0.00
5897,56320,0.00
5898,58871,0.00
5899,55161,0.00
5900,54900,0.00
5901,53208,0.00
5902,68978,0.00
5903,63939,0.00
5904,74619,100.00
5905,56102,100.00
5906,20412,0.00
5907,26554,100.00
5908,36035,100.00
5909,50412,100.00
5910,38100,100.00
5911,30350,100.00
5912,51030,100.00
5913,43916,100.00
5914,51621,0.00
5915,54252,0.00
5916,55807,0.00
5917,61535,0.00
5918,55517,0.00
5919,54359,0.00
5920,57339,0.00
5921,59633,0.00
5922,76016,0.00
5923,71020,0.00
5924,61470,0.00
5925,61810,0.00
5926,56285,0.00
5927,67247,0.00
5928,85158,100.00
5929,68613,100.00
5930,28036,0.00
5931,44281,0.00
5932,45442,100.00
5933,26434,100.00
5934,51823,100.00
5935,48857,100.00
5936,44041,100.00
5937,56809,100.00
5938,50542,0.00
5939,54765,0.00
5940,58334,0.00
5941,57130,0.00
5942,56356,0.00
5943,65626,0.00
5944,57692,0.00
5945,57970,0.00
5946,55114,0.00
5947,57489,0.00
5948,63417,50.00
5949,36306,100.00
5950,31962,0.00
5951,31499,0.00
5952,75782,50.00
5953,42516,100.00
5954,22084,0.00
5955,25403,100.00
5956,34895,0.00
5957,27038,100.00
5958,51053,100.00
5959,56477,100.00
5960,56577,100.00
5961,39848,0.00
5962,37119,50.00
5963,31966,0.00
5964,57356,50.00
5965,54947,0.00
5966,61726,0.00
5967,54955,0.00
5968,66189,0.00
5969,57592,0.00
5970,55214,0.00
5971,54648,0.00
5972,53095,0.00
5973,54393,0.00
5974,64101,0.00
5975,65203,0.00
5976,67197,100.00
5977,35067,0.00
5978,51361,100.00
5979,53068,100.00
5980,46103,0.00
5981,34673,100.00
5982,40989,0.00
5983,26417,100.00
5984,34844,100.00
5985,26068,100.00
5986,37045,100.00
5987,53282,0.00
5988,63458,66.67
5989,35312,0.00
5990,45539,0.00
5991,62042,0.00
5992,52016,0.00
5993,58338,0.00
5994,55989,0.00
5995,65885,0.00
5996,64183,0.00
5997,58883,0.00
5998,55690,0.00
5999,53409,0.00
6000,74562,0.00
6001,68890,0.00
6002,52166,100.00
6003,48405,0.00
6004,53538,100.00
6005,134282,100.00
6006,23126,0.00
6007,40376,0.00
6008,61738,100.00
6009,35355,0.00
6010,42000,100.00
6011,34338,100.00
6012,39241,100.00
6013,40176,50.00
6014,34156,100.00
6015,58347,0.00
6016,57011,0.00
6017,59966,0.00
6018,58219,0.00
6019,58117,0.00
6020,59664,0.00
6021,60986,0.00
6022,60638,0.00
6023,59300,0.00
6024,58744,0.00
6025,54433,0.00
6026,67106,0.00
6027,67402,100.00
6028,59636,50.00
6029,48158,100.00
6030,49685,0.00
6031,48003,100.00
6032,58467,100.00
6033,27786,100.00
6034,23897,100.00
6035,39240,100.00
6036,44190,100.00
6037,36598,100.00
6038,41494,0.00
6039,46515,0.00
6040,64847,0.00
6041,56649,0.00
6042,59811,0.00
6043,60385,0.00
6044,51802,0.00
6045,51237,0.00
6046,54153,0.00
6047,57662,0.00
6048,65651,0.00
6049,32813,100.00
6050,65220,100.00
6051,38417,0.00
6052,62964,100.00
6053,67087,100.00
6054,67980,0.00
6055,47777,0.00
6056,64399,100.00
6057,27570,0.00
6058,23735,100.00
6059,24395,100.00
6060,42211,100.00
6061,45608,100.00
6062,43952,100.00
6063,45902,100.00
6064,53784,0.00
6065,50795,0.00
6066,57726,0.00
6067,58229,0.00
6068,57709,0.00
6069,58144,0.00
6070,58225,0.00
6071,58617,0.00
6072,57917,0.00
6073,60350,0.00
6074,56206,0.00
6075,55304,0.00
6076,53764,0.00
6077,52314,0.00
6078,51049,0.00
6079,70208,0.00
6080,57025,50.00
6081,31983,100.00
6082,22432,0.00
6083,35158,100.00
6084,33903,100.00
6085,41332,100.00
6086,29381,100.00
6087,27058,100.00
6088,23427,0.00
6089,24979,100.00
6090,46496,0.00
6091,48334,100.00
6092,51624,100.00
6093,33033,100.00
6094,42057,0.00
6095,48405,0.00
6096,56815,0.00
6097,48450,0.00
6098,46153,0.00
6099,47093,0.00
6100,55225,0.00
6101,49338,0.00
6102,54048,0.00
6103,53169,0.00
6104,55425,0.00
6105,52486,0.00
6106,57345,0.00
6107,64080,0.00
6108,61145,100.00
6109,54074,100.00
6110,20773,0.00
6111,51693,100.00
6112,56140,100.00
6113,31886,100.00
6114,31808,100.00
6115,54032,0.00
6116,41874,100.00
6117,28814,100.00
6118,46474,100.00
6119,53385,100.00
6120,57900,50.00
6121,44047,100.00
6122,54090,0.00
6123,57547,0.00
6124,56451,0.00
6125,53224,0.00
6126,50721,0.00
6127,53951,0.00
6128,54699,0.00
6129,51600,0.00
6130,55590,0.00
6131,63607,0.00
6132,55867,0.00
6133,52033,0.00
6134,62205,0.00
6135,55398,0.00
6136,50436,50.00
6137,53273,100.00
6138,25201,0.00
6139,30264,100.00
6140,38521,100.00
6141,39841,100.00
6142,42858,0.00
6143,32652,100.00
6144,48828,100.00
6145,38609,100.00
6146,37017,100.00
6147,24279,0.00
6148,59037,100.00
6149,51758,0.00
6150,64303,0.00
6151,57074,0.00
6152,59124,0.00
6153,58918,0.00
6154,62089,0.00
6155,64423,0.00
6156,58412,0.00
6157,62209,0.00
6158,59213,0.00
6159,71127,0.00
6160,59847,0.00
6161,73165,66.67
6162,44404,0.00
6163,62076,100.00
6164,49863,0.00
6165,38274,100.00
6166,54404,0.00
6167,49408,100.00
6168,48804,100.00
6169,28653,100.00
6170,56792,100.00
6171,31384,0.00
6172,263305,0.00
6173,58276,0.00
6174,163905,0.00
6175,68536,0.00
6176,60525,0.00
6177,62329,0.00
6178,60344,0.00
6179,73894,0.00
6180,68726,100.00
6181,173373,0.00
6182,54278,0.00
6183,71627,50.00
6184,76600,100.00
6185,61188,100.00
6186,21715,0.00
6187,27276,100.00
6188,45815,100.00
6189,29217,100.00
6190,58339,100.00
6191,47495,100.00
6192,66865,100.00
6193,56181,0.00
6194,37568,50.00
6195,35646,0.00
6196,61140,0.00
6197,61120,0.00
6198,59965,0.00
6199,55659,0.00
6200,56252,0.00
6201,56727,0.00
6202,61775,0.00
6203,60947,0.00
6204,69651,0.00
6205,66624,0.00
6206,57869,0.00
6207,59665,0.00
6208,63208,0.00
6209,70162,0.00
6210,64355,100.00
6211,57557,100.00
6212,40165,100.00
6213,23509,100.00
6214,23598,100.00
6215,25718,100.00
6216,57392,100.00
6217,47841,100.00
6218,41351,100.00
6219,47039,100.00
6220,46822,0.00
6221,29337,100.00
6222,26960,0.00
6223,48813,50.00
6224,58384,0.00
6225,63463,0.00
6226,55263,0.00
6227,61437,0.00
6228,58435,0.00
6229,61542,0.00
6230,68958,0.00
6231,57298,0.00
6232,56636,0.00
6233,67820,0.00
6234,54307,0.00
6235,57682,0.00
6236,58330,0.00
6237,58017,0.00
6238,59741,0.00
6239,69472,0.00
6240,83671,100.00
6241,59384,100.00
6242,48472,100.00
6243,32839,100.00
6244,24615,100.00
6245,24381,100.00
6246,24242,100.00
6247,25647,100.00
6248,59165,100.00
6249,53821,100.00
6250,56471,100.00
6251,47452,0.00
6252,63121,50.00
6253,62626,0.00
6254,74248,0.00
6255,63225,0.00
6256,67144,0.00
6257,60904,0.00
6258,59650,0.00
6259,70615,0.00
6260,61885,0.00
6261,54211,0.00
6262,53088,0.00
6263,70481,0.00
6264,61280,0.00
6265,60548,0.00
6266,62946,0.00
6267,66415,66.67
6268,18564,0.00
6269,27485,100.00
6270,29851,0.00
6271,64281,100.00
6272,69238,100.00
6273,49970,100.00
6274,46199,100.00
6275,29045,100.00
6276,40387,50.00
6277,23741,0.00
6278,41941,50.00
6279,42510,0.00
6280,45601,0.00
6281,52918,0.00
6282,57284,0.00
6283,50580,0.00
6284,52878,0.00
6285,53334,0.00
6286,71762,0.00
6287,56919,100.00
6288,51111,66.67
6289,38369,0.00
6290,47277,0.00
6291,52091,100.00
6292,57446,50.00
6293,30798,0.00
6294,44482,0.00
6295,35729,100.00
6296,61029,100.00
6297,58133,100.00
6298,53605,0.00
6299,54052,50.00
6300,60630,0.00
6301,51099,0.00
6302,57607,0.00
6303,52591,0.00
6304,54790,0.00
6305,57205,0.00
6306,50962,0.00
6307,64158,0.00
6308,62546,0.00
6309,70662,0.00
6310,60456,100.00
6311,36086,100.00
6312,25635,0.00
6313,30778,100.00
6314,33889,0.00
6315,45720,100.00
6316,53384,100.00
6317,43722,100.00
6318,46380,100.00
6319,30956,100.00
6320,42252,100.00
6321,28818,100.00
6322,40514,0.00
6323,40168,100.00
6324,52266,0.00
6325,69141,0.00
6326,60085,0.00
6327,72172,0.00
6328,62583,0.00
6329,60147,0.00
6330,58393,0.00
6331,57425,0.00
6332,55529,0.00
6333,55104,0.00
6334,54549,0.00
6335,51947,0.00
6336,54249,0.00
6337,72972,0.00
6338,60822,0.00
6339,33348,100.00
6340,65159,100.00
6341,38622,100.00
6342,25255,0.00
6343,31479,100.00
6344,45328,100.00
6345,43795,100.00
6346,28923,100.00
6347,31801,100.00
6348,58001,100.00
6349,46129,0.00
6350,31271,100.00
6351,35196,0.00
6352,63574,0.00
6353,50407,0.00
6354,53853,0.00
6355,54763,0.00
6356,54670,0.00
6357,51555,0.00
6358,52628,0.00
6359,52099,0.00
6360,50992,0.00
6361,47892,0.00
6362,46640,0.00
6363,55692,0.00
6364,66304,50.00
6365,57541,100.00
6366,41536,0.00
6367,53161,100.00
6368,46899,0.00
6369,33412,100.00
6370,40328,0.00
6371,26026,100.00
6372,22569,100.00
6373,27505,100.00
6374,34442,100.00
6375,42299,100.00
6376,45905,100.00
6377,48632,100.00
6378,50512,0.00
6379,57829,0.00
6380,56659,0.00
6381,52906,0.00
6382,50613,0.00
6383,57324,0.00
6384,55970,0.00
6385,52534,0.00
6386,59032,0.00
6387,58700,0.00
6388,57584,0.00
6389,51187,0.00
6390,58928,0.00
6391,49684,0.00
6392,70143,50.00
6393,46942,100.00
6394,27674,0.00
6395,27082,100.00
6396,49590,100.00
6397,48290,100.00
6398,31979,0.00
6399,37725,100.00
6400,69169,100.00
6401,42396,0.00
6402,58713,0.00
6403,55823,0.00
6404,55906,0.00
6405,58418,0.00
6406,52547,0.00
6407,53362,0.00
6408,53405,0.00
6409,52899,0.00
6410,62798,0.00
6411,42442,50.00
6412,48045,100.00
6413,31072,100.00
6414,46766,100.00
6415,46006,0.00
6416,43847,100.00
6417,56464,100.00
6418,40304,100.00
6419,33289,100.00
6420,49278,100.00
6421,25290,100.00
6422,54314,100.00
6423,56987,0.00
6424,48981,0.00
6425,52743,0.00
6426,52783,0.00
6427,54765,0.00
6428,64752,0.00
6429,58355,0.00
6430,56307,0.00
6431,60537,0.00
6432,57508,0.00
6433,67966,0.00
6434,57617,0.00
6435,63071,0.00
6436,59154,0.00
6437,60732,0.00
6438,75391,0.00
6439,63630,100.00
6440,61853,100.00
6441,31430,100.00
6442,21313,100.00
6443,21258,100.00
6444,22166,0.00
6445,24267,100.00
6446,53385,100.00
6447,60523,100.00
6448,56986,100.00
6449,35074,100.00
6450,27294,100.00
6451,22639,100.00
6452,44637,0.00
6453,52632,0.00
6454,56370,0.00
6455,54791,0.00
6456,56798,0.00
6457,55360,0.00
6458,59846,0.00
6459,59043,0.00
6460,64164,0.00
6461,57103,0.00
6462,51197,0.00
6463,58686,0.00
6464,54348,0.00
6465,52880,0.00
6466,54673,0.00
6467,68625,0.00
6468,75437,66.67
6469,64895,100.00
6470,43304,0.00
6471,43041,100.00
6472,36348,100.00
6473,21808,100.00
6474,19834,0.00
6475,18552,100.00
6476,33247,100.00
6477,31554,100.00
6478,56188,0.00
6479,54179,100.00
6480,63852,100.00
6481,32528,0.00
6482,52311,0.00
6483,55055,0.00
6484,55898,0.00
6485,53531,0.00
6486,54551,0.00
6487,51112,0.00
6488,52311,0.00
6489,55373,0.00
6490,53362,0.00
6491,57933,0.00
6492,53801,0.00
6493,57540,0.00
6494,66511,0.00
6495,58112,0.00
6496,68724,50.00
6497,44695,0.00
6498,39409,50.00
6499,33685,100.00
6500,39444,0.00
6501,45665,100.00
6502,51105,100.00
6503,26819,100.00
6504,20695,0.00
6505,35360,100.00
6506,25048,0.00
6507,28891,0.00
6508,46917,100.00
6509,47014,0.00
6510,56472,0.00
6511,58871,0.00
6512,57147,0.00
6513,68101,0.00
6514,59590,0.00
6515,69220,0.00
6516,63386,100.00
6517,36697,0.00
6518,58671,0.00
6519,65566,50.00
6520,68851,100.00
6521,39308,0.00
6522,27100,100.00
6523,38382,0.00
6524,41510,100.00
6525,67211,100.00
6526,41764,0.00
6527,72929,0.00
6528,48844,50.00
6529,57660,0.00
6530,51217,50.00
6531,44922,0.00
6532,52273,0.00
6533,47175,0.00
6534,49490,0.00
6535,55391,0.00
6536,54615,0.00
6537,51356,0.00
6538,54880,0.00
6539,57352,0.00
6540,58431,100.00
6541,27929,100.00
6542,26842,100.00
6543,26632,100.00
6544,59302,100.00
6545,44275,100.00
6546,38301,0.00
6547,38729,100.00
6548,44070,100.00
6549,28195,100.00
6550,37138,0.00
6551,33840,100.00
6552,55431,50.00
6553,64405,0.00
6554,57570,0.00
6555,61920,0.00
6556,60830,0.00
6557,57645,0.00
6558,55345,0.00
6559,65148,0.00
6560,57811,0.00
6561,55509,0.00
6562,54533,0.00
6563,51254,0.00
6564,57830,0.00
6565,54379,0.00
6566,65805,0.00
6567,65845,0.00
6568,70613,50.00
6569,60483,100.00
6570,38799,0.00
6571,23199,100.00
6572,34950,0.00
6573,31381,100.00
6574,54798,100.00
6575,47164,100.00
6576,46923,0.00
6577,46780,100.00
6578,53869,0.00
6579,41739,100.00
6580,45870,50.00
6581,53569,0.00
6582,63158,0.00
6583,54878,0.00
6584,59501,0.00
6585,59562,0.00
6586,58172,0.00
6587,59310,0.00
6588,58239,0.00
6589,57337,0.00
6590,59340,0.00
6591,57321,0.00
6592,56120,0.00
6593,72397,0.00
6594,65516,50.00
6595,62719,0.00
6596,81383,100.00
6597,44056,100.00
6598,21286,0.00
6599,37988,0.00
6600,48997,100.00
6601,30271,100.00
6602,26454,100.00
6603,48180,100.00
6604,55941,100.00
6605,36013,0.00
6606,60441,50.00
6607,59887,0.00
6608,55354,0.00
6609,50721,0.00
6610,52806,0.00
6611,53541,0.00
6612,53088,0.00
6613,56310,0.00
6614,58650,0.00
6615,58158,0.00
6616,55158,0.00
6617,54564,0.00
6618,55989,0.00
6619,54858,0.00
6620,51758,50.00
6621,60762,50.00
6622,39988,0.00
6623,38834,100.00
6624,35990,100.00
6625,47878,100.00
6626,53402,100.00
6627,26280,100.00
6628,55223,100.00
6629,46248,100.00
6630,47488,0.00
6631,56354,0.00
6632,58890,0.00
6633,57241,0.00
6634,54897,0.00
6635,59087,0.00
6636,54741,0.00
6637,53341,0.00
6638,58162,0.00
6639,34879,100.00
6640,54962,100.00
6641,49789,100.00
6642,31985,0.00
6643,40041,100.00
6644,37704,100.00
6645,32869,100.00
6646,49514,100.00
6647,39318,100.00
6648,46226,100.00
6649,26027,100.00
6650,45801,100.00
6651,40284,0.00
6652,51640,50.00
6653,41422,0.00
6654,45681,0.00
6655,47317,0.00
6656,51945,0.00
6657,51201,0.00
6658,49484,0.00
6659,53343,0.00
6660,65528,0.00
6661,50707,0.00
6662,52672,0.00
6663,53257,0.00
6664,54366,0.00
6665,51624,0.00
6666,60417,0.00
6667,58838,0.00
6668,73583,100.00
6669,54756,100.00
6670,21359,0.00
6671,25610,0.00
6672,23501,100.00
6673,25361,100.00
6674,38947,100.00
6675,41758,0.00
6676,58704,100.00
6677,41886,0.00
6678,26436,100.00
6679,22933,100.00
6680,53677,100.00
6681,51385,0.00
6682,56442,0.00
6683,58356,0.00
6684,53461,0.00
6685,55019,0.00
6686,58255,0.00
6687,54003,0.00
6688,57657,0.00
6689,60122,0.00
6690,57274,0.00
6691,58178,0.00
6692,61499,0.00
6693,58117,0.00
6694,59775,0.00
6695,50895,0.00
6696,51694,0.00
6697,67068,66.67
6698,28906,0.00
6699,42209,100.00
6700,47671,0.00
6701,29952,100.00
6702,23371,0.00
6703,20239,100.00
6704,32544,100.00
6705,27884,100.00
6706,46359,100.00
6707,47737,100.00
6708,63647,100.00
6709,24566,100.00
6710,34466,100.00
6711,44684,0.00
6712,52298,0.00
6713,56705,0.00
6714,62020,0.00
6715,61106,0.00
6716,69448,0.00
6717,60770,0.00
6718,57347,0.00
6719,64378,0.00
6720,56705,0.00
6721,62290,0.00
6722,60723,0.00
6723,56850,0.00
6724,59988,0.00
6725,61167,0.00
6726,71073,0.00
6727,61863,0.00
6728,42434,100.00
6729,49737,100.00
6730,50738,100.00
6731,41162,100.00
6732,50229,100.00
6733,24736,100.00
6734,21315,100.00
6735,27475,100.00
6736,45464,50.00
6737,46174,0.00
6738,47128,0.00
6739,52801,0.00
6740,51836,0.00
6741,51525,0.00
6742,49275,0.00
6743,54876,0.00
6744,53746,0.00
6745,63582,50.00
6746,32571,0.00
6747,34612,0.00
6748,49248,100.00
6749,60265,50.00
6750,32505,0.00
6751,32859,0.00
6752,38583,100.00
6753,28427,100.00
6754,26547,100.00
6755,49383,0.00
6756,65030,100.00
6757,55208,0.00
6758,54327,0.00
6759,43291,50.00
6760,53024,0.00
6761,53303,0.00
6762,55025,0.00
6763,54424,0.00
6764,69251,0.00
6765,60653,0.00
6766,65451,0.00
6767,63030,0.00
6768,61825,0.00
6769,72448,0.00
6770,40950,50.00
6771,53676,0.00
6772,50697,100.00
6773,59568,100.00
6774,33027,0.00
6775,42792,100.00
6776,40049,0.00
6777,26168,100.00
6778,43253,0.00
6779,45633,100.00
6780,45563,100.00
6781,37223,50.00
6782,28764,0.00
6783,31026,50.00
6784,55532,0.00
6785,52690,0.00
6786,53971,0.00
6787,57182,0.00
6788,59510,0.00
6789,59825,0.00
6790,52144,0.00
6791,55225,0.00
6792,60205,0.00
6793,61238,0.00
6794,63906,0.00
6795,56864,0.00
6796,67190,0.00
6797,25734,0.00
6798,33586,100.00
6799,49040,100.00
6800,48776,0.00
6801,28244,100.00
6802,28265,0.00
6803,44258,100.00
6804,45415,100.00
6805,30033,100.00
6806,25876,100.00
6807,56984,100.00
6808,61523,100.00
6809,37617,0.00
6810,31208,0.00
6811,51954,0.00
6812,48678,100.00
6813,51456,0.00
6814,53768,0.00
6815,54116,0.00
6816,58715,0.00
6817,58300,0.00
6818,58329,0.00
6819,56831,0.00
6820,58686,0.00
6821,76510,0.00
6822,59648,50.00
6823,54627,0.00
6824,56158,50.00
6825,35259,100.00
6826,32479,100.00
6827,26053,100.00
6828,55478,100.00
6829,45608,100.00
6830,27641,100.00
6831,62242,100.00
6832,48950,100.00
6833,35349,100.00
6834,41231,0.00
6835,40427,100.00
6836,61996,0.00
6837,49958,0.00
6838,53029,0.00
6839,55618,0.00
6840,66963,0.00
6841,58500,0.00
6842,61140,0.00
6843,62247,0.00
6844,70962,0.00
6845,68002,0.00
6846,60237,0.00
6847,60571,0.00
6848,75114,100.00
6849,62092,50.00
6850,30381,0.00
6851,31218,100.00
6852,49908,100.00
6853,46963,100.00
6854,33055,100.00
6855,26468,0.00
6856,65388,100.00
6857,40410,0.00
6858,31125,100.00
6859,56631,0.00
6860,58005,0.00
6861,60339,0.00
6862,59965,0.00
6863,66555,0.00
6864,60812,0.00
6865,59218,0.00
6866,63598,0.00
6867,55587,0.00
6868,59074,0.00
6869,67225,50.00
6870,46350,0.00
6871,36615,100.00
6872,42651,100.00
6873,54853,100.00
6874,56624,100.00
6875,51595,0.00
6876,44140,100.00
6877,23960,100.00
6878,24094,100.00
6879,29237,100.00
6880,53686,100.00
6881,48339,100.00
6882,33493,0.00
6883,58881,0.00
6884,58614,0.00
6885,616506,0.00
6886,61509,0.00
6887,64934,0.00
6888,59862,0.00
6889,58981,0.00
6890,62444,0.00
6891,60275,0.00
6892,58616,0.00
6893,56595,0.00
6894,58094,0.00
6895,61364,0.00
6896,72680,66.67
6897,21588,0.00
6898,37390,100.00
6899,25007,100.00
6900,37685,0.00
6901,28104,100.00
6902,53154,0.00
6903,44233,100.00
6904,39067,100.00
6905,52875,100.00
6906,39409,0.00
6907,35969,100.00
6908,56155,100.00
6909,37575,100.00
6910,51857,0.00
6911,55714,0.00
6912,56800,0.00
6913,54825,0.00
6914,60373,0.00
6915,56891,0.00
6916,62615,0.00
6917,59438,0.00
6918,58593,0.00
6919,56131,0.00
6920,60461,0.00
6921,60767,0.00
6922,67193,0.00
6923,75801,0.00
6924,73199,50.00
6925,72105,100.00
6926,25656,0.00
6927,57659,100.00
6928,69693,100.00
6929,28142,100.00
6930,23193,100.00
6931,27043,100.00
6932,37840,0.00
6933,49399,100.00
6934,38088,100.00
6935,45065,100.00
6936,65894,100.00
6937,37668,0.00
6938,38638,100.00
6939,51598,0.00
6940,62187,0.00
6941,57682,0.00
6942,56355,0.00
6943,62482,0.00
6944,58250,0.00
6945,57569,0.00
6946,60973,0.00
6947,71559,0.00
6948,67642,0.00
6949,58278,0.00
6950,62367,0.00
6951,69382,0.00
6952,59012,0.00
6953,73190,0.00
6954,50354,0.00
6955,51164,100.00
6956,57482,100.00
6957,36477,100.00
6958,30529,100.00
6959,35784,100.00
6960,54845,100.00
6961,27324,100.00
6962,25618,100.00
6963,36490,0.00
6964,59003,100.00
6965,43938,0.00
6966,57452,0.00
6967,60682,0.00
6968,58855,0.00
6969,59540,0.00
6970,58084,0.00
6971,61787,0.00
6972,68850,0.00
6973,62180,0.00
6974,58735,0.00
6975,63007,0.00
6976,56421,0.00
6977,63062,0.00
6978,61725,0.00
6979,35023,0.00
6980,73900,100.00
6981,56332,0.00
6982,29303,100.00
6983,33187,100.00
6984,34084,100.00
6985,48950,100.00
6986,47638,100.00
6987,27392,100.00
6988,52122,100.00
6989,52780,50.00
6990,45484,0.00
6991,67823,0.00
6992,50451,0.00
6993,51236,0.00
6994,49232,0.00
6995,60757,0.00
6996,58237,0.00
6997,58596,0.00
6998,50901,0.00
6999,54186,0.00
7000,140491,50.00
7001,36130,0.00
7002,34250,50.00
7003,54241,0.00
7004,60146,100.00
7005,27171,100.00
7006,22844,100.00
7007,22767,100.00
7008,36258,0.00
7009,48108,100.00
7010,44876,100.00
7011,47510,100.00
7012,44442,100.00
7013,33478,0.00
7014,39770,100.00
7015,49170,0.00
7016,49733,0.00
7017,60882,0.00
7018,50182,0.00
7019,45280,0.00
7020,50032,0.00
7021,53183,0.00
7022,69154,0.00
7023,56210,0.00
7024,60837,0.00
7025,60926,0.00
7026,60583,0.00
7027,72610,0.00
7028,65721,100.00
7029,65641,100.00
7030,21186,0.00
7031,24328,100.00
7032,37477,100.00
7033,43394,100.00
7034,38163,0.00
7035,27877,100.00
7036,39069,100.00
7037,42458,100.00
7038,52149,0.00
7039,33768,50.00
7040,45873,100.00
7041,34482,0.00
7042,38926,0.00
7043,49974,0.00
7044,55118,0.00
7045,57445,0.00
7046,67273,0.00
7047,54582,0.00
7048,55347,0.00
7049,60035,0.00
7050,55727,0.00
7051,67686,0.00
7052,74633,0.00
7053,58167,0.00
7054,52951,0.00
7055,51984,100.00
7056,43415,50.00
7057,43300,100.00
7058,19040,0.00
7059,48069,0.00
7060,56887,100.00
7061,40209,100.00
7062,40295,100.00
7063,36003,0.00
7064,47368,100.00
7065,29926,0.00
7066,54310,0.00
7067,59978,100.00
7068,59810,0.00
7069,58670,0.00
7070,59646,0.00
7071,56616,0.00
7072,55915,0.00
7073,67779,0.00
7074,59111,0.00
7075,67798,0.00
7076,61849,0.00
7077,60250,0.00
7078,56188,0.00
7079,66998,0.00
7080,58202,100.00
7081,57921,66.67
7082,26310,0.00
7083,42055,0.00
7084,41014,100.00
7085,30029,100.00
7086,24975,100.00
7087,49462,100.00
7088,51207,100.00
7089,37414,100.00
7090,48805,0.00
7091,72417,0.00
7092,56485,0.00
7093,59004,0.00
7094,54656,0.00
7095,54623,0.00
7096,61492,0.00
7097,55885,0.00
7098,57289,0.00
7099,56337,0.00
7100,66574,0.00
7101,43405,0.00
7102,41128,100.00
7103,44471,100.00
7104,64396,100.00
7105,43056,0.00
7106,47819,100.00
7107,27936,100.00
7108,36662,100.00
7109,26924,100.00
7110,30295,100.00
7111,60453,100.00
7112,67484,100.00
7113,62724,33.33
7114,14054,0.00
7115,11363,0.00
7116,62925,0.00
7117,60053,0.00
7118,64696,0.00
7119,60553,0.00
7120,47451,0.00
7121,50939,0.00
7122,63282,0.00
7123,60923,0.00
7124,62812,0.00
7125,61158,0.00
7126,63590,0.00
7127,74735,0.00
7128,69816,0.00
7129,63893,50.00
7130,48500,0.00
7131,54663,100.00
7132,44347,0.00
7133,28272,100.00
7134,59342,0.00
7135,23226,0.00
7136,67303,100.00
7137,72145,100.00
7138,35894,100.00
7139,68078,0.00
7140,21649,0.00
7141,26344,0.00
7142,70736,100.00
7143,61421,100.00
7144,65442,100.00
7145,66706,100.00
7146,50277,100.00
7147,37516,0.00
7148,142626,0.00
7149,61938,0.00
7150,61819,0.00
7151,65730,0.00
7152,59698,0.00
7153,64049,0.00
7154,58171,0.00
7155,60046,0.00
7156,66409,0.00
7157,63388,0.00
7158,61354,0.00
7159,59815,0.00
7160,65066,0.00
7161,59844,0.00
7162,57618,0.00
7163,63603,0.00
7164,61379,0.00
7165,61574,0.00
7166,57521,0.00
7167,62354,0.00
7168,58710,0.00
7169,64767,0.00
7170,73027,100.00
7171,70445,100.00
7172,67582,100.00
7173,49059,100.00
7174,30176,0.00
7175,23018,100.00
7176,22174,100.00
7177,23752,100.00
7178,27158,100.00
7179,55190,100.00
7180,73699,100.00
7181,54724,100.00
7182,41532,100.00
7183,51756,0.00
7184,56805,0.00
7185,60602,0.00
7186,68388,0.00
7187,62260,0.00
7188,56534,0.00
7189,62881,0.00
7190,61107,0.00
7191,61121,0.00
7192,62283,0.00
7193,59720,0.00
7194,75925,0.00
7195,57368,0.00
7196,60064,0.00
7197,63193,0.00
7198,60518,0.00
7199,72646,0.00
7200,79748,100.00
7201,36322,0.00
7202,62537,100.00
7203,61902,100.00
7204,63360,100.00
7205,40311,100.00
7206,26923,100.00
7207,22344,100.00
7208,45804,100.00
7209,31094,100.00
7210,57542,0.00
7211,68401,0.00
7212,72038,100.00
7213,53601,0.00
7214,60719,0.00
7215,62858,0.00
7216,102092,0.00
7217,64353,0.00
7218,81682,0.00
7219,61585,0.00
7220,64261,0.00
7221,73822,0.00
7222,63411,0.00
7223,65043,0.00
7224,71864,0.00
7225,70910,50.00
7226,66049,0.00
7227,66037,0.00
7228,52855,100.00
7229,49812,50.00
7230,62562,100.00
7231,37610,0.00
7232,35977,100.00
7233,42025,100.00
7234,37670,0.00
7235,56646,100.00
7236,44673,50.00
7237,51060,0.00
7238,50316,0.00
7239,54128,0.00
7240,63131,50.00
7241,56538,0.00
7242,58241,0.00
7243,66883,0.00
7244,64094,100.00
7245,49184,100.00
7246,23218,0.00
7247,26014,0.00
7248,40431,100.00
7249,55826,100.00
7250,57815,100.00
7251,47473,100.00
7252,43255,100.00
7253,24245,100.00
7254,27383,100.00
7255,37656,100.00
7256,50184,0.00
7257,55844,100.00
7258,61902,0.00
7259,53577,0.00
7260,64017,0.00
7261,62137,0.00
7262,63101,0.00
7263,63101,0.00
7264,59869,0.00
7265,58463,0.00
7266,60897,0.00
7267,63855,0.00
7268,63351,0.00
7269,63310,0.00
7270,63535,0.00
7271,82613,0.00
7272,71930,100.00
7273,44044,0.00
7274,30982,100.00
7275,25077,100.00
7276,22007,100.00
7277,25061,100.00
7278,25540,100.00
7279,57925,100.00
7280,70195,100.00
7281,54008,100.00
7282,31271,100.00
7283,33242,100.00
7284,49426,50.00
7285,39049,100.00
7286,53009,0.00
7287,146982,0.00
7288,58135,0.00
7289,61373,0.00
7290,54739,0.00
7291,56551,0.00
7292,59799,0.00
7293,59299,0.00
7294,66031,0.00
7295,62003,0.00
7296,63292,0.00
7297,72030,0.00
7298,59150,0.00
7299,75231,0.00
7300,60864,100.00
7301,69248,100.00
7302,27384,0.00
7303,45990,0.00
7304,34743,100.00
7305,25982,100.00
7306,21181,100.00
7307,23951,100.00
7308,35475,100.00
7309,54825,100.00
7310,54978,100.00
7311,55875,50.00
7312,48887,0.00
7313,49560,0.00
7314,64887,0.00
7315,60784,0.00
7316,56894,0.00
7317,78952,0.00
7318,60559,0.00
7319,63094,0.00
7320,64476,0.00
7321,70086,0.00
7322,157545,0.00
7323,64805,0.00
7324,62880,0.00
7325,330283,0.00
7326,72214,100.00
7327,71758,0.00
7328,83624,100.00
7329,72987,0.00
7330,30971,0.00
7331,28200,100.00
7332,70577,0.00
7333,57639,100.00
7334,54336,100.00
7335,57265,0.00
7336,58301,100.00
7337,110088,0.00
7338,65877,0.00
7339,71964,0.00
7340,74718,0.00
7341,62405,100.00
7342,83869,0.00
7343,69345,0.00
7344,70020,50.00
7345,15501,0.00
7346,68222,0.00
7347,58800,0.00
7348,55248,0.00
7349,42850,0.00
7350,70488,0.00
7351,56114,0.00
7352,65716,100.00
7353,70187,0.00
7354,78155,100.00
7355,70589,0.00
7356,66164,100.00
7357,68603,0.00
7358,71943,0.00
7359,70192,50.00
7360,75461,0.00
7361,70729,0.00
7362,70183,100.00
7363,68191,0.00
7364,62677,0.00
7365,59483,0.00
7366,229973,0.00
7367,230797,0.00
7368,63152,0.00
7369,71142,0.00
7370,70623,0.00
7371,74275,0.00
7372,72118,0.00
7373,69896,0.00
7374,70453,0.00
7375,91129,100.00
7376,73056,0.00
7377,70017,0.00
7378,64980,100.00
7379,29135,0.00
7380,67934,100.00
7381,73843,0.00
7382,20702,0.00
7383,62211,0.00
7384,70963,0.00
7385,146755,0.00
7386,35063,100.00
7387,66920,0.00
7388,69714,100.00
7389,68406,0.00
7390,42711,100.00
7391,70168,0.00
7392,72329,0.00
7393,19152,0.00
7394,17203,0.00
7395,71116,50.00
7396,71903,0.00
7397,67075,0.00
7398,71728,100.00
7399,51692,0.00
7400,68802,100.00
7401,58411,0.00
7402,57058,0.00
7403,61601,0.00
7404,12796,0.00
7405,105193,0.00
7406,58712,0.00
7407,58413,0.00
7408,27835,0.00
7409,60416,0.00
7410,69698,0.00
7411,62628,0.00
7412,63515,0.00
7413,66981,0.00
7414,58933,0.00
7415,59948,0.00
7416,59958,0.00
7417,72703,0.00
7418,56712,0.00
7419,58404,0.00
7420,71779,0.00
7421,72985,0.00
7422,72328,0.00
7423,71850,100.00
7424,68116,0.00
7425,69735,0.00
7426,69639,0.00
7427,67360,0.00
7428,71765,50.00
7429,72801,0.00
7430,124003,0.00
7431,67944,0.00
7432,75602,100.00
7433,22156,0.00
7434,18817,0.00
7435,17750,0.00
7436,437603,100.00
7437,71981,0.00
7438,70967,100.00
7439,334541,0.00
7440,71011,0.00
7441,72255,100.00
7442,71772,0.00
7443,69291,0.00
7444,83000,100.00
7445,71238,0.00
7446,330460,0.00
7447,92575,0.00
7448,70232,100.00
7449,1335293,0.00
7450,1440134,0.00
7451,694715,0.00
7452,7627089,100.00
7453,20995,0.00
7454,15921,0.00
7455,15149,0.00
7456,14244,0.00
7457,15089,0.00
7458,15447,0.00
7459,56436,0.00
7460,74126,0.00
7461,72254,0.00
7462,19252,0.00
7463,17091,0.00
7464,72200,0.00
7465,269305,0.00
7466,71981,0.00
7467,71411,0.00
7468,18930,0.00
7469,554153,100.00
7470,70643,0.00
7471,19428,0.00
7472,17323,0.00
7473,431313,0.00
7474,29451,0.00
7475,19139,0.00
7476,44182,0.00
7477,70718,0.00
7478,7685178,100.00
7479,52321,0.00
7480,68636,0.00
7481,70896,0.00
7482,19112,0.00
7483,17078,0.00
7484,37628,0.00
7485,74099,33.33
7486,19466,0.00
7487,17617,0.00
7488,17142,0.00
7489,70987,0.00
7490,72669,0.00
7491,79651,0.00
7492,65979,50.00
7493,70440,0.00
7494,71615,0.00
7495,18508,0.00
7496,36145,50.00
7497,65710,0.00
7498,138996,50.00
7499,40043,0.00
7500,11805,0.00
7501,59959,0.00
7502,35067,0.00
7503,57457,0.00
7504,60164,0.00
7505,60556,0.00
7506,59566,0.00
7507,67511,0.00
7508,59049,0.00
7509,184471,0.00
7510,107040,0.00
7511,65534,0.00
7512,71491,0.00
7513,72213,0.00
7514,62989,0.00
7515,70783,0.00
7516,75189,0.00
7517,115253,0.00
7518,63113,0.00
7519,62997,0.00
7520,61199,0.00
7521,61625,0.00
7522,59420,0.00
7523,62442,0.00
7524,60957,0.00
7525,64056,0.00
7526,61408,0.00
7527,67275,0.00
7528,60005,0.00
7529,73443,0.00
7530,66693,0.00
7531,75492,0.00
7532,69615,0.00
7533,57869,0.00
7534,61097,0.00
7535,60681,0.00
7536,210601,0.00
7537,61270,0.00
7538,59542,0.00
7539,59218,0.00
7540,63346,0.00
7541,60590,0.00
7542,60728,0.00
7543,59143,0.00
7544,60279,0.00
7545,61708,0.00
7546,61645,0.00
7547,61245,0.00
7548,62102,0.00
7549,60444,0.00
7550,64038,0.00
7551,69324,0.00
7552,64248,0.00
7553,60871,0.00
7554,61563,0.00
7555,61572,0.00
7556,68113,0.00
7557,241331,0.00
7558,262128,0.00
7559,61754,0.00
7560,61028,0.00
7561,59442,0.00
7562,61559,0.00
7563,60880,0.00
7564,70422,0.00
7565,70110,0.00
7566,73822,0.00
7567,71145,0.00
7568,73999,0.00
7569,89298,0.00
7570,71955,0.00
7571,75522,0.00
7572,89563,66.67
7573,76027,0.00
7574,18939,0.00
7575,75416,100.00
7576,24120,0.00
7577,71881,100.00
7578,71667,0.00
7579,71305,0.00
7580,73316,100.00
7581,50362,100.00
7582,68850,0.00
7583,72766,0.00
7584,71358,100.00
7585,76642,0.00
7586,74058,100.00
7587,74288,0.00
7588,76495,0.00
7589,60269,100.00
7590,75521,0.00
7591,49009,0.00
7592,75944,0.00
7593,27298,0.00
7594,76633,0.00
7595,54172,100.00
7596,93614,0.00
7597,18494,0.00
7598,72533,100.00
7599,72135,0.00
7600,71924,0.00
7601,70636,0.00
7602,48978,100.00
7603,73336,0.00
7604,21318,0.00
7605,74561,50.00
7606,19754,0.00
7607,18036,0.00
7608,75504,100.00
7609,73841,0.00
7610,77839,0.00
7611,75254,0.00
7612,76710,0.00
7613,63004,0.00
7614,60232,0.00
7615,169606,0.00
7616,60921,0.00
7617,62411,0.00
7618,66720,0.00
7619,62484,0.00
7620,62719,0.00
7621,63226,0.00
7622,60608,0.00
7623,65520,0.00
7624,65906,0.00
7625,59954,0.00
7626,59597,0.00
7627,99958,0.00
7628,64822,0.00
7629,235208,0.00
7630,593626,0.00
7631,58126,0.00
7632,126631,0.00
7633,59569,0.00
7634,62703,0.00
7635,61625,0.00
7636,63500,0.00
7637,59014,0.00
7638,61361,0.00
7639,707423,0.00
7640,72528,0.00
7641,231866,0.00
7642,71068,0.00
7643,277382,0.00
7644,59288,0.00
7645,69177,0.00
7646,58793,0.00
7647,109045,0.00
7648,63169,0.00
7649,60602,0.00
7650,146236,0.00
7651,60777,0.00
7652,64344,0.00
7653,62066,0.00
7654,95571,0.00
7655,71887,50.00
7656,77072,0.00
7657,72035,50.00
7658,71876,0.00
7659,58826,0.00
7660,59438,100.00
7661,35825,0.00
7662,38494,50.00
7663,48958,100.00
7664,63315,100.00
7665,421453,100.00
7666,48087,100.00
7667,66330,0.00
7668,68575,50.00
7669,66590,0.00
7670,78799,0.00
7671,60687,0.00
7672,61142,0.00
7673,238324,0.00
7674,148359,0.00
7675,60395,0.00
7676,63366,0.00
7677,75111,0.00
7678,160859,0.00
7679,66010,0.00
7680,76101,100.00
7681,71645,50.00
7682,25983,0.00
7683,44923,0.00
7684,48056,100.00
7685,63085,100.00
7686,65296,100.00
7687,65164,100.00
7688,68558,100.00
7689,28929,100.00
7690,25037,100.00
7691,64968,0.00
7692,56126,0.00
7693,61090,0.00
7694,68707,0.00
7695,60629,0.00
7696,62485,0.00
7697,63853,0.00
7698,64185,0.00
7699,385066,0.00
7700,56938,0.00
7701,69445,100.00
7702,39367,0.00
7703,38789,100.00
7704,72425,0.00
7705,20341,0.00
7706,17618,0.00
7707,39607,0.00
7708,79813,100.00
7709,62506,100.00
7710,23292,0.00
7711,40274,100.00
7712,51345,100.00
7713,64418,100.00
7714,41798,0.00
7715,59735,100.00
7716,72924,33.33
7717,19461,0.00
7718,66617,0.00
7719,60547,0.00
7720,67246,50.00
7721,69792,0.00
7722,84751,50.00
7723,59733,0.00
7724,63886,0.00
7725,69325,0.00
7726,62299,0.00
7727,65176,0.00
7728,104543,0.00
7729,64180,0.00
7730,61589,0.00
7731,102006,0.00
7732,67166,0.00
7733,73069,0.00
7734,73142,0.00
7735,75186,50.00
7736,66859,0.00
7737,67483,50.00
7738,65990,0.00
7739,72809,50.00
7740,34653,0.00
7741,69954,100.00
7742,58969,100.00
7743,56953,100.00
7744,82302,100.00
7745,83798,100.00
7746,49008,0.00
7747,31686,100.00
7748,44801,100.00
7749,43396,0.00
7750,45014,0.00
7751,50197,100.00
7752,55282,50.00
7753,57670,0.00
7754,58424,0.00
7755,56786,0.00
7756,60354,0.00
7757,60939,0.00
7758,54841,0.00
7759,60792,0.00
7760,60155,0.00
7761,58932,0.00
7762,56802,0.00
7763,56818,0.00
7764,56616,0.00
7765,59765,0.00
7766,55931,0.00
7767,68194,0.00
7768,71668,100.00
7769,21187,0.00
7770,25422,100.00
7771,24599,100.00
7772,36279,0.00
7773,44292,100.00
7774,51033,0.00
7775,31108,100.00
7776,62954,100.00
7777,47847,50.00
7778,38159,0.00
7779,45761,50.00
7780,57511,0.00
7781,57752,0.00
7782,61246,0.00
7783,61564,0.00
7784,62711,0.00
7785,68910,0.00
7786,195386,0.00
7787,73791,0.00
7788,70775,0.00
7789,65103,50.00
7790,63546,0.00
7791,54905,0.00
7792,59064,100.00
7793,43645,100.00
7794,33349,0.00
7795,42625,100.00
7796,42239,100.00
7797,40801,100.00
7798,59762,100.00
7799,61972,0.00
7800,52084,66.67
7801,34836,100.00
7802,25795,0.00
7803,36477,0.00
7804,56250,50.00
7805,53400,0.00
7806,60506,0.00
7807,62959,0.00
7808,62658,0.00
7809,59163,0.00
7810,63136,0.00
7811,61496,0.00
7812,69850,0.00
7813,67439,50.00
7814,42555,0.00
7815,65207,0.00
7816,66650,50.00
7817,39826,100.00
7818,32773,0.00
7819,41751,100.00
7820,76762,100.00
7821,39204,100.00
7822,39146,100.00
7823,29760,100.00
7824,59950,100.00
7825,54073,100.00
7826,58772,0.00
7827,56989,0.00
7828,61492,0.00
7829,61479,0.00
7830,61062,0.00
7831,63430,0.00
7832,61158,0.00
7833,61550,0.00
7834,62365,0.00
7835,67055,0.00
7836,92901,0.00
7837,60000,0.00
7838,67294,50.00
7839,36782,0.00
7840,44191,50.00
7841,37993,0.00
7842,57472,100.00
7843,67524,100.00
7844,59681,100.00
7845,30017,0.00
7846,25636,100.00
7847,28831,100.00
7848,49882,100.00
7849,45103,0.00
7850,49989,0.00
7851,57418,50.00
7852,54995,100.00
7853,44616,0.00
7854,55453,0.00
7855,64475,0.00
7856,61781,0.00
7857,63917,0.00
7858,65319,0.00
7859,58753,0.00
7860,61638,0.00
7861,61471,0.00
7862,58971,0.00
7863,73516,0.00
7864,70691,0.00
7865,69592,100.00
7866,40902,0.00
7867,54478,100.00
7868,40378,0.00
7869,32629,100.00
7870,43952,0.00
7871,54439,100.00
7872,56620,100.00
7873,31446,100.00
7874,32749,0.00
7875,73971,0.00
7876,18544,0.00
7877,25614,100.00
7878,72028,50.00
7879,17823,0.00
7880,46440,0.00
7881,65529,100.00
7882,54846,0.00
7883,61948,0.00
7884,62196,0.00
7885,60836,0.00
7886,60712,0.00
7887,64317,0.00
7888,72617,0.00
7889,61237,0.00
7890,62740,0.00
7891,57986,0.00
7892,58010,0.00
7893,58473,0.00
7894,54661,0.00
7895,72098,0.00
7896,59434,66.67
7897,61242,100.00
7898,40672,0.00
7899,33476,0.00
7900,44948,66.67
7901,45227,100.00
7902,25744,0.00
7903,28894,100.00
7904,63565,100.00
7905,51334,100.00
7906,38399,100.00
7907,61316,0.00
7908,58322,50.00
7909,61910,0.00
7910,57714,0.00
7911,63750,0.00
7912,60790,0.00
7913,61743,0.00
7914,61754,0.00
7915,58724,0.00
7916,63361,0.00
7917,61826,0.00
7918,73003,0.00
7919,62508,50.00
7920,59465,100.00
7921,23184,0.00
7922,27990,100.00
7923,32944,0.00
7924,71151,100.00
7925,57485,0.00
7926,54732,100.00
7927,27310,100.00
7928,35058,100.00
7929,47429,50.00
7930,53191,0.00
7931,59931,0.00
7932,62918,0.00
7933,59694,0.00
7934,60615,0.00
7935,62436,0.00
7936,64630,0.00
7937,59573,0.00
7938,61332,0.00
7939,70270,0.00
7940,70107,100.00
7941,69601,0.00
7942,58122,100.00
7943,61271,0.00
7944,76356,100.00
7945,72287,66.67
7946,50883,0.00
7947,66948,0.00
7948,43649,100.00
7949,30991,100.00
7950,43873,100.00
7951,40245,100.00
7952,57675,100.00
7953,42784,0.00
7954,54093,50.00
7955,44607,0.00
7956,51827,50.00
7957,60190,0.00
7958,58921,0.00
7959,58316,0.00
7960,61619,0.00
7961,58388,0.00
7962,57851,0.00
7963,72207,0.00
7964,61758,0.00
7965,55951,0.00
7966,59416,0.00
7967,58250,0.00
7968,70492,0.00
7969,41996,50.00
7970,26315,0.00
7971,39626,50.00
7972,43764,0.00
7973,30728,100.00
7974,57518,100.00
7975,55327,100.00
7976,38047,100.00
7977,22386,100.00
7978,23811,100.00
7979,27799,100.00
7980,55380,100.00
7981,35089,100.00
7982,59729,0.00
7983,48215,0.00
7984,57381,50.00
7985,57508,0.00
7986,64660,0.00
7987,57970,0.00
7988,61383,0.00
7989,57735,0.00
7990,56902,0.00
7991,74319,0.00
7992,59695,0.00
7993,63276,0.00
7994,62112,0.00
7995,71006,0.00
7996,65434,100.00
7997,53750,0.00
7998,33472,0.00
7999,47424,100.00
8000,54207,100.00
8001,27858,100.00
8002,28395,100.00
8003,49132,100.00
8004,63483,100.00
8005,38138,100.00
8006,24307,100.00
8007,43905,0.00
8008,56390,0.00
8009,57109,0.00
8010,56106,0.00
8011,58641,0.00
8012,53433,0.00
8013,57208,0.00
8014,55461,0.00
8015,68286,0.00
8016,59820,0.00
8017,66977,50.00
8018,68424,0.00
8019,75041,0.00
8020,70498,50.00
8021,69738,0.00
8022,66481,50.00
8023,64747,100.00
8024,55272,100.00
8025,52278,100.00
8026,49374,100.00
8027,32391,100.00
8028,37469,0.00
8029,37163,100.00
8030,35243,100.00
8031,38781,100.00
8032,67819,100.00
8033,45716,0.00
8034,55412,0.00
8035,56692,0.00
8036,59466,0.00
8037,57114,0.00
8038,62481,0.00
8039,71776,0.00
8040,63298,0.00
8041,59628,0.00
8042,58989,0.00
8043,59957,0.00
8044,59937,0.00
8045,57778,0.00
8046,63617,0.00
8047,71050,0.00
8048,78969,50.00
8049,35347,100.00
8050,21833,0.00
8051,28516,0.00
8052,34933,100.00
8053,57613,100.00
8054,54294,100.00
8055,47628,100.00
8056,50310,100.00
8057,51711,0.00
8058,51351,0.00
8059,47026,100.00
8060,53580,0.00
8061,50876,0.00
8062,54095,0.00
8063,54142,0.00
8064,55662,0.00
8065,55725,0.00
8066,74034,0.00
8067,54565,50.00
8068,59261,100.00
8069,33416,50.00
8070,37412,0.00
8071,55803,50.00
8072,64133,0.00
8073,33952,50.00
8074,34427,100.00
8075,63541,0.00
8076,65071,100.00
8077,43220,100.00
8078,31915,0.00
8079,29521,0.00
8080,39816,50.00
8081,49279,100.00
8082,57217,0.00
8083,42751,0.00
8084,45659,50.00
8085,61377,0.00
8086,59085,0.00
8087,66028,0.00
8088,63981,0.00
8089,74230,100.00
8090,70600,0.00
8091,56222,100.00
8092,58360,50.00
8093,39412,100.00
8094,65146,0.00
8095,66283,100.00
8096,61480,0.00
8097,54587,100.00
8098,38935,100.00
8099,48544,0.00
8100,57929,50.00
8101,58337,100.00
8102,32596,0.00
8103,43396,0.00
8104,40302,66.67
8105,48862,0.00
8106,43236,0.00
8107,50950,100.00
8108,56675,0.00
8109,65141,0.00
8110,69269,0.00
8111,59128,0.00
8112,69871,0.00
8113,48293,50.00
8114,67081,0.00
8115,46487,0.00
8116,54115,100.00
8117,59096,0.00
8118,59958,100.00
8119,53685,100.00
8120,57326,100.00
8121,57401,100.00
8122,41748,100.00
8123,47393,100.00
8124,81841,50.00
8125,59198,100.00
8126,47042,0.00
8127,74115,0.00
8128,59251,0.00
8129,63800,0.00
8130,61268,0.00
8131,62959,0.00
8132,61613,0.00
8133,72386,0.00
8134,57606,0.00
8135,51619,0.00
8136,71375,50.00
8137,56042,0.00
8138,57012,100.00
8139,23822,0.00
8140,38107,100.00
8141,47185,100.00
8142,54883,0.00
8143,54431,100.00
8144,68018,100.00
8145,24452,100.00
8146,26408,100.00
8147,44494,100.00
8148,37566,100.00
8149,53191,0.00
8150,58854,0.00
8151,59642,0.00
8152,72917,0.00
8153,63960,0.00
8154,60343,0.00
8155,75513,0.00
8156,58654,0.00
8157,62722,0.00
8158,57732,0.00
8159,61092,0.00
8160,61944,0.00
8161,61926,0.00
8162,58618,0.00
8163,68018,0.00
8164,73667,100.00
8165,65409,100.00
8166,22816,0.00
8167,24238,100.00
8168,35287,100.00
8169,28901,100.00
8170,33563,100.00
8171,58742,0.00
8172,70187,100.00
8173,66118,0.00
8174,43165,0.00
8175,35325,100.00
8176,47283,50.00
8177,51171,0.00
8178,59385,0.00
8179,62109,0.00
8180,61995,0.00
8181,59130,0.00
8182,65156,0.00
8183,61575,0.00
8184,62123,0.00
8185,61275,0.00
8186,62172,0.00
8187,69216,0.00
8188,69261,50.00
8189,33907,0.00
8190,31687,0.00
8191,41147,100.00
8192,77504,100.00
8193,51736,100.00
8194,56155,100.00
8195,51273,0.00
8196,36823,100.00
8197,26824,100.00
8198,29006,100.00
8199,39914,100.00
8200,40055,0.00
8201,50669,100.00
8202,49363,0.00
8203,41245,100.00
8204,62667,0.00
8205,62423,0.00
8206,57893,0.00
8207,61169,0.00
8208,61946,0.00
8209,59287,0.00
8210,58331,0.00
8211,59817,0.00
8212,57916,0.00
8213,62589,0.00
8214,70384,0.00
8215,70036,0.00
8216,67634,50.00
8217,36353,100.00
8218,61909,50.00
8219,27294,0.00
8220,41404,100.00
8221,69672,100.00
8222,56793,100.00
8223,57745,0.00
8224,76275,100.00
8225,33049,0.00
8226,54369,100.00
8227,75624,0.00
8228,41664,0.00
8229,69159,100.00
8230,72058,0.00
8231,71035,0.00
8232,45297,0.00
8233,59122,0.00
8234,61735,0.00
8235,67525,0.00
8236,62916,0.00
8237,62030,0.00
8238,59484,0.00
8239,60860,0.00
8240,60464,0.00
8241,70803,100.00
8242,41547,0.00
8243,58582,100.00
8244,54011,50.00
8245,55458,100.00
8246,28626,0.00
8247,23317,100.00
8248,45068,50.00
8249,64521,100.00
8250,41866,0.00
8251,59287,0.00
8252,64647,100.00
8253,35799,0.00
8254,27378,100.00
8255,55449,0.00
8256,61139,100.00
8257,67513,0.00
8258,216554,0.00
8259,61014,0.00
8260,66533,0.00
8261,63109,0.00
8262,81124,100.00
8263,71631,0.00
8264,60017,100.00
8265,69683,0.00
8266,66430,100.00
8267,68538,0.00
8268,69515,100.00
8269,61599,100.00
8270,28563,0.00
8271,35992,0.00
8272,42391,50.00
8273,43025,100.00
8274,63567,0.00
8275,44658,0.00
8276,44436,66.67
8277,36388,0.00
8278,44493,0.00
8279,69937,0.00
8280,70525,66.67
8281,27029,0.00
8282,40730,0.00
8283,53194,100.00
8284,57494,66.67
8285,48654,0.00
8286,33692,0.00
8287,38245,100.00
8288,47055,50.00
8289,54676,0.00
8290,66494,0.00
8291,69531,0.00
8292,58228,100.00
8293,37524,50.00
8294,33361,0.00
8295,30364,0.00
8296,59305,100.00
8297,62385,50.00
8298,64012,0.00
8299,52112,0.00
8300,53851,100.00
8301,72199,0.00
8302,55030,50.00
8303,45807,0.00
8304,47631,50.00
8305,35434,0.00
8306,44668,50.00
8307,61210,0.00
8308,55588,50.00
8309,54200,0.00
8310,63305,50.00
8311,59402,0.00
8312,73938,0.00
8313,72330,100.00
8314,69453,0.00
8315,69432,0.00
8316,73277,50.00
8317,71402,0.00
8318,68620,0.00
8319,61602,50.00
8320,63157,100.00
8321,50548,0.00
8322,66647,100.00
8323,61890,100.00
8324,61516,0.00
8325,61956,100.00
8326,63618,0.00
8327,44835,100.00
8328,57918,50.00
8329,45278,100.00
8330,52726,0.00
8331,65523,0.00
8332,56055,50.00
8333,56186,0.00
8334,57162,0.00
8335,82380,0.00
8336,76079,0.00
8337,72169,50.00
8338,63615,0.00
8339,63768,0.00
8340,59046,66.67
8341,60232,100.00
8342,62164,0.00
8343,40256,0.00
8344,56592,50.00
8345,59464,0.00
8346,73191,0.00
8347,70377,100.00
8348,69183,0.00
8349,61343,100.00
8350,62256,0.00
8351,63973,0.00
8352,80114,100.00
8353,42616,100.00
8354,19865,0.00
8355,56588,100.00
8356,71458,50.00
8357,70689,100.00
8358,63901,0.00
8359,60081,0.00
8360,51258,50.00
8361,61304,100.00
8362,57506,0.00
8363,58396,0.00
8364,60399,0.00
8365,60270,0.00
8366,64274,0.00
8367,75263,0.00
8368,69287,100.00
8369,48527,0.00
8370,64521,100.00
8371,66278,0.00
8372,55314,100.00
8373,52153,0.00
8374,62508,100.00
8375,263385,0.00
8376,73095,50.00
8377,72295,0.00
8378,69283,0.00
8379,59528,100.00
8380,68398,0.00
8381,71432,100.00
8382,51207,0.00
8383,65920,0.00
8384,69905,50.00
8385,18074,0.00
8386,26349,100.00
8387,88584,0.00
8388,16956,0.00
8389,19178,0.00
8390,37471,100.00
8391,45330,50.00
8392,61848,0.00
8393,64722,50.00
8394,48723,0.00
8395,44342,50.00
8396,48001,100.00
8397,47056,0.00
8398,47626,0.00
8399,61078,0.00
8400,58016,0.00
8401,60634,0.00
8402,61945,0.00
8403,58982,0.00
8404,60270,0.00
8405,56853,0.00
8406,57342,0.00
8407,55852,0.00
8408,71008,50.00
8409,41566,0.00
8410,53237,0.00
8411,38335,50.00
8412,43277,100.00
8413,68035,100.00
8414,32932,0.00
8415,36410,100.00
8416,37088,100.00
8417,59519,100.00
8418,37057,100.00
8419,29019,100.00
8420,57709,50.00
8421,57431,0.00
8422,36210,50.00
8423,37403,0.00
8424,69802,0.00
8425,381087,0.00
8426,59292,0.00
8427,60062,0.00
8428,62423,0.00
8429,60162,0.00
8430,59841,0.00
8431,60198,0.00
8432,64450,0.00
8433,63361,0.00
8434,69623,100.00
8435,48928,0.00
8436,55376,100.00
8437,65714,0.00
8438,47602,100.00
8439,38173,100.00
8440,36292,100.00
8441,53363,100.00
8442,36408,100.00
8443,37592,100.00
8444,44462,50.00
8445,30104,100.00
8446,30200,0.00
8447,38536,0.00
8448,60154,66.67
8449,41669,0.00
8450,54520,0.00
8451,56278,0.00
8452,61695,0.00
8453,61972,0.00
8454,57429,0.00
8455,74414,0.00
8456,68147,100.00
8457,50555,0.00
8458,37475,100.00
8459,49709,0.00
8460,59949,100.00
8461,57076,0.00
8462,55242,100.00
8463,64907,0.00
8464,70425,0.00
8465,55757,50.00
8466,38453,0.00
8467,57445,50.00
8468,47293,0.00
8469,58687,0.00
8470,59617,0.00
8471,64265,0.00
8472,70285,50.00
8473,56598,0.00
8474,61888,50.00
8475,45394,0.00
8476,56884,66.67
8477,59258,100.00
8478,29041,0.00
8479,28231,100.00
8480,50865,100.00
8481,47623,100.00
8482,47472,100.00
8483,37955,100.00
8484,44888,100.00
8485,51580,100.00
8486,59854,0.00
8487,57845,100.00
8488,54941,50.00
8489,62656,0.00
8490,60655,0.00
8491,77407,0.00
8492,61828,0.00
8493,78162,0.00
8494,64626,0.00
8495,64003,0.00
8496,58387,0.00
8497,60712,0.00
8498,58418,0.00
8499,67680,0.00
8500,87518,100.00
8501,42088,0.00
8502,40546,0.00
8503,35949,100.00
8504,38318,100.00
8505,37068,100.00
8506,47623,0.00
8507,47007,100.00
8508,45206,100.00
8509,45942,100.00
8510,67311,100.00
8511,67269,0.00
8512,57963,50.00
8513,34211,100.00
8514,47235,0.00
8515,58874,0.00
8516,61477,0.00
8517,60483,0.00
8518,63371,0.00
8519,70783,0.00
8520,75559,0.00
8521,74878,0.00
8522,61036,0.00
8523,59855,0.00
8524,62592,0.00
8525,71073,0.00
8526,67125,50.00
8527,63479,0.00
8528,86922,50.00
8529,58549,100.00
8530,51246,100.00
8531,47970,0.00
8532,60029,100.00
8533,31301,100.00
8534,44344,100.00
8535,46805,0.00
8536,54431,100.00
8537,32075,0.00
8538,50180,0.00
8539,46314,50.00
8540,56438,100.00
8541,68487,0.00
8542,62508,0.00
8543,63443,0.00
8544,69960,0.00
8545,77083,0.00
8546,63263,0.00
8547,63175,0.00
8548,66060,0.00
8549,67163,0.00
8550,68416,0.00
8551,44708,0.00
8552,61691,66.67
8553,41408,100.00
8554,60001,0.00
8555,43157,100.00
8556,45208,100.00
8557,44579,100.00
8558,63522,0.00
8559,42996,100.00
8560,38107,0.00
8561,28745,100.00
8562,30147,0.00
8563,38384,100.00
8564,62398,0.00
8565,74432,0.00
8566,43137,50.00
8567,35015,0.00
8568,64134,50.00
8569,64477,100.00
8570,45907,0.00
8571,36896,0.00
8572,50655,50.00
8573,46332,100.00
8574,52726,0.00
8575,56480,0.00
8576,60263,0.00
8577,69874,0.00
8578,49718,50.00
8579,39397,0.00
8580,57698,66.67
8581,44289,0.00
8582,61901,50.00
8583,55420,0.00
8584,56208,0.00
8585,60879,0.00
8586,72107,0.00
8587,73819,0.00
8588,69069,100.00
8589,67627,0.00
8590,60846,100.00
8591,38561,0.00
8592,55520,100.00
8593,59591,100.00
8594,69289,100.00
8595,50893,100.00
8596,61312,100.00
8597,57710,100.00
8598,48214,0.00
8599,41261,100.00
8600,56405,100.00
8601,62575,0.00
8602,44748,100.00
8603,52438,0.00
8604,66949,0.00
8605,70756,0.00
8606,59986,0.00
8607,60043,0.00
8608,63746,0.00
8609,64698,0.00
8610,63877,0.00
8611,60751,0.00
8612,66528,0.00
8613,71225,0.00
8614,63669,0.00
8615,59440,0.00
8616,97701,0.00
8617,71050,100.00
8618,25315,0.00
8619,21456,100.00
8620,22902,100.00
8621,22224,100.00
8622,20032,100.00
8623,25790,0.00
8624,35266,100.00
8625,59454,100.00
8626,56054,100.00
8627,40819,0.00
8628,58869,50.00
8629,36648,100.00
8630,52522,0.00
8631,55297,0.00
8632,61834,0.00
8633,73142,0.00
8634,63451,0.00
8635,59688,0.00
8636,60485,0.00
8637,63001,0.00
8638,60374,0.00
8639,58270,0.00
8640,64444,0.00
8641,57184,0.00
8642,61073,0.00
8643,63827,0.00
8644,73723,0.00
8645,69952,66.67
8646,24457,0.00
8647,61677,100.00
8648,69753,100.00
8649,48636,100.00
8650,29055,0.00
8651,24400,100.00
8652,24001,100.00
8653,24829,100.00
8654,25046,0.00
8655,50717,100.00
8656,64959,100.00
8657,70494,100.00
8658,61717,0.00
8659,59580,0.00
8660,66514,0.00
8661,60254,0.00
8662,60654,0.00
8663,62607,0.00
8664,76114,0.00
8665,92927,0.00
8666,63200,0.00
8667,62203,0.00
8668,61012,0.00
8669,59488,0.00
8670,59053,0.00
8671,58326,0.00
8672,72331,100.00
8673,40348,0.00
8674,53153,100.00
8675,59999,100.00
8676,45821,0.00
8677,31000,100.00
8678,37829,0.00
8679,47566,100.00
8680,54232,100.00
8681,43589,0.00
8682,51525,0.00
8683,62292,0.00
8684,73692,0.00
8685,88955,0.00
8686,72074,0.00
8687,65824,0.00
8688,61188,0.00
8689,60732,0.00
8690,67691,0.00
8691,62557,0.00
8692,73135,100.00
8693,67183,100.00
8694,22361,0.00
8695,51462,100.00
8696,44991,100.00
8697,45890,100.00
8698,60502,100.00
8699,58080,100.00
8700,58411,100.00
8701,28701,100.00
8702,31474,100.00
8703,29033,0.00
8704,40068,100.00
8705,57372,100.00
8706,60549,0.00
8707,245857,0.00
8708,61703,0.00
8709,59807,0.00
8710,61278,0.00
8711,59249,0.00
8712,61668,0.00
8713,61659,0.00
8714,64038,0.00
8715,66401,0.00
8716,64903,0.00
8717,72029,0.00
8718,72985,0.00
8719,64069,0.00
8720,93883,0.00
8721,112091,0.00
8722,72916,100.00
8723,44792,100.00
8724,72806,100.00
8725,36820,0.00
8726,28047,100.00
8727,38329,100.00
8728,45399,100.00
8729,33709,100.00
8730,59422,100.00
8731,68373,100.00
8732,49895,0.00
8733,63647,100.00
8734,36479,100.00
8735,33206,50.00
8736,67324,0.00
8737,60493,0.00
8738,57471,0.00
8739,57159,0.00
8740,57915,0.00
8741,68079,0.00
8742,59758,0.00
8743,60875,0.00
8744,65738,0.00
8745,72427,0.00
8746,59876,0.00
8747,61689,0.00
8748,62520,0.00
8749,60561,0.00
8750,59445,0.00
8751,69669,0.00
8752,71514,100.00
8753,49931,0.00
8754,60125,100.00
8755,59841,100.00
8756,64714,100.00
8757,29681,100.00
8758,21946,100.00
8759,21977,100.00
8760,23286,0.00
8761,25841,100.00
8762,51900,0.00
8763,59073,100.00
8764,64124,100.00
8765,45347,0.00
8766,64298,100.00
8767,52520,0.00
8768,60192,0.00
8769,63373,0.00
8770,60302,0.00
8771,63617,0.00
8772,59877,0.00
8773,64719,0.00
8774,57780,0.00
8775,65585,0.00
8776,62456,0.00
8777,57350,0.00
8778,86232,0.00
8779,70727,0.00
8780,74237,100.00
8781,40261,0.00
8782,43894,100.00
8783,59243,0.00
8784,68977,100.00
8785,35481,0.00
8786,44484,100.00
8787,67182,50.00
8788,57992,100.00
8789,38788,0.00
8790,29289,100.00
8791,55184,0.00
8792,72539,100.00
8793,56978,50.00
8794,63037,0.00
8795,73193,0.00
8796,65950,0.00
8797,35029,50.00
8798,28988,0.00
8799,53365,50.00
8800,56127,100.00
8801,44887,0.00
8802,30943,100.00
8803,36576,0.00
8804,55051,100.00
8805,51472,0.00
8806,70228,0.00
8807,57241,0.00
8808,55819,50.00
8809,44729,0.00
8810,44174,50.00
8811,59702,0.00
8812,48793,66.67
8813,63377,0.00
8814,65069,0.00
8815,63411,0.00
8816,61050,0.00
8817,75056,0.00
8818,39276,50.00
8819,38873,0.00
8820,62638,66.67
8821,20912,0.00
8822,26989,100.00
8823,38512,100.00
8824,58937,100.00
8825,31735,100.00
8826,52317,100.00
8827,47821,0.00
8828,37597,100.00
8829,27923,100.00
8830,44992,0.00
8831,41493,100.00
8832,71826,0.00
8833,53932,0.00
8834,52784,0.00
8835,58530,0.00
8836,59652,0.00
8837,61290,0.00
8838,59263,0.00
8839,62888,0.00
8840,56324,0.00
8841,58809,0.00
8842,52912,0.00
8843,57305,0.00
8844,59082,0.00
8845,67409,0.00
8846,65762,100.00
8847,64231,100.00
8848,45810,100.00
8849,24645,100.00
8850,21067,100.00
8851,21827,100.00
8852,21314,0.00
8853,27080,100.00
8854,27436,100.00
8855,66058,100.00
8856,71048,100.00
8857,34240,100.00
8858,38944,0.00
8859,30372,50.00
8860,61840,0.00
8861,59617,0.00
8862,58650,0.00
8863,76393,0.00
8864,62367,0.00
8865,58904,0.00
8866,58883,0.00
8867,67671,0.00
8868,62186,0.00
8869,62894,0.00
8870,61128,0.00
8871,57818,0.00
8872,71010,0.00
8873,65747,0.00
8874,58960,0.00
8875,75005,100.00
8876,20892,0.00
8877,25898,100.00
8878,40446,100.00
8879,49941,100.00
8880,45446,100.00
8881,23269,100.00
8882,25573,100.00
8883,22985,0.00
8884,44228,100.00
8885,25140,0.00
8886,26685,100.00
8887,58649,100.00
8888,63660,100.00
8889,45375,50.00
8890,53049,0.00
8891,71463,0.00
8892,56042,0.00
8893,63577,0.00
8894,58367,0.00
8895,59476,0.00
8896,63078,0.00
8897,62525,0.00
8898,63637,0.00
8899,315443,0.00
8900,57215,0.00
8901,60687,0.00
8902,59666,0.00
8903,63526,0.00
8904,65013,0.00
8905,42781,0.00
8906,36056,100.00
8907,37996,0.00
8908,51781,100.00
8909,27129,100.00
8910,60501,100.00
8911,53615,100.00
8912,73652,100.00
8913,59511,0.00
8914,32348,0.00
8915,50807,0.00
8916,53523,0.00
8917,59769,0.00
8918,60256,0.00
8919,53723,0.00
8920,54383,0.00
8921,52465,0.00
8922,57674,0.00
8923,66475,100.00
8924,4070579,100.00
8925,28061,0.00
8926,26905,100.00
8927,26961,0.00
8928,65971,100.00
8929,57136,0.00
8930,28104,100.00
8931,31118,100.00
8932,33983,100.00
8933,30390,100.00
8934,27222,100.00
8935,23635,100.00
8936,58032,66.67
8937,52042,0.00
8938,54015,0.00
8939,54863,0.00
8940,56377,0.00
8941,42108,0.00
8942,55627,0.00
8943,58367,0.00
8944,62660,0.00
8945,71404,0.00
8946,59549,0.00
8947,60676,0.00
8948,62470,0.00
8949,62408,0.00
8950,57344,0.00
8951,75932,0.00
8952,84183,100.00
8953,36743,0.00
8954,36309,100.00
8955,25231,100.00
8956,25479,100.00
8957,25978,100.00
8958,33153,100.00
8959,44809,100.00
8960,66836,100.00
8961,48309,100.00
8962,31301,100.00
8963,41488,100.00
8964,44434,50.00
8965,54053,0.00
8966,62765,0.00
8967,58064,0.00
8968,65517,0.00
8969,68803,0.00
8970,59807,0.00
8971,64109,0.00
8972,60522,0.00
8973,75415,0.00
8974,60233,0.00
8975,89695,0.00
8976,60292,0.00
8977,73567,0.00
8978,69846,50.00
8979,41596,0.00
8980,4101766,100.00
8981,23811,0.00
8982,37280,100.00
8983,25349,100.00
8984,23729,100.00
8985,21364,100.00
8986,23612,100.00
8987,27626,100.00
8988,51971,100.00
8989,56994,100.00
8990,48362,0.00
8991,45967,100.00
8992,52946,50.00
8993,42106,0.00
8994,52354,0.00
8995,63481,0.00
8996,62999,0.00
8997,60958,0.00
8998,62442,0.00
8999,72484,0.00
9000,73539,0.00
9001,54383,0.00
9002,52236,0.00
9003,63356,0.00
9004,56577,0.00
9005,61118,0.00
9006,60491,0.00
9007,61964,0.00
9008,68907,50.00
9009,58746,100.00
9010,26429,0.00
9011,27690,100.00
9012,72969,100.00
9013,65924,100.00
9014,23256,100.00
9015,23587,100.00
9016,49285,100.00
9017,36782,0.00
9018,63914,100.00
9019,54514,0.00
9020,50362,100.00
9021,55975,0.00
9022,57550,0.00
9023,60151,0.00
9024,66660,0.00
9025,58777,0.00
9026,68146,0.00
9027,61544,0.00
9028,74819,100.00
9029,72529,0.00
9030,74622,0.00
9031,72112,0.00
9032,51561,66.67
9033,98866,0.00
9034,65904,50.00
9035,73314,0.00
9036,19346,0.00
9037,28799,100.00
9038,41183,100.00
9039,31705,100.00
9040,48754,100.00
9041,34294,100.00
9042,54697,0.00
9043,77785,0.00
9044,65195,0.00
9045,69157,100.00
9046,68390,0.00
9047,51805,50.00
9048,59822,0.00
9049,71282,0.00
9050,60674,0.00
9051,85380,0.00
9052,62765,0.00
9053,59110,0.00
9054,63007,0.00
9055,58166,0.00
9056,60780,0.00
9057,64198,0.00
9058,58153,0.00
9059,74385,0.00
9060,62948,0.00
9061,56870,0.00
9062,67303,0.00
9063,53217,0.00
9064,53804,50.00
9065,39117,0.00
9066,66745,50.00
9067,63047,0.00
9068,54723,66.67
9069,34961,0.00
9070,38160,100.00
9071,42426,100.00
9072,42692,100.00
9073,47345,0.00
9074,35272,50.00
9075,51842,0.00
9076,54887,50.00
9077,41516,100.00
9078,31300,0.00
9079,35671,100.00
9080,50314,0.00
9081,59316,0.00
9082,52882,0.00
9083,55436,0.00
9084,56976,0.00
9085,56698,0.00
9086,62304,0.00
9087,67522,0.00
9088,69529,50.00
9089,36755,100.00
9090,53284,0.00
9091,36004,100.00
9092,67349,66.67
9093,29942,0.00
9094,48412,0.00
9095,29026,100.00
9096,42012,100.00
9097,32561,100.00
9098,23258,0.00
9099,23269,100.00
9100,48804,50.00
9101,51764,0.00
9102,32549,50.00
9103,28905,0.00
9104,56633,0.00
9105,62241,0.00
9106,59721,0.00
9107,56345,0.00
9108,57420,0.00
9109,64840,0.00
9110,59641,0.00
9111,73302,0.00
9112,55524,50.00
9113,68991,100.00
9114,68348,0.00
9115,66772,0.00
9116,62113,50.00
9117,419045,100.00
9118,27993,0.00
9119,32864,100.00
9120,70495,100.00
9121,57014,100.00
9122,44581,100.00
9123,42389,0.00
9124,44339,100.00
9125,39414,50.00
9126,28117,0.00
9127,28527,50.00
9128,66731,0.00
9129,58027,0.00
9130,52982,0.00
9131,54520,0.00
9132,59789,0.00
9133,65104,0.00
9134,53078,0.00
9135,61562,0.00
9136,61100,0.00
9137,61323,0.00
9138,66349,50.00
9139,52043,0.00
9140,68607,50.00
9141,65649,100.00
9142,23328,0.00
9143,25348,0.00
9144,23217,100.00
9145,26627,100.00
9146,25276,100.00
9147,55420,100.00
9148,61346,50.00
9149,49650,0.00
9150,57141,0.00
9151,57239,0.00
9152,61956,0.00
9153,62913,0.00
9154,59631,0.00
9155,60965,0.00
9156,64469,0.00
9157,61270,0.00
9158,69789,50.00
9159,52163,100.00
9160,75230,100.00
9161,34564,100.00
9162,42232,0.00
9163,26235,100.00
9164,62737,100.00
9165,47827,100.00
9166,29466,100.00
9167,52130,100.00
9168,57482,100.00
9169,36648,100.00
9170,37916,50.00
9171,64190,0.00
9172,57412,0.00
9173,59092,0.00
9174,58160,0.00
9175,76516,0.00
9176,64502,0.00
9177,60127,0.00
9178,57844,0.00
9179,62509,0.00
9180,58526,0.00
9181,77978,0.00
9182,60516,0.00
9183,65657,0.00
9184,71808,50.00
9185,35053,100.00
9186,58472,100.00
9187,49711,0.00
9188,37889,100.00
9189,50654,100.00
9190,39327,100.00
9191,30029,0.00
9192,25324,100.00
9193,27160,100.00
9194,52687,100.00
9195,54178,0.00
9196,56204,50.00
9197,38314,100.00
9198,35800,0.00
9199,52088,0.00
9200,63586,0.00
9201,61188,0.00
9202,53935,0.00
9203,58663,0.00
9204,68718,0.00
9205,63087,0.00
9206,58766,0.00
9207,62591,0.00
9208,60231,0.00
9209,64751,0.00
9210,72709,0.00
9211,74596,0.00
9212,69454,50.00
9213,47716,100.00
9214,25387,0.00
9215,28945,100.00
9216,67101,100.00
9217,54958,100.00
9218,31170,0.00
9219,57956,100.00
9220,56269,100.00
9221,31565,100.00
9222,25303,0.00
9223,41368,100.00
9224,68160,50.00
9225,49961,0.00
9226,65922,0.00
9227,56667,0.00
9228,57747,0.00
9229,61723,0.00
9230,65820,0.00
9231,63329,0.00
9232,61155,0.00
9233,61379,0.00
9234,61996,0.00
9235,57955,0.00
9236,61078,0.00
9237,61300,0.00
9238,57133,0.00
9239,68271,100.00
9240,58128,50.00
9241,66415,100.00
9242,22479,0.00
9243,26117,100.00
9244,40936,100.00
9245,26350,100.00
9246,58925,100.00
9247,52810,100.00
9248,62784,100.00
9249,47544,100.00
9250,46466,0.00
9251,42134,0.00
9252,55437,50.00
9253,61087,0.00
9254,62353,0.00
9255,62956,0.00
9256,68927,0.00
9257,57428,0.00
9258,60414,0.00
9259,61401,0.00
9260,59525,0.00
9261,61911,0.00
9262,69471,0.00
9263,60733,0.00
9264,73103,100.00
9265,63386,100.00
9266,23282,0.00
9267,68070,100.00
9268,74653,100.00
9269,63659,100.00
9270,63786,100.00
9271,60003,0.00
9272,43896,100.00
9273,63107,50.00
9274,61023,0.00
9275,71136,50.00
9276,56049,0.00
9277,59968,0.00
9278,57136,0.00
9279,63674,0.00
9280,55929,0.00
9281,57080,0.00
9282,56460,0.00
9283,59381,0.00
9284,70598,0.00
9285,41639,100.00
9286,34433,0.00
9287,39110,100.00
9288,64146,0.00
9289,64601,100.00
9290,55894,50.00
9291,28003,0.00
9292,26209,100.00
9293,33606,100.00
9294,34353,100.00
9295,61307,0.00
9296,65254,100.00
9297,40397,50.00
9298,33681,0.00
9299,34664,0.00
9300,56882,100.00
9301,57342,0.00
9302,56323,0.00
9303,60791,0.00
9304,61312,0.00
9305,56777,0.00
9306,53161,0.00
9307,52489,0.00
9308,80206,0.00
9309,60009,0.00
9310,73677,0.00
9311,43515,100.00
9312,59564,0.00
9313,55907,100.00
9314,24168,0.00
9315,46509,0.00
9316,81058,100.00
9317,57606,100.00
9318,61349,100.00
9319,31602,100.00
9320,35692,0.00
9321,26096,100.00
9322,39092,0.00
9323,58038,50.00
9324,52064,100.00
9325,29844,0.00
9326,42462,0.00
9327,57495,0.00
9328,61817,50.00
9329,57829,0.00
9330,56205,0.00
9331,62118,0.00
9332,61496,0.00
9333,60370,0.00
9334,59164,0.00
9335,60465,0.00
9336,62209,0.00
9337,68740,0.00
9338,42236,50.00
9339,59910,0.00
9340,52911,50.00
9341,49829,100.00
9342,22274,0.00
9343,23185,0.00
9344,66096,100.00
9345,47084,0.00
9346,51720,100.00
9347,46263,100.00
9348,46593,100.00
9349,35296,100.00
9350,31775,0.00
9351,45515,0.00
9352,46388,50.00
9353,49989,0.00
9354,57572,0.00
9355,59149,0.00
9356,64903,0.00
9357,58637,0.00
9358,54663,0.00
9359,50620,0.00
9360,54923,0.00
9361,48766,0.00
9362,54099,0.00
9363,61289,0.00
9364,77471,50.00
9365,49022,0.00
9366,60388,50.00
9367,54561,100.00
9368,39799,100.00
9369,25607,100.00
9370,24106,100.00
9371,35740,100.00
9372,50385,100.00
9373,40541,100.00
9374,38497,0.00
9375,44742,0.00
9376,49911,0.00
9377,46436,0.00
9378,49310,0.00
9379,55007,0.00
9380,58254,0.00
9381,53984,0.00
9382,55666,0.00
9383,56672,0.00
9384,65509,0.00
9385,41521,50.00
9386,44697,100.00
9387,54736,0.00
9388,63000,100.00
9389,54074,100.00
9390,48617,100.00
9391,26100,0.00
9392,39945,100.00
9393,25440,100.00
9394,44818,100.00
9395,49336,100.00
9396,45921,100.00
9397,37132,100.00
9398,48036,0.00
9399,51696,0.00
9400,64901,0.00
9401,64214,0.00
9402,50999,0.00
9403,53776,0.00
9404,62304,0.00
9405,58912,0.00
9406,58423,0.00
9407,59804,0.00
9408,59238,0.00
9409,57413,0.00
9410,58327,0.00
9411,55608,100.00
9412,47778,50.00
9413,39147,100.00
9414,27863,0.00
9415,46280,100.00
9416,58724,100.00
9417,29094,100.00
9418,25320,100.00
9419,26881,100.00
9420,56091,100.00
9421,47489,100.00
9422,42112,100.00
9423,35288,0.00
9424,48532,100.00
9425,46564,0.00
9426,62707,0.00
9427,60798,0.00
9428,64109,0.00
9429,66312,0.00
9430,62185,0.00
9431,56502,0.00
9432,64040,0.00
9433,59004,0.00
9434,50597,0.00
9435,54575,0.00
9436,54064,0.00
9437,76005,0.00
9438,60491,100.00
9439,47919,0.00
9440,40692,100.00
9441,45965,100.00
9442,34128,100.00
9443,25481,0.00
9444,37262,100.00
9445,41826,100.00
9446,41434,100.00
9447,25301,0.00
9448,38762,100.00
9449,48744,100.00
9450,50410,50.00
9451,54456,0.00
9452,63011,50.00
9453,54919,0.00
9454,59705,0.00
9455,72493,0.00
9456,61884,0.00
9457,62179,0.00
9458,58557,0.00
9459,61575,0.00
9460,63544,0.00
9461,60959,0.00
9462,61290,0.00
9463,61368,0.00
9464,61381,0.00
9465,75806,0.00
9466,65903,0.00
9467,70071,50.00
9468,50039,100.00
9469,36250,100.00
9470,21390,0.00
9471,24410,0.00
9472,63982,100.00
9473,48151,0.00
9474,44668,100.00
9475,48058,100.00
9476,50644,100.00
9477,37355,0.00
9478,26021,50.00
9479,50739,0.00
9480,56054,0.00
9481,51799,0.00
9482,56723,0.00
9483,66826,0.00
9484,55547,0.00
9485,53958,0.00
9486,53675,0.00
9487,56231,0.00
9488,54782,0.00
9489,56810,0.00
9490,58374,0.00
9491,67165,100.00
9492,17737,0.00
9493,52101,0.00
9494,51838,100.00
9495,29268,100.00
9496,67718,100.00
9497,40620,100.00
9498,32691,100.00
9499,35824,100.00
9500,62378,0.00
9501,47699,100.00
9502,52694,0.00
9503,61213,0.00
9504,53817,0.00
9505,56699,0.00
9506,57594,0.00
9507,50656,0.00
9508,60324,0.00
9509,66816,0.00
9510,49393,100.00
9511,31905,0.00
9512,46459,100.00
9513,68020,50.00
9514,24078,0.00
9515,23524,100.00
9516,23994,100.00
9517,25739,100.00
9518,54641,100.00
9519,50821,100.00
9520,60901,100.00
9521,52020,100.00
9522,54329,0.00
9523,33699,0.00
9524,51634,100.00
9525,35379,50.00
9526,57142,0.00
9527,59443,0.00
9528,58274,0.00
9529,53648,0.00
9530,61598,0.00
9531,58824,0.00
9532,54100,0.00
9533,62868,0.00
9534,55388,0.00
9535,67436,0.00
9536,71987,0.00
9537,68708,0.00
9538,39322,0.00
9539,37970,100.00
9540,75672,100.00
9541,55514,100.00
9542,26328,0.00
9543,41638,0.00
9544,58120,100.00
9545,27762,0.00
9546,25507,100.00
9547,25495,100.00
9548,55974,100.00
9549,49951,100.00
9550,36797,0.00
9551,29779,100.00
9552,41706,50.00
9553,56966,0.00
9554,67631,0.00
9555,132558,0.00
9556,63167,0.00
9557,196236,0.00
9558,57842,0.00
9559,55799,0.00
9560,61581,0.00
9561,61322,0.00
9562,70363,0.00
9563,57073,0.00
9564,60805,0.00
9565,67114,0.00
9566,68401,0.00
9567,61113,0.00
9568,57269,100.00
9569,42004,100.00
9570,36705,0.00
9571,39705,100.00
9572,38969,100.00
9573,26337,100.00
9574,44247,100.00
9575,39236,100.00
9576,43645,100.00
9577,22661,100.00
9578,37015,0.00
9579,40437,50.00
9580,59478,0.00
9581,57641,0.00
9582,48421,0.00
9583,52843,0.00
9584,52860,0.00
9585,58565,0.00
9586,61398,0.00
9587,68076,0.00
9588,64357,0.00
9589,59799,0.00
9590,58217,0.00
9591,59002,0.00
9592,74087,100.00
9593,52493,0.00
9594,40526,0.00
9595,61590,100.00
9596,72629,100.00
9597,30025,100.00
9598,26716,100.00
9599,27424,100.00
9600,61291,100.00
9601,41730,100.00
9602,31529,100.00
9603,54088,0.00
9604,63243,0.00
9605,62285,0.00
9606,58424,0.00
9607,56088,0.00
9608,60126,0.00
9609,59304,0.00
9610,55969,0.00
9611,58937,0.00
9612,60840,0.00
9613,66261,50.00
9614,24631,0.00
9615,42750,0.00
9616,49673,50.00
9617,65664,100.00
9618,19688,0.00
9619,29199,100.00
9620,23449,100.00
9621,26743,100.00
9622,27035,100.00
9623,24710,100.00
9624,60536,100.00
9625,66379,100.00
9626,51721,0.00
9627,68144,0.00
9628,74523,0.00
9629,58602,0.00
9630,69241,0.00
9631,58924,0.00
9632,72385,0.00
9633,61706,0.00
9634,63323,0.00
9635,68741,0.00
9636,72489,0.00
9637,61958,0.00
9638,35198,50.00
9639,32171,0.00
9640,68641,100.00
9641,52820,100.00
9642,26488,0.00
9643,22779,0.00
9644,35425,100.00
9645,23519,100.00
9646,26088,100.00
9647,61719,100.00
9648,71268,100.00
9649,40513,0.00
9650,33044,0.00
9651,51292,50.00
9652,154663,0.00
9653,58080,0.00
9654,60362,0.00
9655,60604,0.00
9656,57331,0.00
9657,63653,0.00
9658,53911,0.00
9659,62439,0.00
9660,58380,0.00
9661,61204,0.00
9662,56519,0.00
9663,68275,0.00
9664,67339,66.67
9665,30418,0.00
9666,44087,50.00
9667,35482,0.00
9668,67821,100.00
9669,49822,100.00
9670,30913,100.00
9671,48180,100.00
9672,45314,100.00
9673,25952,100.00
9674,38071,100.00
9675,34732,0.00
9676,54598,50.00
9677,39660,100.00
9678,33630,0.00
9679,43353,0.00
9680,58924,0.00
9681,57000,0.00
9682,52048,0.00
9683,60706,0.00
9684,57293,0.00
9685,61468,0.00
9686,57874,0.00
9687,141274,0.00
9688,57614,0.00
9689,83829,0.00
9690,61674,0.00
9691,51855,50.00
9692,69129,100.00
9693,38326,100.00
9694,23700,0.00
9695,25961,100.00
9696,61177,100.00
9697,43696,100.00
9698,30344,100.00
9699,47190,100.00
9700,52902,100.00
9701,40811,100.00
9702,36668,0.00
9703,35827,0.00
9704,49831,50.00
9705,51949,0.00
9706,59678,0.00
9707,52810,0.00
9708,58414,0.00
9709,69842,0.00
9710,62656,0.00
9711,90686,0.00
9712,62686,0.00
9713,74278,0.00
9714,89326,0.00
9715,63341,0.00
9716,70654,100.00
9717,51745,50.00
9718,63281,0.00
9719,39887,100.00
9720,72876,100.00
9721,44040,100.00
9722,27198,100.00
9723,38967,100.00
9724,50974,0.00
9725,61872,100.00
9726,54129,0.00
9727,58756,0.00
9728,69611,0.00
9729,65844,0.00
9730,72576,0.00
9731,74459,0.00
9732,85325,50.00
9733,45460,0.00
9734,62637,0.00
9735,39901,100.00
9736,48066,0.00
9737,50079,100.00
9738,39374,0.00
9739,26569,100.00
9740,33823,100.00
9741,39756,100.00
9742,41105,0.00
9743,30327,100.00
9744,59830,100.00
9745,47781,100.00
9746,39864,0.00
9747,45706,100.00
9748,58004,0.00
9749,54479,0.00
9750,57353,0.00
9751,58013,0.00
9752,56500,0.00
9753,53015,0.00
9754,49824,0.00
9755,72762,0.00
9756,57923,0.00
9757,68387,0.00
9758,57318,0.00
9759,60261,0.00
9760,72119,0.00
9761,66505,0.00
9762,64925,100.00
9763,53346,100.00
9764,40172,0.00
9765,23727,100.00
9766,24205,0.00
9767,26491,100.00
9768,59403,100.00
9769,45646,100.00
9770,51707,100.00
9771,45322,100.00
9772,44544,100.00
9773,33822,100.00
9774,22254,100.00
9775,53767,0.00
9776,57627,0.00
9777,56186,0.00
9778,58941,0.00
9779,56090,0.00
9780,76065,0.00
9781,70712,0.00
9782,56463,0.00
9783,61372,0.00
9784,65692,0.00
9785,71280,0.00
9786,62084,0.00
9787,64800,0.00
9788,136006,0.00
9789,65430,0.00
9790,71182,0.00
9791,63096,0.00
9792,69405,100.00
9793,51951,0.00
9794,41723,100.00
9795,27815,100.00
9796,23652,100.00
9797,21202,100.00
9798,24253,100.00
9799,23995,100.00
9800,64512,100.00
9801,47969,100.00
9802,51290,0.00
9803,32721,100.00
9804,50673,50.00
9805,55854,0.00
9806,54642,0.00
9807,57421,0.00
9808,56198,0.00
9809,53927,0.00
9810,51569,0.00
9811,57892,0.00
9812,54310,0.00
9813,47914,0.00
9814,50396,0.00
9815,61241,0.00
9816,48982,50.00
9817,45812,0.00
9818,54180,0.00
9819,60516,0.00
9820,63993,0.00
9821,43874,100.00
9822,23694,0.00
9823,38425,100.00
9824,66689,100.00
9825,40830,100.00
9826,26739,100.00
9827,31917,0.00
9828,36470,100.00
9829,23401,66.67
9830,28368,0.00
9831,50001,0.00
9832,51063,0.00
9833,45245,0.00
9834,46238,0.00
9835,65355,0.00
9836,57909,0.00
9837,79014,0.00
9838,47998,50.00
9839,31561,0.00
9840,48416,50.00
9841,44307,0.00
9842,61445,50.00
9843,61682,0.00
9844,45381,50.00
9845,49584,0.00
9846,27517,100.00
9847,28137,100.00
9848,71030,0.00
9849,24519,100.00
9850,24293,0.00
9851,48034,100.00
9852,62363,50.00
9853,52603,100.00
9854,48286,0.00
9855,53639,0.00
9856,54381,0.00
9857,55781,0.00
9858,57754,0.00
9859,76364,0.00
9860,67759,0.00
9861,60431,0.00
9862,60249,0.00
9863,55967,0.00
9864,56392,0.00
9865,63421,0.00
9866,74202,50.00
9867,74552,0.00
9868,73054,50.00
9869,63590,0.00
9870,47337,50.00
9871,51942,100.00
9872,59707,100.00
9873,29791,100.00
9874,25409,0.00
9875,22749,100.00
9876,35763,100.00
9877,40639,100.00
9878,37868,100.00
9879,29589,0.00
9880,25194,50.00
9881,22842,100.00
9882,42394,0.00
9883,55656,0.00
9884,59388,0.00
9885,61192,0.00
9886,64894,0.00
9887,70288,0.00
9888,59549,0.00
9889,57151,0.00
9890,59357,0.00
9891,63337,0.00
9892,52589,0.00
9893,66712,0.00
9894,63514,0.00
9895,41118,50.00
9896,42475,0.00
9897,32350,50.00
9898,44666,100.00
9899,47845,100.00
9900,39300,100.00
9901,49113,100.00
9902,37270,100.00
9903,27943,100.00
9904,21949,100.00
9905,40337,100.00
9906,47913,0.00
9907,40063,50.00
9908,50398,100.00
9909,47332,0.00
9910,49981,0.00
9911,54807,0.00
9912,56745,0.00
9913,59880,0.00
9914,52461,0.00
9915,64947,0.00
9916,57589,0.00
9917,63880,0.00
9918,61735,0.00
9919,76798,0.00
9920,74078,100.00
9921,49280,0.00
9922,44858,100.00
9923,45208,50.00
9924,39127,0.00
9925,32181,100.00
9926,33510,100.00
9927,46756,100.00
9928,48244,0.00
9929,51908,100.00
9930,43867,0.00
9931,24805,100.00
9932,52098,100.00
9933,35968,100.00
9934,48007,0.00
9935,68885,0.00
9936,63786,0.00
9937,59514,0.00
9938,56979,0.00
9939,62016,0.00
9940,64534,0.00
9941,58388,0.00
9942,62765,0.00
9943,66672,0.00
9944,61444,0.00
9945,63124,0.00
9946,57162,0.00
9947,67230,100.00
9948,76877,66.67
9949,23480,0.00
9950,40856,0.00
9951,44341,100.00
9952,52012,100.00
9953,27298,100.00
9954,35731,100.00
9955,56797,0.00
9956,45951,66.67
9957,66134,0.00
9958,49323,0.00
9959,51742,0.00
9960,55475,0.00
9961,56221,0.00
9962,54779,0.00
9963,64860,0.00
9964,62361,100.00
9965,29386,0.00
9966,36345,100.00
9967,34341,100.00
9968,68186,100.00
9969,29960,100.00
9970,31163,0.00
9971,25575,100.00
9972,63864,100.00
9973,48213,100.00
9974,30116,100.00
9975,54361,100.00
9976,50503,100.00
9977,51161,0.00
9978,44146,50.00
9979,54700,0.00
9980,53947,0.00
9981,55663,0.00
9982,55802,0.00
9983,71504,0.00
9984,57457,0.00
9985,53946,0.00
9986,61287,0.00
9987,56495,0.00
9988,62548,0.00
9989,53533,0.00
9990,57327,0.00
9991,56341,0.00
9992,52757,0.00
9993,67726,100.00
9994,32658,0.00
9995,31554,100.00
9996,24809,100.00
9997,23873,100.00
9998,25375,0.00
9999,40079,100.00
10000,78087,100.00
10001,58548,100.00
10002,45188,0.00
10003,28991,100.00
10004,52505,100.00
10005,26683,100.00
10006,37405,50.00
10007,47468,0.00
10008,54142,0.00
10009,65046,0.00
10010,55585,0.00
10011,49848,0.00
10012,52679,0.00
10013,55946,0.00
10014,56375,0.00
10015,58055,0.00
10016,54472,0.00
10017,56247,0.00
10018,72037,0.00
10019,56764,0.00
10020,60728,0.00
10021,60453,0.00
10022,75857,0.00
10023,68663,100.00
10024,71476,100.00
10025,53957,100.00
10026,47537,100.00
10027,29716,100.00
10028,20230,100.00
10029,23066,100.00
10030,22327,100.00
10031,46531,100.00
10032,56804,100.00
10033,44270,100.00
10034,44163,100.00
10035,23700,0.00
10036,53529,0.00
10037,47034,0.00
10038,52293,0.00
10039,57718,0.00
10040,64256,0.00
10041,59831,0.00
10042,57577,0.00
10043,64177,0.00
10044,57800,0.00
10045,59974,0.00
10046,55700,0.00
10047,55958,0.00
10048,66975,0.00
10049,56838,0.00
10050,55791,0.00
10051,54395,0.00
10052,83002,100.00
10053,40398,100.00
10054,23923,0.00
10055,61663,100.00
10056,61015,100.00
10057,47564,100.00
10058,44776,100.00
10059,29305,100.00
10060,18722,100.00
10061,22312,0.00
10062,29194,100.00
10063,45070,0.00
10064,55283,0.00
10065,54213,0.00
10066,53581,0.00
10067,69631,0.00
10068,54962,0.00
10069,55557,0.00
10070,62740,0.00
10071,47855,100.00
10072,56960,0.00
10073,42657,100.00
10074,51231,0.00
10075,48988,100.00
10076,49023,50.00
10077,45534,100.00
10078,24437,0.00
10079,27873,100.00
10080,25537,100.00
10081,55857,100.00
10082,55738,100.00
10083,60114,0.00
10084,56993,50.00
10085,59642,0.00
10086,60604,0.00
10087,68211,0.00
10088,60849,0.00
10089,60688,0.00
10090,57594,0.00
10091,53680,0.00
10092,55779,0.00
10093,60694,0.00
10094,78652,0.00
10095,51600,100.00
10096,50156,0.00
10097,34669,100.00
10098,38083,100.00
10099,47170,100.00
10100,55353,100.00
10101,25324,100.00
10102,25211,100.00
10103,24807,0.00
10104,62527,100.00
10105,46172,0.00
10106,43744,100.00
10107,31106,50.00
10108,38928,100.00
10109,38289,0.00
10110,56509,0.00
10111,56082,0.00
10112,67762,0.00
10113,61531,0.00
10114,57244,0.00
10115,58069,0.00
10116,57710,0.00
10117,53090,0.00
10118,58308,0.00
10119,59550,0.00
10120,58437,0.00
10121,68902,0.00
10122,65819,50.00
10123,30499,0.00
10124,71394,100.00
10125,46418,100.00
10126,29410,100.00
10127,26485,100.00
10128,54611,100.00
10129,42773,100.00
10130,27102,0.00
10131,33600,100.00
10132,45742,100.00
10133,59673,50.00
10134,47185,0.00
10135,39025,50.00
10136,48049,0.00
10137,53336,0.00
10138,57726,0.00
10139,47491,0.00
10140,53846,0.00
10141,52454,0.00
10142,50924,0.00
10143,49401,0.00
10144,49163,0.00
10145,51714,0.00
10146,52773,0.00
10147,80106,0.00
10148,74489,66.67
10149,47776,100.00
10150,47353,0.00
10151,40656,100.00
10152,37597,0.00
10153,27485,100.00
10154,42311,100.00
10155,47215,0.00
10156,35448,100.00
10157,43706,100.00
10158,32137,100.00
10159,26603,0.00
10160,48023,100.00
10161,35437,50.00
10162,40541,0.00
10163,53934,0.00
10164,53083,0.00
10165,57233,0.00
10166,57140,0.00
10167,57178,0.00
10168,60914,0.00
10169,56970,0.00
10170,53723,0.00
10171,52857,0.00
10172,53157,50.00
10173,51039,0.00
10174,60291,0.00
10175,46429,0.00
10176,61339,100.00
10177,45390,100.00
10178,33981,0.00
10179,40692,100.00
10180,42013,0.00
10181,25641,100.00
10182,33972,0.00
10183,34047,100.00
10184,33896,100.00
10185,46372,50.00
10186,39840,0.00
10187,53310,0.00
10188,59142,0.00
10189,53805,0.00
10190,54813,0.00
10191,55116,0.00
10192,53376,0.00
10193,59556,0.00
10194,57075,0.00
10195,73336,0.00
10196,61821,100.00
10197,49720,100.00
10198,23659,0.00
10199,49613,100.00
10200,53212,100.00
10201,42965,100.00
10202,34052,100.00
10203,28976,100.00
10204,24653,100.00
10205,25609,100.00
10206,41521,100.00
10207,44327,100.00
10208,64410,50.00
10209,59424,0.00
10210,56614,0.00
10211,52764,0.00
10212,58736,0.00
10213,70418,0.00
10214,55385,0.00
10215,55563,0.00
10216,55053,0.00
10217,58838,0.00
10218,58360,0.00
10219,59537,0.00
10220,58465,0.00
10221,59427,0.00
10222,60209,0.00
10223,71059,100.00
10224,70717,100.00
10225,32380,100.00
10226,27808,100.00
10227,32784,0.00
10228,71910,100.00
10229,48289,0.00
10230,31672,100.00
10231,51858,100.00
10232,52662,100.00
10233,42072,100.00
10234,27691,100.00
10235,26906,0.00
10236,50984,0.00
10237,53915,0.00
10238,52755,0.00
10239,51699,0.00
10240,59265,0.00
10241,55113,0.00
10242,56733,0.00
10243,56857,0.00
10244,63223,0.00
10245,56724,0.00
10246,54655,0.00
10247,55977,0.00
10248,55628,0.00
10249,56316,0.00
10250,66662,50.00
10251,58930,0.00
10252,41477,100.00
10253,39392,100.00
10254,36359,100.00
10255,26413,100.00
10256,34743,100.00
10257,26160,100.00
10258,42932,100.00
10259,34277,100.00
10260,38804,100.00
10261,37989,100.00
10262,42823,100.00
10263,32856,100.00
10264,48234,50.00
10265,48073,0.00
10266,53557,0.00
10267,53493,0.00
10268,59162,0.00
10269,60516,0.00
10270,53888,0.00
10271,56194,0.00
10272,57849,0.00
10273,56755,0.00
10274,60028,0.00
10275,57497,0.00
10276,59216,0.00
10277,59616,0.00
10278,72390,0.00
10279,56614,50.00
10280,73862,100.00
10281,36635,100.00
10282,24703,0.00
10283,25322,100.00
10284,58354,100.00
10285,39515,100.00
10286,29900,100.00
10287,32264,100.00
10288,59947,100.00
10289,44973,0.00
10290,45244,50.00
10291,55498,0.00
10292,56718,0.00
10293,69102,0.00
10294,63890,0.00
10295,57098,0.00
10296,56384,0.00
10297,57948,0.00
10298,53001,0.00
10299,50690,0.00
10300,50620,0.00
10301,57384,0.00
10302,54624,0.00
10303,81286,0.00
10304,46144,100.00
10305,52498,100.00
10306,50992,100.00
10307,37763,100.00
10308,53528,100.00
10309,40837,100.00
10310,32375,100.00
10311,21559,100.00
10312,48121,100.00
10313,45350,0.00
10314,43197,0.00
10315,53700,0.00
10316,54697,0.00
10317,54241,0.00
10318,50798,0.00
10319,51580,0.00
10320,55508,0.00
10321,51856,0.00
10322,58002,0.00
10323,47363,100.00
10324,47025,0.00
10325,33244,100.00
10326,48233,0.00
10327,51961,100.00
10328,43602,100.00
10329,25091,100.00
10330,21647,100.00
10331,25315,100.00
10332,34650,0.00
10333,48595,100.00
10334,48347,0.00
10335,54424,100.00
10336,46311,50.00
10337,37264,0.00
10338,35422,50.00
10339,41501,0.00
10340,48554,0.00
10341,55166,0.00
10342,47047,0.00
10343,50167,0.00
10344,51004,0.00
10345,54719,0.00
10346,47777,0.00
10347,53264,0.00
10348,59544,0.00
10349,54595,0.00
10350,66318,0.00
10351,48532,50.00
10352,57352,0.00
10353,59775,100.00
10354,24859,0.00
10355,25823,100.00
10356,52305,100.00
10357,41427,100.00
10358,26185,100.00
10359,24990,100.00
10360,23707,100.00
10361,50962,100.00
10362,44119,0.00
10363,32361,100.00
10364,46726,0.00
10365,56881,0.00
10366,57436,0.00
10367,60395,0.00
10368,63850,0.00
10369,58801,0.00
10370,71346,0.00
10371,58729,0.00
10372,61068,0.00
10373,62766,0.00
10374,55333,0.00
10375,65478,0.00
10376,73152,100.00
10377,46413,0.00
10378,52279,100.00
10379,41040,100.00
10380,39177,0.00
10381,26169,100.00
10382,44605,100.00
10383,48216,100.00
10384,56198,100.00
10385,47926,100.00
10386,41047,0.00
10387,34654,50.00
10388,59249,100.00
10389,48366,0.00
10390,54398,100.00
10391,56115,0.00
10392,57799,0.00
10393,52060,0.00
10394,55522,0.00
10395,47486,0.00
10396,48713,0.00
10397,51095,0.00
10398,52259,0.00
10399,49503,0.00
10400,55253,0.00
10401,62120,0.00
10402,54462,0.00
10403,41647,0.00
10404,63424,100.00
10405,58790,100.00
10406,32772,0.00
10407,28330,100.00
10408,35708,100.00
10409,23691,100.00
10410,48162,100.00
10411,39442,100.00
10412,52196,100.00
10413,58204,0.00
10414,53500,0.00
10415,55977,0.00
10416,55491,0.00
10417,53925,0.00
10418,53462,0.00
10419,55366,0.00
10420,55020,0.00
10421,56816,0.00
10422,63967,0.00
10423,71501,0.00
10424,60704,100.00
10425,34210,50.00
10426,39373,100.00
10427,51292,0.00
10428,70673,100.00
10429,49317,0.00
10430,27842,100.00
10431,24327,100.00
10432,43452,100.00
10433,35397,100.00
10434,34158,100.00
10435,48903,100.00
10436,61891,100.00
10437,48484,0.00
10438,54366,0.00
10439,51440,0.00
10440,50832,0.00
10441,56411,0.00
10442,52593,0.00
10443,56729,0.00
10444,61343,0.00
10445,56680,0.00
10446,60036,0.00
10447,63522,0.00
10448,57364,0.00
10449,55751,0.00
10450,66905,0.00
10451,53036,0.00
10452,52614,100.00
10453,40312,100.00
10454,25589,0.00
10455,31537,0.00
10456,56733,100.00
10457,29619,0.00
10458,25159,100.00
10459,24257,100.00
10460,55212,100.00
10461,50690,0.00
10462,26471,100.00
10463,38534,50.00
10464,40361,0.00
10465,55575,0.00
10466,55024,0.00
10467,50720,0.00
10468,60354,0.00
10469,50806,0.00
10470,53450,0.00
10471,63716,0.00
10472,56815,0.00
10473,51599,0.00
10474,54133,0.00
10475,52696,0.00
10476,50301,0.00
10477,46696,0.00
10478,55386,50.00
10479,46680,100.00
10480,42085,0.00
10481,45646,100.00
10482,38509,0.00
10483,26773,100.00
10484,37737,100.00
10485,37294,100.00
10486,47188,0.00
10487,30100,100.00
10488,35954,100.00
10489,48483,100.00
10490,46972,0.00
10491,22686,0.00
10492,54463,0.00
10493,54793,0.00
10494,79508,0.00
10495,61389,0.00
10496,59123,0.00
10497,61356,0.00
10498,57938,0.00
10499,59501,0.00
10500,57034,0.00
10501,54960,0.00
10502,53796,0.00
10503,58972,0.00
10504,58442,0.00
10505,71961,100.00
10506,45392,0.00
10507,67964,100.00
10508,60328,100.00
10509,29990,100.00
10510,26281,0.00
10511,43126,100.00
10512,59404,100.00
10513,37371,100.00
10514,30976,100.00
10515,51142,100.00
10516,51772,100.00
10517,35603,0.00
10518,55626,50.00
10519,56958,0.00
10520,52539,0.00
10521,54469,0.00
10522,55339,0.00
10523,62379,0.00
10524,57596,0.00
10525,84540,0.00
10526,70903,0.00
10527,59934,0.00
10528,58744,0.00
10529,59810,0.00
10530,59376,0.00
10531,65706,0.00
10532,74245,100.00
10533,62998,100.00
10534,26236,0.00
10535,41607,100.00
10536,55270,100.00
10537,42600,100.00
10538,40703,100.00
10539,31316,100.00
10540,48257,100.00
10541,45610,0.00
10542,40205,0.00
10543,49930,0.00
10544,52929,0.00
10545,51801,0.00
10546,52538,0.00
10547,56777,0.00
10548,61072,0.00
10549,69761,0.00
10550,70424,50.00
10551,36943,0.00
10552,41408,100.00
10553,37397,100.00
10554,62370,50.00
10555,31332,0.00
10556,34801,100.00
10557,25020,100.00
10558,22790,100.00
10559,27879,100.00
10560,62040,100.00
10561,46380,100.00
10562,54373,100.00
10563,59890,0.00
10564,65696,66.67
10565,47337,0.00
10566,30864,0.00
10567,56403,0.00
10568,71252,0.00
10569,57304,0.00
10570,63925,0.00
10571,64409,0.00
10572,56220,0.00
10573,52423,0.00
10574,51751,0.00
10575,55441,0.00
10576,54432,0.00
10577,54948,0.00
10578,63531,100.00
10579,51154,0.00
10580,49106,100.00
10581,30735,50.00
10582,60045,100.00
10583,51676,0.00
10584,67001,100.00
10585,48012,0.00
10586,28407,100.00
10587,23713,100.00
10588,23758,100.00
10589,37714,100.00
10590,42862,100.00
10591,55044,0.00
10592,50455,50.00
10593,39500,0.00
10594,50509,0.00
10595,95668,0.00
10596,61697,0.00
10597,66209,0.00
10598,63410,0.00
10599,62099,0.00
10600,63076,0.00
10601,62705,0.00
10602,70922,0.00
10603,61826,0.00
10604,59375,0.00
10605,61243,0.00
10606,71316,0.00
10607,71166,100.00
10608,69412,50.00
10609,65118,100.00
10610,24776,0.00
10611,38091,100.00
10612,53510,100.00
10613,37187,100.00
10614,28782,100.00
10615,55128,100.00
10616,53599,100.00
10617,31779,100.00
10618,48292,0.00
10619,60495,100.00
10620,71124,0.00
10621,60661,0.00
10622,64308,0.00
10623,69029,0.00
10624,63659,0.00
10625,64261,0.00
10626,60811,0.00
10627,59438,0.00
10628,61126,0.00
10629,61157,0.00
10630,59401,0.00
10631,60948,0.00
10632,61394,0.00
10633,70829,0.00
10634,57022,50.00
10635,54313,0.00
10636,83038,66.67
10637,63182,100.00
10638,24741,0.00
10639,27054,0.00
10640,34048,100.00
10641,42686,100.00
10642,45388,100.00
10643,35629,0.00
10644,46554,100.00
10645,55233,100.00
10646,68050,0.00
10647,82628,0.00
10648,58914,0.00
10649,58464,0.00
10650,54122,0.00
10651,55035,0.00
10652,63022,0.00
10653,55505,0.00
10654,55643,0.00
10655,71282,0.00
10656,63482,100.00
10657,41625,0.00
10658,51635,100.00
10659,67204,66.67
10660,17520,0.00
10661,28225,0.00
10662,24436,100.00
10663,26057,100.00
10664,47119,100.00
10665,28793,0.00
10666,60760,100.00
10667,70108,100.00
10668,72462,100.00
10669,187599,0.00
10670,62091,0.00
10671,62068,0.00
10672,61305,0.00
10673,66053,0.00
10674,62010,0.00
10675,39668,0.00
10676,62284,0.00
10677,62352,0.00
10678,64299,0.00
10679,70559,0.00
10680,67106,100.00
10681,62883,50.00
10682,39331,0.00
10683,39876,50.00
10684,41388,100.00
10685,57840,100.00
10686,45144,100.00
10687,32435,100.00
10688,24556,0.00
10689,26497,100.00
10690,56884,100.00
10691,62022,100.00
10692,51140,100.00
10693,47644,100.00
10694,42112,0.00
10695,38761,0.00
10696,67569,0.00
10697,55718,0.00
10698,61129,0.00
10699,60752,0.00
10700,59898,0.00
10701,54414,0.00
10702,57149,0.00
10703,70164,0.00
10704,60865,0.00
10705,59042,0.00
10706,62298,0.00
10707,69809,0.00
10708,71878,50.00
10709,60694,100.00
10710,44877,0.00
10711,48054,100.00
10712,61817,100.00
10713,36171,100.00
10714,31861,100.00
10715,57777,100.00
10716,55521,100.00
10717,27680,100.00
10718,35036,100.00
10719,37333,100.00
10720,83768,100.00
10721,61489,50.00
10722,47208,0.00
10723,72485,0.00
10724,61947,0.00
10725,64909,0.00
10726,57377,0.00
10727,57777,0.00
10728,61572,0.00
10729,58106,0.00
10730,58744,0.00
10731,52322,0.00
10732,58275,0.00
10733,53306,0.00
10734,65913,0.00
10735,55618,0.00
10736,52436,66.67
10737,58000,100.00
10738,24363,0.00
10739,24696,100.00
10740,35670,100.00
10741,47140,100.00
10742,48131,100.00
10743,30296,100.00
10744,59970,100.00
10745,44732,100.00
10746,39495,100.00
10747,28831,0.00
10748,49933,100.00
10749,49816,0.00
10750,54244,0.00
10751,56988,0.00
10752,61254,0.00
10753,61537,0.00
10754,59166,0.00
10755,53535,0.00
10756,62570,0.00
10757,56875,0.00
10758,57564,0.00
10759,61986,0.00
10760,59818,0.00
10761,74127,0.00
10762,32178,50.00
10763,50747,0.00
10764,53256,100.00
10765,62872,100.00
10766,24097,0.00
10767,23012,100.00
10768,45961,50.00
10769,51705,100.00
10770,52789,0.00
10771,47294,100.00
10772,54478,0.00
10773,69819,0.00
10774,62797,0.00
10775,75355,0.00
10776,63696,0.00
10777,78939,0.00
10778,51668,100.00
10779,40011,0.00
10780,57762,100.00
10781,56946,100.00
10782,22015,0.00
10783,24052,100.00
10784,38733,100.00
10785,29544,100.00
10786,56975,100.00
10787,51846,100.00
10788,54890,100.00
10789,43913,100.00
10790,56841,0.00
10791,55120,100.00
10792,52809,0.00
10793,69938,0.00
10794,62064,0.00
10795,61014,0.00
10796,59187,0.00
10797,59917,0.00
10798,60678,0.00
10799,58575,0.00
10800,58431,0.00
10801,54264,0.00
10802,55047,0.00
10803,56796,0.00
10804,62106,0.00
10805,72050,0.00
10806,59394,100.00
10807,32418,0.00
10808,53221,100.00
10809,28909,100.00
10810,25119,0.00
10811,26111,100.00
10812,57367,100.00
10813,36244,100.00
10814,35165,100.00
10815,54316,100.00
10816,54483,100.00
10817,41256,100.00
10818,39292,100.00
10819,44208,0.00
10820,60315,0.00
10821,57678,0.00
10822,58490,0.00
10823,60881,0.00
10824,57759,0.00
10825,59130,0.00
10826,59219,0.00
10827,61891,0.00
10828,56224,0.00
10829,60424,0.00
10830,57453,0.00
10831,68809,0.00
10832,61464,0.00
10833,65879,0.00
10834,63844,0.00
10835,63277,100.00
10836,64562,100.00
10837,39084,100.00
10838,46121,0.00
10839,26955,100.00
10840,24909,100.00
10841,25286,100.00
10842,26470,0.00
10843,43382,100.00
10844,45574,100.00
10845,37428,100.00
10846,49083,100.00
10847,41149,0.00
10848,52484,0.00
10849,56086,0.00
10850,58404,0.00
10851,56292,0.00
10852,58788,0.00
10853,54089,0.00
10854,68487,0.00
10855,60978,0.00
10856,55762,0.00
10857,68970,0.00
10858,55649,0.00
10859,54704,0.00
10860,60543,0.00
10861,60226,0.00
10862,69856,0.00
10863,64511,50.00
10864,62673,100.00
10865,55239,100.00
10866,50681,100.00
10867,35660,0.00
10868,37028,100.00
10869,51612,100.00
10870,37127,100.00
10871,27532,0.00
10872,51243,100.00
10873,45511,0.00
10874,53695,0.00
10875,53357,0.00
10876,57854,0.00
10877,52968,0.00
10878,47507,0.00
10879,52949,0.00
10880,55787,0.00
10881,53961,0.00
10882,53598,0.00
10883,52534,0.00
10884,49266,100.00
10885,38162,50.00
10886,47262,0.00
10887,49945,0.00
10888,47160,100.00
10889,24118,100.00
10890,22980,100.00
10891,25916,100.00
10892,25666,100.00
10893,36569,100.00
10894,55941,100.00
10895,53718,100.00
10896,47379,0.00
10897,51499,0.00
10898,47775,0.00
10899,50955,0.00
10900,48886,0.00
10901,60433,0.00
10902,48950,0.00
10903,44561,0.00
10904,50222,0.00
10905,52967,0.00
10906,58716,0.00
10907,46802,100.00
10908,47510,50.00
10909,38763,100.00
10910,22881,0.00
10911,38273,100.00
10912,47801,100.00
10913,26795,100.00
10914,24460,100.00
10915,25096,100.00
10916,34728,0.00
10917,45733,100.00
10918,40447,0.00
10919,35547,50.00
10920,47347,100.00
10921,38405,0.00
10922,36611,0.00
10923,59093,0.00
10924,50141,0.00
10925,53316,0.00
10926,48567,0.00
10927,54979,0.00
10928,55962,0.00
10929,60545,0.00
10930,58061,0.00
10931,59676,0.00
10932,66451,0.00
10933,53074,0.00
10934,63622,0.00
10935,36908,100.00
10936,65055,50.00
10937,39113,100.00
10938,33712,0.00
10939,38046,100.00
10940,42737,0.00
10941,39942,100.00
10942,35010,0.00
10943,23635,100.00
10944,22303,100.00
10945,27073,100.00
10946,46711,0.00
10947,53419,0.00
10948,53157,100.00
10949,28379,50.00
10950,59251,0.00
10951,48281,0.00
10952,51126,0.00
10953,52467,0.00
10954,53790,0.00
10955,46282,0.00
10956,51418,0.00
10957,52374,0.00
10958,63098,0.00
10959,55446,0.00
10960,68039,0.00
10961,46462,0.00
10962,52359,50.00
10963,44016,0.00
10964,50529,100.00
10965,43969,100.00
10966,23351,0.00
10967,39589,0.00
10968,58679,100.00
10969,27438,0.00
10970,48952,100.00
10971,39784,100.00
10972,51947,100.00
10973,43024,50.00
10974,41393,0.00
10975,43901,0.00
10976,53715,0.00
10977,49002,0.00
10978,51764,0.00
10979,51421,0.00
10980,52113,0.00
10981,79596,0.00
10982,51251,0.00
10983,50480,0.00
10984,54236,0.00
10985,49412,0.00
10986,50260,0.00
10987,53518,0.00
10988,72368,100.00
10989,37219,0.00
10990,33414,100.00
10991,35874,100.00
10992,44073,100.00
10993,29888,100.00
10994,24206,100.00
10995,58127,0.00
10996,56588,100.00
10997,45999,0.00
10998,35342,0.00
10999,54861,0.00
11000,68442,0.00
11001,62351,0.00
11002,57009,0.00
11003,55113,0.00
11004,56931,0.00
11005,56293,0.00
11006,66897,0.00
11007,56225,100.00
11008,52092,50.00
11009,48123,100.00
11010,24600,0.00
11011,53208,100.00
11012,46873,100.00
11013,33268,100.00
11014,41848,100.00
11015,40950,100.00
11016,44291,0.00
11017,27285,100.00
11018,48309,0.00
11019,42070,100.00
11020,54166,100.00
11021,41161,0.00
11022,47318,0.00
11023,51315,0.00
11024,62489,50.00
11025,77722,0.00
11026,58089,0.00
11027,62773,0.00
11028,59509,0.00
11029,58045,0.00
11030,67166,0.00
11031,60290,0.00
11032,57932,0.00
11033,57787,0.00
11034,56513,0.00
11035,55313,0.00
11036,82236,100.00
11037,51281,100.00
11038,19425,0.00
11039,19958,100.00
11040,21783,100.00
11041,24450,100.00
11042,32430,100.00
11043,46258,100.00
11044,75350,100.00
11045,46109,100.00
11046,30887,100.00
11047,30603,0.00
11048,60430,100.00
11049,40321,0.00
11050,43041,0.00
11051,46496,0.00
11052,54587,0.00
11053,47637,0.00
11054,52311,0.00
11055,56819,0.00
11056,50857,0.00
11057,51216,0.00
11058,54759,0.00
11059,54480,0.00
11060,58193,0.00
11061,57082,0.00
11062,56001,0.00
11063,63364,0.00
11064,86822,50.00
11065,63733,100.00
11066,42829,0.00
11067,35351,0.00
11068,40347,100.00
11069,21197,100.00
11070,22393,100.00
11071,22771,100.00
11072,34953,100.00
11073,34981,100.00
11074,42220,100.00
11075,48605,100.00
11076,66872,100.00
11077,26650,100.00
11078,48198,0.00
11079,57419,0.00
11080,57922,0.00
11081,58585,0.00
11082,59767,0.00
11083,65006,0.00
11084,56758,0.00
11085,60169,0.00
11086,59568,0.00
11087,54468,0.00
11088,60861,0.00
11089,58258,0.00
11090,54272,0.00
11091,52414,0.00
11092,58411,0.00
11093,62357,0.00
11094,64901,0.00
11095,44601,100.00
11096,42968,100.00
11097,60927,100.00
11098,49909,100.00
11099,37887,100.00
11100,44417,100.00
11101,20920,100.00
11102,23809,0.00
11103,29249,100.00
11104,52003,50.00
11105,38374,0.00
11106,41947,0.00
11107,50603,0.00
11108,56172,0.00
11109,59785,0.00
11110,57237,0.00
11111,57480,0.00
11112,60704,0.00
11113,40394,50.00
11114,44418,0.00
11115,37321,0.00
11116,57507,100.00
11117,36105,50.00
11118,46205,0.00
11119,36386,100.00
11120,50644,0.00
11121,33299,100.00
11122,38933,0.00
11123,53662,100.00
11124,64566,66.67
11125,57440,100.00
11126,43379,0.00
11127,51391,0.00
11128,52113,0.00
11129,52454,0.00
11130,58871,0.00
11131,55541,0.00
11132,54353,0.00
11133,54658,0.00
11134,60958,0.00
11135,56534,0.00
11136,67595,66.67
11137,40895,0.00
11138,28458,0.00
11139,30665,100.00
11140,42186,100.00
11141,39206,100.00
11142,41168,100.00
11143,29147,0.00
11144,35550,100.00
11145,31993,100.00
11146,40281,100.00
11147,41743,0.00
11148,57187,100.00
11149,27451,0.00
11150,35133,0.00
11151,47792,50.00
11152,58864,0.00
11153,71842,0.00
11154,57510,0.00
11155,55146,0.00
11156,58245,0.00
11157,54050,0.00
11158,54164,0.00
11159,65461,0.00
11160,70132,0.00
11161,55145,0.00
11162,52814,0.00
11163,80331,0.00
11164,65653,100.00
11165,54048,50.00
11166,38729,0.00
11167,49595,100.00
11168,41907,0.00
11169,27608,100.00
11170,39305,0.00
11171,37028,100.00
11172,35647,100.00
11173,26220,100.00
11174,32666,0.00
11175,54313,100.00
11176,49615,66.67
11177,36592,0.00
11178,44185,0.00
11179,51126,0.00
11180,56338,0.00
11181,76624,0.00
11182,67131,0.00
11183,60486,0.00
11184,63246,0.00
11185,63078,0.00
11186,60223,0.00
11187,61945,0.00
11188,72900,0.00
11189,69535,0.00
11190,34093,100.00
11191,62970,0.00
11192,55026,100.00
11193,44519,100.00
11194,22126,0.00
11195,35783,0.00
11196,58261,100.00
11197,31584,0.00
11198,41623,100.00
11199,44782,100.00
11200,43580,100.00
11201,37882,100.00
11202,35632,0.00
11203,47161,0.00
11204,47833,50.00
11205,49572,0.00
11206,52073,0.00
11207,53127,0.00
11208,51989,0.00
11209,57524,0.00
11210,63849,0.00
11211,55974,0.00
11212,54942,0.00
11213,58745,0.00
11214,55705,0.00
11215,74119,0.00
11216,63433,66.67
11217,54477,100.00
11218,27569,0.00
11219,46057,100.00
11220,53328,100.00
11221,35723,100.00
11222,28684,100.00
11223,34617,100.00
11224,48944,100.00
11225,25748,100.00
11226,43129,0.00
11227,57392,0.00
11228,59650,0.00
11229,58970,0.00
11230,54426,0.00
11231,67568,0.00
11232,56452,0.00
11233,61106,0.00
11234,55984,0.00
11235,55849,0.00
11236,54274,0.00
11237,55371,0.00
11238,39915,100.00
11239,24627,100.00
11240,65478,100.00
11241,39007,100.00
11242,54446,0.00
11243,39203,100.00
11244,37336,100.00
11245,26029,100.00
11246,27073,0.00
11247,48682,100.00
11248,58911,100.00
11249,91097,50.00
11250,59666,0.00
11251,56115,0.00
11252,60597,0.00
11253,53572,0.00
11254,58187,0.00
11255,58704,0.00
11256,61697,0.00
11257,56932,0.00
11258,60546,0.00
11259,60596,0.00
11260,53512,0.00
11261,58120,0.00
11262,56726,0.00
11263,67981,0.00
11264,78776,100.00
11265,58858,100.00
11266,22882,0.00
11267,27305,100.00
11268,39460,100.00
11269,54228,100.00
11270,44899,100.00
11271,31262,100.00
11272,50993,100.00
11273,40025,100.00
11274,43291,100.00
11275,29078,100.00
11276,49922,100.00
11277,66262,0.00
11278,47837,0.00
11279,58059,0.00
11280,59722,0.00
11281,53355,0.00
11282,58867,0.00
11283,56149,0.00
11284,61260,0.00
11285,56155,0.00
11286,51863,0.00
11287,58665,0.00
11288,54504,50.00
11289,64198,0.00
11290,51156,0.00
11291,59281,0.00
11292,73162,100.00
11293,41461,100.00
11294,28127,0.00
11295,50716,0.00
11296,36775,100.00
11297,25388,100.00
11298,29011,100.00
11299,65961,0.00
11300,43952,100.00
11301,30305,100.00
11302,32953,100.00
11303,61585,50.00
11304,57821,100.00
11305,49845,0.00
11306,67639,0.00
11307,52598,0.00
11308,54253,0.00
11309,54801,0.00
11310,54039,0.00
11311,63196,0.00
11312,60186,0.00
11313,63108,0.00
11314,58941,0.00
11315,70594,0.00
11316,69876,0.00
11317,56830,0.00
11318,59559,0.00
11319,66794,0.00
11320,63604,50.00
11321,59007,100.00
11322,30501,100.00
11323,24661,0.00
11324,112674,100.00
11325,32943,100.00
11326,49309,100.00
11327,45891,0.00
11328,37427,100.00
11329,53458,100.00
11330,47188,100.00
11331,30244,0.00
11332,50709,0.00
11333,45794,0.00
11334,51840,0.00
11335,47291,0.00
11336,57472,50.00
11337,48552,0.00
11338,51588,0.00
11339,50299,0.00
11340,51358,0.00
11341,48681,0.00
11342,51165,0.00
11343,48362,0.00
11344,57381,50.00
11345,57231,100.00
11346,22078,0.00
11347,48119,100.00
11348,58364,100.00
11349,32399,100.00
11350,36545,0.00
11351,33202,100.00
11352,40348,100.00
11353,34749,100.00
11354,37655,50.00
11355,43068,0.00
11356,54011,0.00
11357,58064,0.00
11358,53805,0.00
11359,58168,0.00
11360,58029,0.00
11361,55539,0.00
11362,53699,0.00
11363,54573,0.00
11364,67528,0.00
11365,49391,50.00
11366,32088,0.00
11367,30402,50.00
11368,47945,100.00
11369,65088,100.00
11370,21099,0.00
11371,23848,100.00
11372,22832,100.00
11373,23412,100.00
11374,27402,100.00
11375,53029,0.00
11376,75806,100.00
11377,54805,0.00
11378,30324,0.00
11379,33115,50.00
11380,55776,0.00
11381,63750,0.00
11382,48461,0.00
11383,55449,0.00
11384,57287,0.00
11385,75566,0.00
11386,60225,0.00
11387,70345,0.00
11388,57127,0.00
11389,57513,0.00
11390,55891,0.00
11391,64906,0.00
11392,64936,50.00
11393,43395,0.00
11394,54452,50.00
11395,25935,0.00
11396,54236,100.00
11397,31478,100.00
11398,39536,100.00
11399,46293,100.00
11400,40321,100.00
11401,24410,100.00
11402,22875,100.00
11403,51800,0.00
11404,61240,100.00
11405,32379,50.00
11406,32707,0.00
11407,46065,0.00
11408,52301,0.00
11409,57586,0.00
11410,56669,0.00
11411,64435,0.00
11412,59201,0.00
11413,51885,0.00
11414,52736,0.00
11415,58392,0.00
11416,54384,0.00
11417,65258,0.00
11418,47484,0.00
11419,46335,50.00
11420,110521,100.00
11421,43362,50.00
11422,22362,0.00
11423,23994,100.00
11424,53865,100.00
11425,44910,100.00
11426,47641,100.00
11427,43596,100.00
11428,47931,0.00
11429,37237,100.00
11430,28546,50.00
11431,40733,0.00
11432,48471,0.00
11433,49169,0.00
11434,49225,0.00
11435,52414,0.00
11436,50291,0.00
11437,45603,0.00
11438,47023,0.00
11439,46121,0.00
11440,72872,50.00
11441,48418,0.00
11442,47989,0.00
11443,59200,0.00
11444,65190,50.00
11445,47988,100.00
11446,56865,0.00
11447,51644,100.00
11448,41806,100.00
11449,25236,100.00
11450,24825,100.00
11451,34137,100.00
11452,47913,100.00
11453,34838,0.00
11454,27698,100.00
11455,43770,0.00
11456,50920,0.00
11457,47769,0.00
11458,57142,0.00
11459,52676,0.00
11460,57047,0.00
11461,53226,0.00
11462,55589,0.00
11463,65480,0.00
11464,68646,0.00
11465,39502,100.00
11466,39740,0.00
11467,51238,100.00
11468,57667,100.00
11469,45696,100.00
11470,42329,0.00
11471,25777,100.00
11472,37855,100.00
11473,25702,100.00
11474,36338,100.00
11475,45759,100.00
11476,55942,100.00
11477,37836,0.00
11478,61695,0.00
11479,55557,0.00
11480,57750,0.00
11481,54136,0.00
11482,51429,0.00
11483,53269,0.00
11484,57864,0.00
11485,51410,0.00
11486,52272,0.00
11487,51759,0.00
11488,58185,0.00
11489,55464,0.00
11490,53772,0.00
11491,52801,0.00
11492,51569,66.67
11493,39294,100.00
11494,24703,0.00
11495,41920,100.00
11496,50385,100.00
11497,26676,100.00
11498,23226,0.00
11499,24086,100.00
11500,44681,100.00
11501,43818,100.00
11502,33979,100.00
11503,36240,0.00
11504,46579,66.67
11505,51180,0.00
11506,45615,0.00
11507,46610,0.00
11508,58014,0.00
11509,54458,0.00
11510,64168,0.00
11511,51811,0.00
11512,55534,0.00
11513,55673,0.00
11514,56497,0.00
11515,53816,0.00
11516,54536,0.00
11517,53559,0.00
11518,66797,100.00
11519,63635,0.00
11520,53551,100.00
11521,53553,100.00
11522,49255,100.00
11523,27894,100.00
11524,39434,0.00
11525,30708,100.00
11526,52762,0.00
11527,36876,100.00
11528,44048,100.00
11529,45118,100.00
11530,47592,50.00
11531,41551,0.00
11532,44415,50.00
11533,43430,0.00
11534,40699,0.00
11535,48257,0.00
11536,49937,50.00
11537,58279,0.00
11538,55054,0.00
11539,58575,0.00
11540,58709,0.00
11541,56178,0.00
11542,54377,0.00
11543,57335,0.00
11544,57187,0.00
11545,52769,0.00
11546,70065,0.00
11547,67241,0.00
11548,76118,100.00
11549,35105,100.00
11550,23883,0.00
11551,26291,100.00
11552,55002,100.00
11553,35588,100.00
11554,31526,0.00
11555,27363,100.00
11556,55832,100.00
11557,33936,100.00
11558,38947,100.00
11559,46884,0.00
11560,65181,0.00
11561,53499,0.00
11562,54122,0.00
11563,57075,0.00
11564,61485,0.00
11565,60292,0.00
11566,56738,0.00
11567,55462,0.00
11568,58840,0.00
11569,52935,0.00
11570,50565,0.00
11571,52264,0.00
11572,69257,50.00
11573,29190,0.00
11574,39655,100.00
11575,26892,100.00
11576,41179,100.00
11577,24198,100.00
11578,43976,100.00
11579,48706,0.00
11580,25770,100.00
11581,64833,100.00
11582,31131,50.00
11583,56741,0.00
11584,54752,0.00
11585,57339,0.00
11586,68607,0.00
11587,55143,0.00
11588,62366,0.00
11589,57096,0.00
11590,52816,0.00
11591,51682,0.00
11592,66661,50.00
11593,33788,0.00
11594,35540,0.00
11595,50699,100.00
11596,56222,100.00
11597,25859,100.00
11598,22614,100.00
11599,22511,0.00
11600,35028,100.00
11601,47525,100.00
11602,43363,100.00
11603,43796,100.00
11604,57534,100.00
11605,35044,0.00
11606,30784,100.00
11607,68429,0.00
11608,57983,0.00
11609,58527,0.00
11610,61986,0.00
11611,52737,0.00
11612,67474,0.00
11613,57661,0.00
11614,58303,0.00
11615,53272,0.00
11616,53037,0.00
11617,49605,0.00
11618,53281,0.00
11619,79780,0.00
11620,65311,100.00
11621,60941,100.00
11622,21052,0.00
11623,24095,100.00
11624,36362,0.00
11625,43608,100.00
11626,37615,100.00
11627,28840,100.00
11628,33463,0.00
11629,40150,100.00
11630,45043,100.00
11631,36775,100.00
11632,42782,50.00
11633,44218,0.00
11634,40900,0.00
11635,51457,0.00
11636,51618,50.00
11637,51031,0.00
11638,53251,0.00
11639,53281,0.00
11640,52067,0.00
11641,53119,0.00
11642,60310,0.00
11643,52339,0.00
11644,55516,0.00
11645,52945,0.00
11646,57096,0.00
11647,74680,0.00
11648,81511,100.00
11649,39503,100.00
11650,23920,0.00
11651,54778,0.00
11652,54117,100.00
11653,31013,100.00
11654,28066,100.00
11655,46646,0.00
11656,53261,100.00
11657,28613,0.00
11658,36890,100.00
11659,56847,50.00
11660,52575,0.00
11661,56378,0.00
11662,58699,0.00
11663,62547,0.00
11664,59855,0.00
11665,63398,0.00
11666,62016,0.00
11667,61686,0.00
11668,59409,0.00
11669,58366,0.00
11670,56244,0.00
11671,56340,0.00
11672,58331,0.00
11673,66657,0.00
11674,49598,100.00
11675,46491,0.00
11676,65122,100.00
11677,45137,100.00
11678,29250,100.00
11679,25524,100.00
11680,48171,100.00
11681,33928,100.00
11682,27208,100.00
11683,34365,0.00
11684,47058,100.00
11685,53660,0.00
11686,57060,0.00
11687,68262,0.00
11688,57472,0.00
11689,52675,0.00
11690,55086,0.00
11691,59718,0.00
11692,63433,0.00
11693,66665,50.00
11694,26167,0.00
11695,42141,0.00
11696,51938,66.67
11697,36887,0.00
11698,52100,50.00
11699,42515,0.00
11700,40329,100.00
11701,22223,100.00
11702,25310,100.00
11703,27147,0.00
11704,47582,100.00
11705,51447,0.00
11706,58591,100.00
11707,52384,0.00
11708,60374,0.00
11709,62684,0.00
11710,57224,0.00
11711,57771,0.00
11712,55398,0.00
11713,61646,0.00
11714,54461,0.00
11715,59217,0.00
11716,56397,0.00
11717,65104,100.00
11718,58900,0.00
11719,34719,0.00
11720,42735,66.67
11721,22980,0.00
11722,38937,100.00
11723,41868,100.00
11724,45438,100.00
11725,28079,100.00
11726,23278,100.00
11727,24865,100.00
11728,72540,100.00
11729,45943,100.00
11730,48956,0.00
11731,34276,50.00
11732,64638,100.00
11733,48859,0.00
11734,58759,0.00
11735,62711,0.00
11736,59787,0.00
11737,57166,0.00
11738,54177,0.00
11739,55077,0.00
11740,55866,0.00
11741,60559,0.00
11742,56101,0.00
11743,57249,0.00
11744,53025,0.00
11745,62578,0.00
11746,57603,0.00
11747,32383,50.00
11748,48691,0.00
11749,53642,100.00
11750,22106,0.00
11751,24736,100.00
11752,48700,100.00
11753,39354,100.00
11754,28743,100.00
11755,25517,100.00
11756,36981,0.00
11757,45559,100.00
11758,44966,0.00
11759,32684,0.00
11760,46876,50.00
11761,54445,0.00
11762,56355,0.00
11763,55777,0.00
11764,53764,0.00
11765,61190,0.00
11766,56392,0.00
11767,61241,0.00
11768,59692,0.00
11769,60083,0.00
11770,54517,0.00
11771,65938,0.00
11772,75726,100.00
11773,50379,0.00
11774,50583,100.00
11775,23895,100.00
11776,36610,0.00
11777,25507,100.00
11778,41434,0.00
11779,59117,100.00
11780,64615,100.00
11781,44371,100.00
11782,43021,100.00
11783,26766,100.00
11784,48573,50.00
11785,33846,100.00
11786,43615,0.00
11787,51143,0.00
11788,57395,0.00
11789,50177,0.00
11790,56650,0.00
11791,44967,0.00
11792,52013,0.00
11793,65207,0.00
11794,50103,0.00
11795,59558,0.00
11796,58554,0.00
11797,54799,0.00
11798,63829,0.00
11799,58730,50.00
11800,56584,0.00
11801,35515,50.00
11802,42026,100.00
11803,42396,100.00
11804,36125,100.00
11805,36840,100.00
11806,36908,0.00
11807,51382,50.00
11808,56209,100.00
11809,48302,0.00
11810,48736,0.00
11811,52562,0.00
11812,57637,0.00
11813,55595,0.00
11814,64753,0.00
11815,45070,0.00
11816,42237,100.00
11817,47913,100.00
11818,22829,0.00
11819,41835,100.00
11820,36098,100.00
11821,27479,100.00
11822,25476,100.00
11823,42926,100.00
11824,54893,100.00
11825,29523,100.00
11826,46953,100.00
11827,50628,0.00
11828,51487,100.00
11829,35568,0.00
11830,39339,0.00
11831,40122,0.00
11832,44246,50.00
11833,38225,0.00
11834,43292,0.00
11835,48481,0.00
11836,45630,0.00
11837,48388,0.00
11838,42274,0.00
11839,43637,0.00
11840,44707,0.00
11841,39484,0.00
11842,53729,0.00
11843,53235,100.00
11844,47449,0.00
11845,36387,100.00
11846,27531,100.00
11847,32146,100.00
11848,40712,100.00
11849,46956,100.00
11850,38816,100.00
11851,28849,100.00
11852,52828,100.00
11853,36827,100.00
11854,38689,100.00
11855,39231,100.00
11856,60238,50.00
11857,42132,0.00
11858,51302,0.00
11859,50639,0.00
11860,50545,0.00
11861,51145,0.00
11862,56958,0.00
11863,55148,0.00
11864,59238,0.00
11865,60419,0.00
11866,76820,0.00
11867,56646,0.00
11868,56703,0.00
11869,51986,0.00
11870,48919,0.00
11871,60542,0.00
11872,80954,100.00
11873,52221,100.00
11874,51348,100.00
11875,45870,100.00
11876,38860,0.00
11877,22790,100.00
11878,21417,100.00
11879,24170,100.00
11880,51477,100.00
11881,42183,100.00
11882,43714,100.00
11883,41267,100.00
11884,49391,0.00
11885,47250,0.00
11886,43914,0.00
11887,48604,0.00
11888,56230,0.00
11889,48514,0.00
11890,51600,0.00
11891,54383,0.00
11892,56158,0.00
11893,54208,0.00
11894,55171,0.00
11895,53271,0.00
11896,55668,0.00
11897,48084,0.00
11898,48796,0.00
11899,57965,50.00
11900,57687,100.00
11901,39993,100.00
11902,28463,0.00
11903,53850,100.00
11904,57236,100.00
11905,44141,100.00
11906,41716,0.00
11907,31312,100.00
11908,37820,100.00
11909,33094,100.00
11910,49150,0.00
11911,43154,0.00
11912,44291,0.00
11913,53723,0.00
11914,56352,0.00
11915,51812,0.00
11916,53591,0.00
11917,48215,0.00
11918,48639,0.00
11919,51465,100.00
11920,46044,0.00
11921,31254,100.00
11922,33193,0.00
11923,57766,100.00
11924,61426,66.67
11925,19328,0.00
11926,24065,0.00
11927,31039,100.00
11928,33881,100.00
11929,46372,100.00
11930,55767,0.00
11931,55593,100.00
11932,52708,0.00
11933,41200,0.00
11934,51238,0.00
11935,55037,0.00
11936,56188,0.00
11937,61352,0.00
11938,54650,0.00
11939,59044,0.00
11940,59873,0.00
11941,55115,0.00
11942,65006,100.00
11943,48343,0.00
11944,38444,0.00
11945,37296,100.00
11946,23894,0.00
11947,39843,100.00
11948,52320,100.00
11949,26589,100.00
11950,24598,100.00
11951,24420,100.00
11952,61815,100.00
11953,50336,100.00
11954,44608,100.00
11955,38909,0.00
11956,44569,100.00
11957,36413,0.00
11958,45687,0.00
11959,48922,0.00
11960,51258,0.00
11961,54046,0.00
11962,56250,0.00
11963,58775,0.00
11964,56323,0.00
11965,55747,0.00
11966,58791,0.00
11967,58775,0.00
11968,59502,0.00
11969,68262,50.00
11970,62693,0.00
11971,57790,0.00
11972,47142,100.00
11973,33179,0.00
11974,34877,100.00
11975,32609,100.00
11976,23513,100.00
11977,47266,100.00
11978,31477,100.00
11979,28206,100.00
11980,38057,100.00
11981,30055,100.00
11982,52053,0.00
11983,28312,0.00
11984,55965,66.67
11985,52929,0.00
11986,52650,0.00
11987,54413,0.00
11988,56098,0.00
11989,70538,0.00
11990,56140,0.00
11991,56320,0.00
11992,57982,0.00
11993,63694,0.00
11994,53401,0.00
11995,58192,0.00
11996,85398,100.00
11997,45593,0.00
11998,59533,0.00
11999,45578,66.67
12000,74510,0.00
