sample,work_ns,cpu_utilization
1,45641,0.00
2,45896,0.00
3,49795,0.00
4,52791,0.00
5,52373,0.00
6,46778,0.00
7,52801,0.00
8,64600,0.00
9,50872,0.00
10,46261,0.00
11,48242,0.00
12,54449,0.00
13,51699,0.00
14,54101,0.00
15,49359,0.00
16,49010,0.00
17,48650,0.00
18,51599,0.00
19,45247,0.00
20,52504,0.00
21,45903,0.00
22,45284,0.00
23,52345,0.00
24,54498,0.00
25,52940,0.00
26,58975,0.00
27,47454,0.00
28,42282,0.00
29,46618,0.00
30,45548,0.00
31,49857,0.00
32,48574,0.00
33,46655,0.00
34,50419,0.00
35,45477,0.00
36,41849,0.00
37,40138,0.00
38,42241,0.00
39,49960,0.00
40,50283,0.00
41,47719,0.00
42,48982,0.00
43,56043,0.00
44,52976,0.00
45,53429,0.00
46,53870,0.00
47,53976,0.00
48,53763,0.00
49,69309,0.00
50,68659,0.00
51,54446,0.00
52,68518,0.00
53,54392,0.00
54,53230,0.00
55,54155,0.00
56,53321,0.00
57,60285,0.00
58,60129,0.00
59,58640,0.00
60,54804,0.00
61,53559,0.00
62,53116,0.00
63,56429,0.00
64,54593,0.00
65,62853,0.00
66,53705,0.00
67,65061,0.00
68,56419,0.00
69,69075,0.00
70,54077,0.00
71,55086,0.00
72,51245,0.00
73,60126,0.00
74,54202,0.00
75,49909,0.00
76,51466,0.00
77,54964,0.00
78,52685,0.00
79,58729,0.00
80,49156,0.00
81,50940,0.00
82,46519,0.00
83,48188,0.00
84,46683,0.00
85,47316,0.00
86,48692,0.00
87,70047,0.00
88,50562,0.00
89,56987,0.00
90,48313,0.00
91,44111,0.00
92,48785,0.00
93,48287,0.00
94,45772,0.00
95,48561,0.00
96,49880,0.00
97,52977,0.00
98,50873,0.00
99,49720,0.00
100,44697,0.00
101,41157,0.00
102,55164,0.00
103,55547,0.00
104,55881,0.00
105,49370,0.00
106,54059,0.00
107,52950,0.00
108,56685,0.00
109,56743,0.00
110,56429,0.00
111,48689,0.00
112,47258,0.00
113,61894,0.00
114,55909,0.00
115,50552,0.00
116,51456,0.00
117,66267,0.00
118,54132,0.00
119,55898,0.00
120,52247,0.00
121,60044,0.00
122,52489,0.00
123,48429,0.00
124,50933,0.00
125,50618,0.00
126,53659,0.00
127,52113,0.00
128,72524,0.00
129,59771,0.00
130,55979,0.00
131,52933,0.00
132,47366,0.00
133,48007,0.00
134,42520,0.00
135,36849,0.00
136,38937,0.00
137,40063,0.00
138,43580,0.00
139,41634,0.00
140,47635,0.00
141,43466,0.00
142,49879,0.00
143,39651,0.00
144,40806,0.00
145,42342,0.00
146,42559,0.00
147,42268,0.00
148,43484,0.00
149,39825,0.00
150,44402,0.00
151,50371,0.00
152,42258,0.00
153,44669,0.00
154,40845,0.00
155,45643,0.00
156,45881,0.00
157,47213,0.00
158,47042,0.00
159,46481,0.00
160,46131,0.00
161,49600,0.00
162,62052,0.00
163,49608,0.00
164,42457,0.00
165,57651,0.00
166,45599,0.00
167,55618,0.00
168,48924,0.00
169,47310,0.00
170,51609,0.00
171,48488,0.00
172,46612,0.00
173,45434,0.00
174,45422,0.00
175,49601,0.00
176,49690,0.00
177,55230,0.00
178,51336,0.00
179,52284,0.00
180,53938,0.00
181,51050,0.00
182,57215,0.00
183,49238,0.00
184,44028,0.00
185,44389,0.00
186,57154,0.00
187,48090,0.00
188,51793,0.00
189,53065,0.00
190,52030,0.00
191,50119,0.00
192,63084,0.00
193,50386,0.00
194,47489,0.00
195,44568,0.00
196,47321,0.00
197,42651,0.00
198,44400,0.00
199,48166,0.00
200,45311,0.00
201,45349,0.00
202,57547,0.00
203,44370,0.00
204,56718,0.00
205,43921,0.00
206,42949,0.00
207,51183,0.00
208,39820,0.00
209,42896,0.00
210,42228,0.00
211,40984,0.00
212,46742,0.00
213,46441,0.00
214,53289,0.00
215,51432,0.00
216,47803,0.00
217,46849,0.00
218,46162,0.00
219,48401,0.00
220,44111,0.00
221,45480,0.00
222,43121,0.00
223,41907,0.00
224,51519,0.00
225,47907,0.00
226,47739,0.00
227,45411,0.00
228,48820,0.00
229,50783,0.00
230,50696,0.00
231,59786,0.00
232,52596,0.00
233,47083,0.00
234,59210,0.00
235,52442,0.00
236,51966,0.00
237,58376,0.00
238,68983,0.00
239,54050,0.00
240,56760,0.00
241,58898,0.00
242,55108,0.00
243,56619,0.00
244,55009,0.00
245,66438,0.00
246,54968,0.00
247,54324,0.00
248,54129,0.00
249,74166,0.00
250,56093,0.00
251,68931,0.00
252,50683,0.00
253,58557,0.00
254,58041,0.00
255,60302,0.00
256,55478,0.00
257,62045,0.00
258,60134,0.00
259,51651,0.00
260,49179,0.00
261,47791,0.00
262,51695,0.00
263,54145,0.00
264,50301,0.00
265,55628,0.00
266,50425,0.00
267,53854,0.00
268,50317,0.00
269,51838,0.00
270,54391,0.00
271,51728,0.00
272,51483,0.00
273,48004,0.00
274,52845,0.00
275,45864,0.00
276,48231,0.00
277,45533,0.00
278,48198,0.00
279,55113,0.00
280,51547,0.00
281,48231,0.00
282,46456,0.00
283,61875,0.00
284,47269,0.00
285,45278,0.00
286,41907,0.00
287,44475,0.00
288,49027,0.00
289,52980,0.00
290,34951,0.00
291,36799,0.00
292,37321,0.00
293,45151,0.00
294,37219,0.00
295,35342,0.00
296,34892,0.00
297,36020,0.00
298,48525,0.00
299,38284,0.00
300,43677,0.00
301,42277,0.00
302,51202,0.00
303,54156,0.00
304,49503,0.00
305,57845,0.00
306,53454,0.00
307,54534,0.00
308,57157,0.00
309,53429,0.00
310,52194,0.00
311,53423,0.00
312,50971,0.00
313,47761,0.00
314,57683,0.00
315,56859,0.00
316,53132,0.00
317,52165,0.00
318,43975,0.00
319,44627,0.00
320,42393,0.00
321,58433,0.00
322,43316,0.00
323,45147,0.00
324,48826,0.00
325,46484,0.00
326,44952,0.00
327,44658,0.00
328,43289,0.00
329,42566,0.00
330,47673,0.00
331,44625,0.00
332,43692,0.00
333,50167,0.00
334,46328,0.00
335,48009,0.00
336,42705,0.00
337,42516,0.00
338,41772,0.00
339,42241,0.00
340,53039,0.00
341,39935,0.00
342,40832,0.00
343,38674,0.00
344,37473,0.00
345,40108,0.00
346,39323,0.00
347,36629,0.00
348,36283,0.00
349,35571,0.00
350,48781,0.00
351,35627,0.00
352,32495,0.00
353,36997,0.00
354,45638,0.00
355,35815,0.00
356,33051,0.00
357,41696,0.00
358,42505,0.00
359,48143,0.00
360,43727,0.00
361,46250,0.00
362,52277,0.00
363,59964,0.00
364,44530,0.00
365,40495,0.00
366,48388,0.00
367,42652,0.00
368,47092,0.00
369,45247,0.00
370,49722,0.00
371,44175,0.00
372,52469,0.00
373,59726,0.00
374,55714,0.00
375,51561,0.00
376,53106,0.00
377,42356,0.00
378,45832,0.00
379,46192,0.00
380,46526,0.00
381,51097,0.00
382,49769,0.00
383,56450,0.00
384,45532,0.00
385,45484,0.00
386,47503,0.00
387,53555,0.00
388,48836,0.00
389,47333,0.00
390,45445,0.00
391,42860,0.00
392,43408,0.00
393,49569,0.00
394,45447,0.00
395,53698,0.00
396,56227,0.00
397,54523,0.00
398,56106,0.00
399,62990,0.00
400,50718,0.00
401,56353,0.00
402,60081,0.00
403,48366,0.00
404,51088,0.00
405,46742,0.00
406,44033,0.00
407,46222,0.00
408,43562,0.00
409,42605,0.00
410,41174,0.00
411,37023,0.00
412,40050,0.00
413,42335,0.00
414,41889,0.00
415,42365,0.00
416,45595,0.00
417,44912,0.00
418,45102,0.00
419,55575,0.00
420,46709,0.00
421,44644,0.00
422,47790,0.00
423,46453,0.00
424,45881,0.00
425,45675,0.00
426,53103,0.00
427,50813,0.00
428,46666,0.00
429,63311,0.00
430,46891,0.00
431,74293,0.00
432,56478,0.00
433,47799,0.00
434,45669,0.00
435,45626,0.00
436,43007,0.00
437,46447,0.00
438,53940,0.00
439,43464,0.00
440,52437,0.00
441,47128,0.00
442,46553,0.00
443,43712,0.00
444,41365,0.00
445,44086,0.00
446,41278,0.00
447,38799,0.00
448,35565,0.00
449,46826,0.00
450,42886,0.00
451,60685,0.00
452,43060,0.00
453,41045,0.00
454,42105,0.00
455,43893,0.00
456,42272,0.00
457,45074,0.00
458,43951,0.00
459,41555,0.00
460,38129,0.00
461,40762,0.00
462,45524,0.00
463,46666,0.00
464,49763,0.00
465,49452,0.00
466,57593,0.00
467,66097,0.00
468,57164,0.00
469,56076,0.00
470,56964,0.00
471,54341,0.00
472,51227,0.00
473,52020,0.00
474,46128,0.00
475,49072,0.00
476,50495,0.00
477,51235,0.00
478,54695,0.00
479,56683,0.00
480,54101,0.00
481,54034,0.00
482,61898,0.00
483,58432,0.00
484,58527,0.00
485,56593,0.00
486,56050,0.00
487,61873,0.00
488,57371,0.00
489,49168,0.00
490,66048,0.00
491,56367,0.00
492,53292,0.00
493,52365,0.00
494,56718,0.00
495,58231,0.00
496,57678,0.00
497,60322,0.00
498,50046,0.00
499,39150,0.00
500,39398,0.00
501,55170,0.00
502,36215,0.00
503,36138,0.00
504,35249,0.00
505,47794,0.00
506,44320,0.00
507,46152,0.00
508,41882,0.00
509,42213,0.00
510,39781,0.00
511,40475,0.00
512,39200,0.00
513,38482,0.00
514,38131,0.00
515,38125,0.00
516,31661,0.00
517,35280,0.00
518,39015,0.00
519,32795,0.00
520,36163,0.00
521,40277,0.00
522,42995,0.00
523,39741,0.00
524,33356,0.00
525,32694,0.00
526,28431,0.00
527,39007,0.00
528,36667,0.00
529,35906,0.00
530,48692,0.00
531,37204,0.00
532,38568,0.00
533,63352,0.00
534,44062,0.00
535,49739,0.00
536,50407,0.00
537,61376,0.00
538,48661,0.00
539,44186,0.00
540,43998,0.00
541,38167,0.00
542,39063,0.00
543,40436,0.00
544,34394,0.00
545,32809,0.00
546,33029,0.00
547,33958,0.00
548,30783,0.00
549,31959,0.00
550,34327,0.00
551,31251,0.00
552,39804,0.00
553,30380,0.00
554,32491,0.00
555,35252,0.00
556,37064,0.00
557,42444,0.00
558,42972,0.00
559,48549,0.00
560,42868,0.00
561,49911,0.00
562,63030,0.00
563,48832,0.00
564,55253,0.00
565,57202,0.00
566,50866,0.00
567,53402,0.00
568,55818,0.00
569,50588,0.00
570,56831,0.00
571,53034,0.00
572,52700,0.00
573,53079,0.00
574,57039,0.00
575,47730,0.00
576,48352,0.00
577,46494,0.00
578,49309,0.00
579,48067,0.00
580,57680,0.00
581,46528,0.00
582,45842,0.00
583,48098,0.00
584,49247,0.00
585,43717,0.00
586,40969,0.00
587,40752,0.00
588,39978,0.00
589,37908,0.00
590,37475,0.00
591,39766,0.00
592,37004,0.00
593,32605,0.00
594,31613,0.00
595,32203,0.00
596,32460,0.00
597,37896,0.00
598,33253,0.00
599,32902,0.00
600,37564,0.00
601,33665,0.00
602,36588,0.00
603,51460,0.00
604,40442,0.00
605,39246,0.00
606,38557,0.00
607,36642,0.00
608,38571,0.00
609,36357,0.00
610,31022,0.00
611,49253,0.00
612,39052,0.00
613,38076,0.00
614,40966,0.00
615,38391,0.00
616,42814,0.00
617,38736,0.00
618,36551,0.00
619,57871,0.00
620,39833,0.00
621,41355,0.00
622,52917,0.00
623,42853,0.00
624,45163,0.00
625,50811,0.00
626,39876,0.00
627,37650,0.00
628,35089,0.00
629,54530,0.00
630,43851,0.00
631,40745,0.00
632,40581,0.00
633,37657,0.00
634,36996,0.00
635,47189,0.00
636,34573,0.00
637,37677,0.00
638,48212,0.00
639,40099,0.00
640,35501,0.00
641,33058,0.00
642,34724,0.00
643,43006,0.00
644,48287,0.00
645,50017,0.00
646,46237,0.00
647,43116,0.00
648,44538,0.00
649,41121,0.00
650,45264,0.00
651,39271,0.00
652,41407,0.00
653,35556,0.00
654,35776,0.00
655,36195,0.00
656,37011,0.00
657,40640,0.00
658,45588,0.00
659,52217,0.00
660,45063,0.00
661,44644,0.00
662,40375,0.00
663,38379,0.00
664,36803,0.00
665,39129,0.00
666,44960,0.00
667,47118,0.00
668,55013,0.00
669,48000,0.00
670,44145,0.00
671,47488,0.00
672,44291,0.00
673,43022,0.00
674,45747,0.00
675,46638,0.00
676,43924,0.00
677,54269,0.00
678,38953,0.00
679,40659,0.00
680,38148,0.00
681,40115,0.00
682,42080,0.00
683,42658,0.00
684,50810,0.00
685,48887,0.00
686,51193,0.00
687,48868,0.00
688,43204,0.00
689,43131,0.00
690,39170,0.00
691,37822,0.00
692,41476,0.00
693,39246,0.00
694,39987,0.00
695,42800,0.00
696,43463,0.00
697,48614,0.00
698,49585,0.00
699,48158,0.00
700,51665,0.00
701,51635,0.00
702,44779,0.00
703,49276,0.00
704,46510,0.00
705,45121,0.00
706,44192,0.00
707,51983,0.00
708,42011,0.00
709,45197,0.00
710,38217,0.00
711,41984,0.00
712,39355,0.00
713,46253,0.00
714,49163,0.00
715,44700,0.00
716,43947,0.00
717,41891,0.00
718,44065,0.00
719,42603,0.00
720,58572,0.00
721,44147,0.00
722,44549,0.00
723,65807,0.00
724,65205,0.00
725,52251,0.00
726,46768,0.00
727,50953,0.00
728,43846,0.00
729,42837,0.00
730,43726,0.00
731,41472,0.00
732,38767,0.00
733,37522,0.00
734,38119,0.00
735,37581,0.00
736,36515,0.00
737,41190,0.00
738,45885,0.00
739,36268,0.00
740,36026,0.00
741,37683,0.00
742,39923,0.00
743,48853,0.00
744,46149,0.00
745,44538,0.00
746,50558,0.00
747,69887,0.00
748,57914,0.00
749,45585,0.00
750,43734,0.00
751,42475,0.00
752,44738,0.00
753,39739,0.00
754,44116,0.00
755,42578,0.00
756,43830,0.00
757,52229,0.00
758,50041,0.00
759,48928,0.00
760,39179,0.00
761,46741,0.00
762,45385,0.00
763,42350,0.00
764,43058,0.00
765,48878,0.00
766,45688,0.00
767,49659,0.00
768,45408,0.00
769,45893,0.00
770,51579,0.00
771,42553,0.00
772,38943,0.00
773,39681,0.00
774,35603,0.00
775,44043,0.00
776,47107,0.00
777,47484,0.00
778,56894,0.00
779,52819,0.00
780,54942,0.00
781,53338,0.00
782,52762,0.00
783,53641,0.00
784,49430,0.00
785,56696,0.00
786,55901,0.00
787,55730,0.00
788,50987,0.00
789,58659,0.00
790,53104,0.00
791,50103,0.00
792,48430,0.00
793,52118,0.00
794,47303,0.00
795,44009,0.00
796,42986,0.00
797,44618,0.00
798,42392,0.00
799,44104,0.00
800,43191,0.00
801,50598,0.00
802,47430,0.00
803,48271,0.00
804,46357,0.00
805,51355,0.00
806,49102,0.00
807,57334,0.00
808,55556,0.00
809,55027,0.00
810,48905,0.00
811,51488,0.00
812,64280,0.00
813,47665,0.00
814,47884,0.00
815,52276,0.00
816,59052,0.00
817,58253,0.00
818,51818,0.00
819,53050,0.00
820,48957,0.00
821,65198,0.00
822,50448,0.00
823,51109,0.00
824,61607,0.00
825,48321,0.00
826,52508,0.00
827,49187,0.00
828,45496,0.00
829,47632,0.00
830,48827,0.00
831,44937,0.00
832,44115,0.00
833,45222,0.00
834,48244,0.00
835,48759,0.00
836,43040,0.00
837,39827,0.00
838,45096,0.00
839,39339,0.00
840,43676,0.00
841,38976,0.00
842,46263,0.00
843,44836,0.00
844,45106,0.00
845,51167,0.00
846,45229,0.00
847,43931,0.00
848,43933,0.00
849,40806,0.00
850,41244,0.00
851,37978,0.00
852,39181,0.00
853,38575,0.00
854,41895,0.00
855,42303,0.00
856,42086,0.00
857,52130,0.00
858,50214,0.00
859,65533,0.00
860,48162,0.00
861,50514,0.00
862,40331,0.00
863,56782,0.00
864,44441,0.00
865,45969,0.00
866,46454,0.00
867,54250,0.00
868,54569,0.00
869,51355,0.00
870,47907,0.00
871,41023,0.00
872,38288,0.00
873,37664,0.00
874,43661,0.00
875,44489,0.00
876,39116,0.00
877,36389,0.00
878,37529,0.00
879,41471,0.00
880,41950,0.00
881,41916,0.00
882,43410,0.00
883,44896,0.00
884,45524,0.00
885,39570,0.00
886,45903,0.00
887,44454,0.00
888,53764,0.00
889,46606,0.00
890,49152,0.00
891,45782,0.00
892,43464,0.00
893,39398,0.00
894,43279,0.00
895,39372,0.00
896,43248,0.00
897,35772,0.00
898,40797,0.00
899,40289,0.00
900,36211,0.00
901,40824,0.00
902,44181,0.00
903,44169,0.00
904,41743,0.00
905,44582,0.00
906,46273,0.00
907,49161,0.00
908,46669,0.00
909,44607,0.00
910,37357,0.00
911,33201,0.00
912,35215,0.00
913,37017,0.00
914,33262,0.00
915,34247,0.00
916,35673,0.00
917,43245,0.00
918,39769,0.00
919,44468,0.00
920,39321,0.00
921,41808,0.00
922,38771,0.00
923,40372,0.00
924,38491,0.00
925,40591,0.00
926,43562,0.00
927,44666,0.00
928,42587,0.00
929,45249,0.00
930,40682,0.00
931,39313,0.00
932,40456,0.00
933,42125,0.00
934,41147,0.00
935,41820,0.00
936,48157,0.00
937,44643,0.00
938,48903,0.00
939,60316,0.00
940,44104,0.00
941,43618,0.00
942,50750,0.00
943,44302,0.00
944,50081,0.00
945,47916,0.00
946,40689,0.00
947,41302,0.00
948,38881,0.00
949,35625,0.00
950,36110,0.00
951,32226,0.00
952,33919,0.00
953,38337,0.00
954,48319,0.00
955,37806,0.00
956,35596,0.00
957,37458,0.00
958,44134,0.00
959,46225,0.00
960,44772,0.00
961,40600,0.00
962,47384,0.00
963,44761,0.00
964,38722,0.00
965,40656,0.00
966,39782,0.00
967,40564,0.00
968,43397,0.00
969,36888,0.00
970,39575,0.00
971,45271,0.00
972,36554,0.00
973,36121,0.00
974,42979,0.00
975,40458,0.00
976,46341,0.00
977,46496,0.00
978,51329,0.00
979,41789,0.00
980,41418,0.00
981,41182,0.00
982,42895,0.00
983,56486,0.00
984,44384,0.00
985,51643,0.00
986,43671,0.00
987,49565,0.00
988,53353,0.00
989,44765,0.00
990,67890,0.00
991,64500,0.00
992,51454,0.00
993,50687,0.00
994,43629,0.00
995,40131,0.00
996,37488,0.00
997,43350,0.00
998,44546,0.00
999,44125,0.00
1000,77288,0.00
1001,46287,0.00
1002,47162,0.00
1003,45103,0.00
1004,40707,0.00
1005,42224,0.00
1006,54098,0.00
1007,46130,0.00
1008,45065,0.00
1009,46494,0.00
1010,61289,0.00
1011,45040,0.00
1012,41200,0.00
1013,47126,0.00
1014,38254,0.00
1015,36221,0.00
1016,34411,0.00
1017,36099,0.00
1018,34780,0.00
1019,34464,0.00
1020,35408,0.00
1021,39754,0.00
1022,46018,0.00
1023,48577,0.00
1024,43486,0.00
1025,63615,0.00
1026,54553,0.00
1027,47846,0.00
1028,57747,0.00
1029,43134,0.00
1030,45960,0.00
1031,47610,0.00
1032,49954,0.00
1033,53247,0.00
1034,59307,0.00
1035,57697,0.00
1036,57820,0.00
1037,53309,0.00
1038,52890,0.00
1039,54260,0.00
1040,49057,0.00
1041,46202,0.00
1042,53647,0.00
1043,53566,0.00
1044,53827,0.00
1045,54861,0.00
1046,50918,0.00
1047,55445,0.00
1048,52901,0.00
1049,45103,0.00
1050,50930,0.00
1051,46472,0.00
1052,42852,0.00
1053,37750,0.00
1054,40246,0.00
1055,36537,0.00
1056,39813,0.00
1057,43289,0.00
1058,48281,0.00
1059,50607,0.00
1060,47846,0.00
1061,47947,0.00
1062,52112,0.00
1063,50305,0.00
1064,60321,0.00
1065,45718,0.00
1066,46910,0.00
1067,48208,0.00
1068,48427,0.00
1069,48595,0.00
1070,41959,0.00
1071,33746,0.00
1072,39587,0.00
1073,36860,0.00
1074,63704,0.00
1075,40384,0.00
1076,41202,0.00
1077,37364,0.00
1078,52414,0.00
1079,49156,0.00
1080,38061,0.00
1081,37479,0.00
1082,37722,0.00
1083,37887,0.00
1084,38762,0.00
1085,43189,0.00
1086,41255,0.00
1087,36798,0.00
1088,44981,0.00
1089,39991,0.00
1090,64187,0.00
1091,44516,0.00
1092,43569,0.00
1093,47713,0.00
1094,44174,0.00
1095,40527,0.00
1096,32618,0.00
1097,35768,0.00
1098,34403,0.00
1099,37453,0.00
1100,37120,0.00
1101,35741,0.00
1102,39303,0.00
1103,39858,0.00
1104,35203,0.00
1105,38201,0.00
1106,46563,0.00
1107,41266,0.00
1108,40095,0.00
1109,41583,0.00
1110,35604,0.00
1111,35914,0.00
1112,34473,0.00
1113,35986,0.00
1114,30334,0.00
1115,33816,0.00
1116,34897,0.00
1117,38723,0.00
1118,43847,0.00
1119,46469,0.00
1120,44354,0.00
1121,40368,0.00
1122,41789,0.00
1123,42961,0.00
1124,46263,0.00
1125,46124,0.00
1126,54341,0.00
1127,50191,0.00
1128,43598,0.00
1129,42674,0.00
1130,48738,0.00
1131,39868,0.00
1132,42647,0.00
1133,41296,0.00
1134,39587,0.00
1135,36925,0.00
1136,40872,0.00
1137,39734,0.00
1138,41286,0.00
1139,41164,0.00
1140,47454,0.00
1141,41324,0.00
1142,38243,0.00
1143,44190,0.00
1144,38772,0.00
1145,36894,0.00
1146,43469,0.00
1147,34043,0.00
1148,33615,0.00
1149,39823,0.00
1150,39957,0.00
1151,41348,0.00
1152,51525,0.00
1153,45211,0.00
1154,43103,0.00
1155,40423,0.00
1156,39443,0.00
1157,53649,0.00
1158,37537,0.00
1159,34989,0.00
1160,33642,0.00
1161,35823,0.00
1162,37029,0.00
1163,36408,0.00
1164,37906,0.00
1165,41989,0.00
1166,33811,0.00
1167,40719,0.00
1168,47135,0.00
1169,45437,0.00
1170,43109,0.00
1171,46370,0.00
1172,38240,0.00
1173,41823,0.00
1174,41513,0.00
1175,44403,0.00
1176,41941,0.00
1177,47662,0.00
1178,45124,0.00
1179,45581,0.00
1180,45230,0.00
1181,42858,0.00
1182,57424,0.00
1183,49786,0.00
1184,52761,0.00
1185,56250,0.00
1186,51348,0.00
1187,55153,0.00
1188,46224,0.00
1189,50878,0.00
1190,55683,0.00
1191,50122,0.00
1192,54639,0.00
1193,51250,0.00
1194,49328,0.00
1195,59887,0.00
1196,53277,0.00
1197,66755,0.00
1198,47729,0.00
1199,44849,0.00
1200,45702,0.00
1201,49011,0.00
1202,51192,0.00
1203,57229,0.00
1204,52693,0.00
1205,54382,0.00
1206,55031,0.00
1207,56945,0.00
1208,60371,0.00
1209,56846,0.00
1210,52677,0.00
1211,54830,0.00
1212,53332,0.00
1213,45535,0.00
1214,42895,0.00
1215,42953,0.00
1216,46373,0.00
1217,52462,0.00
1218,45799,0.00
1219,46391,0.00
1220,49010,0.00
1221,52932,0.00
1222,53685,0.00
1223,45800,0.00
1224,46385,0.00
1225,49869,0.00
1226,43783,0.00
1227,37981,0.00
1228,39678,0.00
1229,37293,0.00
1230,41866,0.00
1231,50361,0.00
1232,51639,0.00
1233,44935,0.00
1234,40455,0.00
1235,62605,0.00
1236,50100,0.00
1237,49545,0.00
1238,54089,0.00
1239,50729,0.00
1240,54053,0.00
1241,46617,0.00
1242,48856,0.00
1243,50619,0.00
1244,55409,0.00
1245,53250,0.00
1246,50353,0.00
1247,44689,0.00
1248,51570,0.00
1249,77889,0.00
1250,69170,0.00
1251,58125,0.00
1252,57866,0.00
1253,57956,0.00
1254,60606,0.00
1255,62960,0.00
1256,56353,0.00
1257,57951,0.00
1258,58386,0.00
1259,60564,0.00
1260,57075,0.00
1261,59695,0.00
1262,129375,0.00
1263,74106,0.00
1264,60867,0.00
1265,55815,0.00
1266,53620,0.00
1267,62207,0.00
1268,56307,0.00
1269,54131,0.00
1270,58370,0.00
1271,54528,0.00
1272,54327,0.00
1273,51538,0.00
1274,50275,0.00
1275,60423,0.00
1276,50478,0.00
1277,50479,0.00
1278,49254,0.00
1279,45862,0.00
1280,40458,0.00
1281,42956,0.00
1282,42819,0.00
1283,57016,0.00
1284,68827,0.00
1285,55928,0.00
1286,56906,0.00
1287,57173,0.00
1288,58319,0.00
1289,60180,0.00
1290,54259,0.00
1291,52393,0.00
1292,51316,0.00
1293,49353,0.00
1294,50476,0.00
1295,48946,0.00
1296,63455,0.00
1297,49372,0.00
1298,46826,0.00
1299,51254,0.00
1300,47099,0.00
1301,44581,0.00
1302,47018,0.00
1303,45868,0.00
1304,47521,0.00
1305,42888,0.00
1306,44532,0.00
1307,46114,0.00
1308,83032,0.00
1309,52874,0.00
1310,49803,0.00
1311,47430,0.00
1312,45629,0.00
1313,44796,0.00
1314,48420,0.00
1315,44495,0.00
1316,49737,0.00
1317,45697,0.00
1318,55628,0.00
1319,48805,0.00
1320,52547,0.00
1321,49725,0.00
1322,45160,0.00
1323,48199,0.00
1324,44528,0.00
1325,43136,0.00
1326,45988,0.00
1327,50849,0.00
1328,49382,0.00
1329,46696,0.00
1330,43389,0.00
1331,57019,0.00
1332,57586,0.00
1333,46192,0.00
1334,44685,0.00
1335,47862,0.00
1336,48232,0.00
1337,48059,0.00
1338,46685,0.00
1339,58623,0.00
1340,46298,0.00
1341,55047,0.00
1342,44922,0.00
1343,45520,0.00
1344,48799,0.00
1345,41409,0.00
1346,40896,0.00
1347,45526,0.00
1348,49044,0.00
1349,43971,0.00
1350,40128,0.00
1351,44679,0.00
1352,44629,0.00
1353,45770,0.00
1354,48726,0.00
1355,45229,0.00
1356,46301,0.00
1357,41594,0.00
1358,45141,0.00
1359,50689,0.00
1360,47349,0.00
1361,64483,0.00
1362,48251,0.00
1363,49597,0.00
1364,47319,0.00
1365,42505,0.00
1366,43872,0.00
1367,40156,0.00
1368,43909,0.00
1369,45130,0.00
1370,45704,0.00
1371,54160,0.00
1372,46398,0.00
1373,42943,0.00
1374,44088,0.00
1375,48846,0.00
1376,49061,0.00
1377,46084,0.00
1378,50715,0.00
1379,47297,0.00
1380,42639,0.00
1381,47049,0.00
1382,52284,0.00
1383,62326,0.00
1384,55511,0.00
1385,50555,0.00
1386,45998,0.00
1387,45311,0.00
1388,47518,0.00
1389,60528,0.00
1390,52144,0.00
1391,42973,0.00
1392,49166,0.00
1393,53360,0.00
1394,47361,0.00
1395,46170,0.00
1396,49509,0.00
1397,47860,0.00
1398,44222,0.00
1399,44496,0.00
1400,43678,0.00
1401,43321,0.00
1402,51777,0.00
1403,57989,0.00
1404,57754,0.00
1405,53343,0.00
1406,65476,0.00
1407,58810,0.00
1408,60751,0.00
1409,59660,0.00
1410,58868,0.00
1411,51836,0.00
1412,55333,0.00
1413,54273,0.00
1414,64295,0.00
1415,62731,0.00
1416,49675,0.00
1417,51115,0.00
1418,49149,0.00
1419,53499,0.00
1420,65791,0.00
1421,52546,0.00
1422,51401,0.00
1423,53523,0.00
1424,57529,0.00
1425,52988,0.00
1426,51819,0.00
1427,51847,0.00
1428,53147,0.00
1429,59649,0.00
1430,59693,0.00
1431,58594,0.00
1432,59901,0.00
1433,59139,0.00
1434,58049,0.00
1435,57207,0.00
1436,53636,0.00
1437,54227,0.00
1438,55061,0.00
1439,55890,0.00
1440,61034,0.00
1441,55862,0.00
1442,58884,0.00
1443,44269,0.00
1444,43314,0.00
1445,43829,0.00
1446,43902,0.00
1447,44669,0.00
1448,37180,0.00
1449,33158,0.00
1450,35983,0.00
1451,72505,0.00
1452,62148,0.00
1453,39464,0.00
1454,41148,0.00
1455,37632,0.00
1456,41710,0.00
1457,38993,0.00
1458,43644,0.00
1459,38341,0.00
1460,37619,0.00
1461,34731,0.00
1462,35769,0.00
1463,51481,0.00
1464,56566,0.00
1465,52255,0.00
1466,42255,0.00
1467,43288,0.00
1468,41309,0.00
1469,39330,0.00
1470,39316,0.00
1471,35857,0.00
1472,35901,0.00
1473,41256,0.00
1474,41795,0.00
1475,47733,0.00
1476,42445,0.00
1477,56597,0.00
1478,48622,0.00
1479,48178,0.00
1480,49126,0.00
1481,65539,0.00
1482,53170,0.00
1483,54231,0.00
1484,54930,0.00
1485,53474,0.00
1486,57144,0.00
1487,50995,0.00
1488,47633,0.00
1489,49133,0.00
1490,48265,0.00
1491,53050,0.00
1492,49561,0.00
1493,48971,0.00
1494,66309,0.00
1495,52466,0.00
1496,97126,0.00
1497,52907,0.00
1498,55519,0.00
1499,57649,0.00
1500,54380,0.00
1501,53073,0.00
1502,56895,0.00
1503,64300,0.00
1504,55643,0.00
1505,52985,0.00
1506,57483,0.00
1507,57767,0.00
1508,59838,0.00
1509,54881,0.00
1510,71632,0.00
1511,58365,0.00
1512,56420,0.00
1513,62479,0.00
1514,54791,0.00
1515,52829,0.00
1516,50539,0.00
1517,60248,0.00
1518,55233,0.00
1519,50702,0.00
1520,50042,0.00
1521,61704,0.00
1522,49004,0.00
1523,47665,0.00
1524,43701,0.00
1525,47298,0.00
1526,40252,0.00
1527,41879,0.00
1528,38437,0.00
1529,35669,0.00
1530,37431,0.00
1531,42574,0.00
1532,52504,0.00
1533,67057,0.00
1534,49250,0.00
1535,50621,0.00
1536,50180,0.00
1537,49341,0.00
1538,42140,0.00
1539,45584,0.00
1540,49912,0.00
1541,45209,0.00
1542,61412,0.00
1543,52607,0.00
1544,68594,0.00
1545,54033,0.00
1546,55058,0.00
1547,57570,0.00
1548,44988,0.00
1549,48845,0.00
1550,52450,0.00
1551,49389,0.00
1552,60343,0.00
1553,48275,0.00
1554,49356,0.00
1555,48987,0.00
1556,53022,0.00
1557,54825,0.00
1558,55677,0.00
1559,57255,0.00
1560,52753,0.00
1561,52076,0.00
1562,52620,0.00
1563,68232,0.00
1564,50408,0.00
1565,47345,0.00
1566,53917,0.00
1567,50997,0.00
1568,64610,0.00
1569,50114,0.00
1570,51770,0.00
1571,55897,0.00
1572,54727,0.00
1573,57360,0.00
1574,58193,0.00
1575,61736,0.00
1576,50267,0.00
1577,55615,0.00
1578,56656,0.00
1579,54942,0.00
1580,67221,0.00
1581,53249,0.00
1582,57462,0.00
1583,56017,0.00
1584,63180,0.00
1585,55288,0.00
1586,54091,0.00
1587,53129,0.00
1588,47812,0.00
1589,54100,0.00
1590,48040,0.00
1591,49712,0.00
1592,62722,0.00
1593,90157,0.00
1594,61410,0.00
1595,52459,0.00
1596,49850,0.00
1597,51571,0.00
1598,52992,0.00
1599,49508,0.00
1600,48473,0.00
1601,51358,0.00
1602,51318,0.00
1603,49585,0.00
1604,50901,0.00
1605,66969,0.00
1606,40880,0.00
1607,44316,0.00
1608,62984,0.00
1609,49289,0.00
1610,65439,0.00
1611,55801,0.00
1612,54479,0.00
1613,46974,0.00
1614,54327,0.00
1615,52253,0.00
1616,49186,0.00
1617,49774,0.00
1618,61270,0.00
1619,54897,0.00
1620,47954,0.00
1621,61855,0.00
1622,53003,0.00
1623,59907,0.00
1624,54378,0.00
1625,53059,0.00
1626,49324,0.00
1627,63231,0.00
1628,50084,0.00
1629,49975,0.00
1630,42388,0.00
1631,40417,0.00
1632,41785,0.00
1633,60453,0.00
1634,46088,0.00
1635,54316,0.00
1636,45985,0.00
1637,45080,0.00
1638,52129,0.00
1639,48337,0.00
1640,49913,0.00
1641,50654,0.00
1642,53476,0.00
1643,60746,0.00
1644,58286,0.00
1645,54795,0.00
1646,57310,0.00
1647,57455,0.00
1648,56191,0.00
1649,53076,0.00
1650,66389,0.00
1651,46790,0.00
1652,57766,0.00
1653,51019,0.00
1654,51159,0.00
1655,50790,0.00
1656,47681,0.00
1657,51161,0.00
1658,66807,0.00
1659,46128,0.00
1660,50049,0.00
1661,46171,0.00
1662,47201,0.00
1663,49589,0.00
1664,50741,0.00
1665,61062,0.00
1666,51103,0.00
1667,49277,0.00
1668,49336,0.00
1669,54072,0.00
1670,54824,0.00
1671,51514,0.00
1672,61866,0.00
1673,51117,0.00
1674,42159,0.00
1675,49583,0.00
1676,39526,0.00
1677,57510,0.00
1678,44101,0.00
1679,37723,0.00
1680,39368,0.00
1681,45771,0.00
1682,47720,0.00
1683,56481,0.00
1684,55094,0.00
1685,53850,0.00
1686,51024,0.00
1687,44640,0.00
1688,42378,0.00
1689,43769,0.00
1690,44415,0.00
1691,45396,0.00
1692,39517,0.00
1693,36405,0.00
1694,41534,0.00
1695,39078,0.00
1696,43727,0.00
1697,52336,0.00
1698,48362,0.00
1699,45895,0.00
1700,49269,0.00
1701,46469,0.00
1702,49782,0.00
1703,46301,0.00
1704,42309,0.00
1705,47590,0.00
1706,42162,0.00
1707,46617,0.00
1708,48273,0.00
1709,55133,0.00
1710,54330,0.00
1711,51463,0.00
1712,51842,0.00
1713,54124,0.00
1714,54182,0.00
1715,49646,0.00
1716,49810,0.00
1717,49217,0.00
1718,55238,0.00
1719,51747,0.00
1720,68645,0.00
1721,53384,0.00
1722,47465,0.00
1723,46376,0.00
1724,41347,0.00
1725,41275,0.00
1726,39440,0.00
1727,41568,0.00
1728,42813,0.00
1729,42010,0.00
1730,46387,0.00
1731,56553,0.00
1732,52167,0.00
1733,53885,0.00
1734,54335,0.00
1735,58960,0.00
1736,52470,0.00
1737,57337,0.00
1738,55939,0.00
1739,56695,0.00
1740,58068,0.00
1741,54368,0.00
1742,58586,0.00
1743,53617,0.00
1744,57450,0.00
1745,54138,0.00
1746,59583,0.00
1747,65027,0.00
1748,59680,0.00
1749,87860,0.00
1750,56902,0.00
1751,60391,0.00
1752,57329,0.00
1753,64030,0.00
1754,55967,0.00
1755,54598,0.00
1756,58434,0.00
1757,55709,0.00
1758,61231,0.00
1759,52544,0.00
1760,54577,0.00
1761,63742,0.00
1762,50543,0.00
1763,53102,0.00
1764,64983,0.00
1765,69555,0.00
1766,48094,0.00
1767,59768,0.00
1768,51939,0.00
1769,48530,0.00
1770,44971,0.00
1771,37069,0.00
1772,34635,0.00
1773,34845,0.00
1774,31535,0.00
1775,30262,0.00
1776,32786,0.00
1777,44622,0.00
1778,36814,0.00
1779,49148,0.00
1780,45970,0.00
1781,45701,0.00
1782,48137,0.00
1783,46420,0.00
1784,49897,0.00
1785,50561,0.00
1786,53779,0.00
1787,58786,0.00
1788,45618,0.00
1789,44545,0.00
1790,45615,0.00
1791,46245,0.00
1792,50202,0.00
1793,57544,0.00
1794,55221,0.00
1795,49605,0.00
1796,52628,0.00
1797,47851,0.00
1798,46271,0.00
1799,49117,0.00
1800,43194,0.00
1801,38572,0.00
1802,39493,0.00
1803,44544,0.00
1804,47710,0.00
1805,47909,0.00
1806,46572,0.00
1807,47049,0.00
1808,46859,0.00
1809,52780,0.00
1810,50468,0.00
1811,50698,0.00
1812,53608,0.00
1813,54646,0.00
1814,54001,0.00
1815,53701,0.00
1816,48044,0.00
1817,49765,0.00
1818,55134,0.00
1819,43356,0.00
1820,43613,0.00
1821,48760,0.00
1822,50660,0.00
1823,130121,0.00
1824,51723,0.00
1825,55556,0.00
1826,57595,0.00
1827,55694,0.00
1828,49044,0.00
1829,54931,0.00
1830,53203,0.00
1831,53809,0.00
1832,55368,0.00
1833,55395,0.00
1834,49494,0.00
1835,51675,0.00
1836,47772,0.00
1837,48185,0.00
1838,48173,0.00
1839,55365,0.00
1840,40625,0.00
1841,39788,0.00
1842,40910,0.00
1843,46084,0.00
1844,55375,0.00
1845,50974,0.00
1846,53450,0.00
1847,49476,0.00
1848,47534,0.00
1849,46394,0.00
1850,46442,0.00
1851,47811,0.00
1852,48072,0.00
1853,44060,0.00
1854,42716,0.00
1855,48050,0.00
1856,40221,0.00
1857,45172,0.00
1858,44886,0.00
1859,41160,0.00
1860,48663,0.00
1861,41460,0.00
1862,39935,0.00
1863,39601,0.00
1864,38568,0.00
1865,37145,0.00
1866,39544,0.00
1867,43007,0.00
1868,40496,0.00
1869,44839,0.00
1870,62066,0.00
1871,48609,0.00
1872,48310,0.00
1873,46921,0.00
1874,44504,0.00
1875,49286,0.00
1876,48727,0.00
1877,47456,0.00
1878,49482,0.00
1879,46437,0.00
1880,45539,0.00
1881,44791,0.00
1882,47515,0.00
1883,50065,0.00
1884,48344,0.00
1885,53730,0.00
1886,42446,0.00
1887,44564,0.00
1888,42510,0.00
1889,41565,0.00
1890,39977,0.00
1891,40338,0.00
1892,42583,0.00
1893,45869,0.00
1894,47306,0.00
1895,45506,0.00
1896,47941,0.00
1897,41107,0.00
1898,42924,0.00
1899,40370,0.00
1900,46613,0.00
1901,48309,0.00
1902,42822,0.00
1903,43801,0.00
1904,42388,0.00
1905,43551,0.00
1906,43629,0.00
1907,43321,0.00
1908,43897,0.00
1909,40229,0.00
1910,39882,0.00
1911,43059,0.00
1912,43012,0.00
1913,42142,0.00
1914,40206,0.00
1915,46304,0.00
1916,56283,0.00
1917,57880,0.00
1918,56379,0.00
1919,55669,0.00
1920,54273,0.00
1921,53153,0.00
1922,55982,0.00
1923,59677,0.00
1924,63651,0.00
1925,50915,0.00
1926,53688,0.00
1927,55800,0.00
1928,50270,0.00
1929,50082,0.00
1930,47134,0.00
1931,51912,0.00
1932,51574,0.00
1933,52437,0.00
1934,64181,0.00
1935,60418,0.00
1936,128914,0.00
1937,56431,0.00
1938,51147,0.00
1939,71887,0.00
1940,54232,0.00
1941,53412,0.00
1942,67564,0.00
1943,50226,0.00
1944,57392,0.00
1945,48342,0.00
1946,55025,0.00
1947,48905,0.00
1948,47475,0.00
1949,42003,0.00
1950,47058,0.00
1951,42915,0.00
1952,50317,0.00
1953,249036,0.00
1954,43804,0.00
1955,54844,0.00
1956,51376,0.00
1957,48283,0.00
1958,47830,0.00
1959,47641,0.00
1960,48785,0.00
1961,55165,0.00
1962,49702,0.00
1963,54741,0.00
1964,66267,0.00
1965,68444,0.00
1966,52972,0.00
1967,52620,0.00
1968,52089,0.00
1969,54487,0.00
1970,55151,0.00
1971,50546,0.00
1972,52062,0.00
1973,52523,0.00
1974,48778,0.00
1975,50405,0.00
1976,42246,0.00
1977,44217,0.00
1978,42361,0.00
1979,39723,0.00
1980,40571,0.00
1981,42535,0.00
1982,48204,0.00
1983,46718,0.00
1984,44275,0.00
1985,41998,0.00
1986,41624,0.00
1987,41687,0.00
1988,43095,0.00
1989,42180,0.00
1990,52221,0.00
1991,52247,0.00
1992,42804,0.00
1993,46203,0.00
1994,46515,0.00
1995,46013,0.00
1996,43846,0.00
1997,34656,0.00
1998,36225,0.00
1999,37138,0.00
2000,63189,0.00
2001,39953,0.00
2002,38937,0.00
2003,37031,0.00
2004,39535,0.00
2005,41183,0.00
2006,39620,0.00
2007,40466,0.00
2008,40862,0.00
2009,41708,0.00
2010,39322,0.00
2011,44841,0.00
2012,41392,0.00
2013,45381,0.00
2014,41651,0.00
2015,39493,0.00
2016,35317,0.00
2017,42006,0.00
2018,38050,0.00
2019,36789,0.00
2020,38114,0.00
2021,49594,0.00
2022,44237,0.00
2023,38015,0.00
2024,41547,0.00
2025,38875,0.00
2026,33793,0.00
2027,41769,0.00
2028,36018,0.00
2029,31694,0.00
2030,49212,0.00
2031,35779,0.00
2032,38417,0.00
2033,37465,0.00
2034,37084,0.00
2035,34901,0.00
2036,50041,0.00
2037,37674,0.00
2038,39146,0.00
2039,45729,0.00
2040,42387,0.00
2041,44283,0.00
2042,61070,0.00
2043,44590,0.00
2044,42750,0.00
2045,54028,0.00
2046,50546,0.00
2047,40442,0.00
2048,40447,0.00
2049,40691,0.00
2050,39966,0.00
2051,46418,0.00
2052,42179,0.00
2053,37458,0.00
2054,39335,0.00
2055,39480,0.00
2056,40964,0.00
2057,45505,0.00
2058,48700,0.00
2059,47352,0.00
2060,52006,0.00
2061,45935,0.00
2062,44415,0.00
2063,43990,0.00
2064,57960,0.00
2065,46178,0.00
2066,41610,0.00
2067,35371,0.00
2068,36556,0.00
2069,30973,0.00
2070,29747,0.00
2071,44136,0.00
2072,35625,0.00
2073,43087,0.00
2074,38342,0.00
2075,43155,0.00
2076,44646,0.00
2077,50976,0.00
2078,56461,0.00
2079,50645,0.00
2080,65093,0.00
2081,51654,0.00
2082,67425,0.00
2083,59708,0.00
2084,56401,0.00
2085,54458,0.00
2086,52805,0.00
2087,46428,0.00
2088,46133,0.00
2089,48689,0.00
2090,42813,0.00
2091,40856,0.00
2092,40057,0.00
2093,41204,0.00
2094,45946,0.00
2095,52432,0.00
2096,47687,0.00
2097,51379,0.00
2098,48597,0.00
2099,48928,0.00
2100,48739,0.00
2101,49132,0.00
2102,49412,0.00
2103,50213,0.00
2104,52471,0.00
2105,63440,0.00
2106,53636,0.00
2107,56328,0.00
2108,51589,0.00
2109,51977,0.00
2110,51221,0.00
2111,46663,0.00
2112,63309,0.00
2113,56365,0.00
2114,44760,0.00
2115,49092,0.00
2116,49352,0.00
2117,46553,0.00
2118,43636,0.00
2119,53848,0.00
2120,48248,0.00
2121,49144,0.00
2122,46178,0.00
2123,47992,0.00
2124,46715,0.00
2125,47399,0.00
2126,45629,0.00
2127,49281,0.00
2128,48277,0.00
2129,41103,0.00
2130,38793,0.00
2131,59968,0.00
2132,56414,0.00
2133,48393,0.00
2134,46574,0.00
2135,42673,0.00
2136,44333,0.00
2137,47865,0.00
2138,52720,0.00
2139,50968,0.00
2140,49108,0.00
2141,46784,0.00
2142,46637,0.00
2143,41908,0.00
2144,43507,0.00
2145,43792,0.00
2146,46453,0.00
2147,45732,0.00
2148,48284,0.00
2149,48532,0.00
2150,47250,0.00
2151,43605,0.00
2152,51502,0.00
2153,46541,0.00
2154,52212,0.00
2155,49992,0.00
2156,53114,0.00
2157,52126,0.00
2158,44799,0.00
2159,51028,0.00
2160,49780,0.00
2161,45674,0.00
2162,45099,0.00
2163,46680,0.00
2164,46693,0.00
2165,50139,0.00
2166,51194,0.00
2167,51355,0.00
2168,49061,0.00
2169,50892,0.00
2170,47903,0.00
2171,47444,0.00
2172,43446,0.00
2173,47252,0.00
2174,44827,0.00
2175,44807,0.00
2176,43989,0.00
2177,45272,0.00
2178,45240,0.00
2179,44658,0.00
2180,44664,0.00
2181,46465,0.00
2182,45704,0.00
2183,40840,0.00
2184,45378,0.00
2185,50788,0.00
2186,49883,0.00
2187,48485,0.00
2188,50060,0.00
2189,51884,0.00
2190,52493,0.00
2191,49375,0.00
2192,52509,0.00
2193,49061,0.00
2194,49363,0.00
2195,48632,0.00
2196,43366,0.00
2197,46243,0.00
2198,43595,0.00
2199,43464,0.00
2200,41580,0.00
2201,41657,0.00
2202,58352,0.00
2203,45478,0.00
2204,42884,0.00
2205,49904,0.00
2206,60420,0.00
2207,52046,0.00
2208,50588,0.00
2209,56096,0.00
2210,43244,0.00
2211,41619,0.00
2212,45519,0.00
2213,43830,0.00
2214,39353,0.00
2215,36518,0.00
2216,42605,0.00
2217,42370,0.00
2218,44936,0.00
2219,48531,0.00
2220,45199,0.00
2221,52087,0.00
2222,43158,0.00
2223,39394,0.00
2224,39685,0.00
2225,38252,0.00
2226,39589,0.00
2227,38043,0.00
2228,34122,0.00
2229,34744,0.00
2230,39688,0.00
2231,39407,0.00
2232,42762,0.00
2233,40902,0.00
2234,39852,0.00
2235,34899,0.00
2236,50426,0.00
2237,53100,0.00
2238,45689,0.00
2239,42200,0.00
2240,69381,0.00
2241,57352,0.00
2242,56835,0.00
2243,53984,0.00
2244,56583,0.00
2245,54407,0.00
2246,54181,0.00
2247,72115,0.00
2248,55967,0.00
2249,53981,0.00
2250,76763,0.00
2251,51591,0.00
2252,61856,0.00
2253,54218,0.00
2254,56631,0.00
2255,47633,0.00
2256,60891,0.00
2257,66925,0.00
2258,50054,0.00
2259,62193,0.00
2260,55255,0.00
2261,44841,0.00
2262,43792,0.00
2263,42966,0.00
2264,49437,0.00
2265,55256,0.00
2266,52944,0.00
2267,47058,0.00
2268,52559,0.00
2269,43932,0.00
2270,47860,0.00
2271,50261,0.00
2272,46948,0.00
2273,42739,0.00
2274,46196,0.00
2275,41624,0.00
2276,38586,0.00
2277,38630,0.00
2278,36515,0.00
2279,35550,0.00
2280,34792,0.00
2281,33610,0.00
2282,32663,0.00
2283,41452,0.00
2284,31951,0.00
2285,33224,0.00
2286,35357,0.00
2287,37313,0.00
2288,40763,0.00
2289,38459,0.00
2290,39392,0.00
2291,38275,0.00
2292,38423,0.00
2293,37826,0.00
2294,35966,0.00
2295,33926,0.00
2296,31008,0.00
2297,30716,0.00
2298,29790,0.00
2299,40826,0.00
2300,42865,0.00
2301,46060,0.00
2302,50410,0.00
2303,43235,0.00
2304,45592,0.00
2305,44905,0.00
2306,44135,0.00
2307,46471,0.00
2308,57612,0.00
2309,49268,0.00
2310,47856,0.00
2311,48423,0.00
2312,49360,0.00
2313,47186,0.00
2314,42081,0.00
2315,44818,0.00
2316,44913,0.00
2317,43377,0.00
2318,44824,0.00
2319,44594,0.00
2320,57775,0.00
2321,42751,0.00
2322,41265,0.00
2323,41423,0.00
2324,42801,0.00
2325,40838,0.00
2326,33814,0.00
2327,40536,0.00
2328,47716,0.00
2329,46398,0.00
2330,46654,0.00
2331,47538,0.00
2332,51804,0.00
2333,53789,0.00
2334,51299,0.00
2335,46353,0.00
2336,45226,0.00
2337,58064,0.00
2338,50915,0.00
2339,48820,0.00
2340,46675,0.00
2341,46084,0.00
2342,50165,0.00
2343,50333,0.00
2344,51948,0.00
2345,53462,0.00
2346,45235,0.00
2347,48754,0.00
2348,55806,0.00
2349,46256,0.00
2350,47007,0.00
2351,46070,0.00
2352,46543,0.00
2353,43671,0.00
2354,47685,0.00
2355,39780,0.00
2356,40946,0.00
2357,47093,0.00
2358,43535,0.00
2359,42516,0.00
2360,36294,0.00
2361,35259,0.00
2362,36819,0.00
2363,37275,0.00
2364,34242,0.00
2365,37978,0.00
2366,41882,0.00
2367,37268,0.00
2368,42145,0.00
2369,36186,0.00
2370,33796,0.00
2371,32583,0.00
2372,35894,0.00
2373,35546,0.00
2374,38482,0.00
2375,37207,0.00
2376,33515,0.00
2377,38406,0.00
2378,36076,0.00
2379,38060,0.00
2380,35575,0.00
2381,40385,0.00
2382,40154,0.00
2383,45442,0.00
2384,43740,0.00
2385,43170,0.00
2386,43145,0.00
2387,41144,0.00
2388,42614,0.00
2389,36707,0.00
2390,32995,0.00
2391,30393,0.00
2392,43634,0.00
2393,32710,0.00
2394,32155,0.00
2395,41835,0.00
2396,31295,0.00
2397,31072,0.00
2398,31714,0.00
2399,29695,0.00
2400,29060,0.00
2401,27831,0.00
2402,28539,0.00
2403,28924,0.00
2404,29501,0.00
2405,28095,0.00
2406,29151,0.00
2407,28875,0.00
2408,30684,0.00
2409,36834,0.00
2410,34520,0.00
2411,32097,0.00
2412,39131,0.00
2413,42461,0.00
2414,40869,0.00
2415,41265,0.00
2416,38477,0.00
2417,47789,0.00
2418,44825,0.00
2419,41218,0.00
2420,42773,0.00
2421,41922,0.00
2422,64306,0.00
2423,49598,0.00
2424,49163,0.00
2425,52484,0.00
2426,57476,0.00
2427,55506,0.00
2428,58200,0.00
2429,56306,0.00
2430,56693,0.00
2431,54088,0.00
2432,49315,0.00
2433,49361,0.00
2434,49301,0.00
2435,52338,0.00
2436,44926,0.00
2437,43304,0.00
2438,49520,0.00
2439,47460,0.00
2440,48132,0.00
2441,47759,0.00
2442,63029,0.00
2443,48925,0.00
2444,47701,0.00
2445,54561,0.00
2446,50826,0.00
2447,48156,0.00
2448,51324,0.00
2449,53634,0.00
2450,54618,0.00
2451,52069,0.00
2452,57739,0.00
2453,43741,0.00
2454,41252,0.00
2455,38015,0.00
2456,39238,0.00
2457,40468,0.00
2458,39869,0.00
2459,39695,0.00
2460,40560,0.00
2461,39322,0.00
2462,38336,0.00
2463,42713,0.00
2464,41252,0.00
2465,45414,0.00
2466,45341,0.00
2467,49321,0.00
2468,45605,0.00
2469,48295,0.00
2470,43365,0.00
2471,44359,0.00
2472,42860,0.00
2473,46979,0.00
2474,41165,0.00
2475,40729,0.00
2476,39172,0.00
2477,40561,0.00
2478,43228,0.00
2479,51280,0.00
2480,43126,0.00
2481,47451,0.00
2482,43982,0.00
2483,43681,0.00
2484,40549,0.00
2485,52251,0.00
2486,49903,0.00
2487,36668,0.00
2488,39006,0.00
2489,36051,0.00
2490,38999,0.00
2491,54735,0.00
2492,39268,0.00
2493,40645,0.00
2494,44161,0.00
2495,42479,0.00
2496,45248,0.00
2497,48509,0.00
2498,38205,0.00
2499,47384,0.00
2500,50402,0.00
2501,51502,0.00
2502,58758,0.00
2503,49014,0.00
2504,52969,0.00
2505,52146,0.00
2506,50023,0.00
2507,55317,0.00
2508,59461,0.00
2509,45592,0.00
2510,44517,0.00
2511,47178,0.00
2512,49414,0.00
2513,55813,0.00
2514,60142,0.00
2515,47439,0.00
2516,44901,0.00
2517,48563,0.00
2518,45329,0.00
2519,49847,0.00
2520,48660,0.00
2521,51272,0.00
2522,48601,0.00
2523,59794,0.00
2524,47037,0.00
2525,45842,0.00
2526,46141,0.00
2527,46343,0.00
2528,43317,0.00
2529,48909,0.00
2530,40997,0.00
2531,38542,0.00
2532,41141,0.00
2533,44021,0.00
2534,40496,0.00
2535,43422,0.00
2536,41992,0.00
2537,45236,0.00
2538,44200,0.00
2539,47328,0.00
2540,41570,0.00
2541,40527,0.00
2542,41886,0.00
2543,42403,0.00
2544,45321,0.00
2545,41200,0.00
2546,44377,0.00
2547,45510,0.00
2548,44937,0.00
2549,45221,0.00
2550,47879,0.00
2551,47028,0.00
2552,56171,0.00
2553,49472,0.00
2554,53481,0.00
2555,65363,0.00
2556,53821,0.00
2557,53296,0.00
2558,50941,0.00
2559,54725,0.00
2560,49577,0.00
2561,47598,0.00
2562,49846,0.00
2563,44483,0.00
2564,48590,0.00
2565,44050,0.00
2566,46572,0.00
2567,42580,0.00
2568,42153,0.00
2569,37959,0.00
2570,45819,0.00
2571,46767,0.00
2572,51990,0.00
2573,48804,0.00
2574,49963,0.00
2575,52267,0.00
2576,45433,0.00
2577,44599,0.00
2578,41693,0.00
2579,39946,0.00
2580,44829,0.00
2581,42831,0.00
2582,60244,0.00
2583,55983,0.00
2584,51656,0.00
2585,55343,0.00
2586,53539,0.00
2587,47640,0.00
2588,53915,0.00
2589,47361,0.00
2590,44490,0.00
2591,46888,0.00
2592,46934,0.00
2593,47142,0.00
2594,48186,0.00
2595,48576,0.00
2596,50754,0.00
2597,50444,0.00
2598,57527,0.00
2599,54813,0.00
2600,54691,0.00
2601,55489,0.00
2602,56790,0.00
2603,57865,0.00
2604,54237,0.00
2605,56452,0.00
2606,56850,0.00
2607,59308,0.00
2608,55383,0.00
2609,59291,0.00
2610,53776,0.00
2611,62747,0.00
2612,51612,0.00
2613,51254,0.00
2614,63269,0.00
2615,57423,0.00
2616,60503,0.00
2617,61638,0.00
2618,50587,0.00
2619,48898,0.00
2620,59885,0.00
2621,48453,0.00
2622,51576,0.00
2623,67941,0.00
2624,54826,0.00
2625,55861,0.00
2626,53174,0.00
2627,62287,0.00
2628,59556,0.00
2629,57317,0.00
2630,55765,0.00
2631,49674,0.00
2632,50704,0.00
2633,65850,0.00
2634,69903,0.00
2635,55562,0.00
2636,60468,0.00
2637,53543,0.00
2638,51862,0.00
2639,56588,0.00
2640,47306,0.00
2641,51664,0.00
2642,45876,0.00
2643,53909,0.00
2644,53982,0.00
2645,69208,0.00
2646,65101,0.00
2647,56136,0.00
2648,52855,0.00
2649,52334,0.00
2650,53427,0.00
2651,50744,0.00
2652,52156,0.00
2653,55491,0.00
2654,63447,0.00
2655,50801,0.00
2656,67498,0.00
2657,55888,0.00
2658,56671,0.00
2659,57566,0.00
2660,49534,0.00
2661,52381,0.00
2662,48257,0.00
2663,51282,0.00
2664,49703,0.00
2665,48967,0.00
2666,49319,0.00
2667,47467,0.00
2668,49881,0.00
2669,48640,0.00
2670,68742,0.00
2671,52069,0.00
2672,62957,0.00
2673,62278,0.00
2674,57070,0.00
2675,53679,0.00
2676,68299,0.00
2677,53037,0.00
2678,61568,0.00
2679,60513,0.00
2680,53012,0.00
2681,57123,0.00
2682,52639,0.00
2683,52116,0.00
2684,57911,0.00
2685,50798,0.00
2686,51869,0.00
2687,53932,0.00
2688,52200,0.00
2689,57459,0.00
2690,54545,0.00
2691,81681,0.00
2692,58148,0.00
2693,53164,0.00
2694,55890,0.00
2695,69218,0.00
2696,75748,0.00
2697,55994,0.00
2698,61201,0.00
2699,68544,0.00
2700,51891,0.00
2701,52560,0.00
2702,52928,0.00
2703,52880,0.00
2704,60578,0.00
2705,53453,0.00
2706,53056,0.00
2707,58367,0.00
2708,58683,0.00
2709,55455,0.00
2710,54692,0.00
2711,61692,0.00
2712,52359,0.00
2713,55374,0.00
2714,57269,0.00
2715,58423,0.00
2716,58530,0.00
2717,60281,0.00
2718,70062,0.00
2719,48304,0.00
2720,55057,0.00
2721,55256,0.00
2722,57040,0.00
2723,58425,0.00
2724,76555,0.00
2725,57083,0.00
2726,57384,0.00
2727,60882,0.00
2728,62054,0.00
2729,59432,0.00
2730,54691,0.00
2731,55981,0.00
2732,54302,0.00
2733,69230,0.00
2734,57410,0.00
2735,59274,0.00
2736,62239,0.00
2737,55542,0.00
2738,56668,0.00
2739,59608,0.00
2740,62582,0.00
2741,61053,0.00
2742,56918,0.00
2743,52034,0.00
2744,51337,0.00
2745,51487,0.00
2746,56501,0.00
2747,51858,0.00
2748,59896,0.00
2749,57308,0.00
2750,58419,0.00
2751,52168,0.00
2752,51391,0.00
2753,54173,0.00
2754,68799,0.00
2755,53094,0.00
2756,51135,0.00
2757,50687,0.00
2758,57478,0.00
2759,59290,0.00
2760,55671,0.00
2761,53578,0.00
2762,70811,0.00
2763,70684,0.00
2764,53193,0.00
2765,54896,0.00
2766,45926,0.00
2767,50853,0.00
2768,56523,0.00
2769,54165,0.00
2770,60556,0.00
2771,68841,0.00
2772,54256,0.00
2773,52848,0.00
2774,50907,0.00
2775,52158,0.00
2776,52282,0.00
2777,54533,0.00
2778,50291,0.00
2779,53077,0.00
2780,50514,0.00
2781,58927,0.00
2782,52017,0.00
2783,50689,0.00
2784,47122,0.00
2785,47315,0.00
2786,46836,0.00
2787,51075,0.00
2788,54321,0.00
2789,55577,0.00
2790,54913,0.00
2791,50255,0.00
2792,44979,0.00
2793,50068,0.00
2794,48135,0.00
2795,49628,0.00
2796,45649,0.00
2797,43155,0.00
2798,51055,0.00
2799,41496,0.00
2800,43794,0.00
2801,45769,0.00
2802,51899,0.00
2803,62986,0.00
2804,49766,0.00
2805,54968,0.00
2806,69004,0.00
2807,58400,0.00
2808,58621,0.00
2809,66334,0.00
2810,54801,0.00
2811,52225,0.00
2812,55824,0.00
2813,56836,0.00
2814,45718,0.00
2815,47025,0.00
2816,44916,0.00
2817,42244,0.00
2818,49201,0.00
2819,46586,0.00
2820,46286,0.00
2821,46302,0.00
2822,48682,0.00
2823,52841,0.00
2824,55702,0.00
2825,55434,0.00
2826,49574,0.00
2827,56006,0.00
2828,52812,0.00
2829,51501,0.00
2830,55131,0.00
2831,49508,0.00
2832,49331,0.00
2833,49335,0.00
2834,47415,0.00
2835,47113,0.00
2836,52908,0.00
2837,44564,0.00
2838,51054,0.00
2839,62152,0.00
2840,49721,0.00
2841,48630,0.00
2842,49624,0.00
2843,51288,0.00
2844,56198,0.00
2845,51042,0.00
2846,48303,0.00
2847,57099,0.00
2848,54257,0.00
2849,56690,0.00
2850,50361,0.00
2851,52972,0.00
2852,54501,0.00
2853,51912,0.00
2854,49398,0.00
2855,48346,0.00
2856,50492,0.00
2857,49473,0.00
2858,50907,0.00
2859,59818,0.00
2860,56510,0.00
2861,69282,0.00
2862,66086,0.00
2863,53183,0.00
2864,60732,0.00
2865,55843,0.00
2866,101847,0.00
2867,51680,0.00
2868,57555,0.00
2869,52124,0.00
2870,47369,0.00
2871,63825,0.00
2872,48432,0.00
2873,62030,0.00
2874,62576,0.00
2875,60672,0.00
2876,71801,0.00
2877,69374,0.00
2878,54509,0.00
2879,51448,0.00
2880,51037,0.00
2881,66313,0.00
2882,54130,0.00
2883,50050,0.00
2884,52482,0.00
2885,48833,0.00
2886,58408,0.00
2887,49832,0.00
2888,67827,0.00
2889,46841,0.00
2890,42978,0.00
2891,46071,0.00
2892,47040,0.00
2893,38237,0.00
2894,39643,0.00
2895,39972,0.00
2896,42610,0.00
2897,48986,0.00
2898,46588,0.00
2899,47334,0.00
2900,45639,0.00
2901,60983,0.00
2902,44511,0.00
2903,40997,0.00
2904,42428,0.00
2905,47049,0.00
2906,45446,0.00
2907,45007,0.00
2908,44353,0.00
2909,50012,0.00
2910,45773,0.00
2911,54560,0.00
2912,51095,0.00
2913,52334,0.00
2914,51756,0.00
2915,51055,0.00
2916,54200,0.00
2917,51712,0.00
2918,56452,0.00
2919,51470,0.00
2920,62279,0.00
2921,51650,0.00
2922,58498,0.00
2923,56241,0.00
2924,55694,0.00
2925,52774,0.00
2926,50776,0.00
2927,54990,0.00
2928,53424,0.00
2929,60562,0.00
2930,63075,0.00
2931,55886,0.00
2932,54905,0.00
2933,55668,0.00
2934,61123,0.00
2935,285641,0.00
2936,54950,0.00
2937,56393,0.00
2938,55531,0.00
2939,56666,0.00
2940,69089,0.00
2941,60693,0.00
2942,73287,0.00
2943,58556,0.00
2944,72934,0.00
2945,50071,0.00
2946,47580,0.00
2947,44970,0.00
2948,45277,0.00
2949,52971,0.00
2950,46405,0.00
2951,45393,0.00
2952,50299,0.00
2953,52664,0.00
2954,53505,0.00
2955,46096,0.00
2956,45721,0.00
2957,48830,0.00
2958,63798,0.00
2959,50211,0.00
2960,47528,0.00
2961,49010,0.00
2962,48460,0.00
2963,47688,0.00
2964,52601,0.00
2965,50518,0.00
2966,54956,0.00
2967,51229,0.00
2968,48967,0.00
2969,52638,0.00
2970,49667,0.00
2971,44083,0.00
2972,49179,0.00
2973,45784,0.00
2974,42435,0.00
2975,40487,0.00
2976,41961,0.00
2977,53699,0.00
2978,46069,0.00
2979,46891,0.00
2980,55410,0.00
2981,56043,0.00
2982,54374,0.00
2983,56757,0.00
2984,55894,0.00
2985,55306,0.00
2986,55392,0.00
2987,67164,0.00
2988,53876,0.00
2989,55818,0.00
2990,55682,0.00
2991,57109,0.00
2992,62859,0.00
2993,56786,0.00
2994,56226,0.00
2995,55154,0.00
2996,59567,0.00
2997,56897,0.00
2998,63203,0.00
2999,60787,0.00
3000,87746,0.00
3001,67660,0.00
3002,64403,0.00
3003,58306,0.00
3004,59368,0.00
3005,61545,0.00
3006,58024,0.00
3007,57063,0.00
3008,53600,0.00
3009,53369,0.00
3010,53048,0.00
3011,52006,0.00
3012,51470,0.00
3013,51684,0.00
3014,52717,0.00
3015,49608,0.00
3016,47920,0.00
3017,52663,0.00
3018,47938,0.00
3019,47362,0.00
3020,53117,0.00
3021,45317,0.00
3022,44327,0.00
3023,53012,0.00
3024,50422,0.00
3025,59131,0.00
3026,48405,0.00
3027,66735,0.00
3028,53405,0.00
3029,57052,0.00
3030,50860,0.00
3031,53591,0.00
3032,54930,0.00
3033,66674,0.00
3034,51989,0.00
3035,49060,0.00
3036,48158,0.00
3037,49640,0.00
3038,61326,0.00
3039,49231,0.00
3040,51744,0.00
3041,48612,0.00
3042,52379,0.00
3043,45588,0.00
3044,43669,0.00
3045,45256,0.00
3046,48874,0.00
3047,60285,0.00
3048,42795,0.00
3049,44924,0.00
3050,50874,0.00
3051,44332,0.00
3052,50895,0.00
3053,46217,0.00
3054,46412,0.00
3055,41161,0.00
3056,48147,0.00
3057,51065,0.00
3058,49221,0.00
3059,49717,0.00
3060,46885,0.00
3061,52986,0.00
3062,55861,0.00
3063,50316,0.00
3064,53787,0.00
3065,47220,0.00
3066,60248,0.00
3067,42158,0.00
3068,43237,0.00
3069,43410,0.00
3070,41911,0.00
3071,43716,0.00
3072,40773,0.00
3073,42084,0.00
3074,44704,0.00
3075,44626,0.00
3076,50023,0.00
3077,49042,0.00
3078,56352,0.00
3079,53923,0.00
3080,53990,0.00
3081,50495,0.00
3082,53075,0.00
3083,42085,0.00
3084,43243,0.00
3085,39278,0.00
3086,38354,0.00
3087,44522,0.00
3088,38796,0.00
3089,42834,0.00
3090,41127,0.00
3091,38047,0.00
3092,43545,0.00
3093,40220,0.00
3094,35822,0.00
3095,30947,0.00
3096,33102,0.00
3097,31344,0.00
3098,31854,0.00
3099,36171,0.00
3100,32619,0.00
3101,41636,0.00
3102,40748,0.00
3103,37640,0.00
3104,49301,0.00
3105,51873,0.00
3106,41974,0.00
3107,54346,0.00
3108,43848,0.00
3109,46817,0.00
3110,44914,0.00
3111,44325,0.00
3112,44313,0.00
3113,42713,0.00
3114,46838,0.00
3115,46553,0.00
3116,40511,0.00
3117,38156,0.00
3118,36844,0.00
3119,38635,0.00
3120,42370,0.00
3121,41074,0.00
3122,40028,0.00
3123,43752,0.00
3124,43788,0.00
3125,38029,0.00
3126,35124,0.00
3127,36162,0.00
3128,36102,0.00
3129,45861,0.00
3130,39529,0.00
3131,35478,0.00
3132,37458,0.00
3133,39064,0.00
3134,43529,0.00
3135,45628,0.00
3136,43289,0.00
3137,39977,0.00
3138,39676,0.00
3139,40443,0.00
3140,35825,0.00
3141,36202,0.00
3142,28657,0.00
3143,37065,0.00
3144,36013,0.00
3145,35589,0.00
3146,37275,0.00
3147,34147,0.00
3148,35522,0.00
3149,36846,0.00
3150,28965,0.00
3151,36329,0.00
3152,35955,0.00
3153,38608,0.00
3154,37185,0.00
3155,35066,0.00
3156,38486,0.00
3157,39242,0.00
3158,35539,0.00
3159,45254,0.00
3160,42588,0.00
3161,37798,0.00
3162,39045,0.00
3163,50115,0.00
3164,36314,0.00
3165,39989,0.00
3166,42112,0.00
3167,39113,0.00
3168,43127,0.00
3169,44505,0.00
3170,46906,0.00
3171,48513,0.00
3172,48921,0.00
3173,45452,0.00
3174,40203,0.00
3175,44623,0.00
3176,42212,0.00
3177,45346,0.00
3178,43323,0.00
3179,43958,0.00
3180,48136,0.00
3181,46408,0.00
3182,43780,0.00
3183,49126,0.00
3184,48042,0.00
3185,52795,0.00
3186,44479,0.00
3187,44197,0.00
3188,47186,0.00
3189,47020,0.00
3190,39966,0.00
3191,43512,0.00
3192,45178,0.00
3193,41201,0.00
3194,36545,0.00
3195,42394,0.00
3196,42788,0.00
3197,41697,0.00
3198,42376,0.00
3199,43326,0.00
3200,49079,0.00
3201,49140,0.00
3202,44646,0.00
3203,48883,0.00
3204,45501,0.00
3205,50773,0.00
3206,48764,0.00
3207,44483,0.00
3208,45139,0.00
3209,43959,0.00
3210,41517,0.00
3211,38771,0.00
3212,43026,0.00
3213,51136,0.00
3214,46704,0.00
3215,37953,0.00
3216,43161,0.00
3217,44053,0.00
3218,48480,0.00
3219,50173,0.00
3220,48867,0.00
3221,47469,0.00
3222,47532,0.00
3223,50525,0.00
3224,51737,0.00
3225,51736,0.00
3226,53048,0.00
3227,66443,0.00
3228,51761,0.00
3229,51162,0.00
3230,50385,0.00
3231,50178,0.00
3232,53436,0.00
3233,51438,0.00
3234,56093,0.00
3235,55995,0.00
3236,52901,0.00
3237,51845,0.00
3238,50184,0.00
3239,45269,0.00
3240,47468,0.00
3241,45207,0.00
3242,49007,0.00
3243,55161,0.00
3244,46753,0.00
3245,46175,0.00
3246,48735,0.00
3247,52020,0.00
3248,46310,0.00
3249,62162,0.00
3250,50226,0.00
3251,51764,0.00
3252,57980,0.00
3253,45827,0.00
3254,47854,0.00
3255,45424,0.00
3256,45433,0.00
3257,61937,0.00
3258,45620,0.00
3259,42638,0.00
3260,52979,0.00
3261,42929,0.00
3262,49394,0.00
3263,43788,0.00
3264,50057,0.00
3265,46485,0.00
3266,47967,0.00
3267,46171,0.00
3268,41832,0.00
3269,43845,0.00
3270,55951,0.00
3271,43269,0.00
3272,43138,0.00
3273,56507,0.00
3274,47450,0.00
3275,47489,0.00
3276,43154,0.00
3277,45637,0.00
3278,47035,0.00
3279,45188,0.00
3280,42754,0.00
3281,45326,0.00
3282,62362,0.00
3283,53043,0.00
3284,43608,0.00
3285,48318,0.00
3286,41041,0.00
3287,43221,0.00
3288,36126,0.00
3289,31857,0.00
3290,35309,0.00
3291,34050,0.00
3292,30152,0.00
3293,31984,0.00
3294,31066,0.00
3295,29950,0.00
3296,35036,0.00
3297,42380,0.00
3298,47004,0.00
3299,37023,0.00
3300,38772,0.00
3301,38368,0.00
3302,43135,0.00
3303,48113,0.00
3304,45225,0.00
3305,61653,0.00
3306,48373,0.00
3307,49507,0.00
3308,47462,0.00
3309,47408,0.00
3310,50582,0.00
3311,43503,0.00
3312,48014,0.00
3313,43772,0.00
3314,48836,0.00
3315,44832,0.00
3316,49975,0.00
3317,48082,0.00
3318,57640,0.00
3319,41603,0.00
3320,37596,0.00
3321,41168,0.00
3322,39465,0.00
3323,38446,0.00
3324,42872,0.00
3325,42381,0.00
3326,41446,0.00
3327,42757,0.00
3328,39632,0.00
3329,36316,0.00
3330,32570,0.00
3331,32127,0.00
3332,38414,0.00
3333,39980,0.00
3334,44512,0.00
3335,43493,0.00
3336,42687,0.00
3337,48252,0.00
3338,43874,0.00
3339,45007,0.00
3340,41227,0.00
3341,36919,0.00
3342,44412,0.00
3343,39655,0.00
3344,35664,0.00
3345,36051,0.00
3346,32368,0.00
3347,37568,0.00
3348,36460,0.00
3349,32861,0.00
3350,45083,0.00
3351,42794,0.00
3352,55490,0.00
3353,48806,0.00
3354,56898,0.00
3355,52663,0.00
3356,49597,0.00
3357,48721,0.00
3358,48426,0.00
3359,46430,0.00
3360,63363,0.00
3361,44768,0.00
3362,49708,0.00
3363,49882,0.00
3364,51609,0.00
3365,47775,0.00
3366,53530,0.00
3367,50259,0.00
3368,54969,0.00
3369,57818,0.00
3370,51925,0.00
3371,50997,0.00
3372,53160,0.00
3373,45705,0.00
3374,43388,0.00
3375,51166,0.00
3376,42992,0.00
3377,48495,0.00
3378,49439,0.00
3379,48715,0.00
3380,70284,0.00
3381,50247,0.00
3382,50301,0.00
3383,53289,0.00
3384,51276,0.00
3385,43577,0.00
3386,38711,0.00
3387,56537,0.00
3388,43947,0.00
3389,37964,0.00
3390,37029,0.00
3391,34049,0.00
3392,36863,0.00
3393,37018,0.00
3394,34059,0.00
3395,32350,0.00
3396,31711,0.00
3397,32969,0.00
3398,34767,0.00
3399,41141,0.00
3400,37806,0.00
3401,37940,0.00
3402,39170,0.00
3403,38251,0.00
3404,43571,0.00
3405,45837,0.00
3406,46783,0.00
3407,43501,0.00
3408,39563,0.00
3409,41272,0.00
3410,37544,0.00
3411,40807,0.00
3412,41785,0.00
3413,42127,0.00
3414,41104,0.00
3415,40189,0.00
3416,40571,0.00
3417,37810,0.00
3418,39655,0.00
3419,39893,0.00
3420,38992,0.00
3421,39743,0.00
3422,43937,0.00
3423,39990,0.00
3424,37887,0.00
3425,41481,0.00
3426,41914,0.00
3427,43355,0.00
3428,47288,0.00
3429,40047,0.00
3430,40888,0.00
3431,42633,0.00
3432,42635,0.00
3433,42489,0.00
3434,36793,0.00
3435,41214,0.00
3436,38957,0.00
3437,31330,0.00
3438,35478,0.00
3439,46706,0.00
3440,47228,0.00
3441,50182,0.00
3442,57860,0.00
3443,57238,0.00
3444,42931,0.00
3445,47333,0.00
3446,43369,0.00
3447,53612,0.00
3448,45682,0.00
3449,41577,0.00
3450,52856,0.00
3451,41183,0.00
3452,44150,0.00
3453,38334,0.00
3454,38118,0.00
3455,34674,0.00
3456,40902,0.00
3457,42727,0.00
3458,44374,0.00
3459,53376,0.00
3460,55443,0.00
3461,56245,0.00
3462,56901,0.00
3463,52378,0.00
3464,56695,0.00
3465,51187,0.00
3466,50456,0.00
3467,67452,0.00
3468,52691,0.00
3469,54119,0.00
3470,46380,0.00
3471,45975,0.00
3472,45134,0.00
3473,47164,0.00
3474,54276,0.00
3475,49373,0.00
3476,45947,0.00
3477,55715,0.00
3478,49688,0.00
3479,46417,0.00
3480,45422,0.00
3481,50337,0.00
3482,47073,0.00
3483,56981,0.00
3484,51996,0.00
3485,49639,0.00
3486,55086,0.00
3487,53598,0.00
3488,55306,0.00
3489,56484,0.00
3490,61065,0.00
3491,59038,0.00
3492,58797,0.00
3493,55616,0.00
3494,55037,0.00
3495,60852,0.00
3496,62846,0.00
3497,40448,0.00
3498,40678,0.00
3499,47510,0.00
3500,45660,0.00
3501,42936,0.00
3502,43000,0.00
3503,42964,0.00
3504,50815,0.00
3505,52483,0.00
3506,63267,0.00
3507,53988,0.00
3508,56764,0.00
3509,56220,0.00
3510,61245,0.00
3511,59522,0.00
3512,59446,0.00
3513,54400,0.00
3514,53769,0.00
3515,50364,0.00
3516,47841,0.00
3517,49157,0.00
3518,47730,0.00
3519,49503,0.00
3520,44646,0.00
3521,48775,0.00
3522,139583,0.00
3523,52191,0.00
3524,48694,0.00
3525,50988,0.00
3526,45981,0.00
3527,47957,0.00
3528,52107,0.00
3529,45456,0.00
3530,45232,0.00
3531,43863,0.00
3532,46798,0.00
3533,45104,0.00
3534,42803,0.00
3535,40590,0.00
3536,36736,0.00
3537,38550,0.00
3538,39613,0.00
3539,41082,0.00
3540,44545,0.00
3541,42613,0.00
3542,40314,0.00
3543,40781,0.00
3544,41421,0.00
3545,42974,0.00
3546,41239,0.00
3547,42697,0.00
3548,45786,0.00
3549,43744,0.00
3550,42078,0.00
3551,39108,0.00
3552,43950,0.00
3553,46245,0.00
3554,46728,0.00
3555,57179,0.00
3556,61889,0.00
3557,48548,0.00
3558,52391,0.00
3559,47574,0.00
3560,53689,0.00
3561,49309,0.00
3562,50289,0.00
3563,50196,0.00
3564,56255,0.00
3565,57241,0.00
3566,45419,0.00
3567,49522,0.00
3568,52875,0.00
3569,52301,0.00
3570,72085,0.00
3571,52090,0.00
3572,51234,0.00
3573,49920,0.00
3574,51013,0.00
3575,60616,0.00
3576,49865,0.00
3577,52610,0.00
3578,63205,0.00
3579,47794,0.00
3580,50730,0.00
3581,49189,0.00
3582,45985,0.00
3583,49969,0.00
3584,45765,0.00
3585,46800,0.00
3586,47500,0.00
3587,47714,0.00
3588,42118,0.00
3589,55316,0.00
3590,45455,0.00
3591,41112,0.00
3592,40830,0.00
3593,46484,0.00
3594,48971,0.00
3595,49970,0.00
3596,49413,0.00
3597,66998,0.00
3598,52305,0.00
3599,47459,0.00
3600,54690,0.00
3601,43639,0.00
3602,45756,0.00
3603,41339,0.00
3604,46228,0.00
3605,44686,0.00
3606,41885,0.00
3607,48431,0.00
3608,44755,0.00
3609,40929,0.00
3610,35865,0.00
3611,32601,0.00
3612,32419,0.00
3613,33943,0.00
3614,31868,0.00
3615,31405,0.00
3616,36783,0.00
3617,37158,0.00
3618,49117,0.00
3619,40037,0.00
3620,38364,0.00
3621,36591,0.00
3622,40668,0.00
3623,41280,0.00
3624,38217,0.00
3625,43843,0.00
3626,42199,0.00
3627,45970,0.00
3628,55376,0.00
3629,40736,0.00
3630,46442,0.00
3631,65392,0.00
3632,47952,0.00
3633,64856,0.00
3634,42543,0.00
3635,38500,0.00
3636,36257,0.00
3637,33561,0.00
3638,35573,0.00
3639,40679,0.00
3640,43516,0.00
3641,42185,0.00
3642,40272,0.00
3643,40490,0.00
3644,40974,0.00
3645,41065,0.00
3646,40563,0.00
3647,39874,0.00
3648,37237,0.00
3649,35427,0.00
3650,34718,0.00
3651,32262,0.00
3652,36964,0.00
3653,33909,0.00
3654,40417,0.00
3655,41463,0.00
3656,43256,0.00
3657,42514,0.00
3658,45701,0.00
3659,42453,0.00
3660,42665,0.00
3661,39195,0.00
3662,38634,0.00
3663,40353,0.00
3664,50517,0.00
3665,42136,0.00
3666,44999,0.00
3667,40110,0.00
3668,39002,0.00
3669,39441,0.00
3670,40603,0.00
3671,37909,0.00
3672,40486,0.00
3673,37409,0.00
3674,37376,0.00
3675,41366,0.00
3676,37401,0.00
3677,45780,0.00
3678,49132,0.00
3679,46159,0.00
3680,47791,0.00
3681,42329,0.00
3682,42981,0.00
3683,38753,0.00
3684,42445,0.00
3685,42444,0.00
3686,45833,0.00
3687,54522,0.00
3688,42199,0.00
3689,44364,0.00
3690,46063,0.00
3691,47011,0.00
3692,47255,0.00
3693,46092,0.00
3694,41907,0.00
3695,39795,0.00
3696,42106,0.00
3697,38535,0.00
3698,37819,0.00
3699,41386,0.00
3700,36671,0.00
3701,44804,0.00
3702,39280,0.00
3703,45579,0.00
3704,40910,0.00
3705,49506,0.00
3706,56751,0.00
3707,48832,0.00
3708,48470,0.00
3709,54669,0.00
3710,53972,0.00
3711,58142,0.00
3712,56314,0.00
3713,64185,0.00
3714,61062,0.00
3715,60158,0.00
3716,54253,0.00
3717,55817,0.00
3718,48033,0.00
3719,43986,0.00
3720,45224,0.00
3721,49501,0.00
3722,46688,0.00
3723,50038,0.00
3724,56672,0.00
3725,65468,0.00
3726,54917,0.00
3727,63015,0.00
3728,55321,0.00
3729,52709,0.00
3730,50668,0.00
3731,49109,0.00
3732,48612,0.00
3733,64258,0.00
3734,50725,0.00
3735,52388,0.00
3736,57725,0.00
3737,50268,0.00
3738,64181,0.00
3739,56076,0.00
3740,58202,0.00
3741,59292,0.00
3742,56250,0.00
3743,54101,0.00
3744,55445,0.00
3745,54665,0.00
3746,53823,0.00
3747,49518,0.00
3748,53372,0.00
3749,51622,0.00
3750,50778,0.00
3751,48179,0.00
3752,53903,0.00
3753,51367,0.00
3754,60956,0.00
3755,54363,0.00
3756,62050,0.00
3757,56127,0.00
3758,51028,0.00
3759,64600,0.00
3760,47463,0.00
3761,62842,0.00
3762,48354,0.00
3763,51318,0.00
3764,55172,0.00
3765,56650,0.00
3766,52070,0.00
3767,46138,0.00
3768,45825,0.00
3769,47262,0.00
3770,42723,0.00
3771,46336,0.00
3772,41238,0.00
3773,44580,0.00
3774,41489,0.00
3775,50631,0.00
3776,42876,0.00
3777,46765,0.00
3778,45766,0.00
3779,54549,0.00
3780,45026,0.00
3781,48072,0.00
3782,55530,0.00
3783,77361,0.00
3784,55323,0.00
3785,55051,0.00
3786,55804,0.00
3787,72606,0.00
3788,55844,0.00
3789,54760,0.00
3790,49678,0.00
3791,49194,0.00
3792,64246,0.00
3793,48298,0.00
3794,62155,0.00
3795,50534,0.00
3796,51279,0.00
3797,50899,0.00
3798,57185,0.00
3799,50677,0.00
3800,51000,0.00
3801,48662,0.00
3802,48640,0.00
3803,52085,0.00
3804,46410,0.00
3805,46480,0.00
3806,56850,0.00
3807,51868,0.00
3808,46761,0.00
3809,47653,0.00
3810,43480,0.00
3811,40305,0.00
3812,38681,0.00
3813,38912,0.00
3814,35140,0.00
3815,36044,0.00
3816,36907,0.00
3817,45921,0.00
3818,45793,0.00
3819,46897,0.00
3820,55278,0.00
3821,63282,0.00
3822,56366,0.00
3823,58043,0.00
3824,52056,0.00
3825,51374,0.00
3826,51928,0.00
3827,50050,0.00
3828,48686,0.00
3829,45993,0.00
3830,45014,0.00
3831,40229,0.00
3832,50953,0.00
3833,48017,0.00
3834,48697,0.00
3835,49929,0.00
3836,51908,0.00
3837,39447,0.00
3838,39918,0.00
3839,48544,0.00
3840,54836,0.00
3841,53798,0.00
3842,67528,0.00
3843,59194,0.00
3844,52905,0.00
3845,44986,0.00
3846,43208,0.00
3847,46107,0.00
3848,41763,0.00
3849,45645,0.00
3850,48408,0.00
3851,45059,0.00
3852,51870,0.00
3853,47703,0.00
3854,43039,0.00
3855,41258,0.00
3856,60984,0.00
3857,45728,0.00
3858,51152,0.00
3859,60615,0.00
3860,48262,0.00
3861,53327,0.00
3862,54669,0.00
3863,58652,0.00
3864,48456,0.00
3865,55544,0.00
3866,47658,0.00
3867,50627,0.00
3868,54682,0.00
3869,47917,0.00
3870,49718,0.00
3871,48313,0.00
3872,50261,0.00
3873,50844,0.00
3874,48218,0.00
3875,48792,0.00
3876,50555,0.00
3877,51247,0.00
3878,52611,0.00
3879,47751,0.00
3880,52432,0.00
3881,57337,0.00
3882,58551,0.00
3883,52401,0.00
3884,45138,0.00
3885,49239,0.00
3886,41107,0.00
3887,38146,0.00
3888,42508,0.00
3889,43865,0.00
3890,41406,0.00
3891,39138,0.00
3892,41347,0.00
3893,37935,0.00
3894,36114,0.00
3895,39905,0.00
3896,36764,0.00
3897,40307,0.00
3898,41866,0.00
3899,42483,0.00
3900,44468,0.00
3901,41671,0.00
3902,40833,0.00
3903,44677,0.00
3904,44057,0.00
3905,45320,0.00
3906,46872,0.00
3907,44620,0.00
3908,49200,0.00
3909,48572,0.00
3910,46848,0.00
3911,39080,0.00
3912,41990,0.00
3913,36932,0.00
3914,34697,0.00
3915,29703,0.00
3916,46528,0.00
3917,36701,0.00
3918,47713,0.00
3919,45636,0.00
3920,39704,0.00
3921,44568,0.00
3922,45969,0.00
3923,47346,0.00
3924,50723,0.00
3925,49503,0.00
3926,55100,0.00
3927,55900,0.00
3928,60683,0.00
3929,50915,0.00
3930,48709,0.00
3931,61510,0.00
3932,55725,0.00
3933,52504,0.00
3934,48923,0.00
3935,50168,0.00
3936,52425,0.00
3937,51667,0.00
3938,52049,0.00
3939,59433,0.00
3940,51064,0.00
3941,50346,0.00
3942,48379,0.00
3943,51957,0.00
3944,48289,0.00
3945,58957,0.00
3946,46031,0.00
3947,54195,0.00
3948,54116,0.00
3949,48591,0.00
3950,65807,0.00
3951,50363,0.00
3952,51543,0.00
3953,44101,0.00
3954,38552,0.00
3955,38206,0.00
3956,36986,0.00
3957,40429,0.00
3958,38064,0.00
3959,43660,0.00
3960,44391,0.00
3961,40178,0.00
3962,36352,0.00
3963,36737,0.00
3964,45771,0.00
3965,50454,0.00
3966,52325,0.00
3967,70323,0.00
3968,58122,0.00
3969,57529,0.00
3970,49026,0.00
3971,43772,0.00
3972,51612,0.00
3973,41975,0.00
3974,47781,0.00
3975,47516,0.00
3976,58509,0.00
3977,47147,0.00
3978,42015,0.00
3979,46543,0.00
3980,49516,0.00
3981,40453,0.00
3982,40580,0.00
3983,50925,0.00
3984,49062,0.00
3985,57842,0.00
3986,44556,0.00
3987,73674,0.00
3988,49667,0.00
3989,55891,0.00
3990,47529,0.00
3991,47479,0.00
3992,48702,0.00
3993,48265,0.00
3994,47935,0.00
3995,44011,0.00
3996,42100,0.00
3997,40188,0.00
3998,44252,0.00
3999,54412,0.00
4000,80706,0.00
4001,49409,0.00
4002,52924,0.00
4003,51619,0.00
4004,50809,0.00
4005,47058,0.00
4006,60067,0.00
4007,58358,0.00
4008,126202,0.00
4009,51304,0.00
4010,53317,0.00
4011,45640,0.00
4012,47857,0.00
4013,61257,0.00
4014,44299,0.00
4015,42708,0.00
4016,38019,0.00
4017,41434,0.00
4018,51096,0.00
4019,39943,0.00
4020,45903,0.00
4021,40637,0.00
4022,40794,0.00
4023,41417,0.00
4024,48509,0.00
4025,50590,0.00
4026,44205,0.00
4027,40250,0.00
4028,35153,0.00
4029,40088,0.00
4030,28519,0.00
4031,34452,0.00
4032,50496,0.00
4033,38401,0.00
4034,37797,0.00
4035,36257,0.00
4036,39415,0.00
4037,43119,0.00
4038,48776,0.00
4039,54181,0.00
4040,49671,0.00
4041,48803,0.00
4042,45191,0.00
4043,54108,0.00
4044,40785,0.00
4045,43840,0.00
4046,41271,0.00
4047,39478,0.00
4048,36873,0.00
4049,35019,0.00
4050,40228,0.00
4051,35855,0.00
4052,37303,0.00
4053,37958,0.00
4054,35393,0.00
4055,35236,0.00
4056,35951,0.00
4057,45145,0.00
4058,47186,0.00
4059,42861,0.00
4060,41801,0.00
4061,40088,0.00
4062,41349,0.00
4063,38657,0.00
4064,39509,0.00
4065,36523,0.00
4066,35816,0.00
4067,36132,0.00
4068,43595,0.00
4069,45262,0.00
4070,38031,0.00
4071,31530,0.00
4072,29763,0.00
4073,29000,0.00
4074,30735,0.00
4075,43113,0.00
4076,43528,0.00
4077,48206,0.00
4078,47312,0.00
4079,47550,0.00
4080,48100,0.00
4081,52872,0.00
4082,43949,0.00
4083,54684,0.00
4084,48588,0.00
4085,51321,0.00
4086,49108,0.00
4087,48719,0.00
4088,48307,0.00
4089,48702,0.00
4090,50486,0.00
4091,51632,0.00
4092,53589,0.00
4093,49199,0.00
4094,51004,0.00
4095,48121,0.00
4096,46287,0.00
4097,54048,0.00
4098,47316,0.00
4099,48242,0.00
4100,42643,0.00
4101,50908,0.00
4102,55899,0.00
4103,54372,0.00
4104,58253,0.00
4105,54152,0.00
4106,54192,0.00
4107,59231,0.00
4108,54223,0.00
4109,53897,0.00
4110,55257,0.00
4111,48880,0.00
4112,51817,0.00
4113,57586,0.00
4114,50834,0.00
4115,48416,0.00
4116,48713,0.00
4117,49319,0.00
4118,50872,0.00
4119,51229,0.00
4120,51719,0.00
4121,45809,0.00
4122,42779,0.00
4123,43788,0.00
4124,43361,0.00
4125,39251,0.00
4126,42607,0.00
4127,45652,0.00
4128,39695,0.00
4129,40761,0.00
4130,41427,0.00
4131,45659,0.00
4132,47209,0.00
4133,49781,0.00
4134,46112,0.00
4135,41269,0.00
4136,39576,0.00
4137,39541,0.00
4138,35434,0.00
4139,34438,0.00
4140,34858,0.00
4141,28519,0.00
4142,32595,0.00
4143,34659,0.00
4144,35094,0.00
4145,52825,0.00
4146,47993,0.00
4147,46405,0.00
4148,52412,0.00
4149,49005,0.00
4150,44171,0.00
4151,41876,0.00
4152,44029,0.00
4153,40086,0.00
4154,38174,0.00
4155,38415,0.00
4156,37056,0.00
4157,42757,0.00
4158,42293,0.00
4159,36578,0.00
4160,33339,0.00
4161,34606,0.00
4162,34020,0.00
4163,38008,0.00
4164,40605,0.00
4165,42506,0.00
4166,42393,0.00
4167,42593,0.00
4168,37612,0.00
4169,38492,0.00
4170,45133,0.00
4171,46485,0.00
4172,46832,0.00
4173,47598,0.00
4174,42047,0.00
4175,42686,0.00
4176,35891,0.00
4177,40254,0.00
4178,36081,0.00
4179,40336,0.00
4180,41929,0.00
4181,45098,0.00
4182,43320,0.00
4183,42370,0.00
4184,40023,0.00
4185,43503,0.00
4186,42772,0.00
4187,37315,0.00
4188,40223,0.00
4189,39432,0.00
4190,35997,0.00
4191,40704,0.00
4192,38814,0.00
4193,59397,0.00
4194,41238,0.00
4195,40869,0.00
4196,39584,0.00
4197,38664,0.00
4198,42072,0.00
4199,44453,0.00
4200,58174,0.00
4201,50229,0.00
4202,50557,0.00
4203,50095,0.00
4204,70918,0.00
4205,45187,0.00
4206,40941,0.00
4207,49556,0.00
4208,43772,0.00
4209,41309,0.00
4210,39069,0.00
4211,42560,0.00
4212,43798,0.00
4213,45470,0.00
4214,46008,0.00
4215,47157,0.00
4216,47898,0.00
4217,44986,0.00
4218,44534,0.00
4219,46593,0.00
4220,50148,0.00
4221,57983,0.00
4222,71963,0.00
4223,48460,0.00
4224,47308,0.00
4225,45122,0.00
4226,43076,0.00
4227,50833,0.00
4228,45598,0.00
4229,43970,0.00
4230,46642,0.00
4231,45001,0.00
4232,44648,0.00
4233,51546,0.00
4234,53140,0.00
4235,48294,0.00
4236,45459,0.00
4237,49461,0.00
4238,56733,0.00
4239,40425,0.00
4240,46378,0.00
4241,42486,0.00
4242,45050,0.00
4243,43601,0.00
4244,47392,0.00
4245,44885,0.00
4246,43590,0.00
4247,45707,0.00
4248,65272,0.00
4249,58572,0.00
4250,52880,0.00
4251,50147,0.00
4252,48852,0.00
4253,49172,0.00
4254,49768,0.00
4255,50380,0.00
4256,50003,0.00
4257,49631,0.00
4258,51048,0.00
4259,44966,0.00
4260,44815,0.00
4261,39531,0.00
4262,37359,0.00
4263,42640,0.00
4264,49029,0.00
4265,49770,0.00
4266,52135,0.00
4267,43827,0.00
4268,43939,0.00
4269,63564,0.00
4270,44765,0.00
4271,42215,0.00
4272,70197,0.00
4273,42736,0.00
4274,42923,0.00
4275,45406,0.00
4276,45444,0.00
4277,45423,0.00
4278,48607,0.00
4279,55942,0.00
4280,45759,0.00
4281,40357,0.00
4282,43861,0.00
4283,40869,0.00
4284,43260,0.00
4285,48215,0.00
4286,35514,0.00
4287,39916,0.00
4288,55650,0.00
4289,45919,0.00
4290,56606,0.00
4291,49850,0.00
4292,50179,0.00
4293,56150,0.00
4294,51502,0.00
4295,59858,0.00
4296,48585,0.00
4297,50684,0.00
4298,47186,0.00
4299,44896,0.00
4300,55567,0.00
4301,49709,0.00
4302,65433,0.00
4303,52696,0.00
4304,50990,0.00
4305,50529,0.00
4306,62230,0.00
4307,40232,0.00
4308,53884,0.00
4309,50652,0.00
4310,45533,0.00
4311,39809,0.00
4312,43269,0.00
4313,41110,0.00
4314,38830,0.00
4315,40130,0.00
4316,53317,0.00
4317,49021,0.00
4318,43506,0.00
4319,59102,0.00
4320,51795,0.00
4321,48592,0.00
4322,50205,0.00
4323,52442,0.00
4324,48859,0.00
4325,43355,0.00
4326,42197,0.00
4327,50608,0.00
4328,53296,0.00
4329,60828,0.00
4330,52962,0.00
4331,51681,0.00
4332,49658,0.00
4333,45460,0.00
4334,45176,0.00
4335,46255,0.00
4336,35156,0.00
4337,37315,0.00
4338,33571,0.00
4339,37860,0.00
4340,39324,0.00
4341,43905,0.00
4342,54216,0.00
4343,48271,0.00
4344,36617,0.00
4345,42678,0.00
4346,45749,0.00
4347,39881,0.00
4348,35018,0.00
4349,33311,0.00
4350,42055,0.00
4351,37932,0.00
4352,40203,0.00
4353,39555,0.00
4354,42242,0.00
4355,37835,0.00
4356,38036,0.00
4357,47416,0.00
4358,41623,0.00
4359,40563,0.00
4360,38727,0.00
4361,38204,0.00
4362,33612,0.00
4363,27313,0.00
4364,39399,0.00
4365,39438,0.00
4366,37904,0.00
4367,48251,0.00
4368,43384,0.00
4369,43081,0.00
4370,51967,0.00
4371,46860,0.00
4372,53746,0.00
4373,51361,0.00
4374,44299,0.00
4375,58848,0.00
4376,46700,0.00
4377,46692,0.00
4378,46876,0.00
4379,49782,0.00
4380,48755,0.00
4381,44202,0.00
4382,50792,0.00
4383,48735,0.00
4384,50733,0.00
4385,46938,0.00
4386,41805,0.00
4387,35659,0.00
4388,41029,0.00
4389,35863,0.00
4390,33675,0.00
4391,30073,0.00
4392,30454,0.00
4393,31635,0.00
4394,31109,0.00
4395,46469,0.00
4396,40774,0.00
4397,36962,0.00
4398,49187,0.00
4399,38537,0.00
4400,44018,0.00
4401,41657,0.00
4402,41717,0.00
4403,39083,0.00
4404,39910,0.00
4405,36902,0.00
4406,40246,0.00
4407,37748,0.00
4408,39332,0.00
4409,37409,0.00
4410,37560,0.00
4411,37577,0.00
4412,38207,0.00
4413,37514,0.00
4414,39762,0.00
4415,33775,0.00
4416,33000,0.00
4417,35280,0.00
4418,33535,0.00
4419,35535,0.00
4420,37139,0.00
4421,55668,0.00
4422,38740,0.00
4423,38622,0.00
4424,38070,0.00
4425,38892,0.00
4426,44787,0.00
4427,42956,0.00
4428,43075,0.00
4429,46112,0.00
4430,43215,0.00
4431,40791,0.00
4432,44688,0.00
4433,40257,0.00
4434,40657,0.00
4435,41949,0.00
4436,38644,0.00
4437,64676,0.00
4438,36788,0.00
4439,33803,0.00
4440,32329,0.00
4441,36162,0.00
4442,36286,0.00
4443,36834,0.00
4444,34220,0.00
4445,37475,0.00
4446,39943,0.00
4447,40802,0.00
4448,35373,0.00
4449,40081,0.00
4450,37432,0.00
4451,42745,0.00
4452,46175,0.00
4453,50188,0.00
4454,50385,0.00
4455,48913,0.00
4456,50772,0.00
4457,41473,0.00
4458,53605,0.00
4459,43945,0.00
4460,43592,0.00
4461,41106,0.00
4462,38724,0.00
4463,38293,0.00
4464,36531,0.00
4465,34139,0.00
4466,31708,0.00
4467,33407,0.00
4468,33084,0.00
4469,32121,0.00
4470,34707,0.00
4471,35503,0.00
4472,33559,0.00
4473,43455,0.00
4474,43522,0.00
4475,50462,0.00
4476,47854,0.00
4477,46242,0.00
4478,42081,0.00
4479,41778,0.00
4480,39830,0.00
4481,40750,0.00
4482,37701,0.00
4483,38228,0.00
4484,56424,0.00
4485,42940,0.00
4486,47360,0.00
4487,49999,0.00
4488,45337,0.00
4489,44730,0.00
4490,43792,0.00
4491,45140,0.00
4492,42389,0.00
4493,44011,0.00
4494,45533,0.00
4495,40252,0.00
4496,38400,0.00
4497,37100,0.00
4498,36508,0.00
4499,41565,0.00
4500,42281,0.00
4501,53217,0.00
4502,47016,0.00
4503,47617,0.00
4504,45490,0.00
4505,43087,0.00
4506,55356,0.00
4507,57839,0.00
4508,48488,0.00
4509,47034,0.00
4510,45833,0.00
4511,45918,0.00
4512,48523,0.00
4513,45602,0.00
4514,49939,0.00
4515,58234,0.00
4516,58038,0.00
4517,48285,0.00
4518,51780,0.00
4519,46552,0.00
4520,47490,0.00
4521,47600,0.00
4522,47957,0.00
4523,44820,0.00
4524,44952,0.00
4525,46624,0.00
4526,40071,0.00
4527,38300,0.00
4528,41356,0.00
4529,42449,0.00
4530,38564,0.00
4531,39225,0.00
4532,43286,0.00
4533,36511,0.00
4534,37127,0.00
4535,34949,0.00
4536,34800,0.00
4537,52648,0.00
4538,41056,0.00
4539,39374,0.00
4540,42264,0.00
4541,42620,0.00
4542,47868,0.00
4543,48082,0.00
4544,44555,0.00
4545,46316,0.00
4546,48096,0.00
4547,46408,0.00
4548,41228,0.00
4549,39482,0.00
4550,38711,0.00
4551,38805,0.00
4552,43108,0.00
4553,43594,0.00
4554,44039,0.00
4555,42060,0.00
4556,38040,0.00
4557,41601,0.00
4558,51318,0.00
4559,38109,0.00
4560,33919,0.00
4561,37869,0.00
4562,34373,0.00
4563,34610,0.00
4564,35840,0.00
4565,41908,0.00
4566,31923,0.00
4567,31826,0.00
4568,34184,0.00
4569,31198,0.00
4570,37352,0.00
4571,32212,0.00
4572,32434,0.00
4573,34865,0.00
4574,29347,0.00
4575,36828,0.00
4576,37012,0.00
4577,39367,0.00
4578,37985,0.00
4579,40259,0.00
4580,46645,0.00
4581,47246,0.00
4582,47349,0.00
4583,45075,0.00
4584,62636,0.00
4585,50754,0.00
4586,53794,0.00
4587,49611,0.00
4588,44046,0.00
4589,48338,0.00
4590,42462,0.00
4591,40762,0.00
4592,58438,0.00
4593,67307,0.00
4594,48732,0.00
4595,50730,0.00
4596,51128,0.00
4597,48812,0.00
4598,51809,0.00
4599,51569,0.00
4600,49468,0.00
4601,45183,0.00
4602,54129,0.00
4603,48803,0.00
4604,50615,0.00
4605,54294,0.00
4606,45188,0.00
4607,46646,0.00
4608,48808,0.00
4609,47039,0.00
4610,48972,0.00
4611,55563,0.00
4612,48713,0.00
4613,48892,0.00
4614,52072,0.00
4615,52313,0.00
4616,57128,0.00
4617,47748,0.00
4618,49349,0.00
4619,46232,0.00
4620,45540,0.00
4621,38894,0.00
4622,38904,0.00
4623,42659,0.00
4624,46875,0.00
4625,42197,0.00
4626,47893,0.00
4627,42477,0.00
4628,38039,0.00
4629,36026,0.00
4630,50861,0.00
4631,54084,0.00
4632,43758,0.00
4633,40443,0.00
4634,36748,0.00
4635,31817,0.00
4636,35526,0.00
4637,33985,0.00
4638,35257,0.00
4639,41676,0.00
4640,46145,0.00
4641,47272,0.00
4642,53054,0.00
4643,54829,0.00
4644,49160,0.00
4645,48329,0.00
4646,43272,0.00
4647,45038,0.00
4648,41104,0.00
4649,38668,0.00
4650,38102,0.00
4651,51253,0.00
4652,38954,0.00
4653,35938,0.00
4654,40378,0.00
4655,44657,0.00
4656,47896,0.00
4657,46641,0.00
4658,50224,0.00
4659,48910,0.00
4660,44460,0.00
4661,48776,0.00
4662,46184,0.00
4663,44785,0.00
4664,44675,0.00
4665,44551,0.00
4666,41814,0.00
4667,43274,0.00
4668,44595,0.00
4669,44126,0.00
4670,46144,0.00
4671,44740,0.00
4672,42030,0.00
4673,40897,0.00
4674,35378,0.00
4675,38599,0.00
4676,43968,0.00
4677,42058,0.00
4678,42324,0.00
4679,43198,0.00
4680,43284,0.00
4681,45019,0.00
4682,44227,0.00
4683,38884,0.00
4684,36940,0.00
4685,39552,0.00
4686,38980,0.00
4687,36950,0.00
4688,34581,0.00
4689,49821,0.00
4690,35437,0.00
4691,45588,0.00
4692,35367,0.00
4693,37310,0.00
4694,38051,0.00
4695,34781,0.00
4696,36171,0.00
4697,37738,0.00
4698,44559,0.00
4699,43524,0.00
4700,49022,0.00
4701,44902,0.00
4702,44414,0.00
4703,49999,0.00
4704,40754,0.00
4705,54531,0.00
4706,42667,0.00
4707,40258,0.00
4708,39979,0.00
4709,40741,0.00
4710,48121,0.00
4711,45900,0.00
4712,47466,0.00
4713,32914,0.00
4714,37267,0.00
4715,39283,0.00
4716,31525,0.00
4717,39257,0.00
4718,47142,0.00
4719,38213,0.00
4720,37584,0.00
4721,36626,0.00
4722,42060,0.00
4723,43745,0.00
4724,40170,0.00
4725,45844,0.00
4726,43787,0.00
4727,44001,0.00
4728,40076,0.00
4729,38091,0.00
4730,39517,0.00
4731,38532,0.00
4732,39945,0.00
4733,39240,0.00
4734,42173,0.00
4735,34268,0.00
4736,36401,0.00
4737,39379,0.00
4738,38606,0.00
4739,41194,0.00
4740,47501,0.00
4741,52552,0.00
4742,49281,0.00
4743,53060,0.00
4744,46769,0.00
4745,48326,0.00
4746,43436,0.00
4747,39469,0.00
4748,40551,0.00
4749,41262,0.00
4750,41814,0.00
4751,37748,0.00
4752,45920,0.00
4753,47289,0.00
4754,46132,0.00
4755,47176,0.00
4756,52424,0.00
4757,47360,0.00
4758,51902,0.00
4759,36481,0.00
4760,34404,0.00
4761,42559,0.00
4762,36126,0.00
4763,35964,0.00
4764,33769,0.00
4765,33844,0.00
4766,36342,0.00
4767,32394,0.00
4768,37890,0.00
4769,41773,0.00
4770,49684,0.00
4771,59344,0.00
4772,46315,0.00
4773,42573,0.00
4774,44325,0.00
4775,48178,0.00
4776,46041,0.00
4777,36668,0.00
4778,37286,0.00
4779,38542,0.00
4780,36951,0.00
4781,35122,0.00
4782,40064,0.00
4783,38693,0.00
4784,42169,0.00
4785,44196,0.00
4786,39618,0.00
4787,39567,0.00
4788,37021,0.00
4789,39183,0.00
4790,38189,0.00
4791,52521,0.00
4792,36683,0.00
4793,40847,0.00
4794,40189,0.00
4795,43181,0.00
4796,45699,0.00
4797,45501,0.00
4798,43599,0.00
4799,46426,0.00
4800,46622,0.00
4801,43048,0.00
4802,44732,0.00
4803,59043,0.00
4804,60600,0.00
4805,49073,0.00
4806,47185,0.00
4807,51982,0.00
4808,47594,0.00
4809,47677,0.00
4810,42097,0.00
4811,37780,0.00
4812,36221,0.00
4813,40906,0.00
4814,40423,0.00
4815,41856,0.00
4816,44275,0.00
4817,44246,0.00
4818,44456,0.00
4819,47985,0.00
4820,46428,0.00
4821,40654,0.00
4822,38664,0.00
4823,37961,0.00
4824,37012,0.00
4825,35689,0.00
4826,36127,0.00
4827,36257,0.00
4828,35648,0.00
4829,35519,0.00
4830,36377,0.00
4831,46827,0.00
4832,43669,0.00
4833,47494,0.00
4834,55638,0.00
4835,47316,0.00
4836,46995,0.00
4837,49895,0.00
4838,51478,0.00
4839,60770,0.00
4840,46658,0.00
4841,50629,0.00
4842,57400,0.00
4843,51899,0.00
4844,54244,0.00
4845,68032,0.00
4846,54506,0.00
4847,54003,0.00
4848,53969,0.00
4849,50201,0.00
4850,49593,0.00
4851,53689,0.00
4852,57094,0.00
4853,64887,0.00
4854,57433,0.00
4855,56437,0.00
4856,62535,0.00
4857,52011,0.00
4858,54371,0.00
4859,55647,0.00
4860,49473,0.00
4861,54076,0.00
4862,51105,0.00
4863,65163,0.00
4864,52958,0.00
4865,46422,0.00
4866,46260,0.00
4867,49164,0.00
4868,47842,0.00
4869,47527,0.00
4870,49697,0.00
4871,50947,0.00
4872,49369,0.00
4873,47675,0.00
4874,58332,0.00
4875,55267,0.00
4876,54172,0.00
4877,51130,0.00
4878,51759,0.00
4879,47923,0.00
4880,46156,0.00
4881,45475,0.00
4882,59789,0.00
4883,60094,0.00
4884,48650,0.00
4885,50969,0.00
4886,46993,0.00
4887,48830,0.00
4888,48824,0.00
4889,53073,0.00
4890,50730,0.00
4891,49597,0.00
4892,48069,0.00
4893,51135,0.00
4894,46481,0.00
4895,42447,0.00
4896,42016,0.00
4897,40137,0.00
4898,39867,0.00
4899,39491,0.00
4900,34595,0.00
4901,36121,0.00
4902,41763,0.00
4903,41564,0.00
4904,42966,0.00
4905,47308,0.00
4906,45606,0.00
4907,43723,0.00
4908,42272,0.00
4909,43570,0.00
4910,38417,0.00
4911,45063,0.00
4912,41647,0.00
4913,43541,0.00
4914,39583,0.00
4915,36470,0.00
4916,39559,0.00
4917,36574,0.00
4918,36852,0.00
4919,38250,0.00
4920,42210,0.00
4921,43030,0.00
4922,43415,0.00
4923,44893,0.00
4924,45246,0.00
4925,48621,0.00
4926,48960,0.00
4927,49960,0.00
4928,53051,0.00
4929,46869,0.00
4930,46691,0.00
4931,46087,0.00
4932,48346,0.00
4933,45137,0.00
4934,46064,0.00
4935,53715,0.00
4936,47910,0.00
4937,43553,0.00
4938,43441,0.00
4939,39178,0.00
4940,40068,0.00
4941,43168,0.00
4942,52675,0.00
4943,46901,0.00
4944,35406,0.00
4945,40013,0.00
4946,33527,0.00
4947,34345,0.00
4948,35447,0.00
4949,34434,0.00
4950,33263,0.00
4951,39161,0.00
4952,45061,0.00
4953,42748,0.00
4954,38821,0.00
4955,37255,0.00
4956,35584,0.00
4957,34947,0.00
4958,40604,0.00
4959,46227,0.00
4960,45453,0.00
4961,49604,0.00
4962,49650,0.00
4963,61510,0.00
4964,49782,0.00
4965,58848,0.00
4966,45690,0.00
4967,48933,0.00
4968,54051,0.00
4969,51277,0.00
4970,51550,0.00
4971,47582,0.00
4972,54017,0.00
4973,54281,0.00
4974,59051,0.00
4975,40723,0.00
4976,42299,0.00
4977,37736,0.00
4978,39334,0.00
4979,44157,0.00
4980,40768,0.00
4981,49264,0.00
4982,47934,0.00
4983,55544,0.00
4984,45195,0.00
4985,45057,0.00
4986,44729,0.00
4987,45176,0.00
4988,51053,0.00
4989,48813,0.00
4990,59792,0.00
4991,53876,0.00
4992,52587,0.00
4993,52059,0.00
4994,51574,0.00
4995,53010,0.00
4996,49688,0.00
4997,45563,0.00
4998,45802,0.00
4999,51453,0.00
5000,75647,0.00
5001,52440,0.00
5002,49215,0.00
5003,54440,0.00
5004,50615,0.00
5005,46368,0.00
5006,42008,0.00
5007,51860,0.00
5008,55037,0.00
5009,46988,0.00
5010,46472,0.00
5011,42055,0.00
5012,41356,0.00
5013,47412,0.00
5014,50791,0.00
5015,52233,0.00
5016,53000,0.00
5017,54331,0.00
5018,54100,0.00
5019,49900,0.00
5020,47529,0.00
5021,45429,0.00
5022,47313,0.00
5023,44509,0.00
5024,43996,0.00
5025,40011,0.00
5026,38515,0.00
5027,50743,0.00
5028,47829,0.00
5029,45879,0.00
5030,46240,0.00
5031,47916,0.00
5032,50130,0.00
5033,47741,0.00
5034,50514,0.00
5035,44254,0.00
5036,38834,0.00
5037,39948,0.00
5038,37611,0.00
5039,41154,0.00
5040,48741,0.00
5041,43554,0.00
5042,45476,0.00
5043,45604,0.00
5044,40627,0.00
5045,36858,0.00
5046,40053,0.00
5047,43163,0.00
5048,44132,0.00
5049,45800,0.00
5050,51864,0.00
5051,45848,0.00
5052,41633,0.00
5053,40455,0.00
5054,40735,0.00
5055,36468,0.00
5056,38404,0.00
5057,36289,0.00
5058,41463,0.00
5059,34601,0.00
5060,32055,0.00
5061,33128,0.00
5062,32708,0.00
5063,49490,0.00
5064,33793,0.00
5065,41408,0.00
5066,30464,0.00
5067,31372,0.00
5068,33565,0.00
5069,36302,0.00
5070,34391,0.00
5071,32805,0.00
5072,34978,0.00
5073,35444,0.00
5074,32783,0.00
5075,32560,0.00
5076,35139,0.00
5077,34020,0.00
5078,34304,0.00
5079,36794,0.00
5080,52460,0.00
5081,36117,0.00
5082,40176,0.00
5083,44718,0.00
5084,40229,0.00
5085,44643,0.00
5086,37424,0.00
5087,36137,0.00
5088,35084,0.00
5089,35643,0.00
5090,37029,0.00
5091,34532,0.00
5092,40914,0.00
5093,41175,0.00
5094,46649,0.00
5095,46126,0.00
5096,58324,0.00
5097,53105,0.00
5098,43464,0.00
5099,40935,0.00
5100,41333,0.00
5101,40564,0.00
5102,47861,0.00
5103,42118,0.00
5104,40467,0.00
5105,35667,0.00
5106,40094,0.00
5107,41344,0.00
5108,39889,0.00
5109,43235,0.00
5110,44201,0.00
5111,40054,0.00
5112,39895,0.00
5113,37841,0.00
5114,45650,0.00
5115,44984,0.00
5116,40484,0.00
5117,42275,0.00
5118,41385,0.00
5119,46223,0.00
5120,43580,0.00
5121,44408,0.00
5122,45862,0.00
5123,45450,0.00
5124,46794,0.00
5125,46856,0.00
5126,45472,0.00
5127,43432,0.00
5128,48697,0.00
5129,69107,0.00
5130,63498,0.00
5131,48232,0.00
5132,45603,0.00
5133,44087,0.00
5134,47244,0.00
5135,43159,0.00
5136,43451,0.00
5137,44560,0.00
5138,43952,0.00
5139,47294,0.00
5140,43877,0.00
5141,50123,0.00
5142,40928,0.00
5143,44894,0.00
5144,42508,0.00
5145,39291,0.00
5146,38495,0.00
5147,38748,0.00
5148,40504,0.00
5149,36599,0.00
5150,39384,0.00
5151,40872,0.00
5152,37832,0.00
5153,34554,0.00
5154,36113,0.00
5155,36975,0.00
5156,42622,0.00
5157,47132,0.00
5158,54840,0.00
5159,46984,0.00
5160,35030,0.00
5161,39962,0.00
5162,35203,0.00
5163,46485,0.00
5164,37888,0.00
5165,37878,0.00
5166,43205,0.00
5167,47660,0.00
5168,42031,0.00
5169,39273,0.00
5170,41738,0.00
5171,37714,0.00
5172,44303,0.00
5173,38399,0.00
5174,45747,0.00
5175,40152,0.00
5176,39893,0.00
5177,41608,0.00
5178,39804,0.00
5179,44710,0.00
5180,41173,0.00
5181,44684,0.00
5182,39298,0.00
5183,41657,0.00
5184,44477,0.00
5185,42792,0.00
5186,38730,0.00
5187,48333,0.00
5188,41716,0.00
5189,42792,0.00
5190,39654,0.00
5191,39072,0.00
5192,38260,0.00
5193,53373,0.00
5194,39792,0.00
5195,35698,0.00
5196,40742,0.00
5197,44266,0.00
5198,32090,0.00
5199,30461,0.00
5200,34917,0.00
5201,34646,0.00
5202,35588,0.00
5203,35761,0.00
5204,38819,0.00
5205,40071,0.00
5206,40100,0.00
5207,41647,0.00
5208,41364,0.00
5209,33631,0.00
5210,37030,0.00
5211,39129,0.00
5212,38571,0.00
5213,44388,0.00
5214,46233,0.00
5215,34535,0.00
5216,37706,0.00
5217,47249,0.00
5218,44577,0.00
5219,36836,0.00
5220,43644,0.00
5221,37388,0.00
5222,38384,0.00
5223,41550,0.00
5224,41203,0.00
5225,45080,0.00
5226,45857,0.00
5227,46145,0.00
5228,42464,0.00
5229,39499,0.00
5230,39606,0.00
5231,44356,0.00
5232,45635,0.00
5233,53311,0.00
5234,47918,0.00
5235,56277,0.00
5236,49672,0.00
5237,51075,0.00
5238,45786,0.00
5239,45529,0.00
5240,51608,0.00
5241,49250,0.00
5242,49494,0.00
5243,46744,0.00
5244,51498,0.00
5245,48159,0.00
5246,45984,0.00
5247,46590,0.00
5248,45415,0.00
5249,44735,0.00
5250,50592,0.00
5251,51211,0.00
5252,49659,0.00
5253,46441,0.00
5254,44458,0.00
5255,51731,0.00
5256,52142,0.00
5257,54598,0.00
5258,52629,0.00
5259,52214,0.00
5260,52552,0.00
5261,47381,0.00
5262,51298,0.00
5263,45182,0.00
5264,60046,0.00
5265,46375,0.00
5266,40889,0.00
5267,42561,0.00
5268,45589,0.00
5269,44705,0.00
5270,50012,0.00
5271,44534,0.00
5272,50664,0.00
5273,40665,0.00
5274,37992,0.00
5275,31246,0.00
5276,29231,0.00
5277,38860,0.00
5278,39716,0.00
5279,43170,0.00
5280,37186,0.00
5281,39671,0.00
5282,42254,0.00
5283,49917,0.00
5284,45456,0.00
5285,44502,0.00
5286,46374,0.00
5287,40624,0.00
5288,51410,0.00
5289,47363,0.00
5290,45205,0.00
5291,45037,0.00
5292,46676,0.00
5293,44462,0.00
5294,47618,0.00
5295,50634,0.00
5296,43196,0.00
5297,38604,0.00
5298,38444,0.00
5299,41688,0.00
5300,48046,0.00
5301,46545,0.00
5302,43869,0.00
5303,44248,0.00
5304,40012,0.00
5305,43826,0.00
5306,42888,0.00
5307,58711,0.00
5308,51572,0.00
5309,49522,0.00
5310,48888,0.00
5311,40066,0.00
5312,37506,0.00
5313,37356,0.00
5314,34196,0.00
5315,43812,0.00
5316,47032,0.00
5317,41542,0.00
5318,41042,0.00
5319,41417,0.00
5320,43363,0.00
5321,39107,0.00
5322,42064,0.00
5323,38675,0.00
5324,39461,0.00
5325,36808,0.00
5326,37566,0.00
5327,40515,0.00
5328,39880,0.00
5329,41846,0.00
5330,48783,0.00
5331,47475,0.00
5332,48889,0.00
5333,48099,0.00
5334,41030,0.00
5335,40820,0.00
5336,36329,0.00
5337,36715,0.00
5338,37693,0.00
5339,43620,0.00
5340,40624,0.00
5341,41447,0.00
5342,54290,0.00
5343,41857,0.00
5344,44270,0.00
5345,40514,0.00
5346,44597,0.00
5347,45244,0.00
5348,43559,0.00
5349,43981,0.00
5350,42532,0.00
5351,40128,0.00
5352,42019,0.00
5353,37807,0.00
5354,37597,0.00
5355,35115,0.00
5356,34571,0.00
5357,36171,0.00
5358,41404,0.00
5359,38272,0.00
5360,38052,0.00
5361,49448,0.00
5362,45756,0.00
5363,43087,0.00
5364,43463,0.00
5365,42570,0.00
5366,48527,0.00
5367,49815,0.00
5368,50323,0.00
5369,49312,0.00
5370,58524,0.00
5371,58172,0.00
5372,51009,0.00
5373,50932,0.00
5374,58041,0.00
5375,52715,0.00
5376,48088,0.00
5377,47855,0.00
5378,47874,0.00
5379,49292,0.00
5380,46953,0.00
5381,50878,0.00
5382,49494,0.00
5383,50035,0.00
5384,51451,0.00
5385,40982,0.00
5386,44781,0.00
5387,41088,0.00
5388,43727,0.00
5389,37690,0.00
5390,42367,0.00
5391,44994,0.00
5392,44499,0.00
5393,47768,0.00
5394,46934,0.00
5395,44447,0.00
5396,45752,0.00
5397,43934,0.00
5398,42600,0.00
5399,46433,0.00
5400,43781,0.00
5401,49937,0.00
5402,44368,0.00
5403,40705,0.00
5404,39419,0.00
5405,36318,0.00
5406,42955,0.00
5407,45630,0.00
5408,46916,0.00
5409,45304,0.00
5410,61138,0.00
5411,41973,0.00
5412,40614,0.00
5413,38628,0.00
5414,39950,0.00
5415,44362,0.00
5416,45245,0.00
5417,42340,0.00
5418,51207,0.00
5419,38295,0.00
5420,42407,0.00
5421,43830,0.00
5422,42898,0.00
5423,64363,0.00
5424,45796,0.00
5425,43592,0.00
5426,40497,0.00
5427,41354,0.00
5428,40616,0.00
5429,41628,0.00
5430,45527,0.00
5431,50278,0.00
5432,67362,0.00
5433,49429,0.00
5434,47582,0.00
5435,50950,0.00
5436,54098,0.00
5437,63362,0.00
5438,46747,0.00
5439,48943,0.00
5440,43513,0.00
5441,45970,0.00
5442,53872,0.00
5443,52282,0.00
5444,48704,0.00
5445,46638,0.00
5446,52284,0.00
5447,46730,0.00
5448,49972,0.00
5449,44552,0.00
5450,48487,0.00
5451,42924,0.00
5452,50181,0.00
5453,45788,0.00
5454,43647,0.00
5455,44694,0.00
5456,58938,0.00
5457,57493,0.00
5458,44706,0.00
5459,46865,0.00
5460,43804,0.00
5461,44635,0.00
5462,41285,0.00
5463,43985,0.00
5464,52223,0.00
5465,50000,0.00
5466,51971,0.00
5467,53523,0.00
5468,50836,0.00
5469,52393,0.00
5470,54815,0.00
5471,49973,0.00
5472,48255,0.00
5473,56124,0.00
5474,56877,0.00
5475,51682,0.00
5476,52067,0.00
5477,56439,0.00
5478,52054,0.00
5479,54408,0.00
5480,49604,0.00
5481,53842,0.00
5482,50368,0.00
5483,52884,0.00
5484,94061,0.00
5485,60869,0.00
5486,53586,0.00
5487,52049,0.00
5488,56958,0.00
5489,50119,0.00
5490,57957,0.00
5491,51981,0.00
5492,56699,0.00
5493,66231,0.00
5494,53716,0.00
5495,60673,0.00
5496,53802,0.00
5497,56109,0.00
5498,58301,0.00
5499,54905,0.00
5500,54460,0.00
5501,53402,0.00
5502,59306,0.00
5503,54512,0.00
5504,48307,0.00
5505,49745,0.00
5506,47887,0.00
5507,51868,0.00
5508,46512,0.00
5509,40785,0.00
5510,42241,0.00
5511,46090,0.00
5512,42170,0.00
5513,45206,0.00
5514,44842,0.00
5515,47916,0.00
5516,41783,0.00
5517,51912,0.00
5518,46496,0.00
5519,43223,0.00
5520,38841,0.00
5521,36988,0.00
5522,41364,0.00
5523,51856,0.00
5524,38499,0.00
5525,38216,0.00
5526,43704,0.00
5527,45475,0.00
5528,40185,0.00
5529,40239,0.00
5530,41438,0.00
5531,43490,0.00
5532,54727,0.00
5533,44614,0.00
5534,48102,0.00
5535,53421,0.00
5536,49806,0.00
5537,52185,0.00
5538,54732,0.00
5539,46042,0.00
5540,53488,0.00
5541,50300,0.00
5542,51329,0.00
5543,48402,0.00
5544,47918,0.00
5545,49944,0.00
5546,53462,0.00
5547,52199,0.00
5548,52115,0.00
5549,52254,0.00
5550,52654,0.00
5551,48446,0.00
5552,49983,0.00
5553,50201,0.00
5554,48678,0.00
5555,44254,0.00
5556,44656,0.00
5557,44667,0.00
5558,44674,0.00
5559,47503,0.00
5560,43290,0.00
5561,48952,0.00
5562,47167,0.00
5563,54323,0.00
5564,49801,0.00
5565,47610,0.00
5566,50191,0.00
5567,38738,0.00
5568,46502,0.00
5569,45149,0.00
5570,48235,0.00
5571,57969,0.00
5572,50500,0.00
5573,50351,0.00
5574,67808,0.00
5575,50045,0.00
5576,53144,0.00
5577,61702,0.00
5578,56473,0.00
5579,59909,0.00
5580,59558,0.00
5581,57452,0.00
5582,67680,0.00
5583,55771,0.00
5584,57591,0.00
5585,74073,0.00
5586,53882,0.00
5587,58343,0.00
5588,59866,0.00
5589,59090,0.00
5590,50069,0.00
5591,53641,0.00
5592,51731,0.00
5593,47442,0.00
5594,40150,0.00
5595,67073,0.00
5596,46425,0.00
5597,49823,0.00
5598,51015,0.00
5599,46191,0.00
5600,48430,0.00
5601,63409,0.00
5602,50970,0.00
5603,46521,0.00
5604,56132,0.00
5605,46598,0.00
5606,49369,0.00
5607,51479,0.00
5608,51496,0.00
5609,47305,0.00
5610,43920,0.00
5611,48485,0.00
5612,52325,0.00
5613,43599,0.00
5614,36612,0.00
5615,43729,0.00
5616,42004,0.00
5617,40171,0.00
5618,46044,0.00
5619,48878,0.00
5620,46458,0.00
5621,58645,0.00
5622,44159,0.00
5623,45776,0.00
5624,46613,0.00
5625,60275,0.00
5626,65422,0.00
5627,50388,0.00
5628,61467,0.00
5629,51641,0.00
5630,48092,0.00
5631,46130,0.00
5632,50865,0.00
5633,49765,0.00
5634,44632,0.00
5635,45141,0.00
5636,47742,0.00
5637,48854,0.00
5638,51039,0.00
5639,48629,0.00
5640,47497,0.00
5641,45440,0.00
5642,46926,0.00
5643,47931,0.00
5644,51195,0.00
5645,52898,0.00
5646,51877,0.00
5647,53157,0.00
5648,50901,0.00
5649,68349,0.00
5650,50191,0.00
5651,50230,0.00
5652,46201,0.00
5653,45506,0.00
5654,46185,0.00
5655,47017,0.00
5656,50722,0.00
5657,50331,0.00
5658,47816,0.00
5659,48386,0.00
5660,47468,0.00
5661,53707,0.00
5662,52692,0.00
5663,47306,0.00
5664,48741,0.00
5665,50277,0.00
5666,54819,0.00
5667,56930,0.00
5668,62029,0.00
5669,53866,0.00
5670,59492,0.00
5671,57544,0.00
5672,55243,0.00
5673,53773,0.00
5674,57631,0.00
5675,55320,0.00
5676,51232,0.00
5677,57307,0.00
5678,67493,0.00
5679,50009,0.00
5680,46552,0.00
5681,52454,0.00
5682,48490,0.00
5683,43535,0.00
5684,50921,0.00
5685,59772,0.00
5686,50171,0.00
5687,49179,0.00
5688,49057,0.00
5689,44121,0.00
5690,61747,0.00
5691,48093,0.00
5692,50741,0.00
5693,43506,0.00
5694,45439,0.00
5695,52015,0.00
5696,37882,0.00
5697,38950,0.00
5698,34575,0.00
5699,38404,0.00
5700,45164,0.00
5701,36656,0.00
5702,41327,0.00
5703,36880,0.00
5704,38390,0.00
5705,37596,0.00
5706,42192,0.00
5707,47938,0.00
5708,43346,0.00
5709,42827,0.00
5710,50582,0.00
5711,39606,0.00
5712,39152,0.00
5713,37961,0.00
5714,39797,0.00
5715,35770,0.00
5716,37650,0.00
5717,43167,0.00
5718,32654,0.00
5719,39156,0.00
5720,46718,0.00
5721,44391,0.00
5722,47342,0.00
5723,52310,0.00
5724,54631,0.00
5725,51064,0.00
5726,48217,0.00
5727,46826,0.00
5728,44756,0.00
5729,49061,0.00
5730,46150,0.00
5731,46564,0.00
5732,42944,0.00
5733,38314,0.00
5734,40267,0.00
5735,44525,0.00
5736,43191,0.00
5737,50259,0.00
5738,32920,0.00
5739,39622,0.00
5740,45595,0.00
5741,47620,0.00
5742,40882,0.00
5743,39768,0.00
5744,42791,0.00
5745,41143,0.00
5746,43773,0.00
5747,43851,0.00
5748,46497,0.00
5749,44679,0.00
5750,43313,0.00
5751,41034,0.00
5752,44874,0.00
5753,52210,0.00
5754,51649,0.00
5755,60010,0.00
5756,54043,0.00
5757,52524,0.00
5758,52955,0.00
5759,50719,0.00
5760,46242,0.00
5761,46801,0.00
5762,44084,0.00
5763,50990,0.00
5764,51054,0.00
5765,50026,0.00
5766,51609,0.00
5767,49116,0.00
5768,51475,0.00
5769,54665,0.00
5770,65266,0.00
5771,55112,0.00
5772,51777,0.00
5773,51053,0.00
5774,45885,0.00
5775,51456,0.00
5776,48194,0.00
5777,43880,0.00
5778,42960,0.00
5779,42195,0.00
5780,51115,0.00
5781,48404,0.00
5782,47121,0.00
5783,49561,0.00
5784,49526,0.00
5785,56580,0.00
5786,50173,0.00
5787,49513,0.00
5788,48385,0.00
5789,49669,0.00
5790,44049,0.00
5791,45042,0.00
5792,45456,0.00
5793,56755,0.00
5794,43764,0.00
5795,41413,0.00
5796,39796,0.00
5797,34748,0.00
5798,36033,0.00
5799,38997,0.00
5800,38626,0.00
5801,38936,0.00
5802,40732,0.00
5803,40526,0.00
5804,43776,0.00
5805,47013,0.00
5806,55488,0.00
5807,51477,0.00
5808,51419,0.00
5809,47619,0.00
5810,51338,0.00
5811,51204,0.00
5812,56473,0.00
5813,54438,0.00
5814,51950,0.00
5815,54835,0.00
5816,50541,0.00
5817,55040,0.00
5818,58889,0.00
5819,53880,0.00
5820,50137,0.00
5821,44387,0.00
5822,41678,0.00
5823,46739,0.00
5824,47762,0.00
5825,48379,0.00
5826,49569,0.00
5827,53096,0.00
5828,58681,0.00
5829,63762,0.00
5830,45484,0.00
5831,47532,0.00
5832,53068,0.00
5833,46364,0.00
5834,49618,0.00
5835,40784,0.00
5836,38276,0.00
5837,40556,0.00
5838,38594,0.00
5839,36921,0.00
5840,38993,0.00
5841,42524,0.00
5842,40079,0.00
5843,54894,0.00
5844,49596,0.00
5845,46404,0.00
5846,52021,0.00
5847,52336,0.00
5848,52253,0.00
5849,50345,0.00
5850,60714,0.00
5851,53792,0.00
5852,51471,0.00
5853,66308,0.00
5854,61060,0.00
5855,58414,0.00
5856,61612,0.00
5857,64017,0.00
5858,52530,0.00
5859,59661,0.00
5860,50811,0.00
5861,53504,0.00
5862,53064,0.00
5863,55218,0.00
5864,52089,0.00
5865,52262,0.00
5866,56337,0.00
5867,53702,0.00
5868,53908,0.00
5869,53146,0.00
5870,57452,0.00
5871,55919,0.00
5872,55001,0.00
5873,57954,0.00
5874,52711,0.00
5875,52916,0.00
5876,59449,0.00
5877,56355,0.00
5878,56699,0.00
5879,57825,0.00
5880,55631,0.00
5881,54455,0.00
5882,62992,0.00
5883,54315,0.00
5884,59484,0.00
5885,56838,0.00
5886,52774,0.00
5887,59854,0.00
5888,56627,0.00
5889,54681,0.00
5890,55644,0.00
5891,55083,0.00
5892,58877,0.00
5893,58796,0.00
5894,70010,0.00
5895,68310,0.00
5896,58626,0.00
5897,68708,0.00
5898,54174,0.00
5899,52554,0.00
5900,45868,0.00
5901,48904,0.00
5902,52545,0.00
5903,53238,0.00
5904,46726,0.00
5905,48932,0.00
5906,49494,0.00
5907,62589,0.00
5908,52052,0.00
5909,52543,0.00
5910,57617,0.00
5911,74741,0.00
5912,67689,0.00
5913,52829,0.00
5914,63319,0.00
5915,64639,0.00
5916,53950,0.00
5917,51874,0.00
5918,57539,0.00
5919,51185,0.00
5920,53234,0.00
5921,56871,0.00
5922,60477,0.00
5923,56374,0.00
5924,58796,0.00
5925,56894,0.00
5926,53849,0.00
5927,58999,0.00
5928,54801,0.00
5929,58629,0.00
5930,52882,0.00
5931,49722,0.00
5932,51301,0.00
5933,53103,0.00
5934,52126,0.00
5935,56459,0.00
5936,56724,0.00
5937,61221,0.00
5938,57501,0.00
5939,51973,0.00
5940,42885,0.00
5941,42840,0.00
5942,53210,0.00
5943,49039,0.00
5944,49741,0.00
5945,50545,0.00
5946,45928,0.00
5947,46963,0.00
5948,45214,0.00
5949,41222,0.00
5950,49637,0.00
5951,44987,0.00
5952,50275,0.00
5953,53864,0.00
5954,52354,0.00
5955,50976,0.00
5956,46062,0.00
5957,49238,0.00
5958,61926,0.00
5959,53102,0.00
5960,60937,0.00
5961,46592,0.00
5962,44984,0.00
5963,43964,0.00
5964,47751,0.00
5965,49816,0.00
5966,49502,0.00
5967,58107,0.00
5968,53095,0.00
5969,54706,0.00
5970,54921,0.00
5971,56178,0.00
5972,59568,0.00
5973,54882,0.00
5974,57585,0.00
5975,57382,0.00
5976,57824,0.00
5977,67016,0.00
5978,55238,0.00
5979,59783,0.00
5980,59675,0.00
5981,52613,0.00
5982,54512,0.00
5983,67468,0.00
5984,55225,0.00
5985,67718,0.00
5986,57309,0.00
5987,56041,0.00
5988,56291,0.00
5989,54506,0.00
5990,64358,0.00
5991,61629,0.00
5992,158896,0.00
5993,58807,0.00
5994,57514,0.00
5995,59977,0.00
5996,60540,0.00
5997,60232,0.00
5998,61424,0.00
5999,61792,0.00
6000,87019,0.00
6001,70835,0.00
6002,61298,0.00
6003,61167,0.00
6004,61303,0.00
6005,67766,0.00
6006,56533,0.00
6007,55576,0.00
6008,61450,0.00
6009,58601,0.00
6010,55952,0.00
6011,61029,0.00
6012,59880,0.00
6013,57950,0.00
6014,55837,0.00
6015,53048,0.00
6016,49341,0.00
6017,45489,0.00
6018,52066,0.00
6019,50237,0.00
6020,52320,0.00
6021,48160,0.00
6022,45215,0.00
6023,45106,0.00
6024,44788,0.00
6025,43431,0.00
6026,43402,0.00
6027,45793,0.00
6028,48068,0.00
6029,47314,0.00
6030,47640,0.00
6031,42756,0.00
6032,45636,0.00
6033,43668,0.00
6034,49626,0.00
6035,46648,0.00
6036,50204,0.00
6037,46637,0.00
6038,48945,0.00
6039,46936,0.00
6040,47923,0.00
6041,50834,0.00
6042,46767,0.00
6043,51321,0.00
6044,50812,0.00
6045,50350,0.00
6046,48471,0.00
6047,47692,0.00
6048,52002,0.00
6049,47991,0.00
6050,51654,0.00
6051,38200,0.00
6052,44261,0.00
6053,44572,0.00
6054,41128,0.00
6055,41198,0.00
6056,45646,0.00
6057,64847,0.00
6058,64593,0.00
6059,59947,0.00
6060,48105,0.00
6061,46357,0.00
6062,52103,0.00
6063,58886,0.00
6064,45197,0.00
6065,49698,0.00
6066,39025,0.00
6067,43822,0.00
6068,47052,0.00
6069,42938,0.00
6070,43950,0.00
6071,49638,0.00
6072,39973,0.00
6073,39824,0.00
6074,44284,0.00
6075,42941,0.00
6076,45204,0.00
6077,46010,0.00
6078,38566,0.00
6079,38776,0.00
6080,45854,0.00
6081,45667,0.00
6082,56787,0.00
6083,47443,0.00
6084,49633,0.00
6085,48970,0.00
6086,59244,0.00
6087,47991,0.00
6088,48232,0.00
6089,46116,0.00
6090,45582,0.00
6091,40758,0.00
6092,38751,0.00
6093,46564,0.00
6094,46932,0.00
6095,45024,0.00
6096,42437,0.00
6097,43351,0.00
6098,43905,0.00
6099,39840,0.00
6100,39256,0.00
6101,48449,0.00
6102,42565,0.00
6103,44669,0.00
6104,42936,0.00
6105,42442,0.00
6106,36377,0.00
6107,40419,0.00
6108,41097,0.00
6109,44754,0.00
6110,43880,0.00
6111,48040,0.00
6112,43413,0.00
6113,50628,0.00
6114,57516,0.00
6115,57005,0.00
6116,52585,0.00
6117,57420,0.00
6118,114181,0.00
6119,60564,0.00
6120,53264,0.00
6121,54654,0.00
6122,52695,0.00
6123,58301,0.00
6124,69983,0.00
6125,53352,0.00
6126,59501,0.00
6127,52147,0.00
6128,65396,0.00
6129,50881,0.00
6130,51235,0.00
6131,55165,0.00
6132,59218,0.00
6133,57910,0.00
6134,63462,0.00
6135,57350,0.00
6136,61461,0.00
6137,56551,0.00
6138,56675,0.00
6139,55703,0.00
6140,63446,0.00
6141,52569,0.00
6142,118039,0.00
6143,47987,0.00
6144,61918,0.00
6145,55074,0.00
6146,51288,0.00
6147,69305,0.00
6148,51834,0.00
6149,48697,0.00
6150,49070,0.00
6151,49245,0.00
6152,45531,0.00
6153,49872,0.00
6154,45564,0.00
6155,51446,0.00
6156,53526,0.00
6157,50945,0.00
6158,44784,0.00
6159,44544,0.00
6160,43181,0.00
6161,44935,0.00
6162,46839,0.00
6163,47698,0.00
6164,44987,0.00
6165,51312,0.00
6166,48680,0.00
6167,57281,0.00
6168,46785,0.00
6169,50696,0.00
6170,49249,0.00
6171,47925,0.00
6172,44635,0.00
6173,36507,0.00
6174,40213,0.00
6175,39774,0.00
6176,39430,0.00
6177,50913,0.00
6178,47899,0.00
6179,44181,0.00
6180,50098,0.00
6181,50709,0.00
6182,57090,0.00
6183,54751,0.00
6184,49939,0.00
6185,47694,0.00
6186,53806,0.00
6187,49093,0.00
6188,52263,0.00
6189,45793,0.00
6190,44654,0.00
6191,45171,0.00
6192,41969,0.00
6193,41974,0.00
6194,41226,0.00
6195,47021,0.00
6196,48586,0.00
6197,52492,0.00
6198,47577,0.00
6199,48790,0.00
6200,46883,0.00
6201,46949,0.00
6202,44195,0.00
6203,48616,0.00
6204,47166,0.00
6205,39849,0.00
6206,50718,0.00
6207,56377,0.00
6208,49664,0.00
6209,46967,0.00
6210,46068,0.00
6211,40054,0.00
6212,39007,0.00
6213,42317,0.00
6214,60669,0.00
6215,46400,0.00
6216,39831,0.00
6217,40968,0.00
6218,48778,0.00
6219,42643,0.00
6220,44643,0.00
6221,40667,0.00
6222,42745,0.00
6223,39789,0.00
6224,45713,0.00
6225,57937,0.00
6226,51192,0.00
6227,45871,0.00
6228,46713,0.00
6229,44004,0.00
6230,40435,0.00
6231,46237,0.00
6232,40864,0.00
6233,43433,0.00
6234,40035,0.00
6235,37049,0.00
6236,36224,0.00
6237,37415,0.00
6238,38211,0.00
6239,37652,0.00
6240,48988,0.00
6241,50432,0.00
6242,49847,0.00
6243,54294,0.00
6244,53905,0.00
6245,62815,0.00
6246,56756,0.00
6247,58780,0.00
6248,56281,0.00
6249,71854,0.00
6250,59117,0.00
6251,53644,0.00
6252,55893,0.00
6253,48907,0.00
6254,53860,0.00
6255,54793,0.00
6256,55251,0.00
6257,52392,0.00
6258,64241,0.00
6259,57412,0.00
6260,55676,0.00
6261,55912,0.00
6262,57366,0.00
6263,51125,0.00
6264,52489,0.00
6265,47906,0.00
6266,41665,0.00
6267,60643,0.00
6268,48163,0.00
6269,52244,0.00
6270,48288,0.00
6271,42948,0.00
6272,50321,0.00
6273,48277,0.00
6274,49427,0.00
6275,50172,0.00
6276,47820,0.00
6277,47367,0.00
6278,46596,0.00
6279,39184,0.00
6280,35666,0.00
6281,38960,0.00
6282,44602,0.00
6283,48350,0.00
6284,51621,0.00
6285,48446,0.00
6286,41132,0.00
6287,40738,0.00
6288,39798,0.00
6289,42192,0.00
6290,38503,0.00
6291,40791,0.00
6292,40860,0.00
6293,44585,0.00
6294,46854,0.00
6295,41862,0.00
6296,47920,0.00
6297,48142,0.00
6298,49452,0.00
6299,53474,0.00
6300,62115,0.00
6301,69355,0.00
6302,54813,0.00
6303,68344,0.00
6304,69427,0.00
6305,53324,0.00
6306,55647,0.00
6307,55395,0.00
6308,64567,0.00
6309,54684,0.00
6310,58299,0.00
6311,50096,0.00
6312,47663,0.00
6313,47612,0.00
6314,50496,0.00
6315,43938,0.00
6316,56907,0.00
6317,49284,0.00
6318,55617,0.00
6319,52255,0.00
6320,57136,0.00
6321,59865,0.00
6322,66190,0.00
6323,49854,0.00
6324,49343,0.00
6325,43931,0.00
6326,44818,0.00
6327,43875,0.00
6328,43075,0.00
6329,38532,0.00
6330,43366,0.00
6331,43421,0.00
6332,51120,0.00
6333,45917,0.00
6334,41268,0.00
6335,43675,0.00
6336,44106,0.00
6337,47935,0.00
6338,46629,0.00
6339,46058,0.00
6340,44661,0.00
6341,42746,0.00
6342,55771,0.00
6343,44169,0.00
6344,40919,0.00
6345,56300,0.00
6346,42286,0.00
6347,42287,0.00
6348,43055,0.00
6349,45137,0.00
6350,48628,0.00
6351,47941,0.00
6352,51112,0.00
6353,55889,0.00
6354,56737,0.00
6355,55319,0.00
6356,51639,0.00
6357,70813,0.00
6358,72500,0.00
6359,54861,0.00
6360,52265,0.00
6361,51497,0.00
6362,63443,0.00
6363,56186,0.00
6364,52122,0.00
6365,66129,0.00
6366,65091,0.00
6367,52638,0.00
6368,54474,0.00
6369,62204,0.00
6370,60776,0.00
6371,67497,0.00
6372,54391,0.00
6373,53045,0.00
6374,63564,0.00
6375,50200,0.00
6376,54848,0.00
6377,51967,0.00
6378,61495,0.00
6379,55783,0.00
6380,50324,0.00
6381,53715,0.00
6382,49429,0.00
6383,60007,0.00
6384,54099,0.00
6385,51467,0.00
6386,51054,0.00
6387,49813,0.00
6388,56591,0.00
6389,53618,0.00
6390,48380,0.00
6391,56348,0.00
6392,55120,0.00
6393,51378,0.00
6394,72581,0.00
6395,60542,0.00
6396,59603,0.00
6397,61321,0.00
6398,57352,0.00
6399,54073,0.00
6400,52922,0.00
6401,53839,0.00
6402,57097,0.00
6403,54751,0.00
6404,56684,0.00
6405,52373,0.00
6406,52430,0.00
6407,51805,0.00
6408,56838,0.00
6409,55874,0.00
6410,58636,0.00
6411,57205,0.00
6412,58108,0.00
6413,53505,0.00
6414,50078,0.00
6415,55779,0.00
6416,60814,0.00
6417,57635,0.00
6418,54370,0.00
6419,58648,0.00
6420,51127,0.00
6421,52822,0.00
6422,52720,0.00
6423,49718,0.00
6424,49860,0.00
6425,51421,0.00
6426,44713,0.00
6427,44466,0.00
6428,52110,0.00
6429,47859,0.00
6430,49976,0.00
6431,54001,0.00
6432,63825,0.00
6433,51472,0.00
6434,49986,0.00
6435,56891,0.00
6436,48216,0.00
6437,45345,0.00
6438,44235,0.00
6439,47059,0.00
6440,44274,0.00
6441,40367,0.00
6442,39816,0.00
6443,42095,0.00
6444,46305,0.00
6445,36048,0.00
6446,41719,0.00
6447,45239,0.00
6448,40364,0.00
6449,37433,0.00
6450,34927,0.00
6451,92016,0.00
6452,37480,0.00
6453,38856,0.00
6454,38047,0.00
6455,37811,0.00
6456,38079,0.00
6457,45626,0.00
6458,43949,0.00
6459,43195,0.00
6460,43127,0.00
6461,38653,0.00
6462,42867,0.00
6463,37141,0.00
6464,40451,0.00
6465,45099,0.00
6466,39714,0.00
6467,52264,0.00
6468,44896,0.00
6469,44938,0.00
6470,46196,0.00
6471,43842,0.00
6472,47378,0.00
6473,51609,0.00
6474,51098,0.00
6475,47292,0.00
6476,49557,0.00
6477,44504,0.00
6478,49361,0.00
6479,51553,0.00
6480,52051,0.00
6481,47177,0.00
6482,53940,0.00
6483,51051,0.00
6484,66386,0.00
6485,48694,0.00
6486,46261,0.00
6487,42654,0.00
6488,44332,0.00
6489,44990,0.00
6490,46149,0.00
6491,40968,0.00
6492,44178,0.00
6493,43306,0.00
6494,42462,0.00
6495,37256,0.00
6496,35965,0.00
6497,40338,0.00
6498,39629,0.00
6499,41863,0.00
6500,41608,0.00
6501,41805,0.00
6502,46131,0.00
6503,48127,0.00
6504,46643,0.00
6505,54702,0.00
6506,46917,0.00
6507,51221,0.00
6508,49243,0.00
6509,47819,0.00
6510,46237,0.00
6511,40812,0.00
6512,36089,0.00
6513,35680,0.00
6514,42698,0.00
6515,47233,0.00
6516,41286,0.00
6517,43597,0.00
6518,43910,0.00
6519,54343,0.00
6520,51877,0.00
6521,43809,0.00
6522,46187,0.00
6523,44024,0.00
6524,45120,0.00
6525,26360,0.00
6526,51763,0.00
6527,39031,0.00
6528,42099,0.00
6529,45433,0.00
6530,39407,0.00
6531,48838,0.00
6532,39467,0.00
6533,36001,0.00
6534,40829,0.00
6535,35137,0.00
6536,35763,0.00
6537,48026,0.00
6538,40452,0.00
6539,38048,0.00
6540,37658,0.00
6541,39066,0.00
6542,43747,0.00
6543,41438,0.00
6544,37121,0.00
6545,40163,0.00
6546,40306,0.00
6547,41494,0.00
6548,44258,0.00
6549,39955,0.00
6550,42212,0.00
6551,43343,0.00
6552,49504,0.00
6553,43750,0.00
6554,46069,0.00
6555,44896,0.00
6556,45256,0.00
6557,44753,0.00
6558,45793,0.00
6559,47312,0.00
6560,44586,0.00
6561,44933,0.00
6562,42957,0.00
6563,45557,0.00
6564,48862,0.00
6565,41133,0.00
6566,36319,0.00
6567,42537,0.00
6568,42981,0.00
6569,45223,0.00
6570,46221,0.00
6571,41187,0.00
6572,38444,0.00
6573,36323,0.00
6574,37948,0.00
6575,37869,0.00
6576,38458,0.00
6577,33293,0.00
6578,36919,0.00
6579,33134,0.00
6580,35093,0.00
6581,46559,0.00
6582,43714,0.00
6583,44609,0.00
6584,38885,0.00
6585,40369,0.00
6586,44244,0.00
6587,44355,0.00
6588,40161,0.00
6589,45592,0.00
6590,43226,0.00
6591,44477,0.00
6592,40136,0.00
6593,39617,0.00
6594,38652,0.00
6595,41799,0.00
6596,43122,0.00
6597,43385,0.00
6598,40150,0.00
6599,41794,0.00
6600,42005,0.00
6601,42729,0.00
6602,44328,0.00
6603,45393,0.00
6604,48689,0.00
6605,50852,0.00
6606,49065,0.00
6607,54381,0.00
6608,55565,0.00
6609,51392,0.00
6610,50517,0.00
6611,56528,0.00
6612,49841,0.00
6613,44662,0.00
6614,45657,0.00
6615,51070,0.00
6616,48748,0.00
6617,51572,0.00
6618,47753,0.00
6619,57891,0.00
6620,66644,0.00
6621,56087,0.00
6622,53392,0.00
6623,54733,0.00
6624,66192,0.00
6625,52509,0.00
6626,51025,0.00
6627,50742,0.00
6628,50253,0.00
6629,49544,0.00
6630,48130,0.00
6631,52072,0.00
6632,59585,0.00
6633,46568,0.00
6634,49469,0.00
6635,45807,0.00
6636,43500,0.00
6637,51188,0.00
6638,57610,0.00
6639,50216,0.00
6640,46078,0.00
6641,62202,0.00
6642,54007,0.00
6643,48075,0.00
6644,53597,0.00
6645,48587,0.00
6646,44629,0.00
6647,42594,0.00
6648,43005,0.00
6649,45988,0.00
6650,44142,0.00
6651,43070,0.00
6652,45765,0.00
6653,56250,0.00
6654,46384,0.00
6655,54411,0.00
6656,47003,0.00
6657,49900,0.00
6658,45113,0.00
6659,43135,0.00
6660,41649,0.00
6661,41692,0.00
6662,37984,0.00
6663,36046,0.00
6664,45532,0.00
6665,49033,0.00
6666,42544,0.00
6667,58017,0.00
6668,44318,0.00
6669,46681,0.00
6670,48414,0.00
6671,50851,0.00
6672,47246,0.00
6673,43186,0.00
6674,39005,0.00
6675,41099,0.00
6676,39587,0.00
6677,52575,0.00
6678,51368,0.00
6679,52052,0.00
6680,62798,0.00
6681,55753,0.00
6682,54721,0.00
6683,59751,0.00
6684,67407,0.00
6685,54668,0.00
6686,56503,0.00
6687,53395,0.00
6688,55814,0.00
6689,53809,0.00
6690,51905,0.00
6691,46289,0.00
6692,50058,0.00
6693,51427,0.00
6694,53618,0.00
6695,49443,0.00
6696,46503,0.00
6697,45299,0.00
6698,48265,0.00
6699,47950,0.00
6700,40197,0.00
6701,44568,0.00
6702,43840,0.00
6703,42856,0.00
6704,48423,0.00
6705,65067,0.00
6706,56213,0.00
6707,63122,0.00
6708,59500,0.00
6709,52025,0.00
6710,50140,0.00
6711,51920,0.00
6712,52743,0.00
6713,49195,0.00
6714,63246,0.00
6715,55114,0.00
6716,54714,0.00
6717,56304,0.00
6718,54452,0.00
6719,46810,0.00
6720,46784,0.00
6721,48034,0.00
6722,44889,0.00
6723,44497,0.00
6724,42066,0.00
6725,41709,0.00
6726,44834,0.00
6727,45892,0.00
6728,45176,0.00
6729,47390,0.00
6730,52626,0.00
6731,54599,0.00
6732,72572,0.00
6733,53481,0.00
6734,55567,0.00
6735,55663,0.00
6736,53890,0.00
6737,55794,0.00
6738,53051,0.00
6739,46269,0.00
6740,59627,0.00
6741,51325,0.00
6742,51824,0.00
6743,53015,0.00
6744,53637,0.00
6745,59528,0.00
6746,57550,0.00
6747,59967,0.00
6748,54508,0.00
6749,51632,0.00
6750,53239,0.00
6751,48938,0.00
6752,54477,0.00
6753,62093,0.00
6754,51490,0.00
6755,52870,0.00
6756,53121,0.00
6757,53183,0.00
6758,61457,0.00
6759,57047,0.00
6760,56266,0.00
6761,57713,0.00
6762,54630,0.00
6763,52453,0.00
6764,52903,0.00
6765,55047,0.00
6766,54130,0.00
6767,61173,0.00
6768,50232,0.00
6769,55961,0.00
6770,57521,0.00
6771,73992,0.00
6772,57705,0.00
6773,55471,0.00
6774,53356,0.00
6775,67415,0.00
6776,52791,0.00
6777,56420,0.00
6778,56994,0.00
6779,56104,0.00
6780,58189,0.00
6781,59153,0.00
6782,50933,0.00
6783,54964,0.00
6784,54129,0.00
6785,58319,0.00
6786,51458,0.00
6787,58626,0.00
6788,55110,0.00
6789,51935,0.00
6790,49523,0.00
6791,54985,0.00
6792,67098,0.00
6793,139763,0.00
6794,51067,0.00
6795,63432,0.00
6796,53591,0.00
6797,54969,0.00
6798,53641,0.00
6799,48892,0.00
6800,59465,0.00
6801,51928,0.00
6802,50379,0.00
6803,60365,0.00
6804,48942,0.00
6805,55145,0.00
6806,56301,0.00
6807,53954,0.00
6808,53693,0.00
6809,51771,0.00
6810,49566,0.00
6811,45599,0.00
6812,44807,0.00
6813,48375,0.00
6814,49717,0.00
6815,67693,0.00
6816,51252,0.00
6817,50865,0.00
6818,49766,0.00
6819,44367,0.00
6820,43656,0.00
6821,47367,0.00
6822,56708,0.00
6823,53946,0.00
6824,67638,0.00
6825,56843,0.00
6826,57227,0.00
6827,68846,0.00
6828,53981,0.00
6829,60929,0.00
6830,53761,0.00
6831,54696,0.00
6832,59035,0.00
6833,61295,0.00
6834,50230,0.00
6835,46916,0.00
6836,47247,0.00
6837,45127,0.00
6838,54252,0.00
6839,50943,0.00
6840,51921,0.00
6841,42821,0.00
6842,42026,0.00
6843,40285,0.00
6844,43118,0.00
6845,43921,0.00
6846,43477,0.00
6847,46631,0.00
6848,49727,0.00
6849,41879,0.00
6850,45924,0.00
6851,38159,0.00
6852,38386,0.00
6853,38979,0.00
6854,37137,0.00
6855,44287,0.00
6856,38139,0.00
6857,39057,0.00
6858,40762,0.00
6859,51371,0.00
6860,49513,0.00
6861,40730,0.00
6862,38256,0.00
6863,36101,0.00
6864,41001,0.00
6865,39676,0.00
6866,49270,0.00
6867,46973,0.00
6868,43743,0.00
6869,39261,0.00
6870,44770,0.00
6871,45521,0.00
6872,54932,0.00
6873,44470,0.00
6874,42440,0.00
6875,39814,0.00
6876,43975,0.00
6877,43948,0.00
6878,45706,0.00
6879,42876,0.00
6880,41396,0.00
6881,41888,0.00
6882,41018,0.00
6883,43732,0.00
6884,45728,0.00
6885,47668,0.00
6886,58928,0.00
6887,40866,0.00
6888,40038,0.00
6889,48130,0.00
6890,56356,0.00
6891,43553,0.00
6892,51336,0.00
6893,43017,0.00
6894,43635,0.00
6895,39456,0.00
6896,45228,0.00
6897,47485,0.00
6898,52682,0.00
6899,68008,0.00
6900,64627,0.00
6901,48826,0.00
6902,50153,0.00
6903,56087,0.00
6904,66595,0.00
6905,53108,0.00
6906,67539,0.00
6907,55769,0.00
6908,54997,0.00
6909,52087,0.00
6910,47705,0.00
6911,51128,0.00
6912,44173,0.00
6913,46011,0.00
6914,52599,0.00
6915,47658,0.00
6916,47645,0.00
6917,56267,0.00
6918,53774,0.00
6919,59192,0.00
6920,68898,0.00
6921,52626,0.00
6922,54758,0.00
6923,55835,0.00
6924,49949,0.00
6925,58124,0.00
6926,53646,0.00
6927,52030,0.00
6928,54496,0.00
6929,50888,0.00
6930,50200,0.00
6931,54277,0.00
6932,52032,0.00
6933,51228,0.00
6934,53994,0.00
6935,62605,0.00
6936,57073,0.00
6937,53918,0.00
6938,50527,0.00
6939,60274,0.00
6940,63559,0.00
6941,52856,0.00
6942,52487,0.00
6943,57693,0.00
6944,64817,0.00
6945,50974,0.00
6946,62767,0.00
6947,53819,0.00
6948,51203,0.00
6949,56291,0.00
6950,59879,0.00
6951,53359,0.00
6952,55323,0.00
6953,50430,0.00
6954,51675,0.00
6955,51833,0.00
6956,53313,0.00
6957,53991,0.00
6958,52497,0.00
6959,54422,0.00
6960,55118,0.00
6961,50364,0.00
6962,42999,0.00
6963,47182,0.00
6964,39512,0.00
6965,40546,0.00
6966,40900,0.00
6967,50655,0.00
6968,40801,0.00
6969,41676,0.00
6970,40932,0.00
6971,37158,0.00
6972,38897,0.00
6973,40655,0.00
6974,47309,0.00
6975,48568,0.00
6976,42855,0.00
6977,44695,0.00
6978,41555,0.00
6979,39716,0.00
6980,54079,0.00
6981,48041,0.00
6982,47842,0.00
6983,46322,0.00
6984,49718,0.00
6985,48736,0.00
6986,52671,0.00
6987,50692,0.00
6988,41991,0.00
6989,47489,0.00
6990,53516,0.00
6991,47284,0.00
6992,46326,0.00
6993,41969,0.00
6994,52267,0.00
6995,47797,0.00
6996,45747,0.00
6997,46450,0.00
6998,46539,0.00
6999,56774,0.00
7000,77947,0.00
7001,45560,0.00
7002,55300,0.00
7003,51097,0.00
7004,48491,0.00
7005,40476,0.00
7006,40950,0.00
7007,40686,0.00
7008,41285,0.00
7009,42839,0.00
7010,39058,0.00
7011,44043,0.00
7012,43432,0.00
7013,38394,0.00
7014,33396,0.00
7015,31839,0.00
7016,29013,0.00
7017,36753,0.00
7018,32397,0.00
7019,35606,0.00
7020,39078,0.00
7021,42936,0.00
7022,45559,0.00
7023,40823,0.00
7024,39777,0.00
7025,42260,0.00
7026,38312,0.00
7027,38395,0.00
7028,40578,0.00
7029,40047,0.00
7030,38624,0.00
7031,40451,0.00
7032,42240,0.00
7033,38810,0.00
7034,38457,0.00
7035,45796,0.00
7036,44534,0.00
7037,45913,0.00
7038,42147,0.00
7039,42269,0.00
7040,46103,0.00
7041,40837,0.00
7042,40972,0.00
7043,46421,0.00
7044,50104,0.00
7045,39319,0.00
7046,40757,0.00
7047,38538,0.00
7048,40814,0.00
7049,37537,0.00
7050,40306,0.00
7051,39219,0.00
7052,40422,0.00
7053,38438,0.00
7054,43893,0.00
7055,41055,0.00
7056,47285,0.00
7057,43932,0.00
7058,47127,0.00
7059,52703,0.00
7060,53542,0.00
7061,46339,0.00
7062,47418,0.00
7063,43997,0.00
7064,45224,0.00
7065,40677,0.00
7066,46472,0.00
7067,56845,0.00
7068,53804,0.00
7069,46768,0.00
7070,49015,0.00
7071,46059,0.00
7072,47025,0.00
7073,43276,0.00
7074,40633,0.00
7075,48570,0.00
7076,41579,0.00
7077,45260,0.00
7078,43807,0.00
7079,53072,0.00
7080,43343,0.00
7081,46446,0.00
7082,46872,0.00
7083,46414,0.00
7084,42072,0.00
7085,40498,0.00
7086,36711,0.00
7087,33529,0.00
7088,35410,0.00
7089,34926,0.00
7090,37250,0.00
7091,41158,0.00
7092,42289,0.00
7093,42581,0.00
7094,52607,0.00
7095,40654,0.00
7096,42326,0.00
7097,41806,0.00
7098,41672,0.00
7099,40821,0.00
7100,45254,0.00
7101,42263,0.00
7102,44261,0.00
7103,51061,0.00
7104,56484,0.00
7105,49008,0.00
7106,50348,0.00
7107,55893,0.00
7108,57073,0.00
7109,53258,0.00
7110,53220,0.00
7111,48406,0.00
7112,51685,0.00
7113,43748,0.00
7114,51931,0.00
7115,55107,0.00
7116,47819,0.00
7117,48625,0.00
7118,46930,0.00
7119,52570,0.00
7120,46794,0.00
7121,48630,0.00
7122,55110,0.00
7123,52354,0.00
7124,53277,0.00
7125,54838,0.00
7126,53957,0.00
7127,53402,0.00
7128,55532,0.00
7129,54896,0.00
7130,48167,0.00
7131,45231,0.00
7132,45826,0.00
7133,48226,0.00
7134,63326,0.00
7135,47957,0.00
7136,61797,0.00
7137,46003,0.00
7138,42140,0.00
7139,42480,0.00
7140,46355,0.00
7141,50883,0.00
7142,51410,0.00
7143,52331,0.00
7144,52477,0.00
7145,46606,0.00
7146,44626,0.00
7147,50935,0.00
7148,75653,0.00
7149,52500,0.00
7150,52091,0.00
7151,54809,0.00
7152,49763,0.00
7153,50221,0.00
7154,75405,0.00
7155,57312,0.00
7156,54975,0.00
7157,54600,0.00
7158,66358,0.00
7159,56072,0.00
7160,55416,0.00
7161,54413,0.00
7162,57838,0.00
7163,52238,0.00
7164,52517,0.00
7165,51186,0.00
7166,52589,0.00
7167,52551,0.00
7168,50079,0.00
7169,48808,0.00
7170,51044,0.00
7171,48094,0.00
7172,54415,0.00
7173,54953,0.00
7174,68065,0.00
7175,53844,0.00
7176,54591,0.00
7177,55882,0.00
7178,57328,0.00
7179,57150,0.00
7180,52933,0.00
7181,59563,0.00
7182,54646,0.00
7183,55224,0.00
7184,54838,0.00
7185,65961,0.00
7186,54431,0.00
7187,50966,0.00
7188,48382,0.00
7189,54973,0.00
7190,49781,0.00
7191,53746,0.00
7192,55061,0.00
7193,47654,0.00
7194,47946,0.00
7195,46039,0.00
7196,43441,0.00
7197,42755,0.00
7198,47270,0.00
7199,50633,0.00
7200,47556,0.00
7201,50186,0.00
7202,55810,0.00
7203,44835,0.00
7204,51048,0.00
7205,51622,0.00
7206,58600,0.00
7207,52072,0.00
7208,46880,0.00
7209,68524,0.00
7210,75530,0.00
7211,61319,0.00
7212,57424,0.00
7213,56038,0.00
7214,57003,0.00
7215,75095,0.00
7216,58302,0.00
7217,59439,0.00
7218,53090,0.00
7219,52053,0.00
7220,58003,0.00
7221,54719,0.00
7222,59671,0.00
7223,57306,0.00
7224,63254,0.00
7225,58610,0.00
7226,57001,0.00
7227,60358,0.00
7228,59204,0.00
7229,52113,0.00
7230,55523,0.00
7231,65483,0.00
7232,59537,0.00
7233,57951,0.00
7234,52091,0.00
7235,48993,0.00
7236,48691,0.00
7237,57105,0.00
7238,52760,0.00
7239,52959,0.00
7240,54294,0.00
7241,58910,0.00
7242,60534,0.00
7243,50151,0.00
7244,52100,0.00
7245,49672,0.00
7246,49032,0.00
7247,47833,0.00
7248,46437,0.00
7249,45961,0.00
7250,54284,0.00
7251,42435,0.00
7252,43987,0.00
7253,48249,0.00
7254,45965,0.00
7255,44843,0.00
7256,48201,0.00
7257,50018,0.00
7258,52716,0.00
7259,49261,0.00
7260,51139,0.00
7261,56643,0.00
7262,60156,0.00
7263,51349,0.00
7264,57611,0.00
7265,60326,0.00
7266,65965,0.00
7267,65303,0.00
7268,54495,0.00
7269,49873,0.00
7270,47537,0.00
7271,49794,0.00
7272,54775,0.00
7273,54221,0.00
7274,78681,0.00
7275,56420,0.00
7276,54198,0.00
7277,60761,0.00
7278,59652,0.00
7279,57753,0.00
7280,67648,0.00
7281,57884,0.00
7282,58732,0.00
7283,56150,0.00
7284,51970,0.00
7285,54197,0.00
7286,53636,0.00
7287,69486,0.00
7288,55225,0.00
7289,53295,0.00
7290,51209,0.00
7291,45844,0.00
7292,53301,0.00
7293,51452,0.00
7294,51123,0.00
7295,48730,0.00
7296,54708,0.00
7297,57948,0.00
7298,56603,0.00
7299,57243,0.00
7300,61126,0.00
7301,56742,0.00
7302,58489,0.00
7303,55996,0.00
7304,53916,0.00
7305,52799,0.00
7306,57303,0.00
7307,56825,0.00
7308,55067,0.00
7309,52305,0.00
7310,53976,0.00
7311,50688,0.00
7312,52388,0.00
7313,48786,0.00
7314,45813,0.00
7315,47199,0.00
7316,46415,0.00
7317,50575,0.00
7318,53205,0.00
7319,54562,0.00
7320,59839,0.00
7321,58769,0.00
7322,57692,0.00
7323,58775,0.00
7324,55964,0.00
7325,68522,0.00
7326,58884,0.00
7327,66657,0.00
7328,60015,0.00
7329,56370,0.00
7330,51733,0.00
7331,54403,0.00
7332,45892,0.00
7333,50951,0.00
7334,51569,0.00
7335,49813,0.00
7336,55685,0.00
7337,55750,0.00
7338,53680,0.00
7339,47571,0.00
7340,52029,0.00
7341,50430,0.00
7342,50575,0.00
7343,51327,0.00
7344,52377,0.00
7345,40781,0.00
7346,37933,0.00
7347,41721,0.00
7348,42140,0.00
7349,39456,0.00
7350,36557,0.00
7351,36436,0.00
7352,42531,0.00
7353,47032,0.00
7354,44006,0.00
7355,52894,0.00
7356,39436,0.00
7357,39926,0.00
7358,49807,0.00
7359,51692,0.00
7360,48491,0.00
7361,44855,0.00
7362,51356,0.00
7363,55750,0.00
7364,55208,0.00
7365,49316,0.00
7366,59069,0.00
7367,53877,0.00
7368,49429,0.00
7369,57414,0.00
7370,51228,0.00
7371,54628,0.00
7372,51226,0.00
7373,50030,0.00
7374,53511,0.00
7375,47754,0.00
7376,51437,0.00
7377,47080,0.00
7378,53837,0.00
7379,52381,0.00
7380,55850,0.00
7381,53294,0.00
7382,52964,0.00
7383,52476,0.00
7384,47485,0.00
7385,46280,0.00
7386,47702,0.00
7387,50944,0.00
7388,64828,0.00
7389,49135,0.00
7390,45758,0.00
7391,64479,0.00
7392,51222,0.00
7393,50511,0.00
7394,61804,0.00
7395,55261,0.00
7396,52262,0.00
7397,52764,0.00
7398,51437,0.00
7399,49486,0.00
7400,49507,0.00
7401,54841,0.00
7402,58544,0.00
7403,53214,0.00
7404,53542,0.00
7405,53296,0.00
7406,54341,0.00
7407,53429,0.00
7408,55290,0.00
7409,57462,0.00
7410,58056,0.00
7411,59203,0.00
7412,57467,0.00
7413,52557,0.00
7414,50821,0.00
7415,44971,0.00
7416,52150,0.00
7417,49732,0.00
7418,59737,0.00
7419,57480,0.00
7420,68254,0.00
7421,66089,0.00
7422,70454,0.00
7423,48229,0.00
7424,51092,0.00
7425,43781,0.00
7426,52953,0.00
7427,51169,0.00
7428,52627,0.00
7429,52700,0.00
7430,52782,0.00
7431,65874,0.00
7432,52885,0.00
7433,50514,0.00
7434,54138,0.00
7435,51824,0.00
7436,44079,0.00
7437,43756,0.00
7438,43817,0.00
7439,46339,0.00
7440,45238,0.00
7441,56544,0.00
7442,48641,0.00
7443,51270,0.00
7444,54741,0.00
7445,52894,0.00
7446,48392,0.00
7447,54819,0.00
7448,55323,0.00
7449,50597,0.00
7450,58106,0.00
7451,54700,0.00
7452,60636,0.00
7453,51495,0.00
7454,51549,0.00
7455,47221,0.00
7456,51822,0.00
7457,51610,0.00
7458,48367,0.00
7459,42331,0.00
7460,39427,0.00
7461,37648,0.00
7462,42332,0.00
7463,35736,0.00
7464,42592,0.00
7465,46981,0.00
7466,38460,0.00
7467,50414,0.00
7468,45468,0.00
7469,41044,0.00
7470,45695,0.00
7471,38099,0.00
7472,39077,0.00
7473,36828,0.00
7474,32587,0.00
7475,32784,0.00
7476,30949,0.00
7477,45914,0.00
7478,34205,0.00
7479,34572,0.00
7480,38239,0.00
7481,49020,0.00
7482,42404,0.00
7483,41930,0.00
7484,41975,0.00
7485,38258,0.00
7486,39957,0.00
7487,36231,0.00
7488,32957,0.00
7489,38520,0.00
7490,53942,0.00
7491,45503,0.00
7492,50305,0.00
7493,53469,0.00
7494,55086,0.00
7495,46686,0.00
7496,50891,0.00
7497,46858,0.00
7498,48064,0.00
7499,44994,0.00
7500,43563,0.00
7501,44239,0.00
7502,45767,0.00
7503,51393,0.00
7504,52133,0.00
7505,45355,0.00
7506,49136,0.00
7507,49759,0.00
7508,51913,0.00
7509,59061,0.00
7510,47519,0.00
7511,45570,0.00
7512,47495,0.00
7513,42588,0.00
7514,44179,0.00
7515,45964,0.00
7516,48985,0.00
7517,53114,0.00
7518,50950,0.00
7519,54162,0.00
7520,51004,0.00
7521,50403,0.00
7522,50422,0.00
7523,52365,0.00
7524,53247,0.00
7525,55573,0.00
7526,50730,0.00
7527,57776,0.00
7528,56081,0.00
7529,47669,0.00
7530,43873,0.00
7531,49968,0.00
7532,52407,0.00
7533,51876,0.00
7534,50054,0.00
7535,54547,0.00
7536,51692,0.00
7537,50482,0.00
7538,49411,0.00
7539,48804,0.00
7540,52519,0.00
7541,57678,0.00
7542,53171,0.00
7543,53681,0.00
7544,54056,0.00
7545,52463,0.00
7546,55404,0.00
7547,51458,0.00
7548,64871,0.00
7549,51053,0.00
7550,50824,0.00
7551,42030,0.00
7552,49303,0.00
7553,48512,0.00
7554,49621,0.00
7555,49509,0.00
7556,49306,0.00
7557,46324,0.00
7558,59289,0.00
7559,53154,0.00
7560,51106,0.00
7561,61502,0.00
7562,51491,0.00
7563,57101,0.00
7564,56207,0.00
7565,52798,0.00
7566,49513,0.00
7567,50049,0.00
7568,49603,0.00
7569,48939,0.00
7570,50590,0.00
7571,50473,0.00
7572,43122,0.00
7573,46148,0.00
7574,48498,0.00
7575,46199,0.00
7576,43450,0.00
7577,41960,0.00
7578,42765,0.00
7579,49595,0.00
7580,51506,0.00
7581,56578,0.00
7582,54510,0.00
7583,74234,0.00
7584,67722,0.00
7585,60068,0.00
7586,69625,0.00
7587,58390,0.00
7588,55790,0.00
7589,53835,0.00
7590,49097,0.00
7591,47429,0.00
7592,54366,0.00
7593,49632,0.00
7594,48962,0.00
7595,48819,0.00
7596,48774,0.00
7597,53367,0.00
7598,49594,0.00
7599,60905,0.00
7600,49617,0.00
7601,49013,0.00
7602,48103,0.00
7603,46444,0.00
7604,43184,0.00
7605,44218,0.00
7606,54886,0.00
7607,48912,0.00
7608,53890,0.00
7609,53102,0.00
7610,47949,0.00
7611,43232,0.00
7612,40553,0.00
7613,44086,0.00
7614,47845,0.00
7615,51595,0.00
7616,57844,0.00
7617,55088,0.00
7618,64291,0.00
7619,66668,0.00
7620,66911,0.00
7621,52859,0.00
7622,55314,0.00
7623,51159,0.00
7624,53227,0.00
7625,51432,0.00
7626,56522,0.00
7627,54057,0.00
7628,51603,0.00
7629,55003,0.00
7630,55288,0.00
7631,55077,0.00
7632,54934,0.00
7633,61070,0.00
7634,51896,0.00
7635,52283,0.00
7636,49621,0.00
7637,46915,0.00
7638,53269,0.00
7639,46261,0.00
7640,49684,0.00
7641,45051,0.00
7642,42170,0.00
7643,47809,0.00
7644,55068,0.00
7645,53575,0.00
7646,50233,0.00
7647,63552,0.00
7648,46082,0.00
7649,45797,0.00
7650,46684,0.00
7651,46781,0.00
7652,48068,0.00
7653,50773,0.00
7654,50945,0.00
7655,49592,0.00
7656,43592,0.00
7657,51167,0.00
7658,51793,0.00
7659,55066,0.00
7660,50302,0.00
7661,74239,0.00
7662,64221,0.00
7663,49856,0.00
7664,51668,0.00
7665,53221,0.00
7666,48394,0.00
7667,51940,0.00
7668,51099,0.00
7669,53115,0.00
7670,54434,0.00
7671,52807,0.00
7672,63204,0.00
7673,48885,0.00
7674,45992,0.00
7675,44272,0.00
7676,44157,0.00
7677,45004,0.00
7678,46661,0.00
7679,44941,0.00
7680,46415,0.00
7681,46815,0.00
7682,51872,0.00
7683,52111,0.00
7684,49797,0.00
7685,53121,0.00
7686,53801,0.00
7687,54088,0.00
7688,52429,0.00
7689,51474,0.00
7690,46789,0.00
7691,46763,0.00
7692,48177,0.00
7693,50752,0.00
7694,47928,0.00
7695,53025,0.00
7696,55223,0.00
7697,53261,0.00
7698,52099,0.00
7699,52695,0.00
7700,51258,0.00
7701,46026,0.00
7702,47805,0.00
7703,49297,0.00
7704,50571,0.00
7705,40857,0.00
7706,44013,0.00
7707,50214,0.00
7708,55213,0.00
7709,55428,0.00
7710,51559,0.00
7711,51119,0.00
7712,55237,0.00
7713,53093,0.00
7714,56411,0.00
7715,46703,0.00
7716,46977,0.00
7717,48859,0.00
7718,60574,0.00
7719,47705,0.00
7720,44669,0.00
7721,45865,0.00
7722,48694,0.00
7723,46730,0.00
7724,48049,0.00
7725,47905,0.00
7726,45111,0.00
7727,50764,0.00
7728,50627,0.00
7729,47768,0.00
7730,51057,0.00
7731,51090,0.00
7732,49629,0.00
7733,46763,0.00
7734,46938,0.00
7735,54680,0.00
7736,49796,0.00
7737,55985,0.00
7738,52891,0.00
7739,54304,0.00
7740,56162,0.00
7741,54920,0.00
7742,50679,0.00
7743,42364,0.00
7744,43636,0.00
7745,45614,0.00
7746,48358,0.00
7747,45564,0.00
7748,43568,0.00
7749,43802,0.00
7750,48272,0.00
7751,45010,0.00
7752,48385,0.00
7753,67330,0.00
7754,58003,0.00
7755,56522,0.00
7756,53706,0.00
7757,49105,0.00
7758,56223,0.00
7759,56561,0.00
7760,53761,0.00
7761,52531,0.00
7762,49108,0.00
7763,49777,0.00
7764,48231,0.00
7765,46650,0.00
7766,44266,0.00
7767,44792,0.00
7768,41958,0.00
7769,44357,0.00
7770,44450,0.00
7771,42767,0.00
7772,40827,0.00
7773,42706,0.00
7774,49245,0.00
7775,42057,0.00
7776,52498,0.00
7777,46327,0.00
7778,47651,0.00
7779,45175,0.00
7780,49816,0.00
7781,46401,0.00
7782,47900,0.00
7783,50323,0.00
7784,51645,0.00
7785,45825,0.00
7786,41856,0.00
7787,39915,0.00
7788,46547,0.00
7789,44542,0.00
7790,41685,0.00
7791,38325,0.00
7792,39183,0.00
7793,38967,0.00
7794,44352,0.00
7795,43579,0.00
7796,44531,0.00
7797,34411,0.00
7798,42331,0.00
7799,42734,0.00
7800,39420,0.00
7801,37749,0.00
7802,37367,0.00
7803,40939,0.00
7804,37186,0.00
7805,36459,0.00
7806,35514,0.00
7807,36410,0.00
7808,37214,0.00
7809,47432,0.00
7810,36809,0.00
7811,35352,0.00
7812,51385,0.00
7813,37438,0.00
7814,39805,0.00
7815,44585,0.00
7816,42023,0.00
7817,39678,0.00
7818,35079,0.00
7819,36263,0.00
7820,31235,0.00
7821,30618,0.00
7822,41326,0.00
7823,40914,0.00
7824,39399,0.00
7825,39355,0.00
7826,40001,0.00
7827,46763,0.00
7828,45179,0.00
7829,41196,0.00
7830,44310,0.00
7831,38089,0.00
7832,40479,0.00
7833,38586,0.00
7834,41039,0.00
7835,38957,0.00
7836,36530,0.00
7837,46925,0.00
7838,44929,0.00
7839,46483,0.00
7840,42135,0.00
7841,40488,0.00
7842,43809,0.00
7843,50714,0.00
7844,43512,0.00
7845,48706,0.00
7846,41244,0.00
7847,44199,0.00
7848,50173,0.00
7849,38043,0.00
7850,37324,0.00
7851,45196,0.00
7852,35613,0.00
7853,33236,0.00
7854,40524,0.00
7855,35024,0.00
7856,35204,0.00
7857,35541,0.00
7858,39639,0.00
7859,38532,0.00
7860,45018,0.00
7861,45053,0.00
7862,40610,0.00
7863,43205,0.00
7864,54529,0.00
7865,32378,0.00
7866,35932,0.00
7867,37755,0.00
7868,32309,0.00
7869,34277,0.00
7870,32603,0.00
7871,40407,0.00
7872,43413,0.00
7873,40602,0.00
7874,42834,0.00
7875,49353,0.00
7876,53400,0.00
7877,58087,0.00
7878,55421,0.00
7879,51194,0.00
7880,49525,0.00
7881,48417,0.00
7882,48611,0.00
7883,44380,0.00
7884,45618,0.00
7885,44416,0.00
7886,44362,0.00
7887,46418,0.00
7888,50595,0.00
7889,47954,0.00
7890,50046,0.00
7891,56673,0.00
7892,59071,0.00
7893,50411,0.00
7894,46664,0.00
7895,52500,0.00
7896,43541,0.00
7897,44640,0.00
7898,45175,0.00
7899,41407,0.00
7900,38423,0.00
7901,39415,0.00
7902,40854,0.00
7903,41087,0.00
7904,35770,0.00
7905,51794,0.00
7906,39632,0.00
7907,35461,0.00
7908,42705,0.00
7909,38973,0.00
7910,45058,0.00
7911,40564,0.00
7912,38351,0.00
7913,39059,0.00
7914,37508,0.00
7915,49238,0.00
7916,42576,0.00
7917,44307,0.00
7918,62450,0.00
7919,50113,0.00
7920,46216,0.00
7921,39018,0.00
7922,40432,0.00
7923,43333,0.00
7924,44100,0.00
7925,42482,0.00
7926,41021,0.00
7927,38972,0.00
7928,37960,0.00
7929,37204,0.00
7930,38180,0.00
7931,38775,0.00
7932,44122,0.00
7933,37874,0.00
7934,35590,0.00
7935,41333,0.00
7936,43989,0.00
7937,40136,0.00
7938,40312,0.00
7939,38694,0.00
7940,39925,0.00
7941,43779,0.00
7942,59201,0.00
7943,44597,0.00
7944,44468,0.00
7945,41024,0.00
7946,48716,0.00
7947,37400,0.00
7948,36753,0.00
7949,36792,0.00
7950,42296,0.00
7951,36225,0.00
7952,46486,0.00
7953,45636,0.00
7954,40497,0.00
7955,45343,0.00
7956,43988,0.00
7957,45979,0.00
7958,43187,0.00
7959,47426,0.00
7960,47791,0.00
7961,46656,0.00
7962,45570,0.00
7963,45641,0.00
7964,47791,0.00
7965,51297,0.00
7966,46201,0.00
7967,43679,0.00
7968,44081,0.00
7969,50605,0.00
7970,39627,0.00
7971,37849,0.00
7972,44928,0.00
7973,44444,0.00
7974,39181,0.00
7975,39578,0.00
7976,37930,0.00
7977,40284,0.00
7978,39231,0.00
7979,39213,0.00
7980,70582,0.00
7981,45008,0.00
7982,44443,0.00
7983,52876,0.00
7984,43535,0.00
7985,50319,0.00
7986,49236,0.00
7987,47370,0.00
7988,49351,0.00
7989,39613,0.00
7990,53476,0.00
7991,51876,0.00
7992,51647,0.00
7993,51447,0.00
7994,63394,0.00
7995,49528,0.00
7996,53445,0.00
7997,53273,0.00
7998,59040,0.00
7999,57425,0.00
8000,70475,0.00
8001,57734,0.00
8002,53452,0.00
8003,53637,0.00
8004,52062,0.00
8005,53848,0.00
8006,50526,0.00
8007,49042,0.00
8008,45780,0.00
8009,51843,0.00
8010,37602,0.00
8011,29470,0.00
8012,45703,0.00
8013,33232,0.00
8014,36938,0.00
8015,34347,0.00
8016,38195,0.00
8017,38272,0.00
8018,38972,0.00
8019,33587,0.00
8020,30735,0.00
8021,35393,0.00
8022,40464,0.00
8023,44174,0.00
8024,47659,0.00
8025,46452,0.00
8026,47716,0.00
8027,50726,0.00
8028,43238,0.00
8029,38099,0.00
8030,39335,0.00
8031,34565,0.00
8032,34525,0.00
8033,41841,0.00
8034,40811,0.00
8035,38373,0.00
8036,39825,0.00
8037,40450,0.00
8038,38854,0.00
8039,35739,0.00
8040,34098,0.00
8041,38701,0.00
8042,41035,0.00
8043,39452,0.00
8044,39836,0.00
8045,38989,0.00
8046,48443,0.00
8047,46790,0.00
8048,46171,0.00
8049,40884,0.00
8050,42941,0.00
8051,40100,0.00
8052,35422,0.00
8053,35510,0.00
8054,36024,0.00
8055,33565,0.00
8056,42285,0.00
8057,40603,0.00
8058,38461,0.00
8059,37616,0.00
8060,50068,0.00
8061,39006,0.00
8062,49083,0.00
8063,48194,0.00
8064,50868,0.00
8065,61548,0.00
8066,51959,0.00
8067,56937,0.00
8068,59818,0.00
8069,51422,0.00
8070,49817,0.00
8071,61049,0.00
8072,49604,0.00
8073,51894,0.00
8074,51330,0.00
8075,45962,0.00
8076,51335,0.00
8077,52290,0.00
8078,50268,0.00
8079,51715,0.00
8080,51539,0.00
8081,38321,0.00
8082,43224,0.00
8083,42876,0.00
8084,39722,0.00
8085,47431,0.00
8086,42576,0.00
8087,59842,0.00
8088,43976,0.00
8089,37859,0.00
8090,44938,0.00
8091,44251,0.00
8092,44634,0.00
8093,44361,0.00
8094,47669,0.00
8095,43783,0.00
8096,42109,0.00
8097,42992,0.00
8098,44432,0.00
8099,42766,0.00
8100,31059,0.00
8101,43237,0.00
8102,52218,0.00
8103,40927,0.00
8104,44142,0.00
8105,41774,0.00
8106,44806,0.00
8107,49273,0.00
8108,47740,0.00
8109,47300,0.00
8110,42038,0.00
8111,45448,0.00
8112,43936,0.00
8113,38656,0.00
8114,41540,0.00
8115,45279,0.00
8116,45267,0.00
8117,46240,0.00
8118,45194,0.00
8119,42621,0.00
8120,44599,0.00
8121,45902,0.00
8122,51605,0.00
8123,49560,0.00
8124,49030,0.00
8125,46831,0.00
8126,53985,0.00
8127,53065,0.00
8128,51036,0.00
8129,49796,0.00
8130,48372,0.00
8131,49658,0.00
8132,48730,0.00
8133,45442,0.00
8134,41726,0.00
8135,37706,0.00
8136,47596,0.00
8137,41531,0.00
8138,43835,0.00
8139,42359,0.00
8140,43507,0.00
8141,44019,0.00
8142,42170,0.00
8143,47551,0.00
8144,42471,0.00
8145,40851,0.00
8146,40186,0.00
8147,57777,0.00
8148,42652,0.00
8149,44156,0.00
8150,45156,0.00
8151,46167,0.00
8152,52569,0.00
8153,41816,0.00
8154,38798,0.00
8155,43159,0.00
8156,45287,0.00
8157,43519,0.00
8158,47035,0.00
8159,46559,0.00
8160,45474,0.00
8161,55397,0.00
8162,49074,0.00
8163,44479,0.00
8164,56055,0.00
8165,46325,0.00
8166,42604,0.00
8167,52640,0.00
8168,65888,0.00
8169,52893,0.00
8170,54134,0.00
8171,49679,0.00
8172,47395,0.00
8173,45598,0.00
8174,44400,0.00
8175,43102,0.00
8176,41538,0.00
8177,46110,0.00
8178,46584,0.00
8179,39955,0.00
8180,49741,0.00
8181,52714,0.00
8182,49184,0.00
8183,46058,0.00
8184,43117,0.00
8185,42637,0.00
8186,49197,0.00
8187,61175,0.00
8188,53242,0.00
8189,48839,0.00
8190,45812,0.00
8191,43811,0.00
8192,45051,0.00
8193,45786,0.00
8194,50182,0.00
8195,50940,0.00
8196,41175,0.00
8197,42450,0.00
8198,40535,0.00
8199,38404,0.00
8200,38471,0.00
8201,47124,0.00
8202,49264,0.00
8203,45637,0.00
8204,49999,0.00
8205,45267,0.00
8206,55348,0.00
8207,39339,0.00
8208,37001,0.00
8209,35038,0.00
8210,36258,0.00
8211,32758,0.00
8212,32148,0.00
8213,31094,0.00
8214,32539,0.00
8215,37555,50.00
8216,38855,0.00
8217,37019,0.00
8218,35323,0.00
8219,39799,0.00
8220,38505,0.00
8221,34723,0.00
8222,47601,0.00
8223,46592,0.00
8224,39953,0.00
8225,40972,0.00
8226,61264,0.00
8227,50238,0.00
8228,52843,0.00
8229,61178,0.00
8230,49050,0.00
8231,50387,0.00
8232,53718,0.00
8233,59282,0.00
8234,51632,0.00
8235,42979,0.00
8236,48841,0.00
8237,40160,0.00
8238,39855,0.00
8239,37838,0.00
8240,41312,0.00
8241,42168,0.00
8242,39751,0.00
8243,41360,0.00
8244,36009,0.00
8245,37758,0.00
8246,39810,0.00
8247,43216,0.00
8248,44180,0.00
8249,47873,0.00
8250,48646,0.00
8251,46361,0.00
8252,46501,0.00
8253,45795,0.00
8254,49757,0.00
8255,49960,0.00
8256,45074,0.00
8257,45742,0.00
8258,64015,0.00
8259,47837,0.00
8260,48241,0.00
8261,48311,0.00
8262,46773,0.00
8263,46961,0.00
8264,46384,0.00
8265,44433,0.00
8266,37699,0.00
8267,69801,0.00
8268,52335,0.00
8269,43056,0.00
8270,39577,0.00
8271,36981,0.00
8272,35510,0.00
8273,37487,0.00
8274,35158,0.00
8275,38853,0.00
8276,42051,0.00
8277,43959,0.00
8278,42439,0.00
8279,40637,0.00
8280,36440,0.00
8281,35371,0.00
8282,36240,0.00
8283,36554,0.00
8284,38980,0.00
8285,42481,0.00
8286,53500,0.00
8287,45510,0.00
8288,45212,0.00
8289,42652,0.00
8290,43717,0.00
8291,41698,0.00
8292,57441,0.00
8293,38236,0.00
8294,45610,0.00
8295,39552,0.00
8296,35257,0.00
8297,38643,0.00
8298,42279,0.00
8299,45778,0.00
8300,51045,0.00
8301,44948,0.00
8302,47728,0.00
8303,43014,0.00
8304,45283,0.00
8305,50239,0.00
8306,42546,0.00
8307,42014,0.00
8308,37815,0.00
8309,44338,0.00
8310,45474,0.00
8311,38353,0.00
8312,41743,0.00
8313,42989,0.00
8314,39541,0.00
8315,54763,0.00
8316,41423,0.00
8317,38247,0.00
8318,38714,0.00
8319,36753,0.00
8320,36475,0.00
8321,35073,0.00
8322,31206,0.00
8323,27214,0.00
8324,27650,0.00
8325,27147,0.00
8326,33646,0.00
8327,32667,0.00
8328,43899,0.00
8329,32856,0.00
8330,36762,0.00
8331,56781,0.00
8332,62913,0.00
8333,45427,0.00
8334,40978,0.00
8335,41102,0.00
8336,38786,0.00
8337,36922,0.00
8338,34691,0.00
8339,35978,0.00
8340,36106,0.00
8341,34838,0.00
8342,35304,0.00
8343,39016,0.00
8344,41212,0.00
8345,40613,0.00
8346,45807,0.00
8347,47678,0.00
8348,47222,0.00
8349,46037,0.00
8350,45107,0.00
8351,43469,0.00
8352,45040,0.00
8353,45659,0.00
8354,47580,0.00
8355,42838,0.00
8356,43761,0.00
8357,39211,0.00
8358,42213,0.00
8359,44615,0.00
8360,36715,0.00
8361,38632,0.00
8362,57436,0.00
8363,39542,0.00
8364,50896,0.00
8365,36380,0.00
8366,38310,0.00
8367,35715,0.00
8368,41555,0.00
8369,43107,0.00
8370,41106,0.00
8371,48136,0.00
8372,41276,0.00
8373,33929,0.00
8374,36272,0.00
8375,33438,0.00
8376,35665,0.00
8377,36935,0.00
8378,40640,0.00
8379,40499,0.00
8380,40562,0.00
8381,42081,0.00
8382,49036,0.00
8383,50468,0.00
8384,45788,0.00
8385,40570,0.00
8386,40018,0.00
8387,41104,0.00
8388,38877,0.00
8389,36996,0.00
8390,35275,0.00
8391,36742,0.00
8392,35529,0.00
8393,36738,0.00
8394,48255,0.00
8395,43826,0.00
8396,42860,0.00
8397,41109,0.00
8398,40437,0.00
8399,32568,0.00
8400,36289,0.00
8401,38299,0.00
8402,38437,0.00
8403,43912,0.00
8404,41054,0.00
8405,45495,0.00
8406,41005,0.00
8407,36983,0.00
8408,48299,0.00
8409,40628,0.00
8410,41431,0.00
8411,37802,0.00
8412,39766,0.00
8413,38815,0.00
8414,37081,0.00
8415,38308,0.00
8416,36789,0.00
8417,43363,0.00
8418,50532,0.00
8419,46417,0.00
8420,41687,0.00
8421,43940,0.00
8422,51691,0.00
8423,55403,0.00
8424,54305,0.00
8425,45628,0.00
8426,48908,0.00
8427,46625,0.00
8428,50183,0.00
8429,45852,0.00
8430,55484,0.00
8431,48601,0.00
8432,48052,0.00
8433,48458,0.00
8434,57820,0.00
8435,46876,0.00
8436,44795,0.00
8437,41687,0.00
8438,46297,0.00
8439,48866,0.00
8440,51090,0.00
8441,59985,0.00
8442,53093,0.00
8443,53968,0.00
8444,49411,0.00
8445,44718,0.00
8446,43547,0.00
8447,40594,0.00
8448,38336,0.00
8449,45581,0.00
8450,41804,0.00
8451,47155,0.00
8452,57614,0.00
8453,56177,0.00
8454,54900,0.00
8455,59652,0.00
8456,50204,0.00
8457,50220,0.00
8458,63942,0.00
8459,50490,0.00
8460,44016,0.00
8461,43423,0.00
8462,42387,0.00
8463,46243,0.00
8464,47461,0.00
8465,46820,0.00
8466,42860,0.00
8467,45152,0.00
8468,45947,0.00
8469,56808,0.00
8470,45964,0.00
8471,42974,0.00
8472,41474,0.00
8473,49693,0.00
8474,46028,0.00
8475,46890,0.00
8476,45900,0.00
8477,45820,0.00
8478,50784,0.00
8479,65170,0.00
8480,56500,0.00
8481,62119,0.00
8482,56941,0.00
8483,53040,0.00
8484,47919,0.00
8485,53789,0.00
8486,52923,0.00
8487,51162,0.00
8488,48709,0.00
8489,45842,0.00
8490,53061,0.00
8491,53327,0.00
8492,60789,0.00
8493,45574,0.00
8494,44126,0.00
8495,45565,0.00
8496,47329,0.00
8497,61728,0.00
8498,48225,0.00
8499,49153,0.00
8500,47721,0.00
8501,44887,0.00
8502,49595,0.00
8503,50301,0.00
8504,48866,0.00
8505,46475,0.00
8506,44012,0.00
8507,50438,0.00
8508,52254,0.00
8509,50346,0.00
8510,52417,0.00
8511,48890,0.00
8512,46970,0.00
8513,43883,0.00
8514,48831,0.00
8515,42441,0.00
8516,42451,0.00
8517,42798,0.00
8518,45802,0.00
8519,39937,0.00
8520,47960,0.00
8521,38873,0.00
8522,40927,0.00
8523,39255,0.00
8524,42056,0.00
8525,43185,0.00
8526,37728,0.00
8527,37199,0.00
8528,48946,0.00
8529,39489,0.00
8530,42713,0.00
8531,37489,0.00
8532,45144,0.00
8533,47360,0.00
8534,56841,0.00
8535,48471,0.00
8536,42783,0.00
8537,39719,0.00
8538,54290,0.00
8539,41984,0.00
8540,42451,0.00
8541,39139,0.00
8542,39012,0.00
8543,42550,0.00
8544,38322,0.00
8545,38065,0.00
8546,36824,0.00
8547,42121,0.00
8548,38809,0.00
8549,34358,0.00
8550,42709,0.00
8551,42090,0.00
8552,42396,0.00
8553,46850,0.00
8554,35422,0.00
8555,39959,0.00
8556,41484,0.00
8557,37375,0.00
8558,37793,0.00
8559,39112,0.00
8560,41316,0.00
8561,41253,0.00
8562,40156,0.00
8563,40653,0.00
8564,41724,0.00
8565,39333,0.00
8566,37216,0.00
8567,49604,0.00
8568,39405,0.00
8569,54343,0.00
8570,39592,0.00
8571,39283,0.00
8572,43764,0.00
8573,46889,0.00
8574,43060,0.00
8575,51313,0.00
8576,47339,0.00
8577,49948,0.00
8578,46633,0.00
8579,48648,0.00
8580,46522,0.00
8581,44830,0.00
8582,45844,0.00
8583,43096,0.00
8584,38988,0.00
8585,43234,0.00
8586,42119,0.00
8587,39558,0.00
8588,43729,0.00
8589,32597,0.00
8590,43770,0.00
8591,38472,0.00
8592,39954,0.00
8593,42281,0.00
8594,36242,0.00
8595,44183,0.00
8596,37905,0.00
8597,42574,0.00
8598,44840,0.00
8599,39334,0.00
8600,47291,0.00
8601,34592,0.00
8602,39958,0.00
8603,43163,0.00
8604,43315,0.00
8605,48090,0.00
8606,54322,0.00
8607,41531,0.00
8608,44331,0.00
8609,43330,0.00
8610,43263,0.00
8611,43605,0.00
8612,44760,0.00
8613,44772,0.00
8614,57162,0.00
8615,47145,0.00
8616,43741,0.00
8617,45776,0.00
8618,44724,0.00
8619,44804,0.00
8620,47814,0.00
8621,45760,0.00
8622,45315,0.00
8623,50071,0.00
8624,52283,0.00
8625,41543,0.00
8626,42183,0.00
8627,42249,0.00
8628,40624,0.00
8629,42250,0.00
8630,41049,0.00
8631,43841,0.00
8632,52899,0.00
8633,42805,0.00
8634,49698,0.00
8635,47406,0.00
8636,56047,0.00
8637,45756,0.00
8638,51550,0.00
8639,54041,0.00
8640,55309,0.00
8641,54441,0.00
8642,60869,0.00
8643,48320,0.00
8644,47855,0.00
8645,42297,0.00
8646,36272,0.00
8647,37348,0.00
8648,37371,0.00
8649,37606,0.00
8650,51741,0.00
8651,44923,0.00
8652,45456,0.00
8653,36066,0.00
8654,39249,0.00
8655,46641,0.00
8656,44329,0.00
8657,46572,0.00
8658,49506,0.00
8659,40293,0.00
8660,39323,0.00
8661,37526,0.00
8662,37890,0.00
8663,43105,0.00
8664,42891,0.00
8665,41252,0.00
8666,42710,0.00
8667,50184,0.00
8668,47527,0.00
8669,43086,0.00
8670,43327,0.00
8671,49221,0.00
8672,50123,0.00
8673,48987,0.00
8674,42961,0.00
8675,44044,0.00
8676,49798,0.00
8677,47411,0.00
8678,48446,0.00
8679,44456,0.00
8680,41705,0.00
8681,45391,0.00
8682,48781,0.00
8683,47643,0.00
8684,51518,0.00
8685,55544,0.00
8686,49538,0.00
8687,50632,0.00
8688,52435,0.00
8689,45619,0.00
8690,46332,0.00
8691,42369,0.00
8692,52894,0.00
8693,40598,0.00
8694,43324,0.00
8695,44081,0.00
8696,55255,0.00
8697,39140,0.00
8698,44305,0.00
8699,38131,0.00
8700,41128,0.00
8701,49522,0.00
8702,48791,0.00
8703,44650,0.00
8704,41435,0.00
8705,39814,0.00
8706,43438,0.00
8707,41509,0.00
8708,33435,0.00
8709,34744,0.00
8710,37743,0.00
8711,41736,0.00
8712,55038,0.00
8713,45003,0.00
8714,44651,0.00
8715,43615,0.00
8716,45635,0.00
8717,47332,0.00
8718,45008,0.00
8719,46250,0.00
8720,46235,0.00
8721,46791,0.00
8722,47963,0.00
8723,47691,0.00
8724,57459,0.00
8725,47926,0.00
8726,42981,0.00
8727,43208,0.00
8728,45135,0.00
8729,38270,0.00
8730,37239,0.00
8731,38156,0.00
8732,42299,0.00
8733,43360,0.00
8734,41057,0.00
8735,38370,0.00
8736,41915,0.00
8737,50547,0.00
8738,38339,0.00
8739,43065,0.00
8740,59690,0.00
8741,44050,0.00
8742,41830,0.00
8743,39691,0.00
8744,40437,0.00
8745,45160,0.00
8746,45124,0.00
8747,38681,0.00
8748,37299,0.00
8749,42378,0.00
8750,44645,0.00
8751,41348,0.00
8752,42045,0.00
8753,42915,0.00
8754,41779,0.00
8755,41437,0.00
8756,44490,0.00
8757,66092,0.00
8758,54069,0.00
8759,45858,0.00
8760,42206,0.00
8761,40188,0.00
8762,44800,0.00
8763,42528,0.00
8764,44269,0.00
8765,46824,0.00
8766,43521,0.00
8767,40254,0.00
8768,36170,0.00
8769,37388,0.00
8770,39769,0.00
8771,36112,0.00
8772,36229,0.00
8773,40277,0.00
8774,39051,0.00
8775,36352,0.00
8776,35687,0.00
8777,41218,0.00
8778,43150,0.00
8779,43800,0.00
8780,43051,0.00
8781,41355,0.00
8782,40912,0.00
8783,40261,0.00
8784,41248,0.00
8785,42677,0.00
8786,50427,0.00
8787,54811,0.00
8788,44998,0.00
8789,42301,0.00
8790,49041,0.00
8791,39180,0.00
8792,38429,0.00
8793,39411,0.00
8794,44165,0.00
8795,41770,0.00
8796,53780,0.00
8797,44640,0.00
8798,51412,0.00
8799,47586,0.00
8800,51493,0.00
8801,46561,0.00
8802,49982,0.00
8803,57895,0.00
8804,55093,0.00
8805,49317,0.00
8806,49844,0.00
8807,62488,0.00
8808,60458,0.00
8809,54998,0.00
8810,55798,0.00
8811,53925,0.00
8812,54309,0.00
8813,52349,0.00
8814,55294,0.00
8815,60721,0.00
8816,46456,0.00
8817,38111,0.00
8818,40599,0.00
8819,37003,0.00
8820,35816,0.00
8821,37691,0.00
8822,34869,0.00
8823,38455,0.00
8824,34227,0.00
8825,38310,0.00
8826,39704,0.00
8827,46561,0.00
8828,42008,0.00
8829,37690,0.00
8830,39058,0.00
8831,38746,0.00
8832,43509,0.00
8833,45791,0.00
8834,45253,0.00
8835,48096,0.00
8836,46242,0.00
8837,48158,0.00
8838,49397,0.00
8839,51901,0.00
8840,54626,0.00
8841,58318,0.00
8842,55084,0.00
8843,57296,0.00
8844,46733,0.00
8845,45835,0.00
8846,48412,0.00
8847,42030,0.00
8848,43379,0.00
8849,48931,0.00
8850,47253,0.00
8851,45052,0.00
8852,47999,0.00
8853,57268,0.00
8854,50547,0.00
8855,53826,0.00
8856,62342,0.00
8857,55687,0.00
8858,56095,0.00
8859,52693,0.00
8860,49399,0.00
8861,49932,0.00
8862,51758,0.00
8863,76940,0.00
8864,56882,0.00
8865,69321,0.00
8866,55902,0.00
8867,59756,0.00
8868,51702,0.00
8869,50556,0.00
8870,56756,0.00
8871,53848,0.00
8872,52494,0.00
8873,60039,0.00
8874,52370,0.00
8875,48690,0.00
8876,50944,0.00
8877,49684,0.00
8878,48296,0.00
8879,61357,0.00
8880,50740,0.00
8881,54143,0.00
8882,47672,0.00
8883,59279,0.00
8884,52346,0.00
8885,48121,0.00
8886,49226,0.00
8887,47881,0.00
8888,53015,0.00
8889,47304,0.00
8890,46210,0.00
8891,39030,0.00
8892,51883,0.00
8893,40786,0.00
8894,36166,0.00
8895,39115,0.00
8896,33783,0.00
8897,41532,0.00
8898,43985,0.00
8899,40048,0.00
8900,42569,0.00
8901,43675,0.00
8902,45964,0.00
8903,51112,0.00
8904,57146,0.00
8905,52259,0.00
8906,47960,0.00
8907,51537,0.00
8908,51731,0.00
8909,65911,0.00
8910,51742,0.00
8911,50881,0.00
8912,51405,0.00
8913,49385,0.00
8914,55780,0.00
8915,44342,0.00
8916,50821,0.00
8917,46343,0.00
8918,45018,0.00
8919,43643,0.00
8920,53994,0.00
8921,42409,0.00
8922,42999,0.00
8923,43948,0.00
8924,45284,0.00
8925,52836,0.00
8926,50315,0.00
8927,54007,0.00
8928,69864,0.00
8929,59246,0.00
8930,58549,0.00
8931,56539,0.00
8932,56497,0.00
8933,74088,0.00
8934,60242,0.00
8935,69188,0.00
8936,54820,0.00
8937,53656,0.00
8938,49888,0.00
8939,49478,0.00
8940,49600,0.00
8941,48043,0.00
8942,56523,0.00
8943,48442,0.00
8944,45718,0.00
8945,49112,0.00
8946,52905,0.00
8947,52179,0.00
8948,48605,0.00
8949,46696,0.00
8950,49197,0.00
8951,43304,0.00
8952,49185,0.00
8953,44404,0.00
8954,39771,0.00
8955,36351,0.00
8956,45075,0.00
8957,44751,0.00
8958,49240,0.00
8959,44546,0.00
8960,44604,0.00
8961,38308,0.00
8962,88672,0.00
8963,39657,0.00
8964,39618,0.00
8965,45094,0.00
8966,50861,0.00
8967,47362,0.00
8968,45064,0.00
8969,40162,0.00
8970,39142,0.00
8971,38737,0.00
8972,48380,0.00
8973,32997,0.00
8974,42757,0.00
8975,36920,0.00
8976,40193,0.00
8977,38750,0.00
8978,32195,0.00
8979,34138,0.00
8980,36027,0.00
8981,49544,0.00
8982,49575,0.00
8983,54560,0.00
8984,60614,0.00
8985,47528,0.00
8986,45447,0.00
8987,50201,0.00
8988,45960,0.00
8989,42353,0.00
8990,49007,0.00
8991,47892,0.00
8992,44405,0.00
8993,39127,0.00
8994,37927,0.00
8995,41837,0.00
8996,35623,0.00
8997,34723,0.00
8998,36497,0.00
8999,42995,0.00
9000,79404,0.00
9001,41514,0.00
9002,39958,0.00
9003,46916,0.00
9004,48441,0.00
9005,47190,0.00
9006,44768,0.00
9007,54896,0.00
9008,54017,0.00
9009,49958,0.00
9010,44272,0.00
9011,37068,0.00
9012,37958,0.00
9013,43631,0.00
9014,43774,0.00
9015,46386,0.00
9016,45809,0.00
9017,46514,0.00
9018,47329,0.00
9019,47308,0.00
9020,43143,0.00
9021,39501,0.00
9022,39071,0.00
9023,39571,0.00
9024,39835,0.00
9025,38354,0.00
9026,36157,0.00
9027,36207,0.00
9028,39605,0.00
9029,39790,0.00
9030,36189,0.00
9031,34466,0.00
9032,38759,0.00
9033,39623,0.00
9034,35272,0.00
9035,38010,0.00
9036,34358,0.00
9037,37914,0.00
9038,55877,0.00
9039,47513,0.00
9040,52452,0.00
9041,54415,0.00
9042,49247,0.00
9043,47338,0.00
9044,46465,0.00
9045,45319,0.00
9046,44643,0.00
9047,40673,0.00
9048,37507,0.00
9049,35126,0.00
9050,34474,0.00
9051,42485,0.00
9052,43439,0.00
9053,45602,0.00
9054,41804,0.00
9055,43618,0.00
9056,40432,0.00
9057,50247,0.00
9058,46819,0.00
9059,42611,0.00
9060,40129,0.00
9061,40081,0.00
9062,41070,0.00
9063,39850,0.00
9064,39371,0.00
9065,54072,0.00
9066,45921,0.00
9067,48325,0.00
9068,45071,0.00
9069,40879,0.00
9070,41566,0.00
9071,45729,0.00
9072,44940,0.00
9073,42811,0.00
9074,40974,0.00
9075,40948,0.00
9076,45497,0.00
9077,59936,0.00
9078,46522,0.00
9079,43037,0.00
9080,43750,0.00
9081,47680,0.00
9082,47721,0.00
9083,48281,0.00
9084,46918,0.00
9085,40940,0.00
9086,43407,0.00
9087,44735,0.00
9088,50320,0.00
9089,47581,0.00
9090,52545,0.00
9091,45207,0.00
9092,43839,0.00
9093,46972,0.00
9094,40274,0.00
9095,35435,0.00
9096,33695,0.00
9097,32529,0.00
9098,41857,0.00
9099,39281,0.00
9100,41806,0.00
9101,45220,0.00
9102,44586,0.00
9103,42385,0.00
9104,35213,0.00
9105,36270,0.00
9106,42904,0.00
9107,36331,0.00
9108,37344,0.00
9109,37943,0.00
9110,33696,0.00
9111,33184,0.00
9112,36171,0.00
9113,39115,0.00
9114,37395,0.00
9115,40136,0.00
9116,42333,0.00
9117,46031,0.00
9118,56309,0.00
9119,52452,0.00
9120,55870,0.00
9121,50387,0.00
9122,53090,0.00
9123,45239,0.00
9124,65611,0.00
9125,49701,0.00
9126,54040,0.00
9127,51351,0.00
9128,49385,0.00
9129,42975,0.00
9130,43477,0.00
9131,43287,0.00
9132,42550,0.00
9133,50311,0.00
9134,49933,0.00
9135,46964,0.00
9136,40998,0.00
9137,46132,0.00
9138,46390,0.00
9139,50241,0.00
9140,49902,0.00
9141,50160,0.00
9142,51911,0.00
9143,48510,0.00
9144,84981,0.00
9145,46586,0.00
9146,43502,0.00
9147,43669,0.00
9148,45321,0.00
9149,40535,0.00
9150,45348,0.00
9151,41512,0.00
9152,42719,0.00
9153,44059,0.00
9154,45710,0.00
9155,48065,0.00
9156,42544,0.00
9157,44784,0.00
9158,45559,0.00
9159,44492,0.00
9160,41824,0.00
9161,37060,0.00
9162,36606,0.00
9163,37579,0.00
9164,35905,0.00
9165,37150,0.00
9166,37304,0.00
9167,48283,0.00
9168,46040,0.00
9169,48295,0.00
9170,49322,0.00
9171,46993,0.00
9172,38709,0.00
9173,41883,0.00
9174,40108,0.00
9175,40157,0.00
9176,38441,0.00
9177,45265,0.00
9178,42108,0.00
9179,38013,0.00
9180,41130,0.00
9181,42627,0.00
9182,41390,0.00
9183,40227,0.00
9184,40112,0.00
9185,53524,0.00
9186,42511,0.00
9187,41955,0.00
9188,35533,0.00
9189,37368,0.00
9190,45590,0.00
9191,39343,0.00
9192,44459,0.00
9193,43849,0.00
9194,40207,0.00
9195,44936,0.00
9196,41577,0.00
9197,40081,0.00
9198,37657,0.00
9199,40808,0.00
9200,42000,0.00
9201,40232,0.00
9202,44665,0.00
9203,43316,0.00
9204,43024,0.00
9205,42056,0.00
9206,40309,0.00
9207,47889,0.00
9208,46709,0.00
9209,47621,0.00
9210,48681,0.00
9211,48684,0.00
9212,46002,0.00
9213,44680,0.00
9214,64651,0.00
9215,50188,0.00
9216,50588,0.00
9217,48413,0.00
9218,46646,0.00
9219,47625,0.00
9220,50177,0.00
9221,46373,0.00
9222,48852,0.00
9223,51077,0.00
9224,47556,0.00
9225,45838,0.00
9226,56394,0.00
9227,50108,0.00
9228,52557,0.00
9229,49098,0.00
9230,49406,0.00
9231,51305,0.00
9232,50334,0.00
9233,65260,0.00
9234,98553,0.00
9235,53036,0.00
9236,57379,0.00
9237,55207,0.00
9238,50777,0.00
9239,51704,0.00
9240,56411,0.00
9241,66550,0.00
9242,57716,0.00
9243,58469,0.00
9244,53665,0.00
9245,51504,0.00
9246,58260,0.00
9247,51512,0.00
9248,52038,0.00
9249,54724,0.00
9250,61368,0.00
9251,46108,0.00
9252,59590,0.00
9253,55263,0.00
9254,52113,0.00
9255,53736,0.00
9256,53275,0.00
9257,54107,0.00
9258,57949,0.00
9259,55998,0.00
9260,52061,0.00
9261,53377,0.00
9262,49793,0.00
9263,47873,0.00
9264,50535,0.00
9265,59962,0.00
9266,53783,0.00
9267,47867,0.00
9268,48770,0.00
9269,52977,0.00
9270,45295,0.00
9271,41754,0.00
9272,43422,0.00
9273,38304,0.00
9274,44013,0.00
9275,42326,0.00
9276,42845,0.00
9277,50564,0.00
9278,44768,0.00
9279,52816,0.00
9280,49184,0.00
9281,54948,0.00
9282,55453,0.00
9283,52043,0.00
9284,52604,0.00
9285,44559,0.00
9286,40363,0.00
9287,46009,0.00
9288,43720,0.00
9289,49856,0.00
9290,47322,0.00
9291,43879,0.00
9292,44329,0.00
9293,47226,0.00
9294,38822,0.00
9295,40606,0.00
9296,42587,0.00
9297,46226,0.00
9298,40088,0.00
9299,51721,0.00
9300,47819,0.00
9301,48161,0.00
9302,45990,0.00
9303,46239,0.00
9304,47355,0.00
9305,55860,0.00
9306,48213,0.00
9307,52558,0.00
9308,55147,0.00
9309,46106,0.00
9310,47466,0.00
9311,46038,0.00
9312,51156,0.00
9313,45460,0.00
9314,39814,0.00
9315,43694,0.00
9316,44263,0.00
9317,52002,0.00
9318,44120,0.00
9319,42453,0.00
9320,50371,0.00
9321,45879,0.00
9322,50004,0.00
9323,49426,0.00
9324,49538,0.00
9325,47764,0.00
9326,41589,0.00
9327,48924,0.00
9328,43636,0.00
9329,46694,0.00
9330,44193,0.00
9331,47491,0.00
9332,44445,0.00
9333,48990,0.00
9334,46466,0.00
9335,48205,0.00
9336,41593,0.00
9337,44999,0.00
9338,38266,0.00
9339,37676,0.00
9340,48514,0.00
9341,46176,0.00
9342,45074,0.00
9343,47205,0.00
9344,46403,0.00
9345,43095,0.00
9346,40263,0.00
9347,38449,0.00
9348,40662,0.00
9349,41892,0.00
9350,45078,0.00
9351,44188,0.00
9352,54954,0.00
9353,55011,0.00
9354,70849,0.00
9355,58203,0.00
9356,55404,0.00
9357,51906,0.00
9358,57533,0.00
9359,51084,0.00
9360,53044,0.00
9361,50046,0.00
9362,48353,0.00
9363,46760,0.00
9364,45198,0.00
9365,51221,0.00
9366,47104,0.00
9367,61135,0.00
9368,49588,0.00
9369,48175,0.00
9370,42041,0.00
9371,41267,0.00
9372,46445,0.00
9373,42149,0.00
9374,58000,0.00
9375,51416,0.00
9376,50107,0.00
9377,67383,0.00
9378,67518,0.00
9379,59153,0.00
9380,49564,0.00
9381,58479,0.00
9382,52135,0.00
9383,58345,0.00
9384,62771,0.00
9385,51172,0.00
9386,51087,0.00
9387,61895,0.00
9388,52143,0.00
9389,47863,0.00
9390,50941,0.00
9391,53853,0.00
9392,51955,0.00
9393,49005,0.00
9394,58096,0.00
9395,50876,0.00
9396,45622,0.00
9397,41668,0.00
9398,43492,0.00
9399,51085,0.00
9400,47985,0.00
9401,49650,0.00
9402,51980,0.00
9403,71272,0.00
9404,58141,0.00
9405,52669,0.00
9406,79651,0.00
9407,49599,0.00
9408,56450,0.00
9409,54407,0.00
9410,58933,0.00
9411,55324,0.00
9412,58275,0.00
9413,56321,0.00
9414,60027,0.00
9415,64727,0.00
9416,53555,0.00
9417,48286,0.00
9418,52496,0.00
9419,45478,0.00
9420,49703,0.00
9421,46313,0.00
9422,50894,0.00
9423,49891,0.00
9424,47256,0.00
9425,47224,0.00
9426,53561,0.00
9427,46830,0.00
9428,68313,0.00
9429,53783,0.00
9430,48901,0.00
9431,53791,0.00
9432,53662,0.00
9433,56657,0.00
9434,54954,0.00
9435,53705,0.00
9436,48381,0.00
9437,55300,0.00
9438,49531,0.00
9439,67132,0.00
9440,56604,0.00
9441,55124,0.00
9442,140943,0.00
9443,54069,0.00
9444,56408,0.00
9445,60528,0.00
9446,57082,0.00
9447,53720,0.00
9448,54464,0.00
9449,57348,0.00
9450,53175,0.00
9451,54840,0.00
9452,51110,0.00
9453,51296,0.00
9454,49495,0.00
9455,57602,0.00
9456,64297,0.00
9457,50297,0.00
9458,52499,0.00
9459,50285,0.00
9460,50439,0.00
9461,50586,0.00
9462,55407,0.00
9463,56904,0.00
9464,58713,0.00
9465,54675,0.00
9466,59533,0.00
9467,75065,0.00
9468,54624,0.00
9469,55443,0.00
9470,51649,0.00
9471,52337,0.00
9472,51123,0.00
9473,52387,0.00
9474,60624,0.00
9475,53989,0.00
9476,55081,0.00
9477,56344,0.00
9478,55178,0.00
9479,54322,0.00
9480,47989,0.00
9481,52889,0.00
9482,58178,0.00
9483,51920,0.00
9484,50236,0.00
9485,49963,0.00
9486,49997,0.00
9487,50802,0.00
9488,50585,0.00
9489,47408,0.00
9490,53802,0.00
9491,51045,0.00
9492,51964,0.00
9493,48937,0.00
9494,43749,0.00
9495,44000,0.00
9496,40542,0.00
9497,48180,0.00
9498,38675,0.00
9499,40096,0.00
9500,38347,0.00
9501,40428,0.00
9502,46147,0.00
9503,47434,0.00
9504,45967,0.00
9505,43887,0.00
9506,43694,0.00
9507,51716,0.00
9508,52043,0.00
9509,46881,0.00
9510,43289,0.00
9511,44861,0.00
9512,43614,0.00
9513,52841,0.00
9514,39604,0.00
9515,42290,0.00
9516,41925,0.00
9517,45708,0.00
9518,45165,0.00
9519,45237,0.00
9520,44288,0.00
9521,54483,0.00
9522,63899,0.00
9523,56573,0.00
9524,52024,0.00
9525,49501,0.00
9526,50416,0.00
9527,68142,0.00
9528,49658,0.00
9529,49386,0.00
9530,54701,0.00
9531,61452,0.00
9532,53585,0.00
9533,49899,0.00
9534,48665,0.00
9535,48851,0.00
9536,42123,0.00
9537,45966,0.00
9538,39852,0.00
9539,41033,0.00
9540,43172,0.00
9541,39961,0.00
9542,43454,0.00
9543,40509,0.00
9544,45081,0.00
9545,47097,0.00
9546,50930,0.00
9547,42852,0.00
9548,45257,0.00
9549,46246,0.00
9550,46152,0.00
9551,45173,0.00
9552,44918,0.00
9553,43132,0.00
9554,49055,0.00
9555,50514,0.00
9556,48949,0.00
9557,45909,0.00
9558,44711,0.00
9559,44008,0.00
9560,49020,0.00
9561,48753,0.00
9562,47626,0.00
9563,43916,0.00
9564,45484,0.00
9565,42000,0.00
9566,44198,0.00
9567,41984,0.00
9568,41231,0.00
9569,40287,0.00
9570,34951,0.00
9571,37068,0.00
9572,40319,0.00
9573,40306,0.00
9574,42007,0.00
9575,39947,0.00
9576,42880,0.00
9577,43331,0.00
9578,37234,0.00
9579,37596,0.00
9580,42873,0.00
9581,43797,0.00
9582,42378,0.00
9583,39195,0.00
9584,41512,0.00
9585,40573,0.00
9586,38037,0.00
9587,37285,0.00
9588,35532,0.00
9589,42000,0.00
9590,50064,0.00
9591,41460,0.00
9592,42516,0.00
9593,36982,0.00
9594,36202,0.00
9595,34585,0.00
9596,31322,0.00
9597,36806,0.00
9598,38836,0.00
9599,47443,0.00
9600,43980,0.00
9601,46856,0.00
9602,47538,0.00
9603,51941,0.00
9604,51082,0.00
9605,51001,0.00
9606,50040,0.00
9607,49461,0.00
9608,65756,0.00
9609,48157,0.00
9610,39497,0.00
9611,35857,0.00
9612,38552,0.00
9613,36480,0.00
9614,39017,0.00
9615,40780,0.00
9616,41192,0.00
9617,39957,0.00
9618,46120,0.00
9619,43496,0.00
9620,55428,0.00
9621,41105,0.00
9622,45672,0.00
9623,45287,0.00
9624,42803,0.00
9625,48636,0.00
9626,47133,0.00
9627,44792,0.00
9628,39824,0.00
9629,45109,0.00
9630,44146,0.00
9631,44860,0.00
9632,46303,0.00
9633,45950,0.00
9634,48110,0.00
9635,47757,0.00
9636,44972,0.00
9637,44540,0.00
9638,62486,0.00
9639,45595,0.00
9640,44398,0.00
9641,42581,0.00
9642,48715,0.00
9643,48752,0.00
9644,42714,0.00
9645,44950,0.00
9646,45751,0.00
9647,45920,0.00
9648,45197,0.00
9649,50724,0.00
9650,108711,0.00
9651,48795,0.00
9652,50976,0.00
9653,51092,0.00
9654,55984,0.00
9655,52516,0.00
9656,63362,0.00
9657,54949,0.00
9658,63282,0.00
9659,52165,0.00
9660,49725,0.00
9661,51177,0.00
9662,55490,0.00
9663,47879,0.00
9664,51223,0.00
9665,50520,0.00
9666,48847,0.00
9667,49886,0.00
9668,49494,0.00
9669,43185,0.00
9670,45502,0.00
9671,41828,0.00
9672,45553,0.00
9673,43760,0.00
9674,41865,0.00
9675,44473,0.00
9676,36613,0.00
9677,37580,0.00
9678,45336,0.00
9679,63352,0.00
9680,67736,0.00
9681,50199,0.00
9682,54241,0.00
9683,53328,0.00
9684,47531,0.00
9685,46261,0.00
9686,58724,0.00
9687,41040,0.00
9688,37785,0.00
9689,34057,0.00
9690,42193,0.00
9691,39819,0.00
9692,42460,0.00
9693,38681,0.00
9694,36421,0.00
9695,38605,0.00
9696,37472,0.00
9697,39608,0.00
9698,43422,0.00
9699,44613,0.00
9700,45195,0.00
9701,47841,0.00
9702,47643,0.00
9703,46764,0.00
9704,45387,0.00
9705,51544,0.00
9706,51645,0.00
9707,51173,0.00
9708,49061,0.00
9709,62699,0.00
9710,50806,0.00
9711,48435,0.00
9712,53858,0.00
9713,54944,0.00
9714,41491,0.00
9715,47799,0.00
9716,44343,0.00
9717,49188,0.00
9718,44978,0.00
9719,46334,0.00
9720,46522,0.00
9721,48841,0.00
9722,50577,0.00
9723,65151,0.00
9724,52043,0.00
9725,52417,0.00
9726,59926,0.00
9727,52997,0.00
9728,50913,0.00
9729,63137,0.00
9730,47886,0.00
9731,47288,0.00
9732,49866,0.00
9733,53544,0.00
9734,50897,0.00
9735,49833,0.00
9736,49713,0.00
9737,51991,0.00
9738,44201,0.00
9739,39398,0.00
9740,51692,0.00
9741,55653,0.00
9742,53188,0.00
9743,51316,0.00
9744,52061,0.00
9745,50082,0.00
9746,50523,0.00
9747,53126,0.00
9748,56188,0.00
9749,58645,0.00
9750,51677,0.00
9751,49475,0.00
9752,49420,0.00
9753,50090,0.00
9754,63690,0.00
9755,44748,0.00
9756,41458,0.00
9757,42797,0.00
9758,46034,0.00
9759,42221,0.00
9760,48385,0.00
9761,60627,0.00
9762,55412,0.00
9763,52585,0.00
9764,53173,0.00
9765,52131,0.00
9766,53863,0.00
9767,46163,0.00
9768,48489,0.00
9769,44440,0.00
9770,43941,0.00
9771,51805,0.00
9772,51332,0.00
9773,46530,0.00
9774,47264,0.00
9775,47225,0.00
9776,44959,0.00
9777,42876,0.00
9778,40980,0.00
9779,43861,0.00
9780,41948,0.00
9781,50336,0.00
9782,56118,0.00
9783,46034,0.00
9784,52438,0.00
9785,52056,0.00
9786,46374,0.00
9787,45959,0.00
9788,52383,0.00
9789,46108,0.00
9790,44405,0.00
9791,44490,0.00
9792,46366,0.00
9793,42790,0.00
9794,41496,0.00
9795,40857,0.00
9796,39761,0.00
9797,37001,0.00
9798,36873,0.00
9799,36539,0.00
9800,39364,0.00
9801,39094,0.00
9802,42518,0.00
9803,36787,0.00
9804,42549,0.00
9805,41280,0.00
9806,43906,0.00
9807,44663,0.00
9808,44178,0.00
9809,48053,0.00
9810,46053,0.00
9811,45121,0.00
9812,54164,0.00
9813,39171,0.00
9814,44017,0.00
9815,41617,0.00
9816,37654,0.00
9817,36379,0.00
9818,34861,0.00
9819,35578,0.00
9820,35774,0.00
9821,33841,0.00
9822,37689,0.00
9823,37463,0.00
9824,39094,0.00
9825,43280,0.00
9826,39374,0.00
9827,46767,0.00
9828,47997,0.00
9829,55340,0.00
9830,40344,0.00
9831,41541,0.00
9832,39752,0.00
9833,37988,0.00
9834,43779,0.00
9835,37926,0.00
9836,44472,0.00
9837,38854,0.00
9838,37933,0.00
9839,38443,0.00
9840,35079,0.00
9841,36388,0.00
9842,36809,0.00
9843,37840,0.00
9844,40020,0.00
9845,41057,0.00
9846,42670,0.00
9847,54396,0.00
9848,42450,0.00
9849,43440,0.00
9850,46907,0.00
9851,49315,0.00
9852,57384,0.00
9853,45880,0.00
9854,46477,0.00
9855,55388,0.00
9856,45544,0.00
9857,46300,0.00
9858,47459,0.00
9859,44821,0.00
9860,37998,0.00
9861,38022,0.00
9862,39879,0.00
9863,44081,0.00
9864,39437,0.00
9865,38264,0.00
9866,37568,0.00
9867,43798,0.00
9868,51100,0.00
9869,45714,0.00
9870,42564,0.00
9871,41148,0.00
9872,42408,0.00
9873,48549,0.00
9874,45567,0.00
9875,43020,0.00
9876,43907,0.00
9877,48858,0.00
9878,44900,0.00
9879,59093,0.00
9880,47339,0.00
9881,46071,0.00
9882,48812,0.00
9883,46889,0.00
9884,44842,0.00
9885,42640,0.00
9886,51794,0.00
9887,39471,0.00
9888,38822,0.00
9889,36647,0.00
9890,32277,0.00
9891,35375,0.00
9892,34077,0.00
9893,34015,0.00
9894,44052,0.00
9895,35100,0.00
9896,48293,0.00
9897,38785,0.00
9898,40946,0.00
9899,38799,0.00
9900,37648,0.00
9901,38424,0.00
9902,43900,0.00
9903,48695,0.00
9904,47096,0.00
9905,49004,0.00
9906,49293,0.00
9907,44647,0.00
9908,43954,0.00
9909,40440,0.00
9910,26271,0.00
9911,44650,0.00
9912,37079,0.00
9913,41524,0.00
9914,42743,0.00
9915,35650,0.00
9916,35475,0.00
9917,37979,0.00
9918,38440,0.00
9919,42438,0.00
9920,37719,0.00
9921,39071,0.00
9922,37928,0.00
9923,43560,0.00
9924,44942,0.00
9925,40868,0.00
9926,40163,0.00
9927,42232,0.00
9928,45234,0.00
9929,45187,0.00
9930,44640,0.00
9931,42155,0.00
9932,44792,0.00
9933,41463,0.00
9934,46118,0.00
9935,46450,0.00
9936,46126,0.00
9937,45452,0.00
9938,48029,0.00
9939,46492,0.00
9940,54181,0.00
9941,39790,0.00
9942,38891,0.00
9943,55593,0.00
9944,40552,0.00
9945,40952,0.00
9946,44892,0.00
9947,42503,0.00
9948,40778,0.00
9949,44200,0.00
9950,35540,0.00
9951,35010,0.00
9952,43888,0.00
9953,41090,0.00
9954,49235,0.00
9955,42546,0.00
9956,56937,0.00
9957,37889,0.00
9958,34891,0.00
9959,34214,0.00
9960,35111,0.00
9961,41788,0.00
9962,43951,0.00
9963,46215,0.00
9964,49108,0.00
9965,42588,0.00
9966,45669,0.00
9967,43677,0.00
9968,44974,0.00
9969,44801,0.00
9970,42942,0.00
9971,45115,0.00
9972,34612,0.00
9973,33810,0.00
9974,36970,0.00
9975,39279,0.00
9976,40933,0.00
9977,42692,0.00
9978,43305,0.00
9979,44214,0.00
9980,41420,0.00
9981,49926,0.00
9982,46747,0.00
9983,43741,0.00
9984,47010,0.00
9985,40096,0.00
9986,33119,0.00
9987,33308,0.00
9988,28201,0.00
9989,44438,0.00
9990,36040,0.00
9991,36546,0.00
9992,36975,0.00
9993,46456,0.00
9994,53385,0.00
9995,49974,0.00
9996,48186,0.00
9997,48305,0.00
9998,45269,0.00
9999,47321,0.00
10000,75164,0.00
10001,45952,0.00
10002,44172,0.00
10003,54070,0.00
10004,40626,0.00
10005,52344,0.00
10006,43211,0.00
10007,45966,0.00
10008,41211,0.00
10009,36821,0.00
10010,40119,0.00
10011,39339,0.00
10012,40787,0.00
10013,42064,0.00
10014,38435,0.00
10015,38162,0.00
10016,34318,0.00
10017,31776,0.00
10018,37748,0.00
10019,38956,0.00
10020,43247,0.00
10021,39229,0.00
10022,51740,0.00
10023,43943,0.00
10024,41250,0.00
10025,40566,0.00
10026,41929,0.00
10027,37720,0.00
10028,40110,0.00
10029,40484,0.00
10030,39012,0.00
10031,41802,0.00
10032,44735,0.00
10033,48671,0.00
10034,47606,0.00
10035,46852,0.00
10036,42664,0.00
10037,40985,0.00
10038,39077,0.00
10039,38191,0.00
10040,36396,0.00
10041,38027,0.00
10042,46753,0.00
10043,33955,0.00
10044,33982,0.00
10045,37679,0.00
10046,39929,0.00
10047,41121,0.00
10048,42192,0.00
10049,42605,0.00
10050,44192,0.00
10051,42374,0.00
10052,41154,0.00
10053,36152,0.00
10054,43181,0.00
10055,51427,0.00
10056,51320,0.00
10057,51574,0.00
10058,53003,0.00
10059,55081,0.00
10060,55966,0.00
10061,51761,0.00
10062,49943,0.00
10063,48895,0.00
10064,53935,0.00
10065,55785,0.00
10066,50952,0.00
10067,47901,0.00
10068,51236,0.00
10069,49324,0.00
10070,48649,0.00
10071,43361,0.00
10072,44099,0.00
10073,42346,0.00
10074,42600,0.00
10075,39136,0.00
10076,47482,0.00
10077,44175,0.00
10078,47735,0.00
10079,52457,0.00
10080,49826,0.00
10081,65977,0.00
10082,54252,0.00
10083,50867,0.00
10084,48581,0.00
10085,46153,0.00
10086,47884,0.00
10087,44972,0.00
10088,44959,0.00
10089,50109,0.00
10090,51325,0.00
10091,51434,0.00
10092,50846,0.00
10093,54677,0.00
10094,52262,0.00
10095,58688,0.00
10096,50875,0.00
10097,52085,0.00
10098,53801,0.00
10099,54338,0.00
10100,48357,0.00
10101,51824,0.00
10102,55972,0.00
10103,57042,0.00
10104,54504,0.00
10105,55398,0.00
10106,77587,0.00
10107,54572,0.00
10108,53938,0.00
10109,66178,0.00
10110,56441,0.00
10111,45229,0.00
10112,46677,0.00
10113,43830,0.00
10114,44928,0.00
10115,45328,0.00
10116,48779,0.00
10117,41923,0.00
10118,43941,0.00
10119,49720,0.00
10120,51618,0.00
10121,46829,0.00
10122,51255,0.00
10123,48224,0.00
10124,47310,0.00
10125,47728,0.00
10126,45811,0.00
10127,48180,0.00
10128,48633,0.00
10129,46919,0.00
10130,48954,0.00
10131,70324,0.00
10132,53258,0.00
10133,55322,0.00
10134,45822,0.00
10135,38709,0.00
10136,38674,0.00
10137,42568,0.00
10138,49566,0.00
10139,50674,0.00
10140,41299,0.00
10141,37715,0.00
10142,45807,0.00
10143,47625,0.00
10144,50804,0.00
10145,47292,0.00
10146,45537,0.00
10147,44594,0.00
10148,47435,0.00
10149,49208,0.00
10150,46335,0.00
10151,47882,0.00
10152,51381,0.00
10153,65560,0.00
10154,53875,0.00
10155,53708,0.00
10156,63007,0.00
10157,50903,0.00
10158,50944,0.00
10159,48495,0.00
10160,53049,0.00
10161,45699,0.00
10162,49566,0.00
10163,49814,0.00
10164,49941,0.00
10165,53862,0.00
10166,50761,0.00
10167,50771,0.00
10168,52925,0.00
10169,71679,0.00
10170,73367,0.00
10171,57556,0.00
10172,54688,0.00
10173,67148,0.00
10174,55836,0.00
10175,57114,0.00
10176,62796,0.00
10177,66549,0.00
10178,56689,0.00
10179,63815,0.00
10180,63519,0.00
10181,53545,0.00
10182,54571,0.00
10183,63582,0.00
10184,52381,0.00
10185,67641,0.00
10186,55990,0.00
10187,53277,0.00
10188,52154,0.00
10189,46172,0.00
10190,45274,0.00
10191,47582,0.00
10192,42982,0.00
10193,39280,0.00
10194,41394,0.00
10195,47952,0.00
10196,47428,0.00
10197,46144,0.00
10198,47632,0.00
10199,50822,0.00
10200,53786,0.00
10201,59654,0.00
10202,49312,0.00
10203,48864,0.00
10204,47872,0.00
10205,46190,0.00
10206,60394,0.00
10207,51159,0.00
10208,39746,0.00
10209,38401,0.00
10210,42534,0.00
10211,41895,0.00
10212,42548,0.00
10213,39063,0.00
10214,43152,0.00
10215,40074,0.00
10216,40754,0.00
10217,46809,0.00
10218,39022,0.00
10219,41262,0.00
10220,36581,0.00
10221,41302,0.00
10222,48698,0.00
10223,46523,0.00
10224,48703,0.00
10225,49906,0.00
10226,55553,0.00
10227,58098,0.00
10228,51532,0.00
10229,50519,0.00
10230,48251,0.00
10231,52065,0.00
10232,53663,0.00
10233,54152,0.00
10234,51621,0.00
10235,46969,0.00
10236,44199,0.00
10237,53999,0.00
10238,50915,0.00
10239,44909,0.00
10240,53947,0.00
10241,52573,0.00
10242,52842,0.00
10243,57615,0.00
10244,57176,0.00
10245,61632,0.00
10246,53724,0.00
10247,48520,0.00
10248,43811,0.00
10249,44602,0.00
10250,50825,0.00
10251,53769,0.00
10252,50120,0.00
10253,51568,0.00
10254,48214,0.00
10255,52038,0.00
10256,51943,0.00
10257,52550,0.00
10258,48586,0.00
10259,55445,0.00
10260,50772,0.00
10261,48338,0.00
10262,56071,0.00
10263,50917,0.00
10264,50809,0.00
10265,49900,0.00
10266,52948,0.00
10267,46763,0.00
10268,37207,0.00
10269,40810,0.00
10270,34722,0.00
10271,44139,0.00
10272,38075,0.00
10273,33957,0.00
10274,36282,0.00
10275,49490,0.00
10276,38871,0.00
10277,44987,0.00
10278,44893,0.00
10279,39922,0.00
10280,47647,0.00
10281,48238,0.00
10282,56484,0.00
10283,50815,0.00
10284,51480,0.00
10285,46755,0.00
10286,35641,0.00
10287,44658,0.00
10288,53953,0.00
10289,37210,0.00
10290,46789,0.00
10291,48466,0.00
10292,44490,0.00
10293,43552,0.00
10294,39886,0.00
10295,47907,0.00
10296,42957,0.00
10297,50107,0.00
10298,45930,0.00
10299,45785,0.00
10300,47816,0.00
10301,44278,0.00
10302,49814,0.00
10303,47532,0.00
10304,49023,0.00
10305,48842,0.00
10306,49372,0.00
10307,46476,0.00
10308,49865,0.00
10309,48668,0.00
10310,47250,0.00
10311,46154,0.00
10312,43021,0.00
10313,44680,0.00
10314,44000,0.00
10315,51812,0.00
10316,41088,0.00
10317,50432,0.00
10318,42031,0.00
10319,42178,0.00
10320,45058,0.00
10321,40111,0.00
10322,46433,0.00
10323,36996,0.00
10324,38728,0.00
10325,179696,0.00
10326,32797,0.00
10327,42068,0.00
10328,41110,0.00
10329,43123,0.00
10330,45713,0.00
10331,43427,0.00
10332,45737,0.00
10333,40628,0.00
10334,45850,0.00
10335,41958,0.00
10336,40541,0.00
10337,42019,0.00
10338,43962,0.00
10339,50597,0.00
10340,48420,0.00
10341,51370,0.00
10342,50758,0.00
10343,51122,0.00
10344,51291,0.00
10345,49017,0.00
10346,51864,0.00
10347,44505,0.00
10348,32247,0.00
10349,37751,0.00
10350,36412,0.00
10351,38640,0.00
10352,46461,0.00
10353,54997,0.00
10354,42987,0.00
10355,43050,0.00
10356,43873,0.00
10357,53197,0.00
10358,46554,0.00
10359,47286,0.00
10360,45135,0.00
10361,51194,0.00
10362,54122,0.00
10363,46964,0.00
10364,45930,0.00
10365,47954,0.00
10366,43052,0.00
10367,45277,0.00
10368,44516,0.00
10369,52320,0.00
10370,47999,0.00
10371,47862,0.00
10372,51012,0.00
10373,57111,0.00
10374,49334,0.00
10375,46514,0.00
10376,49570,0.00
10377,57514,0.00
10378,53569,0.00
10379,119133,0.00
10380,57957,0.00
10381,54687,0.00
10382,56804,0.00
10383,59736,0.00
10384,67675,0.00
10385,57423,0.00
10386,54838,0.00
10387,56504,0.00
10388,47897,0.00
10389,50880,0.00
10390,48656,0.00
10391,48077,0.00
10392,49737,0.00
10393,41598,0.00
10394,43162,0.00
10395,42007,0.00
10396,48815,0.00
10397,48334,0.00
10398,53099,0.00
10399,49118,0.00
10400,47710,0.00
10401,46334,0.00
10402,45308,0.00
10403,54129,0.00
10404,45932,0.00
10405,42064,0.00
10406,45702,0.00
10407,45612,0.00
10408,42920,0.00
10409,43651,0.00
10410,45806,0.00
10411,40337,0.00
10412,35567,0.00
10413,40065,0.00
10414,38404,0.00
10415,40975,0.00
10416,34980,0.00
10417,40831,0.00
10418,40191,0.00
10419,44519,0.00
10420,45234,0.00
10421,36934,0.00
10422,42123,0.00
10423,44560,0.00
10424,52641,0.00
10425,44051,0.00
10426,46670,0.00
10427,43756,0.00
10428,47100,0.00
10429,51346,0.00
10430,49649,0.00
10431,51384,0.00
10432,52453,0.00
10433,68447,0.00
10434,56622,0.00
10435,54978,0.00
10436,58946,0.00
10437,53784,0.00
10438,47988,0.00
10439,43721,0.00
10440,41177,0.00
10441,47761,0.00
10442,62506,0.00
10443,48303,0.00
10444,50633,0.00
10445,50866,0.00
10446,49408,0.00
10447,52105,0.00
10448,46014,0.00
10449,54652,0.00
10450,52839,0.00
10451,51793,0.00
10452,54663,0.00
10453,60620,0.00
10454,55769,0.00
10455,52117,0.00
10456,61725,0.00
10457,54871,0.00
10458,64004,0.00
10459,50863,0.00
10460,45527,0.00
10461,48733,0.00
10462,48989,0.00
10463,45608,0.00
10464,48318,0.00
10465,50001,0.00
10466,56200,0.00
10467,52605,0.00
10468,54755,0.00
10469,50359,0.00
10470,50721,0.00
10471,45233,0.00
10472,46227,0.00
10473,42334,0.00
10474,43317,0.00
10475,36960,0.00
10476,38476,0.00
10477,41922,0.00
10478,45776,0.00
10479,43101,0.00
10480,46231,0.00
10481,48196,0.00
10482,50633,0.00
10483,53021,0.00
10484,54048,0.00
10485,59199,0.00
10486,57462,0.00
10487,53761,0.00
10488,71623,0.00
10489,60047,0.00
10490,62107,0.00
10491,55762,0.00
10492,96558,0.00
10493,56418,0.00
10494,59863,0.00
10495,59668,0.00
10496,55182,0.00
10497,71841,0.00
10498,69815,0.00
10499,58323,0.00
10500,52655,0.00
10501,52985,0.00
10502,49355,0.00
10503,49253,0.00
10504,55571,0.00
10505,52367,0.00
10506,52991,0.00
10507,49731,0.00
10508,52694,0.00
10509,52617,0.00
10510,52977,0.00
10511,47293,0.00
10512,49930,0.00
10513,48381,0.00
10514,44522,0.00
10515,51544,0.00
10516,49224,0.00
10517,51911,0.00
10518,47696,0.00
10519,50458,0.00
10520,48991,0.00
10521,48717,0.00
10522,45090,0.00
10523,41038,0.00
10524,41835,0.00
10525,43687,0.00
10526,44009,0.00
10527,43346,0.00
10528,45226,0.00
10529,43270,0.00
10530,44602,0.00
10531,45064,0.00
10532,44513,0.00
10533,50956,0.00
10534,50276,0.00
10535,51827,0.00
10536,49737,0.00
10537,57090,0.00
10538,58116,0.00
10539,53699,0.00
10540,53683,0.00
10541,51063,0.00
10542,54851,0.00
10543,52847,0.00
10544,51070,0.00
10545,48385,0.00
10546,49894,0.00
10547,49760,0.00
10548,51140,0.00
10549,46514,0.00
10550,35403,0.00
10551,43751,0.00
10552,41916,0.00
10553,51009,0.00
10554,54077,0.00
10555,48716,0.00
10556,50873,0.00
10557,56726,0.00
10558,57938,0.00
10559,53469,0.00
10560,56397,0.00
10561,53788,0.00
10562,58684,0.00
10563,55279,0.00
10564,52805,0.00
10565,58356,0.00
10566,51708,0.00
10567,52612,0.00
10568,62337,0.00
10569,47128,0.00
10570,48040,0.00
10571,39294,0.00
10572,44056,0.00
10573,55375,0.00
10574,54793,0.00
10575,58145,0.00
10576,61507,0.00
10577,55138,0.00
10578,53853,0.00
10579,51014,0.00
10580,54125,0.00
10581,53937,0.00
10582,52010,0.00
10583,50006,0.00
10584,49222,0.00
10585,48762,0.00
10586,47457,0.00
10587,47773,0.00
10588,58368,0.00
10589,58403,0.00
10590,42736,0.00
10591,45471,0.00
10592,43198,0.00
10593,42386,0.00
10594,41532,0.00
10595,44635,0.00
10596,46694,0.00
10597,73959,0.00
10598,54506,0.00
10599,51130,0.00
10600,53046,0.00
10601,50208,0.00
10602,44836,0.00
10603,43890,0.00
10604,40918,0.00
10605,43467,0.00
10606,86792,0.00
10607,58514,0.00
10608,69023,0.00
10609,56604,0.00
10610,54424,0.00
10611,47201,0.00
10612,47356,0.00
10613,43782,0.00
10614,44051,0.00
10615,51569,0.00
10616,51384,0.00
10617,56236,0.00
10618,42297,0.00
10619,41374,0.00
10620,50983,0.00
10621,49249,0.00
10622,52510,0.00
10623,46898,0.00
10624,49254,0.00
10625,48627,0.00
10626,55827,0.00
10627,46068,0.00
10628,46297,0.00
10629,44522,0.00
10630,47254,0.00
10631,46730,0.00
10632,48836,0.00
10633,49245,0.00
10634,53237,0.00
10635,39535,0.00
10636,42378,0.00
10637,39960,0.00
10638,44106,0.00
10639,41884,0.00
10640,39059,0.00
10641,35562,0.00
10642,33758,0.00
10643,28524,0.00
10644,36344,0.00
10645,35735,0.00
10646,31695,0.00
10647,30591,0.00
10648,30966,0.00
10649,30958,0.00
10650,30629,0.00
10651,33908,0.00
10652,37603,0.00
10653,39384,0.00
10654,48629,0.00
10655,43681,0.00
10656,50023,0.00
10657,37569,0.00
10658,39413,0.00
10659,39684,0.00
10660,38186,0.00
10661,49555,0.00
10662,39075,0.00
10663,37621,0.00
10664,39285,0.00
10665,41265,0.00
10666,39763,0.00
10667,42375,0.00
10668,44751,0.00
10669,40825,0.00
10670,39483,0.00
10671,38957,0.00
10672,38093,0.00
10673,43549,0.00
10674,37575,0.00
10675,36271,0.00
10676,35474,0.00
10677,37732,0.00
10678,39971,0.00
10679,39712,0.00
10680,40440,0.00
10681,40285,0.00
10682,41512,0.00
10683,39157,0.00
10684,43959,0.00
10685,41876,0.00
10686,37139,0.00
10687,36292,0.00
10688,36258,0.00
10689,39661,0.00
10690,38831,0.00
10691,43416,0.00
10692,44633,0.00
10693,50598,0.00
10694,42511,0.00
10695,42675,0.00
10696,43391,0.00
10697,38716,0.00
10698,41633,0.00
10699,37716,0.00
10700,36004,0.00
10701,40491,0.00
10702,38362,0.00
10703,36624,0.00
10704,33320,0.00
10705,32763,0.00
10706,30787,0.00
10707,38454,0.00
10708,37232,0.00
10709,32478,0.00
10710,34910,0.00
10711,33174,0.00
10712,34812,0.00
10713,32743,0.00
10714,34380,0.00
10715,41450,0.00
10716,36106,0.00
10717,37873,0.00
10718,36553,0.00
10719,35071,0.00
10720,32512,0.00
10721,37731,0.00
10722,38533,0.00
10723,38524,0.00
10724,39143,0.00
10725,52904,0.00
10726,46872,0.00
10727,37855,0.00
10728,43891,0.00
10729,41264,0.00
10730,38410,0.00
10731,43609,0.00
10732,51195,0.00
10733,42114,0.00
10734,44718,0.00
10735,41311,0.00
10736,40889,0.00
10737,38278,0.00
10738,38786,0.00
10739,36324,0.00
10740,76891,0.00
10741,38830,0.00
10742,43825,0.00
10743,40560,0.00
10744,34121,0.00
10745,44909,0.00
10746,40078,0.00
10747,44397,0.00
10748,43321,0.00
10749,43269,0.00
10750,46281,0.00
10751,46507,0.00
10752,41462,0.00
10753,40471,0.00
10754,43304,0.00
10755,40264,0.00
10756,38821,0.00
10757,40750,0.00
10758,45732,0.00
10759,40429,0.00
10760,35882,0.00
10761,34949,0.00
10762,39369,0.00
10763,35910,0.00
10764,37021,0.00
10765,37422,0.00
10766,47497,0.00
10767,42622,0.00
10768,50268,0.00
10769,46658,0.00
10770,48760,0.00
10771,44041,0.00
10772,50766,0.00
10773,43039,0.00
10774,40697,0.00
10775,41011,0.00
10776,38086,0.00
10777,41762,0.00
10778,38753,0.00
10779,42742,0.00
10780,42494,0.00
10781,40364,0.00
10782,39633,0.00
10783,39058,0.00
10784,54632,0.00
10785,49457,0.00
10786,64375,0.00
10787,56047,0.00
10788,56661,0.00
10789,48649,0.00
10790,51923,0.00
10791,51678,0.00
10792,57655,0.00
10793,52943,0.00
10794,48717,0.00
10795,47874,0.00
10796,52789,0.00
10797,45908,0.00
10798,44537,0.00
10799,49831,0.00
10800,46082,0.00
10801,39783,0.00
10802,38630,0.00
10803,39225,0.00
10804,46743,0.00
10805,50045,0.00
10806,49501,0.00
10807,48943,0.00
10808,46365,0.00
10809,46886,0.00
10810,44120,0.00
10811,43011,0.00
10812,46542,0.00
10813,43962,0.00
10814,41979,0.00
10815,37799,0.00
10816,42056,0.00
10817,37131,0.00
10818,42450,0.00
10819,36984,0.00
10820,41302,0.00
10821,45516,0.00
10822,43879,0.00
10823,44797,0.00
10824,47275,0.00
10825,39691,0.00
10826,43163,0.00
10827,37804,0.00
10828,34126,0.00
10829,37662,0.00
10830,38602,0.00
10831,34898,0.00
10832,40357,0.00
10833,40780,0.00
10834,38787,0.00
10835,38772,0.00
10836,45129,0.00
10837,39570,0.00
10838,42770,0.00
10839,43710,0.00
10840,41876,0.00
10841,47795,0.00
10842,46087,0.00
10843,45031,0.00
10844,40702,0.00
10845,37451,0.00
10846,34452,0.00
10847,33305,0.00
10848,36349,0.00
10849,40521,0.00
10850,41208,0.00
10851,40090,0.00
10852,39580,0.00
10853,38413,0.00
10854,37639,0.00
10855,36171,0.00
10856,35747,0.00
10857,43688,0.00
10858,49605,0.00
10859,45471,0.00
10860,42291,0.00
10861,34951,0.00
10862,36679,0.00
10863,33211,0.00
10864,37333,0.00
10865,47661,0.00
10866,46844,0.00
10867,179059,0.00
10868,48535,0.00
10869,48195,0.00
10870,50164,0.00
10871,50565,0.00
10872,47144,0.00
10873,48872,0.00
10874,67564,0.00
10875,45446,0.00
10876,48814,0.00
10877,53786,0.00
10878,51057,0.00
10879,64836,0.00
10880,53645,0.00
10881,49596,0.00
10882,53773,0.00
10883,53999,0.00
10884,47421,0.00
10885,52614,0.00
10886,60741,0.00
10887,49195,0.00
10888,46805,0.00
10889,44115,0.00
10890,44230,0.00
10891,38701,0.00
10892,48838,0.00
10893,33940,0.00
10894,33238,0.00
10895,34183,0.00
10896,47758,0.00
10897,38975,0.00
10898,43673,0.00
10899,40992,0.00
10900,44817,0.00
10901,49277,0.00
10902,43809,0.00
10903,46252,0.00
10904,53208,0.00
10905,53768,0.00
10906,49828,0.00
10907,51375,0.00
10908,43217,0.00
10909,42958,0.00
10910,42427,0.00
10911,46423,0.00
10912,47711,0.00
10913,52412,0.00
10914,52090,0.00
10915,53193,0.00
10916,63749,0.00
10917,48672,0.00
10918,50676,0.00
10919,51618,0.00
10920,56516,0.00
10921,53081,0.00
10922,54661,0.00
10923,52751,0.00
10924,55757,0.00
10925,57303,0.00
10926,52563,0.00
10927,63245,0.00
10928,59491,0.00
10929,57335,0.00
10930,57184,0.00
10931,52816,0.00
10932,54538,0.00
10933,63793,0.00
10934,62355,0.00
10935,59735,0.00
10936,60772,0.00
10937,58363,0.00
10938,53967,0.00
10939,50881,0.00
10940,47282,0.00
10941,44719,0.00
10942,47680,0.00
10943,46833,0.00
10944,63927,0.00
10945,44165,0.00
10946,46844,0.00
10947,47586,0.00
10948,45413,0.00
10949,42902,0.00
10950,49276,0.00
10951,49016,0.00
10952,51074,0.00
10953,50148,0.00
10954,56283,0.00
10955,55600,0.00
10956,52779,0.00
10957,53905,0.00
10958,55751,0.00
10959,58862,0.00
10960,59664,0.00
10961,57960,0.00
10962,50880,0.00
10963,52703,0.00
10964,47864,0.00
10965,45699,0.00
10966,49016,0.00
10967,49827,0.00
10968,51874,0.00
10969,49984,0.00
10970,50233,0.00
10971,49626,0.00
10972,48890,0.00
10973,43314,0.00
10974,44759,0.00
10975,43539,0.00
10976,43876,0.00
10977,41817,0.00
10978,46141,0.00
10979,43778,0.00
10980,44129,0.00
10981,49869,0.00
10982,57804,0.00
10983,47497,0.00
10984,45140,0.00
10985,52954,0.00
10986,44985,0.00
10987,51242,0.00
10988,43848,0.00
10989,46932,0.00
10990,52135,0.00
10991,76350,0.00
10992,44733,0.00
10993,43758,0.00
10994,37708,0.00
10995,47743,0.00
10996,42501,0.00
10997,45182,0.00
10998,41540,0.00
10999,40444,0.00
11000,53118,0.00
11001,44148,0.00
11002,42508,0.00
11003,39923,0.00
11004,37888,0.00
11005,38270,0.00
11006,32433,0.00
11007,31803,0.00
11008,34921,0.00
11009,27906,0.00
11010,34407,0.00
11011,32667,0.00
11012,32259,0.00
11013,34516,0.00
11014,33744,0.00
11015,37556,0.00
11016,42207,0.00
11017,45998,0.00
11018,44266,0.00
11019,44172,0.00
11020,47560,0.00
11021,48814,0.00
11022,44888,0.00
11023,46684,0.00
11024,60701,0.00
11025,48037,0.00
11026,43832,0.00
11027,52528,0.00
11028,39712,0.00
11029,38805,0.00
11030,40069,0.00
11031,37376,0.00
11032,37647,0.00
11033,38238,0.00
11034,34950,0.00
11035,34083,0.00
11036,39589,0.00
11037,35506,0.00
11038,33119,0.00
11039,37194,0.00
11040,39189,0.00
11041,44620,0.00
11042,47676,0.00
11043,44708,0.00
11044,45000,0.00
11045,49416,0.00
11046,47395,0.00
11047,46764,0.00
11048,47287,0.00
11049,48309,0.00
11050,48443,0.00
11051,46204,0.00
11052,43962,0.00
11053,42444,0.00
11054,42907,0.00
11055,42318,0.00
11056,40617,0.00
11057,44386,0.00
11058,51819,0.00
11059,53888,0.00
11060,55963,0.00
11061,49615,0.00
11062,50323,0.00
11063,49961,0.00
11064,49606,0.00
11065,48491,0.00
11066,50195,0.00
11067,46375,0.00
11068,56733,0.00
11069,52844,0.00
11070,51641,0.00
11071,49132,0.00
11072,50463,0.00
11073,53667,0.00
11074,51583,0.00
11075,49681,0.00
11076,45215,0.00
11077,46118,0.00
11078,50669,0.00
11079,49228,0.00
11080,52516,0.00
11081,53684,0.00
11082,52909,0.00
11083,53075,0.00
11084,51137,0.00
11085,48745,0.00
11086,44982,0.00
11087,44230,0.00
11088,43149,0.00
11089,38940,0.00
11090,38044,0.00
11091,43898,0.00
11092,37057,0.00
11093,36148,0.00
11094,35128,0.00
11095,33984,0.00
11096,32405,0.00
11097,42926,0.00
11098,35574,0.00
11099,37869,0.00
11100,37915,0.00
11101,34529,0.00
11102,37791,0.00
11103,41714,0.00
11104,40254,0.00
11105,41829,0.00
11106,44584,0.00
11107,43650,0.00
11108,41191,0.00
11109,39998,0.00
11110,48645,0.00
11111,40397,0.00
11112,37692,0.00
11113,30264,0.00
11114,39490,0.00
11115,43401,0.00
11116,46046,0.00
11117,45790,0.00
11118,42764,0.00
11119,43372,0.00
11120,43379,0.00
11121,55571,0.00
11122,36279,0.00
11123,44180,0.00
11124,41504,0.00
11125,42808,0.00
11126,43836,0.00
11127,44308,0.00
11128,50160,0.00
11129,42109,0.00
11130,46397,0.00
11131,43175,0.00
11132,43652,0.00
11133,42585,0.00
11134,38796,0.00
11135,39908,0.00
11136,40515,0.00
11137,42553,0.00
11138,42300,0.00
11139,46701,0.00
11140,39311,0.00
11141,40905,0.00
11142,38111,0.00
11143,37231,0.00
11144,37402,0.00
11145,40550,0.00
11146,45197,0.00
11147,47227,0.00
11148,42312,0.00
11149,38245,0.00
11150,39374,0.00
11151,36522,0.00
11152,40872,0.00
11153,36546,0.00
11154,39771,0.00
11155,44802,0.00
11156,51110,0.00
11157,47177,0.00
11158,47716,0.00
11159,46616,0.00
11160,43926,0.00
11161,39896,0.00
11162,40033,0.00
11163,49422,0.00
11164,39907,0.00
11165,37749,0.00
11166,36739,0.00
11167,47302,0.00
11168,41084,0.00
11169,41835,0.00
11170,45605,0.00
11171,41893,0.00
11172,60654,0.00
11173,51654,0.00
11174,48751,0.00
11175,46776,0.00
11176,42939,0.00
11177,52138,0.00
11178,46091,0.00
11179,43443,0.00
11180,53131,0.00
11181,39071,0.00
11182,43437,0.00
11183,47641,0.00
11184,48069,0.00
11185,47125,0.00
11186,45653,0.00
11187,42182,0.00
11188,41157,0.00
11189,43211,0.00
11190,38209,0.00
11191,37237,0.00
11192,39116,0.00
11193,35547,0.00
11194,36287,0.00
11195,34015,0.00
11196,33210,0.00
11197,34269,0.00
11198,34442,0.00
11199,36896,0.00
11200,40631,0.00
11201,36699,0.00
11202,36516,0.00
11203,36645,0.00
11204,31535,0.00
11205,43872,0.00
11206,42283,0.00
11207,43438,0.00
11208,42548,0.00
11209,43217,0.00
11210,41005,0.00
11211,53662,0.00
11212,44290,0.00
11213,40565,0.00
11214,38867,0.00
11215,37557,0.00
11216,35439,0.00
11217,36782,0.00
11218,36595,0.00
11219,34842,0.00
11220,39879,0.00
11221,38222,0.00
11222,45020,0.00
11223,39396,0.00
11224,37118,0.00
11225,37348,0.00
11226,39180,0.00
11227,35862,0.00
11228,32811,0.00
11229,46885,0.00
11230,42954,0.00
11231,44724,0.00
11232,44718,0.00
11233,44054,0.00
11234,39789,0.00
11235,39171,0.00
11236,39383,0.00
11237,47934,0.00
11238,40125,0.00
11239,41755,0.00
11240,48972,0.00
11241,48992,0.00
11242,54468,0.00
11243,52001,0.00
11244,69519,0.00
11245,59877,0.00
11246,52073,0.00
11247,63077,0.00
11248,55092,0.00
11249,51681,0.00
11250,56400,0.00
11251,51614,0.00
11252,50724,0.00
11253,61918,0.00
11254,43640,0.00
11255,41215,0.00
11256,48159,0.00
11257,54749,0.00
11258,57362,0.00
11259,49933,0.00
11260,46924,0.00
11261,40088,0.00
11262,40781,0.00
11263,45150,0.00
11264,44914,0.00
11265,43082,0.00
11266,39571,0.00
11267,40061,0.00
11268,49126,0.00
11269,39833,0.00
11270,37857,0.00
11271,36810,0.00
11272,51076,0.00
11273,43482,0.00
11274,54214,0.00
11275,36941,0.00
11276,37517,0.00
11277,36069,0.00
11278,33434,0.00
11279,40415,0.00
11280,35555,0.00
11281,34368,0.00
11282,36198,0.00
11283,37393,0.00
11284,38185,0.00
11285,35871,0.00
11286,36085,0.00
11287,35396,0.00
11288,37811,0.00
11289,32487,0.00
11290,34449,0.00
11291,34831,0.00
11292,49735,0.00
11293,42618,0.00
11294,42067,0.00
11295,41566,0.00
11296,39712,0.00
11297,35023,0.00
11298,35698,0.00
11299,38278,0.00
11300,38103,0.00
11301,33864,0.00
11302,39621,0.00
11303,37426,0.00
11304,34468,0.00
11305,39816,0.00
11306,40507,0.00
11307,43979,0.00
11308,44128,0.00
11309,40214,0.00
11310,40496,0.00
11311,42374,0.00
11312,41743,0.00
11313,43420,0.00
11314,44267,0.00
11315,40328,0.00
11316,37889,0.00
11317,39162,0.00
11318,37060,0.00
11319,39523,0.00
11320,40248,0.00
11321,37986,0.00
11322,39907,0.00
11323,40842,0.00
11324,35043,0.00
11325,38087,0.00
11326,41625,0.00
11327,41477,0.00
11328,39149,0.00
11329,35361,0.00
11330,38570,0.00
11331,39473,0.00
11332,41268,0.00
11333,42619,0.00
11334,39905,0.00
11335,35710,0.00
11336,36574,0.00
11337,35658,0.00
11338,54127,0.00
11339,33494,0.00
11340,32966,0.00
11341,33355,0.00
11342,41066,0.00
11343,35328,0.00
11344,36669,0.00
11345,36519,0.00
11346,36993,0.00
11347,39520,0.00
11348,38136,0.00
11349,36959,0.00
11350,37295,0.00
11351,32580,0.00
11352,34326,0.00
11353,37624,0.00
11354,36121,0.00
11355,37647,0.00
11356,40065,0.00
11357,42666,0.00
11358,60558,0.00
11359,51745,0.00
11360,45204,0.00
11361,49934,0.00
11362,45132,0.00
11363,40631,0.00
11364,42476,0.00
11365,43224,0.00
11366,59590,0.00
11367,51003,0.00
11368,48150,0.00
11369,48513,0.00
11370,53054,0.00
11371,53659,0.00
11372,55002,0.00
11373,53804,0.00
11374,54049,0.00
11375,55475,0.00
11376,54877,0.00
11377,55251,0.00
11378,63309,0.00
11379,66690,0.00
11380,56591,0.00
11381,54861,0.00
11382,53149,0.00
11383,54799,0.00
11384,59765,0.00
11385,55568,0.00
11386,55553,0.00
11387,55111,0.00
11388,76242,0.00
11389,51532,0.00
11390,62289,0.00
11391,56489,0.00
11392,48727,0.00
11393,52509,0.00
11394,53205,0.00
11395,56823,0.00
11396,53811,0.00
11397,53371,0.00
11398,52936,0.00
11399,46835,0.00
11400,47307,0.00
11401,51938,0.00
11402,49881,0.00
11403,48745,0.00
11404,46575,0.00
11405,50668,0.00
11406,52486,0.00
11407,50919,0.00
11408,51713,0.00
11409,52171,0.00
11410,46457,0.00
11411,43556,0.00
11412,52382,0.00
11413,61968,0.00
11414,46070,0.00
11415,43885,0.00
11416,45472,0.00
11417,56406,0.00
11418,57248,0.00
11419,50393,0.00
11420,53317,0.00
11421,56094,0.00
11422,53910,0.00
11423,51784,0.00
11424,57128,0.00
11425,50793,0.00
11426,47303,0.00
11427,55196,0.00
11428,54752,0.00
11429,56767,0.00
11430,59733,0.00
11431,66631,0.00
11432,53475,0.00
11433,52551,0.00
11434,56703,0.00
11435,55771,0.00
11436,51662,0.00
11437,57120,0.00
11438,45933,0.00
11439,44824,0.00
11440,40567,0.00
11441,45752,0.00
11442,40809,0.00
11443,45176,0.00
11444,50122,0.00
11445,51594,0.00
11446,50007,0.00
11447,55299,0.00
11448,44319,0.00
11449,43793,0.00
11450,43254,0.00
11451,46086,0.00
11452,44844,0.00
11453,38821,0.00
11454,36304,0.00
11455,34264,0.00
11456,33025,0.00
11457,35560,0.00
11458,53697,0.00
11459,47993,0.00
11460,52712,0.00
11461,44531,0.00
11462,49259,0.00
11463,54809,0.00
11464,51902,0.00
11465,58419,0.00
11466,51946,0.00
11467,55372,0.00
11468,57318,0.00
11469,53273,0.00
11470,51542,0.00
11471,49660,0.00
11472,53197,0.00
11473,52382,0.00
11474,63222,0.00
11475,50547,0.00
11476,55542,0.00
11477,53111,0.00
11478,51118,0.00
11479,49071,0.00
11480,47008,0.00
11481,53727,0.00
11482,52384,0.00
11483,57809,0.00
11484,53206,0.00
11485,47175,0.00
11486,52841,0.00
11487,55834,0.00
11488,49537,0.00
11489,49764,0.00
11490,55410,0.00
11491,50682,0.00
11492,53498,0.00
11493,56245,0.00
11494,62333,0.00
11495,48380,0.00
11496,52315,0.00
11497,48029,0.00
11498,51460,0.00
11499,58877,0.00
11500,67444,0.00
11501,51554,0.00
11502,62017,0.00
11503,54211,0.00
11504,61193,0.00
11505,49247,0.00
11506,59781,0.00
11507,54764,0.00
11508,53446,0.00
11509,53786,0.00
11510,57231,0.00
11511,65173,0.00
11512,47023,0.00
11513,48463,0.00
11514,49289,0.00
11515,48485,0.00
11516,45791,0.00
11517,44252,0.00
11518,44144,0.00
11519,45510,0.00
11520,42627,0.00
11521,48091,0.00
11522,51261,0.00
11523,45674,0.00
11524,42944,0.00
11525,38167,0.00
11526,49708,0.00
11527,40701,0.00
11528,43531,0.00
11529,43502,0.00
11530,43717,0.00
11531,47178,0.00
11532,48187,0.00
11533,58802,0.00
11534,45685,0.00
11535,48117,0.00
11536,42383,0.00
11537,42341,0.00
11538,46425,0.00
11539,44433,0.00
11540,49832,0.00
11541,53892,0.00
11542,58184,0.00
11543,48672,0.00
11544,52314,0.00
11545,52776,0.00
11546,47374,0.00
11547,47317,0.00
11548,46813,0.00
11549,45817,0.00
11550,43649,0.00
11551,44875,0.00
11552,48417,0.00
11553,67947,0.00
11554,52380,0.00
11555,52240,0.00
11556,52168,0.00
11557,54852,0.00
11558,58136,0.00
11559,51821,0.00
11560,50864,0.00
11561,49230,0.00
11562,47311,0.00
11563,46883,0.00
11564,46847,0.00
11565,54518,0.00
11566,48197,0.00
11567,43457,0.00
11568,40942,0.00
11569,45040,0.00
11570,46779,0.00
11571,39253,0.00
11572,47761,0.00
11573,39005,0.00
11574,39039,0.00
11575,45172,0.00
11576,41824,0.00
11577,47157,0.00
11578,42589,0.00
11579,42152,0.00
11580,41756,0.00
11581,42318,0.00
11582,44430,0.00
11583,46132,0.00
11584,53929,0.00
11585,49789,0.00
11586,52463,0.00
11587,46813,0.00
11588,46667,0.00
11589,42274,0.00
11590,42273,0.00
11591,41250,0.00
11592,45869,0.00
11593,47749,0.00
11594,47265,0.00
11595,39260,0.00
11596,52319,0.00
11597,36733,0.00
11598,38098,0.00
11599,43527,0.00
11600,39286,0.00
11601,41402,0.00
11602,39290,0.00
11603,40714,0.00
11604,44644,0.00
11605,44361,0.00
11606,54525,0.00
11607,45848,0.00
11608,46353,0.00
11609,49725,0.00
11610,45042,0.00
11611,46904,0.00
11612,45848,0.00
11613,45374,0.00
11614,44103,0.00
11615,43938,0.00
11616,49645,0.00
11617,47156,0.00
11618,47598,0.00
11619,50658,0.00
11620,51652,0.00
11621,49434,0.00
11622,51831,0.00
11623,54977,0.00
11624,54403,0.00
11625,55533,0.00
11626,52840,0.00
11627,61336,0.00
11628,51945,0.00
11629,53005,0.00
11630,46120,0.00
11631,45143,0.00
11632,41679,0.00
11633,41782,0.00
11634,42316,0.00
11635,41873,0.00
11636,42064,0.00
11637,46547,0.00
11638,42758,0.00
11639,43355,0.00
11640,37112,0.00
11641,39244,0.00
11642,38436,0.00
11643,40086,0.00
11644,36847,0.00
11645,41472,0.00
11646,39546,0.00
11647,43674,0.00
11648,42054,0.00
11649,36861,0.00
11650,35568,0.00
11651,29044,0.00
11652,36710,0.00
11653,31827,0.00
11654,36303,0.00
11655,35989,0.00
11656,35967,0.00
11657,34755,0.00
11658,33459,0.00
11659,38038,0.00
11660,35691,0.00
11661,41832,0.00
11662,35584,0.00
11663,33542,0.00
11664,39904,0.00
11665,37793,0.00
11666,38279,0.00
11667,38971,0.00
11668,46417,0.00
11669,45273,0.00
11670,50460,0.00
11671,46002,0.00
11672,42096,0.00
11673,37516,0.00
11674,42947,0.00
11675,44256,0.00
11676,41866,0.00
11677,44050,0.00
11678,43320,0.00
11679,52939,0.00
11680,45463,0.00
11681,45534,0.00
11682,45840,0.00
11683,56504,0.00
11684,55127,0.00
11685,56251,0.00
11686,56638,0.00
11687,52094,0.00
11688,48759,0.00
11689,49151,0.00
11690,55243,0.00
11691,56187,0.00
11692,54167,0.00
11693,52279,0.00
11694,50183,0.00
11695,57668,0.00
11696,53233,0.00
11697,45240,0.00
11698,47937,0.00
11699,51485,0.00
11700,44668,0.00
11701,54841,0.00
11702,41884,0.00
11703,38183,0.00
11704,46577,0.00
11705,48850,0.00
11706,45418,0.00
11707,50174,0.00
11708,47868,0.00
11709,52327,0.00
11710,50603,0.00
11711,46159,0.00
11712,42394,0.00
11713,42609,0.00
11714,45980,0.00
11715,44589,0.00
11716,41472,0.00
11717,43405,0.00
11718,48585,0.00
11719,64352,0.00
11720,46500,0.00
11721,47771,0.00
11722,55004,0.00
11723,50268,0.00
11724,51601,0.00
11725,50563,0.00
11726,63116,0.00
11727,50773,0.00
11728,54772,0.00
11729,52269,0.00
11730,49884,0.00
11731,52952,0.00
11732,51531,0.00
11733,52728,0.00
11734,53836,0.00
11735,49153,0.00
11736,50478,0.00
11737,52767,0.00
11738,52236,0.00
11739,49344,0.00
11740,50305,0.00
11741,51512,0.00
11742,54735,0.00
11743,62965,0.00
11744,56698,0.00
11745,47671,0.00
11746,44176,0.00
11747,46414,0.00
11748,43986,0.00
11749,47189,0.00
11750,46630,0.00
11751,47390,0.00
11752,51527,0.00
11753,47735,0.00
11754,63540,0.00
11755,52397,0.00
11756,46910,0.00
11757,54483,0.00
11758,67382,0.00
11759,53382,0.00
11760,47973,0.00
11761,46540,0.00
11762,44759,0.00
11763,47661,0.00
11764,48625,0.00
11765,53625,0.00
11766,52899,0.00
11767,56107,0.00
11768,52240,0.00
11769,49948,0.00
11770,48455,0.00
11771,43247,0.00
11772,44391,0.00
11773,49070,0.00
11774,48639,0.00
11775,41023,0.00
11776,45687,0.00
11777,42881,0.00
11778,46316,0.00
11779,46122,0.00
11780,42489,0.00
11781,43981,0.00
11782,42821,0.00
11783,42616,0.00
11784,50553,0.00
11785,53150,0.00
11786,60189,0.00
11787,55796,0.00
11788,59903,0.00
11789,56447,0.00
11790,51697,0.00
11791,52292,0.00
11792,57661,0.00
11793,47607,0.00
11794,55412,0.00
11795,43345,0.00
11796,46290,0.00
11797,41209,0.00
11798,41148,0.00
11799,40836,0.00
11800,43135,0.00
11801,50645,0.00
11802,56533,0.00
11803,53944,0.00
11804,56568,0.00
11805,55243,0.00
11806,52054,0.00
11807,53347,0.00
11808,54589,0.00
11809,54669,0.00
11810,51773,0.00
11811,47241,0.00
11812,47490,0.00
11813,43990,0.00
11814,44762,0.00
11815,47665,0.00
11816,50001,0.00
11817,50538,0.00
11818,51490,0.00
11819,48695,0.00
11820,56817,0.00
11821,45437,0.00
11822,44639,0.00
11823,40858,0.00
11824,42556,0.00
11825,46364,0.00
11826,48935,0.00
11827,48669,0.00
11828,52912,0.00
11829,45289,0.00
11830,43394,0.00
11831,42622,0.00
11832,50219,0.00
11833,52368,0.00
11834,48752,0.00
11835,49387,0.00
11836,50169,0.00
11837,49785,0.00
11838,48401,0.00
11839,45882,0.00
11840,54760,0.00
11841,45029,0.00
11842,47979,0.00
11843,40942,0.00
11844,39435,0.00
11845,43724,0.00
11846,44677,0.00
11847,45020,0.00
11848,39905,0.00
11849,41299,0.00
11850,40783,0.00
11851,34620,0.00
11852,47649,0.00
11853,47667,0.00
11854,43620,0.00
11855,42803,0.00
11856,41405,0.00
11857,42603,0.00
11858,54923,0.00
11859,42550,0.00
11860,37077,0.00
11861,45061,0.00
11862,36629,0.00
11863,31632,0.00
11864,36365,0.00
11865,38007,0.00
11866,35710,0.00
11867,39382,0.00
11868,44001,0.00
11869,41072,0.00
11870,46697,0.00
11871,50191,0.00
11872,54748,0.00
11873,50684,0.00
11874,46724,0.00
11875,44806,0.00
11876,43468,0.00
11877,48654,0.00
11878,50828,0.00
11879,47000,0.00
11880,47446,0.00
11881,52027,0.00
11882,54612,0.00
11883,57049,0.00
11884,47668,0.00
11885,47093,0.00
11886,46765,0.00
11887,44284,0.00
11888,43415,0.00
11889,46593,0.00
11890,40843,0.00
11891,40557,0.00
11892,39669,0.00
11893,39497,0.00
11894,37162,0.00
11895,49775,0.00
11896,38046,0.00
11897,33350,0.00
11898,36626,0.00
11899,44124,0.00
11900,40274,0.00
11901,37712,0.00
11902,40123,0.00
11903,39712,0.00
11904,33223,0.00
11905,39446,0.00
11906,40975,0.00
11907,41585,0.00
11908,37135,0.00
11909,40514,0.00
11910,36853,0.00
11911,34024,0.00
11912,37575,0.00
11913,53033,0.00
11914,45057,0.00
11915,47200,0.00
11916,44547,0.00
11917,46093,0.00
11918,45547,0.00
11919,46451,0.00
11920,46173,0.00
11921,48677,0.00
11922,40649,0.00
11923,41213,0.00
11924,41001,0.00
11925,40621,0.00
11926,38377,0.00
11927,41635,0.00
11928,44834,0.00
11929,46052,0.00
11930,44421,0.00
11931,43976,0.00
11932,42406,0.00
11933,53586,0.00
11934,49689,0.00
11935,43996,0.00
11936,54117,0.00
11937,44747,0.00
11938,44522,0.00
11939,48734,0.00
11940,43388,0.00
11941,44630,0.00
11942,52864,0.00
11943,39873,0.00
11944,46315,0.00
11945,41705,0.00
11946,41265,0.00
11947,37956,0.00
11948,38348,0.00
11949,41599,0.00
11950,31736,0.00
11951,42161,0.00
11952,46201,0.00
11953,43184,0.00
11954,48778,0.00
11955,48267,0.00
11956,47299,0.00
11957,40971,0.00
11958,43086,0.00
11959,43903,0.00
11960,41379,0.00
11961,41004,0.00
11962,40649,0.00
11963,39203,0.00
11964,42338,0.00
11965,51482,0.00
11966,45613,0.00
11967,48136,0.00
11968,43114,0.00
11969,46678,0.00
11970,54194,0.00
11971,37788,0.00
11972,46826,0.00
11973,48805,0.00
11974,52609,0.00
11975,53414,0.00
11976,50546,0.00
11977,50134,0.00
11978,48145,0.00
11979,52943,0.00
11980,52035,0.00
11981,55212,0.00
11982,52805,0.00
11983,49669,0.00
11984,55819,0.00
11985,52816,0.00
11986,52138,0.00
11987,52914,0.00
11988,49391,0.00
11989,56473,0.00
11990,53096,0.00
11991,45683,0.00
11992,46272,0.00
11993,42201,0.00
11994,49891,0.00
11995,55190,0.00
11996,51130,0.00
11997,50108,0.00
11998,47124,0.00
11999,52464,0.00
12000,78596,0.00
12001,51423,0.00
12002,57794,0.00
12003,53695,0.00
12004,49296,0.00
12005,53106,0.00
12006,52929,0.00
12007,56376,0.00
12008,73818,0.00
12009,53301,0.00
12010,51522,0.00
12011,50749,0.00
12012,46747,0.00
12013,55581,0.00
12014,52027,0.00
12015,38072,0.00
12016,35533,0.00
12017,33733,0.00
12018,32288,0.00
12019,36282,0.00
12020,38728,0.00
12021,33364,0.00
12022,34459,0.00
12023,33281,0.00
12024,30795,0.00
12025,35093,0.00
12026,32007,0.00
12027,34337,0.00
12028,34735,0.00
12029,45881,0.00
12030,34602,0.00
12031,32883,0.00
12032,34500,0.00
12033,35652,0.00
12034,34628,0.00
12035,32500,0.00
12036,36427,0.00
12037,32473,0.00
12038,33400,0.00
12039,37376,0.00
12040,37604,0.00
12041,39866,0.00
12042,53024,0.00
12043,37283,0.00
12044,36296,0.00
12045,35428,0.00
12046,39895,0.00
12047,45647,0.00
12048,41013,0.00
12049,38676,0.00
12050,39929,0.00
12051,34961,0.00
12052,34809,0.00
12053,34531,0.00
12054,37839,0.00
12055,34220,0.00
12056,40442,0.00
12057,45715,0.00
12058,39808,0.00
12059,41008,0.00
12060,39251,0.00
12061,40952,0.00
12062,43364,0.00
12063,37343,0.00
12064,43515,0.00
12065,45255,0.00
12066,41604,0.00
12067,42543,0.00
12068,46691,0.00
12069,45396,0.00
12070,46083,0.00
12071,32888,0.00
12072,34607,0.00
12073,35189,0.00
12074,33318,0.00
12075,32727,0.00
12076,32760,0.00
12077,36200,0.00
12078,35307,0.00
12079,36962,0.00
12080,35467,0.00
12081,38076,0.00
12082,39943,0.00
12083,38687,0.00
12084,34206,0.00
12085,49995,0.00
12086,44312,0.00
12087,51971,0.00
12088,46400,0.00
12089,47052,0.00
12090,49022,0.00
12091,43967,0.00
12092,42933,0.00
12093,37817,0.00
12094,36687,0.00
12095,34742,0.00
12096,34627,0.00
12097,34900,0.00
12098,34192,0.00
12099,33606,0.00
12100,32717,0.00
12101,36014,0.00
12102,39368,0.00
12103,37948,0.00
12104,38780,0.00
12105,38695,0.00
12106,48041,0.00
12107,42999,0.00
12108,44009,0.00
12109,47548,0.00
12110,43891,0.00
12111,45102,0.00
12112,41343,0.00
12113,39360,0.00
12114,43994,0.00
12115,44867,0.00
12116,41807,0.00
12117,46264,0.00
12118,43589,0.00
12119,43542,0.00
12120,41569,0.00
12121,41275,0.00
12122,37074,0.00
12123,42282,0.00
12124,35858,0.00
12125,38873,0.00
12126,36435,0.00
12127,44813,0.00
12128,42620,0.00
12129,42290,0.00
12130,45607,0.00
12131,54337,0.00
12132,46192,0.00
12133,44422,0.00
12134,42941,0.00
12135,40495,0.00
12136,44476,0.00
12137,46520,0.00
12138,44569,0.00
12139,42715,0.00
12140,40597,0.00
12141,48805,0.00
12142,49617,0.00
12143,48423,0.00
12144,41606,0.00
12145,44218,0.00
12146,36662,0.00
12147,35536,0.00
12148,33936,0.00
12149,38405,0.00
12150,37160,0.00
12151,33365,0.00
12152,47467,0.00
12153,32993,0.00
12154,34888,0.00
12155,39559,0.00
12156,44117,0.00
12157,52899,0.00
12158,40141,0.00
12159,38166,0.00
12160,39164,0.00
12161,44673,0.00
12162,43514,0.00
12163,43174,0.00
12164,41215,0.00
12165,39929,0.00
12166,44484,0.00
12167,47441,0.00
12168,48556,0.00
12169,46159,0.00
12170,52769,0.00
12171,45386,0.00
12172,49150,0.00
12173,45293,0.00
12174,40817,0.00
12175,41779,0.00
12176,42692,0.00
12177,47422,0.00
12178,44269,0.00
12179,43259,0.00
12180,40733,0.00
12181,69314,0.00
12182,46771,0.00
12183,46039,0.00
12184,42819,0.00
12185,46155,0.00
12186,51285,0.00
12187,49844,0.00
12188,52738,0.00
12189,53020,0.00
12190,43064,0.00
12191,42561,0.00
12192,39484,0.00
12193,45778,0.00
12194,41042,0.00
12195,38270,0.00
12196,38975,0.00
12197,37227,0.00
12198,52231,0.00
12199,31114,0.00
12200,47185,0.00
12201,34745,0.00
12202,37007,0.00
12203,40350,0.00
12204,37710,0.00
12205,40526,0.00
12206,43086,0.00
12207,44666,0.00
12208,41835,0.00
12209,42818,0.00
12210,43380,0.00
12211,47723,0.00
12212,45146,0.00
12213,49674,0.00
12214,47288,0.00
12215,43460,0.00
12216,45204,0.00
12217,38483,0.00
12218,38962,0.00
12219,46249,0.00
12220,40895,0.00
12221,39072,0.00
12222,44280,0.00
12223,47250,0.00
12224,45831,0.00
12225,47599,0.00
12226,46967,0.00
12227,48454,0.00
12228,56564,0.00
12229,44788,0.00
12230,44346,0.00
12231,49490,0.00
12232,46062,0.00
12233,53639,0.00
12234,44943,0.00
12235,46153,0.00
12236,40581,0.00
12237,47249,0.00
12238,38856,0.00
12239,40117,0.00
12240,52218,0.00
12241,46394,0.00
12242,44509,0.00
12243,43382,0.00
12244,48835,0.00
12245,47703,0.00
12246,43555,0.00
12247,43358,0.00
12248,41239,0.00
12249,52361,0.00
12250,47697,0.00
12251,70595,0.00
12252,52487,0.00
12253,47655,0.00
12254,47572,0.00
12255,45657,0.00
12256,38494,0.00
12257,37418,0.00
12258,34038,0.00
12259,30314,0.00
12260,33347,0.00
12261,41575,0.00
12262,43578,0.00
12263,45216,0.00
12264,46244,0.00
12265,46126,0.00
12266,47267,0.00
12267,48840,0.00
12268,46563,0.00
12269,42212,0.00
12270,40266,0.00
12271,40472,0.00
12272,42438,0.00
12273,38637,0.00
12274,55302,0.00
12275,36392,0.00
12276,40373,0.00
12277,39548,0.00
12278,37049,0.00
12279,40256,0.00
12280,42444,0.00
12281,39474,0.00
12282,45128,0.00
12283,44636,0.00
12284,46993,0.00
12285,46493,0.00
12286,47898,0.00
12287,56114,0.00
12288,41491,0.00
12289,42665,0.00
12290,44156,0.00
12291,51121,0.00
12292,45111,0.00
12293,49636,0.00
12294,52722,0.00
12295,47898,0.00
12296,46853,0.00
12297,47109,0.00
12298,48213,0.00
12299,49751,0.00
12300,45333,0.00
12301,51869,0.00
12302,48257,0.00
12303,48440,0.00
12304,44791,0.00
12305,60971,0.00
12306,49221,0.00
12307,45213,0.00
12308,58524,0.00
12309,46068,0.00
12310,46127,0.00
12311,46465,0.00
12312,46184,0.00
12313,44498,0.00
12314,60520,0.00
12315,40509,0.00
12316,36254,0.00
12317,36590,0.00
12318,45424,0.00
12319,40182,0.00
12320,37168,0.00
12321,46609,0.00
12322,38505,0.00
12323,42639,0.00
12324,43470,0.00
12325,39433,0.00
12326,40217,0.00
12327,40123,0.00
12328,45270,0.00
12329,42467,0.00
12330,42707,0.00
12331,44861,0.00
12332,41157,0.00
12333,45146,0.00
12334,43825,0.00
12335,44537,0.00
12336,49738,0.00
12337,52070,0.00
12338,48470,0.00
12339,47077,0.00
12340,43602,0.00
12341,43705,0.00
12342,45905,0.00
12343,46175,0.00
12344,51888,0.00
12345,46737,0.00
12346,42733,0.00
12347,47369,0.00
12348,52341,0.00
12349,46699,0.00
12350,46338,0.00
12351,41962,0.00
12352,44148,0.00
12353,44024,0.00
12354,46043,0.00
12355,52204,0.00
12356,52789,0.00
12357,52939,0.00
12358,46894,0.00
12359,56493,0.00
12360,49238,0.00
12361,53561,0.00
12362,53425,0.00
12363,54965,0.00
12364,47150,0.00
12365,49644,0.00
12366,49261,0.00
12367,46210,0.00
12368,43068,0.00
12369,43816,0.00
12370,41213,0.00
12371,41216,0.00
12372,36077,0.00
12373,38448,0.00
12374,35850,0.00
12375,43583,0.00
12376,43204,0.00
12377,40900,0.00
12378,62114,0.00
12379,45377,0.00
12380,43267,0.00
12381,53865,0.00
12382,51778,0.00
12383,55567,0.00
12384,51545,0.00
12385,52559,0.00
12386,58788,0.00
12387,48348,0.00
12388,47057,0.00
12389,47188,0.00
12390,43847,0.00
12391,36898,0.00
12392,36900,0.00
12393,34887,0.00
12394,35824,0.00
12395,37182,0.00
12396,32567,0.00
12397,39606,0.00
12398,44140,0.00
12399,36698,0.00
12400,40551,0.00
12401,39488,0.00
12402,43265,0.00
12403,35847,0.00
12404,35256,0.00
12405,34896,0.00
12406,34569,0.00
12407,36695,0.00
12408,38597,0.00
12409,43117,0.00
12410,46900,0.00
12411,49948,0.00
12412,49079,0.00
12413,46309,0.00
12414,43977,0.00
12415,41840,0.00
12416,44824,0.00
12417,43759,0.00
12418,42150,0.00
12419,43826,0.00
12420,46984,0.00
12421,44799,0.00
12422,42049,0.00
12423,50548,0.00
12424,44249,0.00
12425,45438,0.00
12426,42161,0.00
12427,40891,0.00
12428,38831,0.00
12429,38176,0.00
12430,40144,0.00
12431,40179,0.00
12432,37847,0.00
12433,41261,0.00
12434,57042,0.00
12435,55013,0.00
12436,50202,0.00
12437,48524,0.00
12438,45418,0.00
12439,47192,0.00
12440,48682,0.00
12441,52248,0.00
12442,58965,0.00
12443,51398,0.00
12444,48904,0.00
12445,52146,0.00
12446,46025,0.00
12447,45620,0.00
12448,42032,0.00
12449,43494,0.00
12450,42657,0.00
12451,41825,0.00
12452,47273,0.00
12453,47533,0.00
12454,46778,0.00
12455,41880,0.00
12456,42651,0.00
12457,43992,0.00
12458,45769,0.00
12459,39053,0.00
12460,39770,0.00
12461,45759,0.00
12462,46647,0.00
12463,47349,0.00
12464,43934,0.00
12465,46109,0.00
12466,46237,0.00
12467,47556,0.00
12468,48338,0.00
12469,53596,0.00
12470,50715,0.00
12471,45496,0.00
12472,48872,0.00
12473,45910,0.00
12474,46553,0.00
12475,51182,0.00
12476,41611,0.00
12477,48209,0.00
12478,41420,0.00
12479,47568,0.00
12480,50954,0.00
12481,57259,0.00
12482,53838,0.00
12483,64752,0.00
12484,52145,0.00
12485,54778,0.00
12486,52918,0.00
12487,49825,0.00
12488,42972,0.00
12489,46101,0.00
12490,47040,0.00
12491,48629,0.00
12492,62660,0.00
12493,50549,0.00
12494,42555,0.00
12495,46154,0.00
12496,41400,0.00
12497,40542,0.00
12498,35429,0.00
12499,40118,0.00
12500,37308,0.00
12501,54055,0.00
12502,56901,0.00
12503,68882,0.00
12504,61922,0.00
12505,49319,0.00
12506,72008,0.00
12507,50538,0.00
12508,56418,0.00
12509,53045,0.00
12510,53103,0.00
12511,61595,0.00
12512,53847,0.00
12513,48663,0.00
12514,52349,0.00
12515,56016,0.00
12516,47980,0.00
12517,42724,0.00
12518,40470,0.00
12519,40428,0.00
12520,40409,0.00
12521,41444,0.00
12522,37521,0.00
12523,37936,0.00
12524,47222,0.00
12525,43653,0.00
12526,47172,0.00
12527,41135,0.00
12528,41833,0.00
12529,34554,0.00
12530,33142,0.00
12531,34757,0.00
12532,35668,0.00
12533,34621,0.00
12534,31311,0.00
12535,34401,0.00
12536,39235,0.00
12537,49460,0.00
12538,47576,0.00
12539,50160,0.00
12540,40753,0.00
12541,38464,0.00
12542,36410,0.00
12543,39852,0.00
12544,46413,0.00
12545,35045,0.00
12546,36418,0.00
12547,42785,0.00
12548,42878,0.00
12549,40000,0.00
12550,42071,0.00
12551,44720,0.00
12552,44663,0.00
12553,46990,0.00
12554,42776,0.00
12555,43305,0.00
12556,54814,0.00
12557,47556,0.00
12558,56000,0.00
12559,68306,0.00
12560,65847,0.00
12561,49861,0.00
12562,46179,0.00
12563,54149,0.00
12564,64686,0.00
12565,48090,0.00
12566,53692,0.00
12567,52986,0.00
12568,46963,0.00
12569,45209,0.00
12570,48286,0.00
12571,41367,0.00
12572,40558,0.00
12573,48632,0.00
12574,46384,0.00
12575,46069,0.00
12576,45359,0.00
12577,43337,0.00
12578,40927,0.00
12579,42897,0.00
12580,38930,0.00
12581,41314,0.00
12582,43150,0.00
12583,51113,0.00
12584,44054,0.00
12585,45402,0.00
12586,47750,0.00
12587,43162,0.00
12588,48867,0.00
12589,53121,0.00
12590,50500,0.00
12591,55609,0.00
12592,50184,0.00
12593,49705,0.00
12594,48279,0.00
12595,48029,0.00
12596,64751,0.00
12597,50232,0.00
12598,58923,0.00
12599,43358,0.00
12600,44855,0.00
12601,42830,0.00
12602,44233,0.00
12603,49008,0.00
12604,45052,0.00
12605,47224,0.00
12606,46752,0.00
12607,52921,0.00
12608,57897,0.00
12609,53026,0.00
12610,65962,0.00
12611,51009,0.00
12612,54235,0.00
12613,46632,0.00
12614,52887,0.00
12615,56288,0.00
12616,50552,0.00
12617,48472,0.00
12618,60534,0.00
12619,64944,0.00
12620,56229,0.00
12621,51102,0.00
12622,64074,0.00
12623,68756,0.00
12624,53820,0.00
12625,55654,0.00
12626,54747,0.00
12627,55293,0.00
12628,53056,0.00
12629,55750,0.00
12630,54882,0.00
12631,72722,0.00
12632,58258,0.00
12633,55086,0.00
12634,51406,0.00
12635,47392,0.00
12636,53508,0.00
12637,43286,0.00
12638,46720,0.00
12639,46020,0.00
12640,53412,0.00
12641,49974,0.00
12642,45547,0.00
12643,48219,0.00
12644,50755,0.00
12645,47015,0.00
12646,45299,0.00
12647,41618,0.00
12648,44043,0.00
12649,49596,0.00
12650,52894,0.00
12651,48609,0.00
12652,54296,0.00
12653,37251,0.00
12654,43780,0.00
12655,44036,0.00
12656,54989,0.00
12657,62410,0.00
12658,51826,0.00
12659,50894,0.00
12660,69584,0.00
12661,49224,0.00
12662,47420,0.00
12663,45028,0.00
12664,50210,0.00
12665,46561,0.00
12666,49062,0.00
12667,40647,0.00
12668,46036,0.00
12669,44146,0.00
12670,52277,0.00
12671,47918,0.00
12672,47324,0.00
12673,52269,0.00
12674,48963,0.00
12675,46713,0.00
12676,49779,0.00
12677,48981,0.00
12678,46310,0.00
12679,42901,0.00
12680,44714,0.00
12681,47201,0.00
12682,44069,0.00
12683,40360,0.00
12684,45472,0.00
12685,42579,0.00
12686,49028,0.00
12687,47765,0.00
12688,41275,0.00
12689,48173,0.00
12690,38745,0.00
12691,37816,0.00
12692,39741,0.00
12693,39814,0.00
12694,37088,0.00
12695,42685,0.00
12696,43933,0.00
12697,45133,0.00
12698,42126,0.00
12699,43003,0.00
12700,42175,0.00
12701,42945,0.00
12702,50223,0.00
12703,43386,0.00
12704,43863,0.00
12705,39822,0.00
12706,41056,0.00
12707,38483,0.00
12708,39029,0.00
12709,42423,0.00
12710,36818,0.00
12711,40186,0.00
12712,41536,0.00
12713,42019,0.00
12714,44672,0.00
12715,47553,0.00
12716,45951,0.00
12717,45168,0.00
12718,51528,0.00
12719,44293,0.00
12720,42440,0.00
12721,42706,0.00
12722,42398,0.00
12723,45416,0.00
12724,75258,0.00
12725,52413,0.00
12726,53624,0.00
12727,49505,0.00
12728,52557,0.00
12729,55066,0.00
12730,53946,0.00
12731,57162,0.00
12732,49864,0.00
12733,55566,0.00
12734,54573,0.00
12735,49460,0.00
12736,49498,0.00
12737,67538,0.00
12738,60523,0.00
12739,53053,0.00
12740,54332,0.00
12741,56767,0.00
12742,60518,0.00
12743,54528,0.00
12744,54582,0.00
12745,46429,0.00
12746,52876,0.00
12747,48741,0.00
12748,54377,0.00
12749,47135,0.00
12750,48786,0.00
12751,47309,0.00
12752,61927,0.00
12753,52622,0.00
12754,53180,0.00
12755,53208,0.00
12756,47991,0.00
12757,49669,0.00
12758,55922,0.00
12759,58557,0.00
12760,53121,0.00
12761,50952,0.00
12762,52749,0.00
12763,47150,0.00
12764,47143,0.00
12765,49988,0.00
12766,48236,0.00
12767,51351,0.00
12768,50592,0.00
12769,50619,0.00
12770,46676,0.00
12771,51067,0.00
12772,48533,0.00
12773,51419,0.00
12774,58717,0.00
12775,55410,0.00
12776,55262,0.00
12777,52484,0.00
12778,46336,0.00
12779,46578,0.00
12780,51574,0.00
12781,42642,0.00
12782,47177,0.00
12783,49370,0.00
12784,48948,0.00
12785,48756,0.00
12786,46123,0.00
12787,44486,0.00
12788,46402,0.00
12789,46362,0.00
12790,55865,0.00
12791,39413,0.00
12792,44969,0.00
12793,42504,0.00
12794,42335,0.00
12795,43066,0.00
12796,38500,0.00
12797,47250,0.00
12798,47685,0.00
12799,46803,0.00
12800,50103,0.00
12801,40652,0.00
12802,42688,0.00
12803,45542,0.00
12804,42862,0.00
12805,49540,0.00
12806,51182,0.00
12807,55053,0.00
12808,50189,0.00
12809,52855,0.00
12810,50904,0.00
12811,48539,0.00
12812,47466,0.00
12813,43617,0.00
12814,48998,0.00
12815,46964,0.00
12816,48550,0.00
12817,57407,0.00
12818,55824,0.00
12819,53277,0.00
12820,52563,0.00
12821,72305,0.00
12822,58106,0.00
12823,52016,0.00
12824,50429,0.00
12825,49532,0.00
12826,45799,0.00
12827,50701,0.00
12828,46592,0.00
12829,46832,0.00
12830,48673,0.00
12831,60847,0.00
12832,46150,0.00
12833,46393,0.00
12834,38493,0.00
12835,33089,0.00
12836,35469,0.00
12837,35535,0.00
12838,33372,0.00
12839,37694,0.00
12840,48651,0.00
12841,34857,0.00
12842,33406,0.00
12843,36926,0.00
12844,34669,0.00
12845,33733,0.00
12846,36456,0.00
12847,34986,0.00
12848,31834,0.00
12849,37344,0.00
12850,41996,0.00
12851,34884,0.00
12852,37222,0.00
12853,35936,0.00
12854,31811,0.00
12855,38158,0.00
12856,38264,0.00
12857,35788,0.00
12858,55007,0.00
12859,47583,0.00
12860,42279,0.00
12861,40817,0.00
12862,41357,0.00
12863,40586,0.00
12864,35941,0.00
12865,36474,0.00
12866,40237,0.00
12867,40584,0.00
12868,43424,0.00
12869,40889,0.00
12870,38898,0.00
12871,38824,0.00
12872,45196,0.00
12873,39007,0.00
12874,34810,0.00
12875,44175,0.00
12876,39383,0.00
12877,40184,0.00
12878,44617,0.00
12879,45107,0.00
12880,49021,0.00
12881,50553,0.00
12882,47910,0.00
12883,50958,0.00
12884,46401,0.00
12885,47404,0.00
12886,53925,0.00
12887,53791,0.00
12888,57682,0.00
12889,54086,0.00
12890,57075,0.00
12891,58793,0.00
12892,53892,0.00
12893,51818,0.00
12894,52431,0.00
12895,53990,0.00
12896,50246,0.00
12897,53737,0.00
12898,50278,0.00
12899,54510,0.00
12900,50497,0.00
12901,54700,0.00
12902,52124,0.00
12903,44254,0.00
12904,45524,0.00
12905,48144,0.00
12906,44072,0.00
12907,46248,0.00
12908,48528,0.00
12909,52475,0.00
12910,46438,0.00
12911,49025,0.00
12912,44849,0.00
12913,52586,0.00
12914,42200,0.00
12915,43224,0.00
12916,46016,0.00
12917,45558,0.00
12918,43503,0.00
12919,47673,0.00
12920,54774,0.00
12921,50891,0.00
12922,49947,0.00
12923,52400,0.00
12924,60296,0.00
12925,54494,0.00
12926,49019,0.00
12927,49264,0.00
12928,45596,0.00
12929,51778,0.00
12930,46641,0.00
12931,50252,0.00
12932,46374,0.00
12933,47861,0.00
12934,50101,0.00
12935,47002,0.00
12936,46131,0.00
12937,42772,0.00
12938,40893,0.00
12939,34205,0.00
12940,32969,0.00
12941,34051,0.00
12942,44143,0.00
12943,41044,0.00
12944,43939,0.00
12945,35219,0.00
12946,38861,0.00
12947,35902,0.00
12948,41613,0.00
12949,42858,0.00
12950,38426,0.00
12951,42939,0.00
12952,55882,0.00
12953,43665,0.00
12954,38074,0.00
12955,43063,0.00
12956,47734,0.00
12957,44528,0.00
12958,45040,0.00
12959,40055,0.00
12960,37310,0.00
12961,48503,0.00
12962,44668,0.00
12963,41755,0.00
12964,42247,0.00
12965,39277,0.00
12966,41199,0.00
12967,40197,0.00
12968,45620,0.00
12969,57797,0.00
12970,49174,0.00
12971,49246,0.00
12972,44991,0.00
12973,45967,0.00
12974,48303,0.00
12975,44126,0.00
12976,44040,0.00
12977,51602,0.00
12978,41360,0.00
12979,37922,0.00
12980,37316,0.00
12981,43935,0.00
12982,44530,0.00
12983,45317,0.00
12984,52088,0.00
12985,51446,0.00
12986,53349,0.00
12987,50231,0.00
12988,51507,0.00
12989,52432,0.00
12990,62078,0.00
12991,59449,0.00
12992,50131,0.00
12993,55990,0.00
12994,53943,0.00
12995,58434,0.00
12996,54472,0.00
12997,60420,0.00
12998,68341,0.00
12999,51171,0.00
13000,70648,0.00
13001,56536,0.00
13002,57378,0.00
13003,56141,0.00
13004,65124,0.00
13005,58140,0.00
13006,62984,0.00
13007,52091,0.00
13008,46108,0.00
13009,49813,0.00
13010,47237,0.00
13011,43722,0.00
13012,45352,0.00
13013,45880,0.00
13014,45204,0.00
13015,40799,0.00
13016,44744,0.00
13017,45892,0.00
13018,57003,0.00
13019,44171,0.00
13020,40169,0.00
13021,46878,0.00
13022,41243,0.00
13023,42784,0.00
13024,42289,0.00
13025,41840,0.00
13026,44772,0.00
13027,51344,0.00
13028,40980,0.00
13029,43377,0.00
13030,42767,0.00
13031,40587,0.00
13032,43471,0.00
13033,37547,0.00
13034,45884,0.00
13035,39306,0.00
13036,39085,0.00
13037,42713,0.00
13038,40220,0.00
13039,41752,0.00
13040,40954,0.00
13041,42116,0.00
13042,39546,0.00
13043,40739,0.00
13044,39472,0.00
13045,40500,0.00
13046,40914,0.00
13047,41540,0.00
13048,37209,0.00
13049,41322,0.00
13050,39462,0.00
13051,36741,0.00
13052,41068,0.00
13053,38274,0.00
13054,38841,0.00
13055,37963,0.00
13056,46281,0.00
13057,47611,0.00
13058,43173,0.00
13059,45552,0.00
13060,40206,0.00
13061,39133,0.00
13062,34225,0.00
13063,36175,0.00
13064,33534,0.00
13065,32824,0.00
13066,37657,0.00
13067,38095,0.00
13068,40157,0.00
13069,40113,0.00
13070,55603,0.00
13071,43708,0.00
13072,47901,0.00
13073,47157,0.00
13074,47299,0.00
13075,52811,0.00
13076,45355,0.00
13077,45955,0.00
13078,42700,0.00
13079,47583,0.00
13080,42894,0.00
13081,47164,0.00
13082,51640,0.00
13083,43836,0.00
13084,46321,0.00
13085,43299,0.00
13086,41947,0.00
13087,43127,0.00
13088,43403,0.00
13089,45906,0.00
13090,47871,0.00
13091,46761,0.00
13092,47272,0.00
13093,41072,0.00
13094,39478,0.00
13095,44330,0.00
13096,42874,0.00
13097,44010,0.00
13098,35649,0.00
13099,33406,0.00
13100,31693,0.00
13101,41040,0.00
13102,43899,0.00
13103,42682,0.00
13104,52379,0.00
13105,48314,0.00
13106,47584,0.00
13107,51507,0.00
13108,52560,0.00
13109,46366,0.00
13110,45778,0.00
13111,40948,0.00
13112,46207,0.00
13113,43744,0.00
13114,40569,0.00
13115,51665,0.00
13116,43341,0.00
13117,39449,0.00
13118,56917,0.00
13119,42352,0.00
13120,42337,0.00
13121,46764,0.00
13122,54649,0.00
13123,44199,0.00
13124,40153,0.00
13125,39544,0.00
13126,42797,0.00
13127,38531,0.00
13128,37542,0.00
13129,36587,0.00
13130,38780,0.00
13131,41677,0.00
13132,45815,0.00
13133,40868,0.00
13134,41255,0.00
13135,42781,0.00
13136,51532,0.00
13137,49894,0.00
13138,48182,0.00
13139,49189,0.00
13140,52930,0.00
13141,53147,0.00
13142,54956,0.00
13143,53256,0.00
13144,90757,0.00
13145,52996,0.00
13146,55722,0.00
13147,51246,0.00
13148,59749,0.00
13149,48957,0.00
13150,51369,0.00
13151,65531,0.00
13152,54365,0.00
13153,50329,0.00
13154,42120,0.00
13155,43402,0.00
13156,41608,0.00
13157,45227,0.00
13158,48339,0.00
13159,48610,0.00
13160,51771,0.00
13161,54314,0.00
13162,53684,0.00
13163,53579,0.00
13164,54705,0.00
13165,56866,0.00
13166,52953,0.00
13167,68971,0.00
13168,59582,0.00
13169,58587,0.00
13170,53054,0.00
13171,57007,0.00
13172,49808,0.00
13173,51573,0.00
13174,52294,0.00
13175,49766,0.00
13176,50206,0.00
13177,45462,0.00
13178,45545,0.00
13179,51853,0.00
13180,45076,0.00
13181,44208,0.00
13182,48126,0.00
13183,45424,0.00
13184,44668,0.00
13185,42684,0.00
13186,45049,0.00
13187,52079,0.00
13188,45757,0.00
13189,45663,0.00
13190,51291,0.00
13191,48869,0.00
13192,45164,0.00
13193,45673,0.00
13194,45554,0.00
13195,44678,0.00
13196,47461,0.00
13197,45865,0.00
13198,65801,0.00
13199,51580,0.00
13200,53186,0.00
13201,49275,0.00
13202,50759,0.00
13203,51023,0.00
13204,56255,0.00
13205,67546,0.00
13206,57771,0.00
13207,54632,0.00
13208,56700,0.00
13209,59826,0.00
13210,68639,0.00
13211,52622,0.00
13212,52641,0.00
13213,47814,0.00
13214,53536,0.00
13215,52833,0.00
13216,54079,0.00
13217,54488,0.00
13218,60241,0.00
13219,64637,0.00
13220,56765,0.00
13221,57477,0.00
13222,53702,0.00
13223,53738,0.00
13224,53723,0.00
13225,51914,0.00
13226,61064,0.00
13227,51725,0.00
13228,54822,0.00
13229,66416,0.00
13230,54999,0.00
13231,55939,0.00
13232,58013,0.00
13233,55747,0.00
13234,59912,0.00
13235,54522,0.00
13236,54318,0.00
13237,65719,0.00
13238,51222,0.00
13239,48042,0.00
13240,66427,0.00
13241,55304,0.00
13242,54499,0.00
13243,46923,0.00
13244,47124,0.00
13245,51691,0.00
13246,53402,0.00
13247,47618,0.00
13248,52669,0.00
13249,47809,0.00
13250,54871,0.00
13251,59088,0.00
13252,57211,0.00
13253,54661,0.00
13254,57513,0.00
13255,51119,0.00
13256,61049,0.00
13257,62578,0.00
13258,55928,0.00
13259,60965,0.00
13260,60452,0.00
13261,52220,0.00
13262,49280,0.00
13263,45521,0.00
13264,47485,0.00
13265,46387,0.00
13266,44748,0.00
13267,45609,0.00
13268,41695,0.00
13269,41897,0.00
13270,41726,0.00
13271,41325,0.00
13272,41422,0.00
13273,42582,0.00
13274,41464,0.00
13275,55582,0.00
13276,53746,0.00
13277,57777,0.00
13278,49680,0.00
13279,50051,0.00
13280,47220,0.00
13281,45861,0.00
13282,52979,0.00
13283,47702,0.00
13284,46040,0.00
13285,47483,0.00
13286,53090,0.00
13287,58343,0.00
13288,51795,0.00
13289,59667,0.00
13290,50961,0.00
13291,46754,0.00
13292,47004,0.00
13293,41582,0.00
13294,49065,0.00
13295,46009,0.00
13296,43249,0.00
13297,55367,0.00
13298,50488,0.00
13299,53005,0.00
13300,53047,0.00
13301,44091,0.00
13302,49305,0.00
13303,48924,0.00
13304,53742,0.00
13305,45361,0.00
13306,55072,0.00
13307,51963,0.00
13308,60281,0.00
13309,52923,0.00
13310,50583,0.00
13311,47317,0.00
13312,52131,0.00
13313,52203,0.00
13314,42054,0.00
13315,51114,0.00
13316,36913,0.00
13317,39414,0.00
13318,34610,0.00
13319,41279,0.00
13320,41818,0.00
13321,40519,0.00
13322,46198,0.00
13323,45475,0.00
13324,48064,0.00
13325,55629,0.00
13326,50803,0.00
13327,51604,0.00
13328,49847,0.00
13329,52521,0.00
13330,44654,0.00
13331,55001,0.00
13332,45343,0.00
13333,46536,0.00
13334,47698,0.00
13335,43882,0.00
13336,44912,0.00
13337,38529,0.00
13338,31918,0.00
13339,39603,0.00
13340,43960,0.00
13341,37915,0.00
13342,43635,0.00
13343,48140,0.00
13344,49046,0.00
13345,58899,0.00
13346,45692,0.00
13347,45889,0.00
13348,46706,0.00
13349,42187,0.00
13350,42660,0.00
13351,40719,0.00
13352,41932,0.00
13353,40707,0.00
13354,46506,0.00
13355,48607,0.00
13356,46496,0.00
13357,63957,0.00
13358,54481,0.00
13359,52336,0.00
13360,48485,0.00
13361,50073,0.00
13362,48604,0.00
13363,46397,0.00
13364,53182,0.00
13365,53396,0.00
13366,48323,0.00
13367,49143,0.00
13368,53431,0.00
13369,55761,0.00
13370,52461,0.00
13371,54839,0.00
13372,59010,0.00
13373,51444,0.00
13374,47601,0.00
13375,51362,0.00
13376,52216,0.00
13377,52700,0.00
13378,62898,0.00
13379,71438,0.00
13380,52746,0.00
13381,52981,0.00
13382,64799,0.00
13383,54177,0.00
13384,50149,0.00
13385,50434,0.00
13386,48788,0.00
13387,50427,0.00
13388,47429,0.00
13389,45992,0.00
13390,48417,0.00
13391,46766,0.00
13392,49984,0.00
13393,52111,0.00
13394,49928,0.00
13395,47876,0.00
13396,56173,0.00
13397,54284,0.00
13398,66818,0.00
13399,55872,0.00
13400,51750,0.00
13401,47772,0.00
13402,50251,0.00
13403,43954,0.00
13404,45355,0.00
13405,44557,0.00
13406,64847,0.00
13407,59658,0.00
13408,47591,0.00
13409,48217,0.00
13410,46059,0.00
13411,45121,0.00
13412,46912,0.00
13413,47111,0.00
13414,44861,0.00
13415,45567,0.00
13416,47784,0.00
13417,47725,0.00
13418,45305,0.00
13419,43886,0.00
13420,44884,0.00
13421,42851,0.00
13422,46858,0.00
13423,44525,0.00
13424,72539,0.00
13425,52086,0.00
13426,52178,0.00
13427,59486,0.00
13428,74865,0.00
13429,57041,0.00
13430,55056,0.00
13431,61257,0.00
13432,53379,0.00
13433,65806,0.00
13434,56313,0.00
13435,71785,0.00
13436,55055,0.00
13437,60460,0.00
13438,52988,0.00
13439,54155,0.00
13440,49918,0.00
13441,53888,0.00
13442,55658,0.00
13443,51252,0.00
13444,47359,0.00
13445,45690,0.00
13446,48748,0.00
13447,48028,0.00
13448,46221,0.00
13449,48785,0.00
13450,54001,0.00
13451,51293,0.00
13452,51763,0.00
13453,53251,0.00
13454,55910,0.00
13455,53524,0.00
13456,65104,0.00
13457,47210,0.00
13458,47628,0.00
13459,50078,0.00
13460,54153,0.00
13461,46909,0.00
13462,49377,0.00
13463,50745,0.00
13464,53767,0.00
13465,48464,0.00
13466,44525,0.00
13467,47785,0.00
13468,49375,0.00
13469,56226,0.00
13470,52205,0.00
13471,55128,0.00
13472,51519,0.00
13473,42547,0.00
13474,45883,0.00
13475,52354,0.00
13476,43540,0.00
13477,45751,0.00
13478,45504,0.00
13479,46074,0.00
13480,43291,0.00
13481,52446,0.00
13482,42966,0.00
13483,47069,0.00
13484,45050,0.00
13485,46137,0.00
13486,49097,0.00
13487,51541,0.00
13488,46117,0.00
13489,70534,0.00
13490,71785,0.00
13491,83607,0.00
13492,62475,0.00
13493,61711,0.00
13494,61673,0.00
13495,82409,0.00
13496,61691,0.00
13497,61576,0.00
13498,63926,0.00
13499,64221,0.00
13500,60274,0.00
13501,61331,0.00
13502,67014,0.00
13503,66211,0.00
13504,68752,0.00
13505,92730,0.00
13506,67877,0.00
13507,58871,0.00
13508,130639,0.00
13509,62885,0.00
13510,248014,0.00
13511,64234,0.00
13512,126157,0.00
13513,63642,0.00
13514,62646,0.00
13515,92538,0.00
13516,61097,0.00
13517,73546,0.00
13518,60253,0.00
13519,60321,0.00
13520,62227,0.00
13521,70118,0.00
13522,69714,0.00
13523,60475,0.00
13524,61611,0.00
13525,60355,0.00
13526,63526,0.00
13527,59749,0.00
13528,58998,0.00
13529,63768,0.00
13530,70674,0.00
13531,61108,0.00
13532,69545,0.00
13533,169574,0.00
13534,77495,0.00
13535,59551,0.00
13536,68647,0.00
13537,60839,0.00
13538,54794,0.00
13539,54893,0.00
13540,61992,0.00
13541,71647,0.00
13542,60787,0.00
13543,346653,0.00
13544,63608,0.00
13545,62852,0.00
13546,68387,0.00
13547,57003,0.00
13548,61973,0.00
13549,60975,0.00
13550,58972,0.00
13551,68311,0.00
13552,129994,0.00
13553,442494,0.00
13554,60132,0.00
13555,58685,0.00
13556,64102,0.00
13557,59688,0.00
13558,74878,0.00
13559,60479,0.00
13560,55714,0.00
13561,62247,0.00
13562,62206,0.00
13563,58843,0.00
13564,61474,0.00
13565,64274,0.00
13566,86469,0.00
13567,62773,0.00
13568,59683,0.00
13569,60821,0.00
13570,75708,0.00
13571,71257,0.00
13572,54144,0.00
13573,56919,0.00
13574,54147,0.00
13575,58756,0.00
13576,59781,0.00
13577,62001,0.00
13578,56542,0.00
13579,57340,0.00
13580,63962,0.00
13581,59555,0.00
13582,62422,0.00
13583,60962,0.00
13584,77105,0.00
13585,64020,0.00
13586,60595,0.00
13587,60053,0.00
13588,59783,0.00
13589,59256,0.00
13590,54962,0.00
13591,51130,0.00
13592,54942,0.00
13593,64748,0.00
13594,51136,0.00
13595,48643,0.00
13596,55506,0.00
13597,52114,0.00
13598,59972,0.00
13599,57857,0.00
13600,54008,0.00
13601,53441,0.00
13602,58478,0.00
13603,52145,0.00
13604,54933,0.00
13605,56070,0.00
13606,53713,0.00
13607,64723,0.00
13608,53179,0.00
13609,66137,0.00
13610,59408,0.00
13611,52076,0.00
13612,54052,0.00
13613,50840,0.00
13614,54636,0.00
13615,50023,0.00
13616,48636,0.00
13617,52762,0.00
13618,55839,0.00
13619,54790,0.00
13620,53169,0.00
13621,55769,0.00
13622,50618,0.00
13623,52954,0.00
13624,52218,0.00
13625,54933,0.00
13626,53070,0.00
13627,57846,0.00
13628,54175,0.00
13629,51848,0.00
13630,51054,0.00
13631,57924,0.00
13632,53327,0.00
13633,53804,0.00
13634,69490,0.00
13635,58873,0.00
13636,53878,0.00
13637,53681,0.00
13638,54825,0.00
13639,58941,0.00
13640,59460,0.00
13641,60427,0.00
13642,64963,0.00
13643,58872,0.00
13644,57836,0.00
13645,59029,0.00
13646,52649,0.00
13647,57799,0.00
13648,69570,0.00
13649,61413,0.00
13650,59189,0.00
13651,70546,0.00
13652,57721,0.00
13653,61227,0.00
13654,59010,0.00
13655,56134,0.00
13656,63844,0.00
13657,56216,0.00
13658,54188,0.00
13659,51533,0.00
13660,51773,0.00
13661,50797,0.00
13662,49504,0.00
13663,60449,0.00
13664,54222,0.00
13665,52194,0.00
13666,50307,0.00
13667,48103,0.00
13668,48709,0.00
13669,50131,0.00
13670,50903,0.00
13671,49965,0.00
13672,48535,0.00
13673,63342,0.00
13674,47944,0.00
13675,53705,0.00
13676,50885,0.00
13677,49180,0.00
13678,51508,0.00
13679,51788,0.00
13680,47552,0.00
13681,48862,0.00
13682,52756,0.00
13683,50556,0.00
13684,51453,0.00
13685,47991,0.00
13686,49405,0.00
13687,48762,0.00
13688,41969,0.00
13689,42360,0.00
13690,43164,0.00
13691,49452,0.00
13692,41966,0.00
13693,43049,0.00
13694,38018,0.00
13695,40312,0.00
13696,43623,0.00
13697,44783,0.00
13698,46758,0.00
13699,45251,0.00
13700,49001,0.00
13701,50780,0.00
13702,43652,0.00
13703,43663,0.00
13704,42081,0.00
13705,42645,0.00
13706,43200,0.00
13707,43179,0.00
13708,48749,0.00
13709,54003,0.00
13710,50606,0.00
13711,57601,0.00
13712,51345,0.00
13713,49482,0.00
13714,49004,0.00
13715,54059,0.00
13716,51213,0.00
13717,53228,0.00
13718,49280,0.00
13719,52984,0.00
13720,46710,0.00
13721,54563,0.00
13722,47462,0.00
13723,47173,0.00
13724,46067,0.00
13725,50047,0.00
13726,46982,0.00
13727,55698,0.00
13728,47001,0.00
13729,66352,0.00
13730,52321,0.00
13731,60320,0.00
13732,54566,0.00
13733,58271,0.00
13734,53690,0.00
13735,52837,0.00
13736,47901,0.00
13737,46959,0.00
13738,48745,0.00
13739,55131,0.00
13740,55902,0.00
13741,58406,0.00
13742,51340,0.00
13743,50704,0.00
13744,55673,0.00
13745,51560,0.00
13746,56758,0.00
13747,59895,0.00
13748,56201,0.00
13749,55830,0.00
13750,56002,0.00
13751,59445,0.00
13752,82435,0.00
13753,70311,0.00
13754,59835,0.00
13755,57462,0.00
13756,58137,0.00
13757,57972,0.00
13758,54899,0.00
13759,48573,0.00
13760,45771,0.00
13761,47005,0.00
13762,55319,0.00
13763,60359,0.00
13764,168351,0.00
13765,57141,0.00
13766,71809,0.00
13767,58747,0.00
13768,58542,0.00
13769,59329,0.00
13770,159343,0.00
13771,55903,0.00
13772,61024,0.00
13773,55895,0.00
13774,63580,0.00
13775,68030,0.00
13776,59371,0.00
13777,59114,0.00
13778,57564,0.00
13779,60641,0.00
13780,58291,0.00
13781,60388,0.00
13782,61392,0.00
13783,60809,0.00
13784,55322,0.00
13785,56922,0.00
13786,57256,0.00
13787,58184,0.00
13788,62721,0.00
13789,56276,0.00
13790,60103,0.00
13791,57986,0.00
13792,58084,0.00
13793,62992,0.00
13794,80231,0.00
13795,58482,0.00
13796,128717,0.00
13797,176643,0.00
13798,59549,0.00
13799,60644,0.00
13800,60563,0.00
13801,60488,0.00
13802,58183,0.00
13803,57083,0.00
13804,58812,0.00
13805,60702,0.00
13806,61630,0.00
13807,73645,0.00
13808,69789,0.00
13809,57677,0.00
13810,59651,0.00
13811,62362,0.00
13812,59451,0.00
13813,63889,0.00
13814,69542,0.00
13815,67853,0.00
13816,59610,0.00
13817,531809,0.00
13818,57897,0.00
13819,65395,0.00
13820,78063,0.00
13821,73438,0.00
13822,63982,0.00
13823,61227,0.00
13824,73853,0.00
13825,69262,0.00
13826,62161,0.00
13827,59336,0.00
13828,61828,0.00
13829,63832,0.00
13830,66249,0.00
13831,56620,0.00
13832,55256,0.00
13833,56439,0.00
13834,56011,0.00
13835,62098,0.00
13836,67397,0.00
13837,58078,0.00
13838,352345,0.00
13839,57213,0.00
13840,57662,0.00
13841,56452,0.00
13842,169967,0.00
13843,56060,0.00
13844,38106,0.00
13845,240738,0.00
13846,55506,0.00
13847,59465,0.00
13848,72615,0.00
13849,56652,0.00
13850,57569,0.00
13851,204028,0.00
13852,1148198,100.00
13853,51375,0.00
13854,56593,0.00
13855,57218,0.00
13856,66557,0.00
13857,60319,0.00
13858,236694,0.00
13859,57095,0.00
13860,57124,0.00
13861,56940,0.00
13862,57517,0.00
13863,58029,0.00
13864,57462,0.00
13865,200116,0.00
13866,115207,0.00
13867,129330,0.00
13868,73683,0.00
13869,60822,0.00
13870,56632,0.00
13871,66674,0.00
13872,56803,0.00
13873,56817,0.00
13874,62340,0.00
13875,191211,0.00
13876,296128,0.00
13877,147252,0.00
13878,200392,0.00
13879,614276,0.00
13880,55575,0.00
13881,60860,0.00
13882,58439,0.00
13883,59483,0.00
13884,58977,0.00
13885,57000,0.00
13886,56305,0.00
13887,59903,0.00
13888,62579,0.00
13889,62252,0.00
13890,57823,0.00
13891,63724,0.00
13892,67474,0.00
13893,58580,0.00
13894,59907,0.00
13895,57756,0.00
13896,56882,0.00
13897,41983,0.00
13898,51109,0.00
13899,51848,0.00
13900,56927,0.00
13901,57517,0.00
13902,58641,0.00
13903,57907,0.00
13904,57037,0.00
13905,58396,0.00
13906,54871,0.00
13907,58313,0.00
13908,56484,0.00
13909,57580,0.00
13910,59303,0.00
13911,52968,0.00
13912,53528,0.00
13913,54759,0.00
13914,58170,0.00
13915,56997,0.00
13916,58635,0.00
13917,57123,0.00
13918,57197,0.00
13919,53944,0.00
13920,93164,0.00
13921,63762,0.00
13922,58976,0.00
13923,60374,0.00
13924,57507,0.00
13925,59304,0.00
13926,57036,0.00
13927,56332,0.00
13928,59460,0.00
13929,53546,0.00
13930,55765,0.00
13931,56023,0.00
13932,54724,0.00
13933,60619,0.00
13934,58598,0.00
13935,56643,0.00
13936,59112,0.00
13937,57124,0.00
13938,56667,0.00
13939,56841,0.00
13940,59562,0.00
13941,54587,0.00
13942,59632,0.00
13943,56816,0.00
13944,59631,0.00
13945,61649,0.00
13946,43915,0.00
13947,56221,0.00
13948,43448,0.00
13949,54375,0.00
13950,34254,0.00
13951,59575,0.00
13952,57101,0.00
13953,41688,0.00
13954,39294,0.00
13955,26877,0.00
13956,58257,0.00
13957,56114,0.00
13958,57559,0.00
13959,70134,0.00
13960,43133,0.00
13961,56136,0.00
13962,58841,0.00
13963,58981,0.00
13964,58540,0.00
13965,55606,0.00
13966,56661,0.00
13967,58299,0.00
13968,56182,0.00
13969,58757,0.00
13970,57839,0.00
13971,59494,0.00
13972,56348,0.00
13973,53602,0.00
13974,54863,0.00
13975,55013,0.00
13976,58781,0.00
13977,49077,0.00
13978,60973,0.00
13979,57900,0.00
13980,57218,0.00
13981,60495,0.00
13982,59712,0.00
13983,61696,0.00
13984,59407,0.00
13985,69007,0.00
13986,61613,0.00
13987,57094,0.00
13988,60337,0.00
13989,58796,0.00
13990,61270,0.00
13991,61575,0.00
13992,124931,0.00
13993,60664,0.00
13994,57521,0.00
13995,58246,0.00
13996,61523,0.00
13997,61073,0.00
13998,171848,0.00
13999,61592,0.00
14000,76194,0.00
14001,59592,0.00
14002,59362,0.00
14003,60985,0.00
14004,60010,0.00
14005,56959,0.00
14006,58940,0.00
14007,60612,0.00
14008,61158,0.00
14009,59832,0.00
14010,59558,0.00
14011,60834,0.00
14012,60882,0.00
14013,59097,0.00
14014,59044,0.00
14015,58282,0.00
14016,59382,0.00
14017,57820,0.00
14018,59591,0.00
14019,58725,0.00
14020,60288,0.00
14021,59862,0.00
14022,58419,0.00
14023,60787,0.00
14024,60699,0.00
14025,56943,0.00
14026,59563,0.00
14027,59004,0.00
14028,110851,0.00
14029,69674,0.00
14030,78626,0.00
14031,58064,0.00
14032,57874,0.00
14033,58541,0.00
14034,60000,0.00
14035,67339,0.00
14036,59182,0.00
14037,59977,0.00
14038,79195,0.00
14039,65939,0.00
14040,59760,0.00
14041,58398,0.00
14042,60155,0.00
14043,58994,0.00
14044,58157,0.00
14045,59011,0.00
14046,62213,0.00
14047,57510,0.00
14048,60289,0.00
14049,60345,0.00
14050,58342,0.00
14051,64995,0.00
14052,60374,0.00
14053,66717,0.00
14054,61495,0.00
14055,58619,0.00
14056,59742,0.00
14057,70544,0.00
14058,60048,0.00
14059,58232,0.00
14060,59175,0.00
14061,59296,0.00
14062,66938,0.00
14063,60930,0.00
14064,59937,0.00
14065,74303,0.00
14066,57571,0.00
14067,60632,0.00
14068,59255,0.00
14069,59773,0.00
14070,61246,0.00
14071,58046,0.00
14072,61161,0.00
14073,60598,0.00
14074,57490,0.00
14075,58284,0.00
14076,59468,0.00
14077,95447,0.00
14078,62637,0.00
14079,59123,0.00
14080,62470,0.00
14081,57887,0.00
14082,63512,0.00
14083,62307,0.00
14084,61018,0.00
14085,61304,0.00
14086,59097,0.00
14087,61730,0.00
14088,58427,0.00
14089,57470,0.00
14090,59849,0.00
14091,59716,0.00
14092,58471,0.00
14093,108209,0.00
14094,44625,0.00
14095,60897,0.00
14096,60483,0.00
14097,59749,0.00
14098,54929,0.00
14099,59217,0.00
14100,58201,0.00
14101,60414,0.00
14102,63015,0.00
14103,62108,0.00
14104,60654,0.00
14105,47876,0.00
14106,57619,0.00
14107,57100,0.00
14108,58755,0.00
14109,59352,0.00
14110,61343,0.00
14111,58657,0.00
14112,57352,0.00
14113,56331,0.00
14114,57539,0.00
14115,58710,0.00
14116,57890,0.00
14117,59007,0.00
14118,80812,0.00
14119,131441,0.00
14120,59553,0.00
14121,63685,0.00
14122,130044,0.00
14123,66475,0.00
14124,157127,0.00
14125,76023,0.00
14126,150410,0.00
14127,240471,0.00
14128,70738,0.00
14129,342421,0.00
14130,68206,0.00
14131,81115,0.00
14132,60738,0.00
14133,62021,0.00
14134,61561,0.00
14135,64279,0.00
14136,194852,0.00
14137,64749,0.00
14138,72878,0.00
14139,132658,0.00
14140,117896,0.00
14141,70270,0.00
14142,89707,0.00
14143,61695,0.00
14144,562970,0.00
14145,60308,0.00
14146,65816,0.00
14147,58281,0.00
14148,60589,0.00
14149,61322,0.00
14150,61667,0.00
14151,60759,0.00
14152,60164,0.00
14153,58999,0.00
14154,73354,0.00
14155,59823,0.00
14156,67762,0.00
14157,58409,0.00
14158,58958,0.00
14159,59464,0.00
14160,153097,0.00
14161,62394,0.00
14162,61703,0.00
14163,68108,0.00
14164,61634,0.00
14165,62678,0.00
14166,269946,0.00
14167,69423,0.00
14168,279403,0.00
14169,61454,0.00
14170,61674,0.00
14171,60593,0.00
14172,61246,0.00
14173,58068,0.00
14174,64048,0.00
14175,57164,0.00
14176,59590,0.00
14177,75262,0.00
14178,60387,0.00
14179,61211,0.00
14180,58586,0.00
14181,59842,0.00
14182,60352,0.00
14183,74519,0.00
14184,58695,0.00
14185,61829,0.00
14186,57923,0.00
14187,60168,0.00
14188,208739,0.00
14189,61130,0.00
14190,58782,0.00
14191,61502,0.00
14192,59501,0.00
14193,99104,0.00
14194,71179,0.00
14195,59702,0.00
14196,61408,0.00
14197,70982,0.00
14198,62561,0.00
14199,63910,0.00
14200,58598,0.00
14201,61807,0.00
14202,59060,0.00
14203,62604,0.00
14204,61792,0.00
14205,63845,0.00
14206,79617,0.00
14207,88326,0.00
14208,72603,0.00
14209,146403,0.00
14210,74694,0.00
14211,66145,0.00
14212,59473,0.00
14213,59056,0.00
14214,88783,0.00
14215,57914,0.00
14216,200894,0.00
14217,165783,0.00
14218,60764,0.00
14219,279534,0.00
14220,61401,0.00
14221,63161,0.00
14222,60752,0.00
14223,61853,0.00
14224,61531,0.00
14225,63765,0.00
14226,60267,0.00
14227,67439,0.00
14228,74502,0.00
14229,59345,0.00
14230,84957,0.00
14231,58363,0.00
14232,62777,0.00
14233,98539,0.00
14234,61485,0.00
14235,61872,0.00
14236,131393,0.00
14237,60189,0.00
14238,61095,0.00
14239,59981,0.00
14240,61095,0.00
14241,61069,0.00
14242,61413,0.00
14243,60690,0.00
14244,62316,0.00
14245,70901,0.00
14246,60427,0.00
14247,151238,0.00
14248,67690,0.00
14249,71550,0.00
14250,61839,0.00
14251,65452,0.00
14252,65589,0.00
14253,58704,0.00
14254,61102,0.00
14255,60858,0.00
14256,62025,0.00
14257,300593,0.00
14258,58215,0.00
14259,79228,0.00
14260,251156,0.00
14261,60565,0.00
14262,126864,0.00
14263,292616,0.00
14264,72515,0.00
14265,70313,0.00
14266,67676,0.00
14267,74120,0.00
14268,58440,0.00
14269,60436,0.00
14270,60589,0.00
14271,57713,0.00
14272,65454,0.00
14273,59987,0.00
14274,56812,0.00
14275,57895,0.00
14276,59385,0.00
14277,61490,0.00
14278,60636,0.00
14279,57012,0.00
14280,65318,0.00
14281,76439,0.00
14282,63387,0.00
14283,62078,0.00
14284,61013,0.00
14285,68479,0.00
14286,61750,0.00
14287,58673,0.00
14288,57356,0.00
14289,68708,0.00
14290,56210,0.00
14291,57896,0.00
14292,59374,0.00
14293,63900,0.00
14294,63903,0.00
14295,58789,0.00
14296,57297,0.00
14297,58154,0.00
14298,55594,0.00
14299,52710,0.00
14300,56268,0.00
14301,55186,0.00
14302,64702,0.00
14303,59314,0.00
14304,56189,0.00
14305,70181,0.00
14306,61364,0.00
14307,61241,0.00
14308,57112,0.00
14309,60034,0.00
14310,59661,0.00
14311,67389,0.00
14312,60448,0.00
14313,57924,0.00
14314,59091,0.00
14315,61369,0.00
14316,60863,0.00
14317,57826,0.00
14318,62184,0.00
14319,57504,0.00
14320,68941,0.00
14321,57905,0.00
14322,58878,0.00
14323,62353,0.00
14324,65841,0.00
14325,62520,0.00
14326,57809,0.00
14327,68827,0.00
14328,62264,0.00
14329,60932,0.00
14330,56015,0.00
14331,57236,0.00
14332,61444,0.00
14333,71370,0.00
14334,55739,0.00
14335,58653,0.00
14336,55166,0.00
14337,56539,0.00
14338,53908,0.00
14339,53594,0.00
14340,71037,0.00
14341,68038,0.00
14342,56836,0.00
14343,73965,0.00
14344,55424,0.00
14345,58497,0.00
14346,56957,0.00
14347,60944,0.00
14348,60723,0.00
14349,56711,0.00
14350,54069,0.00
14351,57833,0.00
14352,62619,0.00
14353,57136,0.00
14354,56852,0.00
14355,59248,0.00
14356,57859,0.00
14357,53710,0.00
14358,59010,0.00
14359,57365,0.00
14360,60198,0.00
14361,50894,0.00
14362,52798,0.00
14363,51398,0.00
14364,51612,0.00
14365,53412,0.00
14366,59634,0.00
14367,55751,0.00
14368,60915,0.00
14369,68490,0.00
14370,57013,0.00
14371,57928,0.00
14372,50406,0.00
14373,50184,0.00
14374,44584,0.00
14375,59815,0.00
14376,55764,0.00
14377,48609,0.00
14378,44965,0.00
14379,44565,0.00
14380,44546,0.00
14381,47335,0.00
14382,56847,0.00
14383,48204,0.00
14384,55876,0.00
14385,58333,0.00
14386,54662,0.00
14387,50783,0.00
14388,54964,0.00
14389,54176,0.00
14390,56795,0.00
14391,47559,0.00
14392,54270,0.00
14393,48577,0.00
14394,47036,0.00
14395,44963,0.00
14396,42473,0.00
14397,37311,0.00
14398,43553,0.00
14399,42981,0.00
14400,35080,0.00
14401,40323,0.00
14402,41418,0.00
14403,37072,0.00
14404,49343,0.00
14405,53604,0.00
14406,51765,0.00
14407,53814,0.00
14408,49765,0.00
14409,52621,0.00
14410,58824,0.00
14411,62417,0.00
14412,56287,0.00
14413,53938,0.00
14414,53288,0.00
14415,50395,0.00
14416,56798,0.00
14417,60020,0.00
14418,54352,0.00
14419,69478,0.00
14420,60175,0.00
14421,59279,0.00
14422,57800,0.00
14423,57841,0.00
14424,55452,0.00
14425,55822,0.00
14426,56205,0.00
14427,56037,0.00
14428,52860,0.00
14429,56086,0.00
14430,58117,0.00
14431,52634,0.00
14432,69460,0.00
14433,53308,0.00
14434,55577,0.00
14435,54102,0.00
14436,50997,0.00
14437,47350,0.00
14438,70474,0.00
14439,57467,0.00
14440,45244,0.00
14441,45873,0.00
14442,51979,0.00
14443,46654,0.00
14444,46915,0.00
14445,49653,0.00
14446,51112,0.00
14447,50620,0.00
14448,50483,0.00
14449,53931,0.00
14450,53062,0.00
14451,51706,0.00
14452,55536,0.00
14453,51367,0.00
14454,52977,0.00
14455,54118,0.00
14456,55175,0.00
14457,55126,0.00
14458,57178,0.00
14459,73637,0.00
14460,61689,0.00
14461,52818,0.00
14462,55671,0.00
14463,52822,0.00
14464,49864,0.00
14465,48034,0.00
14466,48204,0.00
14467,60257,0.00
14468,54523,0.00
14469,52468,0.00
14470,53101,0.00
14471,53694,0.00
14472,78373,0.00
14473,57886,0.00
14474,56409,0.00
14475,59609,0.00
14476,56584,0.00
14477,57751,0.00
14478,58533,0.00
14479,62316,0.00
14480,51854,0.00
14481,53483,0.00
14482,69323,0.00
14483,58701,0.00
14484,67320,0.00
14485,56379,0.00
14486,57735,0.00
14487,62256,0.00
14488,56000,0.00
14489,55599,0.00
14490,54044,0.00
14491,64623,0.00
14492,59603,0.00
14493,56544,0.00
14494,57575,0.00
14495,53632,0.00
14496,68080,0.00
14497,58716,0.00
14498,61600,0.00
14499,50241,0.00
14500,57881,0.00
14501,58032,0.00
14502,68109,0.00
14503,53903,0.00
14504,52723,0.00
14505,60459,0.00
14506,50904,0.00
14507,50828,0.00
14508,54470,0.00
14509,54887,0.00
14510,51934,0.00
14511,51175,0.00
14512,52138,0.00
14513,51177,0.00
14514,56972,0.00
14515,57762,0.00
14516,53734,0.00
14517,52934,0.00
14518,49080,0.00
14519,56551,0.00
14520,52067,0.00
14521,48173,0.00
14522,44307,0.00
14523,50124,0.00
14524,44879,0.00
14525,50169,0.00
14526,45475,0.00
14527,46221,0.00
14528,52377,0.00
14529,43055,0.00
14530,43795,0.00
14531,48353,0.00
14532,49008,0.00
14533,56095,0.00
14534,55520,0.00
14535,56580,0.00
14536,60516,0.00
14537,63964,0.00
14538,56917,0.00
14539,54945,0.00
14540,60408,0.00
14541,53475,0.00
14542,53275,0.00
14543,56022,0.00
14544,55161,0.00
14545,53800,0.00
14546,50716,0.00
14547,50791,0.00
14548,53045,0.00
14549,53179,0.00
14550,52791,0.00
14551,47310,0.00
14552,54181,0.00
14553,48485,0.00
14554,47964,0.00
14555,54297,0.00
14556,56047,0.00
14557,59198,0.00
14558,61576,0.00
14559,59126,0.00
14560,75072,0.00
14561,62246,0.00
14562,61715,0.00
14563,58919,0.00
14564,63470,0.00
14565,67923,0.00
14566,54905,0.00
14567,51393,0.00
14568,53417,0.00
14569,56822,0.00
14570,57213,0.00
14571,54402,0.00
14572,52371,0.00
14573,51968,0.00
14574,50840,0.00
14575,50905,0.00
14576,50794,0.00
14577,49789,0.00
14578,50272,0.00
14579,51556,0.00
14580,48913,0.00
14581,70737,0.00
14582,73339,0.00
14583,72876,0.00
14584,50828,0.00
14585,55660,0.00
14586,50024,0.00
14587,58601,0.00
14588,53670,0.00
14589,49927,0.00
14590,65345,0.00
14591,51769,0.00
14592,49833,0.00
14593,49401,0.00
14594,49723,0.00
14595,50980,0.00
14596,56682,0.00
14597,52190,0.00
14598,51818,0.00
14599,49545,0.00
14600,51999,0.00
14601,50841,0.00
14602,52145,0.00
14603,63151,0.00
14604,50751,0.00
14605,64602,0.00
14606,54857,0.00
14607,62269,0.00
14608,56965,0.00
14609,62267,0.00
14610,75549,0.00
14611,59983,0.00
14612,58346,0.00
14613,51306,0.00
14614,54221,0.00
14615,74021,0.00
14616,60055,0.00
14617,58781,0.00
14618,55445,0.00
14619,66329,0.00
14620,54870,0.00
14621,74267,0.00
14622,57718,0.00
14623,59194,0.00
14624,61309,0.00
14625,58482,0.00
14626,59225,0.00
14627,76549,0.00
14628,61699,0.00
14629,55733,0.00
14630,55546,0.00
14631,59518,0.00
14632,52823,0.00
14633,57559,0.00
14634,57039,0.00
14635,56960,0.00
14636,58689,0.00
14637,57926,0.00
14638,63464,0.00
14639,63307,0.00
14640,65812,0.00
14641,63007,0.00
14642,70751,0.00
14643,56751,0.00
14644,60178,0.00
14645,57619,0.00
14646,56954,0.00
14647,58461,0.00
14648,65089,0.00
14649,54919,0.00
14650,57449,0.00
14651,53958,0.00
14652,59003,0.00
14653,56887,0.00
14654,53152,0.00
14655,58183,0.00
14656,62156,0.00
14657,71847,0.00
14658,58985,0.00
14659,61006,0.00
14660,59699,0.00
14661,59299,0.00
14662,61899,0.00
14663,62905,0.00
14664,58837,0.00
14665,63046,0.00
14666,63987,0.00
14667,396622,0.00
14668,59818,0.00
14669,57648,0.00
14670,58898,0.00
14671,61133,0.00
14672,60649,0.00
14673,60847,0.00
14674,61736,0.00
14675,64188,0.00
14676,59314,0.00
14677,61970,0.00
14678,62513,0.00
14679,61496,0.00
14680,57461,0.00
14681,55945,0.00
14682,58777,0.00
14683,55061,0.00
14684,74265,0.00
14685,59122,0.00
14686,74439,0.00
14687,57201,0.00
14688,56214,0.00
14689,57557,0.00
14690,63823,0.00
14691,60273,0.00
14692,59512,0.00
14693,62129,0.00
14694,58182,0.00
14695,64700,0.00
14696,61061,0.00
14697,67138,0.00
14698,60359,0.00
14699,60885,0.00
14700,54652,0.00
14701,54679,0.00
14702,54487,0.00
14703,56566,0.00
14704,57344,0.00
14705,56222,0.00
14706,53123,0.00
14707,57326,0.00
14708,52305,0.00
14709,57892,0.00
14710,53571,0.00
14711,52417,0.00
14712,52183,0.00
14713,47517,0.00
14714,49878,0.00
14715,55234,0.00
14716,58429,0.00
14717,58950,0.00
14718,57377,0.00
14719,62186,0.00
14720,71836,0.00
14721,61711,0.00
14722,157116,0.00
14723,56839,0.00
14724,61097,0.00
14725,58611,0.00
14726,59557,0.00
14727,56104,0.00
14728,57289,0.00
14729,58164,0.00
14730,55121,0.00
14731,59555,0.00
14732,57212,0.00
14733,59312,0.00
14734,58486,0.00
14735,62220,0.00
14736,59554,0.00
14737,64935,0.00
14738,56242,0.00
14739,60364,0.00
14740,62683,0.00
14741,61258,0.00
14742,58798,0.00
14743,60872,0.00
14744,63022,0.00
14745,63183,0.00
14746,77345,0.00
14747,60706,0.00
14748,65266,0.00
14749,57465,0.00
14750,75142,0.00
14751,57782,0.00
14752,61710,0.00
14753,57975,0.00
14754,63060,0.00
14755,56039,0.00
14756,63027,0.00
14757,55072,0.00
14758,54607,0.00
14759,73706,0.00
14760,62217,0.00
14761,59949,0.00
14762,57026,0.00
14763,60739,0.00
14764,61687,0.00
14765,55684,0.00
14766,61457,0.00
14767,60197,0.00
14768,56599,0.00
14769,59166,0.00
14770,59904,0.00
14771,59996,0.00
14772,61551,0.00
14773,59878,0.00
14774,60610,0.00
14775,70392,0.00
14776,58998,0.00
14777,68886,0.00
14778,58068,0.00
14779,58188,0.00
14780,61200,0.00
14781,61611,0.00
14782,59696,0.00
14783,62260,0.00
14784,61941,0.00
14785,61754,0.00
14786,59211,0.00
14787,59742,0.00
14788,63081,0.00
14789,62178,0.00
14790,62754,0.00
14791,58912,0.00
14792,55237,0.00
14793,54031,0.00
14794,59508,0.00
14795,58386,0.00
14796,62066,0.00
14797,72286,0.00
14798,57810,0.00
14799,57651,0.00
14800,57599,0.00
14801,61102,0.00
14802,57621,0.00
14803,61917,0.00
14804,71394,0.00
14805,54267,0.00
14806,55589,0.00
14807,73356,0.00
14808,60902,0.00
14809,62683,0.00
14810,57285,0.00
14811,59538,0.00
14812,59504,0.00
14813,58573,0.00
14814,60209,0.00
14815,68837,0.00
14816,59504,0.00
14817,54372,0.00
14818,56383,0.00
14819,61404,0.00
14820,57353,0.00
14821,60917,0.00
14822,65226,0.00
14823,62770,0.00
14824,63130,0.00
14825,57261,0.00
14826,57326,0.00
14827,58611,0.00
14828,59866,0.00
14829,70260,0.00
14830,58548,0.00
14831,56333,0.00
14832,59872,0.00
14833,162330,0.00
14834,63573,0.00
14835,74828,0.00
14836,59315,0.00
14837,60946,0.00
14838,76442,0.00
14839,72609,0.00
14840,62890,0.00
14841,68542,0.00
14842,58258,0.00
14843,63428,0.00
14844,147808,0.00
14845,57680,0.00
14846,57639,0.00
14847,59426,0.00
14848,61330,0.00
14849,57007,0.00
14850,57964,0.00
14851,56415,0.00
14852,63050,0.00
14853,74700,0.00
14854,55553,0.00
14855,61458,0.00
14856,63290,0.00
14857,65996,0.00
14858,77753,0.00
14859,60598,0.00
14860,60814,0.00
14861,61607,0.00
14862,57797,0.00
14863,59941,0.00
14864,62099,0.00
14865,61773,0.00
14866,61804,0.00
14867,56859,0.00
14868,58234,0.00
14869,59147,0.00
14870,62264,0.00
14871,58060,0.00
14872,57441,0.00
14873,63149,0.00
14874,59428,0.00
14875,56775,0.00
14876,57501,0.00
14877,65589,0.00
14878,57415,0.00
14879,65219,0.00
14880,71259,0.00
14881,61944,0.00
14882,61085,0.00
14883,81084,0.00
14884,66165,0.00
14885,56832,0.00
14886,60531,0.00
14887,58782,0.00
14888,66259,0.00
14889,63417,0.00
14890,65386,0.00
14891,61139,0.00
14892,60173,0.00
14893,57615,0.00
14894,65546,0.00
14895,61921,0.00
14896,60520,0.00
14897,55111,0.00
14898,53208,0.00
14899,58495,0.00
14900,60044,0.00
14901,55589,0.00
14902,61633,0.00
14903,58966,0.00
14904,58507,0.00
14905,58726,0.00
14906,59280,0.00
14907,66422,0.00
14908,58655,0.00
14909,69758,0.00
14910,72083,0.00
14911,59317,0.00
14912,62111,0.00
14913,68444,0.00
14914,61646,0.00
14915,59931,0.00
14916,57910,0.00
14917,59177,0.00
14918,59823,0.00
14919,63025,0.00
14920,71898,0.00
14921,60021,0.00
14922,55812,0.00
14923,60317,0.00
14924,57894,0.00
14925,56522,0.00
14926,58127,0.00
14927,65753,0.00
14928,59131,0.00
14929,56697,0.00
14930,58659,0.00
14931,56621,0.00
14932,54699,0.00
14933,55814,0.00
14934,59997,0.00
14935,65625,0.00
14936,61208,0.00
14937,69716,0.00
14938,52215,0.00
14939,56614,0.00
14940,62269,0.00
14941,60858,0.00
14942,57337,0.00
14943,56958,0.00
14944,52049,0.00
14945,56407,0.00
14946,55170,0.00
14947,60439,0.00
14948,57309,0.00
14949,56535,0.00
14950,59929,0.00
14951,55725,0.00
14952,57482,0.00
14953,56855,0.00
14954,63956,0.00
14955,56497,0.00
14956,56043,0.00
14957,54660,0.00
14958,58258,0.00
14959,58217,0.00
14960,62390,0.00
14961,58710,0.00
14962,63538,0.00
14963,57413,0.00
14964,54597,0.00
14965,53637,0.00
14966,56993,0.00
14967,69574,0.00
14968,51877,0.00
14969,57245,0.00
14970,51365,0.00
14971,52936,0.00
14972,59489,0.00
14973,59552,0.00
14974,56909,0.00
14975,55658,0.00
14976,54003,0.00
14977,59341,0.00
14978,53206,0.00
14979,53271,0.00
14980,56016,0.00
14981,58244,0.00
14982,65031,0.00
14983,53797,0.00
14984,55060,0.00
14985,52523,0.00
14986,48811,0.00
14987,47685,0.00
14988,50926,0.00
14989,56022,0.00
14990,58159,0.00
14991,73009,0.00
14992,64536,0.00
14993,70931,0.00
14994,64267,0.00
14995,55369,0.00
14996,59944,0.00
14997,60344,0.00
14998,55837,0.00
14999,59748,0.00
15000,87277,0.00
