file_path,method_name,start_line,end_line,cc,mi,halstead_difficulty,amount_of_phpmd_violations,phpmd_violations
/php-code/Kernel.php,registerBundles,35,43,3.0,64.811175132095,17.5,0,[]
/php-code/Kernel.php,getProjectDir,45,48,1.0,80.401219851729,6.25,0,[]
/php-code/Kernel.php,configureContainer,50,58,1.0,65.380361517204,9.2272727272727,2,"[{'line': 50, 'rule': 'UnusedFormalParameter', 'message': ""Avoid unused parameters such as '$loader'.""}, {'line': 50, 'rule': 'UnusedFormalParameter', 'message': ""Avoid unused parameters such as '$builder'.""}]"
/php-code/Kernel.php,configureRoutes,60,72,1.0,64.176065719322,6.8181818181818,0,[]
/php-code/OpenConext/EngineBlock/Assert/Assertion.php,nonEmptyString,40,52,2.0,61.271659471195,15.0,0,[]
/php-code/OpenConext/EngineBlock/Assert/Assertion.php,keysExist,61,66,2.0,71.550242834582,9.0,0,[]
/php-code/OpenConext/EngineBlock/Assert/Assertion.php,validHashingAlgorithm,68,80,2.0,62.100029324671,12.375,1,"[{'line': 70, 'rule': 'StaticAccess', 'message': ""Avoid using static access to class 'OpenConext\\EngineBlock\\Assert\\Assertion' in method 'validHashingAlgorithm'.""}]"
/php-code/OpenConext/EngineBlock/Authentication/Dto/Consent.php,__construct,40,44,1.0,76.38935962878,3.0,0,[]
/php-code/OpenConext/EngineBlock/Authentication/Dto/Consent.php,jsonSerialize,46,82,2.0,47.666393233837,10.588235294118,0,[]
/php-code/OpenConext/EngineBlock/Authentication/Dto/Consent.php,getDisplayNameFields,84,112,7.0,48.861300526072,51.272727272727,3,"[{'line': 91, 'rule': 'ElseExpression', 'message': 'The method getDisplayNameFields uses an else expression. Else clauses are basically not necessary and you can simplify the code by not using them.'}, {'line': 99, 'rule': 'ElseExpression', 'message': 'The method getDisplayNameFields uses an else expression. Else clauses are basically not necessary and you can simplify the code by not using them.'}, {'line': 107, 'rule': 'ElseExpression', 'message': 'The method getDisplayNameFields uses an else expression. Else clauses are basically not necessary and you can simplify the code by not using them.'}]"
/php-code/OpenConext/EngineBlock/Authentication/Dto/Consent.php,getOrganizationDisplayNameFields,114,142,7.0,49.039168805293,43.0,3,"[{'line': 121, 'rule': 'ElseExpression', 'message': 'The method getOrganizationDisplayNameFields uses an else expression. Else clauses are basically not necessary and you can simplify the code by not using them.'}, {'line': 129, 'rule': 'ElseExpression', 'message': 'The method getOrganizationDisplayNameFields uses an else expression. Else clauses are basically not necessary and you can simplify the code by not using them.'}, {'line': 137, 'rule': 'ElseExpression', 'message': 'The method getOrganizationDisplayNameFields uses an else expression. Else clauses are basically not necessary and you can simplify the code by not using them.'}]"
/php-code/OpenConext/EngineBlock/Authentication/Dto/ConsentList.php,__construct,31,36,2.0,73.683490742967,7.0,0,[]
/php-code/OpenConext/EngineBlock/Authentication/Dto/ConsentList.php,jsonSerialize,38,46,1.0,68.857326980376,10.0,0,[]
/php-code/OpenConext/EngineBlock/Authentication/Dto/ConsentList.php,initialiseWith,48,51,1.0,80.401219851729,6.25,0,[]
/php-code/OpenConext/EngineBlock/Authentication/Model/Consent.php,__construct,64,79,1.0,63.927745482228,4.1538461538462,3,"[{'line': 66, 'rule': 'LongVariable', 'message': 'Avoid excessively long variable names like $serviceProviderEntityId. Keep variable name length under 20.'}, {'line': 71, 'rule': 'StaticAccess', 'message': ""Avoid using static access to class '\\OpenConext\\EngineBlock\\Assert\\Assertion' in method '__construct'.""}, {'line': 72, 'rule': 'StaticAccess', 'message': ""Avoid using static access to class '\\OpenConext\\EngineBlock\\Assert\\Assertion' in method '__construct'.""}]"
/php-code/OpenConext/EngineBlock/Authentication/Model/Consent.php,getServiceProviderEntityId,86,89,1.0,82.001716149821,8.0,0,[]
/php-code/OpenConext/EngineBlock/Authentication/Model/Consent.php,getDateConsentWasGivenOn,94,97,1.0,81.120955834208,12.5,0,[]
/php-code/OpenConext/EngineBlock/Authentication/Model/Consent.php,getConsentType,102,105,1.0,82.001716149821,8.0,0,[]
/php-code/OpenConext/EngineBlock/Authentication/Model/Consent.php,jsonSerialize,112,121,1.0,64.308358548521,6.9090909090909,0,[]
/php-code/OpenConext/EngineBlock/Authentication/Model/User.php,__construct,37,41,1.0,76.38935962878,3.0,0,[]
/php-code/OpenConext/EngineBlock/Authentication/Model/User.php,getCollabPersonId,46,49,1.0,82.001716149821,8.0,0,[]
/php-code/OpenConext/EngineBlock/Authentication/Model/User.php,getCollabPersonUuid,54,57,1.0,82.001716149821,8.0,0,[]
/php-code/OpenConext/EngineBlock/Authentication/Model/User.php,jsonSerialize,64,70,1.0,70.392805577128,13.0,0,[]
/php-code/OpenConext/EngineBlock/Authentication/Value/CollabPersonId.php,generateWithReplacedAtSignFrom,48,60,1.0,62.463625926333,13.125,1,"[{'line': 48, 'rule': 'LongVariable', 'message': 'Avoid excessively long variable names like $schacHomeOrganization. Keep variable name length under 20.'}]"
/php-code/OpenConext/EngineBlock/Authentication/Value/CollabPersonId.php,__construct,65,80,1.0,59.624504630566,7.3181818181818,3,"[{'line': 67, 'rule': 'StaticAccess', 'message': ""Avoid using static access to class '\\OpenConext\\EngineBlock\\Assert\\Assertion' in method '__construct'.""}, {'line': 68, 'rule': 'StaticAccess', 'message': ""Avoid using static access to class '\\OpenConext\\EngineBlock\\Assert\\Assertion' in method '__construct'.""}, {'line': 73, 'rule': 'StaticAccess', 'message': ""Avoid using static access to class '\\OpenConext\\EngineBlock\\Assert\\Assertion' in method '__construct'.""}]"
/php-code/OpenConext/EngineBlock/Authentication/Value/CollabPersonId.php,getCollabPersonId,82,85,1.0,82.001716149821,8.0,0,[]
/php-code/OpenConext/EngineBlock/Authentication/Value/CollabPersonId.php,equals,91,94,1.0,80.401219851729,6.25,0,[]
/php-code/OpenConext/EngineBlock/Authentication/Value/CollabPersonId.php,__toString,99,102,1.0,79.267620989406,6.0,0,[]
/php-code/OpenConext/EngineBlock/Authentication/Value/CollabPersonUuid.php,generate,34,37,1.0,78.947226438868,36.0,1,"[{'line': 36, 'rule': 'StaticAccess', 'message': ""Avoid using static access to class '\\Ramsey\\Uuid\\Uuid' in method 'generate'.""}]"
/php-code/OpenConext/EngineBlock/Authentication/Value/CollabPersonUuid.php,__construct,42,51,1.0,66.435734887316,4.875,3,"[{'line': 44, 'rule': 'StaticAccess', 'message': ""Avoid using static access to class '\\OpenConext\\EngineBlock\\Assert\\Assertion' in method '__construct'.""}, {'line': 45, 'rule': 'StaticAccess', 'message': ""Avoid using static access to class '\\OpenConext\\EngineBlock\\Assert\\Assertion' in method '__construct'.""}, {'line': 46, 'rule': 'StaticAccess', 'message': ""Avoid using static access to class '\\Ramsey\\Uuid\\Uuid' in method '__construct'.""}]"
/php-code/OpenConext/EngineBlock/Authentication/Value/CollabPersonUuid.php,getUuid,56,59,1.0,82.001716149821,8.0,0,[]
/php-code/OpenConext/EngineBlock/Authentication/Value/CollabPersonUuid.php,equals,65,68,1.0,80.401219851729,6.25,0,[]
/php-code/OpenConext/EngineBlock/Authentication/Value/CollabPersonUuid.php,__toString,70,73,1.0,79.267620989406,6.0,0,[]
/php-code/OpenConext/EngineBlock/Authentication/Value/ConsentHashQuery.php,__construct,23,31,1.0,91.191023588314,2.0,0,[]
/php-code/OpenConext/EngineBlock/Authentication/Value/ConsentStoreParameters.php,__construct,23,31,1.0,91.191023588314,2.0,0,[]
/php-code/OpenConext/EngineBlock/Authentication/Value/ConsentUpdateParameters.php,__construct,23,31,1.0,91.191023588314,2.0,0,[]
/php-code/OpenConext/EngineBlock/Authentication/Value/KeyId.php,__construct,33,38,1.0,75.524959572308,5.25,1,"[{'line': 35, 'rule': 'StaticAccess', 'message': ""Avoid using static access to class '\\OpenConext\\EngineBlock\\Assert\\Assertion' in method '__construct'.""}]"
/php-code/OpenConext/EngineBlock/Authentication/Value/KeyId.php,getKeyId,43,46,1.0,82.001716149821,8.0,0,[]
/php-code/OpenConext/EngineBlock/Authentication/Value/KeyId.php,equals,52,55,1.0,80.401219851729,6.25,0,[]
/php-code/OpenConext/EngineBlock/Authentication/Value/KeyId.php,__toString,60,63,1.0,79.267620989406,6.0,0,[]
/php-code/OpenConext/EngineBlock/Authentication/Value/SchacHomeOrganization.php,__construct,39,44,1.0,75.524959572308,5.25,2,"[{'line': 39, 'rule': 'LongVariable', 'message': 'Avoid excessively long variable names like $schacHomeOrganization. Keep variable name length under 20.'}, {'line': 41, 'rule': 'StaticAccess', 'message': ""Avoid using static access to class '\\OpenConext\\EngineBlock\\Assert\\Assertion' in method '__construct'.""}]"
/php-code/OpenConext/EngineBlock/Authentication/Value/SchacHomeOrganization.php,getSchacHomeOrganization,49,52,1.0,82.001716149821,8.0,0,[]
/php-code/OpenConext/EngineBlock/Authentication/Value/SchacHomeOrganization.php,equals,58,61,1.0,80.401219851729,6.25,0,[]
/php-code/OpenConext/EngineBlock/Authentication/Value/SchacHomeOrganization.php,__toString,63,66,1.0,79.267620989406,6.0,0,[]
/php-code/OpenConext/EngineBlock/Authentication/Value/Uid.php,__construct,39,44,1.0,75.524959572308,5.25,1,"[{'line': 41, 'rule': 'StaticAccess', 'message': ""Avoid using static access to class '\\OpenConext\\EngineBlock\\Assert\\Assertion' in method '__construct'.""}]"
/php-code/OpenConext/EngineBlock/Authentication/Value/Uid.php,getUid,49,52,1.0,82.001716149821,8.0,0,[]
/php-code/OpenConext/EngineBlock/Authentication/Value/Uid.php,equals,58,61,1.0,80.401219851729,6.25,0,[]
/php-code/OpenConext/EngineBlock/Authentication/Value/Uid.php,__toString,63,66,1.0,79.267620989406,6.0,0,[]
/php-code/OpenConext/EngineBlock/Driver/File/FileStorageDriver.php,__construct,40,46,1.0,72.30441800608,4.5,1,"[{'line': 42, 'rule': 'StaticAccess', 'message': ""Avoid using static access to class '\\OpenConext\\EngineBlock\\Assert\\Assertion' in method '__construct'.""}]"
/php-code/OpenConext/EngineBlock/Driver/File/FileStorageDriver.php,save,48,53,1.0,75.056197271079,4.0,1,"[{'line': 50, 'rule': 'StaticAccess', 'message': ""Avoid using static access to class '\\OpenConext\\EngineBlock\\Assert\\Assertion' in method 'save'.""}]"
/php-code/OpenConext/EngineBlock/Driver/File/FileStorageDriver.php,load,55,58,1.0,80.401219851729,6.25,0,[]
/php-code/OpenConext/EngineBlock/Driver/File/FilesystemAdapter.php,__construct,33,36,1.0,81.120955834208,4.0,0,[]
/php-code/OpenConext/EngineBlock/Driver/File/FilesystemAdapter.php,writeTo,38,49,2.0,61.643696030067,7.8,2,"[{'line': 40, 'rule': 'StaticAccess', 'message': ""Avoid using static access to class '\\OpenConext\\EngineBlock\\Assert\\Assertion' in method 'writeTo'.""}, {'line': 41, 'rule': 'StaticAccess', 'message': ""Avoid using static access to class '\\OpenConext\\EngineBlock\\Assert\\Assertion' in method 'writeTo'.""}]"
/php-code/OpenConext/EngineBlock/Driver/File/FilesystemAdapter.php,readFrom,51,69,4.0,57.328807687832,15.230769230769,1,"[{'line': 53, 'rule': 'StaticAccess', 'message': ""Avoid using static access to class '\\OpenConext\\EngineBlock\\Assert\\Assertion' in method 'readFrom'.""}]"
/php-code/OpenConext/EngineBlock/Driver/File/FilesystemAdapter.php,remove,71,79,2.0,65.093437418531,8.55,0,[]
/php-code/OpenConext/EngineBlock/Exception/IndexOutOfBoundsException.php,tooLow,45,54,1.0,66.806328704566,10.125,0,[]
/php-code/OpenConext/EngineBlock/Exception/IndexOutOfBoundsException.php,tooHigh,61,70,1.0,66.806328704566,10.125,0,[]
/php-code/OpenConext/EngineBlock/Exception/IndexOutOfBoundsException.php,getInvalidIndex,75,78,1.0,82.001716149821,8.0,0,[]
/php-code/OpenConext/EngineBlock/Exception/IndexOutOfBoundsException.php,getMinimumIndex,83,86,1.0,82.001716149821,8.0,0,[]
/php-code/OpenConext/EngineBlock/Exception/IndexOutOfBoundsException.php,getMaximumIndex,91,94,1.0,82.001716149821,8.0,0,[]
/php-code/OpenConext/EngineBlock/Exception/InvalidArgumentException.php,__construct,25,32,2.0,67.095095086789,10.5,0,[]
/php-code/OpenConext/EngineBlock/Http/Exception/AccessDeniedException.php,__construct,25,30,1.0,73.963830176072,6.4166666666667,0,[]
/php-code/OpenConext/EngineBlock/Http/Exception/MalformedResponseException.php,__construct,25,28,1.0,78.127031559328,7.0,0,[]
/php-code/OpenConext/EngineBlock/Http/Exception/RequestException.php,__construct,25,28,1.0,78.127031559328,7.0,0,[]
/php-code/OpenConext/EngineBlock/Http/HttpClient.php,__construct,36,39,1.0,81.120955834208,4.0,0,[]
/php-code/OpenConext/EngineBlock/Http/HttpClient.php,read,52,83,5.0,49.668439682348,17.068965517241,2,"[{'line': 54, 'rule': 'StaticAccess', 'message': ""Avoid using static access to class 'OpenConext\\EngineBlock\\Http\\ResourcePathFormatter' in method 'read'.""}, {'line': 75, 'rule': 'StaticAccess', 'message': ""Avoid using static access to class 'OpenConext\\EngineBlock\\Http\\JsonResponseParser' in method 'read'.""}]"
/php-code/OpenConext/EngineBlock/Http/HttpClient.php,post,92,125,5.0,48.612807458416,16.875,3,"[{'line': 92, 'rule': 'BooleanArgumentFlag', 'message': 'The method post has a boolean flag argument $verify, which is a certain sign of a Single Responsibility Principle violation.'}, {'line': 94, 'rule': 'StaticAccess', 'message': ""Avoid using static access to class 'OpenConext\\EngineBlock\\Http\\ResourcePathFormatter' in method 'post'.""}, {'line': 117, 'rule': 'StaticAccess', 'message': ""Avoid using static access to class 'OpenConext\\EngineBlock\\Http\\JsonResponseParser' in method 'post'.""}]"
/php-code/OpenConext/EngineBlock/Http/JsonResponseParser.php,parse,34,60,3.0,52.731375229601,14.7,1,"[{'line': 36, 'rule': 'StaticAccess', 'message': ""Avoid using static access to class '\\OpenConext\\EngineBlock\\Assert\\Assertion' in method 'parse'.""}]"
/php-code/OpenConext/EngineBlock/Http/ResourcePathFormatter.php,format,33,52,3.0,56.207599144866,15.166666666667,2,"[{'line': 35, 'rule': 'StaticAccess', 'message': ""Avoid using static access to class '\\OpenConext\\EngineBlock\\Assert\\Assertion' in method 'format'.""}, {'line': 39, 'rule': 'ElseExpression', 'message': 'The method format uses an else expression. Else clauses are basically not necessary and you can simplify the code by not using them.'}]"
/php-code/OpenConext/EngineBlock/Logger/AuthenticationLogger.php,__construct,37,40,1.0,81.120955834208,4.0,0,[]
/php-code/OpenConext/EngineBlock/Logger/AuthenticationLogger.php,logGrantedLogin,48,91,3.0,48.682897911817,11.030303030303,3,"[{'line': 52, 'rule': 'LongVariable', 'message': 'Avoid excessively long variable names like $proxiedServiceProviders. Keep variable name length under 20.'}, {'line': 56, 'rule': 'LongVariable', 'message': 'Avoid excessively long variable names like $engineSsoEndpointUsed. Keep variable name length under 20.'}, {'line': 61, 'rule': 'LongVariable', 'message': 'Avoid excessively long variable names like $proxiedServiceProviderEntityIds. Keep variable name length under 20.'}]"
/php-code/OpenConext/EngineBlock/Logger/AuthenticationLogger.php,generateTimestamp,103,106,1.0,79.636988841752,8.75,0,[]
/php-code/OpenConext/EngineBlock/Logger/Formatter/AdditionalInfoFormatter.php,__construct,33,36,1.0,81.120955834208,4.0,0,[]
/php-code/OpenConext/EngineBlock/Logger/Formatter/AdditionalInfoFormatter.php,format,38,41,1.0,79.435163286757,5.0,0,[]
/php-code/OpenConext/EngineBlock/Logger/Formatter/AdditionalInfoFormatter.php,formatBatch,43,50,2.0,69.667684308953,14.625,0,[]
/php-code/OpenConext/EngineBlock/Logger/Formatter/AdditionalInfoFormatter.php,addAdditionalInfoForEngineBlockExceptions,56,71,3.0,59.552577853171,15.5,0,[]
/php-code/OpenConext/EngineBlock/Logger/Handler/FingersCrossed/ManualOrDecoratedActivationStrategy.php,__construct,36,39,1.0,81.120955834208,4.0,0,[]
/php-code/OpenConext/EngineBlock/Logger/Handler/FingersCrossed/ManualOrDecoratedActivationStrategy.php,activate,41,44,1.0,81.120955834208,4.0,0,[]
/php-code/OpenConext/EngineBlock/Logger/Handler/FingersCrossed/ManualOrDecoratedActivationStrategy.php,isHandlerActivated,46,49,1.0,79.13311806543,6.0,0,[]
/php-code/OpenConext/EngineBlock/Logger/Handler/FingersCrossed/ManualOrErrorLevelActivationStrategyFactory.php,createActivationStrategy,33,40,1.0,70.035966671216,10.8,0,[]
/php-code/OpenConext/EngineBlock/Logger/Handler/FingersCrossed/ManualOrErrorLevelActivationStrategyFactory.php,validateAndNormalizeConfig,47,70,1.0,54.574546125711,8.71875,3,"[{'line': 49, 'rule': 'StaticAccess', 'message': ""Avoid using static access to class '\\OpenConext\\EngineBlock\\Assert\\Assertion' in method 'validateAndNormalizeConfig'.""}, {'line': 50, 'rule': 'StaticAccess', 'message': ""Avoid using static access to class '\\OpenConext\\EngineBlock\\Assert\\Assertion' in method 'validateAndNormalizeConfig'.""}, {'line': 54, 'rule': 'StaticAccess', 'message': ""Avoid using static access to class '\\OpenConext\\EngineBlock\\Assert\\Assertion' in method 'validateAndNormalizeConfig'.""}]"
/php-code/OpenConext/EngineBlock/Logger/Message/AdditionalInfo.php,createFromException,60,107,9.0,42.843989651591,24.871794871795,0,[]
/php-code/OpenConext/EngineBlock/Logger/Message/AdditionalInfo.php,create,112,115,1.0,80.652193532979,21.0,0,[]
/php-code/OpenConext/EngineBlock/Logger/Message/AdditionalInfo.php,__construct,117,119,1.0,91.191023588314,2.0,0,[]
/php-code/OpenConext/EngineBlock/Logger/Message/AdditionalInfo.php,setSeverity,125,130,1.0,76.709754179319,5.0,0,[]
/php-code/OpenConext/EngineBlock/Logger/Message/AdditionalInfo.php,getSeverity,135,138,1.0,82.001716149821,8.0,0,[]
/php-code/OpenConext/EngineBlock/Logger/Message/AdditionalInfo.php,setLocation,144,149,1.0,76.709754179319,5.0,0,[]
/php-code/OpenConext/EngineBlock/Logger/Message/AdditionalInfo.php,getLocation,154,157,1.0,82.001716149821,8.0,0,[]
/php-code/OpenConext/EngineBlock/Logger/Message/AdditionalInfo.php,setDetails,163,168,1.0,76.709754179319,5.0,0,[]
/php-code/OpenConext/EngineBlock/Logger/Message/AdditionalInfo.php,getDetails,173,176,1.0,82.001716149821,8.0,0,[]
/php-code/OpenConext/EngineBlock/Logger/Message/AdditionalInfo.php,setIdp,182,187,1.0,76.709754179319,5.0,0,[]
/php-code/OpenConext/EngineBlock/Logger/Message/AdditionalInfo.php,getIdp,192,195,1.0,82.001716149821,8.0,0,[]
/php-code/OpenConext/EngineBlock/Logger/Message/AdditionalInfo.php,setSp,201,206,1.0,76.709754179319,5.0,1,"[{'line': 201, 'rule': 'ShortVariable', 'message': 'Avoid variables with short names like $sp. Configured minimum length is 3.'}]"
/php-code/OpenConext/EngineBlock/Logger/Message/AdditionalInfo.php,getSp,211,214,1.0,82.001716149821,8.0,0,[]
/php-code/OpenConext/EngineBlock/Logger/Message/AdditionalInfo.php,setUserId,220,225,1.0,76.709754179319,5.0,0,[]
/php-code/OpenConext/EngineBlock/Logger/Message/AdditionalInfo.php,getUserId,230,233,1.0,82.001716149821,8.0,0,[]
/php-code/OpenConext/EngineBlock/Logger/Message/AdditionalInfo.php,setMessagePrefix,239,244,1.0,76.22181733143,7.0,0,[]
/php-code/OpenConext/EngineBlock/Logger/Message/AdditionalInfo.php,getMessagePrefix,249,252,1.0,82.001716149821,8.0,0,[]
/php-code/OpenConext/EngineBlock/Logger/Message/AdditionalInfo.php,toArray,257,268,1.0,62.109364689176,4.5,0,[]
/php-code/OpenConext/EngineBlock/Logger/Processor/RequestIdProcessor.php,__construct,32,35,1.0,81.120955834208,4.0,0,[]
/php-code/OpenConext/EngineBlock/Logger/Processor/RequestIdProcessor.php,__invoke,37,42,1.0,75.40162245189,7.0,0,[]
/php-code/OpenConext/EngineBlock/Logger/Processor/SessionIdProcessor.php,__invoke,26,31,2.0,74.593558262072,7.2,0,[]
/php-code/OpenConext/EngineBlock/Metadata/AttributeReleasePolicy.php,__construct,48,67,5.0,55.707636928077,15.857142857143,0,[]
/php-code/OpenConext/EngineBlock/Metadata/AttributeReleasePolicy.php,validateRule,74,107,5.0,48.480908160925,25.2,1,"[{'line': 98, 'rule': 'ElseExpression', 'message': 'The method validateRule uses an else expression. Else clauses are basically not necessary and you can simplify the code by not using them.'}]"
/php-code/OpenConext/EngineBlock/Metadata/AttributeReleasePolicy.php,getRulesWithSourceSpecification,116,130,2.0,60.216272907735,22.75,0,[]
/php-code/OpenConext/EngineBlock/Metadata/AttributeReleasePolicy.php,getRulesWithReleaseAsSpecification,132,146,2.0,60.979684215877,19.714285714286,0,[]
/php-code/OpenConext/EngineBlock/Metadata/AttributeReleasePolicy.php,findNameIdSubstitute,148,161,5.0,58.727963089216,21.777777777778,0,[]
/php-code/OpenConext/EngineBlock/Metadata/AttributeReleasePolicy.php,getAttributeNames,166,169,1.0,80.401219851729,6.25,0,[]
/php-code/OpenConext/EngineBlock/Metadata/AttributeReleasePolicy.php,hasAttribute,175,178,1.0,79.267620989406,12.25,0,[]
/php-code/OpenConext/EngineBlock/Metadata/AttributeReleasePolicy.php,isAllowed,185,219,7.0,51.60537022803,26.5625,0,[]
/php-code/OpenConext/EngineBlock/Metadata/AttributeReleasePolicy.php,getRuleValue,227,234,2.0,70.028462882229,31.5,0,[]
/php-code/OpenConext/EngineBlock/Metadata/AttributeReleasePolicy.php,getMotivation,242,253,3.0,64.176067077736,19.8,0,[]
/php-code/OpenConext/EngineBlock/Metadata/AttributeReleasePolicy.php,getSource,261,267,2.0,68.238187632868,13.5,0,[]
/php-code/OpenConext/EngineBlock/Metadata/AttributeReleasePolicy.php,getAttributeRules,272,275,1.0,82.001716149821,8.0,0,[]
/php-code/OpenConext/EngineBlock/Metadata/Coins.php,createForServiceProvider,32,68,1.0,53.355907658415,6.25,2,"[{'line': 36, 'rule': 'LongVariable', 'message': 'Avoid excessively long variable names like $displayUnconnectedIdpsWayf. Keep variable name length under 20.'}, {'line': 39, 'rule': 'LongVariable', 'message': 'Avoid excessively long variable names like $policyEnforcementDecisionRequired. Keep variable name length under 20.'}]"
/php-code/OpenConext/EngineBlock/Metadata/Coins.php,createForIdentityProvider,70,94,1.0,58.254792751368,7.0,2,"[{'line': 72, 'rule': 'LongVariable', 'message': 'Avoid excessively long variable names like $schacHomeOrganization. Keep variable name length under 20.'}, {'line': 80, 'rule': 'LongVariable', 'message': 'Avoid excessively long variable names like $policyEnforcementDecisionRequired. Keep variable name length under 20.'}]"
/php-code/OpenConext/EngineBlock/Metadata/Coins.php,__construct,96,104,3.0,65.892492431373,17.6,0,[]
/php-code/OpenConext/EngineBlock/Metadata/Coins.php,toJson,109,112,1.0,80.401219851729,6.25,0,[]
/php-code/OpenConext/EngineBlock/Metadata/Coins.php,fromJson,118,131,3.0,61.487812585223,26.571428571429,1,"[{'line': 127, 'rule': 'StaticAccess', 'message': ""Avoid using static access to class 'OpenConext\\EngineBlock\\Metadata\\MfaEntityCollection' in method 'fromJson'.""}]"
/php-code/OpenConext/EngineBlock/Metadata/Coins.php,isConsentRequired,134,137,1.0,79.267620989406,6.0,0,[]
/php-code/OpenConext/EngineBlock/Metadata/Coins.php,isTransparentIssuer,139,142,1.0,79.267620989406,6.0,0,[]
/php-code/OpenConext/EngineBlock/Metadata/Coins.php,isTrustedProxy,144,147,1.0,79.267620989406,6.0,0,[]
/php-code/OpenConext/EngineBlock/Metadata/Coins.php,displayUnconnectedIdpsWayf,149,152,1.0,79.267620989406,6.0,0,[]
/php-code/OpenConext/EngineBlock/Metadata/Coins.php,termsOfServiceUrl,154,157,1.0,80.401219851729,6.25,0,[]
/php-code/OpenConext/EngineBlock/Metadata/Coins.php,skipDenormalization,159,162,1.0,79.267620989406,6.0,0,[]
/php-code/OpenConext/EngineBlock/Metadata/Coins.php,policyEnforcementDecisionRequired,164,167,1.0,79.267620989406,6.0,0,[]
/php-code/OpenConext/EngineBlock/Metadata/Coins.php,requesteridRequired,169,172,1.0,79.267620989406,6.0,0,[]
/php-code/OpenConext/EngineBlock/Metadata/Coins.php,signResponse,174,177,1.0,79.267620989406,6.0,0,[]
/php-code/OpenConext/EngineBlock/Metadata/Coins.php,stepupAllowNoToken,179,182,1.0,79.267620989406,6.0,0,[]
/php-code/OpenConext/EngineBlock/Metadata/Coins.php,stepupRequireLoa,184,187,1.0,79.267620989406,6.0,0,[]
/php-code/OpenConext/EngineBlock/Metadata/Coins.php,isStepupForceAuthn,193,196,1.0,79.267620989406,6.0,0,[]
/php-code/OpenConext/EngineBlock/Metadata/Coins.php,defaultRAC,199,202,1.0,80.401219851729,6.25,0,[]
/php-code/OpenConext/EngineBlock/Metadata/Coins.php,guestQualifier,204,207,1.0,79.267620989406,6.0,0,[]
/php-code/OpenConext/EngineBlock/Metadata/Coins.php,schacHomeOrganization,209,212,1.0,80.401219851729,6.25,0,[]
/php-code/OpenConext/EngineBlock/Metadata/Coins.php,hidden,214,217,1.0,79.267620989406,6.0,0,[]
/php-code/OpenConext/EngineBlock/Metadata/Coins.php,stepupConnections,222,225,1.0,78.947226438868,7.0,0,[]
/php-code/OpenConext/EngineBlock/Metadata/Coins.php,disableScoping,228,231,1.0,79.267620989406,6.0,0,[]
/php-code/OpenConext/EngineBlock/Metadata/Coins.php,additionalLogging,233,236,1.0,79.267620989406,6.0,0,[]
/php-code/OpenConext/EngineBlock/Metadata/Coins.php,signatureMethod,238,241,1.0,79.267620989406,6.0,0,[]
/php-code/OpenConext/EngineBlock/Metadata/Coins.php,collabEnabled,243,246,1.0,78.391627559531,6.125,0,[]
/php-code/OpenConext/EngineBlock/Metadata/Coins.php,mfaEntities,248,251,1.0,78.514964679948,9.3333333333333,1,"[{'line': 250, 'rule': 'StaticAccess', 'message': ""Avoid using static access to class 'OpenConext\\EngineBlock\\Metadata\\MfaEntityCollection' in method 'mfaEntities'.""}]"
/php-code/OpenConext/EngineBlock/Metadata/Coins.php,getValue,253,259,2.0,69.988078859492,13.5,0,[]
/php-code/OpenConext/EngineBlock/Metadata/ConsentSettings.php,__construct,49,56,2.0,67.292029601267,9.6428571428571,0,[]
/php-code/OpenConext/EngineBlock/Metadata/ConsentSettings.php,getSpEntityIdsWithoutConsent,61,73,2.0,63.170391305323,12.6,0,[]
/php-code/OpenConext/EngineBlock/Metadata/ConsentSettings.php,isEnabled,79,87,2.0,67.893848817994,10.5,0,[]
/php-code/OpenConext/EngineBlock/Metadata/ConsentSettings.php,isInformational,93,101,2.0,67.031012534501,13.357142857143,0,[]
/php-code/OpenConext/EngineBlock/Metadata/ConsentSettings.php,hasConsentExplanation,103,106,1.0,79.267620989406,12.25,0,[]
/php-code/OpenConext/EngineBlock/Metadata/ConsentSettings.php,getConsentExplanations,112,118,2.0,70.870643070444,12.833333333333,0,[]
/php-code/OpenConext/EngineBlock/Metadata/ConsentSettings.php,hasConsentExplanationIn,125,132,2.0,67.617209492456,11.25,0,[]
/php-code/OpenConext/EngineBlock/Metadata/ConsentSettings.php,getConsentExplanationIn,139,146,2.0,67.416166660626,9.6428571428571,0,[]
/php-code/OpenConext/EngineBlock/Metadata/ConsentSettings.php,findSettingsFor,151,160,3.0,67.301981887707,13.5,0,[]
/php-code/OpenConext/EngineBlock/Metadata/ConsentSettings.php,jsonSerialize,165,168,1.0,82.001716149821,8.0,0,[]
/php-code/OpenConext/EngineBlock/Metadata/ConsentSettings.php,extractExplanations,174,194,2.0,56.10744135749,9.4736842105263,1,"[{'line': 177, 'rule': 'LongVariable', 'message': 'Avoid excessively long variable names like $explanationFieldNames. Keep variable name length under 20.'}]"
/php-code/OpenConext/EngineBlock/Metadata/ContactPerson.php,__construct,36,39,1.0,81.120955834208,4.0,0,[]
/php-code/OpenConext/EngineBlock/Metadata/ContactPerson.php,from,50,63,1.0,65.690358894668,6.8,0,[]
/php-code/OpenConext/EngineBlock/Metadata/Discovery.php,create,48,64,2.0,60.092612630001,13.291666666667,0,[]
/php-code/OpenConext/EngineBlock/Metadata/Discovery.php,assertLocaleValueArray,66,82,5.0,58.156447717521,20.090909090909,0,[]
/php-code/OpenConext/EngineBlock/Metadata/Discovery.php,jsonSerialize,84,91,1.0,68.836021981577,6.4166666666667,0,[]
/php-code/OpenConext/EngineBlock/Metadata/Discovery.php,hasLogo,93,96,1.0,78.522891389171,7.0,0,[]
/php-code/OpenConext/EngineBlock/Metadata/Discovery.php,getLogo,98,101,1.0,82.001716149821,8.0,0,[]
/php-code/OpenConext/EngineBlock/Metadata/Discovery.php,getLanguage,103,106,1.0,82.001716149821,8.0,0,[]
/php-code/OpenConext/EngineBlock/Metadata/Discovery.php,getName,108,115,2.0,68.689523320947,22.0,0,[]
/php-code/OpenConext/EngineBlock/Metadata/Discovery.php,getKeywords,117,124,2.0,68.689523320947,22.0,0,[]
/php-code/OpenConext/EngineBlock/Metadata/Discovery.php,getKeywordsArray,129,132,1.0,78.514964679948,5.25,0,[]
/php-code/OpenConext/EngineBlock/Metadata/Discovery.php,isValid,134,137,1.0,79.267620989406,6.0,0,[]
/php-code/OpenConext/EngineBlock/Metadata/EmptyMduiElement.php,__construct,34,37,1.0,81.120955834208,4.0,0,[]
/php-code/OpenConext/EngineBlock/Metadata/EmptyMduiElement.php,fromJson,39,42,1.0,78.804796805669,16.0,0,[]
/php-code/OpenConext/EngineBlock/Metadata/EmptyMduiElement.php,getName,44,47,1.0,82.001716149821,8.0,0,[]
/php-code/OpenConext/EngineBlock/Metadata/EmptyMduiElement.php,translate,49,52,1.0,79.267620989406,6.0,0,[]
/php-code/OpenConext/EngineBlock/Metadata/EmptyMduiElement.php,jsonSerialize,54,59,1.0,74.953933275297,9.0,0,[]
/php-code/OpenConext/EngineBlock/Metadata/EmptyMduiElement.php,getConfiguredLanguages,64,67,1.0,82.001716149821,12.5,0,[]
/php-code/OpenConext/EngineBlock/Metadata/IndexedService.php,__construct,45,51,1.0,72.20800927205,5.8333333333333,0,[]
/php-code/OpenConext/EngineBlock/Metadata/Loa.php,create,46,62,1.0,58.978866139543,11.785714285714,2,"[{'line': 49, 'rule': 'StaticAccess', 'message': ""Avoid using static access to class '\\OpenConext\\EngineBlock\\Assert\\Assertion' in method 'create'.""}, {'line': 54, 'rule': 'StaticAccess', 'message': ""Avoid using static access to class '\\OpenConext\\EngineBlock\\Assert\\Assertion' in method 'create'.""}]"
/php-code/OpenConext/EngineBlock/Metadata/Loa.php,levelIsHigherOrEqualTo,64,68,1.0,75.524959572308,9.3333333333333,0,[]
/php-code/OpenConext/EngineBlock/Metadata/Loa.php,getLevel,70,73,1.0,82.001716149821,8.0,0,[]
/php-code/OpenConext/EngineBlock/Metadata/Loa.php,getIdentifier,75,78,1.0,82.001716149821,8.0,0,[]
/php-code/OpenConext/EngineBlock/Metadata/LoaRepository.php,__construct,40,60,2.0,54.404327278035,15.75,6,"[{'line': 43, 'rule': 'StaticAccess', 'message': ""Avoid using static access to class '\\OpenConext\\EngineBlock\\Assert\\Assertion' in method '__construct'.""}, {'line': 49, 'rule': 'StaticAccess', 'message': ""Avoid using static access to class '\\OpenConext\\EngineBlock\\Assert\\Assertion' in method '__construct'.""}, {'line': 54, 'rule': 'StaticAccess', 'message': ""Avoid using static access to class '\\OpenConext\\EngineBlock\\Assert\\Assertion' in method '__construct'.""}, {'line': 55, 'rule': 'StaticAccess', 'message': ""Avoid using static access to class '\\OpenConext\\EngineBlock\\Assert\\Assertion' in method '__construct'.""}, {'line': 57, 'rule': 'StaticAccess', 'message': ""Avoid using static access to class 'OpenConext\\EngineBlock\\Metadata\\Loa' in method '__construct'.""}, {'line': 58, 'rule': 'StaticAccess', 'message': ""Avoid using static access to class 'OpenConext\\EngineBlock\\Metadata\\Loa' in method '__construct'.""}]"
/php-code/OpenConext/EngineBlock/Metadata/LoaRepository.php,getByIdentifier,67,78,3.0,60.273179114419,30.857142857143,0,[]
/php-code/OpenConext/EngineBlock/Metadata/LoaRepository.php,getStepUpLoas,83,86,1.0,80.401219851729,18.0,0,[]
/php-code/OpenConext/EngineBlock/Metadata/Logo.php,__construct,37,40,1.0,81.120955834208,4.0,0,[]
/php-code/OpenConext/EngineBlock/Metadata/Logo.php,fromJson,42,57,4.0,57.143690182407,20.8,0,[]
/php-code/OpenConext/EngineBlock/Metadata/Logo.php,getName,59,62,1.0,82.001716149821,8.0,0,[]
/php-code/OpenConext/EngineBlock/Metadata/Logo.php,translate,64,67,1.0,80.401219851729,6.25,0,[]
/php-code/OpenConext/EngineBlock/Metadata/Logo.php,jsonSerialize,69,77,1.0,66.550231338889,7.0,0,[]
/php-code/OpenConext/EngineBlock/Metadata/Logo.php,getConfiguredLanguages,82,85,1.0,80.401219851729,18.0,0,[]
/php-code/OpenConext/EngineBlock/Metadata/Mdui.php,fromMetadata,59,75,1.0,62.966189441282,10.0,0,[]
/php-code/OpenConext/EngineBlock/Metadata/Mdui.php,__construct,77,99,4.0,55.351484146087,18.0,0,[]
/php-code/OpenConext/EngineBlock/Metadata/Mdui.php,emptyMdui,101,110,1.0,64.883247200912,9.1428571428571,0,[]
/php-code/OpenConext/EngineBlock/Metadata/Mdui.php,toJson,112,119,2.0,68.120694335179,11.7,0,[]
/php-code/OpenConext/EngineBlock/Metadata/Mdui.php,fromJson,121,150,5.0,53.04086303424,32.785714285714,3,"[{'line': 130, 'rule': 'StaticAccess', 'message': ""Avoid using static access to class 'OpenConext\\EngineBlock\\Metadata\\Logo' in method 'fromJson'.""}, {'line': 136, 'rule': 'StaticAccess', 'message': ""Avoid using static access to class 'OpenConext\\EngineBlock\\Metadata\\EmptyMduiElement' in method 'fromJson'.""}, {'line': 140, 'rule': 'StaticAccess', 'message': ""Avoid using static access to class 'OpenConext\\EngineBlock\\Metadata\\MduiElement' in method 'fromJson'.""}]"
/php-code/OpenConext/EngineBlock/Metadata/Mdui.php,getLanguagesByElementName,155,161,1.0,72.30441800608,7.0,0,[]
/php-code/OpenConext/EngineBlock/Metadata/Mdui.php,hasDisplayName,163,175,3.0,61.095022767999,14.636363636364,0,[]
/php-code/OpenConext/EngineBlock/Metadata/Mdui.php,getDisplayName,177,182,1.0,74.824469920078,6.3,0,[]
/php-code/OpenConext/EngineBlock/Metadata/Mdui.php,getDisplayNameOrNull,189,197,2.0,67.680762660829,7.0,0,[]
/php-code/OpenConext/EngineBlock/Metadata/Mdui.php,hasDescription,199,211,3.0,61.343817591324,14.3,0,[]
/php-code/OpenConext/EngineBlock/Metadata/Mdui.php,getDescription,213,218,1.0,74.824469920078,6.3,0,[]
/php-code/OpenConext/EngineBlock/Metadata/Mdui.php,getDescriptionOrNull,224,232,2.0,67.680762660829,7.0,0,[]
/php-code/OpenConext/EngineBlock/Metadata/Mdui.php,hasKeywords,234,246,3.0,61.343817591324,14.3,0,[]
/php-code/OpenConext/EngineBlock/Metadata/Mdui.php,getKeywords,248,253,1.0,74.824469920078,6.3,0,[]
/php-code/OpenConext/EngineBlock/Metadata/Mdui.php,getKeywordsOrNull,255,263,2.0,67.680762660829,7.0,0,[]
/php-code/OpenConext/EngineBlock/Metadata/Mdui.php,getLogo,265,268,1.0,80.401219851729,6.25,0,[]
/php-code/OpenConext/EngineBlock/Metadata/Mdui.php,hasLogo,270,274,1.0,74.480164112048,9.0,0,[]
/php-code/OpenConext/EngineBlock/Metadata/Mdui.php,setLogo,279,282,1.0,79.793333921501,4.1666666666667,0,[]
/php-code/OpenConext/EngineBlock/Metadata/Mdui.php,getLogoOrNull,284,290,2.0,70.957108834081,8.75,0,[]
/php-code/OpenConext/EngineBlock/Metadata/Mdui.php,getPrivacyStatementURL,301,316,3.0,59.743124274885,13.846153846154,0,[]
/php-code/OpenConext/EngineBlock/Metadata/Mdui.php,hasPrivacyStatementURL,324,336,2.0,62.649481761252,14.772727272727,0,[]
/php-code/OpenConext/EngineBlock/Metadata/Mdui.php,assertHas,338,343,2.0,72.269763839252,8.0,0,[]
/php-code/OpenConext/EngineBlock/Metadata/MduiElement.php,__construct,33,43,1.0,66.281333390865,4.2857142857143,1,"[{'line': 35, 'rule': 'StaticAccess', 'message': ""Avoid using static access to class '\\Assert\\Assertion' in method '__construct'.""}]"
/php-code/OpenConext/EngineBlock/Metadata/MduiElement.php,fromJson,45,63,5.0,53.826564222977,30.666666666667,0,[]
/php-code/OpenConext/EngineBlock/Metadata/MduiElement.php,getName,65,68,1.0,82.001716149821,8.0,0,[]
/php-code/OpenConext/EngineBlock/Metadata/MduiElement.php,translate,70,82,2.0,62.000703602263,11.428571428571,0,[]
/php-code/OpenConext/EngineBlock/Metadata/MduiElement.php,setValues,84,90,2.0,72.575975457336,9.0,0,[]
/php-code/OpenConext/EngineBlock/Metadata/MduiElement.php,jsonSerialize,92,98,1.0,71.316969334197,7.875,0,[]
/php-code/OpenConext/EngineBlock/Metadata/MduiElement.php,getConfiguredLanguages,103,106,1.0,80.401219851729,6.25,0,[]
/php-code/OpenConext/EngineBlock/Metadata/MfaEntity.php,__construct,35,39,1.0,76.38935962878,3.0,0,[]
/php-code/OpenConext/EngineBlock/Metadata/MfaEntity.php,entityId,41,44,1.0,82.001716149821,8.0,0,[]
/php-code/OpenConext/EngineBlock/Metadata/MfaEntity.php,level,46,49,1.0,82.001716149821,8.0,0,[]
/php-code/OpenConext/EngineBlock/Metadata/MfaEntity.php,jsonSerialize,51,57,1.0,71.316969334197,7.875,0,[]
/php-code/OpenConext/EngineBlock/Metadata/MfaEntityCollection.php,fromMetadataPush,39,53,2.0,58.025314204341,18.909090909091,2,"[{'line': 45, 'rule': 'StaticAccess', 'message': ""Avoid using static access to class '\\OpenConext\\EngineBlock\\Assert\\Assertion' in method 'fromMetadataPush'.""}, {'line': 50, 'rule': 'StaticAccess', 'message': ""Avoid using static access to class 'OpenConext\\EngineBlock\\Metadata\\MfaEntityFactory' in method 'fromMetadataPush'.""}]"
/php-code/OpenConext/EngineBlock/Metadata/MfaEntityCollection.php,fromCoin,61,74,2.0,59.423846810018,18.666666666667,2,"[{'line': 65, 'rule': 'StaticAccess', 'message': ""Avoid using static access to class 'OpenConext\\EngineBlock\\Metadata\\MfaEntityFactory' in method 'fromCoin'.""}, {'line': 66, 'rule': 'StaticAccess', 'message': ""Avoid using static access to class '\\OpenConext\\EngineBlock\\Assert\\Assertion' in method 'fromCoin'.""}]"
/php-code/OpenConext/EngineBlock/Metadata/MfaEntityCollection.php,findByEntityId,76,82,2.0,69.988078859492,13.5,0,[]
/php-code/OpenConext/EngineBlock/Metadata/MfaEntityCollection.php,count,84,87,1.0,80.401219851729,6.25,0,[]
/php-code/OpenConext/EngineBlock/Metadata/MfaEntityCollection.php,__construct,92,96,1.0,75.524959572308,5.25,1,"[{'line': 94, 'rule': 'StaticAccess', 'message': ""Avoid using static access to class '\\OpenConext\\EngineBlock\\Assert\\Assertion' in method '__construct'.""}]"
/php-code/OpenConext/EngineBlock/Metadata/MfaEntityCollection.php,jsonSerialize,98,101,1.0,82.001716149821,8.0,0,[]
/php-code/OpenConext/EngineBlock/Metadata/MfaEntityFactory.php,from,27,34,2.0,69.212759304486,15.0,0,[]
/php-code/OpenConext/EngineBlock/Metadata/MfaEntityFactory.php,fromJson,36,48,2.0,60.680450807175,16.5,4,"[{'line': 38, 'rule': 'StaticAccess', 'message': ""Avoid using static access to class '\\OpenConext\\EngineBlock\\Assert\\Assertion' in method 'fromJson'.""}, {'line': 39, 'rule': 'StaticAccess', 'message': ""Avoid using static access to class '\\OpenConext\\EngineBlock\\Assert\\Assertion' in method 'fromJson'.""}, {'line': 40, 'rule': 'StaticAccess', 'message': ""Avoid using static access to class '\\OpenConext\\EngineBlock\\Assert\\Assertion' in method 'fromJson'.""}, {'line': 41, 'rule': 'StaticAccess', 'message': ""Avoid using static access to class '\\OpenConext\\EngineBlock\\Assert\\Assertion' in method 'fromJson'.""}]"
/php-code/OpenConext/EngineBlock/Metadata/MultilingualValue.php,__construct,29,33,1.0,76.38935962878,3.0,0,[]
/php-code/OpenConext/EngineBlock/Metadata/MultilingualValue.php,getValue,35,41,2.0,71.448233163838,9.0,0,[]
/php-code/OpenConext/EngineBlock/Metadata/MultilingualValue.php,getLanguage,43,46,1.0,82.001716149821,8.0,0,[]
/php-code/OpenConext/EngineBlock/Metadata/MultilingualValue.php,jsonSerialize,48,54,1.0,70.983221527475,10.0,0,[]
/php-code/OpenConext/EngineBlock/Metadata/MultilingualValue.php,__toString,56,59,1.0,81.120955834208,12.5,0,[]
/php-code/OpenConext/EngineBlock/Metadata/Organization.php,__construct,32,37,1.0,72.942205732312,2.6666666666667,0,[]
/php-code/OpenConext/EngineBlock/Metadata/RequestedAttribute.php,__construct,49,54,1.0,72.942205732312,2.6666666666667,1,"[{'line': 49, 'rule': 'BooleanArgumentFlag', 'message': 'The method __construct has a boolean flag argument $isRequired, which is a certain sign of a Single Responsibility Principle violation.'}]"
/php-code/OpenConext/EngineBlock/Metadata/Service.php,__construct,41,45,1.0,76.38935962878,3.0,0,[]
/php-code/OpenConext/EngineBlock/Metadata/StepupConnections.php,__construct,39,46,3.0,66.83798039283,29.25,0,[]
/php-code/OpenConext/EngineBlock/Metadata/StepupConnections.php,hasConnections,51,54,1.0,79.793333921501,4.1666666666667,0,[]
/php-code/OpenConext/EngineBlock/Metadata/StepupConnections.php,getLoa,60,66,2.0,69.988078859492,13.5,0,[]
/php-code/OpenConext/EngineBlock/Metadata/StepupConnections.php,jsonSerialize,68,71,1.0,82.001716149821,8.0,0,[]
/php-code/OpenConext/EngineBlock/Metadata/TransparentMfaEntity.php,__construct,35,39,1.0,76.38935962878,3.0,0,[]
/php-code/OpenConext/EngineBlock/Metadata/TransparentMfaEntity.php,entityId,41,44,1.0,82.001716149821,8.0,0,[]
/php-code/OpenConext/EngineBlock/Metadata/TransparentMfaEntity.php,level,46,49,1.0,82.001716149821,8.0,0,[]
/php-code/OpenConext/EngineBlock/Metadata/TransparentMfaEntity.php,jsonSerialize,51,57,1.0,71.316969334197,7.875,0,[]
/php-code/OpenConext/EngineBlock/Metadata/Utils.php,ifsetor,39,42,2.0,77.205573219486,15.0,0,[]
/php-code/OpenConext/EngineBlock/Metadata/Utils.php,instantiate,53,71,3.0,58.709860291589,20.090909090909,1,"[{'line': 58, 'rule': 'LongVariable', 'message': 'Avoid excessively long variable names like $positionalDefaultFilledArguments. Keep variable name length under 20.'}]"
/php-code/OpenConext/EngineBlock/Metadata/Entity/AbstractRole.php,__construct,244,301,1.0,48.76663893793,2.0769230769231,2,"[{'line': 267, 'rule': 'LongVariable', 'message': 'Avoid excessively long variable names like $supportedNameIdFormats. Keep variable name length under 20.'}, {'line': 271, 'rule': 'BooleanArgumentFlag', 'message': 'The method __construct has a boolean flag argument $requestsMustBeSigned, which is a certain sign of a Single Responsibility Principle violation.'}]"
/php-code/OpenConext/EngineBlock/Metadata/Entity/AbstractRole.php,accept,307,307,1.0,100.0,4.5,0,[]
/php-code/OpenConext/EngineBlock/Metadata/Entity/AbstractRole.php,getManipulation,312,315,1.0,82.001716149821,8.0,0,[]
/php-code/OpenConext/EngineBlock/Metadata/Entity/AbstractRole.php,toggleWorkflowState,320,333,3.0,62.293044261387,23.0,0,[]
/php-code/OpenConext/EngineBlock/Metadata/Entity/AbstractRole.php,getCoins,335,338,1.0,82.001716149821,8.0,0,[]
/php-code/OpenConext/EngineBlock/Metadata/Entity/AbstractRole.php,getMdui,340,343,1.0,82.001716149821,8.0,0,[]
/php-code/OpenConext/EngineBlock/Metadata/Entity/IdentityProvider.php,__construct,113,211,2.0,42.691088181788,4.7058823529412,11,"[{'line': 120, 'rule': 'BooleanArgumentFlag', 'message': 'The method __construct has a boolean flag argument $additionalLogging, which is a certain sign of a Single Responsibility Principle violation.'}, {'line': 126, 'rule': 'BooleanArgumentFlag', 'message': 'The method __construct has a boolean flag argument $disableScoping, which is a certain sign of a Single Responsibility Principle violation.'}, {'line': 138, 'rule': 'LongVariable', 'message': 'Avoid excessively long variable names like $supportedNameIdFormats. Keep variable name length under 20.'}, {'line': 142, 'rule': 'BooleanArgumentFlag', 'message': 'The method __construct has a boolean flag argument $requestsMustBeSigned, which is a certain sign of a Single Responsibility Principle violation.'}, {'line': 146, 'rule': 'BooleanArgumentFlag', 'message': 'The method __construct has a boolean flag argument $enabledInWayf, which is a certain sign of a Single Responsibility Principle violation.'}, {'line': 148, 'rule': 'BooleanArgumentFlag', 'message': 'The method __construct has a boolean flag argument $hidden, which is a certain sign of a Single Responsibility Principle violation.'}, {'line': 149, 'rule': 'LongVariable', 'message': 'Avoid excessively long variable names like $schacHomeOrganization. Keep variable name length under 20.'}, {'line': 157, 'rule': 'BooleanArgumentFlag', 'message': 'The method __construct has a boolean flag argument $policyEnforcementDecisionRequired, which is a certain sign of a Single Responsibility Principle violation.'}, {'line': 157, 'rule': 'LongVariable', 'message': 'Avoid excessively long variable names like $policyEnforcementDecisionRequired. Keep variable name length under 20.'}, {'line': 160, 'rule': 'StaticAccess', 'message': ""Avoid using static access to class '\\OpenConext\\EngineBlock\\Metadata\\Mdui' in method '__construct'.""}, {'line': 196, 'rule': 'StaticAccess', 'message': ""Avoid using static access to class '\\OpenConext\\EngineBlock\\Metadata\\Coins' in method '__construct'.""}]"
/php-code/OpenConext/EngineBlock/Metadata/Entity/IdentityProvider.php,accept,216,219,1.0,81.120955834208,4.0,0,[]
/php-code/OpenConext/EngineBlock/Metadata/Entity/IdentityProvider.php,getDisplayName,225,239,5.0,58.166815966326,14.5,0,[]
/php-code/OpenConext/EngineBlock/Metadata/Entity/IdentityProvider.php,setConsentSettings,245,250,1.0,76.709754179319,5.0,0,[]
/php-code/OpenConext/EngineBlock/Metadata/Entity/IdentityProvider.php,getConsentSettings,255,266,2.0,65.245086947317,18.0,0,[]
/php-code/OpenConext/EngineBlock/Metadata/Entity/IdentityProvider.php,getDiscoveries,271,275,1.0,77.269750369059,7.5,0,[]
/php-code/OpenConext/EngineBlock/Metadata/Entity/IdentityProvider.php,setDiscoveries,280,284,1.0,76.38935962878,5.0,0,[]
/php-code/OpenConext/EngineBlock/Metadata/Entity/IdentityProvider.php,ensureDiscoveriesDeserialized,286,313,6.0,49.43661967998,32.631578947368,1,"[{'line': 303, 'rule': 'StaticAccess', 'message': ""Avoid using static access to class '\\OpenConext\\EngineBlock\\Metadata\\Discovery' in method 'ensureDiscoveriesDeserialized'.""}]"
/php-code/OpenConext/EngineBlock/Metadata/Entity/IdentityProvider.php,assertAllDiscoveries,315,322,3.0,68.228108195247,12.0,0,[]
/php-code/OpenConext/EngineBlock/Metadata/Entity/IdentityProvider.php,__sleep,329,365,1.0,47.999360543061,3.46875,0,[]
/php-code/OpenConext/EngineBlock/Metadata/Entity/ServiceProvider.php,__construct,102,216,2.0,40.694223387316,4.5161290322581,21,"[{'line': 109, 'rule': 'BooleanArgumentFlag', 'message': 'The method __construct has a boolean flag argument $additionalLogging, which is a certain sign of a Single Responsibility Principle violation.'}, {'line': 115, 'rule': 'BooleanArgumentFlag', 'message': 'The method __construct has a boolean flag argument $disableScoping, which is a certain sign of a Single Responsibility Principle violation.'}, {'line': 127, 'rule': 'LongVariable', 'message': 'Avoid excessively long variable names like $supportedNameIdFormats. Keep variable name length under 20.'}, {'line': 131, 'rule': 'BooleanArgumentFlag', 'message': 'The method __construct has a boolean flag argument $requestsMustBeSigned, which is a certain sign of a Single Responsibility Principle violation.'}, {'line': 135, 'rule': 'BooleanArgumentFlag', 'message': 'The method __construct has a boolean flag argument $allowAll, which is a certain sign of a Single Responsibility Principle violation.'}, {'line': 136, 'rule': 'LongVariable', 'message': 'Avoid excessively long variable names like $assertionConsumerServices. Keep variable name length under 20.'}, {'line': 137, 'rule': 'BooleanArgumentFlag', 'message': 'The method __construct has a boolean flag argument $displayUnconnectedIdpsWayf, which is a certain sign of a Single Responsibility Principle violation.'}, {'line': 137, 'rule': 'LongVariable', 'message': 'Avoid excessively long variable names like $displayUnconnectedIdpsWayf. Keep variable name length under 20.'}, {'line': 139, 'rule': 'BooleanArgumentFlag', 'message': 'The method __construct has a boolean flag argument $isConsentRequired, which is a certain sign of a Single Responsibility Principle violation.'}, {'line': 140, 'rule': 'BooleanArgumentFlag', 'message': 'The method __construct has a boolean flag argument $isTransparentIssuer, which is a certain sign of a Single Responsibility Principle violation.'}, {'line': 141, 'rule': 'BooleanArgumentFlag', 'message': 'The method __construct has a boolean flag argument $isTrustedProxy, which is a certain sign of a Single Responsibility Principle violation.'}, {'line': 143, 'rule': 'BooleanArgumentFlag', 'message': 'The method __construct has a boolean flag argument $skipDenormalization, which is a certain sign of a Single Responsibility Principle violation.'}, {'line': 144, 'rule': 'BooleanArgumentFlag', 'message': 'The method __construct has a boolean flag argument $policyEnforcementDecisionRequired, which is a certain sign of a Single Responsibility Principle violation.'}, {'line': 144, 'rule': 'LongVariable', 'message': 'Avoid excessively long variable names like $policyEnforcementDecisionRequired. Keep variable name length under 20.'}, {'line': 145, 'rule': 'BooleanArgumentFlag', 'message': 'The method __construct has a boolean flag argument $requesteridRequired, which is a certain sign of a Single Responsibility Principle violation.'}, {'line': 146, 'rule': 'BooleanArgumentFlag', 'message': 'The method __construct has a boolean flag argument $signResponse, which is a certain sign of a Single Responsibility Principle violation.'}, {'line': 148, 'rule': 'LongVariable', 'message': 'Avoid excessively long variable names like $attributeReleasePolicy. Keep variable name length under 20.'}, {'line': 154, 'rule': 'BooleanArgumentFlag', 'message': 'The method __construct has a boolean flag argument $stepupForceAuthn, which is a certain sign of a Single Responsibility Principle violation.'}, {'line': 155, 'rule': 'BooleanArgumentFlag', 'message': 'The method __construct has a boolean flag argument $collabEnabled, which is a certain sign of a Single Responsibility Principle violation.'}, {'line': 158, 'rule': 'StaticAccess', 'message': ""Avoid using static access to class '\\OpenConext\\EngineBlock\\Metadata\\Mdui' in method '__construct'.""}, {'line': 198, 'rule': 'StaticAccess', 'message': ""Avoid using static access to class '\\OpenConext\\EngineBlock\\Metadata\\Coins' in method '__construct'.""}]"
/php-code/OpenConext/EngineBlock/Metadata/Entity/ServiceProvider.php,fromServiceProviderEntity,224,265,1.0,43.364310774295,8.4285714285714,0,[]
/php-code/OpenConext/EngineBlock/Metadata/Entity/ServiceProvider.php,accept,270,273,1.0,81.120955834208,4.0,0,[]
/php-code/OpenConext/EngineBlock/Metadata/Entity/ServiceProvider.php,getAttributeReleasePolicy,278,281,1.0,82.001716149821,8.0,0,[]
/php-code/OpenConext/EngineBlock/Metadata/Entity/ServiceProvider.php,isAllowed,287,290,1.0,78.257124635554,6.125,0,[]
/php-code/OpenConext/EngineBlock/Metadata/Entity/ServiceProvider.php,getDisplayName,300,322,6.0,54.572231286698,25.384615384615,0,[]
/php-code/OpenConext/EngineBlock/Metadata/Entity/ServiceProvider.php,getOrganizationName,332,353,6.0,55.619074606113,25.384615384615,0,[]
/php-code/OpenConext/EngineBlock/Metadata/Entity/ServiceProvider.php,isAttributeAggregationRequired,358,367,2.0,67.972326584488,6.5,0,[]
/php-code/OpenConext/EngineBlock/Metadata/Entity/ServiceProvider.php,__sleep,374,413,1.0,46.924635049866,3.4285714285714,0,[]
/php-code/OpenConext/EngineBlock/Metadata/Entity/Assembler/DiscoveryAssembler.php,__construct,34,37,1.0,81.120955834208,4.0,1,"[{'line': 34, 'rule': 'LongVariable', 'message': 'Avoid excessively long variable names like $languageSupportProvider. Keep variable name length under 20.'}]"
/php-code/OpenConext/EngineBlock/Metadata/Entity/Assembler/DiscoveryAssembler.php,assembleDiscoveries,39,66,5.0,50.352318797622,26.238095238095,1,"[{'line': 62, 'rule': 'StaticAccess', 'message': ""Avoid using static access to class '\\OpenConext\\EngineBlock\\Metadata\\Discovery' in method 'assembleDiscoveries'.""}]"
/php-code/OpenConext/EngineBlock/Metadata/Entity/Assembler/DiscoveryAssembler.php,extractLocalizedFields,68,79,3.0,61.644368056598,16.545454545455,0,[]
/php-code/OpenConext/EngineBlock/Metadata/Entity/Assembler/DiscoveryAssembler.php,assembleLogo,81,106,6.0,52.290746067397,28.928571428571,0,[]
/php-code/OpenConext/EngineBlock/Metadata/Entity/Assembler/PushMetadataAssembler.php,__construct,69,77,1.0,72.30441800608,3.2142857142857,0,[]
/php-code/OpenConext/EngineBlock/Metadata/Entity/Assembler/PushMetadataAssembler.php,assemble,79,174,18.0,35.192291980181,49.7,0,[]
/php-code/OpenConext/EngineBlock/Metadata/Entity/Assembler/PushMetadataAssembler.php,limitValueLength,182,189,2.0,66.774918218433,10.6875,0,[]
/php-code/OpenConext/EngineBlock/Metadata/Entity/Assembler/PushMetadataAssembler.php,assembleConnection,195,208,3.0,61.447997079529,9.0,0,[]
/php-code/OpenConext/EngineBlock/Metadata/Entity/Assembler/PushMetadataAssembler.php,assembleSp,214,244,1.0,48.701046747186,11.911764705882,0,[]
/php-code/OpenConext/EngineBlock/Metadata/Entity/Assembler/PushMetadataAssembler.php,assembleIdp,250,276,1.0,51.947237470667,11.152173913043,0,[]
/php-code/OpenConext/EngineBlock/Metadata/Entity/Assembler/PushMetadataAssembler.php,assembleCommon,278,324,2.0,41.331689196267,18.926470588235,0,[]
/php-code/OpenConext/EngineBlock/Metadata/Entity/Assembler/PushMetadataAssembler.php,assembleLogo,326,340,4.0,58.581201718168,22.0,0,[]
/php-code/OpenConext/EngineBlock/Metadata/Entity/Assembler/PushMetadataAssembler.php,assembleOrganization,342,357,4.0,55.821299063745,18.857142857143,0,[]
/php-code/OpenConext/EngineBlock/Metadata/Entity/Assembler/PushMetadataAssembler.php,assembleCertificates,359,386,4.0,55.134130407654,34.375,0,[]
/php-code/OpenConext/EngineBlock/Metadata/Entity/Assembler/PushMetadataAssembler.php,assembleContactPersons,388,412,8.0,49.996225439493,26.947368421053,0,[]
/php-code/OpenConext/EngineBlock/Metadata/Entity/Assembler/PushMetadataAssembler.php,assembleSingleLogoutServices,414,424,2.0,63.385506254998,13.0625,0,[]
/php-code/OpenConext/EngineBlock/Metadata/Entity/Assembler/PushMetadataAssembler.php,setPathFromObjectString,426,437,3.0,62.689534770701,12.375,0,[]
/php-code/OpenConext/EngineBlock/Metadata/Entity/Assembler/PushMetadataAssembler.php,setPathFromObjectArray,439,446,2.0,67.917477321711,18.0,0,[]
/php-code/OpenConext/EngineBlock/Metadata/Entity/Assembler/PushMetadataAssembler.php,setPathFromObjectBool,448,455,2.0,67.244383717673,12.75,0,[]
/php-code/OpenConext/EngineBlock/Metadata/Entity/Assembler/PushMetadataAssembler.php,getValueFromPath,457,471,3.0,60.997171493594,13.636363636364,0,[]
/php-code/OpenConext/EngineBlock/Metadata/Entity/Assembler/PushMetadataAssembler.php,assembleSingleSignOnServices,473,491,5.0,56.788632266303,36.0,0,[]
/php-code/OpenConext/EngineBlock/Metadata/Entity/Assembler/PushMetadataAssembler.php,assembleConsentSettings,493,504,2.0,64.828283662749,26.666666666667,0,[]
/php-code/OpenConext/EngineBlock/Metadata/Entity/Assembler/PushMetadataAssembler.php,assembleShibMdScopes,506,528,5.0,55.073498660772,28.0,0,[]
/php-code/OpenConext/EngineBlock/Metadata/Entity/Assembler/PushMetadataAssembler.php,assembleStepupConnections,530,548,4.0,57.211527043136,33.214285714286,0,[]
/php-code/OpenConext/EngineBlock/Metadata/Entity/Assembler/PushMetadataAssembler.php,assembleAssertionConsumerServices,550,585,7.0,49.270568005965,36.0,0,[]
/php-code/OpenConext/EngineBlock/Metadata/Entity/Assembler/PushMetadataAssembler.php,assembleIsConsentRequired,587,594,2.0,70.366692883734,31.5,0,[]
/php-code/OpenConext/EngineBlock/Metadata/Entity/Assembler/PushMetadataAssembler.php,assembleAttributeReleasePolicy,596,618,5.0,56.795278792332,31.416666666667,0,[]
/php-code/OpenConext/EngineBlock/Metadata/Entity/Assembler/PushMetadataAssembler.php,assembleMfaEntities,620,637,3.0,57.873029310058,25.833333333333,0,[]
/php-code/OpenConext/EngineBlock/Metadata/Entity/Assembler/PushMetadataAssembler.php,validateManipulationCode,639,660,3.0,57.679798276215,10.615384615385,0,[]
/php-code/OpenConext/EngineBlock/Metadata/Entity/Disassembler/CortoDisassembler.php,translateServiceProvider,45,84,10.0,45.090116780205,21.259259259259,0,[]
/php-code/OpenConext/EngineBlock/Metadata/Entity/Disassembler/CortoDisassembler.php,translateIdentityProvider,90,129,6.0,47.18428875793,21.0,0,[]
/php-code/OpenConext/EngineBlock/Metadata/Entity/Disassembler/CortoDisassembler.php,translateCommon,136,173,6.0,45.210809056894,12.714285714286,0,[]
/php-code/OpenConext/EngineBlock/Metadata/Entity/Disassembler/CortoDisassembler.php,translateCommonCertificates,180,194,4.0,57.12899118462,16.125,0,[]
/php-code/OpenConext/EngineBlock/Metadata/Entity/Disassembler/CortoDisassembler.php,translateOrganization,201,223,4.0,52.696083966267,10.666666666667,0,[]
/php-code/OpenConext/EngineBlock/Metadata/Entity/Disassembler/CortoDisassembler.php,translateKeywords,230,244,4.0,59.22640704142,16.1875,0,[]
/php-code/OpenConext/EngineBlock/Metadata/Entity/Disassembler/CortoDisassembler.php,translateName,251,265,4.0,60.197658186688,9.7222222222222,0,[]
/php-code/OpenConext/EngineBlock/Metadata/Entity/Disassembler/CortoDisassembler.php,translateDescription,272,286,4.0,59.22640704142,16.1875,0,[]
/php-code/OpenConext/EngineBlock/Metadata/Entity/Disassembler/CortoDisassembler.php,translateDisplayName,293,307,4.0,59.22640704142,16.1875,0,[]
/php-code/OpenConext/EngineBlock/Metadata/Entity/Disassembler/CortoDisassembler.php,translateSingleLogoutServices,314,332,3.0,58.5680572424,22.5,0,[]
/php-code/OpenConext/EngineBlock/Metadata/Entity/Disassembler/CortoDisassembler.php,translateContactPersons,340,357,3.0,55.581277550191,18.5,0,[]
/php-code/OpenConext/EngineBlock/Metadata/Entity/Disassembler/CortoDisassembler.php,mapMultilang,379,390,3.0,60.455130088148,19.5,1,"[{'line': 379, 'rule': 'ShortVariable', 'message': 'Avoid variables with short names like $to. Configured minimum length is 3.'}]"
/php-code/OpenConext/EngineBlock/Metadata/Factory/Adapter/IdentityProviderEntity.php,__construct,45,48,1.0,81.120955834208,4.0,0,[]
/php-code/OpenConext/EngineBlock/Metadata/Factory/Adapter/IdentityProviderEntity.php,getId,53,56,1.0,82.001716149821,8.0,0,[]
/php-code/OpenConext/EngineBlock/Metadata/Factory/Adapter/IdentityProviderEntity.php,getEntityId,61,64,1.0,82.001716149821,8.0,0,[]
/php-code/OpenConext/EngineBlock/Metadata/Factory/Adapter/IdentityProviderEntity.php,getName,70,82,4.0,61.831023476718,9.7777777777778,0,[]
/php-code/OpenConext/EngineBlock/Metadata/Factory/Adapter/IdentityProviderEntity.php,getDescription,88,95,2.0,70.490030004152,9.0,0,[]
/php-code/OpenConext/EngineBlock/Metadata/Factory/Adapter/IdentityProviderEntity.php,getDisplayName,101,108,2.0,70.490030004152,9.0,0,[]
/php-code/OpenConext/EngineBlock/Metadata/Factory/Adapter/IdentityProviderEntity.php,getLogo,110,113,1.0,80.652193532979,15.0,0,[]
/php-code/OpenConext/EngineBlock/Metadata/Factory/Adapter/IdentityProviderEntity.php,hasCompleteOrganizationData,115,126,2.0,60.515835958634,10.35,0,[]
/php-code/OpenConext/EngineBlock/Metadata/Factory/Adapter/IdentityProviderEntity.php,getOrganization,132,144,4.0,61.831023476718,9.7777777777778,0,[]
/php-code/OpenConext/EngineBlock/Metadata/Factory/Adapter/IdentityProviderEntity.php,getKeywords,146,153,2.0,70.490030004152,9.0,0,[]
/php-code/OpenConext/EngineBlock/Metadata/Factory/Adapter/IdentityProviderEntity.php,getCertificates,158,161,1.0,82.001716149821,8.0,0,[]
/php-code/OpenConext/EngineBlock/Metadata/Factory/Adapter/IdentityProviderEntity.php,getWorkflowState,166,169,1.0,82.001716149821,8.0,0,[]
/php-code/OpenConext/EngineBlock/Metadata/Factory/Adapter/IdentityProviderEntity.php,getContactPersons,174,177,1.0,82.001716149821,8.0,0,[]
/php-code/OpenConext/EngineBlock/Metadata/Factory/Adapter/IdentityProviderEntity.php,getNameIdFormat,182,185,1.0,82.001716149821,8.0,0,[]
/php-code/OpenConext/EngineBlock/Metadata/Factory/Adapter/IdentityProviderEntity.php,getSupportedNameIdFormats,190,193,1.0,82.001716149821,8.0,0,[]
/php-code/OpenConext/EngineBlock/Metadata/Factory/Adapter/IdentityProviderEntity.php,getSingleLogoutService,198,201,1.0,82.001716149821,8.0,0,[]
/php-code/OpenConext/EngineBlock/Metadata/Factory/Adapter/IdentityProviderEntity.php,isRequestsMustBeSigned,206,209,1.0,82.001716149821,8.0,0,[]
/php-code/OpenConext/EngineBlock/Metadata/Factory/Adapter/IdentityProviderEntity.php,getManipulation,214,217,1.0,82.001716149821,8.0,0,[]
/php-code/OpenConext/EngineBlock/Metadata/Factory/Adapter/IdentityProviderEntity.php,getCoins,222,225,1.0,81.120955834208,12.5,0,[]
/php-code/OpenConext/EngineBlock/Metadata/Factory/Adapter/IdentityProviderEntity.php,isEnabledInWayf,230,233,1.0,82.001716149821,8.0,0,[]
/php-code/OpenConext/EngineBlock/Metadata/Factory/Adapter/IdentityProviderEntity.php,getSingleSignOnServices,238,241,1.0,82.001716149821,8.0,0,[]
/php-code/OpenConext/EngineBlock/Metadata/Factory/Adapter/IdentityProviderEntity.php,getConsentSettings,246,249,1.0,81.120955834208,12.5,0,[]
/php-code/OpenConext/EngineBlock/Metadata/Factory/Adapter/IdentityProviderEntity.php,getShibMdScopes,254,257,1.0,82.001716149821,8.0,0,[]
/php-code/OpenConext/EngineBlock/Metadata/Factory/Adapter/IdentityProviderEntity.php,getMdui,259,262,1.0,81.120955834208,12.5,0,[]
/php-code/OpenConext/EngineBlock/Metadata/Factory/Adapter/IdentityProviderEntity.php,getDiscoveries,264,267,1.0,81.120955834208,12.5,0,[]
/php-code/OpenConext/EngineBlock/Metadata/Factory/Adapter/ServiceProviderEntity.php,__construct,48,51,1.0,81.120955834208,4.0,0,[]
/php-code/OpenConext/EngineBlock/Metadata/Factory/Adapter/ServiceProviderEntity.php,getId,56,59,1.0,82.001716149821,8.0,0,[]
/php-code/OpenConext/EngineBlock/Metadata/Factory/Adapter/ServiceProviderEntity.php,getEntityId,64,67,1.0,82.001716149821,8.0,0,[]
/php-code/OpenConext/EngineBlock/Metadata/Factory/Adapter/ServiceProviderEntity.php,getName,73,85,4.0,61.831023476718,9.7777777777778,0,[]
/php-code/OpenConext/EngineBlock/Metadata/Factory/Adapter/ServiceProviderEntity.php,getDescription,91,98,2.0,70.490030004152,9.0,0,[]
/php-code/OpenConext/EngineBlock/Metadata/Factory/Adapter/ServiceProviderEntity.php,getDisplayName,100,107,2.0,70.490030004152,9.0,0,[]
/php-code/OpenConext/EngineBlock/Metadata/Factory/Adapter/ServiceProviderEntity.php,getLogo,112,115,1.0,80.652193532979,15.0,0,[]
/php-code/OpenConext/EngineBlock/Metadata/Factory/Adapter/ServiceProviderEntity.php,hasCompleteOrganizationData,117,128,2.0,60.515835958634,10.35,0,[]
/php-code/OpenConext/EngineBlock/Metadata/Factory/Adapter/ServiceProviderEntity.php,getOrganization,134,146,4.0,61.831023476718,9.7777777777778,0,[]
/php-code/OpenConext/EngineBlock/Metadata/Factory/Adapter/ServiceProviderEntity.php,getKeywords,152,159,2.0,70.490030004152,9.0,0,[]
/php-code/OpenConext/EngineBlock/Metadata/Factory/Adapter/ServiceProviderEntity.php,getCertificates,164,167,1.0,82.001716149821,8.0,0,[]
/php-code/OpenConext/EngineBlock/Metadata/Factory/Adapter/ServiceProviderEntity.php,getWorkflowState,172,175,1.0,82.001716149821,8.0,0,[]
/php-code/OpenConext/EngineBlock/Metadata/Factory/Adapter/ServiceProviderEntity.php,getContactPersons,180,183,1.0,82.001716149821,8.0,0,[]
/php-code/OpenConext/EngineBlock/Metadata/Factory/Adapter/ServiceProviderEntity.php,getNameIdFormat,188,191,1.0,82.001716149821,8.0,0,[]
/php-code/OpenConext/EngineBlock/Metadata/Factory/Adapter/ServiceProviderEntity.php,getSupportedNameIdFormats,196,199,1.0,82.001716149821,8.0,0,[]
/php-code/OpenConext/EngineBlock/Metadata/Factory/Adapter/ServiceProviderEntity.php,getSingleLogoutService,204,207,1.0,82.001716149821,8.0,0,[]
/php-code/OpenConext/EngineBlock/Metadata/Factory/Adapter/ServiceProviderEntity.php,isRequestsMustBeSigned,212,215,1.0,82.001716149821,8.0,0,[]
/php-code/OpenConext/EngineBlock/Metadata/Factory/Adapter/ServiceProviderEntity.php,getManipulation,220,223,1.0,82.001716149821,8.0,0,[]
/php-code/OpenConext/EngineBlock/Metadata/Factory/Adapter/ServiceProviderEntity.php,getCoins,228,231,1.0,81.120955834208,12.5,0,[]
/php-code/OpenConext/EngineBlock/Metadata/Factory/Adapter/ServiceProviderEntity.php,getMdui,233,236,1.0,81.120955834208,12.5,0,[]
/php-code/OpenConext/EngineBlock/Metadata/Factory/Adapter/ServiceProviderEntity.php,getAttributeReleasePolicy,241,244,1.0,82.001716149821,8.0,0,[]
/php-code/OpenConext/EngineBlock/Metadata/Factory/Adapter/ServiceProviderEntity.php,getAssertionConsumerServices,249,252,1.0,82.001716149821,8.0,0,[]
/php-code/OpenConext/EngineBlock/Metadata/Factory/Adapter/ServiceProviderEntity.php,getAllowedIdpEntityIds,257,260,1.0,82.001716149821,8.0,0,[]
/php-code/OpenConext/EngineBlock/Metadata/Factory/Adapter/ServiceProviderEntity.php,isAllowAll,265,268,1.0,82.001716149821,8.0,0,[]
/php-code/OpenConext/EngineBlock/Metadata/Factory/Adapter/ServiceProviderEntity.php,getRequestedAttributes,273,276,1.0,82.001716149821,8.0,0,[]
/php-code/OpenConext/EngineBlock/Metadata/Factory/Adapter/ServiceProviderEntity.php,getSupportUrl,282,294,4.0,61.831023476718,9.7777777777778,0,[]
/php-code/OpenConext/EngineBlock/Metadata/Factory/Adapter/ServiceProviderEntity.php,isAllowed,300,303,1.0,80.401219851729,6.25,0,[]
/php-code/OpenConext/EngineBlock/Metadata/Factory/Adapter/ServiceProviderEntity.php,isAttributeAggregationRequired,308,311,1.0,81.120955834208,12.5,0,[]
/php-code/OpenConext/EngineBlock/Metadata/Factory/Collection/IdentityProviderEntityCollection.php,add,28,31,1.0,79.267620989406,6.0,0,[]
/php-code/OpenConext/EngineBlock/Metadata/Factory/Collection/IdentityProviderEntityCollection.php,has,33,36,1.0,79.267620989406,6.0,0,[]
/php-code/OpenConext/EngineBlock/Metadata/Factory/Collection/IdentityProviderEntityCollection.php,get,38,41,1.0,80.401219851729,6.25,0,[]
/php-code/OpenConext/EngineBlock/Metadata/Factory/Collection/IdentityProviderEntityCollection.php,getIterator,43,46,1.0,80.401219851729,6.25,0,[]
/php-code/OpenConext/EngineBlock/Metadata/Factory/Decorator/AbstractIdentityProvider.php,__construct,48,51,1.0,81.120955834208,4.0,0,[]
/php-code/OpenConext/EngineBlock/Metadata/Factory/Decorator/AbstractIdentityProvider.php,getId,56,59,1.0,81.120955834208,12.5,0,[]
/php-code/OpenConext/EngineBlock/Metadata/Factory/Decorator/AbstractIdentityProvider.php,getEntityId,64,67,1.0,81.120955834208,12.5,0,[]
/php-code/OpenConext/EngineBlock/Metadata/Factory/Decorator/AbstractIdentityProvider.php,getName,73,76,1.0,80.401219851729,6.25,0,[]
/php-code/OpenConext/EngineBlock/Metadata/Factory/Decorator/AbstractIdentityProvider.php,getDescription,82,85,1.0,80.401219851729,6.25,0,[]
/php-code/OpenConext/EngineBlock/Metadata/Factory/Decorator/AbstractIdentityProvider.php,getDisplayName,91,94,1.0,80.401219851729,6.25,0,[]
/php-code/OpenConext/EngineBlock/Metadata/Factory/Decorator/AbstractIdentityProvider.php,getLogo,99,102,1.0,81.120955834208,12.5,0,[]
/php-code/OpenConext/EngineBlock/Metadata/Factory/Decorator/AbstractIdentityProvider.php,hasCompleteOrganizationData,104,115,2.0,60.515835958634,10.35,0,[]
/php-code/OpenConext/EngineBlock/Metadata/Factory/Decorator/AbstractIdentityProvider.php,getOrganization,121,124,1.0,80.401219851729,6.25,0,[]
/php-code/OpenConext/EngineBlock/Metadata/Factory/Decorator/AbstractIdentityProvider.php,getKeywords,130,133,1.0,80.401219851729,6.25,0,[]
/php-code/OpenConext/EngineBlock/Metadata/Factory/Decorator/AbstractIdentityProvider.php,getCertificates,138,141,1.0,81.120955834208,12.5,0,[]
/php-code/OpenConext/EngineBlock/Metadata/Factory/Decorator/AbstractIdentityProvider.php,getWorkflowState,146,149,1.0,81.120955834208,12.5,0,[]
/php-code/OpenConext/EngineBlock/Metadata/Factory/Decorator/AbstractIdentityProvider.php,getContactPersons,154,157,1.0,81.120955834208,12.5,0,[]
/php-code/OpenConext/EngineBlock/Metadata/Factory/Decorator/AbstractIdentityProvider.php,getNameIdFormat,162,165,1.0,81.120955834208,12.5,0,[]
/php-code/OpenConext/EngineBlock/Metadata/Factory/Decorator/AbstractIdentityProvider.php,getSupportedNameIdFormats,170,173,1.0,81.120955834208,12.5,0,[]
/php-code/OpenConext/EngineBlock/Metadata/Factory/Decorator/AbstractIdentityProvider.php,getSingleLogoutService,178,181,1.0,81.120955834208,12.5,0,[]
/php-code/OpenConext/EngineBlock/Metadata/Factory/Decorator/AbstractIdentityProvider.php,isRequestsMustBeSigned,186,189,1.0,81.120955834208,12.5,0,[]
/php-code/OpenConext/EngineBlock/Metadata/Factory/Decorator/AbstractIdentityProvider.php,getManipulation,194,197,1.0,81.120955834208,12.5,0,[]
/php-code/OpenConext/EngineBlock/Metadata/Factory/Decorator/AbstractIdentityProvider.php,getCoins,202,205,1.0,81.120955834208,12.5,0,[]
/php-code/OpenConext/EngineBlock/Metadata/Factory/Decorator/AbstractIdentityProvider.php,isEnabledInWayf,210,213,1.0,81.120955834208,12.5,0,[]
/php-code/OpenConext/EngineBlock/Metadata/Factory/Decorator/AbstractIdentityProvider.php,getSingleSignOnServices,218,221,1.0,81.120955834208,12.5,0,[]
/php-code/OpenConext/EngineBlock/Metadata/Factory/Decorator/AbstractIdentityProvider.php,getConsentSettings,226,229,1.0,81.120955834208,12.5,0,[]
/php-code/OpenConext/EngineBlock/Metadata/Factory/Decorator/AbstractIdentityProvider.php,getShibMdScopes,234,237,1.0,81.120955834208,12.5,0,[]
/php-code/OpenConext/EngineBlock/Metadata/Factory/Decorator/AbstractIdentityProvider.php,getMdui,239,242,1.0,81.120955834208,12.5,0,[]
/php-code/OpenConext/EngineBlock/Metadata/Factory/Decorator/AbstractIdentityProvider.php,getDiscoveries,247,250,1.0,81.120955834208,12.5,0,[]
/php-code/OpenConext/EngineBlock/Metadata/Factory/Decorator/AbstractServiceProvider.php,__construct,48,51,1.0,81.120955834208,4.0,0,[]
/php-code/OpenConext/EngineBlock/Metadata/Factory/Decorator/AbstractServiceProvider.php,getId,56,59,1.0,81.120955834208,12.5,0,[]
/php-code/OpenConext/EngineBlock/Metadata/Factory/Decorator/AbstractServiceProvider.php,getEntityId,64,67,1.0,81.120955834208,12.5,0,[]
/php-code/OpenConext/EngineBlock/Metadata/Factory/Decorator/AbstractServiceProvider.php,getName,73,76,1.0,80.401219851729,6.25,0,[]
/php-code/OpenConext/EngineBlock/Metadata/Factory/Decorator/AbstractServiceProvider.php,getDescription,78,81,1.0,80.401219851729,6.25,0,[]
/php-code/OpenConext/EngineBlock/Metadata/Factory/Decorator/AbstractServiceProvider.php,getDisplayName,83,86,1.0,80.401219851729,6.25,0,[]
/php-code/OpenConext/EngineBlock/Metadata/Factory/Decorator/AbstractServiceProvider.php,getLogo,91,94,1.0,81.120955834208,12.5,0,[]
/php-code/OpenConext/EngineBlock/Metadata/Factory/Decorator/AbstractServiceProvider.php,hasCompleteOrganizationData,96,107,2.0,60.515835958634,10.35,0,[]
/php-code/OpenConext/EngineBlock/Metadata/Factory/Decorator/AbstractServiceProvider.php,getOrganization,113,116,1.0,80.401219851729,6.25,0,[]
/php-code/OpenConext/EngineBlock/Metadata/Factory/Decorator/AbstractServiceProvider.php,getKeywords,122,125,1.0,80.401219851729,6.25,0,[]
/php-code/OpenConext/EngineBlock/Metadata/Factory/Decorator/AbstractServiceProvider.php,getCertificates,130,133,1.0,81.120955834208,12.5,0,[]
/php-code/OpenConext/EngineBlock/Metadata/Factory/Decorator/AbstractServiceProvider.php,getWorkflowState,138,141,1.0,81.120955834208,12.5,0,[]
/php-code/OpenConext/EngineBlock/Metadata/Factory/Decorator/AbstractServiceProvider.php,getContactPersons,146,149,1.0,81.120955834208,12.5,0,[]
/php-code/OpenConext/EngineBlock/Metadata/Factory/Decorator/AbstractServiceProvider.php,getNameIdFormat,154,157,1.0,81.120955834208,12.5,0,[]
/php-code/OpenConext/EngineBlock/Metadata/Factory/Decorator/AbstractServiceProvider.php,getSupportedNameIdFormats,162,165,1.0,81.120955834208,12.5,0,[]
/php-code/OpenConext/EngineBlock/Metadata/Factory/Decorator/AbstractServiceProvider.php,getSingleLogoutService,170,173,1.0,81.120955834208,12.5,0,[]
/php-code/OpenConext/EngineBlock/Metadata/Factory/Decorator/AbstractServiceProvider.php,isRequestsMustBeSigned,178,181,1.0,81.120955834208,12.5,0,[]
/php-code/OpenConext/EngineBlock/Metadata/Factory/Decorator/AbstractServiceProvider.php,getManipulation,186,189,1.0,81.120955834208,12.5,0,[]
/php-code/OpenConext/EngineBlock/Metadata/Factory/Decorator/AbstractServiceProvider.php,getCoins,194,197,1.0,81.120955834208,12.5,0,[]
/php-code/OpenConext/EngineBlock/Metadata/Factory/Decorator/AbstractServiceProvider.php,getAttributeReleasePolicy,202,205,1.0,81.120955834208,12.5,0,[]
/php-code/OpenConext/EngineBlock/Metadata/Factory/Decorator/AbstractServiceProvider.php,getAssertionConsumerServices,210,213,1.0,81.120955834208,12.5,0,[]
/php-code/OpenConext/EngineBlock/Metadata/Factory/Decorator/AbstractServiceProvider.php,getAllowedIdpEntityIds,218,221,1.0,81.120955834208,12.5,0,[]
/php-code/OpenConext/EngineBlock/Metadata/Factory/Decorator/AbstractServiceProvider.php,isAllowAll,226,229,1.0,81.120955834208,12.5,0,[]
/php-code/OpenConext/EngineBlock/Metadata/Factory/Decorator/AbstractServiceProvider.php,getRequestedAttributes,234,237,1.0,81.120955834208,12.5,0,[]
/php-code/OpenConext/EngineBlock/Metadata/Factory/Decorator/AbstractServiceProvider.php,getSupportUrl,242,245,1.0,80.401219851729,6.25,0,[]
/php-code/OpenConext/EngineBlock/Metadata/Factory/Decorator/AbstractServiceProvider.php,isAllowed,251,254,1.0,80.401219851729,6.25,0,[]
/php-code/OpenConext/EngineBlock/Metadata/Factory/Decorator/AbstractServiceProvider.php,isAttributeAggregationRequired,259,262,1.0,81.120955834208,12.5,0,[]
/php-code/OpenConext/EngineBlock/Metadata/Factory/Decorator/AbstractServiceProvider.php,getMdui,264,267,1.0,81.120955834208,12.5,0,[]
/php-code/OpenConext/EngineBlock/Metadata/Factory/Decorator/EngineBlockIdentityProvider.php,__construct,47,57,1.0,69.871551729341,4.125,0,[]
/php-code/OpenConext/EngineBlock/Metadata/Factory/Decorator/EngineBlockIdentityProvider.php,getCertificates,59,67,2.0,68.207309447432,15.75,0,[]
/php-code/OpenConext/EngineBlock/Metadata/Factory/Decorator/EngineBlockIdentityProvider.php,getSupportedNameIdFormats,69,76,1.0,70.630361951584,8.0,0,[]
/php-code/OpenConext/EngineBlock/Metadata/Factory/Decorator/EngineBlockIdentityProvider.php,getSingleLogoutService,78,86,2.0,66.671825780589,8.0,0,[]
/php-code/OpenConext/EngineBlock/Metadata/Factory/Decorator/EngineBlockIdentityProvider.php,getSingleSignOnServices,94,98,1.0,73.11688883893,6.5,0,[]
/php-code/OpenConext/EngineBlock/Metadata/Factory/Decorator/EngineBlockIdentityProviderInformation.php,__construct,37,41,1.0,75.78955557251,5.25,1,"[{'line': 37, 'rule': 'LongVariable', 'message': 'Avoid excessively long variable names like $engineBlockConfiguration. Keep variable name length under 20.'}]"
/php-code/OpenConext/EngineBlock/Metadata/Factory/Decorator/EngineBlockIdentityProviderInformation.php,getName,43,46,1.0,81.120955834208,12.5,0,[]
/php-code/OpenConext/EngineBlock/Metadata/Factory/Decorator/EngineBlockIdentityProviderInformation.php,getDisplayName,48,51,1.0,81.120955834208,12.5,0,[]
/php-code/OpenConext/EngineBlock/Metadata/Factory/Decorator/EngineBlockIdentityProviderInformation.php,getDescription,53,56,1.0,81.120955834208,12.5,0,[]
/php-code/OpenConext/EngineBlock/Metadata/Factory/Decorator/EngineBlockIdentityProviderInformation.php,getLogo,58,61,1.0,81.120955834208,12.5,0,[]
/php-code/OpenConext/EngineBlock/Metadata/Factory/Decorator/EngineBlockIdentityProviderInformation.php,getOrganization,63,66,1.0,80.401219851729,6.25,0,[]
/php-code/OpenConext/EngineBlock/Metadata/Factory/Decorator/EngineBlockIdentityProviderInformation.php,getContactPersons,71,74,1.0,81.120955834208,12.5,0,[]
/php-code/OpenConext/EngineBlock/Metadata/Factory/Decorator/EngineBlockServiceProvider.php,__construct,49,60,1.0,69.871551729341,4.125,0,[]
/php-code/OpenConext/EngineBlock/Metadata/Factory/Decorator/EngineBlockServiceProvider.php,getCertificates,63,71,2.0,68.207309447432,15.75,0,[]
/php-code/OpenConext/EngineBlock/Metadata/Factory/Decorator/EngineBlockServiceProvider.php,getSupportedNameIdFormats,76,83,1.0,70.630361951584,8.0,0,[]
/php-code/OpenConext/EngineBlock/Metadata/Factory/Decorator/EngineBlockServiceProvider.php,getRequestedAttributes,88,91,1.0,81.120955834208,12.5,0,[]
/php-code/OpenConext/EngineBlock/Metadata/Factory/Decorator/EngineBlockServiceProvider.php,isAllowAll,93,96,1.0,82.001716149821,8.0,0,[]
/php-code/OpenConext/EngineBlock/Metadata/Factory/Decorator/EngineBlockServiceProvider.php,isAllowed,98,101,1.0,82.001716149821,8.0,0,[]
/php-code/OpenConext/EngineBlock/Metadata/Factory/Decorator/EngineBlockServiceProvider.php,getAssertionConsumerServices,106,110,1.0,72.852292838728,7.0,0,[]
/php-code/OpenConext/EngineBlock/Metadata/Factory/Decorator/EngineBlockServiceProviderInformation.php,__construct,37,41,1.0,75.78955557251,5.25,1,"[{'line': 37, 'rule': 'LongVariable', 'message': 'Avoid excessively long variable names like $engineBlockConfiguration. Keep variable name length under 20.'}]"
/php-code/OpenConext/EngineBlock/Metadata/Factory/Decorator/EngineBlockServiceProviderInformation.php,getName,43,46,1.0,81.120955834208,12.5,0,[]
/php-code/OpenConext/EngineBlock/Metadata/Factory/Decorator/EngineBlockServiceProviderInformation.php,getDisplayName,48,51,1.0,81.120955834208,12.5,0,[]
/php-code/OpenConext/EngineBlock/Metadata/Factory/Decorator/EngineBlockServiceProviderInformation.php,getDescription,53,56,1.0,81.120955834208,12.5,0,[]
/php-code/OpenConext/EngineBlock/Metadata/Factory/Decorator/EngineBlockServiceProviderInformation.php,getLogo,58,61,1.0,81.120955834208,12.5,0,[]
/php-code/OpenConext/EngineBlock/Metadata/Factory/Decorator/EngineBlockServiceProviderInformation.php,getOrganization,63,66,1.0,80.401219851729,6.25,0,[]
/php-code/OpenConext/EngineBlock/Metadata/Factory/Decorator/EngineBlockServiceProviderInformation.php,getContactPersons,71,74,1.0,81.120955834208,12.5,0,[]
/php-code/OpenConext/EngineBlock/Metadata/Factory/Decorator/ProxiedIdentityProvider.php,__construct,55,67,1.0,67.680090634298,3.9,1,"[{'line': 57, 'rule': 'LongVariable', 'message': 'Avoid excessively long variable names like $engineBlockConfiguration. Keep variable name length under 20.'}]"
/php-code/OpenConext/EngineBlock/Metadata/Factory/Decorator/ProxiedIdentityProvider.php,getSingleLogoutService,69,76,2.0,67.617209492456,8.5714285714286,0,[]
/php-code/OpenConext/EngineBlock/Metadata/Factory/Decorator/ProxiedIdentityProvider.php,getCertificates,78,83,1.0,74.953933275297,24.5,0,[]
/php-code/OpenConext/EngineBlock/Metadata/Factory/Decorator/ProxiedIdentityProvider.php,getSupportedNameIdFormats,85,92,1.0,70.630361951584,8.0,0,[]
/php-code/OpenConext/EngineBlock/Metadata/Factory/Decorator/ProxiedIdentityProvider.php,getContactPersons,98,101,1.0,81.120955834208,12.5,0,[]
/php-code/OpenConext/EngineBlock/Metadata/Factory/Decorator/ProxiedIdentityProvider.php,getSingleSignOnServices,103,113,1.0,65.299217103215,7.0,0,[]
/php-code/OpenConext/EngineBlock/Metadata/Factory/Decorator/ServiceProviderStepup.php,__construct,41,50,1.0,72.500675497258,4.5,0,[]
/php-code/OpenConext/EngineBlock/Metadata/Factory/Decorator/ServiceProviderStepup.php,getCertificates,52,55,1.0,80.401219851729,18.0,0,[]
/php-code/OpenConext/EngineBlock/Metadata/Factory/Decorator/ServiceProviderStepup.php,getSupportedNameIdFormats,60,63,1.0,82.001716149821,12.5,0,[]
/php-code/OpenConext/EngineBlock/Metadata/Factory/Decorator/ServiceProviderStepup.php,getAssertionConsumerServices,68,72,1.0,72.852292838728,7.0,0,[]
/php-code/OpenConext/EngineBlock/Metadata/Factory/Factory/IdentityProviderFactory.php,__construct,53,58,1.0,72.942205732312,2.6666666666667,1,"[{'line': 53, 'rule': 'LongVariable', 'message': 'Avoid excessively long variable names like $engineBlockConfiguration. Keep variable name length under 20.'}]"
/php-code/OpenConext/EngineBlock/Metadata/Factory/Factory/IdentityProviderFactory.php,createEngineBlockEntityFrom,63,70,1.0,70.380130665217,5.8333333333333,0,[]
/php-code/OpenConext/EngineBlock/Metadata/Factory/Factory/IdentityProviderFactory.php,createIdentityProviderEntityFromEntity,75,78,1.0,79.267620989406,6.0,0,[]
/php-code/OpenConext/EngineBlock/Metadata/Factory/Factory/IdentityProviderFactory.php,buildIdentityProviderOrmEntity,80,84,1.0,74.932860150661,7.875,1,"[{'line': 82, 'rule': 'StaticAccess', 'message': ""Avoid using static access to class '\\OpenConext\\EngineBlock\\Metadata\\Mdui' in method 'buildIdentityProviderOrmEntity'.""}]"
/php-code/OpenConext/EngineBlock/Metadata/Factory/Factory/IdentityProviderFactory.php,buildEngineBlockEntityFromEntity,95,108,2.0,60.164166562503,8.6363636363636,0,[]
/php-code/OpenConext/EngineBlock/Metadata/Factory/Factory/IdentityProviderFactory.php,buildIdentityProviderFromEntity,119,132,1.0,63.824865178268,4.5,0,[]
/php-code/OpenConext/EngineBlock/Metadata/Factory/Factory/ServiceProviderFactory.php,__construct,72,86,1.0,66.042230613597,2.3333333333333,2,"[{'line': 75, 'rule': 'LongVariable', 'message': 'Avoid excessively long variable names like $engineBlockConfiguration. Keep variable name length under 20.'}, {'line': 78, 'rule': 'LongVariable', 'message': 'Avoid excessively long variable names like $entityIdOverrideValue. Keep variable name length under 20.'}]"
/php-code/OpenConext/EngineBlock/Metadata/Factory/Factory/ServiceProviderFactory.php,createEngineBlockEntityFrom,88,105,2.0,57.210133885862,9.0588235294118,0,[]
/php-code/OpenConext/EngineBlock/Metadata/Factory/Factory/ServiceProviderFactory.php,createStepupEntityFrom,107,130,3.0,53.419818270766,10.571428571429,0,[]
/php-code/OpenConext/EngineBlock/Metadata/Factory/Factory/ServiceProviderFactory.php,buildServiceProviderOrmEntity,132,137,1.0,74.932860150661,7.875,1,"[{'line': 135, 'rule': 'StaticAccess', 'message': ""Avoid using static access to class '\\OpenConext\\EngineBlock\\Metadata\\Mdui' in method 'buildServiceProviderOrmEntity'.""}]"
/php-code/OpenConext/EngineBlock/Metadata/Factory/Helper/IdentityProviderMetadataHelper.php,__construct,33,38,1.0,76.22181733143,7.0,1,"[{'line': 33, 'rule': 'LongVariable', 'message': 'Avoid excessively long variable names like $languageSupportProvider. Keep variable name length under 20.'}]"
/php-code/OpenConext/EngineBlock/Metadata/Factory/Helper/IdentityProviderMetadataHelper.php,getSsoLocation,40,46,1.0,72.412808236663,6.0,0,[]
/php-code/OpenConext/EngineBlock/Metadata/Factory/Helper/IdentityProviderMetadataHelper.php,getOrganizationName,48,54,2.0,70.551048458848,9.625,0,[]
/php-code/OpenConext/EngineBlock/Metadata/Factory/Helper/IdentityProviderMetadataHelper.php,getOrganizationDisplayName,56,62,2.0,70.551048458848,9.625,0,[]
/php-code/OpenConext/EngineBlock/Metadata/Factory/Helper/IdentityProviderMetadataHelper.php,getOrganizationUrl,64,70,2.0,70.551048458848,9.625,0,[]
/php-code/OpenConext/EngineBlock/Metadata/Factory/Helper/IdentityProviderMetadataHelper.php,getPublicKeys,75,83,2.0,66.05782723825,15.3,0,[]
/php-code/OpenConext/EngineBlock/Metadata/Factory/Helper/IdentityProviderMetadataHelper.php,hasOrganizationInfo,85,95,2.0,65.307079792755,19.25,0,[]
/php-code/OpenConext/EngineBlock/Metadata/Factory/Helper/IdentityProviderNameFallbackHelper.php,getDisplayName,36,45,3.0,64.359090924018,22.0,0,[]
/php-code/OpenConext/EngineBlock/Metadata/Factory/Helper/ServiceProviderMetadataHelper.php,__construct,33,38,1.0,76.22181733143,7.0,1,"[{'line': 33, 'rule': 'LongVariable', 'message': 'Avoid excessively long variable names like $languageSupportProvider. Keep variable name length under 20.'}]"
/php-code/OpenConext/EngineBlock/Metadata/Factory/Helper/ServiceProviderMetadataHelper.php,getOrganizationName,40,46,2.0,70.551048458848,9.625,0,[]
/php-code/OpenConext/EngineBlock/Metadata/Factory/Helper/ServiceProviderMetadataHelper.php,getOrganizationDisplayName,48,54,2.0,70.551048458848,9.625,0,[]
/php-code/OpenConext/EngineBlock/Metadata/Factory/Helper/ServiceProviderMetadataHelper.php,getOrganizationUrl,56,62,2.0,70.551048458848,9.625,0,[]
/php-code/OpenConext/EngineBlock/Metadata/Factory/Helper/ServiceProviderMetadataHelper.php,getAssertionConsumerService,64,68,1.0,75.667389205507,8.0,0,[]
/php-code/OpenConext/EngineBlock/Metadata/Factory/Helper/ServiceProviderMetadataHelper.php,getPublicKeys,73,81,2.0,66.05782723825,15.3,0,[]
/php-code/OpenConext/EngineBlock/Metadata/Factory/Helper/ServiceProviderMetadataHelper.php,hasUiInfo,83,94,2.0,63.511370733674,19.642857142857,0,[]
/php-code/OpenConext/EngineBlock/Metadata/Factory/Helper/ServiceProviderMetadataHelper.php,hasOrganizationInfo,96,106,2.0,65.307079792755,19.25,0,[]
/php-code/OpenConext/EngineBlock/Metadata/Factory/MduiPushAssemblerFactory.php,buildFrom,35,71,2.0,47.417792111287,13.034482758621,2,"[{'line': 56, 'rule': 'LongVariable', 'message': 'Avoid excessively long variable names like $privacyStatementUrlElement. Keep variable name length under 20.'}, {'line': 64, 'rule': 'StaticAccess', 'message': ""Avoid using static access to class '\\OpenConext\\EngineBlock\\Metadata\\Mdui' in method 'buildFrom'.""}]"
/php-code/OpenConext/EngineBlock/Metadata/Factory/MduiPushAssemblerFactory.php,assembleElement,77,93,2.0,62.076595249324,15.0,0,[]
/php-code/OpenConext/EngineBlock/Metadata/Factory/MduiPushAssemblerFactory.php,assemblePrivacyStatement,95,114,5.0,53.79705187034,23.5,1,"[{'line': 97, 'rule': 'LongVariable', 'message': 'Avoid excessively long variable names like $privacyStatementUrlElement. Keep variable name length under 20.'}]"
/php-code/OpenConext/EngineBlock/Metadata/Factory/ValueObject/EngineBlockConfiguration.php,__construct,71,106,1.0,52.37130839102,7.1756756756757,3,"[{'line': 101, 'rule': 'StaticAccess', 'message': ""Avoid using static access to class '\\OpenConext\\EngineBlock\\Metadata\\ContactPerson' in method '__construct'.""}, {'line': 102, 'rule': 'StaticAccess', 'message': ""Avoid using static access to class '\\OpenConext\\EngineBlock\\Metadata\\ContactPerson' in method '__construct'.""}, {'line': 103, 'rule': 'StaticAccess', 'message': ""Avoid using static access to class '\\OpenConext\\EngineBlock\\Metadata\\ContactPerson' in method '__construct'.""}]"
/php-code/OpenConext/EngineBlock/Metadata/Factory/ValueObject/EngineBlockConfiguration.php,getName,108,111,1.0,80.401219851729,6.25,0,[]
/php-code/OpenConext/EngineBlock/Metadata/Factory/ValueObject/EngineBlockConfiguration.php,getHostname,113,116,1.0,82.001716149821,8.0,0,[]
/php-code/OpenConext/EngineBlock/Metadata/Factory/ValueObject/EngineBlockConfiguration.php,getOrganization,118,128,1.0,60.291647533783,12.6,1,"[{'line': 125, 'rule': 'LongVariable', 'message': 'Avoid excessively long variable names like $organizationDisplayName. Keep variable name length under 20.'}]"
/php-code/OpenConext/EngineBlock/Metadata/Factory/ValueObject/EngineBlockConfiguration.php,getLogo,130,133,1.0,82.001716149821,8.0,0,[]
/php-code/OpenConext/EngineBlock/Metadata/Factory/ValueObject/EngineBlockConfiguration.php,getDescription,135,138,1.0,82.001716149821,8.0,0,[]
/php-code/OpenConext/EngineBlock/Metadata/Factory/ValueObject/EngineBlockConfiguration.php,getContactPersons,140,143,1.0,82.001716149821,8.0,0,[]
/php-code/OpenConext/EngineBlock/Metadata/MetadataRepository/AbstractMetadataRepository.php,__construct,45,49,1.0,74.418409544846,5.0,0,[]
/php-code/OpenConext/EngineBlock/Metadata/MetadataRepository/AbstractMetadataRepository.php,appendFilter,55,59,1.0,76.709754179319,5.0,0,[]
/php-code/OpenConext/EngineBlock/Metadata/MetadataRepository/AbstractMetadataRepository.php,appendVisitor,65,69,1.0,76.709754179319,5.0,0,[]
/php-code/OpenConext/EngineBlock/Metadata/MetadataRepository/AbstractMetadataRepository.php,fetchServiceProviderByEntityId,76,85,2.0,67.416166660626,12.5,0,[]
/php-code/OpenConext/EngineBlock/Metadata/MetadataRepository/AbstractMetadataRepository.php,fetchIdentityProviderByEntityId,92,103,2.0,65.035293129544,12.5,0,[]
/php-code/OpenConext/EngineBlock/Metadata/MetadataRepository/CachedDoctrineMetadataRepository.php,__construct,55,58,1.0,81.120955834208,4.0,0,[]
/php-code/OpenConext/EngineBlock/Metadata/MetadataRepository/CachedDoctrineMetadataRepository.php,invoke,67,76,2.0,65.783367909827,17.25,0,[]
/php-code/OpenConext/EngineBlock/Metadata/MetadataRepository/CachedDoctrineMetadataRepository.php,appendFilter,82,89,1.0,73.553397666741,5.0,0,[]
/php-code/OpenConext/EngineBlock/Metadata/MetadataRepository/CachedDoctrineMetadataRepository.php,appendVisitor,95,102,1.0,73.553397666741,5.0,0,[]
/php-code/OpenConext/EngineBlock/Metadata/MetadataRepository/CachedDoctrineMetadataRepository.php,clearResultsCache,113,116,1.0,81.120955834208,12.5,0,[]
/php-code/OpenConext/EngineBlock/Metadata/MetadataRepository/CachedDoctrineMetadataRepository.php,fetchServiceProviderByEntityId,123,132,2.0,67.416166660626,12.5,0,[]
/php-code/OpenConext/EngineBlock/Metadata/MetadataRepository/CachedDoctrineMetadataRepository.php,fetchIdentityProviderByEntityId,138,147,2.0,67.416166660626,12.5,0,[]
/php-code/OpenConext/EngineBlock/Metadata/MetadataRepository/CachedDoctrineMetadataRepository.php,findIdentityProviderByEntityId,153,156,1.0,78.947226438868,14.0,0,[]
/php-code/OpenConext/EngineBlock/Metadata/MetadataRepository/CachedDoctrineMetadataRepository.php,findIdentityProviderEntityIdByMd5Hash,162,165,1.0,78.947226438868,14.0,0,[]
/php-code/OpenConext/EngineBlock/Metadata/MetadataRepository/CachedDoctrineMetadataRepository.php,findServiceProviderByEntityId,172,175,1.0,78.947226438868,14.0,0,[]
/php-code/OpenConext/EngineBlock/Metadata/MetadataRepository/CachedDoctrineMetadataRepository.php,findIdentityProviders,180,183,1.0,78.947226438868,14.0,0,[]
/php-code/OpenConext/EngineBlock/Metadata/MetadataRepository/CachedDoctrineMetadataRepository.php,findIdentityProvidersByEntityId,189,192,1.0,78.947226438868,14.0,1,"[{'line': 189, 'rule': 'LongVariable', 'message': 'Avoid excessively long variable names like $identityProviderEntityIds. Keep variable name length under 20.'}]"
/php-code/OpenConext/EngineBlock/Metadata/MetadataRepository/CachedDoctrineMetadataRepository.php,findAllIdentityProviderEntityIds,198,201,1.0,78.947226438868,14.0,0,[]
/php-code/OpenConext/EngineBlock/Metadata/MetadataRepository/DoctrineMetadataPushRepository.php,__construct,55,62,1.0,71.781832429461,3.9285714285714,0,[]
/php-code/OpenConext/EngineBlock/Metadata/MetadataRepository/DoctrineMetadataPushRepository.php,synchronize,80,147,8.0,40.649377558179,30.970588235294,2,"[{'line': 97, 'rule': 'ElseExpression', 'message': 'The method synchronize uses an else expression. Else clauses are basically not necessary and you can simplify the code by not using them.'}, {'line': 117, 'rule': 'ElseExpression', 'message': 'The method synchronize uses an else expression. Else clauses are basically not necessary and you can simplify the code by not using them.'}]"
/php-code/OpenConext/EngineBlock/Metadata/MetadataRepository/DoctrineMetadataPushRepository.php,insertRole,149,159,1.0,65.011793709385,6.6818181818182,0,[]
/php-code/OpenConext/EngineBlock/Metadata/MetadataRepository/DoctrineMetadataPushRepository.php,updateRole,161,171,1.0,65.011793709385,6.6818181818182,0,[]
/php-code/OpenConext/EngineBlock/Metadata/MetadataRepository/DoctrineMetadataPushRepository.php,deleteRolesByIds,173,184,1.0,64.26500498353,7.6,0,[]
/php-code/OpenConext/EngineBlock/Metadata/MetadataRepository/DoctrineMetadataPushRepository.php,findAllRoleEntityIds,186,203,2.0,58.768722572937,13.285714285714,0,[]
/php-code/OpenConext/EngineBlock/Metadata/MetadataRepository/DoctrineMetadataPushRepository.php,addInsertQueryParameters,205,212,2.0,66.881628664643,12.142857142857,0,[]
/php-code/OpenConext/EngineBlock/Metadata/MetadataRepository/DoctrineMetadataPushRepository.php,addUpdateQueryParameters,214,225,2.0,63.353366987696,10.0,0,[]
/php-code/OpenConext/EngineBlock/Metadata/MetadataRepository/DoctrineMetadataPushRepository.php,bindParameters,227,232,2.0,71.009858751218,11.666666666667,0,[]
/php-code/OpenConext/EngineBlock/Metadata/MetadataRepository/DoctrineMetadataPushRepository.php,addDiscriminatorQuery,234,238,1.0,73.963830176072,3.125,0,[]
/php-code/OpenConext/EngineBlock/Metadata/MetadataRepository/DoctrineMetadataPushRepository.php,normalizeData,240,259,2.0,57.239215310395,18.5,0,[]
/php-code/OpenConext/EngineBlock/Metadata/MetadataRepository/DoctrineMetadataRepository.php,__construct,60,70,1.0,70.122581783468,4.7142857142857,0,[]
/php-code/OpenConext/EngineBlock/Metadata/MetadataRepository/DoctrineMetadataRepository.php,findAllIdentityProviderEntityIds,77,92,2.0,59.907634975085,10.266666666667,0,[]
/php-code/OpenConext/EngineBlock/Metadata/MetadataRepository/DoctrineMetadataRepository.php,findIdentityProvidersByEntityId,99,114,2.0,61.327172611957,7.9615384615385,0,[]
/php-code/OpenConext/EngineBlock/Metadata/MetadataRepository/DoctrineMetadataRepository.php,findIdentityProviderByEntityId,120,142,3.0,55.893819721525,9.25,0,[]
/php-code/OpenConext/EngineBlock/Metadata/MetadataRepository/DoctrineMetadataRepository.php,findIdentityProviderEntityIdByMd5Hash,148,168,3.0,56.704714406527,10.131578947368,0,[]
/php-code/OpenConext/EngineBlock/Metadata/MetadataRepository/DoctrineMetadataRepository.php,findServiceProviderByEntityId,175,197,3.0,55.893819721525,9.25,0,[]
/php-code/OpenConext/EngineBlock/Metadata/MetadataRepository/DoctrineMetadataRepository.php,findIdentityProviders,202,215,2.0,63.884023498823,9.0,0,[]
/php-code/OpenConext/EngineBlock/Metadata/MetadataRepository/IdpsMetadataRepository.php,__construct,45,53,1.0,72.942205732312,2.6666666666667,0,[]
/php-code/OpenConext/EngineBlock/Metadata/MetadataRepository/IdpsMetadataRepository.php,fetchServiceProviderByEntityId,59,68,2.0,67.680762660829,9.0,0,[]
/php-code/OpenConext/EngineBlock/Metadata/MetadataRepository/IdpsMetadataRepository.php,findIdentityProviders,73,79,1.0,72.380568938826,7.0,0,[]
/php-code/OpenConext/EngineBlock/Metadata/MetadataRepository/IdpsMetadataRepository.php,findIdentityProvidersByEntityId,85,93,1.0,71.948307179906,5.25,1,"[{'line': 86, 'rule': 'LongVariable', 'message': 'Avoid excessively long variable names like $identityProviderEntityIds. Keep variable name length under 20.'}]"
/php-code/OpenConext/EngineBlock/Metadata/MetadataRepository/IdpsMetadataRepository.php,convertIdentityProviders,98,114,3.0,63.041200446967,13.75,0,[]
/php-code/OpenConext/EngineBlock/Metadata/MetadataRepository/InMemoryMetadataRepository.php,__construct,49,60,3.0,65.050889754197,7.5,0,[]
/php-code/OpenConext/EngineBlock/Metadata/MetadataRepository/InMemoryMetadataRepository.php,registerServiceProvider,66,71,1.0,76.22181733143,7.0,0,[]
/php-code/OpenConext/EngineBlock/Metadata/MetadataRepository/InMemoryMetadataRepository.php,registerIdentityProvider,77,82,1.0,76.22181733143,7.0,0,[]
/php-code/OpenConext/EngineBlock/Metadata/MetadataRepository/InMemoryMetadataRepository.php,findIdentityProviderByEntityId,88,97,3.0,66.642679398792,13.0,0,[]
/php-code/OpenConext/EngineBlock/Metadata/MetadataRepository/InMemoryMetadataRepository.php,findIdentityProviderEntityIdByMd5Hash,103,112,3.0,66.281225490936,11.666666666667,0,[]
/php-code/OpenConext/EngineBlock/Metadata/MetadataRepository/InMemoryMetadataRepository.php,findServiceProviderByEntityId,119,128,3.0,66.642679398792,13.0,0,[]
/php-code/OpenConext/EngineBlock/Metadata/MetadataRepository/InMemoryMetadataRepository.php,findIdentityProviders,133,148,3.0,60.203978581009,11.8125,1,"[{'line': 143, 'rule': 'LongVariable', 'message': 'Avoid excessively long variable names like $indexedIdentityProviders. Keep variable name length under 20.'}]"
/php-code/OpenConext/EngineBlock/Metadata/MetadataRepository/InMemoryMetadataRepository.php,findServiceProviders,153,164,2.0,65.739820804097,8.0,0,[]
/php-code/OpenConext/EngineBlock/Metadata/MetadataRepository/InMemoryMetadataRepository.php,findAllIdentityProviderEntityIds,170,184,3.0,61.366900655653,23.214285714286,0,[]
/php-code/OpenConext/EngineBlock/Metadata/MetadataRepository/InMemoryMetadataRepository.php,findIdentityProvidersByEntityId,191,204,3.0,61.556873434458,32.5,3,"[{'line': 191, 'rule': 'LongVariable', 'message': 'Avoid excessively long variable names like $identityProviderEntityIds. Keep variable name length under 20.'}, {'line': 195, 'rule': 'LongVariable', 'message': 'Avoid excessively long variable names like $filteredIdentityProviders. Keep variable name length under 20.'}, {'line': 196, 'rule': 'LongVariable', 'message': 'Avoid excessively long variable names like $identityProviderEntityId. Keep variable name length under 20.'}]"
/php-code/OpenConext/EngineBlock/Metadata/MetadataRepository/Filter/AbstractFilter.php,__toString,30,33,1.0,80.401219851729,6.25,0,[]
/php-code/OpenConext/EngineBlock/Metadata/MetadataRepository/Filter/CompositeFilter.php,filterRoles,45,58,3.0,61.814007012087,28.6,0,[]
/php-code/OpenConext/EngineBlock/Metadata/MetadataRepository/Filter/CompositeFilter.php,filterRole,63,74,3.0,63.041200446967,13.0625,0,[]
/php-code/OpenConext/EngineBlock/Metadata/MetadataRepository/Filter/CompositeFilter.php,add,80,84,1.0,76.22181733143,7.0,0,[]
/php-code/OpenConext/EngineBlock/Metadata/MetadataRepository/Filter/CompositeFilter.php,toQueryBuilder,89,95,2.0,70.346249494236,8.0,0,[]
/php-code/OpenConext/EngineBlock/Metadata/MetadataRepository/Filter/CompositeFilter.php,__toString,100,108,2.0,66.76453203968,12.375,0,[]
/php-code/OpenConext/EngineBlock/Metadata/MetadataRepository/Filter/CompositeFilter.php,getDisallowedByFilter,113,116,1.0,82.001716149821,8.0,0,[]
/php-code/OpenConext/EngineBlock/Metadata/MetadataRepository/Filter/RemoveDisallowedIdentityProvidersFilter.php,__construct,47,51,1.0,76.38935962878,3.0,2,"[{'line': 47, 'rule': 'LongVariable', 'message': 'Avoid excessively long variable names like $serviceProviderEntityId. Keep variable name length under 20.'}, {'line': 47, 'rule': 'LongVariable', 'message': 'Avoid excessively long variable names like $allowedIdentityProviderEntityIds. Keep variable name length under 20.'}]"
/php-code/OpenConext/EngineBlock/Metadata/MetadataRepository/Filter/RemoveDisallowedIdentityProvidersFilter.php,filterRole,56,71,4.0,60.27996224909,9.375,0,[]
/php-code/OpenConext/EngineBlock/Metadata/MetadataRepository/Filter/RemoveDisallowedIdentityProvidersFilter.php,toQueryBuilder,76,91,2.0,63.387249910434,7.5,0,[]
/php-code/OpenConext/EngineBlock/Metadata/MetadataRepository/Filter/RemoveDisallowedIdentityProvidersFilter.php,__toString,96,99,1.0,78.514964679948,9.3333333333333,0,[]
/php-code/OpenConext/EngineBlock/Metadata/MetadataRepository/Filter/RemoveOtherWorkflowStatesFilter.php,__construct,53,58,1.0,72.942205732312,2.6666666666667,0,[]
/php-code/OpenConext/EngineBlock/Metadata/MetadataRepository/Filter/RemoveOtherWorkflowStatesFilter.php,filterRole,63,76,4.0,59.183996268295,14.0,0,[]
/php-code/OpenConext/EngineBlock/Metadata/MetadataRepository/Filter/RemoveOtherWorkflowStatesFilter.php,toQueryBuilder,81,87,1.0,70.035966671216,5.5,0,[]
/php-code/OpenConext/EngineBlock/Metadata/MetadataRepository/Filter/RemoveOtherWorkflowStatesFilter.php,__toString,92,95,1.0,78.514964679948,9.3333333333333,0,[]
/php-code/OpenConext/EngineBlock/Metadata/MetadataRepository/Visitor/CompositeVisitor.php,append,39,43,1.0,76.22181733143,7.0,0,[]
/php-code/OpenConext/EngineBlock/Metadata/MetadataRepository/Visitor/CompositeVisitor.php,visitIdentityProvider,48,53,2.0,73.541061109767,5.25,0,[]
/php-code/OpenConext/EngineBlock/Metadata/MetadataRepository/Visitor/CompositeVisitor.php,visitServiceProvider,58,63,2.0,73.541061109767,5.25,0,[]
/php-code/OpenConext/EngineBlock/Metadata/MetadataRepository/Visitor/DisableDisallowedEntitiesInWayfVisitor.php,__construct,38,41,1.0,81.120955834208,4.0,0,[]
/php-code/OpenConext/EngineBlock/Metadata/MetadataRepository/Visitor/DisableDisallowedEntitiesInWayfVisitor.php,visitIdentityProvider,46,53,2.0,70.542506985415,8.0,0,[]
/php-code/OpenConext/EngineBlock/Metadata/MetadataRepository/Visitor/DisableDisallowedEntitiesInWayfVisitor.php,visitServiceProvider,58,60,1.0,91.191023588314,2.0,0,[]
/php-code/OpenConext/EngineBlock/Metadata/X509/KeyPairFactory.php,__construct,34,37,1.0,81.120955834208,4.0,0,[]
/php-code/OpenConext/EngineBlock/Metadata/X509/KeyPairFactory.php,buildFromIdentifier,45,59,3.0,57.909585501881,11.666666666667,1,"[{'line': 50, 'rule': 'StaticAccess', 'message': ""Avoid using static access to class '\\OpenConext\\EngineBlock\\Assert\\Assertion' in method 'buildFromIdentifier'.""}]"
/php-code/OpenConext/EngineBlock/Metadata/X509/KeyPairFactory.php,buildAll,66,75,2.0,67.487788442762,16.0,0,[]
/php-code/OpenConext/EngineBlock/Metadata/X509/X509Certificate.php,__construct,41,48,2.0,70.442658228266,11.0,0,[]
/php-code/OpenConext/EngineBlock/Metadata/X509/X509Certificate.php,toResource,53,56,1.0,82.001716149821,8.0,0,[]
/php-code/OpenConext/EngineBlock/Metadata/X509/X509Certificate.php,toPem,62,72,2.0,65.841951994866,11.428571428571,0,[]
/php-code/OpenConext/EngineBlock/Metadata/X509/X509Certificate.php,toCertData,77,100,4.0,56.532606953401,22.5,0,[]
/php-code/OpenConext/EngineBlock/Metadata/X509/X509CertificateFactory.php,fromFile,36,50,3.0,59.589813276562,14.5,0,[]
/php-code/OpenConext/EngineBlock/Metadata/X509/X509CertificateFactory.php,fromString,59,70,2.0,64.726112709701,11.428571428571,1,"[{'line': 59, 'rule': 'LongVariable', 'message': 'Avoid excessively long variable names like $x509CertificateContent. Keep variable name length under 20.'}]"
/php-code/OpenConext/EngineBlock/Metadata/X509/X509CertificateFactory.php,fromCertData,78,85,1.0,71.890222660043,6.6,0,[]
/php-code/OpenConext/EngineBlock/Metadata/X509/X509CertificateFactory.php,cleanCertData,93,96,1.0,77.143818652284,5.0,0,[]
/php-code/OpenConext/EngineBlock/Metadata/X509/X509CertificateFactory.php,formatKey,104,112,1.0,68.497791980072,6.4166666666667,0,[]
/php-code/OpenConext/EngineBlock/Metadata/X509/X509CertificateLazyProxy.php,__construct,47,51,1.0,76.38935962878,3.0,0,[]
/php-code/OpenConext/EngineBlock/Metadata/X509/X509CertificateLazyProxy.php,__call,58,65,2.0,69.212759304486,10.5,0,[]
/php-code/OpenConext/EngineBlock/Metadata/X509/X509CertificateLazyProxy.php,__sleep,70,73,1.0,79.793333921501,9.0,0,[]
/php-code/OpenConext/EngineBlock/Metadata/X509/X509KeyPair.php,__construct,41,47,1.0,76.38935962878,3.0,0,[]
/php-code/OpenConext/EngineBlock/Metadata/X509/X509KeyPair.php,getCertificate,52,55,1.0,82.001716149821,8.0,0,[]
/php-code/OpenConext/EngineBlock/Metadata/X509/X509KeyPair.php,getPrivateKey,60,63,1.0,82.001716149821,8.0,0,[]
/php-code/OpenConext/EngineBlock/Metadata/X509/X509PrivateKey.php,__construct,34,45,3.0,63.602021199607,12.375,0,[]
/php-code/OpenConext/EngineBlock/Metadata/X509/X509PrivateKey.php,getFilePath,47,50,1.0,82.001716149821,8.0,0,[]
/php-code/OpenConext/EngineBlock/Metadata/X509/X509PrivateKey.php,toXmlSecurityKey,55,60,1.0,70.93712160541,7.3125,0,[]
/php-code/OpenConext/EngineBlock/Metadata/X509/X509PrivateKey.php,sign,68,76,1.0,68.886907386765,7.0,0,[]
/php-code/OpenConext/EngineBlock/Request/RequestId.php,__construct,36,39,1.0,81.120955834208,4.0,0,[]
/php-code/OpenConext/EngineBlock/Request/RequestId.php,get,44,51,2.0,70.747305950027,13.333333333333,0,[]
/php-code/OpenConext/EngineBlock/Request/UniqidGenerator.php,generateRequestId,23,26,1.0,81.120955834208,12.5,0,[]
/php-code/OpenConext/EngineBlock/Service/AuthenticationStateHelper.php,__construct,31,34,1.0,81.120955834208,4.0,0,[]
/php-code/OpenConext/EngineBlock/Service/AuthenticationStateHelper.php,getAuthenticationState,39,42,1.0,79.995159476497,7.5,0,[]
/php-code/OpenConext/EngineBlock/Service/CookieService.php,setCookie,38,48,1.0,76.438209229383,4.125,2,"[{'line': 44, 'rule': 'BooleanArgumentFlag', 'message': 'The method setCookie has a boolean flag argument $secure, which is a certain sign of a Single Responsibility Principle violation.'}, {'line': 45, 'rule': 'BooleanArgumentFlag', 'message': 'The method setCookie has a boolean flag argument $httpOnly, which is a certain sign of a Single Responsibility Principle violation.'}]"
/php-code/OpenConext/EngineBlock/Service/CookieService.php,clearCookie,60,68,1.0,76.203751854225,5.25,2,"[{'line': 64, 'rule': 'BooleanArgumentFlag', 'message': 'The method clearCookie has a boolean flag argument $secure, which is a certain sign of a Single Responsibility Principle violation.'}, {'line': 65, 'rule': 'BooleanArgumentFlag', 'message': 'The method clearCookie has a boolean flag argument $httpOnly, which is a certain sign of a Single Responsibility Principle violation.'}]"
/php-code/OpenConext/EngineBlock/Service/DeprovisionService.php,__construct,54,64,1.0,70.218990517498,2.5,2,"[{'line': 57, 'rule': 'LongVariable', 'message': 'Avoid excessively long variable names like $persistentIdRepository. Keep variable name length under 20.'}, {'line': 58, 'rule': 'LongVariable', 'message': 'Avoid excessively long variable names like $serviceProviderUuidRepository. Keep variable name length under 20.'}]"
/php-code/OpenConext/EngineBlock/Service/DeprovisionService.php,read,70,92,2.0,54.730706645385,17.0,1,"[{'line': 70, 'rule': 'ShortVariable', 'message': 'Avoid variables with short names like $id. Configured minimum length is 3.'}]"
/php-code/OpenConext/EngineBlock/Service/DeprovisionService.php,findPersistentIds,98,116,2.0,57.657035648284,11.458333333333,0,[]
/php-code/OpenConext/EngineBlock/Service/DeprovisionService.php,findConsent,122,127,1.0,74.797588195548,8.75,0,[]
/php-code/OpenConext/EngineBlock/Service/DeprovisionService.php,delete,132,142,2.0,66.613676859316,6.5,1,"[{'line': 132, 'rule': 'ShortVariable', 'message': 'Avoid variables with short names like $id. Configured minimum length is 3.'}]"
/php-code/OpenConext/EngineBlock/Service/DeprovisionService.php,deleteConsent,147,152,1.0,75.812792886775,5.0,1,"[{'line': 147, 'rule': 'ShortVariable', 'message': 'Avoid variables with short names like $id. Configured minimum length is 3.'}]"
/php-code/OpenConext/EngineBlock/Service/DeprovisionService.php,deleteSamlPersistentId,157,162,1.0,75.812792886775,5.0,0,[]
/php-code/OpenConext/EngineBlock/Service/DeprovisionService.php,deleteUser,167,172,1.0,75.812792886775,5.0,0,[]
/php-code/OpenConext/EngineBlock/Service/MetadataService.php,__construct,35,38,1.0,81.120955834208,4.0,0,[]
/php-code/OpenConext/EngineBlock/Service/MetadataService.php,findIdentityProvider,40,49,2.0,66.707292338572,9.3333333333333,0,[]
/php-code/OpenConext/EngineBlock/Service/MetadataService.php,findServiceProvider,51,60,2.0,66.707292338572,9.3333333333333,0,[]
/php-code/OpenConext/EngineBlock/Service/MetadataService.php,findArpForServiceProviderByEntityId,62,71,2.0,68.207309447432,10.4,0,[]
/php-code/OpenConext/EngineBlock/Service/MfaHelper.php,__construct,38,42,1.0,76.38935962878,3.0,0,[]
/php-code/OpenConext/EngineBlock/Service/MfaHelper.php,isTransparent,44,59,3.0,57.048913836083,10.3125,0,[]
/php-code/OpenConext/EngineBlock/Service/ProcessingStateHelper.php,__construct,39,42,1.0,81.120955834208,4.0,0,[]
/php-code/OpenConext/EngineBlock/Service/ProcessingStateHelper.php,session,44,47,1.0,81.120955834208,12.5,0,[]
/php-code/OpenConext/EngineBlock/Service/ProcessingStateHelper.php,addStep,56,69,1.0,66.276827955302,11.0,0,[]
/php-code/OpenConext/EngineBlock/Service/ProcessingStateHelper.php,getStepByRequestId,78,96,4.0,55.343441972211,29.4,0,[]
/php-code/OpenConext/EngineBlock/Service/ProcessingStateHelper.php,hasStepRequestById,98,112,4.0,59.312844708044,32.0,0,[]
/php-code/OpenConext/EngineBlock/Service/ProcessingStateHelper.php,updateStepResponseByRequestId,122,134,1.0,64.207024853503,11.045454545455,1,"[{'line': 129, 'rule': 'LongVariable', 'message': 'Avoid excessively long variable names like $updatedProcessingStep. Keep variable name length under 20.'}]"
/php-code/OpenConext/EngineBlock/Service/ProcessingStateHelper.php,clearStepByRequestId,141,156,3.0,58.915932166434,29.75,0,[]
/php-code/OpenConext/EngineBlock/Service/ReleaseAsEnforcer.php,__construct,31,34,1.0,81.120955834208,4.0,0,[]
/php-code/OpenConext/EngineBlock/Service/ReleaseAsEnforcer.php,enforce,36,75,4.0,45.976948811973,26.25,0,[]
/php-code/OpenConext/EngineBlock/Service/RequestAccessMailer.php,__construct,59,63,1.0,76.38935962878,3.0,1,"[{'line': 59, 'rule': 'LongVariable', 'message': 'Avoid excessively long variable names like $requestAccessEmailAddress. Keep variable name length under 20.'}]"
/php-code/OpenConext/EngineBlock/Service/RequestAccessMailer.php,sendRequestAccessEmailForIdp,76,100,1.0,55.278377895486,5.3529411764706,0,[]
/php-code/OpenConext/EngineBlock/Service/RequestAccessMailer.php,sendRequestAccessEmailForInstitution,112,134,1.0,55.943561026982,5.46875,0,[]
/php-code/OpenConext/EngineBlock/Service/SsoNotificationService.php,__construct,55,66,1.0,70.218990517498,2.5,0,[]
/php-code/OpenConext/EngineBlock/Service/SsoNotificationService.php,handleSsoNotification,75,97,4.0,52.843433818789,21.617647058824,3,"[{'line': 78, 'rule': 'LongVariable', 'message': 'Avoid excessively long variable names like $parsedSsoNotification. Keep variable name length under 20.'}, {'line': 85, 'rule': 'ElseExpression', 'message': 'The method handleSsoNotification uses an else expression. Else clauses are basically not necessary and you can simplify the code by not using them.'}, {'line': 88, 'rule': 'ElseExpression', 'message': 'The method handleSsoNotification uses an else expression. Else clauses are basically not necessary and you can simplify the code by not using them.'}]"
/php-code/OpenConext/EngineBlock/Service/SsoNotificationService.php,getSsoCookie,105,108,1.0,80.401219851729,18.0,0,[]
/php-code/OpenConext/EngineBlock/Service/SsoNotificationService.php,parseSsoNotification,118,146,2.0,51.036367931797,13.26,2,"[{'line': 124, 'rule': 'ShortVariable', 'message': 'Avoid variables with short names like $iv. Configured minimum length is 3.'}, {'line': 138, 'rule': 'StaticAccess', 'message': ""Avoid using static access to class '\\OpenConext\\EngineBlock\\Http\\JsonResponseParser' in method 'parseSsoNotification'.""}]"
/php-code/OpenConext/EngineBlock/Service/SsoNotificationService.php,decryptSsoNotification,158,175,2.0,61.165764560781,9.7307692307692,1,"[{'line': 162, 'rule': 'ShortVariable', 'message': 'Avoid variables with short names like $iv. Configured minimum length is 3.'}]"
/php-code/OpenConext/EngineBlock/Service/SsoSessionService.php,__construct,64,76,1.0,67.965365133435,2.4,0,[]
/php-code/OpenConext/EngineBlock/Service/SsoSessionService.php,getSsoCookie,84,87,1.0,80.401219851729,18.0,0,[]
/php-code/OpenConext/EngineBlock/Service/SsoSessionService.php,setSsoSessionCookie,92,104,3.0,60.52733787902,10.5,0,[]
/php-code/OpenConext/EngineBlock/Service/SsoSessionService.php,clearSsoSessionCookie,109,119,2.0,64.663190784002,9.75,0,[]
/php-code/OpenConext/EngineBlock/Service/SsoSessionService.php,createSsoSessionCookie,121,134,3.0,62.113859592504,15.277777777778,0,[]
/php-code/OpenConext/EngineBlock/Service/Consent/ConsentAttributes.php,__construct,48,51,1.0,81.120955834208,4.0,0,[]
/php-code/OpenConext/EngineBlock/Service/Consent/ConsentAttributes.php,withValues,57,61,1.0,73.739844359563,16.0,0,[]
/php-code/OpenConext/EngineBlock/Service/Consent/ConsentAttributes.php,namesOnly,67,72,1.0,70.203763303978,11.25,0,[]
/php-code/OpenConext/EngineBlock/Service/Consent/ConsentAttributes.php,getCompareValue,74,77,1.0,82.001716149821,8.0,0,[]
/php-code/OpenConext/EngineBlock/Service/Consent/ConsentAttributes.php,normalize,82,85,1.0,78.657394313147,15.75,0,[]
/php-code/OpenConext/EngineBlock/Service/Consent/ConsentAttributes.php,nameIdNormalize,90,98,2.0,65.237176731708,15.0,0,[]
/php-code/OpenConext/EngineBlock/Service/Consent/ConsentAttributes.php,caseNormalizeStringArray,104,118,5.0,57.057389579742,33.777777777778,1,"[{'line': 113, 'rule': 'ElseExpression', 'message': 'The method caseNormalizeStringArray uses an else expression. Else clauses are basically not necessary and you can simplify the code by not using them.'}]"
/php-code/OpenConext/EngineBlock/Service/Consent/ConsentAttributes.php,removeEmptyAttributes,125,140,5.0,56.097938389283,47.25,1,"[{'line': 134, 'rule': 'ElseExpression', 'message': 'The method removeEmptyAttributes uses an else expression. Else clauses are basically not necessary and you can simplify the code by not using them.'}]"
/php-code/OpenConext/EngineBlock/Service/Consent/ConsentAttributes.php,sortRecursive,146,164,4.0,57.260663667965,24.888888888889,1,"[{'line': 153, 'rule': 'ElseExpression', 'message': 'The method sortRecursive uses an else expression. Else clauses are basically not necessary and you can simplify the code by not using them.'}]"
/php-code/OpenConext/EngineBlock/Service/Consent/ConsentAttributes.php,isSequentialArray,166,169,1.0,76.960794806002,6.6666666666667,0,[]
/php-code/OpenConext/EngineBlock/Service/Consent/ConsentHashService.php,__construct,39,42,1.0,81.120955834208,4.0,1,"[{'line': 39, 'rule': 'LongVariable', 'message': 'Avoid excessively long variable names like $consentHashRepository. Keep variable name length under 20.'}]"
/php-code/OpenConext/EngineBlock/Service/Consent/ConsentHashService.php,retrieveConsentHash,44,47,1.0,80.401219851729,6.25,0,[]
/php-code/OpenConext/EngineBlock/Service/Consent/ConsentHashService.php,storeConsentHash,49,52,1.0,80.401219851729,6.25,0,[]
/php-code/OpenConext/EngineBlock/Service/Consent/ConsentHashService.php,updateConsentHash,54,57,1.0,80.401219851729,6.25,0,[]
/php-code/OpenConext/EngineBlock/Service/Consent/ConsentHashService.php,countTotalConsent,59,62,1.0,80.401219851729,6.25,0,[]
/php-code/OpenConext/EngineBlock/Service/Consent/ConsentHashService.php,getStableConsentHash,64,67,1.0,79.995159476497,7.5,0,[]
/php-code/OpenConext/EngineBlock/Service/Consent/ConsentHashService.php,getUnstableAttributesHash,76,87,2.0,61.345423970966,9.4090909090909,1,"[{'line': 81, 'rule': 'ElseExpression', 'message': 'The method getUnstableAttributesHash uses an else expression. Else clauses are basically not necessary and you can simplify the code by not using them.'}]"
/php-code/OpenConext/EngineBlock/Service/Consent/ConsentService.php,__construct,50,58,1.0,72.942205732312,2.6666666666667,0,[]
/php-code/OpenConext/EngineBlock/Service/Consent/ConsentService.php,findAllFor,64,77,2.0,60.227545628617,9.8214285714286,0,[]
/php-code/OpenConext/EngineBlock/Service/Consent/ConsentService.php,countAllFor,83,94,2.0,62.649517552895,8.5,0,[]
/php-code/OpenConext/EngineBlock/Service/Consent/ConsentService.php,deleteOneConsentFor,96,112,2.0,58.201756930438,10.5,2,"[{'line': 96, 'rule': 'ShortVariable', 'message': 'Avoid variables with short names like $id. Configured minimum length is 3.'}, {'line': 96, 'rule': 'LongVariable', 'message': 'Avoid excessively long variable names like $serviceProviderEntityId. Keep variable name length under 20.'}]"
/php-code/OpenConext/EngineBlock/Service/Consent/ConsentService.php,createConsentDtoFromConsentEntity,120,130,2.0,65.406791534672,10.125,0,[]
/php-code/OpenConext/EngineBlock/Service/Dto/ProcessingStateStep.php,__construct,39,45,1.0,76.38935962878,3.0,0,[]
/php-code/OpenConext/EngineBlock/Service/Dto/ProcessingStateStep.php,getResponse,50,53,1.0,82.001716149821,8.0,0,[]
/php-code/OpenConext/EngineBlock/Service/Dto/ProcessingStateStep.php,getRole,58,61,1.0,82.001716149821,8.0,0,[]
/php-code/OpenConext/EngineBlock/Service/TimeProvider/TimeProvider.php,timestamp,25,31,2.0,69.354223679516,14.0,0,[]
/php-code/OpenConext/EngineBlock/Service/TimeProvider/TimeProvider.php,time,33,36,1.0,81.120955834208,12.5,0,[]
/php-code/OpenConext/EngineBlock/Stepup/StepupDecision.php,__construct,56,87,5.0,54.463200626806,10.0,1,"[{'line': 58, 'rule': 'ShortVariable', 'message': 'Avoid variables with short names like $sp. Configured minimum length is 3.'}]"
/php-code/OpenConext/EngineBlock/Stepup/StepupDecision.php,shouldUseStepup,89,97,2.0,67.411084786344,12.5,0,[]
/php-code/OpenConext/EngineBlock/Stepup/StepupDecision.php,isLoaRequirementSet,99,106,2.0,67.377380579324,8.55,0,[]
/php-code/OpenConext/EngineBlock/Stepup/StepupDecision.php,getStepupLoa,111,148,8.0,45.998016449084,20.357142857143,1,"[{'line': 137, 'rule': 'ShortVariable', 'message': 'Avoid variables with short names like $l. Configured minimum length is 3.'}]"
/php-code/OpenConext/EngineBlock/Stepup/StepupDecision.php,allowNoToken,150,157,2.0,71.691637888927,9.0,0,[]
/php-code/OpenConext/EngineBlock/Stepup/StepupEndpoint.php,__construct,46,52,1.0,70.218990517498,2.5,0,[]
/php-code/OpenConext/EngineBlock/Stepup/StepupEndpoint.php,getEntityId,57,61,1.0,77.269750369059,7.5,0,[]
/php-code/OpenConext/EngineBlock/Stepup/StepupEndpoint.php,getSsoLocation,66,70,1.0,77.269750369059,7.5,0,[]
/php-code/OpenConext/EngineBlock/Stepup/StepupEndpoint.php,getKeyFile,75,79,1.0,77.269750369059,7.5,0,[]
/php-code/OpenConext/EngineBlock/Stepup/StepupEndpoint.php,validate,84,100,3.0,57.863750563107,9.7058823529412,4,"[{'line': 91, 'rule': 'StaticAccess', 'message': ""Avoid using static access to class '\\OpenConext\\EngineBlock\\Assert\\Assertion' in method 'validate'.""}, {'line': 92, 'rule': 'StaticAccess', 'message': ""Avoid using static access to class '\\OpenConext\\EngineBlock\\Assert\\Assertion' in method 'validate'.""}, {'line': 93, 'rule': 'StaticAccess', 'message': ""Avoid using static access to class '\\OpenConext\\EngineBlock\\Assert\\Assertion' in method 'validate'.""}, {'line': 94, 'rule': 'StaticAccess', 'message': ""Avoid using static access to class '\\OpenConext\\EngineBlock\\Assert\\Assertion' in method 'validate'.""}]"
/php-code/OpenConext/EngineBlock/Stepup/StepupEntityFactory.php,idpFrom,34,89,1.0,42.655132382961,15.136363636364,2,"[{'line': 34, 'rule': 'UnusedFormalParameter', 'message': ""Avoid unused parameters such as '$acsLocation'.""}, {'line': 43, 'rule': 'StaticAccess', 'message': ""Avoid using static access to class '\\OpenConext\\EngineBlock\\Metadata\\Mdui' in method 'idpFrom'.""}]"
/php-code/OpenConext/EngineBlock/Stepup/StepupEntityFactory.php,spFrom,95,160,1.0,40.743117663257,16.363636363636,1,"[{'line': 97, 'rule': 'LongVariable', 'message': 'Avoid excessively long variable names like $assertionConsumerServices. Keep variable name length under 20.'}]"
/php-code/OpenConext/EngineBlock/Stepup/StepupGatewayCallOutHelper.php,__construct,42,50,1.0,72.942205732312,2.6666666666667,0,[]
/php-code/OpenConext/EngineBlock/Stepup/StepupGatewayCallOutHelper.php,shouldUseStepup,52,67,1.0,63.533301254608,5.0555555555556,0,[]
/php-code/OpenConext/EngineBlock/Stepup/StepupGatewayCallOutHelper.php,getStepupLoa,69,84,1.0,63.202929559651,4.9,0,[]
/php-code/OpenConext/EngineBlock/Stepup/StepupGatewayCallOutHelper.php,getStepupLoa1,86,89,1.0,81.120955834208,12.5,0,[]
/php-code/OpenConext/EngineBlock/Stepup/StepupGatewayCallOutHelper.php,getEbLoa,91,99,1.0,66.565155937011,6.5,1,"[{'line': 93, 'rule': 'StaticAccess', 'message': ""Avoid using static access to class '\\OpenConext\\EngineBlock\\Assert\\Assertion' in method 'getEbLoa'.""}]"
/php-code/OpenConext/EngineBlock/Stepup/StepupGatewayCallOutHelper.php,allowNoToken,101,105,1.0,73.188510621066,8.5714285714286,0,[]
/php-code/OpenConext/EngineBlock/Stepup/StepupGatewayLoaMapping.php,__construct,34,64,2.0,49.448482644931,10.431818181818,5,"[{'line': 36, 'rule': 'StaticAccess', 'message': ""Avoid using static access to class '\\OpenConext\\EngineBlock\\Assert\\Assertion' in method '__construct'.""}, {'line': 40, 'rule': 'StaticAccess', 'message': ""Avoid using static access to class '\\OpenConext\\EngineBlock\\Assert\\Assertion' in method '__construct'.""}, {'line': 44, 'rule': 'StaticAccess', 'message': ""Avoid using static access to class '\\OpenConext\\EngineBlock\\Assert\\Assertion' in method '__construct'.""}, {'line': 51, 'rule': 'StaticAccess', 'message': ""Avoid using static access to class '\\OpenConext\\EngineBlock\\Assert\\Assertion' in method '__construct'.""}, {'line': 56, 'rule': 'StaticAccess', 'message': ""Avoid using static access to class '\\OpenConext\\EngineBlock\\Assert\\Assertion' in method '__construct'.""}]"
/php-code/OpenConext/EngineBlock/Stepup/StepupGatewayLoaMapping.php,transformToGatewayLoa,66,72,2.0,69.212759304486,15.0,0,[]
/php-code/OpenConext/EngineBlock/Stepup/StepupGatewayLoaMapping.php,transformToEbLoa,74,80,2.0,69.212759304486,15.0,0,[]
/php-code/OpenConext/EngineBlock/Stepup/StepupGatewayLoaMapping.php,getGatewayLoa1,82,85,1.0,82.001716149821,8.0,0,[]
/php-code/OpenConext/EngineBlock/Stepup/StepupGsspUserAttributeExtension.php,add,32,57,3.0,52.579693453934,14.25,2,"[{'line': 44, 'rule': 'StaticAccess', 'message': ""Avoid using static access to class '\\SAML2\\DOMDocumentFactory' in method 'add'.""}, {'line': 45, 'rule': 'ShortVariable', 'message': 'Avoid variables with short names like $ce. Configured minimum length is 3.'}]"
/php-code/OpenConext/EngineBlock/Stepup/StepupGsspUserAttributeExtension.php,addAttribute,62,75,2.0,60.257268685577,7.0,0,[]
/php-code/OpenConext/EngineBlock/Validator/AcsRequestValidator.php,isValid,39,58,3.0,56.577011503966,14.733333333333,0,[]
/php-code/OpenConext/EngineBlock/Validator/AllowedSchemeValidator.php,__construct,28,31,1.0,81.120955834208,4.0,1,"[{'line': 28, 'rule': 'LongVariable', 'message': 'Avoid excessively long variable names like $allowedAcsLocationSchemes. Keep variable name length under 20.'}]"
/php-code/OpenConext/EngineBlock/Validator/AllowedSchemeValidator.php,validate,33,46,3.0,62.056346493977,18.75,0,[]
/php-code/OpenConext/EngineBlock/Validator/SamlBindingValidator.php,isValid,40,58,3.0,55.830825720768,16.0,1,"[{'line': 43, 'rule': 'StaticAccess', 'message': ""Avoid using static access to class '\\SAML2\\Binding' in method 'isValid'.""}]"
/php-code/OpenConext/EngineBlock/Validator/SamlResponseValidator.php,isValid,38,50,2.0,66.301231963339,7.0,0,[]
/php-code/OpenConext/EngineBlock/Validator/SamlResponseValidator.php,verifyAssertionCorrectlySigned,57,95,6.0,49.644686476285,7.7631578947368,0,[]
/php-code/OpenConext/EngineBlock/Validator/SamlResponseValidator.php,hasAssertion,103,107,1.0,75.158217726801,4.8,0,[]
/php-code/OpenConext/EngineBlock/Validator/SamlResponseValidator.php,verifyHasOneAssertion,115,121,2.0,69.901463747239,5.5,0,[]
/php-code/OpenConext/EngineBlock/Validator/SamlResponseValidator.php,receive,123,138,2.0,60.234077005031,8.0357142857143,1,"[{'line': 127, 'rule': 'ElseExpression', 'message': 'The method receive uses an else expression. Else clauses are basically not necessary and you can simplify the code by not using them.'}]"
/php-code/OpenConext/EngineBlock/Validator/SsoRequestValidator.php,isValid,39,58,3.0,56.577011503966,14.733333333333,0,[]
/php-code/OpenConext/EngineBlock/Validator/UnsolicitedSsoRequestValidator.php,isValid,35,55,3.0,57.037727717708,11.363636363636,0,[]
/php-code/OpenConext/EngineBlock/Xml/DocumentSigner.php,sign,29,53,3.0,55.079926694831,18.088235294118,1,"[{'line': 45, 'rule': 'StaticAccess', 'message': ""Avoid using static access to class '\\SAML2\\Utils' in method 'sign'.""}]"
/php-code/OpenConext/EngineBlock/Xml/MetadataProvider.php,__construct,54,66,1.0,67.965365133435,2.4,0,[]
/php-code/OpenConext/EngineBlock/Xml/MetadataProvider.php,metadataForSp,74,82,2.0,66.881628664643,9.5625,0,[]
/php-code/OpenConext/EngineBlock/Xml/MetadataProvider.php,metadataForIdp,87,95,2.0,66.881628664643,9.5625,0,[]
/php-code/OpenConext/EngineBlock/Xml/MetadataProvider.php,metadataForIdps,108,126,4.0,60.103732063999,13.0,0,[]
/php-code/OpenConext/EngineBlock/Xml/MetadataProvider.php,metadataForStepup,136,141,1.0,74.723057266607,7.875,0,[]
/php-code/OpenConext/EngineBlock/Xml/MetadataProvider.php,certificate,143,146,1.0,79.636988841752,8.75,0,[]
/php-code/OpenConext/EngineBlock/Xml/MetadataRenderer.php,__construct,79,95,1.0,64.364716725448,2.2857142857143,2,"[{'line': 80, 'rule': 'LongVariable', 'message': 'Avoid excessively long variable names like $languageSupportProvider. Keep variable name length under 20.'}, {'line': 86, 'rule': 'LongVariable', 'message': 'Avoid excessively long variable names like $addRequestedAttributes. Keep variable name length under 20.'}]"
/php-code/OpenConext/EngineBlock/Xml/MetadataRenderer.php,fromServiceProviderEntity,97,106,1.0,66.706616962648,5.95,1,"[{'line': 97, 'rule': 'ShortVariable', 'message': 'Avoid variables with short names like $sp. Configured minimum length is 3.'}]"
/php-code/OpenConext/EngineBlock/Xml/MetadataRenderer.php,fromIdentityProviderEntity,108,117,1.0,66.706616962648,5.95,0,[]
/php-code/OpenConext/EngineBlock/Xml/MetadataRenderer.php,fromIdentityProviderEntities,119,129,1.0,66.706616962648,5.95,0,[]
/php-code/OpenConext/EngineBlock/Xml/MetadataRenderer.php,renderMetadataXmlServiceProvider,131,158,4.0,50.912195917028,15.166666666667,1,"[{'line': 131, 'rule': 'ShortVariable', 'message': 'Avoid variables with short names like $sp. Configured minimum length is 3.'}]"
/php-code/OpenConext/EngineBlock/Xml/MetadataRenderer.php,renderMetadataXmlIdentityProvider,160,172,1.0,61.944471573247,8.6666666666667,0,[]
/php-code/OpenConext/EngineBlock/Xml/MetadataRenderer.php,renderMetadataXmlIdentityProviderCollection,174,189,2.0,58.521036292386,10.666666666667,0,[]
/php-code/OpenConext/EngineBlock/Xml/MetadataRenderer.php,getValidUntil,191,194,1.0,80.401219851729,18.0,0,[]
/php-code/OpenConext/EngineBlock/Xml/ValueObjects/IdentityProviderMetadata.php,__construct,31,34,1.0,81.120955834208,4.0,0,[]
/php-code/OpenConext/EngineBlock/Xml/ValueObjects/IdentityProviderMetadata.php,getEntityId,36,39,1.0,82.001716149821,8.0,0,[]
/php-code/OpenConext/EngineBlock/Xml/ValueObjects/IdentityProviderMetadata.php,getSsoLocation,41,44,1.0,80.401219851729,6.25,0,[]
/php-code/OpenConext/EngineBlock/Xml/ValueObjects/IdentityProviderMetadata.php,getPublicKeys,46,54,2.0,66.17709490398,14.4,0,[]
/php-code/OpenConext/EngineBlockBridge/Authentication/Repository/UserDirectoryAdapter.php,__construct,42,46,1.0,76.38935962878,3.0,0,[]
/php-code/OpenConext/EngineBlockBridge/Authentication/Repository/UserDirectoryAdapter.php,identifyUser,57,90,4.0,48.827996249041,17.431818181818,3,"[{'line': 73, 'rule': 'LongVariable', 'message': 'Avoid excessively long variable names like $schacHomeOrganization. Keep variable name length under 20.'}, {'line': 75, 'rule': 'StaticAccess', 'message': ""Avoid using static access to class '\\OpenConext\\EngineBlock\\Authentication\\Value\\CollabPersonUuid' in method 'identifyUser'.""}, {'line': 76, 'rule': 'StaticAccess', 'message': ""Avoid using static access to class '\\OpenConext\\EngineBlock\\Authentication\\Value\\CollabPersonId' in method 'identifyUser'.""}]"
/php-code/OpenConext/EngineBlockBridge/Authentication/Repository/UserDirectoryAdapter.php,registerUser,97,109,1.0,64.425455173483,5.95,3,"[{'line': 97, 'rule': 'LongVariable', 'message': 'Avoid excessively long variable names like $schacHomeOrganization. Keep variable name length under 20.'}, {'line': 99, 'rule': 'StaticAccess', 'message': ""Avoid using static access to class '\\OpenConext\\EngineBlock\\Authentication\\Value\\CollabPersonId' in method 'registerUser'.""}, {'line': 104, 'rule': 'StaticAccess', 'message': ""Avoid using static access to class '\\OpenConext\\EngineBlock\\Authentication\\Value\\CollabPersonUuid' in method 'registerUser'.""}]"
/php-code/OpenConext/EngineBlockBridge/Authentication/Repository/UserDirectoryAdapter.php,findUserBy,115,118,1.0,79.435163286757,5.0,0,[]
/php-code/OpenConext/EngineBlockBridge/Authentication/Repository/UserDirectoryAdapter.php,getUserBy,124,127,1.0,79.435163286757,5.0,0,[]
/php-code/OpenConext/EngineBlockBridge/Authentication/Repository/UserDirectoryAdapter.php,deleteUserWith,132,135,1.0,79.995159476497,3.3333333333333,0,[]
/php-code/OpenConext/EngineBlockBridge/ErrorReporter.php,__construct,44,52,1.0,72.942205732312,2.6666666666667,1,"[{'line': 45, 'rule': 'LongVariable', 'message': 'Avoid excessively long variable names like $engineBlockApplicationSingleton. Keep variable name length under 20.'}]"
/php-code/OpenConext/EngineBlockBridge/ErrorReporter.php,reportError,54,74,4.0,55.878508304183,12.277777777778,0,[]
/php-code/OpenConext/EngineBlockBridge/ErrorReporter.php,buildLogContext,76,87,2.0,65.472567229427,15.833333333333,0,[]
/php-code/OpenConext/EngineBlockBridge/ErrorReporter.php,storeSessionFeedback,89,110,5.0,55.70393258556,15.4375,0,[]
/php-code/OpenConext/EngineBlockBridge/ResponseFactory.php,fromEngineBlockResponse,31,38,2.0,68.902504011417,12.0,0,[]
/php-code/OpenConext/EngineBlockBridge/EventListener/SetCortoTranslationsLocaleListener.php,__construct,42,46,1.0,75.423984480418,5.625,0,[]
/php-code/OpenConext/EngineBlockBridge/EventListener/SetCortoTranslationsLocaleListener.php,onKernelRequest,48,53,1.0,76.09952750306,5.8333333333333,0,[]
/php-code/OpenConext/EngineBlockBridge/Logger/AuthenticationLoggerAdapter.php,__construct,37,40,1.0,81.120955834208,4.0,0,[]
/php-code/OpenConext/EngineBlockBridge/Logger/AuthenticationLoggerAdapter.php,logLogin,57,91,2.0,52.765215938898,7.2380952380952,5,"[{'line': 62, 'rule': 'LongVariable', 'message': 'Avoid excessively long variable names like $proxiedServiceProviders. Keep variable name length under 20.'}, {'line': 65, 'rule': 'LongVariable', 'message': 'Avoid excessively long variable names like $engineSsoEndpointUsed. Keep variable name length under 20.'}, {'line': 73, 'rule': 'StaticAccess', 'message': ""Avoid using static access to class '\\OpenConext\\Value\\Saml\\EntityType' in method 'logLogin'.""}, {'line': 79, 'rule': 'StaticAccess', 'message': ""Avoid using static access to class '\\OpenConext\\Value\\Saml\\EntityType' in method 'logLogin'.""}, {'line': 80, 'rule': 'StaticAccess', 'message': ""Avoid using static access to class '\\OpenConext\\Value\\Saml\\EntityType' in method 'logLogin'.""}]"
/php-code/OpenConext/EngineBlockBundle/AttributeAggregation/AttributeAggregationClient.php,__construct,37,41,1.0,76.38935962878,3.0,0,[]
/php-code/OpenConext/EngineBlockBundle/AttributeAggregation/AttributeAggregationClient.php,aggregate,50,63,1.0,61.742400055855,9.0,1,"[{'line': 62, 'rule': 'StaticAccess', 'message': ""Avoid using static access to class '\\OpenConext\\EngineBlockBundle\\AttributeAggregation\\Dto\\Response' in method 'aggregate'.""}]"
/php-code/OpenConext/EngineBlockBundle/AttributeAggregation/Dto/AggregatedAttribute.php,from,45,56,1.0,63.927745482228,9.0,2,"[{'line': 47, 'rule': 'StaticAccess', 'message': ""Avoid using static access to class '\\OpenConext\\EngineBlock\\Assert\\Assertion' in method 'from'.""}, {'line': 48, 'rule': 'StaticAccess', 'message': ""Avoid using static access to class '\\OpenConext\\EngineBlock\\Assert\\Assertion' in method 'from'.""}]"
/php-code/OpenConext/EngineBlockBundle/AttributeAggregation/Dto/AttributeRule.php,from,47,59,1.0,62.382865440457,9.4090909090909,3,"[{'line': 49, 'rule': 'StaticAccess', 'message': ""Avoid using static access to class '\\OpenConext\\EngineBlock\\Assert\\Assertion' in method 'from'.""}, {'line': 50, 'rule': 'StaticAccess', 'message': ""Avoid using static access to class '\\OpenConext\\EngineBlock\\Assert\\Assertion' in method 'from'.""}, {'line': 51, 'rule': 'StaticAccess', 'message': ""Avoid using static access to class '\\OpenConext\\EngineBlock\\Assert\\Assertion' in method 'from'.""}]"
/php-code/OpenConext/EngineBlockBundle/AttributeAggregation/Dto/AttributeRule.php,fromArp,65,74,3.0,63.218864063719,20.3125,0,[]
/php-code/OpenConext/EngineBlockBundle/AttributeAggregation/Dto/Request.php,from,60,78,1.0,57.538835058974,8.2894736842105,4,"[{'line': 62, 'rule': 'StaticAccess', 'message': ""Avoid using static access to class '\\OpenConext\\EngineBlock\\Assert\\Assertion' in method 'from'.""}, {'line': 63, 'rule': 'StaticAccess', 'message': ""Avoid using static access to class '\\OpenConext\\EngineBlock\\Assert\\Assertion' in method 'from'.""}, {'line': 64, 'rule': 'StaticAccess', 'message': ""Avoid using static access to class '\\OpenConext\\EngineBlock\\Assert\\Assertion' in method 'from'.""}, {'line': 65, 'rule': 'StaticAccess', 'message': ""Avoid using static access to class '\\OpenConext\\EngineBlock\\Assert\\Assertion' in method 'from'.""}]"
/php-code/OpenConext/EngineBlockBundle/AttributeAggregation/Dto/Request.php,filterNonStringValuesFromAttributes,80,90,3.0,63.417953174433,14.928571428571,0,[]
/php-code/OpenConext/EngineBlockBundle/AttributeAggregation/Dto/Request.php,jsonSerialize,92,123,1.0,49.78784734608,10.588235294118,0,[]
/php-code/OpenConext/EngineBlockBundle/AttributeAggregation/Dto/Request.php,getAttributeRulesByName,130,140,2.0,63.335153985715,11.875,0,[]
/php-code/OpenConext/EngineBlockBundle/AttributeAggregation/Dto/Response.php,fromData,34,50,3.0,60.172853185272,21.777777777778,0,[]
/php-code/OpenConext/EngineBlockBundle/AttributeAggregation/Dto/Response.php,parseAggregatedAttribute,56,75,4.0,56.155036489125,31.888888888889,1,"[{'line': 70, 'rule': 'StaticAccess', 'message': ""Avoid using static access to class 'OpenConext\\EngineBlockBundle\\AttributeAggregation\\Dto\\AggregatedAttribute' in method 'parseAggregatedAttribute'.""}]"
/php-code/OpenConext/EngineBlockBundle/Authentication/AuthenticationLoopGuard.php,__construct,42,63,1.0,58.269816639712,5.1,6,"[{'line': 43, 'rule': 'LongVariable', 'message': 'Avoid excessively long variable names like $maximumAuthenticationProceduresAllowed. Keep variable name length under 20.'}, {'line': 44, 'rule': 'LongVariable', 'message': 'Avoid excessively long variable names like $timeFrameForAuthenticationLoopInSeconds. Keep variable name length under 20.'}, {'line': 45, 'rule': 'LongVariable', 'message': 'Avoid excessively long variable names like $maximumAuthenticationsPerSession. Keep variable name length under 20.'}, {'line': 47, 'rule': 'StaticAccess', 'message': ""Avoid using static access to class '\\OpenConext\\EngineBlock\\Assert\\Assertion' in method '__construct'.""}, {'line': 51, 'rule': 'StaticAccess', 'message': ""Avoid using static access to class '\\OpenConext\\EngineBlock\\Assert\\Assertion' in method '__construct'.""}, {'line': 55, 'rule': 'StaticAccess', 'message': ""Avoid using static access to class '\\OpenConext\\EngineBlock\\Assert\\Assertion' in method '__construct'.""}]"
/php-code/OpenConext/EngineBlockBundle/Authentication/AuthenticationLoopGuard.php,detectsAuthenticationLoop,65,78,1.0,64.255840370519,5.6666666666667,2,"[{'line': 67, 'rule': 'LongVariable', 'message': 'Avoid excessively long variable names like $pastAuthenticationProcedures. Keep variable name length under 20.'}, {'line': 72, 'rule': 'LongVariable', 'message': 'Avoid excessively long variable names like $processedLoginProcedures. Keep variable name length under 20.'}]"
/php-code/OpenConext/EngineBlockBundle/Authentication/AuthenticationLoopGuard.php,detectsAuthenticationLimit,85,92,1.0,73.410968033542,9.3333333333333,2,"[{'line': 86, 'rule': 'LongVariable', 'message': 'Avoid excessively long variable names like $pastAuthenticationProcedures. Keep variable name length under 20.'}, {'line': 88, 'rule': 'LongVariable', 'message': 'Avoid excessively long variable names like $processedLoginProcedures. Keep variable name length under 20.'}]"
/php-code/OpenConext/EngineBlockBundle/Authentication/AuthenticationProcedure.php,__construct,41,44,1.0,81.120955834208,4.0,0,[]
/php-code/OpenConext/EngineBlockBundle/Authentication/AuthenticationProcedure.php,onBehalfOf,50,53,1.0,79.793333921501,24.5,0,[]
/php-code/OpenConext/EngineBlockBundle/Authentication/AuthenticationProcedure.php,authenticatedAt,58,61,1.0,81.120955834208,4.0,0,[]
/php-code/OpenConext/EngineBlockBundle/Authentication/AuthenticationProcedure.php,completeOn,66,69,1.0,81.120955834208,4.0,0,[]
/php-code/OpenConext/EngineBlockBundle/Authentication/AuthenticationProcedure.php,hasBeenAuthenticated,76,79,1.0,80.401219851729,6.25,0,[]
/php-code/OpenConext/EngineBlockBundle/Authentication/AuthenticationProcedure.php,hasBeenAuthenticatedAt,87,93,2.0,70.638915719444,7.0,0,[]
/php-code/OpenConext/EngineBlockBundle/Authentication/AuthenticationProcedure.php,isOnBehalfOf,99,102,1.0,80.401219851729,6.25,0,[]
/php-code/OpenConext/EngineBlockBundle/Authentication/AuthenticationProcedure.php,isCompletedAfter,108,115,2.0,71.080445954498,6.75,0,[]
/php-code/OpenConext/EngineBlockBundle/Authentication/AuthenticationProcedure.php,isCompleted,122,125,1.0,80.401219851729,6.25,0,[]
/php-code/OpenConext/EngineBlockBundle/Authentication/AuthenticationProcedure.php,equals,131,146,3.0,58.606929228055,14.769230769231,4,"[{'line': 133, 'rule': 'LongVariable', 'message': 'Avoid excessively long variable names like $isSameServiceProvider. Keep variable name length under 20.'}, {'line': 136, 'rule': 'LongVariable', 'message': 'Avoid excessively long variable names like $isSameIdentityProvider. Keep variable name length under 20.'}, {'line': 139, 'rule': 'ElseExpression', 'message': 'The method equals uses an else expression. Else clauses are basically not necessary and you can simplify the code by not using them.'}, {'line': 143, 'rule': 'LongVariable', 'message': 'Avoid excessively long variable names like $isSameDateOfCompletion. Keep variable name length under 20.'}]"
/php-code/OpenConext/EngineBlockBundle/Authentication/AuthenticationProcedureList.php,__construct,33,37,1.0,75.524959572308,5.25,2,"[{'line': 33, 'rule': 'LongVariable', 'message': 'Avoid excessively long variable names like $authenticationProcedures. Keep variable name length under 20.'}, {'line': 35, 'rule': 'StaticAccess', 'message': ""Avoid using static access to class '\\OpenConext\\EngineBlock\\Assert\\Assertion' in method '__construct'.""}]"
/php-code/OpenConext/EngineBlockBundle/Authentication/AuthenticationProcedureList.php,add,43,49,1.0,72.412808236663,14.666666666667,2,"[{'line': 43, 'rule': 'LongVariable', 'message': 'Avoid excessively long variable names like $authenticationProcedure. Keep variable name length under 20.'}, {'line': 45, 'rule': 'LongVariable', 'message': 'Avoid excessively long variable names like $newAuthenticationProcedures. Keep variable name length under 20.'}]"
/php-code/OpenConext/EngineBlockBundle/Authentication/AuthenticationProcedureList.php,filterOnBehalfOf,55,62,1.0,69.80218723293,11.2,1,"[{'line': 57, 'rule': 'LongVariable', 'message': 'Avoid excessively long variable names like $authenticationProcedure. Keep variable name length under 20.'}]"
/php-code/OpenConext/EngineBlockBundle/Authentication/AuthenticationProcedureList.php,filterProceduresCompletedAfter,68,75,1.0,69.80218723293,11.2,1,"[{'line': 70, 'rule': 'LongVariable', 'message': 'Avoid excessively long variable names like $authenticationProcedure. Keep variable name length under 20.'}]"
/php-code/OpenConext/EngineBlockBundle/Authentication/AuthenticationProcedureList.php,contains,81,90,3.0,67.041551715824,8.0,1,"[{'line': 83, 'rule': 'LongVariable', 'message': 'Avoid excessively long variable names like $authenticationProcedure. Keep variable name length under 20.'}]"
/php-code/OpenConext/EngineBlockBundle/Authentication/AuthenticationProcedureList.php,count,92,95,1.0,80.401219851729,6.25,0,[]
/php-code/OpenConext/EngineBlockBundle/Authentication/AuthenticationProcedureMap.php,__construct,35,39,1.0,75.524959572308,5.25,2,"[{'line': 35, 'rule': 'LongVariable', 'message': 'Avoid excessively long variable names like $authenticationProcedures. Keep variable name length under 20.'}, {'line': 37, 'rule': 'StaticAccess', 'message': ""Avoid using static access to class '\\OpenConext\\EngineBlock\\Assert\\Assertion' in method '__construct'.""}]"
/php-code/OpenConext/EngineBlockBundle/Authentication/AuthenticationProcedureMap.php,add,46,52,1.0,72.120062430965,11.0,2,"[{'line': 46, 'rule': 'LongVariable', 'message': 'Avoid excessively long variable names like $authenticationProcedure. Keep variable name length under 20.'}, {'line': 48, 'rule': 'LongVariable', 'message': 'Avoid excessively long variable names like $newAuthenticationProcedures. Keep variable name length under 20.'}]"
/php-code/OpenConext/EngineBlockBundle/Authentication/AuthenticationProcedureMap.php,find,59,66,2.0,67.695687258951,13.5,1,"[{'line': 61, 'rule': 'StaticAccess', 'message': ""Avoid using static access to class '\\OpenConext\\EngineBlock\\Assert\\Assertion' in method 'find'.""}]"
/php-code/OpenConext/EngineBlockBundle/Authentication/AuthenticationProcedureMap.php,filterOnBehalfOf,72,79,1.0,69.80218723293,11.2,1,"[{'line': 74, 'rule': 'LongVariable', 'message': 'Avoid excessively long variable names like $authenticationProcedure. Keep variable name length under 20.'}]"
/php-code/OpenConext/EngineBlockBundle/Authentication/AuthenticationProcedureMap.php,filterProceduresCompletedAfter,85,92,1.0,69.80218723293,11.2,1,"[{'line': 87, 'rule': 'LongVariable', 'message': 'Avoid excessively long variable names like $authenticationProcedure. Keep variable name length under 20.'}]"
/php-code/OpenConext/EngineBlockBundle/Authentication/AuthenticationProcedureMap.php,contains,98,107,3.0,67.041551715824,8.0,1,"[{'line': 100, 'rule': 'LongVariable', 'message': 'Avoid excessively long variable names like $authenticationProcedure. Keep variable name length under 20.'}]"
/php-code/OpenConext/EngineBlockBundle/Authentication/AuthenticationProcedureMap.php,count,109,112,1.0,80.401219851729,6.25,0,[]
/php-code/OpenConext/EngineBlockBundle/Authentication/AuthenticationProcedureMap.php,hasBeenAuthenticated,119,127,3.0,66.508176474815,10.5,1,"[{'line': 121, 'rule': 'LongVariable', 'message': 'Avoid excessively long variable names like $authenticationProcedure. Keep variable name length under 20.'}]"
/php-code/OpenConext/EngineBlockBundle/Authentication/AuthenticationState.php,__construct,41,45,1.0,76.38935962878,3.0,1,"[{'line': 41, 'rule': 'LongVariable', 'message': 'Avoid excessively long variable names like $authenticationLoopGuard. Keep variable name length under 20.'}]"
/php-code/OpenConext/EngineBlockBundle/Authentication/AuthenticationState.php,startAuthenticationOnBehalfOf,53,96,3.0,48.348386535487,7.3125,4,"[{'line': 55, 'rule': 'StaticAccess', 'message': ""Avoid using static access to class '\\OpenConext\\EngineBlock\\Assert\\Assertion' in method 'startAuthenticationOnBehalfOf'.""}, {'line': 56, 'rule': 'StaticAccess', 'message': ""Avoid using static access to class 'OpenConext\\EngineBlockBundle\\Authentication\\AuthenticationProcedure' in method 'startAuthenticationOnBehalfOf'.""}, {'line': 56, 'rule': 'LongVariable', 'message': 'Avoid excessively long variable names like $currentAuthenticationProcedure. Keep variable name length under 20.'}, {'line': 59, 'rule': 'LongVariable', 'message': 'Avoid excessively long variable names like $authenticationLimitExceeded. Keep variable name length under 20.'}]"
/php-code/OpenConext/EngineBlockBundle/Authentication/AuthenticationState.php,authenticatedAt,106,123,2.0,59.459699226832,7.9166666666667,1,"[{'line': 108, 'rule': 'StaticAccess', 'message': ""Avoid using static access to class '\\OpenConext\\EngineBlock\\Assert\\Assertion' in method 'authenticatedAt'.""}]"
/php-code/OpenConext/EngineBlockBundle/Authentication/AuthenticationState.php,completeCurrentProcedure,132,156,3.0,53.808662107475,11.392857142857,1,"[{'line': 134, 'rule': 'StaticAccess', 'message': ""Avoid using static access to class '\\OpenConext\\EngineBlock\\Assert\\Assertion' in method 'completeCurrentProcedure'.""}]"
/php-code/OpenConext/EngineBlockBundle/Authentication/AuthenticationState.php,isAuthenticated,165,172,2.0,68.362611119223,9.0,0,[]
/php-code/OpenConext/EngineBlockBundle/Authentication/Repository/DbalConsentRepository.php,__construct,52,58,1.0,71.763223525053,5.5,0,[]
/php-code/OpenConext/EngineBlockBundle/Authentication/Repository/DbalConsentRepository.php,findAllFor,67,105,2.0,48.175176417919,11.645833333333,1,"[{'line': 99, 'rule': 'StaticAccess', 'message': ""Avoid using static access to class '\\OpenConext\\EngineBlock\\Authentication\\Value\\ConsentType' in method 'findAllFor'.""}]"
/php-code/OpenConext/EngineBlockBundle/Authentication/Repository/DbalConsentRepository.php,deleteAllFor,112,129,2.0,57.022797041729,10.607142857143,0,[]
/php-code/OpenConext/EngineBlockBundle/Authentication/Repository/DbalConsentRepository.php,deleteOneFor,134,178,2.0,46.885450998772,11.666666666667,1,"[{'line': 134, 'rule': 'LongVariable', 'message': 'Avoid excessively long variable names like $serviceProviderEntityId. Keep variable name length under 20.'}]"
/php-code/OpenConext/EngineBlockBundle/Authentication/Repository/DbalConsentRepository.php,hasConsentHash,183,222,4.0,47.974555641434,14.318181818182,0,[]
/php-code/OpenConext/EngineBlockBundle/Authentication/Repository/DbalConsentRepository.php,storeConsentHash,227,250,2.0,54.570989339397,9.28125,0,[]
/php-code/OpenConext/EngineBlockBundle/Authentication/Repository/DbalConsentRepository.php,updateConsentHash,255,301,3.0,46.39323680586,12.333333333333,0,[]
/php-code/OpenConext/EngineBlockBundle/Authentication/Repository/DbalConsentRepository.php,countTotalConsent,306,318,2.0,61.282932192077,11.076923076923,0,[]
/php-code/OpenConext/EngineBlockBundle/Authentication/Repository/SamlPersistentIdRepository.php,__construct,31,34,1.0,79.267620989406,6.0,0,[]
/php-code/OpenConext/EngineBlockBundle/Authentication/Repository/SamlPersistentIdRepository.php,findByUuid,40,45,1.0,73.287630913124,12.0,0,[]
/php-code/OpenConext/EngineBlockBundle/Authentication/Repository/SamlPersistentIdRepository.php,deleteByUuid,50,59,1.0,65.449316651845,5.625,0,[]
/php-code/OpenConext/EngineBlockBundle/Authentication/Repository/ServiceProviderUuidRepository.php,__construct,30,33,1.0,79.267620989406,6.0,0,[]
/php-code/OpenConext/EngineBlockBundle/Authentication/Repository/ServiceProviderUuidRepository.php,findEntityIdByUuid,39,48,2.0,66.639784845879,11.916666666667,0,[]
/php-code/OpenConext/EngineBlockBundle/Authentication/Repository/UserRepository.php,__construct,32,35,1.0,79.267620989406,6.0,0,[]
/php-code/OpenConext/EngineBlockBundle/Authentication/Repository/UserRepository.php,save,40,44,1.0,76.301353058055,5.3333333333333,0,[]
/php-code/OpenConext/EngineBlockBundle/Authentication/Repository/UserRepository.php,findByCollabPersonId,51,59,1.0,67.960142275387,6.6,0,[]
/php-code/OpenConext/EngineBlockBundle/Authentication/Repository/UserRepository.php,deleteUserWithCollabPersonId,64,76,1.0,63.885094947311,6.0,0,[]
/php-code/OpenConext/EngineBlockBundle/Authentication/Service/SamlResponseHelper.php,__construct,35,38,1.0,81.120955834208,4.0,0,[]
/php-code/OpenConext/EngineBlockBundle/Authentication/Service/SamlResponseHelper.php,createAuthnFailedResponse,40,69,4.0,51.460958226698,10.112903225806,1,"[{'line': 42, 'rule': 'UnusedFormalParameter', 'message': ""Avoid unused parameters such as '$idpEntityId'.""}]"
/php-code/OpenConext/EngineBlockBundle/Authentication/Service/SamlResponseHelper.php,getAcu,71,86,4.0,57.77126913768,11.538461538462,1,"[{'line': 73, 'rule': 'ShortVariable', 'message': 'Avoid variables with short names like $sp. Configured minimum length is 3.'}]"
/php-code/OpenConext/EngineBlockBundle/Authentication/Service/UserService.php,__construct,35,38,1.0,81.120955834208,4.0,0,[]
/php-code/OpenConext/EngineBlockBundle/Authentication/Service/UserService.php,register,40,47,1.0,69.750228216269,4.6428571428571,0,[]
/php-code/OpenConext/EngineBlockBundle/Authentication/Service/UserService.php,findUserBy,49,58,2.0,67.752384442964,10.5,0,[]
/php-code/OpenConext/EngineBlockBundle/Authentication/Service/UserService.php,getUserBy,60,72,2.0,64.037140875944,12.5,0,[]
/php-code/OpenConext/EngineBlockBundle/Authentication/Service/UserService.php,removeUserWith,74,77,1.0,81.120955834208,4.0,0,[]
/php-code/OpenConext/EngineBlockBundle/Bridge/DiContainerRuntime.php,__construct,32,34,1.0,91.191023588314,2.0,0,[]
/php-code/OpenConext/EngineBlockBundle/Bridge/EngineBlockBootstrapper.php,__construct,30,34,1.0,79.793333921501,4.1666666666667,0,[]
/php-code/OpenConext/EngineBlockBundle/Bridge/EngineBlockBootstrapper.php,onKernelRequest,36,40,1.0,75.931985205709,4.375,1,"[{'line': 38, 'rule': 'StaticAccess', 'message': ""Avoid using static access to class '\\EngineBlock_ApplicationSingleton' in method 'onKernelRequest'.""}]"
/php-code/OpenConext/EngineBlockBundle/Bridge/EngineBlockBootstrapper.php,getSubscribedEvents,42,47,1.0,73.044226188035,13.333333333333,0,[]
/php-code/OpenConext/EngineBlockBundle/Configuration/ErrorFeedbackConfiguration.php,__construct,36,39,1.0,81.120955834208,4.0,0,[]
/php-code/OpenConext/EngineBlockBundle/Configuration/ErrorFeedbackConfiguration.php,hasWikiLink,45,49,1.0,75.281554847219,6.0,0,[]
/php-code/OpenConext/EngineBlockBundle/Configuration/ErrorFeedbackConfiguration.php,getWikiLink,55,59,1.0,75.281554847219,6.0,0,[]
/php-code/OpenConext/EngineBlockBundle/Configuration/ErrorFeedbackConfiguration.php,getIdpContactShortLabel,65,69,1.0,75.281554847219,6.0,0,[]
/php-code/OpenConext/EngineBlockBundle/Configuration/ErrorFeedbackConfiguration.php,isIdPContactPage,75,79,1.0,75.281554847219,6.0,0,[]
/php-code/OpenConext/EngineBlockBundle/Configuration/ErrorFeedbackConfiguration.php,hasTranslation,85,89,1.0,74.099551045755,10.0,0,[]
/php-code/OpenConext/EngineBlockBundle/Configuration/ErrorFeedbackConfiguration.php,getWikiLinksTranslationKey,95,98,1.0,80.401219851729,6.25,0,[]
/php-code/OpenConext/EngineBlockBundle/Configuration/ErrorFeedbackConfiguration.php,getIdpContactTranslationKey,104,107,1.0,80.401219851729,6.25,0,[]
/php-code/OpenConext/EngineBlockBundle/Configuration/Feature.php,__construct,39,46,1.0,69.80218723293,4.7142857142857,2,"[{'line': 41, 'rule': 'StaticAccess', 'message': ""Avoid using static access to class '\\OpenConext\\EngineBlock\\Assert\\Assertion' in method '__construct'.""}, {'line': 42, 'rule': 'StaticAccess', 'message': ""Avoid using static access to class '\\OpenConext\\EngineBlock\\Assert\\Assertion' in method '__construct'.""}]"
/php-code/OpenConext/EngineBlockBundle/Configuration/Feature.php,getFeatureKey,51,54,1.0,82.001716149821,8.0,0,[]
/php-code/OpenConext/EngineBlockBundle/Configuration/Feature.php,isEnabled,59,62,1.0,82.001716149821,8.0,0,[]
/php-code/OpenConext/EngineBlockBundle/Configuration/FeatureConfiguration.php,__construct,34,43,2.0,64.599430087786,10.5,2,"[{'line': 41, 'rule': 'StaticAccess', 'message': ""Avoid using static access to class '\\OpenConext\\EngineBlock\\Assert\\Assertion' in method '__construct'.""}, {'line': 42, 'rule': 'StaticAccess', 'message': ""Avoid using static access to class '\\OpenConext\\EngineBlock\\Assert\\Assertion' in method '__construct'.""}]"
/php-code/OpenConext/EngineBlockBundle/Configuration/FeatureConfiguration.php,hasFeature,45,50,1.0,74.723057266607,5.4,1,"[{'line': 47, 'rule': 'StaticAccess', 'message': ""Avoid using static access to class '\\OpenConext\\EngineBlock\\Assert\\Assertion' in method 'hasFeature'.""}]"
/php-code/OpenConext/EngineBlockBundle/Configuration/FeatureConfiguration.php,isEnabled,52,75,2.0,54.340372603714,12.461538461538,0,[]
/php-code/OpenConext/EngineBlockBundle/Configuration/TestFeatureConfiguration.php,__construct,35,52,1.0,53.785127703706,8.1578947368421,0,[]
/php-code/OpenConext/EngineBlockBundle/Configuration/TestFeatureConfiguration.php,setFeature,54,57,1.0,79.267620989406,6.0,0,[]
/php-code/OpenConext/EngineBlockBundle/Configuration/TestFeatureConfiguration.php,hasFeature,59,64,1.0,74.723057266607,5.4,1,"[{'line': 61, 'rule': 'StaticAccess', 'message': ""Avoid using static access to class '\\OpenConext\\EngineBlock\\Assert\\Assertion' in method 'hasFeature'.""}]"
/php-code/OpenConext/EngineBlockBundle/Configuration/TestFeatureConfiguration.php,isEnabled,66,89,2.0,54.340372603714,12.461538461538,0,[]
/php-code/OpenConext/EngineBlockBundle/Controller/Api/AttributeReleasePolicyController.php,__construct,57,67,1.0,70.218990517498,2.5,1,"[{'line': 59, 'rule': 'LongVariable', 'message': 'Avoid excessively long variable names like $accessDecisionManager. Keep variable name length under 20.'}]"
/php-code/OpenConext/EngineBlockBundle/Controller/Api/AttributeReleasePolicyController.php,applyArpAction,75,129,11.0,41.173529779399,30.6,3,"[{'line': 78, 'rule': 'StaticAccess', 'message': ""Avoid using static access to class '\\OpenConext\\EngineBlockBundle\\Http\\Exception\\ApiMethodNotAllowedHttpException' in method 'applyArpAction'.""}, {'line': 83, 'rule': 'StaticAccess', 'message': ""Avoid using static access to class '\\OpenConext\\EngineBlockBundle\\Http\\Request\\JsonRequestHelper' in method 'applyArpAction'.""}, {'line': 110, 'rule': 'ElseExpression', 'message': 'The method applyArpAction uses an else expression. Else clauses are basically not necessary and you can simplify the code by not using them.'}]"
/php-code/OpenConext/EngineBlockBundle/Controller/Api/AttributeReleasePolicyController.php,readArpAction,132,165,7.0,48.294935838522,23.0,2,"[{'line': 135, 'rule': 'StaticAccess', 'message': ""Avoid using static access to class '\\OpenConext\\EngineBlockBundle\\Http\\Exception\\ApiMethodNotAllowedHttpException' in method 'readArpAction'.""}, {'line': 140, 'rule': 'StaticAccess', 'message': ""Avoid using static access to class '\\OpenConext\\EngineBlockBundle\\Http\\Request\\JsonRequestHelper' in method 'readArpAction'.""}]"
/php-code/OpenConext/EngineBlockBundle/Controller/Api/AttributeReleasePolicyController.php,assertAuthorized,167,177,3.0,63.248776081617,13.2,0,[]
/php-code/OpenConext/EngineBlockBundle/Controller/Api/ConnectionsController.php,__construct,84,98,1.0,66.042230613597,2.3333333333333,1,"[{'line': 87, 'rule': 'LongVariable', 'message': 'Avoid excessively long variable names like $accessDecisionManager. Keep variable name length under 20.'}]"
/php-code/OpenConext/EngineBlockBundle/Controller/Api/ConnectionsController.php,pushConnectionsAction,101,138,7.0,47.474150794425,19.096774193548,2,"[{'line': 104, 'rule': 'StaticAccess', 'message': ""Avoid using static access to class '\\OpenConext\\EngineBlockBundle\\Http\\Exception\\ApiMethodNotAllowedHttpException' in method 'pushConnectionsAction'.""}, {'line': 117, 'rule': 'StaticAccess', 'message': ""Avoid using static access to class '\\OpenConext\\EngineBlockBundle\\Http\\Request\\JsonRequestHelper' in method 'pushConnectionsAction'.""}]"
/php-code/OpenConext/EngineBlockBundle/Controller/Api/ConnectionsController.php,assertAuthorized,140,152,3.0,61.347685282502,13.2,0,[]
/php-code/OpenConext/EngineBlockBundle/Controller/Api/ConsentController.php,__construct,64,74,1.0,70.218990517498,2.5,1,"[{'line': 66, 'rule': 'LongVariable', 'message': 'Avoid excessively long variable names like $accessDecisionManager. Keep variable name length under 20.'}]"
/php-code/OpenConext/EngineBlockBundle/Controller/Api/ConsentController.php,userAction,77,107,5.0,50.644402708456,14.608695652174,1,"[{'line': 80, 'rule': 'StaticAccess', 'message': ""Avoid using static access to class '\\OpenConext\\EngineBlockBundle\\Http\\Exception\\ApiMethodNotAllowedHttpException' in method 'userAction'.""}]"
/php-code/OpenConext/EngineBlockBundle/Controller/Api/ConsentController.php,removeAction,110,150,6.0,46.049767598783,16.5,3,"[{'line': 113, 'rule': 'StaticAccess', 'message': ""Avoid using static access to class '\\OpenConext\\EngineBlockBundle\\Http\\Exception\\ApiMethodNotAllowedHttpException' in method 'removeAction'.""}, {'line': 133, 'rule': 'LongVariable', 'message': 'Avoid excessively long variable names like $serviceProviderEntityId. Keep variable name length under 20.'}, {'line': 136, 'rule': 'StaticAccess', 'message': ""Avoid using static access to class '\\OpenConext\\EngineBlockBundle\\Factory\\CollabPersonIdFactory' in method 'removeAction'.""}]"
/php-code/OpenConext/EngineBlockBundle/Controller/Api/ConsentController.php,assertAuthorized,152,164,3.0,61.347685282502,13.2,0,[]
/php-code/OpenConext/EngineBlockBundle/Controller/Api/DeprovisionController.php,__construct,72,84,1.0,67.965365133435,2.4,1,"[{'line': 74, 'rule': 'LongVariable', 'message': 'Avoid excessively long variable names like $accessDecisionManager. Keep variable name length under 20.'}]"
/php-code/OpenConext/EngineBlockBundle/Controller/Api/DeprovisionController.php,userDataAction,87,102,2.0,60.807593926036,7.8,2,"[{'line': 93, 'rule': 'StaticAccess', 'message': ""Avoid using static access to class '\\OpenConext\\EngineBlockBundle\\Factory\\CollabPersonIdFactory' in method 'userDataAction'.""}, {'line': 93, 'rule': 'ShortVariable', 'message': 'Avoid variables with short names like $id. Configured minimum length is 3.'}]"
/php-code/OpenConext/EngineBlockBundle/Controller/Api/DeprovisionController.php,dryRunAction,105,116,1.0,64.308358548521,6.5454545454545,1,"[{'line': 112, 'rule': 'StaticAccess', 'message': ""Avoid using static access to class '\\OpenConext\\EngineBlockBundle\\Factory\\CollabPersonIdFactory' in method 'dryRunAction'.""}]"
/php-code/OpenConext/EngineBlockBundle/Controller/Api/DeprovisionController.php,createResponse,124,137,2.0,61.527157614583,9.625,0,[]
/php-code/OpenConext/EngineBlockBundle/Controller/Api/DeprovisionController.php,assertDeprovisionApiIsEnabled,142,147,2.0,72.909723264058,7.875,0,[]
/php-code/OpenConext/EngineBlockBundle/Controller/Api/DeprovisionController.php,assertRequestMethod,155,164,3.0,66.352847273071,15.0,1,"[{'line': 163, 'rule': 'StaticAccess', 'message': ""Avoid using static access to class '\\OpenConext\\EngineBlockBundle\\Http\\Exception\\ApiMethodNotAllowedHttpException' in method 'assertRequestMethod'.""}]"
/php-code/OpenConext/EngineBlockBundle/Controller/Api/DeprovisionController.php,assertUserHasDeprovisionRole,169,181,3.0,61.347685282502,13.2,0,[]
/php-code/OpenConext/EngineBlockBundle/Controller/Api/HeartbeatController.php,itWorksAction,27,30,1.0,81.120955834208,12.5,0,[]
/php-code/OpenConext/EngineBlockBundle/Controller/Api/MetadataController.php,__construct,63,73,1.0,70.218990517498,2.5,1,"[{'line': 65, 'rule': 'LongVariable', 'message': 'Avoid excessively long variable names like $accessDecisionManager. Keep variable name length under 20.'}]"
/php-code/OpenConext/EngineBlockBundle/Controller/Api/MetadataController.php,idpAction,76,106,5.0,51.101448597294,13.730769230769,2,"[{'line': 79, 'rule': 'StaticAccess', 'message': ""Avoid using static access to class '\\OpenConext\\EngineBlockBundle\\Http\\Exception\\ApiMethodNotAllowedHttpException' in method 'idpAction'.""}, {'line': 105, 'rule': 'StaticAccess', 'message': ""Avoid using static access to class '\\OpenConext\\EngineBlockBundle\\Http\\Response\\JsonHelper' in method 'idpAction'.""}]"
/php-code/OpenConext/EngineBlockBundle/Controller/Api/MetadataController.php,assertAuthorized,108,120,3.0,61.347685282502,13.2,0,[]
/php-code/OpenConext/EngineBlockBundle/Controller/CertificateController.php,__construct,32,35,1.0,81.120955834208,4.0,1,"[{'line': 32, 'rule': 'LongVariable', 'message': 'Avoid excessively long variable names like $engineBlockApplicationSingleton. Keep variable name length under 20.'}]"
/php-code/OpenConext/EngineBlockBundle/Controller/CertificateController.php,idpSigningCertificateAction,41,52,2.0,66.02699535535,8.0,1,"[{'line': 51, 'rule': 'StaticAccess', 'message': ""Avoid using static access to class '\\OpenConext\\EngineBlockBridge\\ResponseFactory' in method 'idpSigningCertificateAction'.""}]"
/php-code/OpenConext/EngineBlockBundle/Controller/CertificateController.php,spSigningCertificateAction,58,69,2.0,66.02699535535,8.0,1,"[{'line': 68, 'rule': 'StaticAccess', 'message': ""Avoid using static access to class '\\OpenConext\\EngineBlockBridge\\ResponseFactory' in method 'spSigningCertificateAction'.""}]"
/php-code/OpenConext/EngineBlockBundle/Controller/DebugController.php,__construct,42,48,1.0,76.38935962878,3.0,1,"[{'line': 43, 'rule': 'LongVariable', 'message': 'Avoid excessively long variable names like $engineBlockApplicationSingleton. Keep variable name length under 20.'}]"
/php-code/OpenConext/EngineBlockBundle/Controller/DebugController.php,debugSpConnectionAction,51,68,1.0,61.384685710484,5.6,2,"[{'line': 64, 'rule': 'StaticAccess', 'message': ""Avoid using static access to class '\\OpenConext\\Value\\Saml\\EntityType' in method 'debugSpConnectionAction'.""}, {'line': 67, 'rule': 'StaticAccess', 'message': ""Avoid using static access to class '\\OpenConext\\EngineBlockBridge\\ResponseFactory' in method 'debugSpConnectionAction'.""}]"
/php-code/OpenConext/EngineBlockBundle/Controller/FeedbackController.php,__construct,53,65,1.0,67.830190182927,3.6111111111111,0,[]
/php-code/OpenConext/EngineBlockBundle/Controller/FeedbackController.php,unableToReceiveMessageAction,73,79,1.0,71.948307179906,5.25,0,[]
/php-code/OpenConext/EngineBlockBundle/Controller/FeedbackController.php,unsolicitedResponseAction,86,92,1.0,71.948307179906,5.25,0,[]
/php-code/OpenConext/EngineBlockBundle/Controller/FeedbackController.php,unknownErrorAction,95,101,1.0,71.948307179906,5.25,0,[]
/php-code/OpenConext/EngineBlockBundle/Controller/FeedbackController.php,sessionLostAction,105,108,1.0,78.514964679948,5.25,0,[]
/php-code/OpenConext/EngineBlockBundle/Controller/FeedbackController.php,sessionNotStartedAction,111,114,1.0,78.514964679948,5.25,0,[]
/php-code/OpenConext/EngineBlockBundle/Controller/FeedbackController.php,noIdpsAction,117,122,1.0,79.435163286757,5.0,0,[]
/php-code/OpenConext/EngineBlockBundle/Controller/FeedbackController.php,invalidAcsLocationAction,125,131,1.0,71.948307179906,5.25,0,[]
/php-code/OpenConext/EngineBlockBundle/Controller/FeedbackController.php,unsupportedSignatureMethodAction,138,150,1.0,63.39083140468,6.2857142857143,0,[]
/php-code/OpenConext/EngineBlockBundle/Controller/FeedbackController.php,unsupportedAcsLocationSchemeAction,157,166,1.0,68.107058787303,5.25,0,[]
/php-code/OpenConext/EngineBlockBundle/Controller/FeedbackController.php,unknownServiceProviderAction,170,186,1.0,60.560367402162,7.9615384615385,0,[]
/php-code/OpenConext/EngineBlockBundle/Controller/FeedbackController.php,unknownIdentityProviderAction,189,202,1.0,63.441756118263,7.6153846153846,0,[]
/php-code/OpenConext/EngineBlockBundle/Controller/FeedbackController.php,unknownSigningKeyAction,205,211,1.0,71.948307179906,5.25,1,"[{'line': 205, 'rule': 'UnusedFormalParameter', 'message': ""Avoid unused parameters such as '$request'.""}]"
/php-code/OpenConext/EngineBlockBundle/Controller/FeedbackController.php,missingRequiredFieldsAction,215,221,1.0,71.948307179906,5.25,0,[]
/php-code/OpenConext/EngineBlockBundle/Controller/FeedbackController.php,authnContextClassRefBlacklistedAction,229,235,1.0,71.948307179906,5.25,0,[]
/php-code/OpenConext/EngineBlockBundle/Controller/FeedbackController.php,invalidMfAuthnContextClassRefAction,243,249,1.0,71.948307179906,5.25,0,[]
/php-code/OpenConext/EngineBlockBundle/Controller/FeedbackController.php,invalidAttributeValueAction,253,270,1.0,58.541617047853,9.4090909090909,0,[]
/php-code/OpenConext/EngineBlockBundle/Controller/FeedbackController.php,metadataEntityNotFoundAction,273,295,2.0,57.159686951262,11.0,1,"[{'line': 280, 'rule': 'ElseExpression', 'message': 'The method metadataEntityNotFoundAction uses an else expression. Else clauses are basically not necessary and you can simplify the code by not using them.'}]"
/php-code/OpenConext/EngineBlockBundle/Controller/FeedbackController.php,customAction,298,326,4.0,51.002153702732,15.277777777778,0,[]
/php-code/OpenConext/EngineBlockBundle/Controller/FeedbackController.php,invalidAcsBindingAction,329,333,1.0,79.435163286757,5.0,0,[]
/php-code/OpenConext/EngineBlockBundle/Controller/FeedbackController.php,receivedErrorStatusCodeAction,340,346,1.0,74.595762640553,5.0,0,[]
/php-code/OpenConext/EngineBlockBundle/Controller/FeedbackController.php,signatureVerificationFailedAction,353,359,1.0,74.595762640553,5.0,0,[]
/php-code/OpenConext/EngineBlockBundle/Controller/FeedbackController.php,receivedInvalidResponseAction,362,368,1.0,74.595762640553,5.0,0,[]
/php-code/OpenConext/EngineBlockBundle/Controller/FeedbackController.php,unknownRequesterIdInAuthnRequestAction,375,381,1.0,71.948307179906,5.25,0,[]
/php-code/OpenConext/EngineBlockBundle/Controller/FeedbackController.php,authorizationPolicyViolationAction,385,415,4.0,50.811211321684,11.0,1,"[{'line': 389, 'rule': 'LongVariable', 'message': 'Avoid excessively long variable names like $policyDecisionMessage. Keep variable name length under 20.'}]"
/php-code/OpenConext/EngineBlockBundle/Controller/FeedbackController.php,unknownPreselectedIdpAction,418,430,1.0,63.520009178974,7.65,0,[]
/php-code/OpenConext/EngineBlockBundle/Controller/FeedbackController.php,unknownKeyIdAction,433,445,1.0,63.520009178974,7.65,0,[]
/php-code/OpenConext/EngineBlockBundle/Controller/FeedbackController.php,stuckInAuthenticationLoopAction,452,458,1.0,71.948307179906,5.25,0,[]
/php-code/OpenConext/EngineBlockBundle/Controller/FeedbackController.php,authenticationLimitExceededAction,465,471,1.0,71.948307179906,5.25,0,[]
/php-code/OpenConext/EngineBlockBundle/Controller/FeedbackController.php,noAuthenticationRequestReceivedAction,478,500,2.0,57.159686951262,11.0,1,"[{'line': 485, 'rule': 'ElseExpression', 'message': 'The method noAuthenticationRequestReceivedAction uses an else expression. Else clauses are basically not necessary and you can simplify the code by not using them.'}]"
/php-code/OpenConext/EngineBlockBundle/Controller/FeedbackController.php,clockIssueAction,503,509,1.0,71.948307179906,5.25,0,[]
/php-code/OpenConext/EngineBlockBundle/Controller/FeedbackController.php,stepupCalloutUserCancelledAction,516,522,1.0,71.948307179906,5.25,1,"[{'line': 516, 'rule': 'UnusedFormalParameter', 'message': ""Avoid unused parameters such as '$request'.""}]"
/php-code/OpenConext/EngineBlockBundle/Controller/FeedbackController.php,stepupCalloutUnmetLoaAction,525,531,1.0,71.948307179906,5.25,1,"[{'line': 525, 'rule': 'UnusedFormalParameter', 'message': ""Avoid unused parameters such as '$request'.""}]"
/php-code/OpenConext/EngineBlockBundle/Controller/FeedbackController.php,stepupCalloutUnknownAction,534,540,1.0,71.948307179906,5.25,1,"[{'line': 534, 'rule': 'UnusedFormalParameter', 'message': ""Avoid unused parameters such as '$request'.""}]"
/php-code/OpenConext/EngineBlockBundle/Controller/FeedbackController.php,setFeedbackInformationOnSession,546,550,1.0,73.643435625533,7.0,0,[]
/php-code/OpenConext/EngineBlockBundle/Controller/IdentityProviderController.php,__construct,85,105,1.0,61.540665319148,2.2222222222222,3,"[{'line': 86, 'rule': 'LongVariable', 'message': 'Avoid excessively long variable names like $engineBlockApplicationSingleton. Keep variable name length under 20.'}, {'line': 92, 'rule': 'LongVariable', 'message': 'Avoid excessively long variable names like $unsolicitedRequestValidator. Keep variable name length under 20.'}, {'line': 93, 'rule': 'LongVariable', 'message': 'Avoid excessively long variable names like $authenticationStateHelper. Keep variable name length under 20.'}]"
/php-code/OpenConext/EngineBlockBundle/Controller/IdentityProviderController.php,singleSignOnAction,123,137,2.0,62.742572126649,6.6666666666667,1,"[{'line': 136, 'rule': 'StaticAccess', 'message': ""Avoid using static access to class '\\OpenConext\\EngineBlockBridge\\ResponseFactory' in method 'singleSignOnAction'.""}]"
/php-code/OpenConext/EngineBlockBundle/Controller/IdentityProviderController.php,unsolicitedSingleSignOnAction,152,169,3.0,60.206943328481,8.9285714285714,1,"[{'line': 168, 'rule': 'StaticAccess', 'message': ""Avoid using static access to class '\\OpenConext\\EngineBlockBridge\\ResponseFactory' in method 'unsolicitedSingleSignOnAction'.""}]"
/php-code/OpenConext/EngineBlockBundle/Controller/IdentityProviderController.php,processConsentAction,175,181,1.0,72.412808236663,6.6,1,"[{'line': 180, 'rule': 'StaticAccess', 'message': ""Avoid using static access to class '\\OpenConext\\EngineBlockBridge\\ResponseFactory' in method 'processConsentAction'.""}]"
/php-code/OpenConext/EngineBlockBundle/Controller/IdentityProviderController.php,processSramInterrupt,189,195,1.0,72.412808236663,6.6,2,"[{'line': 189, 'rule': 'UnusedFormalParameter', 'message': ""Avoid unused parameters such as '$request'.""}, {'line': 194, 'rule': 'StaticAccess', 'message': ""Avoid using static access to class '\\OpenConext\\EngineBlockBridge\\ResponseFactory' in method 'processSramInterrupt'.""}]"
/php-code/OpenConext/EngineBlockBundle/Controller/IdentityProviderController.php,requestAccessAction,203,211,1.0,68.332699101325,9.0,0,[]
/php-code/OpenConext/EngineBlockBundle/Controller/IdentityProviderController.php,performRequestAccessAction,219,264,4.0,44.703803522665,16.258064516129,1,"[{'line': 250, 'rule': 'ElseExpression', 'message': 'The method performRequestAccessAction uses an else expression. Else clauses are basically not necessary and you can simplify the code by not using them.'}]"
/php-code/OpenConext/EngineBlockBundle/Controller/IdentityProviderController.php,validateRequest,274,290,4.0,58.689232081808,31.0,0,[]
/php-code/OpenConext/EngineBlockBundle/Controller/IndexController.php,__construct,39,43,1.0,76.38935962878,3.0,0,[]
/php-code/OpenConext/EngineBlockBundle/Controller/IndexController.php,indexAction,46,66,2.0,56.103215247742,10.607142857143,0,[]
/php-code/OpenConext/EngineBlockBundle/Controller/LogoutController.php,__construct,42,46,1.0,76.38935962878,3.0,0,[]
/php-code/OpenConext/EngineBlockBundle/Controller/LogoutController.php,logoutAction,54,81,3.0,53.101235738035,11.275,0,[]
/php-code/OpenConext/EngineBlockBundle/Controller/MetadataController.php,__construct,41,47,1.0,76.38935962878,3.0,1,"[{'line': 43, 'rule': 'LongVariable', 'message': 'Avoid excessively long variable names like $engineBlockConfiguration. Keep variable name length under 20.'}]"
/php-code/OpenConext/EngineBlockBundle/Controller/MetadataController.php,idpMetadataAction,51,59,1.0,69.212087277954,5.6875,0,[]
/php-code/OpenConext/EngineBlockBundle/Controller/MetadataController.php,spMetadataAction,63,75,2.0,64.033956310293,9.5,0,[]
/php-code/OpenConext/EngineBlockBundle/Controller/MetadataController.php,allIdpsMetadataAction,79,90,1.0,66.399399953882,5.25,0,[]
/php-code/OpenConext/EngineBlockBundle/Controller/MetadataController.php,stepupMetadataAction,94,106,2.0,64.033956310293,9.5,0,[]
/php-code/OpenConext/EngineBlockBundle/Controller/MetadataController.php,signingCertificateAction,115,131,2.0,57.986502226973,8.4375,0,[]
/php-code/OpenConext/EngineBlockBundle/Controller/ProxyController.php,__construct,36,39,1.0,81.120955834208,4.0,1,"[{'line': 36, 'rule': 'LongVariable', 'message': 'Avoid excessively long variable names like $engineBlockApplicationSingleton. Keep variable name length under 20.'}]"
/php-code/OpenConext/EngineBlockBundle/Controller/ProxyController.php,processedAssertionAction,45,51,1.0,72.412808236663,6.6,1,"[{'line': 50, 'rule': 'StaticAccess', 'message': ""Avoid using static access to class '\\OpenConext\\EngineBlockBridge\\ResponseFactory' in method 'processedAssertionAction'.""}]"
/php-code/OpenConext/EngineBlockBundle/Controller/ServiceProviderController.php,__construct,50,60,1.0,70.218990517498,2.5,2,"[{'line': 51, 'rule': 'LongVariable', 'message': 'Avoid excessively long variable names like $engineBlockApplicationSingleton. Keep variable name length under 20.'}, {'line': 54, 'rule': 'LongVariable', 'message': 'Avoid excessively long variable names like $samlResponseValidator. Keep variable name length under 20.'}]"
/php-code/OpenConext/EngineBlockBundle/Controller/ServiceProviderController.php,consumeAssertionAction,67,77,1.0,65.888494819593,5.6666666666667,1,"[{'line': 76, 'rule': 'StaticAccess', 'message': ""Avoid using static access to class '\\OpenConext\\EngineBlockBridge\\ResponseFactory' in method 'consumeAssertionAction'.""}]"
/php-code/OpenConext/EngineBlockBundle/Controller/ServiceProviderController.php,processConsentAction,83,89,1.0,72.412808236663,6.6,1,"[{'line': 88, 'rule': 'StaticAccess', 'message': ""Avoid using static access to class '\\OpenConext\\EngineBlockBridge\\ResponseFactory' in method 'processConsentAction'.""}]"
/php-code/OpenConext/EngineBlockBundle/Controller/StepupController.php,__construct,50,60,1.0,70.218990517498,2.5,2,"[{'line': 51, 'rule': 'LongVariable', 'message': 'Avoid excessively long variable names like $engineBlockApplicationSingleton. Keep variable name length under 20.'}, {'line': 54, 'rule': 'LongVariable', 'message': 'Avoid excessively long variable names like $samlResponseValidator. Keep variable name length under 20.'}]"
/php-code/OpenConext/EngineBlockBundle/Controller/StepupController.php,consumeAssertionAction,67,77,1.0,65.888494819593,5.6666666666667,1,"[{'line': 76, 'rule': 'StaticAccess', 'message': ""Avoid using static access to class '\\OpenConext\\EngineBlockBridge\\ResponseFactory' in method 'consumeAssertionAction'.""}]"
/php-code/OpenConext/EngineBlockBundle/Controller/WayfController.php,__construct,62,74,1.0,67.965365133435,2.4,2,"[{'line': 63, 'rule': 'LongVariable', 'message': 'Avoid excessively long variable names like $engineBlockApplicationSingleton. Keep variable name length under 20.'}, {'line': 66, 'rule': 'LongVariable', 'message': 'Avoid excessively long variable names like $discoverySelectionService. Keep variable name length under 20.'}]"
/php-code/OpenConext/EngineBlockBundle/Controller/WayfController.php,processWayfAction,77,99,3.0,55.0917598597,13.125,2,"[{'line': 82, 'rule': 'StaticAccess', 'message': ""Avoid using static access to class '\\OpenConext\\EngineBlockBridge\\ResponseFactory' in method 'processWayfAction'.""}, {'line': 94, 'rule': 'ElseExpression', 'message': 'The method processWayfAction uses an else expression. Else clauses are basically not necessary and you can simplify the code by not using them.'}]"
/php-code/OpenConext/EngineBlockBundle/Controller/WayfController.php,helpDiscoverAction,102,105,1.0,79.435163286757,5.0,0,[]
/php-code/OpenConext/EngineBlockBundle/Controller/WayfController.php,getCookies,107,117,2.0,65.616594418726,10.125,0,[]
/php-code/OpenConext/EngineBlockBundle/Controller/WayfController.php,cookieAction,120,172,9.0,41.099865184943,28.787878787879,1,"[{'line': 142, 'rule': 'ElseExpression', 'message': 'The method cookieAction uses an else expression. Else clauses are basically not necessary and you can simplify the code by not using them.'}]"
/php-code/OpenConext/EngineBlockBundle/Doctrine/DqlFunction/Md5.php,getSql,30,33,1.0,78.514964679948,5.25,0,[]
/php-code/OpenConext/EngineBlockBundle/Doctrine/DqlFunction/Md5.php,parse,35,43,1.0,70.162965806206,4.5833333333333,0,[]
/php-code/OpenConext/EngineBlockBundle/Doctrine/Type/CollabPersonIdType.php,getSQLDeclaration,31,37,1.0,75.158217726801,7.0,0,[]
/php-code/OpenConext/EngineBlockBundle/Doctrine/Type/CollabPersonIdType.php,convertToDatabaseValue,39,57,3.0,57.80302847931,13.8,1,"[{'line': 39, 'rule': 'UnusedFormalParameter', 'message': ""Avoid unused parameters such as '$platform'.""}]"
/php-code/OpenConext/EngineBlockBundle/Doctrine/Type/CollabPersonIdType.php,convertToPHPValue,59,80,3.0,56.416789635707,11.846153846154,2,"[{'line': 59, 'rule': 'UnusedFormalParameter', 'message': ""Avoid unused parameters such as '$platform'.""}, {'line': 69, 'rule': 'LongVariable', 'message': 'Avoid excessively long variable names like $doctrineExceptionMessage. Keep variable name length under 20.'}]"
/php-code/OpenConext/EngineBlockBundle/Doctrine/Type/CollabPersonIdType.php,getName,82,85,1.0,81.120955834208,12.5,0,[]
/php-code/OpenConext/EngineBlockBundle/Doctrine/Type/CollabPersonIdType.php,requiresSQLCommentHint,90,93,1.0,82.001716149821,8.0,1,"[{'line': 90, 'rule': 'UnusedFormalParameter', 'message': ""Avoid unused parameters such as '$platform'.""}]"
/php-code/OpenConext/EngineBlockBundle/Doctrine/Type/CollabPersonIdType.php,getValueForExceptionMessage,95,106,3.0,65.233913600479,11.2,0,[]
/php-code/OpenConext/EngineBlockBundle/Doctrine/Type/CollabPersonUuidType.php,getSQLDeclaration,31,34,1.0,80.401219851729,6.25,0,[]
/php-code/OpenConext/EngineBlockBundle/Doctrine/Type/CollabPersonUuidType.php,convertToDatabaseValue,36,54,3.0,57.80302847931,13.8,1,"[{'line': 36, 'rule': 'UnusedFormalParameter', 'message': ""Avoid unused parameters such as '$platform'.""}]"
/php-code/OpenConext/EngineBlockBundle/Doctrine/Type/CollabPersonUuidType.php,convertToPHPValue,56,77,3.0,56.416789635707,11.846153846154,2,"[{'line': 56, 'rule': 'UnusedFormalParameter', 'message': ""Avoid unused parameters such as '$platform'.""}, {'line': 66, 'rule': 'LongVariable', 'message': 'Avoid excessively long variable names like $doctrineExceptionMessage. Keep variable name length under 20.'}]"
/php-code/OpenConext/EngineBlockBundle/Doctrine/Type/CollabPersonUuidType.php,getName,79,82,1.0,81.120955834208,12.5,0,[]
/php-code/OpenConext/EngineBlockBundle/Doctrine/Type/CollabPersonUuidType.php,requiresSQLCommentHint,87,90,1.0,82.001716149821,8.0,1,"[{'line': 87, 'rule': 'UnusedFormalParameter', 'message': ""Avoid unused parameters such as '$platform'.""}]"
/php-code/OpenConext/EngineBlockBundle/Doctrine/Type/CollabPersonUuidType.php,getValueForExceptionMessage,92,103,3.0,65.233913600479,11.2,0,[]
/php-code/OpenConext/EngineBlockBundle/Doctrine/Type/LegacyJsonType.php,getSQLDeclaration,49,54,1.0,73.965396159465,8.1666666666667,1,"[{'line': 49, 'rule': 'UnusedFormalParameter', 'message': ""Avoid unused parameters such as '$column'.""}]"
/php-code/OpenConext/EngineBlockBundle/Doctrine/Type/LegacyJsonType.php,convertToDatabaseValue,56,67,3.0,62.255694440585,13.8,2,"[{'line': 56, 'rule': 'UnusedFormalParameter', 'message': ""Avoid unused parameters such as '$platform'.""}, {'line': 65, 'rule': 'StaticAccess', 'message': ""Avoid using static access to class '\\Doctrine\\DBAL\\Types\\Exception\\SerializationFailed' in method 'convertToDatabaseValue'.""}]"
/php-code/OpenConext/EngineBlockBundle/Doctrine/Type/LegacyJsonType.php,convertToPHPValue,69,84,4.0,58.123005181191,16.5,2,"[{'line': 69, 'rule': 'UnusedFormalParameter', 'message': ""Avoid unused parameters such as '$platform'.""}, {'line': 82, 'rule': 'StaticAccess', 'message': ""Avoid using static access to class '\\Doctrine\\DBAL\\Types\\Exception\\ValueNotConvertible' in method 'convertToPHPValue'.""}]"
/php-code/OpenConext/EngineBlockBundle/Doctrine/Type/LegacyJsonType.php,getName,86,89,1.0,81.120955834208,12.5,0,[]
/php-code/OpenConext/EngineBlockBundle/Doctrine/Type/MetadataCoinType.php,getSQLDeclaration,31,35,1.0,75.158217726801,7.0,0,[]
/php-code/OpenConext/EngineBlockBundle/Doctrine/Type/MetadataCoinType.php,convertToDatabaseValue,37,54,4.0,58.076437194452,15.6,1,"[{'line': 37, 'rule': 'UnusedFormalParameter', 'message': ""Avoid unused parameters such as '$platform'.""}]"
/php-code/OpenConext/EngineBlockBundle/Doctrine/Type/MetadataCoinType.php,getMappedDatabaseTypes,56,59,1.0,79.793333921501,9.0,0,[]
/php-code/OpenConext/EngineBlockBundle/Doctrine/Type/MetadataCoinType.php,convertToPHPValue,61,82,3.0,56.416789635707,11.846153846154,3,"[{'line': 61, 'rule': 'UnusedFormalParameter', 'message': ""Avoid unused parameters such as '$platform'.""}, {'line': 68, 'rule': 'StaticAccess', 'message': ""Avoid using static access to class '\\OpenConext\\EngineBlock\\Metadata\\Coins' in method 'convertToPHPValue'.""}, {'line': 71, 'rule': 'LongVariable', 'message': 'Avoid excessively long variable names like $doctrineExceptionMessage. Keep variable name length under 20.'}]"
/php-code/OpenConext/EngineBlockBundle/Doctrine/Type/MetadataCoinType.php,getName,84,87,1.0,81.120955834208,12.5,0,[]
/php-code/OpenConext/EngineBlockBundle/Doctrine/Type/MetadataCoinType.php,requiresSQLCommentHint,92,95,1.0,82.001716149821,8.0,1,"[{'line': 92, 'rule': 'UnusedFormalParameter', 'message': ""Avoid unused parameters such as '$platform'.""}]"
/php-code/OpenConext/EngineBlockBundle/Doctrine/Type/MetadataMduiType.php,getSQLDeclaration,31,35,1.0,75.158217726801,7.0,0,[]
/php-code/OpenConext/EngineBlockBundle/Doctrine/Type/MetadataMduiType.php,convertToDatabaseValue,37,54,4.0,58.076437194452,15.6,1,"[{'line': 37, 'rule': 'UnusedFormalParameter', 'message': ""Avoid unused parameters such as '$platform'.""}]"
/php-code/OpenConext/EngineBlockBundle/Doctrine/Type/MetadataMduiType.php,convertToPHPValue,56,77,3.0,56.416789635707,11.846153846154,3,"[{'line': 56, 'rule': 'UnusedFormalParameter', 'message': ""Avoid unused parameters such as '$platform'.""}, {'line': 63, 'rule': 'StaticAccess', 'message': ""Avoid using static access to class '\\OpenConext\\EngineBlock\\Metadata\\Mdui' in method 'convertToPHPValue'.""}, {'line': 66, 'rule': 'LongVariable', 'message': 'Avoid excessively long variable names like $doctrineExceptionMessage. Keep variable name length under 20.'}]"
/php-code/OpenConext/EngineBlockBundle/Doctrine/Type/MetadataMduiType.php,getName,79,82,1.0,81.120955834208,12.5,0,[]
/php-code/OpenConext/EngineBlockBundle/Doctrine/Type/MetadataMduiType.php,requiresSQLCommentHint,87,90,1.0,82.001716149821,8.0,1,"[{'line': 87, 'rule': 'UnusedFormalParameter', 'message': ""Avoid unused parameters such as '$platform'.""}]"
/php-code/OpenConext/EngineBlockBundle/Doctrine/Type/SerializedArrayType.php,getSQLDeclaration,45,48,1.0,80.401219851729,6.25,0,[]
/php-code/OpenConext/EngineBlockBundle/Doctrine/Type/SerializedArrayType.php,convertToDatabaseValue,50,53,1.0,80.401219851729,6.25,1,"[{'line': 50, 'rule': 'UnusedFormalParameter', 'message': ""Avoid unused parameters such as '$platform'.""}]"
/php-code/OpenConext/EngineBlockBundle/Doctrine/Type/SerializedArrayType.php,convertToPHPValue,55,76,4.0,55.312271702238,18.5,2,"[{'line': 55, 'rule': 'UnusedFormalParameter', 'message': ""Avoid unused parameters such as '$platform'.""}, {'line': 68, 'rule': 'StaticAccess', 'message': ""Avoid using static access to class '\\Doctrine\\DBAL\\Types\\Exception\\ValueNotConvertible' in method 'convertToPHPValue'.""}]"
/php-code/OpenConext/EngineBlockBundle/Doctrine/Type/SerializedArrayType.php,getName,78,81,1.0,81.120955834208,12.5,0,[]
/php-code/OpenConext/EngineBlockBundle/Doctrine/Type/SerializedObjectType.php,getSQLDeclaration,45,48,1.0,80.401219851729,6.25,0,[]
/php-code/OpenConext/EngineBlockBundle/Doctrine/Type/SerializedObjectType.php,convertToDatabaseValue,50,53,1.0,80.401219851729,6.25,1,"[{'line': 50, 'rule': 'UnusedFormalParameter', 'message': ""Avoid unused parameters such as '$platform'.""}]"
/php-code/OpenConext/EngineBlockBundle/Doctrine/Type/SerializedObjectType.php,convertToPHPValue,55,76,4.0,55.312271702238,18.5,2,"[{'line': 55, 'rule': 'UnusedFormalParameter', 'message': ""Avoid unused parameters such as '$platform'.""}, {'line': 68, 'rule': 'StaticAccess', 'message': ""Avoid using static access to class '\\Doctrine\\DBAL\\Types\\Exception\\ValueNotConvertible' in method 'convertToPHPValue'.""}]"
/php-code/OpenConext/EngineBlockBundle/Doctrine/Type/SerializedObjectType.php,getName,78,81,1.0,81.120955834208,12.5,0,[]
/php-code/OpenConext/EngineBlockBundle/EventListener/ApiHttpExceptionListener.php,__construct,43,47,1.0,76.38935962878,3.0,0,[]
/php-code/OpenConext/EngineBlockBundle/EventListener/ApiHttpExceptionListener.php,onKernelException,49,61,2.0,63.566909320619,11.5,0,[]
/php-code/OpenConext/EngineBlockBundle/EventListener/AuthenticationStateInitializer.php,__construct,34,37,1.0,81.120955834208,4.0,0,[]
/php-code/OpenConext/EngineBlockBundle/EventListener/AuthenticationStateInitializer.php,onKernelController,39,57,4.0,56.879388530544,13.2,1,"[{'line': 53, 'rule': 'LongVariable', 'message': 'Avoid excessively long variable names like $authenticationLoopGuard. Keep variable name length under 20.'}]"
/php-code/OpenConext/EngineBlockBundle/EventListener/AuthenticationStateInitializer.php,getAuthenticationLoopGuard,59,65,1.0,75.406732511543,17.5,0,[]
/php-code/OpenConext/EngineBlockBundle/EventListener/ExecutionTimePaddingListener.php,__construct,56,68,1.0,67.965365133435,2.4,0,[]
/php-code/OpenConext/EngineBlockBundle/EventListener/ExecutionTimePaddingListener.php,onKernelException,70,112,4.0,46.891571154656,11.818181818182,1,"[{'line': 91, 'rule': 'ElseExpression', 'message': 'The method onKernelException uses an else expression. Else clauses are basically not necessary and you can simplify the code by not using them.'}]"
/php-code/OpenConext/EngineBlockBundle/EventListener/ExecutionTimeTracker.php,__construct,33,36,1.0,81.120955834208,4.0,0,[]
/php-code/OpenConext/EngineBlockBundle/EventListener/ExecutionTimeTracker.php,startTracking,41,44,1.0,81.120955834208,12.5,0,[]
/php-code/OpenConext/EngineBlockBundle/EventListener/ExecutionTimeTracker.php,isTracking,49,52,1.0,80.401219851729,18.0,0,[]
/php-code/OpenConext/EngineBlockBundle/EventListener/ExecutionTimeTracker.php,currentExecutionTimeExceeds,58,63,1.0,74.932860150661,8.75,0,[]
/php-code/OpenConext/EngineBlockBundle/EventListener/ExecutionTimeTracker.php,timeRemainingUntil,69,80,2.0,65.093437418531,11.666666666667,2,"[{'line': 74, 'rule': 'StaticAccess', 'message': ""Avoid using static access to class '\\OpenConext\\EngineBlockBundle\\Value\\ExecutionTime' in method 'timeRemainingUntil'.""}, {'line': 79, 'rule': 'StaticAccess', 'message': ""Avoid using static access to class '\\OpenConext\\EngineBlockBundle\\Value\\ExecutionTime' in method 'timeRemainingUntil'.""}]"
/php-code/OpenConext/EngineBlockBundle/EventListener/FallbackExceptionListener.php,__construct,60,68,1.0,72.942205732312,2.6666666666667,0,[]
/php-code/OpenConext/EngineBlockBundle/EventListener/FallbackExceptionListener.php,onKernelException,70,103,3.0,48.992934849878,11.4,1,"[{'line': 91, 'rule': 'ElseExpression', 'message': 'The method onKernelException uses an else expression. Else clauses are basically not necessary and you can simplify the code by not using them.'}]"
/php-code/OpenConext/EngineBlockBundle/EventListener/LocaleListener.php,__construct,42,46,1.0,76.38935962878,3.0,0,[]
/php-code/OpenConext/EngineBlockBundle/EventListener/LocaleListener.php,onKernelRequest,48,55,1.0,72.53614535708,5.0,0,[]
/php-code/OpenConext/EngineBlockBundle/EventListener/LocaleListener.php,onKernelResponse,57,61,1.0,75.198626904278,5.625,0,[]
/php-code/OpenConext/EngineBlockBundle/EventListener/MethodNotAllowedHttpExceptionListener.php,__construct,44,50,1.0,76.38935962878,3.0,0,[]
/php-code/OpenConext/EngineBlockBundle/EventListener/MethodNotAllowedHttpExceptionListener.php,onKernelException,52,85,3.0,49.66833292402,12.75,0,[]
/php-code/OpenConext/EngineBlockBundle/EventListener/NotFoundHttpExceptionListener.php,__construct,54,62,1.0,72.942205732312,2.6666666666667,1,"[{'line': 55, 'rule': 'LongVariable', 'message': 'Avoid excessively long variable names like $engineBlockApplicationSingleton. Keep variable name length under 20.'}]"
/php-code/OpenConext/EngineBlockBundle/EventListener/NotFoundHttpExceptionListener.php,onKernelException,64,89,3.0,55.197537126135,10.333333333333,0,[]
/php-code/OpenConext/EngineBlockBundle/EventListener/RedirectToFeedbackPageExceptionListener.php,__construct,90,100,1.0,70.218990517498,2.5,1,"[{'line': 91, 'rule': 'LongVariable', 'message': 'Avoid excessively long variable names like $engineBlockApplicationSingleton. Keep variable name length under 20.'}]"
/php-code/OpenConext/EngineBlockBundle/EventListener/RedirectToFeedbackPageExceptionListener.php,onKernelException,107,250,34.0,23.479433359084,22.693965517241,1,"[{'line': 230, 'rule': 'ElseExpression', 'message': 'The method onKernelException uses an else expression. Else clauses are basically not necessary and you can simplify the code by not using them.'}]"
/php-code/OpenConext/EngineBlockBundle/Exception/Art.php,forException,50,53,1.0,77.549879027516,10.0,0,[]
/php-code/OpenConext/EngineBlockBundle/Exception/Art.php,calculateArt,60,65,1.0,72.426015793922,8.8888888888889,0,[]
/php-code/OpenConext/EngineBlockBundle/Exception/Art.php,stripVariableArgumentsFromMessage,82,85,1.0,78.127031559328,7.0,0,[]
/php-code/OpenConext/EngineBlockBundle/Exception/InvalidArgumentException.php,invalidType,25,35,1.0,65.196566025011,8.0,0,[]
/php-code/OpenConext/EngineBlockBundle/Exception/UnknownKeyIdException.php,__construct,28,33,1.0,71.849838637306,6.4166666666667,0,[]
/php-code/OpenConext/EngineBlockBundle/Exception/UnknownKeyIdException.php,getRequestedKeyId,35,38,1.0,82.001716149821,8.0,0,[]
/php-code/OpenConext/EngineBlockBundle/Factory/CollabPersonIdFactory.php,create,30,42,2.0,62.183369879317,10.0,1,"[{'line': 30, 'rule': 'ShortVariable', 'message': 'Avoid variables with short names like $id. Configured minimum length is 3.'}]"
/php-code/OpenConext/EngineBlockBundle/HealthCheck/DoctrineConnectionHealthCheck.php,__construct,43,47,1.0,75.524959572308,5.25,1,"[{'line': 45, 'rule': 'StaticAccess', 'message': ""Avoid using static access to class '\\OpenConext\\EngineBlock\\Assert\\Assertion' in method '__construct'.""}]"
/php-code/OpenConext/EngineBlockBundle/HealthCheck/DoctrineConnectionHealthCheck.php,check,55,67,3.0,63.417953174433,9.0,1,"[{'line': 62, 'rule': 'StaticAccess', 'message': ""Avoid using static access to class '\\OpenConext\\MonitorBundle\\Value\\HealthReport' in method 'check'.""}]"
/php-code/OpenConext/EngineBlockBundle/HealthCheck/DoctrineConnectionHealthCheck.php,setEntityManager,72,75,1.0,81.120955834208,4.0,0,[]
/php-code/OpenConext/EngineBlockBundle/Http/Cookies/CookieFactory.php,__construct,67,82,2.0,59.423846810018,4.8,4,"[{'line': 67, 'rule': 'BooleanArgumentFlag', 'message': 'The method __construct has a boolean flag argument $httpOnly, which is a certain sign of a Single Responsibility Principle violation.'}, {'line': 67, 'rule': 'BooleanArgumentFlag', 'message': 'The method __construct has a boolean flag argument $secure, which is a certain sign of a Single Responsibility Principle violation.'}, {'line': 69, 'rule': 'StaticAccess', 'message': ""Avoid using static access to class '\\OpenConext\\EngineBlock\\Assert\\Assertion' in method '__construct'.""}, {'line': 70, 'rule': 'StaticAccess', 'message': ""Avoid using static access to class '\\OpenConext\\EngineBlock\\Assert\\Assertion' in method '__construct'.""}]"
/php-code/OpenConext/EngineBlockBundle/Http/Cookies/CookieFactory.php,createCookie,89,98,2.0,65.852541667244,6.9230769230769,2,"[{'line': 94, 'rule': 'StaticAccess', 'message': ""Avoid using static access to class '\\DateInterval' in method 'createCookie'.""}, {'line': 97, 'rule': 'StaticAccess', 'message': ""Avoid using static access to class '\\Symfony\\Component\\HttpFoundation\\Cookie' in method 'createCookie'.""}]"
/php-code/OpenConext/EngineBlockBundle/Http/Exception/ApiInternalServerErrorHttpException.php,__construct,26,29,1.0,77.340076143462,7.0,0,[]
/php-code/OpenConext/EngineBlockBundle/Http/Exception/ApiMethodNotAllowedHttpException.php,methodNotAllowed,25,35,1.0,64.876171474473,8.6666666666667,0,[]
/php-code/OpenConext/EngineBlockBundle/Http/Request/JsonRequestHelper.php,decodeContentOf,40,59,3.0,56.476061046141,18.28125,0,[]
/php-code/OpenConext/EngineBlockBundle/Http/Request/JsonRequestHelper.php,decodeContentAsArrayOf,66,82,3.0,58.360154497553,21.538461538462,0,[]
/php-code/OpenConext/EngineBlockBundle/Http/Response/JsonHelper.php,serializeIdentityProvider,32,104,1.0,37.621046314311,12.596153846154,0,[]
/php-code/OpenConext/EngineBlockBundle/Http/Response/JsonResponse.php,__construct,26,35,2.0,66.402499235707,7.7727272727273,1,"[{'line': 29, 'rule': 'StaticAccess', 'message': ""Avoid using static access to class '\\OpenConext\\EngineBlockBundle\\Exception\\InvalidArgumentException' in method '__construct'.""}]"
/php-code/OpenConext/EngineBlockBundle/Localization/LanguageSupportProvider.php,__construct,34,52,4.0,56.608247596029,18.909090909091,1,"[{'line': 40, 'rule': 'ElseExpression', 'message': 'The method __construct uses an else expression. Else clauses are basically not necessary and you can simplify the code by not using them.'}]"
/php-code/OpenConext/EngineBlockBundle/Localization/LanguageSupportProvider.php,getSupportedLanguages,57,60,1.0,82.001716149821,8.0,0,[]
/php-code/OpenConext/EngineBlockBundle/Localization/LocaleProvider.php,__construct,44,48,1.0,75.931985205709,4.375,1,"[{'line': 44, 'rule': 'LongVariable', 'message': 'Avoid excessively long variable names like $languageSupportProvider. Keep variable name length under 20.'}]"
/php-code/OpenConext/EngineBlockBundle/Localization/LocaleProvider.php,scopeWithRequest,55,58,1.0,81.120955834208,4.0,0,[]
/php-code/OpenConext/EngineBlockBundle/Localization/LocaleProvider.php,getLocale,63,88,5.0,54.150281151433,15.576923076923,0,[]
/php-code/OpenConext/EngineBlockBundle/Monolog/Formatter/SyslogJsonFormatter.php,normalizeRecord,26,35,1.0,64.799877185642,6.4,0,[]
/php-code/OpenConext/EngineBlockBundle/OpenConextEngineBlockBundle.php,boot,28,37,1.0,65.449316651845,4.875,2,"[{'line': 30, 'rule': 'StaticAccess', 'message': ""Avoid using static access to class '\\EngineBlock_ApplicationSingleton' in method 'boot'.""}, {'line': 30, 'rule': 'LongVariable', 'message': 'Avoid excessively long variable names like $engineBlockApplicationSingleton. Keep variable name length under 20.'}]"
/php-code/OpenConext/EngineBlockBundle/Pdp/Dto/Attribute.php,jsonSerialize,40,52,2.0,63.441864431925,10.625,0,[]
/php-code/OpenConext/EngineBlockBundle/Pdp/Dto/Request.php,from,49,103,3.0,45.024834467728,11.761904761905,2,"[{'line': 57, 'rule': 'StaticAccess', 'message': ""Avoid using static access to class '\\OpenConext\\EngineBlock\\Assert\\Assertion' in method 'from'.""}, {'line': 61, 'rule': 'StaticAccess', 'message': ""Avoid using static access to class '\\OpenConext\\EngineBlock\\Assert\\Assertion' in method 'from'.""}]"
/php-code/OpenConext/EngineBlockBundle/Pdp/Dto/Request.php,jsonSerialize,105,115,1.0,64.17164379992,5.8333333333333,0,[]
/php-code/OpenConext/EngineBlockBundle/Pdp/Dto/Response.php,fromData,69,195,25.0,28.485641353432,24.088235294118,3,"[{'line': 137, 'rule': 'LongVariable', 'message': 'Avoid excessively long variable names like $attributeAssignmentData. Keep variable name length under 20.'}, {'line': 175, 'rule': 'LongVariable', 'message': 'Avoid excessively long variable names like $policySetIdReferenceData. Keep variable name length under 20.'}, {'line': 184, 'rule': 'LongVariable', 'message': 'Avoid excessively long variable names like $policyIdReferenceData. Keep variable name length under 20.'}]"
/php-code/OpenConext/EngineBlockBundle/Pdp/Dto/Request/AccessSubject.php,jsonSerialize,31,36,1.0,74.428220343202,12.25,0,[]
/php-code/OpenConext/EngineBlockBundle/Pdp/Dto/Request/Resource.php,jsonSerialize,31,36,1.0,74.428220343202,12.25,0,[]
/php-code/OpenConext/EngineBlockBundle/Pdp/PdpClient.php,__construct,37,43,1.0,76.38935962878,3.0,1,"[{'line': 39, 'rule': 'LongVariable', 'message': 'Avoid excessively long variable names like $policyDecisionPointPath. Keep variable name length under 20.'}]"
/php-code/OpenConext/EngineBlockBundle/Pdp/PdpClient.php,requestDecisionFor,45,59,1.0,60.303369625998,8.5909090909091,2,"[{'line': 56, 'rule': 'StaticAccess', 'message': ""Avoid using static access to class '\\OpenConext\\EngineBlockBundle\\Pdp\\Dto\\Response' in method 'requestDecisionFor'.""}, {'line': 58, 'rule': 'StaticAccess', 'message': ""Avoid using static access to class 'OpenConext\\EngineBlockBundle\\Pdp\\PolicyDecision' in method 'requestDecisionFor'.""}]"
/php-code/OpenConext/EngineBlockBundle/Pdp/PolicyDecision.php,fromResponse,63,98,8.0,48.278027197322,22.3125,1,"[{'line': 79, 'rule': 'LongVariable', 'message': 'Avoid excessively long variable names like $localizedDenyMessages. Keep variable name length under 20.'}]"
/php-code/OpenConext/EngineBlockBundle/Pdp/PolicyDecision.php,findStepupObligations,104,115,4.0,61.754983308296,15.75,0,[]
/php-code/OpenConext/EngineBlockBundle/Pdp/PolicyDecision.php,setAttributeAssignmentSource,121,135,3.0,64.576374527477,21.6,0,[]
/php-code/OpenConext/EngineBlockBundle/Pdp/PolicyDecision.php,permitsAccess,137,140,1.0,78.522891389171,15.75,0,[]
/php-code/OpenConext/EngineBlockBundle/Pdp/PolicyDecision.php,getLocalizedDenyMessage,142,164,4.0,55.100802790619,20.777777777778,0,[]
/php-code/OpenConext/EngineBlockBundle/Pdp/PolicyDecision.php,getStatusMessage,166,173,2.0,70.638915719444,11.0,0,[]
/php-code/OpenConext/EngineBlockBundle/Pdp/PolicyDecision.php,hasLocalizedDenyMessage,175,178,1.0,79.793333921501,24.5,0,[]
/php-code/OpenConext/EngineBlockBundle/Pdp/PolicyDecision.php,hasStatusMessage,180,183,1.0,80.401219851729,18.0,0,[]
/php-code/OpenConext/EngineBlockBundle/Pdp/PolicyDecision.php,setIdpLogo,185,188,1.0,81.120955834208,4.0,0,[]
/php-code/OpenConext/EngineBlockBundle/Pdp/PolicyDecision.php,getIdpLogo,194,201,2.0,70.61280302605,9.625,0,[]
/php-code/OpenConext/EngineBlockBundle/Pdp/PolicyDecision.php,getStepupObligations,206,209,1.0,82.001716149821,8.0,0,[]
/php-code/OpenConext/EngineBlockBundle/Pdp/PolicyDecision.php,hasIdpLogo,211,214,1.0,79.793333921501,9.0,0,[]
/php-code/OpenConext/EngineBlockBundle/Pdp/PolicyDecision.php,isIdpSpecificMessage,216,219,1.0,82.001716149821,8.0,0,[]
/php-code/OpenConext/EngineBlockBundle/Sbs/AttributesResponse.php,fromData,30,43,3.0,61.013425905249,22.75,0,[]
/php-code/OpenConext/EngineBlockBundle/Sbs/AuthzResponse.php,__construct,31,42,2.0,61.484792622717,12.833333333333,1,"[{'line': 39, 'rule': 'ElseExpression', 'message': 'The method __construct uses an else expression. Else clauses are basically not necessary and you can simplify the code by not using them.'}]"
/php-code/OpenConext/EngineBlockBundle/Sbs/AuthzResponse.php,fromData,44,65,5.0,53.87003020883,29.8125,1,"[{'line': 51, 'rule': 'StaticAccess', 'message': ""Avoid using static access to class 'OpenConext\\EngineBlockBundle\\Sbs\\Msg' in method 'fromData'.""}]"
/php-code/OpenConext/EngineBlockBundle/Sbs/SbsAttributeMerger.php,__construct,31,34,1.0,81.120955834208,4.0,1,"[{'line': 31, 'rule': 'LongVariable', 'message': 'Avoid excessively long variable names like $allowedAttributeNames. Keep variable name length under 20.'}]"
/php-code/OpenConext/EngineBlockBundle/Sbs/SbsAttributeMerger.php,mergeAttributes,36,56,4.0,56.216579309751,35.555555555556,0,[]
/php-code/OpenConext/EngineBlockBundle/Sbs/SbsAttributeMerger.php,validSbsAttributes,61,81,4.0,54.807421884781,19.411764705882,2,"[{'line': 69, 'rule': 'ElseExpression', 'message': 'The method validSbsAttributes uses an else expression. Else clauses are basically not necessary and you can simplify the code by not using them.'}, {'line': 75, 'rule': 'StaticAccess', 'message': ""Avoid using static access to class '\\EngineBlock_ApplicationSingleton' in method 'validSbsAttributes'.""}]"
/php-code/OpenConext/EngineBlockBundle/Sbs/SbsClient.php,__construct,29,38,1.0,91.191023588314,2.0,0,[]
/php-code/OpenConext/EngineBlockBundle/Sbs/SbsClient.php,authz,40,55,2.0,59.287583794317,11.142857142857,1,"[{'line': 54, 'rule': 'StaticAccess', 'message': ""Avoid using static access to class 'OpenConext\\EngineBlockBundle\\Sbs\\AuthzResponse' in method 'authz'.""}]"
/php-code/OpenConext/EngineBlockBundle/Sbs/SbsClient.php,requestAttributesFor,57,72,2.0,59.287583794317,11.142857142857,1,"[{'line': 71, 'rule': 'StaticAccess', 'message': ""Avoid using static access to class 'OpenConext\\EngineBlockBundle\\Sbs\\AttributesResponse' in method 'requestAttributesFor'.""}]"
/php-code/OpenConext/EngineBlockBundle/Sbs/SbsClient.php,requestHeaders,74,81,1.0,68.932430715607,7.7,0,[]
/php-code/OpenConext/EngineBlockBundle/Sbs/SbsClient.php,getInterruptLocationLink,83,86,1.0,78.514964679948,5.25,0,[]
/php-code/OpenConext/EngineBlockBundle/Sbs/SbsClient.php,buildUrl,88,93,1.0,70.764263789232,9.3333333333333,0,[]
/php-code/OpenConext/EngineBlockBundle/Sbs/Dto/AttributesRequest.php,__construct,26,29,1.0,79.793333921501,4.1666666666667,1,"[{'line': 28, 'rule': 'StaticAccess', 'message': ""Avoid using static access to class '\\OpenConext\\EngineBlock\\Assert\\Assertion' in method '__construct'.""}]"
/php-code/OpenConext/EngineBlockBundle/Sbs/Dto/AttributesRequest.php,jsonSerialize,31,36,1.0,74.428220343202,12.25,0,[]
/php-code/OpenConext/EngineBlockBundle/Sbs/Dto/AuthzRequest.php,__construct,26,38,1.0,66.675846908141,3.8636363636364,6,"[{'line': 28, 'rule': 'LongVariable', 'message': 'Avoid excessively long variable names like $eduPersonPrincipalName. Keep variable name length under 20.'}, {'line': 33, 'rule': 'StaticAccess', 'message': ""Avoid using static access to class '\\OpenConext\\EngineBlock\\Assert\\Assertion' in method '__construct'.""}, {'line': 34, 'rule': 'StaticAccess', 'message': ""Avoid using static access to class '\\OpenConext\\EngineBlock\\Assert\\Assertion' in method '__construct'.""}, {'line': 35, 'rule': 'StaticAccess', 'message': ""Avoid using static access to class '\\OpenConext\\EngineBlock\\Assert\\Assertion' in method '__construct'.""}, {'line': 36, 'rule': 'StaticAccess', 'message': ""Avoid using static access to class '\\OpenConext\\EngineBlock\\Assert\\Assertion' in method '__construct'.""}, {'line': 37, 'rule': 'StaticAccess', 'message': ""Avoid using static access to class '\\OpenConext\\EngineBlock\\Assert\\Assertion' in method '__construct'.""}]"
/php-code/OpenConext/EngineBlockBundle/Sbs/Dto/AuthzRequest.php,jsonSerialize,40,49,1.0,65.104020358766,4.9,0,[]
/php-code/OpenConext/EngineBlockBundle/Security/Http/EntryPoint/JsonBasicAuthenticationEntryPoint.php,__construct,34,37,1.0,81.120955834208,4.0,0,[]
/php-code/OpenConext/EngineBlockBundle/Security/Http/EntryPoint/JsonBasicAuthenticationEntryPoint.php,start,42,56,2.0,59.434779165913,8.5714285714286,0,[]
/php-code/OpenConext/EngineBlockBundle/Service/DiscoverySelectionService.php,discoveryMatchesHash,30,33,1.0,79.267620989406,6.0,0,[]
/php-code/OpenConext/EngineBlockBundle/Service/DiscoverySelectionService.php,getDiscoveryFromRequest,35,44,3.0,64.476843876069,12.142857142857,0,[]
/php-code/OpenConext/EngineBlockBundle/Service/DiscoverySelectionService.php,hash,46,50,1.0,74.614667036025,6.3,0,[]
/php-code/OpenConext/EngineBlockBundle/Service/DiscoverySelectionService.php,registerDiscoveryHash,52,55,1.0,79.793333921501,9.0,0,[]
/php-code/OpenConext/EngineBlockBundle/Service/DiscoverySelectionService.php,clearDiscoveryHash,57,60,1.0,81.120955834208,12.5,0,[]
/php-code/OpenConext/EngineBlockBundle/Service/DiscoverySelectionService.php,loadSelectedDiscoveryHashFromSession,62,71,2.0,68.363289056096,14.625,0,[]
/php-code/OpenConext/EngineBlockBundle/Service/IdpHistoryService.php,makeIdpDiscoveryHash,23,26,1.0,77.883626834239,7.0,0,[]
/php-code/OpenConext/EngineBlockBundle/Twig/Extensions/Extension/ConnectedIdps.php,__construct,31,35,1.0,75.524959572308,3.5,1,"[{'line': 31, 'rule': 'LongVariable', 'message': 'Avoid excessively long variable names like $formattedPreviousSelectionList. Keep variable name length under 20.'}]"
/php-code/OpenConext/EngineBlockBundle/Twig/Extensions/Extension/ConnectedIdps.php,getMergedIdpList,42,45,1.0,78.947226438868,7.0,0,[]
/php-code/OpenConext/EngineBlockBundle/Twig/Extensions/Extension/ConnectedIdps.php,getConnectedIdps,51,59,1.0,68.36620265062,8.75,0,[]
/php-code/OpenConext/EngineBlockBundle/Twig/Extensions/Extension/ConnectedIdps.php,getFormattedIdpList,61,64,1.0,82.001716149821,8.0,0,[]
/php-code/OpenConext/EngineBlockBundle/Twig/Extensions/Extension/ConnectedIdps.php,getFormattedPreviousSelectionList,66,69,1.0,82.001716149821,8.0,0,[]
/php-code/OpenConext/EngineBlockBundle/Twig/Extensions/Extension/ConnectedIdps.php,getDefaultIdPTitle,71,79,3.0,66.807772277539,10.4,0,[]
/php-code/OpenConext/EngineBlockBundle/Twig/Extensions/Extension/ConnectedIdps.php,sortPreviousSelection,81,88,1.0,69.425739994956,9.3333333333333,1,"[{'line': 81, 'rule': 'LongVariable', 'message': 'Avoid excessively long variable names like $formattedPreviousSelectionList. Keep variable name length under 20.'}]"
/php-code/OpenConext/EngineBlockBundle/Twig/Extensions/Extension/Debug.php,varExport,34,37,1.0,79.267620989406,6.0,0,[]
/php-code/OpenConext/EngineBlockBundle/Twig/Extensions/Extension/Debug.php,printHumanReadable,45,48,1.0,79.267620989406,6.0,0,[]
/php-code/OpenConext/EngineBlockBundle/Twig/Extensions/Extension/Feedback.php,__construct,53,63,1.0,70.218990517498,2.5,1,"[{'line': 55, 'rule': 'LongVariable', 'message': 'Avoid excessively long variable names like $errorFeedbackConfiguration. Keep variable name length under 20.'}]"
/php-code/OpenConext/EngineBlockBundle/Twig/Extensions/Extension/Feedback.php,flushLog,66,70,1.0,81.120955834208,4.0,0,[]
/php-code/OpenConext/EngineBlockBundle/Twig/Extensions/Extension/Feedback.php,getFeedbackInfo,76,79,1.0,81.120955834208,12.5,0,[]
/php-code/OpenConext/EngineBlockBundle/Twig/Extensions/Extension/Feedback.php,hasWikiLink,86,89,1.0,80.401219851729,6.25,0,[]
/php-code/OpenConext/EngineBlockBundle/Twig/Extensions/Extension/Feedback.php,getWikiLink,96,99,1.0,80.401219851729,6.25,0,[]
/php-code/OpenConext/EngineBlockBundle/Twig/Extensions/Extension/Feedback.php,hasIdPContactMailLink,106,109,1.0,78.812723514891,7.0,0,[]
/php-code/OpenConext/EngineBlockBundle/Twig/Extensions/Extension/Feedback.php,getIdpContactShortLabel,116,119,1.0,80.401219851729,6.25,0,[]
/php-code/OpenConext/EngineBlockBundle/Twig/Extensions/Extension/Feedback.php,getIdPContactMailLink,125,143,5.0,55.742522671907,13.433333333333,0,[]
/php-code/OpenConext/EngineBlockBundle/Twig/Extensions/Extension/Feedback.php,hasBackToSpLink,146,156,2.0,62.299751219066,11.5,0,[]
/php-code/OpenConext/EngineBlockBundle/Twig/Extensions/Extension/Feedback.php,getSpName,159,162,1.0,78.149393587856,9.0,0,[]
/php-code/OpenConext/EngineBlockBundle/Twig/Extensions/Extension/Feedback.php,getAcu,165,169,1.0,74.932860150661,5.4,0,[]
/php-code/OpenConext/EngineBlockBundle/Twig/Extensions/Extension/Feedback.php,getSamlFailedResponse,172,190,2.0,56.375473247467,11.0,0,[]
/php-code/OpenConext/EngineBlockBundle/Twig/Extensions/Extension/Feedback.php,retrieveFeedbackInfo,197,224,6.0,51.859140817736,29.4,0,[]
/php-code/OpenConext/EngineBlockBundle/Twig/Extensions/Extension/FunctionalTestingGlobalSiteNotice.php,__construct,33,39,1.0,75.931985205709,4.375,0,[]
/php-code/OpenConext/EngineBlockBundle/Twig/Extensions/Extension/FunctionalTestingGlobalSiteNotice.php,shouldDisplayGlobalSiteNotice,42,45,1.0,78.804796805669,8.1666666666667,0,[]
/php-code/OpenConext/EngineBlockBundle/Twig/Extensions/Extension/FunctionalTestingGlobalSiteNotice.php,getGlobalSiteNotice,48,66,1.0,60.57531563483,9.0,0,[]
/php-code/OpenConext/EngineBlockBundle/Twig/Extensions/Extension/FunctionalTestingGlobalSiteNotice.php,getAllowedHtmlForNotice,69,72,1.0,82.001716149821,8.0,0,[]
/php-code/OpenConext/EngineBlockBundle/Twig/Extensions/Extension/GlobalSiteNotice.php,__construct,41,49,1.0,72.942205732312,2.6666666666667,1,"[{'line': 42, 'rule': 'LongVariable', 'message': 'Avoid excessively long variable names like $shouldDisplayGlobalSiteNotice. Keep variable name length under 20.'}]"
/php-code/OpenConext/EngineBlockBundle/Twig/Extensions/Extension/GlobalSiteNotice.php,shouldDisplayGlobalSiteNotice,52,55,1.0,82.001716149821,8.0,0,[]
/php-code/OpenConext/EngineBlockBundle/Twig/Extensions/Extension/GlobalSiteNotice.php,getGlobalSiteNotice,58,61,1.0,80.401219851729,6.25,0,[]
/php-code/OpenConext/EngineBlockBundle/Twig/Extensions/Extension/GlobalSiteNotice.php,getAllowedHtmlForNotice,64,67,1.0,82.001716149821,8.0,0,[]
/php-code/OpenConext/EngineBlockBundle/Twig/Extensions/Extension/I18n.php,__construct,31,34,1.0,81.120955834208,4.0,0,[]
/php-code/OpenConext/EngineBlockBundle/Twig/Extensions/Extension/I18n.php,translateSingular,37,41,1.0,73.799415234197,6.4166666666667,1,"[{'line': 37, 'rule': 'ShortVariable', 'message': 'Avoid variables with short names like $id. Configured minimum length is 3.'}]"
/php-code/OpenConext/EngineBlockBundle/Twig/Extensions/Extension/I18n.php,translatePlural,44,49,1.0,70.614164240602,7.0,1,"[{'line': 44, 'rule': 'ShortVariable', 'message': 'Avoid variables with short names like $id. Configured minimum length is 3.'}]"
/php-code/OpenConext/EngineBlockBundle/Twig/Extensions/Extension/I18n.php,addDefaultPlaceholders,51,60,1.0,64.19120452248,7.0,0,[]
/php-code/OpenConext/EngineBlockBundle/Twig/Extensions/Extension/Locale.php,__construct,46,51,1.0,71.598808583178,4.125,1,"[{'line': 46, 'rule': 'LongVariable', 'message': 'Avoid excessively long variable names like $languageSupportProvider. Keep variable name length under 20.'}]"
/php-code/OpenConext/EngineBlockBundle/Twig/Extensions/Extension/Locale.php,getPostData,54,61,2.0,68.459697790125,13.0,0,[]
/php-code/OpenConext/EngineBlockBundle/Twig/Extensions/Extension/Locale.php,getQueryStringFor,69,85,3.0,58.329691794337,15.0,0,[]
/php-code/OpenConext/EngineBlockBundle/Twig/Extensions/Extension/Locale.php,getLocale,88,91,1.0,82.001716149821,8.0,0,[]
/php-code/OpenConext/EngineBlockBundle/Twig/Extensions/Extension/Locale.php,getSupportedLocales,94,97,1.0,81.120955834208,12.5,0,[]
/php-code/OpenConext/EngineBlockBundle/Twig/Extensions/Extension/Locale.php,retrieveLocale,99,107,2.0,66.748851809824,9.8,0,[]
/php-code/OpenConext/EngineBlockBundle/Twig/Extensions/Extension/Metadata.php,__construct,43,47,1.0,76.38935962878,3.0,0,[]
/php-code/OpenConext/EngineBlockBundle/Twig/Extensions/Extension/Metadata.php,sortByDisplayOrder,61,71,2.0,65.24634134472,9.0,0,[]
/php-code/OpenConext/EngineBlockBundle/Twig/Extensions/Extension/Metadata.php,getAttributeSourceLogoUrl,80,83,1.0,78.514964679948,5.25,0,[]
/php-code/OpenConext/EngineBlockBundle/Twig/Extensions/Extension/Metadata.php,getAttributeSourceDisplayName,92,95,1.0,78.514964679948,5.25,0,[]
/php-code/OpenConext/EngineBlockBundle/Twig/Extensions/Extension/Metadata.php,getAttributeShortName,106,114,2.0,67.487788442762,10.5,0,[]
/php-code/OpenConext/EngineBlockBundle/Twig/Extensions/Extension/Metadata.php,getAttributeName,122,125,1.0,79.267620989406,6.0,0,[]
/php-code/OpenConext/EngineBlockBundle/Twig/Extensions/Extension/Metadata.php,groupAttributesBySource,127,148,4.0,54.566401632529,26.714285714286,1,"[{'line': 140, 'rule': 'ElseExpression', 'message': 'The method groupAttributesBySource uses an else expression. Else clauses are basically not necessary and you can simplify the code by not using them.'}]"
/php-code/OpenConext/EngineBlockBundle/Twig/Extensions/Extension/Spaceless.php,spaceless,40,46,2.0,69.14113752235,9.0,0,[]
/php-code/OpenConext/EngineBlockBundle/Twig/Extensions/Extension/Wayf.php,__construct,44,48,1.0,75.524959572308,3.5,0,[]
/php-code/OpenConext/EngineBlockBundle/Twig/Extensions/Extension/Wayf.php,getConnectedIdps,56,67,1.0,64.772655534427,7.0,1,"[{'line': 58, 'rule': 'LongVariable', 'message': 'Avoid excessively long variable names like $previousSelectionIndex. Keep variable name length under 20.'}]"
/php-code/OpenConext/EngineBlockBundle/Twig/Extensions/Extension/Wayf.php,indexPreviousSelection,74,81,2.0,69.823663917617,15.75,0,[]
/php-code/OpenConext/EngineBlockBundle/Twig/Extensions/Extension/Wayf.php,formatIdpEntry,83,106,3.0,52.14972182121,20.333333333333,0,[]
/php-code/OpenConext/EngineBlockBundle/Twig/Extensions/Extension/Wayf.php,formatIdpList,108,114,1.0,71.948307179906,9.3333333333333,0,[]
/php-code/OpenConext/EngineBlockBundle/Twig/Extensions/Extension/Wayf.php,filterPreviouslySelected,116,135,2.0,56.906194368618,13.5,1,"[{'line': 118, 'rule': 'LongVariable', 'message': 'Avoid excessively long variable names like $previousSelectionIndex. Keep variable name length under 20.'}]"
/php-code/OpenConext/EngineBlockBundle/Twig/Extensions/Extension/Wayf.php,getWayfJsonConfig,150,193,2.0,46.561078496196,13.75,3,"[{'line': 155, 'rule': 'LongVariable', 'message': 'Avoid excessively long variable names like $rememberChoiceFeature. Keep variable name length under 20.'}, {'line': 156, 'rule': 'LongVariable', 'message': 'Avoid excessively long variable names like $cutoffPointForShowingUnfilteredIdps. Keep variable name length under 20.'}, {'line': 166, 'rule': 'ElseExpression', 'message': 'The method getWayfJsonConfig uses an else expression. Else clauses are basically not necessary and you can simplify the code by not using them.'}]"
/php-code/OpenConext/EngineBlockBundle/Twig/Extensions/Extension/Wayf.php,loadPreviousSelectionFromCookie,195,213,4.0,56.19656122594,16.363636363636,1,"[{'line': 199, 'rule': 'LongVariable', 'message': 'Avoid excessively long variable names like $previousSelectionIndexed. Keep variable name length under 20.'}]"
/php-code/OpenConext/EngineBlockBundle/Twig/Extensions/Extension/Wayf.php,idpDiscoveryHash,216,219,1.0,78.657394313147,8.0,0,[]
/php-code/OpenConext/EngineBlockBundle/Url/UrlProvider.php,__construct,32,35,1.0,81.120955834208,4.0,0,[]
/php-code/OpenConext/EngineBlockBundle/Url/UrlProvider.php,getUrl,44,64,4.0,56.122008682028,20.647058823529,0,[]
/php-code/OpenConext/EngineBlockBundle/Value/ExecutionTime.php,of,36,44,1.0,69.567204369986,12.6,1,"[{'line': 38, 'rule': 'StaticAccess', 'message': ""Avoid using static access to class '\\OpenConext\\EngineBlock\\Assert\\Assertion' in method 'of'.""}]"
/php-code/OpenConext/EngineBlockBundle/Value/ExecutionTime.php,__construct,46,48,1.0,91.191023588314,2.0,0,[]
/php-code/OpenConext/EngineBlockBundle/Value/ExecutionTime.php,equals,54,57,1.0,80.401219851729,6.25,0,[]
/php-code/OpenConext/EngineBlockBundle/Value/ExecutionTime.php,getExecutionTime,62,65,1.0,82.001716149821,8.0,0,[]
/php-code/OpenConext/EngineBlockBundle/Value/ExecutionTime.php,toMicroseconds,70,73,1.0,80.401219851729,6.25,0,[]
/php-code/OpenConext/EngineBlockBundle/Value/ExecutionTime.php,__toString,75,78,1.0,79.267620989406,6.0,0,[]
/php-code/OpenConext/EngineBlockBundle/Value/FeedbackInformation.php,__construct,39,48,1.0,65.076490877061,5.25,2,"[{'line': 41, 'rule': 'StaticAccess', 'message': ""Avoid using static access to class '\\OpenConext\\EngineBlock\\Assert\\Assertion' in method '__construct'.""}, {'line': 42, 'rule': 'StaticAccess', 'message': ""Avoid using static access to class '\\OpenConext\\EngineBlock\\Assert\\Assertion' in method '__construct'.""}]"
/php-code/OpenConext/EngineBlockBundle/Value/FeedbackInformation.php,getKey,50,53,1.0,82.001716149821,8.0,0,[]
/php-code/OpenConext/EngineBlockBundle/Value/FeedbackInformation.php,getAttrSafeKey,59,65,1.0,68.802973360009,7.5,0,[]
/php-code/OpenConext/EngineBlockBundle/Value/FeedbackInformation.php,__toString,67,70,1.0,82.001716149821,8.0,0,[]
/php-code/OpenConext/EngineBlockBundle/Value/FeedbackInformationMap.php,add,30,39,2.0,64.394044687351,9.5625,0,[]
/php-code/OpenConext/EngineBlockBundle/Value/FeedbackInformationMap.php,sort,41,45,1.0,81.120955834208,4.0,0,[]
/php-code/OpenConext/EngineBlockBundle/Value/FeedbackInformationMap.php,getData,47,50,1.0,82.001716149821,8.0,0,[]
/php-code/OpenConext/EngineBlockBundle/Value/FeedbackInformationMap.php,has,52,55,1.0,79.267620989406,6.0,0,[]
/php-code/OpenConext/EngineBlockBundle/Value/FeedbackInformationMap.php,get,57,60,1.0,80.401219851729,6.25,0,[]
/php-code/OpenConext/EngineBlockFunctionalTestingBundle/Command/DumpServiceRegistryCommand.php,configure,34,38,1.0,76.22181733143,3.75,0,[]
/php-code/OpenConext/EngineBlockFunctionalTestingBundle/Command/DumpServiceRegistryCommand.php,execute,40,46,1.0,71.21598345733,5.6875,1,"[{'line': 40, 'rule': 'UnusedFormalParameter', 'message': ""Avoid unused parameters such as '$input'.""}]"
/php-code/OpenConext/EngineBlockFunctionalTestingBundle/Controllers/ConsentController.php,__construct,40,44,1.0,81.120955834208,4.0,0,[]
/php-code/OpenConext/EngineBlockFunctionalTestingBundle/Controllers/ConsentController.php,sendAction,46,57,1.0,61.076259091438,6.0882352941176,0,[]
/php-code/OpenConext/EngineBlockFunctionalTestingBundle/Controllers/ConsentController.php,consentAction,66,140,4.0,36.610686482067,9.9,3,"[{'line': 77, 'rule': 'LongVariable', 'message': 'Avoid excessively long variable names like $attributeAggregationEnabled. Keep variable name length under 20.'}, {'line': 82, 'rule': 'StaticAccess', 'message': ""Avoid using static access to class '\\OpenConext\\EngineBlockFunctionalTestingBundle\\Helper\\TestEntitySeeder' in method 'consentAction'.""}, {'line': 83, 'rule': 'StaticAccess', 'message': ""Avoid using static access to class '\\OpenConext\\EngineBlockFunctionalTestingBundle\\Helper\\TestEntitySeeder' in method 'consentAction'.""}]"
/php-code/OpenConext/EngineBlockFunctionalTestingBundle/Controllers/ConsentController.php,hideHeader,142,145,1.0,78.804796805669,8.1666666666667,0,[]
/php-code/OpenConext/EngineBlockFunctionalTestingBundle/Controllers/ConsentController.php,hideFooter,147,150,1.0,78.804796805669,8.1666666666667,0,[]
/php-code/OpenConext/EngineBlockFunctionalTestingBundle/Controllers/ConsentController.php,getNameId,152,161,2.0,64.130502059554,9.0,0,[]
/php-code/OpenConext/EngineBlockFunctionalTestingBundle/Controllers/ConsentController.php,isPersistentNameId,163,166,1.0,78.804796805669,8.1666666666667,0,[]
/php-code/OpenConext/EngineBlockFunctionalTestingBundle/Controllers/FeedbackController.php,__construct,50,62,1.0,67.830190182927,3.6111111111111,0,[]
/php-code/OpenConext/EngineBlockFunctionalTestingBundle/Controllers/FeedbackController.php,feedbackAction,71,87,1.0,59.797383991152,5.5588235294118,0,[]
/php-code/OpenConext/EngineBlockFunctionalTestingBundle/Controllers/FeedbackController.php,getTemplate,93,101,2.0,68.459697790125,12.0,0,[]
/php-code/OpenConext/EngineBlockFunctionalTestingBundle/Controllers/FeedbackController.php,getFeedbackInfo,107,123,2.0,59.064635419662,15.272727272727,0,[]
/php-code/OpenConext/EngineBlockFunctionalTestingBundle/Controllers/FeedbackController.php,getTemplateParameters,129,138,1.0,69.037006935394,7.0,0,[]
/php-code/OpenConext/EngineBlockFunctionalTestingBundle/Controllers/IdentityProviderController.php,__construct,49,53,1.0,76.38935962878,3.0,0,[]
/php-code/OpenConext/EngineBlockFunctionalTestingBundle/Controllers/IdentityProviderController.php,metadataAction,59,68,1.0,66.349280693627,8.4375,0,[]
/php-code/OpenConext/EngineBlockFunctionalTestingBundle/Controllers/IdentityProviderController.php,singleSignOnAction,76,126,6.0,44.041025185603,16.0,2,"[{'line': 84, 'rule': 'ElseExpression', 'message': 'The method singleSignOnAction uses an else expression. Else clauses are basically not necessary and you can simplify the code by not using them.'}, {'line': 114, 'rule': 'StaticAccess', 'message': ""Avoid using static access to class '\\SAML2\\Utils' in method 'singleSignOnAction'.""}]"
/php-code/OpenConext/EngineBlockFunctionalTestingBundle/Controllers/SbsController.php,__construct,47,53,1.0,76.38935962878,3.0,1,"[{'line': 48, 'rule': 'LongVariable', 'message': 'Avoid excessively long variable names like $sbsClientStateManager. Keep variable name length under 20.'}]"
/php-code/OpenConext/EngineBlockFunctionalTestingBundle/Controllers/SbsController.php,authzAction,58,62,1.0,74.234053969732,5.5,0,[]
/php-code/OpenConext/EngineBlockFunctionalTestingBundle/Controllers/SbsController.php,interruptAction,67,77,1.0,66.621853121024,7.4285714285714,1,"[{'line': 67, 'rule': 'UnusedFormalParameter', 'message': ""Avoid unused parameters such as '$request'.""}]"
/php-code/OpenConext/EngineBlockFunctionalTestingBundle/Controllers/SbsController.php,attributesAction,83,86,1.0,79.995159476497,7.5,0,[]
/php-code/OpenConext/EngineBlockFunctionalTestingBundle/Controllers/ServiceProviderController.php,__construct,55,59,1.0,76.38935962878,3.0,0,[]
/php-code/OpenConext/EngineBlockFunctionalTestingBundle/Controllers/ServiceProviderController.php,triggerLoginRedirectAction,66,89,3.0,54.846056363893,11.454545454545,0,[]
/php-code/OpenConext/EngineBlockFunctionalTestingBundle/Controllers/ServiceProviderController.php,triggerLoginPostAction,96,122,3.0,52.752317969217,10.888888888889,0,[]
/php-code/OpenConext/EngineBlockFunctionalTestingBundle/Controllers/ServiceProviderController.php,assertionConsumerAction,129,161,5.0,48.616096839388,14.171428571429,0,[]
/php-code/OpenConext/EngineBlockFunctionalTestingBundle/Controllers/ServiceProviderController.php,metadataAction,167,177,1.0,66.349280693627,8.4375,0,[]
/php-code/OpenConext/EngineBlockFunctionalTestingBundle/Controllers/StepupMockController.php,__construct,42,46,1.0,76.38935962878,3.0,0,[]
/php-code/OpenConext/EngineBlockFunctionalTestingBundle/Controllers/StepupMockController.php,ssoAction,52,84,4.0,50.430544402257,14.56,0,[]
/php-code/OpenConext/EngineBlockFunctionalTestingBundle/Controllers/StepupMockController.php,getAvailableResponses,91,136,1.0,47.156937498451,15.789473684211,0,[]
/php-code/OpenConext/EngineBlockFunctionalTestingBundle/Controllers/StepupMockController.php,getResponseData,143,153,1.0,64.059582879341,7.7727272727273,0,[]
/php-code/OpenConext/EngineBlockFunctionalTestingBundle/Controllers/StepupMockController.php,getFullRequestUri,159,162,1.0,78.392798312945,9.0,0,[]
/php-code/OpenConext/EngineBlockFunctionalTestingBundle/Controllers/WayfController.php,__construct,36,39,1.0,81.120955834208,4.0,0,[]
/php-code/OpenConext/EngineBlockFunctionalTestingBundle/Controllers/WayfController.php,wayfAction,41,78,2.0,45.2508116234,10.352941176471,0,[]
/php-code/OpenConext/EngineBlockFunctionalTestingBundle/Controllers/WayfController.php,handleWayfAction,80,91,2.0,63.068426635675,10.714285714286,0,[]
/php-code/OpenConext/EngineBlockFunctionalTestingBundle/Features/Context/AbstractSubContext.php,prepareContext,40,44,1.0,75.281554847219,4.0,0,[]
/php-code/OpenConext/EngineBlockFunctionalTestingBundle/Features/Context/AbstractSubContext.php,getMinkContext,46,49,1.0,82.001716149821,8.0,0,[]
/php-code/OpenConext/EngineBlockFunctionalTestingBundle/Features/Context/EngineBlockContext.php,__construct,141,163,1.0,60.327581425744,2.2,3,"[{'line': 148, 'rule': 'LongVariable', 'message': 'Avoid excessively long variable names like $authenticationLoopGuard. Keep variable name length under 20.'}, {'line': 149, 'rule': 'LongVariable', 'message': 'Avoid excessively long variable names like $attributeAggregationClient. Keep variable name length under 20.'}, {'line': 151, 'rule': 'LongVariable', 'message': 'Avoid excessively long variable names like $sbsClientStateManager. Keep variable name length under 20.'}]"
/php-code/OpenConext/EngineBlockFunctionalTestingBundle/Features/Context/EngineBlockContext.php,anEngineBlockInstanceOn,168,176,1.0,71.683711179704,6.0,0,[]
/php-code/OpenConext/EngineBlockFunctionalTestingBundle/Features/Context/EngineBlockContext.php,iFollowTheEbDebugScreenToTheIdp,181,192,2.0,66.05782723825,9.0,0,[]
/php-code/OpenConext/EngineBlockFunctionalTestingBundle/Features/Context/EngineBlockContext.php,iPassThroughEngineblock,197,201,1.0,75.931985205709,4.375,0,[]
/php-code/OpenConext/EngineBlockFunctionalTestingBundle/Features/Context/EngineBlockContext.php,iPassThroughSBS,206,211,1.0,75.931985205709,4.375,0,[]
/php-code/OpenConext/EngineBlockFunctionalTestingBundle/Features/Context/EngineBlockContext.php,engineBlockRaisesARuntimeException,216,221,1.0,74.932860150661,5.4,0,[]
/php-code/OpenConext/EngineBlockFunctionalTestingBundle/Features/Context/EngineBlockContext.php,iSeeTheAttributesFromSourceOnConsentPage,226,270,6.0,45.456329483721,19.0,2,"[{'line': 235, 'rule': 'LongVariable', 'message': 'Avoid excessively long variable names like $expectedNumberOfAttributes. Keep variable name length under 20.'}, {'line': 242, 'rule': 'LongVariable', 'message': 'Avoid excessively long variable names like $matchedNumberOfAttributes. Keep variable name length under 20.'}]"
/php-code/OpenConext/EngineBlockFunctionalTestingBundle/Features/Context/EngineBlockContext.php,iGiveMyConsent,275,282,2.0,69.519316558262,8.1666666666667,0,[]
/php-code/OpenConext/EngineBlockFunctionalTestingBundle/Features/Context/EngineBlockContext.php,anIdpInitiatedSingleSignOnForSpIsTriggeredByIdP,287,296,1.0,65.583648448458,4.25,0,[]
/php-code/OpenConext/EngineBlockFunctionalTestingBundle/Features/Context/EngineBlockContext.php,anIdpInitiatedSingleSignOnForSpIsTriggeredByIdPWithSigningKey,301,310,1.0,65.324486091769,4.1538461538462,0,[]
/php-code/OpenConext/EngineBlockFunctionalTestingBundle/Features/Context/EngineBlockContext.php,anIdpInitiatedSingleSignOnForSpIsTriggeredByIdPWithInvalidSigningKey,315,324,1.0,65.324486091769,4.1538461538462,0,[]
/php-code/OpenConext/EngineBlockFunctionalTestingBundle/Features/Context/EngineBlockContext.php,anIdpInitiatedSingleSignOnForSpIsIncorrectlyTriggeredByIdP,329,338,1.0,65.271967913767,4.8461538461538,0,[]
/php-code/OpenConext/EngineBlockFunctionalTestingBundle/Features/Context/EngineBlockContext.php,anIdpInitiatedSingleSignOnForSpIsInvalidParameterByIdP,343,352,1.0,65.583648448458,4.25,0,[]
/php-code/OpenConext/EngineBlockFunctionalTestingBundle/Features/Context/EngineBlockContext.php,iSelectOnTheWAYF,357,378,3.0,56.699030910373,10.882352941176,0,[]
/php-code/OpenConext/EngineBlockFunctionalTestingBundle/Features/Context/EngineBlockContext.php,iSelectByLabelOnTheWAYF,383,393,2.0,63.032765216686,9.6153846153846,0,[]
/php-code/OpenConext/EngineBlockFunctionalTestingBundle/Features/Context/EngineBlockContext.php,iSeeACertainFormFieldOnTheProcessForm,398,407,2.0,64.423092479452,9.5833333333333,0,[]
/php-code/OpenConext/EngineBlockFunctionalTestingBundle/Features/Context/EngineBlockContext.php,iDoNotSeeACertainFormFieldOnTheProcessForm,412,421,2.0,64.223693148326,9.2307692307692,0,[]
/php-code/OpenConext/EngineBlockFunctionalTestingBundle/Features/Context/EngineBlockContext.php,iSeeTheRequestAccessButton,426,436,2.0,64.909081843417,9.45,0,[]
/php-code/OpenConext/EngineBlockFunctionalTestingBundle/Features/Context/EngineBlockContext.php,iDoNotSeeTheRequestAccessButton,441,450,2.0,67.359078486083,13.0,0,[]
/php-code/OpenConext/EngineBlockFunctionalTestingBundle/Features/Context/EngineBlockContext.php,iClickTheAuthnFailedButton,455,460,1.0,71.685423695431,5.1428571428571,0,[]
/php-code/OpenConext/EngineBlockFunctionalTestingBundle/Features/Context/EngineBlockContext.php,iLogoutAtEngineBlock,465,468,1.0,80.246133157747,6.0,0,[]
/php-code/OpenConext/EngineBlockFunctionalTestingBundle/Features/Context/EngineBlockContext.php,featureIsEnabled,473,477,1.0,75.524959572308,5.25,0,[]
/php-code/OpenConext/EngineBlockFunctionalTestingBundle/Features/Context/EngineBlockContext.php,featureIsDisabled,482,486,1.0,75.40162245189,4.2,0,[]
/php-code/OpenConext/EngineBlockFunctionalTestingBundle/Features/Context/EngineBlockContext.php,iLoseMySession,491,497,1.0,71.946247371335,6.0,0,[]
/php-code/OpenConext/EngineBlockFunctionalTestingBundle/Features/Context/EngineBlockContext.php,iLoseMySessionAndReload,501,509,1.0,67.264120731994,5.6666666666667,0,[]
/php-code/OpenConext/EngineBlockFunctionalTestingBundle/Features/Context/EngineBlockContext.php,pdpGivesADenyResponse,514,518,1.0,76.709754179319,5.0,0,[]
/php-code/OpenConext/EngineBlockFunctionalTestingBundle/Features/Context/EngineBlockContext.php,pdpGivesAnIdpSpecificDenyResponse,523,527,1.0,76.22181733143,3.75,0,[]
/php-code/OpenConext/EngineBlockFunctionalTestingBundle/Features/Context/EngineBlockContext.php,pdpGivesStepupObligationResponse,532,536,1.0,76.22181733143,3.75,0,[]
/php-code/OpenConext/EngineBlockFunctionalTestingBundle/Features/Context/EngineBlockContext.php,pdpGivesAnIndeterminateResponse,541,545,1.0,76.709754179319,5.0,0,[]
/php-code/OpenConext/EngineBlockFunctionalTestingBundle/Features/Context/EngineBlockContext.php,pdpGivesAnPermitResponse,550,554,1.0,76.709754179319,5.0,0,[]
/php-code/OpenConext/EngineBlockFunctionalTestingBundle/Features/Context/EngineBlockContext.php,pdpGivesANotApplicableResponse,559,563,1.0,76.709754179319,5.0,0,[]
/php-code/OpenConext/EngineBlockFunctionalTestingBundle/Features/Context/EngineBlockContext.php,engineblockIsConfiguredToAllowAMaximumOfAuthenticationProcedures,571,583,1.0,65.874323728073,6.5,3,"[{'line': 572, 'rule': 'LongVariable', 'message': 'Avoid excessively long variable names like $maximumAuthenticationProceduresAllowed. Keep variable name length under 20.'}, {'line': 573, 'rule': 'LongVariable', 'message': 'Avoid excessively long variable names like $timeFrameForAuthenticationLoopInSeconds. Keep variable name length under 20.'}, {'line': 574, 'rule': 'LongVariable', 'message': 'Avoid excessively long variable names like $maximumAuthenticationsPerSession. Keep variable name length under 20.'}]"
/php-code/OpenConext/EngineBlockFunctionalTestingBundle/Features/Context/EngineBlockContext.php,cleanAttributeAggregator,588,593,2.0,75.021255906316,7.5,0,[]
/php-code/OpenConext/EngineBlockFunctionalTestingBundle/Features/Context/EngineBlockContext.php,cleanUpPdp,598,603,2.0,75.021255906316,7.5,0,[]
/php-code/OpenConext/EngineBlockFunctionalTestingBundle/Features/Context/EngineBlockContext.php,cleanUpFeatures,608,613,2.0,75.021255906316,7.5,0,[]
/php-code/OpenConext/EngineBlockFunctionalTestingBundle/Features/Context/EngineBlockContext.php,cleanUpAuthenticationLoopGuard,618,624,2.0,71.305803530638,6.0,0,[]
/php-code/OpenConext/EngineBlockFunctionalTestingBundle/Features/Context/EngineBlockContext.php,theReceivedAuthnRequestShouldNotMatchXpath,629,644,3.0,57.944584039025,11.0,0,[]
/php-code/OpenConext/EngineBlockFunctionalTestingBundle/Features/Context/EngineBlockContext.php,theReceivedAuthnRequestShouldMatchXpath,649,652,1.0,80.401219851729,6.25,0,[]
/php-code/OpenConext/EngineBlockFunctionalTestingBundle/Features/Context/EngineBlockContext.php,theAuthnRequestToSubmitShouldMatchXpath,657,682,3.0,53.291654987909,9.35,0,[]
/php-code/OpenConext/EngineBlockFunctionalTestingBundle/Features/Context/EngineBlockContext.php,myBrowserIsConfiguredToAcceptLanguage,687,690,1.0,79.114768736218,5.8333333333333,0,[]
/php-code/OpenConext/EngineBlockFunctionalTestingBundle/Features/Context/EngineBlockContext.php,aLangCookieShouldBeSetWithValue,695,712,3.0,57.847604123672,15.0,0,[]
/php-code/OpenConext/EngineBlockFunctionalTestingBundle/Features/Context/EngineBlockContext.php,iHaveALocaleCookieContaining,717,720,1.0,79.114768736218,5.8333333333333,0,[]
/php-code/OpenConext/EngineBlockFunctionalTestingBundle/Features/Context/EngineBlockContext.php,iGoToEngineblockURL,725,728,1.0,79.435163286757,5.0,0,[]
/php-code/OpenConext/EngineBlockFunctionalTestingBundle/Features/Context/EngineBlockContext.php,iPostDataToEngineBlockUrl,733,739,1.0,70.269538998733,6.6111111111111,0,[]
/php-code/OpenConext/EngineBlockFunctionalTestingBundle/Features/Context/EngineBlockContext.php,aaReturnsNoAttributes,744,749,1.0,76.709754179319,5.0,0,[]
/php-code/OpenConext/EngineBlockFunctionalTestingBundle/Features/Context/EngineBlockContext.php,aaReturnsAttributes,754,765,2.0,63.175703370944,7.65,0,[]
/php-code/OpenConext/EngineBlockFunctionalTestingBundle/Features/Context/EngineBlockContext.php,primeAuthzResponse,770,779,2.0,66.517268125287,11.2,1,"[{'line': 772, 'rule': 'StaticAccess', 'message': ""Avoid using static access to class '\\OpenConext\\EngineBlockBundle\\Sbs\\Msg' in method 'primeAuthzResponse'.""}]"
/php-code/OpenConext/EngineBlockFunctionalTestingBundle/Features/Context/EngineBlockContext.php,authzWillReturnInvalidAttributes,784,787,1.0,76.86305434314,6.4166666666667,0,[]
/php-code/OpenConext/EngineBlockFunctionalTestingBundle/Features/Context/EngineBlockContext.php,attributesWillReturnValidAttributes,792,795,1.0,80.652193532979,5.0,0,[]
/php-code/OpenConext/EngineBlockFunctionalTestingBundle/Features/Context/EngineBlockContext.php,attributesWillReturnInvalidAttributes,800,803,1.0,77.775236603656,5.6,0,[]
/php-code/OpenConext/EngineBlockFunctionalTestingBundle/Features/Context/EngineBlockContext.php,iShouldSeeARTCode,808,824,3.0,57.256306961335,10.666666666667,0,[]
/php-code/OpenConext/EngineBlockFunctionalTestingBundle/Features/Context/EngineBlockContext.php,iWriteDownTimestampAndRequestId,829,832,1.0,80.401219851729,6.25,0,[]
/php-code/OpenConext/EngineBlockFunctionalTestingBundle/Features/Context/EngineBlockContext.php,iShouldSeeTheSameRequestId,837,850,2.0,61.427447626892,13.333333333333,0,[]
/php-code/OpenConext/EngineBlockFunctionalTestingBundle/Features/Context/EngineBlockContext.php,iShouldNotSeeTheSameRequestId,854,864,2.0,67.359078486083,13.0,0,[]
/php-code/OpenConext/EngineBlockFunctionalTestingBundle/Features/Context/EngineBlockContext.php,getRequestIdFromFeedbackInformation,869,882,3.0,59.782608278784,11.423076923077,0,[]
/php-code/OpenConext/EngineBlockFunctionalTestingBundle/Features/Context/EngineBlockContext.php,iExploitTheXMLSignatureBypass,887,973,2.0,39.189044308191,7.0568181818182,1,"[{'line': 897, 'rule': 'StaticAccess', 'message': ""Avoid using static access to class '\\SAML2\\DOMDocumentFactory' in method 'iExploitTheXMLSignatureBypass'.""}]"
/php-code/OpenConext/EngineBlockFunctionalTestingBundle/Features/Context/EngineBlockContext.php,theRelayStateShouldBeSetInTheForm,978,1006,3.0,53.120947801365,10.882352941176,0,[]
/php-code/OpenConext/EngineBlockFunctionalTestingBundle/Features/Context/EngineBlockContext.php,noRelaystateShouldBePresent,1011,1023,2.0,61.702356955149,8.25,0,[]
/php-code/OpenConext/EngineBlockFunctionalTestingBundle/Features/Context/EngineBlockContext.php,calculateDigest,1029,1033,1.0,74.614667036025,6.3,0,[]
/php-code/OpenConext/EngineBlockFunctionalTestingBundle/Features/Context/EngineBlockContext.php,digest,1039,1043,1.0,74.137645235702,5.8333333333333,0,[]
/php-code/OpenConext/EngineBlockFunctionalTestingBundle/Features/Context/MfaEntitiesContext.php,__construct,46,54,1.0,72.942205732312,2.6666666666667,1,"[{'line': 49, 'rule': 'LongVariable', 'message': 'Avoid excessively long variable names like $serviceRegistryFixture. Keep variable name length under 20.'}]"
/php-code/OpenConext/EngineBlockFunctionalTestingBundle/Features/Context/MfaEntitiesContext.php,setIdpConfiguredMfaAuthnMethodFor,59,73,1.0,63.06143062574,6.6666666666667,0,[]
/php-code/OpenConext/EngineBlockFunctionalTestingBundle/Features/Context/MfaEntitiesContext.php,setIdpConfiguredAuthnContext,78,86,1.0,70.577161152242,5.0,0,[]
/php-code/OpenConext/EngineBlockFunctionalTestingBundle/Features/Context/MinkContext.php,putDebugCookie,45,49,1.0,75.158217726801,4.8,0,[]
/php-code/OpenConext/EngineBlockFunctionalTestingBundle/Features/Context/MinkContext.php,theResponseShouldContain,54,57,1.0,80.652193532979,5.0,0,[]
/php-code/OpenConext/EngineBlockFunctionalTestingBundle/Features/Context/MinkContext.php,theResponseShouldMatchXpath,62,78,2.0,56.510684344775,9.24,0,[]
/php-code/OpenConext/EngineBlockFunctionalTestingBundle/Features/Context/MinkContext.php,theCollabPersonIdIsPresent,83,136,7.0,40.453554548617,16.888888888889,2,"[{'line': 95, 'rule': 'LongVariable', 'message': 'Avoid excessively long variable names like $nodeListAttributeValue. Keep variable name length under 20.'}, {'line': 111, 'rule': 'LongVariable', 'message': 'Avoid excessively long variable names like $attributeValueAttributes. Keep variable name length under 20.'}]"
/php-code/OpenConext/EngineBlockFunctionalTestingBundle/Features/Context/MinkContext.php,theCollabPersonIdIsNotPresent,141,161,2.0,55.134767304815,6.75,0,[]
/php-code/OpenConext/EngineBlockFunctionalTestingBundle/Features/Context/MinkContext.php,theSessionIndexShouldMatchTheAssertionID,166,193,5.0,49.481631019712,10.0,1,"[{'line': 175, 'rule': 'LongVariable', 'message': 'Avoid excessively long variable names like $nodeListAuthStatement. Keep variable name length under 20.'}]"
/php-code/OpenConext/EngineBlockFunctionalTestingBundle/Features/Context/MinkContext.php,theResponseShouldNotMatchXpath,198,217,2.0,55.030074043694,7.4347826086957,0,[]
/php-code/OpenConext/EngineBlockFunctionalTestingBundle/Features/Context/MinkContext.php,iShouldSeeUrl,222,225,1.0,80.652193532979,5.0,0,[]
/php-code/OpenConext/EngineBlockFunctionalTestingBundle/Features/Context/MinkContext.php,iShouldNotSeeUrl,230,233,1.0,80.652193532979,5.0,0,[]
/php-code/OpenConext/EngineBlockFunctionalTestingBundle/Features/Context/MinkContext.php,iOpenTwoBrowserTabsIdentifiedBy,238,271,5.0,49.988999564214,16.673913043478,0,[]
/php-code/OpenConext/EngineBlockFunctionalTestingBundle/Features/Context/MinkContext.php,iSwitchToWindow,276,279,1.0,81.120955834208,4.0,0,[]
/php-code/OpenConext/EngineBlockFunctionalTestingBundle/Features/Context/MinkContext.php,switchToWindow,281,287,2.0,68.633136797059,14.166666666667,0,[]
/php-code/OpenConext/EngineBlockFunctionalTestingBundle/Features/Context/MinkContext.php,iShouldSeeLinksOnTheFrontPage,292,305,2.0,60.221384880023,9.45,1,"[{'line': 292, 'rule': 'LongVariable', 'message': 'Avoid excessively long variable names like $expectedNumberOfLinks. Keep variable name length under 20.'}]"
/php-code/OpenConext/EngineBlockFunctionalTestingBundle/Features/Context/MockIdpContext.php,__construct,68,80,1.0,67.965365133435,2.4,0,[]
/php-code/OpenConext/EngineBlockFunctionalTestingBundle/Features/Context/MockIdpContext.php,cleanUpMockIdpRegistry,85,92,1.0,77.162553415564,7.0,0,[]
/php-code/OpenConext/EngineBlockFunctionalTestingBundle/Features/Context/MockIdpContext.php,anIdentityProviderNamed,98,117,2.0,54.637135780096,16.866666666667,0,[]
/php-code/OpenConext/EngineBlockFunctionalTestingBundle/Features/Context/MockIdpContext.php,idpRequiresAPolicyEnforcementDecision,123,130,1.0,71.214948878475,4.5,0,[]
/php-code/OpenConext/EngineBlockFunctionalTestingBundle/Features/Context/MockIdpContext.php,anIdentityProviderNamedWithLogo,135,140,1.0,71.529444086767,5.1428571428571,0,[]
/php-code/OpenConext/EngineBlockFunctionalTestingBundle/Features/Context/MockIdpContext.php,theIdpIsConfiguredToAlwaysReturnResponsesWithStatuscode,145,151,1.0,72.30441800608,5.0,0,[]
/php-code/OpenConext/EngineBlockFunctionalTestingBundle/Features/Context/MockIdpContext.php,theIdpIsConfiguredToAlwaysReturnResponsesWithStatusmessage,156,162,1.0,72.942205732312,4.5,0,[]
/php-code/OpenConext/EngineBlockFunctionalTestingBundle/Features/Context/MockIdpContext.php,theIdpUsesThePrivateKeyAt,167,173,1.0,72.942205732312,4.5,0,[]
/php-code/OpenConext/EngineBlockFunctionalTestingBundle/Features/Context/MockIdpContext.php,theIdpUsesTheCertificateAt,178,184,1.0,72.942205732312,4.5,0,[]
/php-code/OpenConext/EngineBlockFunctionalTestingBundle/Features/Context/MockIdpContext.php,theIdpThinksItsEntityidIs,189,197,1.0,72.942205732312,4.5,0,[]
/php-code/OpenConext/EngineBlockFunctionalTestingBundle/Features/Context/MockIdpContext.php,theIdpUsesTheHttpRedirectBinding,202,210,1.0,73.309992941652,5.625,0,[]
/php-code/OpenConext/EngineBlockFunctionalTestingBundle/Features/Context/MockIdpContext.php,theIdpDoesNotSendTheAttributeNamed,215,223,1.0,72.942205732312,4.5,0,[]
/php-code/OpenConext/EngineBlockFunctionalTestingBundle/Features/Context/MockIdpContext.php,theIdpDoesNotSignItsResponses,228,236,1.0,73.309992941652,5.625,0,[]
/php-code/OpenConext/EngineBlockFunctionalTestingBundle/Features/Context/MockIdpContext.php,theIdpEncryptsItsAssertionsWithThePublicKeyIn,241,249,1.0,72.942205732312,4.5,0,[]
/php-code/OpenConext/EngineBlockFunctionalTestingBundle/Features/Context/MockIdpContext.php,theIdpEncryptsItsAssertionsWithTheSharedKey,254,262,1.0,72.942205732312,4.5,0,[]
/php-code/OpenConext/EngineBlockFunctionalTestingBundle/Features/Context/MockIdpContext.php,theIdpWithNameHasShibdScope,268,272,1.0,74.418409544846,5.0,0,[]
/php-code/OpenConext/EngineBlockFunctionalTestingBundle/Features/Context/MockIdpContext.php,noRegisteredIdentityProviders,277,280,1.0,81.447288023898,10.0,0,[]
/php-code/OpenConext/EngineBlockFunctionalTestingBundle/Features/Context/MockIdpContext.php,iPassThroughTheIdp,285,290,1.0,75.931985205709,4.375,0,[]
/php-code/OpenConext/EngineBlockFunctionalTestingBundle/Features/Context/MockIdpContext.php,theIdPIsConfiguredToNotSendAnAssertion,295,302,1.0,73.309992941652,5.625,0,[]
/php-code/OpenConext/EngineBlockFunctionalTestingBundle/Features/Context/MockIdpContext.php,theIdpOmitsInResponseToFromItsResponse,307,314,1.0,73.309992941652,5.625,0,[]
/php-code/OpenConext/EngineBlockFunctionalTestingBundle/Features/Context/MockIdpContext.php,theIdPSendsAttributeWithValue,322,330,1.0,71.763223525053,5.5,0,[]
/php-code/OpenConext/EngineBlockFunctionalTestingBundle/Features/Context/MockIdpContext.php,theIdPSendsAttributeWithValuesAndType,341,352,1.0,68.886907386765,4.2,0,[]
/php-code/OpenConext/EngineBlockFunctionalTestingBundle/Features/Context/MockIdpContext.php,theIdPSendsAuthnContextClassRefValue,359,367,1.0,72.609065727841,3.75,0,[]
/php-code/OpenConext/EngineBlockFunctionalTestingBundle/Features/Context/MockIdpContext.php,theIdpRequiresInformationalConsentForSp,375,382,1.0,68.587098116625,4.3636363636364,0,[]
/php-code/OpenConext/EngineBlockFunctionalTestingBundle/Features/Context/MockIdpContext.php,theIdPProvidesAConsentMessage,390,397,1.0,68.309057555896,4.25,0,[]
/php-code/OpenConext/EngineBlockFunctionalTestingBundle/Features/Context/MockIdpContext.php,theIdpRequiresDefaultConsentForSp,404,411,1.0,68.587098116625,4.3636363636364,0,[]
/php-code/OpenConext/EngineBlockFunctionalTestingBundle/Features/Context/MockIdpContext.php,theIdpRequiresNoConsentForSp,418,425,1.0,68.587098116625,4.3636363636364,0,[]
/php-code/OpenConext/EngineBlockFunctionalTestingBundle/Features/Context/MockIdpContext.php,theIdpIsHidden,433,442,1.0,69.040820946189,4.5833333333333,0,[]
/php-code/OpenConext/EngineBlockFunctionalTestingBundle/Features/Context/MockIdpContext.php,theClockOnTheIdPIsBehind,447,453,1.0,72.942205732312,4.5,0,[]
/php-code/OpenConext/EngineBlockFunctionalTestingBundle/Features/Context/MockIdpContext.php,theClockOnTheIdPIsAhead,458,464,1.0,72.942205732312,4.5,0,[]
/php-code/OpenConext/EngineBlockFunctionalTestingBundle/Features/Context/MockSpContext.php,__construct,63,75,1.0,67.965365133435,2.4,0,[]
/php-code/OpenConext/EngineBlockFunctionalTestingBundle/Features/Context/MockSpContext.php,cleanUpMockSpRegistry,80,87,1.0,77.162553415564,7.0,0,[]
/php-code/OpenConext/EngineBlockFunctionalTestingBundle/Features/Context/MockSpContext.php,iLogInAtSPWhichAttemptsToPreselectNonexistentIdP,92,102,1.0,70.054575575623,3.9285714285714,0,[]
/php-code/OpenConext/EngineBlockFunctionalTestingBundle/Features/Context/MockSpContext.php,iTriggerTheLoginEitherAtOrUnsolicitedAtEb,108,122,3.0,61.188350578517,9.8181818181818,0,[]
/php-code/OpenConext/EngineBlockFunctionalTestingBundle/Features/Context/MockSpContext.php,aServiceProviderNamedWithEntityid,127,136,1.0,65.671106714605,6.0,0,[]
/php-code/OpenConext/EngineBlockFunctionalTestingBundle/Features/Context/MockSpContext.php,anUnregisteredServiceProviderNamed,141,147,1.0,69.898595966959,8.4,0,[]
/php-code/OpenConext/EngineBlockFunctionalTestingBundle/Features/Context/MockSpContext.php,spDoesNotRequireConsent,152,160,1.0,71.214948878475,4.5,0,[]
/php-code/OpenConext/EngineBlockFunctionalTestingBundle/Features/Context/MockSpContext.php,theSpRequiresSbsCollaboration,166,172,1.0,72.412808236663,4.1666666666667,0,[]
/php-code/OpenConext/EngineBlockFunctionalTestingBundle/Features/Context/MockSpContext.php,iLogInAt,177,180,1.0,81.120955834208,4.0,0,[]
/php-code/OpenConext/EngineBlockFunctionalTestingBundle/Features/Context/MockSpContext.php,theSpSignsItSRequests,185,190,1.0,76.09952750306,5.8333333333333,0,[]
/php-code/OpenConext/EngineBlockFunctionalTestingBundle/Features/Context/MockSpContext.php,spSignsItSRequests,195,200,1.0,75.667389205507,4.375,0,[]
/php-code/OpenConext/EngineBlockFunctionalTestingBundle/Features/Context/MockSpContext.php,spConfiguredWithAcsLocation,205,218,1.0,62.591363227123,3.9285714285714,0,[]
/php-code/OpenConext/EngineBlockFunctionalTestingBundle/Features/Context/MockSpContext.php,spRequestsLoa,222,237,1.0,59.661524832768,5.5263157894737,0,[]
/php-code/OpenConext/EngineBlockFunctionalTestingBundle/Features/Context/MockSpContext.php,doSpSignsItsRequests,239,248,1.0,70.064545947503,5.0,0,[]
/php-code/OpenConext/EngineBlockFunctionalTestingBundle/Features/Context/MockSpContext.php,spIsATrustedProxy,253,259,1.0,71.993683110254,4.0,0,[]
/php-code/OpenConext/EngineBlockFunctionalTestingBundle/Features/Context/MockSpContext.php,spRequiresARequesterId,264,270,1.0,71.993683110254,4.0,0,[]
/php-code/OpenConext/EngineBlockFunctionalTestingBundle/Features/Context/MockSpContext.php,disconnectSpToIdp,275,285,1.0,68.886907386765,4.5,0,[]
/php-code/OpenConext/EngineBlockFunctionalTestingBundle/Features/Context/MockSpContext.php,theOnlySpUsesHttpPostBinding,290,297,1.0,73.309992941652,5.625,0,[]
/php-code/OpenConext/EngineBlockFunctionalTestingBundle/Features/Context/MockSpContext.php,theSpUsesHttpPostBinding,302,309,1.0,72.942205732312,4.5,0,[]
/php-code/OpenConext/EngineBlockFunctionalTestingBundle/Features/Context/MockSpContext.php,theSpSendsMalformedAuthnRequest,314,321,1.0,72.942205732312,4.5,0,[]
/php-code/OpenConext/EngineBlockFunctionalTestingBundle/Features/Context/MockSpContext.php,theSpUsesTheHttpRedirectBinding,326,333,1.0,73.309992941652,5.625,0,[]
/php-code/OpenConext/EngineBlockFunctionalTestingBundle/Features/Context/MockSpContext.php,noRegisteredServiceProviders,338,341,1.0,82.001716149821,8.0,0,[]
/php-code/OpenConext/EngineBlockFunctionalTestingBundle/Features/Context/MockSpContext.php,spIsAuthenticatingForSp,346,359,1.0,63.726970081526,5.5,0,[]
/php-code/OpenConext/EngineBlockFunctionalTestingBundle/Features/Context/MockSpContext.php,spIsAuthenticatingForSpReset,364,377,1.0,63.87102704756,6.0,0,[]
/php-code/OpenConext/EngineBlockFunctionalTestingBundle/Features/Context/MockSpContext.php,spIsAuthenticatingForMisconfiguredSp,383,396,1.0,63.458007519507,6.1923076923077,0,[]
/php-code/OpenConext/EngineBlockFunctionalTestingBundle/Features/Context/MockSpContext.php,spIsAuthenticatingAndUsesRequesterid,401,409,1.0,72.120062430965,5.5,0,[]
/php-code/OpenConext/EngineBlockFunctionalTestingBundle/Features/Context/MockSpContext.php,iPassThroughTheSp,414,418,1.0,75.931985205709,4.375,0,[]
/php-code/OpenConext/EngineBlockFunctionalTestingBundle/Features/Context/MockSpContext.php,spHasTheFollowingAttributeManipulation,423,431,1.0,70.392805577128,5.5,0,[]
/php-code/OpenConext/EngineBlockFunctionalTestingBundle/Features/Context/MockSpContext.php,spAllowsNoAttributes,436,444,1.0,71.214948878475,4.5,0,[]
/php-code/OpenConext/EngineBlockFunctionalTestingBundle/Features/Context/MockSpContext.php,spAllowsAnAttributeNamed,449,457,1.0,70.122581783468,4.7142857142857,0,[]
/php-code/OpenConext/EngineBlockFunctionalTestingBundle/Features/Context/MockSpContext.php,spAllowsAnAttributeNamedWithValue,462,470,1.0,70.122581783468,4.7142857142857,0,[]
/php-code/OpenConext/EngineBlockFunctionalTestingBundle/Features/Context/MockSpContext.php,spAllowsAnAttributeNamedReleasedAs,475,483,1.0,70.122581783468,4.7142857142857,0,[]
/php-code/OpenConext/EngineBlockFunctionalTestingBundle/Features/Context/MockSpContext.php,spOverridesNameId,488,496,1.0,70.577161152242,5.0,0,[]
/php-code/OpenConext/EngineBlockFunctionalTestingBundle/Features/Context/MockSpContext.php,spAllowsAnAttributeWithNameFromSource,501,509,1.0,69.715572120677,4.5,0,[]
/php-code/OpenConext/EngineBlockFunctionalTestingBundle/Features/Context/MockSpContext.php,spAllowsGivenAttributes,514,530,3.0,59.429347650076,11.785714285714,0,[]
/php-code/OpenConext/EngineBlockFunctionalTestingBundle/Features/Context/MockSpContext.php,spUsesTheUnspecifiedNameidFormat,535,543,1.0,71.214948878475,4.5,0,[]
/php-code/OpenConext/EngineBlockFunctionalTestingBundle/Features/Context/MockSpContext.php,spUsesThePersistentNameidFormat,548,556,1.0,71.214948878475,4.5,0,[]
/php-code/OpenConext/EngineBlockFunctionalTestingBundle/Features/Context/MockSpContext.php,spUsesTheTransientNameidFormat,561,569,1.0,71.214948878475,4.5,0,[]
/php-code/OpenConext/EngineBlockFunctionalTestingBundle/Features/Context/MockSpContext.php,spUsesStatus,574,582,1.0,70.577161152242,5.0,0,[]
/php-code/OpenConext/EngineBlockFunctionalTestingBundle/Features/Context/MockSpContext.php,spIsConfiguredToGenerateAAuthnRequestWithAProxyCountOf,589,595,1.0,72.30441800608,5.0,0,[]
/php-code/OpenConext/EngineBlockFunctionalTestingBundle/Features/Context/MockSpContext.php,spIsConfiguredToGenerateAPassiveAuthnRequest,601,607,1.0,72.942205732312,4.5,0,[]
/php-code/OpenConext/EngineBlockFunctionalTestingBundle/Features/Context/MockSpContext.php,spRequiresAPolicyEnforcementDecision,613,620,1.0,71.214948878475,4.5,0,[]
/php-code/OpenConext/EngineBlockFunctionalTestingBundle/Features/Context/MockSpContext.php,spRequiresAttributeAggregation,626,634,1.0,71.214948878475,4.5,0,[]
/php-code/OpenConext/EngineBlockFunctionalTestingBundle/Features/Context/MockSpContext.php,spRequiresASignedResponse,639,647,1.0,71.214948878475,4.5,0,[]
/php-code/OpenConext/EngineBlockFunctionalTestingBundle/Features/Context/MockSpContext.php,spDoesNotRequireASignedResponse,652,660,1.0,70.577161152242,5.0,0,[]
/php-code/OpenConext/EngineBlockFunctionalTestingBundle/Features/Context/MockSpContext.php,spIsConfiguredToDisplayUnconnectedIdps,666,673,1.0,71.214948878475,4.5,0,[]
/php-code/OpenConext/EngineBlockFunctionalTestingBundle/Features/Context/MockSpContext.php,spIsConfiguredToDisplayOnlyConnectedIdps,679,686,1.0,70.577161152242,5.0,0,[]
/php-code/OpenConext/EngineBlockFunctionalTestingBundle/Features/Context/MockSpContext.php,spAuthnRequestScopedToIdp,691,700,1.0,69.425739994956,3.6111111111111,0,[]
/php-code/OpenConext/EngineBlockFunctionalTestingBundle/Features/Context/MockSpContext.php,theSPSendsAuthnContextClassRefWithValue,705,711,1.0,69.011044446124,5.8333333333333,0,[]
/php-code/OpenConext/EngineBlockFunctionalTestingBundle/Features/Context/MockSpContext.php,theSPSendsNoAuthnContextClassRef,716,722,1.0,70.054575575623,4.2857142857143,0,[]
/php-code/OpenConext/EngineBlockFunctionalTestingBundle/Features/Context/MockSpContext.php,theSPSendsRelayState,727,736,1.0,70.054575575623,4.2857142857143,0,[]
/php-code/OpenConext/EngineBlockFunctionalTestingBundle/Features/Context/StepupContext.php,__construct,53,63,1.0,70.218990517498,2.5,2,"[{'line': 56, 'rule': 'LongVariable', 'message': 'Avoid excessively long variable names like $gatewayMockConfiguration. Keep variable name length under 20.'}, {'line': 57, 'rule': 'LongVariable', 'message': 'Avoid excessively long variable names like $serviceRegistryFixture. Keep variable name length under 20.'}]"
/php-code/OpenConext/EngineBlockFunctionalTestingBundle/Features/Context/StepupContext.php,stepupWillsSuccessfullyVerifyAUser,68,83,3.0,59.693513705822,9.3214285714286,0,[]
/php-code/OpenConext/EngineBlockFunctionalTestingBundle/Features/Context/StepupContext.php,stepupWillsSuccessfullyVerifyAUserAndUpdateAudience,88,93,1.0,75.931985205709,4.375,0,[]
/php-code/OpenConext/EngineBlockFunctionalTestingBundle/Features/Context/StepupContext.php,stepupWillsSuccessfullyVerifyAUserLoa2,98,103,1.0,75.931985205709,4.375,0,[]
/php-code/OpenConext/EngineBlockFunctionalTestingBundle/Features/Context/StepupContext.php,iAuthenticateWithStepup,108,113,1.0,75.931985205709,4.375,0,[]
/php-code/OpenConext/EngineBlockFunctionalTestingBundle/Features/Context/StepupContext.php,stepupWillFailAsTheUserCancelled,118,123,1.0,75.931985205709,4.375,0,[]
/php-code/OpenConext/EngineBlockFunctionalTestingBundle/Features/Context/StepupContext.php,stepupWillFailIfTheLoaCanNotBeGiven,128,133,1.0,75.931985205709,4.375,0,[]
/php-code/OpenConext/EngineBlockFunctionalTestingBundle/Features/Context/StepupContext.php,stepupWillFailOnUnknownInvalidStatus,138,143,1.0,75.931985205709,4.375,0,[]
/php-code/OpenConext/EngineBlockFunctionalTestingBundle/Features/Context/StepupContext.php,spAllowsNoStepup,149,157,1.0,71.214948878475,4.5,0,[]
/php-code/OpenConext/EngineBlockFunctionalTestingBundle/Features/Context/StepupContext.php,spForcesAuthn,162,170,1.0,70.577161152242,5.0,0,[]
/php-code/OpenConext/EngineBlockFunctionalTestingBundle/Features/Context/StepupContext.php,setSpStepupRequireLoa,175,183,1.0,70.577161152242,5.0,0,[]
/php-code/OpenConext/EngineBlockFunctionalTestingBundle/Features/Context/StepupContext.php,setIdpStepupRequireLoaFor,188,199,1.0,67.180750716724,6.4,0,[]
/php-code/OpenConext/EngineBlockFunctionalTestingBundle/Features/Context/TranslationContext.php,cleanUp,37,40,1.0,82.001716149821,8.0,0,[]
/php-code/OpenConext/EngineBlockFunctionalTestingBundle/Features/Context/TranslationContext.php,__construct,45,49,1.0,81.120955834208,4.0,0,[]
/php-code/OpenConext/EngineBlockFunctionalTestingBundle/Features/Context/TranslationContext.php,iHaveConfiguredTheFollowingTranslations,54,59,2.0,71.715335713329,8.8,0,[]
/php-code/OpenConext/EngineBlockFunctionalTestingBundle/Features/Context/TranslationContext.php,iHaveConfiguredTheFollowingTranslationsForLocale,64,69,2.0,71.308326050538,8.0,0,[]
/php-code/OpenConext/EngineBlockFunctionalTestingBundle/Fixtures/DataStore/AbstractDataStore.php,__construct,35,46,2.0,62.24836251648,7.6666666666667,0,[]
/php-code/OpenConext/EngineBlockFunctionalTestingBundle/Fixtures/DataStore/AbstractDataStore.php,load,51,72,5.0,54.905220847087,23.916666666667,0,[]
/php-code/OpenConext/EngineBlockFunctionalTestingBundle/Fixtures/DataStore/AbstractDataStore.php,save,77,86,1.0,71.294461223824,6.0,0,[]
/php-code/OpenConext/EngineBlockFunctionalTestingBundle/Fixtures/DataStore/AbstractDataStore.php,encode,88,88,1.0,100.0,4.5,0,[]
/php-code/OpenConext/EngineBlockFunctionalTestingBundle/Fixtures/DataStore/AbstractDataStore.php,decode,90,90,1.0,100.0,4.5,0,[]
/php-code/OpenConext/EngineBlockFunctionalTestingBundle/Fixtures/DataStore/AbstractDataStore.php,ensureWwwCanWrite,96,101,1.0,71.73424305138,4.5833333333333,0,[]
/php-code/OpenConext/EngineBlockFunctionalTestingBundle/Fixtures/DataStore/JsonDataStore.php,encode,23,26,1.0,80.401219851729,6.25,0,[]
/php-code/OpenConext/EngineBlockFunctionalTestingBundle/Fixtures/DataStore/JsonDataStore.php,decode,28,31,1.0,79.267620989406,6.0,0,[]
/php-code/OpenConext/EngineBlockFunctionalTestingBundle/Fixtures/DataStore/SerializedDataStore.php,encode,23,26,1.0,80.401219851729,6.25,0,[]
/php-code/OpenConext/EngineBlockFunctionalTestingBundle/Fixtures/DataStore/SerializedDataStore.php,decode,28,31,1.0,80.401219851729,6.25,0,[]
/php-code/OpenConext/EngineBlockFunctionalTestingBundle/Fixtures/FunctionalTestingAttributeAggregationClient.php,__construct,35,38,1.0,81.120955834208,4.0,0,[]
/php-code/OpenConext/EngineBlockFunctionalTestingBundle/Fixtures/FunctionalTestingAttributeAggregationClient.php,aggregate,44,63,4.0,56.141489781076,20.416666666667,1,"[{'line': 62, 'rule': 'StaticAccess', 'message': ""Avoid using static access to class '\\OpenConext\\EngineBlockBundle\\AttributeAggregation\\Dto\\Response' in method 'aggregate'.""}]"
/php-code/OpenConext/EngineBlockFunctionalTestingBundle/Fixtures/FunctionalTestingAttributeAggregationClient.php,hasRuleForAttribute,71,80,3.0,66.281225490936,9.0,0,[]
/php-code/OpenConext/EngineBlockFunctionalTestingBundle/Fixtures/FunctionalTestingAttributeAggregationClient.php,ruleMatchesAttribute,88,92,1.0,75.023714802825,7.875,0,[]
/php-code/OpenConext/EngineBlockFunctionalTestingBundle/Fixtures/FunctionalTestingAttributeAggregationClient.php,returnsNothing,97,100,1.0,81.120955834208,12.5,0,[]
/php-code/OpenConext/EngineBlockFunctionalTestingBundle/Fixtures/FunctionalTestingAttributeAggregationClient.php,returnsAttribute,109,123,2.0,60.810699873184,10.35,0,[]
/php-code/OpenConext/EngineBlockFunctionalTestingBundle/Fixtures/FunctionalTestingAuthenticationLoopGuard.php,__construct,48,59,2.0,66.707292338572,9.3333333333333,1,"[{'line': 49, 'rule': 'LongVariable', 'message': 'Avoid excessively long variable names like $authenticationLoopGuard. Keep variable name length under 20.'}]"
/php-code/OpenConext/EngineBlockFunctionalTestingBundle/Fixtures/FunctionalTestingAuthenticationLoopGuard.php,saveAuthenticationLoopGuardConfiguration,66,77,1.0,69.161143994754,4.875,3,"[{'line': 67, 'rule': 'LongVariable', 'message': 'Avoid excessively long variable names like $maximumAuthenticationProceduresAllowed. Keep variable name length under 20.'}, {'line': 68, 'rule': 'LongVariable', 'message': 'Avoid excessively long variable names like $timeFrameForAuthenticationLoopInSeconds. Keep variable name length under 20.'}, {'line': 69, 'rule': 'LongVariable', 'message': 'Avoid excessively long variable names like $maximumAuthenticationsPerSession. Keep variable name length under 20.'}]"
/php-code/OpenConext/EngineBlockFunctionalTestingBundle/Fixtures/FunctionalTestingAuthenticationLoopGuard.php,detectsAuthenticationLoop,83,102,2.0,59.133097667371,7.125,1,"[{'line': 85, 'rule': 'LongVariable', 'message': 'Avoid excessively long variable names like $pastAuthenticationProcedures. Keep variable name length under 20.'}]"
/php-code/OpenConext/EngineBlockFunctionalTestingBundle/Fixtures/FunctionalTestingAuthenticationLoopGuard.php,detectsAuthenticationLimit,104,117,2.0,63.398798330631,7.0,1,"[{'line': 104, 'rule': 'LongVariable', 'message': 'Avoid excessively long variable names like $pastAuthenticationProcedures. Keep variable name length under 20.'}]"
/php-code/OpenConext/EngineBlockFunctionalTestingBundle/Fixtures/FunctionalTestingAuthenticationLoopGuard.php,cleanUp,119,124,1.0,72.942205732312,6.75,0,[]
/php-code/OpenConext/EngineBlockFunctionalTestingBundle/Fixtures/FunctionalTestingAuthenticationLoopGuard.php,initAuthenticationLoopGuard,126,137,2.0,62.492953888236,12.857142857143,1,"[{'line': 130, 'rule': 'ElseExpression', 'message': 'The method initAuthenticationLoopGuard uses an else expression. Else clauses are basically not necessary and you can simplify the code by not using them.'}]"
/php-code/OpenConext/EngineBlockFunctionalTestingBundle/Fixtures/FunctionalTestingFeatureConfiguration.php,__construct,44,50,1.0,72.609065727841,3.75,0,[]
/php-code/OpenConext/EngineBlockFunctionalTestingBundle/Fixtures/FunctionalTestingFeatureConfiguration.php,hasFeature,52,55,1.0,80.401219851729,6.25,0,[]
/php-code/OpenConext/EngineBlockFunctionalTestingBundle/Fixtures/FunctionalTestingFeatureConfiguration.php,isEnabled,57,64,2.0,70.028462882229,17.333333333333,0,[]
/php-code/OpenConext/EngineBlockFunctionalTestingBundle/Fixtures/FunctionalTestingFeatureConfiguration.php,save,66,78,2.0,61.751484346198,10.0,0,[]
/php-code/OpenConext/EngineBlockFunctionalTestingBundle/Fixtures/FunctionalTestingFeatureConfiguration.php,clean,80,84,1.0,76.38935962878,10.5,0,[]
/php-code/OpenConext/EngineBlockFunctionalTestingBundle/Fixtures/FunctionalTestingPdpClient.php,__construct,45,49,1.0,75.931985205709,4.375,0,[]
/php-code/OpenConext/EngineBlockFunctionalTestingBundle/Fixtures/FunctionalTestingPdpClient.php,requestDecisionFor,54,147,8.0,33.885833868819,19.647887323944,2,"[{'line': 58, 'rule': 'LongVariable', 'message': 'Avoid excessively long variable names like $isSpecificDenyResponse. Keep variable name length under 20.'}, {'line': 146, 'rule': 'StaticAccess', 'message': ""Avoid using static access to class '\\OpenConext\\EngineBlockBundle\\Pdp\\PolicyDecision' in method 'requestDecisionFor'.""}]"
/php-code/OpenConext/EngineBlockFunctionalTestingBundle/Fixtures/FunctionalTestingPdpClient.php,receiveDenyResponse,149,152,1.0,81.120955834208,4.0,0,[]
/php-code/OpenConext/EngineBlockFunctionalTestingBundle/Fixtures/FunctionalTestingPdpClient.php,receiveSpecificDenyResponse,157,164,1.0,69.020377556691,8.0,0,[]
/php-code/OpenConext/EngineBlockFunctionalTestingBundle/Fixtures/FunctionalTestingPdpClient.php,receiveIndeterminateResponse,166,169,1.0,81.120955834208,4.0,0,[]
/php-code/OpenConext/EngineBlockFunctionalTestingBundle/Fixtures/FunctionalTestingPdpClient.php,receivePermitResponse,171,174,1.0,81.120955834208,4.0,0,[]
/php-code/OpenConext/EngineBlockFunctionalTestingBundle/Fixtures/FunctionalTestingPdpClient.php,receiveObligationResponse,176,183,1.0,69.020377556691,8.0,0,[]
/php-code/OpenConext/EngineBlockFunctionalTestingBundle/Fixtures/FunctionalTestingPdpClient.php,receiveNotApplicableResponse,185,188,1.0,81.120955834208,4.0,0,[]
/php-code/OpenConext/EngineBlockFunctionalTestingBundle/Fixtures/FunctionalTestingPdpClient.php,clear,190,193,1.0,81.120955834208,4.0,0,[]
/php-code/OpenConext/EngineBlockFunctionalTestingBundle/Fixtures/FunctionalTestingPdpClient.php,getIdpFromAdditionalData,195,203,2.0,67.830862209458,11.7,0,[]
/php-code/OpenConext/EngineBlockFunctionalTestingBundle/Fixtures/FunctionalTestingPdpClient.php,getLoaIdFromAdditionalData,205,213,2.0,67.830862209458,11.7,0,[]
/php-code/OpenConext/EngineBlockFunctionalTestingBundle/Fixtures/FunctionalTestingStepupGatewayMockConfiguration.php,__construct,49,72,1.0,58.340622326559,4.3636363636364,3,"[{'line': 50, 'rule': 'LongVariable', 'message': 'Avoid excessively long variable names like $mockIdentityProviderFactory. Keep variable name length under 20.'}, {'line': 51, 'rule': 'LongVariable', 'message': 'Avoid excessively long variable names like $mockServiceProviderFactory. Keep variable name length under 20.'}, {'line': 52, 'rule': 'LongVariable', 'message': 'Avoid excessively long variable names like $engineBlockApplicationSingleton. Keep variable name length under 20.'}]"
/php-code/OpenConext/EngineBlockFunctionalTestingBundle/Fixtures/FunctionalTestingStepupGatewayMockConfiguration.php,getIdentityProviderEntityId,74,77,1.0,81.120955834208,12.5,0,[]
/php-code/OpenConext/EngineBlockFunctionalTestingBundle/Fixtures/FunctionalTestingStepupGatewayMockConfiguration.php,getIdentityProviderPublicKeyCertData,79,82,1.0,79.995159476497,7.5,0,[]
/php-code/OpenConext/EngineBlockFunctionalTestingBundle/Fixtures/FunctionalTestingStepupGatewayMockConfiguration.php,getIdentityProviderGetPrivateKeyPem,84,87,1.0,81.120955834208,12.5,0,[]
/php-code/OpenConext/EngineBlockFunctionalTestingBundle/Fixtures/FunctionalTestingStepupGatewayMockConfiguration.php,getServiceProviderEntityId,89,92,1.0,81.120955834208,12.5,0,[]
/php-code/OpenConext/EngineBlockFunctionalTestingBundle/Fixtures/FunctionalTestingStepupGatewayMockConfiguration.php,addPublicKeyEnvelope,94,97,1.0,76.776439230887,5.0,0,[]
/php-code/OpenConext/EngineBlockFunctionalTestingBundle/Fixtures/SbsClientStateManager.php,__construct,42,46,1.0,81.120955834208,4.0,0,[]
/php-code/OpenConext/EngineBlockFunctionalTestingBundle/Fixtures/SbsClientStateManager.php,prepareAuthzResponse,48,69,4.0,53.41307994318,21.5,1,"[{'line': 64, 'rule': 'ElseExpression', 'message': 'The method prepareAuthzResponse uses an else expression. Else clauses are basically not necessary and you can simplify the code by not using them.'}]"
/php-code/OpenConext/EngineBlockFunctionalTestingBundle/Fixtures/SbsClientStateManager.php,getPreparedAuthzResponse,71,74,1.0,79.793333921501,9.0,0,[]
/php-code/OpenConext/EngineBlockFunctionalTestingBundle/Fixtures/SbsClientStateManager.php,getValidMockAttributes,79,89,1.0,63.076732346127,7.0,0,[]
/php-code/OpenConext/EngineBlockFunctionalTestingBundle/Fixtures/SbsClientStateManager.php,prepareAttributesResponse,91,95,1.0,76.709754179319,5.0,0,[]
/php-code/OpenConext/EngineBlockFunctionalTestingBundle/Fixtures/SbsClientStateManager.php,getPreparedAttributesResponse,97,100,1.0,79.793333921501,9.0,0,[]
/php-code/OpenConext/EngineBlockFunctionalTestingBundle/Fixtures/SbsClientStateManager.php,save,102,108,1.0,70.983221527475,6.3,0,[]
/php-code/OpenConext/EngineBlockFunctionalTestingBundle/Fixtures/ServiceRegistryFixture.php,__construct,66,70,1.0,76.38935962878,3.0,0,[]
/php-code/OpenConext/EngineBlockFunctionalTestingBundle/Fixtures/ServiceRegistryFixture.php,__destruct,72,75,1.0,82.001716149821,8.0,0,[]
/php-code/OpenConext/EngineBlockFunctionalTestingBundle/Fixtures/ServiceRegistryFixture.php,getServiceProvider,82,96,2.0,63.335153985715,10.625,0,[]
/php-code/OpenConext/EngineBlockFunctionalTestingBundle/Fixtures/ServiceRegistryFixture.php,getIdentityProvider,103,116,2.0,63.335153985715,10.625,0,[]
/php-code/OpenConext/EngineBlockFunctionalTestingBundle/Fixtures/ServiceRegistryFixture.php,save,118,121,1.0,82.001716149821,8.0,0,[]
/php-code/OpenConext/EngineBlockFunctionalTestingBundle/Fixtures/ServiceRegistryFixture.php,reset,123,131,1.0,69.225176521304,6.6,0,[]
/php-code/OpenConext/EngineBlockFunctionalTestingBundle/Fixtures/ServiceRegistryFixture.php,remove,133,145,1.0,62.673428810387,5.4090909090909,0,[]
/php-code/OpenConext/EngineBlockFunctionalTestingBundle/Fixtures/ServiceRegistryFixture.php,registerSp,147,185,2.0,48.851696353883,8.1052631578947,0,[]
/php-code/OpenConext/EngineBlockFunctionalTestingBundle/Fixtures/ServiceRegistryFixture.php,registerIdp,187,227,2.0,48.403377332186,8.8,0,[]
/php-code/OpenConext/EngineBlockFunctionalTestingBundle/Fixtures/ServiceRegistryFixture.php,assembleEntityName,233,239,1.0,70.593147501697,4.0,0,[]
/php-code/OpenConext/EngineBlockFunctionalTestingBundle/Fixtures/ServiceRegistryFixture.php,assembleCertificateData,245,253,2.0,67.176054639801,16.25,0,[]
/php-code/OpenConext/EngineBlockFunctionalTestingBundle/Fixtures/ServiceRegistryFixture.php,setSpEntityNoConsent,255,260,1.0,74.614667036025,4.5,0,[]
/php-code/OpenConext/EngineBlockFunctionalTestingBundle/Fixtures/ServiceRegistryFixture.php,setSpCollabEnabled,262,267,1.0,74.614667036025,4.5,0,[]
/php-code/OpenConext/EngineBlockFunctionalTestingBundle/Fixtures/ServiceRegistryFixture.php,setSpEntityWantsSignature,269,274,1.0,75.78955557251,5.25,0,[]
/php-code/OpenConext/EngineBlockFunctionalTestingBundle/Fixtures/ServiceRegistryFixture.php,setSpSignRepsones,276,281,1.0,74.322000810816,5.8333333333333,0,[]
/php-code/OpenConext/EngineBlockFunctionalTestingBundle/Fixtures/ServiceRegistryFixture.php,setSpEntityTrustedProxy,283,288,1.0,74.614667036025,4.5,0,[]
/php-code/OpenConext/EngineBlockFunctionalTestingBundle/Fixtures/ServiceRegistryFixture.php,setSpEntityRequesterIdRequired,290,295,1.0,74.614667036025,4.5,0,[]
/php-code/OpenConext/EngineBlockFunctionalTestingBundle/Fixtures/ServiceRegistryFixture.php,setSpEntityManipulation,297,302,1.0,75.78955557251,5.25,0,[]
/php-code/OpenConext/EngineBlockFunctionalTestingBundle/Fixtures/ServiceRegistryFixture.php,setSpEntityNameIdFormatUnspecified,304,309,1.0,75.78955557251,5.25,0,[]
/php-code/OpenConext/EngineBlockFunctionalTestingBundle/Fixtures/ServiceRegistryFixture.php,setSpEntityNameIdFormatPersistent,311,316,1.0,75.78955557251,5.25,0,[]
/php-code/OpenConext/EngineBlockFunctionalTestingBundle/Fixtures/ServiceRegistryFixture.php,setSpEntityNameIdFormatTransient,318,323,1.0,75.78955557251,5.25,0,[]
/php-code/OpenConext/EngineBlockFunctionalTestingBundle/Fixtures/ServiceRegistryFixture.php,requiresPolicyEnforcementDecisionForSp,325,333,1.0,68.82113169201,6.2222222222222,0,[]
/php-code/OpenConext/EngineBlockFunctionalTestingBundle/Fixtures/ServiceRegistryFixture.php,requiresPolicyEnforcementDecisionForIdp,335,343,1.0,68.82113169201,6.2222222222222,0,[]
/php-code/OpenConext/EngineBlockFunctionalTestingBundle/Fixtures/ServiceRegistryFixture.php,requireAttributeAggregationForSp,345,359,2.0,61.684694533331,12.375,0,[]
/php-code/OpenConext/EngineBlockFunctionalTestingBundle/Fixtures/ServiceRegistryFixture.php,requireASignedResponse,361,364,1.0,78.250368679746,3.5,0,[]
/php-code/OpenConext/EngineBlockFunctionalTestingBundle/Fixtures/ServiceRegistryFixture.php,displayUnconnectedIdpsForSp,366,371,1.0,74.322000810816,5.8333333333333,0,[]
/php-code/OpenConext/EngineBlockFunctionalTestingBundle/Fixtures/ServiceRegistryFixture.php,disconnectSp,373,384,2.0,65.237176731708,11.0,0,[]
/php-code/OpenConext/EngineBlockFunctionalTestingBundle/Fixtures/ServiceRegistryFixture.php,allowNoAttributeValuesForSp,386,391,1.0,75.281554847219,6.75,0,[]
/php-code/OpenConext/EngineBlockFunctionalTestingBundle/Fixtures/ServiceRegistryFixture.php,allowAttributeValueForSp,393,420,3.0,54.033519340301,14.0,0,[]
/php-code/OpenConext/EngineBlockFunctionalTestingBundle/Fixtures/ServiceRegistryFixture.php,allowAttributeReleasedAsForSp,422,444,2.0,57.039777986958,14.0,0,[]
/php-code/OpenConext/EngineBlockFunctionalTestingBundle/Fixtures/ServiceRegistryFixture.php,substituteNameIdWithAttributeValue,447,475,3.0,53.646762258798,16.235294117647,0,[]
/php-code/OpenConext/EngineBlockFunctionalTestingBundle/Fixtures/ServiceRegistryFixture.php,setSpWorkflowState,477,482,1.0,75.78955557251,5.25,0,[]
/php-code/OpenConext/EngineBlockFunctionalTestingBundle/Fixtures/ServiceRegistryFixture.php,setSpStepupRequireLoa,484,489,1.0,74.614667036025,4.5,0,[]
/php-code/OpenConext/EngineBlockFunctionalTestingBundle/Fixtures/ServiceRegistryFixture.php,setStepupForceAuthn,491,496,1.0,74.614667036025,4.5,0,[]
/php-code/OpenConext/EngineBlockFunctionalTestingBundle/Fixtures/ServiceRegistryFixture.php,setSpStepupAllowNoToken,498,503,1.0,74.614667036025,4.5,0,[]
/php-code/OpenConext/EngineBlockFunctionalTestingBundle/Fixtures/ServiceRegistryFixture.php,setIdpStepupConnections,505,511,1.0,71.21598345733,5.25,0,[]
/php-code/OpenConext/EngineBlockFunctionalTestingBundle/Fixtures/ServiceRegistryFixture.php,setMfaEntities,513,519,1.0,71.294461223824,6.0,0,[]
/php-code/OpenConext/EngineBlockFunctionalTestingBundle/Fixtures/ServiceRegistryFixture.php,setDefaultRequestedAuthContext,521,526,1.0,74.614667036025,4.5,0,[]
/php-code/OpenConext/EngineBlockFunctionalTestingBundle/Fixtures/ServiceRegistryFixture.php,setIdpLogo,528,538,1.0,65.134365707966,5.25,0,[]
/php-code/OpenConext/EngineBlockFunctionalTestingBundle/Fixtures/ServiceRegistryFixture.php,setHidden,541,548,1.0,71.598808583178,5.5,0,[]
/php-code/OpenConext/EngineBlockFunctionalTestingBundle/Fixtures/ServiceRegistryFixture.php,setIdpEntityWantsSignature,550,555,1.0,75.78955557251,5.25,0,[]
/php-code/OpenConext/EngineBlockFunctionalTestingBundle/Fixtures/ServiceRegistryFixture.php,setIdpScope,558,567,1.0,67.426532525243,5.8333333333333,0,[]
/php-code/OpenConext/EngineBlockFunctionalTestingBundle/Fixtures/ServiceRegistryFixture.php,setConsentSettings,569,583,1.0,60.824650105228,6.5454545454545,0,[]
/php-code/OpenConext/EngineBlockFunctionalTestingBundle/Fixtures/ServiceRegistryFixture.php,setCoin,585,598,1.0,61.40537317926,5.7647058823529,0,[]
/php-code/OpenConext/EngineBlockFunctionalTestingBundle/Fixtures/ServiceRegistryFixture.php,setMdui,599,612,1.0,61.347448843676,5.9705882352941,0,[]
/php-code/OpenConext/EngineBlockFunctionalTestingBundle/Helper/FileOrStdInHelper.php,__construct,51,56,1.0,72.942205732312,2.6666666666667,0,[]
/php-code/OpenConext/EngineBlockFunctionalTestingBundle/Helper/FileOrStdInHelper.php,mapLines,62,76,3.0,60.047643221896,14.85,1,"[{'line': 62, 'rule': 'ShortVariable', 'message': 'Avoid variables with short names like $fn. Configured minimum length is 3.'}]"
/php-code/OpenConext/EngineBlockFunctionalTestingBundle/Helper/FileOrStdInHelper.php,getStream,82,94,3.0,62.350935625043,11.5,0,[]
/php-code/OpenConext/EngineBlockFunctionalTestingBundle/Helper/LogStreamHelper.php,__construct,34,38,1.0,76.709754179319,5.0,0,[]
/php-code/OpenConext/EngineBlockFunctionalTestingBundle/Helper/LogStreamHelper.php,foreachLine,40,52,3.0,61.876687083792,16.8,0,[]
/php-code/OpenConext/EngineBlockFunctionalTestingBundle/Helper/LogStreamHelper.php,foreachLineReverse,54,84,5.0,51.006123582038,25.3125,0,[]
/php-code/OpenConext/EngineBlockFunctionalTestingBundle/Helper/LogStreamHelper.php,write,86,90,1.0,75.78955557251,5.25,0,[]
/php-code/OpenConext/EngineBlockFunctionalTestingBundle/Helper/LogStreamHelper.php,rewind,92,96,1.0,76.709754179319,5.0,0,[]
/php-code/OpenConext/EngineBlockFunctionalTestingBundle/Helper/LogStreamHelper.php,close,98,102,1.0,76.709754179319,5.0,0,[]
/php-code/OpenConext/EngineBlockFunctionalTestingBundle/Helper/LogStreamHelper.php,isAtEndOfFile,104,107,1.0,80.401219851729,6.25,0,[]
/php-code/OpenConext/EngineBlockFunctionalTestingBundle/Helper/LogStreamHelper.php,onEndOfFile,109,115,2.0,71.691637888927,9.0,0,[]
/php-code/OpenConext/EngineBlockFunctionalTestingBundle/Helper/LogStreamHelper.php,isAtStartOfFile,117,120,1.0,79.267620989406,6.0,0,[]
/php-code/OpenConext/EngineBlockFunctionalTestingBundle/Helper/LogStreamHelper.php,__toString,122,126,1.0,76.38935962878,5.8333333333333,0,[]
/php-code/OpenConext/EngineBlockFunctionalTestingBundle/Helper/LogStreamHelper.php,toStream,128,131,1.0,82.001716149821,8.0,0,[]
/php-code/OpenConext/EngineBlockFunctionalTestingBundle/Helper/LogStreamHelper.php,__destruct,133,136,1.0,82.001716149821,8.0,0,[]
/php-code/OpenConext/EngineBlockFunctionalTestingBundle/Helper/TestEntitySeeder.php,buildIdps,43,118,9.0,36.356670705393,36.521739130435,8,"[{'line': 43, 'rule': 'LongVariable', 'message': 'Avoid excessively long variable names like $numberOfUnconnectedIdps. Keep variable name length under 20.'}, {'line': 45, 'rule': 'StaticAccess', 'message': ""Avoid using static access to class '\\Webmozart\\Assert\\Assert' in method 'buildIdps'.""}, {'line': 46, 'rule': 'StaticAccess', 'message': ""Avoid using static access to class '\\Webmozart\\Assert\\Assert' in method 'buildIdps'.""}, {'line': 47, 'rule': 'StaticAccess', 'message': ""Avoid using static access to class '\\Webmozart\\Assert\\Assert' in method 'buildIdps'.""}, {'line': 67, 'rule': 'StaticAccess', 'message': ""Avoid using static access to class '\\OpenConext\\EngineBlock\\Metadata\\Discovery' in method 'buildIdps'.""}, {'line': 72, 'rule': 'StaticAccess', 'message': ""Avoid using static access to class '\\OpenConext\\EngineBlock\\Metadata\\Discovery' in method 'buildIdps'.""}, {'line': 100, 'rule': 'StaticAccess', 'message': ""Avoid using static access to class '\\OpenConext\\EngineBlock\\Metadata\\Discovery' in method 'buildIdps'.""}, {'line': 105, 'rule': 'StaticAccess', 'message': ""Avoid using static access to class '\\OpenConext\\EngineBlock\\Metadata\\Discovery' in method 'buildIdps'.""}]"
/php-code/OpenConext/EngineBlockFunctionalTestingBundle/Helper/TestEntitySeeder.php,buildRandomIdps,131,186,7.0,40.135346569235,19.6,3,"[{'line': 133, 'rule': 'StaticAccess', 'message': ""Avoid using static access to class '\\Webmozart\\Assert\\Assert' in method 'buildRandomIdps'.""}, {'line': 134, 'rule': 'StaticAccess', 'message': ""Avoid using static access to class '\\Webmozart\\Assert\\Assert' in method 'buildRandomIdps'.""}, {'line': 173, 'rule': 'ElseExpression', 'message': 'The method buildRandomIdps uses an else expression. Else clauses are basically not necessary and you can simplify the code by not using them.'}]"
/php-code/OpenConext/EngineBlockFunctionalTestingBundle/Helper/TestEntitySeeder.php,transformIdpsForWayf,193,234,7.0,44.299322702104,16.704545454545,2,"[{'line': 226, 'rule': 'ShortVariable', 'message': 'Avoid variables with short names like $a. Configured minimum length is 3.'}, {'line': 226, 'rule': 'ShortVariable', 'message': 'Avoid variables with short names like $b. Configured minimum length is 3.'}]"
/php-code/OpenConext/EngineBlockFunctionalTestingBundle/Helper/TestEntitySeeder.php,findIdentityProvidersByEntityId,239,256,2.0,56.24703485703,12.947368421053,0,[]
/php-code/OpenConext/EngineBlockFunctionalTestingBundle/Helper/TestEntitySeeder.php,buildSp,262,276,2.0,57.355676126225,9.7222222222222,0,[]
/php-code/OpenConext/EngineBlockFunctionalTestingBundle/Helper/TestEntitySeeder.php,buildIdP,282,296,2.0,57.389047304849,10.294117647059,0,[]
/php-code/OpenConext/EngineBlockFunctionalTestingBundle/Mock/AbstractMockEntityFactory.php,generateDefaultSigningKeyPair,39,68,1.0,51.708742880168,7.4571428571429,0,[]
/php-code/OpenConext/EngineBlockFunctionalTestingBundle/Mock/AbstractMockEntityRole.php,__construct,38,44,1.0,76.38935962878,3.0,0,[]
/php-code/OpenConext/EngineBlockFunctionalTestingBundle/Mock/AbstractMockEntityRole.php,entityId,46,49,1.0,81.120955834208,12.5,0,[]
/php-code/OpenConext/EngineBlockFunctionalTestingBundle/Mock/AbstractMockEntityRole.php,getEntityDescriptor,51,54,1.0,82.001716149821,8.0,0,[]
/php-code/OpenConext/EngineBlockFunctionalTestingBundle/Mock/AbstractMockEntityRole.php,setEntityId,56,60,1.0,76.709754179319,5.0,0,[]
/php-code/OpenConext/EngineBlockFunctionalTestingBundle/Mock/AbstractMockEntityRole.php,publicKeyCertData,62,80,5.0,57.19387717321,19.833333333333,0,[]
/php-code/OpenConext/EngineBlockFunctionalTestingBundle/Mock/AbstractMockEntityRole.php,setCertificate,82,107,5.0,52.726615366982,16.5,0,[]
/php-code/OpenConext/EngineBlockFunctionalTestingBundle/Mock/AbstractMockEntityRole.php,setPrivateKey,109,127,4.0,57.977625277303,19.038461538462,0,[]
/php-code/OpenConext/EngineBlockFunctionalTestingBundle/Mock/AbstractMockEntityRole.php,getPrivateKeyPem,129,143,3.0,62.470792576687,10.454545454545,0,[]
/php-code/OpenConext/EngineBlockFunctionalTestingBundle/Mock/AbstractMockEntityRole.php,getSsoRole,149,160,3.0,63.144292884811,21.666666666667,0,[]
/php-code/OpenConext/EngineBlockFunctionalTestingBundle/Mock/AbstractMockEntityRole.php,getRoleClass,162,162,1.0,100.0,4.5,0,[]
/php-code/OpenConext/EngineBlockFunctionalTestingBundle/Mock/AbstractMockEntityRole.php,readFile,164,167,1.0,79.435163286757,5.0,0,[]
/php-code/OpenConext/EngineBlockFunctionalTestingBundle/Mock/AbstractMockEntityRole.php,findFile,169,187,4.0,56.965853388923,13.75,0,[]
/php-code/OpenConext/EngineBlockFunctionalTestingBundle/Mock/EntityRegistry.php,__construct,35,40,1.0,75.931985205709,8.0,0,[]
/php-code/OpenConext/EngineBlockFunctionalTestingBundle/Mock/EntityRegistry.php,getOnly,46,59,3.0,62.901301132716,13.125,0,[]
/php-code/OpenConext/EngineBlockFunctionalTestingBundle/Mock/EntityRegistry.php,clear,61,66,1.0,76.709754179319,10.5,0,[]
/php-code/OpenConext/EngineBlockFunctionalTestingBundle/Mock/EntityRegistry.php,save,68,73,1.0,75.931985205709,7.0,0,[]
/php-code/OpenConext/EngineBlockFunctionalTestingBundle/Mock/EntityRegistry.php,__destruct,75,78,1.0,82.001716149821,8.0,0,[]
/php-code/OpenConext/EngineBlockFunctionalTestingBundle/Mock/FakeUserDirectory.php,__construct,58,80,3.0,53.238729158014,15.326086956522,0,[]
/php-code/OpenConext/EngineBlockFunctionalTestingBundle/Mock/FakeUserDirectory.php,identifyUser,82,112,3.0,50.391813815599,16.5,3,"[{'line': 98, 'rule': 'LongVariable', 'message': 'Avoid excessively long variable names like $schacHomeOrganization. Keep variable name length under 20.'}, {'line': 100, 'rule': 'StaticAccess', 'message': ""Avoid using static access to class '\\OpenConext\\EngineBlock\\Authentication\\Value\\CollabPersonUuid' in method 'identifyUser'.""}, {'line': 101, 'rule': 'StaticAccess', 'message': ""Avoid using static access to class '\\OpenConext\\EngineBlock\\Authentication\\Value\\CollabPersonId' in method 'identifyUser'.""}]"
/php-code/OpenConext/EngineBlockFunctionalTestingBundle/Mock/FakeUserDirectory.php,registerUser,114,127,1.0,62.703259990995,7.0,3,"[{'line': 114, 'rule': 'LongVariable', 'message': 'Avoid excessively long variable names like $schacHomeOrganization. Keep variable name length under 20.'}, {'line': 116, 'rule': 'StaticAccess', 'message': ""Avoid using static access to class '\\OpenConext\\EngineBlock\\Authentication\\Value\\CollabPersonId' in method 'registerUser'.""}, {'line': 120, 'rule': 'StaticAccess', 'message': ""Avoid using static access to class '\\OpenConext\\EngineBlock\\Authentication\\Value\\CollabPersonUuid' in method 'registerUser'.""}]"
/php-code/OpenConext/EngineBlockFunctionalTestingBundle/Mock/FakeUserDirectory.php,findUserBy,129,136,2.0,69.988078859492,13.5,0,[]
/php-code/OpenConext/EngineBlockFunctionalTestingBundle/Mock/FakeUserDirectory.php,getUserBy,138,147,2.0,68.120694335179,11.7,0,[]
/php-code/OpenConext/EngineBlockFunctionalTestingBundle/Mock/FakeUserDirectory.php,deleteUserWith,149,154,1.0,75.931985205709,8.0,0,[]
/php-code/OpenConext/EngineBlockFunctionalTestingBundle/Mock/FakeUserDirectory.php,saveToDisk,159,176,2.0,58.06664704727,15.0,0,[]
/php-code/OpenConext/EngineBlockFunctionalTestingBundle/Mock/MockIdentityProvider.php,singleSignOnLocation,44,47,1.0,79.114768736218,12.0,0,[]
/php-code/OpenConext/EngineBlockFunctionalTestingBundle/Mock/MockIdentityProvider.php,setResponse,49,55,1.0,71.937038584683,7.3333333333333,0,[]
/php-code/OpenConext/EngineBlockFunctionalTestingBundle/Mock/MockIdentityProvider.php,setStatusMessage,57,61,1.0,73.634322355451,6.8571428571429,0,[]
/php-code/OpenConext/EngineBlockFunctionalTestingBundle/Mock/MockIdentityProvider.php,setStatusCode,63,81,2.0,57.097141995211,14.3,1,"[{'line': 63, 'rule': 'LongVariable', 'message': 'Avoid excessively long variable names like $secondLevelStatusCode. Keep variable name length under 20.'}]"
/php-code/OpenConext/EngineBlockFunctionalTestingBundle/Mock/MockIdentityProvider.php,getFullyQualifiedStatusCode,83,100,4.0,57.493113344694,16.5,0,[]
/php-code/OpenConext/EngineBlockFunctionalTestingBundle/Mock/MockIdentityProvider.php,getResponse,105,109,1.0,75.158217726801,7.875,0,[]
/php-code/OpenConext/EngineBlockFunctionalTestingBundle/Mock/MockIdentityProvider.php,getStatusCodeTop,111,120,2.0,67.363651383402,18.0,0,[]
/php-code/OpenConext/EngineBlockFunctionalTestingBundle/Mock/MockIdentityProvider.php,getStatusCodeSecond,122,131,2.0,67.363651383402,18.0,0,[]
/php-code/OpenConext/EngineBlockFunctionalTestingBundle/Mock/MockIdentityProvider.php,getStatusMessage,133,142,2.0,67.363651383402,18.0,0,[]
/php-code/OpenConext/EngineBlockFunctionalTestingBundle/Mock/MockIdentityProvider.php,useHttpRedirect,144,153,1.0,66.368533338242,7.3333333333333,0,[]
/php-code/OpenConext/EngineBlockFunctionalTestingBundle/Mock/MockIdentityProvider.php,useEncryptionCert,155,167,1.0,64.797693707979,7.4285714285714,0,[]
/php-code/OpenConext/EngineBlockFunctionalTestingBundle/Mock/MockIdentityProvider.php,useEncryptionSharedKey,169,178,1.0,66.368533338242,7.3333333333333,0,[]
/php-code/OpenConext/EngineBlockFunctionalTestingBundle/Mock/MockIdentityProvider.php,getEncryptionKey,183,196,3.0,63.083042397202,15.75,0,[]
/php-code/OpenConext/EngineBlockFunctionalTestingBundle/Mock/MockIdentityProvider.php,getRsaEncryptionKey,198,208,2.0,64.148604501852,14.181818181818,0,[]
/php-code/OpenConext/EngineBlockFunctionalTestingBundle/Mock/MockIdentityProvider.php,getSharedEncryptionKey,210,220,2.0,65.406791534672,14.285714285714,0,[]
/php-code/OpenConext/EngineBlockFunctionalTestingBundle/Mock/MockIdentityProvider.php,mustUseHttpRedirect,222,226,1.0,73.925735986125,18.0,0,[]
/php-code/OpenConext/EngineBlockFunctionalTestingBundle/Mock/MockIdentityProvider.php,removeAttribute,228,248,3.0,57.647737397179,14.571428571429,1,"[{'line': 228, 'rule': 'LongVariable', 'message': 'Avoid excessively long variable names like $forbiddenAttributeName. Keep variable name length under 20.'}]"
/php-code/OpenConext/EngineBlockFunctionalTestingBundle/Mock/MockIdentityProvider.php,setAttribute,250,264,1.0,63.285168121369,5.5384615384615,0,[]
/php-code/OpenConext/EngineBlockFunctionalTestingBundle/Mock/MockIdentityProvider.php,setAuthnContextClassRef,266,275,1.0,68.9585291689,5.0,1,"[{'line': 266, 'rule': 'LongVariable', 'message': 'Avoid excessively long variable names like $authnContextClassRefValue. Keep variable name length under 20.'}]"
/php-code/OpenConext/EngineBlockFunctionalTestingBundle/Mock/MockIdentityProvider.php,useResponseSigning,278,287,1.0,66.368533338242,7.3333333333333,0,[]
/php-code/OpenConext/EngineBlockFunctionalTestingBundle/Mock/MockIdentityProvider.php,mustSignResponses,289,292,1.0,78.947226438868,14.0,0,[]
/php-code/OpenConext/EngineBlockFunctionalTestingBundle/Mock/MockIdentityProvider.php,doNotUseResponseSigning,294,298,1.0,75.524959572308,10.5,0,[]
/php-code/OpenConext/EngineBlockFunctionalTestingBundle/Mock/MockIdentityProvider.php,signAssertions,300,308,1.0,68.257812420037,6.3,0,[]
/php-code/OpenConext/EngineBlockFunctionalTestingBundle/Mock/MockIdentityProvider.php,mustSignAssertions,310,313,1.0,78.947226438868,14.0,0,[]
/php-code/OpenConext/EngineBlockFunctionalTestingBundle/Mock/MockIdentityProvider.php,doNotSendAssertions,315,320,1.0,76.709754179319,5.0,0,[]
/php-code/OpenConext/EngineBlockFunctionalTestingBundle/Mock/MockIdentityProvider.php,shouldTurnBackTheTime,322,325,1.0,82.001716149821,8.0,0,[]
/php-code/OpenConext/EngineBlockFunctionalTestingBundle/Mock/MockIdentityProvider.php,turnBackTheTime,327,332,1.0,76.709754179319,5.0,0,[]
/php-code/OpenConext/EngineBlockFunctionalTestingBundle/Mock/MockIdentityProvider.php,isFromTheFuture,334,337,1.0,82.001716149821,8.0,0,[]
/php-code/OpenConext/EngineBlockFunctionalTestingBundle/Mock/MockIdentityProvider.php,fromTheFuture,339,344,1.0,76.709754179319,5.0,0,[]
/php-code/OpenConext/EngineBlockFunctionalTestingBundle/Mock/MockIdentityProvider.php,omitInResponseTo,346,351,1.0,76.709754179319,5.0,0,[]
/php-code/OpenConext/EngineBlockFunctionalTestingBundle/Mock/MockIdentityProvider.php,shouldOmitInResponseTo,353,356,1.0,82.001716149821,8.0,0,[]
/php-code/OpenConext/EngineBlockFunctionalTestingBundle/Mock/MockIdentityProvider.php,shouldNotSendAssertions,358,361,1.0,80.401219851729,6.25,0,[]
/php-code/OpenConext/EngineBlockFunctionalTestingBundle/Mock/MockIdentityProvider.php,getRoleClass,363,366,1.0,82.001716149821,8.0,0,[]
/php-code/OpenConext/EngineBlockFunctionalTestingBundle/Mock/MockIdentityProvider.php,__sleep,374,392,2.0,57.314388760119,15.052631578947,0,[]
/php-code/OpenConext/EngineBlockFunctionalTestingBundle/Mock/MockIdentityProvider.php,__wakeup,398,430,4.0,53.401164476502,15.3,1,"[{'line': 408, 'rule': 'StaticAccess', 'message': ""Avoid using static access to class '\\SAML2\\DOMDocumentFactory' in method '__wakeup'.""}]"
/php-code/OpenConext/EngineBlockFunctionalTestingBundle/Mock/MockIdentityProviderFactory.php,__construct,41,44,1.0,81.120955834208,4.0,0,[]
/php-code/OpenConext/EngineBlockFunctionalTestingBundle/Mock/MockIdentityProviderFactory.php,createNew,50,56,1.0,69.161143994754,7.0,0,[]
/php-code/OpenConext/EngineBlockFunctionalTestingBundle/Mock/MockIdentityProviderFactory.php,generateDefaultEntityMetadata,62,93,1.0,50.869008551775,8.4375,0,[]
/php-code/OpenConext/EngineBlockFunctionalTestingBundle/Mock/MockIdentityProviderFactory.php,generateDefaultResponse,95,151,1.0,42.873694462758,5.7142857142857,1,"[{'line': 106, 'rule': 'LongVariable', 'message': 'Avoid excessively long variable names like $schacHomeOrganization. Keep variable name length under 20.'}]"
/php-code/OpenConext/EngineBlockFunctionalTestingBundle/Mock/MockServiceProvider.php,loginUrlRedirect,33,36,1.0,79.793333921501,9.0,0,[]
/php-code/OpenConext/EngineBlockFunctionalTestingBundle/Mock/MockServiceProvider.php,loginUrlPost,38,41,1.0,79.793333921501,9.0,0,[]
/php-code/OpenConext/EngineBlockFunctionalTestingBundle/Mock/MockServiceProvider.php,assertionConsumerServiceLocation,43,48,1.0,74.932860150661,8.75,0,[]
/php-code/OpenConext/EngineBlockFunctionalTestingBundle/Mock/MockServiceProvider.php,getAuthnRequest,53,56,1.0,79.793333921501,9.0,0,[]
/php-code/OpenConext/EngineBlockFunctionalTestingBundle/Mock/MockServiceProvider.php,setAuthnRequest,58,66,1.0,68.257812420037,6.3,0,[]
/php-code/OpenConext/EngineBlockFunctionalTestingBundle/Mock/MockServiceProvider.php,useIdpTransparently,68,76,1.0,68.257812420037,6.3,0,[]
/php-code/OpenConext/EngineBlockFunctionalTestingBundle/Mock/MockServiceProvider.php,getTransparentIdp,78,82,1.0,74.824469920078,9.0,0,[]
/php-code/OpenConext/EngineBlockFunctionalTestingBundle/Mock/MockServiceProvider.php,mustUseUnsolicited,84,88,1.0,73.925735986125,18.0,0,[]
/php-code/OpenConext/EngineBlockFunctionalTestingBundle/Mock/MockServiceProvider.php,signAuthnRequests,90,96,1.0,72.818868611895,5.4,0,[]
/php-code/OpenConext/EngineBlockFunctionalTestingBundle/Mock/MockServiceProvider.php,mustSignAuthnRequests,98,103,1.0,75.931985205709,8.0,0,[]
/php-code/OpenConext/EngineBlockFunctionalTestingBundle/Mock/MockServiceProvider.php,useHttpPost,105,113,1.0,68.257812420037,6.3,0,[]
/php-code/OpenConext/EngineBlockFunctionalTestingBundle/Mock/MockServiceProvider.php,mustUsePost,115,118,1.0,78.947226438868,14.0,0,[]
/php-code/OpenConext/EngineBlockFunctionalTestingBundle/Mock/MockServiceProvider.php,useHttpRedirect,120,123,1.0,79.435163286757,10.5,0,[]
/php-code/OpenConext/EngineBlockFunctionalTestingBundle/Mock/MockServiceProvider.php,isTrustedProxy,125,129,1.0,73.664912310221,14.625,0,[]
/php-code/OpenConext/EngineBlockFunctionalTestingBundle/Mock/MockServiceProvider.php,setAuthnRequestProxyCountTo,131,134,1.0,79.435163286757,5.0,0,[]
/php-code/OpenConext/EngineBlockFunctionalTestingBundle/Mock/MockServiceProvider.php,setAuthnRequestToPassive,136,139,1.0,79.435163286757,5.0,0,[]
/php-code/OpenConext/EngineBlockFunctionalTestingBundle/Mock/MockServiceProvider.php,addIdpToScope,144,150,1.0,71.890222660043,7.2,0,[]
/php-code/OpenConext/EngineBlockFunctionalTestingBundle/Mock/MockServiceProvider.php,sendMalformedAuthNRequest,152,160,1.0,68.257812420037,6.3,0,[]
/php-code/OpenConext/EngineBlockFunctionalTestingBundle/Mock/MockServiceProvider.php,getScoping,165,168,1.0,79.435163286757,10.5,0,[]
/php-code/OpenConext/EngineBlockFunctionalTestingBundle/Mock/MockServiceProvider.php,getRoleClass,170,173,1.0,82.001716149821,8.0,0,[]
/php-code/OpenConext/EngineBlockFunctionalTestingBundle/Mock/MockServiceProvider.php,setAuthnContextClassRef,175,183,1.0,68.257812420037,6.3,0,[]
/php-code/OpenConext/EngineBlockFunctionalTestingBundle/Mock/MockServiceProvider.php,__sleep,191,208,2.0,58.848044830701,18.5,0,[]
/php-code/OpenConext/EngineBlockFunctionalTestingBundle/Mock/MockServiceProvider.php,__wakeup,214,245,4.0,54.175652674638,16.0,0,[]
/php-code/OpenConext/EngineBlockFunctionalTestingBundle/Mock/MockServiceProviderFactory.php,__construct,40,43,1.0,81.120955834208,4.0,0,[]
/php-code/OpenConext/EngineBlockFunctionalTestingBundle/Mock/MockServiceProviderFactory.php,createNew,45,54,1.0,69.037006935394,7.0,0,[]
/php-code/OpenConext/EngineBlockFunctionalTestingBundle/Mock/MockServiceProviderFactory.php,generateDefaultEntityMetadata,56,100,1.0,45.82898186539,9.45,0,[]
/php-code/OpenConext/EngineBlockFunctionalTestingBundle/Mock/MockServiceProviderFactory.php,generateDefaultAuthnRequest,102,109,1.0,67.787384245485,6.4285714285714,0,[]
/php-code/OpenConext/EngineBlockFunctionalTestingBundle/Mock/MockStepupGateway.php,__construct,69,76,1.0,72.609065727841,3.75,0,[]
/php-code/OpenConext/EngineBlockFunctionalTestingBundle/Mock/MockStepupGateway.php,handleSsoSuccess,84,103,1.0,58.46114618899,7.0,1,"[{'line': 84, 'rule': 'BooleanArgumentFlag', 'message': 'The method handleSsoSuccess has a boolean flag argument $updateAudience, which is a certain sign of a Single Responsibility Principle violation.'}]"
/php-code/OpenConext/EngineBlockFunctionalTestingBundle/Mock/MockStepupGateway.php,handleSsoSuccessLoa2,110,128,1.0,59.822220604291,6.4615384615385,0,[]
/php-code/OpenConext/EngineBlockFunctionalTestingBundle/Mock/MockStepupGateway.php,handleSsoFailure,138,148,1.0,67.859774815404,5.5416666666667,0,[]
/php-code/OpenConext/EngineBlockFunctionalTestingBundle/Mock/MockStepupGateway.php,createSecondFactorOnlyResponse,159,172,1.0,62.328862646343,5.1428571428571,1,"[{'line': 159, 'rule': 'BooleanArgumentFlag', 'message': 'The method createSecondFactorOnlyResponse has a boolean flag argument $updateAudience, which is a certain sign of a Single Responsibility Principle violation.'}]"
/php-code/OpenConext/EngineBlockFunctionalTestingBundle/Mock/MockStepupGateway.php,parseRequest,180,255,7.0,39.402789444719,19.781818181818,2,"[{'line': 207, 'rule': 'StaticAccess', 'message': ""Avoid using static access to class '\\SAML2\\DOMDocumentFactory' in method 'parseRequest'.""}, {'line': 210, 'rule': 'StaticAccess', 'message': ""Avoid using static access to class '\\SAML2\\Message' in method 'parseRequest'.""}]"
/php-code/OpenConext/EngineBlockFunctionalTestingBundle/Mock/MockStepupGateway.php,parsePostResponse,261,264,1.0,80.652193532979,15.0,0,[]
/php-code/OpenConext/EngineBlockFunctionalTestingBundle/Mock/MockStepupGateway.php,createFailureResponse,274,304,5.0,50.227872652683,12.692307692308,0,[]
/php-code/OpenConext/EngineBlockFunctionalTestingBundle/Mock/MockStepupGateway.php,createNewAuthnResponse,312,324,1.0,61.236317959794,5.8333333333333,0,[]
/php-code/OpenConext/EngineBlockFunctionalTestingBundle/Mock/MockStepupGateway.php,createNewAssertion,334,358,2.0,51.580145877874,7.6935483870968,1,"[{'line': 334, 'rule': 'BooleanArgumentFlag', 'message': 'The method createNewAssertion has a boolean flag argument $updateAudience, which is a certain sign of a Single Responsibility Principle violation.'}]"
/php-code/OpenConext/EngineBlockFunctionalTestingBundle/Mock/MockStepupGateway.php,addSubjectConfirmationFor,365,378,1.0,62.538845049121,4.7142857142857,0,[]
/php-code/OpenConext/EngineBlockFunctionalTestingBundle/Mock/MockStepupGateway.php,addAuthenticationStatementTo,384,389,1.0,72.228452661548,4.5833333333333,0,[]
/php-code/OpenConext/EngineBlockFunctionalTestingBundle/Mock/MockStepupGateway.php,getTimestamp,395,404,2.0,68.120694335179,8.6666666666667,0,[]
/php-code/OpenConext/EngineBlockFunctionalTestingBundle/Mock/MockStepupGateway.php,signAssertion,410,416,1.0,72.412808236663,6.6,0,[]
/php-code/OpenConext/EngineBlockFunctionalTestingBundle/Mock/MockStepupGateway.php,loadPrivateKey,421,427,1.0,71.144361675194,8.3571428571429,0,[]
/php-code/OpenConext/EngineBlockFunctionalTestingBundle/Mock/MockStepupGateway.php,getPublicCertificate,432,435,1.0,81.120955834208,12.5,0,[]
/php-code/OpenConext/EngineBlockFunctionalTestingBundle/Mock/MockStepupGateway.php,isValidResponseStatus,437,445,1.0,67.570987735661,6.4166666666667,0,[]
/php-code/OpenConext/EngineBlockFunctionalTestingBundle/Mock/MockStepupGateway.php,isValidResponseSubStatus,447,470,1.0,53.678047757838,4.3333333333333,0,[]
/php-code/OpenConext/EngineBlockFunctionalTestingBundle/Mock/MockTranslator.php,__construct,48,56,1.0,72.942205732312,2.6666666666667,1,"[{'line': 51, 'rule': 'LongVariable', 'message': 'Avoid excessively long variable names like $localeDataStoreTemplate. Keep variable name length under 20.'}]"
/php-code/OpenConext/EngineBlockFunctionalTestingBundle/Mock/MockTranslator.php,setTranslation,59,71,2.0,60.162935027898,10.636363636364,1,"[{'line': 66, 'rule': 'ElseExpression', 'message': 'The method setTranslation uses an else expression. Else clauses are basically not necessary and you can simplify the code by not using them.'}]"
/php-code/OpenConext/EngineBlockFunctionalTestingBundle/Mock/MockTranslator.php,clear,73,80,2.0,68.459697790125,14.0,0,[]
/php-code/OpenConext/EngineBlockFunctionalTestingBundle/Mock/MockTranslator.php,trans,83,94,2.0,62.818021737439,8.0357142857143,1,"[{'line': 83, 'rule': 'ShortVariable', 'message': 'Avoid variables with short names like $id. Configured minimum length is 3.'}]"
/php-code/OpenConext/EngineBlockFunctionalTestingBundle/Mock/MockTranslator.php,setLocale,96,99,1.0,81.120955834208,4.0,0,[]
/php-code/OpenConext/EngineBlockFunctionalTestingBundle/Mock/MockTranslator.php,getLocale,101,104,1.0,81.120955834208,12.5,0,[]
/php-code/OpenConext/EngineBlockFunctionalTestingBundle/Mock/MockTranslator.php,getLocaleDataStore,106,113,2.0,66.572114038671,17.416666666667,0,[]
/php-code/OpenConext/EngineBlockFunctionalTestingBundle/OpenConextEngineBlockFunctionalTestingBundle.php,boot,27,32,1.0,80.652193532979,5.0,1,"[{'line': 31, 'rule': 'StaticAccess', 'message': ""Avoid using static access to class '\\SAML2\\Compat\\ContainerSingleton' in method 'boot'.""}]"
/php-code/OpenConext/EngineBlockFunctionalTestingBundle/Parser/Corto/XmlToArray.php,attributesToArray,175,206,8.0,49.776616817083,41.875,0,[]
/php-code/OpenConext/EngineBlockFunctionalTestingBundle/Parser/Corto/XmlToArray.php,xml2array,208,240,3.0,48.069501680724,17.777777777778,0,[]
/php-code/OpenConext/EngineBlockFunctionalTestingBundle/Parser/Corto/XmlToArray.php,xml2arrayRecursive,254,306,11.0,40.45743856781,52.742857142857,0,[]
/php-code/OpenConext/EngineBlockFunctionalTestingBundle/Parser/Corto/XmlToArray.php,mapNamespacesToSaml,314,327,3.0,62.095707607539,24.0,0,[]
/php-code/OpenConext/EngineBlockFunctionalTestingBundle/Parser/Corto/XmlToArray.php,array2xml,342,362,3.0,55.214429618808,18.970588235294,0,[]
/php-code/OpenConext/EngineBlockFunctionalTestingBundle/Parser/Corto/XmlToArray.php,array2xmlRecursive,364,413,12.0,41.450980325735,40.727272727273,0,[]
/php-code/OpenConext/EngineBlockFunctionalTestingBundle/Parser/Corto/XmlToArray.php,array2attributes,415,438,4.0,52.595743376511,27.766666666667,0,[]
/php-code/OpenConext/EngineBlockFunctionalTestingBundle/Parser/Corto/XmlToArray.php,formatXml,449,487,5.0,49.431366475767,29.75,0,[]
/php-code/OpenConext/EngineBlockFunctionalTestingBundle/Saml2/AuthnRequest.php,setXml,34,39,1.0,76.911579734314,7.5,0,[]
/php-code/OpenConext/EngineBlockFunctionalTestingBundle/Saml2/AuthnRequest.php,toXml,41,48,2.0,71.013072703644,21.0,0,[]
/php-code/OpenConext/EngineBlockFunctionalTestingBundle/Saml2/AuthnRequestFactory.php,createForRequestFromTo,37,57,3.0,55.942475730297,14.911764705882,1,"[{'line': 45, 'rule': 'ElseExpression', 'message': 'The method createForRequestFromTo uses an else expression. Else clauses are basically not necessary and you can simplify the code by not using them.'}]"
/php-code/OpenConext/EngineBlockFunctionalTestingBundle/Saml2/Response.php,setXml,30,35,1.0,76.911579734314,7.5,0,[]
/php-code/OpenConext/EngineBlockFunctionalTestingBundle/Saml2/Response.php,toXml,37,44,2.0,71.013072703644,21.0,0,[]
/php-code/OpenConext/EngineBlockFunctionalTestingBundle/Saml2/ResponseFactory.php,createForEntityWithRequest,30,66,5.0,51.481701015726,11.041666666667,1,"[{'line': 39, 'rule': 'ElseExpression', 'message': 'The method createForEntityWithRequest uses an else expression. Else clauses are basically not necessary and you can simplify the code by not using them.'}]"
/php-code/OpenConext/EngineBlockFunctionalTestingBundle/Saml2/ResponseFactory.php,setResponseReferencesToRequest,72,84,2.0,63.736524123584,9.7777777777778,0,[]
/php-code/OpenConext/EngineBlockFunctionalTestingBundle/Saml2/ResponseFactory.php,setResponseStatus,90,114,4.0,53.351164026035,21.857142857143,1,"[{'line': 103, 'rule': 'ElseExpression', 'message': 'The method setResponseStatus uses an else expression. Else clauses are basically not necessary and you can simplify the code by not using them.'}]"
/php-code/OpenConext/EngineBlockFunctionalTestingBundle/Saml2/ResponseFactory.php,setResponseSignatureKey,120,135,4.0,58.985496965562,10.607142857143,0,[]
/php-code/OpenConext/EngineBlockFunctionalTestingBundle/Saml2/ResponseFactory.php,setResponseIssuer,137,142,1.0,72.53614535708,5.0,0,[]
/php-code/OpenConext/EngineBlockFunctionalTestingBundle/Saml2/ResponseFactory.php,encryptAssertions,144,159,3.0,58.340580629821,18.0,0,[]
/php-code/OpenConext/EngineBlockFunctionalTestingBundle/Saml2/Compat/Container.php,getLastDebugMessageOfType,51,54,1.0,80.401219851729,6.25,0,[]
/php-code/OpenConext/EngineBlockFunctionalTestingBundle/Saml2/Compat/Container.php,getLogger,60,63,1.0,81.120955834208,12.5,0,[]
/php-code/OpenConext/EngineBlockFunctionalTestingBundle/Saml2/Compat/Container.php,generateId,68,71,1.0,78.018641328745,8.0,0,[]
/php-code/OpenConext/EngineBlockFunctionalTestingBundle/Saml2/Compat/Container.php,debugMessage,86,93,2.0,67.057996025882,10.285714285714,0,[]
/php-code/OpenConext/EngineBlockFunctionalTestingBundle/Saml2/Compat/Container.php,redirect,102,105,1.0,78.514964679948,5.25,1,"[{'line': 102, 'rule': 'UnusedFormalParameter', 'message': ""Avoid unused parameters such as '$data'.""}]"
/php-code/OpenConext/EngineBlockFunctionalTestingBundle/Saml2/Compat/Container.php,postRedirect,113,159,5.0,44.486277536785,18.287878787879,0,[]
/php-code/OpenConext/EngineBlockFunctionalTestingBundle/Saml2/Compat/Container.php,getPostResponse,161,164,1.0,82.001716149821,8.0,0,[]
/php-code/OpenConext/EngineBlockFunctionalTestingBundle/Saml2/Compat/Container.php,formatXml,170,178,1.0,65.927464703942,6.2222222222222,0,[]
/php-code/OpenConext/EngineBlockFunctionalTestingBundle/Saml2/Compat/Container.php,getTempDir,180,183,1.0,79.435163286757,5.0,0,[]
/php-code/OpenConext/EngineBlockFunctionalTestingBundle/Saml2/Compat/Container.php,writeFile,185,188,1.0,79.435163286757,5.0,3,"[{'line': 185, 'rule': 'UnusedFormalParameter', 'message': ""Avoid unused parameters such as '$filename'.""}, {'line': 185, 'rule': 'UnusedFormalParameter', 'message': ""Avoid unused parameters such as '$data'.""}, {'line': 185, 'rule': 'UnusedFormalParameter', 'message': ""Avoid unused parameters such as '$mode'.""}]"
/php-code/OpenConext/EngineBlockFunctionalTestingBundle/Saml2/Compat/SyslogLogger.php,log,38,42,2.0,72.527877160637,7.875,0,[]
/php-code/OpenConext/EngineBlockFunctionalTestingBundle/Saml2/Compat/SyslogLogger.php,logLevelToSyslogLevel,48,67,8.0,54.975550635546,6.5333333333333,0,[]
/php-code/OpenConext/EngineBlockFunctionalTestingBundle/Service/EngineBlock.php,__construct,34,36,1.0,91.191023588314,2.0,0,[]
/php-code/OpenConext/EngineBlockFunctionalTestingBundle/Service/EngineBlock.php,idpEntityId,38,41,1.0,81.120955834208,12.5,0,[]
/php-code/OpenConext/EngineBlockFunctionalTestingBundle/Service/EngineBlock.php,transparentSsoLocation,43,46,1.0,78.250368679746,6.0,0,[]
/php-code/OpenConext/EngineBlockFunctionalTestingBundle/Service/EngineBlock.php,singleSignOnLocation,48,51,1.0,81.120955834208,12.5,0,[]
/php-code/OpenConext/EngineBlockFunctionalTestingBundle/Service/EngineBlock.php,unsolicitedLocation,53,61,2.0,64.807436274366,9.0909090909091,0,[]
/php-code/OpenConext/EngineBlockFunctionalTestingBundle/Service/EngineBlock.php,unsolicitedLocationInvalidParam,63,67,1.0,74.051030123449,7.3333333333333,0,[]
/php-code/OpenConext/EngineBlockFunctionalTestingBundle/Service/EngineBlock.php,spEntityId,69,72,1.0,81.120955834208,12.5,0,[]
/php-code/OpenConext/EngineBlockFunctionalTestingBundle/Service/EngineBlock.php,assertionConsumerLocation,74,77,1.0,81.120955834208,12.5,0,[]
/php-code/OpenConext/EngineBlockFunctionalTestingBundle/Service/EngineBlock.php,logoutLocation,79,82,1.0,81.120955834208,12.5,0,[]
/php-code/OpenConext/EngineBlockFunctionalTestingBundle/Validator/SsoRequestValidator.php,isValid,27,36,2.0,66.605303415469,7.3636363636364,0,[]
